source_path,saved_path,dataset,filename,status,resolution,scale_factor,patches_count,latency_ms,psnr_bicubic_db,mse_bicubic,rmse_bicubic,ssim_bicubic,msssim_bicubic,lpips_bicubic,niqe_bicubic,psnr_fpga_db,mse_fpga,rmse_fpga,ssim_fpga,msssim_fpga,lpips_fpga,lpips,lpips_srgan,niqe_fpga,mean_fpga,std_fpga,mean,std,epi,psnr_model_db,ssim_model,mse_model,rmse_model,psnr_gain_db,msssim_gain,lpips_gain,niqe_gain
/kaggle/input/datasets/duc24kdl/sub-x-ray/sub_X-Ray/sub_NIH/00000001_002.png,,sub_NIH,00000001_002.png,ok,256x256 -> 1024x1024,4,1,39.0,35.062,20.271058,4.502339,0.9723,0.9937,0.1955,8.5852,35.1744,19.753375,4.444477,0.9738,0.9946,0.1969,0.1969,0.1969,8.274,167.1148,68.2229,167.1148,68.2229,0.0619,35.1744,0.9738,19.753375,4.444477,0.1124,0.0009,-0.0014,0.3112
/kaggle/input/datasets/duc24kdl/sub-x-ray/sub_X-Ray/sub_NIH/00000002_000.png,,sub_NIH,00000002_000.png,ok,256x256 -> 1024x1024,4,1,39.93,40.915,5.267209,2.29504,0.9576,0.9906,0.2453,8.3801,41.1662,4.97121,2.229621,0.9604,0.9919,0.2609,0.2609,0.2609,7.9313,180.068,47.8409,180.068,47.8409,0.1085,41.1662,0.9604,4.97121,2.229621,0.2512,0.0013,-0.0156,0.4487
/kaggle/input/datasets/duc24kdl/sub-x-ray/sub_X-Ray/sub_NIH/00000003_003.png,,sub_NIH,00000003_003.png,ok,256x256 -> 1024x1024,4,1,39.06,33.9278,26.320964,5.130396,0.9301,0.987,0.3505,8.4111,34.1289,25.130026,5.012986,0.9322,0.9882,0.3681,0.3681,0.3681,7.9085,138.9492,67.7724,138.9492,67.7724,0.1117,34.1289,0.9322,25.130026,5.012986,0.2011,0.0012,-0.0177,0.5026
/kaggle/input/datasets/duc24kdl/sub-x-ray/sub_X-Ray/sub_NIH/00000003_006.png,,sub_NIH,00000003_006.png,ok,256x256 -> 1024x1024,4,1,39.31,37.2189,12.336409,3.512323,0.9389,0.9884,0.2924,8.3757,37.6335,11.213338,3.348632,0.9411,0.9897,0.3069,0.3069,0.3069,7.9172,108.6453,75.7872,108.6453,75.7872,0.1334,37.6335,0.9411,11.213338,3.348632,0.4145,0.0013,-0.0145,0.4585
/kaggle/input/datasets/duc24kdl/sub-x-ray/sub_X-Ray/sub_NIH/00000005_000.png,,sub_NIH,00000005_000.png,ok,256x256 -> 1024x1024,4,1,39.39,32.7942,34.171185,5.845612,0.9656,0.9923,0.2208,8.1924,32.9184,33.2081,5.762647,0.9666,0.9933,0.2266,0.2266,0.2266,7.8362,170.2734,61.4315,170.2734,61.4315,0.0923,32.9184,0.9666,33.2081,5.762647,0.1242,0.001,-0.0058,0.3562
/kaggle/input/datasets/duc24kdl/sub-x-ray/sub_X-Ray/sub_NIH/00000011_000.png,,sub_NIH,00000011_000.png,ok,256x256 -> 1024x1024,4,1,38.13,38.6535,8.866098,2.977599,0.9217,0.9863,0.4161,9.1624,39.0208,8.147053,2.854304,0.9243,0.9875,0.449,0.449,0.449,8.6557,122.2993,65.5275,122.2993,65.5275,0.0932,39.0208,0.9243,8.147053,2.854304,0.3673,0.0012,-0.0329,0.5068
/kaggle/input/datasets/duc24kdl/sub-x-ray/sub_X-Ray/sub_NIH/00000011_001.png,,sub_NIH,00000011_001.png,ok,256x256 -> 1024x1024,4,1,39.4,35.1328,19.943618,4.465828,0.9674,0.9931,0.226,8.654,35.4653,18.473384,4.298067,0.9699,0.9942,0.2316,0.2316,0.2316,8.2369,172.6118,61.5209,172.6118,61.5209,0.1198,35.4653,0.9699,18.473384,4.298067,0.3326,0.001,-0.0056,0.4171
/kaggle/input/datasets/duc24kdl/sub-x-ray/sub_X-Ray/sub_NIH/00000011_002.png,,sub_NIH,00000011_002.png,ok,256x256 -> 1024x1024,4,1,38.68,38.8953,8.385923,2.895846,0.9322,0.9881,0.3885,9.0968,39.0996,8.000535,2.828522,0.9347,0.9892,0.4194,0.4194,0.4194,8.5761,123.2822,65.6649,123.2822,65.6649,0.0854,39.0996,0.9347,8.000535,2.828522,0.2043,0.0011,-0.0309,0.5207
/kaggle/input/datasets/duc24kdl/sub-x-ray/sub_X-Ray/sub_NIH/00000011_008.png,,sub_NIH,00000011_008.png,ok,256x256 -> 1024x1024,4,1,40.05,38.9162,8.345721,2.888896,0.9366,0.9889,0.3717,9.101,39.2052,7.808376,2.794347,0.9389,0.99,0.4004,0.4004,0.4004,8.6738,121.6485,67.5157,121.6485,67.5157,0.1158,39.2052,0.9389,7.808376,2.794347,0.289,0.0011,-0.0287,0.4272
/kaggle/input/datasets/duc24kdl/sub-x-ray/sub_X-Ray/sub_NIH/00000013_008.png,,sub_NIH,00000013_008.png,ok,256x256 -> 1024x1024,4,1,39.25,32.3096,38.204693,6.180994,0.9215,0.9831,0.3421,7.9933,32.5449,36.189777,6.015794,0.9245,0.9855,0.3484,0.3484,0.3484,7.7863,132.6859,60.5944,132.6859,60.5944,0.1162,32.5449,0.9245,36.189777,6.015794,0.2353,0.0024,-0.0063,0.207
/kaggle/input/datasets/duc24kdl/sub-x-ray/sub_X-Ray/sub_NIH/00000013_010.png,,sub_NIH,00000013_010.png,ok,256x256 -> 1024x1024,4,1,38.78,32.0382,40.669,6.377225,0.9173,0.9823,0.3396,7.9175,32.3464,37.883066,6.154922,0.9213,0.9848,0.3464,0.3464,0.3464,7.6931,112.2566,56.0304,112.2566,56.0304,0.1187,32.3464,0.9213,37.883066,6.154922,0.3082,0.0025,-0.0068,0.2244
/kaggle/input/datasets/duc24kdl/sub-x-ray/sub_X-Ray/sub_NIH/00000013_012.png,,sub_NIH,00000013_012.png,ok,256x256 -> 1024x1024,4,1,40.1,32.5579,36.081678,6.006803,0.9162,0.9818,0.3471,7.776,32.8594,33.662245,5.801917,0.9201,0.9845,0.3551,0.3551,0.3551,7.6429,116.6295,55.7509,116.6295,55.7509,0.0794,32.8594,0.9201,33.662245,5.801917,0.3014,0.0027,-0.008,0.133
/kaggle/input/datasets/duc24kdl/sub-x-ray/sub_X-Ray/sub_NIH/00000013_014.png,,sub_NIH,00000013_014.png,ok,256x256 -> 1024x1024,4,1,38.96,40.6159,5.64277,2.375452,0.9497,0.9886,0.3061,8.1931,40.9977,5.167853,2.273291,0.9525,0.9901,0.3162,0.3162,0.3162,7.7985,112.0904,29.2707,112.0904,29.2707,0.1327,40.9977,0.9525,5.167853,2.273291,0.3818,0.0015,-0.0101,0.3947
/kaggle/input/datasets/duc24kdl/sub-x-ray/sub_X-Ray/sub_NIH/00000013_015.png,,sub_NIH,00000013_015.png,ok,256x256 -> 1024x1024,4,1,39.91,40.7389,5.485212,2.342053,0.9535,0.9893,0.2925,8.1626,41.0524,5.103216,2.25903,0.9561,0.9906,0.3051,0.3051,0.3051,7.8403,111.9022,29.6425,111.9022,29.6425,0.102,41.0524,0.9561,5.103216,2.25903,0.3135,0.0013,-0.0126,0.3223
/kaggle/input/datasets/duc24kdl/sub-x-ray/sub_X-Ray/sub_NIH/00000013_017.png,,sub_NIH,00000013_017.png,ok,256x256 -> 1024x1024,4,1,38.74,39.8583,6.718115,2.591933,0.9528,0.989,0.2931,8.286,40.1589,6.268938,2.503785,0.9554,0.9905,0.3016,0.3016,0.3016,7.927,110.3358,32.9525,110.3358,32.9525,0.1097,40.1589,0.9554,6.268938,2.503785,0.3005,0.0014,-0.0084,0.359
/kaggle/input/datasets/duc24kdl/sub-x-ray/sub_X-Ray/sub_NIH/00000013_022.png,,sub_NIH,00000013_022.png,ok,256x256 -> 1024x1024,4,1,39.21,36.1062,15.939024,3.992371,0.9244,0.9854,0.3365,8.1354,36.4522,14.718297,3.836443,0.9274,0.9871,0.3461,0.3461,0.3461,7.7972,101.6858,67.0368,101.6858,67.0368,0.107,36.4522,0.9274,14.718297,3.836443,0.346,0.0017,-0.0096,0.3382
/kaggle/input/datasets/duc24kdl/sub-x-ray/sub_X-Ray/sub_NIH/00000013_023.png,,sub_NIH,00000013_023.png,ok,256x256 -> 1024x1024,4,1,40.05,33.1496,31.485977,5.611237,0.9624,0.9911,0.2863,9.1237,33.2297,30.910649,5.559735,0.9641,0.9923,0.2975,0.2975,0.2975,8.5185,115.8203,46.2864,115.8203,46.2864,0.0772,33.2297,0.9641,30.910649,5.559735,0.0801,0.0012,-0.0112,0.6052
/kaggle/input/datasets/duc24kdl/sub-x-ray/sub_X-Ray/sub_NIH/00000013_027.png,,sub_NIH,00000013_027.png,ok,256x256 -> 1024x1024,4,1,39.38,34.6419,22.330221,4.725486,0.9643,0.992,0.275,8.9402,34.7946,21.558514,4.643115,0.9665,0.9931,0.2822,0.2822,0.2822,8.4168,116.9983,47.4875,116.9983,47.4875,0.0874,34.7946,0.9665,21.558514,4.643115,0.1527,0.0012,-0.0072,0.5234
/kaggle/input/datasets/duc24kdl/sub-x-ray/sub_X-Ray/sub_NIH/00000013_037.png,,sub_NIH,00000013_037.png,ok,256x256 -> 1024x1024,4,1,40.0,36.1528,15.768849,3.971001,0.9209,0.9843,0.345,7.8721,36.4225,14.819423,3.8496,0.9242,0.9862,0.3525,0.3525,0.3525,7.5743,102.1179,67.8721,102.1179,67.8721,0.1051,36.4225,0.9242,14.819423,3.8496,0.2697,0.0019,-0.0075,0.2979
/kaggle/input/datasets/duc24kdl/sub-x-ray/sub_X-Ray/sub_NIH/00000013_039.png,,sub_NIH,00000013_039.png,ok,256x256 -> 1024x1024,4,1,39.1,36.1685,15.711926,3.963827,0.9252,0.9853,0.3358,8.0453,36.4553,14.708046,3.835107,0.9285,0.9871,0.3417,0.3417,0.3417,7.66,98.0024,66.4023,98.0024,66.4023,0.1021,36.4553,0.9285,14.708046,3.835107,0.2867,0.0018,-0.006,0.3853
/kaggle/input/datasets/duc24kdl/sub-x-ray/sub_X-Ray/sub_NIH/00000013_040.png,,sub_NIH,00000013_040.png,ok,256x256 -> 1024x1024,4,1,39.23,36.1422,15.807428,3.975856,0.9119,0.9828,0.3856,8.1308,36.4106,14.860086,3.854878,0.9152,0.9847,0.3979,0.3979,0.3979,7.7504,111.5936,64.1352,111.5936,64.1352,0.116,36.4106,0.9152,14.860086,3.854878,0.2684,0.0019,-0.0122,0.3804
/kaggle/input/datasets/duc24kdl/sub-x-ray/sub_X-Ray/sub_NIH/00000018_000.png,,sub_NIH,00000018_000.png,ok,256x256 -> 1024x1024,4,1,39.23,34.7538,21.76229,4.665007,0.9706,0.9935,0.2196,8.8941,34.8365,21.351485,4.620767,0.972,0.9944,0.228,0.228,0.228,8.3941,172.3002,58.8783,172.3002,58.8783,0.0674,34.8365,0.972,21.351485,4.620767,0.0828,0.0008,-0.0084,0.5
/kaggle/input/datasets/duc24kdl/sub-x-ray/sub_X-Ray/sub_NIH/00000019_000.png,,sub_NIH,00000019_000.png,ok,256x256 -> 1024x1024,4,1,38.06,37.2812,12.160656,3.487213,0.929,0.986,0.3398,8.2261,37.5622,11.398937,3.376231,0.932,0.9878,0.3484,0.3484,0.3484,7.9267,120.5142,66.0864,120.5142,66.0864,0.1151,37.5622,0.932,11.398937,3.376231,0.2809,0.0018,-0.0087,0.2994
/kaggle/input/datasets/duc24kdl/sub-x-ray/sub_X-Ray/sub_NIH/00000020_000.png,,sub_NIH,00000020_000.png,ok,256x256 -> 1024x1024,4,1,40.36,38.0404,10.210256,3.195349,0.9311,0.9874,0.3132,8.5609,38.2329,9.767594,3.125315,0.933,0.9887,0.3272,0.3272,0.3272,8.0755,105.2916,75.6319,105.2916,75.6319,0.0838,38.2329,0.933,9.767594,3.125315,0.1925,0.0013,-0.0139,0.4855
/kaggle/input/datasets/duc24kdl/sub-x-ray/sub_X-Ray/sub_NIH/00000020_001.png,,sub_NIH,00000020_001.png,ok,256x256 -> 1024x1024,4,1,39.62,37.2164,12.343568,3.513341,0.9275,0.9867,0.316,8.4973,37.6461,11.1808,3.34377,0.9293,0.9881,0.3263,0.3263,0.3263,8.0081,103.4892,75.4108,103.4892,75.4108,0.1225,37.6461,0.9293,11.1808,3.34377,0.4297,0.0014,-0.0103,0.4891
/kaggle/input/datasets/duc24kdl/sub-x-ray/sub_X-Ray/sub_NIH/00000021_001.png,,sub_NIH,00000021_001.png,ok,256x256 -> 1024x1024,4,1,40.15,33.0681,32.082815,5.664169,0.9439,0.9879,0.2867,8.4733,33.6214,28.24515,5.314617,0.9469,0.9894,0.2965,0.2965,0.2965,7.9404,161.0231,59.6017,161.0231,59.6017,0.105,33.6214,0.9469,28.24515,5.314617,0.5533,0.0015,-0.0097,0.5329
/kaggle/input/datasets/duc24kdl/sub-x-ray/sub_X-Ray/sub_NIH/00000022_000.png,,sub_NIH,00000022_000.png,ok,256x256 -> 1024x1024,4,1,39.93,39.6129,7.108748,2.666223,0.9605,0.9908,0.2531,8.6862,40.3245,6.034343,2.45649,0.9637,0.9924,0.2732,0.2732,0.2732,8.3349,165.3512,41.154,165.3512,41.154,0.3455,40.3245,0.9637,6.034343,2.45649,0.7116,0.0016,-0.0201,0.3513
/kaggle/input/datasets/duc24kdl/sub-x-ray/sub_X-Ray/sub_NIH/00000028_000.png,,sub_NIH,00000028_000.png,ok,256x256 -> 1024x1024,4,1,39.88,35.4735,18.438721,4.294033,0.9618,0.9915,0.2369,8.4528,35.5808,17.988917,4.241334,0.9638,0.9927,0.2464,0.2464,0.2464,8.0889,165.9422,52.7802,165.9422,52.7802,0.0585,35.5808,0.9638,17.988917,4.241334,0.1073,0.0012,-0.0095,0.364
/kaggle/input/datasets/duc24kdl/sub-x-ray/sub_X-Ray/sub_NIH/00000032_011.png,,sub_NIH,00000032_011.png,ok,256x256 -> 1024x1024,4,1,39.03,35.4675,18.46433,4.297014,0.9583,0.9919,0.2872,8.8285,35.5692,18.036971,4.246996,0.9596,0.9927,0.3071,0.3071,0.3071,8.4085,157.2382,51.6015,157.2382,51.6015,0.0539,35.5692,0.9596,18.036971,4.246996,0.1017,0.0008,-0.02,0.42
/kaggle/input/datasets/duc24kdl/sub-x-ray/sub_X-Ray/sub_NIH/00000032_015.png,,sub_NIH,00000032_015.png,ok,256x256 -> 1024x1024,4,1,38.08,35.228,19.510953,4.41712,0.9723,0.9941,0.2,8.9175,35.3637,18.910973,4.348675,0.9735,0.9948,0.2125,0.2125,0.2125,8.3102,158.0277,55.9947,158.0277,55.9947,0.0785,35.3637,0.9735,18.910973,4.348675,0.1356,0.0007,-0.0125,0.6072
/kaggle/input/datasets/duc24kdl/sub-x-ray/sub_X-Ray/sub_NIH/00000032_019.png,,sub_NIH,00000032_019.png,ok,256x256 -> 1024x1024,4,1,40.42,36.3085,15.213388,3.900434,0.9801,0.9957,0.1732,9.5996,36.3884,14.936042,3.864718,0.9807,0.9961,0.1881,0.1881,0.1881,8.5489,153.7719,59.2984,153.7719,59.2984,0.0557,36.3884,0.9807,14.936042,3.864718,0.0799,0.0004,-0.015,1.0507
/kaggle/input/datasets/duc24kdl/sub-x-ray/sub_X-Ray/sub_NIH/00000032_023.png,,sub_NIH,00000032_023.png,ok,256x256 -> 1024x1024,4,1,39.39,35.6647,17.644354,4.200518,0.9764,0.9949,0.1874,9.4642,35.7649,17.242176,4.15237,0.9773,0.9954,0.2035,0.2035,0.2035,8.8785,151.6256,60.6948,151.6256,60.6948,0.0782,35.7649,0.9773,17.242176,4.15237,0.1001,0.0005,-0.0161,0.5857
/kaggle/input/datasets/duc24kdl/sub-x-ray/sub_X-Ray/sub_NIH/00000032_024.png,,sub_NIH,00000032_024.png,ok,256x256 -> 1024x1024,4,1,38.73,43.3618,2.99845,1.731603,0.9826,0.9961,0.1521,10.212,43.7296,2.754983,1.659814,0.9834,0.9966,0.1701,0.1701,0.1701,9.3577,168.0051,49.7616,168.0051,49.7616,0.1473,43.7296,0.9834,2.754983,1.659814,0.3678,0.0004,-0.018,0.8543
/kaggle/input/datasets/duc24kdl/sub-x-ray/sub_X-Ray/sub_NIH/00000032_031.png,,sub_NIH,00000032_031.png,ok,256x256 -> 1024x1024,4,1,39.27,36.8388,13.464932,3.669459,0.9842,0.9965,0.1821,10.1045,36.9033,13.266284,3.642291,0.985,0.9969,0.2028,0.2028,0.2028,9.2805,155.634,44.6787,155.634,44.6787,0.0318,36.9033,0.985,13.266284,3.642291,0.0645,0.0004,-0.0207,0.824
/kaggle/input/datasets/duc24kdl/sub-x-ray/sub_X-Ray/sub_NIH/00000032_035.png,,sub_NIH,00000032_035.png,ok,256x256 -> 1024x1024,4,1,40.51,37.8792,10.596471,3.255222,0.9693,0.9938,0.2935,9.4246,37.961,10.398636,3.224692,0.9706,0.9944,0.317,0.317,0.317,8.7265,116.5783,52.9273,116.5783,52.9273,0.0399,37.961,0.9706,10.398636,3.224692,0.0818,0.0006,-0.0236,0.6981
/kaggle/input/datasets/duc24kdl/sub-x-ray/sub_X-Ray/sub_NIH/00000032_040.png,,sub_NIH,00000032_040.png,ok,256x256 -> 1024x1024,4,1,39.14,35.6862,17.557508,4.190168,0.9754,0.9947,0.2058,9.1701,35.8059,17.079957,4.13279,0.9765,0.9953,0.218,0.218,0.218,8.4529,158.4437,49.8161,158.4437,49.8161,0.0658,35.8059,0.9765,17.079957,4.13279,0.1198,0.0007,-0.0122,0.7172
/kaggle/input/datasets/duc24kdl/sub-x-ray/sub_X-Ray/sub_NIH/00000032_047.png,,sub_NIH,00000032_047.png,ok,256x256 -> 1024x1024,4,1,39.07,36.8513,13.426246,3.664184,0.9725,0.9941,0.2605,9.0914,36.9483,13.129684,3.623491,0.974,0.9948,0.2758,0.2758,0.2758,8.5758,116.0741,52.7262,116.0741,52.7262,0.0562,36.9483,0.974,13.129684,3.623491,0.097,0.0007,-0.0154,0.5156
/kaggle/input/datasets/duc24kdl/sub-x-ray/sub_X-Ray/sub_NIH/00000032_050.png,,sub_NIH,00000032_050.png,ok,256x256 -> 1024x1024,4,1,39.43,37.6603,11.144199,3.338293,0.9687,0.9931,0.2667,9.0723,37.8017,10.787192,3.284386,0.9702,0.9939,0.2835,0.2835,0.2835,8.6264,112.6444,59.2331,112.6444,59.2331,0.0505,37.8017,0.9702,10.787192,3.284386,0.1414,0.0008,-0.0167,0.4459
/kaggle/input/datasets/duc24kdl/sub-x-ray/sub_X-Ray/sub_NIH/00000035_000.png,,sub_NIH,00000035_000.png,ok,256x256 -> 1024x1024,4,1,39.09,38.0,10.305676,3.210245,0.934,0.9876,0.3226,8.3536,38.3278,9.556542,3.091366,0.9366,0.989,0.3392,0.3392,0.3392,7.9925,109.8362,70.0552,109.8362,70.0552,0.1049,38.3278,0.9366,9.556542,3.091366,0.3278,0.0013,-0.0167,0.3611
/kaggle/input/datasets/duc24kdl/sub-x-ray/sub_X-Ray/sub_NIH/00000036_000.png,,sub_NIH,00000036_000.png,ok,256x256 -> 1024x1024,4,1,39.17,38.3643,9.476459,3.078386,0.932,0.9875,0.3506,8.6159,38.6986,8.774527,2.962183,0.9344,0.9889,0.3697,0.3697,0.3697,8.3954,116.8636,70.2016,116.8636,70.2016,0.1028,38.6986,0.9344,8.774527,2.962183,0.3342,0.0014,-0.0191,0.2205
/kaggle/input/datasets/duc24kdl/sub-x-ray/sub_X-Ray/sub_NIH/00000040_003.png,,sub_NIH,00000040_003.png,ok,256x256 -> 1024x1024,4,1,39.22,33.7962,27.130807,5.208724,0.9598,0.9912,0.2675,8.4523,33.854,26.772047,5.174171,0.9616,0.9924,0.2699,0.2699,0.2699,7.9071,177.7988,48.2126,177.7988,48.2126,0.0505,33.854,0.9616,26.772047,5.174171,0.0578,0.0012,-0.0025,0.5451
/kaggle/input/datasets/duc24kdl/sub-x-ray/sub_X-Ray/sub_NIH/00000042_004.png,,sub_NIH,00000042_004.png,ok,256x256 -> 1024x1024,4,1,39.46,29.9207,66.223448,8.137779,0.9253,0.9838,0.3288,8.1016,30.285,60.894347,7.803483,0.9276,0.9858,0.3417,0.3417,0.3417,7.545,132.3564,55.056,132.3564,55.056,0.1149,30.285,0.9276,60.894347,7.803483,0.3643,0.0019,-0.013,0.5566
/kaggle/input/datasets/duc24kdl/sub-x-ray/sub_X-Ray/sub_NIH/00000042_007.png,,sub_NIH,00000042_007.png,ok,256x256 -> 1024x1024,4,1,39.08,38.2826,9.6565,3.107491,0.9348,0.9875,0.3222,8.3492,38.5277,9.126539,3.021016,0.9371,0.9889,0.3385,0.3385,0.3385,8.0567,131.2987,67.2982,131.2987,67.2982,0.0835,38.5277,0.9371,9.126539,3.021016,0.2451,0.0014,-0.0163,0.2926
/kaggle/input/datasets/duc24kdl/sub-x-ray/sub_X-Ray/sub_NIH/00000044_000.png,,sub_NIH,00000044_000.png,ok,256x256 -> 1024x1024,4,1,39.15,40.5023,5.792242,2.406708,0.9517,0.9887,0.2828,8.0152,40.8726,5.318917,2.306278,0.9548,0.9903,0.296,0.296,0.296,7.6821,108.9807,34.9996,108.9807,34.9996,0.1181,40.8726,0.9548,5.318917,2.306278,0.3702,0.0016,-0.0133,0.3331
/kaggle/input/datasets/duc24kdl/sub-x-ray/sub_X-Ray/sub_NIH/00000044_001.png,,sub_NIH,00000044_001.png,ok,256x256 -> 1024x1024,4,1,39.59,31.3421,47.738335,6.909293,0.9267,0.9841,0.3358,7.7789,31.6291,44.685456,6.684718,0.9297,0.9859,0.3551,0.3551,0.3551,7.6628,143.8001,50.3559,143.8001,50.3559,0.0441,31.6291,0.9297,44.685456,6.684718,0.287,0.0019,-0.0193,0.116
/kaggle/input/datasets/duc24kdl/sub-x-ray/sub_X-Ray/sub_NIH/00000047_000.png,,sub_NIH,00000047_000.png,ok,256x256 -> 1024x1024,4,1,39.39,33.8677,26.687444,5.165989,0.9647,0.9923,0.1781,7.9662,34.2243,24.583625,4.958188,0.9669,0.9934,0.178,0.178,0.178,7.6835,190.9672,58.2527,190.9672,58.2527,0.154,34.2243,0.9669,24.583625,4.958188,0.3566,0.001,0.0001,0.2828
/kaggle/input/datasets/duc24kdl/sub-x-ray/sub_X-Ray/sub_NIH/00000049_001.png,,sub_NIH,00000049_001.png,ok,256x256 -> 1024x1024,4,1,38.82,38.2357,9.761254,3.124301,0.9261,0.9859,0.3416,8.6227,38.5036,9.177454,3.029431,0.9293,0.9875,0.3509,0.3509,0.3509,8.052,98.2396,67.55,98.2396,67.55,0.0991,38.5036,0.9293,9.177454,3.029431,0.2678,0.0017,-0.0093,0.5707
/kaggle/input/datasets/duc24kdl/sub-x-ray/sub_X-Ray/sub_NIH/00000051_000.png,,sub_NIH,00000051_000.png,ok,256x256 -> 1024x1024,4,1,39.09,30.9393,52.377855,7.237255,0.9352,0.9865,0.2804,8.1717,32.0713,40.360303,6.352976,0.9407,0.9889,0.268,0.268,0.268,7.8405,128.2645,64.6439,128.2645,64.6439,0.28,32.0713,0.9407,40.360303,6.352976,1.1319,0.0024,0.0124,0.3312
/kaggle/input/datasets/duc24kdl/sub-x-ray/sub_X-Ray/sub_NIH/00000053_001.png,,sub_NIH,00000053_001.png,ok,256x256 -> 1024x1024,4,1,40.33,30.4812,58.204476,7.629186,0.9198,0.9832,0.3265,7.9523,30.6849,55.537552,7.452352,0.9209,0.9848,0.3215,0.3215,0.3215,7.4606,125.6366,68.4815,125.6366,68.4815,0.0963,30.6849,0.9209,55.537552,7.452352,0.2037,0.0015,0.005,0.4917
/kaggle/input/datasets/duc24kdl/sub-x-ray/sub_X-Ray/sub_NIH/00000054_007.png,,sub_NIH,00000054_007.png,ok,256x256 -> 1024x1024,4,1,39.03,37.7707,10.864426,3.296123,0.9357,0.9885,0.348,8.6508,38.0283,10.238944,3.199835,0.9379,0.9896,0.3678,0.3678,0.3678,8.4922,128.9733,72.7404,128.9733,72.7404,0.0845,38.0283,0.9379,10.238944,3.199835,0.2575,0.001,-0.0198,0.1586
/kaggle/input/datasets/duc24kdl/sub-x-ray/sub_X-Ray/sub_NIH/00000057_000.png,,sub_NIH,00000057_000.png,ok,256x256 -> 1024x1024,4,1,39.34,34.8785,21.145971,4.598475,0.9502,0.9887,0.253,8.5003,35.5071,18.296543,4.277446,0.9533,0.9903,0.2595,0.2595,0.2595,8.0978,140.4863,67.1796,140.4863,67.1796,0.139,35.5071,0.9533,18.296543,4.277446,0.6286,0.0016,-0.0065,0.4025
/kaggle/input/datasets/duc24kdl/sub-x-ray/sub_X-Ray/sub_NIH/00000057_002.png,,sub_NIH,00000057_002.png,ok,256x256 -> 1024x1024,4,1,38.7,38.0623,10.158928,3.187307,0.9272,0.987,0.3791,9.0469,38.303,9.611345,3.100217,0.9297,0.9882,0.4036,0.4036,0.4036,8.6236,130.6813,70.4596,130.6813,70.4596,0.0775,38.303,0.9297,9.611345,3.100217,0.2406,0.0012,-0.0245,0.4233
/kaggle/input/datasets/duc24kdl/sub-x-ray/sub_X-Ray/sub_NIH/00000061_001.png,,sub_NIH,00000061_001.png,ok,256x256 -> 1024x1024,4,1,39.85,36.9175,13.223139,3.636363,0.9113,0.9832,0.4167,8.7898,37.1728,12.468221,3.531037,0.9145,0.9849,0.4373,0.4373,0.4373,8.3479,128.2537,61.7298,128.2537,61.7298,0.0937,37.1728,0.9145,12.468221,3.531037,0.2553,0.0017,-0.0206,0.4419
/kaggle/input/datasets/duc24kdl/sub-x-ray/sub_X-Ray/sub_NIH/00000061_005.png,,sub_NIH,00000061_005.png,ok,256x256 -> 1024x1024,4,1,39.28,34.0129,25.810394,5.080393,0.9263,0.985,0.3608,8.3446,34.3578,23.83972,4.882594,0.9283,0.9864,0.3754,0.3754,0.3754,7.8064,131.6238,61.3788,131.6238,61.3788,0.1223,34.3578,0.9283,23.83972,4.882594,0.3449,0.0014,-0.0146,0.5382
/kaggle/input/datasets/duc24kdl/sub-x-ray/sub_X-Ray/sub_NIH/00000061_012.png,,sub_NIH,00000061_012.png,ok,256x256 -> 1024x1024,4,1,38.94,32.4807,36.729102,6.060454,0.9401,0.9872,0.3142,8.3423,32.5325,36.293935,6.024445,0.9411,0.9883,0.3286,0.3286,0.3286,7.9491,128.1981,61.1525,128.1981,61.1525,0.0581,32.5325,0.9411,36.293935,6.024445,0.0518,0.0011,-0.0143,0.3932
/kaggle/input/datasets/duc24kdl/sub-x-ray/sub_X-Ray/sub_NIH/00000061_016.png,,sub_NIH,00000061_016.png,ok,256x256 -> 1024x1024,4,1,39.13,30.0485,64.302357,8.018875,0.923,0.9839,0.3626,7.8369,30.3135,60.496753,7.777966,0.9243,0.9854,0.3735,0.3735,0.3735,7.229,134.9429,57.4945,134.9429,57.4945,0.1226,30.3135,0.9243,60.496753,7.777966,0.2649,0.0015,-0.0109,0.608
/kaggle/input/datasets/duc24kdl/sub-x-ray/sub_X-Ray/sub_NIH/00000062_000.png,,sub_NIH,00000062_000.png,ok,256x256 -> 1024x1024,4,1,39.6,37.5422,11.451408,3.383993,0.9353,0.988,0.3246,8.5213,37.6763,11.103281,3.332159,0.9379,0.9893,0.3375,0.3375,0.3375,8.0816,122.8925,73.6211,122.8925,73.6211,0.0473,37.6763,0.9379,11.103281,3.332159,0.1341,0.0013,-0.0128,0.4396
/kaggle/input/datasets/duc24kdl/sub-x-ray/sub_X-Ray/sub_NIH/00000069_000.png,,sub_NIH,00000069_000.png,ok,256x256 -> 1024x1024,4,1,39.82,37.6283,11.226534,3.350602,0.9432,0.9888,0.314,8.661,38.0011,10.303219,3.209863,0.9449,0.99,0.3202,0.3202,0.3202,8.0954,121.6012,67.516,121.6012,67.516,0.1118,38.0011,0.9449,10.303219,3.209863,0.3727,0.0011,-0.0062,0.5656
/kaggle/input/datasets/duc24kdl/sub-x-ray/sub_X-Ray/sub_NIH/00000075_000.png,,sub_NIH,00000075_000.png,ok,256x256 -> 1024x1024,4,1,40.12,35.0854,20.162339,4.490249,0.9225,0.9843,0.2935,8.0921,35.3364,19.030152,4.362356,0.9249,0.9861,0.2922,0.2922,0.2922,7.5507,94.0672,69.9972,94.0672,69.9972,0.1381,35.3364,0.9249,19.030152,4.362356,0.251,0.0018,0.0013,0.5414
/kaggle/input/datasets/duc24kdl/sub-x-ray/sub_X-Ray/sub_NIH/00000077_000.png,,sub_NIH,00000077_000.png,ok,256x256 -> 1024x1024,4,1,39.77,39.717,6.940302,2.634445,0.9525,0.9896,0.2951,8.5737,40.0993,6.355519,2.521015,0.9555,0.991,0.3153,0.3153,0.3153,8.2449,162.2333,47.0314,162.2333,47.0314,0.1386,40.0993,0.9555,6.355519,2.521015,0.3823,0.0014,-0.0203,0.3288
/kaggle/input/datasets/duc24kdl/sub-x-ray/sub_X-Ray/sub_NIH/00000078_000.png,,sub_NIH,00000078_000.png,ok,256x256 -> 1024x1024,4,1,39.11,37.2057,12.374105,3.517685,0.9342,0.988,0.3118,8.3339,37.5466,11.439925,3.382296,0.9364,0.9893,0.3247,0.3247,0.3247,7.8802,101.2031,76.0826,101.2031,76.0826,0.0958,37.5466,0.9364,11.439925,3.382296,0.3409,0.0013,-0.0129,0.4537
/kaggle/input/datasets/duc24kdl/sub-x-ray/sub_X-Ray/sub_NIH/00000079_000.png,,sub_NIH,00000079_000.png,ok,256x256 -> 1024x1024,4,1,38.77,40.2835,6.091643,2.468125,0.9547,0.9897,0.2656,8.8294,40.6891,5.548448,2.355514,0.9576,0.9911,0.2737,0.2737,0.2737,8.3747,169.7912,49.4501,169.7912,49.4501,0.1457,40.6891,0.9576,5.548448,2.355514,0.4056,0.0015,-0.0081,0.4546
/kaggle/input/datasets/duc24kdl/sub-x-ray/sub_X-Ray/sub_NIH/00000080_003.png,,sub_NIH,00000080_003.png,ok,256x256 -> 1024x1024,4,1,39.07,31.2995,48.209561,6.943311,0.9345,0.9848,0.2834,7.7272,31.5731,45.265375,6.727955,0.9378,0.9871,0.282,0.282,0.282,7.4312,112.2657,58.3071,112.2657,58.3071,0.0922,31.5731,0.9378,45.265375,6.727955,0.2737,0.0024,0.0015,0.2961
/kaggle/input/datasets/duc24kdl/sub-x-ray/sub_X-Ray/sub_NIH/00000080_005.png,,sub_NIH,00000080_005.png,ok,256x256 -> 1024x1024,4,1,39.29,41.5238,4.578277,2.139691,0.9556,0.9898,0.2885,8.3672,41.7691,4.326816,2.0801,0.958,0.9911,0.2998,0.2998,0.2998,8.0129,100.3708,40.683,100.3708,40.683,0.1059,41.7691,0.958,4.326816,2.0801,0.2453,0.0013,-0.0113,0.3543
/kaggle/input/datasets/duc24kdl/sub-x-ray/sub_X-Ray/sub_NIH/00000082_000.png,,sub_NIH,00000082_000.png,ok,256x256 -> 1024x1024,4,1,40.11,38.8268,8.519157,2.91876,0.9481,0.9902,0.3113,8.6869,39.0135,8.160692,2.856693,0.9504,0.9914,0.3261,0.3261,0.3261,8.2631,109.3226,61.2978,109.3226,61.2978,0.0748,39.0135,0.9504,8.160692,2.856693,0.1867,0.0011,-0.0149,0.4239
/kaggle/input/datasets/duc24kdl/sub-x-ray/sub_X-Ray/sub_NIH/00000087_000.png,,sub_NIH,00000087_000.png,ok,256x256 -> 1024x1024,4,1,39.63,31.4488,46.580109,6.824962,0.9213,0.9829,0.3635,7.9511,31.6215,44.764395,6.69062,0.9244,0.9851,0.3764,0.3764,0.3764,7.5904,119.941,51.049,119.941,51.049,0.075,31.6215,0.9244,44.764395,6.69062,0.1727,0.0022,-0.0129,0.3607
/kaggle/input/datasets/duc24kdl/sub-x-ray/sub_X-Ray/sub_NIH/00000090_000.png,,sub_NIH,00000090_000.png,ok,256x256 -> 1024x1024,4,1,40.31,36.6937,13.922386,3.731271,0.9336,0.9871,0.3429,8.6859,37.069,12.769554,3.573451,0.9353,0.9885,0.362,0.362,0.362,8.2936,117.267,66.3838,117.267,66.3838,0.123,37.069,0.9353,12.769554,3.573451,0.3754,0.0013,-0.0191,0.3923
/kaggle/input/datasets/duc24kdl/sub-x-ray/sub_X-Ray/sub_NIH/00000090_001.png,,sub_NIH,00000090_001.png,ok,256x256 -> 1024x1024,4,1,39.83,30.8118,53.938353,7.344273,0.9671,0.9914,0.2383,8.7277,30.9396,52.375114,7.237065,0.9681,0.9924,0.2417,0.2417,0.2417,8.0745,146.8989,57.3725,146.8989,57.3725,0.1005,30.9396,0.9681,52.375114,7.237065,0.1277,0.0009,-0.0034,0.6533
/kaggle/input/datasets/duc24kdl/sub-x-ray/sub_X-Ray/sub_NIH/00000090_005.png,,sub_NIH,00000090_005.png,ok,256x256 -> 1024x1024,4,1,38.98,32.7516,34.50783,5.874337,0.9557,0.9903,0.2532,8.3188,33.0649,32.106297,5.666242,0.9573,0.9915,0.2581,0.2581,0.2581,7.8749,111.4307,63.1421,111.4307,63.1421,0.1151,33.0649,0.9573,32.106297,5.666242,0.3133,0.0012,-0.0049,0.4439
/kaggle/input/datasets/duc24kdl/sub-x-ray/sub_X-Ray/sub_NIH/00000090_006.png,,sub_NIH,00000090_006.png,ok,256x256 -> 1024x1024,4,1,39.18,37.3417,11.992414,3.463006,0.9342,0.9878,0.3172,8.8371,37.8418,10.688067,3.269261,0.9367,0.9891,0.3289,0.3289,0.3289,8.2711,101.2496,79.8347,101.2496,79.8347,0.114,37.8418,0.9367,10.688067,3.269261,0.5001,0.0013,-0.0116,0.566
/kaggle/input/datasets/duc24kdl/sub-x-ray/sub_X-Ray/sub_NIH/00000090_007.png,,sub_NIH,00000090_007.png,ok,256x256 -> 1024x1024,4,1,39.79,36.8721,13.361971,3.655403,0.973,0.9941,0.1975,8.9042,37.0572,12.804428,3.578328,0.974,0.9947,0.2059,0.2059,0.2059,8.2335,141.1468,64.7919,141.1468,64.7919,0.0593,37.0572,0.974,12.804428,3.578328,0.1851,0.0007,-0.0085,0.6707
/kaggle/input/datasets/duc24kdl/sub-x-ray/sub_X-Ray/sub_NIH/00000090_010.png,,sub_NIH,00000090_010.png,ok,256x256 -> 1024x1024,4,1,39.8,36.5605,14.356015,3.788933,0.9295,0.9869,0.3245,8.5485,36.9185,13.220019,3.635934,0.9314,0.9881,0.342,0.342,0.342,8.1904,109.9673,74.5717,109.9673,74.5717,0.1194,36.9185,0.9314,13.220019,3.635934,0.358,0.0013,-0.0175,0.3582
/kaggle/input/datasets/duc24kdl/sub-x-ray/sub_X-Ray/sub_NIH/00000091_008.png,,sub_NIH,00000091_008.png,ok,256x256 -> 1024x1024,4,1,39.28,31.7522,43.436561,6.590642,0.9615,0.9913,0.2341,8.2605,32.0309,40.737443,6.382589,0.9635,0.9926,0.235,0.235,0.235,7.7283,114.0941,70.0459,114.0941,70.0459,0.1102,32.0309,0.9635,40.737443,6.382589,0.2786,0.0013,-0.0009,0.5321
/kaggle/input/datasets/duc24kdl/sub-x-ray/sub_X-Ray/sub_NIH/00000091_009.png,,sub_NIH,00000091_009.png,ok,256x256 -> 1024x1024,4,1,38.94,31.5733,45.263884,6.727844,0.9662,0.9918,0.2417,8.5886,31.7303,43.657035,6.607347,0.967,0.9927,0.2503,0.2503,0.2503,8.0687,112.8797,59.58,112.8797,59.58,0.0881,31.7303,0.967,43.657035,6.607347,0.157,0.0009,-0.0086,0.5199
/kaggle/input/datasets/duc24kdl/sub-x-ray/sub_X-Ray/sub_NIH/00000093_001.png,,sub_NIH,00000093_001.png,ok,256x256 -> 1024x1024,4,1,39.52,33.8506,26.793078,5.176203,0.9567,0.9906,0.2469,8.5301,34.2187,24.615337,4.961385,0.9595,0.9919,0.2483,0.2483,0.2483,8.0089,172.0524,55.739,172.0524,55.739,0.0011,34.2187,0.9595,24.615337,4.961385,0.3682,0.0013,-0.0013,0.5212
/kaggle/input/datasets/duc24kdl/sub-x-ray/sub_X-Ray/sub_NIH/00000096_002.png,,sub_NIH,00000096_002.png,ok,256x256 -> 1024x1024,4,1,39.26,39.0877,8.022462,2.832395,0.9434,0.9889,0.2849,8.1725,39.3397,7.570184,2.751397,0.9456,0.9901,0.2872,0.2872,0.2872,7.8483,95.8584,76.1975,95.8584,76.1975,0.1044,39.3397,0.9456,7.570184,2.751397,0.252,0.0012,-0.0023,0.3241
/kaggle/input/datasets/duc24kdl/sub-x-ray/sub_X-Ray/sub_NIH/00000096_003.png,,sub_NIH,00000096_003.png,ok,256x256 -> 1024x1024,4,1,39.26,39.0125,8.16255,2.857018,0.9371,0.9878,0.3417,8.6966,39.2305,7.762986,2.786214,0.9392,0.9889,0.356,0.356,0.356,8.22,120.301,70.7547,120.301,70.7547,0.0926,39.2305,0.9392,7.762986,2.786214,0.218,0.0011,-0.0143,0.4767
/kaggle/input/datasets/duc24kdl/sub-x-ray/sub_X-Ray/sub_NIH/00000097_000.png,,sub_NIH,00000097_000.png,ok,256x256 -> 1024x1024,4,1,39.93,43.0001,3.258882,1.805237,0.9691,0.9926,0.2488,8.9945,43.4357,2.94789,1.716942,0.971,0.9935,0.2559,0.2559,0.2559,8.6649,104.4451,36.7462,104.4451,36.7462,0.1333,43.4357,0.971,2.94789,1.716942,0.4356,0.0009,-0.0071,0.3296
/kaggle/input/datasets/duc24kdl/sub-x-ray/sub_X-Ray/sub_NIH/00000099_003.png,,sub_NIH,00000099_003.png,ok,256x256 -> 1024x1024,4,1,39.69,37.0832,12.728111,3.567648,0.9302,0.9872,0.3335,8.494,37.4654,11.65567,3.41404,0.9329,0.9886,0.3463,0.3463,0.3463,7.7871,108.7123,74.6114,108.7123,74.6114,0.1236,37.4654,0.9329,11.65567,3.41404,0.3823,0.0014,-0.0128,0.7069
/kaggle/input/datasets/duc24kdl/sub-x-ray/sub_X-Ray/sub_NIH/00000099_013.png,,sub_NIH,00000099_013.png,ok,256x256 -> 1024x1024,4,1,39.9,35.2648,19.346398,4.398454,0.9102,0.9834,0.4006,8.3007,35.8334,16.972396,4.119757,0.9137,0.9852,0.4205,0.4205,0.4205,7.8958,115.4299,72.8188,115.4299,72.8188,0.1186,35.8334,0.9137,16.972396,4.119757,0.5686,0.0018,-0.0199,0.4049
/kaggle/input/datasets/duc24kdl/sub-x-ray/sub_X-Ray/sub_NIH/00000100_000.png,,sub_NIH,00000100_000.png,ok,256x256 -> 1024x1024,4,1,39.32,38.5401,9.100563,3.016714,0.9559,0.9899,0.2446,8.288,38.8586,8.457103,2.90811,0.9588,0.9915,0.249,0.249,0.249,7.7689,174.762,50.4705,174.762,50.4705,0.1399,38.8586,0.9588,8.457103,2.90811,0.3185,0.0016,-0.0044,0.5191
/kaggle/input/datasets/duc24kdl/sub-x-ray/sub_X-Ray/sub_NIH/00000103_000.png,,sub_NIH,00000103_000.png,ok,256x256 -> 1024x1024,4,1,39.82,39.0051,8.176596,2.859475,0.9366,0.9883,0.3265,8.6411,39.1761,7.860872,2.803725,0.939,0.9895,0.3448,0.3448,0.3448,8.1982,122.999,69.2819,122.999,69.2819,0.0896,39.1761,0.939,7.860872,2.803725,0.171,0.0012,-0.0183,0.4428
/kaggle/input/datasets/duc24kdl/sub-x-ray/sub_X-Ray/sub_NIH/00000103_008.png,,sub_NIH,00000103_008.png,ok,256x256 -> 1024x1024,4,1,39.0,37.6357,11.207413,3.347747,0.9255,0.986,0.3587,8.5922,37.9498,10.425697,3.228885,0.9281,0.9874,0.3808,0.3808,0.3808,8.3142,129.7876,62.0128,129.7876,62.0128,0.0913,37.9498,0.9281,10.425697,3.228885,0.314,0.0014,-0.0221,0.278
/kaggle/input/datasets/duc24kdl/sub-x-ray/sub_X-Ray/sub_NIH/00000105_000.png,,sub_NIH,00000105_000.png,ok,256x256 -> 1024x1024,4,1,38.87,42.4681,3.683588,1.919268,0.9575,0.9906,0.2976,8.4956,42.7444,3.456561,1.859183,0.9597,0.9916,0.3172,0.3172,0.3172,8.1557,111.6958,27.7536,111.6958,27.7536,0.0937,42.7444,0.9597,3.456561,1.859183,0.2763,0.001,-0.0196,0.3399
/kaggle/input/datasets/duc24kdl/sub-x-ray/sub_X-Ray/sub_NIH/00000105_002.png,,sub_NIH,00000105_002.png,ok,256x256 -> 1024x1024,4,1,39.79,35.3025,19.179012,4.379385,0.9656,0.9927,0.2756,9.0309,35.5468,18.130153,4.257952,0.9667,0.9934,0.2998,0.2998,0.2998,8.6603,144.8323,43.0354,144.8323,43.0354,0.1054,35.5468,0.9667,18.130153,4.257952,0.2442,0.0007,-0.0241,0.3706
/kaggle/input/datasets/duc24kdl/sub-x-ray/sub_X-Ray/sub_NIH/00000109_000.png,,sub_NIH,00000109_000.png,ok,256x256 -> 1024x1024,4,1,40.0,32.5136,36.451593,6.037515,0.9426,0.9876,0.355,8.3241,32.6004,35.730639,5.977511,0.9443,0.989,0.3764,0.3764,0.3764,8.1041,123.1884,47.3093,123.1884,47.3093,0.0597,32.6004,0.9443,35.730639,5.977511,0.0868,0.0014,-0.0213,0.22
/kaggle/input/datasets/duc24kdl/sub-x-ray/sub_X-Ray/sub_NIH/00000109_003.png,,sub_NIH,00000109_003.png,ok,256x256 -> 1024x1024,4,1,39.13,38.3521,9.503211,3.082728,0.9385,0.9887,0.3464,8.741,38.714,8.743441,2.956931,0.9414,0.9899,0.3659,0.3659,0.3659,8.3525,119.9744,62.9314,119.9744,62.9314,0.046,38.714,0.9414,8.743441,2.956931,0.3619,0.0012,-0.0195,0.3885
/kaggle/input/datasets/duc24kdl/sub-x-ray/sub_X-Ray/sub_NIH/00000112_001.png,,sub_NIH,00000112_001.png,ok,256x256 -> 1024x1024,4,1,38.95,36.1725,15.697654,3.962027,0.9704,0.9939,0.2802,9.8025,36.3847,14.948771,3.866364,0.971,0.9944,0.3102,0.3102,0.3102,8.7241,135.7829,43.4975,135.7829,43.4975,0.1023,36.3847,0.971,14.948771,3.866364,0.2123,0.0005,-0.03,1.0784
/kaggle/input/datasets/duc24kdl/sub-x-ray/sub_X-Ray/sub_NIH/00000116_000.png,,sub_NIH,00000116_000.png,ok,256x256 -> 1024x1024,4,1,39.27,34.907,21.008012,4.58345,0.9594,0.9907,0.2333,8.2477,35.0987,20.100473,4.483355,0.9611,0.9919,0.2286,0.2286,0.2286,7.9389,154.0978,67.0566,154.0978,67.0566,0.0502,35.0987,0.9611,20.100473,4.483355,0.1918,0.0012,0.0047,0.3088
/kaggle/input/datasets/duc24kdl/sub-x-ray/sub_X-Ray/sub_NIH/00000116_001.png,,sub_NIH,00000116_001.png,ok,256x256 -> 1024x1024,4,1,39.3,36.3582,15.040342,3.878188,0.9772,0.9947,0.2137,9.289,36.4553,14.707851,3.835082,0.9785,0.9954,0.2177,0.2177,0.2177,8.6089,154.5929,49.7904,154.5929,49.7904,0.051,36.4553,0.9785,14.707851,3.835082,0.0971,0.0007,-0.004,0.6802
/kaggle/input/datasets/duc24kdl/sub-x-ray/sub_X-Ray/sub_NIH/00000116_004.png,,sub_NIH,00000116_004.png,ok,256x256 -> 1024x1024,4,1,39.03,36.4785,14.629393,3.824839,0.9786,0.9949,0.1906,9.4211,36.5801,14.291244,3.780376,0.98,0.9957,0.1959,0.1959,0.1959,8.6821,158.6293,49.7291,158.6293,49.7291,0.0494,36.5801,0.98,14.291244,3.780376,0.1016,0.0007,-0.0053,0.739
/kaggle/input/datasets/duc24kdl/sub-x-ray/sub_X-Ray/sub_NIH/00000116_006.png,,sub_NIH,00000116_006.png,ok,256x256 -> 1024x1024,4,1,40.27,35.5611,18.070354,4.250924,0.9783,0.995,0.204,9.9227,35.6637,17.648608,4.201025,0.9795,0.9957,0.2082,0.2082,0.2082,9.0207,162.9313,45.7739,162.9313,45.7739,0.0536,35.6637,0.9795,17.648608,4.201025,0.1026,0.0007,-0.0042,0.902
/kaggle/input/datasets/duc24kdl/sub-x-ray/sub_X-Ray/sub_NIH/00000116_013.png,,sub_NIH,00000116_013.png,ok,256x256 -> 1024x1024,4,1,39.38,32.2932,38.349834,6.192724,0.9569,0.9905,0.2507,8.848,32.7313,34.669425,5.888075,0.9598,0.9918,0.2468,0.2468,0.2468,8.146,148.5362,61.5434,148.5362,61.5434,0.1533,32.7313,0.9598,34.669425,5.888075,0.4382,0.0014,0.0039,0.7019
/kaggle/input/datasets/duc24kdl/sub-x-ray/sub_X-Ray/sub_NIH/00000116_016.png,,sub_NIH,00000116_016.png,ok,256x256 -> 1024x1024,4,1,39.43,35.8239,17.009595,4.124269,0.9715,0.9935,0.2306,8.7463,36.0073,16.306167,4.038089,0.9731,0.9944,0.2314,0.2314,0.2314,8.1221,151.3298,52.0806,151.3298,52.0806,0.07,36.0073,0.9731,16.306167,4.038089,0.1834,0.0009,-0.0008,0.6242
/kaggle/input/datasets/duc24kdl/sub-x-ray/sub_X-Ray/sub_NIH/00000116_023.png,,sub_NIH,00000116_023.png,ok,256x256 -> 1024x1024,4,1,39.85,35.9074,16.685413,4.084778,0.9769,0.9948,0.2004,9.6812,36.0511,16.142407,4.017761,0.9778,0.9954,0.2099,0.2099,0.2099,8.9307,155.1159,58.8463,155.1159,58.8463,0.0788,36.0511,0.9778,16.142407,4.017761,0.1437,0.0006,-0.0095,0.7505
/kaggle/input/datasets/duc24kdl/sub-x-ray/sub_X-Ray/sub_NIH/00000116_033.png,,sub_NIH,00000116_033.png,ok,256x256 -> 1024x1024,4,1,39.83,35.2722,19.313458,4.394708,0.976,0.9944,0.2252,9.399,35.3478,18.9803,4.356639,0.9772,0.9951,0.2309,0.2309,0.2309,8.9393,153.4938,56.6688,153.4938,56.6688,0.0476,35.3478,0.9772,18.9803,4.356639,0.0756,0.0007,-0.0057,0.4597
/kaggle/input/datasets/duc24kdl/sub-x-ray/sub_X-Ray/sub_NIH/00000116_037.png,,sub_NIH,00000116_037.png,ok,256x256 -> 1024x1024,4,1,39.81,34.9229,20.931092,4.575051,0.97,0.9931,0.2158,9.6266,35.0886,20.147601,4.488608,0.9714,0.9941,0.2171,0.2171,0.2171,8.5602,157.0458,50.3937,157.0458,50.3937,0.0728,35.0886,0.9714,20.147601,4.488608,0.1657,0.001,-0.0013,1.0665
/kaggle/input/datasets/duc24kdl/sub-x-ray/sub_X-Ray/sub_NIH/00000116_038.png,,sub_NIH,00000116_038.png,ok,256x256 -> 1024x1024,4,1,38.87,33.9087,26.436671,5.14166,0.9578,0.9909,0.2485,8.8417,34.404,23.587349,4.856681,0.9607,0.9924,0.243,0.243,0.243,8.281,146.9162,57.6996,146.9162,57.6996,0.1055,34.404,0.9607,23.587349,4.856681,0.4953,0.0015,0.0055,0.5607
/kaggle/input/datasets/duc24kdl/sub-x-ray/sub_X-Ray/sub_NIH/00000117_000.png,,sub_NIH,00000117_000.png,ok,256x256 -> 1024x1024,4,1,38.85,39.8719,6.697098,2.587875,0.9578,0.9907,0.2272,8.3829,40.2012,6.208155,2.491617,0.9604,0.9921,0.2351,0.2351,0.2351,7.8841,148.6805,64.3465,148.6805,64.3465,0.1718,40.2012,0.9604,6.208155,2.491617,0.3292,0.0013,-0.0079,0.4988
/kaggle/input/datasets/duc24kdl/sub-x-ray/sub_X-Ray/sub_NIH/00000118_001.png,,sub_NIH,00000118_001.png,ok,256x256 -> 1024x1024,4,1,39.22,37.2866,12.145642,3.48506,0.9227,0.9858,0.3687,8.7064,37.3603,11.941293,3.455618,0.9255,0.9873,0.3868,0.3868,0.3868,8.2233,125.3695,64.4058,125.3695,64.4058,0.0855,37.3603,0.9255,11.941293,3.455618,0.0737,0.0015,-0.0181,0.4831
/kaggle/input/datasets/duc24kdl/sub-x-ray/sub_X-Ray/sub_NIH/00000118_003.png,,sub_NIH,00000118_003.png,ok,256x256 -> 1024x1024,4,1,39.56,36.715,13.854252,3.72213,0.9238,0.9858,0.3567,8.8097,36.9158,13.228164,3.637054,0.9268,0.9874,0.3737,0.3737,0.3737,8.3891,121.8914,65.9507,121.8914,65.9507,0.0977,36.9158,0.9268,13.228164,3.637054,0.2008,0.0015,-0.0169,0.4206
/kaggle/input/datasets/duc24kdl/sub-x-ray/sub_X-Ray/sub_NIH/00000118_014.png,,sub_NIH,00000118_014.png,ok,256x256 -> 1024x1024,4,1,39.65,37.6404,11.195483,3.345965,0.9183,0.985,0.3919,8.6549,37.8346,10.705865,3.271982,0.9212,0.9865,0.414,0.414,0.414,8.1858,120.9429,64.9311,120.9429,64.9311,0.0858,37.8346,0.9212,10.705865,3.271982,0.1942,0.0015,-0.0221,0.4691
/kaggle/input/datasets/duc24kdl/sub-x-ray/sub_X-Ray/sub_NIH/00000125_000.png,,sub_NIH,00000125_000.png,ok,256x256 -> 1024x1024,4,1,39.82,41.9891,4.113118,2.028082,0.9643,0.9917,0.2068,8.1306,42.4589,3.69141,1.921304,0.967,0.993,0.2232,0.2232,0.2232,7.9501,156.3528,60.7207,156.3528,60.7207,0.1606,42.4589,0.967,3.69141,1.921304,0.4698,0.0013,-0.0164,0.1805
/kaggle/input/datasets/duc24kdl/sub-x-ray/sub_X-Ray/sub_NIH/00000127_005.png,,sub_NIH,00000127_005.png,ok,256x256 -> 1024x1024,4,1,39.83,33.4549,29.348587,5.417434,0.9735,0.9943,0.2309,9.3143,33.6584,28.005313,5.292005,0.9744,0.9949,0.2495,0.2495,0.2495,8.5965,110.1443,61.6312,110.1443,61.6312,0.1301,33.6584,0.9744,28.005313,5.292005,0.2035,0.0006,-0.0186,0.7179
/kaggle/input/datasets/duc24kdl/sub-x-ray/sub_X-Ray/sub_NIH/00000133_002.png,,sub_NIH,00000133_002.png,ok,256x256 -> 1024x1024,4,1,38.79,29.7723,68.524987,8.277982,0.9272,0.9848,0.3315,8.3772,30.0468,64.327383,8.020435,0.9277,0.986,0.3409,0.3409,0.3409,7.809,135.6122,58.7863,135.6122,58.7863,0.1308,30.0468,0.9277,64.327383,8.020435,0.2745,0.0012,-0.0094,0.5682
/kaggle/input/datasets/duc24kdl/sub-x-ray/sub_X-Ray/sub_NIH/00000134_000.png,,sub_NIH,00000134_000.png,ok,256x256 -> 1024x1024,4,1,39.73,36.5024,14.549155,3.814335,0.9759,0.9943,0.1979,8.7071,36.6076,14.200915,3.76841,0.9774,0.9951,0.2064,0.2064,0.2064,8.3085,148.8556,57.4049,148.8556,57.4049,0.0643,36.6076,0.9774,14.200915,3.76841,0.1052,0.0008,-0.0086,0.3987
/kaggle/input/datasets/duc24kdl/sub-x-ray/sub_X-Ray/sub_NIH/00000135_000.png,,sub_NIH,00000135_000.png,ok,256x256 -> 1024x1024,4,1,39.71,34.7527,21.767689,4.665586,0.9622,0.9917,0.2388,8.2827,34.8254,21.406124,4.626675,0.964,0.9928,0.2453,0.2453,0.2453,7.7813,166.1035,56.384,166.1035,56.384,0.0489,34.8254,0.964,21.406124,4.626675,0.0727,0.0011,-0.0065,0.5014
/kaggle/input/datasets/duc24kdl/sub-x-ray/sub_X-Ray/sub_NIH/00000137_000.png,,sub_NIH,00000137_000.png,ok,256x256 -> 1024x1024,4,1,39.08,38.7955,8.58093,2.929322,0.9332,0.9877,0.3474,9.1125,38.9962,8.193416,2.862414,0.9354,0.989,0.3674,0.3674,0.3674,8.4783,115.3109,67.5415,115.3109,67.5415,0.0963,38.9962,0.9354,8.193416,2.862414,0.2007,0.0012,-0.02,0.6343
/kaggle/input/datasets/duc24kdl/sub-x-ray/sub_X-Ray/sub_NIH/00000139_001.png,,sub_NIH,00000139_001.png,ok,256x256 -> 1024x1024,4,1,40.0,39.2189,7.783843,2.789954,0.9629,0.9913,0.2169,8.5197,39.8553,6.722733,2.592823,0.9654,0.9927,0.2229,0.2229,0.2229,8.0568,156.1777,58.9678,156.1777,58.9678,0.2745,39.8553,0.9654,6.722733,2.592823,0.6365,0.0013,-0.0059,0.463
/kaggle/input/datasets/duc24kdl/sub-x-ray/sub_X-Ray/sub_NIH/00000141_000.png,,sub_NIH,00000141_000.png,ok,256x256 -> 1024x1024,4,1,39.89,38.6492,8.874835,2.979066,0.9501,0.9897,0.2946,8.2896,38.8548,8.464486,2.909379,0.9532,0.9911,0.3082,0.3082,0.3082,7.865,162.4991,56.1287,162.4991,56.1287,0.0705,38.8548,0.9532,8.464486,2.909379,0.2056,0.0014,-0.0136,0.4245
/kaggle/input/datasets/duc24kdl/sub-x-ray/sub_X-Ray/sub_NIH/00000142_000.png,,sub_NIH,00000142_000.png,ok,256x256 -> 1024x1024,4,1,39.8,41.0172,5.144702,2.268194,0.974,0.9938,0.1961,8.8987,41.4444,4.662765,2.159344,0.9763,0.9949,0.2043,0.2043,0.2043,8.4269,167.2465,65.4131,167.2465,65.4131,0.196,41.4444,0.9763,4.662765,2.159344,0.4272,0.001,-0.0082,0.4717
/kaggle/input/datasets/duc24kdl/sub-x-ray/sub_X-Ray/sub_NIH/00000143_003.png,,sub_NIH,00000143_003.png,ok,256x256 -> 1024x1024,4,1,38.79,36.7653,13.694657,3.700629,0.9229,0.9857,0.384,8.7613,37.0476,12.832679,3.582273,0.9253,0.987,0.4073,0.4073,0.4073,8.3627,118.2312,65.158,118.2312,65.158,0.1112,37.0476,0.9253,12.832679,3.582273,0.2823,0.0014,-0.0233,0.3986
/kaggle/input/datasets/duc24kdl/sub-x-ray/sub_X-Ray/sub_NIH/00000143_006.png,,sub_NIH,00000143_006.png,ok,256x256 -> 1024x1024,4,1,39.07,38.2468,9.736481,3.120333,0.9211,0.9855,0.3734,8.7162,38.4733,9.241735,3.040022,0.924,0.9869,0.3972,0.3972,0.3972,8.3366,114.8695,68.9606,114.8695,68.9606,0.0926,38.4733,0.924,9.241735,3.040022,0.2265,0.0014,-0.0238,0.3796
/kaggle/input/datasets/duc24kdl/sub-x-ray/sub_X-Ray/sub_NIH/00000143_010.png,,sub_NIH,00000143_010.png,ok,256x256 -> 1024x1024,4,1,39.47,33.2971,30.434547,5.516752,0.9518,0.9899,0.2479,8.5288,34.0918,25.345399,5.034421,0.9544,0.9914,0.2466,0.2466,0.2466,8.1039,147.9083,66.3789,147.9083,66.3789,-0.0013,34.0918,0.9544,25.345399,5.034421,0.7947,0.0014,0.0013,0.4249
/kaggle/input/datasets/duc24kdl/sub-x-ray/sub_X-Ray/sub_NIH/00000143_011.png,,sub_NIH,00000143_011.png,ok,256x256 -> 1024x1024,4,1,39.2,37.8678,10.624351,3.259502,0.9362,0.9881,0.3331,8.7567,37.9534,10.416847,3.227514,0.9378,0.9894,0.3474,0.3474,0.3474,8.3555,109.0357,66.4462,109.0357,66.4462,0.1094,37.9534,0.9378,10.416847,3.227514,0.0857,0.0013,-0.0143,0.4012
/kaggle/input/datasets/duc24kdl/sub-x-ray/sub_X-Ray/sub_NIH/00000144_001.png,,sub_NIH,00000144_001.png,ok,256x256 -> 1024x1024,4,1,40.13,34.8727,21.174124,4.601535,0.9729,0.9944,0.2263,9.4534,34.9296,20.898649,4.571504,0.9735,0.9949,0.2419,0.2419,0.2419,8.878,163.5039,45.1496,163.5039,45.1496,0.0549,34.9296,0.9735,20.898649,4.571504,0.0569,0.0005,-0.0157,0.5754
/kaggle/input/datasets/duc24kdl/sub-x-ray/sub_X-Ray/sub_NIH/00000147_001.png,,sub_NIH,00000147_001.png,ok,256x256 -> 1024x1024,4,1,39.86,34.4039,23.587828,4.85673,0.9358,0.9883,0.3421,8.5889,34.8337,21.365385,4.622271,0.9391,0.9896,0.3584,0.3584,0.3584,8.144,122.583,68.4501,122.583,68.4501,0.124,34.8337,0.9391,21.365385,4.622271,0.4298,0.0014,-0.0163,0.4449
/kaggle/input/datasets/duc24kdl/sub-x-ray/sub_X-Ray/sub_NIH/00000148_003.png,,sub_NIH,00000148_003.png,ok,256x256 -> 1024x1024,4,1,39.71,38.1628,9.926623,3.150654,0.9152,0.9841,0.402,8.4751,38.4478,9.296038,3.04894,0.9183,0.9857,0.4213,0.4213,0.4213,7.933,129.7786,66.6981,129.7786,66.6981,0.0956,38.4478,0.9183,9.296038,3.04894,0.285,0.0016,-0.0193,0.542
/kaggle/input/datasets/duc24kdl/sub-x-ray/sub_X-Ray/sub_NIH/00000149_004.png,,sub_NIH,00000149_004.png,ok,256x256 -> 1024x1024,4,1,39.88,39.2239,7.774823,2.788337,0.9316,0.9881,0.3862,8.9416,39.4588,7.365462,2.713938,0.9339,0.9892,0.4131,0.4131,0.4131,8.4263,125.5285,69.4375,125.5285,69.4375,0.0749,39.4588,0.9339,7.365462,2.713938,0.2349,0.0011,-0.0269,0.5153
/kaggle/input/datasets/duc24kdl/sub-x-ray/sub_X-Ray/sub_NIH/00000149_008.png,,sub_NIH,00000149_008.png,ok,256x256 -> 1024x1024,4,1,38.76,38.6885,8.794985,2.965634,0.9296,0.9878,0.4036,9.2078,38.8764,8.422407,2.902138,0.9319,0.9889,0.4337,0.4337,0.4337,8.7215,132.5476,63.8946,132.5476,63.8946,0.0928,38.8764,0.9319,8.422407,2.902138,0.188,0.0011,-0.0301,0.4863
/kaggle/input/datasets/duc24kdl/sub-x-ray/sub_X-Ray/sub_NIH/00000150_005.png,,sub_NIH,00000150_005.png,ok,256x256 -> 1024x1024,4,1,39.69,30.9627,52.096723,7.217806,0.92,0.9821,0.2874,7.6209,31.689,44.073645,6.638798,0.9257,0.9854,0.2786,0.2786,0.2786,7.1463,109.7805,59.8934,109.7805,59.8934,0.2135,31.689,0.9257,44.073645,6.638798,0.7263,0.0032,0.0088,0.4746
/kaggle/input/datasets/duc24kdl/sub-x-ray/sub_X-Ray/sub_NIH/00000151_002.png,,sub_NIH,00000151_002.png,ok,256x256 -> 1024x1024,4,1,39.1,38.0905,10.093227,3.176984,0.927,0.9865,0.3695,8.8022,38.2542,9.719826,3.117664,0.9296,0.9878,0.391,0.391,0.391,8.4537,118.7314,64.2181,118.7314,64.2181,0.0857,38.2542,0.9296,9.719826,3.117664,0.1637,0.0013,-0.0216,0.3485
/kaggle/input/datasets/duc24kdl/sub-x-ray/sub_X-Ray/sub_NIH/00000153_001.png,,sub_NIH,00000153_001.png,ok,256x256 -> 1024x1024,4,1,38.21,42.2912,3.836765,1.958766,0.9578,0.9907,0.3002,8.5956,42.6905,3.499707,1.87075,0.9605,0.9919,0.3157,0.3157,0.3157,8.2339,107.4023,37.0528,107.4023,37.0528,0.1029,42.6905,0.9605,3.499707,1.87075,0.3993,0.0012,-0.0155,0.3616
/kaggle/input/datasets/duc24kdl/sub-x-ray/sub_X-Ray/sub_NIH/00000154_000.png,,sub_NIH,00000154_000.png,ok,256x256 -> 1024x1024,4,1,39.21,40.0946,6.362379,2.522376,0.9404,0.9894,0.343,8.8228,40.3859,5.949666,2.439194,0.943,0.9905,0.3723,0.3723,0.3723,8.2417,109.7131,69.5009,109.7131,69.5009,0.081,40.3859,0.943,5.949666,2.439194,0.2913,0.0011,-0.0294,0.581
/kaggle/input/datasets/duc24kdl/sub-x-ray/sub_X-Ray/sub_NIH/00000157_000.png,,sub_NIH,00000157_000.png,ok,256x256 -> 1024x1024,4,1,39.13,35.6436,17.730443,4.210753,0.9421,0.9875,0.2632,7.8383,36.0545,16.130009,4.016218,0.9451,0.9892,0.27,0.27,0.27,7.4493,131.1834,70.3218,131.1834,70.3218,0.1231,36.0545,0.9451,16.130009,4.016218,0.4108,0.0017,-0.0069,0.389
/kaggle/input/datasets/duc24kdl/sub-x-ray/sub_X-Ray/sub_NIH/00000165_003.png,,sub_NIH,00000165_003.png,ok,256x256 -> 1024x1024,4,1,40.18,38.3317,9.547864,3.089962,0.9263,0.9868,0.3792,8.9692,38.5568,9.06559,3.010912,0.9289,0.988,0.4041,0.4041,0.4041,8.5407,145.0972,62.1459,145.0972,62.1459,0.0775,38.5568,0.9289,9.06559,3.010912,0.2251,0.0012,-0.0249,0.4284
/kaggle/input/datasets/duc24kdl/sub-x-ray/sub_X-Ray/sub_NIH/00000165_004.png,,sub_NIH,00000165_004.png,ok,256x256 -> 1024x1024,4,1,39.33,37.9402,10.448738,3.232451,0.927,0.9868,0.3725,8.8894,38.1696,9.910958,3.148167,0.9295,0.988,0.3964,0.3964,0.3964,8.397,133.6857,65.4367,133.6857,65.4367,0.0779,38.1696,0.9295,9.910958,3.148167,0.2295,0.0012,-0.0239,0.4924
/kaggle/input/datasets/duc24kdl/sub-x-ray/sub_X-Ray/sub_NIH/00000165_007.png,,sub_NIH,00000165_007.png,ok,256x256 -> 1024x1024,4,1,39.06,37.3479,11.975421,3.460552,0.9254,0.9863,0.3753,9.0071,37.5989,11.302993,3.361992,0.9279,0.9876,0.3956,0.3956,0.3956,8.6726,121.8375,66.6469,121.8375,66.6469,0.0563,37.5989,0.9279,11.302993,3.361992,0.251,0.0013,-0.0204,0.3346
/kaggle/input/datasets/duc24kdl/sub-x-ray/sub_X-Ray/sub_NIH/00000170_000.png,,sub_NIH,00000170_000.png,ok,256x256 -> 1024x1024,4,1,39.13,37.0242,12.902174,3.59196,0.9394,0.9884,0.3351,8.2086,37.3496,11.970836,3.45989,0.9407,0.9895,0.3533,0.3533,0.3533,7.9015,127.5525,65.5198,127.5525,65.5198,0.1312,37.3496,0.9407,11.970836,3.45989,0.3254,0.0011,-0.0181,0.3071
/kaggle/input/datasets/duc24kdl/sub-x-ray/sub_X-Ray/sub_NIH/00000172_004.png,,sub_NIH,00000172_004.png,ok,256x256 -> 1024x1024,4,1,39.25,37.6557,11.156083,3.340072,0.9254,0.9863,0.3394,8.4619,37.8706,10.617546,3.258458,0.9287,0.9879,0.3548,0.3548,0.3548,7.9557,105.574,73.9622,105.574,73.9622,0.1235,37.8706,0.9287,10.617546,3.258458,0.2149,0.0015,-0.0155,0.5062
/kaggle/input/datasets/duc24kdl/sub-x-ray/sub_X-Ray/sub_NIH/00000173_000.png,,sub_NIH,00000173_000.png,ok,256x256 -> 1024x1024,4,1,40.47,35.2744,19.303481,4.393573,0.9654,0.9924,0.2226,8.7116,35.3705,18.881207,4.345251,0.9669,0.9933,0.2308,0.2308,0.2308,8.2295,162.2069,61.9508,162.2069,61.9508,0.0618,35.3705,0.9669,18.881207,4.345251,0.0961,0.0009,-0.0082,0.4821
/kaggle/input/datasets/duc24kdl/sub-x-ray/sub_X-Ray/sub_NIH/00000174_003.png,,sub_NIH,00000174_003.png,ok,256x256 -> 1024x1024,4,1,40.16,39.1195,7.964045,2.822064,0.9364,0.9883,0.3197,8.6941,39.2585,7.713096,2.777246,0.9381,0.9894,0.3377,0.3377,0.3377,8.0997,119.722,69.366,119.722,69.366,0.1107,39.2585,0.9381,7.713096,2.777246,0.139,0.0012,-0.0179,0.5944
/kaggle/input/datasets/duc24kdl/sub-x-ray/sub_X-Ray/sub_NIH/00000175_002.png,,sub_NIH,00000175_002.png,ok,256x256 -> 1024x1024,4,1,38.68,32.9904,32.662155,5.715081,0.9529,0.99,0.3537,9.061,33.043,32.268853,5.680568,0.9532,0.9906,0.3814,0.3814,0.3814,8.68,123.555,35.0786,123.555,35.0786,0.056,33.043,0.9532,32.268853,5.680568,0.0526,0.0006,-0.0277,0.381
/kaggle/input/datasets/duc24kdl/sub-x-ray/sub_X-Ray/sub_NIH/00000177_002.png,,sub_NIH,00000177_002.png,ok,256x256 -> 1024x1024,4,1,38.95,42.9108,3.326578,1.823891,0.9613,0.9912,0.2763,8.5355,43.2443,3.080734,1.755202,0.9636,0.9923,0.2951,0.2951,0.2951,8.1339,108.9747,34.6315,108.9747,34.6315,0.0981,43.2443,0.9636,3.080734,1.755202,0.3334,0.0011,-0.0188,0.4017
/kaggle/input/datasets/duc24kdl/sub-x-ray/sub_X-Ray/sub_NIH/00000177_003.png,,sub_NIH,00000177_003.png,ok,256x256 -> 1024x1024,4,1,39.1,41.804,4.292157,2.071752,0.9634,0.9915,0.2456,8.5655,42.1968,3.921029,1.980159,0.9662,0.9928,0.2603,0.2603,0.2603,8.1179,169.8438,40.1052,169.8438,40.1052,0.1423,42.1968,0.9662,3.921029,1.980159,0.3928,0.0013,-0.0147,0.4475
/kaggle/input/datasets/duc24kdl/sub-x-ray/sub_X-Ray/sub_NIH/00000177_004.png,,sub_NIH,00000177_004.png,ok,256x256 -> 1024x1024,4,1,39.03,32.7594,34.446192,5.869088,0.9584,0.9909,0.2425,8.4844,32.6449,35.366254,5.946953,0.9601,0.992,0.2459,0.2459,0.2459,7.905,175.7174,56.8241,175.7174,56.8241,-0.0322,32.6449,0.9601,35.366254,5.946953,-0.1145,0.0011,-0.0033,0.5794
/kaggle/input/datasets/duc24kdl/sub-x-ray/sub_X-Ray/sub_NIH/00000179_003.png,,sub_NIH,00000179_003.png,ok,256x256 -> 1024x1024,4,1,39.46,37.3487,11.973214,3.460233,0.9754,0.9947,0.2305,9.2187,37.4497,11.697988,3.420232,0.9768,0.9953,0.2461,0.2461,0.2461,8.7283,120.0791,52.56,120.0791,52.56,0.0472,37.4497,0.9768,11.697988,3.420232,0.101,0.0007,-0.0156,0.4904
/kaggle/input/datasets/duc24kdl/sub-x-ray/sub_X-Ray/sub_NIH/00000179_006.png,,sub_NIH,00000179_006.png,ok,256x256 -> 1024x1024,4,1,40.13,37.9803,10.352617,3.217548,0.9717,0.9938,0.2325,9.1099,38.109,10.050261,3.170215,0.9732,0.9946,0.2461,0.2461,0.2461,8.5555,112.7611,55.7149,112.7611,55.7149,0.0587,38.109,0.9732,10.050261,3.170215,0.1287,0.0008,-0.0136,0.5544
/kaggle/input/datasets/duc24kdl/sub-x-ray/sub_X-Ray/sub_NIH/00000180_002.png,,sub_NIH,00000180_002.png,ok,256x256 -> 1024x1024,4,1,40.13,41.2279,4.901087,2.21384,0.9557,0.9902,0.3051,8.6539,41.5372,4.564111,2.136378,0.958,0.9914,0.3198,0.3198,0.3198,8.2926,108.4026,33.474,108.4026,33.474,0.0932,41.5372,0.958,4.564111,2.136378,0.3094,0.0012,-0.0147,0.3612
/kaggle/input/datasets/duc24kdl/sub-x-ray/sub_X-Ray/sub_NIH/00000181_000.png,,sub_NIH,00000181_000.png,ok,256x256 -> 1024x1024,4,1,39.77,39.2146,7.791518,2.791329,0.9678,0.9926,0.2106,8.5681,39.5491,7.213821,2.685856,0.9699,0.9937,0.2216,0.2216,0.2216,8.2095,159.1168,57.5154,159.1168,57.5154,0.1226,39.5491,0.9699,7.213821,2.685856,0.3346,0.0011,-0.011,0.3586
/kaggle/input/datasets/duc24kdl/sub-x-ray/sub_X-Ray/sub_NIH/00000181_009.png,,sub_NIH,00000181_009.png,ok,256x256 -> 1024x1024,4,1,39.58,37.6024,11.293773,3.360621,0.9632,0.9917,0.296,8.6333,37.8088,10.769686,3.28172,0.9653,0.9929,0.3141,0.3141,0.3141,8.094,111.3513,46.2234,111.3513,46.2234,0.0732,37.8088,0.9653,10.769686,3.28172,0.2064,0.0012,-0.0181,0.5394
/kaggle/input/datasets/duc24kdl/sub-x-ray/sub_X-Ray/sub_NIH/00000181_014.png,,sub_NIH,00000181_014.png,ok,256x256 -> 1024x1024,4,1,39.59,32.8422,33.795627,5.813401,0.9705,0.9932,0.2621,8.82,33.0859,31.951454,5.652562,0.9717,0.9942,0.2708,0.2708,0.2708,8.4352,106.5519,61.5958,106.5519,61.5958,0.1231,33.0859,0.9717,31.951454,5.652562,0.2437,0.001,-0.0087,0.3848
/kaggle/input/datasets/duc24kdl/sub-x-ray/sub_X-Ray/sub_NIH/00000181_017.png,,sub_NIH,00000181_017.png,ok,256x256 -> 1024x1024,4,1,39.98,33.2207,30.975054,5.565524,0.9616,0.9906,0.2661,8.5059,33.4197,29.587452,5.439435,0.9635,0.9918,0.283,0.283,0.283,7.9704,113.1518,50.3087,113.1518,50.3087,0.1567,33.4197,0.9635,29.587452,5.439435,0.199,0.0013,-0.017,0.5355
/kaggle/input/datasets/duc24kdl/sub-x-ray/sub_X-Ray/sub_NIH/00000181_020.png,,sub_NIH,00000181_020.png,ok,256x256 -> 1024x1024,4,1,39.03,36.3591,15.037296,3.877795,0.9718,0.9941,0.2618,9.4724,36.4952,14.573382,3.81751,0.9731,0.9948,0.2853,0.2853,0.2853,8.6146,123.3211,55.0145,123.3211,55.0145,0.0657,36.4952,0.9731,14.573382,3.81751,0.1361,0.0007,-0.0235,0.8577
/kaggle/input/datasets/duc24kdl/sub-x-ray/sub_X-Ray/sub_NIH/00000181_022.png,,sub_NIH,00000181_022.png,ok,256x256 -> 1024x1024,4,1,39.18,32.7362,34.630595,5.884777,0.9675,0.9922,0.2497,8.9104,32.882,33.48701,5.786796,0.9687,0.9932,0.2611,0.2611,0.2611,8.4615,117.1787,56.3002,117.1787,56.3002,0.1232,32.882,0.9687,33.48701,5.786796,0.1458,0.001,-0.0115,0.4489
/kaggle/input/datasets/duc24kdl/sub-x-ray/sub_X-Ray/sub_NIH/00000181_037.png,,sub_NIH,00000181_037.png,ok,256x256 -> 1024x1024,4,1,40.22,37.8991,10.547989,3.247767,0.9709,0.9934,0.2512,9.3016,38.0357,10.221347,3.197084,0.9727,0.9942,0.2656,0.2656,0.2656,8.656,119.5025,46.2438,119.5025,46.2438,0.0481,38.0357,0.9727,10.221347,3.197084,0.1366,0.0009,-0.0144,0.6456
/kaggle/input/datasets/duc24kdl/sub-x-ray/sub_X-Ray/sub_NIH/00000181_039.png,,sub_NIH,00000181_039.png,ok,256x256 -> 1024x1024,4,1,39.63,36.8902,13.306479,3.647805,0.9701,0.9928,0.2369,8.7253,37.221,12.330465,3.511476,0.9722,0.9938,0.2486,0.2486,0.2486,8.1858,112.3811,54.2132,112.3811,54.2132,0.078,37.221,0.9722,12.330465,3.511476,0.3308,0.001,-0.0117,0.5396
/kaggle/input/datasets/duc24kdl/sub-x-ray/sub_X-Ray/sub_NIH/00000181_048.png,,sub_NIH,00000181_048.png,ok,256x256 -> 1024x1024,4,1,38.99,37.1908,12.416512,3.523707,0.9692,0.9933,0.2607,9.5297,37.5648,11.391944,3.375195,0.9714,0.9943,0.2668,0.2668,0.2668,8.8042,103.1703,58.5488,103.1703,58.5488,0.0796,37.5648,0.9714,11.391944,3.375195,0.374,0.001,-0.0061,0.7255
/kaggle/input/datasets/duc24kdl/sub-x-ray/sub_X-Ray/sub_NIH/00000184_001.png,,sub_NIH,00000184_001.png,ok,256x256 -> 1024x1024,4,1,39.3,32.0584,40.480036,6.362392,0.9666,0.9925,0.2348,8.7407,32.0722,40.351537,6.352286,0.968,0.9935,0.2397,0.2397,0.2397,8.1963,171.8141,50.9824,171.8141,50.9824,0.0269,32.0722,0.968,40.351537,6.352286,0.0138,0.0009,-0.0049,0.5444
/kaggle/input/datasets/duc24kdl/sub-x-ray/sub_X-Ray/sub_NIH/00000185_000.png,,sub_NIH,00000185_000.png,ok,256x256 -> 1024x1024,4,1,39.39,30.2091,61.969009,7.87204,0.9473,0.9878,0.2805,8.1472,30.4575,58.523653,7.650075,0.9497,0.9894,0.2884,0.2884,0.2884,7.5699,134.9567,49.4655,134.9567,49.4655,0.1463,30.4575,0.9497,58.523653,7.650075,0.2484,0.0015,-0.0079,0.5773
/kaggle/input/datasets/duc24kdl/sub-x-ray/sub_X-Ray/sub_NIH/00000187_002.png,,sub_NIH,00000187_002.png,ok,256x256 -> 1024x1024,4,1,39.69,34.2097,24.666911,4.966579,0.9574,0.9908,0.2772,8.8746,34.2898,24.216111,4.920987,0.9593,0.992,0.2861,0.2861,0.2861,8.3517,164.5106,51.8945,164.5106,51.8945,0.0471,34.2898,0.9593,24.216111,4.920987,0.0801,0.0012,-0.009,0.5229
/kaggle/input/datasets/duc24kdl/sub-x-ray/sub_X-Ray/sub_NIH/00000188_000.png,,sub_NIH,00000188_000.png,ok,256x256 -> 1024x1024,4,1,39.55,32.5819,35.882832,5.990228,0.9473,0.9885,0.2761,8.7368,32.813,34.023871,5.832998,0.9485,0.9898,0.2847,0.2847,0.2847,8.2024,150.3961,55.0588,150.3961,55.0588,0.1122,32.813,0.9485,34.023871,5.832998,0.231,0.0013,-0.0085,0.5344
/kaggle/input/datasets/duc24kdl/sub-x-ray/sub_X-Ray/sub_NIH/00000193_019.png,,sub_NIH,00000193_019.png,ok,256x256 -> 1024x1024,4,1,39.85,35.6953,17.520749,4.185779,0.9799,0.9955,0.1931,9.539,35.8136,17.049783,4.129138,0.981,0.996,0.2085,0.2085,0.2085,8.6984,152.0721,56.5624,152.0721,56.5624,0.06,35.8136,0.981,17.049783,4.129138,0.1183,0.0006,-0.0153,0.8407
/kaggle/input/datasets/duc24kdl/sub-x-ray/sub_X-Ray/sub_NIH/00000196_000.png,,sub_NIH,00000196_000.png,ok,256x256 -> 1024x1024,4,1,39.33,39.0035,8.179556,2.859992,0.9411,0.9894,0.334,8.9372,39.3016,7.636994,2.763511,0.9437,0.9905,0.3547,0.3547,0.3547,8.3616,103.5243,69.4568,103.5243,69.4568,0.0787,39.3016,0.9437,7.636994,2.763511,0.2981,0.0011,-0.0207,0.5756
/kaggle/input/datasets/duc24kdl/sub-x-ray/sub_X-Ray/sub_NIH/00000199_004.png,,sub_NIH,00000199_004.png,ok,256x256 -> 1024x1024,4,1,39.41,38.3136,9.587759,3.096411,0.9279,0.9867,0.3398,8.585,38.6781,8.815983,2.969172,0.9306,0.9882,0.3571,0.3571,0.3571,8.0664,104.6022,68.8097,104.6022,68.8097,0.1184,38.6781,0.9306,8.815983,2.969172,0.3645,0.0015,-0.0173,0.5186
/kaggle/input/datasets/duc24kdl/sub-x-ray/sub_X-Ray/sub_NIH/00000206_000.png,,sub_NIH,00000206_000.png,ok,256x256 -> 1024x1024,4,1,39.9,39.9245,6.616498,2.572256,0.9551,0.9901,0.267,8.3074,40.4128,5.912834,2.431632,0.958,0.9916,0.287,0.287,0.287,7.9678,155.7105,52.8617,155.7105,52.8617,0.2473,40.4128,0.958,5.912834,2.431632,0.4883,0.0015,-0.02,0.3396
/kaggle/input/datasets/duc24kdl/sub-x-ray/sub_X-Ray/sub_NIH/00000210_000.png,,sub_NIH,00000210_000.png,ok,256x256 -> 1024x1024,4,1,39.26,39.0198,8.148919,2.854631,0.9727,0.9937,0.22,9.0902,39.486,7.319509,2.705459,0.9745,0.9945,0.2351,0.2351,0.2351,8.649,165.4276,39.3922,165.4276,39.3922,0.0641,39.486,0.9745,7.319509,2.705459,0.4662,0.0008,-0.0151,0.4412
/kaggle/input/datasets/duc24kdl/sub-x-ray/sub_X-Ray/sub_NIH/00000211_001.png,,sub_NIH,00000211_001.png,ok,256x256 -> 1024x1024,4,1,39.67,34.5353,22.884709,4.783796,0.9687,0.9932,0.2117,8.5436,34.6125,22.481507,4.741467,0.97,0.994,0.2129,0.2129,0.2129,8.2039,152.649,69.222,152.649,69.222,0.0547,34.6125,0.97,22.481507,4.741467,0.0772,0.0008,-0.0012,0.3397
/kaggle/input/datasets/duc24kdl/sub-x-ray/sub_X-Ray/sub_NIH/00000211_005.png,,sub_NIH,00000211_005.png,ok,256x256 -> 1024x1024,4,1,39.16,36.8312,13.488526,3.672673,0.9155,0.9847,0.3721,8.4917,37.2317,12.300022,3.507139,0.9182,0.9862,0.3937,0.3937,0.3937,8.0242,111.387,74.9178,111.387,74.9178,0.1131,37.2317,0.9182,12.300022,3.507139,0.4006,0.0015,-0.0216,0.4675
/kaggle/input/datasets/duc24kdl/sub-x-ray/sub_X-Ray/sub_NIH/00000211_010.png,,sub_NIH,00000211_010.png,ok,256x256 -> 1024x1024,4,1,39.26,37.6271,11.229746,3.351081,0.9326,0.9878,0.2979,8.5125,38.0067,10.289823,3.207775,0.9353,0.9892,0.3108,0.3108,0.3108,7.9516,90.1381,78.551,90.1381,78.551,0.0908,38.0067,0.9353,10.289823,3.207775,0.3796,0.0014,-0.0129,0.5609
/kaggle/input/datasets/duc24kdl/sub-x-ray/sub_X-Ray/sub_NIH/00000211_016.png,,sub_NIH,00000211_016.png,ok,256x256 -> 1024x1024,4,1,39.13,36.5048,14.541172,3.813289,0.9623,0.9918,0.2276,8.7379,36.8714,13.364158,3.655702,0.9638,0.993,0.2341,0.2341,0.2341,8.0516,113.7353,65.2653,113.7353,65.2653,0.0906,36.8714,0.9638,13.364158,3.655702,0.3666,0.0012,-0.0065,0.6862
/kaggle/input/datasets/duc24kdl/sub-x-ray/sub_X-Ray/sub_NIH/00000211_018.png,,sub_NIH,00000211_018.png,ok,256x256 -> 1024x1024,4,1,38.93,34.9947,20.588033,4.537404,0.9654,0.9921,0.2282,8.6391,35.2987,19.195908,4.381314,0.9671,0.9933,0.2298,0.2298,0.2298,7.8667,94.5209,61.4493,94.5209,61.4493,0.1208,35.2987,0.9671,19.195908,4.381314,0.3041,0.0012,-0.0016,0.7724
/kaggle/input/datasets/duc24kdl/sub-x-ray/sub_X-Ray/sub_NIH/00000211_021.png,,sub_NIH,00000211_021.png,ok,256x256 -> 1024x1024,4,1,39.24,37.7695,10.867618,3.296607,0.9279,0.9868,0.3287,8.5115,38.1668,9.917452,3.149199,0.9305,0.9882,0.346,0.346,0.346,7.8089,100.6678,72.449,100.6678,72.449,0.1305,38.1668,0.9305,9.917452,3.149199,0.3973,0.0014,-0.0173,0.7026
/kaggle/input/datasets/duc24kdl/sub-x-ray/sub_X-Ray/sub_NIH/00000211_036.png,,sub_NIH,00000211_036.png,ok,256x256 -> 1024x1024,4,1,39.99,38.0913,10.091283,3.176678,0.9016,0.9823,0.4162,8.4464,38.3504,9.506881,3.083323,0.9046,0.9838,0.445,0.445,0.445,8.1112,117.0794,73.6849,117.0794,73.6849,0.0825,38.3504,0.9046,9.506881,3.083323,0.2591,0.0015,-0.0288,0.3352
/kaggle/input/datasets/duc24kdl/sub-x-ray/sub_X-Ray/sub_NIH/00000211_038.png,,sub_NIH,00000211_038.png,ok,256x256 -> 1024x1024,4,1,39.35,34.1345,25.097612,5.009752,0.9682,0.9927,0.2293,9.05,34.3911,23.657698,4.863918,0.969,0.9936,0.2429,0.2429,0.2429,8.4121,108.0449,63.6653,108.0449,63.6653,0.1165,34.3911,0.969,23.657698,4.863918,0.2566,0.0009,-0.0135,0.6379
/kaggle/input/datasets/duc24kdl/sub-x-ray/sub_X-Ray/sub_NIH/00000211_039.png,,sub_NIH,00000211_039.png,ok,256x256 -> 1024x1024,4,1,38.86,31.3401,47.760791,6.910918,0.9614,0.9917,0.2812,8.745,31.4255,46.830287,6.843266,0.962,0.9924,0.2965,0.2965,0.2965,8.1742,111.516,60.383,111.516,60.383,0.0747,31.4255,0.962,46.830287,6.843266,0.0854,0.0008,-0.0153,0.5708
/kaggle/input/datasets/duc24kdl/sub-x-ray/sub_X-Ray/sub_NIH/00000211_040.png,,sub_NIH,00000211_040.png,ok,256x256 -> 1024x1024,4,1,39.87,33.8743,26.64703,5.162076,0.9686,0.9929,0.2418,8.9152,33.9953,25.914825,5.090661,0.9701,0.9938,0.2561,0.2561,0.2561,8.4279,102.3221,57.6733,102.3221,57.6733,0.0854,33.9953,0.9701,25.914825,5.090661,0.121,0.0009,-0.0142,0.4873
/kaggle/input/datasets/duc24kdl/sub-x-ray/sub_X-Ray/sub_NIH/00000213_003.png,,sub_NIH,00000213_003.png,ok,256x256 -> 1024x1024,4,1,40.07,32.6775,35.102064,5.9247,0.9698,0.9929,0.2777,9.4142,32.706,34.872579,5.905301,0.9707,0.9935,0.3009,0.3009,0.3009,9.0147,125.8796,47.5267,125.8796,47.5267,0.0781,32.706,0.9707,34.872579,5.905301,0.0285,0.0007,-0.0233,0.3996
/kaggle/input/datasets/duc24kdl/sub-x-ray/sub_X-Ray/sub_NIH/00000217_000.png,,sub_NIH,00000217_000.png,ok,256x256 -> 1024x1024,4,1,38.82,37.991,10.327243,3.213603,0.9282,0.9866,0.3705,8.8133,38.2366,9.759292,3.123986,0.9307,0.9879,0.3888,0.3888,0.3888,8.3214,128.1993,64.4853,128.1993,64.4853,0.0877,38.2366,0.9307,9.759292,3.123986,0.2457,0.0014,-0.0183,0.4919
/kaggle/input/datasets/duc24kdl/sub-x-ray/sub_X-Ray/sub_NIH/00000218_000.png,,sub_NIH,00000218_000.png,ok,256x256 -> 1024x1024,4,1,39.11,41.0934,5.055275,2.248394,0.9603,0.991,0.2345,8.6469,41.4136,4.695868,2.166995,0.9631,0.9924,0.2406,0.2406,0.2406,8.1327,160.4751,60.7801,160.4751,60.7801,0.1542,41.4136,0.9631,4.695868,2.166995,0.3203,0.0014,-0.0062,0.5141
/kaggle/input/datasets/duc24kdl/sub-x-ray/sub_X-Ray/sub_NIH/00000218_003.png,,sub_NIH,00000218_003.png,ok,256x256 -> 1024x1024,4,1,38.93,40.0409,6.441532,2.538017,0.9558,0.9902,0.2612,8.42,40.3916,5.941862,2.437593,0.9588,0.9917,0.2736,0.2736,0.2736,7.8862,150.2232,60.643,150.2232,60.643,0.1553,40.3916,0.9588,5.941862,2.437593,0.3507,0.0016,-0.0124,0.5338
/kaggle/input/datasets/duc24kdl/sub-x-ray/sub_X-Ray/sub_NIH/00000218_006.png,,sub_NIH,00000218_006.png,ok,256x256 -> 1024x1024,4,1,39.27,41.0254,5.134983,2.26605,0.9591,0.9907,0.2355,8.5151,41.302,4.81816,2.195031,0.9622,0.9922,0.241,0.241,0.241,7.9062,160.5595,60.08,160.5595,60.08,0.1351,41.302,0.9622,4.81816,2.195031,0.2766,0.0015,-0.0055,0.6089
/kaggle/input/datasets/duc24kdl/sub-x-ray/sub_X-Ray/sub_NIH/00000218_007.png,,sub_NIH,00000218_007.png,ok,256x256 -> 1024x1024,4,1,39.48,41.053,5.102454,2.258861,0.9688,0.9926,0.215,8.5195,41.4836,4.620785,2.149601,0.9713,0.9938,0.223,0.223,0.223,8.1419,158.6611,59.6198,158.6611,59.6198,0.1588,41.4836,0.9713,4.620785,2.149601,0.4306,0.0012,-0.008,0.3776
/kaggle/input/datasets/duc24kdl/sub-x-ray/sub_X-Ray/sub_NIH/00000218_008.png,,sub_NIH,00000218_008.png,ok,256x256 -> 1024x1024,4,1,39.47,39.2805,7.674081,2.770213,0.9632,0.9914,0.2048,8.4881,39.9131,6.633983,2.575652,0.966,0.9929,0.2102,0.2102,0.2102,7.9168,165.5838,62.1016,165.5838,62.1016,0.2749,39.9131,0.966,6.633983,2.575652,0.6325,0.0015,-0.0054,0.5713
/kaggle/input/datasets/duc24kdl/sub-x-ray/sub_X-Ray/sub_NIH/00000222_000.png,,sub_NIH,00000222_000.png,ok,256x256 -> 1024x1024,4,1,39.91,34.5661,22.72328,4.766894,0.9578,0.9907,0.224,8.1714,35.0891,20.145307,4.488352,0.9602,0.9921,0.2214,0.2214,0.2214,7.7437,150.7701,74.3611,150.7701,74.3611,0.1495,35.0891,0.9602,20.145307,4.488352,0.523,0.0015,0.0025,0.4277
/kaggle/input/datasets/duc24kdl/sub-x-ray/sub_X-Ray/sub_NIH/00000230_006.png,,sub_NIH,00000230_006.png,ok,256x256 -> 1024x1024,4,1,39.3,31.1101,50.357931,7.096332,0.9541,0.9904,0.3073,8.4479,31.3267,47.908192,6.921574,0.9544,0.9911,0.3255,0.3255,0.3255,7.9778,134.4801,58.6121,134.4801,58.6121,0.1272,31.3267,0.9544,47.908192,6.921574,0.2166,0.0007,-0.0182,0.4702
/kaggle/input/datasets/duc24kdl/sub-x-ray/sub_X-Ray/sub_NIH/00000231_000.png,,sub_NIH,00000231_000.png,ok,256x256 -> 1024x1024,4,1,39.32,30.4451,58.690362,7.660963,0.9319,0.985,0.307,7.6322,30.7592,54.595436,7.388872,0.9355,0.9874,0.2995,0.2995,0.2995,7.0557,113.6442,63.4057,113.6442,63.4057,0.1158,30.7592,0.9355,54.595436,7.388872,0.3141,0.0025,0.0075,0.5766
/kaggle/input/datasets/duc24kdl/sub-x-ray/sub_X-Ray/sub_NIH/00000231_005.png,,sub_NIH,00000231_005.png,ok,256x256 -> 1024x1024,4,1,39.3,36.8601,13.399005,3.660465,0.9043,0.9818,0.4224,8.312,37.1835,12.437541,3.52669,0.9075,0.9837,0.4435,0.4435,0.4435,7.9065,120.9521,69.5604,120.9521,69.5604,0.0627,37.1835,0.9075,12.437541,3.52669,0.3234,0.0018,-0.0212,0.4055
/kaggle/input/datasets/duc24kdl/sub-x-ray/sub_X-Ray/sub_NIH/00000237_000.png,,sub_NIH,00000237_000.png,ok,256x256 -> 1024x1024,4,1,38.97,34.1874,24.793907,4.979348,0.9689,0.9933,0.2159,9.0115,34.4507,23.335203,4.830652,0.9702,0.994,0.2242,0.2242,0.2242,8.3928,170.4364,57.8205,170.4364,57.8205,-0.0191,34.4507,0.9702,23.335203,4.830652,0.2633,0.0007,-0.0083,0.6187
/kaggle/input/datasets/duc24kdl/sub-x-ray/sub_X-Ray/sub_NIH/00000238_002.png,,sub_NIH,00000238_002.png,ok,256x256 -> 1024x1024,4,1,39.44,34.2277,24.564388,4.956247,0.9672,0.9929,0.233,8.9548,34.5514,22.800437,4.77498,0.9681,0.9936,0.2396,0.2396,0.2396,8.464,165.9534,53.5653,165.9534,53.5653,0.2723,34.5514,0.9681,22.800437,4.77498,0.3236,0.0008,-0.0066,0.4908
/kaggle/input/datasets/duc24kdl/sub-x-ray/sub_X-Ray/sub_NIH/00000239_001.png,,sub_NIH,00000239_001.png,ok,256x256 -> 1024x1024,4,1,39.13,37.9313,10.470042,3.235744,0.9277,0.9868,0.3499,8.5987,38.199,9.844147,3.137538,0.9304,0.9882,0.3707,0.3707,0.3707,8.0211,112.968,70.6219,112.968,70.6219,0.1033,38.199,0.9304,9.844147,3.137538,0.2677,0.0014,-0.0208,0.5776
/kaggle/input/datasets/duc24kdl/sub-x-ray/sub_X-Ray/sub_NIH/00000240_000.png,,sub_NIH,00000240_000.png,ok,256x256 -> 1024x1024,4,1,39.04,40.354,5.993525,2.448168,0.9616,0.9911,0.2385,8.3919,41.1542,4.984908,2.232691,0.9644,0.9924,0.2466,0.2466,0.2466,8.0605,159.723,54.7008,159.723,54.7008,0.3318,41.1542,0.9644,4.984908,2.232691,0.8003,0.0014,-0.0081,0.3314
/kaggle/input/datasets/duc24kdl/sub-x-ray/sub_X-Ray/sub_NIH/00000242_003.png,,sub_NIH,00000242_003.png,ok,256x256 -> 1024x1024,4,1,39.06,34.8283,21.39218,4.625168,0.9656,0.9927,0.2199,8.4008,34.9242,20.924832,4.574367,0.9673,0.9937,0.227,0.227,0.227,7.8676,168.1193,55.8171,168.1193,55.8171,0.061,34.9242,0.9673,20.924832,4.574367,0.0959,0.001,-0.0071,0.5332
/kaggle/input/datasets/duc24kdl/sub-x-ray/sub_X-Ray/sub_NIH/00000243_001.png,,sub_NIH,00000243_001.png,ok,256x256 -> 1024x1024,4,1,39.32,33.7615,27.348058,5.229537,0.9577,0.9909,0.2431,8.6005,34.3091,24.108331,4.910024,0.9606,0.9922,0.245,0.245,0.245,8.0977,171.354,54.0094,171.354,54.0094,0.1093,34.3091,0.9606,24.108331,4.910024,0.5476,0.0013,-0.0019,0.5027
/kaggle/input/datasets/duc24kdl/sub-x-ray/sub_X-Ray/sub_NIH/00000246_004.png,,sub_NIH,00000246_004.png,ok,256x256 -> 1024x1024,4,1,39.59,33.0409,32.284522,5.681947,0.9377,0.9868,0.3343,8.1012,33.4709,29.240775,5.407474,0.9386,0.9878,0.3511,0.3511,0.3511,7.6126,137.7605,50.1526,137.7605,50.1526,0.1392,33.4709,0.9386,29.240775,5.407474,0.4301,0.0011,-0.0168,0.4887
/kaggle/input/datasets/duc24kdl/sub-x-ray/sub_X-Ray/sub_NIH/00000246_008.png,,sub_NIH,00000246_008.png,ok,256x256 -> 1024x1024,4,1,39.11,32.2054,39.132672,6.255611,0.9463,0.9882,0.3115,8.4586,32.4099,37.33306,6.110079,0.9479,0.9895,0.3283,0.3283,0.3283,8.1689,143.1249,54.7462,143.1249,54.7462,0.0995,32.4099,0.9479,37.33306,6.110079,0.2045,0.0013,-0.0168,0.2897
/kaggle/input/datasets/duc24kdl/sub-x-ray/sub_X-Ray/sub_NIH/00000246_014.png,,sub_NIH,00000246_014.png,ok,256x256 -> 1024x1024,4,1,39.73,34.2912,24.207936,4.920156,0.9438,0.988,0.3309,8.7275,35.287,19.247806,4.387232,0.9448,0.9889,0.3482,0.3482,0.3482,8.2622,142.9959,52.2878,142.9959,52.2878,0.4307,35.287,0.9448,19.247806,4.387232,0.9958,0.0009,-0.0174,0.4653
/kaggle/input/datasets/duc24kdl/sub-x-ray/sub_X-Ray/sub_NIH/00000246_015.png,,sub_NIH,00000246_015.png,ok,256x256 -> 1024x1024,4,1,39.27,33.574,28.554568,5.343647,0.9415,0.9876,0.3368,8.8861,34.4294,23.449991,4.842519,0.9442,0.9889,0.3483,0.3483,0.3483,8.3513,139.378,55.8665,139.378,55.8665,0.135,34.4294,0.9442,23.449991,4.842519,0.8553,0.0013,-0.0115,0.5348
/kaggle/input/datasets/duc24kdl/sub-x-ray/sub_X-Ray/sub_NIH/00000247_000.png,,sub_NIH,00000247_000.png,ok,256x256 -> 1024x1024,4,1,39.44,41.8751,4.222484,2.054868,0.9651,0.9919,0.2397,8.5976,42.4356,3.711212,1.926451,0.9677,0.9931,0.2507,0.2507,0.2507,8.1743,164.6144,44.0156,164.6144,44.0156,0.2004,42.4356,0.9677,3.711212,1.926451,0.5605,0.0012,-0.011,0.4233
/kaggle/input/datasets/duc24kdl/sub-x-ray/sub_X-Ray/sub_NIH/00000248_000.png,,sub_NIH,00000248_000.png,ok,256x256 -> 1024x1024,4,1,40.16,38.638,8.897778,2.982914,0.9371,0.9883,0.3195,8.5647,38.9068,8.363727,2.892011,0.9391,0.9895,0.3385,0.3385,0.3385,8.2558,111.7708,69.2535,111.7708,69.2535,0.1125,38.9068,0.9391,8.363727,2.892011,0.2688,0.0012,-0.019,0.3089
/kaggle/input/datasets/duc24kdl/sub-x-ray/sub_X-Ray/sub_NIH/00000248_001.png,,sub_NIH,00000248_001.png,ok,256x256 -> 1024x1024,4,1,40.0,31.1269,50.163979,7.082653,0.9602,0.9905,0.2875,8.5107,31.3021,48.180421,6.941212,0.9619,0.9917,0.29,0.29,0.29,8.1759,107.1503,50.271,107.1503,50.271,0.1109,31.3021,0.9619,48.180421,6.941212,0.1752,0.0011,-0.0025,0.3348
/kaggle/input/datasets/duc24kdl/sub-x-ray/sub_X-Ray/sub_NIH/00000248_003.png,,sub_NIH,00000248_003.png,ok,256x256 -> 1024x1024,4,1,38.92,32.2995,38.293908,6.188207,0.9627,0.9916,0.2955,8.8926,32.5197,36.400557,6.033287,0.9643,0.9926,0.3093,0.3093,0.3093,8.4512,114.2391,46.1981,114.2391,46.1981,0.1102,32.5197,0.9643,36.400557,6.033287,0.2202,0.0011,-0.0138,0.4414
/kaggle/input/datasets/duc24kdl/sub-x-ray/sub_X-Ray/sub_NIH/00000248_009.png,,sub_NIH,00000248_009.png,ok,256x256 -> 1024x1024,4,1,39.19,33.2206,30.975775,5.565588,0.9648,0.9915,0.2528,8.5649,33.3161,30.301642,5.504693,0.9659,0.9923,0.2674,0.2674,0.2674,8.2939,123.7447,58.057,123.7447,58.057,0.0983,33.3161,0.9659,30.301642,5.504693,0.0956,0.0008,-0.0146,0.271
/kaggle/input/datasets/duc24kdl/sub-x-ray/sub_X-Ray/sub_NIH/00000248_020.png,,sub_NIH,00000248_020.png,ok,256x256 -> 1024x1024,4,1,39.99,31.6683,44.284785,6.654681,0.9722,0.9939,0.2074,9.8688,31.9929,41.095598,6.410585,0.9726,0.9945,0.2242,0.2242,0.2242,8.9948,152.0853,55.9985,152.0853,55.9985,0.1034,31.9929,0.9726,41.095598,6.410585,0.3246,0.0006,-0.0167,0.874
/kaggle/input/datasets/duc24kdl/sub-x-ray/sub_X-Ray/sub_NIH/00000248_021.png,,sub_NIH,00000248_021.png,ok,256x256 -> 1024x1024,4,1,39.47,34.6092,22.498867,4.743297,0.962,0.9916,0.2821,8.6833,34.8431,21.318944,4.617244,0.9639,0.9927,0.2917,0.2917,0.2917,8.1435,120.5617,50.8758,120.5617,50.8758,0.0985,34.8431,0.9639,21.318944,4.617244,0.2339,0.0011,-0.0095,0.5398
/kaggle/input/datasets/duc24kdl/sub-x-ray/sub_X-Ray/sub_NIH/00000248_023.png,,sub_NIH,00000248_023.png,ok,256x256 -> 1024x1024,4,1,39.49,30.9663,52.053231,7.214792,0.9647,0.9923,0.2682,9.0577,31.0949,50.534984,7.108796,0.9652,0.993,0.2804,0.2804,0.2804,8.544,111.4101,57.2369,111.4101,57.2369,0.077,31.0949,0.9652,50.534984,7.108796,0.1286,0.0007,-0.0121,0.5136
/kaggle/input/datasets/duc24kdl/sub-x-ray/sub_X-Ray/sub_NIH/00000248_025.png,,sub_NIH,00000248_025.png,ok,256x256 -> 1024x1024,4,1,38.9,39.1229,7.957772,2.820952,0.94,0.9891,0.3339,8.8547,39.4384,7.400073,2.720308,0.9422,0.9901,0.3577,0.3577,0.3577,8.3316,121.9211,68.6725,121.9211,68.6725,0.1007,39.4384,0.9422,7.400073,2.720308,0.3156,0.0011,-0.0237,0.5231
/kaggle/input/datasets/duc24kdl/sub-x-ray/sub_X-Ray/sub_NIH/00000250_001.png,,sub_NIH,00000250_001.png,ok,256x256 -> 1024x1024,4,1,39.5,38.887,8.401974,2.898616,0.9678,0.9934,0.29,9.0047,39.0512,8.090276,2.844341,0.9695,0.9942,0.3114,0.3114,0.3114,8.3476,108.3989,52.6175,108.3989,52.6175,0.0519,39.0512,0.9695,8.090276,2.844341,0.1642,0.0008,-0.0214,0.6571
/kaggle/input/datasets/duc24kdl/sub-x-ray/sub_X-Ray/sub_NIH/00000250_002.png,,sub_NIH,00000250_002.png,ok,256x256 -> 1024x1024,4,1,39.88,37.8302,10.716722,3.27364,0.9292,0.987,0.3567,8.7078,38.2649,9.695989,3.113838,0.9319,0.9884,0.3768,0.3768,0.3768,8.2082,118.4639,68.3211,118.4639,68.3211,0.1052,38.2649,0.9319,9.695989,3.113838,0.4347,0.0013,-0.0202,0.4996
/kaggle/input/datasets/duc24kdl/sub-x-ray/sub_X-Ray/sub_NIH/00000250_007.png,,sub_NIH,00000250_007.png,ok,256x256 -> 1024x1024,4,1,39.21,36.0559,16.124731,4.015561,0.9789,0.9953,0.1894,9.4645,36.222,15.519624,3.939495,0.9802,0.9959,0.2037,0.2037,0.2037,8.7557,151.3438,54.7944,151.3438,54.7944,0.064,36.222,0.9802,15.519624,3.939495,0.1661,0.0006,-0.0143,0.7088
/kaggle/input/datasets/duc24kdl/sub-x-ray/sub_X-Ray/sub_NIH/00000250_008.png,,sub_NIH,00000250_008.png,ok,256x256 -> 1024x1024,4,1,39.5,38.7136,8.744179,2.957056,0.9763,0.9951,0.2294,9.7351,38.7954,8.581058,2.929344,0.9775,0.9956,0.2514,0.2514,0.2514,9.2229,104.9001,59.4801,104.9001,59.4801,0.0393,38.7954,0.9775,8.581058,2.929344,0.0818,0.0005,-0.0219,0.5123
/kaggle/input/datasets/duc24kdl/sub-x-ray/sub_X-Ray/sub_NIH/00000250_011.png,,sub_NIH,00000250_011.png,ok,256x256 -> 1024x1024,4,1,39.81,38.467,9.254978,3.0422,0.9321,0.9875,0.3288,8.5645,38.7774,8.616621,2.935408,0.9346,0.9888,0.3445,0.3445,0.3445,7.9443,121.1756,72.8021,121.1756,72.8021,0.1062,38.7774,0.9346,8.616621,2.935408,0.3104,0.0013,-0.0157,0.6202
/kaggle/input/datasets/duc24kdl/sub-x-ray/sub_X-Ray/sub_NIH/00000250_014.png,,sub_NIH,00000250_014.png,ok,256x256 -> 1024x1024,4,1,38.94,38.0239,10.249171,3.201433,0.9319,0.9875,0.3495,8.7923,38.3223,9.568546,3.093307,0.9347,0.9888,0.3672,0.3672,0.3672,8.2564,125.0548,65.9779,125.0548,65.9779,0.114,38.3223,0.9347,9.568546,3.093307,0.2984,0.0013,-0.0177,0.5359
/kaggle/input/datasets/duc24kdl/sub-x-ray/sub_X-Ray/sub_NIH/00000250_016.png,,sub_NIH,00000250_016.png,ok,256x256 -> 1024x1024,4,1,38.88,35.1798,19.728856,4.441718,0.9663,0.9924,0.2461,8.9392,35.2386,19.46341,4.411735,0.968,0.9934,0.256,0.256,0.256,8.5234,174.8557,48.2654,174.8557,48.2654,0.0482,35.2386,0.968,19.46341,4.411735,0.0588,0.001,-0.0098,0.4159
/kaggle/input/datasets/duc24kdl/sub-x-ray/sub_X-Ray/sub_NIH/00000255_000.png,,sub_NIH,00000255_000.png,ok,256x256 -> 1024x1024,4,1,39.91,36.2983,15.249298,3.905035,0.9663,0.9923,0.2093,8.3655,36.4576,14.700094,3.83407,0.9685,0.9935,0.2147,0.2147,0.2147,7.9075,153.9166,61.8722,153.9166,61.8722,0.0781,36.4576,0.9685,14.700094,3.83407,0.1593,0.0012,-0.0054,0.458
/kaggle/input/datasets/duc24kdl/sub-x-ray/sub_X-Ray/sub_NIH/00000261_000.png,,sub_NIH,00000261_000.png,ok,256x256 -> 1024x1024,4,1,39.48,37.6253,11.234487,3.351789,0.943,0.9891,0.3177,8.3952,38.0744,10.130787,3.18289,0.945,0.9904,0.3307,0.3307,0.3307,7.7588,105.2394,67.384,105.2394,67.384,0.1282,38.0744,0.945,10.130787,3.18289,0.4491,0.0013,-0.013,0.6364
/kaggle/input/datasets/duc24kdl/sub-x-ray/sub_X-Ray/sub_NIH/00000265_002.png,,sub_NIH,00000265_002.png,ok,256x256 -> 1024x1024,4,1,39.88,32.5421,36.213372,6.017755,0.962,0.9917,0.2384,8.6176,32.6296,35.49129,5.957457,0.9631,0.9926,0.2457,0.2457,0.2457,8.2019,157.0413,73.2723,157.0413,73.2723,0.0838,32.6296,0.9631,35.49129,5.957457,0.0875,0.0009,-0.0073,0.4158
/kaggle/input/datasets/duc24kdl/sub-x-ray/sub_X-Ray/sub_NIH/00000268_002.png,,sub_NIH,00000268_002.png,ok,256x256 -> 1024x1024,4,1,40.01,32.1831,39.333967,6.27168,0.9762,0.994,0.2092,9.4035,32.295,38.333623,6.191415,0.977,0.9946,0.2207,0.2207,0.2207,8.5663,155.4097,54.1352,155.4097,54.1352,0.0913,32.295,0.977,38.333623,6.191415,0.1119,0.0006,-0.0115,0.8372
/kaggle/input/datasets/duc24kdl/sub-x-ray/sub_X-Ray/sub_NIH/00000270_001.png,,sub_NIH,00000270_001.png,ok,256x256 -> 1024x1024,4,1,39.55,33.9829,25.98891,5.097932,0.9586,0.9908,0.2034,7.7212,34.244,24.472428,4.946962,0.9607,0.9922,0.2066,0.2066,0.2066,7.3325,162.8849,67.3709,162.8849,67.3709,0.0892,34.244,0.9607,24.472428,4.946962,0.2611,0.0014,-0.0031,0.3887
/kaggle/input/datasets/duc24kdl/sub-x-ray/sub_X-Ray/sub_NIH/00000271_004.png,,sub_NIH,00000271_004.png,ok,256x256 -> 1024x1024,4,1,39.31,37.5444,11.445519,3.383123,0.9231,0.9848,0.3209,8.4412,37.7624,10.885331,3.299293,0.9256,0.9863,0.3303,0.3303,0.3303,7.9266,87.4289,67.9172,87.4289,67.9172,0.1252,37.7624,0.9256,10.885331,3.299293,0.2179,0.0015,-0.0093,0.5146
/kaggle/input/datasets/duc24kdl/sub-x-ray/sub_X-Ray/sub_NIH/00000272_000.png,,sub_NIH,00000272_000.png,ok,256x256 -> 1024x1024,4,1,39.02,39.2808,7.673542,2.770116,0.9635,0.9917,0.2226,8.5771,39.8894,6.670219,2.582677,0.9659,0.993,0.2295,0.2295,0.2295,8.0852,148.1028,56.8404,148.1028,56.8404,0.1727,39.8894,0.9659,6.670219,2.582677,0.6086,0.0013,-0.0069,0.492
/kaggle/input/datasets/duc24kdl/sub-x-ray/sub_X-Ray/sub_NIH/00000272_001.png,,sub_NIH,00000272_001.png,ok,256x256 -> 1024x1024,4,1,39.96,34.7562,21.749972,4.663687,0.9625,0.992,0.2226,8.3489,34.9375,20.860648,4.567346,0.9646,0.9932,0.2282,0.2282,0.2282,7.7924,154.343,67.3556,154.343,67.3556,0.0689,34.9375,0.9646,20.860648,4.567346,0.1813,0.0012,-0.0056,0.5564
/kaggle/input/datasets/duc24kdl/sub-x-ray/sub_X-Ray/sub_NIH/00000272_002.png,,sub_NIH,00000272_002.png,ok,256x256 -> 1024x1024,4,1,39.58,33.1648,31.37592,5.601421,0.9579,0.9913,0.224,8.6303,33.7803,27.230221,5.218258,0.961,0.9926,0.2244,0.2244,0.2244,8.2604,133.1745,77.4991,133.1745,77.4991,-0.0089,33.7803,0.961,27.230221,5.218258,0.6155,0.0012,-0.0003,0.3698
/kaggle/input/datasets/duc24kdl/sub-x-ray/sub_X-Ray/sub_NIH/00000272_006.png,,sub_NIH,00000272_006.png,ok,256x256 -> 1024x1024,4,1,39.93,31.3627,47.512903,6.89296,0.9378,0.9872,0.265,8.3274,32.1491,39.642903,6.296261,0.9411,0.989,0.2624,0.2624,0.2624,7.8181,127.2291,70.1416,127.2291,70.1416,0.1522,32.1491,0.9411,39.642903,6.296261,0.7865,0.0018,0.0026,0.5093
/kaggle/input/datasets/duc24kdl/sub-x-ray/sub_X-Ray/sub_NIH/00000273_004.png,,sub_NIH,00000273_004.png,ok,256x256 -> 1024x1024,4,1,39.14,40.7774,5.43674,2.331682,0.9644,0.9918,0.2301,8.344,40.9873,5.180204,2.276006,0.9667,0.9929,0.2476,0.2476,0.2476,7.8939,166.9898,52.1721,166.9898,52.1721,0.1057,40.9873,0.9667,5.180204,2.276006,0.2099,0.0011,-0.0175,0.45
/kaggle/input/datasets/duc24kdl/sub-x-ray/sub_X-Ray/sub_NIH/00000274_000.png,,sub_NIH,00000274_000.png,ok,256x256 -> 1024x1024,4,1,40.27,34.5902,22.597251,4.753657,0.9653,0.9921,0.2176,8.2431,34.6846,22.11145,4.702281,0.9668,0.9932,0.2229,0.2229,0.2229,7.8576,154.2525,73.0539,154.2525,73.0539,0.0743,34.6846,0.9668,22.11145,4.702281,0.0944,0.001,-0.0054,0.3855
/kaggle/input/datasets/duc24kdl/sub-x-ray/sub_X-Ray/sub_NIH/00000275_000.png,,sub_NIH,00000275_000.png,ok,256x256 -> 1024x1024,4,1,40.03,32.0649,40.419072,6.3576,0.9405,0.9872,0.2909,7.9547,32.1095,40.006883,6.325099,0.9419,0.9885,0.3018,0.3018,0.3018,7.6321,148.9118,72.0747,148.9118,72.0747,0.0413,32.1095,0.9419,40.006883,6.325099,0.0445,0.0013,-0.0109,0.3226
/kaggle/input/datasets/duc24kdl/sub-x-ray/sub_X-Ray/sub_NIH/00000275_001.png,,sub_NIH,00000275_001.png,ok,256x256 -> 1024x1024,4,1,39.99,30.674,55.677505,7.461736,0.9373,0.9861,0.3288,8.3163,30.9176,52.64019,7.255356,0.9391,0.9878,0.3382,0.3382,0.3382,7.9023,120.4786,50.0173,120.4786,50.0173,0.1501,30.9176,0.9391,52.64019,7.255356,0.2436,0.0017,-0.0093,0.414
/kaggle/input/datasets/duc24kdl/sub-x-ray/sub_X-Ray/sub_NIH/00000275_004.png,,sub_NIH,00000275_004.png,ok,256x256 -> 1024x1024,4,1,39.61,37.6687,11.122588,3.335054,0.9345,0.9884,0.3492,9.1028,37.9811,10.350649,3.217242,0.9364,0.9894,0.3723,0.3723,0.3723,8.5932,138.6617,68.1706,138.6617,68.1706,0.0639,37.9811,0.9364,10.350649,3.217242,0.3124,0.001,-0.0231,0.5096
/kaggle/input/datasets/duc24kdl/sub-x-ray/sub_X-Ray/sub_NIH/00000278_001.png,,sub_NIH,00000278_001.png,ok,256x256 -> 1024x1024,4,1,39.12,41.9447,4.155339,2.038465,0.9624,0.9914,0.2796,8.8202,42.4287,3.717179,1.927999,0.9651,0.9927,0.2976,0.2976,0.2976,8.5354,160.6621,40.1927,160.6621,40.1927,0.1285,42.4287,0.9651,3.717179,1.927999,0.4839,0.0013,-0.018,0.2848
/kaggle/input/datasets/duc24kdl/sub-x-ray/sub_X-Ray/sub_NIH/00000278_004.png,,sub_NIH,00000278_004.png,ok,256x256 -> 1024x1024,4,1,39.88,35.7982,17.110483,4.136482,0.9672,0.9927,0.2463,8.8779,35.8871,16.763705,4.09435,0.969,0.9937,0.2567,0.2567,0.2567,8.3624,172.7911,46.855,172.7911,46.855,0.0488,35.8871,0.969,16.763705,4.09435,0.0889,0.001,-0.0105,0.5155
/kaggle/input/datasets/duc24kdl/sub-x-ray/sub_X-Ray/sub_NIH/00000283_000.png,,sub_NIH,00000283_000.png,ok,256x256 -> 1024x1024,4,1,40.58,42.2566,3.867445,1.966582,0.9542,0.9897,0.2991,8.4303,42.5848,3.585905,1.893649,0.9568,0.991,0.3165,0.3165,0.3165,8.1502,112.5921,30.0375,112.5921,30.0375,0.0971,42.5848,0.9568,3.585905,1.893649,0.3283,0.0013,-0.0173,0.28
/kaggle/input/datasets/duc24kdl/sub-x-ray/sub_X-Ray/sub_NIH/00000284_002.png,,sub_NIH,00000284_002.png,ok,256x256 -> 1024x1024,4,1,39.41,33.6502,28.058263,5.297005,0.9581,0.9916,0.217,8.3288,34.0835,25.394091,5.039255,0.9596,0.9927,0.2196,0.2196,0.2196,7.5937,152.8233,70.5574,152.8233,70.5574,0.0669,34.0835,0.9596,25.394091,5.039255,0.4333,0.0011,-0.0026,0.7351
/kaggle/input/datasets/duc24kdl/sub-x-ray/sub_X-Ray/sub_NIH/00000285_004.png,,sub_NIH,00000285_004.png,ok,256x256 -> 1024x1024,4,1,40.1,38.3674,9.469694,3.077287,0.9209,0.9857,0.4035,8.7102,38.6051,8.965431,2.994233,0.9239,0.9872,0.4299,0.4299,0.4299,8.3384,126.2632,63.7934,126.2632,63.7934,0.0791,38.6051,0.9239,8.965431,2.994233,0.2376,0.0015,-0.0264,0.3718
/kaggle/input/datasets/duc24kdl/sub-x-ray/sub_X-Ray/sub_NIH/00000288_001.png,,sub_NIH,00000288_001.png,ok,256x256 -> 1024x1024,4,1,39.99,34.1617,24.940892,4.994086,0.9596,0.9911,0.2225,8.0827,35.1429,19.897141,4.460621,0.9628,0.9925,0.227,0.227,0.227,7.6599,153.5064,66.0679,153.5064,66.0679,0.3928,35.1429,0.9628,19.897141,4.460621,0.9812,0.0014,-0.0045,0.4229
/kaggle/input/datasets/duc24kdl/sub-x-ray/sub_X-Ray/sub_NIH/00000288_004.png,,sub_NIH,00000288_004.png,ok,256x256 -> 1024x1024,4,1,39.45,38.375,9.453203,3.074606,0.9301,0.9871,0.3492,8.861,38.7243,8.722669,2.953416,0.9328,0.9884,0.3683,0.3683,0.3683,8.254,102.883,63.7467,102.883,63.7467,0.1082,38.7243,0.9328,8.722669,2.953416,0.3493,0.0014,-0.0191,0.607
/kaggle/input/datasets/duc24kdl/sub-x-ray/sub_X-Ray/sub_NIH/00000289_000.png,,sub_NIH,00000289_000.png,ok,256x256 -> 1024x1024,4,1,39.35,38.2823,9.657232,3.107609,0.9347,0.9879,0.3614,8.746,38.4084,9.380817,3.062812,0.9371,0.9891,0.3853,0.3853,0.3853,8.4345,131.6577,67.66,131.6577,67.66,0.062,38.4084,0.9371,9.380817,3.062812,0.1261,0.0012,-0.024,0.3114
/kaggle/input/datasets/duc24kdl/sub-x-ray/sub_X-Ray/sub_NIH/00000289_002.png,,sub_NIH,00000289_002.png,ok,256x256 -> 1024x1024,4,1,38.96,41.8377,4.259022,2.06374,0.9619,0.9915,0.2633,8.4259,42.1877,3.929272,1.982239,0.9641,0.9925,0.277,0.277,0.277,7.8876,105.6284,38.6221,105.6284,38.6221,0.1056,42.1877,0.9641,3.929272,1.982239,0.35,0.001,-0.0137,0.5383
/kaggle/input/datasets/duc24kdl/sub-x-ray/sub_X-Ray/sub_NIH/00000296_002.png,,sub_NIH,00000296_002.png,ok,256x256 -> 1024x1024,4,1,39.12,40.8834,5.305616,2.303392,0.9471,0.9875,0.3059,8.4121,41.2652,4.85915,2.204348,0.9501,0.9892,0.3111,0.3111,0.3111,7.9617,104.6199,37.9105,104.6199,37.9105,0.117,41.2652,0.9501,4.85915,2.204348,0.3818,0.0017,-0.0052,0.4504
/kaggle/input/datasets/duc24kdl/sub-x-ray/sub_X-Ray/sub_NIH/00000301_001.png,,sub_NIH,00000301_001.png,ok,256x256 -> 1024x1024,4,1,39.33,38.4337,9.326323,3.053903,0.935,0.9875,0.3885,8.7607,38.8128,8.546776,2.923487,0.9375,0.9889,0.4118,0.4118,0.4118,8.1778,136.8013,52.6109,136.8013,52.6109,0.1224,38.8128,0.9375,8.546776,2.923487,0.3791,0.0014,-0.0233,0.583
/kaggle/input/datasets/duc24kdl/sub-x-ray/sub_X-Ray/sub_NIH/00000303_000.png,,sub_NIH,00000303_000.png,ok,256x256 -> 1024x1024,4,1,38.58,34.6019,22.536525,4.747265,0.9552,0.9906,0.2413,8.6493,34.6907,22.080679,4.699008,0.957,0.9918,0.2472,0.2472,0.2472,7.9225,150.2293,68.6938,150.2293,68.6938,0.0619,34.6907,0.957,22.080679,4.699008,0.0887,0.0011,-0.0059,0.7268
/kaggle/input/datasets/duc24kdl/sub-x-ray/sub_X-Ray/sub_NIH/00000304_000.png,,sub_NIH,00000304_000.png,ok,256x256 -> 1024x1024,4,1,39.76,38.8345,8.504124,2.916183,0.957,0.99,0.2566,8.579,39.307,7.627431,2.76178,0.9596,0.9915,0.2632,0.2632,0.2632,8.1743,159.5484,44.6807,159.5484,44.6807,0.14,39.307,0.9596,7.627431,2.76178,0.4725,0.0015,-0.0066,0.4047
/kaggle/input/datasets/duc24kdl/sub-x-ray/sub_X-Ray/sub_NIH/00000304_002.png,,sub_NIH,00000304_002.png,ok,256x256 -> 1024x1024,4,1,40.32,38.7063,8.758945,2.959551,0.9277,0.9862,0.344,8.7525,39.0206,8.147373,2.85436,0.9305,0.9877,0.3574,0.3574,0.3574,8.1816,95.1043,62.5787,95.1043,62.5787,0.0891,39.0206,0.9305,8.147373,2.85436,0.3143,0.0015,-0.0134,0.5709
/kaggle/input/datasets/duc24kdl/sub-x-ray/sub_X-Ray/sub_NIH/00000305_000.png,,sub_NIH,00000305_000.png,ok,256x256 -> 1024x1024,4,1,40.13,38.8,8.571949,2.927789,0.9401,0.9889,0.3268,8.7964,39.0076,8.171871,2.858648,0.942,0.99,0.3474,0.3474,0.3474,8.4125,121.4358,68.9251,121.4358,68.9251,0.0974,39.0076,0.942,8.171871,2.858648,0.2076,0.0011,-0.0205,0.3839
/kaggle/input/datasets/duc24kdl/sub-x-ray/sub_X-Ray/sub_NIH/00000305_002.png,,sub_NIH,00000305_002.png,ok,256x256 -> 1024x1024,4,1,39.94,32.7484,34.53361,5.87653,0.9674,0.9924,0.2715,8.924,32.9778,32.756627,5.723341,0.9687,0.9933,0.2912,0.2912,0.2912,8.4818,121.6299,48.1686,121.6299,48.1686,0.0993,32.9778,0.9687,32.756627,5.723341,0.2294,0.0009,-0.0196,0.4422
/kaggle/input/datasets/duc24kdl/sub-x-ray/sub_X-Ray/sub_NIH/00000307_000.png,,sub_NIH,00000307_000.png,ok,256x256 -> 1024x1024,4,1,39.17,37.885,10.582236,3.253035,0.9196,0.9851,0.3999,8.809,38.2123,9.814183,3.13276,0.9223,0.9865,0.4221,0.4221,0.4221,8.569,120.3988,64.0747,120.3988,64.0747,0.1002,38.2123,0.9223,9.814183,3.13276,0.3272,0.0014,-0.0222,0.2399
/kaggle/input/datasets/duc24kdl/sub-x-ray/sub_X-Ray/sub_NIH/00000310_005.png,,sub_NIH,00000310_005.png,ok,256x256 -> 1024x1024,4,1,39.43,34.6772,22.149349,4.706309,0.9733,0.994,0.2194,9.4696,35.0069,20.529832,4.530986,0.9743,0.9948,0.2285,0.2285,0.2285,8.624,151.6345,51.9662,151.6345,51.9662,0.0766,35.0069,0.9743,20.529832,4.530986,0.3298,0.0008,-0.0091,0.8456
/kaggle/input/datasets/duc24kdl/sub-x-ray/sub_X-Ray/sub_NIH/00000310_006.png,,sub_NIH,00000310_006.png,ok,256x256 -> 1024x1024,4,1,39.12,45.2203,1.954585,1.398065,0.9777,0.9949,0.2128,9.6705,45.5472,1.812844,1.346419,0.9796,0.9956,0.2348,0.2348,0.2348,8.9888,154.2329,40.5313,154.2329,40.5313,0.0983,45.5472,0.9796,1.812844,1.346419,0.3269,0.0007,-0.022,0.6817
/kaggle/input/datasets/duc24kdl/sub-x-ray/sub_X-Ray/sub_NIH/00000311_001.png,,sub_NIH,00000311_001.png,ok,256x256 -> 1024x1024,4,1,39.3,33.4557,29.343213,5.416938,0.9547,0.9903,0.2615,8.691,33.8338,26.896767,5.186209,0.9577,0.9917,0.2677,0.2677,0.2677,8.2406,171.7514,49.7419,171.7514,49.7419,-0.0071,33.8338,0.9577,26.896767,5.186209,0.3781,0.0014,-0.0062,0.4504
/kaggle/input/datasets/duc24kdl/sub-x-ray/sub_X-Ray/sub_NIH/00000315_004.png,,sub_NIH,00000315_004.png,ok,256x256 -> 1024x1024,4,1,39.81,38.7861,8.599518,2.932493,0.9294,0.9868,0.3281,8.5541,39.1059,7.988891,2.826463,0.9322,0.9883,0.3431,0.3431,0.3431,8.0085,108.0941,73.6306,108.0941,73.6306,0.1042,39.1059,0.9322,7.988891,2.826463,0.3199,0.0015,-0.015,0.5456
/kaggle/input/datasets/duc24kdl/sub-x-ray/sub_X-Ray/sub_NIH/00000317_001.png,,sub_NIH,00000317_001.png,ok,256x256 -> 1024x1024,4,1,39.34,37.5182,11.514978,3.393373,0.9594,0.9908,0.2151,8.1897,38.0774,10.123668,3.181771,0.9612,0.9921,0.2138,0.2138,0.2138,7.624,159.1014,54.7966,159.1014,54.7966,0.2,38.0774,0.9612,10.123668,3.181771,0.5593,0.0013,0.0013,0.5657
/kaggle/input/datasets/duc24kdl/sub-x-ray/sub_X-Ray/sub_NIH/00000317_002.png,,sub_NIH,00000317_002.png,ok,256x256 -> 1024x1024,4,1,40.14,32.2626,38.620784,6.214562,0.9445,0.9884,0.2481,7.7493,32.9536,32.939997,5.739338,0.9475,0.9901,0.2257,0.2257,0.2257,7.2632,141.4851,75.9557,141.4851,75.9557,0.153,32.9536,0.9475,32.939997,5.739338,0.691,0.0017,0.0224,0.4861
/kaggle/input/datasets/duc24kdl/sub-x-ray/sub_X-Ray/sub_NIH/00000318_001.png,,sub_NIH,00000318_001.png,ok,256x256 -> 1024x1024,4,1,39.32,38.0317,10.230734,3.198552,0.9238,0.9859,0.3515,8.3577,38.3544,9.498167,3.08191,0.9266,0.9874,0.3696,0.3696,0.3696,7.9253,104.9414,70.107,104.9414,70.107,0.0983,38.3544,0.9266,9.498167,3.08191,0.3227,0.0016,-0.0181,0.4323
/kaggle/input/datasets/duc24kdl/sub-x-ray/sub_X-Ray/sub_NIH/00000318_008.png,,sub_NIH,00000318_008.png,ok,256x256 -> 1024x1024,4,1,39.3,37.6783,11.098174,3.331392,0.9355,0.9877,0.3649,8.4824,37.9715,10.37354,3.220798,0.9378,0.9891,0.3896,0.3896,0.3896,8.0562,115.997,58.0157,115.997,58.0157,0.1028,37.9715,0.9378,10.37354,3.220798,0.2932,0.0014,-0.0246,0.4262
/kaggle/input/datasets/duc24kdl/sub-x-ray/sub_X-Ray/sub_NIH/00000324_002.png,,sub_NIH,00000324_002.png,ok,256x256 -> 1024x1024,4,1,40.22,39.9062,6.644463,2.577686,0.9365,0.9888,0.3681,8.91,40.1532,6.277082,2.50541,0.9389,0.9898,0.3911,0.3911,0.3911,8.5531,134.2269,68.9955,134.2269,68.9955,0.0776,40.1532,0.9389,6.277082,2.50541,0.247,0.001,-0.023,0.3569
/kaggle/input/datasets/duc24kdl/sub-x-ray/sub_X-Ray/sub_NIH/00000324_003.png,,sub_NIH,00000324_003.png,ok,256x256 -> 1024x1024,4,1,39.52,40.4503,5.862037,2.421164,0.9392,0.9892,0.3529,9.144,40.6271,5.628206,2.372384,0.9412,0.9901,0.3739,0.3739,0.3739,8.7456,123.6776,72.0008,123.6776,72.0008,0.0673,40.6271,0.9412,5.628206,2.372384,0.1768,0.001,-0.0209,0.3984
/kaggle/input/datasets/duc24kdl/sub-x-ray/sub_X-Ray/sub_NIH/00000324_004.png,,sub_NIH,00000324_004.png,ok,256x256 -> 1024x1024,4,1,39.15,39.4801,7.329496,2.707304,0.9369,0.9887,0.378,9.0275,39.731,6.91795,2.6302,0.9391,0.9897,0.4027,0.4027,0.4027,8.5476,131.0078,64.9236,131.0078,64.9236,0.0827,39.731,0.9391,6.91795,2.6302,0.251,0.001,-0.0247,0.4799
/kaggle/input/datasets/duc24kdl/sub-x-ray/sub_X-Ray/sub_NIH/00000324_005.png,,sub_NIH,00000324_005.png,ok,256x256 -> 1024x1024,4,1,39.07,36.669,14.001622,3.741874,0.9785,0.9954,0.2342,10.1606,36.7409,13.771647,3.711017,0.9793,0.9958,0.2544,0.2544,0.2544,9.64,118.7609,56.9504,118.7609,56.9504,0.0449,36.7409,0.9793,13.771647,3.711017,0.0719,0.0004,-0.0202,0.5206
/kaggle/input/datasets/duc24kdl/sub-x-ray/sub_X-Ray/sub_NIH/00000324_008.png,,sub_NIH,00000324_008.png,ok,256x256 -> 1024x1024,4,1,40.15,33.1421,31.540739,5.616114,0.971,0.9938,0.2681,9.6028,33.2067,31.074946,5.574491,0.9707,0.994,0.294,0.294,0.294,9.2591,119.4667,46.1317,119.4667,46.1317,0.0329,33.2067,0.9707,31.074946,5.574491,0.0646,0.0002,-0.0259,0.3437
/kaggle/input/datasets/duc24kdl/sub-x-ray/sub_X-Ray/sub_NIH/00000324_012.png,,sub_NIH,00000324_012.png,ok,256x256 -> 1024x1024,4,1,38.73,39.1333,7.938753,2.817579,0.9333,0.9883,0.3811,9.1269,39.439,7.399178,2.720143,0.9357,0.9894,0.4044,0.4044,0.4044,8.6861,132.6869,67.8553,132.6869,67.8553,0.078,39.439,0.9357,7.399178,2.720143,0.3057,0.0011,-0.0233,0.4408
/kaggle/input/datasets/duc24kdl/sub-x-ray/sub_X-Ray/sub_NIH/00000327_001.png,,sub_NIH,00000327_001.png,ok,256x256 -> 1024x1024,4,1,39.34,38.844,8.485594,2.913004,0.9327,0.9875,0.3295,8.6273,38.9137,8.350521,2.889727,0.9345,0.9888,0.347,0.347,0.347,8.1565,104.2919,67.6046,104.2919,67.6046,0.1043,38.9137,0.9345,8.350521,2.889727,0.0697,0.0013,-0.0175,0.4708
/kaggle/input/datasets/duc24kdl/sub-x-ray/sub_X-Ray/sub_NIH/00000331_002.png,,sub_NIH,00000331_002.png,ok,256x256 -> 1024x1024,4,1,39.98,38.3794,9.443578,3.073041,0.9336,0.988,0.3475,8.7361,38.651,8.871134,2.978445,0.9362,0.9892,0.3717,0.3717,0.3717,8.2245,114.8169,69.7395,114.8169,69.7395,0.0894,38.651,0.9362,8.871134,2.978445,0.2716,0.0012,-0.0242,0.5116
/kaggle/input/datasets/duc24kdl/sub-x-ray/sub_X-Ray/sub_NIH/00000334_001.png,,sub_NIH,00000334_001.png,ok,256x256 -> 1024x1024,4,1,40.09,38.1055,10.058462,3.171508,0.9573,0.99,0.2572,8.4595,38.6048,8.966069,2.994339,0.9598,0.9915,0.2677,0.2677,0.2677,8.1074,159.3492,50.347,159.3492,50.347,0.1926,38.6048,0.9598,8.966069,2.994339,0.4993,0.0015,-0.0105,0.3521
/kaggle/input/datasets/duc24kdl/sub-x-ray/sub_X-Ray/sub_NIH/00000339_000.png,,sub_NIH,00000339_000.png,ok,256x256 -> 1024x1024,4,1,39.55,37.9258,10.483453,3.237816,0.9369,0.988,0.3021,7.9917,38.2835,9.65443,3.107158,0.9398,0.9895,0.3143,0.3143,0.3143,7.6826,108.5524,69.5016,108.5524,69.5016,0.1185,38.2835,0.9398,9.65443,3.107158,0.3578,0.0015,-0.0122,0.3092
/kaggle/input/datasets/duc24kdl/sub-x-ray/sub_X-Ray/sub_NIH/00000340_000.png,,sub_NIH,00000340_000.png,ok,256x256 -> 1024x1024,4,1,38.92,40.7363,5.488482,2.342751,0.9585,0.9906,0.2271,8.2388,41.2479,4.878511,2.208735,0.9614,0.992,0.2392,0.2392,0.2392,7.957,159.281,62.7189,159.281,62.7189,0.2373,41.2479,0.9614,4.878511,2.208735,0.5116,0.0014,-0.0121,0.2818
/kaggle/input/datasets/duc24kdl/sub-x-ray/sub_X-Ray/sub_NIH/00000340_002.png,,sub_NIH,00000340_002.png,ok,256x256 -> 1024x1024,4,1,39.11,33.4429,29.43007,5.424949,0.9595,0.9916,0.2143,8.2318,33.6547,28.029183,5.294259,0.9621,0.9925,0.2164,0.2164,0.2164,7.9871,149.2992,72.2614,149.2992,72.2614,0.0016,33.6547,0.9621,28.029183,5.294259,0.2118,0.0009,-0.0022,0.2447
/kaggle/input/datasets/duc24kdl/sub-x-ray/sub_X-Ray/sub_NIH/00000341_000.png,,sub_NIH,00000341_000.png,ok,256x256 -> 1024x1024,4,1,38.86,41.1061,5.040445,2.245093,0.9618,0.9913,0.2637,8.7663,41.6166,4.481457,2.116945,0.9644,0.9925,0.2818,0.2818,0.2818,8.4422,162.5569,40.6655,162.5569,40.6655,0.1339,41.6166,0.9644,4.481457,2.116945,0.5105,0.0012,-0.018,0.3241
/kaggle/input/datasets/duc24kdl/sub-x-ray/sub_X-Ray/sub_NIH/00000348_002.png,,sub_NIH,00000348_002.png,ok,256x256 -> 1024x1024,4,1,39.18,39.6156,7.104302,2.66539,0.9779,0.9948,0.1895,9.4996,39.7494,6.888737,2.62464,0.979,0.9954,0.2067,0.2067,0.2067,8.9193,165.5403,32.6651,165.5403,32.6651,0.0649,39.7494,0.979,6.888737,2.62464,0.1338,0.0006,-0.0172,0.5803
/kaggle/input/datasets/duc24kdl/sub-x-ray/sub_X-Ray/sub_NIH/00000348_008.png,,sub_NIH,00000348_008.png,ok,256x256 -> 1024x1024,4,1,39.51,38.1067,10.055711,3.171074,0.9234,0.9861,0.3924,8.8163,38.238,9.756247,3.123499,0.9258,0.9873,0.4171,0.4171,0.4171,8.477,127.4114,67.4796,127.4114,67.4796,0.066,38.238,0.9258,9.756247,3.123499,0.1313,0.0012,-0.0247,0.3394
/kaggle/input/datasets/duc24kdl/sub-x-ray/sub_X-Ray/sub_NIH/00000351_000.png,,sub_NIH,00000351_000.png,ok,256x256 -> 1024x1024,4,1,38.75,35.9058,16.691725,4.085551,0.9656,0.9926,0.2189,8.547,36.0368,16.195674,4.024385,0.9677,0.9935,0.2296,0.2296,0.2296,8.1668,154.0198,54.1776,154.0198,54.1776,-0.0046,36.0368,0.9677,16.195674,4.024385,0.131,0.0009,-0.0108,0.3802
/kaggle/input/datasets/duc24kdl/sub-x-ray/sub_X-Ray/sub_NIH/00000354_000.png,,sub_NIH,00000354_000.png,ok,256x256 -> 1024x1024,4,1,39.77,36.4457,14.740377,3.83932,0.9805,0.9955,0.1955,9.5637,36.63,14.127863,3.758705,0.9816,0.9961,0.2007,0.2007,0.2007,8.911,139.8099,57.4337,139.8099,57.4337,0.0624,36.63,0.9816,14.127863,3.758705,0.1843,0.0006,-0.0052,0.6527
/kaggle/input/datasets/duc24kdl/sub-x-ray/sub_X-Ray/sub_NIH/00000358_000.png,,sub_NIH,00000358_000.png,ok,256x256 -> 1024x1024,4,1,39.53,40.0499,6.428196,2.535389,0.9732,0.9936,0.2075,8.9098,40.6257,5.630008,2.372764,0.9752,0.9946,0.2132,0.2132,0.2132,8.2109,160.3368,58.2767,160.3368,58.2767,0.2552,40.6257,0.9752,5.630008,2.372764,0.5758,0.001,-0.0057,0.6989
/kaggle/input/datasets/duc24kdl/sub-x-ray/sub_X-Ray/sub_NIH/00000358_001.png,,sub_NIH,00000358_001.png,ok,256x256 -> 1024x1024,4,1,39.04,37.6837,11.084385,3.329322,0.9298,0.9871,0.3469,8.6991,38.1704,9.9092,3.147888,0.9324,0.9884,0.3652,0.3652,0.3652,8.2343,121.135,68.7771,121.135,68.7771,0.1159,38.1704,0.9324,9.9092,3.147888,0.4867,0.0013,-0.0183,0.4649
/kaggle/input/datasets/duc24kdl/sub-x-ray/sub_X-Ray/sub_NIH/00000360_001.png,,sub_NIH,00000360_001.png,ok,256x256 -> 1024x1024,4,1,38.73,39.7013,6.965456,2.639215,0.9544,0.9899,0.2921,8.6851,40.1082,6.342519,2.518436,0.9565,0.991,0.3021,0.3021,0.3021,8.0783,157.3338,64.8215,157.3338,64.8215,0.1521,40.1082,0.9565,6.342519,2.518436,0.4069,0.0011,-0.0099,0.6067
/kaggle/input/datasets/duc24kdl/sub-x-ray/sub_X-Ray/sub_NIH/00000360_002.png,,sub_NIH,00000360_002.png,ok,256x256 -> 1024x1024,4,1,40.41,34.4103,23.553374,4.853182,0.9546,0.9905,0.2599,8.4344,34.8182,21.441601,4.630508,0.9567,0.9917,0.271,0.271,0.271,7.9383,165.217,60.0886,165.217,60.0886,0.094,34.8182,0.9567,21.441601,4.630508,0.408,0.0012,-0.0111,0.4962
/kaggle/input/datasets/duc24kdl/sub-x-ray/sub_X-Ray/sub_NIH/00000360_003.png,,sub_NIH,00000360_003.png,ok,256x256 -> 1024x1024,4,1,39.62,35.8967,16.726781,4.089839,0.9789,0.9953,0.185,9.7257,36.0494,16.148855,4.018564,0.9797,0.9958,0.2007,0.2007,0.2007,8.911,156.8925,51.9307,156.8925,51.9307,0.0619,36.0494,0.9797,16.148855,4.018564,0.1527,0.0005,-0.0157,0.8147
/kaggle/input/datasets/duc24kdl/sub-x-ray/sub_X-Ray/sub_NIH/00000360_007.png,,sub_NIH,00000360_007.png,ok,256x256 -> 1024x1024,4,1,39.81,33.7865,27.191296,5.214527,0.9616,0.9917,0.2416,8.4221,33.946,26.2107,5.119639,0.9631,0.9927,0.2463,0.2463,0.2463,7.931,154.3215,64.2571,154.3215,64.2571,0.089,33.946,0.9631,26.2107,5.119639,0.1595,0.001,-0.0047,0.491
/kaggle/input/datasets/duc24kdl/sub-x-ray/sub_X-Ray/sub_NIH/00000362_001.png,,sub_NIH,00000362_001.png,ok,256x256 -> 1024x1024,4,1,39.09,38.087,10.101419,3.178273,0.9284,0.9874,0.3686,8.8139,38.2645,9.696898,3.113984,0.9312,0.9886,0.3962,0.3962,0.3962,8.3321,124.1809,63.6488,124.1809,63.6488,0.0735,38.2645,0.9312,9.696898,3.113984,0.1775,0.0012,-0.0276,0.4818
/kaggle/input/datasets/duc24kdl/sub-x-ray/sub_X-Ray/sub_NIH/00000362_002.png,,sub_NIH,00000362_002.png,ok,256x256 -> 1024x1024,4,1,38.33,37.8164,10.750743,3.278833,0.9372,0.9888,0.3435,8.6702,38.2135,9.81135,3.132307,0.9398,0.99,0.3682,0.3682,0.3682,8.5376,122.7005,62.3407,122.7005,62.3407,0.1181,38.2135,0.9398,9.81135,3.132307,0.3971,0.0012,-0.0247,0.1326
/kaggle/input/datasets/duc24kdl/sub-x-ray/sub_X-Ray/sub_NIH/00000368_003.png,,sub_NIH,00000368_003.png,ok,256x256 -> 1024x1024,4,1,39.22,33.1022,31.83194,5.64198,0.9421,0.9874,0.3287,8.1729,33.1646,31.377653,5.601576,0.9435,0.9886,0.3481,0.3481,0.3481,7.947,115.5344,50.4595,115.5344,50.4595,0.0612,33.1646,0.9435,31.377653,5.601576,0.0624,0.0012,-0.0194,0.2258
/kaggle/input/datasets/duc24kdl/sub-x-ray/sub_X-Ray/sub_NIH/00000369_000.png,,sub_NIH,00000369_000.png,ok,256x256 -> 1024x1024,4,1,39.32,38.7122,8.747013,2.957535,0.9374,0.9884,0.337,8.4288,38.9187,8.34076,2.888037,0.9401,0.9897,0.358,0.358,0.358,7.9199,123.6355,67.5062,123.6355,67.5062,0.0779,38.9187,0.9401,8.34076,2.888037,0.2065,0.0013,-0.021,0.5089
/kaggle/input/datasets/duc24kdl/sub-x-ray/sub_X-Ray/sub_NIH/00000370_001.png,,sub_NIH,00000370_001.png,ok,256x256 -> 1024x1024,4,1,39.54,33.7593,27.362123,5.230882,0.9408,0.9875,0.3052,8.1594,34.5937,22.579515,4.751791,0.9445,0.9893,0.3127,0.3127,0.3127,7.9092,128.0434,65.239,128.0434,65.239,-0.0574,34.5937,0.9445,22.579515,4.751791,0.8344,0.0018,-0.0075,0.2502
/kaggle/input/datasets/duc24kdl/sub-x-ray/sub_X-Ray/sub_NIH/00000370_007.png,,sub_NIH,00000370_007.png,ok,256x256 -> 1024x1024,4,1,38.95,38.9145,8.348883,2.889443,0.9449,0.9893,0.3173,8.6488,39.1777,7.857909,2.803196,0.9469,0.9905,0.3337,0.3337,0.3337,8.1919,120.0306,62.7637,120.0306,62.7637,0.1106,39.1777,0.9469,7.857909,2.803196,0.2632,0.0012,-0.0164,0.4569
/kaggle/input/datasets/duc24kdl/sub-x-ray/sub_X-Ray/sub_NIH/00000370_010.png,,sub_NIH,00000370_010.png,ok,256x256 -> 1024x1024,4,1,39.13,36.7531,13.73321,3.705835,0.9214,0.9854,0.384,8.8077,36.9847,13.020017,3.608326,0.9244,0.9869,0.4083,0.4083,0.4083,8.2645,118.8371,66.9016,118.8371,66.9016,0.0895,36.9847,0.9244,13.020017,3.608326,0.2316,0.0015,-0.0243,0.5432
/kaggle/input/datasets/duc24kdl/sub-x-ray/sub_X-Ray/sub_NIH/00000371_000.png,,sub_NIH,00000371_000.png,ok,256x256 -> 1024x1024,4,1,39.49,40.4569,5.853199,2.419339,0.9469,0.9879,0.3173,8.6059,40.7925,5.41795,2.327649,0.9496,0.9894,0.3317,0.3317,0.3317,8.1403,111.496,31.5869,111.496,31.5869,0.1054,40.7925,0.9496,5.41795,2.327649,0.3356,0.0015,-0.0144,0.4656
/kaggle/input/datasets/duc24kdl/sub-x-ray/sub_X-Ray/sub_NIH/00000372_001.png,,sub_NIH,00000372_001.png,ok,256x256 -> 1024x1024,4,1,39.04,35.4566,18.510798,4.302418,0.974,0.994,0.214,9.5292,35.8534,16.894263,4.110263,0.9754,0.995,0.219,0.219,0.219,8.7042,150.82,55.0764,150.82,55.0764,0.0987,35.8534,0.9754,16.894263,4.110263,0.3969,0.001,-0.0049,0.825
/kaggle/input/datasets/duc24kdl/sub-x-ray/sub_X-Ray/sub_NIH/00000372_003.png,,sub_NIH,00000372_003.png,ok,256x256 -> 1024x1024,4,1,39.13,35.4442,18.563424,4.308529,0.9606,0.9914,0.2592,8.8455,35.8008,17.10022,4.135241,0.9633,0.9929,0.2621,0.2621,0.2621,8.3667,153.3984,63.4615,153.3984,63.4615,0.0353,35.8008,0.9633,17.10022,4.135241,0.3566,0.0015,-0.0029,0.4788
/kaggle/input/datasets/duc24kdl/sub-x-ray/sub_X-Ray/sub_NIH/00000372_006.png,,sub_NIH,00000372_006.png,ok,256x256 -> 1024x1024,4,1,39.36,36.1553,15.75975,3.969855,0.966,0.9924,0.2147,8.4574,36.286,15.292584,3.910573,0.9681,0.9935,0.2229,0.2229,0.2229,7.8907,161.5071,59.3058,161.5071,59.3058,0.0623,36.286,0.9681,15.292584,3.910573,0.1307,0.0012,-0.0082,0.5667
/kaggle/input/datasets/duc24kdl/sub-x-ray/sub_X-Ray/sub_NIH/00000372_009.png,,sub_NIH,00000372_009.png,ok,256x256 -> 1024x1024,4,1,38.91,37.5857,11.337418,3.367108,0.9791,0.995,0.188,9.2475,37.7022,11.037308,3.322244,0.9806,0.9958,0.1972,0.1972,0.1972,8.577,145.9196,55.7206,145.9196,55.7206,0.047,37.7022,0.9806,11.037308,3.322244,0.1165,0.0008,-0.0092,0.6704
/kaggle/input/datasets/duc24kdl/sub-x-ray/sub_X-Ray/sub_NIH/00000372_012.png,,sub_NIH,00000372_012.png,ok,256x256 -> 1024x1024,4,1,38.71,34.0943,25.331064,5.032998,0.9573,0.9907,0.2426,8.3815,34.6449,22.314432,4.723815,0.9598,0.9922,0.2441,0.2441,0.2441,7.6487,147.7358,71.0802,147.7358,71.0802,0.1336,34.6449,0.9598,22.314432,4.723815,0.5507,0.0015,-0.0015,0.7328
/kaggle/input/datasets/duc24kdl/sub-x-ray/sub_X-Ray/sub_NIH/00000372_014.png,,sub_NIH,00000372_014.png,ok,256x256 -> 1024x1024,4,1,39.64,34.4909,23.120019,4.808328,0.9613,0.9919,0.2437,8.7167,34.5893,22.602098,4.754166,0.9627,0.9928,0.2518,0.2518,0.2518,8.1021,153.2112,60.3153,153.2112,60.3153,0.0177,34.5893,0.9627,22.602098,4.754166,0.0984,0.0009,-0.0081,0.6146
/kaggle/input/datasets/duc24kdl/sub-x-ray/sub_X-Ray/sub_NIH/00000373_000.png,,sub_NIH,00000373_000.png,ok,256x256 -> 1024x1024,4,1,39.79,36.8727,13.360224,3.655164,0.9528,0.99,0.2624,8.3623,37.4879,11.595575,3.405228,0.9544,0.9912,0.2749,0.2749,0.2749,7.7869,162.2747,63.1602,162.2747,63.1602,0.1964,37.4879,0.9544,11.595575,3.405228,0.6152,0.0012,-0.0125,0.5753
/kaggle/input/datasets/duc24kdl/sub-x-ray/sub_X-Ray/sub_NIH/00000376_000.png,,sub_NIH,00000376_000.png,ok,256x256 -> 1024x1024,4,1,39.43,41.0225,5.138441,2.266813,0.9534,0.9897,0.2815,8.5759,41.5085,4.594446,2.143466,0.9564,0.9912,0.2946,0.2946,0.2946,8.0076,171.2112,43.2716,171.2112,43.2716,0.1461,41.5085,0.9564,4.594446,2.143466,0.486,0.0015,-0.0131,0.5683
/kaggle/input/datasets/duc24kdl/sub-x-ray/sub_X-Ray/sub_NIH/00000376_002.png,,sub_NIH,00000376_002.png,ok,256x256 -> 1024x1024,4,1,38.87,39.0682,8.05855,2.838759,0.9315,0.9874,0.3565,8.4164,39.3164,7.610946,2.758794,0.9341,0.9888,0.3775,0.3775,0.3775,8.1214,136.6599,68.0732,136.6599,68.0732,0.0948,39.3164,0.9341,7.610946,2.758794,0.2482,0.0013,-0.021,0.295
/kaggle/input/datasets/duc24kdl/sub-x-ray/sub_X-Ray/sub_NIH/00000376_005.png,,sub_NIH,00000376_005.png,ok,256x256 -> 1024x1024,4,1,39.09,31.259,48.660841,6.975732,0.9652,0.9906,0.2581,9.0136,31.3649,47.489164,6.891238,0.9663,0.9915,0.2689,0.2689,0.2689,8.5467,119.6171,50.0991,119.6171,50.0991,0.0887,31.3649,0.9663,47.489164,6.891238,0.1059,0.0009,-0.0108,0.4669
/kaggle/input/datasets/duc24kdl/sub-x-ray/sub_X-Ray/sub_NIH/00000376_009.png,,sub_NIH,00000376_009.png,ok,256x256 -> 1024x1024,4,1,39.33,32.1959,39.218526,6.26247,0.9735,0.9933,0.1983,9.2426,32.328,38.04359,6.167949,0.9741,0.994,0.2104,0.2104,0.2104,8.6329,158.6093,50.7071,158.6093,50.7071,0.0866,32.328,0.9741,38.04359,6.167949,0.1321,0.0007,-0.0121,0.6097
/kaggle/input/datasets/duc24kdl/sub-x-ray/sub_X-Ray/sub_NIH/00000376_011.png,,sub_NIH,00000376_011.png,ok,256x256 -> 1024x1024,4,1,40.12,33.9785,26.015117,5.100502,0.9645,0.9921,0.2225,8.3295,34.0537,25.568842,5.056564,0.9658,0.9931,0.225,0.225,0.225,7.7779,180.5867,55.7122,180.5867,55.7122,0.0665,34.0537,0.9658,25.568842,5.056564,0.0751,0.001,-0.0025,0.5517
/kaggle/input/datasets/duc24kdl/sub-x-ray/sub_X-Ray/sub_NIH/00000377_003.png,,sub_NIH,00000377_003.png,ok,256x256 -> 1024x1024,4,1,39.94,38.7722,8.626937,2.937165,0.936,0.9878,0.3133,8.636,39.0651,8.06431,2.839773,0.9381,0.989,0.3206,0.3206,0.3206,8.1493,119.3101,71.1628,119.3101,71.1628,0.1067,39.0651,0.9381,8.06431,2.839773,0.2929,0.0012,-0.0073,0.4867
/kaggle/input/datasets/duc24kdl/sub-x-ray/sub_X-Ray/sub_NIH/00000379_000.png,,sub_NIH,00000379_000.png,ok,256x256 -> 1024x1024,4,1,38.88,36.6468,14.073579,3.751477,0.9252,0.9862,0.3634,8.5011,36.99,13.004032,3.60611,0.9277,0.9876,0.38,0.38,0.38,7.9258,105.0092,66.3682,105.0092,66.3682,0.1114,36.99,0.9277,13.004032,3.60611,0.3433,0.0014,-0.0165,0.5753
/kaggle/input/datasets/duc24kdl/sub-x-ray/sub_X-Ray/sub_NIH/00000381_000.png,,sub_NIH,00000381_000.png,ok,256x256 -> 1024x1024,4,1,39.13,36.8175,13.531082,3.678462,0.971,0.9939,0.2686,9.4524,36.9931,12.994852,3.604837,0.9722,0.9945,0.2909,0.2909,0.2909,8.81,132.5825,44.8405,132.5825,44.8405,0.0468,36.9931,0.9722,12.994852,3.604837,0.1756,0.0006,-0.0223,0.6424
/kaggle/input/datasets/duc24kdl/sub-x-ray/sub_X-Ray/sub_NIH/00000381_003.png,,sub_NIH,00000381_003.png,ok,256x256 -> 1024x1024,4,1,39.88,30.7813,54.318419,7.370103,0.9216,0.9849,0.3971,8.9262,30.9196,52.616901,7.253751,0.9217,0.9856,0.4229,0.4229,0.4229,8.4828,142.5506,58.4958,142.5506,58.4958,0.059,30.9196,0.9217,52.616901,7.253751,0.1382,0.0007,-0.0257,0.4434
/kaggle/input/datasets/duc24kdl/sub-x-ray/sub_X-Ray/sub_NIH/00000385_004.png,,sub_NIH,00000385_004.png,ok,256x256 -> 1024x1024,4,1,38.89,37.8836,10.585662,3.253561,0.9372,0.9885,0.325,8.441,38.3152,9.584226,3.09584,0.9399,0.9898,0.3417,0.3417,0.3417,7.9901,115.9534,75.0044,115.9534,75.0044,0.1187,38.3152,0.9399,9.584226,3.09584,0.4316,0.0013,-0.0167,0.4508
/kaggle/input/datasets/duc24kdl/sub-x-ray/sub_X-Ray/sub_NIH/00000386_000.png,,sub_NIH,00000386_000.png,ok,256x256 -> 1024x1024,4,1,38.91,39.422,7.428222,2.725476,0.9633,0.9916,0.2383,8.6696,40.0071,6.491872,2.547915,0.9659,0.993,0.2488,0.2488,0.2488,8.1438,160.9469,51.3366,160.9469,51.3366,0.1956,40.0071,0.9659,6.491872,2.547915,0.5851,0.0013,-0.0104,0.5258
/kaggle/input/datasets/duc24kdl/sub-x-ray/sub_X-Ray/sub_NIH/00000388_000.png,,sub_NIH,00000388_000.png,ok,256x256 -> 1024x1024,4,1,39.28,39.9345,6.601269,2.569293,0.9509,0.9905,0.2882,8.7192,40.1212,6.323489,2.514655,0.9525,0.9916,0.3005,0.3005,0.3005,8.1747,104.256,65.3265,104.256,65.3265,0.1215,40.1212,0.9525,6.323489,2.514655,0.1867,0.0011,-0.0123,0.5444
/kaggle/input/datasets/duc24kdl/sub-x-ray/sub_X-Ray/sub_NIH/00000390_001.png,,sub_NIH,00000390_001.png,ok,256x256 -> 1024x1024,4,1,39.08,37.2165,12.343145,3.513281,0.9454,0.9897,0.3265,8.7757,37.4832,11.608076,3.407063,0.9466,0.9907,0.3431,0.3431,0.3431,8.2456,135.5513,62.9645,135.5513,62.9645,0.1035,37.4832,0.9466,11.608076,3.407063,0.2667,0.001,-0.0166,0.5301
/kaggle/input/datasets/duc24kdl/sub-x-ray/sub_X-Ray/sub_NIH/00000391_001.png,,sub_NIH,00000391_001.png,ok,256x256 -> 1024x1024,4,1,39.75,39.8172,6.78205,2.604237,0.9546,0.9897,0.2577,8.5273,40.3082,6.057017,2.461101,0.9575,0.9913,0.2717,0.2717,0.2717,8.1168,152.128,53.9972,152.128,53.9972,0.1637,40.3082,0.9575,6.057017,2.461101,0.491,0.0016,-0.014,0.4105
/kaggle/input/datasets/duc24kdl/sub-x-ray/sub_X-Ray/sub_NIH/00000391_003.png,,sub_NIH,00000391_003.png,ok,256x256 -> 1024x1024,4,1,40.12,37.2489,12.251427,3.500204,0.9328,0.9874,0.3692,9.0704,37.5432,11.448691,3.383591,0.935,0.9886,0.39,0.39,0.39,8.6128,120.3411,62.2709,120.3411,62.2709,0.1205,37.5432,0.935,11.448691,3.383591,0.2943,0.0012,-0.0208,0.4575
/kaggle/input/datasets/duc24kdl/sub-x-ray/sub_X-Ray/sub_NIH/00000391_007.png,,sub_NIH,00000391_007.png,ok,256x256 -> 1024x1024,4,1,38.71,37.714,11.007306,3.317726,0.937,0.9879,0.3601,9.0534,37.9892,10.331544,3.214272,0.9386,0.9891,0.3799,0.3799,0.3799,8.4927,118.4379,60.7539,118.4379,60.7539,0.1171,37.9892,0.9386,10.331544,3.214272,0.2752,0.0012,-0.0198,0.5607
/kaggle/input/datasets/duc24kdl/sub-x-ray/sub_X-Ray/sub_NIH/00000397_000.png,,sub_NIH,00000397_000.png,ok,256x256 -> 1024x1024,4,1,39.55,38.426,9.342898,3.056615,0.966,0.9919,0.2256,8.4271,38.9015,8.374007,2.893788,0.968,0.9931,0.2395,0.2395,0.2395,8.1,159.9837,51.2806,159.9837,51.2806,0.1718,38.9015,0.968,8.374007,2.893788,0.4755,0.0013,-0.0139,0.3272
/kaggle/input/datasets/duc24kdl/sub-x-ray/sub_X-Ray/sub_NIH/00000398_000.png,,sub_NIH,00000398_000.png,ok,256x256 -> 1024x1024,4,1,38.82,38.9407,8.298699,2.880746,0.9617,0.9915,0.2304,8.519,39.2966,7.645828,2.765109,0.9645,0.9928,0.2414,0.2414,0.2414,8.0065,160.0332,58.0664,160.0332,58.0664,0.022,39.2966,0.9645,7.645828,2.765109,0.3559,0.0012,-0.011,0.5125
/kaggle/input/datasets/duc24kdl/sub-x-ray/sub_X-Ray/sub_NIH/00000402_003.png,,sub_NIH,00000402_003.png,ok,256x256 -> 1024x1024,4,1,40.37,32.4132,37.304071,6.107706,0.9622,0.9908,0.289,8.7059,32.589,35.824339,5.985344,0.964,0.9921,0.2963,0.2963,0.2963,8.436,117.4572,46.5665,117.4572,46.5665,0.1115,32.589,0.964,35.824339,5.985344,0.1758,0.0013,-0.0074,0.2699
/kaggle/input/datasets/duc24kdl/sub-x-ray/sub_X-Ray/sub_NIH/00000402_010.png,,sub_NIH,00000402_010.png,ok,256x256 -> 1024x1024,4,1,39.65,34.985,20.63402,4.542469,0.9659,0.9922,0.2844,9.1147,35.1277,19.967078,4.468454,0.9679,0.9933,0.2969,0.2969,0.2969,8.6818,112.9727,43.3246,112.9727,43.3246,0.0787,35.1277,0.9679,19.967078,4.468454,0.1427,0.0011,-0.0126,0.4329
/kaggle/input/datasets/duc24kdl/sub-x-ray/sub_X-Ray/sub_NIH/00000406_000.png,,sub_NIH,00000406_000.png,ok,256x256 -> 1024x1024,4,1,38.82,42.17,3.945289,1.986275,0.9634,0.9916,0.2529,8.6971,42.6676,3.518195,1.875685,0.9659,0.9928,0.2706,0.2706,0.2706,8.3698,171.3978,40.1981,171.3978,40.1981,0.131,42.6676,0.9659,3.518195,1.875685,0.4976,0.0012,-0.0176,0.3273
/kaggle/input/datasets/duc24kdl/sub-x-ray/sub_X-Ray/sub_NIH/00000410_000.png,,sub_NIH,00000410_000.png,ok,256x256 -> 1024x1024,4,1,38.73,35.8554,16.886464,4.109314,0.9126,0.9832,0.359,7.9437,36.0875,16.007632,4.000954,0.9159,0.9851,0.375,0.375,0.375,7.4768,104.806,61.3782,104.806,61.3782,0.1243,36.0875,0.9159,16.007632,4.000954,0.2321,0.0019,-0.0159,0.4669
/kaggle/input/datasets/duc24kdl/sub-x-ray/sub_X-Ray/sub_NIH/00000410_001.png,,sub_NIH,00000410_001.png,ok,256x256 -> 1024x1024,4,1,39.12,36.3893,14.933071,3.864333,0.9264,0.9857,0.32,8.2076,36.6142,14.179381,3.765552,0.9293,0.9873,0.3352,0.3352,0.3352,7.6495,98.4603,65.9478,98.4603,65.9478,0.1218,36.6142,0.9293,14.179381,3.765552,0.2249,0.0016,-0.0151,0.5581
/kaggle/input/datasets/duc24kdl/sub-x-ray/sub_X-Ray/sub_NIH/00000412_000.png,,sub_NIH,00000412_000.png,ok,256x256 -> 1024x1024,4,1,39.1,40.7456,5.476714,2.340238,0.9661,0.9919,0.2001,8.3114,41.6519,4.445214,2.108368,0.9689,0.9932,0.2091,0.2091,0.2091,7.9893,177.8996,46.5623,177.8996,46.5623,0.3681,41.6519,0.9689,4.445214,2.108368,0.9063,0.0013,-0.009,0.3221
/kaggle/input/datasets/duc24kdl/sub-x-ray/sub_X-Ray/sub_NIH/00000412_003.png,,sub_NIH,00000412_003.png,ok,256x256 -> 1024x1024,4,1,39.24,33.168,31.353044,5.599379,0.9599,0.9912,0.2471,8.8303,33.2496,30.769222,5.547001,0.9611,0.9922,0.2496,0.2496,0.2496,8.352,163.7343,57.1506,163.7343,57.1506,0.0334,33.2496,0.9611,30.769222,5.547001,0.0816,0.001,-0.0025,0.4783
/kaggle/input/datasets/duc24kdl/sub-x-ray/sub_X-Ray/sub_NIH/00000414_000.png,,sub_NIH,00000414_000.png,ok,256x256 -> 1024x1024,4,1,39.06,35.3645,18.907393,4.348263,0.9651,0.9922,0.2212,8.57,35.4439,18.564616,4.308668,0.9669,0.9932,0.2269,0.2269,0.2269,7.9658,170.8074,57.5005,170.8074,57.5005,0.0424,35.4439,0.9669,18.564616,4.308668,0.0795,0.001,-0.0057,0.6042
/kaggle/input/datasets/duc24kdl/sub-x-ray/sub_X-Ray/sub_NIH/00000415_001.png,,sub_NIH,00000415_001.png,ok,256x256 -> 1024x1024,4,1,40.01,31.9128,41.85986,6.46992,0.9245,0.9842,0.2957,7.9955,32.1793,39.36866,6.274445,0.927,0.986,0.2991,0.2991,0.2991,7.3692,146.7923,59.9645,146.7923,59.9645,0.1386,32.1793,0.927,39.36866,6.274445,0.2665,0.0018,-0.0034,0.6263
/kaggle/input/datasets/duc24kdl/sub-x-ray/sub_X-Ray/sub_NIH/00000416_001.png,,sub_NIH,00000416_001.png,ok,256x256 -> 1024x1024,4,1,40.12,35.0741,20.214723,4.496079,0.9631,0.9919,0.246,8.7184,35.1424,19.89963,4.4609,0.965,0.993,0.2512,0.2512,0.2512,8.1538,173.3149,54.0264,173.3149,54.0264,0.0458,35.1424,0.965,19.89963,4.4609,0.0682,0.0011,-0.0052,0.5646
/kaggle/input/datasets/duc24kdl/sub-x-ray/sub_X-Ray/sub_NIH/00000416_003.png,,sub_NIH,00000416_003.png,ok,256x256 -> 1024x1024,4,1,40.13,38.0629,10.157592,3.187098,0.9239,0.9859,0.3692,8.4969,38.234,9.765145,3.124923,0.9266,0.9874,0.3855,0.3855,0.3855,7.9295,137.5067,65.0085,137.5067,65.0085,0.1027,38.234,0.9266,9.765145,3.124923,0.1711,0.0015,-0.0164,0.5674
/kaggle/input/datasets/duc24kdl/sub-x-ray/sub_X-Ray/sub_NIH/00000416_006.png,,sub_NIH,00000416_006.png,ok,256x256 -> 1024x1024,4,1,39.82,34.7591,21.735377,4.662122,0.9559,0.9903,0.2362,8.1688,35.1778,19.738023,4.44275,0.9589,0.9918,0.2334,0.2334,0.2334,7.679,154.5679,64.0082,154.5679,64.0082,0.1386,35.1778,0.9589,19.738023,4.44275,0.4186,0.0015,0.0028,0.4898
/kaggle/input/datasets/duc24kdl/sub-x-ray/sub_X-Ray/sub_NIH/00000416_007.png,,sub_NIH,00000416_007.png,ok,256x256 -> 1024x1024,4,1,38.97,34.368,23.783484,4.876831,0.9536,0.9903,0.2486,8.2504,34.6432,22.323357,4.72476,0.9553,0.9916,0.2586,0.2586,0.2586,7.9637,167.6175,62.6735,167.6175,62.6735,0.0242,34.6432,0.9553,22.323357,4.72476,0.2752,0.0013,-0.0101,0.2867
/kaggle/input/datasets/duc24kdl/sub-x-ray/sub_X-Ray/sub_NIH/00000417_000.png,,sub_NIH,00000417_000.png,ok,256x256 -> 1024x1024,4,1,39.97,31.441,46.663548,6.831072,0.9715,0.9931,0.2154,9.2197,31.6976,43.986364,6.632222,0.9716,0.9938,0.2228,0.2228,0.2228,8.5987,148.03,56.0131,148.03,56.0131,0.1863,31.6976,0.9716,43.986364,6.632222,0.2566,0.0007,-0.0074,0.6211
/kaggle/input/datasets/duc24kdl/sub-x-ray/sub_X-Ray/sub_NIH/00000418_000.png,,sub_NIH,00000418_000.png,ok,256x256 -> 1024x1024,4,1,40.31,34.1732,24.874985,4.987483,0.9652,0.9919,0.2567,8.7951,34.3607,23.823568,4.880939,0.9658,0.9928,0.2753,0.2753,0.2753,8.3094,121.4991,54.7396,121.4991,54.7396,0.1385,34.3607,0.9658,23.823568,4.880939,0.1876,0.0009,-0.0185,0.4857
/kaggle/input/datasets/duc24kdl/sub-x-ray/sub_X-Ray/sub_NIH/00000420_000.png,,sub_NIH,00000420_000.png,ok,256x256 -> 1024x1024,4,1,39.43,32.6177,35.588491,5.965609,0.9419,0.9875,0.3054,8.1352,32.8439,33.78272,5.81229,0.9443,0.9891,0.3223,0.3223,0.3223,7.8346,130.0555,59.0068,130.0555,59.0068,0.0325,32.8439,0.9443,33.78272,5.81229,0.2261,0.0016,-0.0169,0.3006
/kaggle/input/datasets/duc24kdl/sub-x-ray/sub_X-Ray/sub_NIH/00000422_004.png,,sub_NIH,00000422_004.png,ok,256x256 -> 1024x1024,4,1,39.01,38.6991,8.77348,2.962006,0.9408,0.9888,0.3039,8.5362,39.0608,8.072381,2.841194,0.9434,0.99,0.3195,0.3195,0.3195,7.8239,109.2089,70.4378,109.2089,70.4378,0.1106,39.0608,0.9434,8.072381,2.841194,0.3617,0.0012,-0.0156,0.7123
/kaggle/input/datasets/duc24kdl/sub-x-ray/sub_X-Ray/sub_NIH/00000426_002.png,,sub_NIH,00000426_002.png,ok,256x256 -> 1024x1024,4,1,39.24,37.6137,11.264399,3.356248,0.9267,0.9863,0.3843,8.634,37.7544,10.905326,3.302321,0.9293,0.9877,0.4079,0.4079,0.4079,8.1927,136.1976,62.2736,136.1976,62.2736,0.0855,37.7544,0.9293,10.905326,3.302321,0.1407,0.0014,-0.0235,0.4413
/kaggle/input/datasets/duc24kdl/sub-x-ray/sub_X-Ray/sub_NIH/00000430_000.png,,sub_NIH,00000430_000.png,ok,256x256 -> 1024x1024,4,1,39.39,40.1347,6.303911,2.510759,0.9587,0.9906,0.2385,8.3328,40.4597,5.849413,2.418556,0.9615,0.992,0.2545,0.2545,0.2545,7.9973,158.5899,49.2192,158.5899,49.2192,0.0896,40.4597,0.9615,5.849413,2.418556,0.325,0.0014,-0.016,0.3355
/kaggle/input/datasets/duc24kdl/sub-x-ray/sub_X-Ray/sub_NIH/00000431_002.png,,sub_NIH,00000431_002.png,ok,256x256 -> 1024x1024,4,1,38.82,40.2133,6.190918,2.488156,0.9416,0.9897,0.3281,8.7737,40.223,6.177029,2.485363,0.9434,0.9907,0.3486,0.3486,0.3486,8.3709,125.2884,73.6531,125.2884,73.6531,0.0885,40.223,0.9434,6.177029,2.485363,0.0098,0.0009,-0.0205,0.4028
/kaggle/input/datasets/duc24kdl/sub-x-ray/sub_X-Ray/sub_NIH/00000431_003.png,,sub_NIH,00000431_003.png,ok,256x256 -> 1024x1024,4,1,39.26,39.2096,7.80053,2.792943,0.9449,0.9902,0.3033,8.6979,39.3996,7.466569,2.732502,0.947,0.9911,0.3192,0.3192,0.3192,8.325,120.674,76.2516,120.674,76.2516,0.0767,39.3996,0.947,7.466569,2.732502,0.19,0.0009,-0.0159,0.3729
/kaggle/input/datasets/duc24kdl/sub-x-ray/sub_X-Ray/sub_NIH/00000432_000.png,,sub_NIH,00000432_000.png,ok,256x256 -> 1024x1024,4,1,39.26,40.3579,5.988104,2.44706,0.9593,0.9908,0.2374,8.3261,40.7017,5.532369,2.352099,0.9618,0.992,0.2539,0.2539,0.2539,8.0446,159.2199,46.6845,159.2199,46.6845,0.1491,40.7017,0.9618,5.532369,2.352099,0.3438,0.0013,-0.0165,0.2816
/kaggle/input/datasets/duc24kdl/sub-x-ray/sub_X-Ray/sub_NIH/00000434_000.png,,sub_NIH,00000434_000.png,ok,256x256 -> 1024x1024,4,1,40.0,38.6991,8.773512,2.962011,0.9191,0.9856,0.3968,8.6382,38.9318,8.31572,2.883699,0.9222,0.9871,0.4254,0.4254,0.4254,8.2707,120.7508,66.3021,120.7508,66.3021,0.0791,38.9318,0.9222,8.31572,2.883699,0.2327,0.0015,-0.0287,0.3674
/kaggle/input/datasets/duc24kdl/sub-x-ray/sub_X-Ray/sub_NIH/00000437_000.png,,sub_NIH,00000437_000.png,ok,256x256 -> 1024x1024,4,1,39.96,38.0547,10.176765,3.190104,0.9145,0.9844,0.4139,8.7106,38.4935,9.198711,3.032938,0.9173,0.9858,0.4408,0.4408,0.4408,8.3923,129.1078,61.8738,129.1078,61.8738,0.1007,38.4935,0.9173,9.198711,3.032938,0.4388,0.0014,-0.0268,0.3183
/kaggle/input/datasets/duc24kdl/sub-x-ray/sub_X-Ray/sub_NIH/00000441_000.png,,sub_NIH,00000441_000.png,ok,256x256 -> 1024x1024,4,1,39.17,38.1931,9.857501,3.139666,0.9303,0.987,0.3707,8.7469,38.5151,9.153105,3.02541,0.9328,0.9883,0.3904,0.3904,0.3904,8.3318,135.9026,62.5718,135.9026,62.5718,0.1086,38.5151,0.9328,9.153105,3.02541,0.322,0.0013,-0.0197,0.4151
/kaggle/input/datasets/duc24kdl/sub-x-ray/sub_X-Ray/sub_NIH/00000442_001.png,,sub_NIH,00000442_001.png,ok,256x256 -> 1024x1024,4,1,38.88,38.4706,9.247469,3.040965,0.9377,0.9883,0.3546,8.6312,38.6335,8.906933,2.984449,0.9398,0.9895,0.3762,0.3762,0.3762,8.1283,116.6908,67.3544,116.6908,67.3544,0.0693,38.6335,0.9398,8.906933,2.984449,0.1629,0.0012,-0.0216,0.503
/kaggle/input/datasets/duc24kdl/sub-x-ray/sub_X-Ray/sub_NIH/00000443_005.png,,sub_NIH,00000443_005.png,ok,256x256 -> 1024x1024,4,1,39.14,32.5403,36.228769,6.019034,0.9651,0.9927,0.2917,9.4419,32.9685,32.827217,5.729504,0.9669,0.9937,0.3103,0.3103,0.3103,8.8083,121.7022,43.7783,121.7022,43.7783,0.1978,32.9685,0.9669,32.827217,5.729504,0.4282,0.0009,-0.0185,0.6336
/kaggle/input/datasets/duc24kdl/sub-x-ray/sub_X-Ray/sub_NIH/00000446_001.png,,sub_NIH,00000446_001.png,ok,256x256 -> 1024x1024,4,1,39.29,37.8882,10.574552,3.251854,0.9291,0.9872,0.3615,8.5549,38.06,10.164257,3.188143,0.9319,0.9885,0.3826,0.3826,0.3826,8.3136,126.5992,68.109,126.5992,68.109,0.0693,38.06,0.9319,10.164257,3.188143,0.1719,0.0013,-0.0211,0.2414
/kaggle/input/datasets/duc24kdl/sub-x-ray/sub_X-Ray/sub_NIH/00000447_001.png,,sub_NIH,00000447_001.png,ok,256x256 -> 1024x1024,4,1,39.39,37.2731,12.183482,3.490485,0.9264,0.9858,0.3617,8.4394,37.6523,11.164903,3.341392,0.9287,0.9873,0.3792,0.3792,0.3792,8.0601,109.3532,58.9874,109.3532,58.9874,0.1035,37.6523,0.9287,11.164903,3.341392,0.3792,0.0015,-0.0175,0.3793
/kaggle/input/datasets/duc24kdl/sub-x-ray/sub_X-Ray/sub_NIH/00000447_003.png,,sub_NIH,00000447_003.png,ok,256x256 -> 1024x1024,4,1,39.3,37.5316,11.479473,3.388137,0.9361,0.9879,0.298,8.3442,37.8836,10.585662,3.253561,0.9381,0.9893,0.3102,0.3102,0.3102,7.865,99.5692,70.0887,99.5692,70.0887,0.122,37.8836,0.9381,10.585662,3.253561,0.352,0.0014,-0.0122,0.4792
/kaggle/input/datasets/duc24kdl/sub-x-ray/sub_X-Ray/sub_NIH/00000450_002.png,,sub_NIH,00000450_002.png,ok,256x256 -> 1024x1024,4,1,40.25,30.4892,58.097903,7.622198,0.9336,0.9849,0.2954,7.8704,30.6812,55.585814,7.455589,0.9361,0.987,0.2995,0.2995,0.2995,7.3442,125.8016,51.1474,125.8016,51.1474,0.113,30.6812,0.9361,55.585814,7.455589,0.192,0.0022,-0.004,0.5262
/kaggle/input/datasets/duc24kdl/sub-x-ray/sub_X-Ray/sub_NIH/00000450_003.png,,sub_NIH,00000450_003.png,ok,256x256 -> 1024x1024,4,1,39.01,30.6515,55.966391,7.481069,0.9218,0.9828,0.3186,8.0012,30.9655,52.062818,7.215457,0.9244,0.9851,0.318,0.318,0.318,7.5343,121.6753,53.8205,121.6753,53.8205,0.1247,30.9655,0.9244,52.062818,7.215457,0.314,0.0024,0.0005,0.4669
/kaggle/input/datasets/duc24kdl/sub-x-ray/sub_X-Ray/sub_NIH/00000450_004.png,,sub_NIH,00000450_004.png,ok,256x256 -> 1024x1024,4,1,39.32,30.7896,54.215601,7.363124,0.9373,0.986,0.2863,7.7205,31.0281,51.318102,7.163665,0.9386,0.9877,0.2902,0.2902,0.2902,7.334,127.8899,50.4136,127.8899,50.4136,0.1348,31.0281,0.9386,51.318102,7.163665,0.2385,0.0018,-0.004,0.3865
/kaggle/input/datasets/duc24kdl/sub-x-ray/sub_X-Ray/sub_NIH/00000455_000.png,,sub_NIH,00000455_000.png,ok,256x256 -> 1024x1024,4,1,39.25,33.2893,30.489387,5.52172,0.9634,0.9917,0.2072,8.5125,33.3581,30.010163,5.478153,0.9652,0.9929,0.2113,0.2113,0.2113,7.9759,168.5629,60.3844,168.5629,60.3844,0.1113,33.3581,0.9652,30.010163,5.478153,0.0688,0.0011,-0.0041,0.5367
/kaggle/input/datasets/duc24kdl/sub-x-ray/sub_X-Ray/sub_NIH/00000457_000.png,,sub_NIH,00000457_000.png,ok,256x256 -> 1024x1024,4,1,39.05,39.3499,7.552443,2.748171,0.9416,0.9889,0.3115,8.5686,39.6546,7.040783,2.653447,0.9438,0.9901,0.3288,0.3288,0.3288,8.2404,113.8886,69.8301,113.8886,69.8301,0.1031,39.6546,0.9438,7.040783,2.653447,0.3047,0.0012,-0.0173,0.3282
/kaggle/input/datasets/duc24kdl/sub-x-ray/sub_X-Ray/sub_NIH/00000457_003.png,,sub_NIH,00000457_003.png,ok,256x256 -> 1024x1024,4,1,38.53,38.9935,8.198415,2.863287,0.932,0.9871,0.334,8.4597,39.2896,7.658165,2.767339,0.9347,0.9885,0.3451,0.3451,0.3451,8.1014,112.4781,71.9009,112.4781,71.9009,0.0995,39.2896,0.9347,7.658165,2.767339,0.2961,0.0014,-0.011,0.3583
/kaggle/input/datasets/duc24kdl/sub-x-ray/sub_X-Ray/sub_NIH/00000459_008.png,,sub_NIH,00000459_008.png,ok,256x256 -> 1024x1024,4,1,40.3,31.5244,45.775821,6.765783,0.949,0.9891,0.279,8.2704,31.6919,44.044713,6.636619,0.9502,0.9902,0.2909,0.2909,0.2909,7.923,131.6961,55.4923,131.6961,55.4923,0.0865,31.6919,0.9502,44.044713,6.636619,0.1674,0.0011,-0.0119,0.3474
/kaggle/input/datasets/duc24kdl/sub-x-ray/sub_X-Ray/sub_NIH/00000459_010.png,,sub_NIH,00000459_010.png,ok,256x256 -> 1024x1024,4,1,39.16,30.895,52.91494,7.274266,0.9482,0.9887,0.3354,8.5574,31.2125,49.184278,7.01315,0.9494,0.9897,0.3516,0.3516,0.3516,8.1038,110.2009,50.5443,110.2009,50.5443,0.0923,31.2125,0.9494,49.184278,7.01315,0.3175,0.0011,-0.0161,0.4536
/kaggle/input/datasets/duc24kdl/sub-x-ray/sub_X-Ray/sub_NIH/00000459_014.png,,sub_NIH,00000459_014.png,ok,256x256 -> 1024x1024,4,1,39.11,40.8867,5.301603,2.302521,0.9454,0.9902,0.3398,9.0796,41.1035,5.04351,2.245776,0.9474,0.9911,0.3664,0.3664,0.3664,8.6446,108.0352,69.8953,108.0352,69.8953,0.0807,41.1035,0.9474,5.04351,2.245776,0.2167,0.0009,-0.0265,0.435
/kaggle/input/datasets/duc24kdl/sub-x-ray/sub_X-Ray/sub_NIH/00000459_016.png,,sub_NIH,00000459_016.png,ok,256x256 -> 1024x1024,4,1,40.59,38.8899,8.396362,2.897648,0.9388,0.9893,0.3471,8.8471,39.1613,7.887773,2.808518,0.9408,0.9902,0.3724,0.3724,0.3724,8.1978,110.0261,75.516,110.0261,75.516,0.0998,39.1613,0.9408,7.887773,2.808518,0.2714,0.001,-0.0253,0.6493
/kaggle/input/datasets/duc24kdl/sub-x-ray/sub_X-Ray/sub_NIH/00000459_021.png,,sub_NIH,00000459_021.png,ok,256x256 -> 1024x1024,4,1,39.82,40.2069,6.199926,2.489965,0.9516,0.991,0.3129,9.0285,40.5685,5.70466,2.388443,0.9533,0.9918,0.3296,0.3296,0.3296,8.4907,115.1438,71.7119,115.1438,71.7119,0.0877,40.5685,0.9533,5.70466,2.388443,0.3616,0.0008,-0.0167,0.5378
/kaggle/input/datasets/duc24kdl/sub-x-ray/sub_X-Ray/sub_NIH/00000459_029.png,,sub_NIH,00000459_029.png,ok,256x256 -> 1024x1024,4,1,39.13,36.5676,14.332586,3.78584,0.9434,0.9896,0.347,8.9133,36.9105,13.244303,3.639272,0.9452,0.9905,0.3696,0.3696,0.3696,8.4352,118.31,64.336,118.31,64.336,0.1148,36.9105,0.9452,13.244303,3.639272,0.343,0.0009,-0.0226,0.478
/kaggle/input/datasets/duc24kdl/sub-x-ray/sub_X-Ray/sub_NIH/00000459_032.png,,sub_NIH,00000459_032.png,ok,256x256 -> 1024x1024,4,1,40.37,30.0818,63.810995,7.988178,0.9467,0.9891,0.3188,8.6191,30.2947,60.759035,7.794808,0.9462,0.9898,0.3347,0.3347,0.3347,7.978,128.2987,63.4004,128.2987,63.4004,0.1023,30.2947,0.9462,60.759035,7.794808,0.2128,0.0007,-0.0159,0.6411
/kaggle/input/datasets/duc24kdl/sub-x-ray/sub_X-Ray/sub_NIH/00000459_035.png,,sub_NIH,00000459_035.png,ok,256x256 -> 1024x1024,4,1,40.03,31.6275,44.701909,6.685949,0.9487,0.9889,0.3335,8.56,31.8202,42.76228,6.539287,0.9491,0.9899,0.3492,0.3492,0.3492,7.8407,113.7112,53.9194,113.7112,53.9194,0.0971,31.8202,0.9491,42.76228,6.539287,0.1927,0.001,-0.0158,0.7193
/kaggle/input/datasets/duc24kdl/sub-x-ray/sub_X-Ray/sub_NIH/00000459_037.png,,sub_NIH,00000459_037.png,ok,256x256 -> 1024x1024,4,1,38.85,32.8189,33.977574,5.829029,0.9579,0.9909,0.2883,8.7622,32.9162,33.224478,5.764068,0.9584,0.9915,0.3056,0.3056,0.3056,8.231,101.2177,57.3121,101.2177,57.3121,0.0454,32.9162,0.9584,33.224478,5.764068,0.0973,0.0006,-0.0173,0.5312
/kaggle/input/datasets/duc24kdl/sub-x-ray/sub_X-Ray/sub_NIH/00000459_040.png,,sub_NIH,00000459_040.png,ok,256x256 -> 1024x1024,4,1,39.07,33.2905,30.480864,5.520948,0.958,0.991,0.2852,8.5288,33.3913,29.782,5.457289,0.9586,0.9916,0.3026,0.3026,0.3026,8.1384,107.4057,58.2001,107.4057,58.2001,0.0661,33.3913,0.9586,29.782,5.457289,0.1007,0.0007,-0.0174,0.3904
/kaggle/input/datasets/duc24kdl/sub-x-ray/sub_X-Ray/sub_NIH/00000459_048.png,,sub_NIH,00000459_048.png,ok,256x256 -> 1024x1024,4,1,38.85,29.6555,70.392945,8.39005,0.933,0.9858,0.3385,8.2652,29.9664,65.530362,8.095083,0.9338,0.9874,0.3445,0.3445,0.3445,7.8095,107.3731,68.1346,107.3731,68.1346,0.1431,29.9664,0.9338,65.530362,8.095083,0.3109,0.0016,-0.006,0.4557
/kaggle/input/datasets/duc24kdl/sub-x-ray/sub_X-Ray/sub_NIH/00000459_053.png,,sub_NIH,00000459_053.png,ok,256x256 -> 1024x1024,4,1,39.29,37.6744,11.108148,3.332889,0.9067,0.9831,0.4257,8.521,38.0022,10.300588,3.209453,0.9093,0.9844,0.4563,0.4563,0.4563,8.11,112.9713,73.2214,112.9713,73.2214,0.0378,38.0022,0.9093,10.300588,3.209453,0.3278,0.0013,-0.0306,0.411
/kaggle/input/datasets/duc24kdl/sub-x-ray/sub_X-Ray/sub_NIH/00000459_056.png,,sub_NIH,00000459_056.png,ok,256x256 -> 1024x1024,4,1,39.56,31.2193,49.107947,7.007706,0.949,0.989,0.3208,8.6787,31.3279,47.894896,6.920614,0.9489,0.9897,0.3368,0.3368,0.3368,8.2459,120.4336,60.6585,120.4336,60.6585,0.1117,31.3279,0.9489,47.894896,6.920614,0.1086,0.0007,-0.016,0.4328
/kaggle/input/datasets/duc24kdl/sub-x-ray/sub_X-Ray/sub_NIH/00000466_004.png,,sub_NIH,00000466_004.png,ok,256x256 -> 1024x1024,4,1,39.06,32.776,34.314756,5.85788,0.907,0.9831,0.4024,8.4487,33.0633,32.118321,5.667303,0.9088,0.9844,0.4185,0.4185,0.4185,7.8455,119.8329,68.3309,119.8329,68.3309,0.108,33.0633,0.9088,32.118321,5.667303,0.2873,0.0013,-0.0161,0.6031
/kaggle/input/datasets/duc24kdl/sub-x-ray/sub_X-Ray/sub_NIH/00000467_005.png,,sub_NIH,00000467_005.png,ok,256x256 -> 1024x1024,4,1,39.72,33.1479,31.498734,5.612373,0.9496,0.9888,0.3261,8.5835,33.2736,30.599726,5.531702,0.9514,0.9903,0.3445,0.3445,0.3445,8.1254,119.1379,53.2652,119.1379,53.2652,0.0738,33.2736,0.9514,30.599726,5.531702,0.1258,0.0015,-0.0185,0.4581
/kaggle/input/datasets/duc24kdl/sub-x-ray/sub_X-Ray/sub_NIH/00000467_006.png,,sub_NIH,00000467_006.png,ok,256x256 -> 1024x1024,4,1,40.22,33.1307,31.623713,5.623497,0.9509,0.9892,0.3143,8.4885,33.2151,31.01486,5.569099,0.9527,0.9906,0.3329,0.3329,0.3329,7.9877,126.4583,51.8265,126.4583,51.8265,0.0648,33.2151,0.9527,31.01486,5.569099,0.0844,0.0014,-0.0185,0.5008
/kaggle/input/datasets/duc24kdl/sub-x-ray/sub_X-Ray/sub_NIH/00000467_007.png,,sub_NIH,00000467_007.png,ok,256x256 -> 1024x1024,4,1,39.6,30.1574,62.709887,7.918957,0.94,0.9864,0.3006,8.0375,30.3659,59.771465,7.731201,0.9419,0.9882,0.3095,0.3095,0.3095,7.5431,131.2059,61.691,131.2059,61.691,0.0822,30.3659,0.9419,59.771465,7.731201,0.2084,0.0019,-0.0089,0.4945
/kaggle/input/datasets/duc24kdl/sub-x-ray/sub_X-Ray/sub_NIH/00000467_012.png,,sub_NIH,00000467_012.png,ok,256x256 -> 1024x1024,4,1,38.92,30.0892,63.702715,7.981398,0.9336,0.9856,0.3246,8.1492,30.318,60.434498,7.773963,0.9355,0.9875,0.3443,0.3443,0.3443,7.7235,150.2836,55.7391,150.2836,55.7391,0.1117,30.318,0.9355,60.434498,7.773963,0.2287,0.0019,-0.0197,0.4257
/kaggle/input/datasets/duc24kdl/sub-x-ray/sub_X-Ray/sub_NIH/00000468_003.png,,sub_NIH,00000468_003.png,ok,256x256 -> 1024x1024,4,1,40.1,30.5237,57.63844,7.591998,0.9335,0.9856,0.3521,8.2687,30.9335,52.448611,7.242141,0.9351,0.9875,0.363,0.363,0.363,7.8013,101.748,60.7818,101.748,60.7818,0.124,30.9335,0.9351,52.448611,7.242141,0.4098,0.0019,-0.0108,0.4674
/kaggle/input/datasets/duc24kdl/sub-x-ray/sub_X-Ray/sub_NIH/00000468_027.png,,sub_NIH,00000468_027.png,ok,256x256 -> 1024x1024,4,1,39.69,32.3795,37.594804,6.13146,0.9421,0.9871,0.2959,8.1429,32.5707,35.975927,5.997994,0.9439,0.9887,0.305,0.305,0.305,7.7219,110.1668,54.6569,110.1668,54.6569,0.0856,32.5707,0.9439,35.975927,5.997994,0.1912,0.0016,-0.0091,0.421
/kaggle/input/datasets/duc24kdl/sub-x-ray/sub_X-Ray/sub_NIH/00000468_033.png,,sub_NIH,00000468_033.png,ok,256x256 -> 1024x1024,4,1,38.78,38.3144,9.585994,3.096126,0.9125,0.9839,0.3741,8.5527,38.5979,8.980382,2.996729,0.9158,0.9855,0.3911,0.3911,0.3911,7.8779,99.8499,69.0683,99.8499,69.0683,0.0916,38.5979,0.9158,8.980382,2.996729,0.2834,0.0016,-0.0171,0.6748
/kaggle/input/datasets/duc24kdl/sub-x-ray/sub_X-Ray/sub_NIH/00000468_040.png,,sub_NIH,00000468_040.png,ok,256x256 -> 1024x1024,4,1,39.25,39.8896,6.66995,2.582625,0.9413,0.9892,0.2999,8.6694,40.1712,6.25113,2.500226,0.944,0.9904,0.313,0.313,0.313,8.2337,88.7385,71.7988,88.7385,71.7988,0.0875,40.1712,0.944,6.25113,2.500226,0.2816,0.0013,-0.0131,0.4357
/kaggle/input/datasets/duc24kdl/sub-x-ray/sub_X-Ray/sub_NIH/00000468_043.png,,sub_NIH,00000468_043.png,ok,256x256 -> 1024x1024,4,1,40.07,36.1952,15.615672,3.951667,0.9743,0.9942,0.2313,9.1481,36.4951,14.573589,3.817537,0.9754,0.995,0.2454,0.2454,0.2454,8.6548,134.6519,51.0819,134.6519,51.0819,0.1125,36.4951,0.9754,14.573589,3.817537,0.2999,0.0008,-0.0141,0.4933
/kaggle/input/datasets/duc24kdl/sub-x-ray/sub_X-Ray/sub_NIH/00000468_046.png,,sub_NIH,00000468_046.png,ok,256x256 -> 1024x1024,4,1,39.89,36.2996,15.244796,3.904458,0.9643,0.9926,0.2497,9.1993,36.5519,14.384266,3.792659,0.9655,0.9932,0.2681,0.2681,0.2681,8.6015,137.023,50.4878,137.023,50.4878,0.055,36.5519,0.9655,14.384266,3.792659,0.2523,0.0006,-0.0184,0.5977
/kaggle/input/datasets/duc24kdl/sub-x-ray/sub_X-Ray/sub_NIH/00000468_053.png,,sub_NIH,00000468_053.png,ok,256x256 -> 1024x1024,4,1,38.69,36.9998,12.974765,3.60205,0.9824,0.996,0.1674,9.7529,37.0822,12.731041,3.568058,0.9835,0.9966,0.1805,0.1805,0.1805,9.2916,147.6852,57.373,147.6852,57.373,0.0435,37.0822,0.9835,12.731041,3.568058,0.0824,0.0005,-0.0131,0.4613
/kaggle/input/datasets/duc24kdl/sub-x-ray/sub_X-Ray/sub_NIH/00000468_054.png,,sub_NIH,00000468_054.png,ok,256x256 -> 1024x1024,4,1,39.13,30.2571,61.287786,7.828652,0.9652,0.9924,0.2382,8.7664,30.2779,60.994376,7.80989,0.965,0.9927,0.2551,0.2551,0.2551,8.3402,115.0565,65.0623,115.0565,65.0623,0.0379,30.2779,0.965,60.994376,7.80989,0.0208,0.0003,-0.017,0.4263
/kaggle/input/datasets/duc24kdl/sub-x-ray/sub_X-Ray/sub_NIH/00000468_055.png,,sub_NIH,00000468_055.png,ok,256x256 -> 1024x1024,4,1,39.34,36.8626,13.391144,3.659391,0.9709,0.9938,0.2526,8.8594,37.1758,12.459395,3.529787,0.972,0.9946,0.2653,0.2653,0.2653,8.3978,109.8692,53.4563,109.8692,53.4563,0.1035,37.1758,0.972,12.459395,3.529787,0.3132,0.0008,-0.0127,0.4616
/kaggle/input/datasets/duc24kdl/sub-x-ray/sub_X-Ray/sub_NIH/00000468_058.png,,sub_NIH,00000468_058.png,ok,256x256 -> 1024x1024,4,1,40.7,31.226,49.032236,7.002302,0.9712,0.9928,0.2196,9.26,31.5045,45.986235,6.781315,0.9721,0.9936,0.2362,0.2362,0.2362,8.4002,156.1303,48.9406,156.1303,48.9406,0.0988,31.5045,0.9721,45.986235,6.781315,0.2785,0.0008,-0.0166,0.8597
/kaggle/input/datasets/duc24kdl/sub-x-ray/sub_X-Ray/sub_NIH/00000475_000.png,,sub_NIH,00000475_000.png,ok,256x256 -> 1024x1024,4,1,40.07,34.4501,23.338188,4.830961,0.9624,0.9918,0.2099,8.3543,34.8702,21.186707,4.602902,0.9645,0.993,0.2092,0.2092,0.2092,7.6708,168.9222,64.3164,168.9222,64.3164,0.088,34.8702,0.9645,21.186707,4.602902,0.42,0.0013,0.0007,0.6835
/kaggle/input/datasets/duc24kdl/sub-x-ray/sub_X-Ray/sub_NIH/00000476_000.png,,sub_NIH,00000476_000.png,ok,256x256 -> 1024x1024,4,1,38.83,37.8954,10.556884,3.249136,0.9323,0.9875,0.3357,8.4395,38.1372,9.985174,3.159933,0.9353,0.9889,0.3516,0.3516,0.3516,7.9888,105.5843,68.0721,105.5843,68.0721,0.1102,38.1372,0.9353,9.985174,3.159933,0.2418,0.0014,-0.0159,0.4507
/kaggle/input/datasets/duc24kdl/sub-x-ray/sub_X-Ray/sub_NIH/00000477_000.png,,sub_NIH,00000477_000.png,ok,256x256 -> 1024x1024,4,1,38.83,34.2197,24.610008,4.960847,0.9612,0.9922,0.2371,8.6636,34.3767,23.735884,4.871949,0.9635,0.9929,0.2428,0.2428,0.2428,8.1257,162.2921,59.3269,162.2921,59.3269,-0.0369,34.3767,0.9635,23.735884,4.871949,0.1571,0.0007,-0.0057,0.5379
/kaggle/input/datasets/duc24kdl/sub-x-ray/sub_X-Ray/sub_NIH/00000478_002.png,,sub_NIH,00000478_002.png,ok,256x256 -> 1024x1024,4,1,39.66,37.0614,12.791972,3.576587,0.9267,0.9861,0.3659,8.5883,37.3144,12.068152,3.473925,0.9292,0.9874,0.3852,0.3852,0.3852,7.9276,111.9594,69.2398,111.9594,69.2398,0.0846,37.3144,0.9292,12.068152,3.473925,0.253,0.0014,-0.0193,0.6607
/kaggle/input/datasets/duc24kdl/sub-x-ray/sub_X-Ray/sub_NIH/00000479_000.png,,sub_NIH,00000479_000.png,ok,256x256 -> 1024x1024,4,1,40.19,36.6448,14.080012,3.752334,0.9428,0.9888,0.3152,8.4759,36.9092,13.24827,3.639817,0.9443,0.9899,0.3281,0.3281,0.3281,8.0876,130.0657,68.0259,130.0657,68.0259,0.1052,36.9092,0.9443,13.24827,3.639817,0.2644,0.0011,-0.0129,0.3883
/kaggle/input/datasets/duc24kdl/sub-x-ray/sub_X-Ray/sub_NIH/00000483_000.png,,sub_NIH,00000483_000.png,ok,256x256 -> 1024x1024,4,1,39.57,35.7403,17.340127,4.164148,0.946,0.9886,0.319,8.7077,36.2488,15.424205,3.927366,0.9483,0.9899,0.3415,0.3415,0.3415,8.2988,138.8059,46.4755,138.8059,46.4755,0.2096,36.2488,0.9483,15.424205,3.927366,0.5085,0.0013,-0.0225,0.409
/kaggle/input/datasets/duc24kdl/sub-x-ray/sub_X-Ray/sub_NIH/00000488_000.png,,sub_NIH,00000488_000.png,ok,256x256 -> 1024x1024,4,1,38.9,35.899,16.718023,4.088768,0.9728,0.9942,0.2384,8.8602,36.1566,15.755219,3.969284,0.9733,0.9947,0.2558,0.2558,0.2558,8.1611,133.21,49.6037,133.21,49.6037,0.0582,36.1566,0.9733,15.755219,3.969284,0.2576,0.0005,-0.0174,0.6991
/kaggle/input/datasets/duc24kdl/sub-x-ray/sub_X-Ray/sub_NIH/00000489_000.png,,sub_NIH,00000489_000.png,ok,256x256 -> 1024x1024,4,1,39.27,31.0901,50.591137,7.112745,0.953,0.9909,0.2886,9.1652,31.2891,48.32484,6.951607,0.9555,0.9918,0.2893,0.2893,0.2893,8.5098,162.6015,56.3571,162.6015,56.3571,0.0131,31.2891,0.9555,48.32484,6.951607,0.199,0.0009,-0.0008,0.6554
/kaggle/input/datasets/duc24kdl/sub-x-ray/sub_X-Ray/sub_NIH/00000490_000.png,,sub_NIH,00000490_000.png,ok,256x256 -> 1024x1024,4,1,39.64,38.4598,9.270402,3.044733,0.9131,0.9838,0.3899,8.6652,38.7307,8.709833,2.951243,0.9163,0.9855,0.4081,0.4081,0.4081,8.2733,114.8776,62.7751,114.8776,62.7751,0.0911,38.7307,0.9163,8.709833,2.951243,0.2709,0.0017,-0.0182,0.3919
/kaggle/input/datasets/duc24kdl/sub-x-ray/sub_X-Ray/sub_NIH/00000490_005.png,,sub_NIH,00000490_005.png,ok,256x256 -> 1024x1024,4,1,39.81,31.1727,49.636988,7.045352,0.9709,0.9926,0.253,9.0875,31.2055,49.26372,7.018812,0.972,0.9933,0.2651,0.2651,0.2651,8.6325,164.2308,37.2904,164.2308,37.2904,0.0785,31.2055,0.972,49.26372,7.018812,0.0328,0.0008,-0.012,0.4549
/kaggle/input/datasets/duc24kdl/sub-x-ray/sub_X-Ray/sub_NIH/00000491_001.png,,sub_NIH,00000491_001.png,ok,256x256 -> 1024x1024,4,1,39.26,33.2014,31.113045,5.577907,0.9307,0.9852,0.3285,8.0213,33.4651,29.279622,5.411065,0.936,0.9877,0.3247,0.3247,0.3247,7.4785,103.2678,53.0313,103.2678,53.0313,0.0876,33.4651,0.936,29.279622,5.411065,0.2638,0.0026,0.0039,0.5428
/kaggle/input/datasets/duc24kdl/sub-x-ray/sub_X-Ray/sub_NIH/00000491_003.png,,sub_NIH,00000491_003.png,ok,256x256 -> 1024x1024,4,1,38.88,39.3328,7.582266,2.753591,0.9473,0.9884,0.3086,8.6073,39.614,7.106826,2.665863,0.9498,0.9898,0.3153,0.3153,0.3153,7.9318,89.2279,49.8926,89.2279,49.8926,0.1052,39.614,0.9498,7.106826,2.665863,0.2812,0.0014,-0.0066,0.6754
/kaggle/input/datasets/duc24kdl/sub-x-ray/sub_X-Ray/sub_NIH/00000491_004.png,,sub_NIH,00000491_004.png,ok,256x256 -> 1024x1024,4,1,38.89,29.6216,70.944942,8.422882,0.9312,0.9842,0.3179,7.7976,30.0822,63.805938,7.987862,0.9337,0.9868,0.3066,0.3066,0.3066,7.3983,86.6538,63.8727,86.6538,63.8727,0.1127,30.0822,0.9337,63.805938,7.987862,0.4606,0.0026,0.0113,0.3993
/kaggle/input/datasets/duc24kdl/sub-x-ray/sub_X-Ray/sub_NIH/00000491_021.png,,sub_NIH,00000491_021.png,ok,256x256 -> 1024x1024,4,1,39.3,34.5277,22.92481,4.787986,0.9703,0.9937,0.2484,9.1784,34.6205,22.440402,4.73713,0.9717,0.9945,0.2641,0.2641,0.2641,8.2758,162.2578,45.9489,162.2578,45.9489,0.0715,34.6205,0.9717,22.440402,4.73713,0.0928,0.0008,-0.0158,0.9026
/kaggle/input/datasets/duc24kdl/sub-x-ray/sub_X-Ray/sub_NIH/00000491_024.png,,sub_NIH,00000491_024.png,ok,256x256 -> 1024x1024,4,1,39.86,32.6294,35.492463,5.957555,0.9669,0.9925,0.2282,9.1647,32.99,32.664763,5.715309,0.9687,0.9936,0.2318,0.2318,0.2318,8.452,95.459,64.3417,95.459,64.3417,0.1543,32.99,0.9687,32.664763,5.715309,0.3606,0.0011,-0.0036,0.7127
/kaggle/input/datasets/duc24kdl/sub-x-ray/sub_X-Ray/sub_NIH/00000492_000.png,,sub_NIH,00000492_000.png,ok,256x256 -> 1024x1024,4,1,39.63,36.855,13.41457,3.662591,0.927,0.9859,0.3358,8.3283,37.2979,12.114124,3.480535,0.9298,0.9875,0.3479,0.3479,0.3479,7.9067,99.8576,61.6445,99.8576,61.6445,0.1117,37.2979,0.9298,12.114124,3.480535,0.4428,0.0016,-0.0121,0.4216
/kaggle/input/datasets/duc24kdl/sub-x-ray/sub_X-Ray/sub_NIH/00000492_001.png,,sub_NIH,00000492_001.png,ok,256x256 -> 1024x1024,4,1,39.95,36.869,13.371558,3.656714,0.9731,0.9936,0.1981,8.6561,36.9981,12.979769,3.602745,0.9747,0.9945,0.1987,0.1987,0.1987,8.0857,150.388,54.1997,150.388,54.1997,0.0568,36.9981,0.9747,12.979769,3.602745,0.1292,0.0009,-0.0007,0.5704
/kaggle/input/datasets/duc24kdl/sub-x-ray/sub_X-Ray/sub_NIH/00000493_000.png,,sub_NIH,00000493_000.png,ok,256x256 -> 1024x1024,4,1,38.98,36.134,15.837361,3.979618,0.9814,0.9957,0.1848,9.1878,36.2226,15.51733,3.939204,0.9825,0.9963,0.1955,0.1955,0.1955,8.6918,161.082,44.947,161.082,44.947,0.0436,36.2226,0.9825,15.51733,3.939204,0.0887,0.0005,-0.0108,0.496
/kaggle/input/datasets/duc24kdl/sub-x-ray/sub_X-Ray/sub_NIH/00000494_003.png,,sub_NIH,00000494_003.png,ok,256x256 -> 1024x1024,4,1,39.38,31.9926,41.098013,6.410773,0.9569,0.9904,0.2302,8.1271,32.3962,37.450393,6.119673,0.9571,0.9912,0.2336,0.2336,0.2336,7.8663,154.6871,69.2085,154.6871,69.2085,-0.0008,32.3962,0.9571,37.450393,6.119673,0.4036,0.0009,-0.0033,0.2608
/kaggle/input/datasets/duc24kdl/sub-x-ray/sub_X-Ray/sub_NIH/00000494_004.png,,sub_NIH,00000494_004.png,ok,256x256 -> 1024x1024,4,1,39.9,36.6729,13.989052,3.740194,0.9319,0.9873,0.3495,8.4249,37.0651,12.78104,3.575058,0.9338,0.9885,0.3697,0.3697,0.3697,8.0763,129.2977,69.9492,129.2977,69.9492,0.1146,37.0651,0.9338,12.78104,3.575058,0.3922,0.0011,-0.0203,0.3486
/kaggle/input/datasets/duc24kdl/sub-x-ray/sub_X-Ray/sub_NIH/00000494_006.png,,sub_NIH,00000494_006.png,ok,256x256 -> 1024x1024,4,1,39.81,36.9692,13.066446,3.614754,0.9309,0.9869,0.336,8.2683,37.2849,12.150303,3.485729,0.9331,0.9882,0.3513,0.3513,0.3513,7.9862,105.3348,73.4405,105.3348,73.4405,0.1113,37.2849,0.9331,12.150303,3.485729,0.3157,0.0013,-0.0153,0.2821
/kaggle/input/datasets/duc24kdl/sub-x-ray/sub_X-Ray/sub_NIH/00000494_007.png,,sub_NIH,00000494_007.png,ok,256x256 -> 1024x1024,4,1,38.83,35.7782,17.189242,4.145991,0.9191,0.9846,0.3789,8.3963,36.0762,16.049579,4.006193,0.9211,0.986,0.4001,0.4001,0.4001,8.1941,113.7898,64.513,113.7898,64.513,0.1071,36.0762,0.9211,16.049579,4.006193,0.2979,0.0014,-0.0212,0.2022
/kaggle/input/datasets/duc24kdl/sub-x-ray/sub_X-Ray/sub_NIH/00000495_000.png,,sub_NIH,00000495_000.png,ok,256x256 -> 1024x1024,4,1,40.21,33.451,29.375449,5.419912,0.96,0.9915,0.2417,8.6653,33.553,28.692977,5.356583,0.9607,0.9923,0.2507,0.2507,0.2507,8.1113,164.354,52.0489,164.354,52.0489,0.0021,33.553,0.9607,28.692977,5.356583,0.1021,0.0008,-0.0089,0.554
/kaggle/input/datasets/duc24kdl/sub-x-ray/sub_X-Ray/sub_NIH/00000498_001.png,,sub_NIH,00000498_001.png,ok,256x256 -> 1024x1024,4,1,40.15,40.5638,5.710878,2.389744,0.9381,0.9861,0.3345,8.3963,40.8717,5.319978,2.306508,0.9411,0.9876,0.3475,0.3475,0.3475,8.3036,111.169,31.48,111.169,31.48,0.1024,40.8717,0.9411,5.319978,2.306508,0.3079,0.0015,-0.013,0.0927
/kaggle/input/datasets/duc24kdl/sub-x-ray/sub_X-Ray/sub_NIH/00000499_001.png,,sub_NIH,00000499_001.png,ok,256x256 -> 1024x1024,4,1,40.12,37.0214,12.910451,3.593112,0.9796,0.9955,0.1931,9.8439,37.1481,12.539288,3.541086,0.9806,0.996,0.2018,0.2018,0.2018,9.0589,146.8531,55.972,146.8531,55.972,0.0519,37.1481,0.9806,12.539288,3.541086,0.1267,0.0005,-0.0087,0.785
/kaggle/input/datasets/duc24kdl/sub-x-ray/sub_X-Ray/sub_NIH/00000499_010.png,,sub_NIH,00000499_010.png,ok,256x256 -> 1024x1024,4,1,39.56,39.969,6.549139,2.559128,0.9546,0.9915,0.2877,9.0574,40.4431,5.87175,2.423169,0.9562,0.9923,0.2988,0.2988,0.2988,8.5354,96.92,64.8264,96.92,64.8264,0.1169,40.4431,0.9562,5.87175,2.423169,0.4742,0.0008,-0.0111,0.5219
/kaggle/input/datasets/duc24kdl/sub-x-ray/sub_X-Ray/sub_NIH/00000499_012.png,,sub_NIH,00000499_012.png,ok,256x256 -> 1024x1024,4,1,39.46,31.0517,51.040373,7.144255,0.9658,0.9924,0.2145,8.62,31.2665,48.577088,6.969727,0.9665,0.9932,0.218,0.218,0.218,8.0873,142.0295,60.7552,142.0295,60.7552,0.1166,31.2665,0.9665,48.577088,6.969727,0.2148,0.0009,-0.0035,0.5328
/kaggle/input/datasets/duc24kdl/sub-x-ray/sub_X-Ray/sub_NIH/00000500_006.png,,sub_NIH,00000500_006.png,ok,256x256 -> 1024x1024,4,1,39.83,38.2817,9.658504,3.107813,0.9352,0.9881,0.3469,8.8855,38.5591,9.060958,3.010143,0.9375,0.9893,0.3652,0.3652,0.3652,8.2147,132.1173,66.4141,132.1173,66.4141,0.0996,38.5591,0.9375,9.060958,3.010143,0.2774,0.0012,-0.0183,0.6708
/kaggle/input/datasets/duc24kdl/sub-x-ray/sub_X-Ray/sub_NIH/00000500_007.png,,sub_NIH,00000500_007.png,ok,256x256 -> 1024x1024,4,1,39.1,36.7137,13.858279,3.722671,0.9289,0.987,0.3644,8.7048,37.006,12.956379,3.599497,0.9311,0.9882,0.3842,0.3842,0.3842,8.2093,136.9,68.727,136.9,68.727,0.0858,37.006,0.9311,12.956379,3.599497,0.2923,0.0012,-0.0198,0.4956
/kaggle/input/datasets/duc24kdl/sub-x-ray/sub_X-Ray/sub_NIH/00000502_000.png,,sub_NIH,00000502_000.png,ok,256x256 -> 1024x1024,4,1,40.14,38.9251,8.328524,2.885918,0.967,0.9925,0.2409,9.0282,39.0951,8.008862,2.829993,0.9695,0.9936,0.2542,0.2542,0.2542,8.4373,162.3848,49.1099,162.3848,49.1099,0.0834,39.0951,0.9695,8.008862,2.829993,0.17,0.0011,-0.0133,0.5909
/kaggle/input/datasets/duc24kdl/sub-x-ray/sub_X-Ray/sub_NIH/00000502_013.png,,sub_NIH,00000502_013.png,ok,256x256 -> 1024x1024,4,1,40.26,34.745,21.806362,4.669728,0.9663,0.9928,0.2734,8.8005,34.929,20.901859,4.571855,0.9671,0.9935,0.2926,0.2926,0.2926,8.3319,135.8714,41.095,135.8714,41.095,0.0589,34.929,0.9671,20.901859,4.571855,0.184,0.0007,-0.0192,0.4686
/kaggle/input/datasets/duc24kdl/sub-x-ray/sub_X-Ray/sub_NIH/00000506_006.png,,sub_NIH,00000506_006.png,ok,256x256 -> 1024x1024,4,1,38.67,36.2802,15.312952,3.913177,0.9665,0.9929,0.2405,8.6924,36.4292,14.796606,3.846636,0.9676,0.9938,0.2527,0.2527,0.2527,8.2328,125.6293,55.8372,125.6293,55.8372,0.0609,36.4292,0.9676,14.796606,3.846636,0.149,0.0009,-0.0122,0.4596
/kaggle/input/datasets/duc24kdl/sub-x-ray/sub_X-Ray/sub_NIH/00000506_013.png,,sub_NIH,00000506_013.png,ok,256x256 -> 1024x1024,4,1,38.84,32.1062,40.037022,6.327482,0.9764,0.9939,0.1867,9.7057,32.2275,38.933792,6.239695,0.9769,0.9944,0.1993,0.1993,0.1993,9.0606,149.536,56.6934,149.536,56.6934,0.0888,32.2275,0.9769,38.933792,6.239695,0.1214,0.0005,-0.0126,0.6451
/kaggle/input/datasets/duc24kdl/sub-x-ray/sub_X-Ray/sub_NIH/00000506_016.png,,sub_NIH,00000506_016.png,ok,256x256 -> 1024x1024,4,1,39.34,34.1325,25.109209,5.010909,0.971,0.9934,0.2646,9.8175,34.3234,24.029411,4.90198,0.9721,0.994,0.2888,0.2888,0.2888,9.1989,111.8493,47.0757,111.8493,47.0757,0.0785,34.3234,0.9721,24.029411,4.90198,0.1909,0.0006,-0.0241,0.6186
/kaggle/input/datasets/duc24kdl/sub-x-ray/sub_X-Ray/sub_NIH/00000506_017.png,,sub_NIH,00000506_017.png,ok,256x256 -> 1024x1024,4,1,40.26,38.2408,9.749887,3.122481,0.9335,0.9877,0.3468,8.7278,38.514,9.15547,3.025801,0.9358,0.989,0.3547,0.3547,0.3547,8.2331,100.279,72.4456,100.279,72.4456,0.1055,38.514,0.9358,9.15547,3.025801,0.2732,0.0013,-0.0078,0.4947
/kaggle/input/datasets/duc24kdl/sub-x-ray/sub_X-Ray/sub_NIH/00000506_018.png,,sub_NIH,00000506_018.png,ok,256x256 -> 1024x1024,4,1,39.26,40.5728,5.699072,2.387273,0.944,0.9897,0.3346,8.8463,40.872,5.319609,2.306428,0.9465,0.9908,0.3496,0.3496,0.3496,8.2457,79.0444,68.0539,79.0444,68.0539,0.0795,40.872,0.9465,5.319609,2.306428,0.2992,0.0011,-0.015,0.6006
/kaggle/input/datasets/duc24kdl/sub-x-ray/sub_X-Ray/sub_NIH/00000506_019.png,,sub_NIH,00000506_019.png,ok,256x256 -> 1024x1024,4,1,40.08,34.1501,25.00767,5.000767,0.9619,0.9916,0.2181,8.648,35.2378,19.467017,4.412144,0.9642,0.9931,0.2124,0.2124,0.2124,8.3444,135.8977,76.6671,135.8977,76.6671,0.2428,35.2378,0.9642,19.467017,4.412144,1.0877,0.0015,0.0057,0.3036
/kaggle/input/datasets/duc24kdl/sub-x-ray/sub_X-Ray/sub_NIH/00000506_021.png,,sub_NIH,00000506_021.png,ok,256x256 -> 1024x1024,4,1,39.93,33.3393,30.140627,5.490048,0.9705,0.9933,0.236,9.0581,33.4982,29.057524,5.390503,0.9718,0.9941,0.2503,0.2503,0.2503,8.5532,122.7247,59.7298,122.7247,59.7298,0.0973,33.4982,0.9718,29.057524,5.390503,0.1589,0.0008,-0.0143,0.5048
/kaggle/input/datasets/duc24kdl/sub-x-ray/sub_X-Ray/sub_NIH/00000506_024.png,,sub_NIH,00000506_024.png,ok,256x256 -> 1024x1024,4,1,39.2,31.7279,43.680956,6.609157,0.9739,0.9937,0.212,9.3467,31.9461,41.54041,6.445185,0.9748,0.9945,0.2211,0.2211,0.2211,8.9082,113.6682,63.5213,113.6682,63.5213,0.1118,31.9461,0.9748,41.54041,6.445185,0.2182,0.0008,-0.009,0.4385
/kaggle/input/datasets/duc24kdl/sub-x-ray/sub_X-Ray/sub_NIH/00000506_028.png,,sub_NIH,00000506_028.png,ok,256x256 -> 1024x1024,4,1,39.65,33.9578,26.139594,5.11269,0.9721,0.9937,0.2327,10.0255,34.1009,25.292213,5.029136,0.973,0.9942,0.2558,0.2558,0.2558,9.4785,113.8673,58.1851,113.8673,58.1851,0.0882,34.1009,0.973,25.292213,5.029136,0.1431,0.0005,-0.0231,0.547
/kaggle/input/datasets/duc24kdl/sub-x-ray/sub_X-Ray/sub_NIH/00000506_031.png,,sub_NIH,00000506_031.png,ok,256x256 -> 1024x1024,4,1,40.26,35.9564,16.498217,4.0618,0.9763,0.9949,0.2103,10.1144,36.1469,15.790257,3.973696,0.9774,0.9955,0.2292,0.2292,0.2292,9.3188,110.934,64.088,110.934,64.088,0.0815,36.1469,0.9774,15.790257,3.973696,0.1905,0.0006,-0.0189,0.7956
/kaggle/input/datasets/duc24kdl/sub-x-ray/sub_X-Ray/sub_NIH/00000510_000.png,,sub_NIH,00000510_000.png,ok,256x256 -> 1024x1024,4,1,40.02,34.0915,25.34698,5.034578,0.961,0.9915,0.2262,8.1204,34.2217,24.598772,4.959715,0.9626,0.9926,0.2288,0.2288,0.2288,7.6773,157.0908,60.5435,157.0908,60.5435,0.0794,34.2217,0.9626,24.598772,4.959715,0.1301,0.0012,-0.0027,0.4431
/kaggle/input/datasets/duc24kdl/sub-x-ray/sub_X-Ray/sub_NIH/00000511_000.png,,sub_NIH,00000511_000.png,ok,256x256 -> 1024x1024,4,1,39.05,37.8111,10.763959,3.280847,0.9336,0.9876,0.3553,8.7879,37.9896,10.330577,3.214122,0.9361,0.9889,0.3736,0.3736,0.3736,8.2935,128.1991,63.2917,128.1991,63.2917,0.0854,37.9896,0.9361,10.330577,3.214122,0.1785,0.0013,-0.0183,0.4944
/kaggle/input/datasets/duc24kdl/sub-x-ray/sub_X-Ray/sub_NIH/00000511_001.png,,sub_NIH,00000511_001.png,ok,256x256 -> 1024x1024,4,1,38.99,38.3034,9.610291,3.100047,0.9377,0.9885,0.3288,8.845,38.5485,9.082981,3.013798,0.94,0.9897,0.3465,0.3465,0.3465,8.0556,120.5324,69.5389,120.5324,69.5389,0.1031,38.5485,0.94,9.082981,3.013798,0.2451,0.0012,-0.0177,0.7894
/kaggle/input/datasets/duc24kdl/sub-x-ray/sub_X-Ray/sub_NIH/00000514_005.png,,sub_NIH,00000514_005.png,ok,256x256 -> 1024x1024,4,1,39.09,35.9386,16.56625,4.070166,0.924,0.9853,0.3343,8.2612,36.4114,14.857443,3.854535,0.9268,0.9871,0.3412,0.3412,0.3412,7.6576,95.0591,64.631,95.0591,64.631,0.1354,36.4114,0.9268,14.857443,3.854535,0.4728,0.0018,-0.0069,0.6036
/kaggle/input/datasets/duc24kdl/sub-x-ray/sub_X-Ray/sub_NIH/00000515_000.png,,sub_NIH,00000515_000.png,ok,256x256 -> 1024x1024,4,1,38.9,38.7653,8.640684,2.939504,0.9329,0.9873,0.3424,8.56,39.1,7.999913,2.828412,0.936,0.9888,0.3594,0.3594,0.3594,8.042,126.329,67.5844,126.329,67.5844,0.1052,39.1,0.936,7.999913,2.828412,0.3346,0.0014,-0.017,0.518
/kaggle/input/datasets/duc24kdl/sub-x-ray/sub_X-Ray/sub_NIH/00000516_000.png,,sub_NIH,00000516_000.png,ok,256x256 -> 1024x1024,4,1,39.06,35.7707,17.219183,4.1496,0.9666,0.9926,0.2133,8.2752,35.9044,16.696961,4.086192,0.9683,0.9936,0.2238,0.2238,0.2238,7.7533,163.4192,61.8443,163.4192,61.8443,0.0727,35.9044,0.9683,16.696961,4.086192,0.1338,0.001,-0.0104,0.5219
/kaggle/input/datasets/duc24kdl/sub-x-ray/sub_X-Ray/sub_NIH/00000517_002.png,,sub_NIH,00000517_002.png,ok,256x256 -> 1024x1024,4,1,39.44,37.7433,10.933297,3.306554,0.9374,0.9877,0.3575,8.3804,37.9616,10.397413,3.224502,0.9391,0.9889,0.3794,0.3794,0.3794,7.8795,129.294,57.4261,129.294,57.4261,0.1193,37.9616,0.9391,10.397413,3.224502,0.2183,0.0012,-0.0218,0.5009
/kaggle/input/datasets/duc24kdl/sub-x-ray/sub_X-Ray/sub_NIH/00000517_006.png,,sub_NIH,00000517_006.png,ok,256x256 -> 1024x1024,4,1,40.46,36.7504,13.741817,3.706996,0.9194,0.985,0.4168,8.5629,36.8515,13.425496,3.664082,0.9219,0.9864,0.4458,0.4458,0.4458,7.9551,132.1042,65.8163,132.1042,65.8163,0.0777,36.8515,0.9219,13.425496,3.664082,0.1011,0.0014,-0.0289,0.6079
/kaggle/input/datasets/duc24kdl/sub-x-ray/sub_X-Ray/sub_NIH/00000522_000.png,,sub_NIH,00000522_000.png,ok,256x256 -> 1024x1024,4,1,39.23,38.8315,8.509957,2.917183,0.9792,0.995,0.1345,8.9164,39.2837,7.668531,2.769211,0.9797,0.9956,0.1365,0.1365,0.1365,8.5887,158.4846,72.7683,158.4846,72.7683,0.224,39.2837,0.9797,7.668531,2.769211,0.4522,0.0006,-0.002,0.3277
/kaggle/input/datasets/duc24kdl/sub-x-ray/sub_X-Ray/sub_NIH/00000522_005.png,,sub_NIH,00000522_005.png,ok,256x256 -> 1024x1024,4,1,38.91,37.2574,12.227525,3.496788,0.9808,0.9956,0.1755,9.7264,37.3452,11.982809,3.461619,0.9819,0.9962,0.1832,0.1832,0.1832,8.9828,146.6051,60.2672,146.6051,60.2672,0.0362,37.3452,0.9819,11.982809,3.461619,0.0878,0.0006,-0.0078,0.7437
/kaggle/input/datasets/duc24kdl/sub-x-ray/sub_X-Ray/sub_NIH/00000524_002.png,,sub_NIH,00000524_002.png,ok,256x256 -> 1024x1024,4,1,39.48,32.0082,40.950354,6.399246,0.9698,0.9933,0.2004,8.5767,32.0729,40.344675,6.351746,0.9707,0.9941,0.2074,0.2074,0.2074,8.1365,184.627,54.4549,184.627,54.4549,0.0764,32.0729,0.9707,40.344675,6.351746,0.0647,0.0008,-0.007,0.4402
/kaggle/input/datasets/duc24kdl/sub-x-ray/sub_X-Ray/sub_NIH/00000531_006.png,,sub_NIH,00000531_006.png,ok,256x256 -> 1024x1024,4,1,39.76,37.2629,12.211968,3.494563,0.9283,0.9868,0.3681,8.7549,37.5132,11.528085,3.395303,0.9313,0.9883,0.3902,0.3902,0.3902,8.2948,117.1698,65.0004,117.1698,65.0004,0.1072,37.5132,0.9313,11.528085,3.395303,0.2503,0.0015,-0.0221,0.4601
/kaggle/input/datasets/duc24kdl/sub-x-ray/sub_X-Ray/sub_NIH/00000533_004.png,,sub_NIH,00000533_004.png,ok,256x256 -> 1024x1024,4,1,39.93,35.4734,18.439171,4.294086,0.939,0.9884,0.3229,8.5005,36.1477,15.78746,3.973344,0.9415,0.9897,0.3335,0.3335,0.3335,7.903,85.3938,59.4518,85.3938,59.4518,0.1366,36.1477,0.9415,15.78746,3.973344,0.6743,0.0013,-0.0106,0.5975
/kaggle/input/datasets/duc24kdl/sub-x-ray/sub_X-Ray/sub_NIH/00000538_001.png,,sub_NIH,00000538_001.png,ok,256x256 -> 1024x1024,4,1,39.06,37.9485,10.42865,3.229342,0.9253,0.9861,0.3897,8.6415,38.1998,9.842483,3.137273,0.9277,0.9875,0.411,0.411,0.411,8.3091,126.8032,65.1079,126.8032,65.1079,0.0779,38.1998,0.9277,9.842483,3.137273,0.2512,0.0013,-0.0213,0.3325
/kaggle/input/datasets/duc24kdl/sub-x-ray/sub_X-Ray/sub_NIH/00000538_005.png,,sub_NIH,00000538_005.png,ok,256x256 -> 1024x1024,4,1,39.43,36.581,14.288348,3.779993,0.924,0.986,0.3996,8.8109,36.8418,13.455511,3.668175,0.9265,0.9873,0.4212,0.4212,0.4212,8.4317,131.6762,68.5344,131.6762,68.5344,0.0876,36.8418,0.9265,13.455511,3.668175,0.2608,0.0013,-0.0216,0.3792
/kaggle/input/datasets/duc24kdl/sub-x-ray/sub_X-Ray/sub_NIH/00000539_000.png,,sub_NIH,00000539_000.png,ok,256x256 -> 1024x1024,4,1,39.2,39.4892,7.314141,2.704467,0.9412,0.9888,0.3067,8.2615,39.7482,6.890643,2.625003,0.9438,0.9901,0.3181,0.3181,0.3181,7.8144,102.4561,63.3935,102.4561,63.3935,0.1076,39.7482,0.9438,6.890643,2.625003,0.259,0.0013,-0.0114,0.4472
/kaggle/input/datasets/duc24kdl/sub-x-ray/sub_X-Ray/sub_NIH/00000540_001.png,,sub_NIH,00000540_001.png,ok,256x256 -> 1024x1024,4,1,39.1,29.908,66.417707,8.149706,0.9345,0.9855,0.3156,7.9993,30.1718,62.503183,7.905895,0.9361,0.9873,0.3202,0.3202,0.3202,7.6434,119.6364,55.85,119.6364,55.85,0.112,30.1718,0.9361,62.503183,7.905895,0.2638,0.0017,-0.0046,0.356
/kaggle/input/datasets/duc24kdl/sub-x-ray/sub_X-Ray/sub_NIH/00000540_002.png,,sub_NIH,00000540_002.png,ok,256x256 -> 1024x1024,4,1,39.6,30.1955,62.162337,7.88431,0.9374,0.9861,0.2827,8.1378,30.4454,58.686845,7.660734,0.9388,0.9879,0.2862,0.2862,0.2862,7.4843,136.6233,59.6265,136.6233,59.6265,0.1218,30.4454,0.9388,58.686845,7.660734,0.2499,0.0018,-0.0036,0.6535
/kaggle/input/datasets/duc24kdl/sub-x-ray/sub_X-Ray/sub_NIH/00000541_004.png,,sub_NIH,00000541_004.png,ok,256x256 -> 1024x1024,4,1,39.11,37.5821,11.346782,3.368499,0.9301,0.9867,0.3348,8.6091,37.9661,10.386539,3.222815,0.9329,0.9882,0.3481,0.3481,0.3481,8.0522,100.0169,62.7475,100.0169,62.7475,0.107,37.9661,0.9329,10.386539,3.222815,0.384,0.0015,-0.0133,0.5569
/kaggle/input/datasets/duc24kdl/sub-x-ray/sub_X-Ray/sub_NIH/00000544_000.png,,sub_NIH,00000544_000.png,ok,256x256 -> 1024x1024,4,1,39.1,39.833,6.757462,2.599512,0.9356,0.9879,0.3438,8.639,39.9679,6.550679,2.559429,0.9382,0.9892,0.36,0.36,0.36,8.1533,112.9987,68.9654,112.9987,68.9654,0.0913,39.9679,0.9382,6.550679,2.559429,0.135,0.0013,-0.0163,0.4857
/kaggle/input/datasets/duc24kdl/sub-x-ray/sub_X-Ray/sub_NIH/00000545_000.png,,sub_NIH,00000545_000.png,ok,256x256 -> 1024x1024,4,1,39.14,39.183,7.848428,2.801505,0.9348,0.9884,0.3642,8.7009,39.4604,7.362755,2.71344,0.9376,0.9895,0.3868,0.3868,0.3868,8.4335,144.9532,64.531,144.9532,64.531,0.0836,39.4604,0.9376,7.362755,2.71344,0.2774,0.0012,-0.0226,0.2675
/kaggle/input/datasets/duc24kdl/sub-x-ray/sub_X-Ray/sub_NIH/00000545_004.png,,sub_NIH,00000545_004.png,ok,256x256 -> 1024x1024,4,1,39.34,34.5401,22.859631,4.781175,0.96,0.9912,0.2578,8.7505,34.6387,22.346626,4.727222,0.962,0.9924,0.2615,0.2615,0.2615,8.3399,165.5858,52.0374,165.5858,52.0374,0.0571,34.6387,0.962,22.346626,4.727222,0.0986,0.0012,-0.0038,0.4106
/kaggle/input/datasets/duc24kdl/sub-x-ray/sub_X-Ray/sub_NIH/00000547_001.png,,sub_NIH,00000547_001.png,ok,256x256 -> 1024x1024,4,1,39.91,43.6072,2.833732,1.683369,0.9734,0.9938,0.2141,8.5871,44.141,2.506022,1.583042,0.9755,0.9947,0.2347,0.2347,0.2347,8.1622,168.2922,42.1482,168.2922,42.1482,0.1377,44.141,0.9755,2.506022,1.583042,0.5337,0.0009,-0.0207,0.4249
/kaggle/input/datasets/duc24kdl/sub-x-ray/sub_X-Ray/sub_NIH/00000547_003.png,,sub_NIH,00000547_003.png,ok,256x256 -> 1024x1024,4,1,39.43,35.757,17.273517,4.156142,0.9687,0.9931,0.2271,8.6083,35.8458,16.923746,4.113848,0.9703,0.994,0.2372,0.2372,0.2372,8.0621,162.5275,56.2562,162.5275,56.2562,0.0521,35.8458,0.9703,16.923746,4.113848,0.0888,0.0009,-0.0101,0.5462
/kaggle/input/datasets/duc24kdl/sub-x-ray/sub_X-Ray/sub_NIH/00000547_006.png,,sub_NIH,00000547_006.png,ok,256x256 -> 1024x1024,4,1,39.39,38.7989,8.57414,2.928163,0.9315,0.9879,0.377,8.6732,39.1218,7.959793,2.821311,0.9343,0.989,0.4022,0.4022,0.4022,8.1322,125.4527,67.8162,125.4527,67.8162,0.0874,39.1218,0.9343,7.959793,2.821311,0.3229,0.0012,-0.0252,0.541
/kaggle/input/datasets/duc24kdl/sub-x-ray/sub_X-Ray/sub_NIH/00000547_009.png,,sub_NIH,00000547_009.png,ok,256x256 -> 1024x1024,4,1,39.4,38.9124,8.352977,2.890152,0.9329,0.9879,0.3651,8.6312,39.2271,7.769049,2.787301,0.9355,0.9891,0.39,0.39,0.39,7.9644,126.0929,73.6034,126.0929,73.6034,0.0982,39.2271,0.9355,7.769049,2.787301,0.3147,0.0012,-0.0249,0.6668
/kaggle/input/datasets/duc24kdl/sub-x-ray/sub_X-Ray/sub_NIH/00000549_003.png,,sub_NIH,00000549_003.png,ok,256x256 -> 1024x1024,4,1,39.32,37.6302,11.221798,3.349895,0.9297,0.9873,0.3781,8.7988,37.8452,10.679675,3.267977,0.9324,0.9886,0.4028,0.4028,0.4028,8.2515,143.8138,64.6387,143.8138,64.6387,0.0821,37.8452,0.9324,10.679675,3.267977,0.215,0.0012,-0.0248,0.5473
/kaggle/input/datasets/duc24kdl/sub-x-ray/sub_X-Ray/sub_NIH/00000555_000.png,,sub_NIH,00000555_000.png,ok,256x256 -> 1024x1024,4,1,39.76,39.4942,7.305654,2.702897,0.958,0.9902,0.2443,8.482,40.1577,6.270681,2.504133,0.9609,0.9917,0.2518,0.2518,0.2518,8.0731,165.4236,52.1481,165.4236,52.1481,0.3389,40.1577,0.9609,6.270681,2.504133,0.6634,0.0015,-0.0075,0.4089
/kaggle/input/datasets/duc24kdl/sub-x-ray/sub_X-Ray/sub_NIH/00000560_002.png,,sub_NIH,00000560_002.png,ok,256x256 -> 1024x1024,4,1,40.38,34.9097,20.994762,4.582004,0.968,0.9929,0.2666,8.557,35.031,20.416306,4.518441,0.9701,0.9939,0.2837,0.2837,0.2837,8.195,123.713,43.279,123.713,43.279,0.0628,35.031,0.9701,20.416306,4.518441,0.1213,0.001,-0.0171,0.362
/kaggle/input/datasets/duc24kdl/sub-x-ray/sub_X-Ray/sub_NIH/00000561_000.png,,sub_NIH,00000561_000.png,ok,256x256 -> 1024x1024,4,1,39.97,35.6176,17.83677,4.22336,0.9497,0.9888,0.2762,8.2942,36.0408,16.180716,4.022526,0.9523,0.9902,0.2915,0.2915,0.2915,7.8758,128.1917,57.3797,128.1917,57.3797,0.2003,36.0408,0.9523,16.180716,4.022526,0.4232,0.0014,-0.0153,0.4184
/kaggle/input/datasets/duc24kdl/sub-x-ray/sub_X-Ray/sub_NIH/00000561_001.png,,sub_NIH,00000561_001.png,ok,256x256 -> 1024x1024,4,1,38.84,34.8168,21.448548,4.631258,0.9461,0.9887,0.2938,8.4072,35.0846,20.166045,4.490662,0.9489,0.9899,0.3119,0.3119,0.3119,7.8897,126.6927,54.2103,126.6927,54.2103,0.0352,35.0846,0.9489,20.166045,4.490662,0.2678,0.0012,-0.018,0.5175
/kaggle/input/datasets/duc24kdl/sub-x-ray/sub_X-Ray/sub_NIH/00000561_002.png,,sub_NIH,00000561_002.png,ok,256x256 -> 1024x1024,4,1,39.34,38.8061,8.559974,2.925743,0.9339,0.988,0.352,8.7816,39.021,8.146659,2.854235,0.9361,0.9891,0.372,0.372,0.372,8.2017,124.8277,63.2797,124.8277,63.2797,0.096,39.021,0.9361,8.146659,2.854235,0.2149,0.0012,-0.02,0.5799
/kaggle/input/datasets/duc24kdl/sub-x-ray/sub_X-Ray/sub_NIH/00000564_000.png,,sub_NIH,00000564_000.png,ok,256x256 -> 1024x1024,4,1,38.74,39.9543,6.571295,2.563454,0.969,0.9928,0.2094,8.5068,40.4336,5.884625,2.425825,0.9712,0.994,0.2199,0.2199,0.2199,8.1804,154.0009,50.976,154.0009,50.976,0.1803,40.4336,0.9712,5.884625,2.425825,0.4793,0.0012,-0.0105,0.3264
/kaggle/input/datasets/duc24kdl/sub-x-ray/sub_X-Ray/sub_NIH/00000566_001.png,,sub_NIH,00000566_001.png,ok,256x256 -> 1024x1024,4,1,39.37,32.8661,33.610138,5.797425,0.9601,0.9919,0.2407,8.6123,33.3214,30.265299,5.501391,0.9617,0.9928,0.25,0.25,0.25,8.1758,158.8185,69.1148,158.8185,69.1148,-0.0035,33.3214,0.9617,30.265299,5.501391,0.4553,0.0008,-0.0094,0.4365
/kaggle/input/datasets/duc24kdl/sub-x-ray/sub_X-Ray/sub_NIH/00000566_004.png,,sub_NIH,00000566_004.png,ok,256x256 -> 1024x1024,4,1,39.74,34.0434,25.629422,5.062551,0.9696,0.9935,0.2103,8.6227,34.2021,24.709794,4.970895,0.9706,0.9942,0.2215,0.2215,0.2215,8.0583,162.2819,64.9198,162.2819,64.9198,0.1045,34.2021,0.9706,24.709794,4.970895,0.1587,0.0008,-0.0112,0.5644
/kaggle/input/datasets/duc24kdl/sub-x-ray/sub_X-Ray/sub_NIH/00000567_000.png,,sub_NIH,00000567_000.png,ok,256x256 -> 1024x1024,4,1,40.16,30.8012,54.069888,7.353223,0.9483,0.9889,0.289,8.6808,31.0728,50.792251,7.126868,0.9504,0.9903,0.2994,0.2994,0.2994,8.281,150.5208,52.537,150.5208,52.537,0.245,31.0728,0.9504,50.792251,7.126868,0.2716,0.0014,-0.0104,0.3998
/kaggle/input/datasets/duc24kdl/sub-x-ray/sub_X-Ray/sub_NIH/00000568_000.png,,sub_NIH,00000568_000.png,ok,256x256 -> 1024x1024,4,1,39.91,34.2718,24.316316,4.931158,0.9753,0.9947,0.2176,9.5666,34.3347,23.967073,4.895618,0.9762,0.9952,0.2353,0.2353,0.2353,8.8972,166.7218,37.3039,166.7218,37.3039,0.055,34.3347,0.9762,23.967073,4.895618,0.0628,0.0005,-0.0177,0.6695
/kaggle/input/datasets/duc24kdl/sub-x-ray/sub_X-Ray/sub_NIH/00000569_004.png,,sub_NIH,00000569_004.png,ok,256x256 -> 1024x1024,4,1,38.73,37.4172,11.785946,3.433067,0.9334,0.9873,0.332,8.5108,37.6955,11.054342,3.324807,0.9359,0.9888,0.3456,0.3456,0.3456,7.9833,99.0524,66.839,99.0524,66.839,0.1003,37.6955,0.9359,11.054342,3.324807,0.2783,0.0015,-0.0136,0.5275
/kaggle/input/datasets/duc24kdl/sub-x-ray/sub_X-Ray/sub_NIH/00000571_003.png,,sub_NIH,00000571_003.png,ok,256x256 -> 1024x1024,4,1,39.88,38.4598,9.27045,3.044741,0.9337,0.9878,0.3486,8.6173,38.8092,8.553827,2.924693,0.9362,0.9891,0.3713,0.3713,0.3713,8.091,140.0275,67.4345,140.0275,67.4345,0.1069,38.8092,0.9362,8.553827,2.924693,0.3494,0.0013,-0.0228,0.5262
/kaggle/input/datasets/duc24kdl/sub-x-ray/sub_X-Ray/sub_NIH/00000571_005.png,,sub_NIH,00000571_005.png,ok,256x256 -> 1024x1024,4,1,39.88,36.827,13.501392,3.674424,0.9266,0.9866,0.3661,8.5399,37.1983,12.395081,3.520665,0.9294,0.988,0.3868,0.3868,0.3868,8.1108,138.1086,71.9086,138.1086,71.9086,0.0895,37.1983,0.9294,12.395081,3.520665,0.3713,0.0014,-0.0207,0.4291
/kaggle/input/datasets/duc24kdl/sub-x-ray/sub_X-Ray/sub_NIH/00000572_000.png,,sub_NIH,00000572_000.png,ok,256x256 -> 1024x1024,4,1,39.99,31.3673,47.462779,6.889324,0.9579,0.9906,0.2648,8.7402,31.3968,47.141198,6.865945,0.959,0.9916,0.273,0.273,0.273,8.1896,173.3061,46.7933,173.3061,46.7933,0.0445,31.3968,0.959,47.141198,6.865945,0.0295,0.001,-0.0082,0.5506
/kaggle/input/datasets/duc24kdl/sub-x-ray/sub_X-Ray/sub_NIH/00000579_001.png,,sub_NIH,00000579_001.png,ok,256x256 -> 1024x1024,4,1,39.11,31.5937,45.051881,6.71207,0.9208,0.9859,0.4057,8.8515,31.8936,42.045167,6.484224,0.9209,0.9864,0.4301,0.4301,0.4301,8.5435,135.2674,70.0651,135.2674,70.0651,0.0842,31.8936,0.9209,42.045167,6.484224,0.3,0.0006,-0.0245,0.308
/kaggle/input/datasets/duc24kdl/sub-x-ray/sub_X-Ray/sub_NIH/00000580_005.png,,sub_NIH,00000580_005.png,ok,256x256 -> 1024x1024,4,1,39.44,37.1824,12.440634,3.527128,0.9309,0.9869,0.3411,8.5066,37.4489,11.700015,3.420528,0.9337,0.9883,0.3581,0.3581,0.3581,8.0565,119.0661,74.1904,119.0661,74.1904,0.0998,37.4489,0.9337,11.700015,3.420528,0.2666,0.0015,-0.017,0.4501
/kaggle/input/datasets/duc24kdl/sub-x-ray/sub_X-Ray/sub_NIH/00000580_008.png,,sub_NIH,00000580_008.png,ok,256x256 -> 1024x1024,4,1,38.91,37.5718,11.37361,3.372478,0.9323,0.9868,0.3259,8.3239,37.7568,10.899274,3.301405,0.9348,0.9883,0.3378,0.3378,0.3378,7.9906,117.4292,72.9757,117.4292,72.9757,0.0846,37.7568,0.9348,10.899274,3.301405,0.185,0.0014,-0.0119,0.3332
/kaggle/input/datasets/duc24kdl/sub-x-ray/sub_X-Ray/sub_NIH/00000582_000.png,,sub_NIH,00000582_000.png,ok,256x256 -> 1024x1024,4,1,39.27,38.0567,10.172098,3.189373,0.9219,0.9858,0.375,8.82,38.3272,9.557896,3.091585,0.9248,0.9872,0.3954,0.3954,0.3954,8.3597,115.7581,65.5657,115.7581,65.5657,0.0882,38.3272,0.9248,9.557896,3.091585,0.2705,0.0014,-0.0204,0.4602
/kaggle/input/datasets/duc24kdl/sub-x-ray/sub_X-Ray/sub_NIH/00000583_004.png,,sub_NIH,00000583_004.png,ok,256x256 -> 1024x1024,4,1,39.46,38.8295,8.514029,2.917881,0.9398,0.9895,0.34,8.9854,39.0417,8.107945,2.847445,0.9419,0.9904,0.3634,0.3634,0.3634,8.3715,148.6339,73.2019,148.6339,73.2019,0.0708,39.0417,0.9419,8.107945,2.847445,0.2122,0.0009,-0.0234,0.6139
/kaggle/input/datasets/duc24kdl/sub-x-ray/sub_X-Ray/sub_NIH/00000583_009.png,,sub_NIH,00000583_009.png,ok,256x256 -> 1024x1024,4,1,38.69,36.6817,13.960815,3.736417,0.9786,0.9957,0.24,11.7577,36.7258,13.819874,3.717509,0.9792,0.9959,0.2651,0.2651,0.2651,10.7149,121.8802,51.1312,121.8802,51.1312,0.0401,36.7258,0.9792,13.819874,3.717509,0.0441,0.0002,-0.0251,1.0428
/kaggle/input/datasets/duc24kdl/sub-x-ray/sub_X-Ray/sub_NIH/00000583_010.png,,sub_NIH,00000583_010.png,ok,256x256 -> 1024x1024,4,1,39.33,32.1795,39.366779,6.274295,0.9817,0.9958,0.1775,11.3485,32.4108,37.32544,6.109455,0.9822,0.9962,0.1947,0.1947,0.1947,10.1242,128.4358,58.023,128.4358,58.023,0.1384,32.4108,0.9822,37.32544,6.109455,0.2312,0.0004,-0.0172,1.2243
/kaggle/input/datasets/duc24kdl/sub-x-ray/sub_X-Ray/sub_NIH/00000583_011.png,,sub_NIH,00000583_011.png,ok,256x256 -> 1024x1024,4,1,40.29,36.0422,16.175633,4.021894,0.9737,0.995,0.2446,10.8195,36.0734,16.059901,4.007481,0.974,0.9952,0.2697,0.2697,0.2697,10.1686,139.5951,51.1099,139.5951,51.1099,0.0457,36.0734,0.974,16.059901,4.007481,0.0312,0.0002,-0.025,0.6509
/kaggle/input/datasets/duc24kdl/sub-x-ray/sub_X-Ray/sub_NIH/00000583_016.png,,sub_NIH,00000583_016.png,ok,256x256 -> 1024x1024,4,1,39.77,36.3502,15.068136,3.88177,0.9819,0.9962,0.1992,10.9098,36.395,14.913408,3.861788,0.9826,0.9965,0.22,0.22,0.22,9.7467,123.1423,57.7191,123.1423,57.7191,0.0439,36.395,0.9826,14.913408,3.861788,0.0448,0.0003,-0.0208,1.1632
/kaggle/input/datasets/duc24kdl/sub-x-ray/sub_X-Ray/sub_NIH/00000583_023.png,,sub_NIH,00000583_023.png,ok,256x256 -> 1024x1024,4,1,39.08,37.3061,12.091099,3.477226,0.9693,0.9941,0.2934,10.2708,37.3691,11.91714,3.452121,0.9703,0.9945,0.3238,0.3238,0.3238,9.6489,120.1698,56.6855,120.1698,56.6855,0.0343,37.3691,0.9703,11.91714,3.452121,0.0629,0.0004,-0.0304,0.6219
/kaggle/input/datasets/duc24kdl/sub-x-ray/sub_X-Ray/sub_NIH/00000583_025.png,,sub_NIH,00000583_025.png,ok,256x256 -> 1024x1024,4,1,39.89,36.0615,16.103984,4.012977,0.9675,0.9939,0.3137,10.829,36.1008,15.958761,3.994842,0.9683,0.9942,0.3448,0.3448,0.3448,9.9962,122.0241,51.5361,122.0241,51.5361,0.0307,36.1008,0.9683,15.958761,3.994842,0.0393,0.0003,-0.0311,0.8328
/kaggle/input/datasets/duc24kdl/sub-x-ray/sub_X-Ray/sub_NIH/00000583_029.png,,sub_NIH,00000583_029.png,ok,256x256 -> 1024x1024,4,1,40.05,36.0984,15.967676,3.995958,0.9779,0.9955,0.2054,10.3853,36.255,15.402244,3.924569,0.9787,0.9959,0.2251,0.2251,0.2251,9.8027,112.9792,64.8611,112.9792,64.8611,0.0493,36.255,0.9787,15.402244,3.924569,0.1566,0.0003,-0.0197,0.5826
/kaggle/input/datasets/duc24kdl/sub-x-ray/sub_X-Ray/sub_NIH/00000583_030.png,,sub_NIH,00000583_030.png,ok,256x256 -> 1024x1024,4,1,39.09,37.1948,12.405194,3.522101,0.9799,0.996,0.2169,11.043,37.2338,12.294193,3.506308,0.9806,0.9962,0.2417,0.2417,0.2417,9.8762,116.5239,58.9419,116.5239,58.9419,0.0288,37.2338,0.9806,12.294193,3.506308,0.039,0.0002,-0.0248,1.1668
/kaggle/input/datasets/duc24kdl/sub-x-ray/sub_X-Ray/sub_NIH/00000583_035.png,,sub_NIH,00000583_035.png,ok,256x256 -> 1024x1024,4,1,40.18,35.7512,17.296778,4.15894,0.9343,0.9881,0.4313,10.0231,35.8263,16.999909,4.123095,0.9352,0.9886,0.4709,0.4709,0.4709,9.1682,117.7019,43.4036,117.7019,43.4036,0.0441,35.8263,0.9352,16.999909,4.123095,0.0752,0.0005,-0.0395,0.8549
/kaggle/input/datasets/duc24kdl/sub-x-ray/sub_X-Ray/sub_NIH/00000583_038.png,,sub_NIH,00000583_038.png,ok,256x256 -> 1024x1024,4,1,39.37,36.9905,13.002706,3.605927,0.9851,0.9968,0.1764,10.8641,37.0271,12.89334,3.59073,0.9857,0.997,0.195,0.195,0.195,9.9189,118.9541,57.2566,118.9541,57.2566,0.0327,37.0271,0.9857,12.89334,3.59073,0.0367,0.0002,-0.0186,0.9452
/kaggle/input/datasets/duc24kdl/sub-x-ray/sub_X-Ray/sub_NIH/00000583_039.png,,sub_NIH,00000583_039.png,ok,256x256 -> 1024x1024,4,1,39.3,36.7523,13.735587,3.706155,0.9841,0.9966,0.1849,11.0442,36.7828,13.639517,3.693172,0.9848,0.9968,0.2036,0.2036,0.2036,10.1372,119.423,58.0155,119.423,58.0155,0.0318,36.7828,0.9848,13.639517,3.693172,0.0305,0.0002,-0.0187,0.907
/kaggle/input/datasets/duc24kdl/sub-x-ray/sub_X-Ray/sub_NIH/00000583_041.png,,sub_NIH,00000583_041.png,ok,256x256 -> 1024x1024,4,1,40.36,36.3937,14.918007,3.862384,0.9812,0.9961,0.2055,10.3394,36.4587,14.696322,3.833578,0.9819,0.9964,0.2276,0.2276,0.2276,9.5523,118.4575,52.5849,118.4575,52.5849,0.0447,36.4587,0.9819,14.696322,3.833578,0.065,0.0003,-0.0221,0.7871
/kaggle/input/datasets/duc24kdl/sub-x-ray/sub_X-Ray/sub_NIH/00000583_049.png,,sub_NIH,00000583_049.png,ok,256x256 -> 1024x1024,4,1,39.92,40.7259,5.501582,2.345545,0.9477,0.9906,0.3184,8.9968,40.9393,5.23785,2.288635,0.9499,0.9915,0.3421,0.3421,0.3421,8.5851,121.7392,76.0787,121.7392,76.0787,0.0788,40.9393,0.9499,5.23785,2.288635,0.2133,0.0009,-0.0237,0.4117
/kaggle/input/datasets/duc24kdl/sub-x-ray/sub_X-Ray/sub_NIH/00000583_055.png,,sub_NIH,00000583_055.png,ok,256x256 -> 1024x1024,4,1,39.07,31.5528,45.477423,6.743695,0.962,0.9915,0.297,10.0515,31.6982,43.980717,6.631796,0.9628,0.9921,0.3201,0.3201,0.3201,9.4416,113.7001,52.6948,113.7001,52.6948,0.1085,31.6982,0.9628,43.980717,6.631796,0.1453,0.0006,-0.0231,0.6098
/kaggle/input/datasets/duc24kdl/sub-x-ray/sub_X-Ray/sub_NIH/00000583_059.png,,sub_NIH,00000583_059.png,ok,256x256 -> 1024x1024,4,1,39.15,30.7769,54.374436,7.373902,0.9103,0.9819,0.4187,8.4712,31.339,47.772782,6.911786,0.9129,0.9837,0.4269,0.4269,0.4269,7.491,123.6948,66.8705,123.6948,66.8705,0.135,31.339,0.9129,47.772782,6.911786,0.5621,0.0018,-0.0082,0.9803
/kaggle/input/datasets/duc24kdl/sub-x-ray/sub_X-Ray/sub_NIH/00000586_001.png,,sub_NIH,00000586_001.png,ok,256x256 -> 1024x1024,4,1,39.38,38.5369,9.107285,3.017828,0.9392,0.9891,0.3254,8.6183,38.7537,8.663845,2.943441,0.9412,0.9901,0.3437,0.3437,0.3437,8.1348,128.6505,70.2056,128.6505,70.2056,0.098,38.7537,0.9412,8.663845,2.943441,0.2168,0.001,-0.0183,0.4835
/kaggle/input/datasets/duc24kdl/sub-x-ray/sub_X-Ray/sub_NIH/00000588_004.png,,sub_NIH,00000588_004.png,ok,256x256 -> 1024x1024,4,1,38.91,35.612,17.859767,4.226082,0.9681,0.9929,0.2451,8.8751,35.9203,16.635876,4.07871,0.9691,0.9938,0.2524,0.2524,0.2524,8.0972,128.3215,51.3019,128.3215,51.3019,0.1017,35.9203,0.9691,16.635876,4.07871,0.3083,0.0009,-0.0073,0.7779
/kaggle/input/datasets/duc24kdl/sub-x-ray/sub_X-Ray/sub_NIH/00000590_000.png,,sub_NIH,00000590_000.png,ok,256x256 -> 1024x1024,4,1,39.63,35.6094,17.870654,4.22737,0.9649,0.9921,0.2012,8.2917,35.8091,17.067421,4.131274,0.9668,0.9932,0.2086,0.2086,0.2086,7.9365,159.4787,64.4022,159.4787,64.4022,0.1182,35.8091,0.9668,17.067421,4.131274,0.1997,0.0011,-0.0075,0.3552
/kaggle/input/datasets/duc24kdl/sub-x-ray/sub_X-Ray/sub_NIH/00000591_000.png,,sub_NIH,00000591_000.png,ok,256x256 -> 1024x1024,4,1,39.28,35.2104,19.590412,4.426106,0.9785,0.9956,0.2035,9.8649,35.2609,19.363934,4.400447,0.979,0.9959,0.2285,0.2285,0.2285,9.3487,157.3379,45.4206,157.3379,45.4206,0.054,35.2609,0.979,19.363934,4.400447,0.0505,0.0003,-0.0249,0.5161
/kaggle/input/datasets/duc24kdl/sub-x-ray/sub_X-Ray/sub_NIH/00000591_001.png,,sub_NIH,00000591_001.png,ok,256x256 -> 1024x1024,4,1,39.32,34.3788,23.724457,4.870776,0.9699,0.9934,0.2427,8.9163,34.4556,23.309079,4.827948,0.9712,0.9942,0.2591,0.2591,0.2591,8.4138,163.8889,51.4513,163.8889,51.4513,0.0563,34.4556,0.9712,23.309079,4.827948,0.0767,0.0008,-0.0164,0.5025
/kaggle/input/datasets/duc24kdl/sub-x-ray/sub_X-Ray/sub_NIH/00000591_003.png,,sub_NIH,00000591_003.png,ok,256x256 -> 1024x1024,4,1,38.92,34.2703,24.324698,4.932007,0.9845,0.9967,0.1511,9.9528,34.2861,24.236327,4.92304,0.9851,0.997,0.1784,0.1784,0.1784,9.2914,139.7836,70.9997,139.7836,70.9997,0.0411,34.2861,0.9851,24.236327,4.92304,0.0158,0.0003,-0.0273,0.6613
/kaggle/input/datasets/duc24kdl/sub-x-ray/sub_X-Ray/sub_NIH/00000591_009.png,,sub_NIH,00000591_009.png,ok,256x256 -> 1024x1024,4,1,38.94,40.02,6.472633,2.544137,0.9402,0.9894,0.3407,8.8532,40.2725,6.106976,2.47123,0.9426,0.9904,0.3639,0.3639,0.3639,8.5776,115.9715,70.1139,115.9715,70.1139,0.0826,40.2725,0.9426,6.106976,2.47123,0.2525,0.001,-0.0232,0.2756
/kaggle/input/datasets/duc24kdl/sub-x-ray/sub_X-Ray/sub_NIH/00000591_014.png,,sub_NIH,00000591_014.png,ok,256x256 -> 1024x1024,4,1,39.27,40.5874,5.679834,2.38324,0.9406,0.9897,0.3573,9.0415,40.8621,5.33181,2.309071,0.9429,0.9906,0.3843,0.3843,0.3843,8.7272,111.8458,71.2107,111.8458,71.2107,0.0771,40.8621,0.9429,5.33181,2.309071,0.2746,0.0009,-0.0271,0.3143
/kaggle/input/datasets/duc24kdl/sub-x-ray/sub_X-Ray/sub_NIH/00000592_001.png,,sub_NIH,00000592_001.png,ok,256x256 -> 1024x1024,4,1,39.97,39.0012,8.18396,2.860762,0.9367,0.9884,0.3772,8.8646,39.2536,7.721831,2.778818,0.9389,0.9895,0.4045,0.4045,0.4045,8.254,114.588,64.2981,114.588,64.2981,0.1041,39.2536,0.9389,7.721831,2.778818,0.2524,0.0011,-0.0273,0.6106
/kaggle/input/datasets/duc24kdl/sub-x-ray/sub_X-Ray/sub_NIH/00000593_000.png,,sub_NIH,00000593_000.png,ok,256x256 -> 1024x1024,4,1,40.11,39.5428,7.224406,2.687825,0.9531,0.9895,0.2911,8.7131,39.9426,6.588975,2.5669,0.9563,0.991,0.3045,0.3045,0.3045,8.3802,172.4936,44.2223,172.4936,44.2223,0.1585,39.9426,0.9563,6.588975,2.5669,0.3998,0.0016,-0.0134,0.3328
/kaggle/input/datasets/duc24kdl/sub-x-ray/sub_X-Ray/sub_NIH/00000598_000.png,,sub_NIH,00000598_000.png,ok,256x256 -> 1024x1024,4,1,39.9,34.278,24.281727,4.927649,0.9577,0.9906,0.2279,8.5988,34.9243,20.924432,4.574323,0.9593,0.9919,0.2282,0.2282,0.2282,7.9086,132.7018,70.8503,132.7018,70.8503,0.149,34.9243,0.9593,20.924432,4.574323,0.6463,0.0013,-0.0003,0.6902
/kaggle/input/datasets/duc24kdl/sub-x-ray/sub_X-Ray/sub_NIH/00000602_000.png,,sub_NIH,00000602_000.png,ok,256x256 -> 1024x1024,4,1,39.06,38.8803,8.414985,2.900859,0.9314,0.9877,0.3597,8.8246,39.0689,8.057282,2.838535,0.9339,0.9889,0.3835,0.3835,0.3835,8.3316,132.0022,64.7552,132.0022,64.7552,0.08,39.0689,0.9339,8.057282,2.838535,0.1886,0.0011,-0.0237,0.4929
/kaggle/input/datasets/duc24kdl/sub-x-ray/sub_X-Ray/sub_NIH/00000603_000.png,,sub_NIH,00000603_000.png,ok,256x256 -> 1024x1024,4,1,38.93,38.4465,9.298964,3.04942,0.9573,0.9902,0.2577,8.2884,39.055,8.083167,2.843091,0.96,0.9917,0.2704,0.2704,0.2704,7.9468,144.161,61.5315,144.161,61.5315,0.1669,39.055,0.96,8.083167,2.843091,0.6085,0.0015,-0.0126,0.3416
/kaggle/input/datasets/duc24kdl/sub-x-ray/sub_X-Ray/sub_NIH/00000605_000.png,,sub_NIH,00000605_000.png,ok,256x256 -> 1024x1024,4,1,38.91,35.244,19.439084,4.408978,0.9754,0.9944,0.2032,8.8612,35.595,17.930171,4.234403,0.9765,0.9952,0.2049,0.2049,0.2049,8.2388,137.9991,66.8789,137.9991,66.8789,0.0938,35.595,0.9765,17.930171,4.234403,0.3509,0.0009,-0.0017,0.6224
/kaggle/input/datasets/duc24kdl/sub-x-ray/sub_X-Ray/sub_NIH/00000606_000.png,,sub_NIH,00000606_000.png,ok,256x256 -> 1024x1024,4,1,38.99,34.176,24.858579,4.985838,0.962,0.992,0.2281,8.7171,34.6603,22.235763,4.715481,0.9642,0.9932,0.2325,0.2325,0.2325,8.1517,161.3118,63.5494,161.3118,63.5494,0.1236,34.6603,0.9642,22.235763,4.715481,0.4842,0.0012,-0.0044,0.5654
/kaggle/input/datasets/duc24kdl/sub-x-ray/sub_X-Ray/sub_NIH/00000608_001.png,,sub_NIH,00000608_001.png,ok,256x256 -> 1024x1024,4,1,39.91,42.8467,3.376034,1.837399,0.9611,0.9912,0.2836,8.5658,43.2142,3.102107,1.76128,0.9636,0.9923,0.2977,0.2977,0.2977,8.3764,107.1733,38.4375,107.1733,38.4375,0.1036,43.2142,0.9636,3.102107,1.76128,0.3675,0.0011,-0.014,0.1895
/kaggle/input/datasets/duc24kdl/sub-x-ray/sub_X-Ray/sub_NIH/00000608_002.png,,sub_NIH,00000608_002.png,ok,256x256 -> 1024x1024,4,1,39.64,30.7989,54.098911,7.355196,0.9329,0.9851,0.333,8.2118,30.9427,52.336614,7.234405,0.9354,0.9871,0.3383,0.3383,0.3383,7.8351,116.2222,48.0655,116.2222,48.0655,0.0906,30.9427,0.9354,52.336614,7.234405,0.1438,0.002,-0.0053,0.3767
/kaggle/input/datasets/duc24kdl/sub-x-ray/sub_X-Ray/sub_NIH/00000608_003.png,,sub_NIH,00000608_003.png,ok,256x256 -> 1024x1024,4,1,39.25,33.0113,32.505011,5.701317,0.9412,0.9871,0.332,8.2871,33.2581,30.709376,5.541604,0.9436,0.989,0.3433,0.3433,0.3433,7.8674,103.0792,48.326,103.0792,48.326,0.0905,33.2581,0.9436,30.709376,5.541604,0.2468,0.0018,-0.0113,0.4197
/kaggle/input/datasets/duc24kdl/sub-x-ray/sub_X-Ray/sub_NIH/00000609_000.png,,sub_NIH,00000609_000.png,ok,256x256 -> 1024x1024,4,1,39.04,37.2894,12.137777,3.483931,0.9473,0.9895,0.2734,8.2154,37.7489,10.919313,3.304438,0.9496,0.9907,0.2851,0.2851,0.2851,7.7854,160.7653,67.8214,160.7653,67.8214,0.1526,37.7489,0.9496,10.919313,3.304438,0.4594,0.0012,-0.0117,0.4301
/kaggle/input/datasets/duc24kdl/sub-x-ray/sub_X-Ray/sub_NIH/00000610_001.png,,sub_NIH,00000610_001.png,ok,256x256 -> 1024x1024,4,1,38.97,31.6619,44.349734,6.65956,0.9502,0.9893,0.2726,8.4304,31.9897,41.12559,6.412924,0.9524,0.9906,0.2822,0.2822,0.2822,8.0244,142.2552,61.1965,142.2552,61.1965,0.0357,31.9897,0.9524,41.12559,6.412924,0.3278,0.0013,-0.0096,0.406
/kaggle/input/datasets/duc24kdl/sub-x-ray/sub_X-Ray/sub_NIH/00000613_002.png,,sub_NIH,00000613_002.png,ok,256x256 -> 1024x1024,4,1,39.26,30.5601,57.157425,7.560253,0.9318,0.9854,0.2755,7.9347,31.3152,48.035015,6.93073,0.9343,0.9872,0.278,0.278,0.278,7.6089,156.7753,67.8036,156.7753,67.8036,-0.0256,31.3152,0.9343,48.035015,6.93073,0.7551,0.0018,-0.0025,0.3258
/kaggle/input/datasets/duc24kdl/sub-x-ray/sub_X-Ray/sub_NIH/00000617_000.png,,sub_NIH,00000617_000.png,ok,256x256 -> 1024x1024,4,1,39.73,31.5373,45.640229,6.755755,0.9566,0.9906,0.239,8.4395,32.3436,37.907441,6.156902,0.9587,0.9918,0.242,0.242,0.242,8.0206,151.0862,71.8729,151.0862,71.8729,0.4386,32.3436,0.9587,37.907441,6.156902,0.8062,0.0012,-0.0031,0.4189
/kaggle/input/datasets/duc24kdl/sub-x-ray/sub_X-Ray/sub_NIH/00000618_001.png,,sub_NIH,00000618_001.png,ok,256x256 -> 1024x1024,4,1,39.37,36.6708,13.995798,3.741096,0.942,0.9888,0.3261,8.1299,37.0595,12.797699,3.577387,0.9436,0.9899,0.3355,0.3355,0.3355,7.8253,123.4637,63.8666,123.4637,63.8666,0.1189,37.0595,0.9436,12.797699,3.577387,0.3887,0.0011,-0.0094,0.3047
/kaggle/input/datasets/duc24kdl/sub-x-ray/sub_X-Ray/sub_NIH/00000618_007.png,,sub_NIH,00000618_007.png,ok,256x256 -> 1024x1024,4,1,39.02,31.7664,43.295617,6.579941,0.9304,0.9846,0.2993,7.8525,32.2907,38.371306,6.194458,0.9324,0.9864,0.3002,0.3002,0.3002,7.1962,123.0127,67.9925,123.0127,67.9925,0.2099,32.2907,0.9324,38.371306,6.194458,0.5244,0.0018,-0.0008,0.6564
/kaggle/input/datasets/duc24kdl/sub-x-ray/sub_X-Ray/sub_NIH/00000618_008.png,,sub_NIH,00000618_008.png,ok,256x256 -> 1024x1024,4,1,37.74,37.5401,11.457014,3.384821,0.9424,0.9887,0.321,8.4148,37.9032,10.538144,3.246251,0.9435,0.9898,0.3338,0.3338,0.3338,8.0843,120.143,64.8926,120.143,64.8926,0.1277,37.9032,0.9435,10.538144,3.246251,0.3631,0.0012,-0.0128,0.3305
/kaggle/input/datasets/duc24kdl/sub-x-ray/sub_X-Ray/sub_NIH/00000619_000.png,,sub_NIH,00000619_000.png,ok,256x256 -> 1024x1024,4,1,40.51,38.1751,9.898495,3.146187,0.9309,0.9875,0.3694,8.7268,38.3987,9.401708,3.066221,0.9335,0.9887,0.3913,0.3913,0.3913,8.238,144.6395,60.0939,144.6395,60.0939,0.0936,38.3987,0.9335,9.401708,3.066221,0.2236,0.0013,-0.0219,0.4888
/kaggle/input/datasets/duc24kdl/sub-x-ray/sub_X-Ray/sub_NIH/00000621_001.png,,sub_NIH,00000621_001.png,ok,256x256 -> 1024x1024,4,1,39.05,38.7961,8.579719,2.929116,0.9381,0.9881,0.3166,8.3438,38.8976,8.381379,2.895061,0.9396,0.9894,0.3266,0.3266,0.3266,7.7384,106.4884,63.2494,106.4884,63.2494,0.1092,38.8976,0.9396,8.381379,2.895061,0.1016,0.0013,-0.01,0.6054
/kaggle/input/datasets/duc24kdl/sub-x-ray/sub_X-Ray/sub_NIH/00000623_000.png,,sub_NIH,00000623_000.png,ok,256x256 -> 1024x1024,4,1,38.93,38.0241,10.248773,3.201371,0.9301,0.9871,0.3519,8.4564,38.1308,9.999913,3.162264,0.9329,0.9886,0.3741,0.3741,0.3741,8.0426,105.8301,66.5227,105.8301,66.5227,0.0701,38.1308,0.9329,9.999913,3.162264,0.1068,0.0014,-0.0222,0.4138
/kaggle/input/datasets/duc24kdl/sub-x-ray/sub_X-Ray/sub_NIH/00000623_004.png,,sub_NIH,00000623_004.png,ok,256x256 -> 1024x1024,4,1,39.18,33.9259,26.332144,5.131486,0.953,0.9902,0.2514,8.4582,34.3632,23.810238,4.879574,0.9558,0.9917,0.254,0.254,0.254,7.9949,157.472,63.2023,157.472,63.2023,0.1064,34.3632,0.9558,23.810238,4.879574,0.4372,0.0015,-0.0025,0.4633
/kaggle/input/datasets/duc24kdl/sub-x-ray/sub_X-Ray/sub_NIH/00000623_008.png,,sub_NIH,00000623_008.png,ok,256x256 -> 1024x1024,4,1,38.94,39.6301,7.08061,2.660942,0.9472,0.99,0.2892,8.4823,39.7085,6.953941,2.637033,0.9488,0.9911,0.3017,0.3017,0.3017,7.9546,98.7317,65.0965,98.7317,65.0965,0.106,39.7085,0.9488,6.953941,2.637033,0.0784,0.0011,-0.0125,0.5278
/kaggle/input/datasets/duc24kdl/sub-x-ray/sub_X-Ray/sub_NIH/00000625_001.png,,sub_NIH,00000625_001.png,ok,256x256 -> 1024x1024,4,1,39.64,34.4729,23.215954,4.818294,0.9649,0.9925,0.2285,8.4854,34.5487,22.814528,4.776456,0.9663,0.9934,0.2396,0.2396,0.2396,8.0144,183.7006,50.7422,183.7006,50.7422,0.058,34.5487,0.9663,22.814528,4.776456,0.0758,0.0009,-0.0111,0.4709
/kaggle/input/datasets/duc24kdl/sub-x-ray/sub_X-Ray/sub_NIH/00000626_000.png,,sub_NIH,00000626_000.png,ok,256x256 -> 1024x1024,4,1,39.82,41.5543,4.546233,2.13219,0.9652,0.9918,0.25,8.8058,42.0194,4.08447,2.021007,0.9677,0.993,0.2648,0.2648,0.2648,8.3638,163.0981,41.8196,163.0981,41.8196,0.1586,42.0194,0.9677,4.08447,2.021007,0.4652,0.0012,-0.0148,0.442
/kaggle/input/datasets/duc24kdl/sub-x-ray/sub_X-Ray/sub_NIH/00000627_005.png,,sub_NIH,00000627_005.png,ok,256x256 -> 1024x1024,4,1,38.92,36.7938,13.60502,3.688498,0.9781,0.9954,0.2114,9.8442,36.8588,13.402935,3.661002,0.9791,0.9958,0.2347,0.2347,0.2347,9.0619,155.8769,45.012,155.8769,45.012,0.0331,36.8588,0.9791,13.402935,3.661002,0.065,0.0005,-0.0233,0.7823
/kaggle/input/datasets/duc24kdl/sub-x-ray/sub_X-Ray/sub_NIH/00000627_006.png,,sub_NIH,00000627_006.png,ok,256x256 -> 1024x1024,4,1,38.55,36.4189,14.8316,3.851182,0.9787,0.9954,0.2047,9.9306,36.4874,14.599501,3.820929,0.9797,0.9959,0.2264,0.2264,0.2264,9.117,158.2206,44.3765,158.2206,44.3765,0.0429,36.4874,0.9797,14.599501,3.820929,0.0685,0.0005,-0.0217,0.8136
/kaggle/input/datasets/duc24kdl/sub-x-ray/sub_X-Ray/sub_NIH/00000627_009.png,,sub_NIH,00000627_009.png,ok,256x256 -> 1024x1024,4,1,39.38,36.2855,15.294491,3.910817,0.9785,0.9953,0.1971,9.2905,36.3633,15.022699,3.875913,0.9795,0.9959,0.2153,0.2153,0.2153,8.5639,157.4038,46.0553,157.4038,46.0553,0.0399,36.3633,0.9795,15.022699,3.875913,0.0779,0.0005,-0.0182,0.7265
/kaggle/input/datasets/duc24kdl/sub-x-ray/sub_X-Ray/sub_NIH/00000627_011.png,,sub_NIH,00000627_011.png,ok,256x256 -> 1024x1024,4,1,39.84,36.3507,15.066508,3.88156,0.9782,0.9951,0.1958,9.4982,36.4378,14.767243,3.842817,0.9793,0.9957,0.2138,0.2138,0.2138,8.762,160.6368,37.2615,160.6368,37.2615,0.0391,36.4378,0.9793,14.767243,3.842817,0.0871,0.0006,-0.018,0.7362
/kaggle/input/datasets/duc24kdl/sub-x-ray/sub_X-Ray/sub_NIH/00000627_025.png,,sub_NIH,00000627_025.png,ok,256x256 -> 1024x1024,4,1,38.58,35.3337,19.041923,4.363705,0.9747,0.9945,0.2082,9.0182,35.4135,18.695074,4.32378,0.9759,0.9952,0.2216,0.2216,0.2216,8.2683,158.7619,51.8579,158.7619,51.8579,0.0545,35.4135,0.9759,18.695074,4.32378,0.0798,0.0007,-0.0134,0.7499
/kaggle/input/datasets/duc24kdl/sub-x-ray/sub_X-Ray/sub_NIH/00000627_027.png,,sub_NIH,00000627_027.png,ok,256x256 -> 1024x1024,4,1,38.78,35.9586,16.489875,4.060773,0.9758,0.9947,0.2084,9.1257,36.1106,15.922751,3.990332,0.9769,0.9954,0.2186,0.2186,0.2186,8.6752,150.4846,53.9049,150.4846,53.9049,0.0735,36.1106,0.9769,15.922751,3.990332,0.152,0.0007,-0.0103,0.4504
/kaggle/input/datasets/duc24kdl/sub-x-ray/sub_X-Ray/sub_NIH/00000627_029.png,,sub_NIH,00000627_029.png,ok,256x256 -> 1024x1024,4,1,39.32,36.4944,14.576017,3.817855,0.974,0.9945,0.2692,9.5319,36.5852,14.274322,3.778137,0.975,0.9951,0.2924,0.2924,0.2924,9.1157,116.8461,41.4714,116.8461,41.4714,0.0475,36.5852,0.975,14.274322,3.778137,0.0908,0.0006,-0.0233,0.4162
/kaggle/input/datasets/duc24kdl/sub-x-ray/sub_X-Ray/sub_NIH/00000627_033.png,,sub_NIH,00000627_033.png,ok,256x256 -> 1024x1024,4,1,38.86,36.975,13.048946,3.612332,0.9704,0.9934,0.2537,8.8602,37.1319,12.586047,3.547682,0.9721,0.9943,0.2667,0.2667,0.2667,8.3147,105.4589,56.6354,105.4589,56.6354,0.0758,37.1319,0.9721,12.586047,3.547682,0.1569,0.0009,-0.013,0.5455
/kaggle/input/datasets/duc24kdl/sub-x-ray/sub_X-Ray/sub_NIH/00000627_035.png,,sub_NIH,00000627_035.png,ok,256x256 -> 1024x1024,4,1,39.47,36.4079,14.869316,3.856075,0.9732,0.9941,0.2552,8.8767,36.5091,14.526842,3.811409,0.9744,0.9949,0.2746,0.2746,0.2746,8.3981,116.4823,48.0054,116.4823,48.0054,0.0546,36.5091,0.9744,14.526842,3.811409,0.1012,0.0008,-0.0193,0.4786
/kaggle/input/datasets/duc24kdl/sub-x-ray/sub_X-Ray/sub_NIH/00000627_036.png,,sub_NIH,00000627_036.png,ok,256x256 -> 1024x1024,4,1,39.44,36.612,14.186714,3.766525,0.9676,0.9931,0.2623,8.9077,36.9316,13.180265,3.630463,0.9695,0.994,0.2765,0.2765,0.2765,8.3246,107.0126,58.639,107.0126,58.639,0.0854,36.9316,0.9695,13.180265,3.630463,0.3196,0.001,-0.0142,0.5832
/kaggle/input/datasets/duc24kdl/sub-x-ray/sub_X-Ray/sub_NIH/00000629_000.png,,sub_NIH,00000629_000.png,ok,256x256 -> 1024x1024,4,1,38.63,34.0201,25.76767,5.076187,0.9678,0.9931,0.1902,7.8526,35.0449,20.351065,4.511215,0.9693,0.9944,0.1752,0.1752,0.1752,8.1602,92.0763,88.7065,92.0763,88.7065,0.1626,35.0449,0.9693,20.351065,4.511215,1.0249,0.0012,0.015,-0.3076
/kaggle/input/datasets/duc24kdl/sub-x-ray/sub_X-Ray/sub_NIH/00000631_005.png,,sub_NIH,00000631_005.png,ok,256x256 -> 1024x1024,4,1,37.53,31.5618,45.384177,6.736778,0.9562,0.99,0.3003,8.7153,31.6449,44.523456,6.67259,0.957,0.991,0.3187,0.3187,0.3187,8.3305,113.1101,55.7843,113.1101,55.7843,0.0925,31.6449,0.957,44.523456,6.67259,0.0832,0.001,-0.0185,0.3847
/kaggle/input/datasets/duc24kdl/sub-x-ray/sub_X-Ray/sub_NIH/00000632_002.png,,sub_NIH,00000632_002.png,ok,256x256 -> 1024x1024,4,1,39.2,40.8335,5.367028,2.316685,0.9638,0.9912,0.2496,8.6294,41.2757,4.847365,2.201673,0.9666,0.9927,0.2655,0.2655,0.2655,8.3272,168.1501,44.0256,168.1501,44.0256,0.1641,41.2757,0.9666,4.847365,2.201673,0.4423,0.0014,-0.016,0.3022
/kaggle/input/datasets/duc24kdl/sub-x-ray/sub_X-Ray/sub_NIH/00000632_008.png,,sub_NIH,00000632_008.png,ok,256x256 -> 1024x1024,4,1,39.08,31.148,49.921102,7.065487,0.9644,0.9915,0.2594,8.3925,31.3304,47.867985,6.918669,0.9663,0.9927,0.2658,0.2658,0.2658,8.3651,95.483,60.8826,95.483,60.8826,0.1037,31.3304,0.9663,47.867985,6.918669,0.1824,0.0011,-0.0065,0.0274
/kaggle/input/datasets/duc24kdl/sub-x-ray/sub_X-Ray/sub_NIH/00000632_009.png,,sub_NIH,00000632_009.png,ok,256x256 -> 1024x1024,4,1,40.12,30.8243,53.783435,7.333719,0.9683,0.9916,0.2594,8.7457,30.8828,53.063828,7.284492,0.9693,0.9924,0.273,0.273,0.273,8.4586,118.3188,53.7039,118.3188,53.7039,0.0768,30.8828,0.9693,53.063828,7.284492,0.0585,0.0008,-0.0135,0.2871
/kaggle/input/datasets/duc24kdl/sub-x-ray/sub_X-Ray/sub_NIH/00000632_011.png,,sub_NIH,00000632_011.png,ok,256x256 -> 1024x1024,4,1,39.1,38.6451,8.88326,2.98048,0.9244,0.986,0.3748,8.517,38.8649,8.444889,2.906009,0.9274,0.9875,0.3961,0.3961,0.3961,8.0699,128.5301,67.0903,128.5301,67.0903,0.0771,38.8649,0.9274,8.444889,2.906009,0.2198,0.0015,-0.0213,0.4471
/kaggle/input/datasets/duc24kdl/sub-x-ray/sub_X-Ray/sub_NIH/00000634_006.png,,sub_NIH,00000634_006.png,ok,256x256 -> 1024x1024,4,1,39.05,38.3526,9.502182,3.082561,0.9415,0.9888,0.3366,9.0027,38.5032,9.178248,3.029562,0.9439,0.99,0.3585,0.3585,0.3585,8.5509,153.8061,65.3225,153.8061,65.3225,0.0712,38.5032,0.9439,9.178248,3.029562,0.1506,0.0012,-0.0219,0.4519
/kaggle/input/datasets/duc24kdl/sub-x-ray/sub_X-Ray/sub_NIH/00000635_001.png,,sub_NIH,00000635_001.png,ok,256x256 -> 1024x1024,4,1,39.92,37.7536,10.907279,3.302617,0.9349,0.988,0.3598,8.7458,38.214,9.810237,3.13213,0.9371,0.9892,0.3806,0.3806,0.3806,8.371,122.9042,64.4782,122.9042,64.4782,0.1108,38.214,0.9371,9.810237,3.13213,0.4604,0.0011,-0.0207,0.3749
/kaggle/input/datasets/duc24kdl/sub-x-ray/sub_X-Ray/sub_NIH/00000643_002.png,,sub_NIH,00000643_002.png,ok,256x256 -> 1024x1024,4,1,40.37,36.4201,14.827685,3.850673,0.9276,0.9865,0.3838,8.6938,36.6069,14.203453,3.768747,0.9295,0.9877,0.4047,0.4047,0.4047,8.2403,141.7293,60.544,141.7293,60.544,0.0917,36.6069,0.9295,14.203453,3.768747,0.1868,0.0012,-0.0209,0.4535
/kaggle/input/datasets/duc24kdl/sub-x-ray/sub_X-Ray/sub_NIH/00000643_003.png,,sub_NIH,00000643_003.png,ok,256x256 -> 1024x1024,4,1,39.1,37.8643,10.632795,3.260797,0.9333,0.9878,0.3478,8.6419,38.0651,10.15249,3.186297,0.9356,0.989,0.3645,0.3645,0.3645,8.1534,120.4197,76.6399,120.4197,76.6399,0.1086,38.0651,0.9356,10.15249,3.186297,0.2007,0.0012,-0.0167,0.4885
/kaggle/input/datasets/duc24kdl/sub-x-ray/sub_X-Ray/sub_NIH/00000643_008.png,,sub_NIH,00000643_008.png,ok,256x256 -> 1024x1024,4,1,38.89,35.0617,20.272656,4.502517,0.9217,0.9854,0.3646,8.2233,35.3777,18.850157,4.341677,0.9241,0.9869,0.3813,0.3813,0.3813,7.5978,120.5762,72.9979,120.5762,72.9979,0.0994,35.3777,0.9241,18.850157,4.341677,0.316,0.0015,-0.0167,0.6254
/kaggle/input/datasets/duc24kdl/sub-x-ray/sub_X-Ray/sub_NIH/00000645_001.png,,sub_NIH,00000645_001.png,ok,256x256 -> 1024x1024,4,1,40.33,37.403,11.824532,3.438682,0.9261,0.9865,0.3642,8.5313,37.8773,10.601022,3.255921,0.929,0.9879,0.3871,0.3871,0.3871,8.1224,129.5136,67.8584,129.5136,67.8584,0.1217,37.8773,0.929,10.601022,3.255921,0.4744,0.0014,-0.0229,0.4089
/kaggle/input/datasets/duc24kdl/sub-x-ray/sub_X-Ray/sub_NIH/00000646_001.png,,sub_NIH,00000646_001.png,ok,256x256 -> 1024x1024,4,1,38.92,32.5856,35.852295,5.987679,0.9362,0.9862,0.3214,8.3611,33.2093,31.056264,5.572815,0.9389,0.9875,0.3271,0.3271,0.3271,8.0046,129.4661,55.0438,129.4661,55.0438,0.0179,33.2093,0.9389,31.056264,5.572815,0.6237,0.0013,-0.0057,0.3565
/kaggle/input/datasets/duc24kdl/sub-x-ray/sub_X-Ray/sub_NIH/00000646_004.png,,sub_NIH,00000646_004.png,ok,256x256 -> 1024x1024,4,1,39.29,35.1484,19.871814,4.457781,0.9635,0.9916,0.2137,8.4984,35.3812,18.834684,4.339894,0.9656,0.9928,0.2168,0.2168,0.2168,7.9878,153.5987,64.3252,153.5987,64.3252,0.0294,35.3812,0.9656,18.834684,4.339894,0.2328,0.0012,-0.0031,0.5106
/kaggle/input/datasets/duc24kdl/sub-x-ray/sub_X-Ray/sub_NIH/00000646_006.png,,sub_NIH,00000646_006.png,ok,256x256 -> 1024x1024,4,1,38.8,38.5374,9.106224,3.017652,0.9471,0.9897,0.3083,8.7236,38.969,8.244772,2.871371,0.9484,0.9908,0.3182,0.3182,0.3182,8.1452,110.4887,64.9588,110.4887,64.9588,0.1356,38.969,0.9484,8.244772,2.871371,0.4316,0.0011,-0.0099,0.5783
/kaggle/input/datasets/duc24kdl/sub-x-ray/sub_X-Ray/sub_NIH/00000646_007.png,,sub_NIH,00000646_007.png,ok,256x256 -> 1024x1024,4,1,39.32,31.4837,46.206753,6.797555,0.9388,0.9869,0.2632,8.3558,32.7202,34.758205,5.895609,0.9439,0.9893,0.2557,0.2557,0.2557,7.9075,133.2726,69.9447,133.2726,69.9447,0.3318,32.7202,0.9439,34.758205,5.895609,1.2365,0.0024,0.0075,0.4484
/kaggle/input/datasets/duc24kdl/sub-x-ray/sub_X-Ray/sub_NIH/00000648_001.png,,sub_NIH,00000648_001.png,ok,256x256 -> 1024x1024,4,1,39.29,38.6834,8.805302,2.967373,0.9351,0.9882,0.3418,8.597,38.9531,8.27506,2.87664,0.9377,0.9895,0.3633,0.3633,0.3633,8.2049,110.4929,69.2264,110.4929,69.2264,0.0826,38.9531,0.9377,8.27506,2.87664,0.2697,0.0012,-0.0214,0.3921
/kaggle/input/datasets/duc24kdl/sub-x-ray/sub_X-Ray/sub_NIH/00000651_000.png,,sub_NIH,00000651_000.png,ok,256x256 -> 1024x1024,4,1,39.75,34.2683,24.336314,4.933185,0.9418,0.9876,0.311,7.9606,34.9985,20.569926,4.535408,0.9458,0.9896,0.3188,0.3188,0.3188,7.7537,126.8972,56.7613,126.8972,56.7613,0.0105,34.9985,0.9458,20.569926,4.535408,0.7302,0.002,-0.0078,0.2069
/kaggle/input/datasets/duc24kdl/sub-x-ray/sub_X-Ray/sub_NIH/00000652_001.png,,sub_NIH,00000652_001.png,ok,256x256 -> 1024x1024,4,1,39.56,33.9734,26.046168,5.103545,0.953,0.9901,0.2537,8.2658,34.4835,23.159453,4.812427,0.9546,0.9914,0.2596,0.2596,0.2596,7.927,158.7826,67.2693,158.7826,67.2693,0.1471,34.4835,0.9546,23.159453,4.812427,0.5102,0.0013,-0.0058,0.3388
/kaggle/input/datasets/duc24kdl/sub-x-ray/sub_X-Ray/sub_NIH/00000652_012.png,,sub_NIH,00000652_012.png,ok,256x256 -> 1024x1024,4,1,38.73,37.4577,11.676374,3.417071,0.9369,0.988,0.327,8.5743,37.7151,11.004439,3.317294,0.9391,0.9894,0.3427,0.3427,0.3427,8.0288,112.7062,68.4078,112.7062,68.4078,0.1369,37.7151,0.9391,11.004439,3.317294,0.2574,0.0014,-0.0158,0.5455
/kaggle/input/datasets/duc24kdl/sub-x-ray/sub_X-Ray/sub_NIH/00000652_017.png,,sub_NIH,00000652_017.png,ok,256x256 -> 1024x1024,4,1,38.9,31.2336,48.946007,6.996142,0.9689,0.9926,0.2303,9.0461,31.2734,48.500038,6.964197,0.9694,0.9933,0.2422,0.2422,0.2422,8.6124,152.6644,50.1291,152.6644,50.1291,0.0677,31.2734,0.9694,48.500038,6.964197,0.0398,0.0007,-0.0119,0.4336
/kaggle/input/datasets/duc24kdl/sub-x-ray/sub_X-Ray/sub_NIH/00000652_018.png,,sub_NIH,00000652_018.png,ok,256x256 -> 1024x1024,4,1,39.35,30.6631,55.817363,7.471102,0.9654,0.9916,0.2201,8.4165,30.8245,53.781671,7.333599,0.9663,0.9926,0.2214,0.2214,0.2214,7.8475,129.6426,73.4243,129.6426,73.4243,0.0916,30.8245,0.9663,53.781671,7.333599,0.1614,0.001,-0.0013,0.5691
/kaggle/input/datasets/duc24kdl/sub-x-ray/sub_X-Ray/sub_NIH/00000652_024.png,,sub_NIH,00000652_024.png,ok,256x256 -> 1024x1024,4,1,39.16,34.8222,21.421983,4.628389,0.9596,0.9908,0.2123,8.4313,36.1726,15.6971,3.961957,0.9613,0.9924,0.2123,0.2123,0.2123,7.8402,151.7515,65.4635,151.7515,65.4635,0.4947,36.1726,0.9613,15.6971,3.961957,1.3504,0.0016,-0.0001,0.5911
/kaggle/input/datasets/duc24kdl/sub-x-ray/sub_X-Ray/sub_NIH/00000655_003.png,,sub_NIH,00000655_003.png,ok,256x256 -> 1024x1024,4,1,39.82,33.4578,29.329193,5.415643,0.964,0.992,0.2766,9.0067,33.5091,28.98498,5.38377,0.9655,0.9928,0.2969,0.2969,0.2969,8.616,113.1585,58.6592,113.1585,58.6592,0.0848,33.5091,0.9655,28.98498,5.38377,0.0513,0.0008,-0.0204,0.3907
/kaggle/input/datasets/duc24kdl/sub-x-ray/sub_X-Ray/sub_NIH/00000658_000.png,,sub_NIH,00000658_000.png,ok,256x256 -> 1024x1024,4,1,40.3,38.4378,9.317418,3.052445,0.9585,0.9911,0.3029,8.3507,38.8466,8.480458,2.912123,0.9609,0.9921,0.3226,0.3226,0.3226,8.0379,105.8063,35.6073,105.8063,35.6073,0.1634,38.8466,0.9609,8.480458,2.912123,0.4088,0.001,-0.0197,0.3128
/kaggle/input/datasets/duc24kdl/sub-x-ray/sub_X-Ray/sub_NIH/00000659_000.png,,sub_NIH,00000659_000.png,ok,256x256 -> 1024x1024,4,1,40.25,42.3398,3.794067,1.947837,0.9718,0.9934,0.2147,8.984,42.6152,3.56088,1.887029,0.9742,0.9944,0.2313,0.2313,0.2313,8.4984,172.7046,37.8688,172.7046,37.8688,0.074,42.6152,0.9742,3.56088,1.887029,0.2755,0.001,-0.0166,0.4856
/kaggle/input/datasets/duc24kdl/sub-x-ray/sub_X-Ray/sub_NIH/00000662_005.png,,sub_NIH,00000662_005.png,ok,256x256 -> 1024x1024,4,1,38.64,38.591,8.994668,2.999111,0.9316,0.9874,0.3581,8.5435,38.8398,8.493728,2.9144,0.9342,0.9887,0.3807,0.3807,0.3807,8.1457,131.2036,66.2892,131.2036,66.2892,0.0979,38.8398,0.9342,8.493728,2.9144,0.2489,0.0013,-0.0226,0.3978
/kaggle/input/datasets/duc24kdl/sub-x-ray/sub_X-Ray/sub_NIH/00000669_000.png,,sub_NIH,00000669_000.png,ok,256x256 -> 1024x1024,4,1,38.9,36.7333,13.795927,3.714287,0.9651,0.9922,0.2205,8.6043,36.8561,13.41133,3.662148,0.9671,0.9933,0.2309,0.2309,0.2309,8.0954,163.0336,54.5948,163.0336,54.5948,0.0623,36.8561,0.9671,13.41133,3.662148,0.1228,0.0011,-0.0104,0.509
/kaggle/input/datasets/duc24kdl/sub-x-ray/sub_X-Ray/sub_NIH/00000679_000.png,,sub_NIH,00000679_000.png,ok,256x256 -> 1024x1024,4,1,37.86,37.8711,10.616277,3.258263,0.9328,0.9882,0.3752,8.664,38.2046,9.831437,3.135512,0.9354,0.9894,0.4024,0.4024,0.4024,8.1948,126.2019,67.4085,126.2019,67.4085,0.0848,38.2046,0.9354,9.831437,3.135512,0.3336,0.0012,-0.0272,0.4693
/kaggle/input/datasets/duc24kdl/sub-x-ray/sub_X-Ray/sub_NIH/00000683_004.png,,sub_NIH,00000683_004.png,ok,256x256 -> 1024x1024,4,1,40.06,31.5944,45.044599,6.711527,0.9615,0.9914,0.2042,8.0708,31.7206,43.754013,6.614682,0.9617,0.9922,0.2107,0.2107,0.2107,7.768,171.3029,66.8839,171.3029,66.8839,0.1051,31.7206,0.9617,43.754013,6.614682,0.1262,0.0008,-0.0065,0.3028
/kaggle/input/datasets/duc24kdl/sub-x-ray/sub_X-Ray/sub_NIH/00000686_000.png,,sub_NIH,00000686_000.png,ok,256x256 -> 1024x1024,4,1,38.93,38.5934,8.98969,2.998281,0.9338,0.9876,0.3157,8.4444,38.7228,8.725687,2.953927,0.9358,0.989,0.3292,0.3292,0.3292,7.7549,111.9323,68.7864,111.9323,68.7864,0.0982,38.7228,0.9358,8.725687,2.953927,0.1295,0.0014,-0.0135,0.6895
/kaggle/input/datasets/duc24kdl/sub-x-ray/sub_X-Ray/sub_NIH/00000688_000.png,,sub_NIH,00000688_000.png,ok,256x256 -> 1024x1024,4,1,39.54,41.9948,4.107755,2.02676,0.9709,0.9934,0.224,8.854,42.3309,3.801774,1.949814,0.9728,0.9943,0.2408,0.2408,0.2408,8.1119,158.8652,53.9768,158.8652,53.9768,0.1421,42.3309,0.9728,3.801774,1.949814,0.3362,0.0009,-0.0168,0.7422
/kaggle/input/datasets/duc24kdl/sub-x-ray/sub_X-Ray/sub_NIH/00000688_001.png,,sub_NIH,00000688_001.png,ok,256x256 -> 1024x1024,4,1,39.36,40.6047,5.657339,2.378516,0.9515,0.9913,0.2926,9.1305,40.7475,5.474285,2.339719,0.9539,0.9922,0.3154,0.3154,0.3154,8.3309,130.597,78.0775,130.597,78.0775,0.0643,40.7475,0.9539,5.474285,2.339719,0.1428,0.0008,-0.0228,0.7997
/kaggle/input/datasets/duc24kdl/sub-x-ray/sub_X-Ray/sub_NIH/00000688_002.png,,sub_NIH,00000688_002.png,ok,256x256 -> 1024x1024,4,1,38.85,38.5252,9.131951,3.021912,0.9373,0.9891,0.36,9.3309,38.8617,8.451012,2.907062,0.9394,0.99,0.386,0.386,0.386,8.655,140.1556,74.4959,140.1556,74.4959,0.0314,38.8617,0.9394,8.451012,2.907062,0.3365,0.0009,-0.026,0.6759
/kaggle/input/datasets/duc24kdl/sub-x-ray/sub_X-Ray/sub_NIH/00000694_002.png,,sub_NIH,00000694_002.png,ok,256x256 -> 1024x1024,4,1,39.58,38.6691,8.834173,2.972234,0.9356,0.9883,0.3398,8.8817,38.9907,8.203723,2.864214,0.9385,0.9896,0.3568,0.3568,0.3568,8.3208,121.3163,67.3323,121.3163,67.3323,0.0957,38.9907,0.9385,8.203723,2.864214,0.3215,0.0013,-0.0169,0.5609
/kaggle/input/datasets/duc24kdl/sub-x-ray/sub_X-Ray/sub_NIH/00000696_000.png,,sub_NIH,00000696_000.png,ok,256x256 -> 1024x1024,4,1,38.67,33.7584,27.367615,5.231407,0.9593,0.9919,0.2355,8.4708,34.5666,22.720686,4.766622,0.9624,0.9932,0.2364,0.2364,0.2364,7.8766,145.1586,70.1643,145.1586,70.1643,0.0588,34.5666,0.9624,22.720686,4.766622,0.8082,0.0013,-0.0009,0.5942
/kaggle/input/datasets/duc24kdl/sub-x-ray/sub_X-Ray/sub_NIH/00000698_000.png,,sub_NIH,00000698_000.png,ok,256x256 -> 1024x1024,4,1,38.7,34.8586,21.243182,4.609033,0.963,0.992,0.225,8.6065,35.1211,19.997374,4.471842,0.965,0.9932,0.2379,0.2379,0.2379,8.12,161.8836,61.8876,161.8836,61.8876,0.0814,35.1211,0.965,19.997374,4.471842,0.2625,0.0012,-0.0129,0.4865
/kaggle/input/datasets/duc24kdl/sub-x-ray/sub_X-Ray/sub_NIH/00000699_001.png,,sub_NIH,00000699_001.png,ok,256x256 -> 1024x1024,4,1,39.45,37.8648,10.631621,3.260617,0.9351,0.988,0.3625,8.9481,38.2581,9.711118,3.116267,0.9373,0.9892,0.3826,0.3826,0.3826,8.7161,131.3174,56.8166,131.3174,56.8166,0.1174,38.2581,0.9373,9.711118,3.116267,0.3933,0.0012,-0.0202,0.232
/kaggle/input/datasets/duc24kdl/sub-x-ray/sub_X-Ray/sub_NIH/00000702_003.png,,sub_NIH,00000702_003.png,ok,256x256 -> 1024x1024,4,1,39.96,38.48,9.227435,3.037669,0.9308,0.9877,0.3771,8.9417,38.7514,8.668523,2.944236,0.9334,0.989,0.4049,0.4049,0.4049,8.3839,123.3045,70.0072,123.3045,70.0072,0.0785,38.7514,0.9334,8.668523,2.944236,0.2714,0.0012,-0.0278,0.5578
/kaggle/input/datasets/duc24kdl/sub-x-ray/sub_X-Ray/sub_NIH/00000705_001.png,,sub_NIH,00000705_001.png,ok,256x256 -> 1024x1024,4,1,39.69,31.2705,48.531699,6.96647,0.9368,0.9863,0.3173,8.1201,31.4947,46.090567,6.789003,0.9385,0.9875,0.3292,0.3292,0.3292,7.8476,143.7826,66.1563,143.7826,66.1563,0.0204,31.4947,0.9385,46.090567,6.789003,0.2241,0.0012,-0.0119,0.2725
/kaggle/input/datasets/duc24kdl/sub-x-ray/sub_X-Ray/sub_NIH/00000705_002.png,,sub_NIH,00000705_002.png,ok,256x256 -> 1024x1024,4,1,39.21,41.9488,4.151447,2.03751,0.9649,0.9921,0.2621,8.5935,42.2773,3.849048,1.961899,0.967,0.9931,0.2775,0.2775,0.2775,8.0624,107.3389,36.1518,107.3389,36.1518,0.1194,42.2773,0.967,3.849048,1.961899,0.3285,0.001,-0.0154,0.5311
/kaggle/input/datasets/duc24kdl/sub-x-ray/sub_X-Ray/sub_NIH/00000709_006.png,,sub_NIH,00000709_006.png,ok,256x256 -> 1024x1024,4,1,40.74,39.7089,6.953214,2.636895,0.9363,0.9886,0.3407,8.6343,40.0324,6.454155,2.540503,0.9384,0.9896,0.3617,0.3617,0.3617,8.1721,122.2638,78.9786,122.2638,78.9786,0.0868,40.0324,0.9384,6.454155,2.540503,0.3235,0.0011,-0.021,0.4622
/kaggle/input/datasets/duc24kdl/sub-x-ray/sub_X-Ray/sub_NIH/00000711_003.png,,sub_NIH,00000711_003.png,ok,256x256 -> 1024x1024,4,1,39.12,30.2066,62.004084,7.874267,0.9422,0.9873,0.3272,8.1495,30.4092,59.177773,7.692709,0.9433,0.9888,0.3433,0.3433,0.3433,7.6892,117.4647,66.3745,117.4647,66.3745,0.1208,30.4092,0.9433,59.177773,7.692709,0.2026,0.0014,-0.0162,0.4603
/kaggle/input/datasets/duc24kdl/sub-x-ray/sub_X-Ray/sub_NIH/00000711_007.png,,sub_NIH,00000711_007.png,ok,256x256 -> 1024x1024,4,1,38.84,35.6812,17.577797,4.192588,0.974,0.9939,0.193,8.1473,35.7785,17.188014,4.145843,0.9753,0.9947,0.1971,0.1971,0.1971,7.7483,170.603,48.2219,170.603,48.2219,0.0669,35.7785,0.9753,17.188014,4.145843,0.0974,0.0008,-0.0041,0.3989
/kaggle/input/datasets/duc24kdl/sub-x-ray/sub_X-Ray/sub_NIH/00000711_010.png,,sub_NIH,00000711_010.png,ok,256x256 -> 1024x1024,4,1,38.48,35.7145,17.443384,4.176528,0.9767,0.9949,0.1944,9.3447,35.8396,16.947913,4.116784,0.9777,0.9955,0.2097,0.2097,0.2097,8.7421,141.9147,68.477,141.9147,68.477,0.0637,35.8396,0.9777,16.947913,4.116784,0.1251,0.0005,-0.0153,0.6026
/kaggle/input/datasets/duc24kdl/sub-x-ray/sub_X-Ray/sub_NIH/00000712_000.png,,sub_NIH,00000712_000.png,ok,256x256 -> 1024x1024,4,1,39.22,37.606,11.284418,3.359229,0.9272,0.9866,0.3608,8.6749,37.8676,10.624763,3.259565,0.9298,0.9879,0.3824,0.3824,0.3824,8.3763,123.484,66.5697,123.484,66.5697,0.0963,37.8676,0.9298,10.624763,3.259565,0.2616,0.0013,-0.0216,0.2986
/kaggle/input/datasets/duc24kdl/sub-x-ray/sub_X-Ray/sub_NIH/00000714_000.png,,sub_NIH,00000714_000.png,ok,256x256 -> 1024x1024,4,1,38.7,40.9743,5.195776,2.279425,0.9627,0.9912,0.233,8.3228,41.5581,4.542256,2.131257,0.9656,0.9926,0.2508,0.2508,0.2508,8.1197,159.1967,49.3995,159.1967,49.3995,0.2701,41.5581,0.9656,4.542256,2.131257,0.5838,0.0014,-0.0177,0.2031
/kaggle/input/datasets/duc24kdl/sub-x-ray/sub_X-Ray/sub_NIH/00000714_001.png,,sub_NIH,00000714_001.png,ok,256x256 -> 1024x1024,4,1,39.13,34.8144,21.460472,4.632545,0.9523,0.99,0.2536,8.1316,35.2546,19.392062,4.403642,0.9567,0.9914,0.2605,0.2605,0.2605,7.9691,160.8987,62.0383,160.8987,62.0383,0.1985,35.2546,0.9567,19.392062,4.403642,0.4402,0.0015,-0.0069,0.1625
/kaggle/input/datasets/duc24kdl/sub-x-ray/sub_X-Ray/sub_NIH/00000720_001.png,,sub_NIH,00000720_001.png,ok,256x256 -> 1024x1024,4,1,39.25,38.2263,9.78251,3.127701,0.9355,0.9887,0.3506,8.9814,38.6354,8.903025,2.983794,0.9379,0.9898,0.3733,0.3733,0.3733,8.4809,118.915,70.9943,118.915,70.9943,0.1163,38.6354,0.9379,8.903025,2.983794,0.4091,0.0012,-0.0227,0.5005
/kaggle/input/datasets/duc24kdl/sub-x-ray/sub_X-Ray/sub_NIH/00000720_004.png,,sub_NIH,00000720_004.png,ok,256x256 -> 1024x1024,4,1,39.93,29.1122,79.774519,8.931658,0.948,0.9892,0.3306,8.8297,29.3734,75.116771,8.666993,0.9468,0.9898,0.3482,0.3482,0.3482,8.4941,129.6725,60.5899,129.6725,60.5899,0.2054,29.3734,0.9468,75.116771,8.666993,0.2613,0.0006,-0.0176,0.3357
/kaggle/input/datasets/duc24kdl/sub-x-ray/sub_X-Ray/sub_NIH/00000721_000.png,,sub_NIH,00000721_000.png,ok,256x256 -> 1024x1024,4,1,39.88,38.34,9.529685,3.087019,0.9561,0.99,0.27,8.7003,38.8321,8.508895,2.917001,0.9591,0.9916,0.2785,0.2785,0.2785,8.2445,163.0843,52.2412,163.0843,52.2412,0.0918,38.8321,0.9591,8.508895,2.917001,0.4921,0.0015,-0.0085,0.4558
/kaggle/input/datasets/duc24kdl/sub-x-ray/sub_X-Ray/sub_NIH/00000721_001.png,,sub_NIH,00000721_001.png,ok,256x256 -> 1024x1024,4,1,39.75,32.8587,33.667385,5.80236,0.952,0.9899,0.2773,8.7723,33.2293,30.913393,5.559981,0.9538,0.9914,0.2822,0.2822,0.2822,8.3177,161.2456,59.1692,161.2456,59.1692,-0.0038,33.2293,0.9538,30.913393,5.559981,0.3706,0.0015,-0.005,0.4546
/kaggle/input/datasets/duc24kdl/sub-x-ray/sub_X-Ray/sub_NIH/00000725_000.png,,sub_NIH,00000725_000.png,ok,256x256 -> 1024x1024,4,1,38.69,34.2217,24.598764,4.959714,0.9599,0.9918,0.2233,8.4042,34.8965,21.058796,4.588986,0.9626,0.9932,0.2256,0.2256,0.2256,8.0545,170.8073,59.2777,170.8073,59.2777,0.1101,34.8965,0.9626,21.058796,4.588986,0.6748,0.0014,-0.0024,0.3497
/kaggle/input/datasets/duc24kdl/sub-x-ray/sub_X-Ray/sub_NIH/00000727_000.png,,sub_NIH,00000727_000.png,ok,256x256 -> 1024x1024,4,1,39.29,38.3722,9.459386,3.075612,0.9557,0.9901,0.2516,8.2342,38.5837,9.009634,3.001605,0.9583,0.9915,0.2688,0.2688,0.2688,7.9267,156.6363,54.4008,156.6363,54.4008,0.1265,38.5837,0.9583,9.009634,3.001605,0.2116,0.0015,-0.0172,0.3075
/kaggle/input/datasets/duc24kdl/sub-x-ray/sub_X-Ray/sub_NIH/00000727_003.png,,sub_NIH,00000727_003.png,ok,256x256 -> 1024x1024,4,1,39.12,36.425,14.810944,3.848499,0.9338,0.9877,0.3351,8.2936,36.6942,13.920579,3.731029,0.9362,0.989,0.3506,0.3506,0.3506,7.7295,102.8242,69.577,102.8242,69.577,0.1231,36.6942,0.9362,13.920579,3.731029,0.2693,0.0014,-0.0155,0.564
/kaggle/input/datasets/duc24kdl/sub-x-ray/sub_X-Ray/sub_NIH/00000727_009.png,,sub_NIH,00000727_009.png,ok,256x256 -> 1024x1024,4,1,39.51,39.146,7.91557,2.813462,0.9526,0.9907,0.2665,8.7351,39.3386,7.572101,2.751745,0.9544,0.9918,0.2758,0.2758,0.2758,7.9034,106.4322,70.0886,106.4322,70.0886,0.1214,39.3386,0.9544,7.572101,2.751745,0.1927,0.0011,-0.0093,0.8317
/kaggle/input/datasets/duc24kdl/sub-x-ray/sub_X-Ray/sub_NIH/00000732_006.png,,sub_NIH,00000732_006.png,ok,256x256 -> 1024x1024,4,1,39.37,37.7598,10.891693,3.300256,0.9253,0.9856,0.3617,8.1185,38.1235,10.016926,3.164953,0.9286,0.9874,0.372,0.372,0.372,7.6644,109.9455,69.2058,109.9455,69.2058,0.1188,38.1235,0.9286,10.016926,3.164953,0.3636,0.0018,-0.0103,0.4541
/kaggle/input/datasets/duc24kdl/sub-x-ray/sub_X-Ray/sub_NIH/00000733_000.png,,sub_NIH,00000733_000.png,ok,256x256 -> 1024x1024,4,1,40.04,42.1921,3.925296,1.981236,0.9627,0.9913,0.2382,8.4802,42.683,3.505771,1.87237,0.9655,0.9927,0.2501,0.2501,0.2501,8.0737,171.732,45.7844,171.732,45.7844,0.1448,42.683,0.9655,3.505771,1.87237,0.4909,0.0014,-0.0118,0.4066
/kaggle/input/datasets/duc24kdl/sub-x-ray/sub_X-Ray/sub_NIH/00000733_003.png,,sub_NIH,00000733_003.png,ok,256x256 -> 1024x1024,4,1,39.4,37.4676,11.64997,3.413205,0.9226,0.9855,0.3889,8.509,37.7396,10.942704,3.307976,0.9257,0.9872,0.4126,0.4126,0.4126,8.1202,120.2735,71.4893,120.2735,71.4893,0.0882,37.7396,0.9257,10.942704,3.307976,0.272,0.0016,-0.0238,0.3888
/kaggle/input/datasets/duc24kdl/sub-x-ray/sub_X-Ray/sub_NIH/00000739_000.png,,sub_NIH,00000739_000.png,ok,256x256 -> 1024x1024,4,1,39.12,38.5223,9.137954,3.022905,0.9342,0.9875,0.3334,8.5292,38.7906,8.590636,2.930979,0.9377,0.989,0.3473,0.3473,0.3473,8.0451,106.1534,59.6214,106.1534,59.6214,0.0849,38.7906,0.9377,8.590636,2.930979,0.2682,0.0015,-0.0139,0.4841
/kaggle/input/datasets/duc24kdl/sub-x-ray/sub_X-Ray/sub_NIH/00000740_001.png,,sub_NIH,00000740_001.png,ok,256x256 -> 1024x1024,4,1,39.11,34.9217,20.936775,4.575672,0.9672,0.9927,0.2567,8.7328,35.153,19.850902,4.455435,0.9682,0.9935,0.264,0.264,0.264,8.353,130.2766,45.7768,130.2766,45.7768,0.0765,35.153,0.9682,19.850902,4.455435,0.2313,0.0009,-0.0074,0.3798
/kaggle/input/datasets/duc24kdl/sub-x-ray/sub_X-Ray/sub_NIH/00000741_000.png,,sub_NIH,00000741_000.png,ok,256x256 -> 1024x1024,4,1,39.77,38.2296,9.775072,3.126511,0.9296,0.9871,0.3746,8.666,38.5043,9.175964,3.029185,0.9317,0.9883,0.3976,0.3976,0.3976,8.0412,127.1127,68.714,127.1127,68.714,0.0871,38.5043,0.9317,9.175964,3.029185,0.2747,0.0012,-0.0231,0.6248
/kaggle/input/datasets/duc24kdl/sub-x-ray/sub_X-Ray/sub_NIH/00000741_004.png,,sub_NIH,00000741_004.png,ok,256x256 -> 1024x1024,4,1,40.89,38.7541,8.663088,2.943312,0.9369,0.9881,0.3489,8.5242,39.0337,8.12285,2.850061,0.939,0.9893,0.3706,0.3706,0.3706,7.9796,121.9114,66.3944,121.9114,66.3944,0.1046,39.0337,0.939,8.12285,2.850061,0.2796,0.0012,-0.0218,0.5446
/kaggle/input/datasets/duc24kdl/sub-x-ray/sub_X-Ray/sub_NIH/00000742_002.png,,sub_NIH,00000742_002.png,ok,256x256 -> 1024x1024,4,1,39.62,42.1559,3.958147,1.989509,0.9634,0.9912,0.2421,8.4869,42.6817,3.506812,1.872648,0.9663,0.9926,0.2551,0.2551,0.2551,8.0875,165.9986,42.5395,165.9986,42.5395,0.1549,42.6817,0.9663,3.506812,1.872648,0.5258,0.0015,-0.013,0.3994
/kaggle/input/datasets/duc24kdl/sub-x-ray/sub_X-Ray/sub_NIH/00000744_005.png,,sub_NIH,00000744_005.png,ok,256x256 -> 1024x1024,4,1,39.08,37.3962,11.842875,3.441348,0.9247,0.986,0.3784,8.6026,37.7886,10.81973,3.289336,0.9277,0.9876,0.3962,0.3962,0.3962,7.8996,124.6575,64.2721,124.6575,64.2721,0.1153,37.7886,0.9277,10.81973,3.289336,0.3924,0.0016,-0.0178,0.7031
/kaggle/input/datasets/duc24kdl/sub-x-ray/sub_X-Ray/sub_NIH/00000744_011.png,,sub_NIH,00000744_011.png,ok,256x256 -> 1024x1024,4,1,39.14,37.4527,11.68979,3.419033,0.9266,0.9864,0.3684,8.8124,37.7127,11.010609,3.318224,0.9297,0.9879,0.3885,0.3885,0.3885,7.9847,117.9889,66.3149,117.9889,66.3149,0.0998,37.7127,0.9297,11.010609,3.318224,0.26,0.0015,-0.0201,0.8277
/kaggle/input/datasets/duc24kdl/sub-x-ray/sub_X-Ray/sub_NIH/00000746_000.png,,sub_NIH,00000746_000.png,ok,256x256 -> 1024x1024,4,1,40.04,40.5907,5.67557,2.382346,0.9445,0.9902,0.3507,9.151,40.9234,5.25704,2.292824,0.9462,0.991,0.3779,0.3779,0.3779,8.7269,124.0622,60.5727,124.0622,60.5727,0.0909,40.9234,0.9462,5.25704,2.292824,0.3327,0.0008,-0.0273,0.4242
/kaggle/input/datasets/duc24kdl/sub-x-ray/sub_X-Ray/sub_NIH/00000754_001.png,,sub_NIH,00000754_001.png,ok,256x256 -> 1024x1024,4,1,39.51,30.3762,59.630075,7.722051,0.9335,0.985,0.3017,8.002,30.7165,55.135564,7.425333,0.9355,0.987,0.2973,0.2973,0.2973,7.4736,128.7863,48.2666,128.7863,48.2666,0.1563,30.7165,0.9355,55.135564,7.425333,0.3403,0.002,0.0044,0.5284
/kaggle/input/datasets/duc24kdl/sub-x-ray/sub_X-Ray/sub_NIH/00000756_004.png,,sub_NIH,00000756_004.png,ok,256x256 -> 1024x1024,4,1,39.44,33.5844,28.486398,5.337265,0.9559,0.9903,0.2786,8.7393,34.183,24.81854,4.981821,0.9577,0.9916,0.2847,0.2847,0.2847,8.2034,165.5736,51.7775,165.5736,51.7775,0.3225,34.183,0.9577,24.81854,4.981821,0.5986,0.0013,-0.0061,0.5359
/kaggle/input/datasets/duc24kdl/sub-x-ray/sub_X-Ray/sub_NIH/00000756_005.png,,sub_NIH,00000756_005.png,ok,256x256 -> 1024x1024,4,1,39.59,34.9316,20.889365,4.570488,0.9736,0.9944,0.2216,9.3103,34.9831,20.643036,4.543461,0.9745,0.995,0.2381,0.2381,0.2381,8.7265,172.4772,37.1794,172.4772,37.1794,0.035,34.9831,0.9745,20.643036,4.543461,0.0515,0.0006,-0.0164,0.5838
/kaggle/input/datasets/duc24kdl/sub-x-ray/sub_X-Ray/sub_NIH/00000761_003.png,,sub_NIH,00000761_003.png,ok,256x256 -> 1024x1024,4,1,39.83,30.9976,51.679205,7.188825,0.9408,0.9866,0.3021,7.8652,31.2966,48.241752,6.945628,0.9438,0.9887,0.305,0.305,0.305,7.3779,111.353,62.5363,111.353,62.5363,0.1179,31.2966,0.9438,48.241752,6.945628,0.2989,0.0021,-0.0029,0.4873
/kaggle/input/datasets/duc24kdl/sub-x-ray/sub_X-Ray/sub_NIH/00000761_006.png,,sub_NIH,00000761_006.png,ok,256x256 -> 1024x1024,4,1,39.88,30.9373,52.402215,7.238937,0.9364,0.9857,0.3193,8.3657,31.193,49.405614,7.028913,0.9391,0.9877,0.3276,0.3276,0.3276,7.8271,96.3916,54.9641,96.3916,54.9641,0.1031,31.193,0.9391,49.405614,7.028913,0.2557,0.0021,-0.0083,0.5385
/kaggle/input/datasets/duc24kdl/sub-x-ray/sub_X-Ray/sub_NIH/00000761_011.png,,sub_NIH,00000761_011.png,ok,256x256 -> 1024x1024,4,1,38.94,35.6318,17.778782,4.216489,0.9699,0.9935,0.2192,8.9132,35.8337,16.971257,4.119619,0.9711,0.9943,0.2254,0.2254,0.2254,8.1327,109.8286,70.1391,109.8286,70.1391,0.0838,35.8337,0.9711,16.971257,4.119619,0.2019,0.0008,-0.0062,0.7804
/kaggle/input/datasets/duc24kdl/sub-x-ray/sub_X-Ray/sub_NIH/00000764_000.png,,sub_NIH,00000764_000.png,ok,256x256 -> 1024x1024,4,1,39.05,41.8244,4.272059,2.066896,0.9656,0.992,0.2476,8.7207,42.317,3.813971,1.952939,0.968,0.9931,0.2642,0.2642,0.2642,8.3498,173.3109,40.6567,173.3109,40.6567,0.134,42.317,0.968,3.813971,1.952939,0.4926,0.0012,-0.0165,0.3709
/kaggle/input/datasets/duc24kdl/sub-x-ray/sub_X-Ray/sub_NIH/00000766_000.png,,sub_NIH,00000766_000.png,ok,256x256 -> 1024x1024,4,1,39.82,37.8584,10.647235,3.26301,0.9589,0.9906,0.2291,8.2296,38.1788,9.890105,3.144854,0.9612,0.9919,0.2378,0.2378,0.2378,7.8969,168.5948,51.4042,168.5948,51.4042,0.052,38.1788,0.9612,9.890105,3.144854,0.3204,0.0013,-0.0088,0.3327
/kaggle/input/datasets/duc24kdl/sub-x-ray/sub_X-Ray/sub_NIH/00000766_011.png,,sub_NIH,00000766_011.png,ok,256x256 -> 1024x1024,4,1,39.16,38.3018,9.614018,3.100648,0.9258,0.9864,0.3717,8.6487,38.6127,8.949781,2.991618,0.9284,0.9878,0.3927,0.3927,0.3927,8.1971,122.3842,73.8455,122.3842,73.8455,0.0982,38.6127,0.9284,8.949781,2.991618,0.3109,0.0014,-0.0209,0.4516
/kaggle/input/datasets/duc24kdl/sub-x-ray/sub_X-Ray/sub_NIH/00000766_013.png,,sub_NIH,00000766_013.png,ok,256x256 -> 1024x1024,4,1,39.48,31.2791,48.436178,6.95961,0.9601,0.9913,0.2599,8.7045,31.4146,46.948771,6.851917,0.9612,0.9925,0.2701,0.2701,0.2701,7.9858,112.0907,62.165,112.0907,62.165,0.1002,31.4146,0.9612,46.948771,6.851917,0.1355,0.0011,-0.0103,0.7187
/kaggle/input/datasets/duc24kdl/sub-x-ray/sub_X-Ray/sub_NIH/00000766_021.png,,sub_NIH,00000766_021.png,ok,256x256 -> 1024x1024,4,1,39.21,34.7273,21.895072,4.679217,0.962,0.991,0.2494,8.1518,34.8545,21.263208,4.611205,0.9641,0.9922,0.2527,0.2527,0.2527,7.4601,111.7248,56.1482,111.7248,56.1482,0.0869,34.8545,0.9641,21.263208,4.611205,0.1272,0.0013,-0.0033,0.6918
/kaggle/input/datasets/duc24kdl/sub-x-ray/sub_X-Ray/sub_NIH/00000766_022.png,,sub_NIH,00000766_022.png,ok,256x256 -> 1024x1024,4,1,40.24,34.286,24.236902,4.923099,0.9577,0.9896,0.2496,7.944,34.4743,23.208738,4.817545,0.9599,0.9912,0.2503,0.2503,0.2503,7.5377,113.436,54.2471,113.436,54.2471,0.0934,34.4743,0.9599,23.208738,4.817545,0.1883,0.0016,-0.0008,0.4063
/kaggle/input/datasets/duc24kdl/sub-x-ray/sub_X-Ray/sub_NIH/00000772_000.png,,sub_NIH,00000772_000.png,ok,256x256 -> 1024x1024,4,1,39.05,38.9423,8.295663,2.880219,0.9395,0.9894,0.3666,8.9485,39.2052,7.808348,2.794342,0.9419,0.9904,0.3906,0.3906,0.3906,8.3839,138.5146,66.1442,138.5146,66.1442,0.0772,39.2052,0.9419,7.808348,2.794342,0.2629,0.0011,-0.024,0.5646
/kaggle/input/datasets/duc24kdl/sub-x-ray/sub_X-Ray/sub_NIH/00000772_003.png,,sub_NIH,00000772_003.png,ok,256x256 -> 1024x1024,4,1,38.94,38.7975,8.576905,2.928635,0.9399,0.9895,0.3521,8.5688,39.0467,8.098566,2.845798,0.9424,0.9905,0.3777,0.3777,0.3777,8.2437,132.026,73.3447,132.026,73.3447,0.0801,39.0467,0.9424,8.098566,2.845798,0.2492,0.001,-0.0256,0.3252
/kaggle/input/datasets/duc24kdl/sub-x-ray/sub_X-Ray/sub_NIH/00000772_005.png,,sub_NIH,00000772_005.png,ok,256x256 -> 1024x1024,4,1,40.38,33.2581,30.709168,5.541585,0.9562,0.9908,0.3484,8.8038,33.3456,30.096734,5.486049,0.9567,0.9914,0.3724,0.3724,0.3724,8.3471,126.9188,42.2114,126.9188,42.2114,0.0595,33.3456,0.9567,30.096734,5.486049,0.0875,0.0006,-0.024,0.4566
/kaggle/input/datasets/duc24kdl/sub-x-ray/sub_X-Ray/sub_NIH/00000772_009.png,,sub_NIH,00000772_009.png,ok,256x256 -> 1024x1024,4,1,39.1,30.2489,61.40261,7.835982,0.9412,0.9883,0.3554,8.7643,30.5169,57.729071,7.597965,0.9414,0.9892,0.3767,0.3767,0.3767,8.1311,125.5035,65.8223,125.5035,65.8223,0.1076,30.5169,0.9414,57.729071,7.597965,0.2679,0.0009,-0.0213,0.6332
/kaggle/input/datasets/duc24kdl/sub-x-ray/sub_X-Ray/sub_NIH/00000773_000.png,,sub_NIH,00000773_000.png,ok,256x256 -> 1024x1024,4,1,39.6,39.3958,7.473061,2.73369,0.9627,0.9914,0.2063,8.5256,40.3239,6.035114,2.456647,0.9654,0.9928,0.2079,0.2079,0.2079,8.0972,216.3054,34.1701,216.3054,34.1701,0.3904,40.3239,0.9654,6.035114,2.456647,0.9281,0.0014,-0.0015,0.4285
/kaggle/input/datasets/duc24kdl/sub-x-ray/sub_X-Ray/sub_NIH/00000776_000.png,,sub_NIH,00000776_000.png,ok,256x256 -> 1024x1024,4,1,39.34,32.1157,39.949499,6.320562,0.9399,0.9874,0.2761,8.2006,33.2433,30.814288,5.551062,0.9449,0.9894,0.2779,0.2779,0.2779,7.8911,157.2925,58.4713,157.2925,58.4713,0.2998,33.2433,0.9449,30.814288,5.551062,1.1276,0.002,-0.0018,0.3095
/kaggle/input/datasets/duc24kdl/sub-x-ray/sub_X-Ray/sub_NIH/00000781_004.png,,sub_NIH,00000781_004.png,ok,256x256 -> 1024x1024,4,1,39.88,34.2633,24.364111,4.936001,0.9622,0.9918,0.2219,8.4183,34.3412,23.930798,4.891911,0.9641,0.9929,0.227,0.227,0.227,7.9758,167.3796,62.616,167.3796,62.616,0.0531,34.3412,0.9641,23.930798,4.891911,0.0779,0.0011,-0.0051,0.4425
/kaggle/input/datasets/duc24kdl/sub-x-ray/sub_X-Ray/sub_NIH/00000781_005.png,,sub_NIH,00000781_005.png,ok,256x256 -> 1024x1024,4,1,39.27,38.7691,8.633259,2.938241,0.9286,0.9869,0.3607,8.515,38.9781,8.227466,2.868356,0.9314,0.9882,0.3831,0.3831,0.3831,8.0097,118.0471,67.9177,118.0471,67.9177,0.0789,38.9781,0.9314,8.227466,2.868356,0.2091,0.0013,-0.0224,0.5053
/kaggle/input/datasets/duc24kdl/sub-x-ray/sub_X-Ray/sub_NIH/00000781_006.png,,sub_NIH,00000781_006.png,ok,256x256 -> 1024x1024,4,1,39.18,37.7524,10.910384,3.303087,0.9408,0.9888,0.3415,8.6014,38.0992,10.072941,3.17379,0.9421,0.9899,0.3567,0.3567,0.3567,8.2668,130.5583,61.858,130.5583,61.858,0.112,38.0992,0.9421,10.072941,3.17379,0.3468,0.0011,-0.0152,0.3346
/kaggle/input/datasets/duc24kdl/sub-x-ray/sub_X-Ray/sub_NIH/00000783_000.png,,sub_NIH,00000783_000.png,ok,256x256 -> 1024x1024,4,1,39.85,31.2549,48.706738,6.979021,0.9385,0.9867,0.3057,8.4128,31.3213,47.96757,6.925862,0.9394,0.9878,0.309,0.309,0.309,7.8288,128.9135,57.2299,128.9135,57.2299,0.0734,31.3213,0.9394,47.96757,6.925862,0.0664,0.0012,-0.0033,0.5841
/kaggle/input/datasets/duc24kdl/sub-x-ray/sub_X-Ray/sub_NIH/00000783_001.png,,sub_NIH,00000783_001.png,ok,256x256 -> 1024x1024,4,1,39.0,37.5009,11.560895,3.400132,0.9414,0.9889,0.3172,8.6873,37.8632,10.63545,3.261204,0.9434,0.9901,0.329,0.329,0.329,8.2747,111.2166,65.5438,111.2166,65.5438,0.1291,37.8632,0.9434,10.63545,3.261204,0.3624,0.0013,-0.0118,0.4126
/kaggle/input/datasets/duc24kdl/sub-x-ray/sub_X-Ray/sub_NIH/00000783_002.png,,sub_NIH,00000783_002.png,ok,256x256 -> 1024x1024,4,1,39.83,30.1497,62.821392,7.925995,0.9231,0.9839,0.3217,8.1027,30.3864,59.489199,7.712924,0.9247,0.9855,0.3284,0.3284,0.3284,7.6642,142.8935,57.8716,142.8935,57.8716,0.0834,30.3864,0.9247,59.489199,7.712924,0.2367,0.0017,-0.0067,0.4384
/kaggle/input/datasets/duc24kdl/sub-x-ray/sub_X-Ray/sub_NIH/00000786_000.png,,sub_NIH,00000786_000.png,ok,256x256 -> 1024x1024,4,1,39.81,38.0788,10.120556,3.181282,0.9324,0.9874,0.3548,8.5279,38.3659,9.473137,3.077846,0.9351,0.9888,0.3737,0.3737,0.3737,8.0993,127.0384,65.5484,127.0384,65.5484,0.0841,38.3659,0.9351,9.473137,3.077846,0.2871,0.0014,-0.0189,0.4286
/kaggle/input/datasets/duc24kdl/sub-x-ray/sub_X-Ray/sub_NIH/00000787_003.png,,sub_NIH,00000787_003.png,ok,256x256 -> 1024x1024,4,1,40.14,32.0383,40.667876,6.377137,0.9792,0.9953,0.182,11.0933,32.1777,39.383565,6.275633,0.9791,0.9956,0.1977,0.1977,0.1977,9.9243,160.1215,57.5826,160.1215,57.5826,0.0908,32.1777,0.9791,39.383565,6.275633,0.1394,0.0003,-0.0157,1.1691
/kaggle/input/datasets/duc24kdl/sub-x-ray/sub_X-Ray/sub_NIH/00000787_004.png,,sub_NIH,00000787_004.png,ok,256x256 -> 1024x1024,4,1,38.7,29.7024,69.636325,8.344838,0.9697,0.9926,0.2335,10.5707,29.7224,69.316928,8.325679,0.9694,0.9929,0.2602,0.2602,0.2602,9.9728,172.0983,32.7113,172.0983,32.7113,0.0719,29.7224,0.9694,69.316928,8.325679,0.02,0.0003,-0.0266,0.5979
/kaggle/input/datasets/duc24kdl/sub-x-ray/sub_X-Ray/sub_NIH/00000789_000.png,,sub_NIH,00000789_000.png,ok,256x256 -> 1024x1024,4,1,39.3,40.404,5.924891,2.43411,0.9647,0.992,0.2073,8.1623,40.8567,5.338362,2.31049,0.9673,0.9933,0.2196,0.2196,0.2196,7.7342,157.3524,64.6005,157.3524,64.6005,0.1325,40.8567,0.9673,5.338362,2.31049,0.4527,0.0013,-0.0123,0.4281
/kaggle/input/datasets/duc24kdl/sub-x-ray/sub_X-Ray/sub_NIH/00000792_001.png,,sub_NIH,00000792_001.png,ok,256x256 -> 1024x1024,4,1,38.97,38.4739,9.240429,3.039807,0.9405,0.989,0.3164,8.7038,38.8712,8.432608,2.903895,0.9425,0.9901,0.3334,0.3334,0.3334,8.277,132.8026,65.9316,132.8026,65.9316,0.1083,38.8712,0.9425,8.432608,2.903895,0.3973,0.001,-0.017,0.4267
/kaggle/input/datasets/duc24kdl/sub-x-ray/sub_X-Ray/sub_NIH/00000796_000.png,,sub_NIH,00000796_000.png,ok,256x256 -> 1024x1024,4,1,39.92,37.5282,11.488451,3.389462,0.9174,0.9847,0.3904,8.3987,37.7244,10.98097,3.313755,0.9198,0.986,0.4122,0.4122,0.4122,7.9916,128.4271,71.9542,128.4271,71.9542,0.0792,37.7244,0.9198,10.98097,3.313755,0.1962,0.0013,-0.0218,0.4071
/kaggle/input/datasets/duc24kdl/sub-x-ray/sub_X-Ray/sub_NIH/00000796_005.png,,sub_NIH,00000796_005.png,ok,256x256 -> 1024x1024,4,1,38.87,31.2028,49.294878,7.021031,0.9617,0.9914,0.2149,8.3025,31.216,49.145478,7.010384,0.9621,0.9923,0.218,0.218,0.218,7.9448,150.6401,69.6522,150.6401,69.6522,0.0415,31.216,0.9621,49.145478,7.010384,0.0132,0.0009,-0.0031,0.3576
/kaggle/input/datasets/duc24kdl/sub-x-ray/sub_X-Ray/sub_NIH/00000797_003.png,,sub_NIH,00000797_003.png,ok,256x256 -> 1024x1024,4,1,39.01,31.0909,50.581024,7.112034,0.9517,0.9895,0.3312,8.3971,31.3112,48.079798,6.93396,0.9519,0.9903,0.3532,0.3532,0.3532,8.1013,118.2983,56.7779,118.2983,56.7779,0.0915,31.3112,0.9519,48.079798,6.93396,0.2202,0.0008,-0.0221,0.2958
/kaggle/input/datasets/duc24kdl/sub-x-ray/sub_X-Ray/sub_NIH/00000797_004.png,,sub_NIH,00000797_004.png,ok,256x256 -> 1024x1024,4,1,39.31,30.6557,55.912176,7.477444,0.9438,0.9879,0.333,8.5444,30.8419,53.56577,7.318864,0.9441,0.989,0.3525,0.3525,0.3525,8.0319,114.0893,52.1855,114.0893,52.1855,0.1407,30.8419,0.9441,53.56577,7.318864,0.1862,0.0011,-0.0195,0.5125
/kaggle/input/datasets/duc24kdl/sub-x-ray/sub_X-Ray/sub_NIH/00000798_001.png,,sub_NIH,00000798_001.png,ok,256x256 -> 1024x1024,4,1,39.43,35.3215,19.095475,4.369837,0.9557,0.9903,0.2409,8.4079,35.6277,17.795665,4.218491,0.9572,0.9915,0.2494,0.2494,0.2494,8.0107,156.6287,60.7064,156.6287,60.7064,0.1418,35.6277,0.9572,17.795665,4.218491,0.3062,0.0012,-0.0085,0.3972
/kaggle/input/datasets/duc24kdl/sub-x-ray/sub_X-Ray/sub_NIH/00000798_005.png,,sub_NIH,00000798_005.png,ok,256x256 -> 1024x1024,4,1,39.49,37.0544,12.81274,3.579489,0.9346,0.9875,0.3259,8.5073,37.6077,11.280052,3.358579,0.9365,0.9889,0.3376,0.3376,0.3376,7.9349,108.2063,67.9423,108.2063,67.9423,0.1495,37.6077,0.9365,11.280052,3.358579,0.5533,0.0014,-0.0117,0.5724
/kaggle/input/datasets/duc24kdl/sub-x-ray/sub_X-Ray/sub_NIH/00000798_022.png,,sub_NIH,00000798_022.png,ok,256x256 -> 1024x1024,4,1,40.15,31.4395,46.680153,6.832288,0.9536,0.9882,0.2791,8.3031,31.7099,43.861733,6.622819,0.9563,0.9903,0.2751,0.2751,0.2751,8.1592,116.176,48.2733,116.176,48.2733,0.1403,31.7099,0.9563,43.861733,6.622819,0.2705,0.0021,0.004,0.1439
/kaggle/input/datasets/duc24kdl/sub-x-ray/sub_X-Ray/sub_NIH/00000798_023.png,,sub_NIH,00000798_023.png,ok,256x256 -> 1024x1024,4,1,39.44,32.1813,39.350235,6.272977,0.9552,0.9893,0.2747,8.206,32.3549,37.808487,6.148861,0.9575,0.9908,0.2732,0.2732,0.2732,7.8763,111.8553,54.6171,111.8553,54.6171,0.0963,32.3549,0.9575,37.808487,6.148861,0.1736,0.0015,0.0015,0.3297
/kaggle/input/datasets/duc24kdl/sub-x-ray/sub_X-Ray/sub_NIH/00000798_028.png,,sub_NIH,00000798_028.png,ok,256x256 -> 1024x1024,4,1,39.65,34.5258,22.935126,4.789063,0.9586,0.9903,0.2787,8.5588,34.6864,22.102194,4.701297,0.9607,0.9916,0.278,0.278,0.278,8.0446,120.1166,50.1166,120.1166,50.1166,0.0835,34.6864,0.9607,22.102194,4.701297,0.1607,0.0013,0.0007,0.5142
/kaggle/input/datasets/duc24kdl/sub-x-ray/sub_X-Ray/sub_NIH/00000798_034.png,,sub_NIH,00000798_034.png,ok,256x256 -> 1024x1024,4,1,39.08,33.0604,32.139778,5.669196,0.9606,0.9907,0.2836,8.66,33.1586,31.420755,5.605422,0.9627,0.992,0.2897,0.2897,0.2897,8.1373,123.8472,44.3088,123.8472,44.3088,0.0826,33.1586,0.9627,31.420755,5.605422,0.0983,0.0013,-0.0061,0.5227
/kaggle/input/datasets/duc24kdl/sub-x-ray/sub_X-Ray/sub_NIH/00000798_036.png,,sub_NIH,00000798_036.png,ok,256x256 -> 1024x1024,4,1,39.13,32.3188,38.124266,6.174485,0.9561,0.9901,0.2857,8.3827,32.5525,36.126666,6.010546,0.9583,0.9918,0.2904,0.2904,0.2904,8.0555,118.0819,49.8007,118.0819,49.8007,0.1077,32.5525,0.9583,36.126666,6.010546,0.2337,0.0016,-0.0047,0.3272
/kaggle/input/datasets/duc24kdl/sub-x-ray/sub_X-Ray/sub_NIH/00000798_040.png,,sub_NIH,00000798_040.png,ok,256x256 -> 1024x1024,4,1,39.41,31.7936,43.024827,6.559331,0.9557,0.9892,0.2704,8.1046,32.0199,40.840432,6.390652,0.9585,0.9909,0.266,0.266,0.266,7.793,108.4344,56.4578,108.4344,56.4578,0.0959,32.0199,0.9585,40.840432,6.390652,0.2263,0.0017,0.0044,0.3116
/kaggle/input/datasets/duc24kdl/sub-x-ray/sub_X-Ray/sub_NIH/00000805_000.png,,sub_NIH,00000805_000.png,ok,256x256 -> 1024x1024,4,1,40.1,37.969,10.379596,3.221738,0.9338,0.9881,0.361,8.9386,38.2212,9.793962,3.129531,0.9366,0.9892,0.3804,0.3804,0.3804,8.2312,113.9332,67.7763,113.9332,67.7763,0.0915,38.2212,0.9366,9.793962,3.129531,0.2522,0.0012,-0.0194,0.7074
/kaggle/input/datasets/duc24kdl/sub-x-ray/sub_X-Ray/sub_NIH/00000805_001.png,,sub_NIH,00000805_001.png,ok,256x256 -> 1024x1024,4,1,38.97,41.6198,4.478155,2.116165,0.9617,0.9919,0.3075,9.0105,41.8805,4.217306,2.053608,0.9637,0.9928,0.3314,0.3314,0.3314,8.5963,106.2085,35.5241,106.2085,35.5241,0.0998,41.8805,0.9637,4.217306,2.053608,0.2606,0.0009,-0.0239,0.4141
/kaggle/input/datasets/duc24kdl/sub-x-ray/sub_X-Ray/sub_NIH/00000805_002.png,,sub_NIH,00000805_002.png,ok,256x256 -> 1024x1024,4,1,39.91,38.1169,10.03196,3.167327,0.93,0.9874,0.382,8.7702,38.42,9.355782,3.058722,0.9321,0.9886,0.4028,0.4028,0.4028,8.2113,124.4335,62.3331,124.4335,62.3331,0.1067,38.42,0.9321,9.355782,3.058722,0.3031,0.0012,-0.0208,0.5589
/kaggle/input/datasets/duc24kdl/sub-x-ray/sub_X-Ray/sub_NIH/00000806_000.png,,sub_NIH,00000806_000.png,ok,256x256 -> 1024x1024,4,1,39.17,43.1522,3.146713,1.773898,0.9841,0.9962,0.1622,10.7282,43.6621,2.798129,1.672761,0.9855,0.9967,0.1886,0.1886,0.1886,10.0092,169.1235,39.6651,169.1235,39.6651,0.2314,43.6621,0.9855,2.798129,1.672761,0.5099,0.0005,-0.0264,0.719
/kaggle/input/datasets/duc24kdl/sub-x-ray/sub_X-Ray/sub_NIH/00000807_000.png,,sub_NIH,00000807_000.png,ok,256x256 -> 1024x1024,4,1,39.02,43.0099,3.25152,1.803197,0.9686,0.9924,0.2087,8.51,43.4461,2.940836,1.714887,0.9711,0.9936,0.2224,0.2224,0.2224,8.2604,167.7974,45.2268,167.7974,45.2268,0.1251,43.4461,0.9711,2.940836,1.714887,0.4362,0.0011,-0.0136,0.2496
/kaggle/input/datasets/duc24kdl/sub-x-ray/sub_X-Ray/sub_NIH/00000808_007.png,,sub_NIH,00000808_007.png,ok,256x256 -> 1024x1024,4,1,40.25,32.205,39.136151,6.255889,0.9721,0.9936,0.2391,9.3511,32.2187,39.012973,6.246037,0.9726,0.9941,0.2546,0.2546,0.2546,8.7034,121.94,52.6424,121.94,52.6424,0.035,32.2187,0.9726,39.012973,6.246037,0.0137,0.0005,-0.0155,0.6477
/kaggle/input/datasets/duc24kdl/sub-x-ray/sub_X-Ray/sub_NIH/00000808_008.png,,sub_NIH,00000808_008.png,ok,256x256 -> 1024x1024,4,1,39.15,37.5195,11.511393,3.392844,0.9767,0.9947,0.2338,9.7302,37.6268,11.23066,3.351218,0.9781,0.9954,0.2483,0.2483,0.2483,9.0987,121.6036,49.1002,121.6036,49.1002,0.0521,37.6268,0.9781,11.23066,3.351218,0.1072,0.0007,-0.0145,0.6314
/kaggle/input/datasets/duc24kdl/sub-x-ray/sub_X-Ray/sub_NIH/00000808_009.png,,sub_NIH,00000808_009.png,ok,256x256 -> 1024x1024,4,1,38.89,33.7459,27.446472,5.238938,0.9683,0.9921,0.2468,9.2921,33.8471,26.814595,5.178281,0.9693,0.9931,0.2596,0.2596,0.2596,8.7635,112.956,49.7378,112.956,49.7378,0.0725,33.8471,0.9693,26.814595,5.178281,0.1012,0.001,-0.0128,0.5285
/kaggle/input/datasets/duc24kdl/sub-x-ray/sub_X-Ray/sub_NIH/00000808_010.png,,sub_NIH,00000808_010.png,ok,256x256 -> 1024x1024,4,1,39.18,32.5643,36.028522,6.002376,0.967,0.9929,0.2692,9.5063,32.7608,34.435231,5.868154,0.968,0.9936,0.2897,0.2897,0.2897,8.9376,112.9358,51.6008,112.9358,51.6008,0.0916,32.7608,0.968,34.435231,5.868154,0.1964,0.0007,-0.0205,0.5687
/kaggle/input/datasets/duc24kdl/sub-x-ray/sub_X-Ray/sub_NIH/00000808_013.png,,sub_NIH,00000808_013.png,ok,256x256 -> 1024x1024,4,1,39.82,32.3122,38.181941,6.179154,0.971,0.9928,0.2192,8.8562,32.4224,37.225143,6.101241,0.972,0.9936,0.2341,0.2341,0.2341,8.0645,159.3165,45.0652,159.3165,45.0652,0.0784,32.4224,0.972,37.225143,6.101241,0.1102,0.0008,-0.0149,0.7917
/kaggle/input/datasets/duc24kdl/sub-x-ray/sub_X-Ray/sub_NIH/00000809_000.png,,sub_NIH,00000809_000.png,ok,256x256 -> 1024x1024,4,1,39.62,38.6518,8.869526,2.978175,0.9255,0.9859,0.3683,8.7246,38.8837,8.408395,2.899723,0.9285,0.9874,0.3871,0.3871,0.3871,8.2416,114.2085,61.0999,114.2085,61.0999,0.0847,38.8837,0.9285,8.408395,2.899723,0.2319,0.0015,-0.0188,0.483
/kaggle/input/datasets/duc24kdl/sub-x-ray/sub_X-Ray/sub_NIH/00000809_004.png,,sub_NIH,00000809_004.png,ok,256x256 -> 1024x1024,4,1,38.91,38.1011,10.068744,3.173128,0.9314,0.9872,0.3573,8.4438,38.486,9.214727,3.035577,0.9345,0.9886,0.3751,0.3751,0.3751,8.1035,121.3276,63.8468,121.3276,63.8468,0.1092,38.486,0.9345,9.214727,3.035577,0.3849,0.0014,-0.0178,0.3403
/kaggle/input/datasets/duc24kdl/sub-x-ray/sub_X-Ray/sub_NIH/00000812_000.png,,sub_NIH,00000812_000.png,ok,256x256 -> 1024x1024,4,1,39.42,38.6053,8.964925,2.994148,0.94,0.9887,0.2969,8.3342,38.7316,8.708029,2.950937,0.9417,0.9899,0.3099,0.3099,0.3099,7.6688,101.6044,70.3219,101.6044,70.3219,0.1176,38.7316,0.9417,8.708029,2.950937,0.1263,0.0012,-0.0131,0.6654
/kaggle/input/datasets/duc24kdl/sub-x-ray/sub_X-Ray/sub_NIH/00000817_001.png,,sub_NIH,00000817_001.png,ok,256x256 -> 1024x1024,4,1,39.37,38.8263,8.520198,2.918938,0.9319,0.988,0.3554,8.9283,39.1338,7.937786,2.817408,0.934,0.989,0.3783,0.3783,0.3783,8.388,122.6845,69.1101,122.6845,69.1101,0.1093,39.1338,0.934,7.937786,2.817408,0.3075,0.001,-0.0229,0.5403
/kaggle/input/datasets/duc24kdl/sub-x-ray/sub_X-Ray/sub_NIH/00000820_000.png,,sub_NIH,00000820_000.png,ok,256x256 -> 1024x1024,4,1,39.03,34.7731,21.665613,4.654634,0.9677,0.9926,0.2721,8.8181,35.0769,20.201807,4.494642,0.969,0.9936,0.2934,0.2934,0.2934,8.2798,141.2006,49.8591,141.2006,49.8591,0.1394,35.0769,0.969,20.201807,4.494642,0.3038,0.001,-0.0213,0.5383
/kaggle/input/datasets/duc24kdl/sub-x-ray/sub_X-Ray/sub_NIH/00000820_002.png,,sub_NIH,00000820_002.png,ok,256x256 -> 1024x1024,4,1,39.91,35.7579,17.269768,4.155691,0.9678,0.9925,0.2714,9.1206,36.0656,16.088833,4.011089,0.9697,0.9937,0.286,0.286,0.286,8.5041,143.6195,41.0313,143.6195,41.0313,0.1857,36.0656,0.9697,16.088833,4.011089,0.3076,0.0012,-0.0146,0.6166
/kaggle/input/datasets/duc24kdl/sub-x-ray/sub_X-Ray/sub_NIH/00000820_003.png,,sub_NIH,00000820_003.png,ok,256x256 -> 1024x1024,4,1,39.64,34.0994,25.301291,5.030039,0.9648,0.9921,0.2775,8.8413,34.33,23.992561,4.89822,0.966,0.9931,0.2943,0.2943,0.2943,8.4235,146.9507,45.1161,146.9507,45.1161,0.0869,34.33,0.966,23.992561,4.89822,0.2307,0.001,-0.0168,0.4178
/kaggle/input/datasets/duc24kdl/sub-x-ray/sub_X-Ray/sub_NIH/00000820_004.png,,sub_NIH,00000820_004.png,ok,256x256 -> 1024x1024,4,1,39.84,34.7184,21.94044,4.684062,0.9539,0.9898,0.3097,8.6798,34.9886,20.616685,4.54056,0.9559,0.9911,0.3246,0.3246,0.3246,8.1656,141.679,44.5605,141.679,44.5605,0.0814,34.9886,0.9559,20.616685,4.54056,0.2703,0.0014,-0.0149,0.5143
/kaggle/input/datasets/duc24kdl/sub-x-ray/sub_X-Ray/sub_NIH/00000820_015.png,,sub_NIH,00000820_015.png,ok,256x256 -> 1024x1024,4,1,39.04,30.3415,60.108016,7.752936,0.9528,0.9891,0.2776,8.2854,30.5367,57.465717,7.580615,0.9545,0.9907,0.2812,0.2812,0.2812,7.8262,113.7721,54.6059,113.7721,54.6059,0.1017,30.5367,0.9545,57.465717,7.580615,0.1952,0.0016,-0.0036,0.4591
/kaggle/input/datasets/duc24kdl/sub-x-ray/sub_X-Ray/sub_NIH/00000820_020.png,,sub_NIH,00000820_020.png,ok,256x256 -> 1024x1024,4,1,39.58,38.6995,8.77256,2.961851,0.9229,0.9855,0.3671,8.65,39.0095,8.168198,2.858006,0.9261,0.9871,0.3857,0.3857,0.3857,8.2261,104.1112,67.4397,104.1112,67.4397,0.0982,39.0095,0.9261,8.168198,2.858006,0.31,0.0016,-0.0186,0.4239
/kaggle/input/datasets/duc24kdl/sub-x-ray/sub_X-Ray/sub_NIH/00000820_023.png,,sub_NIH,00000820_023.png,ok,256x256 -> 1024x1024,4,1,39.26,34.4915,23.117016,4.808016,0.966,0.9921,0.2656,8.9115,34.67,22.186131,4.710216,0.9678,0.9932,0.2773,0.2773,0.2773,8.4349,155.9025,46.8644,155.9025,46.8644,0.0776,34.67,0.9678,22.186131,4.710216,0.1785,0.0011,-0.0118,0.4766
/kaggle/input/datasets/duc24kdl/sub-x-ray/sub_X-Ray/sub_NIH/00000820_024.png,,sub_NIH,00000820_024.png,ok,256x256 -> 1024x1024,4,1,38.82,31.0114,51.516312,7.177486,0.9632,0.9915,0.2715,8.8775,31.0915,50.574919,7.111605,0.9637,0.9924,0.2826,0.2826,0.2826,8.5225,154.8623,47.9959,154.8623,47.9959,0.0857,31.0915,0.9637,50.574919,7.111605,0.0801,0.0009,-0.0111,0.355
/kaggle/input/datasets/duc24kdl/sub-x-ray/sub_X-Ray/sub_NIH/00000820_029.png,,sub_NIH,00000820_029.png,ok,256x256 -> 1024x1024,4,1,39.32,34.4724,23.218992,4.818609,0.9617,0.9908,0.3097,8.7979,34.5959,22.568041,4.750583,0.964,0.9921,0.3243,0.3243,0.3243,8.3774,118.2744,38.3798,118.2744,38.3798,0.0772,34.5959,0.964,22.568041,4.750583,0.1235,0.0013,-0.0146,0.4205
/kaggle/input/datasets/duc24kdl/sub-x-ray/sub_X-Ray/sub_NIH/00000822_000.png,,sub_NIH,00000822_000.png,ok,256x256 -> 1024x1024,4,1,39.4,42.2407,3.881628,1.970185,0.9754,0.9945,0.1567,8.76,42.4371,3.709986,1.926132,0.977,0.9952,0.1717,0.1717,0.1717,8.125,169.7913,67.5608,169.7913,67.5608,0.1232,42.4371,0.977,3.709986,1.926132,0.1964,0.0007,-0.0151,0.6349
/kaggle/input/datasets/duc24kdl/sub-x-ray/sub_X-Ray/sub_NIH/00000823_004.png,,sub_NIH,00000823_004.png,ok,256x256 -> 1024x1024,4,1,40.35,39.2438,7.739328,2.781965,0.9484,0.9907,0.3149,8.6966,39.6132,7.108131,2.666108,0.9506,0.9917,0.3344,0.3344,0.3344,8.2765,110.1896,71.8863,110.1896,71.8863,0.125,39.6132,0.9506,7.108131,2.666108,0.3695,0.001,-0.0195,0.4201
/kaggle/input/datasets/duc24kdl/sub-x-ray/sub_X-Ray/sub_NIH/00000827_001.png,,sub_NIH,00000827_001.png,ok,256x256 -> 1024x1024,4,1,39.94,38.5738,9.030272,3.005041,0.9362,0.9883,0.3624,8.7913,38.6844,8.803128,2.967007,0.9388,0.9895,0.3885,0.3885,0.3885,8.2641,113.8929,61.2125,113.8929,61.2125,0.1026,38.6844,0.9388,8.803128,2.967007,0.1106,0.0012,-0.0261,0.5272
/kaggle/input/datasets/duc24kdl/sub-x-ray/sub_X-Ray/sub_NIH/00000827_004.png,,sub_NIH,00000827_004.png,ok,256x256 -> 1024x1024,4,1,38.88,31.7362,43.597706,6.602856,0.967,0.9922,0.2105,9.2693,32.1942,39.233927,6.263699,0.9689,0.9936,0.2061,0.2061,0.2061,8.4799,141.8695,62.8104,141.8695,62.8104,0.2527,32.1942,0.9689,39.233927,6.263699,0.458,0.0014,0.0043,0.7893
/kaggle/input/datasets/duc24kdl/sub-x-ray/sub_X-Ray/sub_NIH/00000827_005.png,,sub_NIH,00000827_005.png,ok,256x256 -> 1024x1024,4,1,39.88,36.8622,13.392416,3.659565,0.9415,0.9893,0.3231,8.7108,37.281,12.161178,3.487288,0.943,0.9903,0.3411,0.3411,0.3411,8.1448,110.2837,70.9738,110.2837,70.9738,0.0761,37.281,0.943,12.161178,3.487288,0.4188,0.001,-0.018,0.566
/kaggle/input/datasets/duc24kdl/sub-x-ray/sub_X-Ray/sub_NIH/00000827_015.png,,sub_NIH,00000827_015.png,ok,256x256 -> 1024x1024,4,1,40.06,37.6601,11.144813,3.338385,0.9258,0.9862,0.3717,8.4937,37.9078,10.526995,3.244533,0.9281,0.9876,0.3884,0.3884,0.3884,7.9257,119.7781,67.9111,119.7781,67.9111,0.1191,37.9078,0.9281,10.526995,3.244533,0.2477,0.0014,-0.0167,0.5679
/kaggle/input/datasets/duc24kdl/sub-x-ray/sub_X-Ray/sub_NIH/00000827_017.png,,sub_NIH,00000827_017.png,ok,256x256 -> 1024x1024,4,1,39.32,37.8945,10.559223,3.249496,0.929,0.987,0.3595,8.3007,38.1043,10.061302,3.171955,0.9311,0.9884,0.3794,0.3794,0.3794,7.8897,107.6389,69.8991,107.6389,69.8991,0.0956,38.1043,0.9311,10.061302,3.171955,0.2098,0.0013,-0.0199,0.411
/kaggle/input/datasets/duc24kdl/sub-x-ray/sub_X-Ray/sub_NIH/00000827_019.png,,sub_NIH,00000827_019.png,ok,256x256 -> 1024x1024,4,1,39.28,37.4988,11.566331,3.400931,0.9293,0.987,0.3745,8.6051,37.7991,10.793778,3.285389,0.9316,0.9884,0.3978,0.3978,0.3978,8.227,122.3147,65.5462,122.3147,65.5462,0.117,37.7991,0.9316,10.793778,3.285389,0.3002,0.0014,-0.0233,0.378
/kaggle/input/datasets/duc24kdl/sub-x-ray/sub_X-Ray/sub_NIH/00000827_020.png,,sub_NIH,00000827_020.png,ok,256x256 -> 1024x1024,4,1,39.49,37.6866,11.076908,3.328199,0.9293,0.9871,0.3552,8.6434,37.7893,10.81803,3.289077,0.9308,0.9883,0.3754,0.3754,0.3754,8.3272,114.0779,67.4322,114.0779,67.4322,0.1075,37.7893,0.9308,10.81803,3.289077,0.1027,0.0013,-0.0202,0.3162
/kaggle/input/datasets/duc24kdl/sub-x-ray/sub_X-Ray/sub_NIH/00000830_002.png,,sub_NIH,00000830_002.png,ok,256x256 -> 1024x1024,4,1,39.25,29.9933,65.125342,8.070027,0.9603,0.9916,0.3027,9.0718,30.0956,63.609733,7.975571,0.9591,0.9918,0.3305,0.3305,0.3305,8.6822,123.6382,66.0797,123.6382,66.0797,0.082,30.0956,0.9591,63.609733,7.975571,0.1023,0.0002,-0.0278,0.3896
/kaggle/input/datasets/duc24kdl/sub-x-ray/sub_X-Ray/sub_NIH/00000832_007.png,,sub_NIH,00000832_007.png,ok,256x256 -> 1024x1024,4,1,39.87,38.9578,8.266059,2.875076,0.9611,0.9914,0.229,8.3308,39.5517,7.209595,2.685069,0.964,0.9928,0.2425,0.2425,0.2425,7.976,152.4377,53.1665,152.4377,53.1665,0.1065,39.5517,0.964,7.209595,2.685069,0.5939,0.0014,-0.0135,0.3548
/kaggle/input/datasets/duc24kdl/sub-x-ray/sub_X-Ray/sub_NIH/00000832_010.png,,sub_NIH,00000832_010.png,ok,256x256 -> 1024x1024,4,1,39.34,38.6482,8.876954,2.979422,0.9417,0.9893,0.3189,8.5778,38.9204,8.337675,2.887503,0.9438,0.9906,0.3348,0.3348,0.3348,8.1328,108.6617,69.0992,108.6617,69.0992,0.11,38.9204,0.9438,8.337675,2.887503,0.2722,0.0012,-0.0159,0.445
/kaggle/input/datasets/duc24kdl/sub-x-ray/sub_X-Ray/sub_NIH/00000833_001.png,,sub_NIH,00000833_001.png,ok,256x256 -> 1024x1024,4,1,39.28,34.3057,24.127386,4.911964,0.9627,0.9916,0.2548,8.6789,34.4201,23.50028,4.847709,0.9644,0.9927,0.2655,0.2655,0.2655,8.1704,162.5804,57.506,162.5804,57.506,0.0671,34.4201,0.9644,23.50028,4.847709,0.1144,0.0011,-0.0107,0.5084
/kaggle/input/datasets/duc24kdl/sub-x-ray/sub_X-Ray/sub_NIH/00000834_001.png,,sub_NIH,00000834_001.png,ok,256x256 -> 1024x1024,4,1,40.25,42.013,4.090497,2.022498,0.9532,0.9897,0.3165,8.781,42.3434,3.79089,1.947021,0.9556,0.9908,0.3322,0.3322,0.3322,8.5138,110.5753,30.3161,110.5753,30.3161,0.0914,42.3434,0.9556,3.79089,1.947021,0.3303,0.0011,-0.0157,0.2672
/kaggle/input/datasets/duc24kdl/sub-x-ray/sub_X-Ray/sub_NIH/00000840_000.png,,sub_NIH,00000840_000.png,ok,256x256 -> 1024x1024,4,1,39.45,32.4028,37.394156,6.115076,0.9486,0.9891,0.2791,8.6036,32.8774,33.522929,5.789899,0.9507,0.9903,0.2832,0.2832,0.2832,8.2747,158.0864,61.8417,158.0864,61.8417,0.0334,32.8774,0.9507,33.522929,5.789899,0.4746,0.0012,-0.004,0.3289
/kaggle/input/datasets/duc24kdl/sub-x-ray/sub_X-Ray/sub_NIH/00000842_000.png,,sub_NIH,00000842_000.png,ok,256x256 -> 1024x1024,4,1,40.08,36.9108,13.243361,3.639143,0.9659,0.9922,0.2255,8.6335,37.0612,12.792743,3.576694,0.968,0.9933,0.2301,0.2301,0.2301,8.3422,173.8042,56.926,173.8042,56.926,0.0868,37.0612,0.968,12.792743,3.576694,0.1503,0.0011,-0.0045,0.2913
/kaggle/input/datasets/duc24kdl/sub-x-ray/sub_X-Ray/sub_NIH/00000843_000.png,,sub_NIH,00000843_000.png,ok,256x256 -> 1024x1024,4,1,39.45,39.9551,6.570021,2.563205,0.9538,0.99,0.305,8.5262,40.3428,6.008978,2.451322,0.9568,0.9915,0.3245,0.3245,0.3245,8.0877,161.5178,48.5456,161.5178,48.5456,0.1547,40.3428,0.9568,6.008978,2.451322,0.3877,0.0015,-0.0195,0.4385
/kaggle/input/datasets/duc24kdl/sub-x-ray/sub_X-Ray/sub_NIH/00000844_000.png,,sub_NIH,00000844_000.png,ok,256x256 -> 1024x1024,4,1,39.43,35.1424,19.899624,4.460899,0.9694,0.9939,0.271,9.4763,35.2198,19.547919,4.421303,0.9702,0.9945,0.2913,0.2913,0.2913,9.021,123.3473,54.9617,123.3473,54.9617,0.047,35.2198,0.9702,19.547919,4.421303,0.0774,0.0005,-0.0203,0.4552
/kaggle/input/datasets/duc24kdl/sub-x-ray/sub_X-Ray/sub_NIH/00000845_001.png,,sub_NIH,00000845_001.png,ok,256x256 -> 1024x1024,4,1,38.88,42.5011,3.655666,1.911979,0.9597,0.9913,0.3045,8.8798,42.8257,3.392433,1.841856,0.9623,0.9923,0.326,0.326,0.326,8.5023,107.0318,34.7586,107.0318,34.7586,0.0888,42.8257,0.9623,3.392433,1.841856,0.3246,0.001,-0.0215,0.3776
/kaggle/input/datasets/duc24kdl/sub-x-ray/sub_X-Ray/sub_NIH/00000847_001.png,,sub_NIH,00000847_001.png,ok,256x256 -> 1024x1024,4,1,39.79,33.1678,31.3547,5.599527,0.9596,0.9912,0.2428,8.6668,33.4069,29.674862,5.447464,0.9614,0.9923,0.2471,0.2471,0.2471,8.1858,166.924,57.5947,166.924,57.5947,-0.0021,33.4069,0.9614,29.674862,5.447464,0.2391,0.001,-0.0043,0.481
/kaggle/input/datasets/duc24kdl/sub-x-ray/sub_X-Ray/sub_NIH/00000857_001.png,,sub_NIH,00000857_001.png,ok,256x256 -> 1024x1024,4,1,39.36,34.7568,21.747217,4.663391,0.9784,0.9953,0.2145,9.8816,34.8296,21.385364,4.624431,0.9792,0.9958,0.2335,0.2335,0.2335,9.0859,159.704,45.1637,159.704,45.1637,0.0596,34.8296,0.9792,21.385364,4.624431,0.0729,0.0005,-0.0189,0.7957
/kaggle/input/datasets/duc24kdl/sub-x-ray/sub_X-Ray/sub_NIH/00000857_003.png,,sub_NIH,00000857_003.png,ok,256x256 -> 1024x1024,4,1,39.06,39.0729,8.04989,2.837233,0.9319,0.9879,0.3607,8.6394,39.3386,7.572143,2.751753,0.9354,0.9892,0.3806,0.3806,0.3806,8.3243,126.4389,71.3331,126.4389,71.3331,0.0828,39.3386,0.9354,7.572143,2.751753,0.2657,0.0013,-0.0199,0.3151
/kaggle/input/datasets/duc24kdl/sub-x-ray/sub_X-Ray/sub_NIH/00000857_009.png,,sub_NIH,00000857_009.png,ok,256x256 -> 1024x1024,4,1,38.89,30.7318,54.940866,7.412211,0.9343,0.9871,0.3838,8.4225,30.9193,52.619429,7.253925,0.9347,0.988,0.4072,0.4072,0.4072,7.8737,142.5309,50.6795,142.5309,50.6795,0.1187,30.9193,0.9347,52.619429,7.253925,0.1875,0.0009,-0.0234,0.5488
/kaggle/input/datasets/duc24kdl/sub-x-ray/sub_X-Ray/sub_NIH/00000859_001.png,,sub_NIH,00000859_001.png,ok,256x256 -> 1024x1024,4,1,39.27,33.98,26.006254,5.099633,0.9514,0.9889,0.2427,8.3693,34.6033,22.5295,4.746525,0.9551,0.9911,0.229,0.229,0.229,7.7753,153.343,62.5141,153.343,62.5141,0.1597,34.6033,0.9551,22.5295,4.746525,0.6233,0.0021,0.0137,0.594
/kaggle/input/datasets/duc24kdl/sub-x-ray/sub_X-Ray/sub_NIH/00000860_001.png,,sub_NIH,00000860_001.png,ok,256x256 -> 1024x1024,4,1,39.91,32.591,35.807928,5.983973,0.9605,0.9911,0.2551,8.6452,32.6641,35.210708,5.933861,0.9616,0.9921,0.2617,0.2617,0.2617,8.1707,170.8798,51.6674,170.8798,51.6674,0.0402,32.6641,0.9616,35.210708,5.933861,0.073,0.001,-0.0066,0.4745
/kaggle/input/datasets/duc24kdl/sub-x-ray/sub_X-Ray/sub_NIH/00000865_000.png,,sub_NIH,00000865_000.png,ok,256x256 -> 1024x1024,4,1,39.95,29.8881,66.721904,8.168348,0.9444,0.9872,0.3052,8.4109,30.0909,63.678453,7.979878,0.9458,0.9889,0.3229,0.3229,0.3229,8.1278,131.0996,54.2029,131.0996,54.2029,0.1294,30.0909,0.9458,63.678453,7.979878,0.2028,0.0016,-0.0178,0.2831
/kaggle/input/datasets/duc24kdl/sub-x-ray/sub_X-Ray/sub_NIH/00000865_009.png,,sub_NIH,00000865_009.png,ok,256x256 -> 1024x1024,4,1,39.79,31.1181,50.265154,7.089792,0.965,0.9923,0.2338,8.8518,31.1466,49.936931,7.066607,0.9659,0.9931,0.2428,0.2428,0.2428,8.2446,176.4161,54.2325,176.4161,54.2325,0.0336,31.1466,0.9659,49.936931,7.066607,0.0285,0.0008,-0.009,0.6072
/kaggle/input/datasets/duc24kdl/sub-x-ray/sub_X-Ray/sub_NIH/00000865_011.png,,sub_NIH,00000865_011.png,ok,256x256 -> 1024x1024,4,1,40.07,37.6043,11.288956,3.359904,0.931,0.9877,0.3798,8.8114,37.8504,10.666902,3.266022,0.9341,0.989,0.4069,0.4069,0.4069,8.3574,136.8769,64.7337,136.8769,64.7337,0.0914,37.8504,0.9341,10.666902,3.266022,0.2462,0.0013,-0.0271,0.454
/kaggle/input/datasets/duc24kdl/sub-x-ray/sub_X-Ray/sub_NIH/00000869_004.png,,sub_NIH,00000869_004.png,ok,256x256 -> 1024x1024,4,1,38.89,38.9544,8.272616,2.876216,0.936,0.9885,0.3409,8.5718,39.1771,7.859117,2.803412,0.9383,0.9897,0.3611,0.3611,0.3611,8.1107,111.6723,71.5263,111.6723,71.5263,0.0858,39.1771,0.9383,7.859117,2.803412,0.2227,0.0012,-0.0202,0.4611
/kaggle/input/datasets/duc24kdl/sub-x-ray/sub_X-Ray/sub_NIH/00000869_005.png,,sub_NIH,00000869_005.png,ok,256x256 -> 1024x1024,4,1,39.02,38.3456,9.517512,3.085046,0.9334,0.9881,0.3579,8.6013,38.6326,8.908771,2.984756,0.9357,0.9892,0.382,0.382,0.382,8.1675,112.6691,67.6336,112.6691,67.6336,0.0548,38.6326,0.9357,8.908771,2.984756,0.2871,0.0011,-0.0241,0.4338
/kaggle/input/datasets/duc24kdl/sub-x-ray/sub_X-Ray/sub_NIH/00000870_008.png,,sub_NIH,00000870_008.png,ok,256x256 -> 1024x1024,4,1,39.45,30.7704,54.455241,7.379379,0.9331,0.9862,0.3425,8.2535,30.9031,52.816228,7.267477,0.9354,0.9874,0.3639,0.3639,0.3639,7.9982,121.141,54.4047,121.141,54.4047,0.0638,30.9031,0.9354,52.816228,7.267477,0.1327,0.0012,-0.0214,0.2553
/kaggle/input/datasets/duc24kdl/sub-x-ray/sub_X-Ray/sub_NIH/00000870_011.png,,sub_NIH,00000870_011.png,ok,256x256 -> 1024x1024,4,1,40.35,38.2099,9.819496,3.133608,0.9744,0.9946,0.2655,9.5467,38.2766,9.669762,3.109624,0.9756,0.9951,0.2904,0.2904,0.2904,9.109,112.0283,47.368,112.0283,47.368,0.0293,38.2766,0.9756,9.669762,3.109624,0.0667,0.0005,-0.0249,0.4376
/kaggle/input/datasets/duc24kdl/sub-x-ray/sub_X-Ray/sub_NIH/00000871_000.png,,sub_NIH,00000871_000.png,ok,256x256 -> 1024x1024,4,1,39.26,33.6172,28.27247,5.317186,0.967,0.9929,0.2369,8.9941,33.6996,27.740906,5.266964,0.9677,0.9936,0.248,0.248,0.248,8.5005,172.9376,49.166,172.9376,49.166,0.0037,33.6996,0.9677,27.740906,5.266964,0.0824,0.0007,-0.0111,0.4936
/kaggle/input/datasets/duc24kdl/sub-x-ray/sub_X-Ray/sub_NIH/00000872_002.png,,sub_NIH,00000872_002.png,ok,256x256 -> 1024x1024,4,1,39.24,36.0927,15.988441,3.998555,0.9679,0.9928,0.216,8.4381,36.2268,15.502322,3.937299,0.97,0.994,0.2203,0.2203,0.2203,7.9321,153.0083,64.2229,153.0083,64.2229,0.07,36.2268,0.97,15.502322,3.937299,0.1341,0.0012,-0.0043,0.506
/kaggle/input/datasets/duc24kdl/sub-x-ray/sub_X-Ray/sub_NIH/00000872_003.png,,sub_NIH,00000872_003.png,ok,256x256 -> 1024x1024,4,1,40.08,37.9251,10.485011,3.238057,0.929,0.987,0.3464,8.5515,38.2864,9.648027,3.106127,0.9322,0.9886,0.3624,0.3624,0.3624,7.9074,110.7642,60.6729,110.7642,60.6729,0.1227,38.2864,0.9322,9.648027,3.106127,0.3613,0.0016,-0.016,0.6442
/kaggle/input/datasets/duc24kdl/sub-x-ray/sub_X-Ray/sub_NIH/00000872_004.png,,sub_NIH,00000872_004.png,ok,256x256 -> 1024x1024,4,1,39.81,37.0394,12.85695,3.585659,0.9213,0.9856,0.3725,8.2118,37.4917,11.585509,3.403749,0.9234,0.9871,0.3919,0.3919,0.3919,7.8448,112.7811,66.0489,112.7811,66.0489,0.1222,37.4917,0.9234,11.585509,3.403749,0.4522,0.0016,-0.0195,0.367
/kaggle/input/datasets/duc24kdl/sub-x-ray/sub_X-Ray/sub_NIH/00000873_000.png,,sub_NIH,00000873_000.png,ok,256x256 -> 1024x1024,4,1,39.24,38.0931,10.087243,3.176042,0.9254,0.9861,0.3779,9.0704,38.2441,9.742562,3.121308,0.928,0.9875,0.3952,0.3952,0.3952,8.4806,118.5883,61.5243,118.5883,61.5243,0.0875,38.2441,0.928,9.742562,3.121308,0.151,0.0014,-0.0173,0.5897
/kaggle/input/datasets/duc24kdl/sub-x-ray/sub_X-Ray/sub_NIH/00000873_001.png,,sub_NIH,00000873_001.png,ok,256x256 -> 1024x1024,4,1,39.27,31.9741,41.273578,6.424452,0.9516,0.9896,0.2597,8.6585,32.8624,33.638673,5.799886,0.9545,0.9909,0.2626,0.2626,0.2626,8.247,167.7314,52.6786,167.7314,52.6786,0.2634,32.8624,0.9545,33.638673,5.799886,0.8883,0.0012,-0.0029,0.4115
/kaggle/input/datasets/duc24kdl/sub-x-ray/sub_X-Ray/sub_NIH/00000873_002.png,,sub_NIH,00000873_002.png,ok,256x256 -> 1024x1024,4,1,39.65,30.4059,59.222435,7.695611,0.9376,0.9867,0.2824,8.2502,30.8703,53.216434,7.294959,0.9398,0.9881,0.2845,0.2845,0.2845,7.8796,160.8065,57.6636,160.8065,57.6636,0.1173,30.8703,0.9398,53.216434,7.294959,0.4644,0.0014,-0.0021,0.3706
/kaggle/input/datasets/duc24kdl/sub-x-ray/sub_X-Ray/sub_NIH/00000877_003.png,,sub_NIH,00000877_003.png,ok,256x256 -> 1024x1024,4,1,39.26,38.0585,10.167871,3.18871,0.9759,0.9948,0.2483,9.5898,38.1787,9.890419,3.144904,0.9771,0.9954,0.2681,0.2681,0.2681,8.8948,113.2555,51.5359,113.2555,51.5359,0.0354,38.1787,0.9771,9.890419,3.144904,0.1202,0.0005,-0.0198,0.6951
/kaggle/input/datasets/duc24kdl/sub-x-ray/sub_X-Ray/sub_NIH/00000877_005.png,,sub_NIH,00000877_005.png,ok,256x256 -> 1024x1024,4,1,39.67,33.6866,27.823823,5.274829,0.9602,0.9915,0.2969,9.0104,33.7975,27.122437,5.207921,0.9614,0.9923,0.3179,0.3179,0.3179,8.3625,108.8817,56.6704,108.8817,56.6704,0.1003,33.7975,0.9614,27.122437,5.207921,0.1109,0.0008,-0.0211,0.6479
/kaggle/input/datasets/duc24kdl/sub-x-ray/sub_X-Ray/sub_NIH/00000877_025.png,,sub_NIH,00000877_025.png,ok,256x256 -> 1024x1024,4,1,40.43,34.7166,21.949146,4.684992,0.9703,0.9931,0.2379,8.8038,34.8088,21.488031,4.635518,0.972,0.9941,0.2466,0.2466,0.2466,8.3821,111.6521,51.9648,111.6521,51.9648,0.0751,34.8088,0.972,21.488031,4.635518,0.0922,0.0009,-0.0088,0.4217
/kaggle/input/datasets/duc24kdl/sub-x-ray/sub_X-Ray/sub_NIH/00000877_027.png,,sub_NIH,00000877_027.png,ok,256x256 -> 1024x1024,4,1,39.68,31.9612,41.396388,6.434003,0.9645,0.9919,0.279,8.7255,32.1046,40.05133,6.328612,0.9655,0.9929,0.2918,0.2918,0.2918,8.271,114.0846,45.1212,114.0846,45.1212,0.0894,32.1046,0.9655,40.05133,6.328612,0.1435,0.0009,-0.0128,0.4545
/kaggle/input/datasets/duc24kdl/sub-x-ray/sub_X-Ray/sub_NIH/00000878_000.png,,sub_NIH,00000878_000.png,ok,256x256 -> 1024x1024,4,1,39.33,38.0523,10.182368,3.190982,0.9311,0.9871,0.3627,8.7835,38.256,9.715746,3.117009,0.9335,0.9884,0.3814,0.3814,0.3814,8.3255,132.4857,59.2372,132.4857,59.2372,0.0924,38.256,0.9335,9.715746,3.117009,0.2037,0.0013,-0.0187,0.458
/kaggle/input/datasets/duc24kdl/sub-x-ray/sub_X-Ray/sub_NIH/00000882_000.png,,sub_NIH,00000882_000.png,ok,256x256 -> 1024x1024,4,1,39.89,37.3499,11.969824,3.459743,0.9204,0.9852,0.3631,8.9143,37.5409,11.454838,3.3845,0.923,0.9867,0.3804,0.3804,0.3804,8.0406,99.761,64.185,99.761,64.185,0.0786,37.5409,0.923,11.454838,3.3845,0.191,0.0015,-0.0173,0.8736
/kaggle/input/datasets/duc24kdl/sub-x-ray/sub_X-Ray/sub_NIH/00000882_005.png,,sub_NIH,00000882_005.png,ok,256x256 -> 1024x1024,4,1,39.75,34.5772,22.665471,4.760827,0.9682,0.9927,0.2563,9.1113,34.6992,22.037451,4.694406,0.9693,0.9936,0.2649,0.2649,0.2649,8.4441,132.3328,48.9289,132.3328,48.9289,0.0561,34.6992,0.9693,22.037451,4.694406,0.122,0.0009,-0.0086,0.6672
/kaggle/input/datasets/duc24kdl/sub-x-ray/sub_X-Ray/sub_NIH/00000882_007.png,,sub_NIH,00000882_007.png,ok,256x256 -> 1024x1024,4,1,39.91,34.636,22.360515,4.728691,0.9362,0.9872,0.3408,8.5939,34.9224,20.933652,4.575331,0.9381,0.9886,0.3568,0.3568,0.3568,8.1516,114.1654,59.6448,114.1654,59.6448,0.1285,34.9224,0.9381,20.933652,4.575331,0.2864,0.0013,-0.0159,0.4423
/kaggle/input/datasets/duc24kdl/sub-x-ray/sub_X-Ray/sub_NIH/00000887_001.png,,sub_NIH,00000887_001.png,ok,256x256 -> 1024x1024,4,1,39.55,39.1389,7.928565,2.815771,0.9335,0.9879,0.3543,8.5754,39.4654,7.35422,2.711866,0.9364,0.9891,0.3756,0.3756,0.3756,8.1382,125.3414,72.2781,125.3414,72.2781,0.0787,39.4654,0.9364,7.35422,2.711866,0.3266,0.0013,-0.0213,0.4372
/kaggle/input/datasets/duc24kdl/sub-x-ray/sub_X-Ray/sub_NIH/00000888_000.png,,sub_NIH,00000888_000.png,ok,256x256 -> 1024x1024,4,1,39.83,42.7558,3.447441,1.856729,0.9745,0.9938,0.2091,8.8358,43.2624,3.067908,1.751545,0.9768,0.9948,0.2182,0.2182,0.2182,8.5082,171.2409,28.7243,171.2409,28.7243,0.1442,43.2624,0.9768,3.067908,1.751545,0.5065,0.001,-0.009,0.3276
/kaggle/input/datasets/duc24kdl/sub-x-ray/sub_X-Ray/sub_NIH/00000894_002.png,,sub_NIH,00000894_002.png,ok,256x256 -> 1024x1024,4,1,39.9,33.7616,27.347958,5.229527,0.9564,0.9904,0.2425,8.0421,33.8416,26.848414,5.181546,0.9583,0.9917,0.2505,0.2505,0.2505,7.6199,177.057,52.7136,177.057,52.7136,0.0602,33.8416,0.9583,26.848414,5.181546,0.0801,0.0012,-0.0081,0.4223
/kaggle/input/datasets/duc24kdl/sub-x-ray/sub_X-Ray/sub_NIH/00000894_004.png,,sub_NIH,00000894_004.png,ok,256x256 -> 1024x1024,4,1,39.18,33.9069,26.448015,5.142763,0.9227,0.9861,0.3611,8.3494,34.2886,24.222659,4.921652,0.9246,0.9873,0.3779,0.3779,0.3779,7.9274,116.0247,69.3157,116.0247,69.3157,0.1206,34.2886,0.9246,24.222659,4.921652,0.3817,0.0012,-0.0168,0.422
/kaggle/input/datasets/duc24kdl/sub-x-ray/sub_X-Ray/sub_NIH/00000895_000.png,,sub_NIH,00000895_000.png,ok,256x256 -> 1024x1024,4,1,38.67,39.3163,7.611227,2.758845,0.9324,0.9873,0.3383,8.6167,39.5897,7.14679,2.673348,0.935,0.9886,0.354,0.354,0.354,8.2708,97.099,62.1999,97.099,62.1999,0.0919,39.5897,0.935,7.14679,2.673348,0.2734,0.0013,-0.0157,0.3459
/kaggle/input/datasets/duc24kdl/sub-x-ray/sub_X-Ray/sub_NIH/00000898_001.png,,sub_NIH,00000898_001.png,ok,256x256 -> 1024x1024,4,1,39.6,32.8657,33.613018,5.797674,0.9577,0.9908,0.2548,8.732,32.9808,32.734235,5.721384,0.9595,0.992,0.2585,0.2585,0.2585,8.2687,166.5718,49.0318,166.5718,49.0318,0.0538,32.9808,0.9595,32.734235,5.721384,0.1151,0.0012,-0.0037,0.4632
/kaggle/input/datasets/duc24kdl/sub-x-ray/sub_X-Ray/sub_NIH/00000901_002.png,,sub_NIH,00000901_002.png,ok,256x256 -> 1024x1024,4,1,39.87,36.9098,13.246588,3.639586,0.9289,0.9867,0.3701,8.5665,37.139,12.565649,3.544806,0.9311,0.9879,0.3888,0.3888,0.3888,7.7588,138.0997,67.9557,138.0997,67.9557,0.0729,37.139,0.9311,12.565649,3.544806,0.2292,0.0012,-0.0187,0.8077
/kaggle/input/datasets/duc24kdl/sub-x-ray/sub_X-Ray/sub_NIH/00000902_000.png,,sub_NIH,00000902_000.png,ok,256x256 -> 1024x1024,4,1,38.81,37.8463,10.677076,3.267579,0.9289,0.9875,0.3861,9.0496,38.219,9.798954,3.130328,0.9313,0.9886,0.4142,0.4142,0.4142,8.6288,130.8893,68.6341,130.8893,68.6341,0.106,38.219,0.9313,9.798954,3.130328,0.3727,0.0011,-0.0281,0.4207
/kaggle/input/datasets/duc24kdl/sub-x-ray/sub_X-Ray/sub_NIH/00000905_000.png,,sub_NIH,00000905_000.png,ok,256x256 -> 1024x1024,4,1,38.78,34.5315,22.905064,4.785924,0.9644,0.9919,0.2617,9.013,34.6186,22.450336,4.738179,0.9662,0.993,0.2689,0.2689,0.2689,8.5425,164.5723,53.7936,164.5723,53.7936,0.0593,34.6186,0.9662,22.450336,4.738179,0.0871,0.0011,-0.0073,0.4704
/kaggle/input/datasets/duc24kdl/sub-x-ray/sub_X-Ray/sub_NIH/00000907_000.png,,sub_NIH,00000907_000.png,ok,256x256 -> 1024x1024,4,1,39.03,38.3396,9.530544,3.087158,0.9254,0.9863,0.3728,8.7081,38.4785,9.230603,3.038191,0.9279,0.9875,0.3969,0.3969,0.3969,8.2549,117.6813,66.1826,117.6813,66.1826,0.0892,38.4785,0.9279,9.230603,3.038191,0.1389,0.0012,-0.0241,0.4532
/kaggle/input/datasets/duc24kdl/sub-x-ray/sub_X-Ray/sub_NIH/00000907_001.png,,sub_NIH,00000907_001.png,ok,256x256 -> 1024x1024,4,1,38.95,38.1891,9.866561,3.141108,0.9355,0.9881,0.3547,8.7566,38.5127,9.158184,3.026249,0.9382,0.9894,0.3707,0.3707,0.3707,8.0276,114.8533,66.8606,114.8533,66.8606,0.1042,38.5127,0.9382,9.158184,3.026249,0.3236,0.0013,-0.016,0.729
/kaggle/input/datasets/duc24kdl/sub-x-ray/sub_X-Ray/sub_NIH/00000909_000.png,,sub_NIH,00000909_000.png,ok,256x256 -> 1024x1024,4,1,39.91,39.2568,7.716095,2.777786,0.9359,0.9882,0.3222,8.475,39.4261,7.421197,2.724187,0.9383,0.9894,0.3393,0.3393,0.3393,8.1111,112.6444,69.8164,112.6444,69.8164,0.0944,39.4261,0.9383,7.421197,2.724187,0.1692,0.0012,-0.0171,0.364
/kaggle/input/datasets/duc24kdl/sub-x-ray/sub_X-Ray/sub_NIH/00000909_002.png,,sub_NIH,00000909_002.png,ok,256x256 -> 1024x1024,4,1,40.03,33.895,26.520648,5.14982,0.9732,0.9939,0.2461,9.1662,34.1621,24.938275,4.993824,0.9745,0.9947,0.2562,0.2562,0.2562,8.7828,109.562,53.401,109.562,53.401,0.1167,34.1621,0.9745,24.938275,4.993824,0.2672,0.0008,-0.01,0.3834
/kaggle/input/datasets/duc24kdl/sub-x-ray/sub_X-Ray/sub_NIH/00000914_004.png,,sub_NIH,00000914_004.png,ok,256x256 -> 1024x1024,4,1,39.91,34.7537,21.762708,4.665052,0.9658,0.9923,0.2287,8.9254,34.8666,21.204025,4.604783,0.9674,0.9933,0.2351,0.2351,0.2351,8.371,173.7174,50.7718,173.7174,50.7718,0.0646,34.8666,0.9674,21.204025,4.604783,0.1129,0.001,-0.0063,0.5544
/kaggle/input/datasets/duc24kdl/sub-x-ray/sub_X-Ray/sub_NIH/00000914_005.png,,sub_NIH,00000914_005.png,ok,256x256 -> 1024x1024,4,1,39.84,38.9095,8.358488,2.891105,0.9366,0.9883,0.3389,8.528,39.1952,7.826283,2.79755,0.9391,0.9895,0.359,0.359,0.359,8.2442,122.0034,67.0024,122.0034,67.0024,0.0832,39.1952,0.9391,7.826283,2.79755,0.2857,0.0012,-0.0202,0.2838
/kaggle/input/datasets/duc24kdl/sub-x-ray/sub_X-Ray/sub_NIH/00000915_001.png,,sub_NIH,00000915_001.png,ok,256x256 -> 1024x1024,4,1,39.82,35.672,17.615051,4.197029,0.9583,0.9906,0.2338,8.0604,36.2748,15.332219,3.915638,0.9603,0.9921,0.2306,0.2306,0.2306,7.9433,116.4322,71.639,116.4322,71.639,0.2238,36.2748,0.9603,15.332219,3.915638,0.6028,0.0015,0.0033,0.1172
/kaggle/input/datasets/duc24kdl/sub-x-ray/sub_X-Ray/sub_NIH/00000915_005.png,,sub_NIH,00000915_005.png,ok,256x256 -> 1024x1024,4,1,39.86,37.7684,10.870382,3.297026,0.9557,0.9904,0.2252,8.3395,38.1637,9.924529,3.150322,0.9583,0.9918,0.235,0.235,0.235,7.8911,157.0326,60.8831,157.0326,60.8831,0.1283,38.1637,0.9583,9.924529,3.150322,0.3953,0.0014,-0.0098,0.4484
/kaggle/input/datasets/duc24kdl/sub-x-ray/sub_X-Ray/sub_NIH/00000916_000.png,,sub_NIH,00000916_000.png,ok,256x256 -> 1024x1024,4,1,39.09,38.7773,8.616891,2.935454,0.9618,0.9915,0.2169,8.197,39.3358,7.576978,2.752631,0.9644,0.9928,0.2326,0.2326,0.2326,7.8658,167.5091,51.6005,167.5091,51.6005,0.0815,39.3358,0.9644,7.576978,2.752631,0.5585,0.0013,-0.0157,0.3312
/kaggle/input/datasets/duc24kdl/sub-x-ray/sub_X-Ray/sub_NIH/00000917_000.png,,sub_NIH,00000917_000.png,ok,256x256 -> 1024x1024,4,1,39.92,39.7025,6.963571,2.638858,0.9618,0.9916,0.2214,8.5868,40.4324,5.886257,2.426161,0.9644,0.9929,0.2324,0.2324,0.2324,8.1377,160.546,55.2884,160.546,55.2884,0.3026,40.4324,0.9644,5.886257,2.426161,0.7299,0.0013,-0.011,0.4491
/kaggle/input/datasets/duc24kdl/sub-x-ray/sub_X-Ray/sub_NIH/00000920_001.png,,sub_NIH,00000920_001.png,ok,256x256 -> 1024x1024,4,1,38.87,39.7403,6.903141,2.627383,0.9503,0.989,0.3114,8.545,40.0699,6.398687,2.529563,0.9533,0.9904,0.3265,0.3265,0.3265,8.2164,106.6975,36.7274,106.6975,36.7274,0.1043,40.0699,0.9533,6.398687,2.529563,0.3296,0.0014,-0.0151,0.3286
/kaggle/input/datasets/duc24kdl/sub-x-ray/sub_X-Ray/sub_NIH/00000922_000.png,,sub_NIH,00000922_000.png,ok,256x256 -> 1024x1024,4,1,39.05,33.5105,28.975164,5.382858,0.959,0.9908,0.2026,8.1646,34.6238,22.423325,4.735327,0.9621,0.9926,0.1964,0.1964,0.1964,7.7113,125.9412,79.4538,125.9412,79.4538,0.4708,34.6238,0.9621,22.423325,4.735327,1.1133,0.0018,0.0063,0.4533
/kaggle/input/datasets/duc24kdl/sub-x-ray/sub_X-Ray/sub_NIH/00000924_000.png,,sub_NIH,00000924_000.png,ok,256x256 -> 1024x1024,4,1,39.01,33.9905,25.943725,5.093498,0.9556,0.9907,0.2419,8.5166,34.4263,23.466554,4.844229,0.9577,0.9919,0.2493,0.2493,0.2493,8.0542,161.4381,67.2356,161.4381,67.2356,0.1173,34.4263,0.9577,23.466554,4.844229,0.4358,0.0012,-0.0074,0.4624
/kaggle/input/datasets/duc24kdl/sub-x-ray/sub_X-Ray/sub_NIH/00000930_002.png,,sub_NIH,00000930_002.png,ok,256x256 -> 1024x1024,4,1,39.07,38.2958,9.627107,3.102758,0.9129,0.9838,0.414,8.7688,38.6118,8.951623,2.991926,0.9159,0.9854,0.4427,0.4427,0.4427,8.3828,135.1447,62.2615,135.1447,62.2615,0.115,38.6118,0.9159,8.951623,2.991926,0.3159,0.0016,-0.0287,0.3859
/kaggle/input/datasets/duc24kdl/sub-x-ray/sub_X-Ray/sub_NIH/00000936_000.png,,sub_NIH,00000936_000.png,ok,256x256 -> 1024x1024,4,1,38.86,38.5109,9.16209,3.026895,0.9379,0.9884,0.3144,8.4901,38.8261,8.52052,2.918993,0.9402,0.9897,0.3262,0.3262,0.3262,7.8956,93.4835,61.3488,93.4835,61.3488,0.1195,38.8261,0.9402,8.52052,2.918993,0.3153,0.0013,-0.0118,0.5945
/kaggle/input/datasets/duc24kdl/sub-x-ray/sub_X-Ray/sub_NIH/00000937_005.png,,sub_NIH,00000937_005.png,ok,256x256 -> 1024x1024,4,1,39.84,34.0022,25.873777,5.086627,0.9385,0.9873,0.2876,8.0902,34.7818,21.622468,4.649997,0.9415,0.9888,0.3003,0.3003,0.3003,7.783,146.7048,63.1514,146.7048,63.1514,-0.0095,34.7818,0.9415,21.622468,4.649997,0.7795,0.0015,-0.0126,0.3073
/kaggle/input/datasets/duc24kdl/sub-x-ray/sub_X-Ray/sub_NIH/00000937_007.png,,sub_NIH,00000937_007.png,ok,256x256 -> 1024x1024,4,1,39.37,30.4378,58.789702,7.667444,0.9438,0.9879,0.2823,8.1641,30.6321,56.217266,7.497817,0.9443,0.989,0.2884,0.2884,0.2884,7.4914,120.018,66.3311,120.018,66.3311,0.092,30.6321,0.9443,56.217266,7.497817,0.1943,0.0011,-0.0062,0.6728
/kaggle/input/datasets/duc24kdl/sub-x-ray/sub_X-Ray/sub_NIH/00000938_005.png,,sub_NIH,00000938_005.png,ok,256x256 -> 1024x1024,4,1,39.27,32.952,32.951787,5.740365,0.9569,0.9897,0.2375,7.6175,33.0929,31.900054,5.648013,0.9583,0.9911,0.2384,0.2384,0.2384,7.3126,121.0569,55.0277,121.0569,55.0277,0.0858,33.0929,0.9583,31.900054,5.648013,0.1409,0.0013,-0.001,0.3049
/kaggle/input/datasets/duc24kdl/sub-x-ray/sub_X-Ray/sub_NIH/00000939_000.png,,sub_NIH,00000939_000.png,ok,256x256 -> 1024x1024,4,1,40.35,40.4201,5.902956,2.4296,0.9643,0.9921,0.2713,8.6956,40.9258,5.254083,2.292179,0.9668,0.9933,0.2893,0.2893,0.2893,8.2791,148.5126,62.5987,148.5126,62.5987,0.1682,40.9258,0.9668,5.254083,2.292179,0.5057,0.0012,-0.0179,0.4165
/kaggle/input/datasets/duc24kdl/sub-x-ray/sub_X-Ray/sub_NIH/00000945_000.png,,sub_NIH,00000945_000.png,ok,256x256 -> 1024x1024,4,1,39.55,33.5573,28.664737,5.353946,0.9533,0.9904,0.2957,8.7098,33.6165,28.276906,5.317603,0.955,0.9914,0.3088,0.3088,0.3088,8.1497,168.5381,57.4643,168.5381,57.4643,0.0504,33.6165,0.955,28.276906,5.317603,0.0592,0.001,-0.0131,0.5601
/kaggle/input/datasets/duc24kdl/sub-x-ray/sub_X-Ray/sub_NIH/00000947_002.png,,sub_NIH,00000947_002.png,ok,256x256 -> 1024x1024,4,1,39.03,32.6658,35.196525,5.932666,0.9552,0.9906,0.2291,8.3368,33.6072,28.337481,5.323296,0.9582,0.9921,0.2276,0.2276,0.2276,7.8991,139.2882,75.2369,139.2882,75.2369,0.1307,33.6072,0.9582,28.337481,5.323296,0.9414,0.0016,0.0015,0.4376
/kaggle/input/datasets/duc24kdl/sub-x-ray/sub_X-Ray/sub_NIH/00000949_000.png,,sub_NIH,00000949_000.png,ok,256x256 -> 1024x1024,4,1,38.86,36.4316,14.788542,3.845587,0.9759,0.9945,0.2035,9.3098,36.5192,14.493136,3.806985,0.9772,0.9952,0.2155,0.2155,0.2155,8.7728,153.6682,52.3486,153.6682,52.3486,0.0442,36.5192,0.9772,14.493136,3.806985,0.0876,0.0007,-0.012,0.537
/kaggle/input/datasets/duc24kdl/sub-x-ray/sub_X-Ray/sub_NIH/00000949_009.png,,sub_NIH,00000949_009.png,ok,256x256 -> 1024x1024,4,1,39.01,37.8111,10.763807,3.280824,0.9357,0.988,0.3129,8.38,38.0592,10.166353,3.188472,0.9381,0.9892,0.3281,0.3281,0.3281,8.0619,110.1887,72.1114,110.1887,72.1114,0.1076,38.0592,0.9381,10.166353,3.188472,0.248,0.0013,-0.0152,0.3181
/kaggle/input/datasets/duc24kdl/sub-x-ray/sub_X-Ray/sub_NIH/00000954_004.png,,sub_NIH,00000954_004.png,ok,256x256 -> 1024x1024,4,1,39.07,35.1197,20.003867,4.472568,0.959,0.9912,0.2556,8.6832,35.6292,17.789174,4.217721,0.9621,0.9926,0.2577,0.2577,0.2577,8.094,158.4696,58.9075,158.4696,58.9075,0.2804,35.6292,0.9621,17.789174,4.217721,0.5096,0.0014,-0.0021,0.5892
/kaggle/input/datasets/duc24kdl/sub-x-ray/sub_X-Ray/sub_NIH/00000955_005.png,,sub_NIH,00000955_005.png,ok,256x256 -> 1024x1024,4,1,38.86,35.2964,19.206081,4.382474,0.9731,0.9939,0.2414,9.014,35.4542,18.5208,4.30358,0.9741,0.9946,0.2525,0.2525,0.2525,8.5187,136.0895,46.2392,136.0895,46.2392,0.0686,35.4542,0.9741,18.5208,4.30358,0.1578,0.0007,-0.011,0.4953
/kaggle/input/datasets/duc24kdl/sub-x-ray/sub_X-Ray/sub_NIH/00000958_000.png,,sub_NIH,00000958_000.png,ok,256x256 -> 1024x1024,4,1,39.38,34.4386,23.400246,4.83738,0.9604,0.9909,0.2239,8.2914,34.947,20.815217,4.56237,0.9624,0.9923,0.2197,0.2197,0.2197,7.9303,148.0363,72.1742,148.0363,72.1742,0.1249,34.947,0.9624,20.815217,4.56237,0.5084,0.0014,0.0042,0.361
/kaggle/input/datasets/duc24kdl/sub-x-ray/sub_X-Ray/sub_NIH/00000960_000.png,,sub_NIH,00000960_000.png,ok,256x256 -> 1024x1024,4,1,40.12,40.6369,5.615462,2.369697,0.9693,0.9931,0.1993,8.7038,41.0291,5.130682,2.265101,0.9718,0.9943,0.2096,0.2096,0.2096,8.1818,160.9332,50.9259,160.9332,50.9259,0.0931,41.0291,0.9718,5.130682,2.265101,0.3921,0.0011,-0.0103,0.522
/kaggle/input/datasets/duc24kdl/sub-x-ray/sub_X-Ray/sub_NIH/00000963_002.png,,sub_NIH,00000963_002.png,ok,256x256 -> 1024x1024,4,1,40.01,30.185,62.313591,7.893896,0.9185,0.9818,0.2967,7.7097,31.0747,50.770847,7.125366,0.9234,0.9851,0.2773,0.2773,0.2773,7.0336,99.4059,64.5524,99.4059,64.5524,0.3346,31.0747,0.9234,50.770847,7.125366,0.8897,0.0033,0.0194,0.6761
/kaggle/input/datasets/duc24kdl/sub-x-ray/sub_X-Ray/sub_NIH/00000963_007.png,,sub_NIH,00000963_007.png,ok,256x256 -> 1024x1024,4,1,39.91,34.4856,23.148622,4.811301,0.9497,0.9895,0.2464,8.2496,34.9202,20.944239,4.576488,0.9532,0.991,0.2502,0.2502,0.2502,7.7745,153.4892,65.5564,153.4892,65.5564,0.069,34.9202,0.9532,20.944239,4.576488,0.4346,0.0015,-0.0038,0.4752
/kaggle/input/datasets/duc24kdl/sub-x-ray/sub_X-Ray/sub_NIH/00000963_012.png,,sub_NIH,00000963_012.png,ok,256x256 -> 1024x1024,4,1,40.3,30.9303,52.486316,7.244744,0.9586,0.9912,0.2575,9.0161,31.0726,50.795173,7.127073,0.9602,0.9921,0.2558,0.2558,0.2558,8.3386,100.2956,61.1011,100.2956,61.1011,0.0743,31.0726,0.9602,50.795173,7.127073,0.1422,0.0009,0.0017,0.6774
/kaggle/input/datasets/duc24kdl/sub-x-ray/sub_X-Ray/sub_NIH/00000963_014.png,,sub_NIH,00000963_014.png,ok,256x256 -> 1024x1024,4,1,39.93,31.1543,49.847996,7.060311,0.9666,0.9918,0.2375,8.6986,31.3006,48.196727,6.942386,0.9673,0.9927,0.2397,0.2397,0.2397,8.1221,149.413,59.4133,149.413,59.4133,0.0952,31.3006,0.9673,48.196727,6.942386,0.1463,0.0009,-0.0023,0.5766
/kaggle/input/datasets/duc24kdl/sub-x-ray/sub_X-Ray/sub_NIH/00000963_020.png,,sub_NIH,00000963_020.png,ok,256x256 -> 1024x1024,4,1,38.87,38.3194,9.575064,3.09436,0.9353,0.9876,0.3146,8.5967,38.5802,9.016931,3.00282,0.9372,0.9889,0.3274,0.3274,0.3274,7.9758,107.8005,70.2001,107.8005,70.2001,0.113,38.5802,0.9372,9.016931,3.00282,0.2608,0.0013,-0.0129,0.6209
/kaggle/input/datasets/duc24kdl/sub-x-ray/sub_X-Ray/sub_NIH/00000963_026.png,,sub_NIH,00000963_026.png,ok,256x256 -> 1024x1024,4,1,39.13,38.2723,9.679343,3.111164,0.9359,0.988,0.3307,8.5872,38.5164,9.150441,3.02497,0.9376,0.9892,0.3493,0.3493,0.3493,8.0155,113.409,68.3043,113.409,68.3043,0.1157,38.5164,0.9376,9.150441,3.02497,0.244,0.0012,-0.0186,0.5717
/kaggle/input/datasets/duc24kdl/sub-x-ray/sub_X-Ray/sub_NIH/00000965_000.png,,sub_NIH,00000965_000.png,ok,256x256 -> 1024x1024,4,1,40.56,38.5213,9.14017,3.023271,0.9289,0.9873,0.3648,8.5189,38.7293,8.71259,2.95171,0.9316,0.9886,0.385,0.385,0.385,7.9266,115.8536,66.1119,115.8536,66.1119,0.0781,38.7293,0.9316,8.71259,2.95171,0.2081,0.0013,-0.0202,0.5923
/kaggle/input/datasets/duc24kdl/sub-x-ray/sub_X-Ray/sub_NIH/00000971_000.png,,sub_NIH,00000971_000.png,ok,256x256 -> 1024x1024,4,1,39.59,41.0982,5.049629,2.247138,0.9604,0.9912,0.2428,8.6867,41.4666,4.638931,2.153818,0.9629,0.9925,0.2565,0.2565,0.2565,8.2444,170.3705,51.5727,170.3705,51.5727,0.1344,41.4666,0.9629,4.638931,2.153818,0.3684,0.0013,-0.0138,0.4422
/kaggle/input/datasets/duc24kdl/sub-x-ray/sub_X-Ray/sub_NIH/00000971_003.png,,sub_NIH,00000971_003.png,ok,256x256 -> 1024x1024,4,1,39.35,38.0293,10.236493,3.199452,0.9384,0.9884,0.3447,8.9813,38.3111,9.593289,3.097304,0.9409,0.9896,0.3606,0.3606,0.3606,8.3529,116.035,60.2425,116.035,60.2425,0.0637,38.3111,0.9409,9.593289,3.097304,0.2818,0.0012,-0.0159,0.6284
/kaggle/input/datasets/duc24kdl/sub-x-ray/sub_X-Ray/sub_NIH/00000974_006.png,,sub_NIH,00000974_006.png,ok,256x256 -> 1024x1024,4,1,40.09,34.6497,22.290096,4.721239,0.9632,0.9917,0.2565,8.5238,34.7961,21.550986,4.642304,0.9646,0.9927,0.2584,0.2584,0.2584,8.0402,113.9746,50.6639,113.9746,50.6639,0.0673,34.7961,0.9646,21.550986,4.642304,0.1464,0.0011,-0.0019,0.4836
/kaggle/input/datasets/duc24kdl/sub-x-ray/sub_X-Ray/sub_NIH/00000974_008.png,,sub_NIH,00000974_008.png,ok,256x256 -> 1024x1024,4,1,39.32,38.525,9.132402,3.021986,0.9328,0.9875,0.3386,8.6146,38.8586,8.457026,2.908097,0.9351,0.9887,0.3561,0.3561,0.3561,8.1274,116.614,71.0557,116.614,71.0557,0.0987,38.8586,0.9351,8.457026,2.908097,0.3337,0.0012,-0.0175,0.4872
/kaggle/input/datasets/duc24kdl/sub-x-ray/sub_X-Ray/sub_NIH/00000974_009.png,,sub_NIH,00000974_009.png,ok,256x256 -> 1024x1024,4,1,40.09,37.7954,10.802955,3.286785,0.9288,0.9867,0.3382,8.4306,38.0888,10.097269,3.17762,0.9312,0.9881,0.3527,0.3527,0.3527,7.9147,117.377,71.9236,117.377,71.9236,0.1366,38.0888,0.9312,10.097269,3.17762,0.2934,0.0014,-0.0145,0.5159
/kaggle/input/datasets/duc24kdl/sub-x-ray/sub_X-Ray/sub_NIH/00000974_010.png,,sub_NIH,00000974_010.png,ok,256x256 -> 1024x1024,4,1,38.61,39.192,7.832167,2.798601,0.9413,0.9895,0.3134,8.732,39.6249,7.089051,2.662527,0.9437,0.9905,0.3337,0.3337,0.3337,8.2602,112.6633,74.9566,112.6633,74.9566,0.104,39.6249,0.9437,7.089051,2.662527,0.4329,0.001,-0.0204,0.4718
/kaggle/input/datasets/duc24kdl/sub-x-ray/sub_X-Ray/sub_NIH/00000976_005.png,,sub_NIH,00000976_005.png,ok,256x256 -> 1024x1024,4,1,39.05,37.8025,10.785148,3.284075,0.9323,0.9877,0.3586,8.6418,38.1045,10.060704,3.171861,0.935,0.9891,0.3787,0.3787,0.3787,8.1388,111.5474,67.5246,111.5474,67.5246,0.0939,38.1045,0.935,10.060704,3.171861,0.302,0.0014,-0.0201,0.503
/kaggle/input/datasets/duc24kdl/sub-x-ray/sub_X-Ray/sub_NIH/00000978_000.png,,sub_NIH,00000978_000.png,ok,256x256 -> 1024x1024,4,1,39.57,31.3876,47.241647,6.873256,0.9349,0.9859,0.3145,8.2871,31.5171,45.853065,6.771489,0.9373,0.9876,0.3293,0.3293,0.3293,7.9229,133.9102,54.6689,133.9102,54.6689,0.0496,31.5171,0.9373,45.853065,6.771489,0.1296,0.0016,-0.0148,0.3642
/kaggle/input/datasets/duc24kdl/sub-x-ray/sub_X-Ray/sub_NIH/00000979_006.png,,sub_NIH,00000979_006.png,ok,256x256 -> 1024x1024,4,1,39.31,37.6717,11.114924,3.333905,0.9037,0.9822,0.4311,8.7202,38.037,10.21826,3.196601,0.9066,0.9838,0.4572,0.4572,0.4572,8.1985,117.3665,66.84,117.3665,66.84,0.0925,38.037,0.9066,10.21826,3.196601,0.3653,0.0016,-0.0261,0.5218
/kaggle/input/datasets/duc24kdl/sub-x-ray/sub_X-Ray/sub_NIH/00000981_000.png,,sub_NIH,00000981_000.png,ok,256x256 -> 1024x1024,4,1,39.55,37.5126,11.529662,3.395536,0.9231,0.9858,0.344,8.988,37.9559,10.410901,3.226593,0.9263,0.9874,0.3598,0.3598,0.3598,8.1816,102.9698,67.1353,102.9698,67.1353,0.1305,37.9559,0.9263,10.410901,3.226593,0.4433,0.0016,-0.0159,0.8064
/kaggle/input/datasets/duc24kdl/sub-x-ray/sub_X-Ray/sub_NIH/00000982_000.png,,sub_NIH,00000982_000.png,ok,256x256 -> 1024x1024,4,1,39.03,33.6763,27.890124,5.28111,0.972,0.9943,0.2129,9.7023,34.0436,25.628438,5.062454,0.9726,0.9947,0.2265,0.2265,0.2265,9.1385,155.077,46.4495,155.077,46.4495,0.0271,34.0436,0.9726,25.628438,5.062454,0.3673,0.0003,-0.0135,0.5637
/kaggle/input/datasets/duc24kdl/sub-x-ray/sub_X-Ray/sub_NIH/00000983_000.png,,sub_NIH,00000983_000.png,ok,256x256 -> 1024x1024,4,1,39.29,38.0748,10.129869,3.182745,0.9076,0.9835,0.4386,9.0056,38.2709,9.682516,3.111674,0.9104,0.9849,0.4684,0.4684,0.4684,8.6226,122.6343,60.4841,122.6343,60.4841,0.073,38.2709,0.9104,9.682516,3.111674,0.1962,0.0014,-0.0298,0.383
/kaggle/input/datasets/duc24kdl/sub-x-ray/sub_X-Ray/sub_NIH/00000988_000.png,,sub_NIH,00000988_000.png,ok,256x256 -> 1024x1024,4,1,38.73,40.1891,6.225409,2.495077,0.9638,0.9918,0.2457,8.4145,40.3176,6.043892,2.458433,0.9662,0.993,0.2616,0.2616,0.2616,8.1007,178.2256,36.7194,178.2256,36.7194,0.0408,40.3176,0.9662,6.043892,2.458433,0.1285,0.0011,-0.0159,0.3137
/kaggle/input/datasets/duc24kdl/sub-x-ray/sub_X-Ray/sub_NIH/00000992_001.png,,sub_NIH,00000992_001.png,ok,256x256 -> 1024x1024,4,1,39.84,39.8224,6.773974,2.602686,0.966,0.9922,0.2423,8.7108,40.3672,5.975345,2.444452,0.9684,0.9934,0.2608,0.2608,0.2608,8.3687,153.2693,46.1157,153.2693,46.1157,0.0892,40.3672,0.9684,5.975345,2.444452,0.5448,0.0011,-0.0184,0.3422
/kaggle/input/datasets/duc24kdl/sub-x-ray/sub_X-Ray/sub_NIH/00000996_002.png,,sub_NIH,00000996_002.png,ok,256x256 -> 1024x1024,4,1,39.3,40.1418,6.293639,2.508713,0.9458,0.9883,0.3343,8.51,40.4796,5.822641,2.413015,0.9488,0.9897,0.3509,0.3509,0.3509,8.115,105.2663,37.8835,105.2663,37.8835,0.1015,40.4796,0.9488,5.822641,2.413015,0.3378,0.0014,-0.0166,0.395
/kaggle/input/datasets/duc24kdl/sub-x-ray/sub_X-Ray/sub_NIH/00000996_005.png,,sub_NIH,00000996_005.png,ok,256x256 -> 1024x1024,4,1,38.97,36.6471,14.072474,3.75133,0.9242,0.9865,0.3644,8.7118,37.0207,12.912633,3.593415,0.9267,0.9879,0.382,0.382,0.382,8.2856,116.9115,68.8184,116.9115,68.8184,0.0934,37.0207,0.9267,12.912633,3.593415,0.3736,0.0014,-0.0176,0.4262
/kaggle/input/datasets/duc24kdl/sub-x-ray/sub_X-Ray/sub_NIH/00000997_002.png,,sub_NIH,00000997_002.png,ok,256x256 -> 1024x1024,4,1,39.91,37.9225,10.49133,3.239032,0.9378,0.9883,0.3333,8.3242,38.1736,9.901881,3.146725,0.9405,0.9897,0.3512,0.3512,0.3512,7.9066,108.5534,67.169,108.5534,67.169,0.1248,38.1736,0.9405,9.901881,3.146725,0.2511,0.0014,-0.0179,0.4176
/kaggle/input/datasets/duc24kdl/sub-x-ray/sub_X-Ray/sub_NIH/00000997_003.png,,sub_NIH,00000997_003.png,ok,256x256 -> 1024x1024,4,1,39.75,37.4635,11.660876,3.414802,0.9273,0.9866,0.3482,8.6576,37.7343,10.956043,3.309991,0.9301,0.9881,0.3653,0.3653,0.3653,8.2366,102.1934,71.0302,102.1934,71.0302,0.0967,37.7343,0.9301,10.956043,3.309991,0.2708,0.0015,-0.0171,0.421
/kaggle/input/datasets/duc24kdl/sub-x-ray/sub_X-Ray/sub_NIH/00000997_004.png,,sub_NIH,00000997_004.png,ok,256x256 -> 1024x1024,4,1,39.7,33.546,28.739851,5.360956,0.9607,0.9912,0.2781,8.9423,33.6321,28.175303,5.308041,0.9626,0.9924,0.2832,0.2832,0.2832,8.377,166.3277,51.4136,166.3277,51.4136,0.0626,33.6321,0.9626,28.175303,5.308041,0.0862,0.0012,-0.0051,0.5654
/kaggle/input/datasets/duc24kdl/sub-x-ray/sub_X-Ray/sub_NIH/00001000_001.png,,sub_NIH,00001000_001.png,ok,256x256 -> 1024x1024,4,1,39.04,36.6893,13.936286,3.733134,0.919,0.9855,0.3812,8.5428,37.0175,12.921944,3.594711,0.9218,0.9869,0.4069,0.4069,0.4069,8.0867,114.5501,69.6502,114.5501,69.6502,0.0833,37.0175,0.9218,12.921944,3.594711,0.3282,0.0014,-0.0257,0.4561
/kaggle/input/datasets/duc24kdl/sub-x-ray/sub_X-Ray/sub_NIH/00001005_002.png,,sub_NIH,00001005_002.png,ok,256x256 -> 1024x1024,4,1,38.95,33.5593,28.651768,5.352735,0.9367,0.9864,0.2743,8.1082,34.2365,24.515123,4.951275,0.9409,0.988,0.2757,0.2757,0.2757,7.6446,128.469,67.3148,128.469,67.3148,0.0812,34.2365,0.9409,24.515123,4.951275,0.6772,0.0016,-0.0014,0.4636
/kaggle/input/datasets/duc24kdl/sub-x-ray/sub_X-Ray/sub_NIH/00001006_002.png,,sub_NIH,00001006_002.png,ok,256x256 -> 1024x1024,4,1,37.88,38.5036,9.177386,3.02942,0.9143,0.9842,0.3861,8.556,38.7646,8.642079,2.939741,0.9175,0.9858,0.4054,0.4054,0.4054,8.1794,102.2027,68.4601,102.2027,68.4601,0.0888,38.7646,0.9175,8.642079,2.939741,0.261,0.0016,-0.0193,0.3766
/kaggle/input/datasets/duc24kdl/sub-x-ray/sub_X-Ray/sub_NIH/00001006_003.png,,sub_NIH,00001006_003.png,ok,256x256 -> 1024x1024,4,1,39.78,31.7476,43.483283,6.594186,0.9433,0.988,0.2971,8.2892,32.1974,39.204817,6.261375,0.9452,0.9891,0.2984,0.2984,0.2984,7.6732,113.5898,60.2387,113.5898,60.2387,0.0729,32.1974,0.9452,39.204817,6.261375,0.4498,0.0011,-0.0013,0.616
/kaggle/input/datasets/duc24kdl/sub-x-ray/sub_X-Ray/sub_NIH/00001006_009.png,,sub_NIH,00001006_009.png,ok,256x256 -> 1024x1024,4,1,39.84,34.5263,22.932233,4.788761,0.9672,0.9928,0.2097,8.3363,34.6934,22.06692,4.697544,0.9687,0.9938,0.221,0.221,0.221,7.9248,163.0763,60.8446,163.0763,60.8446,0.0848,34.6934,0.9687,22.06692,4.697544,0.167,0.001,-0.0113,0.4116
/kaggle/input/datasets/duc24kdl/sub-x-ray/sub_X-Ray/sub_NIH/00001006_010.png,,sub_NIH,00001006_010.png,ok,256x256 -> 1024x1024,4,1,39.67,37.1849,12.433516,3.526119,0.9658,0.9925,0.2493,8.8544,37.5732,11.369997,3.371943,0.9678,0.9937,0.2577,0.2577,0.2577,8.3574,87.9119,60.9985,87.9119,60.9985,0.1018,37.5732,0.9678,11.369997,3.371943,0.3883,0.0012,-0.0084,0.497
/kaggle/input/datasets/duc24kdl/sub-x-ray/sub_X-Ray/sub_NIH/00001006_014.png,,sub_NIH,00001006_014.png,ok,256x256 -> 1024x1024,4,1,39.99,37.7301,10.966503,3.311571,0.928,0.9864,0.3667,8.736,38.0474,10.194012,3.192806,0.9305,0.9878,0.392,0.392,0.392,8.2901,101.6475,60.1779,101.6475,60.1779,0.0982,38.0474,0.9305,10.194012,3.192806,0.3172,0.0014,-0.0254,0.4459
/kaggle/input/datasets/duc24kdl/sub-x-ray/sub_X-Ray/sub_NIH/00001006_016.png,,sub_NIH,00001006_016.png,ok,256x256 -> 1024x1024,4,1,39.44,36.8842,13.324928,3.650333,0.9252,0.9853,0.3589,8.2674,37.1905,12.417397,3.523833,0.9283,0.987,0.3763,0.3763,0.3763,7.7447,94.8363,58.793,94.8363,58.793,0.1217,37.1905,0.9283,12.417397,3.523833,0.3063,0.0017,-0.0174,0.5226
/kaggle/input/datasets/duc24kdl/sub-x-ray/sub_X-Ray/sub_NIH/00001006_018.png,,sub_NIH,00001006_018.png,ok,256x256 -> 1024x1024,4,1,38.68,39.0012,8.183833,2.86074,0.9382,0.9881,0.3227,8.5318,39.3056,7.629982,2.762242,0.9408,0.9895,0.3395,0.3395,0.3395,8.0411,85.7925,59.3983,85.7925,59.3983,0.123,39.3056,0.9408,7.629982,2.762242,0.3043,0.0014,-0.0168,0.4908
/kaggle/input/datasets/duc24kdl/sub-x-ray/sub_X-Ray/sub_NIH/00001006_020.png,,sub_NIH,00001006_020.png,ok,256x256 -> 1024x1024,4,1,38.92,39.2253,7.77227,2.787879,0.9397,0.9881,0.3463,8.4514,39.5366,7.234693,2.689739,0.9422,0.9895,0.3657,0.3657,0.3657,8.0431,90.887,51.9881,90.887,51.9881,0.1229,39.5366,0.9422,7.234693,2.689739,0.3113,0.0014,-0.0194,0.4083
/kaggle/input/datasets/duc24kdl/sub-x-ray/sub_X-Ray/sub_NIH/00001006_021.png,,sub_NIH,00001006_021.png,ok,256x256 -> 1024x1024,4,1,39.35,37.0108,12.94201,3.5975,0.9311,0.987,0.3062,8.3642,37.3898,11.860427,3.443897,0.9341,0.9886,0.3157,0.3157,0.3157,7.7944,90.9364,68.7797,90.9364,68.7797,0.1291,37.3898,0.9341,11.860427,3.443897,0.379,0.0016,-0.0095,0.5697
/kaggle/input/datasets/duc24kdl/sub-x-ray/sub_X-Ray/sub_NIH/00001007_002.png,,sub_NIH,00001007_002.png,ok,256x256 -> 1024x1024,4,1,39.41,30.5184,57.708965,7.596642,0.9376,0.9864,0.3485,8.3667,31.1589,49.795472,7.056591,0.9404,0.9883,0.3483,0.3483,0.3483,8.16,114.1647,55.527,114.1647,55.527,0.1755,31.1589,0.9404,49.795472,7.056591,0.6405,0.002,0.0003,0.2067
/kaggle/input/datasets/duc24kdl/sub-x-ray/sub_X-Ray/sub_NIH/00001007_003.png,,sub_NIH,00001007_003.png,ok,256x256 -> 1024x1024,4,1,40.07,33.4659,29.274432,5.410585,0.9653,0.9926,0.2273,8.3922,33.602,28.371108,5.326454,0.9663,0.9935,0.2358,0.2358,0.2358,7.9228,163.3251,67.7259,163.3251,67.7259,0.073,33.602,0.9663,28.371108,5.326454,0.1361,0.0009,-0.0085,0.4693
/kaggle/input/datasets/duc24kdl/sub-x-ray/sub_X-Ray/sub_NIH/00001018_000.png,,sub_NIH,00001018_000.png,ok,256x256 -> 1024x1024,4,1,39.86,38.802,8.568013,2.927117,0.9292,0.9867,0.361,8.4877,38.9807,8.222657,2.867518,0.9319,0.9881,0.3772,0.3772,0.3772,8.1103,119.739,64.8872,119.739,64.8872,0.0897,38.9807,0.9319,8.222657,2.867518,0.1787,0.0014,-0.0161,0.3774
/kaggle/input/datasets/duc24kdl/sub-x-ray/sub_X-Ray/sub_NIH/00001019_000.png,,sub_NIH,00001019_000.png,ok,256x256 -> 1024x1024,4,1,38.91,38.4543,9.282292,3.046685,0.9419,0.9891,0.3168,8.7432,38.6648,8.843041,2.973725,0.944,0.9902,0.3359,0.3359,0.3359,8.1728,120.3563,73.9117,120.3563,73.9117,0.0911,38.6648,0.944,8.843041,2.973725,0.2105,0.0011,-0.0191,0.5704
/kaggle/input/datasets/duc24kdl/sub-x-ray/sub_X-Ray/sub_NIH/00001019_002.png,,sub_NIH,00001019_002.png,ok,256x256 -> 1024x1024,4,1,39.34,33.8514,26.787817,5.175695,0.963,0.9921,0.2364,8.7068,34.0843,25.389174,5.038767,0.9651,0.993,0.2387,0.2387,0.2387,8.2667,171.4207,54.7419,171.4207,54.7419,0.0316,34.0843,0.9651,25.389174,5.038767,0.2329,0.001,-0.0023,0.4401
/kaggle/input/datasets/duc24kdl/sub-x-ray/sub_X-Ray/sub_NIH/00001021_001.png,,sub_NIH,00001021_001.png,ok,256x256 -> 1024x1024,4,1,39.08,39.3905,7.482165,2.735355,0.9362,0.9884,0.3163,8.6838,39.6236,7.091256,2.662941,0.9389,0.9897,0.3336,0.3336,0.3336,8.1545,94.5932,70.7047,94.5932,70.7047,0.0774,39.6236,0.9389,7.091256,2.662941,0.233,0.0013,-0.0173,0.5293
/kaggle/input/datasets/duc24kdl/sub-x-ray/sub_X-Ray/sub_NIH/00001021_002.png,,sub_NIH,00001021_002.png,ok,256x256 -> 1024x1024,4,1,40.17,34.0218,25.757096,5.075145,0.9434,0.9879,0.3068,8.1764,34.8023,21.520477,4.639017,0.9469,0.9897,0.3127,0.3127,0.3127,7.7553,122.4645,60.1591,122.4645,60.1591,0.0537,34.8023,0.9469,21.520477,4.639017,0.7805,0.0018,-0.0059,0.421
/kaggle/input/datasets/duc24kdl/sub-x-ray/sub_X-Ray/sub_NIH/00001021_004.png,,sub_NIH,00001021_004.png,ok,256x256 -> 1024x1024,4,1,38.93,38.8252,8.522337,2.919304,0.934,0.9878,0.3241,8.3534,38.9686,8.245604,2.871516,0.9367,0.9893,0.3403,0.3403,0.3403,7.7147,111.4457,67.0017,111.4457,67.0017,0.0878,38.9686,0.9367,8.245604,2.871516,0.1434,0.0014,-0.0162,0.6387
/kaggle/input/datasets/duc24kdl/sub-x-ray/sub_X-Ray/sub_NIH/00001029_001.png,,sub_NIH,00001029_001.png,ok,256x256 -> 1024x1024,4,1,39.11,29.6978,69.711048,8.349314,0.9269,0.9839,0.3474,7.9489,30.0286,64.59887,8.037342,0.9287,0.9857,0.3581,0.3581,0.3581,7.6054,115.0477,55.7704,115.0477,55.7704,0.0795,30.0286,0.9287,64.59887,8.037342,0.3308,0.0018,-0.0106,0.3434
/kaggle/input/datasets/duc24kdl/sub-x-ray/sub_X-Ray/sub_NIH/00001029_003.png,,sub_NIH,00001029_003.png,ok,256x256 -> 1024x1024,4,1,39.19,35.1545,19.844078,4.454669,0.9735,0.9943,0.2533,9.4871,35.3953,18.773716,4.332865,0.9744,0.9949,0.2685,0.2685,0.2685,8.6724,127.3116,58.752,127.3116,58.752,0.0714,35.3953,0.9744,18.773716,4.332865,0.2408,0.0006,-0.0152,0.8147
/kaggle/input/datasets/duc24kdl/sub-x-ray/sub_X-Ray/sub_NIH/00001029_015.png,,sub_NIH,00001029_015.png,ok,256x256 -> 1024x1024,4,1,39.76,37.705,11.030196,3.321174,0.9304,0.9872,0.3589,8.6466,37.903,10.538496,3.246305,0.9328,0.9885,0.3794,0.3794,0.3794,8.1838,101.0225,64.9188,101.0225,64.9188,0.0947,37.903,0.9328,10.538496,3.246305,0.198,0.0013,-0.0205,0.4629
/kaggle/input/datasets/duc24kdl/sub-x-ray/sub_X-Ray/sub_NIH/00001029_016.png,,sub_NIH,00001029_016.png,ok,256x256 -> 1024x1024,4,1,39.88,30.8203,53.833601,7.337138,0.9474,0.9885,0.2929,8.6418,30.9965,51.693429,7.189814,0.9483,0.9897,0.2971,0.2971,0.2971,8.2266,111.9684,60.1592,111.9684,60.1592,0.0869,30.9965,0.9483,51.693429,7.189814,0.1762,0.0011,-0.0042,0.4152
/kaggle/input/datasets/duc24kdl/sub-x-ray/sub_X-Ray/sub_NIH/00001031_002.png,,sub_NIH,00001031_002.png,ok,256x256 -> 1024x1024,4,1,39.1,35.1341,19.937644,4.465159,0.9199,0.986,0.401,8.5758,35.4163,18.683206,4.322407,0.9229,0.9873,0.4266,0.4266,0.4266,8.1509,139.802,68.6451,139.802,68.6451,0.0711,35.4163,0.9229,18.683206,4.322407,0.2822,0.0013,-0.0256,0.4249
/kaggle/input/datasets/duc24kdl/sub-x-ray/sub_X-Ray/sub_NIH/00001033_000.png,,sub_NIH,00001033_000.png,ok,256x256 -> 1024x1024,4,1,38.92,43.8713,2.666575,1.632965,0.9723,0.9939,0.2182,9.1156,44.2196,2.461048,1.568773,0.9742,0.9947,0.2459,0.2459,0.2459,8.6216,174.999,34.5284,174.999,34.5284,0.1051,44.2196,0.9742,2.461048,1.568773,0.3483,0.0007,-0.0277,0.4941
/kaggle/input/datasets/duc24kdl/sub-x-ray/sub_X-Ray/sub_NIH/00001039_004.png,,sub_NIH,00001039_004.png,ok,256x256 -> 1024x1024,4,1,38.59,37.9334,10.464908,3.234951,0.9491,0.99,0.3023,8.7001,38.2639,9.698185,3.114191,0.9505,0.9912,0.3113,0.3113,0.3113,8.1184,107.7099,64.6572,107.7099,64.6572,0.1273,38.2639,0.9505,9.698185,3.114191,0.3304,0.0011,-0.0089,0.5817
/kaggle/input/datasets/duc24kdl/sub-x-ray/sub_X-Ray/sub_NIH/00001040_000.png,,sub_NIH,00001040_000.png,ok,256x256 -> 1024x1024,4,1,39.67,42.8197,3.397086,1.843119,0.9679,0.9924,0.2221,8.5437,43.1898,3.119604,1.76624,0.9702,0.9935,0.2349,0.2349,0.2349,8.1325,149.4311,55.5724,149.4311,55.5724,0.1496,43.1898,0.9702,3.119604,1.76624,0.3701,0.0011,-0.0128,0.4112
/kaggle/input/datasets/duc24kdl/sub-x-ray/sub_X-Ray/sub_NIH/00001040_001.png,,sub_NIH,00001040_001.png,ok,256x256 -> 1024x1024,4,1,39.78,37.3843,11.875495,3.446084,0.9209,0.9854,0.3525,8.5728,37.6394,11.198039,3.346347,0.9237,0.9868,0.3677,0.3677,0.3677,8.0934,107.5965,69.2938,107.5965,69.2938,0.104,37.6394,0.9237,11.198039,3.346347,0.2551,0.0015,-0.0151,0.4794
/kaggle/input/datasets/duc24kdl/sub-x-ray/sub_X-Ray/sub_NIH/00001042_000.png,,sub_NIH,00001042_000.png,ok,256x256 -> 1024x1024,4,1,39.61,41.8588,4.238383,2.058733,0.9672,0.9923,0.2386,8.7165,42.1614,3.953108,1.988242,0.9698,0.9935,0.2509,0.2509,0.2509,8.3171,165.7157,46.932,165.7157,46.932,0.132,42.1614,0.9698,3.953108,1.988242,0.3026,0.0012,-0.0123,0.3994
/kaggle/input/datasets/duc24kdl/sub-x-ray/sub_X-Ray/sub_NIH/00001043_000.png,,sub_NIH,00001043_000.png,ok,256x256 -> 1024x1024,4,1,39.18,34.9789,20.66292,4.545649,0.9629,0.9916,0.2161,8.243,35.0798,20.188138,4.493121,0.9649,0.9929,0.2207,0.2207,0.2207,7.7536,177.0437,52.0483,177.0437,52.0483,0.0606,35.0798,0.9649,20.188138,4.493121,0.101,0.0013,-0.0046,0.4894
/kaggle/input/datasets/duc24kdl/sub-x-ray/sub_X-Ray/sub_NIH/00001045_003.png,,sub_NIH,00001045_003.png,ok,256x256 -> 1024x1024,4,1,38.74,31.7194,43.766799,6.615648,0.9546,0.9901,0.2682,8.6581,31.8673,42.30128,6.503943,0.9558,0.9911,0.2726,0.2726,0.2726,8.17,166.2666,51.218,166.2666,51.218,0.0474,31.8673,0.9558,42.30128,6.503943,0.1479,0.0011,-0.0044,0.4882
/kaggle/input/datasets/duc24kdl/sub-x-ray/sub_X-Ray/sub_NIH/00001045_004.png,,sub_NIH,00001045_004.png,ok,256x256 -> 1024x1024,4,1,39.26,30.1311,63.091732,7.94303,0.9324,0.9861,0.3501,8.165,30.2979,60.714888,7.791976,0.933,0.9872,0.3693,0.3693,0.3693,7.7644,142.1451,58.0193,142.1451,58.0193,0.0975,30.2979,0.933,60.714888,7.791976,0.1668,0.0011,-0.0192,0.4006
/kaggle/input/datasets/duc24kdl/sub-x-ray/sub_X-Ray/sub_NIH/00001048_000.png,,sub_NIH,00001048_000.png,ok,256x256 -> 1024x1024,4,1,38.75,42.1724,3.943121,1.985729,0.9652,0.9918,0.2467,8.5227,42.6277,3.550655,1.884318,0.9677,0.993,0.2548,0.2548,0.2548,8.2078,172.8781,41.5461,172.8781,41.5461,0.1205,42.6277,0.9677,3.550655,1.884318,0.4553,0.0012,-0.0081,0.3149
/kaggle/input/datasets/duc24kdl/sub-x-ray/sub_X-Ray/sub_NIH/00001049_000.png,,sub_NIH,00001049_000.png,ok,256x256 -> 1024x1024,4,1,40.06,41.0208,5.140481,2.267263,0.948,0.9891,0.3537,8.4669,41.2769,4.846079,2.201381,0.9503,0.9903,0.3821,0.3821,0.3821,8.0777,108.5499,29.0765,108.5499,29.0765,0.0871,41.2769,0.9503,4.846079,2.201381,0.2561,0.0012,-0.0284,0.3892
/kaggle/input/datasets/duc24kdl/sub-x-ray/sub_X-Ray/sub_NIH/00001052_002.png,,sub_NIH,00001052_002.png,ok,256x256 -> 1024x1024,4,1,40.24,37.6689,11.122166,3.334991,0.9293,0.987,0.3741,8.7751,38.0232,10.250885,3.2017,0.9323,0.9885,0.3995,0.3995,0.3995,8.2393,117.4718,67.9156,117.4718,67.9156,0.0907,38.0232,0.9323,10.250885,3.2017,0.3543,0.0015,-0.0254,0.5359
/kaggle/input/datasets/duc24kdl/sub-x-ray/sub_X-Ray/sub_NIH/00001054_004.png,,sub_NIH,00001054_004.png,ok,256x256 -> 1024x1024,4,1,40.15,36.0497,16.147732,4.018424,0.9749,0.9941,0.1867,8.4727,36.1465,15.791865,3.973898,0.9767,0.9951,0.1953,0.1953,0.1953,8.2176,162.0165,55.8489,162.0165,55.8489,0.0547,36.1465,0.9767,15.791865,3.973898,0.0968,0.001,-0.0086,0.2552
/kaggle/input/datasets/duc24kdl/sub-x-ray/sub_X-Ray/sub_NIH/00001055_006.png,,sub_NIH,00001055_006.png,ok,256x256 -> 1024x1024,4,1,39.07,34.2401,24.494321,4.949174,0.9707,0.9935,0.1911,8.4298,34.4405,23.389962,4.836317,0.972,0.9944,0.1937,0.1937,0.1937,7.7658,167.6795,68.5515,167.6795,68.5515,0.0839,34.4405,0.972,23.389962,4.836317,0.2004,0.0009,-0.0026,0.664
/kaggle/input/datasets/duc24kdl/sub-x-ray/sub_X-Ray/sub_NIH/00001055_007.png,,sub_NIH,00001055_007.png,ok,256x256 -> 1024x1024,4,1,38.95,36.9213,13.211336,3.63474,0.9169,0.9851,0.3771,8.5723,37.2127,12.354177,3.514851,0.9198,0.9866,0.4007,0.4007,0.4007,7.8001,105.0357,69.6479,105.0357,69.6479,0.0558,37.2127,0.9198,12.354177,3.514851,0.2913,0.0015,-0.0236,0.7722
/kaggle/input/datasets/duc24kdl/sub-x-ray/sub_X-Ray/sub_NIH/00001056_000.png,,sub_NIH,00001056_000.png,ok,256x256 -> 1024x1024,4,1,38.85,38.5766,9.024426,3.004068,0.9409,0.9891,0.3223,8.8901,38.7517,8.667863,2.944123,0.9434,0.9903,0.3416,0.3416,0.3416,8.4817,130.0,75.1198,130.0,75.1198,0.0761,38.7517,0.9434,8.667863,2.944123,0.1751,0.0011,-0.0193,0.4083
/kaggle/input/datasets/duc24kdl/sub-x-ray/sub_X-Ray/sub_NIH/00001059_001.png,,sub_NIH,00001059_001.png,ok,256x256 -> 1024x1024,4,1,39.18,30.7213,55.07441,7.421214,0.9238,0.986,0.3587,8.4338,31.4025,47.079166,6.861426,0.9266,0.9876,0.3654,0.3654,0.3654,7.8273,112.535,68.2218,112.535,68.2218,0.1521,31.4025,0.9266,47.079166,6.861426,0.6812,0.0016,-0.0067,0.6064
/kaggle/input/datasets/duc24kdl/sub-x-ray/sub_X-Ray/sub_NIH/00001059_004.png,,sub_NIH,00001059_004.png,ok,256x256 -> 1024x1024,4,1,39.22,36.4307,14.791471,3.845968,0.9362,0.9879,0.3082,8.347,36.8486,13.434592,3.665323,0.9384,0.9893,0.3215,0.3215,0.3215,7.6636,101.6831,72.6924,101.6831,72.6924,0.1287,36.8486,0.9384,13.434592,3.665323,0.4179,0.0014,-0.0133,0.6834
/kaggle/input/datasets/duc24kdl/sub-x-ray/sub_X-Ray/sub_NIH/00001068_003.png,,sub_NIH,00001068_003.png,ok,256x256 -> 1024x1024,4,1,39.34,38.1322,9.996877,3.161784,0.9327,0.9882,0.3686,8.7447,38.3144,9.586132,3.096148,0.9353,0.9893,0.3947,0.3947,0.3947,8.3479,137.298,71.867,137.298,71.867,0.0876,38.3144,0.9353,9.586132,3.096148,0.1822,0.001,-0.0261,0.3968
/kaggle/input/datasets/duc24kdl/sub-x-ray/sub_X-Ray/sub_NIH/00001071_000.png,,sub_NIH,00001071_000.png,ok,256x256 -> 1024x1024,4,1,39.87,39.9157,6.629908,2.574861,0.9472,0.9903,0.3002,8.6661,40.1152,6.332261,2.516398,0.9489,0.9914,0.3164,0.3164,0.3164,8.1749,106.458,68.0981,106.458,68.0981,0.112,40.1152,0.9489,6.332261,2.516398,0.1995,0.0011,-0.0162,0.4912
/kaggle/input/datasets/duc24kdl/sub-x-ray/sub_X-Ray/sub_NIH/00001075_005.png,,sub_NIH,00001075_005.png,ok,256x256 -> 1024x1024,4,1,38.71,30.1753,62.452098,7.902664,0.9451,0.9879,0.2867,8.1928,30.442,58.732132,7.663689,0.9466,0.9893,0.2933,0.2933,0.2933,7.7798,110.8904,67.347,110.8904,67.347,0.1089,30.442,0.9466,58.732132,7.663689,0.2667,0.0014,-0.0066,0.413
/kaggle/input/datasets/duc24kdl/sub-x-ray/sub_X-Ray/sub_NIH/00001075_015.png,,sub_NIH,00001075_015.png,ok,256x256 -> 1024x1024,4,1,39.03,32.8,34.125342,5.84169,0.9541,0.9893,0.2987,8.4588,32.9596,32.893904,5.735321,0.9549,0.9904,0.305,0.305,0.305,8.0499,99.6217,47.9976,99.6217,47.9976,0.0909,32.9596,0.9549,32.893904,5.735321,0.1596,0.0011,-0.0064,0.4089
/kaggle/input/datasets/duc24kdl/sub-x-ray/sub_X-Ray/sub_NIH/00001075_020.png,,sub_NIH,00001075_020.png,ok,256x256 -> 1024x1024,4,1,39.14,33.6613,27.986676,5.290243,0.9513,0.9888,0.3208,8.5143,33.7849,27.201084,5.215466,0.953,0.9902,0.3304,0.3304,0.3304,8.2059,103.1847,43.9896,103.1847,43.9896,0.0768,33.7849,0.953,27.201084,5.215466,0.1237,0.0015,-0.0096,0.3083
/kaggle/input/datasets/duc24kdl/sub-x-ray/sub_X-Ray/sub_NIH/00001075_022.png,,sub_NIH,00001075_022.png,ok,256x256 -> 1024x1024,4,1,39.22,40.2041,6.203952,2.490773,0.9468,0.9903,0.2931,8.6269,40.3459,6.004663,2.450441,0.9489,0.9913,0.3068,0.3068,0.3068,8.0857,100.608,81.2848,100.608,81.2848,0.0667,40.3459,0.9489,6.004663,2.450441,0.1418,0.001,-0.0137,0.5412
/kaggle/input/datasets/duc24kdl/sub-x-ray/sub_X-Ray/sub_NIH/00001075_024.png,,sub_NIH,00001075_024.png,ok,256x256 -> 1024x1024,4,1,39.13,39.3886,7.485473,2.735959,0.9262,0.9866,0.3975,8.8314,39.8366,6.751762,2.598415,0.9284,0.9877,0.4242,0.4242,0.4242,8.7494,125.8143,72.0679,125.8143,72.0679,0.1493,39.8366,0.9284,6.751762,2.598415,0.448,0.0011,-0.0267,0.082
/kaggle/input/datasets/duc24kdl/sub-x-ray/sub_X-Ray/sub_NIH/00001075_026.png,,sub_NIH,00001075_026.png,ok,256x256 -> 1024x1024,4,1,39.22,29.9893,65.185182,8.073734,0.9309,0.9847,0.3151,7.9554,30.2078,61.986511,7.873151,0.9323,0.9865,0.3232,0.3232,0.3232,7.6037,123.7722,52.9698,123.7722,52.9698,0.1183,30.2078,0.9323,61.986511,7.873151,0.2185,0.0018,-0.0081,0.3517
/kaggle/input/datasets/duc24kdl/sub-x-ray/sub_X-Ray/sub_NIH/00001075_028.png,,sub_NIH,00001075_028.png,ok,256x256 -> 1024x1024,4,1,39.33,29.4082,74.517484,8.632351,0.9228,0.9831,0.3129,7.777,29.631,70.791584,8.413773,0.9237,0.9852,0.3131,0.3131,0.3131,7.4656,129.088,63.2771,129.088,63.2771,0.118,29.631,0.9237,70.791584,8.413773,0.2228,0.0021,-0.0002,0.3114
/kaggle/input/datasets/duc24kdl/sub-x-ray/sub_X-Ray/sub_NIH/00001075_030.png,,sub_NIH,00001075_030.png,ok,256x256 -> 1024x1024,4,1,39.74,30.1297,63.112459,7.944335,0.9331,0.9854,0.3253,7.9636,30.3892,59.450903,7.710441,0.9342,0.9869,0.3377,0.3377,0.3377,7.7055,123.3299,53.5636,123.3299,53.5636,0.092,30.3892,0.9342,59.450903,7.710441,0.2596,0.0014,-0.0124,0.2581
/kaggle/input/datasets/duc24kdl/sub-x-ray/sub_X-Ray/sub_NIH/00001075_038.png,,sub_NIH,00001075_038.png,ok,256x256 -> 1024x1024,4,1,38.76,42.5484,3.616076,1.901598,0.9708,0.9932,0.2066,8.3258,42.9702,3.281431,1.811472,0.973,0.9943,0.2187,0.2187,0.2187,8.0034,168.9242,46.4009,168.9242,46.4009,0.1578,42.9702,0.973,3.281431,1.811472,0.4217,0.001,-0.0122,0.3224
/kaggle/input/datasets/duc24kdl/sub-x-ray/sub_X-Ray/sub_NIH/00001077_002.png,,sub_NIH,00001077_002.png,ok,256x256 -> 1024x1024,4,1,38.76,34.5259,22.934672,4.789016,0.961,0.9918,0.223,8.7249,34.9982,20.571315,4.535561,0.9619,0.9927,0.2259,0.2259,0.2259,8.182,141.8722,71.7067,141.8722,71.7067,0.0836,34.9982,0.9619,20.571315,4.535561,0.4723,0.0009,-0.003,0.5428
/kaggle/input/datasets/duc24kdl/sub-x-ray/sub_X-Ray/sub_NIH/00001078_000.png,,sub_NIH,00001078_000.png,ok,256x256 -> 1024x1024,4,1,39.85,29.9651,65.549931,8.096291,0.9276,0.9842,0.363,7.8112,30.2187,61.830911,7.863263,0.9279,0.9857,0.3776,0.3776,0.3776,7.4225,121.7461,54.1473,121.7461,54.1473,0.1284,30.2187,0.9279,61.830911,7.863263,0.2537,0.0015,-0.0147,0.3887
/kaggle/input/datasets/duc24kdl/sub-x-ray/sub_X-Ray/sub_NIH/00001078_002.png,,sub_NIH,00001078_002.png,ok,256x256 -> 1024x1024,4,1,39.7,38.3195,9.574798,3.094317,0.9241,0.9865,0.3949,8.7437,38.5308,9.120028,3.019938,0.927,0.9877,0.4219,0.4219,0.4219,8.3842,134.7092,65.4316,134.7092,65.4316,0.0707,38.5308,0.927,9.120028,3.019938,0.2113,0.0013,-0.027,0.3595
/kaggle/input/datasets/duc24kdl/sub-x-ray/sub_X-Ray/sub_NIH/00001081_002.png,,sub_NIH,00001081_002.png,ok,256x256 -> 1024x1024,4,1,38.94,38.5103,9.163371,3.027106,0.9413,0.9887,0.3347,8.7713,38.7389,8.693321,2.948444,0.9432,0.9897,0.3547,0.3547,0.3547,8.2888,129.9483,65.3118,129.9483,65.3118,0.088,38.7389,0.9432,8.693321,2.948444,0.2287,0.0011,-0.02,0.4825
/kaggle/input/datasets/duc24kdl/sub-x-ray/sub_X-Ray/sub_NIH/00001082_006.png,,sub_NIH,00001082_006.png,ok,256x256 -> 1024x1024,4,1,38.83,37.8438,10.683066,3.268496,0.9252,0.9865,0.3887,8.6703,38.2883,9.643924,3.105467,0.9281,0.988,0.4142,0.4142,0.4142,8.1572,116.0195,62.3599,116.0195,62.3599,0.118,38.2883,0.9281,9.643924,3.105467,0.4444,0.0015,-0.0255,0.5132
/kaggle/input/datasets/duc24kdl/sub-x-ray/sub_X-Ray/sub_NIH/00001085_001.png,,sub_NIH,00001085_001.png,ok,256x256 -> 1024x1024,4,1,38.91,33.3059,30.373534,5.511219,0.9498,0.9888,0.2668,8.5769,33.9852,25.975064,5.096574,0.9529,0.9905,0.2734,0.2734,0.2734,8.1029,160.055,60.9594,160.055,60.9594,0.127,33.9852,0.9529,25.975064,5.096574,0.6794,0.0017,-0.0066,0.4739
/kaggle/input/datasets/duc24kdl/sub-x-ray/sub_X-Ray/sub_NIH/00001086_001.png,,sub_NIH,00001086_001.png,ok,256x256 -> 1024x1024,4,1,39.3,35.4373,18.592867,4.311945,0.9177,0.9847,0.3903,8.6263,35.6511,17.69994,4.20713,0.9203,0.9862,0.4131,0.4131,0.4131,8.1731,126.2375,68.7957,126.2375,68.7957,0.0981,35.6511,0.9203,17.69994,4.20713,0.2137,0.0015,-0.0228,0.4532
/kaggle/input/datasets/duc24kdl/sub-x-ray/sub_X-Ray/sub_NIH/00001088_006.png,,sub_NIH,00001088_006.png,ok,256x256 -> 1024x1024,4,1,39.12,34.5552,22.780094,4.77285,0.9656,0.9924,0.2372,8.6477,34.6529,22.273556,4.719487,0.9673,0.9934,0.2451,0.2451,0.2451,8.0861,168.8998,57.2035,168.8998,57.2035,0.0598,34.6529,0.9673,22.273556,4.719487,0.0977,0.001,-0.008,0.5616
/kaggle/input/datasets/duc24kdl/sub-x-ray/sub_X-Ray/sub_NIH/00001088_008.png,,sub_NIH,00001088_008.png,ok,256x256 -> 1024x1024,4,1,39.25,38.3309,9.549769,3.09027,0.9317,0.9877,0.3681,8.6602,38.5854,9.006247,3.001041,0.9347,0.9889,0.3928,0.3928,0.3928,8.2764,135.5663,65.7537,135.5663,65.7537,0.0925,38.5854,0.9347,9.006247,3.001041,0.2545,0.0013,-0.0248,0.3838
/kaggle/input/datasets/duc24kdl/sub-x-ray/sub_X-Ray/sub_NIH/00001088_018.png,,sub_NIH,00001088_018.png,ok,256x256 -> 1024x1024,4,1,39.03,33.3133,30.32115,5.506464,0.9664,0.9927,0.2856,9.6051,33.353,30.045356,5.481364,0.9671,0.9932,0.313,0.313,0.313,9.0631,126.04,52.8578,126.04,52.8578,0.0615,33.353,0.9671,30.045356,5.481364,0.0397,0.0005,-0.0274,0.542
/kaggle/input/datasets/duc24kdl/sub-x-ray/sub_X-Ray/sub_NIH/00001088_023.png,,sub_NIH,00001088_023.png,ok,256x256 -> 1024x1024,4,1,40.25,39.1971,7.82296,2.796956,0.9307,0.9876,0.3637,8.6072,39.4962,7.302258,2.702269,0.9335,0.9889,0.3889,0.3889,0.3889,8.1091,138.0491,65.4489,138.0491,65.4489,0.0926,39.4962,0.9335,7.302258,2.702269,0.2991,0.0013,-0.0251,0.4982
/kaggle/input/datasets/duc24kdl/sub-x-ray/sub_X-Ray/sub_NIH/00001093_001.png,,sub_NIH,00001093_001.png,ok,256x256 -> 1024x1024,4,1,39.51,37.4225,11.771367,3.430943,0.9197,0.9849,0.3608,8.3231,37.6906,11.066809,3.326681,0.9228,0.9866,0.3771,0.3771,0.3771,7.6633,104.0407,70.1154,104.0407,70.1154,0.0991,37.6906,0.9228,11.066809,3.326681,0.268,0.0017,-0.0163,0.6598
/kaggle/input/datasets/duc24kdl/sub-x-ray/sub_X-Ray/sub_NIH/00001093_002.png,,sub_NIH,00001093_002.png,ok,256x256 -> 1024x1024,4,1,39.64,37.3203,12.051808,3.471571,0.9196,0.9847,0.3628,8.492,37.5787,11.355724,3.369826,0.9227,0.9864,0.3777,0.3777,0.3777,7.8155,102.5521,69.5143,102.5521,69.5143,0.105,37.5787,0.9227,11.355724,3.369826,0.2584,0.0017,-0.0149,0.6765
/kaggle/input/datasets/duc24kdl/sub-x-ray/sub_X-Ray/sub_NIH/00001093_004.png,,sub_NIH,00001093_004.png,ok,256x256 -> 1024x1024,4,1,38.92,39.9292,6.60933,2.570862,0.9494,0.9878,0.3009,8.374,40.2133,6.190883,2.488148,0.9521,0.9895,0.3029,0.3029,0.3029,7.7786,103.4287,38.2888,103.4287,38.2888,0.1228,40.2133,0.9521,6.190883,2.488148,0.284,0.0016,-0.002,0.5955
/kaggle/input/datasets/duc24kdl/sub-x-ray/sub_X-Ray/sub_NIH/00001098_000.png,,sub_NIH,00001098_000.png,ok,256x256 -> 1024x1024,4,1,39.45,33.3157,30.304405,5.504944,0.9605,0.9918,0.2238,8.4985,33.61,28.319389,5.321596,0.9614,0.9929,0.226,0.226,0.226,8.0502,170.8617,67.4341,170.8617,67.4341,0.0334,33.61,0.9614,28.319389,5.321596,0.2942,0.0011,-0.0022,0.4483
/kaggle/input/datasets/duc24kdl/sub-x-ray/sub_X-Ray/sub_NIH/00001100_001.png,,sub_NIH,00001100_001.png,ok,256x256 -> 1024x1024,4,1,38.94,38.0337,10.226222,3.197847,0.9199,0.9851,0.395,8.7446,38.2796,9.663099,3.108553,0.9231,0.9865,0.4165,0.4165,0.4165,8.3974,136.1687,61.6391,136.1687,61.6391,0.0906,38.2796,0.9231,9.663099,3.108553,0.246,0.0014,-0.0214,0.3473
/kaggle/input/datasets/duc24kdl/sub-x-ray/sub_X-Ray/sub_NIH/00001100_002.png,,sub_NIH,00001100_002.png,ok,256x256 -> 1024x1024,4,1,38.97,30.9199,52.613195,7.253495,0.9363,0.9866,0.2897,8.5355,31.4004,47.101937,6.863085,0.9396,0.9884,0.2895,0.2895,0.2895,7.8871,149.326,56.8897,149.326,56.8897,0.178,31.4004,0.9396,47.101937,6.863085,0.4806,0.0018,0.0002,0.6485
/kaggle/input/datasets/duc24kdl/sub-x-ray/sub_X-Ray/sub_NIH/00001101_002.png,,sub_NIH,00001101_002.png,ok,256x256 -> 1024x1024,4,1,38.89,32.3156,38.152252,6.176751,0.9368,0.9861,0.3317,7.6641,32.5363,36.261691,6.021768,0.9391,0.9881,0.3379,0.3379,0.3379,7.3175,115.4426,49.3047,115.4426,49.3047,0.1173,32.5363,0.9391,36.261691,6.021768,0.2207,0.002,-0.0062,0.3466
/kaggle/input/datasets/duc24kdl/sub-x-ray/sub_X-Ray/sub_NIH/00001101_009.png,,sub_NIH,00001101_009.png,ok,256x256 -> 1024x1024,4,1,38.74,34.089,25.361533,5.036024,0.9318,0.9882,0.3576,8.5329,34.64,22.339717,4.726491,0.9349,0.9894,0.3736,0.3736,0.3736,8.0498,128.4198,70.7133,128.4198,70.7133,0.127,34.64,0.9349,22.339717,4.726491,0.551,0.0012,-0.016,0.4831
/kaggle/input/datasets/duc24kdl/sub-x-ray/sub_X-Ray/sub_NIH/00001101_012.png,,sub_NIH,00001101_012.png,ok,256x256 -> 1024x1024,4,1,39.54,31.3431,47.727623,6.908518,0.9648,0.9922,0.2815,8.8376,31.4403,46.671251,6.831636,0.9656,0.993,0.2988,0.2988,0.2988,8.3822,111.867,53.6349,111.867,53.6349,0.0659,31.4403,0.9656,46.671251,6.831636,0.0972,0.0007,-0.0173,0.4553
/kaggle/input/datasets/duc24kdl/sub-x-ray/sub_X-Ray/sub_NIH/00001101_013.png,,sub_NIH,00001101_013.png,ok,256x256 -> 1024x1024,4,1,38.89,36.7856,13.630653,3.691971,0.936,0.9884,0.3412,8.7293,37.0007,12.972237,3.601699,0.9384,0.9896,0.358,0.358,0.358,8.1481,119.8543,69.5568,119.8543,69.5568,0.0602,37.0007,0.9384,12.972237,3.601699,0.215,0.0012,-0.0168,0.5813
/kaggle/input/datasets/duc24kdl/sub-x-ray/sub_X-Ray/sub_NIH/00001101_015.png,,sub_NIH,00001101_015.png,ok,256x256 -> 1024x1024,4,1,39.02,30.3625,59.818107,7.734217,0.9747,0.9938,0.1976,8.8635,30.4589,58.505202,7.648869,0.9745,0.9943,0.2069,0.2069,0.2069,8.1797,166.1728,47.2674,166.1728,47.2674,0.0865,30.4589,0.9745,58.505202,7.648869,0.0964,0.0005,-0.0093,0.6837
/kaggle/input/datasets/duc24kdl/sub-x-ray/sub_X-Ray/sub_NIH/00001101_018.png,,sub_NIH,00001101_018.png,ok,256x256 -> 1024x1024,4,1,39.9,30.3233,60.360737,7.769217,0.9258,0.9855,0.3755,8.2964,30.503,57.913712,7.610106,0.926,0.9865,0.3921,0.3921,0.3921,7.6571,130.61,60.8695,130.61,60.8695,0.0998,30.503,0.926,57.913712,7.610106,0.1797,0.0011,-0.0166,0.6393
/kaggle/input/datasets/duc24kdl/sub-x-ray/sub_X-Ray/sub_NIH/00001103_003.png,,sub_NIH,00001103_003.png,ok,256x256 -> 1024x1024,4,1,39.09,38.3706,9.462741,3.076157,0.9292,0.9867,0.3569,8.6697,38.6998,8.772036,2.961762,0.932,0.9881,0.3764,0.3764,0.3764,8.0158,115.4349,65.0639,115.4349,65.0639,0.1177,38.6998,0.932,8.772036,2.961762,0.3292,0.0014,-0.0195,0.6539
/kaggle/input/datasets/duc24kdl/sub-x-ray/sub_X-Ray/sub_NIH/00001104_000.png,,sub_NIH,00001104_000.png,ok,256x256 -> 1024x1024,4,1,40.13,33.2457,30.796843,5.54949,0.9494,0.9895,0.2662,8.4655,33.7486,27.429389,5.237307,0.9513,0.9907,0.2692,0.2692,0.2692,8.1235,161.0554,60.2096,161.0554,60.2096,0.0171,33.7486,0.9513,27.429389,5.237307,0.5029,0.0012,-0.003,0.342
/kaggle/input/datasets/duc24kdl/sub-x-ray/sub_X-Ray/sub_NIH/00001104_016.png,,sub_NIH,00001104_016.png,ok,256x256 -> 1024x1024,4,1,39.58,38.1705,9.909111,3.147874,0.9334,0.9878,0.3295,8.4222,38.1532,9.948657,3.154149,0.9352,0.989,0.3482,0.3482,0.3482,7.904,118.593,72.3313,118.593,72.3313,0.1174,38.1532,0.9352,9.948657,3.154149,-0.0173,0.0012,-0.0187,0.5182
/kaggle/input/datasets/duc24kdl/sub-x-ray/sub_X-Ray/sub_NIH/00001104_020.png,,sub_NIH,00001104_020.png,ok,256x256 -> 1024x1024,4,1,38.69,38.891,8.394222,2.897278,0.9365,0.9881,0.3215,8.4177,39.2393,7.747211,2.783381,0.9387,0.9894,0.335,0.335,0.335,7.9068,120.1894,69.3461,120.1894,69.3461,0.1097,39.2393,0.9387,7.747211,2.783381,0.3484,0.0013,-0.0135,0.5109
/kaggle/input/datasets/duc24kdl/sub-x-ray/sub_X-Ray/sub_NIH/00001104_021.png,,sub_NIH,00001104_021.png,ok,256x256 -> 1024x1024,4,1,40.08,38.7381,8.694995,2.948728,0.9402,0.9888,0.3177,8.6621,39.1417,7.923332,2.814841,0.9432,0.9901,0.3328,0.3328,0.3328,8.2274,112.3818,69.5473,112.3818,69.5473,0.1013,39.1417,0.9432,7.923332,2.814841,0.4036,0.0013,-0.0151,0.4346
/kaggle/input/datasets/duc24kdl/sub-x-ray/sub_X-Ray/sub_NIH/00001107_004.png,,sub_NIH,00001107_004.png,ok,256x256 -> 1024x1024,4,1,39.51,38.2528,9.723072,3.118184,0.932,0.9877,0.3689,8.6486,38.45,9.291408,3.048181,0.9345,0.9889,0.3907,0.3907,0.3907,8.2257,138.9747,64.5602,138.9747,64.5602,0.0913,38.45,0.9345,9.291408,3.048181,0.1972,0.0012,-0.0218,0.4229
/kaggle/input/datasets/duc24kdl/sub-x-ray/sub_X-Ray/sub_NIH/00001107_007.png,,sub_NIH,00001107_007.png,ok,256x256 -> 1024x1024,4,1,39.8,38.62,8.934608,2.989081,0.9284,0.987,0.3726,8.7809,38.8082,8.555844,2.925037,0.9311,0.9883,0.3939,0.3939,0.3939,8.3875,126.6333,67.4484,126.6333,67.4484,0.0762,38.8082,0.9311,8.555844,2.925037,0.1881,0.0013,-0.0213,0.3935
/kaggle/input/datasets/duc24kdl/sub-x-ray/sub_X-Ray/sub_NIH/00001107_008.png,,sub_NIH,00001107_008.png,ok,256x256 -> 1024x1024,4,1,39.13,31.8228,42.736871,6.537344,0.977,0.995,0.2074,9.8293,31.8123,42.8402,6.545243,0.9764,0.9951,0.2321,0.2321,0.2321,9.3355,156.6917,39.6064,156.6917,39.6064,0.0483,31.8123,0.9764,42.8402,6.545243,-0.0105,0.0001,-0.0247,0.4938
/kaggle/input/datasets/duc24kdl/sub-x-ray/sub_X-Ray/sub_NIH/00001107_010.png,,sub_NIH,00001107_010.png,ok,256x256 -> 1024x1024,4,1,39.05,32.1572,39.569475,6.290427,0.9651,0.9925,0.293,8.9542,32.4102,37.330508,6.10987,0.9662,0.9933,0.3155,0.3155,0.3155,8.6293,111.3509,50.1808,111.3509,50.1808,0.105,32.4102,0.9662,37.330508,6.10987,0.253,0.0008,-0.0226,0.3249
/kaggle/input/datasets/duc24kdl/sub-x-ray/sub_X-Ray/sub_NIH/00001108_001.png,,sub_NIH,00001108_001.png,ok,256x256 -> 1024x1024,4,1,39.28,40.0921,6.366004,2.523094,0.9468,0.9892,0.3589,8.4323,40.5296,5.755947,2.399155,0.9492,0.9903,0.3925,0.3925,0.3925,8.2624,107.9509,27.5096,107.9509,27.5096,0.094,40.5296,0.9492,5.755947,2.399155,0.4375,0.0012,-0.0336,0.17
/kaggle/input/datasets/duc24kdl/sub-x-ray/sub_X-Ray/sub_NIH/00001108_002.png,,sub_NIH,00001108_002.png,ok,256x256 -> 1024x1024,4,1,39.75,40.7607,5.457726,2.336178,0.9541,0.9899,0.3139,8.4534,41.0797,5.071174,2.251927,0.9565,0.9911,0.343,0.343,0.343,8.348,110.0548,31.5057,110.0548,31.5057,0.0794,41.0797,0.9565,5.071174,2.251927,0.319,0.0012,-0.0292,0.1054
/kaggle/input/datasets/duc24kdl/sub-x-ray/sub_X-Ray/sub_NIH/00001108_003.png,,sub_NIH,00001108_003.png,ok,256x256 -> 1024x1024,4,1,40.04,31.9332,41.663576,6.454733,0.9644,0.9919,0.3104,8.5655,32.0392,40.659572,6.376486,0.9647,0.9926,0.3301,0.3301,0.3301,8.245,102.0991,42.2869,102.0991,42.2869,0.0768,32.0392,0.9647,40.659572,6.376486,0.1059,0.0007,-0.0197,0.3205
/kaggle/input/datasets/duc24kdl/sub-x-ray/sub_X-Ray/sub_NIH/00001111_000.png,,sub_NIH,00001111_000.png,ok,256x256 -> 1024x1024,4,1,38.9,38.6753,8.821683,2.970132,0.934,0.9881,0.3403,8.7936,38.8964,8.383837,2.895486,0.9372,0.9894,0.3601,0.3601,0.3601,8.1287,116.1536,72.6789,116.1536,72.6789,0.0978,38.8964,0.9372,8.383837,2.895486,0.2211,0.0013,-0.0198,0.665
/kaggle/input/datasets/duc24kdl/sub-x-ray/sub_X-Ray/sub_NIH/00001114_000.png,,sub_NIH,00001114_000.png,ok,256x256 -> 1024x1024,4,1,38.95,41.4362,4.67155,2.161377,0.9597,0.9907,0.259,8.6384,41.8277,4.26882,2.066112,0.9626,0.9921,0.267,0.267,0.267,8.2389,171.9184,41.2722,171.9184,41.2722,0.1383,41.8277,0.9626,4.26882,2.066112,0.3915,0.0014,-0.008,0.3996
/kaggle/input/datasets/duc24kdl/sub-x-ray/sub_X-Ray/sub_NIH/00001117_000.png,,sub_NIH,00001117_000.png,ok,256x256 -> 1024x1024,4,1,38.46,39.477,7.334708,2.708267,0.9352,0.988,0.334,8.6944,39.6595,7.032852,2.651952,0.9373,0.9892,0.3539,0.3539,0.3539,8.098,119.738,69.2347,119.738,69.2347,0.0864,39.6595,0.9373,7.032852,2.651952,0.1825,0.0011,-0.0199,0.5965
/kaggle/input/datasets/duc24kdl/sub-x-ray/sub_X-Ray/sub_NIH/00001120_001.png,,sub_NIH,00001120_001.png,ok,256x256 -> 1024x1024,4,1,39.33,37.9023,10.54021,3.246569,0.9269,0.9866,0.3785,8.8486,38.2755,9.67223,3.110021,0.9296,0.9881,0.4009,0.4009,0.4009,8.4121,117.0492,60.2896,117.0492,60.2896,0.1059,38.2755,0.9296,9.67223,3.110021,0.3732,0.0015,-0.0224,0.4365
/kaggle/input/datasets/duc24kdl/sub-x-ray/sub_X-Ray/sub_NIH/00001120_002.png,,sub_NIH,00001120_002.png,ok,256x256 -> 1024x1024,4,1,39.83,38.275,9.673335,3.110199,0.9334,0.9879,0.3532,8.4483,38.6556,8.861824,2.976882,0.9364,0.9893,0.3732,0.3732,0.3732,8.0591,121.6473,64.7854,121.6473,64.7854,0.1157,38.6556,0.9364,8.861824,2.976882,0.3805,0.0014,-0.0199,0.3893
/kaggle/input/datasets/duc24kdl/sub-x-ray/sub_X-Ray/sub_NIH/00001122_003.png,,sub_NIH,00001122_003.png,ok,256x256 -> 1024x1024,4,1,39.2,38.9385,8.302887,2.881473,0.9351,0.9884,0.3404,8.3732,39.3037,7.633186,2.762822,0.9378,0.9896,0.3606,0.3606,0.3606,8.0452,115.0728,72.7377,115.0728,72.7377,0.095,39.3037,0.9378,7.633186,2.762822,0.3652,0.0012,-0.0203,0.328
/kaggle/input/datasets/duc24kdl/sub-x-ray/sub_X-Ray/sub_NIH/00001122_005.png,,sub_NIH,00001122_005.png,ok,256x256 -> 1024x1024,4,1,39.89,33.1469,31.505712,5.612995,0.9713,0.9933,0.2364,9.3048,33.3075,30.361727,5.510148,0.9725,0.9939,0.2534,0.2534,0.2534,8.6378,111.5409,49.3389,111.5409,49.3389,0.0954,33.3075,0.9725,30.361727,5.510148,0.1606,0.0006,-0.017,0.6669
/kaggle/input/datasets/duc24kdl/sub-x-ray/sub_X-Ray/sub_NIH/00001122_006.png,,sub_NIH,00001122_006.png,ok,256x256 -> 1024x1024,4,1,38.95,32.6495,35.328821,5.943805,0.9698,0.9935,0.2449,9.3201,32.8559,33.689365,5.804254,0.9706,0.9941,0.2679,0.2679,0.2679,8.7236,108.6355,63.3178,108.6355,63.3178,0.1027,32.8559,0.9706,33.689365,5.804254,0.2064,0.0006,-0.023,0.5965
/kaggle/input/datasets/duc24kdl/sub-x-ray/sub_X-Ray/sub_NIH/00001128_000.png,,sub_NIH,00001128_000.png,ok,256x256 -> 1024x1024,4,1,38.93,36.345,15.086301,3.884109,0.969,0.9927,0.2349,8.5534,36.5667,14.33554,3.78623,0.9708,0.9938,0.2414,0.2414,0.2414,7.9636,144.992,52.5119,144.992,52.5119,0.0761,36.5667,0.9708,14.33554,3.78623,0.2217,0.0011,-0.0065,0.5898
/kaggle/input/datasets/duc24kdl/sub-x-ray/sub_X-Ray/sub_NIH/00001129_000.png,,sub_NIH,00001129_000.png,ok,256x256 -> 1024x1024,4,1,40.26,40.9618,5.210703,2.282697,0.9583,0.9909,0.2763,8.441,41.3425,4.773426,2.184817,0.9609,0.9921,0.2907,0.2907,0.2907,7.9665,100.2571,43.2739,100.2571,43.2739,0.0914,41.3425,0.9609,4.773426,2.184817,0.3807,0.0012,-0.0143,0.4745
/kaggle/input/datasets/duc24kdl/sub-x-ray/sub_X-Ray/sub_NIH/00001131_000.png,,sub_NIH,00001131_000.png,ok,256x256 -> 1024x1024,4,1,39.11,38.8489,8.475952,2.911349,0.9388,0.989,0.3475,8.6864,39.2355,7.754019,2.784604,0.9414,0.9902,0.371,0.371,0.371,8.1348,132.4275,69.9096,132.4275,69.9096,0.1044,39.2355,0.9414,7.754019,2.784604,0.3866,0.0012,-0.0235,0.5516
/kaggle/input/datasets/duc24kdl/sub-x-ray/sub_X-Ray/sub_NIH/00001133_000.png,,sub_NIH,00001133_000.png,ok,256x256 -> 1024x1024,4,1,39.14,32.7179,34.776816,5.897187,0.9648,0.9921,0.2298,8.5467,32.7573,34.462392,5.870468,0.9661,0.9931,0.2298,0.2298,0.2298,8.0076,157.3278,64.2778,157.3278,64.2778,0.0497,32.7573,0.9661,34.462392,5.870468,0.0394,0.001,-0.0,0.5391
/kaggle/input/datasets/duc24kdl/sub-x-ray/sub_X-Ray/sub_NIH/00001136_002.png,,sub_NIH,00001136_002.png,ok,256x256 -> 1024x1024,4,1,38.88,34.7304,21.879811,4.677586,0.9682,0.993,0.2058,8.7191,35.2599,19.368326,4.400946,0.9699,0.994,0.2068,0.2068,0.2068,8.2431,141.4053,72.2534,141.4053,72.2534,0.0913,35.2599,0.9699,19.368326,4.400946,0.5295,0.001,-0.0009,0.4759
/kaggle/input/datasets/duc24kdl/sub-x-ray/sub_X-Ray/sub_NIH/00001137_001.png,,sub_NIH,00001137_001.png,ok,256x256 -> 1024x1024,4,1,39.36,36.1112,15.92065,3.990069,0.9664,0.9926,0.2069,8.4036,36.3027,15.234008,3.903077,0.9681,0.9936,0.2103,0.2103,0.2103,8.059,150.5545,63.7707,150.5545,63.7707,0.1208,36.3027,0.9681,15.234008,3.903077,0.1915,0.001,-0.0034,0.3446
/kaggle/input/datasets/duc24kdl/sub-x-ray/sub_X-Ray/sub_NIH/00001139_000.png,,sub_NIH,00001139_000.png,ok,256x256 -> 1024x1024,4,1,40.0,38.7423,8.686516,2.94729,0.9573,0.9905,0.2496,8.2567,39.1739,7.864926,2.804448,0.9601,0.9919,0.2646,0.2646,0.2646,7.9923,161.9836,56.3215,161.9836,56.3215,0.0849,39.1739,0.9601,7.864926,2.804448,0.4315,0.0014,-0.015,0.2644
/kaggle/input/datasets/duc24kdl/sub-x-ray/sub_X-Ray/sub_NIH/00001143_000.png,,sub_NIH,00001143_000.png,ok,256x256 -> 1024x1024,4,1,38.97,37.2709,12.189523,3.49135,0.9468,0.9887,0.3085,8.4341,37.7261,10.976776,3.313122,0.9495,0.99,0.3294,0.3294,0.3294,7.9292,140.9376,57.8901,140.9376,57.8901,0.0795,37.7261,0.9495,10.976776,3.313122,0.4551,0.0012,-0.0209,0.5049
/kaggle/input/datasets/duc24kdl/sub-x-ray/sub_X-Ray/sub_NIH/00001144_000.png,,sub_NIH,00001144_000.png,ok,256x256 -> 1024x1024,4,1,39.74,29.7607,68.709186,8.2891,0.9569,0.9906,0.2466,8.2784,29.8648,67.081149,8.190308,0.9572,0.9913,0.2487,0.2487,0.2487,7.9085,179.3022,55.4226,179.3022,55.4226,0.0316,29.8648,0.9572,67.081149,8.190308,0.1041,0.0007,-0.0021,0.3699
/kaggle/input/datasets/duc24kdl/sub-x-ray/sub_X-Ray/sub_NIH/00001146_000.png,,sub_NIH,00001146_000.png,ok,256x256 -> 1024x1024,4,1,40.07,39.0436,8.104441,2.84683,0.9557,0.9902,0.2754,8.5439,39.465,7.354945,2.712,0.9586,0.9916,0.2871,0.2871,0.2871,8.1447,172.8469,41.5318,172.8469,41.5318,0.075,39.465,0.9586,7.354945,2.712,0.4214,0.0015,-0.0116,0.3992
/kaggle/input/datasets/duc24kdl/sub-x-ray/sub_X-Ray/sub_NIH/00001148_002.png,,sub_NIH,00001148_002.png,ok,256x256 -> 1024x1024,4,1,39.87,34.9107,20.990131,4.581499,0.9658,0.9925,0.2418,8.758,35.2753,19.299499,4.393119,0.9672,0.9935,0.2449,0.2449,0.2449,8.2359,153.6765,60.1417,153.6765,60.1417,0.2517,35.2753,0.9672,19.299499,4.393119,0.3647,0.001,-0.0031,0.5221
/kaggle/input/datasets/duc24kdl/sub-x-ray/sub_X-Ray/sub_NIH/00001148_004.png,,sub_NIH,00001148_004.png,ok,256x256 -> 1024x1024,4,1,38.95,36.9268,13.19468,3.632448,0.9233,0.9862,0.392,8.7825,37.2848,12.150789,3.485798,0.9262,0.9877,0.4168,0.4168,0.4168,8.2274,113.7597,67.3146,113.7597,67.3146,0.1086,37.2848,0.9262,12.150789,3.485798,0.3579,0.0015,-0.0249,0.5551
/kaggle/input/datasets/duc24kdl/sub-x-ray/sub_X-Ray/sub_NIH/00001149_001.png,,sub_NIH,00001149_001.png,ok,256x256 -> 1024x1024,4,1,39.43,39.8187,6.779715,2.603789,0.962,0.9913,0.2487,8.414,40.4141,5.911161,2.431288,0.9649,0.9928,0.2638,0.2638,0.2638,8.0473,153.3277,51.0789,153.3277,51.0789,0.0929,40.4141,0.9649,5.911161,2.431288,0.5954,0.0015,-0.0151,0.3667
/kaggle/input/datasets/duc24kdl/sub-x-ray/sub_X-Ray/sub_NIH/00001151_003.png,,sub_NIH,00001151_003.png,ok,256x256 -> 1024x1024,4,1,39.1,33.4365,29.473491,5.428949,0.9693,0.9924,0.2851,9.3156,33.499,29.052534,5.39004,0.9708,0.9934,0.3006,0.3006,0.3006,8.9106,116.5261,40.2677,116.5261,40.2677,0.0974,33.499,0.9708,29.052534,5.39004,0.0625,0.001,-0.0155,0.405
/kaggle/input/datasets/duc24kdl/sub-x-ray/sub_X-Ray/sub_NIH/00001151_006.png,,sub_NIH,00001151_006.png,ok,256x256 -> 1024x1024,4,1,38.58,33.5075,28.995215,5.38472,0.9675,0.9926,0.2647,9.1581,33.6347,28.158617,5.306469,0.9688,0.9935,0.2869,0.2869,0.2869,8.5794,113.209,53.7555,113.209,53.7555,0.121,33.6347,0.9688,28.158617,5.306469,0.1272,0.0009,-0.0223,0.5787
/kaggle/input/datasets/duc24kdl/sub-x-ray/sub_X-Ray/sub_NIH/00001153_002.png,,sub_NIH,00001153_002.png,ok,256x256 -> 1024x1024,4,1,39.93,33.8813,26.603932,5.1579,0.9544,0.9903,0.2681,8.7426,34.3809,23.713034,4.869603,0.9565,0.9916,0.2694,0.2694,0.2694,8.0871,148.9895,72.0803,148.9895,72.0803,0.1033,34.3809,0.9565,23.713034,4.869603,0.4996,0.0013,-0.0013,0.6555
/kaggle/input/datasets/duc24kdl/sub-x-ray/sub_X-Ray/sub_NIH/00001154_002.png,,sub_NIH,00001154_002.png,ok,256x256 -> 1024x1024,4,1,39.4,34.0033,25.867004,5.085961,0.9609,0.9913,0.2327,8.5558,34.1667,24.912151,4.991207,0.9625,0.9925,0.2368,0.2368,0.2368,8.0031,154.1922,66.8575,154.1922,66.8575,0.0862,34.1667,0.9625,24.912151,4.991207,0.1633,0.0012,-0.0041,0.5528
/kaggle/input/datasets/duc24kdl/sub-x-ray/sub_X-Ray/sub_NIH/00001154_003.png,,sub_NIH,00001154_003.png,ok,256x256 -> 1024x1024,4,1,40.09,37.9562,10.41017,3.22648,0.9441,0.9893,0.3194,8.7518,38.2091,9.821347,3.133903,0.9457,0.9902,0.3316,0.3316,0.3316,8.2263,133.4518,66.2029,133.4518,66.2029,0.0517,38.2091,0.9457,9.821347,3.133903,0.2529,0.0009,-0.0121,0.5255
/kaggle/input/datasets/duc24kdl/sub-x-ray/sub_X-Ray/sub_NIH/00001154_006.png,,sub_NIH,00001154_006.png,ok,256x256 -> 1024x1024,4,1,39.52,32.2979,38.308181,6.18936,0.9436,0.9879,0.2657,8.2509,33.3332,30.182827,5.49389,0.9462,0.9899,0.263,0.263,0.263,8.1209,136.7177,72.1308,136.7177,72.1308,0.1177,33.3332,0.9462,30.182827,5.49389,1.0353,0.002,0.0027,0.1301
/kaggle/input/datasets/duc24kdl/sub-x-ray/sub_X-Ray/sub_NIH/00001157_002.png,,sub_NIH,00001157_002.png,ok,256x256 -> 1024x1024,4,1,39.82,33.6163,28.278193,5.317724,0.9805,0.9953,0.2,9.8151,33.7694,27.298653,5.224811,0.9812,0.9958,0.2116,0.2116,0.2116,9.1939,158.6974,52.9284,158.6974,52.9284,0.0844,33.7694,0.9812,27.298653,5.224811,0.1531,0.0005,-0.0117,0.6212
/kaggle/input/datasets/duc24kdl/sub-x-ray/sub_X-Ray/sub_NIH/00001159_000.png,,sub_NIH,00001159_000.png,ok,256x256 -> 1024x1024,4,1,39.55,37.5963,11.309554,3.362968,0.9348,0.9879,0.3406,8.7837,37.8883,10.57422,3.251803,0.937,0.9892,0.3547,0.3547,0.3547,8.2722,127.4033,65.9515,127.4033,65.9515,0.1057,37.8883,0.937,10.57422,3.251803,0.292,0.0013,-0.0141,0.5115
/kaggle/input/datasets/duc24kdl/sub-x-ray/sub_X-Ray/sub_NIH/00001166_000.png,,sub_NIH,00001166_000.png,ok,256x256 -> 1024x1024,4,1,38.92,41.5326,4.568983,2.137518,0.9605,0.9914,0.2909,8.5481,41.8715,4.225979,2.055719,0.9628,0.9924,0.3091,0.3091,0.3091,8.3516,105.4296,37.1036,105.4296,37.1036,0.0851,41.8715,0.9628,4.225979,2.055719,0.3389,0.001,-0.0182,0.1965
/kaggle/input/datasets/duc24kdl/sub-x-ray/sub_X-Ray/sub_NIH/00001167_000.png,,sub_NIH,00001167_000.png,ok,256x256 -> 1024x1024,4,1,39.28,36.9508,13.121933,3.622421,0.9298,0.9871,0.3278,8.7218,37.3552,11.955257,3.457638,0.9329,0.9886,0.3353,0.3353,0.3353,7.977,103.0052,62.8567,103.0052,62.8567,0.1216,37.3552,0.9329,11.955257,3.457638,0.4044,0.0015,-0.0075,0.7448
/kaggle/input/datasets/duc24kdl/sub-x-ray/sub_X-Ray/sub_NIH/00001170_003.png,,sub_NIH,00001170_003.png,ok,256x256 -> 1024x1024,4,1,38.87,39.6566,7.037575,2.652843,0.964,0.992,0.2359,8.6621,39.8631,6.710757,2.590513,0.9666,0.9933,0.2477,0.2477,0.2477,8.2272,156.5738,59.1613,156.5738,59.1613,0.1319,39.8631,0.9666,6.710757,2.590513,0.2065,0.0013,-0.0117,0.435
/kaggle/input/datasets/duc24kdl/sub-x-ray/sub_X-Ray/sub_NIH/00001170_024.png,,sub_NIH,00001170_024.png,ok,256x256 -> 1024x1024,4,1,39.25,36.4153,14.844017,3.852793,0.975,0.9943,0.2082,9.233,36.6069,14.203216,3.768715,0.9763,0.9951,0.2117,0.2117,0.2117,8.5833,145.5884,57.8936,145.5884,57.8936,0.0775,36.6069,0.9763,14.203216,3.768715,0.1916,0.0008,-0.0035,0.6497
/kaggle/input/datasets/duc24kdl/sub-x-ray/sub_X-Ray/sub_NIH/00001170_025.png,,sub_NIH,00001170_025.png,ok,256x256 -> 1024x1024,4,1,38.98,35.1513,19.858888,4.456331,0.9701,0.9934,0.2265,9.2247,35.6327,17.775219,4.216067,0.972,0.9944,0.2265,0.2265,0.2265,8.5654,145.5985,66.1615,145.5985,66.1615,0.0917,35.6327,0.972,17.775219,4.216067,0.4814,0.001,0.0,0.6593
/kaggle/input/datasets/duc24kdl/sub-x-ray/sub_X-Ray/sub_NIH/00001170_026.png,,sub_NIH,00001170_026.png,ok,256x256 -> 1024x1024,4,1,40.62,36.0898,15.999292,3.999912,0.9743,0.9942,0.215,8.9573,36.2585,15.389648,3.922964,0.9753,0.995,0.218,0.218,0.218,8.3265,148.5522,58.2706,148.5522,58.2706,0.0701,36.2585,0.9753,15.389648,3.922964,0.1687,0.0008,-0.003,0.6308
/kaggle/input/datasets/duc24kdl/sub-x-ray/sub_X-Ray/sub_NIH/00001170_032.png,,sub_NIH,00001170_032.png,ok,256x256 -> 1024x1024,4,1,40.07,34.2047,24.694849,4.969391,0.9626,0.9913,0.2525,8.9269,34.5568,22.772169,4.772019,0.9644,0.9926,0.2408,0.2408,0.2408,8.2241,156.4185,56.8216,156.4185,56.8216,0.2738,34.5568,0.9644,22.772169,4.772019,0.352,0.0013,0.0117,0.7028
/kaggle/input/datasets/duc24kdl/sub-x-ray/sub_X-Ray/sub_NIH/00001170_034.png,,sub_NIH,00001170_034.png,ok,256x256 -> 1024x1024,4,1,39.73,34.6905,22.081439,4.699089,0.9552,0.9901,0.2692,8.7832,35.1118,20.040093,4.476616,0.9578,0.9917,0.2655,0.2655,0.2655,8.2112,158.9204,64.0193,158.9204,64.0193,0.1055,35.1118,0.9578,20.040093,4.476616,0.4213,0.0016,0.0036,0.572
/kaggle/input/datasets/duc24kdl/sub-x-ray/sub_X-Ray/sub_NIH/00001170_038.png,,sub_NIH,00001170_038.png,ok,256x256 -> 1024x1024,4,1,39.88,34.2094,24.668402,4.966729,0.9495,0.9899,0.2619,8.5188,34.4803,23.176793,4.814228,0.953,0.9912,0.2559,0.2559,0.2559,8.0233,155.3244,64.0655,155.3244,64.0655,0.0101,34.4803,0.953,23.176793,4.814228,0.2709,0.0013,0.006,0.4955
/kaggle/input/datasets/duc24kdl/sub-x-ray/sub_X-Ray/sub_NIH/00001170_041.png,,sub_NIH,00001170_041.png,ok,256x256 -> 1024x1024,4,1,39.68,35.0007,20.559551,4.534264,0.9733,0.9942,0.2118,9.1345,35.3153,19.122611,4.372941,0.9747,0.995,0.2159,0.2159,0.2159,8.228,139.442,68.3778,139.442,68.3778,0.0817,35.3153,0.9747,19.122611,4.372941,0.3147,0.0009,-0.0041,0.9065
/kaggle/input/datasets/duc24kdl/sub-x-ray/sub_X-Ray/sub_NIH/00001170_050.png,,sub_NIH,00001170_050.png,ok,256x256 -> 1024x1024,4,1,39.39,39.0807,8.035473,2.834691,0.9444,0.9889,0.2864,8.4771,39.4148,7.44049,2.727726,0.9469,0.9903,0.291,0.291,0.291,8.1705,79.713,54.5224,79.713,54.5224,0.1278,39.4148,0.9469,7.44049,2.727726,0.3341,0.0015,-0.0046,0.3065
/kaggle/input/datasets/duc24kdl/sub-x-ray/sub_X-Ray/sub_NIH/00001174_000.png,,sub_NIH,00001174_000.png,ok,256x256 -> 1024x1024,4,1,39.31,37.3469,11.978277,3.460965,0.9233,0.9857,0.3705,8.74,37.4468,11.705878,3.421385,0.9252,0.9871,0.389,0.389,0.389,8.249,117.1089,64.9575,117.1089,64.9575,0.1079,37.4468,0.9252,11.705878,3.421385,0.0999,0.0014,-0.0185,0.4909
/kaggle/input/datasets/duc24kdl/sub-x-ray/sub_X-Ray/sub_NIH/00001177_000.png,,sub_NIH,00001177_000.png,ok,256x256 -> 1024x1024,4,1,39.91,38.5856,9.00569,3.000948,0.9307,0.9877,0.3825,8.9288,38.8367,8.499845,2.915449,0.9332,0.9889,0.409,0.409,0.409,8.5248,141.6603,57.5691,141.6603,57.5691,0.0795,38.8367,0.9332,8.499845,2.915449,0.2511,0.0012,-0.0265,0.404
/kaggle/input/datasets/duc24kdl/sub-x-ray/sub_X-Ray/sub_NIH/00001182_010.png,,sub_NIH,00001182_010.png,ok,256x256 -> 1024x1024,4,1,40.39,33.0266,32.39049,5.691264,0.9662,0.993,0.2202,8.9088,33.1703,31.336274,5.597881,0.967,0.9936,0.2208,0.2208,0.2208,8.2639,172.1909,63.3237,172.1909,63.3237,-0.0397,33.1703,0.967,31.336274,5.597881,0.1437,0.0006,-0.0006,0.6449
/kaggle/input/datasets/duc24kdl/sub-x-ray/sub_X-Ray/sub_NIH/00001184_000.png,,sub_NIH,00001184_000.png,ok,256x256 -> 1024x1024,4,1,38.97,38.5737,9.030555,3.005088,0.9272,0.9866,0.3663,8.7054,38.7743,8.622826,2.936465,0.9298,0.988,0.3881,0.3881,0.3881,8.1907,120.3054,65.9176,120.3054,65.9176,0.0929,38.7743,0.9298,8.622826,2.936465,0.2006,0.0014,-0.0219,0.5147
/kaggle/input/datasets/duc24kdl/sub-x-ray/sub_X-Ray/sub_NIH/00001186_000.png,,sub_NIH,00001186_000.png,ok,256x256 -> 1024x1024,4,1,39.21,35.5144,18.265777,4.273848,0.9747,0.9942,0.198,8.8459,35.6034,17.89537,4.230292,0.9762,0.995,0.2031,0.2031,0.2031,8.2617,156.5988,49.6445,156.5988,49.6445,0.0586,35.6034,0.9762,17.89537,4.230292,0.089,0.0008,-0.0051,0.5841
/kaggle/input/datasets/duc24kdl/sub-x-ray/sub_X-Ray/sub_NIH/00001187_001.png,,sub_NIH,00001187_001.png,ok,256x256 -> 1024x1024,4,1,39.44,35.1637,19.802167,4.449963,0.9672,0.9928,0.215,8.4599,35.2849,19.257194,4.388302,0.9686,0.9938,0.2267,0.2267,0.2267,7.9988,157.356,69.207,157.356,69.207,0.0746,35.2849,0.9686,19.257194,4.388302,0.1212,0.0009,-0.0117,0.461
/kaggle/input/datasets/duc24kdl/sub-x-ray/sub_X-Ray/sub_NIH/00001187_002.png,,sub_NIH,00001187_002.png,ok,256x256 -> 1024x1024,4,1,40.16,35.1626,19.807228,4.450531,0.9648,0.9925,0.2163,8.3275,35.3022,19.180629,4.379569,0.966,0.9933,0.2291,0.2291,0.2291,7.8863,167.8096,62.8128,167.8096,62.8128,0.0811,35.3022,0.966,19.180629,4.379569,0.1396,0.0009,-0.0128,0.4412
/kaggle/input/datasets/duc24kdl/sub-x-ray/sub_X-Ray/sub_NIH/00001188_000.png,,sub_NIH,00001188_000.png,ok,256x256 -> 1024x1024,4,1,39.74,38.4914,9.203337,3.0337,0.9296,0.9876,0.3995,9.1292,38.8687,8.437425,2.904725,0.9317,0.9886,0.429,0.429,0.429,8.8081,131.3686,65.617,131.3686,65.617,0.1582,38.8687,0.9317,8.437425,2.904725,0.3774,0.001,-0.0294,0.3211
/kaggle/input/datasets/duc24kdl/sub-x-ray/sub_X-Ray/sub_NIH/00001194_001.png,,sub_NIH,00001194_001.png,ok,256x256 -> 1024x1024,4,1,39.03,35.6435,17.730795,4.210795,0.9754,0.9944,0.2114,9.0806,35.8588,16.873302,4.107713,0.9763,0.9951,0.2175,0.2175,0.2175,8.4176,149.9997,50.4168,149.9997,50.4168,0.0882,35.8588,0.9763,16.873302,4.107713,0.2153,0.0007,-0.0062,0.663
/kaggle/input/datasets/duc24kdl/sub-x-ray/sub_X-Ray/sub_NIH/00001194_004.png,,sub_NIH,00001194_004.png,ok,256x256 -> 1024x1024,4,1,39.22,38.1029,10.064463,3.172454,0.9404,0.9888,0.2939,8.6602,38.6207,8.93328,2.988859,0.9426,0.99,0.3032,0.3032,0.3032,8.2056,91.2696,66.2763,91.2696,66.2763,0.1123,38.6207,0.9426,8.93328,2.988859,0.5178,0.0012,-0.0093,0.4546
/kaggle/input/datasets/duc24kdl/sub-x-ray/sub_X-Ray/sub_NIH/00001195_000.png,,sub_NIH,00001195_000.png,ok,256x256 -> 1024x1024,4,1,40.6,38.1525,9.950202,3.154394,0.9317,0.988,0.3731,8.9457,38.4282,9.338238,3.055853,0.9346,0.9892,0.3976,0.3976,0.3976,8.574,125.1835,63.788,125.1835,63.788,0.0918,38.4282,0.9346,9.338238,3.055853,0.2757,0.0012,-0.0245,0.3717
/kaggle/input/datasets/duc24kdl/sub-x-ray/sub_X-Ray/sub_NIH/00001199_001.png,,sub_NIH,00001199_001.png,ok,256x256 -> 1024x1024,4,1,40.09,35.0932,20.12614,4.486217,0.9694,0.9934,0.2286,9.1879,35.1941,19.663971,4.434408,0.9709,0.9942,0.2418,0.2418,0.2418,8.6222,169.4632,53.3281,169.4632,53.3281,0.054,35.1941,0.9709,19.663971,4.434408,0.1009,0.0008,-0.0132,0.5658
/kaggle/input/datasets/duc24kdl/sub-x-ray/sub_X-Ray/sub_NIH/00001199_006.png,,sub_NIH,00001199_006.png,ok,256x256 -> 1024x1024,4,1,40.06,34.7721,21.670588,4.655168,0.9625,0.9918,0.2549,8.9366,34.8633,21.220045,4.606522,0.9642,0.9929,0.2661,0.2661,0.2661,8.416,163.7046,60.7,163.7046,60.7,0.0669,34.8633,0.9642,21.220045,4.606522,0.0912,0.001,-0.0112,0.5206
/kaggle/input/datasets/duc24kdl/sub-x-ray/sub_X-Ray/sub_NIH/00001200_006.png,,sub_NIH,00001200_006.png,ok,256x256 -> 1024x1024,4,1,39.89,33.8666,26.694241,5.166647,0.9678,0.9929,0.2479,9.0161,33.9565,26.147401,5.113453,0.968,0.9935,0.2597,0.2597,0.2597,8.3445,138.2867,46.0008,138.2867,46.0008,0.0698,33.9565,0.968,26.147401,5.113453,0.0899,0.0006,-0.0119,0.6716
/kaggle/input/datasets/duc24kdl/sub-x-ray/sub_X-Ray/sub_NIH/00001200_012.png,,sub_NIH,00001200_012.png,ok,256x256 -> 1024x1024,4,1,39.36,35.1742,19.75414,4.444563,0.9744,0.9949,0.2589,9.9958,35.2365,19.472836,4.412804,0.9752,0.9953,0.2862,0.2862,0.2862,9.2205,162.9132,32.1358,162.9132,32.1358,0.0561,35.2365,0.9752,19.472836,4.412804,0.0623,0.0004,-0.0273,0.7754
/kaggle/input/datasets/duc24kdl/sub-x-ray/sub_X-Ray/sub_NIH/00001200_014.png,,sub_NIH,00001200_014.png,ok,256x256 -> 1024x1024,4,1,40.37,44.5381,2.287006,1.512285,0.9775,0.9949,0.2356,9.6957,44.9627,2.074022,1.440147,0.9793,0.9956,0.2552,0.2552,0.2552,9.1179,123.0425,51.6278,123.0425,51.6278,0.1141,44.9627,0.9793,2.074022,1.440147,0.4245,0.0008,-0.0196,0.5778
/kaggle/input/datasets/duc24kdl/sub-x-ray/sub_X-Ray/sub_NIH/00001200_020.png,,sub_NIH,00001200_020.png,ok,256x256 -> 1024x1024,4,1,39.64,35.7038,17.486211,4.181652,0.979,0.9953,0.2084,9.5472,35.7933,17.129536,4.138784,0.9798,0.9958,0.2199,0.2199,0.2199,8.9357,157.2876,45.9675,157.2876,45.9675,0.0532,35.7933,0.9798,17.129536,4.138784,0.0895,0.0005,-0.0115,0.6116
/kaggle/input/datasets/duc24kdl/sub-x-ray/sub_X-Ray/sub_NIH/00001202_002.png,,sub_NIH,00001202_002.png,ok,256x256 -> 1024x1024,4,1,39.49,34.158,24.961846,4.996183,0.9565,0.9902,0.2502,8.531,34.6612,22.231259,4.715004,0.9591,0.9916,0.2519,0.2519,0.2519,8.0289,143.669,70.3457,143.669,70.3457,0.0727,34.6612,0.9591,22.231259,4.715004,0.5031,0.0014,-0.0017,0.5021
/kaggle/input/datasets/duc24kdl/sub-x-ray/sub_X-Ray/sub_NIH/00001203_004.png,,sub_NIH,00001203_004.png,ok,256x256 -> 1024x1024,4,1,39.26,32.2266,38.94238,6.240383,0.9392,0.9871,0.3345,8.3719,32.5019,36.550467,6.045698,0.9411,0.9886,0.3518,0.3518,0.3518,8.125,137.2106,52.7178,137.2106,52.7178,-0.0107,32.5019,0.9411,36.550467,6.045698,0.2753,0.0015,-0.0173,0.2469
/kaggle/input/datasets/duc24kdl/sub-x-ray/sub_X-Ray/sub_NIH/00001203_005.png,,sub_NIH,00001203_005.png,ok,256x256 -> 1024x1024,4,1,39.58,37.5774,11.359095,3.370326,0.9273,0.9872,0.3698,8.8279,37.9514,10.421781,3.228278,0.93,0.9885,0.3936,0.3936,0.3936,8.2773,117.3137,69.172,117.3137,69.172,0.1098,37.9514,0.93,10.421781,3.228278,0.374,0.0013,-0.0238,0.5506
/kaggle/input/datasets/duc24kdl/sub-x-ray/sub_X-Ray/sub_NIH/00001203_007.png,,sub_NIH,00001203_007.png,ok,256x256 -> 1024x1024,4,1,38.9,38.1752,9.898345,3.146164,0.929,0.9873,0.3703,8.8509,38.6263,8.921751,2.98693,0.9316,0.9886,0.393,0.393,0.393,8.4587,108.7728,67.2124,108.7728,67.2124,0.1222,38.6263,0.9316,8.921751,2.98693,0.4511,0.0013,-0.0227,0.3921
/kaggle/input/datasets/duc24kdl/sub-x-ray/sub_X-Ray/sub_NIH/00001203_017.png,,sub_NIH,00001203_017.png,ok,256x256 -> 1024x1024,4,1,38.89,37.6468,11.17891,3.343488,0.9355,0.9882,0.3484,8.6646,38.1155,10.035289,3.167853,0.9379,0.9894,0.368,0.368,0.368,8.3347,126.3094,65.1481,126.3094,65.1481,0.1296,38.1155,0.9379,10.035289,3.167853,0.4687,0.0013,-0.0195,0.3299
/kaggle/input/datasets/duc24kdl/sub-x-ray/sub_X-Ray/sub_NIH/00001205_001.png,,sub_NIH,00001205_001.png,ok,256x256 -> 1024x1024,4,1,39.38,37.5438,11.44732,3.383389,0.9302,0.9871,0.3517,8.5771,37.93,10.473343,3.236254,0.9326,0.9883,0.3691,0.3691,0.3691,7.8568,125.6511,69.353,125.6511,69.353,0.0599,37.93,0.9326,10.473343,3.236254,0.3862,0.0012,-0.0173,0.7203
/kaggle/input/datasets/duc24kdl/sub-x-ray/sub_X-Ray/sub_NIH/00001205_002.png,,sub_NIH,00001205_002.png,ok,256x256 -> 1024x1024,4,1,38.88,31.9771,41.245153,6.422239,0.9366,0.9867,0.3256,8.0971,32.0971,40.120829,6.3341,0.939,0.9879,0.3443,0.3443,0.3443,7.7286,144.3835,54.6375,144.3835,54.6375,-0.0199,32.0971,0.939,40.120829,6.3341,0.12,0.0012,-0.0187,0.3686
/kaggle/input/datasets/duc24kdl/sub-x-ray/sub_X-Ray/sub_NIH/00001205_006.png,,sub_NIH,00001205_006.png,ok,256x256 -> 1024x1024,4,1,39.1,38.2604,9.705897,3.115429,0.9405,0.9887,0.3204,8.5791,38.4993,9.186562,3.030934,0.942,0.9899,0.338,0.338,0.338,7.9396,123.6269,68.2008,123.6269,68.2008,0.1035,38.4993,0.942,9.186562,3.030934,0.2388,0.0012,-0.0176,0.6395
/kaggle/input/datasets/duc24kdl/sub-x-ray/sub_X-Ray/sub_NIH/00001206_001.png,,sub_NIH,00001206_001.png,ok,256x256 -> 1024x1024,4,1,40.33,36.3219,15.166517,3.894421,0.9669,0.9931,0.2679,9.0962,36.4484,14.731308,3.838139,0.9676,0.9937,0.2891,0.2891,0.2891,8.4429,137.6216,48.0991,137.6216,48.0991,0.0401,36.4484,0.9676,14.731308,3.838139,0.1264,0.0006,-0.0212,0.6533
/kaggle/input/datasets/duc24kdl/sub-x-ray/sub_X-Ray/sub_NIH/00001206_006.png,,sub_NIH,00001206_006.png,ok,256x256 -> 1024x1024,4,1,40.18,39.2873,7.662225,2.768072,0.9534,0.9896,0.2834,8.2228,39.7724,6.852358,2.617701,0.9564,0.9912,0.2992,0.2992,0.2992,7.808,158.9984,57.483,158.9984,57.483,0.1464,39.7724,0.9564,6.852358,2.617701,0.4851,0.0016,-0.0158,0.4148
/kaggle/input/datasets/duc24kdl/sub-x-ray/sub_X-Ray/sub_NIH/00001210_005.png,,sub_NIH,00001210_005.png,ok,256x256 -> 1024x1024,4,1,40.09,38.4541,9.282667,3.046747,0.936,0.9882,0.3312,8.6363,38.7457,8.679855,2.946159,0.9383,0.9894,0.3481,0.3481,0.3481,8.2442,116.4385,68.8889,116.4385,68.8889,0.0968,38.7457,0.9383,8.679855,2.946159,0.2916,0.0012,-0.0169,0.3921
/kaggle/input/datasets/duc24kdl/sub-x-ray/sub_X-Ray/sub_NIH/00001213_000.png,,sub_NIH,00001213_000.png,ok,256x256 -> 1024x1024,4,1,39.92,40.045,6.435409,2.536811,0.9656,0.9921,0.2248,8.5076,40.6161,5.642505,2.375396,0.9682,0.9933,0.237,0.237,0.237,8.1166,152.1476,49.992,152.1476,49.992,0.1202,40.6161,0.9682,5.642505,2.375396,0.571,0.0012,-0.0122,0.3909
/kaggle/input/datasets/duc24kdl/sub-x-ray/sub_X-Ray/sub_NIH/00001213_002.png,,sub_NIH,00001213_002.png,ok,256x256 -> 1024x1024,4,1,39.08,38.1572,9.939395,3.152681,0.9396,0.9888,0.2993,8.3744,38.5342,9.112875,3.018754,0.9416,0.9901,0.3084,0.3084,0.3084,7.9226,101.5876,67.8908,101.5876,67.8908,0.1273,38.5342,0.9416,9.112875,3.018754,0.377,0.0013,-0.0091,0.4518
/kaggle/input/datasets/duc24kdl/sub-x-ray/sub_X-Ray/sub_NIH/00001215_000.png,,sub_NIH,00001215_000.png,ok,256x256 -> 1024x1024,4,1,39.34,38.288,9.644447,3.105551,0.9497,0.9889,0.2753,8.3947,38.6036,8.968462,2.994739,0.9529,0.9905,0.2931,0.2931,0.2931,8.0669,168.3908,42.8035,168.3908,42.8035,0.0478,38.6036,0.9529,8.968462,2.994739,0.3156,0.0016,-0.0178,0.3278
/kaggle/input/datasets/duc24kdl/sub-x-ray/sub_X-Ray/sub_NIH/00001215_001.png,,sub_NIH,00001215_001.png,ok,256x256 -> 1024x1024,4,1,40.14,37.6213,11.244763,3.353321,0.931,0.9871,0.375,8.7418,37.9251,10.485112,3.238072,0.9338,0.9885,0.3978,0.3978,0.3978,8.4118,116.0084,63.9561,116.0084,63.9561,0.0892,37.9251,0.9338,10.485112,3.238072,0.3038,0.0014,-0.0228,0.33
/kaggle/input/datasets/duc24kdl/sub-x-ray/sub_X-Ray/sub_NIH/00001220_001.png,,sub_NIH,00001220_001.png,ok,256x256 -> 1024x1024,4,1,40.13,34.4461,23.360015,4.83322,0.9642,0.9918,0.2136,8.3765,35.6929,17.530287,4.186919,0.9668,0.9934,0.2091,0.2091,0.2091,7.9196,160.2112,62.2628,160.2112,62.2628,0.4625,35.6929,0.9668,17.530287,4.186919,1.2468,0.0016,0.0046,0.4569
/kaggle/input/datasets/duc24kdl/sub-x-ray/sub_X-Ray/sub_NIH/00001221_001.png,,sub_NIH,00001221_001.png,ok,256x256 -> 1024x1024,4,1,39.94,36.3735,14.987506,3.87137,0.9802,0.9955,0.188,9.3208,36.4917,14.5851,3.819044,0.9812,0.9961,0.2008,0.2008,0.2008,8.6006,156.9839,43.7152,156.9839,43.7152,0.0593,36.4917,0.9812,14.5851,3.819044,0.1182,0.0005,-0.0129,0.7202
/kaggle/input/datasets/duc24kdl/sub-x-ray/sub_X-Ray/sub_NIH/00001222_003.png,,sub_NIH,00001222_003.png,ok,256x256 -> 1024x1024,4,1,39.19,40.9033,5.281476,2.298146,0.9488,0.9884,0.3141,8.6029,41.1739,4.962428,2.227651,0.9513,0.9898,0.3302,0.3302,0.3302,8.2857,109.8753,33.4575,109.8753,33.4575,0.0999,41.1739,0.9513,4.962428,2.227651,0.2706,0.0013,-0.0161,0.3172
/kaggle/input/datasets/duc24kdl/sub-x-ray/sub_X-Ray/sub_NIH/00001222_005.png,,sub_NIH,00001222_005.png,ok,256x256 -> 1024x1024,4,1,39.86,40.1796,6.239077,2.497814,0.9613,0.9909,0.261,8.6363,40.7005,5.533913,2.352427,0.9639,0.9923,0.2746,0.2746,0.2746,8.2318,172.6366,36.885,172.6366,36.885,0.2907,40.7005,0.9639,5.533913,2.352427,0.5209,0.0014,-0.0136,0.4045
/kaggle/input/datasets/duc24kdl/sub-x-ray/sub_X-Ray/sub_NIH/00001222_009.png,,sub_NIH,00001222_009.png,ok,256x256 -> 1024x1024,4,1,39.51,33.0536,32.190209,5.673642,0.9702,0.9928,0.2882,8.9614,33.1078,31.791078,5.638358,0.9715,0.9936,0.3028,0.3028,0.3028,8.5843,121.2189,42.3585,121.2189,42.3585,0.0676,33.1078,0.9715,31.791078,5.638358,0.0542,0.0009,-0.0146,0.377
/kaggle/input/datasets/duc24kdl/sub-x-ray/sub_X-Ray/sub_NIH/00001223_000.png,,sub_NIH,00001223_000.png,ok,256x256 -> 1024x1024,4,1,38.63,33.4857,29.141482,5.398285,0.9572,0.9915,0.2243,8.8403,34.3535,23.863403,4.885018,0.959,0.9926,0.2154,0.2154,0.2154,8.216,97.4103,85.8794,97.4103,85.8794,0.1737,34.3535,0.959,23.863403,4.885018,0.8678,0.0011,0.0089,0.6243
/kaggle/input/datasets/duc24kdl/sub-x-ray/sub_X-Ray/sub_NIH/00001226_000.png,,sub_NIH,00001226_000.png,ok,256x256 -> 1024x1024,4,1,39.12,35.6304,17.784409,4.217156,0.9659,0.9927,0.2741,8.9779,35.7411,17.337008,4.163773,0.9671,0.9935,0.2913,0.2913,0.2913,8.4952,137.0074,49.7614,137.0074,49.7614,0.0567,35.7411,0.9671,17.337008,4.163773,0.1107,0.0008,-0.0172,0.4826
/kaggle/input/datasets/duc24kdl/sub-x-ray/sub_X-Ray/sub_NIH/00001232_002.png,,sub_NIH,00001232_002.png,ok,256x256 -> 1024x1024,4,1,39.05,35.1988,19.642499,4.431986,0.9761,0.995,0.2017,9.845,35.4877,18.378429,4.287007,0.9773,0.9956,0.2186,0.2186,0.2186,9.137,147.9678,58.3132,147.9678,58.3132,0.0969,35.4877,0.9773,18.378429,4.287007,0.2889,0.0006,-0.017,0.7081
/kaggle/input/datasets/duc24kdl/sub-x-ray/sub_X-Ray/sub_NIH/00001242_000.png,,sub_NIH,00001242_000.png,ok,256x256 -> 1024x1024,4,1,39.9,40.0949,6.361959,2.522292,0.9621,0.9914,0.2354,8.5269,40.3619,5.982563,2.445928,0.9649,0.9927,0.2485,0.2485,0.2485,8.1014,152.951,50.5824,152.951,50.5824,0.038,40.3619,0.9649,5.982563,2.445928,0.267,0.0013,-0.013,0.4255
/kaggle/input/datasets/duc24kdl/sub-x-ray/sub_X-Ray/sub_NIH/00001247_003.png,,sub_NIH,00001247_003.png,ok,256x256 -> 1024x1024,4,1,39.13,33.2331,30.886404,5.557554,0.9641,0.9923,0.2523,8.6978,33.4475,29.398645,5.422052,0.9655,0.9932,0.2699,0.2699,0.2699,8.202,114.0721,58.7651,114.0721,58.7651,0.1336,33.4475,0.9655,29.398645,5.422052,0.2144,0.0009,-0.0176,0.4958
/kaggle/input/datasets/duc24kdl/sub-x-ray/sub_X-Ray/sub_NIH/00001247_005.png,,sub_NIH,00001247_005.png,ok,256x256 -> 1024x1024,4,1,38.92,38.6795,8.813112,2.968689,0.9352,0.9881,0.32,8.5851,38.9742,8.234871,2.869647,0.9374,0.9893,0.3375,0.3375,0.3375,8.1974,114.3603,70.4461,114.3603,70.4461,0.0935,38.9742,0.9374,8.234871,2.869647,0.2947,0.0012,-0.0174,0.3877
/kaggle/input/datasets/duc24kdl/sub-x-ray/sub_X-Ray/sub_NIH/00001247_009.png,,sub_NIH,00001247_009.png,ok,256x256 -> 1024x1024,4,1,39.31,39.0145,8.158786,2.856359,0.9269,0.9867,0.3655,8.6612,39.372,7.514235,2.74121,0.9297,0.9881,0.388,0.388,0.388,8.3117,125.3194,68.7853,125.3194,68.7853,0.0995,39.372,0.9297,7.514235,2.74121,0.3574,0.0014,-0.0225,0.3495
/kaggle/input/datasets/duc24kdl/sub-x-ray/sub_X-Ray/sub_NIH/00001247_012.png,,sub_NIH,00001247_012.png,ok,256x256 -> 1024x1024,4,1,39.59,38.3645,9.476151,3.078336,0.9295,0.9871,0.3384,8.5374,38.6899,8.791964,2.965125,0.9317,0.9884,0.3574,0.3574,0.3574,8.1212,117.9596,72.738,117.9596,72.738,0.0972,38.6899,0.9317,8.791964,2.965125,0.3255,0.0013,-0.0189,0.4161
/kaggle/input/datasets/duc24kdl/sub-x-ray/sub_X-Ray/sub_NIH/00001248_000.png,,sub_NIH,00001248_000.png,ok,256x256 -> 1024x1024,4,1,40.38,42.5298,3.631612,1.905679,0.9603,0.9911,0.3071,8.6965,42.8358,3.384508,1.839703,0.9625,0.9921,0.3283,0.3283,0.3283,8.4408,112.0283,29.5278,112.0283,29.5278,0.0961,42.8358,0.9625,3.384508,1.839703,0.306,0.0011,-0.0212,0.2557
/kaggle/input/datasets/duc24kdl/sub-x-ray/sub_X-Ray/sub_NIH/00001248_002.png,,sub_NIH,00001248_002.png,ok,256x256 -> 1024x1024,4,1,39.72,39.4291,7.416025,2.723238,0.9537,0.9892,0.2929,8.1542,39.7476,6.891589,2.625184,0.9565,0.9907,0.301,0.301,0.301,8.2213,106.0247,37.1941,106.0247,37.1941,0.1251,39.7476,0.9565,6.891589,2.625184,0.3185,0.0015,-0.0081,-0.067
/kaggle/input/datasets/duc24kdl/sub-x-ray/sub_X-Ray/sub_NIH/00001248_014.png,,sub_NIH,00001248_014.png,ok,256x256 -> 1024x1024,4,1,39.09,42.0757,4.03189,2.007957,0.9623,0.9915,0.2766,8.3028,42.4081,3.734868,1.932581,0.9645,0.9925,0.2954,0.2954,0.2954,8.1894,109.3097,33.6862,109.3097,33.6862,0.1024,42.4081,0.9645,3.734868,1.932581,0.3323,0.001,-0.0188,0.1134
/kaggle/input/datasets/duc24kdl/sub-x-ray/sub_X-Ray/sub_NIH/00001248_015.png,,sub_NIH,00001248_015.png,ok,256x256 -> 1024x1024,4,1,39.68,40.7485,5.473004,2.339445,0.9598,0.991,0.2931,8.4235,41.0369,5.121383,2.263047,0.9622,0.9921,0.3119,0.3119,0.3119,8.2913,105.6765,37.8148,105.6765,37.8148,0.1127,41.0369,0.9622,5.121383,2.263047,0.2884,0.0011,-0.0188,0.1322
/kaggle/input/datasets/duc24kdl/sub-x-ray/sub_X-Ray/sub_NIH/00001248_017.png,,sub_NIH,00001248_017.png,ok,256x256 -> 1024x1024,4,1,39.72,42.401,3.74095,1.934154,0.9621,0.9915,0.2816,8.251,42.7373,3.462201,1.860699,0.9643,0.9925,0.2993,0.2993,0.2993,8.224,111.257,29.7494,111.257,29.7494,0.0991,42.7373,0.9643,3.462201,1.860699,0.3363,0.001,-0.0177,0.0269
/kaggle/input/datasets/duc24kdl/sub-x-ray/sub_X-Ray/sub_NIH/00001248_021.png,,sub_NIH,00001248_021.png,ok,256x256 -> 1024x1024,4,1,39.33,37.008,12.95022,3.598641,0.9241,0.9856,0.3869,8.2178,37.267,12.200585,3.492934,0.9271,0.9872,0.4083,0.4083,0.4083,7.8854,123.6333,66.6488,123.6333,66.6488,0.093,37.267,0.9271,12.200585,3.492934,0.259,0.0015,-0.0215,0.3324
/kaggle/input/datasets/duc24kdl/sub-x-ray/sub_X-Ray/sub_NIH/00001248_026.png,,sub_NIH,00001248_026.png,ok,256x256 -> 1024x1024,4,1,39.2,38.1785,9.890815,3.144967,0.9319,0.9868,0.3406,8.1789,38.5618,9.05528,3.009199,0.9352,0.9884,0.3534,0.3534,0.3534,7.7295,94.5504,68.402,94.5504,68.402,0.1066,38.5618,0.9352,9.05528,3.009199,0.3833,0.0016,-0.0129,0.4493
/kaggle/input/datasets/duc24kdl/sub-x-ray/sub_X-Ray/sub_NIH/00001248_029.png,,sub_NIH,00001248_029.png,ok,256x256 -> 1024x1024,4,1,39.09,30.2206,61.804349,7.861574,0.9744,0.9927,0.21,9.0824,30.3151,60.474736,7.77655,0.9748,0.9934,0.2165,0.2165,0.2165,8.5072,150.6596,55.7976,150.6596,55.7976,0.0948,30.3151,0.9748,60.474736,7.77655,0.0945,0.0007,-0.0065,0.5752
/kaggle/input/datasets/duc24kdl/sub-x-ray/sub_X-Ray/sub_NIH/00001248_034.png,,sub_NIH,00001248_034.png,ok,256x256 -> 1024x1024,4,1,39.57,37.6265,11.23139,3.351327,0.9231,0.9859,0.3965,8.4306,37.8093,10.768274,3.281505,0.9258,0.9873,0.4172,0.4172,0.4172,8.0837,119.7942,66.2892,119.7942,66.2892,0.1014,37.8093,0.9258,10.768274,3.281505,0.1829,0.0014,-0.0207,0.3469
/kaggle/input/datasets/duc24kdl/sub-x-ray/sub_X-Ray/sub_NIH/00001248_035.png,,sub_NIH,00001248_035.png,ok,256x256 -> 1024x1024,4,1,39.43,36.8222,13.516457,3.676473,0.9233,0.986,0.3905,8.3923,37.1945,12.405967,3.522211,0.9266,0.9874,0.412,0.412,0.412,7.9573,116.2655,69.3146,116.2655,69.3146,0.1018,37.1945,0.9266,12.405967,3.522211,0.3723,0.0014,-0.0215,0.4349
/kaggle/input/datasets/duc24kdl/sub-x-ray/sub_X-Ray/sub_NIH/00001248_037.png,,sub_NIH,00001248_037.png,ok,256x256 -> 1024x1024,4,1,38.72,38.8365,8.500293,2.915526,0.9387,0.9886,0.3457,8.4639,39.2229,7.776651,2.788665,0.9416,0.9899,0.3663,0.3663,0.3663,8.0618,119.3809,67.5307,119.3809,67.5307,0.1133,39.2229,0.9416,7.776651,2.788665,0.3864,0.0013,-0.0206,0.4021
/kaggle/input/datasets/duc24kdl/sub-x-ray/sub_X-Ray/sub_NIH/00001250_004.png,,sub_NIH,00001250_004.png,ok,256x256 -> 1024x1024,4,1,38.94,38.7574,8.656504,2.942194,0.9252,0.986,0.3633,8.3856,38.7067,8.758119,2.959412,0.9278,0.9875,0.3842,0.3842,0.3842,7.9886,116.9095,68.9037,116.9095,68.9037,0.092,38.7067,0.9278,8.758119,2.959412,-0.0507,0.0014,-0.0209,0.3969
/kaggle/input/datasets/duc24kdl/sub-x-ray/sub_X-Ray/sub_NIH/00001250_006.png,,sub_NIH,00001250_006.png,ok,256x256 -> 1024x1024,4,1,40.26,36.6862,13.946329,3.734478,0.9648,0.9921,0.2487,8.7447,36.9087,13.249916,3.640043,0.9666,0.9932,0.2644,0.2644,0.2644,8.1656,122.2318,53.6032,122.2318,53.6032,0.0929,36.9087,0.9666,13.249916,3.640043,0.2225,0.0011,-0.0157,0.5791
/kaggle/input/datasets/duc24kdl/sub-x-ray/sub_X-Ray/sub_NIH/00001250_009.png,,sub_NIH,00001250_009.png,ok,256x256 -> 1024x1024,4,1,39.73,36.5531,14.380483,3.792161,0.9586,0.9912,0.2911,8.7017,36.7582,13.716939,3.703639,0.9603,0.9923,0.3071,0.3071,0.3071,8.1734,119.7471,49.7413,119.7471,49.7413,0.0845,36.7582,0.9603,13.716939,3.703639,0.2052,0.0011,-0.016,0.5283
/kaggle/input/datasets/duc24kdl/sub-x-ray/sub_X-Ray/sub_NIH/00001250_014.png,,sub_NIH,00001250_014.png,ok,256x256 -> 1024x1024,4,1,39.33,35.6816,17.575979,4.192371,0.9637,0.9919,0.2663,8.8347,36.12,15.888565,3.986046,0.9653,0.9931,0.2752,0.2752,0.2752,8.2567,109.0157,53.0919,109.0157,53.0919,0.12,36.12,0.9653,15.888565,3.986046,0.4383,0.0012,-0.0089,0.5781
/kaggle/input/datasets/duc24kdl/sub-x-ray/sub_X-Ray/sub_NIH/00001250_015.png,,sub_NIH,00001250_015.png,ok,256x256 -> 1024x1024,4,1,39.1,34.6708,22.182112,4.709789,0.9766,0.9946,0.2251,8.6921,34.7585,21.738689,4.662477,0.9775,0.9952,0.2304,0.2304,0.2304,8.3513,161.9541,41.2012,161.9541,41.2012,0.0661,34.7585,0.9775,21.738689,4.662477,0.0877,0.0007,-0.0053,0.3408
/kaggle/input/datasets/duc24kdl/sub-x-ray/sub_X-Ray/sub_NIH/00001250_017.png,,sub_NIH,00001250_017.png,ok,256x256 -> 1024x1024,4,1,39.04,36.4106,14.860125,3.854883,0.9663,0.9921,0.2525,8.7908,36.684,13.953415,3.735427,0.9683,0.9933,0.2614,0.2614,0.2614,8.2583,107.5607,50.2607,107.5607,50.2607,0.087,36.684,0.9683,13.953415,3.735427,0.2734,0.0012,-0.0089,0.5325
/kaggle/input/datasets/duc24kdl/sub-x-ray/sub_X-Ray/sub_NIH/00001255_012.png,,sub_NIH,00001255_012.png,ok,256x256 -> 1024x1024,4,1,38.89,32.4521,36.971676,6.080434,0.9506,0.9886,0.2602,7.7858,32.7013,34.909713,5.908444,0.9513,0.9898,0.2488,0.2488,0.2488,7.6729,96.1081,74.0436,96.1081,74.0436,0.1235,32.7013,0.9513,34.909713,5.908444,0.2492,0.0012,0.0114,0.1129
/kaggle/input/datasets/duc24kdl/sub-x-ray/sub_X-Ray/sub_NIH/00001255_013.png,,sub_NIH,00001255_013.png,ok,256x256 -> 1024x1024,4,1,38.86,34.3587,23.834492,4.882058,0.9567,0.9906,0.2517,8.3859,34.6725,22.173066,4.708828,0.958,0.9918,0.2476,0.2476,0.2476,7.6705,105.9076,69.4488,105.9076,69.4488,0.1167,34.6725,0.958,22.173066,4.708828,0.3138,0.0012,0.0041,0.7154
/kaggle/input/datasets/duc24kdl/sub-x-ray/sub_X-Ray/sub_NIH/00001255_017.png,,sub_NIH,00001255_017.png,ok,256x256 -> 1024x1024,4,1,39.22,32.82,33.968637,5.828262,0.9517,0.9894,0.2609,7.4806,33.7696,27.29754,5.224705,0.9548,0.9914,0.2525,0.2525,0.2525,7.2334,99.0974,69.2548,99.0974,69.2548,0.2861,33.7696,0.9548,27.29754,5.224705,0.9495,0.002,0.0084,0.2472
/kaggle/input/datasets/duc24kdl/sub-x-ray/sub_X-Ray/sub_NIH/00001255_033.png,,sub_NIH,00001255_033.png,ok,256x256 -> 1024x1024,4,1,39.24,33.0678,32.084643,5.664331,0.9499,0.9888,0.2618,8.0525,33.6962,27.762715,5.269034,0.9511,0.9904,0.2585,0.2585,0.2585,7.6554,100.3211,71.9498,100.3211,71.9498,0.1524,33.6962,0.9511,27.762715,5.269034,0.6284,0.0016,0.0033,0.3971
/kaggle/input/datasets/duc24kdl/sub-x-ray/sub_X-Ray/sub_NIH/00001255_034.png,,sub_NIH,00001255_034.png,ok,256x256 -> 1024x1024,4,1,39.18,35.7031,17.489258,4.182016,0.9547,0.9899,0.2644,7.9426,36.058,16.1168,4.014573,0.957,0.9914,0.267,0.267,0.267,7.6305,113.5454,63.8887,113.5454,63.8887,0.1502,36.058,0.957,16.1168,4.014573,0.3549,0.0015,-0.0025,0.312
/kaggle/input/datasets/duc24kdl/sub-x-ray/sub_X-Ray/sub_NIH/00001255_035.png,,sub_NIH,00001255_035.png,ok,256x256 -> 1024x1024,4,1,39.36,34.2863,24.235165,4.922922,0.9516,0.9893,0.2723,8.3456,34.8819,21.129694,4.596705,0.9536,0.991,0.2657,0.2657,0.2657,7.7761,108.8889,67.0802,108.8889,67.0802,0.1311,34.8819,0.9536,21.129694,4.596705,0.5955,0.0017,0.0065,0.5695
/kaggle/input/datasets/duc24kdl/sub-x-ray/sub_X-Ray/sub_NIH/00001256_004.png,,sub_NIH,00001256_004.png,ok,256x256 -> 1024x1024,4,1,40.04,33.8455,26.824398,5.179228,0.9731,0.9939,0.2676,9.5543,34.0079,25.839784,5.083285,0.9739,0.9944,0.2911,0.2911,0.2911,9.1444,116.4071,45.338,116.4071,45.338,0.0704,34.0079,0.9739,25.839784,5.083285,0.1624,0.0005,-0.0235,0.41
/kaggle/input/datasets/duc24kdl/sub-x-ray/sub_X-Ray/sub_NIH/00001256_005.png,,sub_NIH,00001256_005.png,ok,256x256 -> 1024x1024,4,1,39.25,37.4439,11.713703,3.422529,0.9208,0.9857,0.4076,8.861,37.765,10.878877,3.298314,0.9235,0.987,0.4358,0.4358,0.4358,8.4626,117.4055,63.0315,117.4055,63.0315,0.0991,37.765,0.9235,10.878877,3.298314,0.3211,0.0014,-0.0282,0.3983
/kaggle/input/datasets/duc24kdl/sub-x-ray/sub_X-Ray/sub_NIH/00001256_008.png,,sub_NIH,00001256_008.png,ok,256x256 -> 1024x1024,4,1,39.03,38.4824,9.222352,3.036832,0.9334,0.9881,0.3684,8.5876,38.8368,8.499627,2.915412,0.9362,0.9893,0.3957,0.3957,0.3957,8.2539,118.5768,66.0246,118.5768,66.0246,0.0975,38.8368,0.9362,8.499627,2.915412,0.3544,0.0012,-0.0274,0.3338
/kaggle/input/datasets/duc24kdl/sub-x-ray/sub_X-Ray/sub_NIH/00001256_010.png,,sub_NIH,00001256_010.png,ok,256x256 -> 1024x1024,4,1,39.47,39.5629,7.191035,2.681611,0.9334,0.9881,0.3652,8.6259,39.8447,6.739271,2.596011,0.9364,0.9893,0.391,0.391,0.391,8.2496,116.5968,67.3112,116.5968,67.3112,0.0928,39.8447,0.9364,6.739271,2.596011,0.2818,0.0013,-0.0258,0.3764
/kaggle/input/datasets/duc24kdl/sub-x-ray/sub_X-Ray/sub_NIH/00001259_000.png,,sub_NIH,00001259_000.png,ok,256x256 -> 1024x1024,4,1,39.25,41.7334,4.362588,2.088681,0.969,0.9928,0.2192,8.7508,42.2401,3.882138,1.970314,0.9715,0.9939,0.2317,0.2317,0.2317,8.2627,160.9169,51.8963,160.9169,51.8963,0.2494,42.2401,0.9715,3.882138,1.970314,0.5067,0.0012,-0.0125,0.4882
/kaggle/input/datasets/duc24kdl/sub-x-ray/sub_X-Ray/sub_NIH/00001263_000.png,,sub_NIH,00001263_000.png,ok,256x256 -> 1024x1024,4,1,39.03,40.328,6.029548,2.455514,0.9634,0.9916,0.2165,8.252,40.6841,5.554869,2.356877,0.9657,0.9928,0.2268,0.2268,0.2268,7.8013,155.0249,52.5144,155.0249,52.5144,0.1073,40.6841,0.9657,5.554869,2.356877,0.3561,0.0012,-0.0103,0.4507
/kaggle/input/datasets/duc24kdl/sub-x-ray/sub_X-Ray/sub_NIH/00001266_000.png,,sub_NIH,00001266_000.png,ok,256x256 -> 1024x1024,4,1,39.28,38.1832,9.879964,3.143241,0.9324,0.9876,0.3357,8.4906,38.5174,9.148245,3.024607,0.9352,0.989,0.3544,0.3544,0.3544,8.1566,116.5057,71.9413,116.5057,71.9413,0.0955,38.5174,0.9352,9.148245,3.024607,0.3342,0.0014,-0.0187,0.334
/kaggle/input/datasets/duc24kdl/sub-x-ray/sub_X-Ray/sub_NIH/00001267_000.png,,sub_NIH,00001267_000.png,ok,256x256 -> 1024x1024,4,1,40.07,40.1124,6.336361,2.517213,0.9697,0.9934,0.19,8.8798,40.5736,5.697951,2.387038,0.9704,0.9942,0.1995,0.1995,0.1995,8.3372,166.0099,67.4265,166.0099,67.4265,0.1763,40.5736,0.9704,5.697951,2.387038,0.4612,0.0008,-0.0095,0.5426
/kaggle/input/datasets/duc24kdl/sub-x-ray/sub_X-Ray/sub_NIH/00001268_000.png,,sub_NIH,00001268_000.png,ok,256x256 -> 1024x1024,4,1,40.03,34.4267,23.464605,4.844028,0.9582,0.9906,0.2514,8.4684,34.5006,23.068644,4.802983,0.9602,0.9919,0.2622,0.2622,0.2622,7.9893,178.9466,47.8731,178.9466,47.8731,0.0541,34.5006,0.9602,23.068644,4.802983,0.0739,0.0013,-0.0107,0.4791
/kaggle/input/datasets/duc24kdl/sub-x-ray/sub_X-Ray/sub_NIH/00001268_006.png,,sub_NIH,00001268_006.png,ok,256x256 -> 1024x1024,4,1,38.84,35.2922,19.224712,4.384599,0.9762,0.9948,0.2207,9.676,35.3545,18.950729,4.353243,0.9774,0.9954,0.2398,0.2398,0.2398,9.189,155.5178,46.5102,155.5178,46.5102,0.052,35.3545,0.9774,18.950729,4.353243,0.0623,0.0006,-0.0191,0.487
/kaggle/input/datasets/duc24kdl/sub-x-ray/sub_X-Ray/sub_NIH/00001269_000.png,,sub_NIH,00001269_000.png,ok,256x256 -> 1024x1024,4,1,39.28,42.1888,3.928217,1.981973,0.9651,0.9919,0.2392,8.5676,42.7699,3.436321,1.853732,0.968,0.9932,0.255,0.255,0.255,8.1279,155.4565,47.6799,155.4565,47.6799,0.1618,42.7699,0.968,3.436321,1.853732,0.581,0.0014,-0.0158,0.4397
/kaggle/input/datasets/duc24kdl/sub-x-ray/sub_X-Ray/sub_NIH/00001270_004.png,,sub_NIH,00001270_004.png,ok,256x256 -> 1024x1024,4,1,40.09,37.5678,11.384128,3.374037,0.9121,0.9842,0.38,8.6006,37.911,10.519147,3.243324,0.9151,0.9858,0.3957,0.3957,0.3957,8.1171,109.7333,71.954,109.7333,71.954,0.1051,37.911,0.9151,10.519147,3.243324,0.3432,0.0016,-0.0157,0.4835
/kaggle/input/datasets/duc24kdl/sub-x-ray/sub_X-Ray/sub_NIH/00001273_000.png,,sub_NIH,00001273_000.png,ok,256x256 -> 1024x1024,4,1,39.62,38.198,9.846375,3.137893,0.9271,0.9865,0.3599,8.6035,38.4579,9.274485,3.045404,0.93,0.9879,0.3814,0.3814,0.3814,8.1035,111.7061,68.919,111.7061,68.919,0.0806,38.4579,0.93,9.274485,3.045404,0.2599,0.0014,-0.0215,0.5001
/kaggle/input/datasets/duc24kdl/sub-x-ray/sub_X-Ray/sub_NIH/00001274_000.png,,sub_NIH,00001274_000.png,ok,256x256 -> 1024x1024,4,1,39.81,40.0535,6.422899,2.534344,0.9603,0.9908,0.2345,8.4588,40.1338,6.305154,2.511007,0.9627,0.9921,0.2519,0.2519,0.2519,8.0236,173.4795,47.9566,173.4795,47.9566,0.0564,40.1338,0.9627,6.305154,2.511007,0.0804,0.0012,-0.0174,0.4352
/kaggle/input/datasets/duc24kdl/sub-x-ray/sub_X-Ray/sub_NIH/00001274_001.png,,sub_NIH,00001274_001.png,ok,256x256 -> 1024x1024,4,1,39.79,38.7338,8.70355,2.950178,0.9485,0.9887,0.3026,8.602,39.0459,8.100159,2.846078,0.9512,0.9901,0.3274,0.3274,0.3274,8.1618,155.2662,53.8162,155.2662,53.8162,0.1352,39.0459,0.9512,8.100159,2.846078,0.312,0.0014,-0.0248,0.4402
/kaggle/input/datasets/duc24kdl/sub-x-ray/sub_X-Ray/sub_NIH/00001277_000.png,,sub_NIH,00001277_000.png,ok,256x256 -> 1024x1024,4,1,38.86,34.5067,23.036243,4.799609,0.97,0.9935,0.1902,8.4257,34.9951,20.585963,4.537176,0.9718,0.9946,0.186,0.186,0.186,8.0454,71.5202,69.2098,71.5202,69.2098,0.1455,34.9951,0.9718,20.585963,4.537176,0.4884,0.001,0.0041,0.3803
/kaggle/input/datasets/duc24kdl/sub-x-ray/sub_X-Ray/sub_NIH/00001278_006.png,,sub_NIH,00001278_006.png,ok,256x256 -> 1024x1024,4,1,38.9,32.2121,39.072632,6.25081,0.9654,0.9923,0.2406,8.7421,32.5208,36.391545,6.03254,0.9671,0.9933,0.2388,0.2388,0.2388,8.2864,142.6349,65.9505,142.6349,65.9505,0.1107,32.5208,0.9671,36.391545,6.03254,0.3087,0.001,0.0019,0.4557
/kaggle/input/datasets/duc24kdl/sub-x-ray/sub_X-Ray/sub_NIH/00001278_009.png,,sub_NIH,00001278_009.png,ok,256x256 -> 1024x1024,4,1,39.29,35.5512,18.111735,4.255788,0.9749,0.9941,0.2452,8.7989,35.6779,17.5911,4.194174,0.9763,0.9948,0.2548,0.2548,0.2548,8.3259,116.9591,55.0046,116.9591,55.0046,0.0814,35.6779,0.9763,17.5911,4.194174,0.1267,0.0007,-0.0096,0.473
/kaggle/input/datasets/duc24kdl/sub-x-ray/sub_X-Ray/sub_NIH/00001278_011.png,,sub_NIH,00001278_011.png,ok,256x256 -> 1024x1024,4,1,39.44,31.302,48.182011,6.941326,0.9653,0.992,0.2805,9.0821,31.5278,45.740735,6.76319,0.9669,0.9932,0.2814,0.2814,0.2814,8.4471,113.7358,50.8373,113.7358,50.8373,0.1213,31.5278,0.9669,45.740735,6.76319,0.2258,0.0012,-0.0009,0.6349
/kaggle/input/datasets/duc24kdl/sub-x-ray/sub_X-Ray/sub_NIH/00001279_001.png,,sub_NIH,00001279_001.png,ok,256x256 -> 1024x1024,4,1,40.0,33.6247,28.223576,5.312587,0.9615,0.9916,0.1899,8.1204,34.5929,22.583701,4.752231,0.9639,0.9929,0.1845,0.1845,0.1845,7.8945,106.9429,82.8442,106.9429,82.8442,0.1186,34.5929,0.9639,22.583701,4.752231,0.9682,0.0013,0.0053,0.2259
/kaggle/input/datasets/duc24kdl/sub-x-ray/sub_X-Ray/sub_NIH/00001286_000.png,,sub_NIH,00001286_000.png,ok,256x256 -> 1024x1024,4,1,39.65,32.0345,40.702947,6.379886,0.9613,0.991,0.2576,8.7452,32.547,36.172555,6.014362,0.9635,0.9923,0.2644,0.2644,0.2644,8.2337,94.6128,64.115,94.6128,64.115,0.1552,32.547,0.9635,36.172555,6.014362,0.5125,0.0013,-0.0068,0.5115
/kaggle/input/datasets/duc24kdl/sub-x-ray/sub_X-Ray/sub_NIH/00001286_004.png,,sub_NIH,00001286_004.png,ok,256x256 -> 1024x1024,4,1,40.55,32.1097,40.004472,6.324909,0.9612,0.9914,0.2668,8.9342,32.384,37.555694,6.12827,0.962,0.9925,0.2774,0.2774,0.2774,8.3554,104.1667,56.6227,104.1667,56.6227,0.1178,32.384,0.962,37.555694,6.12827,0.2743,0.0011,-0.0106,0.5788
/kaggle/input/datasets/duc24kdl/sub-x-ray/sub_X-Ray/sub_NIH/00001286_005.png,,sub_NIH,00001286_005.png,ok,256x256 -> 1024x1024,4,1,39.84,35.5348,18.180301,4.263836,0.9687,0.9931,0.2554,9.4189,35.8605,16.866554,4.106891,0.9699,0.994,0.2681,0.2681,0.2681,9.0321,103.9778,59.3106,103.9778,59.3106,0.0782,35.8605,0.9699,16.866554,4.106891,0.3257,0.0009,-0.0127,0.3868
/kaggle/input/datasets/duc24kdl/sub-x-ray/sub_X-Ray/sub_NIH/00001286_007.png,,sub_NIH,00001286_007.png,ok,256x256 -> 1024x1024,4,1,38.86,32.584,35.866133,5.988834,0.9658,0.9918,0.2513,9.3265,32.7022,34.902821,5.907861,0.9677,0.9928,0.2628,0.2628,0.2628,8.904,101.4201,59.2292,101.4201,59.2292,0.1149,32.7022,0.9677,34.902821,5.907861,0.1182,0.001,-0.0115,0.4225
/kaggle/input/datasets/duc24kdl/sub-x-ray/sub_X-Ray/sub_NIH/00001289_000.png,,sub_NIH,00001289_000.png,ok,256x256 -> 1024x1024,4,1,39.4,33.6977,27.752934,5.268105,0.9641,0.9919,0.2584,8.9196,33.7838,27.208232,5.216151,0.9657,0.993,0.2678,0.2678,0.2678,8.3221,168.3166,57.179,168.3166,57.179,0.064,33.7838,0.9657,27.208232,5.216151,0.0861,0.0011,-0.0095,0.5975
/kaggle/input/datasets/duc24kdl/sub-x-ray/sub_X-Ray/sub_NIH/00001295_000.png,,sub_NIH,00001295_000.png,ok,256x256 -> 1024x1024,4,1,39.03,38.5462,9.087876,3.01461,0.9362,0.9885,0.3475,8.9732,38.9703,8.242284,2.870938,0.9388,0.9898,0.363,0.363,0.363,8.2005,108.3044,63.3269,108.3044,63.3269,0.1133,38.9703,0.9388,8.242284,2.870938,0.4241,0.0013,-0.0155,0.7726
/kaggle/input/datasets/duc24kdl/sub-x-ray/sub_X-Ray/sub_NIH/00001298_006.png,,sub_NIH,00001298_006.png,ok,256x256 -> 1024x1024,4,1,39.3,34.0215,25.759131,5.075345,0.9661,0.9923,0.265,8.6343,34.1487,25.015291,5.001529,0.9679,0.9933,0.2715,0.2715,0.2715,8.2718,116.3644,47.7877,116.3644,47.7877,0.0806,34.1487,0.9679,25.015291,5.001529,0.1273,0.001,-0.0065,0.3625
/kaggle/input/datasets/duc24kdl/sub-x-ray/sub_X-Ray/sub_NIH/00001299_000.png,,sub_NIH,00001299_000.png,ok,256x256 -> 1024x1024,4,1,40.15,32.867,33.602829,5.796795,0.9607,0.9912,0.242,8.5976,33.4444,29.419563,5.42398,0.9623,0.9926,0.2378,0.2378,0.2378,8.1351,168.9595,63.0894,168.9595,63.0894,0.1179,33.4444,0.9623,29.419563,5.42398,0.5774,0.0014,0.0042,0.4625
/kaggle/input/datasets/duc24kdl/sub-x-ray/sub_X-Ray/sub_NIH/00001301_012.png,,sub_NIH,00001301_012.png,ok,256x256 -> 1024x1024,4,1,39.77,35.0509,20.323105,4.508115,0.9723,0.9939,0.2622,9.4058,35.1409,19.906446,4.461664,0.9734,0.9944,0.2835,0.2835,0.2835,8.9412,117.3163,50.2469,117.3163,50.2469,0.064,35.1409,0.9734,19.906446,4.461664,0.09,0.0005,-0.0213,0.4647
/kaggle/input/datasets/duc24kdl/sub-x-ray/sub_X-Ray/sub_NIH/00001301_013.png,,sub_NIH,00001301_013.png,ok,256x256 -> 1024x1024,4,1,39.08,35.0482,20.335537,4.509494,0.976,0.9946,0.2601,9.8843,35.139,19.914962,4.462618,0.9769,0.995,0.2831,0.2831,0.2831,9.4384,119.3058,45.0247,119.3058,45.0247,0.0623,35.139,0.9769,19.914962,4.462618,0.0908,0.0004,-0.023,0.4459
/kaggle/input/datasets/duc24kdl/sub-x-ray/sub_X-Ray/sub_NIH/00001301_015.png,,sub_NIH,00001301_015.png,ok,256x256 -> 1024x1024,4,1,39.57,37.8621,10.638333,3.261646,0.9788,0.9956,0.2363,10.6295,37.9214,10.494084,3.239457,0.9799,0.996,0.2583,0.2583,0.2583,9.6271,120.6592,51.8645,120.6592,51.8645,0.0254,37.9214,0.9799,10.494084,3.239457,0.0593,0.0004,-0.0219,1.0023
/kaggle/input/datasets/duc24kdl/sub-x-ray/sub_X-Ray/sub_NIH/00001301_023.png,,sub_NIH,00001301_023.png,ok,256x256 -> 1024x1024,4,1,39.02,31.504,45.99223,6.781757,0.971,0.992,0.2424,8.9555,31.6202,44.777434,6.691594,0.9716,0.9928,0.252,0.252,0.252,8.6308,112.8036,57.7688,112.8036,57.7688,0.1094,31.6202,0.9716,44.777434,6.691594,0.1163,0.0008,-0.0096,0.3247
/kaggle/input/datasets/duc24kdl/sub-x-ray/sub_X-Ray/sub_NIH/00001301_030.png,,sub_NIH,00001301_030.png,ok,256x256 -> 1024x1024,4,1,38.88,33.4749,29.213788,5.404978,0.9702,0.9933,0.2305,8.8446,33.7141,27.648261,5.258161,0.9715,0.9942,0.2369,0.2369,0.2369,8.3763,109.7784,57.7814,109.7784,57.7814,0.1304,33.7141,0.9715,27.648261,5.258161,0.2392,0.0009,-0.0064,0.4683
/kaggle/input/datasets/duc24kdl/sub-x-ray/sub_X-Ray/sub_NIH/00001301_035.png,,sub_NIH,00001301_035.png,ok,256x256 -> 1024x1024,4,1,39.09,32.0268,40.776038,6.385612,0.9709,0.9926,0.2317,8.8143,32.1915,39.258518,6.265662,0.9719,0.9934,0.2416,0.2416,0.2416,8.4892,114.8171,52.4377,114.8171,52.4377,0.0956,32.1915,0.9719,39.258518,6.265662,0.1647,0.0008,-0.0099,0.3251
/kaggle/input/datasets/duc24kdl/sub-x-ray/sub_X-Ray/sub_NIH/00001301_041.png,,sub_NIH,00001301_041.png,ok,256x256 -> 1024x1024,4,1,38.94,32.3907,37.498167,6.123575,0.9715,0.9932,0.2236,8.6138,32.6032,35.707657,5.975588,0.9725,0.994,0.2365,0.2365,0.2365,8.1747,111.1863,55.2612,111.1863,55.2612,0.1043,32.6032,0.9725,35.707657,5.975588,0.2125,0.0008,-0.0129,0.439
/kaggle/input/datasets/duc24kdl/sub-x-ray/sub_X-Ray/sub_NIH/00001301_042.png,,sub_NIH,00001301_042.png,ok,256x256 -> 1024x1024,4,1,39.48,32.292,38.359789,6.193528,0.9729,0.9942,0.1855,9.591,32.488,36.667638,6.055381,0.9726,0.9946,0.1879,0.1879,0.1879,8.655,147.757,61.993,147.757,61.993,0.08,32.488,0.9726,36.667638,6.055381,0.1959,0.0005,-0.0024,0.936
/kaggle/input/datasets/duc24kdl/sub-x-ray/sub_X-Ray/sub_NIH/00001301_043.png,,sub_NIH,00001301_043.png,ok,256x256 -> 1024x1024,4,1,39.4,32.0302,40.744105,6.383111,0.9721,0.9932,0.1922,8.7924,32.0749,40.326761,6.350335,0.9722,0.9938,0.1939,0.1939,0.1939,8.3291,151.7588,55.797,151.7588,55.797,0.0796,32.0749,0.9722,40.326761,6.350335,0.0447,0.0006,-0.0018,0.4633
/kaggle/input/datasets/duc24kdl/sub-x-ray/sub_X-Ray/sub_NIH/00001301_046.png,,sub_NIH,00001301_046.png,ok,256x256 -> 1024x1024,4,1,39.09,33.2675,30.642606,5.535576,0.9713,0.9936,0.2379,9.2001,33.36,29.997304,5.476979,0.9723,0.9942,0.254,0.254,0.254,8.6045,112.2278,58.2817,112.2278,58.2817,0.0666,33.36,0.9723,29.997304,5.476979,0.0924,0.0006,-0.0162,0.5956
/kaggle/input/datasets/duc24kdl/sub-x-ray/sub_X-Ray/sub_NIH/00001303_003.png,,sub_NIH,00001303_003.png,ok,256x256 -> 1024x1024,4,1,39.49,31.1405,50.006703,7.071542,0.9356,0.9858,0.2732,7.1841,31.7491,43.468135,6.593037,0.9379,0.9876,0.2629,0.2629,0.2629,6.703,93.6667,75.6608,93.6667,75.6608,0.1737,31.7491,0.9379,43.468135,6.593037,0.6086,0.0018,0.0103,0.4812
/kaggle/input/datasets/duc24kdl/sub-x-ray/sub_X-Ray/sub_NIH/00001305_001.png,,sub_NIH,00001305_001.png,ok,256x256 -> 1024x1024,4,1,40.0,41.0982,5.049642,2.247141,0.9749,0.994,0.1702,8.839,41.6823,4.414163,2.100991,0.9768,0.9949,0.1813,0.1813,0.1813,8.559,171.5239,45.2082,171.5239,45.2082,0.3517,41.6823,0.9768,4.414163,2.100991,0.5841,0.0009,-0.0111,0.28
/kaggle/input/datasets/duc24kdl/sub-x-ray/sub_X-Ray/sub_NIH/00001310_000.png,,sub_NIH,00001310_000.png,ok,256x256 -> 1024x1024,4,1,39.62,35.4575,18.506566,4.301926,0.9607,0.9912,0.2464,8.764,35.5684,18.04005,4.247358,0.9628,0.9924,0.2532,0.2532,0.2532,8.1727,162.69,57.8385,162.69,57.8385,0.055,35.5684,0.9628,18.04005,4.247358,0.1109,0.0013,-0.0068,0.5913
/kaggle/input/datasets/duc24kdl/sub-x-ray/sub_X-Ray/sub_NIH/00001311_000.png,,sub_NIH,00001311_000.png,ok,256x256 -> 1024x1024,4,1,38.84,38.1813,9.88444,3.143953,0.9473,0.9902,0.2661,8.4932,38.4573,9.275863,3.04563,0.9499,0.9915,0.2729,0.2729,0.2729,7.9591,73.7842,61.4382,73.7842,61.4382,0.1432,38.4573,0.9499,9.275863,3.04563,0.276,0.0013,-0.0068,0.5341
/kaggle/input/datasets/duc24kdl/sub-x-ray/sub_X-Ray/sub_NIH/00001314_000.png,,sub_NIH,00001314_000.png,ok,256x256 -> 1024x1024,4,1,39.56,39.3381,7.572981,2.751905,0.968,0.9925,0.208,8.4883,40.2278,6.170275,2.484004,0.9703,0.9937,0.2134,0.2134,0.2134,8.0299,160.3069,60.8043,160.3069,60.8043,0.3683,40.2278,0.9703,6.170275,2.484004,0.8896,0.0012,-0.0054,0.4584
/kaggle/input/datasets/duc24kdl/sub-x-ray/sub_X-Ray/sub_NIH/00001315_003.png,,sub_NIH,00001315_003.png,ok,256x256 -> 1024x1024,4,1,40.02,31.4549,46.514402,6.820147,0.9704,0.9929,0.2627,9.3998,31.4666,46.389896,6.811013,0.9708,0.9935,0.2853,0.2853,0.2853,9.0144,124.8686,44.9739,124.8686,44.9739,0.0605,31.4666,0.9708,46.389896,6.811013,0.0116,0.0006,-0.0226,0.3854
/kaggle/input/datasets/duc24kdl/sub-x-ray/sub_X-Ray/sub_NIH/00001317_001.png,,sub_NIH,00001317_001.png,ok,256x256 -> 1024x1024,4,1,39.21,39.1635,7.883628,2.80778,0.9296,0.9867,0.3758,8.5358,39.3798,7.500701,2.738741,0.9324,0.9881,0.4021,0.4021,0.4021,8.198,130.7993,63.0197,130.7993,63.0197,0.0816,39.3798,0.9324,7.500701,2.738741,0.2162,0.0014,-0.0263,0.3378
/kaggle/input/datasets/duc24kdl/sub-x-ray/sub_X-Ray/sub_NIH/00001317_005.png,,sub_NIH,00001317_005.png,ok,256x256 -> 1024x1024,4,1,38.85,36.7423,13.767404,3.710445,0.9695,0.9933,0.28,8.8424,36.8895,13.308587,3.648094,0.971,0.9942,0.2952,0.2952,0.2952,8.4104,113.8516,46.9331,113.8516,46.9331,0.0489,36.8895,0.971,13.308587,3.648094,0.1472,0.0009,-0.0152,0.432
/kaggle/input/datasets/duc24kdl/sub-x-ray/sub_X-Ray/sub_NIH/00001317_006.png,,sub_NIH,00001317_006.png,ok,256x256 -> 1024x1024,4,1,39.12,36.0284,16.227052,4.028281,0.9726,0.994,0.2511,9.4055,36.1862,15.648155,3.955775,0.9741,0.9949,0.2599,0.2599,0.2599,8.6586,118.7105,48.4016,118.7105,48.4016,0.0715,36.1862,0.9741,15.648155,3.955775,0.1578,0.0009,-0.0088,0.7469
/kaggle/input/datasets/duc24kdl/sub-x-ray/sub_X-Ray/sub_NIH/00001319_000.png,,sub_NIH,00001319_000.png,ok,256x256 -> 1024x1024,4,1,38.88,40.1761,6.244103,2.49882,0.9603,0.9911,0.2849,8.6445,40.5155,5.774766,2.403074,0.963,0.9924,0.2965,0.2965,0.2965,8.1934,152.5881,53.6321,152.5881,53.6321,0.1489,40.5155,0.963,5.774766,2.403074,0.3394,0.0013,-0.0116,0.451
/kaggle/input/datasets/duc24kdl/sub-x-ray/sub_X-Ray/sub_NIH/00001319_002.png,,sub_NIH,00001319_002.png,ok,256x256 -> 1024x1024,4,1,40.33,38.5662,9.046018,3.00766,0.9313,0.9875,0.3799,8.981,38.8469,8.479954,2.912036,0.9339,0.9888,0.3995,0.3995,0.3995,8.5256,114.0736,64.3155,114.0736,64.3155,0.0859,38.8469,0.9339,8.479954,2.912036,0.2806,0.0013,-0.0196,0.4555
/kaggle/input/datasets/duc24kdl/sub-x-ray/sub_X-Ray/sub_NIH/00001322_002.png,,sub_NIH,00001322_002.png,ok,256x256 -> 1024x1024,4,1,38.73,37.0746,12.753248,3.571169,0.9335,0.9874,0.3528,8.4611,37.6095,11.275411,3.357888,0.9359,0.9887,0.3751,0.3751,0.3751,7.8736,95.0207,63.325,95.0207,63.325,0.1285,37.6095,0.9359,11.275411,3.357888,0.5349,0.0013,-0.0224,0.5875
/kaggle/input/datasets/duc24kdl/sub-x-ray/sub_X-Ray/sub_NIH/00001324_000.png,,sub_NIH,00001324_000.png,ok,256x256 -> 1024x1024,4,1,39.88,40.4511,5.860969,2.420944,0.9556,0.9904,0.2917,8.8751,40.8743,5.31683,2.305825,0.9585,0.9918,0.3055,0.3055,0.3055,8.456,172.4836,42.7139,172.4836,42.7139,0.1147,40.8743,0.9585,5.31683,2.305825,0.4232,0.0014,-0.0137,0.4191
/kaggle/input/datasets/duc24kdl/sub-x-ray/sub_X-Ray/sub_NIH/00001326_002.png,,sub_NIH,00001326_002.png,ok,256x256 -> 1024x1024,4,1,39.51,35.3888,18.801793,4.336103,0.9731,0.9942,0.2281,9.3234,35.6243,17.809482,4.220128,0.9744,0.995,0.2379,0.2379,0.2379,8.5465,145.1497,58.6924,145.1497,58.6924,0.0699,35.6243,0.9744,17.809482,4.220128,0.2355,0.0008,-0.0099,0.777
/kaggle/input/datasets/duc24kdl/sub-x-ray/sub_X-Ray/sub_NIH/00001326_005.png,,sub_NIH,00001326_005.png,ok,256x256 -> 1024x1024,4,1,38.88,36.3052,15.225064,3.901931,0.9264,0.9861,0.3697,8.811,36.461,14.68875,3.832591,0.9288,0.9875,0.3874,0.3874,0.3874,8.3303,131.0744,57.7408,131.0744,57.7408,0.1141,36.461,0.9288,14.68875,3.832591,0.1557,0.0014,-0.0177,0.4807
/kaggle/input/datasets/duc24kdl/sub-x-ray/sub_X-Ray/sub_NIH/00001327_003.png,,sub_NIH,00001327_003.png,ok,256x256 -> 1024x1024,4,1,39.22,36.6711,13.994818,3.740965,0.9135,0.984,0.3594,8.6508,36.9249,13.200417,3.633238,0.9166,0.9857,0.376,0.376,0.376,8.0365,115.2295,66.3724,115.2295,66.3724,0.0978,36.9249,0.9166,13.200417,3.633238,0.2538,0.0017,-0.0166,0.6143
/kaggle/input/datasets/duc24kdl/sub-x-ray/sub_X-Ray/sub_NIH/00001330_001.png,,sub_NIH,00001330_001.png,ok,256x256 -> 1024x1024,4,1,38.97,30.1003,63.539742,7.971182,0.9386,0.9869,0.2913,8.3025,30.3291,60.279671,7.763998,0.9391,0.9882,0.2967,0.2967,0.2967,7.7238,113.4453,66.138,113.4453,66.138,0.0851,30.3291,0.9391,60.279671,7.763998,0.2287,0.0013,-0.0053,0.5787
/kaggle/input/datasets/duc24kdl/sub-x-ray/sub_X-Ray/sub_NIH/00001330_003.png,,sub_NIH,00001330_003.png,ok,256x256 -> 1024x1024,4,1,39.56,36.4013,14.891957,3.85901,0.9234,0.9856,0.3294,8.1468,36.7304,13.805215,3.715537,0.9269,0.9874,0.3375,0.3375,0.3375,7.6112,103.1111,75.2857,103.1111,75.2857,0.0976,36.7304,0.9269,13.805215,3.715537,0.3291,0.0017,-0.0081,0.5355
/kaggle/input/datasets/duc24kdl/sub-x-ray/sub_X-Ray/sub_NIH/00001332_000.png,,sub_NIH,00001332_000.png,ok,256x256 -> 1024x1024,4,1,39.03,34.7068,21.998895,4.690298,0.9733,0.9941,0.1855,8.9512,34.9785,20.664544,4.545827,0.9742,0.995,0.1921,0.1921,0.1921,8.2433,138.7211,70.8013,138.7211,70.8013,0.1583,34.9785,0.9742,20.664544,4.545827,0.2718,0.0009,-0.0066,0.7079
/kaggle/input/datasets/duc24kdl/sub-x-ray/sub_X-Ray/sub_NIH/00001332_003.png,,sub_NIH,00001332_003.png,ok,256x256 -> 1024x1024,4,1,39.6,32.5905,35.812057,5.984318,0.9699,0.9932,0.2466,9.2128,32.7406,34.595471,5.881791,0.971,0.994,0.2633,0.2633,0.2633,8.6384,105.4771,52.13,105.4771,52.13,0.1197,32.7406,0.971,34.595471,5.881791,0.1501,0.0009,-0.0166,0.5744
/kaggle/input/datasets/duc24kdl/sub-x-ray/sub_X-Ray/sub_NIH/00001335_002.png,,sub_NIH,00001335_002.png,ok,256x256 -> 1024x1024,4,1,39.75,34.0912,25.349086,5.034788,0.966,0.9925,0.2172,8.467,34.1968,24.740286,4.973961,0.9673,0.9936,0.2241,0.2241,0.2241,8.1359,172.2908,54.1314,172.2908,54.1314,0.0705,34.1968,0.9673,24.740286,4.973961,0.1056,0.001,-0.0069,0.3311
/kaggle/input/datasets/duc24kdl/sub-x-ray/sub_X-Ray/sub_NIH/00001336_000.png,,sub_NIH,00001336_000.png,ok,256x256 -> 1024x1024,4,1,40.12,39.5514,7.210101,2.685163,0.9602,0.9913,0.2132,8.306,39.9362,6.598805,2.568814,0.9629,0.9925,0.2278,0.2278,0.2278,8.1237,155.7171,58.6324,155.7171,58.6324,0.039,39.9362,0.9629,6.598805,2.568814,0.3848,0.0013,-0.0146,0.1822
/kaggle/input/datasets/duc24kdl/sub-x-ray/sub_X-Ray/sub_NIH/00001337_000.png,,sub_NIH,00001337_000.png,ok,256x256 -> 1024x1024,4,1,38.79,39.3077,7.626253,2.761567,0.9364,0.9885,0.3473,8.8243,39.4979,7.299382,2.701737,0.9388,0.9896,0.3683,0.3683,0.3683,8.1877,131.3996,70.3044,131.3996,70.3044,0.0699,39.4979,0.9388,7.299382,2.701737,0.1903,0.0011,-0.0209,0.6366
/kaggle/input/datasets/duc24kdl/sub-x-ray/sub_X-Ray/sub_NIH/00001338_000.png,,sub_NIH,00001338_000.png,ok,256x256 -> 1024x1024,4,1,39.38,37.912,10.516822,3.242965,0.9293,0.9868,0.3595,8.5713,38.1368,9.986235,3.1601,0.9323,0.9882,0.3775,0.3775,0.3775,8.2686,119.8962,65.4703,119.8962,65.4703,0.0755,38.1368,0.9323,9.986235,3.1601,0.2248,0.0014,-0.018,0.3027
/kaggle/input/datasets/duc24kdl/sub-x-ray/sub_X-Ray/sub_NIH/00001338_001.png,,sub_NIH,00001338_001.png,ok,256x256 -> 1024x1024,4,1,39.55,30.309,60.559031,7.781968,0.9456,0.9881,0.2908,8.0177,30.5268,57.597657,7.589312,0.9465,0.9894,0.304,0.304,0.304,7.6753,132.7632,63.0087,132.7632,63.0087,0.0853,30.5268,0.9465,57.597657,7.589312,0.2177,0.0013,-0.0132,0.3424
/kaggle/input/datasets/duc24kdl/sub-x-ray/sub_X-Ray/sub_NIH/00001338_002.png,,sub_NIH,00001338_002.png,ok,256x256 -> 1024x1024,4,1,39.9,30.7354,54.896275,7.409202,0.9496,0.9881,0.2867,7.6001,30.9131,52.695109,7.25914,0.951,0.9895,0.2919,0.2919,0.2919,7.364,112.0959,67.1439,112.0959,67.1439,0.0899,30.9131,0.951,52.695109,7.25914,0.1777,0.0014,-0.0053,0.2362
/kaggle/input/datasets/duc24kdl/sub-x-ray/sub_X-Ray/sub_NIH/00001338_003.png,,sub_NIH,00001338_003.png,ok,256x256 -> 1024x1024,4,1,39.17,41.9397,4.160157,2.039646,0.9533,0.9896,0.3003,8.2835,42.2424,3.88007,1.969789,0.9558,0.9908,0.3244,0.3244,0.3244,8.1144,111.0602,30.1098,111.0602,30.1098,0.0996,42.2424,0.9558,3.88007,1.969789,0.3027,0.0012,-0.0241,0.1691
/kaggle/input/datasets/duc24kdl/sub-x-ray/sub_X-Ray/sub_NIH/00001339_000.png,,sub_NIH,00001339_000.png,ok,256x256 -> 1024x1024,4,1,39.14,37.179,12.450425,3.528516,0.9345,0.988,0.344,8.6853,37.5316,11.479543,3.388147,0.9369,0.9893,0.3623,0.3623,0.3623,8.3389,122.6017,63.0191,122.6017,63.0191,0.1041,37.5316,0.9369,11.479543,3.388147,0.3526,0.0013,-0.0183,0.3465
/kaggle/input/datasets/duc24kdl/sub-x-ray/sub_X-Ray/sub_NIH/00001340_000.png,,sub_NIH,00001340_000.png,ok,256x256 -> 1024x1024,4,1,39.4,38.4924,9.201141,3.033338,0.9476,0.9907,0.3054,9.0474,38.6665,8.839456,2.973122,0.9496,0.9916,0.3239,0.3239,0.3239,8.8443,146.3412,64.2578,146.3412,64.2578,0.0862,38.6665,0.9496,8.839456,2.973122,0.1742,0.0008,-0.0185,0.203
/kaggle/input/datasets/duc24kdl/sub-x-ray/sub_X-Ray/sub_NIH/00001341_000.png,,sub_NIH,00001341_000.png,ok,256x256 -> 1024x1024,4,1,39.62,36.5873,14.267669,3.777257,0.9314,0.9872,0.3323,8.7036,36.9115,13.241271,3.638856,0.9338,0.9887,0.346,0.346,0.346,8.0134,102.3658,63.1489,102.3658,63.1489,0.0578,36.9115,0.9338,13.241271,3.638856,0.3242,0.0015,-0.0137,0.6903
/kaggle/input/datasets/duc24kdl/sub-x-ray/sub_X-Ray/sub_NIH/00001342_000.png,,sub_NIH,00001342_000.png,ok,256x256 -> 1024x1024,4,1,39.91,38.3392,9.531401,3.087297,0.9526,0.9888,0.261,8.6071,38.8943,8.387934,2.896193,0.9559,0.9908,0.2639,0.2639,0.2639,8.0695,145.683,44.1193,145.683,44.1193,0.1967,38.8943,0.9559,8.387934,2.896193,0.555,0.0019,-0.0028,0.5376
/kaggle/input/datasets/duc24kdl/sub-x-ray/sub_X-Ray/sub_NIH/00001342_001.png,,sub_NIH,00001342_001.png,ok,256x256 -> 1024x1024,4,1,38.81,40.5632,5.711573,2.38989,0.9546,0.9894,0.2325,8.3057,41.0264,5.133829,2.265795,0.9578,0.9911,0.2438,0.2438,0.2438,7.9839,157.8854,60.7069,157.8854,60.7069,0.1602,41.0264,0.9578,5.133829,2.265795,0.4631,0.0017,-0.0112,0.3218
/kaggle/input/datasets/duc24kdl/sub-x-ray/sub_X-Ray/sub_NIH/00001343_000.png,,sub_NIH,00001343_000.png,ok,256x256 -> 1024x1024,4,1,38.95,39.1366,7.932674,2.8165,0.9374,0.9886,0.3553,8.7609,39.3901,7.482991,2.735506,0.9396,0.9897,0.3785,0.3785,0.3785,8.1982,131.4741,66.5758,131.4741,66.5758,0.0988,39.3901,0.9396,7.482991,2.735506,0.2534,0.0011,-0.0232,0.5627
/kaggle/input/datasets/duc24kdl/sub-x-ray/sub_X-Ray/sub_NIH/00001344_000.png,,sub_NIH,00001344_000.png,ok,256x256 -> 1024x1024,4,1,39.43,42.1914,3.925891,1.981386,0.968,0.9928,0.225,8.7651,42.7719,3.434683,1.85329,0.9704,0.9938,0.2403,0.2403,0.2403,8.3435,170.5409,45.8839,170.5409,45.8839,0.1915,42.7719,0.9704,3.434683,1.85329,0.5805,0.001,-0.0153,0.4216
/kaggle/input/datasets/duc24kdl/sub-x-ray/sub_X-Ray/sub_NIH/00001345_000.png,,sub_NIH,00001345_000.png,ok,256x256 -> 1024x1024,4,1,39.15,38.033,10.227787,3.198091,0.9412,0.9894,0.3613,9.2563,38.3138,9.587283,3.096334,0.9433,0.9904,0.3831,0.3831,0.3831,8.8376,145.1706,58.5837,145.1706,58.5837,0.0923,38.3138,0.9433,9.587283,3.096334,0.2809,0.001,-0.0218,0.4187
/kaggle/input/datasets/duc24kdl/sub-x-ray/sub_X-Ray/sub_NIH/00001346_000.png,,sub_NIH,00001346_000.png,ok,256x256 -> 1024x1024,4,1,39.33,38.0713,10.137902,3.184007,0.9312,0.9873,0.3331,8.5637,38.0671,10.147702,3.185546,0.9337,0.9887,0.3518,0.3518,0.3518,8.0882,109.8026,70.1535,109.8026,70.1535,0.0979,38.0671,0.9337,10.147702,3.185546,-0.0042,0.0013,-0.0187,0.4755
/kaggle/input/datasets/duc24kdl/sub-x-ray/sub_X-Ray/sub_NIH/00001347_000.png,,sub_NIH,00001347_000.png,ok,256x256 -> 1024x1024,4,1,38.98,38.437,9.319194,3.052736,0.9296,0.9867,0.3347,8.3699,38.5141,9.155315,3.025775,0.9313,0.9881,0.3483,0.3483,0.3483,7.8624,103.6452,69.7264,103.6452,69.7264,0.0983,38.5141,0.9313,9.155315,3.025775,0.0771,0.0014,-0.0136,0.5075
/kaggle/input/datasets/duc24kdl/sub-x-ray/sub_X-Ray/sub_NIH/00001347_001.png,,sub_NIH,00001347_001.png,ok,256x256 -> 1024x1024,4,1,39.26,35.3997,18.754704,4.33067,0.95,0.9887,0.2517,8.0878,35.5386,18.164562,4.26199,0.9528,0.9904,0.2607,0.2607,0.2607,7.6577,156.9355,56.1631,156.9355,56.1631,0.0679,35.5386,0.9528,18.164562,4.26199,0.1389,0.0017,-0.009,0.43
/kaggle/input/datasets/duc24kdl/sub-x-ray/sub_X-Ray/sub_NIH/00001347_002.png,,sub_NIH,00001347_002.png,ok,256x256 -> 1024x1024,4,1,38.12,37.1486,12.537708,3.540863,0.9225,0.9854,0.3666,8.3176,37.4251,11.76452,3.429945,0.9255,0.987,0.383,0.383,0.383,7.8361,107.7697,68.8234,107.7697,68.8234,0.0922,37.4251,0.9255,11.76452,3.429945,0.2764,0.0016,-0.0164,0.4815
/kaggle/input/datasets/duc24kdl/sub-x-ray/sub_X-Ray/sub_NIH/00001348_000.png,,sub_NIH,00001348_000.png,ok,256x256 -> 1024x1024,4,1,39.7,38.2788,9.665022,3.108862,0.9257,0.9863,0.3379,8.4794,38.5483,9.083531,3.01389,0.9285,0.9877,0.3536,0.3536,0.3536,7.982,105.2573,71.4649,105.2573,71.4649,0.0972,38.5483,0.9285,9.083531,3.01389,0.2695,0.0014,-0.0157,0.4974
/kaggle/input/datasets/duc24kdl/sub-x-ray/sub_X-Ray/sub_NIH/00001349_000.png,,sub_NIH,00001349_000.png,ok,256x256 -> 1024x1024,4,1,39.1,40.8993,5.286323,2.299201,0.961,0.9912,0.269,8.7236,41.3386,4.777723,2.1858,0.9638,0.9925,0.2856,0.2856,0.2856,8.2004,165.2975,44.2491,165.2975,44.2491,0.1693,41.3386,0.9638,4.777723,2.1858,0.4393,0.0014,-0.0166,0.5233
/kaggle/input/datasets/duc24kdl/sub-x-ray/sub_X-Ray/sub_NIH/00001350_000.png,,sub_NIH,00001350_000.png,ok,256x256 -> 1024x1024,4,1,39.06,34.7773,21.644616,4.652377,0.9633,0.992,0.2244,8.6051,34.8686,21.19442,4.60374,0.965,0.993,0.2332,0.2332,0.2332,8.0352,158.8863,63.1126,158.8863,63.1126,0.0555,34.8686,0.965,21.19442,4.60374,0.0913,0.001,-0.0087,0.5699
/kaggle/input/datasets/duc24kdl/sub-x-ray/sub_X-Ray/sub_NIH/00001351_000.png,,sub_NIH,00001351_000.png,ok,256x256 -> 1024x1024,4,1,39.33,41.5306,4.57109,2.138011,0.9574,0.9907,0.3008,8.6257,41.8222,4.274234,2.067422,0.9596,0.9918,0.324,0.324,0.324,8.2735,108.3293,32.8165,108.3293,32.8165,0.0663,41.8222,0.9596,4.274234,2.067422,0.2916,0.001,-0.0232,0.3523
/kaggle/input/datasets/duc24kdl/sub-x-ray/sub_X-Ray/sub_NIH/00001352_000.png,,sub_NIH,00001352_000.png,ok,256x256 -> 1024x1024,4,1,39.6,38.3186,9.57681,3.094642,0.9199,0.9854,0.3919,8.6532,38.4704,9.247912,3.041038,0.9227,0.9869,0.4159,0.4159,0.4159,8.0916,126.8822,66.4966,126.8822,66.4966,0.0811,38.4704,0.9227,9.247912,3.041038,0.1518,0.0014,-0.024,0.5616
/kaggle/input/datasets/duc24kdl/sub-x-ray/sub_X-Ray/sub_NIH/00001353_000.png,,sub_NIH,00001353_000.png,ok,256x256 -> 1024x1024,4,1,39.93,33.8236,26.96003,5.192305,0.9573,0.9905,0.2575,8.491,33.7974,27.123313,5.208005,0.9595,0.9919,0.2652,0.2652,0.2652,8.1963,164.6109,51.934,164.6109,51.934,0.0179,33.7974,0.9595,27.123313,5.208005,-0.0262,0.0013,-0.0077,0.2947
/kaggle/input/datasets/duc24kdl/sub-x-ray/sub_X-Ray/sub_NIH/00001354_000.png,,sub_NIH,00001354_000.png,ok,256x256 -> 1024x1024,4,1,39.04,37.9286,10.476481,3.236739,0.9275,0.9868,0.374,8.5776,38.2229,9.790073,3.128909,0.9305,0.9883,0.3951,0.3951,0.3951,8.2192,121.6624,68.0391,121.6624,68.0391,0.0953,38.2229,0.9305,9.790073,3.128909,0.2943,0.0015,-0.0211,0.3584
/kaggle/input/datasets/duc24kdl/sub-x-ray/sub_X-Ray/sub_NIH/00001355_000.png,,sub_NIH,00001355_000.png,ok,256x256 -> 1024x1024,4,1,39.86,31.2432,48.837947,6.988415,0.9453,0.9874,0.2314,7.6581,31.6384,44.589799,6.677559,0.948,0.9894,0.2306,0.2306,0.2306,7.6066,158.2642,70.5465,158.2642,70.5465,0.2499,31.6384,0.948,44.589799,6.677559,0.3952,0.002,0.0008,0.0515
/kaggle/input/datasets/duc24kdl/sub-x-ray/sub_X-Ray/sub_NIH/00001355_001.png,,sub_NIH,00001355_001.png,ok,256x256 -> 1024x1024,4,1,39.67,32.5307,36.308726,6.025672,0.9654,0.9926,0.2846,9.3227,32.5517,36.133646,6.011127,0.966,0.9932,0.3065,0.3065,0.3065,8.8693,120.0658,55.2631,120.0658,55.2631,0.1563,32.5517,0.966,36.133646,6.011127,0.021,0.0005,-0.0219,0.4534
/kaggle/input/datasets/duc24kdl/sub-x-ray/sub_X-Ray/sub_NIH/00001355_002.png,,sub_NIH,00001355_002.png,ok,256x256 -> 1024x1024,4,1,39.08,30.1264,63.160232,7.947341,0.9581,0.9907,0.2945,8.8508,30.2763,61.017502,7.81137,0.9576,0.9912,0.3142,0.3142,0.3142,8.239,123.4451,62.8046,123.4451,62.8046,0.0647,30.2763,0.9576,61.017502,7.81137,0.1499,0.0005,-0.0197,0.6117
/kaggle/input/datasets/duc24kdl/sub-x-ray/sub_X-Ray/sub_NIH/00001355_003.png,,sub_NIH,00001355_003.png,ok,256x256 -> 1024x1024,4,1,38.78,42.1978,3.920113,1.979927,0.9644,0.9922,0.2797,8.6936,42.5338,3.628308,1.904812,0.9664,0.9932,0.3028,0.3028,0.3028,8.3948,110.5832,30.973,110.5832,30.973,0.0791,42.5338,0.9664,3.628308,1.904812,0.3359,0.0009,-0.0231,0.2989
/kaggle/input/datasets/duc24kdl/sub-x-ray/sub_X-Ray/sub_NIH/00001355_004.png,,sub_NIH,00001355_004.png,ok,256x256 -> 1024x1024,4,1,39.08,30.8406,53.582242,7.319989,0.9533,0.9894,0.3251,8.4724,30.9255,52.545172,7.248805,0.9534,0.9903,0.3451,0.3451,0.3451,8.1625,116.7786,47.6761,116.7786,47.6761,0.0916,30.9255,0.9534,52.545172,7.248805,0.0849,0.0009,-0.02,0.3099
/kaggle/input/datasets/duc24kdl/sub-x-ray/sub_X-Ray/sub_NIH/00001355_005.png,,sub_NIH,00001355_005.png,ok,256x256 -> 1024x1024,4,1,38.94,31.8836,42.142834,6.491751,0.9498,0.9896,0.3509,8.7302,31.9157,41.831893,6.467758,0.9497,0.9902,0.3804,0.3804,0.3804,8.3605,148.5032,44.6267,148.5032,44.6267,0.0691,31.9157,0.9497,41.831893,6.467758,0.0322,0.0006,-0.0295,0.3697
/kaggle/input/datasets/duc24kdl/sub-x-ray/sub_X-Ray/sub_NIH/00001355_006.png,,sub_NIH,00001355_006.png,ok,256x256 -> 1024x1024,4,1,39.24,31.8249,42.715585,6.535716,0.9499,0.9897,0.3336,8.5974,31.8679,42.295292,6.503483,0.95,0.9903,0.3614,0.3614,0.3614,8.3487,133.0893,57.0507,133.0893,57.0507,0.07,31.8679,0.95,42.295292,6.503483,0.0429,0.0007,-0.0278,0.2487
/kaggle/input/datasets/duc24kdl/sub-x-ray/sub_X-Ray/sub_NIH/00001355_007.png,,sub_NIH,00001355_007.png,ok,256x256 -> 1024x1024,4,1,39.42,38.4887,9.208997,3.034633,0.9384,0.989,0.35,8.3654,38.7758,8.619922,2.93597,0.9412,0.9902,0.3721,0.3721,0.3721,8.2236,135.8372,69.3803,135.8372,69.3803,0.1021,38.7758,0.9412,8.619922,2.93597,0.2871,0.0011,-0.0221,0.1419
/kaggle/input/datasets/duc24kdl/sub-x-ray/sub_X-Ray/sub_NIH/00001355_008.png,,sub_NIH,00001355_008.png,ok,256x256 -> 1024x1024,4,1,39.97,39.1413,7.924099,2.814978,0.9387,0.9892,0.3442,8.8208,39.4421,7.393903,2.719173,0.9412,0.9903,0.3667,0.3667,0.3667,8.4136,143.6793,66.9671,143.6793,66.9671,0.082,39.4421,0.9412,7.393903,2.719173,0.3008,0.0011,-0.0226,0.4071
/kaggle/input/datasets/duc24kdl/sub-x-ray/sub_X-Ray/sub_NIH/00001355_009.png,,sub_NIH,00001355_009.png,ok,256x256 -> 1024x1024,4,1,38.9,39.05,8.092549,2.844741,0.9404,0.9895,0.3512,8.7692,39.2276,7.768285,2.787164,0.9425,0.9905,0.376,0.376,0.376,8.217,133.0943,70.7742,133.0943,70.7742,0.0831,39.2276,0.9425,7.768285,2.787164,0.1776,0.001,-0.0247,0.5521
/kaggle/input/datasets/duc24kdl/sub-x-ray/sub_X-Ray/sub_NIH/00001355_010.png,,sub_NIH,00001355_010.png,ok,256x256 -> 1024x1024,4,1,39.21,38.6908,8.790328,2.964849,0.9355,0.9885,0.3531,8.5234,38.9553,8.270894,2.875916,0.938,0.9896,0.3724,0.3724,0.3724,8.1849,126.5995,77.3324,126.5995,77.3324,0.0836,38.9553,0.938,8.270894,2.875916,0.2645,0.0012,-0.0193,0.3385
/kaggle/input/datasets/duc24kdl/sub-x-ray/sub_X-Ray/sub_NIH/00001355_011.png,,sub_NIH,00001355_011.png,ok,256x256 -> 1024x1024,4,1,39.18,38.9393,8.301399,2.881215,0.9381,0.9891,0.3423,8.491,39.2851,7.666068,2.768766,0.9407,0.9903,0.3654,0.3654,0.3654,8.1673,130.8871,69.202,130.8871,69.202,0.0998,39.2851,0.9407,7.666068,2.768766,0.3458,0.0012,-0.0231,0.3237
/kaggle/input/datasets/duc24kdl/sub-x-ray/sub_X-Ray/sub_NIH/00001355_012.png,,sub_NIH,00001355_012.png,ok,256x256 -> 1024x1024,4,1,39.85,39.7687,6.858206,2.618818,0.9388,0.9892,0.3542,8.7195,39.9604,6.562091,2.561658,0.9411,0.9902,0.3802,0.3802,0.3802,8.2745,134.2155,71.1795,134.2155,71.1795,0.0644,39.9604,0.9411,6.562091,2.561658,0.1917,0.001,-0.0261,0.4451
/kaggle/input/datasets/duc24kdl/sub-x-ray/sub_X-Ray/sub_NIH/00001356_000.png,,sub_NIH,00001356_000.png,ok,256x256 -> 1024x1024,4,1,40.11,38.4651,9.25918,3.04289,0.9298,0.987,0.3654,9.0538,38.613,8.949062,2.991498,0.9323,0.9884,0.382,0.382,0.382,8.4755,124.0411,62.383,124.0411,62.383,0.098,38.613,0.9323,8.949062,2.991498,0.148,0.0014,-0.0167,0.5783
/kaggle/input/datasets/duc24kdl/sub-x-ray/sub_X-Ray/sub_NIH/00001357_000.png,,sub_NIH,00001357_000.png,ok,256x256 -> 1024x1024,4,1,39.73,40.1289,6.312293,2.512428,0.963,0.9915,0.2555,8.8688,40.6622,5.582933,2.362823,0.966,0.9929,0.2659,0.2659,0.2659,8.2358,153.2586,49.2847,153.2586,49.2847,0.1108,40.6622,0.966,5.582933,2.362823,0.5332,0.0014,-0.0104,0.6331
/kaggle/input/datasets/duc24kdl/sub-x-ray/sub_X-Ray/sub_NIH/00001358_000.png,,sub_NIH,00001358_000.png,ok,256x256 -> 1024x1024,4,1,38.93,39.2549,7.719537,2.778405,0.9373,0.989,0.3691,8.6759,39.4492,7.38178,2.716943,0.9396,0.9901,0.3962,0.3962,0.3962,8.2686,132.0989,71.5226,132.0989,71.5226,0.063,39.4492,0.9396,7.38178,2.716943,0.1943,0.0011,-0.0271,0.4073
/kaggle/input/datasets/duc24kdl/sub-x-ray/sub_X-Ray/sub_NIH/00001358_001.png,,sub_NIH,00001358_001.png,ok,256x256 -> 1024x1024,4,1,39.51,36.8538,13.418317,3.663102,0.9273,0.9872,0.4061,8.6953,37.2204,12.332278,3.511734,0.9298,0.9884,0.4341,0.4341,0.4341,8.1914,137.4988,66.9847,137.4988,66.9847,0.0817,37.2204,0.9298,12.332278,3.511734,0.3665,0.0012,-0.028,0.504
/kaggle/input/datasets/duc24kdl/sub-x-ray/sub_X-Ray/sub_NIH/00001359_000.png,,sub_NIH,00001359_000.png,ok,256x256 -> 1024x1024,4,1,40.17,38.7435,8.684231,2.946902,0.9314,0.9872,0.345,8.7729,39.0808,8.035292,2.834659,0.9343,0.9887,0.3594,0.3594,0.3594,8.1054,101.3236,68.0146,101.3236,68.0146,0.1035,39.0808,0.9343,8.035292,2.834659,0.3373,0.0015,-0.0144,0.6675
/kaggle/input/datasets/duc24kdl/sub-x-ray/sub_X-Ray/sub_NIH/00001360_000.png,,sub_NIH,00001360_000.png,ok,256x256 -> 1024x1024,4,1,39.81,40.8418,5.356766,2.314469,0.9466,0.9881,0.3245,8.5807,41.1311,5.011556,2.238651,0.9493,0.9895,0.3434,0.3434,0.3434,8.3593,109.6149,34.8307,109.6149,34.8307,0.0857,41.1311,0.9493,5.011556,2.238651,0.2893,0.0014,-0.0189,0.2214
/kaggle/input/datasets/duc24kdl/sub-x-ray/sub_X-Ray/sub_NIH/00001361_000.png,,sub_NIH,00001361_000.png,ok,256x256 -> 1024x1024,4,1,38.65,31.8856,42.122971,6.490221,0.9378,0.9865,0.3102,8.1079,32.1554,39.585928,6.291735,0.94,0.9883,0.3217,0.3217,0.3217,7.912,144.7376,53.3505,144.7376,53.3505,-0.0078,32.1554,0.94,39.585928,6.291735,0.2698,0.0017,-0.0115,0.1959
/kaggle/input/datasets/duc24kdl/sub-x-ray/sub_X-Ray/sub_NIH/00001362_000.png,,sub_NIH,00001362_000.png,ok,256x256 -> 1024x1024,4,1,39.19,33.5866,28.472104,5.335926,0.9647,0.9924,0.2287,8.5531,33.6562,28.019414,5.293337,0.9661,0.9934,0.2444,0.2444,0.2444,8.0958,166.5303,70.995,166.5303,70.995,0.069,33.6562,0.9661,28.019414,5.293337,0.0696,0.001,-0.0157,0.4573
/kaggle/input/datasets/duc24kdl/sub-x-ray/sub_X-Ray/sub_NIH/00001362_001.png,,sub_NIH,00001362_001.png,ok,256x256 -> 1024x1024,4,1,38.98,36.2109,15.559192,3.944514,0.984,0.9964,0.1661,10.7585,36.28,15.313873,3.913294,0.9846,0.9968,0.1825,0.1825,0.1825,9.3762,164.0444,42.4423,164.0444,42.4423,0.0465,36.28,0.9846,15.313873,3.913294,0.069,0.0003,-0.0165,1.3823
/kaggle/input/datasets/duc24kdl/sub-x-ray/sub_X-Ray/sub_NIH/00001362_002.png,,sub_NIH,00001362_002.png,ok,256x256 -> 1024x1024,4,1,38.98,33.9955,25.913544,5.090535,0.9651,0.9928,0.2292,9.0595,34.4864,23.143838,4.810804,0.9667,0.9938,0.2373,0.2373,0.2373,8.4482,143.5659,65.5094,143.5659,65.5094,0.1018,34.4864,0.9667,23.143838,4.810804,0.4909,0.001,-0.0081,0.6113
/kaggle/input/datasets/duc24kdl/sub-x-ray/sub_X-Ray/sub_NIH/00001362_003.png,,sub_NIH,00001362_003.png,ok,256x256 -> 1024x1024,4,1,39.07,34.1499,25.008523,5.000852,0.9589,0.9914,0.2415,8.5166,34.1574,24.965354,4.996534,0.9606,0.9924,0.2475,0.2475,0.2475,7.9552,168.519,61.7968,168.519,61.7968,0.0186,34.1574,0.9606,24.965354,4.996534,0.0075,0.0011,-0.006,0.5613
/kaggle/input/datasets/duc24kdl/sub-x-ray/sub_X-Ray/sub_NIH/00001362_004.png,,sub_NIH,00001362_004.png,ok,256x256 -> 1024x1024,4,1,37.96,36.0698,16.073311,4.009153,0.9812,0.996,0.1961,10.6357,36.1204,15.886959,3.985845,0.9815,0.9964,0.2183,0.2183,0.2183,9.2851,160.0145,38.5362,160.0145,38.5362,0.0335,36.1204,0.9815,15.886959,3.985845,0.0506,0.0003,-0.0222,1.3506
/kaggle/input/datasets/duc24kdl/sub-x-ray/sub_X-Ray/sub_NIH/00001362_005.png,,sub_NIH,00001362_005.png,ok,256x256 -> 1024x1024,4,1,40.1,33.7811,27.225159,5.217773,0.9802,0.9955,0.1932,10.0043,33.8615,26.72587,5.169707,0.9804,0.9959,0.2119,0.2119,0.2119,9.0381,161.382,39.6522,161.382,39.6522,0.0558,33.8615,0.9804,26.72587,5.169707,0.0804,0.0003,-0.0187,0.9662
/kaggle/input/datasets/duc24kdl/sub-x-ray/sub_X-Ray/sub_NIH/00001362_006.png,,sub_NIH,00001362_006.png,ok,256x256 -> 1024x1024,4,1,39.51,35.3414,19.008281,4.359849,0.9803,0.9957,0.1904,9.9556,35.3998,18.754335,4.330628,0.9809,0.9961,0.2059,0.2059,0.2059,8.8033,162.1582,42.2415,162.1582,42.2415,0.0501,35.3998,0.9809,18.754335,4.330628,0.0584,0.0004,-0.0155,1.1524
/kaggle/input/datasets/duc24kdl/sub-x-ray/sub_X-Ray/sub_NIH/00001362_007.png,,sub_NIH,00001362_007.png,ok,256x256 -> 1024x1024,4,1,39.72,36.5575,14.365948,3.790244,0.9777,0.9954,0.2246,10.0766,36.6462,14.075506,3.751734,0.9783,0.9958,0.2491,0.2491,0.2491,9.183,158.3134,35.9679,158.3134,35.9679,0.0364,36.6462,0.9783,14.075506,3.751734,0.0887,0.0004,-0.0245,0.8936
/kaggle/input/datasets/duc24kdl/sub-x-ray/sub_X-Ray/sub_NIH/00001362_008.png,,sub_NIH,00001362_008.png,ok,256x256 -> 1024x1024,4,1,39.76,36.2047,15.581403,3.947329,0.975,0.9947,0.2344,9.6067,36.468,14.664978,3.829488,0.976,0.9953,0.2488,0.2488,0.2488,8.7687,118.3909,56.9789,118.3909,56.9789,0.0905,36.468,0.976,14.664978,3.829488,0.2633,0.0006,-0.0143,0.838
/kaggle/input/datasets/duc24kdl/sub-x-ray/sub_X-Ray/sub_NIH/00001362_009.png,,sub_NIH,00001362_009.png,ok,256x256 -> 1024x1024,4,1,39.27,40.1893,6.225155,2.495026,0.9365,0.9886,0.3638,8.7143,40.4355,5.882006,2.425285,0.939,0.9898,0.3879,0.3879,0.3879,8.2799,126.8416,73.6,126.8416,73.6,0.0823,40.4355,0.939,5.882006,2.425285,0.2462,0.0011,-0.0241,0.4344
/kaggle/input/datasets/duc24kdl/sub-x-ray/sub_X-Ray/sub_NIH/00001362_010.png,,sub_NIH,00001362_010.png,ok,256x256 -> 1024x1024,4,1,39.72,38.2522,9.724442,3.118404,0.926,0.9868,0.3988,8.6458,38.4826,9.221977,3.036771,0.9286,0.988,0.4269,0.4269,0.4269,8.3245,135.8021,71.5378,135.8021,71.5378,0.0823,38.4826,0.9286,9.221977,3.036771,0.2304,0.0013,-0.0281,0.3213
/kaggle/input/datasets/duc24kdl/sub-x-ray/sub_X-Ray/sub_NIH/00001362_011.png,,sub_NIH,00001362_011.png,ok,256x256 -> 1024x1024,4,1,38.7,32.5143,36.446446,6.037089,0.9692,0.9922,0.2763,9.5085,32.5625,36.043904,6.003658,0.9702,0.9931,0.2991,0.2991,0.2991,8.9646,123.7646,44.117,123.7646,44.117,0.0942,32.5625,0.9702,36.043904,6.003658,0.0482,0.0009,-0.0227,0.5439
/kaggle/input/datasets/duc24kdl/sub-x-ray/sub_X-Ray/sub_NIH/00001362_012.png,,sub_NIH,00001362_012.png,ok,256x256 -> 1024x1024,4,1,39.27,34.7883,21.589802,4.646483,0.9754,0.9945,0.2442,9.991,34.8615,21.229041,4.607498,0.9763,0.995,0.2714,0.2714,0.2714,9.3371,123.0354,52.4704,123.0354,52.4704,0.062,34.8615,0.9763,21.229041,4.607498,0.0732,0.0004,-0.0271,0.6538
/kaggle/input/datasets/duc24kdl/sub-x-ray/sub_X-Ray/sub_NIH/00001362_013.png,,sub_NIH,00001362_013.png,ok,256x256 -> 1024x1024,4,1,39.61,38.5349,9.111426,3.018514,0.9356,0.9884,0.3533,8.5955,38.9979,8.190181,2.861849,0.9386,0.9897,0.3742,0.3742,0.3742,8.3275,136.5856,71.6298,136.5856,71.6298,0.1008,38.9979,0.9386,8.190181,2.861849,0.4629,0.0013,-0.021,0.268
/kaggle/input/datasets/duc24kdl/sub-x-ray/sub_X-Ray/sub_NIH/00001362_014.png,,sub_NIH,00001362_014.png,ok,256x256 -> 1024x1024,4,1,38.84,32.6199,35.570611,5.96411,0.9746,0.9938,0.2169,9.41,32.8586,33.66854,5.80246,0.9755,0.9946,0.2275,0.2275,0.2275,8.9467,110.5197,56.1124,110.5197,56.1124,0.135,32.8586,0.9755,33.66854,5.80246,0.2387,0.0008,-0.0106,0.4633
/kaggle/input/datasets/duc24kdl/sub-x-ray/sub_X-Ray/sub_NIH/00001362_015.png,,sub_NIH,00001362_015.png,ok,256x256 -> 1024x1024,4,1,37.65,34.9304,20.894947,4.571099,0.9767,0.9946,0.2244,9.6782,35.0296,20.423104,4.519193,0.9778,0.9952,0.244,0.244,0.244,9.0802,117.671,53.7887,117.671,53.7887,0.0672,35.0296,0.9778,20.423104,4.519193,0.0992,0.0006,-0.0196,0.598
/kaggle/input/datasets/duc24kdl/sub-x-ray/sub_X-Ray/sub_NIH/00001362_016.png,,sub_NIH,00001362_016.png,ok,256x256 -> 1024x1024,4,1,39.9,38.4865,9.213605,3.035392,0.9365,0.9884,0.3438,8.8193,38.9239,8.330775,2.886308,0.9382,0.9896,0.3608,0.3608,0.3608,8.2391,128.5343,75.8638,128.5343,75.8638,0.1044,38.9239,0.9382,8.330775,2.886308,0.4374,0.0012,-0.017,0.5801
/kaggle/input/datasets/duc24kdl/sub-x-ray/sub_X-Ray/sub_NIH/00001362_017.png,,sub_NIH,00001362_017.png,ok,256x256 -> 1024x1024,4,1,38.97,31.3671,47.464777,6.889469,0.9762,0.9934,0.1948,9.2032,31.4422,46.650842,6.830142,0.9767,0.9941,0.2092,0.2092,0.2092,8.9304,157.4092,48.0704,157.4092,48.0704,0.095,31.4422,0.9767,46.650842,6.830142,0.0751,0.0008,-0.0144,0.2728
/kaggle/input/datasets/duc24kdl/sub-x-ray/sub_X-Ray/sub_NIH/00001363_000.png,,sub_NIH,00001363_000.png,ok,256x256 -> 1024x1024,4,1,39.32,39.2426,7.7414,2.782337,0.9309,0.9873,0.3467,8.3362,39.5282,7.248645,2.692331,0.9338,0.9888,0.3667,0.3667,0.3667,7.9488,104.4453,66.6517,104.4453,66.6517,0.0907,39.5282,0.9338,7.248645,2.692331,0.2856,0.0015,-0.0201,0.3874
/kaggle/input/datasets/duc24kdl/sub-x-ray/sub_X-Ray/sub_NIH/00001364_000.png,,sub_NIH,00001364_000.png,ok,256x256 -> 1024x1024,4,1,39.36,40.304,6.06292,2.4623,0.9447,0.9873,0.3111,8.3689,40.6416,5.609499,2.368438,0.9475,0.9889,0.3149,0.3149,0.3149,8.0206,106.0842,34.6351,106.0842,34.6351,0.1288,40.6416,0.9475,5.609499,2.368438,0.3376,0.0016,-0.0038,0.3483
/kaggle/input/datasets/duc24kdl/sub-x-ray/sub_X-Ray/sub_NIH/00001364_001.png,,sub_NIH,00001364_001.png,ok,256x256 -> 1024x1024,4,1,39.57,37.7665,10.874923,3.297715,0.9401,0.9884,0.3207,8.7056,38.0054,10.29294,3.208261,0.9418,0.9897,0.3283,0.3283,0.3283,8.2426,101.0184,60.2844,101.0184,60.2844,0.1123,38.0054,0.9418,10.29294,3.208261,0.2389,0.0013,-0.0076,0.463
/kaggle/input/datasets/duc24kdl/sub-x-ray/sub_X-Ray/sub_NIH/00001364_002.png,,sub_NIH,00001364_002.png,ok,256x256 -> 1024x1024,4,1,39.99,32.6978,34.938358,5.910868,0.9622,0.9902,0.2665,8.5587,32.844,33.781691,5.812202,0.964,0.9916,0.2647,0.2647,0.2647,7.9835,109.4809,52.7795,109.4809,52.7795,0.1024,32.844,0.964,33.781691,5.812202,0.1462,0.0013,0.0018,0.5751
/kaggle/input/datasets/duc24kdl/sub-x-ray/sub_X-Ray/sub_NIH/00001364_003.png,,sub_NIH,00001364_003.png,ok,256x256 -> 1024x1024,4,1,40.05,34.7273,21.89514,4.679224,0.963,0.9914,0.2491,8.8067,34.909,20.998044,4.582362,0.965,0.9926,0.2524,0.2524,0.2524,8.2679,107.2682,54.6714,107.2682,54.6714,0.0926,34.909,0.965,20.998044,4.582362,0.1817,0.0012,-0.0033,0.5388
/kaggle/input/datasets/duc24kdl/sub-x-ray/sub_X-Ray/sub_NIH/00001364_004.png,,sub_NIH,00001364_004.png,ok,256x256 -> 1024x1024,4,1,39.32,37.2777,12.170508,3.488626,0.9365,0.9877,0.31,8.4138,37.3405,11.995723,3.463484,0.9375,0.9888,0.3184,0.3184,0.3184,8.0167,99.5099,68.9687,99.5099,68.9687,0.1145,37.3405,0.9375,11.995723,3.463484,0.0628,0.0011,-0.0085,0.3971
/kaggle/input/datasets/duc24kdl/sub-x-ray/sub_X-Ray/sub_NIH/00001364_005.png,,sub_NIH,00001364_005.png,ok,256x256 -> 1024x1024,4,1,38.78,33.2118,31.038781,5.571246,0.9552,0.9902,0.2391,8.3547,34.1649,24.922338,4.992228,0.9573,0.9914,0.2368,0.2368,0.2368,7.9434,161.2584,61.7227,161.2584,61.7227,0.2495,34.1649,0.9573,24.922338,4.992228,0.9532,0.0012,0.0024,0.4113
/kaggle/input/datasets/duc24kdl/sub-x-ray/sub_X-Ray/sub_NIH/00001364_006.png,,sub_NIH,00001364_006.png,ok,256x256 -> 1024x1024,4,1,38.96,33.0735,32.042581,5.660617,0.953,0.9895,0.239,8.2663,34.1715,24.884861,4.988473,0.9559,0.9911,0.2341,0.2341,0.2341,7.8318,162.412,63.4655,162.412,63.4655,0.2069,34.1715,0.9559,24.884861,4.988473,1.0979,0.0016,0.0049,0.4346
/kaggle/input/datasets/duc24kdl/sub-x-ray/sub_X-Ray/sub_NIH/00001365_000.png,,sub_NIH,00001365_000.png,ok,256x256 -> 1024x1024,4,1,39.32,36.7135,13.85881,3.722742,0.9671,0.9927,0.1921,8.4479,37.4695,11.644878,3.412459,0.969,0.9938,0.1989,0.1989,0.1989,8.1022,173.6801,59.0897,173.6801,59.0897,0.3448,37.4695,0.969,11.644878,3.412459,0.7559,0.0011,-0.0068,0.3458
/kaggle/input/datasets/duc24kdl/sub-x-ray/sub_X-Ray/sub_NIH/00001365_001.png,,sub_NIH,00001365_001.png,ok,256x256 -> 1024x1024,4,1,39.93,41.5417,4.559384,2.135271,0.9707,0.9935,0.1913,8.7275,41.8592,4.237987,2.058637,0.9728,0.9945,0.2048,0.2048,0.2048,8.3025,154.7154,66.1727,154.7154,66.1727,0.1253,41.8592,0.9728,4.237987,2.058637,0.3175,0.001,-0.0135,0.425
/kaggle/input/datasets/duc24kdl/sub-x-ray/sub_X-Ray/sub_NIH/00001365_002.png,,sub_NIH,00001365_002.png,ok,256x256 -> 1024x1024,4,1,39.2,39.5584,7.198391,2.682982,0.9649,0.9922,0.227,8.8604,39.9911,6.515803,2.552607,0.9672,0.9934,0.2393,0.2393,0.2393,8.2035,153.6837,60.6584,153.6837,60.6584,0.1579,39.9911,0.9672,6.515803,2.552607,0.4327,0.0012,-0.0122,0.6569
/kaggle/input/datasets/duc24kdl/sub-x-ray/sub_X-Ray/sub_NIH/00001366_000.png,,sub_NIH,00001366_000.png,ok,256x256 -> 1024x1024,4,1,37.94,33.5048,29.013801,5.386446,0.9514,0.9896,0.2629,8.1156,33.7614,27.348902,5.229618,0.9542,0.991,0.2705,0.2705,0.2705,7.7727,161.2722,60.7592,161.2722,60.7592,0.1384,33.7614,0.9542,27.348902,5.229618,0.2566,0.0014,-0.0076,0.3429
/kaggle/input/datasets/duc24kdl/sub-x-ray/sub_X-Ray/sub_NIH/00001367_000.png,,sub_NIH,00001367_000.png,ok,256x256 -> 1024x1024,4,1,39.91,38.6109,8.953451,2.992232,0.9362,0.9884,0.3477,8.6464,38.7559,8.659389,2.942684,0.9387,0.9896,0.3705,0.3705,0.3705,8.2385,126.9255,70.5188,126.9255,70.5188,0.0683,38.7559,0.9387,8.659389,2.942684,0.145,0.0012,-0.0228,0.408
/kaggle/input/datasets/duc24kdl/sub-x-ray/sub_X-Ray/sub_NIH/00001367_001.png,,sub_NIH,00001367_001.png,ok,256x256 -> 1024x1024,4,1,38.94,39.5476,7.216442,2.686344,0.9356,0.9884,0.3391,8.4559,39.8417,6.743935,2.596909,0.9386,0.9896,0.3609,0.3609,0.3609,8.2478,121.7482,75.1992,121.7482,75.1992,0.0955,39.8417,0.9386,6.743935,2.596909,0.2941,0.0012,-0.0217,0.208
/kaggle/input/datasets/duc24kdl/sub-x-ray/sub_X-Ray/sub_NIH/00001367_002.png,,sub_NIH,00001367_002.png,ok,256x256 -> 1024x1024,4,1,39.19,37.7455,10.927688,3.305705,0.9487,0.9891,0.2993,8.532,38.597,8.982102,2.997015,0.9515,0.9906,0.32,0.32,0.32,8.179,139.918,57.1399,139.918,57.1399,0.265,38.597,0.9515,8.982102,2.997015,0.8515,0.0015,-0.0207,0.353
/kaggle/input/datasets/duc24kdl/sub-x-ray/sub_X-Ray/sub_NIH/00001367_003.png,,sub_NIH,00001367_003.png,ok,256x256 -> 1024x1024,4,1,39.35,41.948,4.152229,2.037702,0.9649,0.9921,0.2516,8.5355,42.2112,3.908083,1.976887,0.967,0.9931,0.2756,0.2756,0.2756,8.4317,110.8714,31.3641,110.8714,31.3641,0.0953,42.2112,0.967,3.908083,1.976887,0.2632,0.0009,-0.0241,0.1038
/kaggle/input/datasets/duc24kdl/sub-x-ray/sub_X-Ray/sub_NIH/00001367_004.png,,sub_NIH,00001367_004.png,ok,256x256 -> 1024x1024,4,1,39.22,34.2511,24.432817,4.942956,0.9682,0.9929,0.2217,8.7007,34.3077,24.116047,4.910809,0.9696,0.9938,0.2291,0.2291,0.2291,8.2088,172.4401,61.7253,172.4401,61.7253,0.0632,34.3077,0.9696,24.116047,4.910809,0.0567,0.0009,-0.0073,0.4919
/kaggle/input/datasets/duc24kdl/sub-x-ray/sub_X-Ray/sub_NIH/00001367_005.png,,sub_NIH,00001367_005.png,ok,256x256 -> 1024x1024,4,1,39.86,39.1126,7.976711,2.824307,0.9378,0.9888,0.3372,8.728,39.3846,7.492413,2.737227,0.9402,0.9899,0.3606,0.3606,0.3606,8.2884,133.3822,73.3155,133.3822,73.3155,0.0911,39.3846,0.9402,7.492413,2.737227,0.272,0.0011,-0.0234,0.4396
/kaggle/input/datasets/duc24kdl/sub-x-ray/sub_X-Ray/sub_NIH/00001367_006.png,,sub_NIH,00001367_006.png,ok,256x256 -> 1024x1024,4,1,37.48,33.9305,26.304272,5.128769,0.9688,0.9931,0.2071,8.6093,33.9898,25.947663,5.093885,0.97,0.9939,0.2112,0.2112,0.2112,8.2399,172.456,66.3976,172.456,66.3976,0.0536,33.9898,0.97,25.947663,5.093885,0.0593,0.0009,-0.0041,0.3694
/kaggle/input/datasets/duc24kdl/sub-x-ray/sub_X-Ray/sub_NIH/00001367_007.png,,sub_NIH,00001367_007.png,ok,256x256 -> 1024x1024,4,1,39.2,39.4156,7.43916,2.727482,0.9382,0.9889,0.3387,8.5547,39.6718,7.012993,2.648206,0.9412,0.99,0.3599,0.3599,0.3599,8.2065,129.6272,73.7463,129.6272,73.7463,0.0836,39.6718,0.9412,7.012993,2.648206,0.2562,0.0012,-0.0212,0.3482
/kaggle/input/datasets/duc24kdl/sub-x-ray/sub_X-Ray/sub_NIH/00001367_008.png,,sub_NIH,00001367_008.png,ok,256x256 -> 1024x1024,4,1,39.79,38.6879,8.796129,2.965827,0.9382,0.9889,0.3462,8.6347,39.0374,8.115876,2.848838,0.9412,0.99,0.3671,0.3671,0.3671,8.3252,133.4803,66.7572,133.4803,66.7572,0.0971,39.0374,0.9412,8.115876,2.848838,0.3496,0.0012,-0.0209,0.3095
/kaggle/input/datasets/duc24kdl/sub-x-ray/sub_X-Ray/sub_NIH/00001367_009.png,,sub_NIH,00001367_009.png,ok,256x256 -> 1024x1024,4,1,39.62,40.0162,6.478266,2.545244,0.9394,0.989,0.3363,8.8019,40.2477,6.142015,2.478309,0.9418,0.9901,0.3576,0.3576,0.3576,8.5356,127.3433,71.8923,127.3433,71.8923,0.0807,40.2477,0.9418,6.142015,2.478309,0.2315,0.0011,-0.0213,0.2662
/kaggle/input/datasets/duc24kdl/sub-x-ray/sub_X-Ray/sub_NIH/00001367_010.png,,sub_NIH,00001367_010.png,ok,256x256 -> 1024x1024,4,1,38.89,35.1146,20.02709,4.475164,0.9577,0.9903,0.2396,8.079,35.2361,19.474844,4.413031,0.9598,0.9917,0.2475,0.2475,0.2475,7.6124,154.9048,63.3996,154.9048,63.3996,0.0901,35.2361,0.9598,19.474844,4.413031,0.1214,0.0014,-0.0079,0.4665
/kaggle/input/datasets/duc24kdl/sub-x-ray/sub_X-Ray/sub_NIH/00001368_000.png,,sub_NIH,00001368_000.png,ok,256x256 -> 1024x1024,4,1,39.24,35.41,18.710462,4.325559,0.9696,0.993,0.2006,8.0133,35.5091,18.288383,4.276492,0.9714,0.9941,0.2116,0.2116,0.2116,7.6775,160.8473,61.7476,160.8473,61.7476,0.0728,35.5091,0.9714,18.288383,4.276492,0.0991,0.0011,-0.011,0.3358
/kaggle/input/datasets/duc24kdl/sub-x-ray/sub_X-Ray/sub_NIH/00001368_001.png,,sub_NIH,00001368_001.png,ok,256x256 -> 1024x1024,4,1,40.24,36.8574,13.407137,3.661576,0.9312,0.9872,0.3483,8.4623,37.257,12.228576,3.496938,0.9339,0.9886,0.3693,0.3693,0.3693,7.7924,114.0034,64.5701,114.0034,64.5701,0.089,37.257,0.9339,12.228576,3.496938,0.3996,0.0014,-0.021,0.67
/kaggle/input/datasets/duc24kdl/sub-x-ray/sub_X-Ray/sub_NIH/00001369_000.png,,sub_NIH,00001369_000.png,ok,256x256 -> 1024x1024,4,1,40.14,40.3447,6.006394,2.450795,0.9668,0.9925,0.1819,8.2195,41.0852,5.064774,2.250505,0.9692,0.9937,0.1933,0.1933,0.1933,7.925,186.5921,52.3264,186.5921,52.3264,0.35,41.0852,0.9692,5.064774,2.250505,0.7405,0.0012,-0.0114,0.2945
/kaggle/input/datasets/duc24kdl/sub-x-ray/sub_X-Ray/sub_NIH/00001370_000.png,,sub_NIH,00001370_000.png,ok,256x256 -> 1024x1024,4,1,40.26,42.2235,3.896959,1.974072,0.9609,0.9909,0.2328,8.2446,42.7356,3.463505,1.86105,0.9638,0.9924,0.2479,0.2479,0.2479,8.0107,172.7395,39.5218,172.7395,39.5218,0.142,42.7356,0.9638,3.463505,1.86105,0.5121,0.0015,-0.0152,0.234
/kaggle/input/datasets/duc24kdl/sub-x-ray/sub_X-Ray/sub_NIH/00001371_000.png,,sub_NIH,00001371_000.png,ok,256x256 -> 1024x1024,4,1,39.56,41.4017,4.70885,2.169989,0.9665,0.9925,0.2401,8.5897,41.6607,4.436216,2.106233,0.9692,0.9937,0.2566,0.2566,0.2566,8.0701,171.5324,41.1715,171.5324,41.1715,0.0912,41.6607,0.9692,4.436216,2.106233,0.259,0.0011,-0.0165,0.5196
/kaggle/input/datasets/duc24kdl/sub-x-ray/sub_X-Ray/sub_NIH/00001371_001.png,,sub_NIH,00001371_001.png,ok,256x256 -> 1024x1024,4,1,39.23,35.9356,16.577525,4.071551,0.9822,0.9959,0.175,9.4993,36.0077,16.304624,4.037899,0.9831,0.9964,0.1901,0.1901,0.1901,8.8541,161.0245,44.8483,161.0245,44.8483,0.0446,36.0077,0.9831,16.304624,4.037899,0.0721,0.0005,-0.0151,0.6452
/kaggle/input/datasets/duc24kdl/sub-x-ray/sub_X-Ray/sub_NIH/00001371_002.png,,sub_NIH,00001371_002.png,ok,256x256 -> 1024x1024,4,1,39.11,34.477,23.194002,4.816015,0.9815,0.9959,0.1874,9.8791,34.5387,22.866829,4.781927,0.9822,0.9963,0.1999,0.1999,0.1999,9.1262,172.4379,38.6391,172.4379,38.6391,0.0514,34.5387,0.9822,22.866829,4.781927,0.0617,0.0004,-0.0125,0.7529
/kaggle/input/datasets/duc24kdl/sub-x-ray/sub_X-Ray/sub_NIH/00001371_003.png,,sub_NIH,00001371_003.png,ok,256x256 -> 1024x1024,4,1,39.14,34.5995,22.548972,4.748576,0.9779,0.995,0.199,9.4728,34.6926,22.070976,4.697976,0.979,0.9957,0.2088,0.2088,0.2088,8.6381,160.8506,47.9533,160.8506,47.9533,0.0667,34.6926,0.979,22.070976,4.697976,0.0931,0.0007,-0.0099,0.8348
/kaggle/input/datasets/duc24kdl/sub-x-ray/sub_X-Ray/sub_NIH/00001371_004.png,,sub_NIH,00001371_004.png,ok,256x256 -> 1024x1024,4,1,39.21,34.4441,23.370511,4.834306,0.9762,0.9949,0.2091,9.3265,34.5747,22.678043,4.762147,0.9771,0.9954,0.2263,0.2263,0.2263,8.8575,158.2106,47.31,158.2106,47.31,0.0669,34.5747,0.9771,22.678043,4.762147,0.1306,0.0005,-0.0172,0.4691
/kaggle/input/datasets/duc24kdl/sub-x-ray/sub_X-Ray/sub_NIH/00001371_005.png,,sub_NIH,00001371_005.png,ok,256x256 -> 1024x1024,4,1,39.56,39.0129,8.161922,2.856908,0.9333,0.9882,0.3594,8.6675,39.2411,7.744009,2.782806,0.9357,0.9893,0.3847,0.3847,0.3847,8.3864,124.5907,67.225,124.5907,67.225,0.0831,39.2411,0.9357,7.744009,2.782806,0.2283,0.0011,-0.0253,0.2811
/kaggle/input/datasets/duc24kdl/sub-x-ray/sub_X-Ray/sub_NIH/00001372_000.png,,sub_NIH,00001372_000.png,ok,256x256 -> 1024x1024,4,1,39.67,38.4974,9.190625,3.031604,0.9331,0.9881,0.3557,8.8431,38.7089,8.753758,2.958675,0.9355,0.9892,0.3782,0.3782,0.3782,8.4983,126.2021,71.4311,126.2021,71.4311,0.0698,38.7089,0.9355,8.753758,2.958675,0.2115,0.0011,-0.0226,0.3448
/kaggle/input/datasets/duc24kdl/sub-x-ray/sub_X-Ray/sub_NIH/00001373_000.png,,sub_NIH,00001373_000.png,ok,256x256 -> 1024x1024,4,1,39.09,35.3747,18.863116,4.343169,0.9754,0.9945,0.198,9.1023,35.4685,18.460038,4.296515,0.9765,0.9953,0.2099,0.2099,0.2099,8.525,157.0066,50.2151,157.0066,50.2151,0.0677,35.4685,0.9765,18.460038,4.296515,0.0938,0.0008,-0.0119,0.5773
/kaggle/input/datasets/duc24kdl/sub-x-ray/sub_X-Ray/sub_NIH/00001373_001.png,,sub_NIH,00001373_001.png,ok,256x256 -> 1024x1024,4,1,39.92,35.6135,17.853968,4.225396,0.9713,0.9939,0.2565,9.2084,35.8092,17.067137,4.131239,0.9728,0.9948,0.2749,0.2749,0.2749,8.8618,121.413,42.9876,121.413,42.9876,0.0656,35.8092,0.9728,17.067137,4.131239,0.1957,0.0008,-0.0184,0.3467
/kaggle/input/datasets/duc24kdl/sub-x-ray/sub_X-Ray/sub_NIH/00001373_002.png,,sub_NIH,00001373_002.png,ok,256x256 -> 1024x1024,4,1,39.36,35.2189,19.552118,4.421778,0.9611,0.9925,0.3129,9.5549,35.3257,19.076868,4.367707,0.9621,0.9931,0.3393,0.3393,0.3393,8.8608,120.3604,57.6479,120.3604,57.6479,0.0669,35.3257,0.9621,19.076868,4.367707,0.1069,0.0006,-0.0264,0.6941
/kaggle/input/datasets/duc24kdl/sub-x-ray/sub_X-Ray/sub_NIH/00001373_003.png,,sub_NIH,00001373_003.png,ok,256x256 -> 1024x1024,4,1,39.29,35.8502,16.906651,4.11177,0.9675,0.9935,0.2799,9.3107,35.9467,16.535353,4.066369,0.9687,0.9941,0.3047,0.3047,0.3047,8.711,120.4494,53.6769,120.4494,53.6769,0.0519,35.9467,0.9687,16.535353,4.066369,0.0964,0.0006,-0.0248,0.5997
/kaggle/input/datasets/duc24kdl/sub-x-ray/sub_X-Ray/sub_NIH/00001373_004.png,,sub_NIH,00001373_004.png,ok,256x256 -> 1024x1024,4,1,39.1,38.8829,8.409907,2.899984,0.9242,0.9863,0.3932,8.9871,39.1423,7.922364,2.814669,0.927,0.9877,0.4198,0.4198,0.4198,8.3752,122.857,63.7303,122.857,63.7303,0.0899,39.1423,0.927,7.922364,2.814669,0.2594,0.0013,-0.0266,0.6119
/kaggle/input/datasets/duc24kdl/sub-x-ray/sub_X-Ray/sub_NIH/00001373_005.png,,sub_NIH,00001373_005.png,ok,256x256 -> 1024x1024,4,1,39.47,39.0333,8.123656,2.850203,0.9387,0.989,0.3383,9.0217,39.3686,7.52008,2.742276,0.9416,0.9902,0.359,0.359,0.359,8.234,121.8089,65.0228,121.8089,65.0228,0.0983,39.3686,0.9416,7.52008,2.742276,0.3353,0.0012,-0.0206,0.7876
/kaggle/input/datasets/duc24kdl/sub-x-ray/sub_X-Ray/sub_NIH/00001373_006.png,,sub_NIH,00001373_006.png,ok,256x256 -> 1024x1024,4,1,39.12,38.6738,8.824756,2.970649,0.9384,0.9889,0.331,8.8151,39.0478,8.096627,2.845457,0.9414,0.9901,0.3492,0.3492,0.3492,8.3351,119.8411,67.4346,119.8411,67.4346,0.0971,39.0478,0.9414,8.096627,2.845457,0.374,0.0012,-0.0182,0.4801
/kaggle/input/datasets/duc24kdl/sub-x-ray/sub_X-Ray/sub_NIH/00001373_007.png,,sub_NIH,00001373_007.png,ok,256x256 -> 1024x1024,4,1,39.92,39.7614,6.869751,2.621021,0.9371,0.9886,0.3261,8.6761,40.045,6.43544,2.536817,0.9398,0.9898,0.3413,0.3413,0.3413,8.3919,108.4674,70.887,108.4674,70.887,0.0939,40.045,0.9398,6.43544,2.536817,0.2836,0.0013,-0.0151,0.2842
/kaggle/input/datasets/duc24kdl/sub-x-ray/sub_X-Ray/sub_NIH/00001373_008.png,,sub_NIH,00001373_008.png,ok,256x256 -> 1024x1024,4,1,39.95,30.7936,54.165613,7.359729,0.9636,0.9923,0.2186,8.5948,30.9732,51.971373,7.209117,0.965,0.993,0.2248,0.2248,0.2248,7.9485,180.7833,54.0522,180.7833,54.0522,0.018,30.9732,0.965,51.971373,7.209117,0.1796,0.0007,-0.0062,0.6463
/kaggle/input/datasets/duc24kdl/sub-x-ray/sub_X-Ray/sub_NIH/00001373_009.png,,sub_NIH,00001373_009.png,ok,256x256 -> 1024x1024,4,1,38.78,35.4911,18.363934,4.285316,0.9749,0.9948,0.2274,9.5884,35.5329,18.188361,4.264782,0.976,0.9953,0.2462,0.2462,0.2462,8.7628,161.0366,47.2118,161.0366,47.2118,0.0473,35.5329,0.976,18.188361,4.264782,0.0417,0.0006,-0.0189,0.8257
/kaggle/input/datasets/duc24kdl/sub-x-ray/sub_X-Ray/sub_NIH/00001373_010.png,,sub_NIH,00001373_010.png,ok,256x256 -> 1024x1024,4,1,39.22,32.2903,38.374981,6.194754,0.9319,0.9864,0.3264,8.3336,32.7151,34.799597,5.899118,0.9337,0.9879,0.3408,0.3408,0.3408,7.7596,143.5903,65.2347,143.5903,65.2347,0.207,32.7151,0.9337,34.799597,5.899118,0.4247,0.0015,-0.0144,0.574
/kaggle/input/datasets/duc24kdl/sub-x-ray/sub_X-Ray/sub_NIH/00001373_011.png,,sub_NIH,00001373_011.png,ok,256x256 -> 1024x1024,4,1,39.72,29.6316,70.781251,8.413159,0.9447,0.9883,0.3221,8.6342,29.8415,67.441711,8.21229,0.9451,0.9894,0.3299,0.3299,0.3299,7.8886,122.554,62.2805,122.554,62.2805,0.1089,29.8415,0.9451,67.441711,8.21229,0.2099,0.0011,-0.0078,0.7456
/kaggle/input/datasets/duc24kdl/sub-x-ray/sub_X-Ray/sub_NIH/00001373_012.png,,sub_NIH,00001373_012.png,ok,256x256 -> 1024x1024,4,1,39.48,30.3478,60.020557,7.747294,0.929,0.9859,0.3632,8.5924,30.5218,57.663004,7.593616,0.9301,0.9869,0.3759,0.3759,0.3759,7.922,141.4651,60.2575,141.4651,60.2575,0.0846,30.5218,0.9301,57.663004,7.593616,0.174,0.0011,-0.0127,0.6703
/kaggle/input/datasets/duc24kdl/sub-x-ray/sub_X-Ray/sub_NIH/00001373_013.png,,sub_NIH,00001373_013.png,ok,256x256 -> 1024x1024,4,1,39.3,29.2678,76.965766,8.773013,0.9042,0.982,0.4053,8.2259,29.4363,74.038067,8.604538,0.9049,0.9832,0.4229,0.4229,0.4229,7.6208,155.5145,62.7362,155.5145,62.7362,0.1194,29.4363,0.9049,74.038067,8.604538,0.1684,0.0012,-0.0176,0.6051
/kaggle/input/datasets/duc24kdl/sub-x-ray/sub_X-Ray/sub_NIH/00001373_014.png,,sub_NIH,00001373_014.png,ok,256x256 -> 1024x1024,4,1,38.85,30.3309,60.254418,7.762372,0.9353,0.9873,0.3758,8.6415,30.4559,58.545716,7.651517,0.9354,0.9879,0.3958,0.3958,0.3958,7.9818,127.7298,61.2548,127.7298,61.2548,0.1109,30.4559,0.9354,58.545716,7.651517,0.1249,0.0006,-0.02,0.6597
/kaggle/input/datasets/duc24kdl/sub-x-ray/sub_X-Ray/sub_NIH/00001373_015.png,,sub_NIH,00001373_015.png,ok,256x256 -> 1024x1024,4,1,38.91,29.8519,67.281161,8.202509,0.9409,0.9877,0.3204,8.556,30.1119,63.37144,7.960618,0.941,0.9888,0.329,0.329,0.329,7.9798,141.3754,58.6048,141.3754,58.6048,0.1321,30.1119,0.941,63.37144,7.960618,0.26,0.001,-0.0086,0.5762
/kaggle/input/datasets/duc24kdl/sub-x-ray/sub_X-Ray/sub_NIH/00001373_016.png,,sub_NIH,00001373_016.png,ok,256x256 -> 1024x1024,4,1,38.93,30.2451,61.457431,7.839479,0.9461,0.9883,0.2926,8.4298,30.4505,58.617903,7.656233,0.9475,0.9895,0.3017,0.3017,0.3017,7.9394,128.5677,62.9121,128.5677,62.9121,0.085,30.4505,0.9475,58.617903,7.656233,0.2054,0.0012,-0.0091,0.4904
/kaggle/input/datasets/duc24kdl/sub-x-ray/sub_X-Ray/sub_NIH/00001373_017.png,,sub_NIH,00001373_017.png,ok,256x256 -> 1024x1024,4,1,38.99,30.6343,56.189196,7.495945,0.9548,0.9899,0.2706,8.1804,30.83,53.712777,7.3289,0.955,0.9909,0.2773,0.2773,0.2773,7.5748,114.9781,64.9187,114.9781,64.9187,0.1552,30.83,0.955,53.712777,7.3289,0.1958,0.0011,-0.0067,0.6056
/kaggle/input/datasets/duc24kdl/sub-x-ray/sub_X-Ray/sub_NIH/00001373_018.png,,sub_NIH,00001373_018.png,ok,256x256 -> 1024x1024,4,1,38.86,38.0135,10.273764,3.205271,0.9418,0.9893,0.3019,8.7165,38.3446,9.519636,3.085391,0.9442,0.9905,0.3164,0.3164,0.3164,8.1037,127.1654,72.0695,127.1654,72.0695,0.1269,38.3446,0.9442,9.519636,3.085391,0.3311,0.0012,-0.0145,0.6128
/kaggle/input/datasets/duc24kdl/sub-x-ray/sub_X-Ray/sub_NIH/00001373_019.png,,sub_NIH,00001373_019.png,ok,256x256 -> 1024x1024,4,1,39.96,30.9787,51.905281,7.204532,0.9521,0.9892,0.276,8.4828,31.0776,50.736551,7.122959,0.9527,0.9901,0.28,0.28,0.28,7.8711,123.5519,61.5602,123.5519,61.5602,0.0624,31.0776,0.9527,50.736551,7.122959,0.0989,0.001,-0.004,0.6118
/kaggle/input/datasets/duc24kdl/sub-x-ray/sub_X-Ray/sub_NIH/00001373_020.png,,sub_NIH,00001373_020.png,ok,256x256 -> 1024x1024,4,1,39.8,31.5508,45.499013,6.745296,0.9553,0.9901,0.2674,8.2396,31.624,44.738525,6.688686,0.9557,0.991,0.2737,0.2737,0.2737,7.7476,118.9482,62.3404,118.9482,62.3404,0.0665,31.624,0.9557,44.738525,6.688686,0.0732,0.0009,-0.0063,0.4921
/kaggle/input/datasets/duc24kdl/sub-x-ray/sub_X-Ray/sub_NIH/00001373_021.png,,sub_NIH,00001373_021.png,ok,256x256 -> 1024x1024,4,1,39.49,30.0963,63.598696,7.974879,0.9542,0.9895,0.2719,8.819,30.2264,61.722139,7.856344,0.9545,0.9904,0.2764,0.2764,0.2764,8.1964,121.6078,61.6633,121.6078,61.6633,0.0663,30.2264,0.9545,61.722139,7.856344,0.1301,0.0009,-0.0045,0.6225
/kaggle/input/datasets/duc24kdl/sub-x-ray/sub_X-Ray/sub_NIH/00001373_022.png,,sub_NIH,00001373_022.png,ok,256x256 -> 1024x1024,4,1,40.18,32.5339,36.281573,6.023419,0.9608,0.9913,0.2713,8.261,32.5598,36.066126,6.005508,0.9614,0.9921,0.2811,0.2811,0.2811,7.6364,113.1646,61.8637,113.1646,61.8637,0.0503,32.5598,0.9614,36.066126,6.005508,0.0259,0.0008,-0.0098,0.6246
/kaggle/input/datasets/duc24kdl/sub-x-ray/sub_X-Ray/sub_NIH/00001373_023.png,,sub_NIH,00001373_023.png,ok,256x256 -> 1024x1024,4,1,39.14,30.2783,60.988142,7.809491,0.9479,0.9884,0.2858,8.2727,30.4224,58.998888,7.681073,0.9486,0.9895,0.2909,0.2909,0.2909,7.5347,122.2867,61.1933,122.2867,61.1933,0.0858,30.4224,0.9486,58.998888,7.681073,0.144,0.0012,-0.005,0.738
/kaggle/input/datasets/duc24kdl/sub-x-ray/sub_X-Ray/sub_NIH/00001373_024.png,,sub_NIH,00001373_024.png,ok,256x256 -> 1024x1024,4,1,39.88,31.9221,41.770834,6.463036,0.9526,0.9897,0.2899,8.6901,31.9607,41.400628,6.434332,0.9535,0.9906,0.2986,0.2986,0.2986,7.9974,120.6508,57.8655,120.6508,57.8655,0.0512,31.9607,0.9535,41.400628,6.434332,0.0387,0.0009,-0.0087,0.6927
/kaggle/input/datasets/duc24kdl/sub-x-ray/sub_X-Ray/sub_NIH/00001373_025.png,,sub_NIH,00001373_025.png,ok,256x256 -> 1024x1024,4,1,39.57,32.094,40.149099,6.336332,0.9556,0.9903,0.2985,8.7015,32.1458,39.673671,6.298704,0.9562,0.9912,0.3116,0.3116,0.3116,8.0404,117.4749,56.4567,117.4749,56.4567,0.0555,32.1458,0.9562,39.673671,6.298704,0.0517,0.0008,-0.0131,0.6611
/kaggle/input/datasets/duc24kdl/sub-x-ray/sub_X-Ray/sub_NIH/00001373_026.png,,sub_NIH,00001373_026.png,ok,256x256 -> 1024x1024,4,1,38.88,35.2414,19.450886,4.410316,0.966,0.9926,0.2788,8.975,35.3528,18.958397,4.354124,0.9677,0.9934,0.3002,0.3002,0.3002,8.5367,115.5851,50.9531,115.5851,50.9531,0.06,35.3528,0.9677,18.958397,4.354124,0.1114,0.0008,-0.0215,0.4383
/kaggle/input/datasets/duc24kdl/sub-x-ray/sub_X-Ray/sub_NIH/00001373_027.png,,sub_NIH,00001373_027.png,ok,256x256 -> 1024x1024,4,1,39.26,35.1754,19.748971,4.443981,0.9654,0.9925,0.2857,9.0112,35.2961,19.207577,4.382645,0.9671,0.9934,0.3099,0.3099,0.3099,8.4008,114.3206,50.1983,114.3206,50.1983,0.0699,35.2961,0.9671,19.207577,4.382645,0.1207,0.0009,-0.0242,0.6105
/kaggle/input/datasets/duc24kdl/sub-x-ray/sub_X-Ray/sub_NIH/00001373_028.png,,sub_NIH,00001373_028.png,ok,256x256 -> 1024x1024,4,1,40.06,31.77,43.259543,6.577199,0.9519,0.9891,0.2817,8.4698,31.8243,42.722152,6.536218,0.9529,0.9903,0.2872,0.2872,0.2872,7.9378,115.7151,59.6622,115.7151,59.6622,0.0606,31.8243,0.9529,42.722152,6.536218,0.0543,0.0012,-0.0055,0.532
/kaggle/input/datasets/duc24kdl/sub-x-ray/sub_X-Ray/sub_NIH/00001373_029.png,,sub_NIH,00001373_029.png,ok,256x256 -> 1024x1024,4,1,39.23,31.5324,45.691512,6.75955,0.9556,0.9903,0.2621,8.6848,31.5779,45.216019,6.724286,0.9559,0.9911,0.2696,0.2696,0.2696,8.0908,127.309,63.4466,127.309,63.4466,0.0556,31.5779,0.9559,45.216019,6.724286,0.0454,0.0008,-0.0074,0.594
/kaggle/input/datasets/duc24kdl/sub-x-ray/sub_X-Ray/sub_NIH/00001373_030.png,,sub_NIH,00001373_030.png,ok,256x256 -> 1024x1024,4,1,39.42,30.6995,55.351651,7.439869,0.9439,0.9881,0.3112,8.2424,30.8011,54.072265,7.353385,0.9441,0.989,0.3267,0.3267,0.3267,7.7679,129.1786,61.3746,129.1786,61.3746,0.0853,30.8011,0.9441,54.072265,7.353385,0.1016,0.0009,-0.0155,0.4745
/kaggle/input/datasets/duc24kdl/sub-x-ray/sub_X-Ray/sub_NIH/00001373_031.png,,sub_NIH,00001373_031.png,ok,256x256 -> 1024x1024,4,1,39.31,31.4374,46.702151,6.833897,0.9544,0.99,0.2618,8.3058,31.5044,45.987283,6.781392,0.9547,0.9909,0.2713,0.2713,0.2713,7.8176,125.996,61.7127,125.996,61.7127,0.0695,31.5044,0.9547,45.987283,6.781392,0.067,0.0009,-0.0096,0.4882
/kaggle/input/datasets/duc24kdl/sub-x-ray/sub_X-Ray/sub_NIH/00001373_032.png,,sub_NIH,00001373_032.png,ok,256x256 -> 1024x1024,4,1,39.74,31.1916,49.421519,7.030044,0.9505,0.9892,0.2728,8.5464,31.2465,48.801271,6.985791,0.951,0.9901,0.2808,0.2808,0.2808,7.8805,128.4072,60.7866,128.4072,60.7866,0.0559,31.2465,0.951,48.801271,6.985791,0.0548,0.001,-0.008,0.6659
/kaggle/input/datasets/duc24kdl/sub-x-ray/sub_X-Ray/sub_NIH/00001373_033.png,,sub_NIH,00001373_033.png,ok,256x256 -> 1024x1024,4,1,39.72,31.3924,47.188532,6.869391,0.9464,0.9885,0.2789,8.23,31.4484,46.583882,6.825239,0.947,0.9896,0.2862,0.2862,0.2862,7.7019,132.4133,59.5681,132.4133,59.5681,0.0609,31.4484,0.947,46.583882,6.825239,0.056,0.001,-0.0073,0.5281
/kaggle/input/datasets/duc24kdl/sub-x-ray/sub_X-Ray/sub_NIH/00001373_034.png,,sub_NIH,00001373_034.png,ok,256x256 -> 1024x1024,4,1,39.15,29.5322,72.420506,8.510024,0.9398,0.9874,0.3195,8.4592,29.7119,69.485684,8.335807,0.9396,0.9883,0.333,0.333,0.333,7.9643,128.5394,68.6713,128.5394,68.6713,0.1129,29.7119,0.9396,69.485684,8.335807,0.1797,0.001,-0.0136,0.4949
/kaggle/input/datasets/duc24kdl/sub-x-ray/sub_X-Ray/sub_NIH/00001373_035.png,,sub_NIH,00001373_035.png,ok,256x256 -> 1024x1024,4,1,39.23,31.7299,43.660218,6.607588,0.9572,0.9905,0.3007,8.9954,31.7438,43.520981,6.597043,0.9573,0.9911,0.3173,0.3173,0.3173,8.4498,122.3592,57.6633,122.3592,57.6633,0.0441,31.7438,0.9573,43.520981,6.597043,0.0139,0.0006,-0.0166,0.5456
/kaggle/input/datasets/duc24kdl/sub-x-ray/sub_X-Ray/sub_NIH/00001373_036.png,,sub_NIH,00001373_036.png,ok,256x256 -> 1024x1024,4,1,39.99,31.4774,46.27391,6.802493,0.946,0.9882,0.3295,8.5457,31.5245,45.775023,6.765724,0.9462,0.9891,0.3459,0.3459,0.3459,8.1455,133.7769,53.2056,133.7769,53.2056,0.0561,31.5245,0.9462,45.775023,6.765724,0.0471,0.0008,-0.0164,0.4002
/kaggle/input/datasets/duc24kdl/sub-x-ray/sub_X-Ray/sub_NIH/00001373_037.png,,sub_NIH,00001373_037.png,ok,256x256 -> 1024x1024,4,1,39.83,32.2893,38.384292,6.195506,0.9567,0.9903,0.2871,8.4968,32.3037,38.257326,6.185251,0.9573,0.991,0.2988,0.2988,0.2988,8.0626,122.2072,61.1323,122.2072,61.1323,0.0432,32.3037,0.9573,38.257326,6.185251,0.0144,0.0008,-0.0118,0.4342
/kaggle/input/datasets/duc24kdl/sub-x-ray/sub_X-Ray/sub_NIH/00001373_038.png,,sub_NIH,00001373_038.png,ok,256x256 -> 1024x1024,4,1,39.57,28.6057,89.641014,9.467894,0.9344,0.9861,0.343,8.2566,28.6859,88.000948,9.380882,0.9338,0.9871,0.3533,0.3533,0.3533,7.5433,145.1811,50.9554,145.1811,50.9554,0.086,28.6859,0.9338,88.000948,9.380882,0.0802,0.001,-0.0103,0.7133
/kaggle/input/datasets/duc24kdl/sub-x-ray/sub_X-Ray/sub_NIH/00001373_039.png,,sub_NIH,00001373_039.png,ok,256x256 -> 1024x1024,4,1,39.71,31.5908,45.081638,6.714286,0.9458,0.9878,0.312,8.367,31.6479,44.493286,6.670329,0.946,0.9888,0.3191,0.3191,0.3191,8.0247,127.8794,61.3861,127.8794,61.3861,0.0554,31.6479,0.946,44.493286,6.670329,0.0571,0.001,-0.0071,0.3423
/kaggle/input/datasets/duc24kdl/sub-x-ray/sub_X-Ray/sub_NIH/00001373_040.png,,sub_NIH,00001373_040.png,ok,256x256 -> 1024x1024,4,1,38.74,31.7225,43.735141,6.613255,0.942,0.9882,0.3443,8.5713,31.7495,43.464343,6.592749,0.9426,0.989,0.3664,0.3664,0.3664,8.1246,134.8229,56.1296,134.8229,56.1296,0.0488,31.7495,0.9426,43.464343,6.592749,0.027,0.0008,-0.0221,0.4467
/kaggle/input/datasets/duc24kdl/sub-x-ray/sub_X-Ray/sub_NIH/00001373_041.png,,sub_NIH,00001373_041.png,ok,256x256 -> 1024x1024,4,1,39.01,30.5457,57.347547,7.572816,0.9425,0.9878,0.3201,8.1384,30.6442,56.061023,7.487391,0.9435,0.9888,0.3309,0.3309,0.3309,7.6521,128.0356,67.5563,128.0356,67.5563,0.0773,30.6442,0.9435,56.061023,7.487391,0.0985,0.001,-0.0108,0.4863
/kaggle/input/datasets/duc24kdl/sub-x-ray/sub_X-Ray/sub_NIH/00001373_042.png,,sub_NIH,00001373_042.png,ok,256x256 -> 1024x1024,4,1,39.42,32.479,36.743583,6.061649,0.9468,0.9889,0.3361,8.5284,32.4966,36.594782,6.049362,0.9477,0.9898,0.3526,0.3526,0.3526,7.9963,123.9503,62.3594,123.9503,62.3594,0.0407,32.4966,0.9477,36.594782,6.049362,0.0176,0.0008,-0.0165,0.5321
/kaggle/input/datasets/duc24kdl/sub-x-ray/sub_X-Ray/sub_NIH/00001373_043.png,,sub_NIH,00001373_043.png,ok,256x256 -> 1024x1024,4,1,40.38,32.2249,38.957372,6.241584,0.9472,0.9891,0.331,8.4769,32.2399,38.822912,6.230803,0.9478,0.9898,0.3492,0.3492,0.3492,8.0379,129.0984,61.2265,129.0984,61.2265,0.0402,32.2399,0.9478,38.822912,6.230803,0.015,0.0007,-0.0183,0.4391
/kaggle/input/datasets/duc24kdl/sub-x-ray/sub_X-Ray/sub_NIH/00001373_044.png,,sub_NIH,00001373_044.png,ok,256x256 -> 1024x1024,4,1,39.37,31.8296,42.670089,6.532235,0.9462,0.9892,0.3362,8.6871,31.8444,42.524789,6.521103,0.9467,0.9899,0.3591,0.3591,0.3591,8.0821,141.8134,59.9595,141.8134,59.9595,0.037,31.8444,0.9467,42.524789,6.521103,0.0148,0.0007,-0.0229,0.605
/kaggle/input/datasets/duc24kdl/sub-x-ray/sub_X-Ray/sub_NIH/00001373_045.png,,sub_NIH,00001373_045.png,ok,256x256 -> 1024x1024,4,1,38.87,31.8763,42.213427,6.497186,0.9527,0.9899,0.2935,8.3217,31.9224,41.768044,6.46282,0.9534,0.9907,0.3049,0.3049,0.3049,7.7201,129.8003,62.289,129.8003,62.289,0.0502,31.9224,0.9534,41.768044,6.46282,0.0461,0.0009,-0.0114,0.6016
/kaggle/input/datasets/duc24kdl/sub-x-ray/sub_X-Ray/sub_NIH/00001373_046.png,,sub_NIH,00001373_046.png,ok,256x256 -> 1024x1024,4,1,39.58,31.7211,43.749059,6.614307,0.9337,0.9866,0.364,8.4414,31.7527,43.432065,6.590301,0.9343,0.9875,0.3767,0.3767,0.3767,7.9333,130.2907,60.5146,130.2907,60.5146,0.048,31.7527,0.9343,43.432065,6.590301,0.0316,0.0009,-0.0128,0.5081
/kaggle/input/datasets/duc24kdl/sub-x-ray/sub_X-Ray/sub_NIH/00001373_047.png,,sub_NIH,00001373_047.png,ok,256x256 -> 1024x1024,4,1,39.95,31.5814,45.179907,6.7216,0.95,0.9893,0.2869,8.4537,31.6153,44.828118,6.69538,0.9506,0.9902,0.2948,0.2948,0.2948,7.7945,132.3632,62.3477,132.3632,62.3477,0.0481,31.6153,0.9506,44.828118,6.69538,0.0339,0.0009,-0.0079,0.6592
/kaggle/input/datasets/duc24kdl/sub-x-ray/sub_X-Ray/sub_NIH/00001373_048.png,,sub_NIH,00001373_048.png,ok,256x256 -> 1024x1024,4,1,38.91,32.2618,38.62771,6.215119,0.9481,0.9895,0.295,8.5849,32.2825,38.444416,6.200356,0.9486,0.9902,0.3093,0.3093,0.3093,7.8534,135.0475,62.2149,135.0475,62.2149,0.0434,32.2825,0.9486,38.444416,6.200356,0.0207,0.0008,-0.0143,0.7315
/kaggle/input/datasets/duc24kdl/sub-x-ray/sub_X-Ray/sub_NIH/00001373_049.png,,sub_NIH,00001373_049.png,ok,256x256 -> 1024x1024,4,1,39.27,28.9735,82.362276,9.075366,0.9352,0.9863,0.3212,8.128,29.1333,79.386652,8.909919,0.9354,0.9875,0.3327,0.3327,0.3327,7.4415,140.808,63.8529,140.808,63.8529,0.1193,29.1333,0.9354,79.386652,8.909919,0.1598,0.0012,-0.0114,0.6865
/kaggle/input/datasets/duc24kdl/sub-x-ray/sub_X-Ray/sub_NIH/00001373_050.png,,sub_NIH,00001373_050.png,ok,256x256 -> 1024x1024,4,1,39.19,35.4811,18.40642,4.29027,0.9439,0.9888,0.3386,8.548,35.6836,17.568046,4.191425,0.9454,0.9898,0.3586,0.3586,0.3586,8.0119,132.8794,63.176,132.8794,63.176,0.0909,35.6836,0.9454,17.568046,4.191425,0.2025,0.0009,-0.02,0.5361
/kaggle/input/datasets/duc24kdl/sub-x-ray/sub_X-Ray/sub_NIH/00001373_051.png,,sub_NIH,00001373_051.png,ok,256x256 -> 1024x1024,4,1,40.17,31.3091,48.103083,6.935639,0.9386,0.9875,0.3088,8.2006,31.3798,47.326169,6.879402,0.9394,0.9886,0.3199,0.3199,0.3199,7.6938,139.603,61.8971,139.603,61.8971,0.066,31.3798,0.9394,47.326169,6.879402,0.0707,0.0011,-0.0111,0.5068
/kaggle/input/datasets/duc24kdl/sub-x-ray/sub_X-Ray/sub_NIH/00001373_052.png,,sub_NIH,00001373_052.png,ok,256x256 -> 1024x1024,4,1,38.88,29.0715,80.525499,8.9736,0.9353,0.986,0.298,7.9868,29.241,77.442276,8.800129,0.936,0.9875,0.3017,0.3017,0.3017,7.3508,137.9766,63.5059,137.9766,63.5059,0.122,29.241,0.936,77.442276,8.800129,0.1696,0.0015,-0.0038,0.6359
/kaggle/input/datasets/duc24kdl/sub-x-ray/sub_X-Ray/sub_NIH/00001373_053.png,,sub_NIH,00001373_053.png,ok,256x256 -> 1024x1024,4,1,39.03,31.1743,49.619222,7.044091,0.9454,0.9883,0.2777,8.1011,31.25,48.761938,6.982975,0.9458,0.9893,0.2839,0.2839,0.2839,7.4795,141.3176,61.572,141.3176,61.572,0.0649,31.25,0.9458,48.761938,6.982975,0.0757,0.001,-0.0062,0.6217
/kaggle/input/datasets/duc24kdl/sub-x-ray/sub_X-Ray/sub_NIH/00001373_054.png,,sub_NIH,00001373_054.png,ok,256x256 -> 1024x1024,4,1,40.05,30.5143,57.763396,7.600223,0.9435,0.988,0.2773,7.877,30.6489,56.000888,7.483374,0.944,0.989,0.2833,0.2833,0.2833,7.2968,139.8698,68.0609,139.8698,68.0609,0.086,30.6489,0.944,56.000888,7.483374,0.1346,0.001,-0.0061,0.5801
/kaggle/input/datasets/duc24kdl/sub-x-ray/sub_X-Ray/sub_NIH/00001373_055.png,,sub_NIH,00001373_055.png,ok,256x256 -> 1024x1024,4,1,39.73,31.1375,50.041721,7.074017,0.9377,0.9874,0.3259,8.5203,31.1865,49.479917,7.034196,0.9383,0.9883,0.3391,0.3391,0.3391,7.7773,129.7234,67.9234,129.7234,67.9234,0.0541,31.1865,0.9383,49.479917,7.034196,0.049,0.0009,-0.0132,0.7429
/kaggle/input/datasets/duc24kdl/sub-x-ray/sub_X-Ray/sub_NIH/00001374_000.png,,sub_NIH,00001374_000.png,ok,256x256 -> 1024x1024,4,1,39.64,41.0777,5.073495,2.252442,0.9716,0.9934,0.2368,8.893,41.4595,4.646589,2.155595,0.9735,0.9943,0.2526,0.2526,0.2526,8.4199,154.6374,50.6401,154.6374,50.6401,0.1551,41.4595,0.9735,4.646589,2.155595,0.3817,0.0009,-0.0157,0.473
/kaggle/input/datasets/duc24kdl/sub-x-ray/sub_X-Ray/sub_NIH/00001375_000.png,,sub_NIH,00001375_000.png,ok,256x256 -> 1024x1024,4,1,40.08,35.2973,19.202017,4.382011,0.9385,0.9868,0.3327,8.3632,36.7136,13.858598,3.722714,0.9417,0.9886,0.3485,0.3485,0.3485,8.3627,138.8521,50.4455,138.8521,50.4455,0.4482,36.7136,0.9417,13.858598,3.722714,1.4163,0.0018,-0.0158,0.0005
/kaggle/input/datasets/duc24kdl/sub-x-ray/sub_X-Ray/sub_NIH/00001376_000.png,,sub_NIH,00001376_000.png,ok,256x256 -> 1024x1024,4,1,39.55,36.0749,16.054403,4.006795,0.969,0.9933,0.2511,8.9396,36.2887,15.28298,3.909345,0.9702,0.9941,0.2675,0.2675,0.2675,8.2991,125.92,49.7086,125.92,49.7086,0.0883,36.2887,0.9702,15.28298,3.909345,0.2139,0.0007,-0.0164,0.6405
/kaggle/input/datasets/duc24kdl/sub-x-ray/sub_X-Ray/sub_NIH/00001376_001.png,,sub_NIH,00001376_001.png,ok,256x256 -> 1024x1024,4,1,38.89,35.1975,19.648521,4.432665,0.9684,0.9929,0.2176,8.829,35.5615,18.068863,4.250749,0.97,0.9939,0.2209,0.2209,0.2209,8.2043,159.6885,55.0498,159.6885,55.0498,-0.0137,35.5615,0.97,18.068863,4.250749,0.364,0.001,-0.0032,0.6248
/kaggle/input/datasets/duc24kdl/sub-x-ray/sub_X-Ray/sub_NIH/00001376_002.png,,sub_NIH,00001376_002.png,ok,256x256 -> 1024x1024,4,1,39.28,35.54,18.158341,4.261261,0.9651,0.992,0.2123,8.3721,36.3463,15.081575,3.8835,0.9677,0.9936,0.2069,0.2069,0.2069,7.9328,155.7818,60.1488,155.7818,60.1488,0.2062,36.3463,0.9677,15.081575,3.8835,0.8063,0.0016,0.0053,0.4393
/kaggle/input/datasets/duc24kdl/sub-x-ray/sub_X-Ray/sub_NIH/00001376_003.png,,sub_NIH,00001376_003.png,ok,256x256 -> 1024x1024,4,1,38.96,33.6704,27.928094,5.284704,0.958,0.9909,0.2341,8.4053,33.9763,26.028402,5.101804,0.9597,0.9921,0.2322,0.2322,0.2322,7.9045,161.7102,64.2684,161.7102,64.2684,0.0546,33.9763,0.9597,26.028402,5.101804,0.3059,0.0011,0.0019,0.5008
/kaggle/input/datasets/duc24kdl/sub-x-ray/sub_X-Ray/sub_NIH/00001376_004.png,,sub_NIH,00001376_004.png,ok,256x256 -> 1024x1024,4,1,39.41,35.6634,17.649818,4.201169,0.9703,0.9933,0.202,8.59,35.7634,17.248202,4.153095,0.9717,0.9941,0.2048,0.2048,0.2048,8.0504,168.8506,60.1384,168.8506,60.1384,0.0658,35.7634,0.9717,17.248202,4.153095,0.1,0.0009,-0.0028,0.5396
/kaggle/input/datasets/duc24kdl/sub-x-ray/sub_X-Ray/sub_NIH/00001376_005.png,,sub_NIH,00001376_005.png,ok,256x256 -> 1024x1024,4,1,39.33,33.4062,29.679604,5.447899,0.9623,0.9922,0.2409,8.9128,33.4964,29.069996,5.39166,0.9635,0.993,0.2487,0.2487,0.2487,8.2225,102.9991,65.814,102.9991,65.814,0.0567,33.4964,0.9635,29.069996,5.39166,0.0901,0.0008,-0.0078,0.6903
/kaggle/input/datasets/duc24kdl/sub-x-ray/sub_X-Ray/sub_NIH/00001376_006.png,,sub_NIH,00001376_006.png,ok,256x256 -> 1024x1024,4,1,39.19,39.2114,7.797252,2.792356,0.9421,0.9892,0.2933,8.3116,39.3916,7.480358,2.735024,0.9443,0.9903,0.3069,0.3069,0.3069,7.7486,102.0606,74.8278,102.0606,74.8278,0.1045,39.3916,0.9443,7.480358,2.735024,0.1802,0.0011,-0.0136,0.563
/kaggle/input/datasets/duc24kdl/sub-x-ray/sub_X-Ray/sub_NIH/00001376_007.png,,sub_NIH,00001376_007.png,ok,256x256 -> 1024x1024,4,1,39.16,37.7654,10.877826,3.298155,0.9351,0.9877,0.3112,8.6636,38.167,9.91692,3.149114,0.9377,0.9891,0.3244,0.3244,0.3244,8.1761,101.2594,71.6431,101.2594,71.6431,0.1238,38.167,0.9377,9.91692,3.149114,0.4017,0.0014,-0.0133,0.4875
/kaggle/input/datasets/duc24kdl/sub-x-ray/sub_X-Ray/sub_NIH/00001376_008.png,,sub_NIH,00001376_008.png,ok,256x256 -> 1024x1024,4,1,38.93,35.7451,17.320837,4.161831,0.9676,0.993,0.2101,8.472,35.8434,16.933182,4.114995,0.9687,0.9937,0.2153,0.2153,0.2153,7.9516,144.8947,62.1428,144.8947,62.1428,0.0723,35.8434,0.9687,16.933182,4.114995,0.0983,0.0008,-0.0051,0.5204
/kaggle/input/datasets/duc24kdl/sub-x-ray/sub_X-Ray/sub_NIH/00001376_009.png,,sub_NIH,00001376_009.png,ok,256x256 -> 1024x1024,4,1,39.26,35.6543,17.686768,4.205564,0.9676,0.993,0.2266,8.9014,35.8676,16.839294,4.103571,0.9686,0.9938,0.232,0.232,0.232,8.1127,112.5763,58.6037,112.5763,58.6037,0.0771,35.8676,0.9686,16.839294,4.103571,0.2132,0.0008,-0.0054,0.7887
/kaggle/input/datasets/duc24kdl/sub-x-ray/sub_X-Ray/sub_NIH/00001376_010.png,,sub_NIH,00001376_010.png,ok,256x256 -> 1024x1024,4,1,38.89,36.9337,13.173669,3.629555,0.9642,0.9922,0.2633,8.9806,37.0744,12.75383,3.571251,0.9662,0.9932,0.2728,0.2728,0.2728,8.3245,110.7957,51.6029,110.7957,51.6029,0.0638,37.0744,0.9662,12.75383,3.571251,0.1407,0.001,-0.0095,0.6561
/kaggle/input/datasets/duc24kdl/sub-x-ray/sub_X-Ray/sub_NIH/00001377_000.png,,sub_NIH,00001377_000.png,ok,256x256 -> 1024x1024,4,1,38.9,37.116,12.632342,3.554201,0.9664,0.9924,0.2296,8.7872,37.2697,12.192876,3.49183,0.9677,0.9933,0.2411,0.2411,0.2411,8.1982,129.7908,53.8417,129.7908,53.8417,0.0499,37.2697,0.9677,12.192876,3.49183,0.1538,0.0009,-0.0115,0.5891
/kaggle/input/datasets/duc24kdl/sub-x-ray/sub_X-Ray/sub_NIH/00001377_001.png,,sub_NIH,00001377_001.png,ok,256x256 -> 1024x1024,4,1,38.96,35.6693,17.625997,4.198333,0.9605,0.9913,0.2267,8.4937,35.9022,16.705479,4.087234,0.9621,0.9924,0.2304,0.2304,0.2304,8.0733,130.5873,57.8431,130.5873,57.8431,0.0582,35.9022,0.9621,16.705479,4.087234,0.2329,0.0012,-0.0037,0.4203
/kaggle/input/datasets/duc24kdl/sub-x-ray/sub_X-Ray/sub_NIH/00001377_002.png,,sub_NIH,00001377_002.png,ok,256x256 -> 1024x1024,4,1,38.96,35.8009,17.099652,4.135173,0.9686,0.9928,0.2228,8.5595,36.0901,15.998145,3.999768,0.9698,0.9937,0.2284,0.2284,0.2284,8.0451,119.9377,58.0617,119.9377,58.0617,0.0937,36.0901,0.9698,15.998145,3.999768,0.2892,0.0009,-0.0056,0.5145
/kaggle/input/datasets/duc24kdl/sub-x-ray/sub_X-Ray/sub_NIH/00001377_003.png,,sub_NIH,00001377_003.png,ok,256x256 -> 1024x1024,4,1,40.17,40.3369,6.017208,2.453,0.9641,0.9916,0.2149,8.3367,40.6868,5.551415,2.356144,0.9668,0.9929,0.221,0.221,0.221,7.9,145.8383,55.3638,145.8383,55.3638,0.0866,40.6868,0.9668,5.551415,2.356144,0.3499,0.0013,-0.0062,0.4367
/kaggle/input/datasets/duc24kdl/sub-x-ray/sub_X-Ray/sub_NIH/00001377_004.png,,sub_NIH,00001377_004.png,ok,256x256 -> 1024x1024,4,1,40.16,42.654,3.52925,1.87863,0.9659,0.992,0.2057,8.2036,43.1303,3.162666,1.778389,0.9683,0.9932,0.2192,0.2192,0.2192,7.7756,159.8236,45.3905,159.8236,45.3905,0.1427,43.1303,0.9683,3.162666,1.778389,0.4763,0.0012,-0.0135,0.428
/kaggle/input/datasets/duc24kdl/sub-x-ray/sub_X-Ray/sub_NIH/00001377_005.png,,sub_NIH,00001377_005.png,ok,256x256 -> 1024x1024,4,1,40.17,40.4197,5.903575,2.429727,0.9612,0.9909,0.2355,8.5354,41.1802,4.955175,2.226022,0.964,0.9923,0.2445,0.2445,0.2445,8.0952,155.8353,46.5631,155.8353,46.5631,0.3006,41.1802,0.964,4.955175,2.226022,0.7606,0.0014,-0.0089,0.4402
/kaggle/input/datasets/duc24kdl/sub-x-ray/sub_X-Ray/sub_NIH/00001378_000.png,,sub_NIH,00001378_000.png,ok,256x256 -> 1024x1024,4,1,39.81,36.3766,14.976679,3.869971,0.9671,0.9927,0.2086,8.6969,36.49,14.590871,3.8198,0.9688,0.9936,0.219,0.219,0.219,8.067,164.6816,57.1937,164.6816,57.1937,0.0599,36.49,0.9688,14.590871,3.8198,0.1133,0.0009,-0.0103,0.6299
/kaggle/input/datasets/duc24kdl/sub-x-ray/sub_X-Ray/sub_NIH/00001378_001.png,,sub_NIH,00001378_001.png,ok,256x256 -> 1024x1024,4,1,40.15,35.4524,18.528364,4.304459,0.9625,0.9917,0.2129,8.4979,35.6765,17.596781,4.194852,0.964,0.9928,0.2178,0.2178,0.2178,7.9366,156.4214,66.648,156.4214,66.648,0.1413,35.6765,0.964,17.596781,4.194852,0.224,0.001,-0.0049,0.5614
/kaggle/input/datasets/duc24kdl/sub-x-ray/sub_X-Ray/sub_NIH/00001378_002.png,,sub_NIH,00001378_002.png,ok,256x256 -> 1024x1024,4,1,40.28,37.4911,11.587009,3.40397,0.9389,0.9886,0.3157,8.9101,37.962,10.396324,3.224333,0.9413,0.9899,0.3303,0.3303,0.3303,8.1834,99.8157,76.4051,99.8157,76.4051,0.1119,37.962,0.9413,10.396324,3.224333,0.4709,0.0012,-0.0146,0.7267
/kaggle/input/datasets/duc24kdl/sub-x-ray/sub_X-Ray/sub_NIH/00001378_003.png,,sub_NIH,00001378_003.png,ok,256x256 -> 1024x1024,4,1,40.04,37.6719,11.114581,3.333854,0.9367,0.9878,0.3408,8.5953,38.0474,10.193882,3.192786,0.9389,0.9891,0.3562,0.3562,0.3562,8.073,108.0312,68.5237,108.0312,68.5237,0.1033,38.0474,0.9389,10.193882,3.192786,0.3755,0.0013,-0.0154,0.5222
/kaggle/input/datasets/duc24kdl/sub-x-ray/sub_X-Ray/sub_NIH/00001378_004.png,,sub_NIH,00001378_004.png,ok,256x256 -> 1024x1024,4,1,39.01,37.6809,11.091546,3.330397,0.9426,0.9886,0.3267,8.5555,38.0125,10.276161,3.205645,0.9438,0.9898,0.34,0.34,0.34,8.1381,118.0824,70.2876,118.0824,70.2876,0.1315,38.0125,0.9438,10.276161,3.205645,0.3316,0.0011,-0.0132,0.4174
/kaggle/input/datasets/duc24kdl/sub-x-ray/sub_X-Ray/sub_NIH/00001379_000.png,,sub_NIH,00001379_000.png,ok,256x256 -> 1024x1024,4,1,39.29,38.3537,9.499656,3.082151,0.928,0.9865,0.3624,8.618,38.6289,8.916417,2.986037,0.9315,0.9881,0.3818,0.3818,0.3818,7.9895,111.9717,65.9136,111.9717,65.9136,0.0955,38.6289,0.9315,8.916417,2.986037,0.2752,0.0016,-0.0194,0.6285
/kaggle/input/datasets/duc24kdl/sub-x-ray/sub_X-Ray/sub_NIH/00001380_000.png,,sub_NIH,00001380_000.png,ok,256x256 -> 1024x1024,4,1,40.04,40.3351,6.019684,2.453504,0.9527,0.9896,0.3068,8.6175,40.6046,5.657382,2.378525,0.9554,0.9909,0.3241,0.3241,0.3241,8.4163,105.4327,39.3407,105.4327,39.3407,0.0921,40.6046,0.9554,5.657382,2.378525,0.2696,0.0013,-0.0173,0.2012
/kaggle/input/datasets/duc24kdl/sub-x-ray/sub_X-Ray/sub_NIH/00001381_000.png,,sub_NIH,00001381_000.png,ok,256x256 -> 1024x1024,4,1,39.61,38.482,9.223149,3.036964,0.9321,0.9872,0.3345,8.4782,38.7534,8.664365,2.943529,0.9348,0.9887,0.3492,0.3492,0.3492,8.0195,102.7827,67.4068,102.7827,67.4068,0.1139,38.7534,0.9348,8.664365,2.943529,0.2714,0.0015,-0.0146,0.4588
/kaggle/input/datasets/duc24kdl/sub-x-ray/sub_X-Ray/sub_NIH/00001381_001.png,,sub_NIH,00001381_001.png,ok,256x256 -> 1024x1024,4,1,39.93,37.3127,12.07297,3.474618,0.9308,0.9869,0.3529,8.3472,37.7621,10.885955,3.299387,0.9338,0.9885,0.369,0.369,0.369,7.9374,109.81,64.5574,109.81,64.5574,0.1163,37.7621,0.9338,10.885955,3.299387,0.4495,0.0016,-0.0162,0.4098
/kaggle/input/datasets/duc24kdl/sub-x-ray/sub_X-Ray/sub_NIH/00001381_002.png,,sub_NIH,00001381_002.png,ok,256x256 -> 1024x1024,4,1,38.8,31.3227,47.952733,6.924791,0.9618,0.9913,0.2951,8.8332,31.4086,47.013236,6.85662,0.9637,0.9923,0.3141,0.3141,0.3141,8.3117,108.2724,45.995,108.2724,45.995,0.0617,31.4086,0.9637,47.013236,6.85662,0.0859,0.001,-0.019,0.5215
/kaggle/input/datasets/duc24kdl/sub-x-ray/sub_X-Ray/sub_NIH/00001381_003.png,,sub_NIH,00001381_003.png,ok,256x256 -> 1024x1024,4,1,39.38,33.1257,31.660134,5.626734,0.9721,0.9937,0.2698,9.429,33.2046,31.089747,5.575818,0.9731,0.9944,0.2925,0.2925,0.2925,9.0508,108.5181,49.2326,108.5181,49.2326,0.0504,33.2046,0.9731,31.089747,5.575818,0.079,0.0006,-0.0227,0.3782
/kaggle/input/datasets/duc24kdl/sub-x-ray/sub_X-Ray/sub_NIH/00001381_004.png,,sub_NIH,00001381_004.png,ok,256x256 -> 1024x1024,4,1,39.84,38.7285,8.714214,2.951985,0.9341,0.9875,0.3343,8.6385,39.0972,8.005031,2.829316,0.937,0.989,0.3478,0.3478,0.3478,8.1489,101.6055,65.9694,101.6055,65.9694,0.0958,39.0972,0.937,8.005031,2.829316,0.3687,0.0015,-0.0134,0.4897
/kaggle/input/datasets/duc24kdl/sub-x-ray/sub_X-Ray/sub_NIH/00001381_005.png,,sub_NIH,00001381_005.png,ok,256x256 -> 1024x1024,4,1,39.08,34.3751,23.744934,4.872877,0.9666,0.9924,0.2765,9.1327,34.7196,21.934356,4.683413,0.9689,0.9935,0.2923,0.2923,0.2923,8.8034,108.1709,44.7713,108.1709,44.7713,0.1006,34.7196,0.9689,21.934356,4.683413,0.3445,0.0011,-0.0158,0.3293
/kaggle/input/datasets/duc24kdl/sub-x-ray/sub_X-Ray/sub_NIH/00001381_006.png,,sub_NIH,00001381_006.png,ok,256x256 -> 1024x1024,4,1,39.09,32.9668,32.839752,5.730598,0.9637,0.992,0.2616,9.0083,33.241,30.830712,5.552541,0.9653,0.9931,0.2703,0.2703,0.2703,8.3826,106.8013,60.5219,106.8013,60.5219,0.1194,33.241,0.9653,30.830712,5.552541,0.2742,0.0011,-0.0088,0.6257
/kaggle/input/datasets/duc24kdl/sub-x-ray/sub_X-Ray/sub_NIH/00001381_007.png,,sub_NIH,00001381_007.png,ok,256x256 -> 1024x1024,4,1,39.94,32.7979,34.142174,5.84313,0.9607,0.991,0.2705,8.3965,32.9631,32.867727,5.733038,0.9626,0.9922,0.281,0.281,0.281,8.0839,103.163,58.7432,103.163,58.7432,0.1191,32.9631,0.9626,32.867727,5.733038,0.1652,0.0012,-0.0105,0.3126
/kaggle/input/datasets/duc24kdl/sub-x-ray/sub_X-Ray/sub_NIH/00001381_008.png,,sub_NIH,00001381_008.png,ok,256x256 -> 1024x1024,4,1,40.12,33.5429,28.759845,5.362821,0.9655,0.9918,0.2799,8.6401,33.61,28.318959,5.321556,0.9672,0.993,0.294,0.294,0.294,8.2128,107.9696,53.627,107.9696,53.627,0.0935,33.61,0.9672,28.318959,5.321556,0.0671,0.0011,-0.0141,0.4273
/kaggle/input/datasets/duc24kdl/sub-x-ray/sub_X-Ray/sub_NIH/00001381_009.png,,sub_NIH,00001381_009.png,ok,256x256 -> 1024x1024,4,1,39.84,32.7493,34.525964,5.87588,0.9657,0.9922,0.2762,8.7355,32.9744,32.782206,5.725575,0.9673,0.9934,0.2849,0.2849,0.2849,8.254,117.3034,51.1673,117.3034,51.1673,0.0786,32.9744,0.9673,32.782206,5.725575,0.2251,0.0012,-0.0086,0.4815
/kaggle/input/datasets/duc24kdl/sub-x-ray/sub_X-Ray/sub_NIH/00001381_010.png,,sub_NIH,00001381_010.png,ok,256x256 -> 1024x1024,4,1,39.01,38.1704,9.909233,3.147893,0.9339,0.9874,0.3372,8.5395,38.5281,9.125827,3.020898,0.9367,0.9889,0.3537,0.3537,0.3537,8.0649,105.3167,68.1923,105.3167,68.1923,0.099,38.5281,0.9367,9.125827,3.020898,0.3577,0.0015,-0.0165,0.4746
/kaggle/input/datasets/duc24kdl/sub-x-ray/sub_X-Ray/sub_NIH/00001381_011.png,,sub_NIH,00001381_011.png,ok,256x256 -> 1024x1024,4,1,39.27,32.4191,37.253458,6.103561,0.9636,0.9917,0.2908,8.8471,32.461,36.896053,6.074212,0.9649,0.9928,0.3075,0.3075,0.3075,8.4872,124.2037,57.7774,124.2037,57.7774,0.0819,32.461,0.9649,36.896053,6.074212,0.0419,0.001,-0.0168,0.3598
/kaggle/input/datasets/duc24kdl/sub-x-ray/sub_X-Ray/sub_NIH/00001381_012.png,,sub_NIH,00001381_012.png,ok,256x256 -> 1024x1024,4,1,39.0,38.3213,9.570947,3.093695,0.9367,0.9882,0.3428,8.9052,38.5817,9.013841,3.002306,0.9388,0.9895,0.3622,0.3622,0.3622,8.4547,119.2779,67.7309,119.2779,67.7309,0.1063,38.5817,0.9388,9.013841,3.002306,0.2604,0.0013,-0.0194,0.4504
/kaggle/input/datasets/duc24kdl/sub-x-ray/sub_X-Ray/sub_NIH/00001381_013.png,,sub_NIH,00001381_013.png,ok,256x256 -> 1024x1024,4,1,38.91,38.6255,8.923428,2.987211,0.9316,0.9873,0.3725,8.7334,38.9752,8.233096,2.869337,0.9339,0.9887,0.3961,0.3961,0.3961,8.3456,124.7164,67.1083,124.7164,67.1083,0.1133,38.9752,0.9339,8.233096,2.869337,0.3497,0.0014,-0.0236,0.3878
/kaggle/input/datasets/duc24kdl/sub-x-ray/sub_X-Ray/sub_NIH/00001382_000.png,,sub_NIH,00001382_000.png,ok,256x256 -> 1024x1024,4,1,39.09,34.7646,21.708205,4.659206,0.9616,0.9917,0.2352,8.9679,35.3049,19.168409,4.378174,0.9637,0.993,0.2303,0.2303,0.2303,8.1659,142.1898,75.3746,142.1898,75.3746,0.1276,35.3049,0.9637,19.168409,4.378174,0.5404,0.0012,0.0048,0.8019
/kaggle/input/datasets/duc24kdl/sub-x-ray/sub_X-Ray/sub_NIH/00001382_001.png,,sub_NIH,00001382_001.png,ok,256x256 -> 1024x1024,4,1,39.26,37.1331,12.582719,3.547213,0.976,0.9947,0.2101,9.4142,37.262,12.214555,3.494933,0.9779,0.9954,0.2161,0.2161,0.2161,8.5931,142.2866,61.5176,142.2866,61.5176,0.0485,37.262,0.9779,12.214555,3.494933,0.129,0.0008,-0.006,0.8211
/kaggle/input/datasets/duc24kdl/sub-x-ray/sub_X-Ray/sub_NIH/00001382_002.png,,sub_NIH,00001382_002.png,ok,256x256 -> 1024x1024,4,1,38.93,33.9445,26.220153,5.120562,0.9619,0.9915,0.2365,8.6246,34.7868,21.597359,4.647296,0.9637,0.9927,0.2375,0.2375,0.2375,8.0799,136.1642,74.031,136.1642,74.031,-0.0374,34.7868,0.9637,21.597359,4.647296,0.8423,0.0012,-0.001,0.5447
/kaggle/input/datasets/duc24kdl/sub-x-ray/sub_X-Ray/sub_NIH/00001382_003.png,,sub_NIH,00001382_003.png,ok,256x256 -> 1024x1024,4,1,38.91,34.2931,24.197247,4.91907,0.9692,0.993,0.2223,9.1666,34.5156,22.989279,4.794714,0.9698,0.9938,0.2298,0.2298,0.2298,8.5446,142.8321,61.4329,142.8321,61.4329,0.0963,34.5156,0.9698,22.989279,4.794714,0.2224,0.0009,-0.0074,0.622
/kaggle/input/datasets/duc24kdl/sub-x-ray/sub_X-Ray/sub_NIH/00001382_004.png,,sub_NIH,00001382_004.png,ok,256x256 -> 1024x1024,4,1,39.08,34.6119,22.484662,4.741799,0.9678,0.9925,0.2191,8.9145,35.2052,19.61396,4.428765,0.9686,0.9936,0.2232,0.2232,0.2232,8.2259,137.24,67.4212,137.24,67.4212,0.2479,35.2052,0.9686,19.61396,4.428765,0.5932,0.0011,-0.0042,0.6886
/kaggle/input/datasets/duc24kdl/sub-x-ray/sub_X-Ray/sub_NIH/00001383_000.png,,sub_NIH,00001383_000.png,ok,256x256 -> 1024x1024,4,1,40.26,38.1299,10.00209,3.162608,0.9303,0.987,0.3564,8.6444,38.4355,9.322466,3.053271,0.9333,0.9883,0.3733,0.3733,0.3733,8.3406,114.1575,66.9556,114.1575,66.9556,0.103,38.4355,0.9333,9.322466,3.053271,0.3056,0.0013,-0.0169,0.3038
/kaggle/input/datasets/duc24kdl/sub-x-ray/sub_X-Ray/sub_NIH/00001383_001.png,,sub_NIH,00001383_001.png,ok,256x256 -> 1024x1024,4,1,39.3,38.142,9.974226,3.1582,0.9205,0.985,0.384,8.966,38.5166,9.149986,3.024894,0.9231,0.9864,0.4028,0.4028,0.4028,8.4739,108.4625,62.2515,108.4625,62.2515,0.1109,38.5166,0.9231,9.149986,3.024894,0.3746,0.0014,-0.0188,0.4921
/kaggle/input/datasets/duc24kdl/sub-x-ray/sub_X-Ray/sub_NIH/00001384_000.png,,sub_NIH,00001384_000.png,ok,256x256 -> 1024x1024,4,1,39.3,41.0784,5.072724,2.252271,0.9491,0.9886,0.3285,8.3129,41.3625,4.751493,2.179792,0.9518,0.99,0.3555,0.3555,0.3555,8.3122,108.8529,33.4113,108.8529,33.4113,0.1013,41.3625,0.9518,4.751493,2.179792,0.2841,0.0014,-0.0271,0.0008
/kaggle/input/datasets/duc24kdl/sub-x-ray/sub_X-Ray/sub_NIH/00001384_001.png,,sub_NIH,00001384_001.png,ok,256x256 -> 1024x1024,4,1,39.07,38.9591,8.263559,2.874641,0.93,0.9872,0.3428,8.3989,39.1944,7.827748,2.797811,0.9328,0.9885,0.3644,0.3644,0.3644,7.8368,107.8452,72.3741,107.8452,72.3741,0.1055,39.1944,0.9328,7.827748,2.797811,0.2353,0.0014,-0.0215,0.5621
/kaggle/input/datasets/duc24kdl/sub-x-ray/sub_X-Ray/sub_NIH/00001385_000.png,,sub_NIH,00001385_000.png,ok,256x256 -> 1024x1024,4,1,39.15,42.5325,3.629376,1.905092,0.9787,0.9951,0.1793,10.2687,42.8854,3.346073,1.829228,0.9801,0.9956,0.1985,0.1985,0.1985,9.3015,171.8582,32.7773,171.8582,32.7773,0.0756,42.8854,0.9801,3.346073,1.829228,0.353,0.0005,-0.0193,0.9672
/kaggle/input/datasets/duc24kdl/sub-x-ray/sub_X-Ray/sub_NIH/00001385_001.png,,sub_NIH,00001385_001.png,ok,256x256 -> 1024x1024,4,1,39.84,35.2712,19.317769,4.395198,0.9727,0.994,0.2419,8.9618,35.3845,18.820611,4.338273,0.9735,0.9946,0.2581,0.2581,0.2581,8.4093,137.8358,43.0433,137.8358,43.0433,0.0514,35.3845,0.9735,18.820611,4.338273,0.1132,0.0006,-0.0161,0.5525
/kaggle/input/datasets/duc24kdl/sub-x-ray/sub_X-Ray/sub_NIH/00001385_002.png,,sub_NIH,00001385_002.png,ok,256x256 -> 1024x1024,4,1,40.0,35.2921,19.22521,4.384656,0.9721,0.994,0.254,9.1433,35.4525,18.527942,4.30441,0.9724,0.9945,0.2736,0.2736,0.2736,8.7678,140.0978,39.5668,140.0978,39.5668,0.0279,35.4525,0.9724,18.527942,4.30441,0.1604,0.0005,-0.0196,0.3755
/kaggle/input/datasets/duc24kdl/sub-x-ray/sub_X-Ray/sub_NIH/00001385_003.png,,sub_NIH,00001385_003.png,ok,256x256 -> 1024x1024,4,1,39.46,33.4695,29.250557,5.408378,0.9694,0.9931,0.2546,8.945,33.8833,26.592072,5.15675,0.9707,0.9941,0.27,0.27,0.27,8.4252,130.122,52.2874,130.122,52.2874,0.129,33.8833,0.9707,26.592072,5.15675,0.4138,0.0009,-0.0153,0.5198
/kaggle/input/datasets/duc24kdl/sub-x-ray/sub_X-Ray/sub_NIH/00001385_004.png,,sub_NIH,00001385_004.png,ok,256x256 -> 1024x1024,4,1,39.94,34.7518,21.772243,4.666074,0.9729,0.9941,0.2534,9.2744,34.8503,21.283675,4.613423,0.9736,0.9947,0.2704,0.2704,0.2704,8.7528,138.3527,42.2045,138.3527,42.2045,0.045,34.8503,0.9736,21.283675,4.613423,0.0986,0.0006,-0.017,0.5215
/kaggle/input/datasets/duc24kdl/sub-x-ray/sub_X-Ray/sub_NIH/00001385_005.png,,sub_NIH,00001385_005.png,ok,256x256 -> 1024x1024,4,1,39.05,36.7787,13.652515,3.694931,0.9734,0.9943,0.2504,9.3382,36.9371,13.163446,3.628146,0.9746,0.995,0.2721,0.2721,0.2721,8.7383,136.1447,41.0981,136.1447,41.0981,0.0981,36.9371,0.9746,13.163446,3.628146,0.1584,0.0006,-0.0216,0.5999
/kaggle/input/datasets/duc24kdl/sub-x-ray/sub_X-Ray/sub_NIH/00001385_006.png,,sub_NIH,00001385_006.png,ok,256x256 -> 1024x1024,4,1,39.42,35.0574,20.292534,4.504724,0.9734,0.9943,0.2632,9.583,35.2013,19.631364,4.430729,0.9742,0.9949,0.2858,0.2858,0.2858,8.895,139.0791,47.349,139.0791,47.349,0.1015,35.2013,0.9742,19.631364,4.430729,0.1439,0.0006,-0.0225,0.688
/kaggle/input/datasets/duc24kdl/sub-x-ray/sub_X-Ray/sub_NIH/00001385_007.png,,sub_NIH,00001385_007.png,ok,256x256 -> 1024x1024,4,1,39.1,33.3139,30.317304,5.506115,0.9602,0.9914,0.2303,8.5049,33.5827,28.497578,5.338312,0.9613,0.9924,0.2334,0.2334,0.2334,8.1325,167.1999,57.4095,167.1999,57.4095,0.0282,33.5827,0.9613,28.497578,5.338312,0.2688,0.001,-0.003,0.3724
/kaggle/input/datasets/duc24kdl/sub-x-ray/sub_X-Ray/sub_NIH/00001385_008.png,,sub_NIH,00001385_008.png,ok,256x256 -> 1024x1024,4,1,39.16,35.2521,19.403,4.404884,0.9735,0.9943,0.2468,9.3067,35.4464,18.554026,4.307438,0.974,0.9948,0.2651,0.2651,0.2651,8.7958,143.2877,41.0719,143.2877,41.0719,0.1114,35.4464,0.974,18.554026,4.307438,0.1943,0.0005,-0.0183,0.5108
/kaggle/input/datasets/duc24kdl/sub-x-ray/sub_X-Ray/sub_NIH/00001385_009.png,,sub_NIH,00001385_009.png,ok,256x256 -> 1024x1024,4,1,38.97,35.3432,19.000325,4.358936,0.9705,0.9937,0.2599,9.0046,35.4803,18.410031,4.290691,0.9713,0.9943,0.2825,0.2825,0.2825,8.4853,137.6254,44.9973,137.6254,44.9973,0.0463,35.4803,0.9713,18.410031,4.290691,0.1371,0.0006,-0.0226,0.5193
/kaggle/input/datasets/duc24kdl/sub-x-ray/sub_X-Ray/sub_NIH/00001385_010.png,,sub_NIH,00001385_010.png,ok,256x256 -> 1024x1024,4,1,38.74,36.2521,15.412559,3.925883,0.972,0.994,0.2506,9.3135,36.4206,14.825993,3.850454,0.9728,0.9946,0.2705,0.2705,0.2705,8.7253,133.0945,43.159,133.0945,43.159,0.0347,36.4206,0.9728,14.825993,3.850454,0.1685,0.0006,-0.0199,0.5882
/kaggle/input/datasets/duc24kdl/sub-x-ray/sub_X-Ray/sub_NIH/00001385_011.png,,sub_NIH,00001385_011.png,ok,256x256 -> 1024x1024,4,1,39.41,35.2478,19.422491,4.407096,0.9729,0.9942,0.2556,9.492,35.3901,18.796346,4.335475,0.9739,0.9948,0.2735,0.2735,0.2735,8.9169,136.75,36.0586,136.75,36.0586,0.0557,35.3901,0.9739,18.796346,4.335475,0.1423,0.0006,-0.0179,0.5751
/kaggle/input/datasets/duc24kdl/sub-x-ray/sub_X-Ray/sub_NIH/00001385_012.png,,sub_NIH,00001385_012.png,ok,256x256 -> 1024x1024,4,1,39.26,35.9676,16.455686,4.056561,0.9767,0.9949,0.2076,9.3229,36.074,16.057418,4.007171,0.9777,0.9954,0.2218,0.2218,0.2218,8.6757,152.8255,48.4898,152.8255,48.4898,0.0512,36.074,0.9777,16.057418,4.007171,0.1064,0.0006,-0.0141,0.6472
/kaggle/input/datasets/duc24kdl/sub-x-ray/sub_X-Ray/sub_NIH/00001385_013.png,,sub_NIH,00001385_013.png,ok,256x256 -> 1024x1024,4,1,39.3,38.3979,9.403529,3.066517,0.9242,0.9863,0.3767,8.704,38.5251,9.132099,3.021936,0.9268,0.9876,0.4015,0.4015,0.4015,8.1951,129.2871,65.8055,129.2871,65.8055,0.0866,38.5251,0.9268,9.132099,3.021936,0.1272,0.0013,-0.0248,0.5089
/kaggle/input/datasets/duc24kdl/sub-x-ray/sub_X-Ray/sub_NIH/00001385_014.png,,sub_NIH,00001385_014.png,ok,256x256 -> 1024x1024,4,1,39.9,37.674,11.10904,3.333023,0.9193,0.9853,0.3885,8.6191,37.9572,10.407885,3.226125,0.9221,0.9867,0.4162,0.4162,0.4162,8.2651,130.4541,68.5087,130.4541,68.5087,0.0741,37.9572,0.9221,10.407885,3.226125,0.2831,0.0014,-0.0277,0.354
/kaggle/input/datasets/duc24kdl/sub-x-ray/sub_X-Ray/sub_NIH/00001385_015.png,,sub_NIH,00001385_015.png,ok,256x256 -> 1024x1024,4,1,39.98,38.3308,9.549982,3.090304,0.9226,0.9861,0.3781,8.5592,38.7139,8.74369,2.956973,0.9255,0.9874,0.4041,0.4041,0.4041,8.1553,129.2015,68.1838,129.2015,68.1838,0.0889,38.7139,0.9255,8.74369,2.956973,0.3831,0.0013,-0.026,0.4039
/kaggle/input/datasets/duc24kdl/sub-x-ray/sub_X-Ray/sub_NIH/00001385_016.png,,sub_NIH,00001385_016.png,ok,256x256 -> 1024x1024,4,1,39.79,31.6986,43.976004,6.631441,0.9616,0.9918,0.2396,8.3157,31.7231,43.72935,6.612817,0.9625,0.9926,0.2493,0.2493,0.2493,7.9831,165.305,62.8234,165.305,62.8234,0.037,31.7231,0.9625,43.72935,6.612817,0.0244,0.0008,-0.0098,0.3325
/kaggle/input/datasets/duc24kdl/sub-x-ray/sub_X-Ray/sub_NIH/00001385_017.png,,sub_NIH,00001385_017.png,ok,256x256 -> 1024x1024,4,1,38.86,38.5515,9.076662,3.01275,0.9323,0.9877,0.3408,8.5786,38.9014,8.37415,2.893812,0.935,0.9891,0.3604,0.3604,0.3604,8.1708,116.0359,70.6948,116.0359,70.6948,0.0967,38.9014,0.935,8.37415,2.893812,0.3499,0.0013,-0.0196,0.4078
/kaggle/input/datasets/duc24kdl/sub-x-ray/sub_X-Ray/sub_NIH/00001385_018.png,,sub_NIH,00001385_018.png,ok,256x256 -> 1024x1024,4,1,39.2,31.0309,51.284476,7.161318,0.9654,0.9916,0.2523,9.1413,31.0936,50.549745,7.109834,0.9663,0.9927,0.2695,0.2695,0.2695,8.8505,122.6371,49.5863,122.6371,49.5863,0.1114,31.0936,0.9663,50.549745,7.109834,0.0627,0.0011,-0.0172,0.2909
/kaggle/input/datasets/duc24kdl/sub-x-ray/sub_X-Ray/sub_NIH/00001385_019.png,,sub_NIH,00001385_019.png,ok,256x256 -> 1024x1024,4,1,40.31,39.6956,6.97462,2.640951,0.9351,0.9881,0.3407,8.7846,39.983,6.527991,2.554993,0.9378,0.9894,0.3626,0.3626,0.3626,8.1924,108.2141,68.4102,108.2141,68.4102,0.091,39.983,0.9378,6.527991,2.554993,0.2874,0.0013,-0.0219,0.5921
/kaggle/input/datasets/duc24kdl/sub-x-ray/sub_X-Ray/sub_NIH/00001385_020.png,,sub_NIH,00001385_020.png,ok,256x256 -> 1024x1024,4,1,39.44,31.9517,41.48672,6.441019,0.9714,0.9932,0.2426,9.475,32.0697,40.374459,6.35409,0.9722,0.9939,0.2636,0.2636,0.2636,8.8332,119.9119,51.2382,119.9119,51.2382,0.1453,32.0697,0.9722,40.374459,6.35409,0.118,0.0007,-0.021,0.6419
/kaggle/input/datasets/duc24kdl/sub-x-ray/sub_X-Ray/sub_NIH/00001386_000.png,,sub_NIH,00001386_000.png,ok,256x256 -> 1024x1024,4,1,39.19,39.1158,7.970682,2.82324,0.939,0.9889,0.3317,8.5674,39.39,7.483115,2.735528,0.9412,0.99,0.3542,0.3542,0.3542,8.3029,115.949,70.9532,115.949,70.9532,0.102,39.39,0.9412,7.483115,2.735528,0.2741,0.0011,-0.0225,0.2645
/kaggle/input/datasets/duc24kdl/sub-x-ray/sub_X-Ray/sub_NIH/00001387_000.png,,sub_NIH,00001387_000.png,ok,256x256 -> 1024x1024,4,1,39.91,40.7659,5.451223,2.334786,0.9481,0.9885,0.3134,8.2854,41.0949,5.053501,2.247999,0.9513,0.99,0.3326,0.3326,0.3326,7.9632,102.997,40.1213,102.997,40.1213,0.1059,41.0949,0.9513,5.053501,2.247999,0.329,0.0015,-0.0192,0.3222
/kaggle/input/datasets/duc24kdl/sub-x-ray/sub_X-Ray/sub_NIH/00001388_000.png,,sub_NIH,00001388_000.png,ok,256x256 -> 1024x1024,4,1,39.75,40.768,5.448544,2.334212,0.9647,0.9918,0.2156,8.0976,41.2385,4.889099,2.211131,0.9675,0.9931,0.2247,0.2247,0.2247,7.9041,154.1304,56.9359,154.1304,56.9359,0.1276,41.2385,0.9675,4.889099,2.211131,0.4705,0.0014,-0.0091,0.1935
/kaggle/input/datasets/duc24kdl/sub-x-ray/sub_X-Ray/sub_NIH/00001389_000.png,,sub_NIH,00001389_000.png,ok,256x256 -> 1024x1024,4,1,40.1,40.422,5.900372,2.429068,0.9573,0.9903,0.2449,8.5104,40.8921,5.294998,2.301086,0.9601,0.9918,0.2538,0.2538,0.2538,8.1618,168.1666,54.8792,168.1666,54.8792,0.1521,40.8921,0.9601,5.294998,2.301086,0.4701,0.0015,-0.0089,0.3486
/kaggle/input/datasets/duc24kdl/sub-x-ray/sub_X-Ray/sub_NIH/00001389_001.png,,sub_NIH,00001389_001.png,ok,256x256 -> 1024x1024,4,1,39.28,35.3641,18.90899,4.348447,0.9759,0.9944,0.2243,9.2007,35.4276,18.634498,4.316769,0.9771,0.9952,0.2352,0.2352,0.2352,8.4785,157.3066,44.861,157.3066,44.861,0.0357,35.4276,0.9771,18.634498,4.316769,0.0635,0.0007,-0.0108,0.7221
/kaggle/input/datasets/duc24kdl/sub-x-ray/sub_X-Ray/sub_NIH/00001389_002.png,,sub_NIH,00001389_002.png,ok,256x256 -> 1024x1024,4,1,40.16,35.9052,16.694164,4.085849,0.9772,0.9948,0.206,9.3409,35.9798,16.409526,4.050867,0.9783,0.9955,0.2178,0.2178,0.2178,8.606,158.5272,46.0456,158.5272,46.0456,0.0418,35.9798,0.9783,16.409526,4.050867,0.0747,0.0007,-0.0117,0.7349
/kaggle/input/datasets/duc24kdl/sub-x-ray/sub_X-Ray/sub_NIH/00001389_003.png,,sub_NIH,00001389_003.png,ok,256x256 -> 1024x1024,4,1,39.1,35.8694,16.832245,4.102712,0.977,0.9947,0.2158,9.2278,35.9591,16.487911,4.060531,0.9782,0.9954,0.2285,0.2285,0.2285,8.4809,157.1142,43.5902,157.1142,43.5902,0.0549,35.9591,0.9782,16.487911,4.060531,0.0898,0.0007,-0.0127,0.7469
/kaggle/input/datasets/duc24kdl/sub-x-ray/sub_X-Ray/sub_NIH/00001389_004.png,,sub_NIH,00001389_004.png,ok,256x256 -> 1024x1024,4,1,38.87,38.1319,9.997465,3.161877,0.9324,0.9874,0.3451,8.3,38.4689,9.251136,3.041568,0.9347,0.9888,0.3622,0.3622,0.3622,7.9203,118.965,71.0029,118.965,71.0029,0.0967,38.4689,0.9347,9.251136,3.041568,0.3369,0.0014,-0.0171,0.3797
/kaggle/input/datasets/duc24kdl/sub-x-ray/sub_X-Ray/sub_NIH/00001389_005.png,,sub_NIH,00001389_005.png,ok,256x256 -> 1024x1024,4,1,39.9,39.055,8.083232,2.843103,0.9378,0.9881,0.3264,8.5735,39.3296,7.587932,2.75462,0.9405,0.9894,0.3421,0.3421,0.3421,8.1108,111.5899,69.2316,111.5899,69.2316,0.1094,39.3296,0.9405,7.587932,2.75462,0.2746,0.0014,-0.0157,0.4627
/kaggle/input/datasets/duc24kdl/sub-x-ray/sub_X-Ray/sub_NIH/00001390_000.png,,sub_NIH,00001390_000.png,ok,256x256 -> 1024x1024,4,1,39.85,34.0877,25.36922,5.036787,0.963,0.9923,0.2248,8.48,34.4238,23.480235,4.845641,0.9654,0.9932,0.2268,0.2268,0.2268,8.0679,164.316,57.8822,164.316,57.8822,0.102,34.4238,0.9654,23.480235,4.845641,0.336,0.0009,-0.002,0.4121
/kaggle/input/datasets/duc24kdl/sub-x-ray/sub_X-Ray/sub_NIH/00001391_000.png,,sub_NIH,00001391_000.png,ok,256x256 -> 1024x1024,4,1,39.96,42.3736,3.764649,1.94027,0.97,0.9932,0.1918,8.9302,42.8088,3.405689,1.845451,0.9723,0.9943,0.1979,0.1979,0.1979,8.5154,174.6528,57.1885,174.6528,57.1885,0.1405,42.8088,0.9723,3.405689,1.845451,0.4352,0.0011,-0.0061,0.4147
/kaggle/input/datasets/duc24kdl/sub-x-ray/sub_X-Ray/sub_NIH/00001392_000.png,,sub_NIH,00001392_000.png,ok,256x256 -> 1024x1024,4,1,39.46,41.1842,4.950633,2.225002,0.9634,0.9917,0.2398,8.545,41.7369,4.358986,2.087818,0.9662,0.993,0.2575,0.2575,0.2575,8.217,159.0032,50.7682,159.0032,50.7682,0.2829,41.7369,0.9662,4.358986,2.087818,0.5528,0.0013,-0.0177,0.328
/kaggle/input/datasets/duc24kdl/sub-x-ray/sub_X-Ray/sub_NIH/00001393_000.png,,sub_NIH,00001393_000.png,ok,256x256 -> 1024x1024,4,1,39.77,34.8687,21.193959,4.60369,0.9648,0.9924,0.246,8.8354,34.9148,20.969958,4.579297,0.9663,0.9933,0.2578,0.2578,0.2578,8.4005,174.192,50.7817,174.192,50.7817,0.0437,34.9148,0.9663,20.969958,4.579297,0.0461,0.0009,-0.0118,0.4349
/kaggle/input/datasets/duc24kdl/sub-x-ray/sub_X-Ray/sub_NIH/00001394_000.png,,sub_NIH,00001394_000.png,ok,256x256 -> 1024x1024,4,1,40.42,38.257,9.713624,3.116669,0.9472,0.9901,0.3319,8.8832,38.4755,9.236966,3.039238,0.9486,0.991,0.3486,0.3486,0.3486,8.4858,112.4405,63.9592,112.4405,63.9592,0.1296,38.4755,0.9486,9.236966,3.039238,0.2185,0.0009,-0.0167,0.3974
/kaggle/input/datasets/duc24kdl/sub-x-ray/sub_X-Ray/sub_NIH/00001394_001.png,,sub_NIH,00001394_001.png,ok,256x256 -> 1024x1024,4,1,40.09,34.542,22.849889,4.780156,0.9601,0.9915,0.2207,8.6691,35.577,18.0045,4.243171,0.9627,0.9928,0.224,0.224,0.224,8.0375,145.5152,71.9451,145.5152,71.9451,0.2592,35.577,0.9627,18.0045,4.243171,1.035,0.0013,-0.0033,0.6316
/kaggle/input/datasets/duc24kdl/sub-x-ray/sub_X-Ray/sub_NIH/00001395_000.png,,sub_NIH,00001395_000.png,ok,256x256 -> 1024x1024,4,1,40.52,41.749,4.346878,2.084917,0.9516,0.9893,0.3171,8.5926,42.087,4.021437,2.005352,0.9543,0.9906,0.3357,0.3357,0.3357,8.3704,110.0393,33.5912,110.0393,33.5912,0.0976,42.087,0.9543,4.021437,2.005352,0.338,0.0012,-0.0186,0.2222
/kaggle/input/datasets/duc24kdl/sub-x-ray/sub_X-Ray/sub_NIH/00001395_001.png,,sub_NIH,00001395_001.png,ok,256x256 -> 1024x1024,4,1,38.9,42.1012,4.008326,2.00208,0.9526,0.9896,0.3224,8.4285,42.3959,3.745307,1.93528,0.9551,0.9908,0.3441,0.3441,0.3441,8.2138,111.3345,29.8056,111.3345,29.8056,0.093,42.3959,0.9551,3.745307,1.93528,0.2948,0.0012,-0.0217,0.2147
/kaggle/input/datasets/duc24kdl/sub-x-ray/sub_X-Ray/sub_NIH/00001395_002.png,,sub_NIH,00001395_002.png,ok,256x256 -> 1024x1024,4,1,38.91,29.7372,69.081701,8.31154,0.9377,0.9866,0.325,8.2729,30.0063,64.93075,8.057962,0.9384,0.988,0.3344,0.3344,0.3344,7.796,131.4225,60.2892,131.4225,60.2892,0.0915,30.0063,0.9384,64.93075,8.057962,0.2691,0.0014,-0.0094,0.4769
/kaggle/input/datasets/duc24kdl/sub-x-ray/sub_X-Ray/sub_NIH/00001395_003.png,,sub_NIH,00001395_003.png,ok,256x256 -> 1024x1024,4,1,39.7,40.6437,5.606724,2.367852,0.9503,0.9889,0.3144,8.3413,40.9435,5.23271,2.287512,0.9529,0.9902,0.3308,0.3308,0.3308,8.0962,109.9818,33.7093,109.9818,33.7093,0.1087,40.9435,0.9529,5.23271,2.287512,0.2998,0.0013,-0.0164,0.2451
/kaggle/input/datasets/duc24kdl/sub-x-ray/sub_X-Ray/sub_NIH/00001395_004.png,,sub_NIH,00001395_004.png,ok,256x256 -> 1024x1024,4,1,40.18,41.8757,4.221903,2.054727,0.9528,0.9897,0.323,8.6046,42.1848,3.9319,1.982902,0.9555,0.9909,0.3438,0.3438,0.3438,8.4246,108.9249,33.362,108.9249,33.362,0.0961,42.1848,0.9555,3.9319,1.982902,0.3091,0.0012,-0.0208,0.1799
/kaggle/input/datasets/duc24kdl/sub-x-ray/sub_X-Ray/sub_NIH/00001395_005.png,,sub_NIH,00001395_005.png,ok,256x256 -> 1024x1024,4,1,38.87,41.9029,4.195535,2.048301,0.9565,0.9904,0.3063,8.6385,42.1565,3.957581,1.989367,0.9589,0.9915,0.3262,0.3262,0.3262,8.4278,108.9184,33.9368,108.9184,33.9368,0.096,42.1565,0.9589,3.957581,1.989367,0.2536,0.0011,-0.0198,0.2107
/kaggle/input/datasets/duc24kdl/sub-x-ray/sub_X-Ray/sub_NIH/00001395_006.png,,sub_NIH,00001395_006.png,ok,256x256 -> 1024x1024,4,1,38.85,34.5333,22.895596,4.784934,0.9436,0.9878,0.3291,8.3789,34.7514,21.774256,4.666289,0.9452,0.989,0.3508,0.3508,0.3508,7.9925,142.017,46.8418,142.017,46.8418,0.1208,34.7514,0.9452,21.774256,4.666289,0.2181,0.0013,-0.0217,0.3864
/kaggle/input/datasets/duc24kdl/sub-x-ray/sub_X-Ray/sub_NIH/00001395_007.png,,sub_NIH,00001395_007.png,ok,256x256 -> 1024x1024,4,1,39.85,34.4609,23.280172,4.824953,0.9674,0.9926,0.2574,8.9063,34.6794,22.138187,4.705124,0.9682,0.9934,0.2691,0.2691,0.2691,8.253,139.483,48.4603,139.483,48.4603,0.0675,34.6794,0.9682,22.138187,4.705124,0.2184,0.0008,-0.0117,0.6532
/kaggle/input/datasets/duc24kdl/sub-x-ray/sub_X-Ray/sub_NIH/00001395_008.png,,sub_NIH,00001395_008.png,ok,256x256 -> 1024x1024,4,1,38.87,35.7755,17.199978,4.147286,0.978,0.9951,0.2236,9.4963,35.8859,16.768368,4.09492,0.979,0.9957,0.2413,0.2413,0.2413,8.9533,154.0728,48.3537,154.0728,48.3537,0.0512,35.8859,0.979,16.768368,4.09492,0.1104,0.0006,-0.0177,0.543
/kaggle/input/datasets/duc24kdl/sub-x-ray/sub_X-Ray/sub_NIH/00001395_009.png,,sub_NIH,00001395_009.png,ok,256x256 -> 1024x1024,4,1,39.64,33.0887,31.930599,5.650717,0.9725,0.9943,0.2301,9.2069,33.5055,29.008613,5.385964,0.9736,0.995,0.2381,0.2381,0.2381,8.5886,159.9449,48.1168,159.9449,48.1168,-0.0442,33.5055,0.9736,29.008613,5.385964,0.4168,0.0007,-0.008,0.6183
/kaggle/input/datasets/duc24kdl/sub-x-ray/sub_X-Ray/sub_NIH/00001395_010.png,,sub_NIH,00001395_010.png,ok,256x256 -> 1024x1024,4,1,39.26,38.4021,9.394328,3.065017,0.9307,0.9874,0.3592,8.4904,38.7501,8.670985,2.944654,0.9332,0.9887,0.38,0.38,0.38,8.0716,125.1102,68.6181,125.1102,68.6181,0.0896,38.7501,0.9332,8.670985,2.944654,0.348,0.0013,-0.0208,0.4187
/kaggle/input/datasets/duc24kdl/sub-x-ray/sub_X-Ray/sub_NIH/00001395_011.png,,sub_NIH,00001395_011.png,ok,256x256 -> 1024x1024,4,1,39.18,33.121,31.694592,5.629795,0.9703,0.9926,0.2692,9.1177,33.1432,31.532676,5.615396,0.9709,0.9935,0.2864,0.2864,0.2864,8.8099,121.4134,43.4025,121.4134,43.4025,0.0473,33.1432,0.9709,31.532676,5.615396,0.0222,0.0009,-0.0172,0.3078
/kaggle/input/datasets/duc24kdl/sub-x-ray/sub_X-Ray/sub_NIH/00001395_012.png,,sub_NIH,00001395_012.png,ok,256x256 -> 1024x1024,4,1,39.38,38.2064,9.827422,3.134872,0.9325,0.9875,0.3356,8.562,38.4175,9.361219,3.059611,0.9349,0.9888,0.352,0.352,0.352,8.0703,111.6566,69.3273,111.6566,69.3273,0.1056,38.4175,0.9349,9.361219,3.059611,0.2111,0.0013,-0.0164,0.4917
/kaggle/input/datasets/duc24kdl/sub-x-ray/sub_X-Ray/sub_NIH/00001395_013.png,,sub_NIH,00001395_013.png,ok,256x256 -> 1024x1024,4,1,39.39,38.8115,8.549285,2.923916,0.9313,0.9874,0.3482,8.7216,39.0641,8.06621,2.840107,0.9338,0.9887,0.3673,0.3673,0.3673,8.2521,124.516,68.2596,124.516,68.2596,0.0943,39.0641,0.9338,8.06621,2.840107,0.2526,0.0013,-0.0191,0.4695
/kaggle/input/datasets/duc24kdl/sub-x-ray/sub_X-Ray/sub_NIH/00001395_014.png,,sub_NIH,00001395_014.png,ok,256x256 -> 1024x1024,4,1,39.93,37.226,12.316196,3.509444,0.9302,0.9872,0.3403,8.7127,37.525,11.496795,3.390692,0.9332,0.9886,0.3585,0.3585,0.3585,8.1271,105.3997,67.1937,105.3997,67.1937,0.0851,37.525,0.9332,11.496795,3.390692,0.299,0.0014,-0.0182,0.5856
/kaggle/input/datasets/duc24kdl/sub-x-ray/sub_X-Ray/sub_NIH/00001396_000.png,,sub_NIH,00001396_000.png,ok,256x256 -> 1024x1024,4,1,39.22,41.4789,4.62584,2.150777,0.9577,0.9904,0.2713,8.6249,41.9266,4.172745,2.04273,0.9605,0.9918,0.2823,0.2823,0.2823,8.2675,164.4289,45.3732,164.4289,45.3732,0.1417,41.9266,0.9605,4.172745,2.04273,0.4477,0.0014,-0.011,0.3574
/kaggle/input/datasets/duc24kdl/sub-x-ray/sub_X-Ray/sub_NIH/00001397_000.png,,sub_NIH,00001397_000.png,ok,256x256 -> 1024x1024,4,1,39.57,36.1176,15.897208,3.98713,0.9605,0.992,0.3168,9.0252,36.5108,14.521059,3.810651,0.9624,0.9929,0.3437,0.3437,0.3437,8.6178,147.5856,38.0997,147.5856,38.0997,0.2011,36.5108,0.9624,14.521059,3.810651,0.3932,0.0009,-0.0269,0.4075
/kaggle/input/datasets/duc24kdl/sub-x-ray/sub_X-Ray/sub_NIH/00001397_001.png,,sub_NIH,00001397_001.png,ok,256x256 -> 1024x1024,4,1,39.26,42.999,3.259736,1.805474,0.9636,0.992,0.2573,8.8539,43.2859,3.051344,1.74681,0.9661,0.9932,0.278,0.278,0.278,8.4313,192.011,41.1913,192.011,41.1913,0.1122,43.2859,0.9661,3.051344,1.74681,0.2869,0.0012,-0.0207,0.4225
/kaggle/input/datasets/duc24kdl/sub-x-ray/sub_X-Ray/sub_NIH/00001397_002.png,,sub_NIH,00001397_002.png,ok,256x256 -> 1024x1024,4,1,38.84,33.3511,30.058489,5.482562,0.9676,0.9927,0.2385,8.8207,33.5843,28.487516,5.33737,0.969,0.9936,0.2491,0.2491,0.2491,8.2926,172.9018,52.9051,172.9018,52.9051,0.265,33.5843,0.969,28.487516,5.33737,0.2331,0.001,-0.0106,0.5281
/kaggle/input/datasets/duc24kdl/sub-x-ray/sub_X-Ray/sub_NIH/00001397_003.png,,sub_NIH,00001397_003.png,ok,256x256 -> 1024x1024,4,1,38.93,34.9754,20.679693,4.547493,0.9675,0.9936,0.2718,9.5867,35.0198,20.469029,4.524271,0.9684,0.9941,0.3003,0.3003,0.3003,9.0888,168.4202,38.3058,168.4202,38.3058,0.0377,35.0198,0.9684,20.469029,4.524271,0.0445,0.0005,-0.0285,0.4979
/kaggle/input/datasets/duc24kdl/sub-x-ray/sub_X-Ray/sub_NIH/00001397_004.png,,sub_NIH,00001397_004.png,ok,256x256 -> 1024x1024,4,1,39.01,44.2372,2.4511,1.565599,0.9734,0.9938,0.2227,8.9493,44.6202,2.24418,1.498059,0.9757,0.9948,0.2426,0.2426,0.2426,8.4233,173.9154,35.192,173.9154,35.192,0.1315,44.6202,0.9757,2.24418,1.498059,0.383,0.001,-0.0199,0.526
/kaggle/input/datasets/duc24kdl/sub-x-ray/sub_X-Ray/sub_NIH/00001397_005.png,,sub_NIH,00001397_005.png,ok,256x256 -> 1024x1024,4,1,39.44,38.3824,9.437046,3.071978,0.9307,0.9873,0.361,8.9129,38.6528,8.867575,2.977847,0.9336,0.9886,0.3816,0.3816,0.3816,8.3675,125.5473,65.2259,125.5473,65.2259,0.0931,38.6528,0.9336,8.867575,2.977847,0.2703,0.0014,-0.0206,0.5454
/kaggle/input/datasets/duc24kdl/sub-x-ray/sub_X-Ray/sub_NIH/00001397_006.png,,sub_NIH,00001397_006.png,ok,256x256 -> 1024x1024,4,1,40.14,37.7626,10.884835,3.299217,0.9258,0.9867,0.3908,8.8894,38.0733,10.133258,3.183278,0.9283,0.988,0.4152,0.4152,0.4152,8.6178,130.1706,58.5716,130.1706,58.5716,0.0907,38.0733,0.9283,10.133258,3.183278,0.3107,0.0012,-0.0245,0.2715
/kaggle/input/datasets/duc24kdl/sub-x-ray/sub_X-Ray/sub_NIH/00001397_007.png,,sub_NIH,00001397_007.png,ok,256x256 -> 1024x1024,4,1,38.87,33.3476,30.082738,5.484773,0.9729,0.9934,0.2841,9.8839,33.3773,29.878204,5.466096,0.9738,0.994,0.3098,0.3098,0.3098,9.3174,119.8677,37.2277,119.8677,37.2277,0.0831,33.3773,0.9738,29.878204,5.466096,0.0296,0.0006,-0.0257,0.5666
/kaggle/input/datasets/duc24kdl/sub-x-ray/sub_X-Ray/sub_NIH/00001397_008.png,,sub_NIH,00001397_008.png,ok,256x256 -> 1024x1024,4,1,39.69,37.5956,11.311547,3.363264,0.9222,0.9857,0.3812,8.6626,37.9232,10.489538,3.238756,0.9252,0.9872,0.4001,0.4001,0.4001,8.245,123.6095,61.6736,123.6095,61.6736,0.0869,37.9232,0.9252,10.489538,3.238756,0.3277,0.0015,-0.0189,0.4176
/kaggle/input/datasets/duc24kdl/sub-x-ray/sub_X-Ray/sub_NIH/00001397_009.png,,sub_NIH,00001397_009.png,ok,256x256 -> 1024x1024,4,1,39.02,31.9735,41.279335,6.4249,0.9742,0.9934,0.2202,9.4269,32.0718,40.355337,6.352585,0.9746,0.994,0.2393,0.2393,0.2393,8.8756,164.3158,32.8645,164.3158,32.8645,0.0891,32.0718,0.9746,40.355337,6.352585,0.0983,0.0006,-0.019,0.5513
/kaggle/input/datasets/duc24kdl/sub-x-ray/sub_X-Ray/sub_NIH/00001397_010.png,,sub_NIH,00001397_010.png,ok,256x256 -> 1024x1024,4,1,39.9,31.6585,44.3842,6.662147,0.9717,0.9932,0.2187,9.0006,31.7678,43.281091,6.578837,0.9721,0.9938,0.2344,0.2344,0.2344,8.4449,173.2303,36.8089,173.2303,36.8089,0.0769,31.7678,0.9721,43.281091,6.578837,0.1093,0.0006,-0.0158,0.5558
/kaggle/input/datasets/duc24kdl/sub-x-ray/sub_X-Ray/sub_NIH/00001397_011.png,,sub_NIH,00001397_011.png,ok,256x256 -> 1024x1024,4,1,38.87,32.7033,34.893771,5.907095,0.9672,0.993,0.2895,9.4162,32.8713,33.569923,5.793956,0.9679,0.9936,0.3132,0.3132,0.3132,8.7559,128.1251,40.279,128.1251,40.279,0.0851,32.8713,0.9679,33.569923,5.793956,0.168,0.0006,-0.0236,0.6603
/kaggle/input/datasets/duc24kdl/sub-x-ray/sub_X-Ray/sub_NIH/00001397_012.png,,sub_NIH,00001397_012.png,ok,256x256 -> 1024x1024,4,1,39.26,31.7478,43.481129,6.594022,0.9644,0.9924,0.3042,9.5567,31.852,42.45035,6.515393,0.9652,0.993,0.3294,0.3294,0.3294,9.003,126.9543,46.8324,126.9543,46.8324,0.0978,31.852,0.9652,42.45035,6.515393,0.1042,0.0006,-0.0251,0.5537
/kaggle/input/datasets/duc24kdl/sub-x-ray/sub_X-Ray/sub_NIH/00001397_013.png,,sub_NIH,00001397_013.png,ok,256x256 -> 1024x1024,4,1,38.7,38.6443,8.884899,2.980755,0.9337,0.988,0.3672,8.8697,38.8157,8.541053,2.922508,0.936,0.9891,0.3923,0.3923,0.3923,8.5793,124.6643,62.1075,124.6643,62.1075,0.0751,38.8157,0.936,8.541053,2.922508,0.1714,0.0011,-0.0251,0.2904
/kaggle/input/datasets/duc24kdl/sub-x-ray/sub_X-Ray/sub_NIH/00001398_000.png,,sub_NIH,00001398_000.png,ok,256x256 -> 1024x1024,4,1,39.56,39.8431,6.741715,2.596481,0.9642,0.9918,0.2266,8.7253,40.3203,6.040167,2.457675,0.9668,0.993,0.2389,0.2389,0.2389,8.2956,165.5761,56.7505,165.5761,56.7505,0.1579,40.3203,0.9668,6.040167,2.457675,0.4772,0.0012,-0.0123,0.4297
/kaggle/input/datasets/duc24kdl/sub-x-ray/sub_X-Ray/sub_NIH/00001398_001.png,,sub_NIH,00001398_001.png,ok,256x256 -> 1024x1024,4,1,38.93,40.7622,5.455769,2.335759,0.9585,0.9905,0.2432,8.1966,41.1974,4.935581,2.221617,0.9612,0.9919,0.2562,0.2562,0.2562,7.8389,157.4113,57.6756,157.4113,57.6756,0.1222,41.1974,0.9612,4.935581,2.221617,0.4352,0.0014,-0.013,0.3577
/kaggle/input/datasets/duc24kdl/sub-x-ray/sub_X-Ray/sub_NIH/00001398_002.png,,sub_NIH,00001398_002.png,ok,256x256 -> 1024x1024,4,1,39.1,32.8588,33.66689,5.802318,0.9629,0.9919,0.2167,8.4346,32.974,32.785332,5.725848,0.9641,0.9929,0.2169,0.2169,0.2169,7.9686,159.2672,70.1138,159.2672,70.1138,0.058,32.974,0.9641,32.785332,5.725848,0.1152,0.0011,-0.0002,0.466
/kaggle/input/datasets/duc24kdl/sub-x-ray/sub_X-Ray/sub_NIH/00001398_003.png,,sub_NIH,00001398_003.png,ok,256x256 -> 1024x1024,4,1,40.27,38.9964,8.193023,2.862346,0.9287,0.9867,0.3301,8.739,39.3265,7.593304,2.755595,0.9317,0.9882,0.3422,0.3422,0.3422,8.1691,104.9244,69.9125,104.9244,69.9125,0.0908,39.3265,0.9317,7.593304,2.755595,0.3301,0.0015,-0.0121,0.5699
/kaggle/input/datasets/duc24kdl/sub-x-ray/sub_X-Ray/sub_NIH/00001398_004.png,,sub_NIH,00001398_004.png,ok,256x256 -> 1024x1024,4,1,38.81,38.1414,9.975537,3.158407,0.9317,0.9875,0.3405,8.9653,38.4668,9.255512,3.042287,0.9347,0.9888,0.3566,0.3566,0.3566,8.4694,116.9031,70.6098,116.9031,70.6098,0.0968,38.4668,0.9347,9.255512,3.042287,0.3254,0.0013,-0.016,0.4959
/kaggle/input/datasets/duc24kdl/sub-x-ray/sub_X-Ray/sub_NIH/00001399_000.png,,sub_NIH,00001399_000.png,ok,256x256 -> 1024x1024,4,1,39.55,38.8582,8.457822,2.908234,0.9735,0.9939,0.1694,8.959,39.0494,8.093556,2.844918,0.9748,0.9947,0.1739,0.1739,0.1739,8.3989,145.3412,64.4692,145.3412,64.4692,0.1386,39.0494,0.9748,8.093556,2.844918,0.1912,0.0008,-0.0044,0.5601
/kaggle/input/datasets/duc24kdl/sub-x-ray/sub_X-Ray/sub_NIH/00001403_000.png,,sub_NIH,00001403_000.png,ok,256x256 -> 1024x1024,4,1,38.9,33.084,31.965122,5.653771,0.9418,0.9873,0.2923,8.3539,33.2279,30.923533,5.560893,0.9444,0.9889,0.3003,0.3003,0.3003,8.0378,133.986,61.1233,133.986,61.1233,0.0221,33.2279,0.9444,30.923533,5.560893,0.1439,0.0017,-0.0079,0.3161
/kaggle/input/datasets/duc24kdl/sub-x-ray/sub_X-Ray/sub_NIH/00001403_002.png,,sub_NIH,00001403_002.png,ok,256x256 -> 1024x1024,4,1,40.12,34.1832,24.817889,4.981756,0.9604,0.9908,0.2305,8.8546,34.6486,22.295424,4.721803,0.9622,0.9922,0.2242,0.2242,0.2242,8.3379,153.9241,69.9427,153.9241,69.9427,0.1105,34.6486,0.9622,22.295424,4.721803,0.4655,0.0014,0.0064,0.5166
/kaggle/input/datasets/duc24kdl/sub-x-ray/sub_X-Ray/sub_NIH/00001403_003.png,,sub_NIH,00001403_003.png,ok,256x256 -> 1024x1024,4,1,39.25,38.6645,8.843611,2.973821,0.9358,0.9881,0.3116,8.6737,38.5238,9.134856,3.022392,0.9371,0.9892,0.3218,0.3218,0.3218,8.1903,101.6005,72.1871,101.6005,72.1871,0.0865,38.5238,0.9371,9.134856,3.022392,-0.1407,0.0011,-0.0102,0.4834
/kaggle/input/datasets/duc24kdl/sub-x-ray/sub_X-Ray/sub_NIH/00001404_000.png,,sub_NIH,00001404_000.png,ok,256x256 -> 1024x1024,4,1,39.01,38.3435,9.521988,3.085772,0.9538,0.9896,0.2525,8.682,38.821,8.530535,2.920708,0.9567,0.9912,0.2666,0.2666,0.2666,8.2915,165.7574,47.9448,165.7574,47.9448,0.1285,38.821,0.9567,8.530535,2.920708,0.4775,0.0015,-0.0141,0.3905
/kaggle/input/datasets/duc24kdl/sub-x-ray/sub_X-Ray/sub_NIH/00001404_001.png,,sub_NIH,00001404_001.png,ok,256x256 -> 1024x1024,4,1,39.5,41.6937,4.402658,2.098251,0.9718,0.9935,0.2218,9.0399,42.0406,4.064594,2.016084,0.9741,0.9945,0.2397,0.2397,0.2397,8.5374,164.5907,48.2107,164.5907,48.2107,0.1526,42.0406,0.9741,4.064594,2.016084,0.347,0.001,-0.0179,0.5024
/kaggle/input/datasets/duc24kdl/sub-x-ray/sub_X-Ray/sub_NIH/00001404_002.png,,sub_NIH,00001404_002.png,ok,256x256 -> 1024x1024,4,1,39.27,41.8811,4.216661,2.053451,0.97,0.9929,0.2171,8.9364,42.2439,3.878773,1.96946,0.9725,0.994,0.2298,0.2298,0.2298,8.4556,158.3459,53.298,158.3459,53.298,0.1582,42.2439,0.9725,3.878773,1.96946,0.3627,0.0011,-0.0126,0.4807
/kaggle/input/datasets/duc24kdl/sub-x-ray/sub_X-Ray/sub_NIH/00001404_003.png,,sub_NIH,00001404_003.png,ok,256x256 -> 1024x1024,4,1,39.28,42.3314,3.801375,1.949711,0.9658,0.992,0.2539,8.8773,42.8297,3.389337,1.841015,0.9685,0.9933,0.2717,0.2717,0.2717,8.4627,156.7517,47.0021,156.7517,47.0021,0.1447,42.8297,0.9685,3.389337,1.841015,0.4983,0.0012,-0.0178,0.4146
/kaggle/input/datasets/duc24kdl/sub-x-ray/sub_X-Ray/sub_NIH/00001404_004.png,,sub_NIH,00001404_004.png,ok,256x256 -> 1024x1024,4,1,39.53,42.411,3.732351,1.931929,0.9663,0.9919,0.2294,8.6569,42.922,3.318039,1.821549,0.9689,0.9932,0.2498,0.2498,0.2498,8.3984,162.1164,43.8073,162.1164,43.8073,0.1504,42.922,0.9689,3.318039,1.821549,0.511,0.0013,-0.0204,0.2585
/kaggle/input/datasets/duc24kdl/sub-x-ray/sub_X-Ray/sub_NIH/00001404_005.png,,sub_NIH,00001404_005.png,ok,256x256 -> 1024x1024,4,1,39.0,39.082,8.033005,2.834256,0.9558,0.9902,0.2755,8.7645,39.5369,7.234143,2.689636,0.9588,0.9916,0.2903,0.2903,0.2903,8.324,158.3384,51.0796,158.3384,51.0796,0.0636,39.5369,0.9588,7.234143,2.689636,0.4549,0.0015,-0.0147,0.4405
/kaggle/input/datasets/duc24kdl/sub-x-ray/sub_X-Ray/sub_NIH/00001404_006.png,,sub_NIH,00001404_006.png,ok,256x256 -> 1024x1024,4,1,39.9,41.4832,4.621291,2.149719,0.9655,0.992,0.2432,8.7141,42.0074,4.095785,2.023805,0.9682,0.9932,0.2594,0.2594,0.2594,8.3444,160.1599,48.6974,160.1599,48.6974,0.1164,42.0074,0.9682,4.095785,2.023805,0.5243,0.0012,-0.0161,0.3697
/kaggle/input/datasets/duc24kdl/sub-x-ray/sub_X-Ray/sub_NIH/00001404_007.png,,sub_NIH,00001404_007.png,ok,256x256 -> 1024x1024,4,1,38.98,34.6175,22.456048,4.738781,0.9582,0.9907,0.2678,8.8967,34.9917,20.602202,4.538965,0.9604,0.9922,0.2729,0.2729,0.2729,8.3256,162.2145,60.0639,162.2145,60.0639,0.2206,34.9917,0.9604,20.602202,4.538965,0.3742,0.0015,-0.0051,0.5711
/kaggle/input/datasets/duc24kdl/sub-x-ray/sub_X-Ray/sub_NIH/00001404_008.png,,sub_NIH,00001404_008.png,ok,256x256 -> 1024x1024,4,1,39.86,34.0256,25.734983,5.072966,0.9578,0.9908,0.2633,8.6748,34.4125,23.541209,4.851928,0.9599,0.992,0.2691,0.2691,0.2691,8.0634,164.504,55.6334,164.504,55.6334,0.2528,34.4125,0.9599,23.541209,4.851928,0.387,0.0012,-0.0058,0.6114
/kaggle/input/datasets/duc24kdl/sub-x-ray/sub_X-Ray/sub_NIH/00001405_000.png,,sub_NIH,00001405_000.png,ok,256x256 -> 1024x1024,4,1,39.28,40.6713,5.571186,2.360336,0.9452,0.9879,0.3179,8.4425,41.0938,5.054794,2.248287,0.9488,0.9896,0.3346,0.3346,0.3346,7.9834,107.4813,36.6213,107.4813,36.6213,0.1166,41.0938,0.9488,5.054794,2.248287,0.4224,0.0017,-0.0167,0.4591
/kaggle/input/datasets/duc24kdl/sub-x-ray/sub_X-Ray/sub_NIH/00001406_000.png,,sub_NIH,00001406_000.png,ok,256x256 -> 1024x1024,4,1,39.63,41.0223,5.138623,2.266853,0.9453,0.9882,0.3319,8.3692,41.3092,4.810217,2.193221,0.9482,0.9896,0.3556,0.3556,0.3556,8.1071,109.3743,31.4384,109.3743,31.4384,0.1007,41.3092,0.9482,4.810217,2.193221,0.2868,0.0014,-0.0238,0.2621
/kaggle/input/datasets/duc24kdl/sub-x-ray/sub_X-Ray/sub_NIH/00001406_001.png,,sub_NIH,00001406_001.png,ok,256x256 -> 1024x1024,4,1,38.92,34.2954,24.184893,4.917814,0.9641,0.9922,0.2343,8.6811,34.4051,23.581303,4.856058,0.9651,0.9931,0.2356,0.2356,0.2356,8.3378,168.0978,56.0128,168.0978,56.0128,-0.0088,34.4051,0.9651,23.581303,4.856058,0.1098,0.0008,-0.0013,0.3433
/kaggle/input/datasets/duc24kdl/sub-x-ray/sub_X-Ray/sub_NIH/00001407_000.png,,sub_NIH,00001407_000.png,ok,256x256 -> 1024x1024,4,1,38.71,38.5862,9.004443,3.00074,0.9403,0.9892,0.3211,8.6726,38.9244,8.329992,2.886173,0.9424,0.9902,0.3388,0.3388,0.3388,8.2971,127.1542,67.6912,127.1542,67.6912,0.1005,38.9244,0.9424,8.329992,2.886173,0.3381,0.0011,-0.0178,0.3755
/kaggle/input/datasets/duc24kdl/sub-x-ray/sub_X-Ray/sub_NIH/00001408_000.png,,sub_NIH,00001408_000.png,ok,256x256 -> 1024x1024,4,1,39.03,41.5059,4.597128,2.144091,0.9703,0.9931,0.2033,8.3302,42.0016,4.101264,2.025158,0.9725,0.9941,0.2218,0.2218,0.2218,8.0959,171.1686,48.1371,171.1686,48.1371,0.1663,42.0016,0.9725,4.101264,2.025158,0.4957,0.0011,-0.0185,0.2344
/kaggle/input/datasets/duc24kdl/sub-x-ray/sub_X-Ray/sub_NIH/00001409_000.png,,sub_NIH,00001409_000.png,ok,256x256 -> 1024x1024,4,1,38.9,36.2098,15.563415,3.945049,0.9491,0.9889,0.3148,8.6843,36.4537,14.713201,3.835779,0.9515,0.9903,0.3399,0.3399,0.3399,8.1887,152.4325,45.0366,152.4325,45.0366,0.2497,36.4537,0.9515,14.713201,3.835779,0.244,0.0014,-0.0251,0.4956
/kaggle/input/datasets/duc24kdl/sub-x-ray/sub_X-Ray/sub_NIH/00001409_001.png,,sub_NIH,00001409_001.png,ok,256x256 -> 1024x1024,4,1,39.31,39.0038,8.179091,2.859911,0.9299,0.9874,0.3659,8.6784,39.1909,7.83421,2.798966,0.9325,0.9887,0.3918,0.3918,0.3918,8.1769,131.4076,62.8343,131.4076,62.8343,0.0806,39.1909,0.9325,7.83421,2.798966,0.1871,0.0012,-0.0259,0.5015
/kaggle/input/datasets/duc24kdl/sub-x-ray/sub_X-Ray/sub_NIH/00001409_002.png,,sub_NIH,00001409_002.png,ok,256x256 -> 1024x1024,4,1,39.28,34.6853,22.108129,4.701928,0.9454,0.9885,0.3229,8.7615,35.2484,19.419694,4.406778,0.9478,0.9897,0.3449,0.3449,0.3449,8.3187,149.1186,45.6907,149.1186,45.6907,0.0465,35.2484,0.9478,19.419694,4.406778,0.5631,0.0012,-0.022,0.4427
/kaggle/input/datasets/duc24kdl/sub-x-ray/sub_X-Ray/sub_NIH/00001409_003.png,,sub_NIH,00001409_003.png,ok,256x256 -> 1024x1024,4,1,37.87,43.0835,3.196929,1.787996,0.9604,0.9914,0.296,8.6412,43.3925,2.977329,1.725494,0.9627,0.9924,0.3186,0.3186,0.3186,8.2693,111.4923,27.0995,111.4923,27.0995,0.0889,43.3925,0.9627,2.977329,1.725494,0.3091,0.001,-0.0226,0.3719
/kaggle/input/datasets/duc24kdl/sub-x-ray/sub_X-Ray/sub_NIH/00001409_004.png,,sub_NIH,00001409_004.png,ok,256x256 -> 1024x1024,4,1,40.25,40.5663,5.707558,2.38905,0.9606,0.9912,0.2692,8.8427,41.1629,4.974923,2.230454,0.9636,0.9925,0.2854,0.2854,0.2854,8.3498,167.6804,43.6345,167.6804,43.6345,0.2646,41.1629,0.9636,4.974923,2.230454,0.5966,0.0014,-0.0162,0.4928
/kaggle/input/datasets/duc24kdl/sub-x-ray/sub_X-Ray/sub_NIH/00001409_005.png,,sub_NIH,00001409_005.png,ok,256x256 -> 1024x1024,4,1,39.72,33.232,30.894623,5.558293,0.9646,0.9928,0.2292,9.0275,33.517,28.931824,5.378831,0.9658,0.9934,0.239,0.239,0.239,8.4985,177.3149,49.4566,177.3149,49.4566,0.0149,33.517,0.9658,28.931824,5.378831,0.2851,0.0006,-0.0098,0.529
/kaggle/input/datasets/duc24kdl/sub-x-ray/sub_X-Ray/sub_NIH/00001409_006.png,,sub_NIH,00001409_006.png,ok,256x256 -> 1024x1024,4,1,39.36,38.3406,9.528409,3.086812,0.9388,0.9888,0.3444,8.8637,38.5592,9.060629,3.010088,0.9412,0.9899,0.3714,0.3714,0.3714,8.4159,140.4894,61.7915,140.4894,61.7915,0.0901,38.5592,0.9412,9.060629,3.010088,0.2186,0.0011,-0.027,0.4478
/kaggle/input/datasets/duc24kdl/sub-x-ray/sub_X-Ray/sub_NIH/00001409_007.png,,sub_NIH,00001409_007.png,ok,256x256 -> 1024x1024,4,1,39.05,37.8352,10.704323,3.271746,0.9275,0.987,0.3798,8.8005,38.0075,10.287971,3.207487,0.9303,0.9883,0.4075,0.4075,0.4075,8.2215,139.8253,61.7601,139.8253,61.7601,0.0913,38.0075,0.9303,10.287971,3.207487,0.1723,0.0013,-0.0276,0.579
/kaggle/input/datasets/duc24kdl/sub-x-ray/sub_X-Ray/sub_NIH/00001409_008.png,,sub_NIH,00001409_008.png,ok,256x256 -> 1024x1024,4,1,38.93,38.7768,8.617792,2.935608,0.933,0.9879,0.3614,9.1302,38.9956,8.194453,2.862595,0.9356,0.9891,0.3866,0.3866,0.3866,8.55,130.5883,63.3721,130.5883,63.3721,0.0843,38.9956,0.9356,8.194453,2.862595,0.2188,0.0012,-0.0252,0.5801
/kaggle/input/datasets/duc24kdl/sub-x-ray/sub_X-Ray/sub_NIH/00001409_009.png,,sub_NIH,00001409_009.png,ok,256x256 -> 1024x1024,4,1,39.06,38.9767,8.230248,2.868841,0.9299,0.9875,0.3633,9.0785,39.2257,7.771549,2.78775,0.9327,0.9888,0.3865,0.3865,0.3865,8.4437,127.7479,63.5993,127.7479,63.5993,0.0818,39.2257,0.9327,7.771549,2.78775,0.2491,0.0012,-0.0232,0.6348
/kaggle/input/datasets/duc24kdl/sub-x-ray/sub_X-Ray/sub_NIH/00001409_010.png,,sub_NIH,00001409_010.png,ok,256x256 -> 1024x1024,4,1,39.85,38.1409,9.976834,3.158613,0.9294,0.9874,0.3754,8.8537,38.4271,9.340558,3.056233,0.9322,0.9887,0.4004,0.4004,0.4004,8.267,134.8204,63.1718,134.8204,63.1718,0.0993,38.4271,0.9322,9.340558,3.056233,0.2862,0.0013,-0.025,0.5868
/kaggle/input/datasets/duc24kdl/sub-x-ray/sub_X-Ray/sub_NIH/00001409_011.png,,sub_NIH,00001409_011.png,ok,256x256 -> 1024x1024,4,1,40.03,37.3972,11.84037,3.440984,0.9349,0.9883,0.3618,9.1656,37.7253,10.978751,3.31342,0.9372,0.9895,0.3857,0.3857,0.3857,8.6515,140.9952,57.0481,140.9952,57.0481,0.0788,37.7253,0.9372,10.978751,3.31342,0.3281,0.0012,-0.0238,0.5141
/kaggle/input/datasets/duc24kdl/sub-x-ray/sub_X-Ray/sub_NIH/00001409_012.png,,sub_NIH,00001409_012.png,ok,256x256 -> 1024x1024,4,1,39.9,30.803,54.047799,7.351721,0.9566,0.99,0.2972,8.4401,30.9681,52.032167,7.213333,0.9567,0.9909,0.3126,0.3126,0.3126,7.7928,120.5336,38.7232,120.5336,38.7232,0.1012,30.9681,0.9567,52.032167,7.213333,0.1651,0.0009,-0.0154,0.6473
/kaggle/input/datasets/duc24kdl/sub-x-ray/sub_X-Ray/sub_NIH/00001409_013.png,,sub_NIH,00001409_013.png,ok,256x256 -> 1024x1024,4,1,40.0,32.5045,36.528197,6.043856,0.9476,0.9886,0.2698,8.4703,33.5121,28.964937,5.381908,0.9509,0.9905,0.2695,0.2695,0.2695,7.8232,151.0951,59.4556,151.0951,59.4556,0.2406,33.5121,0.9509,28.964937,5.381908,1.0076,0.0019,0.0003,0.6471
/kaggle/input/datasets/duc24kdl/sub-x-ray/sub_X-Ray/sub_NIH/00001410_000.png,,sub_NIH,00001410_000.png,ok,256x256 -> 1024x1024,4,1,39.09,34.6428,22.325622,4.725,0.9567,0.9909,0.2383,8.5544,35.1047,20.072825,4.480271,0.9591,0.9922,0.2438,0.2438,0.2438,8.1108,146.1701,71.448,146.1701,71.448,0.0995,35.1047,0.9591,20.072825,4.480271,0.462,0.0013,-0.0054,0.4436
/kaggle/input/datasets/duc24kdl/sub-x-ray/sub_X-Ray/sub_NIH/00001410_001.png,,sub_NIH,00001410_001.png,ok,256x256 -> 1024x1024,4,1,40.18,36.94,13.154785,3.626953,0.969,0.9931,0.2246,8.5063,37.0622,12.789569,3.576251,0.9708,0.9941,0.2395,0.2395,0.2395,8.1185,156.8976,58.761,156.8976,58.761,0.0613,37.0622,0.9708,12.789569,3.576251,0.1223,0.001,-0.0149,0.3878
/kaggle/input/datasets/duc24kdl/sub-x-ray/sub_X-Ray/sub_NIH/00001410_002.png,,sub_NIH,00001410_002.png,ok,256x256 -> 1024x1024,4,1,39.33,41.513,4.58964,2.142344,0.9724,0.9938,0.2144,8.9221,41.6826,4.413881,2.100924,0.974,0.9946,0.2264,0.2264,0.2264,8.3317,157.3775,52.2643,157.3775,52.2643,0.1447,41.6826,0.974,4.413881,2.100924,0.1696,0.0008,-0.012,0.5904
/kaggle/input/datasets/duc24kdl/sub-x-ray/sub_X-Ray/sub_NIH/00001410_003.png,,sub_NIH,00001410_003.png,ok,256x256 -> 1024x1024,4,1,39.8,34.931,20.891834,4.570759,0.9706,0.9934,0.2165,8.7743,35.6137,17.852808,4.225258,0.9723,0.9943,0.2218,0.2218,0.2218,8.2389,175.1464,56.5557,175.1464,56.5557,0.3425,35.6137,0.9723,17.852808,4.225258,0.6827,0.0009,-0.0052,0.5354
/kaggle/input/datasets/duc24kdl/sub-x-ray/sub_X-Ray/sub_NIH/00001410_004.png,,sub_NIH,00001410_004.png,ok,256x256 -> 1024x1024,4,1,39.76,33.2559,30.724857,5.543001,0.9642,0.9921,0.2174,8.5581,34.0812,25.407223,5.040558,0.9656,0.9933,0.2159,0.2159,0.2159,8.3191,158.6935,70.8797,158.6935,70.8797,0.1319,34.0812,0.9656,25.407223,5.040558,0.8253,0.0012,0.0015,0.239
/kaggle/input/datasets/duc24kdl/sub-x-ray/sub_X-Ray/sub_NIH/00001411_000.png,,sub_NIH,00001411_000.png,ok,256x256 -> 1024x1024,4,1,38.74,36.0546,16.129487,4.016153,0.9309,0.9874,0.3592,8.452,36.2847,15.297305,3.911177,0.9332,0.9885,0.3811,0.3811,0.3811,8.0937,150.9272,72.4122,150.9272,72.4122,0.094,36.2847,0.9332,15.297305,3.911177,0.2301,0.0012,-0.0219,0.3583
/kaggle/input/datasets/duc24kdl/sub-x-ray/sub_X-Ray/sub_NIH/00001412_000.png,,sub_NIH,00001412_000.png,ok,256x256 -> 1024x1024,4,1,38.75,41.5556,4.544905,2.131878,0.9638,0.992,0.2122,8.1429,41.8654,4.231945,2.057169,0.966,0.9931,0.2275,0.2275,0.2275,7.9857,164.3874,65.0348,164.3874,65.0348,0.135,41.8654,0.966,4.231945,2.057169,0.3098,0.0011,-0.0153,0.1572
/kaggle/input/datasets/duc24kdl/sub-x-ray/sub_X-Ray/sub_NIH/00001413_000.png,,sub_NIH,00001413_000.png,ok,256x256 -> 1024x1024,4,1,39.38,37.9575,10.407201,3.226019,0.9339,0.9875,0.3323,8.6535,38.2416,9.748184,3.122208,0.9363,0.9888,0.3446,0.3446,0.3446,8.0062,111.5446,68.3103,111.5446,68.3103,0.1006,38.2416,0.9363,9.748184,3.122208,0.2841,0.0013,-0.0123,0.6473
/kaggle/input/datasets/duc24kdl/sub-x-ray/sub_X-Ray/sub_NIH/00001413_001.png,,sub_NIH,00001413_001.png,ok,256x256 -> 1024x1024,4,1,40.02,37.9462,10.434162,3.230195,0.9317,0.9871,0.3431,8.4639,38.3407,9.528249,3.086786,0.9338,0.9885,0.3576,0.3576,0.3576,7.8883,108.4373,68.6853,108.4373,68.6853,0.094,38.3407,0.9338,9.528249,3.086786,0.3944,0.0013,-0.0145,0.5756
/kaggle/input/datasets/duc24kdl/sub-x-ray/sub_X-Ray/sub_NIH/00001414_000.png,,sub_NIH,00001414_000.png,ok,256x256 -> 1024x1024,4,1,38.92,37.9205,10.496109,3.23977,0.934,0.9881,0.3563,8.7164,38.2108,9.817504,3.13329,0.9363,0.9893,0.3759,0.3759,0.3759,8.0918,116.3607,66.0224,116.3607,66.0224,0.0849,38.2108,0.9363,9.817504,3.13329,0.2903,0.0012,-0.0197,0.6246
/kaggle/input/datasets/duc24kdl/sub-x-ray/sub_X-Ray/sub_NIH/00001415_000.png,,sub_NIH,00001415_000.png,ok,256x256 -> 1024x1024,4,1,39.19,35.5235,18.227772,4.2694,0.9566,0.9906,0.2167,8.125,35.8123,17.054855,4.129752,0.9597,0.9921,0.2171,0.2171,0.2171,7.7757,152.4283,64.6891,152.4283,64.6891,0.1125,35.8123,0.9597,17.054855,4.129752,0.2889,0.0015,-0.0005,0.3492
/kaggle/input/datasets/duc24kdl/sub-x-ray/sub_X-Ray/sub_NIH/00001415_001.png,,sub_NIH,00001415_001.png,ok,256x256 -> 1024x1024,4,1,39.63,33.083,31.972661,5.654437,0.9589,0.9911,0.2204,8.2399,33.709,27.681183,5.261291,0.962,0.9925,0.2153,0.2153,0.2153,7.7149,150.2412,66.0266,150.2412,66.0266,-0.0424,33.709,0.962,27.681183,5.261291,0.6259,0.0014,0.0051,0.5251
/kaggle/input/datasets/duc24kdl/sub-x-ray/sub_X-Ray/sub_NIH/00001415_002.png,,sub_NIH,00001415_002.png,ok,256x256 -> 1024x1024,4,1,39.84,36.6654,14.013454,3.743455,0.9074,0.9824,0.4144,8.4267,36.9115,13.241328,3.638864,0.9109,0.9842,0.4374,0.4374,0.4374,8.0812,115.1738,63.8043,115.1738,63.8043,0.0989,36.9115,0.9109,13.241328,3.638864,0.2461,0.0018,-0.0229,0.3455
/kaggle/input/datasets/duc24kdl/sub-x-ray/sub_X-Ray/sub_NIH/00001415_003.png,,sub_NIH,00001415_003.png,ok,256x256 -> 1024x1024,4,1,38.98,39.3786,7.502782,2.739121,0.9438,0.9896,0.2795,8.3302,39.4581,7.366634,2.714154,0.9452,0.9907,0.293,0.293,0.293,7.861,98.454,76.5735,98.454,76.5735,0.0979,39.4581,0.9452,7.366634,2.714154,0.0795,0.0011,-0.0135,0.4692
/kaggle/input/datasets/duc24kdl/sub-x-ray/sub_X-Ray/sub_NIH/00001416_000.png,,sub_NIH,00001416_000.png,ok,256x256 -> 1024x1024,4,1,38.99,41.5125,4.590228,2.142482,0.965,0.9918,0.2425,8.7639,42.0695,4.03768,2.009398,0.9677,0.9931,0.2532,0.2532,0.2532,8.3196,162.0714,44.5556,162.0714,44.5556,0.1431,42.0695,0.9677,4.03768,2.009398,0.557,0.0013,-0.0108,0.4443
/kaggle/input/datasets/duc24kdl/sub-x-ray/sub_X-Ray/sub_NIH/00001416_001.png,,sub_NIH,00001416_001.png,ok,256x256 -> 1024x1024,4,1,39.77,38.0303,10.23411,3.19908,0.9602,0.9913,0.2772,8.7578,38.3406,9.52838,3.086807,0.962,0.9924,0.2975,0.2975,0.2975,8.1845,141.9843,48.6516,141.9843,48.6516,0.0437,38.3406,0.962,9.52838,3.086807,0.3103,0.0011,-0.0203,0.5733
/kaggle/input/datasets/duc24kdl/sub-x-ray/sub_X-Ray/sub_NIH/00001416_002.png,,sub_NIH,00001416_002.png,ok,256x256 -> 1024x1024,4,1,38.83,40.7957,5.413921,2.326783,0.9601,0.9907,0.2585,8.4947,41.2284,4.900527,2.213713,0.9631,0.9922,0.268,0.268,0.268,8.0046,156.9241,45.1972,156.9241,45.1972,0.1298,41.2284,0.9631,4.900527,2.213713,0.4327,0.0015,-0.0095,0.4902
/kaggle/input/datasets/duc24kdl/sub-x-ray/sub_X-Ray/sub_NIH/00001416_003.png,,sub_NIH,00001416_003.png,ok,256x256 -> 1024x1024,4,1,39.92,40.6293,5.625359,2.371784,0.9624,0.9912,0.2466,8.5291,41.0774,5.073844,2.25252,0.9651,0.9926,0.2603,0.2603,0.2603,8.0555,156.6501,44.5073,156.6501,44.5073,0.1429,41.0774,0.9651,5.073844,2.25252,0.4481,0.0013,-0.0137,0.4736
/kaggle/input/datasets/duc24kdl/sub-x-ray/sub_X-Ray/sub_NIH/00001417_000.png,,sub_NIH,00001417_000.png,ok,256x256 -> 1024x1024,4,1,39.05,39.4256,7.422039,2.724342,0.9422,0.9896,0.3148,9.0246,39.7945,6.817639,2.611061,0.9445,0.9907,0.3329,0.3329,0.3329,8.4857,98.4867,73.2208,98.4867,73.2208,0.1087,39.7945,0.9445,6.817639,2.611061,0.3689,0.0011,-0.0181,0.5389
/kaggle/input/datasets/duc24kdl/sub-x-ray/sub_X-Ray/sub_NIH/00001418_000.png,,sub_NIH,00001418_000.png,ok,256x256 -> 1024x1024,4,1,38.28,36.3852,14.947176,3.866158,0.9182,0.9847,0.3916,8.7543,36.7487,13.746978,3.707692,0.921,0.9863,0.4098,0.4098,0.4098,8.437,120.482,55.7361,120.482,55.7361,0.0795,36.7487,0.921,13.746978,3.707692,0.3635,0.0016,-0.0183,0.3174
/kaggle/input/datasets/duc24kdl/sub-x-ray/sub_X-Ray/sub_NIH/00001419_000.png,,sub_NIH,00001419_000.png,ok,256x256 -> 1024x1024,4,1,39.36,32.9012,33.339555,5.774042,0.9558,0.9904,0.2695,8.8016,32.9967,32.614305,5.710894,0.9571,0.9914,0.2733,0.2733,0.2733,8.1011,164.7182,52.6778,164.7182,52.6778,0.0296,32.9967,0.9571,32.614305,5.710894,0.0955,0.001,-0.0037,0.7005
/kaggle/input/datasets/duc24kdl/sub-x-ray/sub_X-Ray/sub_NIH/00001420_000.png,,sub_NIH,00001420_000.png,ok,256x256 -> 1024x1024,4,1,38.69,40.792,5.418557,2.327779,0.9654,0.9917,0.225,7.9028,41.3249,4.792827,2.189253,0.9682,0.9931,0.2351,0.2351,0.2351,7.7296,157.9598,43.8425,157.9598,43.8425,0.1798,41.3249,0.9682,4.792827,2.189253,0.5329,0.0014,-0.0101,0.1732
/kaggle/input/datasets/duc24kdl/sub-x-ray/sub_X-Ray/sub_NIH/00001421_000.png,,sub_NIH,00001421_000.png,ok,256x256 -> 1024x1024,4,1,38.86,33.6697,27.932424,5.285113,0.9598,0.9917,0.2704,8.5364,33.7295,27.55036,5.248844,0.9613,0.9927,0.2826,0.2826,0.2826,8.0821,172.0043,57.7136,172.0043,57.7136,0.0587,33.7295,0.9613,27.55036,5.248844,0.0598,0.001,-0.0122,0.4543
/kaggle/input/datasets/duc24kdl/sub-x-ray/sub_X-Ray/sub_NIH/00001421_001.png,,sub_NIH,00001421_001.png,ok,256x256 -> 1024x1024,4,1,39.19,38.9215,8.335566,2.887138,0.9359,0.9886,0.3612,8.6928,39.1276,7.949153,2.819424,0.9382,0.9897,0.3885,0.3885,0.3885,8.3543,149.1228,66.6862,149.1228,66.6862,0.0792,39.1276,0.9382,7.949153,2.819424,0.2061,0.0011,-0.0273,0.3386
/kaggle/input/datasets/duc24kdl/sub-x-ray/sub_X-Ray/sub_NIH/00001422_000.png,,sub_NIH,00001422_000.png,ok,256x256 -> 1024x1024,4,1,40.09,41.9648,4.136209,2.033767,0.967,0.9925,0.224,8.7655,42.5427,3.620885,1.902862,0.9694,0.9936,0.2404,0.2404,0.2404,8.2549,158.8802,48.1965,158.8802,48.1965,0.2264,42.5427,0.9694,3.620885,1.902862,0.5779,0.0011,-0.0164,0.5106
/kaggle/input/datasets/duc24kdl/sub-x-ray/sub_X-Ray/sub_NIH/00001423_000.png,,sub_NIH,00001423_000.png,ok,256x256 -> 1024x1024,4,1,39.35,39.3738,7.511102,2.740639,0.9675,0.9929,0.2274,8.4441,39.7007,6.966488,2.63941,0.9699,0.994,0.2443,0.2443,0.2443,8.2314,152.5703,54.3716,152.5703,54.3716,0.122,39.7007,0.9699,6.966488,2.63941,0.3269,0.0011,-0.0169,0.2127
/kaggle/input/datasets/duc24kdl/sub-x-ray/sub_X-Ray/sub_NIH/00001423_001.png,,sub_NIH,00001423_001.png,ok,256x256 -> 1024x1024,4,1,38.62,34.389,23.669059,4.865086,0.9638,0.9925,0.2238,8.6823,34.9645,20.73149,4.553185,0.9666,0.9938,0.227,0.227,0.227,8.234,152.4812,67.8201,152.4812,67.8201,0.1844,34.9645,0.9666,20.73149,4.553185,0.5755,0.0013,-0.0032,0.4484
/kaggle/input/datasets/duc24kdl/sub-x-ray/sub_X-Ray/sub_NIH/00001424_000.png,,sub_NIH,00001424_000.png,ok,256x256 -> 1024x1024,4,1,38.71,33.986,25.970679,5.096144,0.962,0.9915,0.2222,8.3438,34.5951,22.571916,4.750991,0.9644,0.9927,0.2231,0.2231,0.2231,7.7995,153.7523,64.7759,153.7523,64.7759,0.3131,34.5951,0.9644,22.571916,4.750991,0.6091,0.0012,-0.0009,0.5443
/kaggle/input/datasets/duc24kdl/sub-x-ray/sub_X-Ray/sub_NIH/00001425_000.png,,sub_NIH,00001425_000.png,ok,256x256 -> 1024x1024,4,1,39.1,38.768,8.635373,2.9386,0.9336,0.9878,0.3345,8.4961,39.1079,7.985289,2.825825,0.9362,0.989,0.3544,0.3544,0.3544,8.0746,127.0606,68.4829,127.0606,68.4829,0.0989,39.1079,0.9362,7.985289,2.825825,0.3399,0.0013,-0.0199,0.4215
/kaggle/input/datasets/duc24kdl/sub-x-ray/sub_X-Ray/sub_NIH/00001426_000.png,,sub_NIH,00001426_000.png,ok,256x256 -> 1024x1024,4,1,40.34,34.0969,25.31547,5.031448,0.9661,0.9924,0.2083,8.496,34.4894,23.128356,4.809195,0.968,0.9937,0.2052,0.2052,0.2052,7.9014,174.3043,62.0757,174.3043,62.0757,0.0876,34.4894,0.968,23.128356,4.809195,0.3924,0.0012,0.0031,0.5946
/kaggle/input/datasets/duc24kdl/sub-x-ray/sub_X-Ray/sub_NIH/00001426_001.png,,sub_NIH,00001426_001.png,ok,256x256 -> 1024x1024,4,1,38.91,38.9227,8.333229,2.886733,0.9363,0.9884,0.3313,8.4593,39.1933,7.829745,2.798168,0.939,0.9897,0.3521,0.3521,0.3521,8.0602,108.6509,72.8457,108.6509,72.8457,0.0919,39.1933,0.939,7.829745,2.798168,0.2707,0.0012,-0.0208,0.3991
/kaggle/input/datasets/duc24kdl/sub-x-ray/sub_X-Ray/sub_NIH/00001427_000.png,,sub_NIH,00001427_000.png,ok,256x256 -> 1024x1024,4,1,38.97,35.7054,17.479905,4.180898,0.9627,0.9915,0.2237,8.0302,35.8738,16.814997,4.100609,0.9648,0.9929,0.2304,0.2304,0.2304,7.7176,153.9688,60.6841,153.9688,60.6841,0.0777,35.8738,0.9648,16.814997,4.100609,0.1684,0.0014,-0.0066,0.3126
/kaggle/input/datasets/duc24kdl/sub-x-ray/sub_X-Ray/sub_NIH/00001428_000.png,,sub_NIH,00001428_000.png,ok,256x256 -> 1024x1024,4,1,39.31,41.5158,4.58667,2.141651,0.9603,0.9908,0.2546,8.7251,41.8972,4.201109,2.049661,0.963,0.9922,0.2618,0.2618,0.2618,8.3579,154.1011,50.9998,154.1011,50.9998,0.157,41.8972,0.963,4.201109,2.049661,0.3813,0.0014,-0.0072,0.3672
/kaggle/input/datasets/duc24kdl/sub-x-ray/sub_X-Ray/sub_NIH/00001429_000.png,,sub_NIH,00001429_000.png,ok,256x256 -> 1024x1024,4,1,38.63,37.0616,12.791391,3.576505,0.9229,0.9849,0.2898,8.4143,37.3573,11.94961,3.456821,0.9265,0.987,0.288,0.288,0.288,7.7897,88.2219,66.5148,88.2219,66.5148,0.1266,37.3573,0.9265,11.94961,3.456821,0.2956,0.002,0.0018,0.6246
/kaggle/input/datasets/duc24kdl/sub-x-ray/sub_X-Ray/sub_NIH/00001429_001.png,,sub_NIH,00001429_001.png,ok,256x256 -> 1024x1024,4,1,39.95,36.6483,14.068568,3.750809,0.9164,0.9839,0.3369,8.4739,36.9642,13.081593,3.616848,0.9199,0.9858,0.3485,0.3485,0.3485,7.8927,89.7588,65.8279,89.7588,65.8279,0.1246,36.9642,0.9199,13.081593,3.616848,0.3159,0.0019,-0.0115,0.5812
/kaggle/input/datasets/duc24kdl/sub-x-ray/sub_X-Ray/sub_NIH/00001429_002.png,,sub_NIH,00001429_002.png,ok,256x256 -> 1024x1024,4,1,39.58,31.5864,45.127796,6.717723,0.9497,0.9878,0.2679,8.5676,31.7073,43.888704,6.624855,0.9523,0.9898,0.2689,0.2689,0.2689,7.723,112.3813,51.7356,112.3813,51.7356,0.1077,31.7073,0.9523,43.888704,6.624855,0.1209,0.002,-0.0009,0.8446
/kaggle/input/datasets/duc24kdl/sub-x-ray/sub_X-Ray/sub_NIH/00001430_001.png,,sub_NIH,00001430_001.png,ok,256x256 -> 1024x1024,4,1,38.86,40.094,6.363292,2.522557,0.9501,0.9892,0.2805,8.3991,40.6057,5.655987,2.378232,0.953,0.9906,0.2998,0.2998,0.2998,8.0197,161.9681,55.9313,161.9681,55.9313,0.2182,40.6057,0.953,5.655987,2.378232,0.5117,0.0015,-0.0193,0.3794
/kaggle/input/datasets/duc24kdl/sub-x-ray/sub_X-Ray/sub_NIH/00001433_001.png,,sub_NIH,00001433_001.png,ok,256x256 -> 1024x1024,4,1,40.07,40.1267,6.315608,2.513087,0.9709,0.9931,0.1807,8.3787,40.127,6.315092,2.512985,0.9729,0.9941,0.1918,0.1918,0.1918,7.9556,181.8723,46.461,181.8723,46.461,0.0393,40.127,0.9729,6.315092,2.512985,0.0004,0.001,-0.011,0.4231
/kaggle/input/datasets/duc24kdl/sub-x-ray/sub_X-Ray/sub_NIH/00001437_002.png,,sub_NIH,00001437_002.png,ok,256x256 -> 1024x1024,4,1,38.86,32.8334,33.863877,5.819268,0.94,0.9868,0.3122,8.1245,33.4783,29.19123,5.402891,0.9436,0.9887,0.3091,0.3091,0.3091,7.6673,116.7698,63.4886,116.7698,63.4886,0.0904,33.4783,0.9436,29.19123,5.402891,0.6448,0.0019,0.0031,0.4572
/kaggle/input/datasets/duc24kdl/sub-x-ray/sub_X-Ray/sub_NIH/00001437_004.png,,sub_NIH,00001437_004.png,ok,256x256 -> 1024x1024,4,1,39.94,31.1206,50.236987,7.087805,0.9486,0.9879,0.2936,8.0393,31.3844,47.275427,6.875713,0.9505,0.9895,0.2913,0.2913,0.2913,7.657,112.1248,62.3797,112.1248,62.3797,0.1094,31.3844,0.9505,47.275427,6.875713,0.2639,0.0015,0.0023,0.3823
/kaggle/input/datasets/duc24kdl/sub-x-ray/sub_X-Ray/sub_NIH/00001437_005.png,,sub_NIH,00001437_005.png,ok,256x256 -> 1024x1024,4,1,39.6,33.3333,30.182257,5.493838,0.9553,0.9892,0.278,8.3788,33.4381,29.462702,5.427956,0.9565,0.9905,0.2742,0.2742,0.2742,7.7178,100.5733,62.3087,100.5733,62.3087,0.082,33.4381,0.9565,29.462702,5.427956,0.1048,0.0013,0.0038,0.6609
/kaggle/input/datasets/duc24kdl/sub-x-ray/sub_X-Ray/sub_NIH/00001437_008.png,,sub_NIH,00001437_008.png,ok,256x256 -> 1024x1024,4,1,40.17,31.5119,45.908541,6.775584,0.9355,0.9855,0.3516,8.017,31.6578,44.391683,6.662708,0.9368,0.987,0.3583,0.3583,0.3583,7.7721,116.4436,59.4931,116.4436,59.4931,0.0864,31.6578,0.9368,44.391683,6.662708,0.1459,0.0015,-0.0067,0.2449
/kaggle/input/datasets/duc24kdl/sub-x-ray/sub_X-Ray/sub_NIH/00001437_016.png,,sub_NIH,00001437_016.png,ok,256x256 -> 1024x1024,4,1,40.12,30.7917,54.188871,7.361309,0.9194,0.9856,0.3794,8.4626,31.3478,47.676383,6.904809,0.9229,0.9871,0.385,0.385,0.385,8.1137,115.932,68.1076,115.932,68.1076,0.1542,31.3478,0.9229,47.676383,6.904809,0.5561,0.0015,-0.0056,0.3489
/kaggle/input/datasets/duc24kdl/sub-x-ray/sub_X-Ray/sub_NIH/00001437_019.png,,sub_NIH,00001437_019.png,ok,256x256 -> 1024x1024,4,1,39.6,29.7645,68.648286,8.285426,0.9319,0.9859,0.3076,7.9657,30.1165,63.303292,7.956337,0.9333,0.9875,0.3056,0.3056,0.3056,7.5392,122.0058,72.4493,122.0058,72.4493,0.1259,30.1165,0.9333,63.303292,7.956337,0.352,0.0015,0.002,0.4264
/kaggle/input/datasets/duc24kdl/sub-x-ray/sub_X-Ray/sub_NIH/00001437_022.png,,sub_NIH,00001437_022.png,ok,256x256 -> 1024x1024,4,1,39.77,29.7609,68.704651,8.288827,0.927,0.9849,0.3213,8.0517,30.0489,64.296702,8.018522,0.9286,0.9866,0.3234,0.3234,0.3234,7.5461,130.5331,65.5148,130.5331,65.5148,0.1536,30.0489,0.9286,64.296702,8.018522,0.288,0.0017,-0.0022,0.5057
/kaggle/input/datasets/duc24kdl/sub-x-ray/sub_X-Ray/sub_NIH/00001437_025.png,,sub_NIH,00001437_025.png,ok,256x256 -> 1024x1024,4,1,39.26,37.1388,12.566198,3.544883,0.9154,0.9845,0.3921,8.2325,37.3547,11.956806,3.457861,0.9175,0.9859,0.4137,0.4137,0.4137,7.9531,124.4436,72.9464,124.4436,72.9464,0.0769,37.3547,0.9175,11.956806,3.457861,0.2159,0.0015,-0.0216,0.2794
/kaggle/input/datasets/duc24kdl/sub-x-ray/sub_X-Ray/sub_NIH/00001437_041.png,,sub_NIH,00001437_041.png,ok,256x256 -> 1024x1024,4,1,39.12,30.7213,55.074603,7.421227,0.9355,0.9855,0.3171,8.0614,31.1462,49.941121,7.066903,0.9382,0.9877,0.3102,0.3102,0.3102,7.4131,101.6127,62.8508,101.6127,62.8508,0.1545,31.1462,0.9382,49.941121,7.066903,0.4249,0.0022,0.0068,0.6482
/kaggle/input/datasets/duc24kdl/sub-x-ray/sub_X-Ray/sub_NIH/00001437_042.png,,sub_NIH,00001437_042.png,ok,256x256 -> 1024x1024,4,1,39.09,31.6833,44.132096,6.643199,0.954,0.9894,0.2608,8.4772,31.9368,41.629731,6.452111,0.9568,0.9912,0.257,0.257,0.257,7.726,111.9316,61.975,111.9316,61.975,0.1434,31.9368,0.9568,41.629731,6.452111,0.2535,0.0018,0.0037,0.7511
/kaggle/input/datasets/duc24kdl/sub-x-ray/sub_X-Ray/sub_NIH/00001437_045.png,,sub_NIH,00001437_045.png,ok,256x256 -> 1024x1024,4,1,39.72,34.6632,22.220957,4.713911,0.9611,0.9914,0.2546,8.8002,34.8973,21.054896,4.588561,0.9632,0.9926,0.2592,0.2592,0.2592,8.1792,106.1582,71.1092,106.1582,71.1092,0.099,34.8973,0.9632,21.054896,4.588561,0.2341,0.0012,-0.0046,0.621
/kaggle/input/datasets/duc24kdl/sub-x-ray/sub_X-Ray/sub_NIH/00001437_051.png,,sub_NIH,00001437_051.png,ok,256x256 -> 1024x1024,4,1,39.75,31.5941,45.047059,6.711711,0.9476,0.9878,0.2861,8.1525,31.9566,41.44032,6.437416,0.9494,0.9894,0.288,0.288,0.288,7.6513,103.1025,61.545,103.1025,61.545,0.1483,31.9566,0.9494,41.44032,6.437416,0.3624,0.0016,-0.0019,0.5012
/kaggle/input/datasets/duc24kdl/sub-x-ray/sub_X-Ray/sub_NIH/00001444_000.png,,sub_NIH,00001444_000.png,ok,256x256 -> 1024x1024,4,1,40.06,39.1489,7.910289,2.812524,0.9543,0.9892,0.2527,8.2692,39.5208,7.260995,2.694623,0.957,0.9908,0.2592,0.2592,0.2592,7.8834,156.3418,51.9761,156.3418,51.9761,0.0861,39.5208,0.957,7.260995,2.694623,0.372,0.0016,-0.0064,0.3859
/kaggle/input/datasets/duc24kdl/sub-x-ray/sub_X-Ray/sub_NIH/00001445_001.png,,sub_NIH,00001445_001.png,ok,256x256 -> 1024x1024,4,1,39.38,35.0483,20.335395,4.509478,0.956,0.9906,0.2209,8.2766,35.5065,18.299298,4.277768,0.9589,0.992,0.2245,0.2245,0.2245,7.8288,145.6205,69.3676,145.6205,69.3676,0.0818,35.5065,0.9589,18.299298,4.277768,0.4582,0.0014,-0.0036,0.4478
/kaggle/input/datasets/duc24kdl/sub-x-ray/sub_X-Ray/sub_NIH/00001445_002.png,,sub_NIH,00001445_002.png,ok,256x256 -> 1024x1024,4,1,38.82,33.6485,28.069538,5.298069,0.958,0.9908,0.1959,8.2192,34.8502,21.28448,4.613511,0.9614,0.9928,0.1844,0.1844,0.1844,7.5237,137.132,83.3976,137.132,83.3976,0.1326,34.8502,0.9614,21.28448,4.613511,1.2017,0.0019,0.0114,0.6955
/kaggle/input/datasets/duc24kdl/sub-x-ray/sub_X-Ray/sub_NIH/00001447_000.png,,sub_NIH,00001447_000.png,ok,256x256 -> 1024x1024,4,1,38.9,34.3173,24.063154,4.905421,0.9604,0.9915,0.21,7.8025,34.4286,23.454272,4.842961,0.9622,0.9928,0.2145,0.2145,0.2145,7.5321,145.2013,76.6684,145.2013,76.6684,0.0724,34.4286,0.9622,23.454272,4.842961,0.1113,0.0012,-0.0045,0.2704
/kaggle/input/datasets/duc24kdl/sub-x-ray/sub_X-Ray/sub_NIH/00001449_000.png,,sub_NIH,00001449_000.png,ok,256x256 -> 1024x1024,4,1,38.84,40.9514,5.223231,2.285439,0.966,0.992,0.2411,8.7245,41.4048,4.705464,2.169208,0.9686,0.9933,0.2514,0.2514,0.2514,8.2502,160.8931,49.4852,160.8931,49.4852,0.1366,41.4048,0.9686,4.705464,2.169208,0.4534,0.0012,-0.0103,0.4743
/kaggle/input/datasets/duc24kdl/sub-x-ray/sub_X-Ray/sub_NIH/00001456_000.png,,sub_NIH,00001456_000.png,ok,256x256 -> 1024x1024,4,1,39.35,37.7612,10.888286,3.29974,0.9219,0.9856,0.394,8.7116,37.9954,10.316649,3.211954,0.9248,0.9871,0.4146,0.4146,0.4146,8.1803,126.1783,61.3158,126.1783,61.3158,0.1032,37.9954,0.9248,10.316649,3.211954,0.2342,0.0015,-0.0206,0.5313
/kaggle/input/datasets/duc24kdl/sub-x-ray/sub_X-Ray/sub_NIH/00001457_001.png,,sub_NIH,00001457_001.png,ok,256x256 -> 1024x1024,4,1,39.1,30.4412,58.74301,7.664399,0.9243,0.9835,0.3029,7.7719,30.7721,54.433572,7.377911,0.9257,0.9853,0.298,0.298,0.298,7.4373,129.5247,56.0336,129.5247,56.0336,0.1543,30.7721,0.9257,54.433572,7.377911,0.3309,0.0018,0.0049,0.3346
/kaggle/input/datasets/duc24kdl/sub-x-ray/sub_X-Ray/sub_NIH/00001459_001.png,,sub_NIH,00001459_001.png,ok,256x256 -> 1024x1024,4,1,39.81,39.0796,8.037482,2.835045,0.9416,0.9893,0.3367,8.8955,39.4179,7.435159,2.726749,0.9439,0.9904,0.3567,0.3567,0.3567,8.3719,130.7441,68.548,130.7441,68.548,0.0978,39.4179,0.9439,7.435159,2.726749,0.3383,0.001,-0.02,0.5236
/kaggle/input/datasets/duc24kdl/sub-x-ray/sub_X-Ray/sub_NIH/00001460_001.png,,sub_NIH,00001460_001.png,ok,256x256 -> 1024x1024,4,1,39.31,34.8813,21.132385,4.596997,0.9664,0.9918,0.2256,8.6386,35.0666,20.249991,4.499999,0.9682,0.9929,0.2294,0.2294,0.2294,8.1936,154.4327,54.0124,154.4327,54.0124,0.1381,35.0666,0.9682,20.249991,4.499999,0.1852,0.0011,-0.0038,0.445
/kaggle/input/datasets/duc24kdl/sub-x-ray/sub_X-Ray/sub_NIH/00001460_003.png,,sub_NIH,00001460_003.png,ok,256x256 -> 1024x1024,4,1,40.12,37.8246,10.730393,3.275728,0.9389,0.9885,0.3086,8.5958,38.2563,9.715131,3.11691,0.9415,0.9898,0.3159,0.3159,0.3159,8.0979,86.6475,64.3654,86.6475,64.3654,0.1004,38.2563,0.9415,9.715131,3.11691,0.4317,0.0013,-0.0073,0.4979
/kaggle/input/datasets/duc24kdl/sub-x-ray/sub_X-Ray/sub_NIH/00001461_003.png,,sub_NIH,00001461_003.png,ok,256x256 -> 1024x1024,4,1,39.85,35.2463,19.42899,4.407833,0.9645,0.9918,0.2698,8.4158,35.4017,18.746173,4.329685,0.9663,0.9929,0.2809,0.2809,0.2809,7.8922,132.565,40.4934,132.565,40.4934,0.0542,35.4017,0.9663,18.746173,4.329685,0.1554,0.0011,-0.011,0.5236
/kaggle/input/datasets/duc24kdl/sub-x-ray/sub_X-Ray/sub_NIH/00001462_000.png,,sub_NIH,00001462_000.png,ok,256x256 -> 1024x1024,4,1,39.11,37.9536,10.416482,3.227457,0.927,0.9865,0.3379,8.6991,38.2946,9.629827,3.103196,0.9302,0.988,0.352,0.352,0.352,8.0619,101.3731,69.627,101.3731,69.627,0.0922,38.2946,0.9302,9.629827,3.103196,0.341,0.0015,-0.0141,0.6372
/kaggle/input/datasets/duc24kdl/sub-x-ray/sub_X-Ray/sub_NIH/00001462_001.png,,sub_NIH,00001462_001.png,ok,256x256 -> 1024x1024,4,1,39.75,37.6654,11.131228,3.33635,0.9317,0.9873,0.3487,8.7026,38.0245,10.247788,3.201217,0.9341,0.9886,0.3676,0.3676,0.3676,8.0587,112.3628,66.4831,112.3628,66.4831,0.0912,38.0245,0.9341,10.247788,3.201217,0.3591,0.0014,-0.0189,0.6439
/kaggle/input/datasets/duc24kdl/sub-x-ray/sub_X-Ray/sub_NIH/00001464_000.png,,sub_NIH,00001464_000.png,ok,256x256 -> 1024x1024,4,1,38.98,35.9653,16.464582,4.057657,0.9753,0.9946,0.2102,8.8044,36.1471,15.789571,3.973609,0.9771,0.9956,0.219,0.219,0.219,8.3475,151.9036,53.9421,151.9036,53.9421,0.063,36.1471,0.9771,15.789571,3.973609,0.1818,0.0009,-0.0088,0.4569
/kaggle/input/datasets/duc24kdl/sub-x-ray/sub_X-Ray/sub_NIH/00001464_002.png,,sub_NIH,00001464_002.png,ok,256x256 -> 1024x1024,4,1,39.73,37.6602,11.1444,3.338323,0.9333,0.9881,0.3553,8.5591,37.975,10.365316,3.219521,0.936,0.9895,0.3727,0.3727,0.3727,7.9771,112.5511,67.5829,112.5511,67.5829,0.1057,37.975,0.936,10.365316,3.219521,0.3147,0.0014,-0.0174,0.582
/kaggle/input/datasets/duc24kdl/sub-x-ray/sub_X-Ray/sub_NIH/00001464_004.png,,sub_NIH,00001464_004.png,ok,256x256 -> 1024x1024,4,1,39.8,36.9973,12.982298,3.603096,0.9221,0.9862,0.3898,8.6228,37.3856,11.871837,3.445553,0.9255,0.9877,0.4113,0.4113,0.4113,7.9911,117.1852,69.9859,117.1852,69.9859,0.1061,37.3856,0.9255,11.871837,3.445553,0.3883,0.0016,-0.0215,0.6316
/kaggle/input/datasets/duc24kdl/sub-x-ray/sub_X-Ray/sub_NIH/00001470_003.png,,sub_NIH,00001470_003.png,ok,256x256 -> 1024x1024,4,1,39.74,34.8448,21.310624,4.616343,0.9775,0.9949,0.2088,9.26,35.0098,20.516414,4.529505,0.9783,0.9955,0.2211,0.2211,0.2211,8.5268,158.6723,43.6787,158.6723,43.6787,0.0963,35.0098,0.9783,20.516414,4.529505,0.1649,0.0006,-0.0123,0.7332
/kaggle/input/datasets/duc24kdl/sub-x-ray/sub_X-Ray/sub_NIH/00001471_002.png,,sub_NIH,00001471_002.png,ok,256x256 -> 1024x1024,4,1,38.77,38.6305,8.913136,2.985488,0.9338,0.9875,0.3425,8.4897,38.9089,8.359684,2.891312,0.9365,0.9889,0.3558,0.3558,0.3558,7.9745,107.0476,65.9635,107.0476,65.9635,0.1092,38.9089,0.9365,8.359684,2.891312,0.2784,0.0014,-0.0133,0.5152
/kaggle/input/datasets/duc24kdl/sub-x-ray/sub_X-Ray/sub_NIH/00001472_000.png,,sub_NIH,00001472_000.png,ok,256x256 -> 1024x1024,4,1,38.89,38.8933,8.389822,2.896519,0.9308,0.9871,0.3584,8.5642,39.082,8.033081,2.834269,0.9334,0.9885,0.3802,0.3802,0.3802,8.2689,133.3183,62.2505,133.3183,62.2505,0.0901,39.082,0.9334,8.033081,2.834269,0.1887,0.0014,-0.0218,0.2953
/kaggle/input/datasets/duc24kdl/sub-x-ray/sub_X-Ray/sub_NIH/00001473_001.png,,sub_NIH,00001473_001.png,ok,256x256 -> 1024x1024,4,1,39.48,39.3864,7.489303,2.736659,0.9377,0.9885,0.3437,8.7472,39.6837,6.993781,2.644576,0.94,0.9896,0.3655,0.3655,0.3655,8.421,118.0255,70.1229,118.0255,70.1229,0.0978,39.6837,0.94,6.993781,2.644576,0.2973,0.0011,-0.0217,0.3262
/kaggle/input/datasets/duc24kdl/sub-x-ray/sub_X-Ray/sub_NIH/00001478_000.png,,sub_NIH,00001478_000.png,ok,256x256 -> 1024x1024,4,1,39.22,33.2059,31.080548,5.574993,0.9402,0.9862,0.2726,8.2631,33.9196,26.370825,5.135253,0.9438,0.9882,0.2757,0.2757,0.2757,7.9235,136.5943,57.358,136.5943,57.358,0.0754,33.9196,0.9438,26.370825,5.135253,0.7136,0.0019,-0.0031,0.3396
/kaggle/input/datasets/duc24kdl/sub-x-ray/sub_X-Ray/sub_NIH/00001480_000.png,,sub_NIH,00001480_000.png,ok,256x256 -> 1024x1024,4,1,39.32,39.641,7.062828,2.657598,0.9684,0.9929,0.1851,8.219,40.1296,6.311357,2.512241,0.9705,0.994,0.1934,0.1934,0.1934,7.7592,145.3594,66.9911,145.3594,66.9911,0.2191,40.1296,0.9705,6.311357,2.512241,0.4886,0.0011,-0.0083,0.4598
/kaggle/input/datasets/duc24kdl/sub-x-ray/sub_X-Ray/sub_NIH/00001483_000.png,,sub_NIH,00001483_000.png,ok,256x256 -> 1024x1024,4,1,39.78,39.0602,8.073462,2.841384,0.9341,0.988,0.3522,8.6507,39.3168,7.610196,2.758658,0.9368,0.9892,0.3749,0.3749,0.3749,8.0379,111.6964,73.5229,111.6964,73.5229,0.0838,39.3168,0.9368,7.610196,2.758658,0.2566,0.0013,-0.0226,0.6128
/kaggle/input/datasets/duc24kdl/sub-x-ray/sub_X-Ray/sub_NIH/00001483_002.png,,sub_NIH,00001483_002.png,ok,256x256 -> 1024x1024,4,1,39.83,37.4456,11.709088,3.421854,0.9319,0.9872,0.3539,8.4164,37.8985,10.549416,3.247986,0.9351,0.9887,0.3631,0.3631,0.3631,7.8573,106.5582,71.5247,106.5582,71.5247,0.0986,37.8985,0.9351,10.549416,3.247986,0.4529,0.0015,-0.0092,0.559
/kaggle/input/datasets/duc24kdl/sub-x-ray/sub_X-Ray/sub_NIH/00001483_004.png,,sub_NIH,00001483_004.png,ok,256x256 -> 1024x1024,4,1,39.19,38.476,9.235859,3.039056,0.9684,0.9936,0.2801,9.1613,38.6013,8.973285,2.995544,0.9697,0.9942,0.3031,0.3031,0.3031,8.683,110.6596,54.3683,110.6596,54.3683,0.0475,38.6013,0.9697,8.973285,2.995544,0.1253,0.0006,-0.023,0.4783
/kaggle/input/datasets/duc24kdl/sub-x-ray/sub_X-Ray/sub_NIH/00001483_007.png,,sub_NIH,00001483_007.png,ok,256x256 -> 1024x1024,4,1,39.23,39.519,7.264032,2.695187,0.9377,0.9884,0.3329,8.49,39.7561,6.878161,2.622625,0.9403,0.9896,0.348,0.348,0.348,7.884,111.8751,76.1444,111.8751,76.1444,0.0771,39.7561,0.9403,6.878161,2.622625,0.2371,0.0013,-0.0152,0.606
/kaggle/input/datasets/duc24kdl/sub-x-ray/sub_X-Ray/sub_NIH/00001483_009.png,,sub_NIH,00001483_009.png,ok,256x256 -> 1024x1024,4,1,39.64,39.0171,8.154022,2.855525,0.9331,0.9876,0.3457,8.5084,39.2488,7.730355,2.780352,0.9359,0.9889,0.3644,0.3644,0.3644,7.9933,110.3253,74.6768,110.3253,74.6768,0.0871,39.2488,0.9359,7.730355,2.780352,0.2317,0.0013,-0.0187,0.5151
/kaggle/input/datasets/duc24kdl/sub-x-ray/sub_X-Ray/sub_NIH/00001483_015.png,,sub_NIH,00001483_015.png,ok,256x256 -> 1024x1024,4,1,40.09,38.1498,9.956439,3.155383,0.9219,0.9858,0.3972,8.5417,38.4237,9.347771,3.057412,0.9249,0.9872,0.4188,0.4188,0.4188,7.9054,123.1324,67.1798,123.1324,67.1798,0.0778,38.4237,0.9249,9.347771,3.057412,0.274,0.0014,-0.0216,0.6363
/kaggle/input/datasets/duc24kdl/sub-x-ray/sub_X-Ray/sub_NIH/00001483_021.png,,sub_NIH,00001483_021.png,ok,256x256 -> 1024x1024,4,1,39.15,35.8351,16.965708,4.118945,0.9757,0.9943,0.2276,8.9068,35.9688,16.451473,4.056042,0.9769,0.995,0.2424,0.2424,0.2424,8.3936,119.5332,49.5235,119.5332,49.5235,0.0657,35.9688,0.9769,16.451473,4.056042,0.1337,0.0006,-0.0148,0.5132
/kaggle/input/datasets/duc24kdl/sub-x-ray/sub_X-Ray/sub_NIH/00001483_023.png,,sub_NIH,00001483_023.png,ok,256x256 -> 1024x1024,4,1,39.29,33.12,31.701859,5.63044,0.9657,0.9927,0.2577,8.7548,33.4674,29.26477,5.409692,0.9675,0.9937,0.2649,0.2649,0.2649,8.2614,109.759,65.344,109.759,65.344,0.1142,33.4674,0.9675,29.26477,5.409692,0.3474,0.001,-0.0072,0.4934
/kaggle/input/datasets/duc24kdl/sub-x-ray/sub_X-Ray/sub_NIH/00001484_001.png,,sub_NIH,00001484_001.png,ok,256x256 -> 1024x1024,4,1,39.39,38.7608,8.649596,2.94102,0.9208,0.9857,0.3883,8.7338,39.0366,8.117387,2.849103,0.9237,0.9872,0.4118,0.4118,0.4118,8.1023,122.3676,74.4208,122.3676,74.4208,0.0832,39.0366,0.9237,8.117387,2.849103,0.2758,0.0015,-0.0235,0.6315
/kaggle/input/datasets/duc24kdl/sub-x-ray/sub_X-Ray/sub_NIH/00001485_001.png,,sub_NIH,00001485_001.png,ok,256x256 -> 1024x1024,4,1,39.92,37.1342,12.579529,3.546763,0.9647,0.992,0.2011,8.4245,37.6697,11.120242,3.334703,0.9666,0.9932,0.2062,0.2062,0.2062,7.9801,147.0818,56.561,147.0818,56.561,0.1404,37.6697,0.9666,11.120242,3.334703,0.5355,0.0012,-0.0051,0.4444
/kaggle/input/datasets/duc24kdl/sub-x-ray/sub_X-Ray/sub_NIH/00001486_000.png,,sub_NIH,00001486_000.png,ok,256x256 -> 1024x1024,4,1,40.19,42.2084,3.910566,1.977515,0.9614,0.9909,0.2647,8.8291,42.5993,3.573951,1.890489,0.9643,0.9924,0.2789,0.2789,0.2789,8.3433,170.8744,40.2488,170.8744,40.2488,0.143,42.5993,0.9643,3.573951,1.890489,0.3909,0.0015,-0.0141,0.4859
/kaggle/input/datasets/duc24kdl/sub-x-ray/sub_X-Ray/sub_NIH/00001491_000.png,,sub_NIH,00001491_000.png,ok,256x256 -> 1024x1024,4,1,40.02,39.696,6.974016,2.640836,0.9576,0.9905,0.2592,8.6585,40.1619,6.264604,2.502919,0.9604,0.9919,0.2717,0.2717,0.2717,8.174,165.1474,46.8862,165.1474,46.8862,0.1545,40.1619,0.9604,6.264604,2.502919,0.4659,0.0014,-0.0125,0.4845
/kaggle/input/datasets/duc24kdl/sub-x-ray/sub_X-Ray/sub_NIH/00001495_002.png,,sub_NIH,00001495_002.png,ok,256x256 -> 1024x1024,4,1,39.05,38.6754,8.821395,2.970083,0.9402,0.989,0.3261,8.5186,38.9888,8.207256,2.864831,0.9428,0.9902,0.3445,0.3445,0.3445,7.9531,107.7708,72.6476,107.7708,72.6476,0.102,38.9888,0.9428,8.207256,2.864831,0.3134,0.0012,-0.0184,0.5656
/kaggle/input/datasets/duc24kdl/sub-x-ray/sub_X-Ray/sub_NIH/00001496_002.png,,sub_NIH,00001496_002.png,ok,256x256 -> 1024x1024,4,1,39.08,35.6462,17.719985,4.209511,0.9674,0.9927,0.2198,8.6989,35.7248,17.401971,4.171567,0.9692,0.9937,0.2228,0.2228,0.2228,8.1476,168.8171,56.4947,168.8171,56.4947,0.0495,35.7248,0.9692,17.401971,4.171567,0.0786,0.0011,-0.003,0.5513
/kaggle/input/datasets/duc24kdl/sub-x-ray/sub_X-Ray/sub_NIH/00001498_000.png,,sub_NIH,00001498_000.png,ok,256x256 -> 1024x1024,4,1,40.34,39.8495,6.731857,2.594582,0.9312,0.9878,0.3567,8.9375,40.0784,6.386199,2.527093,0.9336,0.989,0.3817,0.3817,0.3817,8.3652,124.832,72.2617,124.832,72.2617,0.0792,40.0784,0.9336,6.386199,2.527093,0.2289,0.0011,-0.025,0.5723
/kaggle/input/datasets/duc24kdl/sub-x-ray/sub_X-Ray/sub_NIH/00001499_000.png,,sub_NIH,00001499_000.png,ok,256x256 -> 1024x1024,4,1,39.72,38.28,9.662281,3.108421,0.9582,0.9905,0.2223,8.371,38.8024,8.567224,2.926982,0.9607,0.992,0.2284,0.2284,0.2284,7.8515,147.6669,62.9272,147.6669,62.9272,0.2732,38.8024,0.9607,8.567224,2.926982,0.5224,0.0015,-0.0061,0.5195
/kaggle/input/datasets/duc24kdl/sub-x-ray/sub_X-Ray/sub_NIH/00001500_002.png,,sub_NIH,00001500_002.png,ok,256x256 -> 1024x1024,4,1,39.59,39.6678,7.019407,2.649416,0.9293,0.987,0.412,8.8715,39.917,6.627974,2.574485,0.9322,0.9884,0.4427,0.4427,0.4427,8.2822,136.7847,60.9404,136.7847,60.9404,0.0887,39.917,0.9322,6.627974,2.574485,0.2492,0.0014,-0.0307,0.5893
/kaggle/input/datasets/duc24kdl/sub-x-ray/sub_X-Ray/sub_NIH/00001501_007.png,,sub_NIH,00001501_007.png,ok,256x256 -> 1024x1024,4,1,38.83,42.0332,4.071585,2.017817,0.9699,0.9929,0.2252,8.7021,42.4231,3.72197,1.929241,0.9722,0.994,0.2439,0.2439,0.2439,8.1815,161.9307,50.9655,161.9307,50.9655,0.156,42.4231,0.9722,3.72197,1.929241,0.3899,0.0011,-0.0187,0.5206
/kaggle/input/datasets/duc24kdl/sub-x-ray/sub_X-Ray/sub_NIH/00001504_007.png,,sub_NIH,00001504_007.png,ok,256x256 -> 1024x1024,4,1,39.24,38.7097,8.752085,2.958392,0.9292,0.9869,0.3544,8.9258,39.035,8.120538,2.849656,0.9321,0.9882,0.3728,0.3728,0.3728,8.4207,117.0926,67.0848,117.0926,67.0848,0.089,39.035,0.9321,8.120538,2.849656,0.3253,0.0014,-0.0184,0.5051
/kaggle/input/datasets/duc24kdl/sub-x-ray/sub_X-Ray/sub_NIH/00001504_010.png,,sub_NIH,00001504_010.png,ok,256x256 -> 1024x1024,4,1,39.4,39.3384,7.572565,2.751829,0.9318,0.9874,0.3609,8.8937,39.6244,7.089917,2.66269,0.9345,0.9887,0.3841,0.3841,0.3841,8.3966,133.165,62.9602,133.165,62.9602,0.0994,39.6244,0.9345,7.089917,2.66269,0.286,0.0013,-0.0233,0.4971
/kaggle/input/datasets/duc24kdl/sub-x-ray/sub_X-Ray/sub_NIH/00001504_012.png,,sub_NIH,00001504_012.png,ok,256x256 -> 1024x1024,4,1,39.24,39.4236,7.42546,2.72497,0.9337,0.9877,0.348,8.7649,39.6168,7.102288,2.665012,0.9362,0.989,0.3677,0.3677,0.3677,8.1821,130.5703,63.2711,130.5703,63.2711,0.0963,39.6168,0.9362,7.102288,2.665012,0.1933,0.0013,-0.0197,0.5828
/kaggle/input/datasets/duc24kdl/sub-x-ray/sub_X-Ray/sub_NIH/00001504_015.png,,sub_NIH,00001504_015.png,ok,256x256 -> 1024x1024,4,1,39.58,39.4322,7.410684,2.722257,0.9293,0.9869,0.3607,8.9014,39.6654,7.02326,2.650143,0.9321,0.9882,0.3806,0.3806,0.3806,8.3906,112.8738,65.3937,112.8738,65.3937,0.0831,39.6654,0.9321,7.02326,2.650143,0.2332,0.0013,-0.0199,0.5108
/kaggle/input/datasets/duc24kdl/sub-x-ray/sub_X-Ray/sub_NIH/00001515_000.png,,sub_NIH,00001515_000.png,ok,256x256 -> 1024x1024,4,1,39.13,33.6747,27.900394,5.282082,0.9564,0.9908,0.2617,8.2724,33.7529,27.402395,5.23473,0.9579,0.9919,0.2732,0.2732,0.2732,7.893,171.5849,59.9882,171.5849,59.9882,0.0646,33.7529,0.9579,27.402395,5.23473,0.0782,0.001,-0.0115,0.3794
/kaggle/input/datasets/duc24kdl/sub-x-ray/sub_X-Ray/sub_NIH/00001517_004.png,,sub_NIH,00001517_004.png,ok,256x256 -> 1024x1024,4,1,39.08,34.5817,22.641525,4.758311,0.9732,0.9946,0.1976,9.4072,34.7679,21.691663,4.657431,0.9749,0.9951,0.2014,0.2014,0.2014,8.6614,144.2487,67.1644,144.2487,67.1644,0.023,34.7679,0.9749,21.691663,4.657431,0.1861,0.0005,-0.0038,0.7458
/kaggle/input/datasets/duc24kdl/sub-x-ray/sub_X-Ray/sub_NIH/00001517_011.png,,sub_NIH,00001517_011.png,ok,256x256 -> 1024x1024,4,1,39.52,32.397,37.44394,6.119145,0.9482,0.988,0.2538,8.0941,32.6651,35.202623,5.93318,0.9509,0.9897,0.2494,0.2494,0.2494,7.6509,133.8468,60.6306,133.8468,60.6306,0.1125,32.6651,0.9509,35.202623,5.93318,0.2681,0.0017,0.0045,0.4432
/kaggle/input/datasets/duc24kdl/sub-x-ray/sub_X-Ray/sub_NIH/00001517_013.png,,sub_NIH,00001517_013.png,ok,256x256 -> 1024x1024,4,1,40.02,31.4529,46.536302,6.821752,0.9659,0.9921,0.2338,8.9542,31.7564,43.394934,6.587483,0.9668,0.9931,0.2363,0.2363,0.2363,8.4985,145.5063,59.5009,145.5063,59.5009,0.1317,31.7564,0.9668,43.394934,6.587483,0.3035,0.001,-0.0026,0.4557
/kaggle/input/datasets/duc24kdl/sub-x-ray/sub_X-Ray/sub_NIH/00001525_001.png,,sub_NIH,00001525_001.png,ok,256x256 -> 1024x1024,4,1,39.88,34.1541,24.984377,4.998437,0.9653,0.993,0.2244,8.5593,34.5953,22.57108,4.750903,0.9674,0.9938,0.2407,0.2407,0.2407,8.1203,166.4736,50.9314,166.4736,50.9314,-0.0127,34.5953,0.9674,22.57108,4.750903,0.4412,0.0008,-0.0163,0.4389
/kaggle/input/datasets/duc24kdl/sub-x-ray/sub_X-Ray/sub_NIH/00001526_000.png,,sub_NIH,00001526_000.png,ok,256x256 -> 1024x1024,4,1,39.94,41.5159,4.586549,2.141623,0.9781,0.9948,0.1842,9.0981,42.0256,4.078702,2.01958,0.9798,0.9956,0.1965,0.1965,0.1965,8.783,153.68,53.0765,153.68,53.0765,0.1623,42.0256,0.9798,4.078702,2.01958,0.5096,0.0008,-0.0123,0.3151
/kaggle/input/datasets/duc24kdl/sub-x-ray/sub_X-Ray/sub_NIH/00001526_008.png,,sub_NIH,00001526_008.png,ok,256x256 -> 1024x1024,4,1,38.97,33.3802,29.858002,5.464248,0.9695,0.9927,0.173,8.4625,33.823,26.963467,5.192636,0.97,0.9936,0.1786,0.1786,0.1786,7.8215,149.8534,62.7345,149.8534,62.7345,0.1947,33.823,0.97,26.963467,5.192636,0.4429,0.0009,-0.0056,0.641
/kaggle/input/datasets/duc24kdl/sub-x-ray/sub_X-Ray/sub_NIH/00001528_000.png,,sub_NIH,00001528_000.png,ok,256x256 -> 1024x1024,4,1,39.19,35.1745,19.752944,4.444428,0.9634,0.9926,0.3046,9.4867,35.3056,19.165578,4.377851,0.9642,0.9932,0.3278,0.3278,0.3278,8.9984,133.0259,38.6863,133.0259,38.6863,0.0446,35.3056,0.9642,19.165578,4.377851,0.1311,0.0006,-0.0232,0.4882
/kaggle/input/datasets/duc24kdl/sub-x-ray/sub_X-Ray/sub_NIH/00001528_002.png,,sub_NIH,00001528_002.png,ok,256x256 -> 1024x1024,4,1,40.63,35.3979,18.762607,4.331583,0.9689,0.9935,0.2568,8.938,35.5714,18.027756,4.245911,0.9696,0.9941,0.2796,0.2796,0.2796,8.4181,137.5745,43.7522,137.5745,43.7522,0.0554,35.5714,0.9696,18.027756,4.245911,0.1735,0.0006,-0.0229,0.5199
/kaggle/input/datasets/duc24kdl/sub-x-ray/sub_X-Ray/sub_NIH/00001528_004.png,,sub_NIH,00001528_004.png,ok,256x256 -> 1024x1024,4,1,39.89,35.7774,17.19255,4.14639,0.979,0.9954,0.2126,9.7216,35.8335,16.971736,4.119677,0.9798,0.9958,0.2331,0.2331,0.2331,9.1398,156.0583,38.9766,156.0583,38.9766,0.0363,35.8335,0.9798,16.971736,4.119677,0.0561,0.0005,-0.0204,0.5819
/kaggle/input/datasets/duc24kdl/sub-x-ray/sub_X-Ray/sub_NIH/00001532_000.png,,sub_NIH,00001532_000.png,ok,256x256 -> 1024x1024,4,1,39.9,39.9841,6.526304,2.554663,0.9632,0.9917,0.2455,8.7316,40.5635,5.71118,2.389807,0.9656,0.9929,0.2565,0.2565,0.2565,8.2037,159.2425,53.5266,159.2425,53.5266,0.1957,40.5635,0.9656,5.71118,2.389807,0.5794,0.0012,-0.0109,0.5279
/kaggle/input/datasets/duc24kdl/sub-x-ray/sub_X-Ray/sub_NIH/00001534_006.png,,sub_NIH,00001534_006.png,ok,256x256 -> 1024x1024,4,1,38.97,38.7804,8.610759,2.934409,0.9246,0.9863,0.3954,8.82,39.0656,8.063348,2.839603,0.9272,0.9875,0.4246,0.4246,0.4246,8.1308,128.3135,67.8409,128.3135,67.8409,0.0782,39.0656,0.9272,8.063348,2.839603,0.2853,0.0012,-0.0292,0.6892
/kaggle/input/datasets/duc24kdl/sub-x-ray/sub_X-Ray/sub_NIH/00001540_000.png,,sub_NIH,00001540_000.png,ok,256x256 -> 1024x1024,4,1,39.77,41.2387,4.888908,2.211088,0.9606,0.991,0.2419,8.5873,41.6074,4.491014,2.119201,0.9635,0.9924,0.251,0.251,0.251,8.1466,159.5488,53.1623,159.5488,53.1623,0.1732,41.6074,0.9635,4.491014,2.119201,0.3687,0.0014,-0.0091,0.4407
/kaggle/input/datasets/duc24kdl/sub-x-ray/sub_X-Ray/sub_NIH/00001540_001.png,,sub_NIH,00001540_001.png,ok,256x256 -> 1024x1024,4,1,39.7,42.4396,3.707793,1.925563,0.9643,0.9917,0.2428,8.7513,42.9754,3.277466,1.810377,0.9669,0.993,0.2551,0.2551,0.2551,8.3369,155.0847,46.6046,155.0847,46.6046,0.1586,42.9754,0.9669,3.277466,1.810377,0.5358,0.0013,-0.0123,0.4143
/kaggle/input/datasets/duc24kdl/sub-x-ray/sub_X-Ray/sub_NIH/00001543_007.png,,sub_NIH,00001543_007.png,ok,256x256 -> 1024x1024,4,1,39.85,31.7899,43.062078,6.56217,0.9747,0.9936,0.1893,9.0168,31.9501,41.50256,6.442248,0.9755,0.9943,0.1946,0.1946,0.1946,8.5538,152.6382,59.3045,152.6382,59.3045,0.093,31.9501,0.9755,41.50256,6.442248,0.1602,0.0007,-0.0053,0.463
/kaggle/input/datasets/duc24kdl/sub-x-ray/sub_X-Ray/sub_NIH/00001543_008.png,,sub_NIH,00001543_008.png,ok,256x256 -> 1024x1024,4,1,38.84,37.3581,11.947211,3.456474,0.9199,0.9854,0.3892,8.5358,37.5328,11.476291,3.387668,0.9224,0.9868,0.4136,0.4136,0.4136,8.2754,128.8672,65.5607,128.8672,65.5607,0.105,37.5328,0.9224,11.476291,3.387668,0.1746,0.0014,-0.0244,0.2605
/kaggle/input/datasets/duc24kdl/sub-x-ray/sub_X-Ray/sub_NIH/00001545_000.png,,sub_NIH,00001545_000.png,ok,256x256 -> 1024x1024,4,1,38.85,41.394,4.717108,2.17189,0.9669,0.9923,0.2254,8.5295,41.8182,4.278226,2.068387,0.9688,0.9933,0.2428,0.2428,0.2428,8.2276,148.1974,55.1191,148.1974,55.1191,0.1579,41.8182,0.9688,4.278226,2.068387,0.4241,0.001,-0.0174,0.3019
/kaggle/input/datasets/duc24kdl/sub-x-ray/sub_X-Ray/sub_NIH/00001547_001.png,,sub_NIH,00001547_001.png,ok,256x256 -> 1024x1024,4,1,39.33,38.935,8.309685,2.882652,0.9444,0.9898,0.2899,8.5098,39.3489,7.554217,2.748494,0.9464,0.9908,0.3061,0.3061,0.3061,7.8901,117.1025,71.2458,117.1025,71.2458,0.1179,39.3489,0.9464,7.554217,2.748494,0.414,0.001,-0.0162,0.6198
/kaggle/input/datasets/duc24kdl/sub-x-ray/sub_X-Ray/sub_NIH/00001547_003.png,,sub_NIH,00001547_003.png,ok,256x256 -> 1024x1024,4,1,39.26,35.5204,18.240738,4.270918,0.9679,0.9928,0.2031,8.428,35.6224,17.817406,4.221067,0.9695,0.9938,0.2074,0.2074,0.2074,8.0179,170.3346,61.9172,170.3346,61.9172,0.0479,35.6224,0.9695,17.817406,4.221067,0.102,0.001,-0.0043,0.4101
/kaggle/input/datasets/duc24kdl/sub-x-ray/sub_X-Ray/sub_NIH/00001549_002.png,,sub_NIH,00001549_002.png,ok,256x256 -> 1024x1024,4,1,39.6,31.3263,47.912564,6.92189,0.9698,0.9928,0.2599,9.0272,31.3675,47.459823,6.889109,0.9693,0.9932,0.274,0.274,0.274,8.6541,107.2751,56.9577,107.2751,56.9577,0.0525,31.3675,0.9693,47.459823,6.889109,0.0412,0.0004,-0.0141,0.3731
/kaggle/input/datasets/duc24kdl/sub-x-ray/sub_X-Ray/sub_NIH/00001549_006.png,,sub_NIH,00001549_006.png,ok,256x256 -> 1024x1024,4,1,39.95,29.8447,67.392226,8.209277,0.9514,0.9891,0.3446,8.4335,29.9768,65.374036,8.085421,0.9505,0.9898,0.3699,0.3699,0.3699,7.98,126.8206,46.2802,126.8206,46.2802,0.113,29.9768,0.9505,65.374036,8.085421,0.132,0.0006,-0.0253,0.4535
/kaggle/input/datasets/duc24kdl/sub-x-ray/sub_X-Ray/sub_NIH/00001549_018.png,,sub_NIH,00001549_018.png,ok,256x256 -> 1024x1024,4,1,38.87,31.2755,48.476741,6.962524,0.9674,0.9928,0.2968,9.6822,31.3169,48.016639,6.929404,0.9664,0.9929,0.3211,0.3211,0.3211,9.2098,106.6985,53.9225,106.6985,53.9225,0.0629,31.3169,0.9664,48.016639,6.929404,0.0414,0.0001,-0.0243,0.4724
/kaggle/input/datasets/duc24kdl/sub-x-ray/sub_X-Ray/sub_NIH/00001549_023.png,,sub_NIH,00001549_023.png,ok,256x256 -> 1024x1024,4,1,39.29,30.429,58.908841,7.675209,0.9431,0.9865,0.3558,8.1108,30.4885,58.106873,7.622786,0.9437,0.9878,0.3772,0.3772,0.3772,7.7145,118.3478,46.3057,118.3478,46.3057,0.0772,30.4885,0.9437,58.106873,7.622786,0.0595,0.0013,-0.0214,0.3963
/kaggle/input/datasets/duc24kdl/sub-x-ray/sub_X-Ray/sub_NIH/00001549_024.png,,sub_NIH,00001549_024.png,ok,256x256 -> 1024x1024,4,1,39.27,30.7064,55.263306,7.433929,0.9329,0.9852,0.3487,7.9465,30.821,53.824297,7.336504,0.9348,0.9871,0.3637,0.3637,0.3637,7.6291,121.6129,50.6648,121.6129,50.6648,0.0837,30.821,0.9348,53.824297,7.336504,0.1146,0.0019,-0.015,0.3174
/kaggle/input/datasets/duc24kdl/sub-x-ray/sub_X-Ray/sub_NIH/00001551_000.png,,sub_NIH,00001551_000.png,ok,256x256 -> 1024x1024,4,1,39.37,34.198,24.733109,4.973239,0.963,0.9923,0.1944,8.0709,35.4254,18.643954,4.317865,0.9668,0.9938,0.1872,0.1872,0.1872,7.738,114.4683,81.2281,114.4683,81.2281,0.2195,35.4254,0.9668,18.643954,4.317865,1.2274,0.0015,0.0071,0.3329
/kaggle/input/datasets/duc24kdl/sub-x-ray/sub_X-Ray/sub_NIH/00001551_001.png,,sub_NIH,00001551_001.png,ok,256x256 -> 1024x1024,4,1,39.62,38.3989,9.401265,3.066148,0.9481,0.9898,0.2918,8.31,38.7158,8.739832,2.956321,0.9501,0.991,0.3029,0.3029,0.3029,7.7493,93.0832,58.4674,93.0832,58.4674,0.1228,38.7158,0.9501,8.739832,2.956321,0.3168,0.0012,-0.0111,0.5606
/kaggle/input/datasets/duc24kdl/sub-x-ray/sub_X-Ray/sub_NIH/00001555_000.png,,sub_NIH,00001555_000.png,ok,256x256 -> 1024x1024,4,1,39.61,36.7652,13.695069,3.700685,0.9235,0.9853,0.34,8.4464,37.0061,12.955879,3.599428,0.9267,0.987,0.3527,0.3527,0.3527,7.8078,88.2375,64.3559,88.2375,64.3559,0.0813,37.0061,0.9267,12.955879,3.599428,0.241,0.0017,-0.0128,0.6386
/kaggle/input/datasets/duc24kdl/sub-x-ray/sub_X-Ray/sub_NIH/00001555_002.png,,sub_NIH,00001555_002.png,ok,256x256 -> 1024x1024,4,1,39.19,39.2429,7.740815,2.782232,0.941,0.9861,0.3128,8.2543,39.5735,7.173487,2.678337,0.9441,0.9879,0.3223,0.3223,0.3223,7.7149,104.1663,36.8005,104.1663,36.8005,0.1045,39.5735,0.9441,7.173487,2.678337,0.3306,0.0018,-0.0095,0.5393
/kaggle/input/datasets/duc24kdl/sub-x-ray/sub_X-Ray/sub_NIH/00001555_004.png,,sub_NIH,00001555_004.png,ok,256x256 -> 1024x1024,4,1,39.52,31.5563,45.441493,6.741031,0.9315,0.987,0.3206,8.7209,31.8213,42.751076,6.538431,0.9343,0.9885,0.3278,0.3278,0.3278,8.0193,93.3691,65.2641,93.3691,65.2641,0.1113,31.8213,0.9343,42.751076,6.538431,0.2651,0.0015,-0.0072,0.7016
/kaggle/input/datasets/duc24kdl/sub-x-ray/sub_X-Ray/sub_NIH/00001558_008.png,,sub_NIH,00001558_008.png,ok,256x256 -> 1024x1024,4,1,40.2,33.4624,29.297965,5.41276,0.9695,0.9928,0.2479,8.5413,33.5225,28.895286,5.375434,0.9709,0.9936,0.2631,0.2631,0.2631,8.2182,121.9187,52.3343,121.9187,52.3343,0.0911,33.5225,0.9709,28.895286,5.375434,0.0601,0.0008,-0.0152,0.3231
/kaggle/input/datasets/duc24kdl/sub-x-ray/sub_X-Ray/sub_NIH/00001558_011.png,,sub_NIH,00001558_011.png,ok,256x256 -> 1024x1024,4,1,40.06,30.8283,53.734371,7.330373,0.9652,0.991,0.2951,9.2616,30.8563,53.389323,7.3068,0.9659,0.9918,0.3126,0.3126,0.3126,8.7333,118.2266,39.4526,118.2266,39.4526,0.0912,30.8563,0.9659,53.389323,7.3068,0.028,0.0008,-0.0175,0.5284
/kaggle/input/datasets/duc24kdl/sub-x-ray/sub_X-Ray/sub_NIH/00001558_019.png,,sub_NIH,00001558_019.png,ok,256x256 -> 1024x1024,4,1,39.77,32.3092,38.208773,6.181325,0.9723,0.9929,0.2226,8.9224,32.3992,37.425011,6.117598,0.9733,0.9937,0.2315,0.2315,0.2315,8.4711,121.4158,52.8178,121.4158,52.8178,0.0968,32.3992,0.9733,37.425011,6.117598,0.09,0.0008,-0.0089,0.4513
/kaggle/input/datasets/duc24kdl/sub-x-ray/sub_X-Ray/sub_NIH/00001558_023.png,,sub_NIH,00001558_023.png,ok,256x256 -> 1024x1024,4,1,39.93,32.6393,35.412351,5.950828,0.9732,0.9936,0.2465,9.3835,32.7449,34.560975,5.878858,0.9739,0.9942,0.2644,0.2644,0.2644,8.8517,115.076,50.2242,115.076,50.2242,0.0885,32.7449,0.9739,34.560975,5.878858,0.1057,0.0006,-0.0178,0.5318
/kaggle/input/datasets/duc24kdl/sub-x-ray/sub_X-Ray/sub_NIH/00001558_028.png,,sub_NIH,00001558_028.png,ok,256x256 -> 1024x1024,4,1,40.21,30.4499,58.625893,7.656755,0.97,0.993,0.2293,9.2866,30.5371,57.460524,7.580272,0.9702,0.9936,0.2421,0.2421,0.2421,8.7383,121.6709,57.8456,121.6709,57.8456,0.0743,30.5371,0.9702,57.460524,7.580272,0.0872,0.0006,-0.0129,0.5484
/kaggle/input/datasets/duc24kdl/sub-x-ray/sub_X-Ray/sub_NIH/00001558_030.png,,sub_NIH,00001558_030.png,ok,256x256 -> 1024x1024,4,1,39.08,31.5307,45.710327,6.760941,0.9696,0.9926,0.2433,8.6301,31.6618,44.350711,6.659633,0.9703,0.9933,0.2525,0.2525,0.2525,8.2542,112.7424,62.035,112.7424,62.035,0.089,31.6618,0.9703,44.350711,6.659633,0.1311,0.0008,-0.0092,0.3759
/kaggle/input/datasets/duc24kdl/sub-x-ray/sub_X-Ray/sub_NIH/00001558_038.png,,sub_NIH,00001558_038.png,ok,256x256 -> 1024x1024,4,1,39.72,31.4863,46.179487,6.795549,0.9682,0.9929,0.2516,9.0856,31.5847,45.145165,6.719015,0.9685,0.9934,0.2694,0.2694,0.2694,8.6212,121.0957,53.0886,121.0957,53.0886,0.0527,31.5847,0.9685,45.145165,6.719015,0.0984,0.0005,-0.0178,0.4644
/kaggle/input/datasets/duc24kdl/sub-x-ray/sub_X-Ray/sub_NIH/00001559_001.png,,sub_NIH,00001559_001.png,ok,256x256 -> 1024x1024,4,1,39.85,38.5669,9.044649,3.007432,0.9364,0.9887,0.3575,8.5552,38.8242,8.524256,2.919633,0.9387,0.9898,0.3861,0.3861,0.3861,8.4032,133.8246,69.6091,133.8246,69.6091,0.0852,38.8242,0.9387,8.524256,2.919633,0.2574,0.0011,-0.0286,0.152
/kaggle/input/datasets/duc24kdl/sub-x-ray/sub_X-Ray/sub_NIH/00001561_003.png,,sub_NIH,00001561_003.png,ok,256x256 -> 1024x1024,4,1,40.0,37.6896,11.069257,3.327049,0.9586,0.9904,0.2282,7.7782,38.053,10.180878,3.190749,0.9616,0.992,0.2302,0.2302,0.2302,7.3446,147.3533,61.7272,147.3533,61.7272,0.1596,38.053,0.9616,10.180878,3.190749,0.3633,0.0016,-0.002,0.4336
/kaggle/input/datasets/duc24kdl/sub-x-ray/sub_X-Ray/sub_NIH/00001567_001.png,,sub_NIH,00001567_001.png,ok,256x256 -> 1024x1024,4,1,40.23,41.5638,4.536275,2.129853,0.9626,0.9914,0.2419,8.4178,42.1632,3.951498,1.987838,0.9652,0.9927,0.2556,0.2556,0.2556,8.122,153.1195,50.5239,153.1195,50.5239,0.2206,42.1632,0.9652,3.951498,1.987838,0.5994,0.0013,-0.0137,0.2958
/kaggle/input/datasets/duc24kdl/sub-x-ray/sub_X-Ray/sub_NIH/00001568_001.png,,sub_NIH,00001568_001.png,ok,256x256 -> 1024x1024,4,1,39.39,35.7477,17.310608,4.160602,0.9858,0.9967,0.1549,9.8608,35.7925,17.132708,4.139168,0.9864,0.997,0.1702,0.1702,0.1702,9.1702,155.0374,51.744,155.0374,51.744,0.046,35.7925,0.9864,17.132708,4.139168,0.0449,0.0003,-0.0154,0.6905
/kaggle/input/datasets/duc24kdl/sub-x-ray/sub_X-Ray/sub_NIH/00001568_003.png,,sub_NIH,00001568_003.png,ok,256x256 -> 1024x1024,4,1,39.32,35.057,20.294404,4.504931,0.9855,0.9968,0.1576,10.471,35.0963,20.111776,4.484616,0.986,0.997,0.1763,0.1763,0.1763,9.6349,165.6805,44.8012,165.6805,44.8012,0.045,35.0963,0.986,20.111776,4.484616,0.0393,0.0003,-0.0187,0.8361
/kaggle/input/datasets/duc24kdl/sub-x-ray/sub_X-Ray/sub_NIH/00001568_006.png,,sub_NIH,00001568_006.png,ok,256x256 -> 1024x1024,4,1,39.02,36.179,15.67418,3.959063,0.9726,0.9943,0.238,9.2535,36.3185,15.178717,3.895987,0.9739,0.9949,0.253,0.253,0.253,8.6437,112.0424,60.1405,112.0424,60.1405,0.0575,36.3185,0.9739,15.178717,3.895987,0.1395,0.0006,-0.0151,0.6098
/kaggle/input/datasets/duc24kdl/sub-x-ray/sub_X-Ray/sub_NIH/00001569_000.png,,sub_NIH,00001569_000.png,ok,256x256 -> 1024x1024,4,1,39.16,32.8508,33.729065,5.807673,0.9432,0.9876,0.3131,8.2816,33.0604,32.139718,5.66919,0.9456,0.9894,0.3249,0.3249,0.3249,8.148,132.8887,54.9985,132.8887,54.9985,0.0736,33.0604,0.9456,32.139718,5.66919,0.2096,0.0017,-0.0118,0.1336
/kaggle/input/datasets/duc24kdl/sub-x-ray/sub_X-Ray/sub_NIH/00001569_001.png,,sub_NIH,00001569_001.png,ok,256x256 -> 1024x1024,4,1,39.52,40.5207,5.767737,2.401611,0.9517,0.989,0.3048,8.7395,40.7973,5.411939,2.326358,0.9542,0.9904,0.3115,0.3115,0.3115,8.0351,105.7937,36.8298,105.7937,36.8298,0.1137,40.7973,0.9542,5.411939,2.326358,0.2765,0.0014,-0.0067,0.7045
/kaggle/input/datasets/duc24kdl/sub-x-ray/sub_X-Ray/sub_NIH/00001569_002.png,,sub_NIH,00001569_002.png,ok,256x256 -> 1024x1024,4,1,38.89,38.7918,8.588099,2.930546,0.9352,0.9884,0.3552,8.8635,39.0725,8.050662,2.837369,0.9374,0.9895,0.3724,0.3724,0.3724,8.4293,109.5666,68.5532,109.5666,68.5532,0.0725,39.0725,0.9374,8.050662,2.837369,0.2807,0.0012,-0.0172,0.4342
/kaggle/input/datasets/duc24kdl/sub-x-ray/sub_X-Ray/sub_NIH/00001574_000.png,,sub_NIH,00001574_000.png,ok,256x256 -> 1024x1024,4,1,39.11,40.5363,5.747078,2.397306,0.9716,0.9934,0.1695,8.5675,41.0301,5.129388,2.264815,0.9733,0.9945,0.1715,0.1715,0.1715,7.9207,162.4467,58.2909,162.4467,58.2909,0.1922,41.0301,0.9733,5.129388,2.264815,0.4938,0.0011,-0.0021,0.6468
/kaggle/input/datasets/duc24kdl/sub-x-ray/sub_X-Ray/sub_NIH/00001577_000.png,,sub_NIH,00001577_000.png,ok,256x256 -> 1024x1024,4,1,39.32,40.4535,5.857722,2.420273,0.9625,0.992,0.2932,8.713,40.7495,5.471766,2.339181,0.9647,0.993,0.3162,0.3162,0.3162,8.3046,102.0822,41.4614,102.0822,41.4614,0.0984,40.7495,0.9647,5.471766,2.339181,0.296,0.001,-0.023,0.4083
/kaggle/input/datasets/duc24kdl/sub-x-ray/sub_X-Ray/sub_NIH/00001578_000.png,,sub_NIH,00001578_000.png,ok,256x256 -> 1024x1024,4,1,40.38,37.5733,11.369681,3.371896,0.9303,0.987,0.3424,8.4222,37.9753,10.364644,3.219417,0.9333,0.9884,0.3592,0.3592,0.3592,8.022,133.9353,68.6628,133.9353,68.6628,0.1171,37.9753,0.9333,10.364644,3.219417,0.4019,0.0014,-0.0168,0.4002
/kaggle/input/datasets/duc24kdl/sub-x-ray/sub_X-Ray/sub_NIH/00001581_000.png,,sub_NIH,00001581_000.png,ok,256x256 -> 1024x1024,4,1,39.12,38.863,8.448568,2.906642,0.9631,0.9917,0.2326,8.7708,39.1342,7.937163,2.817297,0.9659,0.993,0.2429,0.2429,0.2429,8.2895,176.2656,41.7655,176.2656,41.7655,-0.0134,39.1342,0.9659,7.937163,2.817297,0.2712,0.0012,-0.0103,0.4812
/kaggle/input/datasets/duc24kdl/sub-x-ray/sub_X-Ray/sub_NIH/00001581_001.png,,sub_NIH,00001581_001.png,ok,256x256 -> 1024x1024,4,1,39.54,34.3104,24.10142,4.90932,0.9663,0.9925,0.2375,8.5549,34.3595,23.830616,4.881661,0.9679,0.9935,0.2453,0.2453,0.2453,8.089,179.2087,49.3205,179.2087,49.3205,0.0491,34.3595,0.9679,23.830616,4.881661,0.0491,0.0009,-0.0078,0.4659
/kaggle/input/datasets/duc24kdl/sub-x-ray/sub_X-Ray/sub_NIH/00001582_000.png,,sub_NIH,00001582_000.png,ok,256x256 -> 1024x1024,4,1,38.88,35.0585,20.28775,4.504193,0.9615,0.9917,0.2532,8.8719,35.6067,17.881727,4.228679,0.9636,0.9931,0.264,0.264,0.264,8.132,134.4565,51.5926,134.4565,51.5926,0.1208,35.6067,0.9636,17.881727,4.228679,0.5482,0.0014,-0.0108,0.7399
/kaggle/input/datasets/duc24kdl/sub-x-ray/sub_X-Ray/sub_NIH/00001582_010.png,,sub_NIH,00001582_010.png,ok,256x256 -> 1024x1024,4,1,39.02,34.9767,20.673217,4.546781,0.9615,0.9916,0.2568,8.2114,35.4625,18.485594,4.299488,0.9636,0.993,0.2582,0.2582,0.2582,7.7984,143.493,39.5252,143.493,39.5252,0.1612,35.4625,0.9636,18.485594,4.299488,0.4857,0.0015,-0.0014,0.413
/kaggle/input/datasets/duc24kdl/sub-x-ray/sub_X-Ray/sub_NIH/00001582_019.png,,sub_NIH,00001582_019.png,ok,256x256 -> 1024x1024,4,1,39.17,37.4176,11.784785,3.432897,0.9341,0.9876,0.3233,8.4135,37.963,10.393903,3.223958,0.9371,0.9891,0.339,0.339,0.339,7.8405,96.9008,65.7932,96.9008,65.7932,0.1074,37.963,0.9371,10.393903,3.223958,0.5454,0.0015,-0.0157,0.573
/kaggle/input/datasets/duc24kdl/sub-x-ray/sub_X-Ray/sub_NIH/00001582_020.png,,sub_NIH,00001582_020.png,ok,256x256 -> 1024x1024,4,1,39.06,37.685,11.081036,3.328819,0.9432,0.9888,0.3305,8.5108,37.9858,10.339428,3.215498,0.9452,0.99,0.3486,0.3486,0.3486,8.201,97.8391,55.4615,97.8391,55.4615,0.1166,37.9858,0.9452,10.339428,3.215498,0.3008,0.0012,-0.0181,0.3099
/kaggle/input/datasets/duc24kdl/sub-x-ray/sub_X-Ray/sub_NIH/00001583_002.png,,sub_NIH,00001583_002.png,ok,256x256 -> 1024x1024,4,1,39.31,33.4537,29.357056,5.418215,0.9638,0.9915,0.2697,8.9614,33.6079,28.3326,5.322838,0.9658,0.9928,0.2739,0.2739,0.2739,8.3432,113.1428,52.4289,113.1428,52.4289,0.1157,33.6079,0.9658,28.3326,5.322838,0.1543,0.0013,-0.0043,0.6181
/kaggle/input/datasets/duc24kdl/sub-x-ray/sub_X-Ray/sub_NIH/00001583_011.png,,sub_NIH,00001583_011.png,ok,256x256 -> 1024x1024,4,1,39.08,33.584,28.489456,5.337551,0.936,0.9878,0.3586,8.5916,34.0701,25.472186,5.046998,0.9383,0.9891,0.3715,0.3715,0.3715,8.1365,98.4552,57.7489,98.4552,57.7489,0.1208,34.0701,0.9383,25.472186,5.046998,0.4862,0.0012,-0.013,0.4551
/kaggle/input/datasets/duc24kdl/sub-x-ray/sub_X-Ray/sub_NIH/00001584_002.png,,sub_NIH,00001584_002.png,ok,256x256 -> 1024x1024,4,1,39.25,37.8441,10.682515,3.268412,0.9439,0.9875,0.2918,8.2644,38.3446,9.519556,3.085378,0.9471,0.9893,0.3048,0.3048,0.3048,8.0901,152.8242,49.2278,152.8242,49.2278,0.1309,38.3446,0.9471,9.519556,3.085378,0.5006,0.0018,-0.013,0.1743
/kaggle/input/datasets/duc24kdl/sub-x-ray/sub_X-Ray/sub_NIH/00001587_000.png,,sub_NIH,00001587_000.png,ok,256x256 -> 1024x1024,4,1,39.91,37.8962,10.554947,3.248838,0.9326,0.9873,0.3526,8.6383,38.2105,9.818168,3.133396,0.9351,0.9887,0.369,0.369,0.369,8.0332,121.0671,61.7911,121.0671,61.7911,0.1191,38.2105,0.9351,9.818168,3.133396,0.3143,0.0014,-0.0164,0.605
/kaggle/input/datasets/duc24kdl/sub-x-ray/sub_X-Ray/sub_NIH/00001589_001.png,,sub_NIH,00001589_001.png,ok,256x256 -> 1024x1024,4,1,40.23,36.7853,13.631721,3.692116,0.9539,0.9893,0.279,8.5836,36.9481,13.130157,3.623556,0.9568,0.9908,0.296,0.296,0.296,8.1807,170.4754,46.8674,170.4754,46.8674,0.1185,36.9481,0.9568,13.130157,3.623556,0.1628,0.0014,-0.0171,0.4028
/kaggle/input/datasets/duc24kdl/sub-x-ray/sub_X-Ray/sub_NIH/00001599_000.png,,sub_NIH,00001599_000.png,ok,256x256 -> 1024x1024,4,1,39.45,34.6235,22.425081,4.735513,0.9574,0.9911,0.2516,8.6569,35.0187,20.474193,4.524842,0.9593,0.9925,0.2573,0.2573,0.2573,8.0932,166.5099,59.4306,166.5099,59.4306,0.0265,35.0187,0.9593,20.474193,4.524842,0.3953,0.0014,-0.0057,0.5636
/kaggle/input/datasets/duc24kdl/sub-x-ray/sub_X-Ray/sub_NIH/00001600_001.png,,sub_NIH,00001600_001.png,ok,256x256 -> 1024x1024,4,1,39.72,33.6933,27.781038,5.270772,0.9662,0.9928,0.2741,9.0259,33.8624,26.720316,5.16917,0.967,0.9935,0.2943,0.2943,0.2943,8.4489,144.6837,43.383,144.6837,43.383,0.053,33.8624,0.967,26.720316,5.16917,0.1691,0.0007,-0.0202,0.5769
/kaggle/input/datasets/duc24kdl/sub-x-ray/sub_X-Ray/sub_NIH/00001601_002.png,,sub_NIH,00001601_002.png,ok,256x256 -> 1024x1024,4,1,39.77,41.2689,4.855008,2.203408,0.9635,0.992,0.2707,8.8227,41.5802,4.519142,2.125827,0.9657,0.9929,0.2889,0.2889,0.2889,8.2079,105.8116,38.9872,105.8116,38.9872,0.1028,41.5802,0.9657,4.519142,2.125827,0.3113,0.0009,-0.0182,0.6148
/kaggle/input/datasets/duc24kdl/sub-x-ray/sub_X-Ray/sub_NIH/00001601_006.png,,sub_NIH,00001601_006.png,ok,256x256 -> 1024x1024,4,1,38.88,33.3288,30.213343,5.496667,0.9674,0.9925,0.2907,8.7117,33.6163,28.27842,5.317746,0.9689,0.9934,0.3029,0.3029,0.3029,8.3887,115.8755,43.2494,115.8755,43.2494,0.1143,33.6163,0.9689,28.27842,5.317746,0.2874,0.0009,-0.0122,0.323
/kaggle/input/datasets/duc24kdl/sub-x-ray/sub_X-Ray/sub_NIH/00001601_011.png,,sub_NIH,00001601_011.png,ok,256x256 -> 1024x1024,4,1,38.71,31.034,51.248114,7.158779,0.9497,0.9884,0.3235,8.2231,31.1591,49.793458,7.056448,0.9505,0.9895,0.3315,0.3315,0.3315,7.7414,114.0454,45.9066,114.0454,45.9066,0.0843,31.1591,0.9505,49.793458,7.056448,0.1251,0.0011,-0.0081,0.4817
/kaggle/input/datasets/duc24kdl/sub-x-ray/sub_X-Ray/sub_NIH/00001603_001.png,,sub_NIH,00001603_001.png,ok,256x256 -> 1024x1024,4,1,39.06,39.0126,8.162513,2.857011,0.9332,0.9875,0.3407,8.3904,39.1475,7.912758,2.812962,0.9358,0.9889,0.358,0.358,0.358,7.8944,123.4674,64.8652,123.4674,64.8652,0.0921,39.1475,0.9358,7.912758,2.812962,0.135,0.0014,-0.0173,0.496
/kaggle/input/datasets/duc24kdl/sub-x-ray/sub_X-Ray/sub_NIH/00001606_002.png,,sub_NIH,00001606_002.png,ok,256x256 -> 1024x1024,4,1,39.82,40.9379,5.239454,2.288985,0.9597,0.9912,0.2915,8.4692,41.2281,4.900881,2.213793,0.9618,0.9922,0.3122,0.3122,0.3122,8.1569,111.1042,30.5584,111.1042,30.5584,0.1009,41.2281,0.9618,4.900881,2.213793,0.2901,0.001,-0.0207,0.3124
/kaggle/input/datasets/duc24kdl/sub-x-ray/sub_X-Ray/sub_NIH/00001613_003.png,,sub_NIH,00001613_003.png,ok,256x256 -> 1024x1024,4,1,39.13,34.6609,22.23245,4.71513,0.9757,0.9945,0.2086,9.5522,34.9203,20.94337,4.576393,0.9765,0.9952,0.2214,0.2214,0.2214,8.6954,112.31,63.907,112.31,63.907,0.0974,34.9203,0.9765,20.94337,4.576393,0.2594,0.0006,-0.0129,0.8568
/kaggle/input/datasets/duc24kdl/sub-x-ray/sub_X-Ray/sub_NIH/00001615_001.png,,sub_NIH,00001615_001.png,ok,256x256 -> 1024x1024,4,1,39.88,31.3649,47.4888,6.891212,0.9712,0.9923,0.22,9.2555,31.4822,46.223082,6.798756,0.9721,0.9932,0.2343,0.2343,0.2343,8.726,156.3848,47.9135,156.3848,47.9135,0.108,31.4822,0.9721,46.223082,6.798756,0.1173,0.0009,-0.0143,0.5295
/kaggle/input/datasets/duc24kdl/sub-x-ray/sub_X-Ray/sub_NIH/00001615_003.png,,sub_NIH,00001615_003.png,ok,256x256 -> 1024x1024,4,1,39.76,38.8334,8.506209,2.916541,0.9292,0.9867,0.3653,8.7651,39.1057,7.98941,2.826554,0.9324,0.9883,0.3822,0.3822,0.3822,7.8624,116.2442,69.1135,116.2442,69.1135,0.0913,39.1057,0.9324,7.98941,2.826554,0.2722,0.0015,-0.0169,0.9027
/kaggle/input/datasets/duc24kdl/sub-x-ray/sub_X-Ray/sub_NIH/00001616_002.png,,sub_NIH,00001616_002.png,ok,256x256 -> 1024x1024,4,1,39.04,30.2336,61.619181,7.849789,0.938,0.9866,0.3678,8.1519,30.4087,59.185293,7.693198,0.9382,0.9876,0.3932,0.3932,0.3932,7.7265,127.8806,47.8094,127.8806,47.8094,0.1099,30.4087,0.9382,59.185293,7.693198,0.175,0.0009,-0.0254,0.4254
/kaggle/input/datasets/duc24kdl/sub-x-ray/sub_X-Ray/sub_NIH/00001616_010.png,,sub_NIH,00001616_010.png,ok,256x256 -> 1024x1024,4,1,39.15,37.8189,10.74449,3.277879,0.9291,0.9875,0.3754,8.8387,38.0551,10.175892,3.189967,0.9317,0.9887,0.4001,0.4001,0.4001,8.1986,136.5778,73.3452,136.5778,73.3452,0.0691,38.0551,0.9317,10.175892,3.189967,0.2361,0.0012,-0.0248,0.6401
/kaggle/input/datasets/duc24kdl/sub-x-ray/sub_X-Ray/sub_NIH/00001616_012.png,,sub_NIH,00001616_012.png,ok,256x256 -> 1024x1024,4,1,39.12,35.3896,18.798458,4.335719,0.9658,0.9926,0.2107,8.2674,35.8708,16.826901,4.102061,0.9668,0.9935,0.2205,0.2205,0.2205,7.8486,168.1703,67.7733,168.1703,67.7733,0.2162,35.8708,0.9668,16.826901,4.102061,0.4812,0.0008,-0.0098,0.4188
/kaggle/input/datasets/duc24kdl/sub-x-ray/sub_X-Ray/sub_NIH/00001618_001.png,,sub_NIH,00001618_001.png,ok,256x256 -> 1024x1024,4,1,39.02,40.8908,5.296642,2.301443,0.9664,0.9922,0.2329,8.6856,41.4878,4.616331,2.148565,0.9688,0.9934,0.246,0.246,0.246,8.1661,166.5657,44.5171,166.5657,44.5171,0.1706,41.4878,0.9688,4.616331,2.148565,0.597,0.0012,-0.0131,0.5195
/kaggle/input/datasets/duc24kdl/sub-x-ray/sub_X-Ray/sub_NIH/00001619_000.png,,sub_NIH,00001619_000.png,ok,256x256 -> 1024x1024,4,1,40.16,36.6454,14.078084,3.752077,0.9213,0.9858,0.4103,8.7299,36.9224,13.208194,3.634308,0.9244,0.9873,0.4373,0.4373,0.4373,8.2927,140.1752,63.4677,140.1752,63.4677,0.0995,36.9224,0.9244,13.208194,3.634308,0.277,0.0014,-0.0269,0.4372
/kaggle/input/datasets/duc24kdl/sub-x-ray/sub_X-Ray/sub_NIH/00001622_000.png,,sub_NIH,00001622_000.png,ok,256x256 -> 1024x1024,4,1,39.78,41.9805,4.121241,2.030084,0.9632,0.9914,0.2572,8.9277,42.474,3.678554,1.917956,0.9658,0.9926,0.2708,0.2708,0.2708,8.4274,169.4625,37.8918,169.4625,37.8918,0.1825,42.474,0.9658,3.678554,1.917956,0.4935,0.0013,-0.0136,0.5002
/kaggle/input/datasets/duc24kdl/sub-x-ray/sub_X-Ray/sub_NIH/00001622_001.png,,sub_NIH,00001622_001.png,ok,256x256 -> 1024x1024,4,1,38.94,40.5272,5.759196,2.399833,0.9536,0.9895,0.2952,8.7769,40.9792,5.189931,2.278142,0.9566,0.991,0.3112,0.3112,0.3112,8.3842,162.1602,43.006,162.1602,43.006,0.148,40.9792,0.9566,5.189931,2.278142,0.452,0.0016,-0.016,0.3927
/kaggle/input/datasets/duc24kdl/sub-x-ray/sub_X-Ray/sub_NIH/00001626_000.png,,sub_NIH,00001626_000.png,ok,256x256 -> 1024x1024,4,1,38.88,47.1177,1.26272,1.123708,0.9839,0.9961,0.1351,10.3887,47.3796,1.188822,1.090331,0.9852,0.9966,0.1518,0.1518,0.1518,9.4834,171.7417,26.9416,171.7417,26.9416,0.0751,47.3796,0.9852,1.188822,1.090331,0.2619,0.0005,-0.0167,0.9053
/kaggle/input/datasets/duc24kdl/sub-x-ray/sub_X-Ray/sub_NIH/00001629_001.png,,sub_NIH,00001629_001.png,ok,256x256 -> 1024x1024,4,1,39.15,32.2058,39.129281,6.25534,0.9744,0.9944,0.246,10.8978,32.4322,37.141359,6.094371,0.9752,0.9949,0.2735,0.2735,0.2735,9.7456,117.9115,62.1788,117.9115,62.1788,0.1095,32.4322,0.9752,37.141359,6.094371,0.2264,0.0005,-0.0275,1.1521
/kaggle/input/datasets/duc24kdl/sub-x-ray/sub_X-Ray/sub_NIH/00001629_003.png,,sub_NIH,00001629_003.png,ok,256x256 -> 1024x1024,4,1,40.27,30.9216,52.592522,7.25207,0.9696,0.9929,0.25,9.7915,30.953,52.213016,7.225857,0.9699,0.9933,0.2796,0.2796,0.2796,9.0285,165.7756,39.9015,165.7756,39.9015,0.0748,30.953,0.9699,52.213016,7.225857,0.0315,0.0004,-0.0296,0.763
/kaggle/input/datasets/duc24kdl/sub-x-ray/sub_X-Ray/sub_NIH/00001629_006.png,,sub_NIH,00001629_006.png,ok,256x256 -> 1024x1024,4,1,39.01,38.9053,8.366639,2.892514,0.9284,0.9877,0.399,8.9843,39.1093,7.982631,2.825355,0.9307,0.9887,0.4278,0.4278,0.4278,8.5038,138.5615,74.4862,138.5615,74.4862,0.0705,39.1093,0.9307,7.982631,2.825355,0.204,0.001,-0.0288,0.4806
/kaggle/input/datasets/duc24kdl/sub-x-ray/sub_X-Ray/sub_NIH/00001629_009.png,,sub_NIH,00001629_009.png,ok,256x256 -> 1024x1024,4,1,39.32,33.4482,29.393876,5.421612,0.9688,0.9938,0.2789,10.0501,33.6634,27.972908,5.288942,0.9694,0.9941,0.3101,0.3101,0.3101,9.1478,114.6981,57.8079,114.6981,57.8079,0.0766,33.6634,0.9694,27.972908,5.288942,0.2152,0.0004,-0.0312,0.9023
/kaggle/input/datasets/duc24kdl/sub-x-ray/sub_X-Ray/sub_NIH/00001634_010.png,,sub_NIH,00001634_010.png,ok,256x256 -> 1024x1024,4,1,39.99,36.7224,13.830512,3.71894,0.9235,0.9863,0.4175,8.6632,36.8237,13.511566,3.675808,0.9262,0.9876,0.45,0.45,0.45,8.047,132.4363,65.0131,132.4363,65.0131,0.0727,36.8237,0.9262,13.511566,3.675808,0.1013,0.0013,-0.0325,0.6162
/kaggle/input/datasets/duc24kdl/sub-x-ray/sub_X-Ray/sub_NIH/00001637_002.png,,sub_NIH,00001637_002.png,ok,256x256 -> 1024x1024,4,1,39.33,34.2089,24.67139,4.96703,0.9412,0.9876,0.3106,8.2734,34.3284,24.001491,4.899132,0.9445,0.9891,0.326,0.326,0.326,7.7321,126.9321,53.6684,126.9321,53.6684,0.0189,34.3284,0.9445,24.001491,4.899132,0.1196,0.0015,-0.0155,0.5413
/kaggle/input/datasets/duc24kdl/sub-x-ray/sub_X-Ray/sub_NIH/00001637_006.png,,sub_NIH,00001637_006.png,ok,256x256 -> 1024x1024,4,1,38.52,32.7739,34.331675,5.859324,0.9634,0.9916,0.1952,7.5353,33.2673,30.644661,5.535762,0.9655,0.9929,0.1888,0.1888,0.1888,7.0458,57.1211,64.25,57.1211,64.25,0.1577,33.2673,0.9655,30.644661,5.535762,0.4934,0.0013,0.0064,0.4896
/kaggle/input/datasets/duc24kdl/sub-x-ray/sub_X-Ray/sub_NIH/00001637_008.png,,sub_NIH,00001637_008.png,ok,256x256 -> 1024x1024,4,1,39.89,37.3637,11.931891,3.454257,0.9309,0.9867,0.3444,8.7846,37.7043,11.031876,3.321427,0.9337,0.9882,0.3623,0.3623,0.3623,8.2856,88.8234,59.9071,88.8234,59.9071,0.1296,37.7043,0.9337,11.031876,3.321427,0.3406,0.0014,-0.0178,0.499
/kaggle/input/datasets/duc24kdl/sub-x-ray/sub_X-Ray/sub_NIH/00001637_010.png,,sub_NIH,00001637_010.png,ok,256x256 -> 1024x1024,4,1,39.29,36.924,13.203219,3.633623,0.9243,0.9854,0.365,8.6048,37.3479,11.975302,3.460535,0.9273,0.987,0.3823,0.3823,0.3823,8.1489,102.7953,59.9355,102.7953,59.9355,0.1286,37.3479,0.9273,11.975302,3.460535,0.4239,0.0016,-0.0172,0.4559
/kaggle/input/datasets/duc24kdl/sub-x-ray/sub_X-Ray/sub_NIH/00001637_011.png,,sub_NIH,00001637_011.png,ok,256x256 -> 1024x1024,4,1,39.71,30.709,55.230067,7.431693,0.9618,0.9916,0.2371,8.9715,30.929,52.502841,7.245884,0.9627,0.9926,0.2389,0.2389,0.2389,8.5037,90.7509,68.2574,90.7509,68.2574,0.0971,30.929,0.9627,52.502841,7.245884,0.2199,0.001,-0.0018,0.4678
/kaggle/input/datasets/duc24kdl/sub-x-ray/sub_X-Ray/sub_NIH/00001641_000.png,,sub_NIH,00001641_000.png,ok,256x256 -> 1024x1024,4,1,38.96,30.5532,57.24823,7.566256,0.9261,0.9836,0.3228,8.0363,30.7963,54.131143,7.357387,0.9285,0.9858,0.3303,0.3303,0.3303,7.6345,124.7184,53.8788,124.7184,53.8788,0.0916,30.7963,0.9285,54.131143,7.357387,0.2431,0.0022,-0.0074,0.4018
/kaggle/input/datasets/duc24kdl/sub-x-ray/sub_X-Ray/sub_NIH/00001641_001.png,,sub_NIH,00001641_001.png,ok,256x256 -> 1024x1024,4,1,39.32,30.7585,54.604247,7.389469,0.9451,0.9878,0.251,7.8615,31.0343,51.244307,7.158513,0.9462,0.9895,0.253,0.253,0.253,7.3362,124.1089,70.9893,124.1089,70.9893,0.1219,31.0343,0.9462,51.244307,7.158513,0.2758,0.0016,-0.0021,0.5254
/kaggle/input/datasets/duc24kdl/sub-x-ray/sub_X-Ray/sub_NIH/00001641_005.png,,sub_NIH,00001641_005.png,ok,256x256 -> 1024x1024,4,1,39.24,37.7688,10.869167,3.296842,0.9631,0.9913,0.2226,7.8848,38.1953,9.852501,3.138869,0.9652,0.9926,0.2297,0.2297,0.2297,7.5495,146.877,53.9707,146.877,53.9707,0.1819,38.1953,0.9652,9.852501,3.138869,0.4265,0.0014,-0.0071,0.3354
/kaggle/input/datasets/duc24kdl/sub-x-ray/sub_X-Ray/sub_NIH/00001641_006.png,,sub_NIH,00001641_006.png,ok,256x256 -> 1024x1024,4,1,38.73,33.9636,26.10475,5.109281,0.9574,0.9909,0.23,8.0828,34.5716,22.6945,4.763874,0.9597,0.9924,0.227,0.227,0.227,7.7226,145.4883,72.6807,145.4883,72.6807,0.1277,34.5716,0.9597,22.6945,4.763874,0.608,0.0015,0.003,0.3602
/kaggle/input/datasets/duc24kdl/sub-x-ray/sub_X-Ray/sub_NIH/00001642_000.png,,sub_NIH,00001642_000.png,ok,256x256 -> 1024x1024,4,1,38.98,32.3286,38.038083,6.167502,0.9557,0.9902,0.25,8.2419,33.1418,31.542486,5.61627,0.957,0.9912,0.2504,0.2504,0.2504,8.0337,179.4352,50.6785,179.4352,50.6785,0.2457,33.1418,0.957,31.542486,5.61627,0.8132,0.0011,-0.0003,0.2082
/kaggle/input/datasets/duc24kdl/sub-x-ray/sub_X-Ray/sub_NIH/00001649_001.png,,sub_NIH,00001649_001.png,ok,256x256 -> 1024x1024,4,1,39.24,30.0175,64.76366,8.047587,0.9444,0.9881,0.3153,8.0831,30.1001,63.542656,7.971365,0.9445,0.989,0.3353,0.3353,0.3353,7.9021,143.357,56.5637,143.357,56.5637,0.0326,30.1001,0.9445,63.542656,7.971365,0.0827,0.0009,-0.02,0.181
/kaggle/input/datasets/duc24kdl/sub-x-ray/sub_X-Ray/sub_NIH/00001649_002.png,,sub_NIH,00001649_002.png,ok,256x256 -> 1024x1024,4,1,39.89,40.5871,5.680351,2.383349,0.9523,0.9896,0.3058,8.2399,40.8999,5.285569,2.299037,0.9552,0.9909,0.3231,0.3231,0.3231,7.9326,107.3693,35.7432,107.3693,35.7432,0.1034,40.8999,0.9552,5.285569,2.299037,0.3128,0.0013,-0.0173,0.3073
/kaggle/input/datasets/duc24kdl/sub-x-ray/sub_X-Ray/sub_NIH/00001650_000.png,,sub_NIH,00001650_000.png,ok,256x256 -> 1024x1024,4,1,39.49,34.7578,21.741903,4.662821,0.9792,0.9951,0.2059,9.5441,34.8104,21.480523,4.634709,0.9801,0.9957,0.2218,0.2218,0.2218,8.851,177.5219,32.5327,177.5219,32.5327,0.0382,34.8104,0.9801,21.480523,4.634709,0.0525,0.0005,-0.0159,0.6931
/kaggle/input/datasets/duc24kdl/sub-x-ray/sub_X-Ray/sub_NIH/00001650_002.png,,sub_NIH,00001650_002.png,ok,256x256 -> 1024x1024,4,1,39.98,37.1599,12.50512,3.536258,0.977,0.995,0.2624,9.8183,37.2641,12.208643,3.494087,0.9782,0.9956,0.2877,0.2877,0.2877,9.1277,118.7657,38.9005,118.7657,38.9005,0.0411,37.2641,0.9782,12.208643,3.494087,0.1042,0.0005,-0.0253,0.6906
/kaggle/input/datasets/duc24kdl/sub-x-ray/sub_X-Ray/sub_NIH/00001650_009.png,,sub_NIH,00001650_009.png,ok,256x256 -> 1024x1024,4,1,38.89,38.8578,8.458696,2.908384,0.9315,0.9872,0.3588,8.8848,39.1191,7.964753,2.822189,0.934,0.9885,0.3782,0.3782,0.3782,8.5271,113.7598,65.0287,113.7598,65.0287,0.0935,39.1191,0.934,7.964753,2.822189,0.2613,0.0013,-0.0194,0.3577
/kaggle/input/datasets/duc24kdl/sub-x-ray/sub_X-Ray/sub_NIH/00001660_000.png,,sub_NIH,00001660_000.png,ok,256x256 -> 1024x1024,4,1,39.6,38.3996,9.399885,3.065923,0.9568,0.9903,0.2262,8.3996,38.64,8.893751,2.982239,0.9597,0.9917,0.2409,0.2409,0.2409,8.1278,169.3874,49.9223,169.3874,49.9223,0.0327,38.64,0.9597,8.893751,2.982239,0.2404,0.0014,-0.0146,0.2718
/kaggle/input/datasets/duc24kdl/sub-x-ray/sub_X-Ray/sub_NIH/00001664_000.png,,sub_NIH,00001664_000.png,ok,256x256 -> 1024x1024,4,1,39.79,34.9378,20.859093,4.567176,0.9639,0.9918,0.2268,8.3269,35.0293,20.42422,4.519316,0.966,0.993,0.2314,0.2314,0.2314,7.8951,172.6978,51.594,172.6978,51.594,0.0575,35.0293,0.966,20.42422,4.519316,0.0915,0.0012,-0.0046,0.4318
/kaggle/input/datasets/duc24kdl/sub-x-ray/sub_X-Ray/sub_NIH/00001665_000.png,,sub_NIH,00001665_000.png,ok,256x256 -> 1024x1024,4,1,39.94,36.0556,16.125952,4.015713,0.9666,0.9924,0.2312,8.5012,36.166,15.720897,3.964959,0.9685,0.9935,0.2435,0.2435,0.2435,8.0127,162.0218,50.6815,162.0218,50.6815,0.0576,36.166,0.9685,15.720897,3.964959,0.1105,0.0011,-0.0124,0.4885
/kaggle/input/datasets/duc24kdl/sub-x-ray/sub_X-Ray/sub_NIH/00001668_000.png,,sub_NIH,00001668_000.png,ok,256x256 -> 1024x1024,4,1,39.04,38.8671,8.440559,2.905264,0.9345,0.988,0.3416,8.7723,39.1776,7.858198,2.803248,0.9373,0.9892,0.3615,0.3615,0.3615,8.1993,118.0693,66.2519,118.0693,66.2519,0.084,39.1776,0.9373,7.858198,2.803248,0.3105,0.0013,-0.0199,0.573
/kaggle/input/datasets/duc24kdl/sub-x-ray/sub_X-Ray/sub_NIH/00001671_000.png,,sub_NIH,00001671_000.png,ok,256x256 -> 1024x1024,4,1,38.89,40.4505,5.861823,2.42112,0.9539,0.99,0.3023,8.4626,40.7365,5.488268,2.342705,0.9566,0.9912,0.3211,0.3211,0.3211,8.2334,108.2386,34.8474,108.2386,34.8474,0.1005,40.7365,0.9566,5.488268,2.342705,0.286,0.0012,-0.0188,0.2291
/kaggle/input/datasets/duc24kdl/sub-x-ray/sub_X-Ray/sub_NIH/00001672_000.png,,sub_NIH,00001672_000.png,ok,256x256 -> 1024x1024,4,1,39.95,38.75,8.671203,2.944691,0.94,0.989,0.3091,8.5424,39.0411,8.109072,2.847643,0.9426,0.9903,0.3209,0.3209,0.3209,8.0274,96.3867,71.0004,96.3867,71.0004,0.0863,39.0411,0.9426,8.109072,2.847643,0.2911,0.0013,-0.0117,0.515
/kaggle/input/datasets/duc24kdl/sub-x-ray/sub_X-Ray/sub_NIH/00001673_013.png,,sub_NIH,00001673_013.png,ok,256x256 -> 1024x1024,4,1,39.28,35.8174,17.034791,4.127323,0.972,0.9942,0.2563,9.3334,35.9906,16.368987,4.045861,0.9733,0.9948,0.2784,0.2784,0.2784,8.7158,116.0888,58.2333,116.0888,58.2333,0.0625,35.9906,0.9733,16.368987,4.045861,0.1731,0.0006,-0.022,0.6176
/kaggle/input/datasets/duc24kdl/sub-x-ray/sub_X-Ray/sub_NIH/00001673_014.png,,sub_NIH,00001673_014.png,ok,256x256 -> 1024x1024,4,1,38.77,39.9666,6.552776,2.559839,0.9442,0.99,0.2855,8.2418,40.1989,6.211422,2.492273,0.9466,0.991,0.3004,0.3004,0.3004,7.8701,88.9668,74.1052,88.9668,74.1052,0.0833,40.1989,0.9466,6.211422,2.492273,0.2323,0.0011,-0.0149,0.3717
/kaggle/input/datasets/duc24kdl/sub-x-ray/sub_X-Ray/sub_NIH/00001673_015.png,,sub_NIH,00001673_015.png,ok,256x256 -> 1024x1024,4,1,39.18,31.9884,41.137547,6.413856,0.9417,0.9874,0.302,7.8311,32.1982,39.197936,6.260826,0.9424,0.9888,0.3012,0.3012,0.3012,7.4062,109.327,59.2923,109.327,59.2923,0.0957,32.1982,0.9424,39.197936,6.260826,0.2098,0.0014,0.0008,0.4249
/kaggle/input/datasets/duc24kdl/sub-x-ray/sub_X-Ray/sub_NIH/00001673_017.png,,sub_NIH,00001673_017.png,ok,256x256 -> 1024x1024,4,1,40.15,31.1351,50.069662,7.075992,0.9437,0.9879,0.3073,8.229,31.4151,46.94259,6.851466,0.9452,0.9893,0.3146,0.3146,0.3146,7.5233,120.0355,55.8718,120.0355,55.8718,0.1259,31.4151,0.9452,46.94259,6.851466,0.2801,0.0014,-0.0074,0.7057
/kaggle/input/datasets/duc24kdl/sub-x-ray/sub_X-Ray/sub_NIH/00001674_001.png,,sub_NIH,00001674_001.png,ok,256x256 -> 1024x1024,4,1,39.76,35.0588,20.285998,4.503998,0.9612,0.9914,0.2188,8.203,35.3521,18.961366,4.354465,0.9629,0.9926,0.2249,0.2249,0.2249,7.7711,157.4348,61.3758,157.4348,61.3758,0.2667,35.3521,0.9629,18.961366,4.354465,0.2933,0.0012,-0.0061,0.4319
/kaggle/input/datasets/duc24kdl/sub-x-ray/sub_X-Ray/sub_NIH/00001675_000.png,,sub_NIH,00001675_000.png,ok,256x256 -> 1024x1024,4,1,39.26,42.5485,3.616053,1.901592,0.9689,0.9928,0.217,8.9127,43.0729,3.204722,1.790174,0.9715,0.9939,0.2273,0.2273,0.2273,8.521,169.7952,47.3335,169.7952,47.3335,0.1415,43.0729,0.9715,3.204722,1.790174,0.5244,0.0012,-0.0103,0.3918
/kaggle/input/datasets/duc24kdl/sub-x-ray/sub_X-Ray/sub_NIH/00001679_000.png,,sub_NIH,00001679_000.png,ok,256x256 -> 1024x1024,4,1,39.99,36.9926,12.996407,3.605053,0.9323,0.9877,0.3355,8.4038,37.1938,12.407932,3.522489,0.9345,0.989,0.3539,0.3539,0.3539,7.9014,116.2159,71.9983,116.2159,71.9983,0.0908,37.1938,0.9345,12.407932,3.522489,0.2012,0.0013,-0.0183,0.5024
/kaggle/input/datasets/duc24kdl/sub-x-ray/sub_X-Ray/sub_NIH/00001680_000.png,,sub_NIH,00001680_000.png,ok,256x256 -> 1024x1024,4,1,39.01,32.2997,38.292594,6.188101,0.94,0.9872,0.2786,7.9443,33.6625,27.978858,5.289505,0.9438,0.9898,0.2703,0.2703,0.2703,7.4997,102.3554,68.0404,102.3554,68.0404,0.2455,33.6625,0.9438,27.978858,5.289505,1.3628,0.0026,0.0083,0.4447
/kaggle/input/datasets/duc24kdl/sub-x-ray/sub_X-Ray/sub_NIH/00001684_002.png,,sub_NIH,00001684_002.png,ok,256x256 -> 1024x1024,4,1,37.95,35.3851,18.817765,4.337945,0.9747,0.9946,0.2253,9.09,35.4766,18.425387,4.29248,0.9758,0.9952,0.2374,0.2374,0.2374,8.5908,152.7392,50.1032,152.7392,50.1032,0.0516,35.4766,0.9758,18.425387,4.29248,0.0915,0.0006,-0.0121,0.4992
/kaggle/input/datasets/duc24kdl/sub-x-ray/sub_X-Ray/sub_NIH/00001684_017.png,,sub_NIH,00001684_017.png,ok,256x256 -> 1024x1024,4,1,40.44,33.8534,26.775815,5.174535,0.9693,0.9933,0.2545,9.1809,33.9277,26.321741,5.130472,0.9706,0.9942,0.2634,0.2634,0.2634,8.6909,161.1876,49.8506,161.1876,49.8506,0.0584,33.9277,0.9706,26.321741,5.130472,0.0743,0.0009,-0.0089,0.4901
/kaggle/input/datasets/duc24kdl/sub-x-ray/sub_X-Ray/sub_NIH/00001684_027.png,,sub_NIH,00001684_027.png,ok,256x256 -> 1024x1024,4,1,38.7,35.5589,18.079801,4.252035,0.9615,0.9916,0.2626,9.0147,35.7808,17.17917,4.144776,0.9632,0.9927,0.2701,0.2701,0.2701,8.5175,128.2718,59.6094,128.2718,59.6094,0.0641,35.7808,0.9632,17.17917,4.144776,0.2219,0.0011,-0.0075,0.4971
/kaggle/input/datasets/duc24kdl/sub-x-ray/sub_X-Ray/sub_NIH/00001685_000.png,,sub_NIH,00001685_000.png,ok,256x256 -> 1024x1024,4,1,39.36,31.1273,50.158714,7.082282,0.9456,0.9877,0.3136,8.5521,31.4057,47.04475,6.858918,0.947,0.9894,0.3249,0.3249,0.3249,7.8822,117.4647,51.2917,117.4647,51.2917,0.1235,31.4057,0.947,47.04475,6.858918,0.2784,0.0017,-0.0113,0.6699
/kaggle/input/datasets/duc24kdl/sub-x-ray/sub_X-Ray/sub_NIH/00001688_000.png,,sub_NIH,00001688_000.png,ok,256x256 -> 1024x1024,4,1,39.29,33.9676,26.080871,5.106943,0.9586,0.9905,0.2301,8.2057,34.2836,24.25063,4.924493,0.9608,0.9918,0.2373,0.2373,0.2373,7.8043,165.5898,56.8261,165.5898,56.8261,0.0662,34.2836,0.9608,24.25063,4.924493,0.316,0.0013,-0.0073,0.4014
/kaggle/input/datasets/duc24kdl/sub-x-ray/sub_X-Ray/sub_NIH/00001690_002.png,,sub_NIH,00001690_002.png,ok,256x256 -> 1024x1024,4,1,39.65,31.768,43.279448,6.578712,0.9631,0.9912,0.2909,8.8017,31.8697,42.277802,6.502138,0.9642,0.992,0.3134,0.3134,0.3134,8.492,116.6472,46.5597,116.6472,46.5597,0.1187,31.8697,0.9642,42.277802,6.502138,0.1017,0.0008,-0.0225,0.3097
/kaggle/input/datasets/duc24kdl/sub-x-ray/sub_X-Ray/sub_NIH/00001692_000.png,,sub_NIH,00001692_000.png,ok,256x256 -> 1024x1024,4,1,38.93,39.9233,6.618314,2.572608,0.9465,0.9882,0.319,8.4354,40.2009,6.208549,2.491696,0.9489,0.9895,0.333,0.333,0.333,7.9903,102.3569,41.6481,102.3569,41.6481,0.0926,40.2009,0.9489,6.208549,2.491696,0.2776,0.0013,-0.014,0.4451
/kaggle/input/datasets/duc24kdl/sub-x-ray/sub_X-Ray/sub_NIH/00001697_004.png,,sub_NIH,00001697_004.png,ok,256x256 -> 1024x1024,4,1,39.08,36.0135,16.282937,4.035212,0.9799,0.9959,0.2069,11.2266,36.0595,16.111473,4.01391,0.9803,0.9961,0.2311,0.2311,0.2311,9.8456,157.0214,38.5259,157.0214,38.5259,0.0322,36.0595,0.9803,16.111473,4.01391,0.046,0.0003,-0.0242,1.381
/kaggle/input/datasets/duc24kdl/sub-x-ray/sub_X-Ray/sub_NIH/00001697_006.png,,sub_NIH,00001697_006.png,ok,256x256 -> 1024x1024,4,1,40.14,35.3475,18.98129,4.356752,0.985,0.9967,0.1779,10.844,35.3845,18.820373,4.338245,0.9853,0.9969,0.2,0.2,0.2,9.7753,162.3244,35.0904,162.3244,35.0904,0.0358,35.3845,0.9853,18.820373,4.338245,0.037,0.0002,-0.0222,1.0687
/kaggle/input/datasets/duc24kdl/sub-x-ray/sub_X-Ray/sub_NIH/00001697_013.png,,sub_NIH,00001697_013.png,ok,256x256 -> 1024x1024,4,1,40.0,35.765,17.241572,4.152297,0.9766,0.9951,0.2188,9.8526,35.831,16.981699,4.120886,0.9774,0.9956,0.242,0.242,0.242,8.9762,163.0496,38.3807,163.0496,38.3807,0.0462,35.831,0.9774,16.981699,4.120886,0.066,0.0005,-0.0232,0.8764
/kaggle/input/datasets/duc24kdl/sub-x-ray/sub_X-Ray/sub_NIH/00001697_015.png,,sub_NIH,00001697_015.png,ok,256x256 -> 1024x1024,4,1,39.23,37.0216,12.909864,3.59303,0.9797,0.9956,0.2437,9.9082,37.101,12.676045,3.560343,0.9807,0.996,0.2643,0.2643,0.2643,9.3865,112.1968,51.658,112.1968,51.658,0.0415,37.101,0.9807,12.676045,3.560343,0.0794,0.0005,-0.0206,0.5216
/kaggle/input/datasets/duc24kdl/sub-x-ray/sub_X-Ray/sub_NIH/00001697_016.png,,sub_NIH,00001697_016.png,ok,256x256 -> 1024x1024,4,1,38.11,37.3283,12.029454,3.46835,0.9774,0.9952,0.2642,9.9099,37.3817,11.882611,3.447116,0.9785,0.9957,0.2923,0.2923,0.2923,9.2777,112.1881,48.5593,112.1881,48.5593,0.0321,37.3817,0.9785,11.882611,3.447116,0.0533,0.0005,-0.0281,0.6323
/kaggle/input/datasets/duc24kdl/sub-x-ray/sub_X-Ray/sub_NIH/00001698_001.png,,sub_NIH,00001698_001.png,ok,256x256 -> 1024x1024,4,1,39.88,46.3149,1.519102,1.232519,0.9795,0.9951,0.186,9.7215,46.5526,1.438217,1.199257,0.9809,0.9957,0.2005,0.2005,0.2005,9.2177,113.2916,28.3984,113.2916,28.3984,0.0745,46.5526,0.9809,1.438217,1.199257,0.2376,0.0006,-0.0146,0.5038
/kaggle/input/datasets/duc24kdl/sub-x-ray/sub_X-Ray/sub_NIH/00001698_011.png,,sub_NIH,00001698_011.png,ok,256x256 -> 1024x1024,4,1,38.92,30.2056,62.018074,7.875155,0.9671,0.9922,0.2471,8.9952,30.4006,59.295784,7.700376,0.9663,0.9926,0.2621,0.2621,0.2621,8.6466,119.0947,53.5053,119.0947,53.5053,0.1428,30.4006,0.9663,59.295784,7.700376,0.1949,0.0004,-0.015,0.3486
/kaggle/input/datasets/duc24kdl/sub-x-ray/sub_X-Ray/sub_NIH/00001698_012.png,,sub_NIH,00001698_012.png,ok,256x256 -> 1024x1024,4,1,39.05,30.8157,53.890295,7.341001,0.9509,0.9898,0.2947,8.8896,30.8194,53.844032,7.337849,0.9513,0.9906,0.3085,0.3085,0.3085,8.3684,143.8179,67.3411,143.8179,67.3411,0.0941,30.8194,0.9513,53.844032,7.337849,0.0037,0.0007,-0.0138,0.5212
/kaggle/input/datasets/duc24kdl/sub-x-ray/sub_X-Ray/sub_NIH/00001698_017.png,,sub_NIH,00001698_017.png,ok,256x256 -> 1024x1024,4,1,39.59,38.341,9.527499,3.086665,0.9361,0.9884,0.3534,8.8611,38.7435,8.684251,2.946905,0.9383,0.9894,0.3735,0.3735,0.3735,8.5472,133.6969,70.7487,133.6969,70.7487,0.1133,38.7435,0.9383,8.684251,2.946905,0.4025,0.001,-0.02,0.3138
/kaggle/input/datasets/duc24kdl/sub-x-ray/sub_X-Ray/sub_NIH/00001698_019.png,,sub_NIH,00001698_019.png,ok,256x256 -> 1024x1024,4,1,39.33,39.7627,6.867727,2.620635,0.9365,0.9885,0.3474,8.7144,39.9521,6.574685,2.564115,0.9389,0.9896,0.3709,0.3709,0.3709,8.3882,133.7198,73.063,133.7198,73.063,0.0668,39.9521,0.9389,6.574685,2.564115,0.1894,0.0011,-0.0235,0.3262
/kaggle/input/datasets/duc24kdl/sub-x-ray/sub_X-Ray/sub_NIH/00001700_002.png,,sub_NIH,00001700_002.png,ok,256x256 -> 1024x1024,4,1,38.96,34.0016,25.877679,5.087011,0.9763,0.9949,0.2229,10.9287,34.0596,25.5341,5.053128,0.9768,0.9952,0.2502,0.2502,0.2502,9.4241,140.7874,52.2636,140.7874,52.2636,0.0608,34.0596,0.9768,25.5341,5.053128,0.058,0.0002,-0.0273,1.5045
/kaggle/input/datasets/duc24kdl/sub-x-ray/sub_X-Ray/sub_NIH/00001700_005.png,,sub_NIH,00001700_005.png,ok,256x256 -> 1024x1024,4,1,38.71,39.0736,8.048512,2.83699,0.9344,0.9881,0.3629,8.6454,39.2456,7.736035,2.781373,0.9367,0.9892,0.3874,0.3874,0.3874,8.2839,154.9734,62.5775,154.9734,62.5775,0.0838,39.2456,0.9367,7.736035,2.781373,0.172,0.0011,-0.0245,0.3614
/kaggle/input/datasets/duc24kdl/sub-x-ray/sub_X-Ray/sub_NIH/00001700_006.png,,sub_NIH,00001700_006.png,ok,256x256 -> 1024x1024,4,1,39.13,32.3553,37.80471,6.148553,0.9331,0.987,0.3616,8.7464,32.4832,36.708092,6.05872,0.9343,0.9879,0.3853,0.3853,0.3853,8.2935,138.66,76.5186,138.66,76.5186,0.0806,32.4832,0.9343,36.708092,6.05872,0.1278,0.001,-0.0237,0.4529
/kaggle/input/datasets/duc24kdl/sub-x-ray/sub_X-Ray/sub_NIH/00001702_000.png,,sub_NIH,00001702_000.png,ok,256x256 -> 1024x1024,4,1,40.07,39.4141,7.441584,2.727927,0.952,0.9888,0.2602,7.9439,39.8903,6.668915,2.582424,0.9549,0.9905,0.2708,0.2708,0.2708,7.6027,150.2355,54.6019,150.2355,54.6019,0.1558,39.8903,0.9549,6.668915,2.582424,0.4761,0.0017,-0.0106,0.3412
/kaggle/input/datasets/duc24kdl/sub-x-ray/sub_X-Ray/sub_NIH/00001706_000.png,,sub_NIH,00001706_000.png,ok,256x256 -> 1024x1024,4,1,39.84,32.9814,32.729822,5.720998,0.9481,0.9893,0.2614,8.2844,33.5614,28.637538,5.351405,0.9507,0.9907,0.2661,0.2661,0.2661,8.0773,155.4264,61.6044,155.4264,61.6044,0.1355,33.5614,0.9507,28.637538,5.351405,0.5801,0.0014,-0.0047,0.2071
/kaggle/input/datasets/duc24kdl/sub-x-ray/sub_X-Ray/sub_NIH/00001710_000.png,,sub_NIH,00001710_000.png,ok,256x256 -> 1024x1024,4,1,39.94,40.7736,5.441526,2.332708,0.9757,0.9941,0.2101,9.0195,41.1949,4.938496,2.222273,0.9778,0.995,0.2264,0.2264,0.2264,8.4831,165.185,47.2396,165.185,47.2396,0.1828,41.1949,0.9778,4.938496,2.222273,0.4213,0.0009,-0.0163,0.5364
/kaggle/input/datasets/duc24kdl/sub-x-ray/sub_X-Ray/sub_NIH/00001713_000.png,,sub_NIH,00001713_000.png,ok,256x256 -> 1024x1024,4,1,39.16,39.3887,7.485356,2.735938,0.9358,0.9886,0.3612,8.9317,39.6608,7.030649,2.651537,0.9384,0.9897,0.39,0.39,0.39,8.3652,130.4033,62.8002,130.4033,62.8002,0.0835,39.6608,0.9384,7.030649,2.651537,0.2722,0.0011,-0.0289,0.5665
/kaggle/input/datasets/duc24kdl/sub-x-ray/sub_X-Ray/sub_NIH/00001718_005.png,,sub_NIH,00001718_005.png,ok,256x256 -> 1024x1024,4,1,39.32,35.4644,18.477343,4.298528,0.964,0.9916,0.2419,8.2891,35.5739,18.017354,4.244685,0.9661,0.9929,0.2538,0.2538,0.2538,7.991,171.347,46.9971,171.347,46.9971,0.0651,35.5739,0.9661,18.017354,4.244685,0.1095,0.0013,-0.0118,0.2981
/kaggle/input/datasets/duc24kdl/sub-x-ray/sub_X-Ray/sub_NIH/00001718_010.png,,sub_NIH,00001718_010.png,ok,256x256 -> 1024x1024,4,1,39.09,37.6614,11.141399,3.337873,0.9277,0.9864,0.3315,8.3453,38.0114,10.278814,3.206059,0.9308,0.988,0.3468,0.3468,0.3468,7.9344,96.4137,67.1177,96.4137,67.1177,0.1083,38.0114,0.9308,10.278814,3.206059,0.35,0.0016,-0.0153,0.4109
/kaggle/input/datasets/duc24kdl/sub-x-ray/sub_X-Ray/sub_NIH/00001719_010.png,,sub_NIH,00001719_010.png,ok,256x256 -> 1024x1024,4,1,38.93,32.1448,39.682206,6.299381,0.9598,0.9903,0.2815,8.8986,32.3082,38.217047,6.181994,0.9605,0.9911,0.3001,0.3001,0.3001,8.5638,139.0628,45.4193,139.0628,45.4193,0.0889,32.3082,0.9605,38.217047,6.181994,0.1634,0.0008,-0.0186,0.3347
/kaggle/input/datasets/duc24kdl/sub-x-ray/sub_X-Ray/sub_NIH/00001721_000.png,,sub_NIH,00001721_000.png,ok,256x256 -> 1024x1024,4,1,38.32,39.4904,7.312014,2.704074,0.9423,0.9896,0.2964,8.4279,39.8951,6.661432,2.580975,0.9443,0.9906,0.3113,0.3113,0.3113,8.0123,112.6971,77.1739,112.6971,77.1739,0.1091,39.8951,0.9443,6.661432,2.580975,0.4047,0.001,-0.0149,0.4156
/kaggle/input/datasets/duc24kdl/sub-x-ray/sub_X-Ray/sub_NIH/00001722_000.png,,sub_NIH,00001722_000.png,ok,256x256 -> 1024x1024,4,1,40.48,40.128,6.313679,2.512704,0.9585,0.9904,0.257,8.6972,40.4757,5.82785,2.414094,0.9609,0.9915,0.2698,0.2698,0.2698,8.2998,152.0884,56.3801,152.0884,56.3801,0.1808,40.4757,0.9609,5.82785,2.414094,0.3477,0.0012,-0.0127,0.3974
/kaggle/input/datasets/duc24kdl/sub-x-ray/sub_X-Ray/sub_NIH/00001723_002.png,,sub_NIH,00001723_002.png,ok,256x256 -> 1024x1024,4,1,39.73,34.5822,22.639029,4.758049,0.9556,0.9907,0.2448,8.1456,34.758,21.740883,4.662712,0.9584,0.9919,0.2527,0.2527,0.2527,7.6969,156.0143,67.708,156.0143,67.708,0.0494,34.758,0.9584,21.740883,4.662712,0.1758,0.0013,-0.008,0.4488
/kaggle/input/datasets/duc24kdl/sub-x-ray/sub_X-Ray/sub_NIH/00001723_004.png,,sub_NIH,00001723_004.png,ok,256x256 -> 1024x1024,4,1,39.72,36.7366,13.785574,3.712893,0.9383,0.9884,0.3199,8.5162,37.2121,12.355755,3.515075,0.9399,0.9896,0.3358,0.3358,0.3358,8.1539,124.7608,70.1655,124.7608,70.1655,0.1417,37.2121,0.9399,12.355755,3.515075,0.4756,0.0012,-0.0159,0.3623
/kaggle/input/datasets/duc24kdl/sub-x-ray/sub_X-Ray/sub_NIH/00001724_005.png,,sub_NIH,00001724_005.png,ok,256x256 -> 1024x1024,4,1,38.91,33.0129,32.492983,5.700262,0.9539,0.9903,0.2421,7.9071,33.6998,27.739808,5.266859,0.9579,0.9919,0.2379,0.2379,0.2379,7.6845,144.0743,73.9769,144.0743,73.9769,0.1009,33.6998,0.9579,27.739808,5.266859,0.6869,0.0016,0.0042,0.2226
/kaggle/input/datasets/duc24kdl/sub-x-ray/sub_X-Ray/sub_NIH/00001724_009.png,,sub_NIH,00001724_009.png,ok,256x256 -> 1024x1024,4,1,39.26,39.8003,6.808405,2.609292,0.9434,0.9895,0.3119,8.6291,40.0319,6.454881,2.540646,0.9453,0.9907,0.3272,0.3272,0.3272,8.2462,119.5448,65.7708,119.5448,65.7708,0.0983,40.0319,0.9453,6.454881,2.540646,0.2316,0.0012,-0.0153,0.3829
/kaggle/input/datasets/duc24kdl/sub-x-ray/sub_X-Ray/sub_NIH/00001726_000.png,,sub_NIH,00001726_000.png,ok,256x256 -> 1024x1024,4,1,39.65,33.4431,29.428652,5.424818,0.9576,0.9906,0.2453,8.6424,33.7625,27.342309,5.228987,0.9593,0.9917,0.2496,0.2496,0.2496,8.1691,165.8593,57.9156,165.8593,57.9156,0.0464,33.7625,0.9593,27.342309,5.228987,0.3194,0.0011,-0.0043,0.4733
/kaggle/input/datasets/duc24kdl/sub-x-ray/sub_X-Ray/sub_NIH/00001727_000.png,,sub_NIH,00001727_000.png,ok,256x256 -> 1024x1024,4,1,39.94,39.7087,6.953628,2.636973,0.9679,0.9923,0.2108,8.3018,40.236,6.158516,2.481636,0.97,0.9935,0.224,0.224,0.224,7.9735,150.0471,54.4602,150.0471,54.4602,0.1841,40.236,0.97,6.158516,2.481636,0.5274,0.0012,-0.0132,0.3283
/kaggle/input/datasets/duc24kdl/sub-x-ray/sub_X-Ray/sub_NIH/00001728_000.png,,sub_NIH,00001728_000.png,ok,256x256 -> 1024x1024,4,1,38.99,35.4334,18.609759,4.313903,0.9603,0.9909,0.243,8.2598,35.6258,17.803163,4.219379,0.9625,0.9922,0.2514,0.2514,0.2514,7.9342,154.8805,60.3946,154.8805,60.3946,0.0939,35.6258,0.9625,17.803163,4.219379,0.1924,0.0013,-0.0084,0.3256
/kaggle/input/datasets/duc24kdl/sub-x-ray/sub_X-Ray/sub_NIH/00001730_000.png,,sub_NIH,00001730_000.png,ok,256x256 -> 1024x1024,4,1,38.61,41.9681,4.133071,2.032996,0.9563,0.9903,0.3005,8.4874,42.3013,3.8278,1.956476,0.9588,0.9915,0.3193,0.3193,0.3193,8.2715,109.4234,33.3461,109.4234,33.3461,0.0881,42.3013,0.9588,3.8278,1.956476,0.3332,0.0012,-0.0189,0.2158
/kaggle/input/datasets/duc24kdl/sub-x-ray/sub_X-Ray/sub_NIH/00001730_004.png,,sub_NIH,00001730_004.png,ok,256x256 -> 1024x1024,4,1,39.84,38.0589,10.166878,3.188554,0.9291,0.9869,0.3614,8.3517,38.3384,9.533294,3.087603,0.9324,0.9884,0.3817,0.3817,0.3817,8.0173,135.2007,67.1534,135.2007,67.1534,0.0968,38.3384,0.9324,9.533294,3.087603,0.2794,0.0015,-0.0203,0.3344
/kaggle/input/datasets/duc24kdl/sub-x-ray/sub_X-Ray/sub_NIH/00001731_000.png,,sub_NIH,00001731_000.png,ok,256x256 -> 1024x1024,4,1,38.74,39.239,7.747814,2.78349,0.9355,0.9883,0.351,8.6247,39.4115,7.446068,2.728748,0.9378,0.9895,0.3726,0.3726,0.3726,8.2685,140.4352,63.2883,140.4352,63.2883,0.0862,39.4115,0.9378,7.446068,2.728748,0.1725,0.0011,-0.0216,0.3562
/kaggle/input/datasets/duc24kdl/sub-x-ray/sub_X-Ray/sub_NIH/00001736_007.png,,sub_NIH,00001736_007.png,ok,256x256 -> 1024x1024,4,1,39.32,32.0481,40.576405,6.369961,0.9753,0.9936,0.2152,9.5134,32.1066,40.032976,6.327162,0.9758,0.9941,0.2311,0.2311,0.2311,9.134,124.2559,51.9587,124.2559,51.9587,0.0726,32.1066,0.9758,40.032976,6.327162,0.0586,0.0005,-0.0158,0.3794
/kaggle/input/datasets/duc24kdl/sub-x-ray/sub_X-Ray/sub_NIH/00001736_011.png,,sub_NIH,00001736_011.png,ok,256x256 -> 1024x1024,4,1,39.57,32.2672,38.580247,6.2113,0.967,0.9927,0.2647,9.3605,32.3253,38.066871,6.169836,0.9675,0.9932,0.289,0.289,0.289,8.6671,129.9981,46.0332,129.9981,46.0332,0.0621,32.3253,0.9675,38.066871,6.169836,0.0582,0.0005,-0.0243,0.6935
/kaggle/input/datasets/duc24kdl/sub-x-ray/sub_X-Ray/sub_NIH/00001736_016.png,,sub_NIH,00001736_016.png,ok,256x256 -> 1024x1024,4,1,38.78,34.9489,20.806039,4.561364,0.9767,0.9951,0.235,12.6563,35.0236,20.451383,4.522321,0.977,0.9952,0.2687,0.2687,0.2687,10.7453,123.3654,44.6079,123.3654,44.6079,0.0581,35.0236,0.977,20.451383,4.522321,0.0747,0.0002,-0.0337,1.911
/kaggle/input/datasets/duc24kdl/sub-x-ray/sub_X-Ray/sub_NIH/00001736_022.png,,sub_NIH,00001736_022.png,ok,256x256 -> 1024x1024,4,1,39.41,32.4059,37.367506,6.112897,0.9779,0.9945,0.2238,10.532,32.4976,36.586114,6.048646,0.9784,0.9949,0.2439,0.2439,0.2439,9.7868,114.4917,59.0642,114.4917,59.0642,0.0914,32.4976,0.9784,36.586114,6.048646,0.0918,0.0004,-0.0201,0.7452
/kaggle/input/datasets/duc24kdl/sub-x-ray/sub_X-Ray/sub_NIH/00001736_024.png,,sub_NIH,00001736_024.png,ok,256x256 -> 1024x1024,4,1,39.93,33.1727,31.318956,5.596334,0.9766,0.995,0.2318,10.3396,33.3205,30.27145,5.50195,0.9772,0.9954,0.2532,0.2532,0.2532,9.8212,118.0561,59.7901,118.0561,59.7901,0.0759,33.3205,0.9772,30.27145,5.50195,0.1477,0.0004,-0.0214,0.5184
/kaggle/input/datasets/duc24kdl/sub-x-ray/sub_X-Ray/sub_NIH/00001737_001.png,,sub_NIH,00001737_001.png,ok,256x256 -> 1024x1024,4,1,39.21,31.199,49.338386,7.024129,0.9377,0.9858,0.2914,7.765,31.4007,47.098999,6.862871,0.9394,0.9875,0.2877,0.2877,0.2877,7.4541,118.9129,63.5424,118.9129,63.5424,0.1215,31.4007,0.9394,47.098999,6.862871,0.2017,0.0017,0.0037,0.311
/kaggle/input/datasets/duc24kdl/sub-x-ray/sub_X-Ray/sub_NIH/00001738_000.png,,sub_NIH,00001738_000.png,ok,256x256 -> 1024x1024,4,1,39.28,30.2278,61.702166,7.855073,0.9406,0.9879,0.3313,8.397,30.4307,58.88615,7.673731,0.9409,0.989,0.3487,0.3487,0.3487,7.8026,140.1062,69.7893,140.1062,69.7893,0.1153,30.4307,0.9409,58.88615,7.673731,0.2029,0.0011,-0.0174,0.5944
/kaggle/input/datasets/duc24kdl/sub-x-ray/sub_X-Ray/sub_NIH/00001738_004.png,,sub_NIH,00001738_004.png,ok,256x256 -> 1024x1024,4,1,39.74,40.4812,5.820465,2.412564,0.9658,0.9921,0.218,8.2585,40.9383,5.238986,2.288883,0.9682,0.9934,0.2316,0.2316,0.2316,7.8468,151.532,53.6496,151.532,53.6496,0.1424,40.9383,0.9682,5.238986,2.288883,0.4571,0.0013,-0.0136,0.4117
/kaggle/input/datasets/duc24kdl/sub-x-ray/sub_X-Ray/sub_NIH/00001741_001.png,,sub_NIH,00001741_001.png,ok,256x256 -> 1024x1024,4,1,40.02,35.2125,19.580789,4.425019,0.9625,0.9916,0.2295,8.2392,35.5568,18.088302,4.253035,0.9638,0.9927,0.2358,0.2358,0.2358,7.8744,164.9109,58.6486,164.9109,58.6486,0.1887,35.5568,0.9638,18.088302,4.253035,0.3443,0.001,-0.0064,0.3648
/kaggle/input/datasets/duc24kdl/sub-x-ray/sub_X-Ray/sub_NIH/00001742_001.png,,sub_NIH,00001742_001.png,ok,256x256 -> 1024x1024,4,1,39.03,30.1602,62.669763,7.916424,0.9464,0.9883,0.3441,8.5122,30.2463,61.440236,7.838382,0.9456,0.9889,0.3719,0.3719,0.3719,8.2048,141.7732,49.5588,141.7732,49.5588,0.0808,30.2463,0.9456,61.440236,7.838382,0.0861,0.0005,-0.0277,0.3074
/kaggle/input/datasets/duc24kdl/sub-x-ray/sub_X-Ray/sub_NIH/00001744_000.png,,sub_NIH,00001744_000.png,ok,256x256 -> 1024x1024,4,1,38.68,38.7559,8.659446,2.942694,0.9547,0.9897,0.2213,8.2134,39.1593,7.891383,2.809161,0.9575,0.9912,0.2319,0.2319,0.2319,7.9,158.3033,59.9894,158.3033,59.9894,0.1272,39.1593,0.9575,7.891383,2.809161,0.4034,0.0015,-0.0106,0.3134
/kaggle/input/datasets/duc24kdl/sub-x-ray/sub_X-Ray/sub_NIH/00001747_001.png,,sub_NIH,00001747_001.png,ok,256x256 -> 1024x1024,4,1,40.61,37.9843,10.343164,3.216079,0.9349,0.9877,0.3524,8.3257,38.2986,9.620946,3.101765,0.9375,0.989,0.3756,0.3756,0.3756,8.2271,127.5683,62.1888,127.5683,62.1888,0.1066,38.2986,0.9375,9.620946,3.101765,0.3144,0.0014,-0.0232,0.0986
/kaggle/input/datasets/duc24kdl/sub-x-ray/sub_X-Ray/sub_NIH/00001748_002.png,,sub_NIH,00001748_002.png,ok,256x256 -> 1024x1024,4,1,39.12,41.9913,4.11098,2.027555,0.9636,0.9915,0.2525,8.8363,42.4022,3.739907,1.933884,0.9663,0.9928,0.2644,0.2644,0.2644,8.4301,168.8302,41.6189,168.8302,41.6189,0.1253,42.4022,0.9663,3.739907,1.933884,0.4108,0.0013,-0.0119,0.4061
/kaggle/input/datasets/duc24kdl/sub-x-ray/sub_X-Ray/sub_NIH/00001748_004.png,,sub_NIH,00001748_004.png,ok,256x256 -> 1024x1024,4,1,39.08,33.3692,29.933385,5.471141,0.9569,0.9907,0.2562,8.6372,33.4895,29.116032,5.395927,0.9579,0.9917,0.2615,0.2615,0.2615,8.0844,165.4883,54.1873,165.4883,54.1873,-0.0031,33.4895,0.9579,29.116032,5.395927,0.1202,0.001,-0.0053,0.5528
/kaggle/input/datasets/duc24kdl/sub-x-ray/sub_X-Ray/sub_NIH/00001748_007.png,,sub_NIH,00001748_007.png,ok,256x256 -> 1024x1024,4,1,39.09,31.6049,44.935463,6.703392,0.9588,0.9908,0.2425,8.5304,31.7353,43.605961,6.603481,0.9593,0.9917,0.245,0.245,0.245,8.0241,180.5837,50.629,180.5837,50.629,0.0124,31.7353,0.9593,43.605961,6.603481,0.1304,0.0009,-0.0025,0.5063
/kaggle/input/datasets/duc24kdl/sub-x-ray/sub_X-Ray/sub_NIH/00001756_003.png,,sub_NIH,00001756_003.png,ok,256x256 -> 1024x1024,4,1,38.82,40.894,5.292694,2.300586,0.9669,0.9922,0.2141,8.2834,41.4085,4.701392,2.168269,0.9695,0.9934,0.225,0.225,0.225,7.9416,159.1009,51.9614,159.1009,51.9614,0.0984,41.4085,0.9695,4.701392,2.168269,0.5145,0.0012,-0.0109,0.3418
/kaggle/input/datasets/duc24kdl/sub-x-ray/sub_X-Ray/sub_NIH/00001756_007.png,,sub_NIH,00001756_007.png,ok,256x256 -> 1024x1024,4,1,40.12,34.6854,22.107487,4.70186,0.9607,0.9916,0.2149,8.1548,34.9343,20.876242,4.569053,0.9632,0.9927,0.2204,0.2204,0.2204,7.8577,161.8028,64.4639,161.8028,64.4639,0.0026,34.9343,0.9632,20.876242,4.569053,0.2489,0.0011,-0.0055,0.2971
/kaggle/input/datasets/duc24kdl/sub-x-ray/sub_X-Ray/sub_NIH/00001756_012.png,,sub_NIH,00001756_012.png,ok,256x256 -> 1024x1024,4,1,38.71,40.4639,5.843679,2.41737,0.9503,0.9906,0.2785,8.5251,40.6589,5.587156,2.363717,0.9525,0.9917,0.2948,0.2948,0.2948,8.1331,102.4163,68.454,102.4163,68.454,0.0789,40.6589,0.9525,5.587156,2.363717,0.195,0.0011,-0.0162,0.392
/kaggle/input/datasets/duc24kdl/sub-x-ray/sub_X-Ray/sub_NIH/00001756_015.png,,sub_NIH,00001756_015.png,ok,256x256 -> 1024x1024,4,1,39.98,37.4162,11.78861,3.433455,0.932,0.9874,0.3491,8.546,37.8693,10.620586,3.258924,0.9351,0.9887,0.3679,0.3679,0.3679,8.1168,119.0823,66.2139,119.0823,66.2139,0.1079,37.8693,0.9351,10.620586,3.258924,0.4531,0.0014,-0.0188,0.4291
/kaggle/input/datasets/duc24kdl/sub-x-ray/sub_X-Ray/sub_NIH/00001758_000.png,,sub_NIH,00001758_000.png,ok,256x256 -> 1024x1024,4,1,38.84,40.5695,5.703419,2.388183,0.9655,0.9919,0.2434,8.6305,41.0614,5.092618,2.256683,0.9681,0.9932,0.2565,0.2565,0.2565,8.2249,162.7594,45.3018,162.7594,45.3018,0.1804,41.0614,0.9681,5.092618,2.256683,0.4919,0.0013,-0.013,0.4056
/kaggle/input/datasets/duc24kdl/sub-x-ray/sub_X-Ray/sub_NIH/00001759_000.png,,sub_NIH,00001759_000.png,ok,256x256 -> 1024x1024,4,1,39.36,32.3087,38.212569,6.181632,0.9579,0.9911,0.2109,7.8077,32.9927,32.644805,5.713563,0.9608,0.9927,0.2006,0.2006,0.2006,7.2318,104.9559,85.6249,104.9559,85.6249,0.1684,32.9927,0.9608,32.644805,5.713563,0.6839,0.0016,0.0102,0.5758
/kaggle/input/datasets/duc24kdl/sub-x-ray/sub_X-Ray/sub_NIH/00001761_000.png,,sub_NIH,00001761_000.png,ok,256x256 -> 1024x1024,4,1,38.99,36.1249,15.87049,3.983778,0.9333,0.9878,0.344,8.4361,36.4795,14.626125,3.824412,0.9353,0.9892,0.3618,0.3618,0.3618,7.9203,118.5946,66.3443,118.5946,66.3443,0.128,36.4795,0.9353,14.626125,3.824412,0.3546,0.0014,-0.0178,0.5159
/kaggle/input/datasets/duc24kdl/sub-x-ray/sub_X-Ray/sub_NIH/00001762_003.png,,sub_NIH,00001762_003.png,ok,256x256 -> 1024x1024,4,1,39.37,39.0576,8.078372,2.842248,0.9388,0.9889,0.317,8.4431,39.4904,7.312141,2.704097,0.941,0.9901,0.3345,0.3345,0.3345,8.0393,115.3266,74.6281,115.3266,74.6281,0.0995,39.4904,0.941,7.312141,2.704097,0.4328,0.0012,-0.0175,0.4038
/kaggle/input/datasets/duc24kdl/sub-x-ray/sub_X-Ray/sub_NIH/00001768_000.png,,sub_NIH,00001768_000.png,ok,256x256 -> 1024x1024,4,1,39.32,34.2553,24.409265,4.940573,0.9631,0.9921,0.2281,8.2112,34.5262,22.933024,4.788844,0.9645,0.9931,0.2347,0.2347,0.2347,7.7941,153.0939,70.7846,153.0939,70.7846,0.1727,34.5262,0.9645,22.933024,4.788844,0.2709,0.001,-0.0066,0.4171
/kaggle/input/datasets/duc24kdl/sub-x-ray/sub_X-Ray/sub_NIH/00001770_000.png,,sub_NIH,00001770_000.png,ok,256x256 -> 1024x1024,4,1,39.02,40.592,5.673863,2.381987,0.9538,0.9896,0.2592,8.4325,40.9648,5.207192,2.281927,0.9568,0.9911,0.2725,0.2725,0.2725,8.0418,168.872,47.1307,168.872,47.1307,0.1535,40.9648,0.9568,5.207192,2.281927,0.3728,0.0015,-0.0134,0.3907
/kaggle/input/datasets/duc24kdl/sub-x-ray/sub_X-Ray/sub_NIH/00001770_002.png,,sub_NIH,00001770_002.png,ok,256x256 -> 1024x1024,4,1,39.06,34.419,23.506236,4.848323,0.9613,0.9915,0.2285,8.534,34.587,22.614039,4.755422,0.9636,0.9928,0.229,0.229,0.229,7.9779,165.4497,60.6011,165.4497,60.6011,0.1324,34.587,0.9636,22.614039,4.755422,0.168,0.0012,-0.0005,0.5561
/kaggle/input/datasets/duc24kdl/sub-x-ray/sub_X-Ray/sub_NIH/00001771_003.png,,sub_NIH,00001771_003.png,ok,256x256 -> 1024x1024,4,1,37.49,38.1489,9.958327,3.155682,0.9556,0.9898,0.276,8.3179,38.3592,9.48777,3.080222,0.9578,0.9911,0.2856,0.2856,0.2856,7.9008,101.9271,38.7391,101.9271,38.7391,0.0768,38.3592,0.9578,9.48777,3.080222,0.2102,0.0013,-0.0096,0.4171
/kaggle/input/datasets/duc24kdl/sub-x-ray/sub_X-Ray/sub_NIH/00001772_002.png,,sub_NIH,00001772_002.png,ok,256x256 -> 1024x1024,4,1,40.14,38.1282,10.005941,3.163217,0.9379,0.9887,0.345,8.6222,38.4807,9.226038,3.037439,0.9402,0.9898,0.3694,0.3694,0.3694,8.1568,120.4621,65.7017,120.4621,65.7017,0.0422,38.4807,0.9402,9.226038,3.037439,0.3524,0.0011,-0.0243,0.4654
/kaggle/input/datasets/duc24kdl/sub-x-ray/sub_X-Ray/sub_NIH/00001772_006.png,,sub_NIH,00001772_006.png,ok,256x256 -> 1024x1024,4,1,38.76,38.7606,8.650074,2.941101,0.9264,0.9869,0.3734,8.8947,39.0199,8.148701,2.854593,0.929,0.9881,0.3973,0.3973,0.3973,8.3992,120.3866,68.3358,120.3866,68.3358,0.0755,39.0199,0.929,8.148701,2.854593,0.2593,0.0013,-0.0238,0.4954
/kaggle/input/datasets/duc24kdl/sub-x-ray/sub_X-Ray/sub_NIH/00001772_009.png,,sub_NIH,00001772_009.png,ok,256x256 -> 1024x1024,4,1,39.76,38.7991,8.573763,2.928099,0.9515,0.9908,0.2888,8.6801,39.0493,8.09367,2.844938,0.9537,0.9919,0.3053,0.3053,0.3053,8.0711,127.7829,68.8761,127.7829,68.8761,0.0992,39.0493,0.9537,8.09367,2.844938,0.2503,0.0011,-0.0166,0.609
/kaggle/input/datasets/duc24kdl/sub-x-ray/sub_X-Ray/sub_NIH/00001774_000.png,,sub_NIH,00001774_000.png,ok,256x256 -> 1024x1024,4,1,39.11,40.9848,5.183266,2.276679,0.9487,0.9885,0.3123,8.4014,41.3748,4.738086,2.176714,0.952,0.9901,0.3237,0.3237,0.3237,7.9899,106.0274,37.3345,106.0274,37.3345,0.1163,41.3748,0.952,4.738086,2.176714,0.39,0.0016,-0.0114,0.4115
/kaggle/input/datasets/duc24kdl/sub-x-ray/sub_X-Ray/sub_NIH/00001775_000.png,,sub_NIH,00001775_000.png,ok,256x256 -> 1024x1024,4,1,38.86,35.2263,19.518841,4.418013,0.9571,0.9908,0.2189,8.3219,35.5225,18.231902,4.269883,0.9595,0.992,0.23,0.23,0.23,7.8475,153.9258,67.7394,153.9258,67.7394,0.0448,35.5225,0.9595,18.231902,4.269883,0.2962,0.0011,-0.0111,0.4744
/kaggle/input/datasets/duc24kdl/sub-x-ray/sub_X-Ray/sub_NIH/00001775_004.png,,sub_NIH,00001775_004.png,ok,256x256 -> 1024x1024,4,1,39.94,38.5995,8.9769,2.996148,0.9198,0.9849,0.386,8.5448,38.9508,8.2794,2.877395,0.9229,0.9865,0.4134,0.4134,0.4134,8.0157,116.7621,72.1071,116.7621,72.1071,0.0717,38.9508,0.9229,8.2794,2.877395,0.3513,0.0016,-0.0274,0.5291
/kaggle/input/datasets/duc24kdl/sub-x-ray/sub_X-Ray/sub_NIH/00001777_001.png,,sub_NIH,00001777_001.png,ok,256x256 -> 1024x1024,4,1,40.23,42.535,3.627314,1.904551,0.9646,0.9917,0.2271,8.6437,42.9922,3.264832,1.806884,0.9673,0.993,0.2443,0.2443,0.2443,8.1847,158.7,48.4592,158.7,48.4592,0.1373,42.9922,0.9673,3.264832,1.806884,0.4572,0.0013,-0.0172,0.4591
/kaggle/input/datasets/duc24kdl/sub-x-ray/sub_X-Ray/sub_NIH/00001777_003.png,,sub_NIH,00001777_003.png,ok,256x256 -> 1024x1024,4,1,39.27,34.0541,25.566159,5.056299,0.9575,0.9908,0.2451,8.6072,34.5105,23.016238,4.797524,0.9597,0.9922,0.2494,0.2494,0.2494,8.1843,156.5869,65.5095,156.5869,65.5095,0.1064,34.5105,0.9597,23.016238,4.797524,0.4563,0.0014,-0.0043,0.423
/kaggle/input/datasets/duc24kdl/sub-x-ray/sub_X-Ray/sub_NIH/00001779_000.png,,sub_NIH,00001779_000.png,ok,256x256 -> 1024x1024,4,1,39.1,35.0371,20.387943,4.515301,0.9659,0.9923,0.2309,8.7329,35.1228,19.989558,4.470968,0.9679,0.9935,0.2383,0.2383,0.2383,8.2019,172.9454,50.3558,172.9454,50.3558,0.0466,35.1228,0.9679,19.989558,4.470968,0.0857,0.0012,-0.0074,0.5311
/kaggle/input/datasets/duc24kdl/sub-x-ray/sub_X-Ray/sub_NIH/00001780_000.png,,sub_NIH,00001780_000.png,ok,256x256 -> 1024x1024,4,1,39.73,41.6516,4.445536,2.108444,0.9652,0.992,0.2501,8.4638,42.2794,3.847123,1.961408,0.9679,0.9932,0.2663,0.2663,0.2663,8.1945,175.2991,32.4782,175.2991,32.4782,0.2303,42.2794,0.9679,3.847123,1.961408,0.6279,0.0012,-0.0162,0.2693
/kaggle/input/datasets/duc24kdl/sub-x-ray/sub_X-Ray/sub_NIH/00001782_000.png,,sub_NIH,00001782_000.png,ok,256x256 -> 1024x1024,4,1,39.74,39.878,6.687728,2.586064,0.968,0.9928,0.1996,8.5877,40.2481,6.141385,2.478182,0.97,0.9938,0.2101,0.2101,0.2101,8.1196,156.672,58.4393,156.672,58.4393,0.134,40.2481,0.97,6.141385,2.478182,0.3701,0.001,-0.0105,0.4681
/kaggle/input/datasets/duc24kdl/sub-x-ray/sub_X-Ray/sub_NIH/00001783_001.png,,sub_NIH,00001783_001.png,ok,256x256 -> 1024x1024,4,1,39.75,37.1124,12.642703,3.555658,0.9265,0.9858,0.3643,8.7535,37.446,11.707931,3.421685,0.9297,0.9874,0.3842,0.3842,0.3842,8.0977,105.4333,58.9621,105.4333,58.9621,0.1317,37.446,0.9297,11.707931,3.421685,0.3336,0.0017,-0.0199,0.6558
/kaggle/input/datasets/duc24kdl/sub-x-ray/sub_X-Ray/sub_NIH/00001787_000.png,,sub_NIH,00001787_000.png,ok,256x256 -> 1024x1024,4,1,39.24,34.3338,23.971749,4.896095,0.9495,0.9899,0.264,8.4727,34.951,20.796134,4.560278,0.9518,0.9909,0.2759,0.2759,0.2759,7.8423,136.1697,68.2943,136.1697,68.2943,-0.0543,34.951,0.9518,20.796134,4.560278,0.6172,0.001,-0.0119,0.6303
/kaggle/input/datasets/duc24kdl/sub-x-ray/sub_X-Ray/sub_NIH/00001787_005.png,,sub_NIH,00001787_005.png,ok,256x256 -> 1024x1024,4,1,39.34,32.5685,35.994041,5.999503,0.9575,0.9907,0.3315,8.7755,32.6277,35.506683,5.958748,0.9578,0.9913,0.3562,0.3562,0.3562,8.3417,114.6394,51.1554,114.6394,51.1554,0.0555,32.6277,0.9578,35.506683,5.958748,0.0592,0.0007,-0.0247,0.4338
/kaggle/input/datasets/duc24kdl/sub-x-ray/sub_X-Ray/sub_NIH/00001787_007.png,,sub_NIH,00001787_007.png,ok,256x256 -> 1024x1024,4,1,39.04,31.2026,49.296513,7.021148,0.9431,0.9882,0.369,8.6914,31.3762,47.365017,6.882225,0.9434,0.989,0.3956,0.3956,0.3956,8.2799,128.3092,57.1106,128.3092,57.1106,0.0997,31.3762,0.9434,47.365017,6.882225,0.1736,0.0008,-0.0267,0.4115
/kaggle/input/datasets/duc24kdl/sub-x-ray/sub_X-Ray/sub_NIH/00001787_013.png,,sub_NIH,00001787_013.png,ok,256x256 -> 1024x1024,4,1,37.44,29.8672,67.044351,8.188062,0.9714,0.993,0.2219,9.7833,30.0053,64.94592,8.058903,0.9713,0.9935,0.2354,0.2354,0.2354,9.2073,152.6379,54.7955,152.6379,54.7955,0.0738,30.0053,0.9713,64.94592,8.058903,0.1381,0.0005,-0.0135,0.576
/kaggle/input/datasets/duc24kdl/sub-x-ray/sub_X-Ray/sub_NIH/00001787_014.png,,sub_NIH,00001787_014.png,ok,256x256 -> 1024x1024,4,1,39.97,32.6448,35.36717,5.94703,0.9787,0.9941,0.1973,9.7376,32.6971,34.943649,5.911315,0.9792,0.9947,0.2163,0.2163,0.2163,9.3128,147.9649,48.9822,147.9649,48.9822,0.0772,32.6971,0.9792,34.943649,5.911315,0.0523,0.0006,-0.019,0.4249
/kaggle/input/datasets/duc24kdl/sub-x-ray/sub_X-Ray/sub_NIH/00001788_003.png,,sub_NIH,00001788_003.png,ok,256x256 -> 1024x1024,4,1,38.9,37.0186,12.918611,3.594247,0.9614,0.9927,0.3098,10.1234,37.0741,12.754705,3.571373,0.9626,0.9932,0.3377,0.3377,0.3377,9.4073,119.3224,62.3648,119.3224,62.3648,0.0291,37.0741,0.9626,12.754705,3.571373,0.0555,0.0005,-0.0279,0.716
/kaggle/input/datasets/duc24kdl/sub-x-ray/sub_X-Ray/sub_NIH/00001788_006.png,,sub_NIH,00001788_006.png,ok,256x256 -> 1024x1024,4,1,39.58,38.6846,8.802869,2.966963,0.9361,0.9883,0.346,8.849,39.0069,8.173245,2.858889,0.9389,0.9895,0.3675,0.3675,0.3675,8.4105,141.8362,64.4067,141.8362,64.4067,0.0914,39.0069,0.9389,8.173245,2.858889,0.3223,0.0012,-0.0214,0.4385
/kaggle/input/datasets/duc24kdl/sub-x-ray/sub_X-Ray/sub_NIH/00001792_002.png,,sub_NIH,00001792_002.png,ok,256x256 -> 1024x1024,4,1,39.4,38.9653,8.251901,2.872612,0.935,0.9884,0.382,8.7201,39.1469,7.913829,2.813153,0.9371,0.9895,0.4121,0.4121,0.4121,8.3346,135.3007,65.6956,135.3007,65.6956,0.0641,39.1469,0.9371,7.913829,2.813153,0.1817,0.001,-0.0301,0.3855
/kaggle/input/datasets/duc24kdl/sub-x-ray/sub_X-Ray/sub_NIH/00001796_005.png,,sub_NIH,00001796_005.png,ok,256x256 -> 1024x1024,4,1,39.01,31.1215,50.226431,7.087061,0.9718,0.9936,0.174,8.2973,31.1538,49.853571,7.060706,0.9729,0.9944,0.1769,0.1769,0.1769,7.7376,195.6537,51.8804,195.6537,51.8804,0.0329,31.1538,0.9729,49.853571,7.060706,0.0324,0.0008,-0.0029,0.5598
/kaggle/input/datasets/duc24kdl/sub-x-ray/sub_X-Ray/sub_NIH/00001796_008.png,,sub_NIH,00001796_008.png,ok,256x256 -> 1024x1024,4,1,39.29,34.0533,25.570943,5.056772,0.9645,0.9922,0.2032,8.0006,34.2874,24.229489,4.922346,0.9663,0.9933,0.2112,0.2112,0.2112,7.7894,163.0027,71.6804,163.0027,71.6804,0.1378,34.2874,0.9663,24.229489,4.922346,0.234,0.0011,-0.0081,0.2112
/kaggle/input/datasets/duc24kdl/sub-x-ray/sub_X-Ray/sub_NIH/00001799_000.png,,sub_NIH,00001799_000.png,ok,256x256 -> 1024x1024,4,1,39.44,34.1565,24.970767,4.997076,0.9587,0.9909,0.2378,8.4376,34.4491,23.343975,4.83156,0.9613,0.9921,0.2402,0.2402,0.2402,7.9985,160.8744,60.4789,160.8744,60.4789,0.0456,34.4491,0.9613,23.343975,4.83156,0.2926,0.0012,-0.0025,0.439
/kaggle/input/datasets/duc24kdl/sub-x-ray/sub_X-Ray/sub_NIH/00001800_000.png,,sub_NIH,00001800_000.png,ok,256x256 -> 1024x1024,4,1,40.07,34.3023,24.146559,4.913915,0.9666,0.9925,0.2502,9.1411,34.4202,23.499502,4.847629,0.9682,0.9934,0.2611,0.2611,0.2611,8.643,167.6779,55.7124,167.6779,55.7124,0.0546,34.4202,0.9682,23.499502,4.847629,0.118,0.0009,-0.0109,0.4982
/kaggle/input/datasets/duc24kdl/sub-x-ray/sub_X-Ray/sub_NIH/00001803_005.png,,sub_NIH,00001803_005.png,ok,256x256 -> 1024x1024,4,1,39.94,32.73,34.680034,5.888976,0.973,0.9936,0.266,9.8423,32.8243,33.934974,5.825373,0.9735,0.9941,0.2939,0.2939,0.2939,9.2935,111.7858,49.6436,111.7858,49.6436,0.0663,32.8243,0.9735,33.934974,5.825373,0.0943,0.0005,-0.0279,0.5488
/kaggle/input/datasets/duc24kdl/sub-x-ray/sub_X-Ray/sub_NIH/00001803_006.png,,sub_NIH,00001803_006.png,ok,256x256 -> 1024x1024,4,1,39.58,37.5533,11.422103,3.37966,0.92,0.9857,0.3975,8.9393,37.847,10.675327,3.267312,0.923,0.9871,0.4269,0.4269,0.4269,8.3352,126.5789,65.3223,126.5789,65.3223,0.0817,37.847,0.923,10.675327,3.267312,0.2936,0.0014,-0.0294,0.604
/kaggle/input/datasets/duc24kdl/sub-x-ray/sub_X-Ray/sub_NIH/00001804_000.png,,sub_NIH,00001804_000.png,ok,256x256 -> 1024x1024,4,1,39.12,37.8441,10.682364,3.268389,0.9724,0.9937,0.1601,8.1762,38.3879,9.425263,3.070059,0.9743,0.9947,0.1626,0.1626,0.1626,7.8186,170.9672,58.7416,170.9672,58.7416,0.11,38.3879,0.9743,9.425263,3.070059,0.5437,0.001,-0.0026,0.3576
/kaggle/input/datasets/duc24kdl/sub-x-ray/sub_X-Ray/sub_NIH/00001806_004.png,,sub_NIH,00001806_004.png,ok,256x256 -> 1024x1024,4,1,39.19,39.3558,7.542204,2.746307,0.937,0.9884,0.3567,8.7233,39.6289,7.082543,2.661305,0.9396,0.9896,0.3811,0.3811,0.3811,8.1615,141.3023,64.9591,141.3023,64.9591,0.1109,39.6289,0.9396,7.082543,2.661305,0.2731,0.0012,-0.0244,0.5618
/kaggle/input/datasets/duc24kdl/sub-x-ray/sub_X-Ray/sub_NIH/00001809_002.png,,sub_NIH,00001809_002.png,ok,256x256 -> 1024x1024,4,1,39.74,38.7701,8.631198,2.93789,0.9257,0.9866,0.3953,8.4744,38.9962,8.193325,2.862398,0.9283,0.9879,0.424,0.424,0.424,8.1317,135.3639,63.3845,135.3639,63.3845,0.0796,38.9962,0.9283,8.193325,2.862398,0.2261,0.0013,-0.0286,0.3426
/kaggle/input/datasets/duc24kdl/sub-x-ray/sub_X-Ray/sub_NIH/00001809_003.png,,sub_NIH,00001809_003.png,ok,256x256 -> 1024x1024,4,1,40.4,37.7882,10.820755,3.289492,0.9163,0.9851,0.4053,8.7467,38.0142,10.272117,3.205014,0.9192,0.9865,0.433,0.433,0.433,8.2978,130.4283,67.748,130.4283,67.748,0.0837,38.0142,0.9192,10.272117,3.205014,0.226,0.0014,-0.0278,0.4489
/kaggle/input/datasets/duc24kdl/sub-x-ray/sub_X-Ray/sub_NIH/00001809_005.png,,sub_NIH,00001809_005.png,ok,256x256 -> 1024x1024,4,1,39.49,37.3682,11.919465,3.452458,0.9225,0.9862,0.3779,8.6381,37.645,11.18346,3.344168,0.9254,0.9876,0.4022,0.4022,0.4022,8.3387,116.6172,69.3437,116.6172,69.3437,0.0807,37.645,0.9254,11.18346,3.344168,0.2768,0.0014,-0.0243,0.2994
/kaggle/input/datasets/duc24kdl/sub-x-ray/sub_X-Ray/sub_NIH/00001814_004.png,,sub_NIH,00001814_004.png,ok,256x256 -> 1024x1024,4,1,38.9,34.6109,22.4899,4.742352,0.9693,0.9932,0.217,8.9279,35.3823,18.830182,4.339376,0.9712,0.9942,0.2197,0.2197,0.2197,8.3305,112.4068,76.4477,112.4068,76.4477,0.1426,35.3823,0.9712,18.830182,4.339376,0.7713,0.001,-0.0026,0.5974
/kaggle/input/datasets/duc24kdl/sub-x-ray/sub_X-Ray/sub_NIH/00001818_003.png,,sub_NIH,00001818_003.png,ok,256x256 -> 1024x1024,4,1,39.78,38.4417,9.309054,3.051074,0.9381,0.9885,0.3057,8.7035,38.7303,8.710711,2.951391,0.9406,0.9898,0.3222,0.3222,0.3222,8.1805,100.6596,71.7971,100.6596,71.7971,0.1189,38.7303,0.9406,8.710711,2.951391,0.2885,0.0013,-0.0165,0.5231
/kaggle/input/datasets/duc24kdl/sub-x-ray/sub_X-Ray/sub_NIH/00001819_002.png,,sub_NIH,00001819_002.png,ok,256x256 -> 1024x1024,4,1,39.34,31.5529,45.47712,6.743673,0.9378,0.9871,0.2624,8.3269,32.747,34.544249,5.877436,0.9414,0.9888,0.2626,0.2626,0.2626,7.8606,156.4774,71.5022,156.4774,71.5022,0.1729,32.747,0.9414,34.544249,5.877436,1.1942,0.0017,-0.0002,0.4663
/kaggle/input/datasets/duc24kdl/sub-x-ray/sub_X-Ray/sub_NIH/00001819_004.png,,sub_NIH,00001819_004.png,ok,256x256 -> 1024x1024,4,1,40.01,37.0313,12.880909,3.588998,0.9486,0.9887,0.3002,8.2956,37.2819,12.158726,3.486936,0.9511,0.9901,0.3191,0.3191,0.3191,7.924,134.472,50.527,134.472,50.527,0.2048,37.2819,0.9511,12.158726,3.486936,0.2506,0.0014,-0.0188,0.3716
/kaggle/input/datasets/duc24kdl/sub-x-ray/sub_X-Ray/sub_NIH/00001819_006.png,,sub_NIH,00001819_006.png,ok,256x256 -> 1024x1024,4,1,39.67,35.6267,17.79963,4.218961,0.9698,0.9932,0.2636,8.9968,35.7153,17.440336,4.176163,0.9709,0.994,0.2786,0.2786,0.2786,8.523,135.9406,38.811,135.9406,38.811,0.0508,35.7153,0.9709,17.440336,4.176163,0.0886,0.0007,-0.015,0.4738
/kaggle/input/datasets/duc24kdl/sub-x-ray/sub_X-Ray/sub_NIH/00001820_003.png,,sub_NIH,00001820_003.png,ok,256x256 -> 1024x1024,4,1,39.5,36.0518,16.140013,4.017463,0.9728,0.9939,0.2327,9.0977,36.4071,14.872075,3.856433,0.9738,0.9946,0.2419,0.2419,0.2419,8.489,138.9761,48.6042,138.9761,48.6042,0.1755,36.4071,0.9738,14.872075,3.856433,0.3553,0.0008,-0.0092,0.6087
/kaggle/input/datasets/duc24kdl/sub-x-ray/sub_X-Ray/sub_NIH/00001820_005.png,,sub_NIH,00001820_005.png,ok,256x256 -> 1024x1024,4,1,39.7,34.7007,22.029767,4.693588,0.9633,0.992,0.2441,8.8353,34.8779,21.148789,4.598781,0.9646,0.9929,0.2467,0.2467,0.2467,8.3968,158.3769,59.2082,158.3769,59.2082,0.0787,34.8779,0.9646,21.148789,4.598781,0.1772,0.001,-0.0026,0.4385
/kaggle/input/datasets/duc24kdl/sub-x-ray/sub_X-Ray/sub_NIH/00001821_000.png,,sub_NIH,00001821_000.png,ok,256x256 -> 1024x1024,4,1,38.98,37.6455,11.182382,3.344007,0.9199,0.9852,0.4006,8.8324,37.9499,10.425283,3.228821,0.9229,0.9867,0.4233,0.4233,0.4233,8.3663,111.61,62.1701,111.61,62.1701,0.0493,37.9499,0.9229,10.425283,3.228821,0.3045,0.0015,-0.0227,0.4662
/kaggle/input/datasets/duc24kdl/sub-x-ray/sub_X-Ray/sub_NIH/00001823_000.png,,sub_NIH,00001823_000.png,ok,256x256 -> 1024x1024,4,1,40.07,33.7008,27.733463,5.266257,0.9642,0.9919,0.2077,8.6403,34.2364,24.515338,4.951297,0.9657,0.9932,0.2098,0.2098,0.2098,8.055,160.3956,66.3897,160.3956,66.3897,0.2009,34.2364,0.9657,24.515338,4.951297,0.5357,0.0013,-0.0021,0.5853
/kaggle/input/datasets/duc24kdl/sub-x-ray/sub_X-Ray/sub_NIH/00001829_000.png,,sub_NIH,00001829_000.png,ok,256x256 -> 1024x1024,4,1,39.87,35.1859,19.701304,4.438615,0.9685,0.993,0.2084,8.4739,35.4327,18.612607,4.314233,0.9704,0.994,0.2138,0.2138,0.2138,8.106,158.3689,64.2918,158.3689,64.2918,0.0469,35.4327,0.9704,18.612607,4.314233,0.2469,0.0009,-0.0054,0.3679
/kaggle/input/datasets/duc24kdl/sub-x-ray/sub_X-Ray/sub_NIH/00001832_000.png,,sub_NIH,00001832_000.png,ok,256x256 -> 1024x1024,4,1,40.13,35.6045,17.890641,4.229733,0.9651,0.9922,0.2557,8.7924,35.6964,17.516315,4.18525,0.967,0.9932,0.268,0.268,0.268,8.3089,161.3166,50.7106,161.3166,50.7106,0.0569,35.6964,0.967,17.516315,4.18525,0.0918,0.0011,-0.0123,0.4836
/kaggle/input/datasets/duc24kdl/sub-x-ray/sub_X-Ray/sub_NIH/00001833_003.png,,sub_NIH,00001833_003.png,ok,256x256 -> 1024x1024,4,1,39.8,35.5352,18.178782,4.263658,0.9734,0.9943,0.212,9.4348,35.6488,17.709391,4.208253,0.9746,0.995,0.2289,0.2289,0.2289,8.7447,160.7811,45.0606,160.7811,45.0606,0.0552,35.6488,0.9746,17.709391,4.208253,0.1136,0.0007,-0.0169,0.6901
/kaggle/input/datasets/duc24kdl/sub-x-ray/sub_X-Ray/sub_NIH/00001833_004.png,,sub_NIH,00001833_004.png,ok,256x256 -> 1024x1024,4,1,40.33,36.4044,14.8812,3.857616,0.9754,0.9946,0.2128,9.195,36.4835,14.612647,3.822649,0.9762,0.9951,0.2262,0.2262,0.2262,8.515,150.7103,50.3022,150.7103,50.3022,0.0574,36.4835,0.9762,14.612647,3.822649,0.0791,0.0006,-0.0134,0.68
/kaggle/input/datasets/duc24kdl/sub-x-ray/sub_X-Ray/sub_NIH/00001833_013.png,,sub_NIH,00001833_013.png,ok,256x256 -> 1024x1024,4,1,40.05,39.0035,8.179571,2.859995,0.9367,0.9884,0.3516,8.8751,39.3703,7.517072,2.741728,0.9391,0.9896,0.3741,0.3741,0.3741,8.3322,121.7851,65.5602,121.7851,65.5602,0.1085,39.3703,0.9391,7.517072,2.741728,0.3668,0.0012,-0.0225,0.5428
/kaggle/input/datasets/duc24kdl/sub-x-ray/sub_X-Ray/sub_NIH/00001836_003.png,,sub_NIH,00001836_003.png,ok,256x256 -> 1024x1024,4,1,39.46,32.1314,39.805194,6.309136,0.9611,0.9909,0.2876,8.6465,32.1803,39.359584,6.273722,0.9617,0.9918,0.3053,0.3053,0.3053,8.1181,113.3234,59.251,113.3234,59.251,0.0858,32.1803,0.9617,39.359584,6.273722,0.0489,0.0009,-0.0177,0.5284
/kaggle/input/datasets/duc24kdl/sub-x-ray/sub_X-Ray/sub_NIH/00001836_008.png,,sub_NIH,00001836_008.png,ok,256x256 -> 1024x1024,4,1,39.1,32.796,34.157162,5.844413,0.951,0.9881,0.2222,7.8927,32.9079,33.288372,5.769608,0.953,0.9895,0.2354,0.2354,0.2354,7.5901,150.6775,60.2226,150.6775,60.2226,0.0918,32.9079,0.953,33.288372,5.769608,0.1119,0.0015,-0.0131,0.3026
/kaggle/input/datasets/duc24kdl/sub-x-ray/sub_X-Ray/sub_NIH/00001836_013.png,,sub_NIH,00001836_013.png,ok,256x256 -> 1024x1024,4,1,38.97,35.3615,18.920284,4.349745,0.9627,0.9912,0.283,8.6767,35.5316,18.193823,4.265422,0.9647,0.9924,0.2983,0.2983,0.2983,8.1577,111.1136,50.3539,111.1136,50.3539,0.0868,35.5316,0.9647,18.193823,4.265422,0.17,0.0012,-0.0152,0.5191
/kaggle/input/datasets/duc24kdl/sub-x-ray/sub_X-Ray/sub_NIH/00001836_015.png,,sub_NIH,00001836_015.png,ok,256x256 -> 1024x1024,4,1,39.88,31.6954,44.008949,6.633924,0.955,0.9889,0.2806,7.9507,31.9178,41.812287,6.466242,0.9575,0.9906,0.2876,0.2876,0.2876,7.7465,108.5406,54.9116,108.5406,54.9116,0.0905,31.9178,0.9575,41.812287,6.466242,0.2224,0.0016,-0.007,0.2042
/kaggle/input/datasets/duc24kdl/sub-x-ray/sub_X-Ray/sub_NIH/00001836_027.png,,sub_NIH,00001836_027.png,ok,256x256 -> 1024x1024,4,1,39.87,34.6856,22.106435,4.701748,0.9536,0.9891,0.2777,8.6545,34.8836,21.121462,4.595809,0.9565,0.9908,0.2896,0.2896,0.2896,8.0751,115.375,49.3535,115.375,49.3535,0.0936,34.8836,0.9565,21.121462,4.595809,0.1979,0.0017,-0.012,0.5794
/kaggle/input/datasets/duc24kdl/sub-x-ray/sub_X-Ray/sub_NIH/00001836_035.png,,sub_NIH,00001836_035.png,ok,256x256 -> 1024x1024,4,1,39.67,35.0868,20.155822,4.489524,0.9555,0.9892,0.291,8.5378,35.2684,19.330532,4.39665,0.9583,0.9909,0.3037,0.3037,0.3037,8.1038,109.6997,47.7298,109.6997,47.7298,0.0919,35.2684,0.9583,19.330532,4.39665,0.1816,0.0017,-0.0127,0.434
/kaggle/input/datasets/duc24kdl/sub-x-ray/sub_X-Ray/sub_NIH/00001836_042.png,,sub_NIH,00001836_042.png,ok,256x256 -> 1024x1024,4,1,39.73,30.7003,55.341246,7.43917,0.955,0.9888,0.2742,8.4168,30.7883,54.23194,7.364234,0.9565,0.9903,0.2834,0.2834,0.2834,8.1621,105.9182,58.7914,105.9182,58.7914,0.0799,30.7883,0.9565,54.23194,7.364234,0.0879,0.0015,-0.0092,0.2547
/kaggle/input/datasets/duc24kdl/sub-x-ray/sub_X-Ray/sub_NIH/00001836_043.png,,sub_NIH,00001836_043.png,ok,256x256 -> 1024x1024,4,1,39.31,32.3307,38.019703,6.166012,0.952,0.9883,0.2955,8.2447,32.511,36.473656,6.039342,0.9545,0.99,0.3086,0.3086,0.3086,7.934,108.8142,49.1714,108.8142,49.1714,0.1077,32.511,0.9545,36.473656,6.039342,0.1803,0.0017,-0.0131,0.3107
/kaggle/input/datasets/duc24kdl/sub-x-ray/sub_X-Ray/sub_NIH/00001836_046.png,,sub_NIH,00001836_046.png,ok,256x256 -> 1024x1024,4,1,39.92,35.641,17.741084,4.212017,0.9632,0.9911,0.2709,8.754,35.8083,17.070494,4.131645,0.9653,0.9924,0.2896,0.2896,0.2896,8.365,113.4362,51.4182,113.4362,51.4182,0.0814,35.8083,0.9653,17.070494,4.131645,0.1673,0.0013,-0.0187,0.389
/kaggle/input/datasets/duc24kdl/sub-x-ray/sub_X-Ray/sub_NIH/00001836_049.png,,sub_NIH,00001836_049.png,ok,256x256 -> 1024x1024,4,1,40.13,37.0681,12.77223,3.573826,0.9579,0.9903,0.2828,8.47,37.3561,11.952794,3.457281,0.9606,0.9918,0.2953,0.2953,0.2953,8.1255,109.8169,49.1217,109.8169,49.1217,0.0904,37.3561,0.9606,11.952794,3.457281,0.288,0.0016,-0.0125,0.3445
/kaggle/input/datasets/duc24kdl/sub-x-ray/sub_X-Ray/sub_NIH/00001836_053.png,,sub_NIH,00001836_053.png,ok,256x256 -> 1024x1024,4,1,39.78,34.0423,25.636199,5.06322,0.953,0.9889,0.2692,8.4321,34.3954,23.63408,4.86149,0.9557,0.9907,0.2761,0.2761,0.2761,7.9797,99.3317,57.2863,99.3317,57.2863,0.1353,34.3954,0.9557,23.63408,4.86149,0.3531,0.0018,-0.0069,0.4523
/kaggle/input/datasets/duc24kdl/sub-x-ray/sub_X-Ray/sub_NIH/00001836_055.png,,sub_NIH,00001836_055.png,ok,256x256 -> 1024x1024,4,1,39.8,35.2236,19.530979,4.419387,0.9419,0.9871,0.2873,8.219,35.7689,17.226344,4.150463,0.9459,0.9891,0.2926,0.2926,0.2926,7.9782,104.6132,57.373,104.6132,57.373,0.1483,35.7689,0.9459,17.226344,4.150463,0.5453,0.002,-0.0053,0.2408
/kaggle/input/datasets/duc24kdl/sub-x-ray/sub_X-Ray/sub_NIH/00001836_060.png,,sub_NIH,00001836_060.png,ok,256x256 -> 1024x1024,4,1,39.69,33.644,28.098625,5.300814,0.9547,0.9893,0.2767,8.5534,33.7891,27.175021,5.212967,0.9567,0.9908,0.2898,0.2898,0.2898,8.0777,100.4295,52.3542,100.4295,52.3542,0.0717,33.7891,0.9567,27.175021,5.212967,0.1452,0.0015,-0.0131,0.4757
/kaggle/input/datasets/duc24kdl/sub-x-ray/sub_X-Ray/sub_NIH/00001836_067.png,,sub_NIH,00001836_067.png,ok,256x256 -> 1024x1024,4,1,39.62,37.3222,12.046532,3.470811,0.9598,0.9908,0.2607,8.5321,37.5411,11.454334,3.384425,0.962,0.9921,0.2738,0.2738,0.2738,8.0875,110.3944,53.6339,110.3944,53.6339,0.0748,37.5411,0.962,11.454334,3.384425,0.2189,0.0013,-0.0131,0.4446
/kaggle/input/datasets/duc24kdl/sub-x-ray/sub_X-Ray/sub_NIH/00001836_073.png,,sub_NIH,00001836_073.png,ok,256x256 -> 1024x1024,4,1,39.96,33.1668,31.361838,5.600164,0.957,0.9897,0.2769,8.537,33.3663,29.953595,5.472988,0.959,0.9912,0.2872,0.2872,0.2872,8.133,115.546,54.8721,115.546,54.8721,0.1224,33.3663,0.959,29.953595,5.472988,0.1995,0.0015,-0.0102,0.404
/kaggle/input/datasets/duc24kdl/sub-x-ray/sub_X-Ray/sub_NIH/00001836_074.png,,sub_NIH,00001836_074.png,ok,256x256 -> 1024x1024,4,1,39.76,32.861,33.649626,5.80083,0.956,0.9896,0.2668,8.3162,32.9459,32.998323,5.744417,0.9578,0.991,0.2797,0.2797,0.2797,7.9173,114.0617,53.0751,114.0617,53.0751,0.068,32.9459,0.9578,32.998323,5.744417,0.0849,0.0014,-0.0129,0.3989
/kaggle/input/datasets/duc24kdl/sub-x-ray/sub_X-Ray/sub_NIH/00001836_092.png,,sub_NIH,00001836_092.png,ok,256x256 -> 1024x1024,4,1,39.3,35.3642,18.908489,4.348389,0.9581,0.99,0.2636,8.4541,35.5538,18.100963,4.254523,0.9605,0.9915,0.2753,0.2753,0.2753,7.9703,106.2248,57.6197,106.2248,57.6197,0.0832,35.5538,0.9605,18.100963,4.254523,0.1896,0.0015,-0.0117,0.4838
/kaggle/input/datasets/duc24kdl/sub-x-ray/sub_X-Ray/sub_NIH/00001836_105.png,,sub_NIH,00001836_105.png,ok,256x256 -> 1024x1024,4,1,39.71,32.251,38.724041,6.222864,0.9433,0.9873,0.2909,8.3247,32.6022,35.715564,5.97625,0.9461,0.9892,0.2954,0.2954,0.2954,8.1339,105.771,59.0564,105.771,59.0564,0.1364,32.6022,0.9461,35.715564,5.97625,0.3512,0.0019,-0.0045,0.1908
/kaggle/input/datasets/duc24kdl/sub-x-ray/sub_X-Ray/sub_NIH/00001836_106.png,,sub_NIH,00001836_106.png,ok,256x256 -> 1024x1024,4,1,39.7,34.7477,21.792502,4.668244,0.9512,0.9886,0.2786,8.4142,34.9178,20.955796,4.57775,0.9542,0.9903,0.29,0.29,0.29,7.9851,115.5089,48.0278,115.5089,48.0278,0.0856,34.9178,0.9542,20.955796,4.57775,0.17,0.0017,-0.0115,0.4291
/kaggle/input/datasets/duc24kdl/sub-x-ray/sub_X-Ray/sub_NIH/00001836_107.png,,sub_NIH,00001836_107.png,ok,256x256 -> 1024x1024,4,1,39.76,34.3313,23.985504,4.8975,0.9548,0.9896,0.2905,8.5477,34.4076,23.567825,4.85467,0.9565,0.991,0.3018,0.3018,0.3018,8.2708,110.5365,47.4225,110.5365,47.4225,0.0701,34.4076,0.9565,23.567825,4.85467,0.0763,0.0014,-0.0114,0.2769
/kaggle/input/datasets/duc24kdl/sub-x-ray/sub_X-Ray/sub_NIH/00001836_118.png,,sub_NIH,00001836_118.png,ok,256x256 -> 1024x1024,4,1,39.46,34.4453,23.364043,4.833637,0.9536,0.9887,0.2784,8.327,34.583,22.635055,4.757631,0.9561,0.9903,0.2895,0.2895,0.2895,7.9774,111.9845,54.8152,111.9845,54.8152,0.0823,34.583,0.9561,22.635055,4.757631,0.1377,0.0016,-0.0112,0.3496
/kaggle/input/datasets/duc24kdl/sub-x-ray/sub_X-Ray/sub_NIH/00001836_122.png,,sub_NIH,00001836_122.png,ok,256x256 -> 1024x1024,4,1,39.74,34.1368,25.084338,5.008427,0.9505,0.9885,0.283,8.4625,34.2502,24.437823,4.943463,0.953,0.9903,0.2928,0.2928,0.2928,7.9403,106.7186,48.9445,106.7186,48.9445,0.093,34.2502,0.953,24.437823,4.943463,0.1134,0.0017,-0.0098,0.5222
/kaggle/input/datasets/duc24kdl/sub-x-ray/sub_X-Ray/sub_NIH/00001836_123.png,,sub_NIH,00001836_123.png,ok,256x256 -> 1024x1024,4,1,40.04,32.5098,36.484072,6.040205,0.9459,0.9873,0.2954,8.1542,32.6211,35.560994,5.963304,0.948,0.9891,0.306,0.306,0.306,7.7899,110.857,51.2501,110.857,51.2501,0.0745,32.6211,0.948,35.560994,5.963304,0.1113,0.0018,-0.0106,0.3642
/kaggle/input/datasets/duc24kdl/sub-x-ray/sub_X-Ray/sub_NIH/00001836_126.png,,sub_NIH,00001836_126.png,ok,256x256 -> 1024x1024,4,1,40.03,31.8299,42.666891,6.53199,0.9448,0.9869,0.2998,8.4499,32.0904,40.182395,6.338959,0.9475,0.9889,0.311,0.311,0.311,7.7992,111.0418,52.0689,111.0418,52.0689,0.1068,32.0904,0.9475,40.182395,6.338959,0.2606,0.0019,-0.0113,0.6507
/kaggle/input/datasets/duc24kdl/sub-x-ray/sub_X-Ray/sub_NIH/00001837_000.png,,sub_NIH,00001837_000.png,ok,256x256 -> 1024x1024,4,1,39.8,39.7829,6.835784,2.614533,0.9579,0.9904,0.2304,8.3308,40.5142,5.776398,2.403414,0.9611,0.992,0.2414,0.2414,0.2414,7.9051,173.6349,48.6505,173.6349,48.6505,0.3298,40.5142,0.9611,5.776398,2.403414,0.7313,0.0016,-0.011,0.4257
/kaggle/input/datasets/duc24kdl/sub-x-ray/sub_X-Ray/sub_NIH/00001839_002.png,,sub_NIH,00001839_002.png,ok,256x256 -> 1024x1024,4,1,38.89,39.0215,8.145745,2.854075,0.933,0.9877,0.3549,8.576,39.2527,7.723465,2.779112,0.9362,0.989,0.3719,0.3719,0.3719,8.0713,115.3605,68.4556,115.3605,68.4556,0.1078,39.2527,0.9362,7.723465,2.779112,0.2312,0.0014,-0.017,0.5047
/kaggle/input/datasets/duc24kdl/sub-x-ray/sub_X-Ray/sub_NIH/00001841_000.png,,sub_NIH,00001841_000.png,ok,256x256 -> 1024x1024,4,1,39.79,31.9849,41.171199,6.416479,0.9665,0.9918,0.2425,8.3344,32.2724,38.533654,6.207548,0.9682,0.9929,0.2502,0.2502,0.2502,7.9775,112.9811,53.7662,112.9811,53.7662,0.1391,32.2724,0.9682,38.533654,6.207548,0.2875,0.0011,-0.0077,0.3568
/kaggle/input/datasets/duc24kdl/sub-x-ray/sub_X-Ray/sub_NIH/00001845_001.png,,sub_NIH,00001845_001.png,ok,256x256 -> 1024x1024,4,1,39.81,36.7903,13.616083,3.689998,0.9687,0.9934,0.2968,9.4619,36.8913,13.302958,3.647322,0.9703,0.9942,0.3221,0.3221,0.3221,8.6106,140.6401,36.6023,140.6401,36.6023,0.0457,36.8913,0.9703,13.302958,3.647322,0.101,0.0008,-0.0253,0.8513
/kaggle/input/datasets/duc24kdl/sub-x-ray/sub_X-Ray/sub_NIH/00001847_003.png,,sub_NIH,00001847_003.png,ok,256x256 -> 1024x1024,4,1,40.34,34.4795,23.180847,4.814649,0.9608,0.9912,0.2112,7.8838,35.4717,18.446141,4.294897,0.9629,0.9926,0.2078,0.2078,0.2078,7.6673,130.6535,74.3759,130.6535,74.3759,0.1399,35.4717,0.9629,18.446141,4.294897,0.9922,0.0014,0.0034,0.2165
/kaggle/input/datasets/duc24kdl/sub-x-ray/sub_X-Ray/sub_NIH/00001847_004.png,,sub_NIH,00001847_004.png,ok,256x256 -> 1024x1024,4,1,40.06,35.2549,19.390385,4.403451,0.9665,0.9929,0.2174,8.1975,35.4573,18.507594,4.302045,0.9687,0.994,0.2167,0.2167,0.2167,7.8964,146.011,58.3441,146.011,58.3441,0.0349,35.4573,0.9687,18.507594,4.302045,0.2024,0.001,0.0008,0.301
/kaggle/input/datasets/duc24kdl/sub-x-ray/sub_X-Ray/sub_NIH/00001847_006.png,,sub_NIH,00001847_006.png,ok,256x256 -> 1024x1024,4,1,39.13,36.3214,15.168344,3.894656,0.9754,0.9943,0.2041,8.6506,36.4689,14.661856,3.82908,0.9766,0.9951,0.2097,0.2097,0.2097,8.4013,150.6179,54.9781,150.6179,54.9781,0.064,36.4689,0.9766,14.661856,3.82908,0.1475,0.0008,-0.0055,0.2494
/kaggle/input/datasets/duc24kdl/sub-x-ray/sub_X-Ray/sub_NIH/00001847_007.png,,sub_NIH,00001847_007.png,ok,256x256 -> 1024x1024,4,1,39.67,35.8214,17.019364,4.125453,0.9714,0.9938,0.2041,8.5521,36.0114,16.290777,4.036183,0.9727,0.9946,0.206,0.206,0.206,8.2154,150.8823,52.0945,150.8823,52.0945,0.0732,36.0114,0.9727,16.290777,4.036183,0.19,0.0008,-0.0019,0.3367
/kaggle/input/datasets/duc24kdl/sub-x-ray/sub_X-Ray/sub_NIH/00001851_003.png,,sub_NIH,00001851_003.png,ok,256x256 -> 1024x1024,4,1,39.01,32.5103,36.479829,6.039853,0.9593,0.9913,0.3328,8.9802,32.6524,35.304995,5.941801,0.9604,0.9921,0.3599,0.3599,0.3599,8.5063,122.6355,44.5772,122.6355,44.5772,0.0962,32.6524,0.9604,35.304995,5.941801,0.1422,0.0008,-0.0271,0.4739
/kaggle/input/datasets/duc24kdl/sub-x-ray/sub_X-Ray/sub_NIH/00001854_000.png,,sub_NIH,00001854_000.png,ok,256x256 -> 1024x1024,4,1,39.11,31.5272,45.746882,6.763644,0.963,0.9918,0.2027,8.0655,32.0201,40.838592,6.390508,0.9655,0.9932,0.1953,0.1953,0.1953,7.801,64.1566,72.759,64.1566,72.759,0.1497,32.0201,0.9655,40.838592,6.390508,0.4929,0.0014,0.0074,0.2645
/kaggle/input/datasets/duc24kdl/sub-x-ray/sub_X-Ray/sub_NIH/00001855_001.png,,sub_NIH,00001855_001.png,ok,256x256 -> 1024x1024,4,1,39.41,34.4223,23.488365,4.84648,0.9697,0.9936,0.1679,8.8201,35.3125,19.135058,4.374364,0.9719,0.9946,0.1569,0.1569,0.1569,7.4731,78.7342,83.4468,78.7342,83.4468,0.1746,35.3125,0.9719,19.135058,4.374364,0.8902,0.001,0.011,1.347
/kaggle/input/datasets/duc24kdl/sub-x-ray/sub_X-Ray/sub_NIH/00001855_004.png,,sub_NIH,00001855_004.png,ok,256x256 -> 1024x1024,4,1,39.81,41.4307,4.677506,2.162754,0.9751,0.9944,0.1615,8.8583,41.7466,4.34931,2.0855,0.9768,0.9952,0.1685,0.1685,0.1685,8.208,165.2456,74.9466,165.2456,74.9466,0.1569,41.7466,0.9768,4.34931,2.0855,0.3159,0.0008,-0.007,0.6503
/kaggle/input/datasets/duc24kdl/sub-x-ray/sub_X-Ray/sub_NIH/00001855_012.png,,sub_NIH,00001855_012.png,ok,256x256 -> 1024x1024,4,1,39.15,34.2883,24.224082,4.921797,0.9707,0.9935,0.173,7.8462,34.6972,22.047509,4.695478,0.9727,0.9945,0.1617,0.1617,0.1617,7.7207,90.4016,82.3013,90.4016,82.3013,0.1136,34.6972,0.9727,22.047509,4.695478,0.4089,0.001,0.0113,0.1256
/kaggle/input/datasets/duc24kdl/sub-x-ray/sub_X-Ray/sub_NIH/00001855_013.png,,sub_NIH,00001855_013.png,ok,256x256 -> 1024x1024,4,1,38.55,34.7666,21.698103,4.658122,0.9675,0.9927,0.1824,8.7762,35.8601,16.868281,4.107101,0.9707,0.9943,0.1728,0.1728,0.1728,8.1916,98.9767,86.5008,98.9767,86.5008,0.304,35.8601,0.9707,16.868281,4.107101,1.0935,0.0016,0.0096,0.5846
/kaggle/input/datasets/duc24kdl/sub-x-ray/sub_X-Ray/sub_NIH/00001855_015.png,,sub_NIH,00001855_015.png,ok,256x256 -> 1024x1024,4,1,39.7,33.1843,31.235846,5.588904,0.9689,0.9926,0.1718,9.0699,33.8799,26.612975,5.158776,0.9691,0.9935,0.1568,0.1568,0.1568,8.4237,106.9929,82.1094,106.9929,82.1094,0.1089,33.8799,0.9691,26.612975,5.158776,0.6956,0.0009,0.015,0.6462
/kaggle/input/datasets/duc24kdl/sub-x-ray/sub_X-Ray/sub_NIH/00001855_024.png,,sub_NIH,00001855_024.png,ok,256x256 -> 1024x1024,4,1,39.88,34.5555,22.778889,4.772723,0.9703,0.9933,0.1829,9.3596,34.9458,20.821148,4.56302,0.9713,0.9943,0.1728,0.1728,0.1728,8.4642,131.2482,69.7948,131.2482,69.7948,0.1062,34.9458,0.9713,20.821148,4.56302,0.3903,0.001,0.0101,0.8955
/kaggle/input/datasets/duc24kdl/sub-x-ray/sub_X-Ray/sub_NIH/00001855_026.png,,sub_NIH,00001855_026.png,ok,256x256 -> 1024x1024,4,1,38.91,36.055,16.128109,4.015982,0.9771,0.9946,0.1452,9.2025,36.6077,14.200606,3.768369,0.9781,0.9955,0.1344,0.1344,0.1344,8.7037,103.4271,85.4265,103.4271,85.4265,0.1372,36.6077,0.9781,14.200606,3.768369,0.5528,0.0008,0.0107,0.4988
/kaggle/input/datasets/duc24kdl/sub-x-ray/sub_X-Ray/sub_NIH/00001855_029.png,,sub_NIH,00001855_029.png,ok,256x256 -> 1024x1024,4,1,39.09,33.4612,29.306586,5.413556,0.9655,0.992,0.2131,8.3855,33.6529,28.040801,5.295357,0.9675,0.9931,0.214,0.214,0.214,7.613,127.5195,70.4803,127.5195,70.4803,0.0986,33.6529,0.9675,28.040801,5.295357,0.1917,0.0011,-0.0009,0.7725
/kaggle/input/datasets/duc24kdl/sub-x-ray/sub_X-Ray/sub_NIH/00001857_000.png,,sub_NIH,00001857_000.png,ok,256x256 -> 1024x1024,4,1,39.22,40.1599,6.267472,2.503492,0.9651,0.9919,0.1971,8.1736,40.6809,5.558921,2.357736,0.9676,0.9931,0.2143,0.2143,0.2143,7.8343,168.3272,43.4042,168.3272,43.4042,0.0499,40.6809,0.9676,5.558921,2.357736,0.521,0.0012,-0.0172,0.3393
/kaggle/input/datasets/duc24kdl/sub-x-ray/sub_X-Ray/sub_NIH/00001857_001.png,,sub_NIH,00001857_001.png,ok,256x256 -> 1024x1024,4,1,39.33,45.054,2.030841,1.425076,0.9794,0.9953,0.2019,9.1671,45.4161,1.868392,1.366891,0.981,0.9959,0.2232,0.2232,0.2232,8.5081,168.8997,33.9588,168.8997,33.9588,0.1102,45.4161,0.981,1.868392,1.366891,0.3621,0.0006,-0.0213,0.659
/kaggle/input/datasets/duc24kdl/sub-x-ray/sub_X-Ray/sub_NIH/00001860_001.png,,sub_NIH,00001860_001.png,ok,256x256 -> 1024x1024,4,1,40.3,31.8418,42.549667,6.523011,0.9554,0.9899,0.2515,8.0232,31.9663,41.347158,6.430176,0.9568,0.9912,0.26,0.26,0.26,7.7192,156.6904,63.8425,156.6904,63.8425,0.0936,31.9663,0.9568,41.347158,6.430176,0.1245,0.0013,-0.0085,0.304
/kaggle/input/datasets/duc24kdl/sub-x-ray/sub_X-Ray/sub_NIH/00001860_002.png,,sub_NIH,00001860_002.png,ok,256x256 -> 1024x1024,4,1,38.73,37.3484,11.974091,3.46036,0.9212,0.985,0.3813,8.192,37.6081,11.278918,3.35841,0.9238,0.9866,0.3955,0.3955,0.3955,7.8956,128.1148,66.7862,128.1148,66.7862,0.1085,37.6081,0.9238,11.278918,3.35841,0.2598,0.0015,-0.0142,0.2964
/kaggle/input/datasets/duc24kdl/sub-x-ray/sub_X-Ray/sub_NIH/00001862_005.png,,sub_NIH,00001862_005.png,ok,256x256 -> 1024x1024,4,1,39.95,34.9731,20.690331,4.548663,0.9608,0.992,0.3262,9.2637,35.2229,19.533882,4.419715,0.9617,0.9926,0.3571,0.3571,0.3571,8.8301,138.6278,39.6578,138.6278,39.6578,0.0449,35.2229,0.9617,19.533882,4.419715,0.2498,0.0006,-0.0309,0.4336
/kaggle/input/datasets/duc24kdl/sub-x-ray/sub_X-Ray/sub_NIH/00001867_000.png,,sub_NIH,00001867_000.png,ok,256x256 -> 1024x1024,4,1,39.94,40.8484,5.348662,2.312717,0.9424,0.9896,0.3197,8.5463,41.0807,5.070034,2.251674,0.9446,0.9907,0.3423,0.3423,0.3423,8.2282,115.0557,72.7089,115.0557,72.7089,0.0736,41.0807,0.9446,5.070034,2.251674,0.2323,0.001,-0.0226,0.318
/kaggle/input/datasets/duc24kdl/sub-x-ray/sub_X-Ray/sub_NIH/00001869_000.png,,sub_NIH,00001869_000.png,ok,256x256 -> 1024x1024,4,1,39.31,42.4773,3.675822,1.917243,0.9707,0.993,0.2244,8.8976,42.8682,3.359416,1.832871,0.9733,0.9942,0.2341,0.2341,0.2341,8.3472,166.3132,42.8263,166.3132,42.8263,0.2193,42.8682,0.9733,3.359416,1.832871,0.3909,0.0012,-0.0096,0.5504
/kaggle/input/datasets/duc24kdl/sub-x-ray/sub_X-Ray/sub_NIH/00001872_001.png,,sub_NIH,00001872_001.png,ok,256x256 -> 1024x1024,4,1,38.72,42.104,4.005757,2.001439,0.9565,0.9905,0.2947,8.5679,42.4188,3.725637,1.930191,0.9592,0.9916,0.3132,0.3132,0.3132,8.4421,105.7361,37.2241,105.7361,37.2241,0.1175,42.4188,0.9592,3.725637,1.930191,0.3148,0.0011,-0.0185,0.1258
/kaggle/input/datasets/duc24kdl/sub-x-ray/sub_X-Ray/sub_NIH/00001872_002.png,,sub_NIH,00001872_002.png,ok,256x256 -> 1024x1024,4,1,39.26,42.2866,3.840774,1.959789,0.9563,0.9905,0.3032,8.5216,42.5725,3.596091,1.896336,0.9586,0.9916,0.3251,0.3251,0.3251,8.2042,108.8843,31.0958,108.8843,31.0958,0.0954,42.5725,0.9586,3.596091,1.896336,0.2859,0.0011,-0.0219,0.3174
/kaggle/input/datasets/duc24kdl/sub-x-ray/sub_X-Ray/sub_NIH/00001872_005.png,,sub_NIH,00001872_005.png,ok,256x256 -> 1024x1024,4,1,39.28,34.3008,24.154683,4.914741,0.9534,0.99,0.2617,8.4845,34.7206,21.928881,4.682828,0.9558,0.9914,0.2656,0.2656,0.2656,8.1179,163.4283,60.7324,163.4283,60.7324,0.1068,34.7206,0.9558,21.928881,4.682828,0.4198,0.0014,-0.0039,0.3666
/kaggle/input/datasets/duc24kdl/sub-x-ray/sub_X-Ray/sub_NIH/00001872_011.png,,sub_NIH,00001872_011.png,ok,256x256 -> 1024x1024,4,1,39.27,33.0532,32.193086,5.673895,0.9495,0.9892,0.255,8.8299,33.6067,28.340721,5.3236,0.9512,0.9906,0.261,0.261,0.261,8.2633,166.3786,62.5056,166.3786,62.5056,-0.0039,33.6067,0.9512,28.340721,5.3236,0.5535,0.0014,-0.006,0.5667
/kaggle/input/datasets/duc24kdl/sub-x-ray/sub_X-Ray/sub_NIH/00001874_000.png,,sub_NIH,00001874_000.png,ok,256x256 -> 1024x1024,4,1,38.94,35.0426,20.361988,4.512426,0.9657,0.9925,0.2525,8.9464,35.1144,20.027989,4.475264,0.9675,0.9935,0.2626,0.2626,0.2626,8.4311,162.9244,54.5777,162.9244,54.5777,0.046,35.1144,0.9675,20.027989,4.475264,0.0718,0.001,-0.0101,0.5153
/kaggle/input/datasets/duc24kdl/sub-x-ray/sub_X-Ray/sub_NIH/00001880_001.png,,sub_NIH,00001880_001.png,ok,256x256 -> 1024x1024,4,1,38.87,36.1435,15.802668,3.975257,0.9648,0.9921,0.2224,7.95,36.545,14.407367,3.795704,0.9669,0.9934,0.2232,0.2232,0.2232,7.7343,114.9152,66.3813,114.9152,66.3813,0.0953,36.545,0.9669,14.407367,3.795704,0.4015,0.0013,-0.0008,0.2156
/kaggle/input/datasets/duc24kdl/sub-x-ray/sub_X-Ray/sub_NIH/00001880_003.png,,sub_NIH,00001880_003.png,ok,256x256 -> 1024x1024,4,1,39.12,34.7486,21.787973,4.667759,0.9604,0.9914,0.2362,8.0117,35.4321,18.615457,4.314563,0.9624,0.9928,0.2393,0.2393,0.2393,7.6438,113.9146,66.7581,113.9146,66.7581,0.2233,35.4321,0.9624,18.615457,4.314563,0.6834,0.0014,-0.0031,0.3679
/kaggle/input/datasets/duc24kdl/sub-x-ray/sub_X-Ray/sub_NIH/00001880_006.png,,sub_NIH,00001880_006.png,ok,256x256 -> 1024x1024,4,1,40.22,33.162,31.396298,5.60324,0.9245,0.9867,0.3649,8.8275,33.4757,29.208875,5.404524,0.9259,0.9878,0.3822,0.3822,0.3822,8.1874,117.3965,62.7855,117.3965,62.7855,0.1513,33.4757,0.9259,29.208875,5.404524,0.3136,0.0011,-0.0173,0.6402
/kaggle/input/datasets/duc24kdl/sub-x-ray/sub_X-Ray/sub_NIH/00001881_000.png,,sub_NIH,00001881_000.png,ok,256x256 -> 1024x1024,4,1,40.09,34.5896,22.600531,4.754002,0.9658,0.9921,0.2186,8.5216,34.637,22.355444,4.728154,0.9675,0.9932,0.2228,0.2228,0.2228,7.9484,174.8217,53.7581,174.8217,53.7581,0.0487,34.637,0.9675,22.355444,4.728154,0.0474,0.0011,-0.0042,0.5732
/kaggle/input/datasets/duc24kdl/sub-x-ray/sub_X-Ray/sub_NIH/00001882_001.png,,sub_NIH,00001882_001.png,ok,256x256 -> 1024x1024,4,1,39.88,39.9728,6.54341,2.558009,0.9635,0.9914,0.2401,8.6842,40.3127,6.050812,2.45984,0.9657,0.9926,0.2566,0.2566,0.2566,8.3886,169.7224,41.0998,169.7224,41.0998,0.0438,40.3127,0.9657,6.050812,2.45984,0.3399,0.0012,-0.0165,0.2956
/kaggle/input/datasets/duc24kdl/sub-x-ray/sub_X-Ray/sub_NIH/00001882_002.png,,sub_NIH,00001882_002.png,ok,256x256 -> 1024x1024,4,1,39.88,31.1796,49.559026,7.039817,0.9668,0.9916,0.2424,9.1568,31.2856,48.363458,6.954384,0.968,0.9926,0.2635,0.2635,0.2635,8.6275,160.4282,45.0986,160.4282,45.0986,0.0776,31.2856,0.968,48.363458,6.954384,0.1061,0.001,-0.0211,0.5294
/kaggle/input/datasets/duc24kdl/sub-x-ray/sub_X-Ray/sub_NIH/00001887_001.png,,sub_NIH,00001887_001.png,ok,256x256 -> 1024x1024,4,1,38.82,39.0241,8.140797,2.853208,0.9355,0.9855,0.3306,8.5382,39.3231,7.599256,2.756675,0.9388,0.9874,0.3461,0.3461,0.3461,7.8619,103.6831,37.3299,103.6831,37.3299,0.129,39.3231,0.9388,7.599256,2.756675,0.299,0.0019,-0.0156,0.6764
/kaggle/input/datasets/duc24kdl/sub-x-ray/sub_X-Ray/sub_NIH/00001889_000.png,,sub_NIH,00001889_000.png,ok,256x256 -> 1024x1024,4,1,39.79,41.9287,4.170688,2.042226,0.9655,0.9919,0.2353,8.5956,42.1981,3.919828,1.979856,0.9681,0.9932,0.2476,0.2476,0.2476,8.1346,174.5928,45.8329,174.5928,45.8329,0.1372,42.1981,0.9681,3.919828,1.979856,0.2694,0.0013,-0.0123,0.4609
/kaggle/input/datasets/duc24kdl/sub-x-ray/sub_X-Ray/sub_NIH/00001890_001.png,,sub_NIH,00001890_001.png,ok,256x256 -> 1024x1024,4,1,39.84,40.1067,6.344722,2.518873,0.9634,0.9915,0.2484,8.6497,40.6199,5.637514,2.374345,0.9663,0.9929,0.2558,0.2558,0.2558,8.2727,169.0194,46.0106,169.0194,46.0106,0.1744,40.6199,0.9663,5.637514,2.374345,0.5133,0.0014,-0.0074,0.377
/kaggle/input/datasets/duc24kdl/sub-x-ray/sub_X-Ray/sub_NIH/00001892_009.png,,sub_NIH,00001892_009.png,ok,256x256 -> 1024x1024,4,1,38.91,38.7633,8.644678,2.940183,0.928,0.9868,0.3477,8.6795,38.9578,8.266088,2.87508,0.9306,0.988,0.3691,0.3691,0.3691,8.3799,124.6335,68.8533,124.6335,68.8533,0.0755,38.9578,0.9306,8.266088,2.87508,0.1945,0.0013,-0.0215,0.2995
/kaggle/input/datasets/duc24kdl/sub-x-ray/sub_X-Ray/sub_NIH/00001893_000.png,,sub_NIH,00001893_000.png,ok,256x256 -> 1024x1024,4,1,39.42,38.8003,8.571344,2.927686,0.9332,0.9879,0.3484,8.7824,39.0095,8.168263,2.858017,0.9354,0.989,0.3711,0.3711,0.3711,8.367,134.581,66.9653,134.581,66.9653,0.0994,39.0095,0.9354,8.168263,2.858017,0.2092,0.0011,-0.0227,0.4154
/kaggle/input/datasets/duc24kdl/sub-x-ray/sub_X-Ray/sub_NIH/00001894_003.png,,sub_NIH,00001894_003.png,ok,256x256 -> 1024x1024,4,1,39.68,38.211,9.817005,3.13321,0.9311,0.9873,0.3148,8.1983,38.5184,9.146269,3.02428,0.9343,0.9889,0.3242,0.3242,0.3242,7.6649,98.9102,70.631,98.9102,70.631,0.1054,38.5184,0.9343,9.146269,3.02428,0.3074,0.0016,-0.0094,0.5334
/kaggle/input/datasets/duc24kdl/sub-x-ray/sub_X-Ray/sub_NIH/00001895_000.png,,sub_NIH,00001895_000.png,ok,256x256 -> 1024x1024,4,1,38.82,32.8014,34.114699,5.840779,0.9606,0.9913,0.2381,8.4656,33.3357,30.165802,5.49234,0.9623,0.9924,0.2321,0.2321,0.2321,8.1549,173.0891,63.2215,173.0891,63.2215,0.1,33.3357,0.9623,30.165802,5.49234,0.5343,0.0011,0.006,0.3106
/kaggle/input/datasets/duc24kdl/sub-x-ray/sub_X-Ray/sub_NIH/00001895_003.png,,sub_NIH,00001895_003.png,ok,256x256 -> 1024x1024,4,1,39.81,38.8806,8.414324,2.900745,0.9291,0.9869,0.3681,8.7944,39.1176,7.967395,2.822657,0.9321,0.9883,0.3875,0.3875,0.3875,8.4052,132.6285,64.4144,132.6285,64.4144,0.0854,39.1176,0.9321,7.967395,2.822657,0.237,0.0013,-0.0194,0.3892
/kaggle/input/datasets/duc24kdl/sub-x-ray/sub_X-Ray/sub_NIH/00001896_001.png,,sub_NIH,00001896_001.png,ok,256x256 -> 1024x1024,4,1,38.99,34.9803,20.656333,4.544924,0.9598,0.9912,0.2319,8.2477,35.2627,19.355613,4.399501,0.9617,0.9924,0.2397,0.2397,0.2397,7.8966,158.9014,63.3297,158.9014,63.3297,0.2628,35.2627,0.9617,19.355613,4.399501,0.2825,0.0012,-0.0078,0.3511
/kaggle/input/datasets/duc24kdl/sub-x-ray/sub_X-Ray/sub_NIH/00001900_000.png,,sub_NIH,00001900_000.png,ok,256x256 -> 1024x1024,4,1,40.27,37.5222,11.504367,3.391809,0.9673,0.993,0.2984,8.938,37.6475,11.177237,3.343238,0.9688,0.9938,0.3221,0.3221,0.3221,8.5916,136.7999,37.8976,136.7999,37.8976,0.0472,37.6475,0.9688,11.177237,3.343238,0.1253,0.0007,-0.0237,0.3464
/kaggle/input/datasets/duc24kdl/sub-x-ray/sub_X-Ray/sub_NIH/00001900_013.png,,sub_NIH,00001900_013.png,ok,256x256 -> 1024x1024,4,1,39.26,33.735,27.515546,5.245526,0.957,0.9913,0.3394,9.4669,33.854,26.772049,5.174171,0.9582,0.992,0.3674,0.3674,0.3674,8.9992,116.498,52.1975,116.498,52.1975,0.0677,33.854,0.9582,26.772049,5.174171,0.119,0.0007,-0.028,0.4677
/kaggle/input/datasets/duc24kdl/sub-x-ray/sub_X-Ray/sub_NIH/00001900_015.png,,sub_NIH,00001900_015.png,ok,256x256 -> 1024x1024,4,1,39.56,32.9396,33.045858,5.748553,0.9551,0.9899,0.3231,8.727,33.0005,32.586251,5.708437,0.9567,0.991,0.3401,0.3401,0.3401,8.2437,116.7465,52.1756,116.7465,52.1756,0.0701,33.0005,0.9567,32.586251,5.708437,0.0608,0.0011,-0.0171,0.4833
/kaggle/input/datasets/duc24kdl/sub-x-ray/sub_X-Ray/sub_NIH/00001900_021.png,,sub_NIH,00001900_021.png,ok,256x256 -> 1024x1024,4,1,39.95,37.6222,11.242363,3.352963,0.9234,0.9858,0.4172,9.0253,37.9022,10.54048,3.246611,0.9261,0.9872,0.4449,0.4449,0.4449,8.6144,142.2656,56.0251,142.2656,56.0251,0.11,37.9022,0.9261,10.54048,3.246611,0.28,0.0014,-0.0277,0.411
/kaggle/input/datasets/duc24kdl/sub-x-ray/sub_X-Ray/sub_NIH/00001900_026.png,,sub_NIH,00001900_026.png,ok,256x256 -> 1024x1024,4,1,38.91,37.5194,11.511711,3.392891,0.9161,0.9842,0.3806,8.4941,37.8058,10.777086,3.282847,0.919,0.9859,0.3965,0.3965,0.3965,7.9803,124.131,68.096,124.131,68.096,0.0932,37.8058,0.919,10.777086,3.282847,0.2864,0.0016,-0.0159,0.5138
/kaggle/input/datasets/duc24kdl/sub-x-ray/sub_X-Ray/sub_NIH/00001900_029.png,,sub_NIH,00001900_029.png,ok,256x256 -> 1024x1024,4,1,39.62,37.5152,11.522805,3.394526,0.9222,0.9857,0.3772,8.6377,37.8419,10.687965,3.269245,0.9245,0.987,0.3958,0.3958,0.3958,8.228,131.7839,67.5771,131.7839,67.5771,0.1046,37.8419,0.9245,10.687965,3.269245,0.3266,0.0014,-0.0186,0.4096
/kaggle/input/datasets/duc24kdl/sub-x-ray/sub_X-Ray/sub_NIH/00001900_033.png,,sub_NIH,00001900_033.png,ok,256x256 -> 1024x1024,4,1,39.94,30.8869,53.014472,7.281104,0.9579,0.9903,0.3231,9.713,30.9507,52.240582,7.227765,0.9587,0.991,0.3497,0.3497,0.3497,9.1649,120.1325,48.7267,120.1325,48.7267,0.1006,30.9507,0.9587,52.240582,7.227765,0.0639,0.0008,-0.0266,0.5481
/kaggle/input/datasets/duc24kdl/sub-x-ray/sub_X-Ray/sub_NIH/00001900_035.png,,sub_NIH,00001900_035.png,ok,256x256 -> 1024x1024,4,1,39.09,35.3594,18.92958,4.350814,0.981,0.9957,0.2016,10.1646,35.4086,18.716376,4.326243,0.9817,0.9962,0.2186,0.2186,0.2186,9.446,154.7811,50.5502,154.7811,50.5502,0.0495,35.4086,0.9817,18.716376,4.326243,0.0492,0.0005,-0.017,0.7186
/kaggle/input/datasets/duc24kdl/sub-x-ray/sub_X-Ray/sub_NIH/00001900_036.png,,sub_NIH,00001900_036.png,ok,256x256 -> 1024x1024,4,1,40.26,37.7483,10.920765,3.304658,0.9159,0.9845,0.4021,8.6486,37.9855,10.340272,3.215629,0.9189,0.9861,0.4203,0.4203,0.4203,8.2151,130.1877,67.5221,130.1877,67.5221,0.0895,37.9855,0.9189,10.340272,3.215629,0.2372,0.0016,-0.0182,0.4334
/kaggle/input/datasets/duc24kdl/sub-x-ray/sub_X-Ray/sub_NIH/00001901_000.png,,sub_NIH,00001901_000.png,ok,256x256 -> 1024x1024,4,1,38.67,36.6361,14.108246,3.756095,0.929,0.9863,0.3347,8.5039,36.9112,13.242132,3.638974,0.9316,0.9878,0.3472,0.3472,0.3472,7.9861,107.6709,69.9756,107.6709,69.9756,0.1161,36.9112,0.9316,13.242132,3.638974,0.2752,0.0015,-0.0125,0.5178
/kaggle/input/datasets/duc24kdl/sub-x-ray/sub_X-Ray/sub_NIH/00001901_002.png,,sub_NIH,00001901_002.png,ok,256x256 -> 1024x1024,4,1,39.77,40.8949,5.291621,2.300352,0.956,0.9895,0.2322,8.221,41.3592,4.755087,2.180616,0.9588,0.9911,0.2465,0.2465,0.2465,7.9904,163.8655,42.9468,163.8655,42.9468,0.1543,41.3592,0.9588,4.755087,2.180616,0.4643,0.0016,-0.0143,0.2306
/kaggle/input/datasets/duc24kdl/sub-x-ray/sub_X-Ray/sub_NIH/00001901_005.png,,sub_NIH,00001901_005.png,ok,256x256 -> 1024x1024,4,1,40.26,37.43,11.751155,3.427996,0.9286,0.9863,0.3433,8.3763,37.6262,11.23199,3.351416,0.9313,0.9878,0.3578,0.3578,0.3578,7.9591,127.8709,66.1514,127.8709,66.1514,0.102,37.6262,0.9313,11.23199,3.351416,0.1962,0.0015,-0.0145,0.4172
/kaggle/input/datasets/duc24kdl/sub-x-ray/sub_X-Ray/sub_NIH/00001901_006.png,,sub_NIH,00001901_006.png,ok,256x256 -> 1024x1024,4,1,38.88,38.1456,9.966095,3.156912,0.9307,0.9868,0.3201,8.2294,38.5299,9.122037,3.020271,0.9338,0.9883,0.3336,0.3336,0.3336,8.0898,108.5345,71.0199,108.5345,71.0199,0.1002,38.5299,0.9338,9.122037,3.020271,0.3843,0.0015,-0.0135,0.1397
/kaggle/input/datasets/duc24kdl/sub-x-ray/sub_X-Ray/sub_NIH/00001903_000.png,,sub_NIH,00001903_000.png,ok,256x256 -> 1024x1024,4,1,38.91,34.535,22.886406,4.783974,0.9558,0.9902,0.2788,8.6328,34.8939,21.071075,4.590324,0.9577,0.9914,0.285,0.285,0.285,8.1961,128.0898,49.9856,128.0898,49.9856,0.0775,34.8939,0.9577,21.071075,4.590324,0.3589,0.0012,-0.0062,0.4368
/kaggle/input/datasets/duc24kdl/sub-x-ray/sub_X-Ray/sub_NIH/00001906_001.png,,sub_NIH,00001906_001.png,ok,256x256 -> 1024x1024,4,1,39.28,38.8202,8.532192,2.920992,0.9335,0.9877,0.3412,8.6369,39.1334,7.938462,2.817528,0.9368,0.9892,0.3571,0.3571,0.3571,8.3011,130.3553,64.4289,130.3553,64.4289,0.0906,39.1334,0.9368,7.938462,2.817528,0.3132,0.0014,-0.0159,0.3358
/kaggle/input/datasets/duc24kdl/sub-x-ray/sub_X-Ray/sub_NIH/00001906_003.png,,sub_NIH,00001906_003.png,ok,256x256 -> 1024x1024,4,1,39.87,33.4592,29.319897,5.414785,0.9397,0.9869,0.3319,8.3649,33.6714,27.921864,5.284114,0.9416,0.9883,0.3482,0.3482,0.3482,8.0674,141.5564,45.0261,141.5564,45.0261,0.1244,33.6714,0.9416,27.921864,5.284114,0.2122,0.0015,-0.0163,0.2975
/kaggle/input/datasets/duc24kdl/sub-x-ray/sub_X-Ray/sub_NIH/00001906_007.png,,sub_NIH,00001906_007.png,ok,256x256 -> 1024x1024,4,1,39.88,39.7953,6.816317,2.610808,0.9535,0.9894,0.291,8.6636,40.3386,6.014856,2.45252,0.9567,0.9911,0.2987,0.2987,0.2987,8.2511,159.3856,45.8533,159.3856,45.8533,0.1656,40.3386,0.9567,6.014856,2.45252,0.5432,0.0017,-0.0077,0.4125
/kaggle/input/datasets/duc24kdl/sub-x-ray/sub_X-Ray/sub_NIH/00001906_008.png,,sub_NIH,00001906_008.png,ok,256x256 -> 1024x1024,4,1,40.25,32.4135,37.301766,6.107517,0.9468,0.9889,0.2917,8.6333,32.9816,32.728225,5.720859,0.949,0.9904,0.2874,0.2874,0.2874,8.2725,160.8042,59.5193,160.8042,59.5193,0.1157,32.9816,0.949,32.728225,5.720859,0.5681,0.0015,0.0043,0.3609
/kaggle/input/datasets/duc24kdl/sub-x-ray/sub_X-Ray/sub_NIH/00001909_000.png,,sub_NIH,00001909_000.png,ok,256x256 -> 1024x1024,4,1,40.35,32.8458,33.767902,5.811016,0.967,0.993,0.2521,8.89,32.9035,33.321709,5.772496,0.9677,0.9938,0.261,0.261,0.261,8.2403,121.8465,53.8773,121.8465,53.8773,0.0349,32.9035,0.9677,33.321709,5.772496,0.0578,0.0008,-0.0089,0.6497
/kaggle/input/datasets/duc24kdl/sub-x-ray/sub_X-Ray/sub_NIH/00001910_000.png,,sub_NIH,00001910_000.png,ok,256x256 -> 1024x1024,4,1,39.83,38.5338,9.113834,3.018913,0.9243,0.9859,0.3875,8.8816,38.8312,8.51064,2.9173,0.927,0.9874,0.4146,0.4146,0.4146,8.2909,131.2844,55.823,131.2844,55.823,0.099,38.8312,0.927,8.51064,2.9173,0.2974,0.0014,-0.0271,0.5907
/kaggle/input/datasets/duc24kdl/sub-x-ray/sub_X-Ray/sub_NIH/00001911_004.png,,sub_NIH,00001911_004.png,ok,256x256 -> 1024x1024,4,1,39.71,30.7977,54.11377,7.356206,0.9157,0.9824,0.3432,7.8247,31.3833,47.287956,6.876624,0.9186,0.9843,0.3368,0.3368,0.3368,7.3211,115.377,72.09,115.377,72.09,0.1033,31.3833,0.9186,47.287956,6.876624,0.5856,0.002,0.0065,0.5036
/kaggle/input/datasets/duc24kdl/sub-x-ray/sub_X-Ray/sub_NIH/00001911_006.png,,sub_NIH,00001911_006.png,ok,256x256 -> 1024x1024,4,1,39.03,37.4998,11.563719,3.400547,0.9227,0.9854,0.3699,8.3155,37.7846,10.829738,3.290857,0.9258,0.987,0.3881,0.3881,0.3881,7.9101,112.2005,74.9466,112.2005,74.9466,0.1095,37.7846,0.9258,10.829738,3.290857,0.2848,0.0015,-0.0182,0.4054
/kaggle/input/datasets/duc24kdl/sub-x-ray/sub_X-Ray/sub_NIH/00001911_007.png,,sub_NIH,00001911_007.png,ok,256x256 -> 1024x1024,4,1,39.13,32.4344,37.122821,6.09285,0.939,0.9864,0.2523,7.7553,33.0943,31.889907,5.647115,0.9424,0.9882,0.2549,0.2549,0.2549,7.5435,132.7899,75.6749,132.7899,75.6749,0.0754,33.0943,0.9424,31.889907,5.647115,0.6599,0.0018,-0.0026,0.2118
/kaggle/input/datasets/duc24kdl/sub-x-ray/sub_X-Ray/sub_NIH/00001911_008.png,,sub_NIH,00001911_008.png,ok,256x256 -> 1024x1024,4,1,39.1,37.4794,11.618262,3.408557,0.9213,0.9851,0.3672,8.397,37.7504,10.915364,3.303841,0.9241,0.9866,0.3863,0.3863,0.3863,7.9388,117.9346,73.1289,117.9346,73.1289,0.1124,37.7504,0.9241,10.915364,3.303841,0.271,0.0016,-0.0191,0.4583
/kaggle/input/datasets/duc24kdl/sub-x-ray/sub_X-Ray/sub_NIH/00001911_011.png,,sub_NIH,00001911_011.png,ok,256x256 -> 1024x1024,4,1,39.97,38.4055,9.387023,3.063825,0.9405,0.9884,0.338,8.3499,38.6928,8.786161,2.964146,0.9427,0.9896,0.3567,0.3567,0.3567,7.932,125.4142,67.2491,125.4142,67.2491,0.1015,38.6928,0.9427,8.786161,2.964146,0.2873,0.0012,-0.0187,0.4179
/kaggle/input/datasets/duc24kdl/sub-x-ray/sub_X-Ray/sub_NIH/00001911_012.png,,sub_NIH,00001911_012.png,ok,256x256 -> 1024x1024,4,1,40.82,33.2864,30.509641,5.523553,0.9412,0.9875,0.2639,8.0561,33.9214,26.35975,5.134175,0.9457,0.9893,0.2698,0.2698,0.2698,7.712,134.1501,70.3705,134.1501,70.3705,0.0142,33.9214,0.9457,26.35975,5.134175,0.635,0.0018,-0.0059,0.3441
/kaggle/input/datasets/duc24kdl/sub-x-ray/sub_X-Ray/sub_NIH/00001912_000.png,,sub_NIH,00001912_000.png,ok,256x256 -> 1024x1024,4,1,39.92,40.2931,6.078197,2.4654,0.962,0.9912,0.2232,8.2059,40.6191,5.638523,2.374557,0.9643,0.9924,0.2447,0.2447,0.2447,8.0165,170.5559,44.2199,170.5559,44.2199,0.0447,40.6191,0.9643,5.638523,2.374557,0.3261,0.0012,-0.0215,0.1894
/kaggle/input/datasets/duc24kdl/sub-x-ray/sub_X-Ray/sub_NIH/00001912_004.png,,sub_NIH,00001912_004.png,ok,256x256 -> 1024x1024,4,1,38.7,40.0636,6.40791,2.531385,0.9296,0.9872,0.3655,8.8033,40.2679,6.11348,2.472545,0.9321,0.9883,0.3919,0.3919,0.3919,8.3315,133.8079,63.8903,133.8079,63.8903,0.0788,40.2679,0.9321,6.11348,2.472545,0.2043,0.0012,-0.0264,0.4718
/kaggle/input/datasets/duc24kdl/sub-x-ray/sub_X-Ray/sub_NIH/00001912_005.png,,sub_NIH,00001912_005.png,ok,256x256 -> 1024x1024,4,1,38.88,39.4685,7.348985,2.710901,0.9339,0.9878,0.3475,8.6062,39.6885,6.985952,2.643095,0.9365,0.989,0.3702,0.3702,0.3702,8.2863,121.6161,66.9858,121.6161,66.9858,0.0738,39.6885,0.9365,6.985952,2.643095,0.22,0.0012,-0.0227,0.3199
/kaggle/input/datasets/duc24kdl/sub-x-ray/sub_X-Ray/sub_NIH/00001912_006.png,,sub_NIH,00001912_006.png,ok,256x256 -> 1024x1024,4,1,39.3,38.0547,10.17686,3.190119,0.9272,0.9868,0.3689,8.5625,38.1607,9.931445,3.151419,0.9297,0.988,0.3954,0.3954,0.3954,8.267,135.8967,68.7687,135.8967,68.7687,0.0675,38.1607,0.9297,9.931445,3.151419,0.106,0.0012,-0.0265,0.2955
/kaggle/input/datasets/duc24kdl/sub-x-ray/sub_X-Ray/sub_NIH/00001914_001.png,,sub_NIH,00001914_001.png,ok,256x256 -> 1024x1024,4,1,40.22,39.1257,7.952572,2.82003,0.9318,0.9876,0.3615,8.4931,39.4237,7.425196,2.724921,0.9347,0.989,0.3827,0.3827,0.3827,7.974,113.6884,67.0747,113.6884,67.0747,0.0911,39.4237,0.9347,7.425196,2.724921,0.298,0.0014,-0.0212,0.5192
/kaggle/input/datasets/duc24kdl/sub-x-ray/sub_X-Ray/sub_NIH/00001917_004.png,,sub_NIH,00001917_004.png,ok,256x256 -> 1024x1024,4,1,39.91,37.4906,11.58819,3.404143,0.9368,0.9883,0.3316,8.6057,37.7651,10.878461,3.298251,0.9387,0.9896,0.3443,0.3443,0.3443,8.0338,119.2563,73.0926,119.2563,73.0926,0.0847,37.7651,0.9387,10.878461,3.298251,0.2745,0.0012,-0.0127,0.5719
/kaggle/input/datasets/duc24kdl/sub-x-ray/sub_X-Ray/sub_NIH/00001918_000.png,,sub_NIH,00001918_000.png,ok,256x256 -> 1024x1024,4,1,39.05,35.7468,17.314158,4.161029,0.9506,0.9889,0.2559,7.7805,36.9299,13.185178,3.63114,0.9542,0.9908,0.2508,0.2508,0.2508,7.4217,101.738,70.1697,101.738,70.1697,0.4568,36.9299,0.9542,13.185178,3.63114,1.1832,0.0019,0.0051,0.3588
/kaggle/input/datasets/duc24kdl/sub-x-ray/sub_X-Ray/sub_NIH/00001920_000.png,,sub_NIH,00001920_000.png,ok,256x256 -> 1024x1024,4,1,38.99,38.8509,8.472147,2.910695,0.9581,0.9907,0.2428,8.3824,39.7065,6.957103,2.637632,0.9609,0.9921,0.2539,0.2539,0.2539,7.9318,163.4843,55.8137,163.4843,55.8137,0.3605,39.7065,0.9609,6.957103,2.637632,0.8557,0.0014,-0.0111,0.4507
/kaggle/input/datasets/duc24kdl/sub-x-ray/sub_X-Ray/sub_NIH/00001920_001.png,,sub_NIH,00001920_001.png,ok,256x256 -> 1024x1024,4,1,38.99,43.0048,3.255357,1.804261,0.9686,0.9928,0.235,8.7314,43.4896,2.911499,1.706312,0.971,0.9939,0.2498,0.2498,0.2498,8.2067,171.165,44.8106,171.165,44.8106,0.1358,43.4896,0.971,2.911499,1.706312,0.4848,0.0011,-0.0148,0.5247
/kaggle/input/datasets/duc24kdl/sub-x-ray/sub_X-Ray/sub_NIH/00001921_002.png,,sub_NIH,00001921_002.png,ok,256x256 -> 1024x1024,4,1,39.02,36.2889,15.282265,3.909254,0.9808,0.9959,0.1985,10.1228,36.3428,15.094007,3.885101,0.9816,0.9963,0.2221,0.2221,0.2221,9.0259,162.0961,36.5871,162.0961,36.5871,0.0268,36.3428,0.9816,15.094007,3.885101,0.0538,0.0004,-0.0235,1.0969
/kaggle/input/datasets/duc24kdl/sub-x-ray/sub_X-Ray/sub_NIH/00001921_005.png,,sub_NIH,00001921_005.png,ok,256x256 -> 1024x1024,4,1,38.96,36.1008,15.958805,3.994847,0.9756,0.9946,0.2517,9.7519,36.1931,15.623306,3.952633,0.9767,0.9952,0.2722,0.2722,0.2722,9.0027,141.9428,36.761,141.9428,36.761,0.0462,36.1931,0.9767,15.623306,3.952633,0.0923,0.0006,-0.0205,0.7492
/kaggle/input/datasets/duc24kdl/sub-x-ray/sub_X-Ray/sub_NIH/00001922_002.png,,sub_NIH,00001922_002.png,ok,256x256 -> 1024x1024,4,1,39.33,39.1972,7.822849,2.796936,0.933,0.9879,0.3423,8.5372,39.5033,7.290381,2.700071,0.9356,0.9892,0.3599,0.3599,0.3599,8.034,111.446,69.1563,111.446,69.1563,0.0988,39.5033,0.9356,7.290381,2.700071,0.3061,0.0013,-0.0176,0.5033
/kaggle/input/datasets/duc24kdl/sub-x-ray/sub_X-Ray/sub_NIH/00001923_000.png,,sub_NIH,00001923_000.png,ok,256x256 -> 1024x1024,4,1,39.09,42.6921,3.498422,1.870407,0.9709,0.9933,0.2164,8.7616,43.2721,3.061068,1.749591,0.9733,0.9944,0.2371,0.2371,0.2371,8.3312,171.7921,37.2883,171.7921,37.2883,0.1131,43.2721,0.9733,3.061068,1.749591,0.58,0.0011,-0.0207,0.4304
/kaggle/input/datasets/duc24kdl/sub-x-ray/sub_X-Ray/sub_NIH/00001924_000.png,,sub_NIH,00001924_000.png,ok,256x256 -> 1024x1024,4,1,38.97,40.6119,5.647883,2.376528,0.9572,0.9902,0.2568,8.1555,41.1224,5.021578,2.240888,0.96,0.9917,0.2678,0.2678,0.2678,7.6594,152.7355,52.6647,152.7355,52.6647,0.1604,41.1224,0.96,5.021578,2.240888,0.5105,0.0015,-0.011,0.496
/kaggle/input/datasets/duc24kdl/sub-x-ray/sub_X-Ray/sub_NIH/00001926_000.png,,sub_NIH,00001926_000.png,ok,256x256 -> 1024x1024,4,1,39.26,31.1649,49.726737,7.051719,0.9676,0.9927,0.2696,9.516,31.3569,47.575934,6.897531,0.9683,0.9935,0.2862,0.2862,0.2862,8.8591,117.4281,49.5562,117.4281,49.5562,0.0915,31.3569,0.9683,47.575934,6.897531,0.192,0.0008,-0.0167,0.6569
/kaggle/input/datasets/duc24kdl/sub-x-ray/sub_X-Ray/sub_NIH/00001928_000.png,,sub_NIH,00001928_000.png,ok,256x256 -> 1024x1024,4,1,39.15,34.1028,25.281519,5.028073,0.9604,0.9914,0.2522,8.495,34.1986,24.729686,4.972895,0.9624,0.9926,0.2536,0.2536,0.2536,8.0112,176.2136,54.3498,176.2136,54.3498,0.0606,34.1986,0.9624,24.729686,4.972895,0.0958,0.0012,-0.0014,0.4839
/kaggle/input/datasets/duc24kdl/sub-x-ray/sub_X-Ray/sub_NIH/00001930_000.png,,sub_NIH,00001930_000.png,ok,256x256 -> 1024x1024,4,1,39.94,37.4326,11.744225,3.426985,0.9083,0.9831,0.4333,8.8112,37.5886,11.329799,3.365977,0.9112,0.9846,0.4621,0.4621,0.4621,8.4002,139.9001,63.1244,139.9001,63.1244,0.0717,37.5886,0.9112,11.329799,3.365977,0.156,0.0015,-0.0288,0.411
/kaggle/input/datasets/duc24kdl/sub-x-ray/sub_X-Ray/sub_NIH/00001930_001.png,,sub_NIH,00001930_001.png,ok,256x256 -> 1024x1024,4,1,40.0,35.6787,17.58779,4.19378,0.9642,0.9919,0.2397,8.7627,35.7642,17.244882,4.152696,0.9662,0.993,0.2458,0.2458,0.2458,8.1866,154.9472,63.5899,154.9472,63.5899,0.0553,35.7642,0.9662,17.244882,4.152696,0.0855,0.0011,-0.0061,0.5761
/kaggle/input/datasets/duc24kdl/sub-x-ray/sub_X-Ray/sub_NIH/00001931_012.png,,sub_NIH,00001931_012.png,ok,256x256 -> 1024x1024,4,1,39.97,35.1036,20.078187,4.480869,0.9597,0.9913,0.2752,8.79,35.2715,19.316531,4.395058,0.9612,0.9923,0.2926,0.2926,0.2926,8.2097,129.3057,48.7225,129.3057,48.7225,0.0638,35.2715,0.9612,19.316531,4.395058,0.168,0.001,-0.0174,0.5802
/kaggle/input/datasets/duc24kdl/sub-x-ray/sub_X-Ray/sub_NIH/00001932_000.png,,sub_NIH,00001932_000.png,ok,256x256 -> 1024x1024,4,1,39.71,33.3163,30.300276,5.504569,0.9682,0.993,0.2269,8.5147,33.3963,29.747262,5.454105,0.9695,0.9939,0.2345,0.2345,0.2345,7.9936,171.5934,55.9987,171.5934,55.9987,0.0439,33.3963,0.9695,29.747262,5.454105,0.08,0.0009,-0.0076,0.5211
/kaggle/input/datasets/duc24kdl/sub-x-ray/sub_X-Ray/sub_NIH/00001934_000.png,,sub_NIH,00001934_000.png,ok,256x256 -> 1024x1024,4,1,39.88,38.7122,8.746938,2.957522,0.9385,0.9887,0.3257,8.738,38.9662,8.250172,2.872311,0.9409,0.9899,0.3439,0.3439,0.3439,8.249,107.7591,68.975,107.7591,68.975,0.0924,38.9662,0.9409,8.250172,2.872311,0.2539,0.0012,-0.0182,0.489
/kaggle/input/datasets/duc24kdl/sub-x-ray/sub_X-Ray/sub_NIH/00001935_001.png,,sub_NIH,00001935_001.png,ok,256x256 -> 1024x1024,4,1,38.94,39.2909,7.655723,2.766898,0.9314,0.9881,0.3952,9.0344,39.4591,7.364897,2.713834,0.9336,0.9892,0.4258,0.4258,0.4258,8.5492,140.5556,62.9288,140.5556,62.9288,0.0694,39.4591,0.9336,7.364897,2.713834,0.1682,0.001,-0.0305,0.4852
/kaggle/input/datasets/duc24kdl/sub-x-ray/sub_X-Ray/sub_NIH/00001938_002.png,,sub_NIH,00001938_002.png,ok,256x256 -> 1024x1024,4,1,39.96,36.8948,13.29216,3.645842,0.9243,0.986,0.3967,8.5349,37.1556,12.517686,3.538034,0.927,0.9875,0.4222,0.4222,0.4222,8.1826,129.8672,65.8305,129.8672,65.8305,0.0875,37.1556,0.927,12.517686,3.538034,0.2607,0.0014,-0.0255,0.3523
/kaggle/input/datasets/duc24kdl/sub-x-ray/sub_X-Ray/sub_NIH/00001941_007.png,,sub_NIH,00001941_007.png,ok,256x256 -> 1024x1024,4,1,40.23,32.5177,36.417441,6.034687,0.957,0.9911,0.2173,8.0427,33.4131,29.632402,5.443565,0.9597,0.9924,0.2154,0.2154,0.2154,7.7996,164.2924,66.2658,164.2924,66.2658,0.2655,33.4131,0.9597,29.632402,5.443565,0.8954,0.0013,0.0019,0.2431
/kaggle/input/datasets/duc24kdl/sub-x-ray/sub_X-Ray/sub_NIH/00001943_000.png,,sub_NIH,00001943_000.png,ok,256x256 -> 1024x1024,4,1,39.79,37.5886,11.329725,3.365966,0.9274,0.9867,0.3523,8.7118,37.9281,10.477911,3.23696,0.9304,0.9881,0.3664,0.3664,0.3664,8.128,108.0149,68.4684,108.0149,68.4684,0.0877,37.9281,0.9304,10.477911,3.23696,0.3394,0.0015,-0.0141,0.5838
/kaggle/input/datasets/duc24kdl/sub-x-ray/sub_X-Ray/sub_NIH/00001944_000.png,,sub_NIH,00001944_000.png,ok,256x256 -> 1024x1024,4,1,40.1,33.8473,26.813464,5.178172,0.948,0.9896,0.2695,8.4776,34.3479,23.894248,4.888174,0.9516,0.9907,0.2714,0.2714,0.2714,8.1874,159.0462,62.4867,159.0462,62.4867,0.1964,34.3479,0.9516,23.894248,4.888174,0.5006,0.0012,-0.0019,0.2902
/kaggle/input/datasets/duc24kdl/sub-x-ray/sub_X-Ray/sub_NIH/00001946_002.png,,sub_NIH,00001946_002.png,ok,256x256 -> 1024x1024,4,1,38.81,33.7681,27.306484,5.225561,0.9674,0.993,0.1959,8.2789,34.6042,22.52465,4.746014,0.9704,0.9943,0.183,0.183,0.183,7.9852,102.55,82.8317,102.55,82.8317,0.147,34.6042,0.9704,22.52465,4.746014,0.8361,0.0012,0.0128,0.2937
/kaggle/input/datasets/duc24kdl/sub-x-ray/sub_X-Ray/sub_NIH/00001946_004.png,,sub_NIH,00001946_004.png,ok,256x256 -> 1024x1024,4,1,39.02,33.1037,31.820994,5.64101,0.958,0.9914,0.2347,8.1665,33.9948,25.918063,5.090979,0.9607,0.9928,0.2188,0.2188,0.2188,7.4989,96.5701,80.1902,96.5701,80.1902,0.1626,33.9948,0.9607,25.918063,5.090979,0.8911,0.0014,0.0159,0.6677
/kaggle/input/datasets/duc24kdl/sub-x-ray/sub_X-Ray/sub_NIH/00001946_005.png,,sub_NIH,00001946_005.png,ok,256x256 -> 1024x1024,4,1,39.42,34.5807,22.647241,4.758912,0.9681,0.9931,0.2041,8.6819,35.1879,19.69183,4.437548,0.9694,0.9943,0.1923,0.1923,0.1923,8.6966,116.3255,77.6754,116.3255,77.6754,0.1085,35.1879,0.9694,19.69183,4.437548,0.6073,0.0012,0.0118,-0.0147
/kaggle/input/datasets/duc24kdl/sub-x-ray/sub_X-Ray/sub_NIH/00001946_008.png,,sub_NIH,00001946_008.png,ok,256x256 -> 1024x1024,4,1,40.09,38.0439,10.202173,3.194084,0.9399,0.9891,0.288,8.3903,38.2537,9.721051,3.11786,0.9418,0.9904,0.2975,0.2975,0.2975,7.8008,84.9808,70.9329,84.9808,70.9329,0.1172,38.2537,0.9418,9.721051,3.11786,0.2098,0.0013,-0.0094,0.5896
/kaggle/input/datasets/duc24kdl/sub-x-ray/sub_X-Ray/sub_NIH/00001946_009.png,,sub_NIH,00001946_009.png,ok,256x256 -> 1024x1024,4,1,39.69,33.6177,28.269049,5.316865,0.961,0.9915,0.2222,8.5504,34.3738,23.752273,4.87363,0.9633,0.9929,0.2153,0.2153,0.2153,7.9275,131.3216,75.3095,131.3216,75.3095,0.2469,34.3738,0.9633,23.752273,4.87363,0.7561,0.0014,0.0068,0.6229
/kaggle/input/datasets/duc24kdl/sub-x-ray/sub_X-Ray/sub_NIH/00001946_010.png,,sub_NIH,00001946_010.png,ok,256x256 -> 1024x1024,4,1,39.66,33.305,30.379342,5.511746,0.9653,0.9926,0.2174,8.5796,33.5664,28.604958,5.34836,0.9675,0.9937,0.2152,0.2152,0.2152,8.118,144.9586,67.504,144.9586,67.504,0.122,33.5664,0.9675,28.604958,5.34836,0.2614,0.0011,0.0022,0.4616
/kaggle/input/datasets/duc24kdl/sub-x-ray/sub_X-Ray/sub_chest/IM-0001-0001.jpeg,,sub_chest,IM-0001-0001.jpeg,ok,464x329 -> 1856x1316,4,1,124.16,35.6507,17.70135,4.207297,0.8695,0.9728,0.4541,8.4465,35.8634,16.855452,4.105539,0.8723,0.9744,0.4893,0.4893,0.4893,8.2697,131.0636,56.8445,131.0636,56.8445,0.0865,35.8634,0.8723,16.855452,4.105539,0.2127,0.0016,-0.0352,0.1767
/kaggle/input/datasets/duc24kdl/sub-x-ray/sub_X-Ray/sub_chest/IM-0003-0001.jpeg,,sub_chest,IM-0003-0001.jpeg,ok,527x377 -> 2108x1508,4,1,185.38,36.3808,14.962277,3.86811,0.8644,0.9709,0.4773,8.8399,36.5899,14.259143,3.776128,0.8672,0.9726,0.5149,0.5149,0.5149,8.6186,142.6263,60.3632,142.6263,60.3632,0.1093,36.5899,0.8672,14.259143,3.776128,0.209,0.0016,-0.0376,0.2213
/kaggle/input/datasets/duc24kdl/sub-x-ray/sub_X-Ray/sub_chest/IM-0005-0001.jpeg,,sub_chest,IM-0005-0001.jpeg,ok,507x459 -> 2028x1836,4,1,217.88,35.0962,20.112229,4.484666,0.845,0.9674,0.4799,8.6148,35.2565,19.383241,4.40264,0.8482,0.9693,0.5153,0.5153,0.5153,8.4032,136.3769,55.0987,136.3769,55.0987,0.0633,35.2565,0.8482,19.383241,4.40264,0.1603,0.0019,-0.0354,0.2115
/kaggle/input/datasets/duc24kdl/sub-x-ray/sub_X-Ray/sub_chest/IM-0006-0001.jpeg,,sub_chest,IM-0006-0001.jpeg,ok,415x331 -> 1660x1324,4,1,124.3,35.3337,19.041882,4.3637,0.8383,0.966,0.5222,8.9605,35.4483,18.546134,4.306522,0.8417,0.968,0.568,0.568,0.568,8.6912,148.7001,41.9218,148.7001,41.9218,0.0822,35.4483,0.8417,18.546134,4.306522,0.1146,0.002,-0.0458,0.2693
/kaggle/input/datasets/duc24kdl/sub-x-ray/sub_X-Ray/sub_chest/IM-0007-0001.jpeg,,sub_chest,IM-0007-0001.jpeg,ok,513x454 -> 2052x1816,4,1,219.2,35.5248,18.222233,4.268751,0.8503,0.9686,0.4893,8.7469,35.6615,17.657601,4.202095,0.8534,0.9704,0.5281,0.5281,0.5281,8.521,137.7612,53.6968,137.7612,53.6968,0.0698,35.6615,0.8534,17.657601,4.202095,0.1367,0.0018,-0.0388,0.2259
/kaggle/input/datasets/duc24kdl/sub-x-ray/sub_X-Ray/sub_chest/IM-0009-0001.jpeg,,sub_chest,IM-0009-0001.jpeg,ok,463x360 -> 1852x1440,4,1,152.24,31.6651,44.316578,6.65707,0.7782,0.9663,0.5178,9.0093,31.724,43.720369,6.612138,0.7805,0.9678,0.5552,0.5552,0.5552,8.8189,143.6815,48.6484,143.6815,48.6484,0.0309,31.724,0.7805,43.720369,6.612138,0.0588,0.0015,-0.0374,0.1904
/kaggle/input/datasets/duc24kdl/sub-x-ray/sub_X-Ray/sub_chest/IM-0010-0001.jpeg,,sub_chest,IM-0010-0001.jpeg,ok,468x369 -> 1872x1476,4,1,151.66,35.1894,19.685367,4.436819,0.8417,0.9666,0.4606,8.3151,35.3714,18.877331,4.344805,0.8447,0.9683,0.4986,0.4986,0.4986,8.4771,132.6594,58.5044,132.6594,58.5044,0.0857,35.3714,0.8447,18.877331,4.344805,0.182,0.0017,-0.038,-0.1619
/kaggle/input/datasets/duc24kdl/sub-x-ray/sub_X-Ray/sub_chest/IM-0011-0001-0001.jpeg,,sub_chest,IM-0011-0001-0001.jpeg,ok,536x479 -> 2144x1916,4,1,217.48,34.9735,20.688382,4.548448,0.8428,0.9664,0.4785,8.4708,35.0908,20.137249,4.487455,0.8457,0.9682,0.5156,0.5156,0.5156,8.5572,137.0924,52.7372,137.0924,52.7372,0.0842,35.0908,0.8457,20.137249,4.487455,0.1173,0.0018,-0.0372,-0.0864
/kaggle/input/datasets/duc24kdl/sub-x-ray/sub_X-Ray/sub_chest/IM-0011-0001-0002.jpeg,,sub_chest,IM-0011-0001-0002.jpeg,ok,553x486 -> 2212x1944,4,1,253.63,36.5646,14.34247,3.787145,0.8798,0.9743,0.4474,8.3655,36.7533,13.732505,3.705739,0.8826,0.9758,0.4821,0.4821,0.4821,8.3237,133.5254,57.7516,133.5254,57.7516,0.0912,36.7533,0.8826,13.732505,3.705739,0.1887,0.0016,-0.0347,0.0419
/kaggle/input/datasets/duc24kdl/sub-x-ray/sub_X-Ray/sub_chest/IM-0011-0001.jpeg,,sub_chest,IM-0011-0001.jpeg,ok,465x446 -> 1860x1784,4,1,196.62,33.9844,25.979898,5.097048,0.788,0.9574,0.4935,8.4279,34.1368,25.084257,5.008419,0.7913,0.9596,0.5265,0.5265,0.5265,8.4153,126.3525,52.4425,126.3525,52.4425,0.087,34.1368,0.7913,25.084257,5.008419,0.1524,0.0022,-0.033,0.0126
/kaggle/input/datasets/duc24kdl/sub-x-ray/sub_X-Ray/sub_chest/IM-0013-0001.jpeg,,sub_chest,IM-0013-0001.jpeg,ok,611x538 -> 2444x2152,4,1,311.11,34.6017,22.537888,4.747409,0.8342,0.9644,0.4772,8.4568,34.74,21.831335,4.672401,0.8372,0.9663,0.5166,0.5166,0.5166,8.5488,136.0614,55.9506,136.0614,55.9506,0.0753,34.74,0.8372,21.831335,4.672401,0.1383,0.0019,-0.0394,-0.092
/kaggle/input/datasets/duc24kdl/sub-x-ray/sub_X-Ray/sub_chest/IM-0015-0001.jpeg,,sub_chest,IM-0015-0001.jpeg,ok,450x309 -> 1800x1236,4,1,124.05,35.0788,20.192788,4.493639,0.8381,0.9671,0.5113,8.9192,35.2227,19.534703,4.419808,0.8412,0.9689,0.5513,0.5513,0.5513,8.7288,136.741,47.1267,136.741,47.1267,0.072,35.2227,0.8412,19.534703,4.419808,0.1439,0.0018,-0.04,0.1904
/kaggle/input/datasets/duc24kdl/sub-x-ray/sub_X-Ray/sub_chest/IM-0016-0001.jpeg,,sub_chest,IM-0016-0001.jpeg,ok,624x514 -> 2496x2056,4,1,273.0,35.7391,17.344718,4.164699,0.8487,0.9675,0.4679,8.3708,35.9183,16.643864,4.079689,0.8516,0.9692,0.5044,0.5044,0.5044,8.4969,134.2228,62.0089,134.2228,62.0089,0.0861,35.9183,0.8516,16.643864,4.079689,0.1791,0.0017,-0.0366,-0.1261
/kaggle/input/datasets/duc24kdl/sub-x-ray/sub_X-Ray/sub_chest/IM-0017-0001.jpeg,,sub_chest,IM-0017-0001.jpeg,ok,496x389 -> 1984x1556,4,1,159.49,34.4134,23.536606,4.851454,0.8241,0.9623,0.4907,8.7273,34.4932,23.108072,4.807086,0.8271,0.9642,0.529,0.529,0.529,8.5712,139.296,47.842,139.296,47.842,0.0741,34.4932,0.8271,23.108072,4.807086,0.0798,0.0019,-0.0383,0.1561
/kaggle/input/datasets/duc24kdl/sub-x-ray/sub_X-Ray/sub_chest/IM-0019-0001.jpeg,,sub_chest,IM-0019-0001.jpeg,ok,479x358 -> 1916x1432,4,1,159.86,36.197,15.60912,3.950838,0.8623,0.9708,0.4855,8.7173,36.3055,15.223899,3.901782,0.8652,0.9725,0.5239,0.5239,0.5239,8.5062,135.0345,51.4484,135.0345,51.4484,0.0795,36.3055,0.8652,15.223899,3.901782,0.1085,0.0017,-0.0385,0.2112
/kaggle/input/datasets/duc24kdl/sub-x-ray/sub_X-Ray/sub_chest/IM-0021-0001.jpeg,,sub_chest,IM-0021-0001.jpeg,ok,656x473 -> 2624x1892,4,1,262.65,34.8841,21.118829,4.595523,0.8701,0.9713,0.4886,9.3061,35.0118,20.506867,4.528451,0.8721,0.9726,0.5292,0.5292,0.5292,9.0122,151.4851,44.0243,151.4851,44.0243,0.0605,35.0118,0.8721,20.506867,4.528451,0.1277,0.0012,-0.0406,0.2939
/kaggle/input/datasets/duc24kdl/sub-x-ray/sub_X-Ray/sub_chest/IM-0022-0001.jpeg,,sub_chest,IM-0022-0001.jpeg,ok,325x154 -> 1300x616,4,1,38.26,34.8884,21.097766,4.59323,0.8537,0.9703,0.5021,8.5619,35.1182,20.010824,4.473346,0.8561,0.9717,0.5316,0.5316,0.5316,8.4614,86.4326,32.6594,86.4326,32.6594,0.0785,35.1182,0.8561,20.010824,4.473346,0.2297,0.0014,-0.0295,0.1005
/kaggle/input/datasets/duc24kdl/sub-x-ray/sub_X-Ray/sub_chest/IM-0023-0001.jpeg,,sub_chest,IM-0023-0001.jpeg,ok,505x346 -> 2020x1384,4,1,160.55,34.9168,20.960323,4.578245,0.8385,0.9667,0.4889,8.4184,35.1491,19.868856,4.45745,0.8413,0.9685,0.5245,0.5245,0.5245,8.4432,132.7961,54.1754,132.7961,54.1754,0.0881,35.1491,0.8413,19.868856,4.45745,0.2323,0.0018,-0.0356,-0.0248
/kaggle/input/datasets/duc24kdl/sub-x-ray/sub_X-Ray/sub_chest/IM-0025-0001.jpeg,,sub_chest,IM-0025-0001.jpeg,ok,680x614 -> 2720x2456,4,1,438.26,35.4714,18.447447,4.295049,0.8485,0.967,0.4454,8.3916,35.625,17.806757,4.219805,0.8511,0.9686,0.4812,0.4812,0.4812,8.5699,133.1823,66.212,133.1823,66.212,0.1007,35.625,0.8511,17.806757,4.219805,0.1535,0.0016,-0.0358,-0.1783
/kaggle/input/datasets/duc24kdl/sub-x-ray/sub_X-Ray/sub_chest/IM-0027-0001.jpeg,,sub_chest,IM-0027-0001.jpeg,ok,567x456 -> 2268x1824,4,1,242.69,35.0651,20.257009,4.500779,0.8372,0.9647,0.4732,8.5617,35.278,19.287803,4.391788,0.8402,0.9665,0.5113,0.5113,0.5113,8.6013,143.0847,53.35,143.0847,53.35,0.0925,35.278,0.8402,19.287803,4.391788,0.2129,0.0019,-0.0381,-0.0396
/kaggle/input/datasets/duc24kdl/sub-x-ray/sub_X-Ray/sub_chest/IM-0028-0001.jpeg,,sub_chest,IM-0028-0001.jpeg,ok,630x531 -> 2520x2124,4,1,312.16,35.9634,16.471584,4.05852,0.8488,0.9673,0.4766,8.5638,36.1271,15.862403,3.982763,0.8514,0.9689,0.5101,0.5101,0.5101,8.5556,127.8203,58.8844,127.8203,58.8844,0.1055,36.1271,0.8514,15.862403,3.982763,0.1637,0.0016,-0.0336,0.0082
/kaggle/input/datasets/duc24kdl/sub-x-ray/sub_X-Ray/sub_chest/IM-0029-0001.jpeg,,sub_chest,IM-0029-0001.jpeg,ok,585x534 -> 2340x2136,4,1,295.13,34.4359,23.414905,4.838895,0.8161,0.9603,0.514,9.0398,34.5398,22.861299,4.781349,0.8193,0.9623,0.5571,0.5571,0.5571,8.9016,149.7369,45.4594,149.7369,45.4594,0.0701,34.5398,0.8193,22.861299,4.781349,0.1039,0.002,-0.0431,0.1382
/kaggle/input/datasets/duc24kdl/sub-x-ray/sub_X-Ray/sub_chest/IM-0030-0001.jpeg,,sub_chest,IM-0030-0001.jpeg,ok,411x328 -> 1644x1312,4,1,125.27,34.8602,21.23529,4.608176,0.8221,0.9631,0.4882,8.8295,35.0401,20.373687,4.513722,0.8254,0.9651,0.5247,0.5247,0.5247,8.6636,109.794,50.731,109.794,50.731,0.0603,35.0401,0.8254,20.373687,4.513722,0.1799,0.0019,-0.0365,0.1659
/kaggle/input/datasets/duc24kdl/sub-x-ray/sub_X-Ray/sub_chest/IM-0031-0001.jpeg,,sub_chest,IM-0031-0001.jpeg,ok,487x408 -> 1948x1632,4,1,183.21,36.1123,15.916608,3.989562,0.8551,0.9701,0.4733,8.299,36.2413,15.450881,3.930761,0.8584,0.9719,0.5084,0.5084,0.5084,8.2186,138.6407,57.9862,138.6407,57.9862,0.0889,36.2413,0.8584,15.450881,3.930761,0.129,0.0018,-0.0352,0.0804
/kaggle/input/datasets/duc24kdl/sub-x-ray/sub_X-Ray/sub_chest/IM-0033-0001-0001.jpeg,,sub_chest,IM-0033-0001-0001.jpeg,ok,542x488 -> 2168x1952,4,1,243.64,34.4292,23.451146,4.842638,0.8268,0.9648,0.5017,8.4596,34.6752,22.15937,4.707374,0.8303,0.9667,0.5353,0.5353,0.5353,8.2796,152.0498,65.3563,152.0498,65.3563,0.0839,34.6752,0.8303,22.15937,4.707374,0.2461,0.0019,-0.0336,0.18
/kaggle/input/datasets/duc24kdl/sub-x-ray/sub_X-Ray/sub_chest/IM-0033-0001-0002.jpeg,,sub_chest,IM-0033-0001-0002.jpeg,ok,506x459 -> 2024x1836,4,1,210.32,34.8393,21.337921,4.619299,0.8421,0.9667,0.4941,8.8187,34.9272,20.910095,4.572756,0.8452,0.9686,0.5365,0.5365,0.5365,8.5828,147.6089,54.7939,147.6089,54.7939,0.0769,34.9272,0.8452,20.910095,4.572756,0.088,0.0019,-0.0424,0.2359
/kaggle/input/datasets/duc24kdl/sub-x-ray/sub_X-Ray/sub_chest/IM-0033-0001.jpeg,,sub_chest,IM-0033-0001.jpeg,ok,414x383 -> 1656x1532,4,1,143.62,35.0143,20.495096,4.527151,0.8516,0.9698,0.4987,8.9342,35.1782,19.736188,4.442543,0.8549,0.9717,0.5383,0.5383,0.5383,8.6532,143.5224,51.4858,143.5224,51.4858,0.0927,35.1782,0.8549,19.736188,4.442543,0.1639,0.0019,-0.0396,0.2811
/kaggle/input/datasets/duc24kdl/sub-x-ray/sub_X-Ray/sub_chest/IM-0035-0001.jpeg,,sub_chest,IM-0035-0001.jpeg,ok,620x582 -> 2480x2328,4,1,323.09,34.9981,20.571934,4.535629,0.8319,0.965,0.4957,8.8201,35.1113,20.042534,4.476889,0.8346,0.9667,0.5257,0.5257,0.5257,8.6349,130.8254,58.472,130.8254,58.472,0.0678,35.1113,0.8346,20.042534,4.476889,0.1132,0.0017,-0.03,0.1852
/kaggle/input/datasets/duc24kdl/sub-x-ray/sub_X-Ray/sub_chest/IM-0036-0001.jpeg,,sub_chest,IM-0036-0001.jpeg,ok,524x427 -> 2096x1708,4,1,197.96,34.7453,21.804538,4.669533,0.8643,0.9723,0.4648,8.3669,35.0938,20.123536,4.485926,0.8677,0.9741,0.4954,0.4954,0.4954,8.1138,154.1525,69.9707,154.1525,69.9707,0.0786,35.0938,0.8677,20.123536,4.485926,0.3484,0.0018,-0.0306,0.2531
/kaggle/input/datasets/duc24kdl/sub-x-ray/sub_X-Ray/sub_chest/IM-0037-0001.jpeg,,sub_chest,IM-0037-0001.jpeg,ok,435x376 -> 1740x1504,4,1,151.83,34.6662,22.205436,4.712264,0.8398,0.9665,0.4901,8.8745,34.8926,21.077344,4.591007,0.8429,0.9684,0.5295,0.5295,0.5295,8.672,140.3862,49.0717,140.3862,49.0717,0.1049,34.8926,0.8429,21.077344,4.591007,0.2264,0.0019,-0.0394,0.2025
/kaggle/input/datasets/duc24kdl/sub-x-ray/sub_X-Ray/sub_chest/IM-0039-0001.jpeg,,sub_chest,IM-0039-0001.jpeg,ok,538x448 -> 2152x1792,4,1,221.93,35.9904,16.369775,4.045958,0.8658,0.9716,0.479,8.6262,36.1876,15.643078,3.955133,0.8687,0.9732,0.5164,0.5164,0.5164,8.5375,134.2644,57.2135,134.2644,57.2135,0.0811,36.1876,0.8687,15.643078,3.955133,0.1972,0.0016,-0.0374,0.0886
/kaggle/input/datasets/duc24kdl/sub-x-ray/sub_X-Ray/sub_chest/IM-0041-0001.jpeg,,sub_chest,IM-0041-0001.jpeg,ok,505x517 -> 2020x2068,4,1,245.28,34.8677,21.198641,4.604198,0.8165,0.9612,0.501,8.3722,35.0159,20.487762,4.526341,0.8196,0.9632,0.5388,0.5388,0.5388,8.5864,107.9434,53.4954,107.9434,53.4954,0.0675,35.0159,0.8196,20.487762,4.526341,0.1481,0.002,-0.0378,-0.2142
/kaggle/input/datasets/duc24kdl/sub-x-ray/sub_X-Ray/sub_chest/IM-0043-0001.jpeg,,sub_chest,IM-0043-0001.jpeg,ok,574x508 -> 2296x2032,4,1,269.39,35.0818,20.178916,4.492095,0.8206,0.9612,0.4929,8.9414,35.1698,19.774119,4.44681,0.8237,0.9631,0.5345,0.5345,0.5345,8.8592,143.566,49.5779,143.566,49.5779,0.0779,35.1698,0.8237,19.774119,4.44681,0.088,0.0019,-0.0415,0.0823
/kaggle/input/datasets/duc24kdl/sub-x-ray/sub_X-Ray/sub_chest/IM-0045-0001.jpeg,,sub_chest,IM-0045-0001.jpeg,ok,686x595 -> 2744x2380,4,1,380.58,35.482,18.402539,4.289818,0.8335,0.9637,0.4765,8.4833,35.5965,17.924001,4.233675,0.8364,0.9656,0.517,0.517,0.517,8.6106,145.1234,58.1992,145.1234,58.1992,0.0696,35.5965,0.8364,17.924001,4.233675,0.1144,0.0019,-0.0405,-0.1273
/kaggle/input/datasets/duc24kdl/sub-x-ray/sub_X-Ray/sub_chest/IM-0046-0001.jpeg,,sub_chest,IM-0046-0001.jpeg,ok,500x431 -> 2000x1724,4,1,190.36,34.8098,21.48336,4.635015,0.8393,0.966,0.4947,8.7176,34.9633,20.737191,4.553811,0.8421,0.9677,0.5351,0.5351,0.5351,8.6915,142.6034,49.5472,142.6034,49.5472,0.066,34.9633,0.8421,20.737191,4.553811,0.1535,0.0017,-0.0404,0.0261
/kaggle/input/datasets/duc24kdl/sub-x-ray/sub_X-Ray/sub_chest/IM-0049-0001.jpeg,,sub_chest,IM-0049-0001.jpeg,ok,440x265 -> 1760x1060,4,1,90.74,37.609,11.276675,3.358076,0.896,0.9752,0.3632,8.028,37.8656,10.629585,3.260304,0.9006,0.9777,0.3884,0.3884,0.3884,7.9464,120.7564,58.979,120.7564,58.979,0.126,37.8656,0.9006,10.629585,3.260304,0.2566,0.0026,-0.0252,0.0816
/kaggle/input/datasets/duc24kdl/sub-x-ray/sub_X-Ray/sub_chest/IM-0050-0001.jpeg,,sub_chest,IM-0050-0001.jpeg,ok,688x470 -> 2752x1880,4,1,272.73,36.1661,15.720557,3.964916,0.8575,0.9654,0.3956,8.2677,36.4007,14.893995,3.859274,0.8615,0.9679,0.4233,0.4233,0.4233,8.1066,131.4432,53.905,131.4432,53.905,0.1243,36.4007,0.8615,14.893995,3.859274,0.2346,0.0026,-0.0277,0.1611
/kaggle/input/datasets/duc24kdl/sub-x-ray/sub_X-Ray/sub_chest/IM-0059-0001.jpeg,,sub_chest,IM-0059-0001.jpeg,ok,404x260 -> 1616x1040,4,1,85.54,38.2011,9.839379,3.136778,0.9331,0.9837,0.3586,8.6651,38.6902,8.791438,2.965036,0.9364,0.9853,0.3905,0.3905,0.3905,8.5199,139.0893,62.1358,139.0893,62.1358,0.0978,38.6902,0.9364,8.791438,2.965036,0.4891,0.0016,-0.0319,0.1452
/kaggle/input/datasets/duc24kdl/sub-x-ray/sub_X-Ray/sub_chest/IM-0061-0001.jpeg,,sub_chest,IM-0061-0001.jpeg,ok,438x329 -> 1752x1316,4,1,129.99,38.5708,9.036596,3.006093,0.9394,0.9855,0.359,9.0081,39.0719,8.051759,2.837562,0.9426,0.987,0.3824,0.3824,0.3824,8.7173,138.424,72.746,138.424,72.746,0.0729,39.0719,0.9426,8.051759,2.837562,0.5011,0.0015,-0.0234,0.2907
/kaggle/input/datasets/duc24kdl/sub-x-ray/sub_X-Ray/sub_chest/IM-0063-0001.jpeg,,sub_chest,IM-0063-0001.jpeg,ok,508x440 -> 2032x1760,4,1,195.93,39.3519,7.549069,2.747557,0.9466,0.9866,0.3336,8.7396,39.8981,6.656869,2.580091,0.9497,0.9881,0.3615,0.3615,0.3615,8.5316,113.5735,59.1462,113.5735,59.1462,0.1051,39.8981,0.9497,6.656869,2.580091,0.5462,0.0015,-0.0279,0.208
/kaggle/input/datasets/duc24kdl/sub-x-ray/sub_X-Ray/sub_chest/IM-0065-0001.jpeg,,sub_chest,IM-0065-0001.jpeg,ok,390x255 -> 1560x1020,4,1,84.29,40.4049,5.923654,2.433856,0.9376,0.985,0.3282,8.5769,40.794,5.415998,2.32723,0.9413,0.9868,0.3516,0.3516,0.3516,8.3785,106.5186,63.4466,106.5186,63.4466,0.1585,40.794,0.9413,5.415998,2.32723,0.3891,0.0018,-0.0234,0.1984
/kaggle/input/datasets/duc24kdl/sub-x-ray/sub_X-Ray/sub_chest/IM-0067-0001.jpeg,,sub_chest,IM-0067-0001.jpeg,ok,393x281 -> 1572x1124,4,1,98.36,38.445,9.30216,3.049944,0.9396,0.9854,0.3152,8.4147,38.9564,8.268677,2.875531,0.943,0.9869,0.3362,0.3362,0.3362,8.2615,109.0426,61.4849,109.0426,61.4849,0.0864,38.9564,0.943,8.268677,2.875531,0.5115,0.0016,-0.0211,0.1533
/kaggle/input/datasets/duc24kdl/sub-x-ray/sub_X-Ray/sub_chest/IM-0069-0001.jpeg,,sub_chest,IM-0069-0001.jpeg,ok,493x306 -> 1972x1224,4,1,136.99,38.6698,8.832939,2.972026,0.9424,0.9859,0.3419,8.6998,39.1951,7.826472,2.797583,0.9453,0.9873,0.3686,0.3686,0.3686,8.5482,124.7937,63.9813,124.7937,63.9813,0.1123,39.1951,0.9453,7.826472,2.797583,0.5254,0.0014,-0.0267,0.1516
/kaggle/input/datasets/duc24kdl/sub-x-ray/sub_X-Ray/sub_chest/IM-0070-0001.jpeg,,sub_chest,IM-0070-0001.jpeg,ok,508x348 -> 2032x1392,4,1,153.54,41.165,4.972521,2.229915,0.9475,0.9871,0.3103,8.5308,41.4673,4.638198,2.153648,0.9504,0.9884,0.3369,0.3369,0.3369,8.4341,105.6433,64.1914,105.6433,64.1914,0.1429,41.4673,0.9504,4.638198,2.153648,0.3023,0.0013,-0.0265,0.0967
/kaggle/input/datasets/duc24kdl/sub-x-ray/sub_X-Ray/sub_chest/IM-0071-0001.jpeg,,sub_chest,IM-0071-0001.jpeg,ok,515x389 -> 2060x1556,4,1,185.98,38.414,9.368684,3.060831,0.9313,0.9833,0.3527,8.6926,38.927,8.324981,2.885304,0.9347,0.985,0.3847,0.3847,0.3847,8.4452,130.2403,60.0309,130.2403,60.0309,0.1064,38.927,0.9347,8.324981,2.885304,0.513,0.0017,-0.032,0.2474
/kaggle/input/datasets/duc24kdl/sub-x-ray/sub_X-Ray/sub_chest/IM-0073-0001.jpeg,,sub_chest,IM-0073-0001.jpeg,ok,330x162 -> 1320x648,4,1,40.17,37.1621,12.498911,3.53538,0.9077,0.9793,0.3926,8.6804,37.4794,11.618144,3.40854,0.9116,0.9813,0.4257,0.4257,0.4257,8.199,131.7355,53.4973,131.7355,53.4973,0.0966,37.4794,0.9116,11.618144,3.40854,0.3174,0.002,-0.0331,0.4814
/kaggle/input/datasets/duc24kdl/sub-x-ray/sub_X-Ray/sub_chest/IM-0075-0001.jpeg,,sub_chest,IM-0075-0001.jpeg,ok,446x267 -> 1784x1068,4,1,103.8,38.7389,8.693368,2.948452,0.9265,0.9826,0.3563,8.6037,38.9771,8.229469,2.868705,0.9298,0.9842,0.3877,0.3877,0.3877,8.3356,131.8772,59.0175,131.8772,59.0175,0.1243,38.9771,0.9298,8.229469,2.868705,0.2382,0.0016,-0.0314,0.2681
/kaggle/input/datasets/duc24kdl/sub-x-ray/sub_X-Ray/sub_chest/IM-0077-0001.jpeg,,sub_chest,IM-0077-0001.jpeg,ok,435x311 -> 1740x1244,4,1,121.49,38.8357,8.501768,2.915779,0.9567,0.9886,0.3166,9.0125,39.3065,7.628319,2.761941,0.9592,0.9899,0.3406,0.3406,0.3406,8.7172,129.9995,57.1569,129.9995,57.1569,0.1027,39.3065,0.9592,7.628319,2.761941,0.4708,0.0012,-0.0239,0.2953
/kaggle/input/datasets/duc24kdl/sub-x-ray/sub_X-Ray/sub_chest/IM-0079-0001.jpeg,,sub_chest,IM-0079-0001.jpeg,ok,443x307 -> 1772x1228,4,1,124.09,38.8212,8.530314,2.92067,0.9328,0.9836,0.3652,8.8469,39.1407,7.92523,2.815178,0.9364,0.9853,0.396,0.396,0.396,8.5686,137.6806,60.5842,137.6806,60.5842,0.1279,39.1407,0.9364,7.92523,2.815178,0.3195,0.0017,-0.0308,0.2784
/kaggle/input/datasets/duc24kdl/sub-x-ray/sub_X-Ray/sub_chest/IM-0081-0001.jpeg,,sub_chest,IM-0081-0001.jpeg,ok,315x191 -> 1260x764,4,1,45.87,38.1369,9.985867,3.160042,0.9375,0.9849,0.3406,8.6956,38.6679,8.836675,2.972655,0.9408,0.9865,0.3695,0.3695,0.3695,8.4161,123.8669,57.7473,123.8669,57.7473,0.175,38.6679,0.9408,8.836675,2.972655,0.531,0.0016,-0.029,0.2795
/kaggle/input/datasets/duc24kdl/sub-x-ray/sub_X-Ray/sub_chest/IM-0083-0001.jpeg,,sub_chest,IM-0083-0001.jpeg,ok,310x231 -> 1240x924,4,1,58.99,38.0429,10.204406,3.194434,0.9305,0.9836,0.3688,8.7107,38.5104,9.163117,3.027064,0.9338,0.9852,0.4073,0.4073,0.4073,8.4186,127.9853,55.4524,127.9853,55.4524,0.1865,38.5104,0.9338,9.163117,3.027064,0.4674,0.0016,-0.0385,0.2921
/kaggle/input/datasets/duc24kdl/sub-x-ray/sub_X-Ray/sub_chest/IM-0084-0001.jpeg,,sub_chest,IM-0084-0001.jpeg,ok,438x296 -> 1752x1184,4,1,116.89,38.6594,8.854102,2.975584,0.9393,0.9855,0.3503,8.709,39.1474,7.913074,2.813019,0.9425,0.9869,0.3785,0.3785,0.3785,8.6057,129.8409,64.2017,129.8409,64.2017,0.075,39.1474,0.9425,7.913074,2.813019,0.488,0.0014,-0.0282,0.1033
/kaggle/input/datasets/duc24kdl/sub-x-ray/sub_X-Ray/sub_chest/IM-0085-0001.jpeg,,sub_chest,IM-0085-0001.jpeg,ok,389x253 -> 1556x1012,4,1,85.26,38.0381,10.215774,3.196212,0.931,0.9838,0.3709,8.7175,38.5176,9.147801,3.024533,0.9345,0.9855,0.4033,0.4033,0.4033,8.4695,127.9942,57.097,127.9942,57.097,0.1095,38.5176,0.9345,9.147801,3.024533,0.4795,0.0018,-0.0324,0.248
/kaggle/input/datasets/duc24kdl/sub-x-ray/sub_X-Ray/sub_chest/IM-0086-0001.jpeg,,sub_chest,IM-0086-0001.jpeg,ok,501x365 -> 2004x1460,4,1,172.28,38.2136,9.811076,3.132264,0.9336,0.984,0.3432,8.74,38.7313,8.708695,2.95105,0.9369,0.9856,0.3707,0.3707,0.3707,8.3595,109.0016,64.5614,109.0016,64.5614,0.0834,38.7313,0.9369,8.708695,2.95105,0.5176,0.0017,-0.0274,0.3805
/kaggle/input/datasets/duc24kdl/sub-x-ray/sub_X-Ray/sub_chest/IM-0087-0001.jpeg,,sub_chest,IM-0087-0001.jpeg,ok,472x339 -> 1888x1356,4,1,131.16,40.3829,5.953726,2.440026,0.9355,0.9843,0.3278,8.6157,40.7417,5.481632,2.341288,0.9387,0.9859,0.353,0.353,0.353,8.4312,117.7441,63.6738,117.7441,63.6738,0.1556,40.7417,0.9387,5.481632,2.341288,0.3588,0.0016,-0.0252,0.1846
/kaggle/input/datasets/duc24kdl/sub-x-ray/sub_X-Ray/sub_chest/IM-0089-0001.jpeg,,sub_chest,IM-0089-0001.jpeg,ok,606x519 -> 2424x2076,4,1,289.02,39.8518,6.728239,2.593885,0.948,0.9867,0.3432,8.9326,40.3226,6.037052,2.457041,0.9508,0.988,0.3705,0.3705,0.3705,8.8226,136.327,61.7045,136.327,61.7045,0.1297,40.3226,0.9508,6.037052,2.457041,0.4708,0.0013,-0.0273,0.11
/kaggle/input/datasets/duc24kdl/sub-x-ray/sub_X-Ray/sub_chest/IM-0091-0001.jpeg,,sub_chest,IM-0091-0001.jpeg,ok,438x259 -> 1752x1036,4,1,99.06,38.1744,9.900114,3.146445,0.9342,0.9843,0.3464,8.4984,38.7109,8.749719,2.957992,0.9378,0.9861,0.3705,0.3705,0.3705,8.3025,119.6598,60.1958,119.6598,60.1958,0.182,38.7109,0.9378,8.749719,2.957992,0.5365,0.0018,-0.024,0.1958
/kaggle/input/datasets/duc24kdl/sub-x-ray/sub_X-Ray/sub_chest/IM-0093-0001.jpeg,,sub_chest,IM-0093-0001.jpeg,ok,447x320 -> 1788x1280,4,1,128.66,41.3599,4.75436,2.18045,0.9597,0.9893,0.3144,9.3053,41.8118,4.284471,2.069896,0.9626,0.9906,0.3445,0.3445,0.3445,8.9954,148.1808,54.7874,148.1808,54.7874,0.1866,41.8118,0.9626,4.284471,2.069896,0.4519,0.0013,-0.0301,0.3099
/kaggle/input/datasets/duc24kdl/sub-x-ray/sub_X-Ray/sub_chest/IM-0095-0001.jpeg,,sub_chest,IM-0095-0001.jpeg,ok,466x327 -> 1864x1308,4,1,137.63,40.7168,5.513184,2.348017,0.9408,0.9853,0.3103,8.4376,40.9697,5.201299,2.280636,0.9437,0.9867,0.3305,0.3305,0.3305,8.2482,119.6972,68.8574,119.6972,68.8574,0.1385,40.9697,0.9437,5.201299,2.280636,0.2529,0.0014,-0.0202,0.1894
/kaggle/input/datasets/duc24kdl/sub-x-ray/sub_X-Ray/sub_chest/IM-0097-0001.jpeg,,sub_chest,IM-0097-0001.jpeg,ok,389x231 -> 1556x924,4,1,75.3,38.1947,9.853921,3.139096,0.9397,0.9856,0.3319,8.6139,38.6915,8.788906,2.964609,0.9429,0.9871,0.3541,0.3541,0.3541,8.3294,122.3015,67.8872,122.3015,67.8872,0.0657,38.6915,0.9429,8.788906,2.964609,0.4967,0.0015,-0.0221,0.2846
/kaggle/input/datasets/duc24kdl/sub-x-ray/sub_X-Ray/sub_chest/IM-0099-0001.jpeg,,sub_chest,IM-0099-0001.jpeg,ok,465x331 -> 1860x1324,4,1,140.73,39.9537,6.572248,2.56364,0.9387,0.9851,0.3168,8.566,40.2469,6.143085,2.478525,0.9418,0.9866,0.3407,0.3407,0.3407,8.4238,109.7946,63.8005,109.7946,63.8005,0.1165,40.2469,0.9418,6.143085,2.478525,0.2933,0.0015,-0.0239,0.1422
/kaggle/input/datasets/duc24kdl/sub-x-ray/sub_X-Ray/sub_chest/IM-0101-0001.jpeg,,sub_chest,IM-0101-0001.jpeg,ok,365x226 -> 1460x904,4,1,67.93,36.6824,13.958449,3.736101,0.9138,0.9807,0.3606,8.2844,37.2197,12.334237,3.512013,0.9177,0.9828,0.3815,0.3815,0.3815,7.8666,100.8705,61.8955,100.8705,61.8955,0.1613,37.2197,0.9177,12.334237,3.512013,0.5372,0.0022,-0.0209,0.4178
/kaggle/input/datasets/duc24kdl/sub-x-ray/sub_X-Ray/sub_chest/IM-0102-0001.jpeg,,sub_chest,IM-0102-0001.jpeg,ok,368x215 -> 1472x860,4,1,51.36,36.5854,14.273827,3.778072,0.9148,0.9808,0.3551,8.6249,37.1834,12.437821,3.526729,0.9185,0.9827,0.3808,0.3808,0.3808,8.2134,93.3709,55.0232,93.3709,55.0232,0.0898,37.1834,0.9185,12.437821,3.526729,0.598,0.002,-0.0257,0.4116
/kaggle/input/datasets/duc24kdl/sub-x-ray/sub_X-Ray/sub_chest/IM-0103-0001.jpeg,,sub_chest,IM-0103-0001.jpeg,ok,492x521 -> 1968x2084,4,1,228.49,39.283,7.6698,2.76944,0.946,0.9863,0.3401,8.7988,39.7396,6.904295,2.627602,0.9489,0.9876,0.3657,0.3657,0.3657,8.6419,134.3096,61.9356,134.3096,61.9356,0.0755,39.7396,0.9489,6.904295,2.627602,0.4566,0.0013,-0.0257,0.1569
/kaggle/input/datasets/duc24kdl/sub-x-ray/sub_X-Ray/sub_chest/IM-0105-0001.jpeg,,sub_chest,IM-0105-0001.jpeg,ok,505x324 -> 2020x1296,4,1,149.85,39.0593,8.075054,2.841664,0.9443,0.9863,0.344,8.7188,39.4915,7.310221,2.703742,0.947,0.9876,0.3729,0.3729,0.3729,8.6641,131.418,63.8081,131.418,63.8081,0.1183,39.4915,0.947,7.310221,2.703742,0.4321,0.0012,-0.029,0.0547
/kaggle/input/datasets/duc24kdl/sub-x-ray/sub_X-Ray/sub_chest/IM-0107-0001.jpeg,,sub_chest,IM-0107-0001.jpeg,ok,456x281 -> 1824x1124,4,1,103.58,38.5409,9.098937,3.016445,0.9415,0.986,0.3281,8.4194,38.9873,8.210103,2.865328,0.9444,0.9874,0.3525,0.3525,0.3525,8.3532,119.9779,65.6094,119.9779,65.6094,0.0959,38.9873,0.9444,8.210103,2.865328,0.4464,0.0014,-0.0244,0.0663
/kaggle/input/datasets/duc24kdl/sub-x-ray/sub_X-Ray/sub_chest/IM-0109-0001.jpeg,,sub_chest,IM-0109-0001.jpeg,ok,450x277 -> 1800x1108,4,1,111.23,39.5961,7.13627,2.67138,0.9352,0.9843,0.3557,8.9625,39.8414,6.744384,2.596995,0.9384,0.9858,0.3815,0.3815,0.3815,8.6916,127.036,67.3752,127.036,67.3752,0.1202,39.8414,0.9384,6.744384,2.596995,0.2453,0.0015,-0.0258,0.2709
/kaggle/input/datasets/duc24kdl/sub-x-ray/sub_X-Ray/sub_chest/IM-0110-0001.jpeg,,sub_chest,IM-0110-0001.jpeg,ok,385x217 -> 1540x868,4,1,70.49,37.7272,10.973932,3.312693,0.9313,0.9839,0.3525,8.4642,38.3115,9.592366,3.097154,0.9351,0.9858,0.3774,0.3774,0.3774,8.1833,123.0419,63.9049,123.0419,63.9049,0.1651,38.3115,0.9351,9.592366,3.097154,0.5844,0.0019,-0.0249,0.2809
/kaggle/input/datasets/duc24kdl/sub-x-ray/sub_X-Ray/sub_chest/IM-0111-0001.jpeg,,sub_chest,IM-0111-0001.jpeg,ok,477x325 -> 1908x1300,4,1,141.38,39.9889,6.519107,2.553254,0.943,0.9859,0.3461,8.9775,40.2917,6.080073,2.46578,0.9459,0.9872,0.3793,0.3793,0.3793,8.6645,127.8741,56.8179,127.8741,56.8179,0.1527,40.2917,0.9459,6.080073,2.46578,0.3028,0.0014,-0.0333,0.3131
/kaggle/input/datasets/duc24kdl/sub-x-ray/sub_X-Ray/sub_chest/IM-0115-0001.jpeg,,sub_chest,IM-0115-0001.jpeg,ok,522x464 -> 2088x1856,4,1,224.82,38.7313,8.708614,2.951036,0.9253,0.9857,0.4206,8.8522,39.1512,7.90607,2.811774,0.928,0.987,0.457,0.457,0.457,8.7429,128.9466,62.1458,128.9466,62.1458,0.1066,39.1512,0.928,7.90607,2.811774,0.4199,0.0013,-0.0364,0.1093
/kaggle/input/datasets/duc24kdl/sub-x-ray/sub_X-Ray/sub_chest/IM-0117-0001.jpeg,,sub_chest,IM-0117-0001.jpeg,ok,355x288 -> 1420x1152,4,1,89.59,37.0614,12.791975,3.576587,0.9052,0.9824,0.4256,8.6772,37.4636,11.660514,3.41475,0.9082,0.9839,0.4585,0.4585,0.4585,8.3504,100.7823,59.6227,100.7823,59.6227,0.0698,37.4636,0.9082,11.660514,3.41475,0.4022,0.0016,-0.033,0.3268
/kaggle/input/datasets/duc24kdl/sub-x-ray/sub_X-Ray/sub_chest/IM-0119-0001.jpeg,,sub_chest,IM-0119-0001.jpeg,ok,452x358 -> 1808x1432,4,1,140.95,37.9381,10.453826,3.233238,0.9169,0.9847,0.4148,8.7057,38.478,9.23168,3.038368,0.9198,0.986,0.4526,0.4526,0.4526,8.45,122.0718,68.6913,122.0718,68.6913,0.1539,38.478,0.9198,9.23168,3.038368,0.5399,0.0013,-0.0378,0.2557
/kaggle/input/datasets/duc24kdl/sub-x-ray/sub_X-Ray/sub_chest/IM-0122-0001.jpeg,,sub_chest,IM-0122-0001.jpeg,ok,404x319 -> 1616x1276,4,1,109.05,38.1913,9.861626,3.140323,0.9197,0.9847,0.4235,8.7026,38.6089,8.957502,2.992909,0.9227,0.986,0.4623,0.4623,0.4623,8.5945,133.0778,64.7777,133.0778,64.7777,0.0658,38.6089,0.9227,8.957502,2.992909,0.4176,0.0013,-0.0388,0.1081
/kaggle/input/datasets/duc24kdl/sub-x-ray/sub_X-Ray/sub_chest/IM-0125-0001.jpeg,,sub_chest,IM-0125-0001.jpeg,ok,400x281 -> 1600x1124,4,1,86.33,36.6223,14.153097,3.76206,0.8964,0.9809,0.4183,8.4085,36.9951,12.988951,3.604019,0.8994,0.9825,0.449,0.449,0.449,8.0976,106.1782,64.9667,106.1782,64.9667,0.1026,36.9951,0.8994,12.988951,3.604019,0.3728,0.0017,-0.0307,0.3109
/kaggle/input/datasets/duc24kdl/sub-x-ray/sub_X-Ray/sub_chest/IM-0127-0001.jpeg,,sub_chest,IM-0127-0001.jpeg,ok,493x326 -> 1972x1304,4,1,146.05,36.9488,13.128199,3.623286,0.8865,0.9789,0.4636,8.8278,37.2003,12.389365,3.519853,0.8893,0.9803,0.5037,0.5037,0.5037,8.5989,130.4535,56.8146,130.4535,56.8146,0.0462,37.2003,0.8893,12.389365,3.519853,0.2516,0.0015,-0.0401,0.2289
/kaggle/input/datasets/duc24kdl/sub-x-ray/sub_X-Ray/sub_chest/IM-0128-0001.jpeg,,sub_chest,IM-0128-0001.jpeg,ok,382x253 -> 1528x1012,4,1,81.58,35.9383,16.567158,4.070277,0.8825,0.9782,0.4298,8.5053,36.3782,14.971232,3.869268,0.8858,0.98,0.4632,0.4632,0.4632,8.1835,97.1797,58.6402,97.1797,58.6402,0.0552,36.3782,0.8858,14.971232,3.869268,0.4399,0.0018,-0.0334,0.3218
/kaggle/input/datasets/duc24kdl/sub-x-ray/sub_X-Ray/sub_chest/IM-0129-0001.jpeg,,sub_chest,IM-0129-0001.jpeg,ok,346x291 -> 1384x1164,4,1,86.22,36.4639,14.678729,3.831283,0.8915,0.9805,0.4542,8.6788,36.8144,13.54079,3.679781,0.8944,0.982,0.4876,0.4876,0.4876,8.3757,115.5398,62.3304,115.5398,62.3304,0.1046,36.8144,0.8944,13.54079,3.679781,0.3504,0.0015,-0.0334,0.303
/kaggle/input/datasets/duc24kdl/sub-x-ray/sub_X-Ray/sub_chest/IM-0131-0001.jpeg,,sub_chest,IM-0131-0001.jpeg,ok,362x286 -> 1448x1144,4,1,88.32,35.7786,17.187841,4.145822,0.8716,0.9772,0.4724,8.4159,36.1037,15.947978,3.993492,0.875,0.979,0.5062,0.5062,0.5062,8.1892,109.6264,54.8166,109.6264,54.8166,0.0901,36.1037,0.875,15.947978,3.993492,0.3252,0.0018,-0.0338,0.2267
/kaggle/input/datasets/duc24kdl/sub-x-ray/sub_X-Ray/sub_chest/IM-0133-0001.jpeg,,sub_chest,IM-0133-0001.jpeg,ok,367x248 -> 1468x992,4,1,75.28,37.131,12.588713,3.548058,0.8723,0.9764,0.4397,8.219,37.3286,12.028621,3.46823,0.8756,0.9782,0.4737,0.4737,0.4737,8.0236,109.6126,64.6558,109.6126,64.6558,0.0765,37.3286,0.8756,12.028621,3.46823,0.1977,0.0018,-0.034,0.1954
/kaggle/input/datasets/duc24kdl/sub-x-ray/sub_X-Ray/sub_chest/IM-0135-0001.jpeg,,sub_chest,IM-0135-0001.jpeg,ok,431x395 -> 1724x1580,4,1,158.52,36.3196,15.174577,3.895456,0.8796,0.9778,0.4453,8.5808,36.7096,13.871243,3.724412,0.8829,0.9795,0.4775,0.4775,0.4775,8.2475,120.267,66.2594,120.267,66.2594,0.1248,36.7096,0.8829,13.871243,3.724412,0.39,0.0018,-0.0321,0.3333
/kaggle/input/datasets/duc24kdl/sub-x-ray/sub_X-Ray/sub_chest/IM-0137-0001.jpeg,,sub_chest,IM-0137-0001.jpeg,ok,336x261 -> 1344x1044,4,1,61.36,35.629,17.790271,4.217852,0.8622,0.9755,0.5093,8.596,35.9312,16.594347,4.073616,0.8656,0.9774,0.5488,0.5488,0.5488,8.3662,127.8886,52.4103,127.8886,52.4103,0.0596,35.9312,0.8656,16.594347,4.073616,0.3022,0.0018,-0.0395,0.2298
/kaggle/input/datasets/duc24kdl/sub-x-ray/sub_X-Ray/sub_chest/IM-0140-0001.jpeg,,sub_chest,IM-0140-0001.jpeg,ok,289x309 -> 1156x1236,4,1,79.04,34.2799,24.270878,4.926548,0.8076,0.9662,0.5678,8.6188,34.4984,23.080173,4.804183,0.812,0.9687,0.5994,0.5994,0.5994,8.3104,148.8392,52.2715,148.8392,52.2715,0.0783,34.4984,0.812,23.080173,4.804183,0.2185,0.0024,-0.0316,0.3084
/kaggle/input/datasets/duc24kdl/sub-x-ray/sub_X-Ray/sub_chest/IM-0141-0001.jpeg,,sub_chest,IM-0141-0001.jpeg,ok,435x363 -> 1740x1452,4,1,146.85,36.6476,14.07069,3.751092,0.8863,0.9793,0.4648,8.5959,36.9828,13.025593,3.609099,0.8894,0.9809,0.5006,0.5006,0.5006,8.3466,118.1189,62.9045,118.1189,62.9045,0.0627,36.9828,0.8894,13.025593,3.609099,0.3352,0.0016,-0.0358,0.2493
/kaggle/input/datasets/duc24kdl/sub-x-ray/sub_X-Ray/sub_chest/IM-0143-0001.jpeg,,sub_chest,IM-0143-0001.jpeg,ok,534x482 -> 2136x1928,4,1,240.34,36.2939,15.264677,3.907004,0.8774,0.9777,0.4513,8.5172,36.5896,14.260144,3.776261,0.8809,0.9794,0.4871,0.4871,0.4871,8.3113,126.5148,69.3104,126.5148,69.3104,0.0507,36.5896,0.8809,14.260144,3.776261,0.2956,0.0018,-0.0357,0.2059
/kaggle/input/datasets/duc24kdl/sub-x-ray/sub_X-Ray/sub_chest/IM-0145-0001.jpeg,,sub_chest,IM-0145-0001.jpeg,ok,399x289 -> 1596x1156,4,1,102.69,35.8466,16.92094,4.113507,0.8762,0.9779,0.4737,8.641,36.2571,15.394636,3.9236,0.8797,0.9797,0.5105,0.5105,0.5105,8.4295,119.4532,60.2814,119.4532,60.2814,0.0585,36.2571,0.8797,15.394636,3.9236,0.4106,0.0017,-0.0368,0.2115
/kaggle/input/datasets/duc24kdl/sub-x-ray/sub_X-Ray/sub_chest/IM-0147-0001.jpeg,,sub_chest,IM-0147-0001.jpeg,ok,525x493 -> 2100x1972,4,1,241.64,37.0785,12.741715,3.569554,0.8893,0.9796,0.4583,8.7858,37.457,11.678382,3.417365,0.8927,0.9813,0.4958,0.4958,0.4958,8.5199,117.0579,64.8543,117.0579,64.8543,0.1018,37.457,0.8927,11.678382,3.417365,0.3785,0.0017,-0.0376,0.2659
/kaggle/input/datasets/duc24kdl/sub-x-ray/sub_X-Ray/sub_chest/IM-0149-0001.jpeg,,sub_chest,IM-0149-0001.jpeg,ok,385x288 -> 1540x1152,4,1,98.92,36.6904,13.932921,3.732683,0.8934,0.9806,0.4377,8.3149,37.0431,12.846175,3.584156,0.8967,0.9822,0.4684,0.4684,0.4684,8.2045,119.7659,66.5965,119.7659,66.5965,0.0857,37.0431,0.8967,12.846175,3.584156,0.3527,0.0017,-0.0307,0.1104
/kaggle/input/datasets/duc24kdl/sub-x-ray/sub_X-Ray/sub_chest/IM-0151-0001.jpeg,,sub_chest,IM-0151-0001.jpeg,ok,379x289 -> 1516x1156,4,1,96.64,36.3844,14.950135,3.86654,0.8935,0.9807,0.418,8.4222,36.8561,13.411236,3.662135,0.8965,0.9823,0.4511,0.4511,0.4511,8.1383,101.9458,66.8312,101.9458,66.8312,0.0894,36.8561,0.8965,13.411236,3.662135,0.4718,0.0015,-0.0331,0.2839
/kaggle/input/datasets/duc24kdl/sub-x-ray/sub_X-Ray/sub_chest/IM-0152-0001.jpeg,,sub_chest,IM-0152-0001.jpeg,ok,403x283 -> 1612x1132,4,1,102.37,36.9124,13.238428,3.638465,0.8921,0.9803,0.4859,8.7763,37.2817,12.159417,3.487036,0.8956,0.982,0.5234,0.5234,0.5234,8.6139,129.0016,59.2679,129.0016,59.2679,0.1042,37.2817,0.8956,12.159417,3.487036,0.3692,0.0017,-0.0375,0.1625
/kaggle/input/datasets/duc24kdl/sub-x-ray/sub_X-Ray/sub_chest/IM-0154-0001.jpeg,,sub_chest,IM-0154-0001.jpeg,ok,461x359 -> 1844x1436,4,1,151.32,37.6756,11.10505,3.332424,0.9175,0.9848,0.4148,8.6282,38.136,9.988047,3.160387,0.9203,0.9861,0.4484,0.4484,0.4484,8.3367,110.0141,65.5348,110.0141,65.5348,0.0839,38.136,0.9203,9.988047,3.160387,0.4604,0.0013,-0.0336,0.2914
/kaggle/input/datasets/duc24kdl/sub-x-ray/sub_X-Ray/sub_chest/IM-0156-0001.jpeg,,sub_chest,IM-0156-0001.jpeg,ok,372x302 -> 1488x1208,4,1,92.83,36.3717,14.993772,3.872179,0.8799,0.9782,0.4704,8.6512,36.6676,14.006188,3.742484,0.8827,0.9797,0.5104,0.5104,0.5104,8.3798,112.3448,52.0635,112.3448,52.0635,0.0883,36.6676,0.8827,14.006188,3.742484,0.2959,0.0015,-0.04,0.2714
/kaggle/input/datasets/duc24kdl/sub-x-ray/sub_X-Ray/sub_chest/IM-0158-0001.jpeg,,sub_chest,IM-0158-0001.jpeg,ok,248x189 -> 992x756,4,1,30.44,35.649,17.708378,4.208132,0.8764,0.9795,0.4814,8.9193,35.8881,16.759814,4.093875,0.8794,0.981,0.5238,0.5238,0.5238,8.6552,105.6837,56.1271,105.6837,56.1271,0.0301,35.8881,0.8794,16.759814,4.093875,0.2391,0.0015,-0.0424,0.2641
/kaggle/input/datasets/duc24kdl/sub-x-ray/sub_X-Ray/sub_chest/IM-0160-0001.jpeg,,sub_chest,IM-0160-0001.jpeg,ok,437x328 -> 1748x1312,4,1,131.39,37.0281,12.890643,3.590354,0.8919,0.9804,0.4717,8.8297,37.3249,12.03912,3.469744,0.8951,0.982,0.512,0.512,0.512,8.4825,128.6679,54.4731,128.6679,54.4731,0.0513,37.3249,0.8951,12.03912,3.469744,0.2968,0.0015,-0.0403,0.3472
/kaggle/input/datasets/duc24kdl/sub-x-ray/sub_X-Ray/sub_chest/IM-0162-0001.jpeg,,sub_chest,IM-0162-0001.jpeg,ok,440x357 -> 1760x1428,4,1,131.0,36.4925,14.582302,3.818678,0.8838,0.9791,0.4849,8.8981,36.8639,13.387189,3.658851,0.887,0.9807,0.5268,0.5268,0.5268,8.5724,116.6518,55.5405,116.6518,55.5405,0.0558,36.8639,0.887,13.387189,3.658851,0.3714,0.0016,-0.042,0.3257
/kaggle/input/datasets/duc24kdl/sub-x-ray/sub_X-Ray/sub_chest/IM-0164-0001.jpeg,,sub_chest,IM-0164-0001.jpeg,ok,300x202 -> 1200x808,4,1,42.41,36.74,13.774529,3.711405,0.8932,0.9808,0.4846,8.8022,37.1099,12.649874,3.556666,0.8966,0.9824,0.5289,0.5289,0.5289,8.5188,132.7035,50.8648,132.7035,50.8648,0.1079,37.1099,0.8966,12.649874,3.556666,0.3699,0.0016,-0.0443,0.2834
/kaggle/input/datasets/duc24kdl/sub-x-ray/sub_X-Ray/sub_chest/IM-0166-0001.jpeg,,sub_chest,IM-0166-0001.jpeg,ok,493x429 -> 1972x1716,4,1,193.32,36.9477,13.131268,3.623709,0.8923,0.9805,0.4474,8.7455,37.2931,12.127496,3.482455,0.8955,0.982,0.4852,0.4852,0.4852,8.4988,118.4099,66.2591,118.4099,66.2591,0.0735,37.2931,0.8955,12.127496,3.482455,0.3454,0.0015,-0.0379,0.2467
/kaggle/input/datasets/duc24kdl/sub-x-ray/sub_X-Ray/sub_chest/IM-0168-0001.jpeg,,sub_chest,IM-0168-0001.jpeg,ok,383x296 -> 1532x1184,4,1,99.07,36.2118,15.556013,3.944111,0.8766,0.9781,0.455,8.4841,36.5273,14.466182,3.803443,0.8797,0.9797,0.4916,0.4916,0.4916,8.1274,119.2889,67.891,119.2889,67.891,0.0518,36.5273,0.8797,14.466182,3.803443,0.3154,0.0016,-0.0367,0.3567
/kaggle/input/datasets/duc24kdl/sub-x-ray/sub_X-Ray/sub_chest/IM-0170-0001.jpeg,,sub_chest,IM-0170-0001.jpeg,ok,537x374 -> 2148x1496,4,1,187.52,37.0351,12.869845,3.587457,0.8811,0.9775,0.4692,8.6471,37.3037,12.097782,3.478187,0.884,0.979,0.5066,0.5066,0.5066,8.4464,148.9736,59.7758,148.9736,59.7758,0.0856,37.3037,0.884,12.097782,3.478187,0.2687,0.0016,-0.0374,0.2007
/kaggle/input/datasets/duc24kdl/sub-x-ray/sub_X-Ray/sub_chest/IM-0172-0001.jpeg,,sub_chest,IM-0172-0001.jpeg,ok,469x473 -> 1876x1892,4,1,208.49,37.0805,12.735951,3.568746,0.9302,0.9859,0.4164,8.811,37.4435,11.714624,3.422663,0.9328,0.9872,0.4575,0.4575,0.4575,8.6244,141.0206,57.3734,141.0206,57.3734,0.0368,37.4435,0.9328,11.714624,3.422663,0.363,0.0012,-0.0411,0.1865
/kaggle/input/datasets/duc24kdl/sub-x-ray/sub_X-Ray/sub_chest/IM-0176-0001.jpeg,,sub_chest,IM-0176-0001.jpeg,ok,420x389 -> 1680x1556,4,1,144.68,36.9074,13.253676,3.64056,0.8753,0.9768,0.4966,8.816,37.1816,12.442764,3.52743,0.8784,0.9785,0.5391,0.5391,0.5391,8.5941,154.8808,51.9575,154.8808,51.9575,0.0901,37.1816,0.8784,12.442764,3.52743,0.2742,0.0016,-0.0425,0.2218
/kaggle/input/datasets/duc24kdl/sub-x-ray/sub_X-Ray/sub_chest/IM-0177-0001.jpeg,,sub_chest,IM-0177-0001.jpeg,ok,543x403 -> 2172x1612,4,1,201.28,38.9872,8.210313,2.865364,0.9163,0.9845,0.3487,8.064,39.2316,7.760997,2.785857,0.9192,0.986,0.3736,0.3736,0.3736,7.6502,90.1012,71.2649,90.1012,71.2649,0.083,39.2316,0.9192,7.760997,2.785857,0.2444,0.0015,-0.0249,0.4138
/kaggle/input/datasets/duc24kdl/sub-x-ray/sub_X-Ray/sub_chest/IM-0178-0001.jpeg,,sub_chest,IM-0178-0001.jpeg,ok,411x281 -> 1644x1124,4,1,100.0,38.2991,9.619791,3.101579,0.8914,0.9793,0.4597,8.793,38.4865,9.21371,3.035409,0.8946,0.981,0.5026,0.5026,0.5026,8.4754,142.3474,58.6293,142.3474,58.6293,0.0749,38.4865,0.8946,9.21371,3.035409,0.1873,0.0017,-0.0429,0.3175
/kaggle/input/datasets/duc24kdl/sub-x-ray/sub_X-Ray/sub_chest/IM-0180-0001.jpeg,,sub_chest,IM-0180-0001.jpeg,ok,534x412 -> 2136x1648,4,1,202.42,36.822,13.517054,3.676555,0.8785,0.9773,0.4901,8.8608,37.0965,12.689035,3.562167,0.8817,0.979,0.5321,0.5321,0.5321,8.5698,138.354,58.6414,138.354,58.6414,0.0894,37.0965,0.8817,12.689035,3.562167,0.2745,0.0017,-0.042,0.2909
/kaggle/input/datasets/duc24kdl/sub-x-ray/sub_X-Ray/sub_chest/IM-0182-0001.jpeg,,sub_chest,IM-0182-0001.jpeg,ok,343x251 -> 1372x1004,4,1,72.12,36.5405,14.422117,3.797646,0.8899,0.9798,0.4437,8.3823,36.9582,13.099538,3.619328,0.8933,0.9815,0.4775,0.4775,0.4775,8.1394,135.8375,67.2358,135.8375,67.2358,0.1317,36.9582,0.8933,13.099538,3.619328,0.4177,0.0017,-0.0338,0.2428
/kaggle/input/datasets/duc24kdl/sub-x-ray/sub_X-Ray/sub_chest/IM-0183-0001.jpeg,,sub_chest,IM-0183-0001.jpeg,ok,584x506 -> 2336x2024,4,1,251.67,38.1546,9.945244,3.153608,0.9152,0.9836,0.4202,8.8599,38.5112,9.161453,3.026789,0.918,0.985,0.4573,0.4573,0.4573,8.6356,119.3769,66.4915,119.3769,66.4915,0.0974,38.5112,0.918,9.161453,3.026789,0.3565,0.0014,-0.0372,0.2243
/kaggle/input/datasets/duc24kdl/sub-x-ray/sub_X-Ray/sub_chest/IM-0185-0001.jpeg,,sub_chest,IM-0185-0001.jpeg,ok,364x297 -> 1456x1188,4,1,88.9,36.6463,14.074947,3.751659,0.8987,0.9811,0.4399,8.653,37.1769,12.456409,3.529364,0.902,0.9827,0.4771,0.4771,0.4771,8.3477,129.7784,65.2517,129.7784,65.2517,0.1346,37.1769,0.902,12.456409,3.529364,0.5305,0.0017,-0.0372,0.3054
/kaggle/input/datasets/duc24kdl/sub-x-ray/sub_X-Ray/sub_chest/IM-0187-0001.jpeg,,sub_chest,IM-0187-0001.jpeg,ok,463x393 -> 1852x1572,4,1,169.33,37.428,11.756697,3.428804,0.9011,0.9815,0.4497,8.9148,37.8155,10.753006,3.279178,0.9041,0.983,0.4897,0.4897,0.4897,8.5803,125.7993,59.7948,125.7993,59.7948,0.0747,37.8155,0.9041,10.753006,3.279178,0.3876,0.0015,-0.04,0.3345
/kaggle/input/datasets/duc24kdl/sub-x-ray/sub_X-Ray/sub_chest/IM-0189-0001.jpeg,,sub_chest,IM-0189-0001.jpeg,ok,366x277 -> 1464x1108,4,1,86.01,36.5214,14.48557,3.805991,0.8971,0.9806,0.4507,8.726,36.9815,13.029626,3.609657,0.9002,0.9823,0.4891,0.4891,0.4891,8.297,123.1669,60.696,123.1669,60.696,0.0628,36.9815,0.9002,13.029626,3.609657,0.46,0.0017,-0.0385,0.429
/kaggle/input/datasets/duc24kdl/sub-x-ray/sub_X-Ray/sub_chest/IM-0191-0001.jpeg,,sub_chest,IM-0191-0001.jpeg,ok,541x436 -> 2164x1744,4,1,222.42,37.1394,12.564393,3.544629,0.8927,0.9797,0.4498,8.6069,37.3849,11.873897,3.445852,0.8957,0.9812,0.4924,0.4924,0.4924,8.3808,135.7442,62.7361,135.7442,62.7361,0.0706,37.3849,0.8957,11.873897,3.445852,0.2455,0.0015,-0.0426,0.2261
/kaggle/input/datasets/duc24kdl/sub-x-ray/sub_X-Ray/sub_chest/IM-0193-0001.jpeg,,sub_chest,IM-0193-0001.jpeg,ok,502x436 -> 2008x1744,4,1,201.97,37.3615,11.938054,3.455149,0.8953,0.9802,0.4294,8.5799,37.6643,11.133901,3.33675,0.8981,0.9817,0.4665,0.4665,0.4665,8.3848,112.0019,61.4215,112.0019,61.4215,0.0844,37.6643,0.8981,11.133901,3.33675,0.3029,0.0015,-0.0371,0.195
/kaggle/input/datasets/duc24kdl/sub-x-ray/sub_X-Ray/sub_chest/IM-0195-0001.jpeg,,sub_chest,IM-0195-0001.jpeg,ok,443x386 -> 1772x1544,4,1,158.28,37.0215,12.909995,3.593048,0.898,0.9809,0.4682,8.9519,37.4599,11.670487,3.416209,0.9011,0.9825,0.5104,0.5104,0.5104,8.6996,131.801,60.6003,131.801,60.6003,0.0776,37.4599,0.9011,11.670487,3.416209,0.4384,0.0016,-0.0423,0.2523
/kaggle/input/datasets/duc24kdl/sub-x-ray/sub_X-Ray/sub_chest/IM-0199-0001.jpeg,,sub_chest,IM-0199-0001.jpeg,ok,376x208 -> 1504x832,4,1,52.32,35.9613,16.479642,4.059513,0.889,0.9808,0.4599,8.7485,36.494,14.577494,3.818049,0.8922,0.9822,0.5067,0.5067,0.5067,8.3217,121.4755,64.1911,121.4755,64.1911,0.132,36.494,0.8922,14.577494,3.818049,0.5326,0.0014,-0.0468,0.4269
/kaggle/input/datasets/duc24kdl/sub-x-ray/sub_X-Ray/sub_chest/IM-0201-0001.jpeg,,sub_chest,IM-0201-0001.jpeg,ok,361x327 -> 1444x1308,4,1,106.84,36.3011,15.239336,3.903759,0.8849,0.979,0.4415,8.3947,36.7075,13.878047,3.725325,0.8884,0.9809,0.4719,0.4719,0.4719,8.2423,102.9982,61.9749,102.9982,61.9749,0.1138,36.7075,0.8884,13.878047,3.725325,0.4064,0.0018,-0.0304,0.1524
/kaggle/input/datasets/duc24kdl/sub-x-ray/sub_X-Ray/sub_chest/IM-0203-0001.jpeg,,sub_chest,IM-0203-0001.jpeg,ok,358x315 -> 1432x1260,4,1,98.9,36.3527,15.059433,3.880649,0.8822,0.9785,0.4621,8.5955,36.7525,13.734913,3.706064,0.8856,0.9803,0.4951,0.4951,0.4951,8.3827,121.7009,61.2265,121.7009,61.2265,0.115,36.7525,0.8856,13.734913,3.706064,0.3998,0.0017,-0.033,0.2128
/kaggle/input/datasets/duc24kdl/sub-x-ray/sub_X-Ray/sub_chest/IM-0205-0001.jpeg,,sub_chest,IM-0205-0001.jpeg,ok,388x268 -> 1552x1072,4,1,84.09,35.1332,19.941508,4.465592,0.8522,0.9734,0.4411,8.2031,35.4627,18.484593,4.299371,0.8556,0.9752,0.4742,0.4742,0.4742,7.8076,104.8109,62.854,104.8109,62.854,0.0357,35.4627,0.8556,18.484593,4.299371,0.3295,0.0019,-0.0331,0.3955
/kaggle/input/datasets/duc24kdl/sub-x-ray/sub_X-Ray/sub_chest/IM-0206-0001.jpeg,,sub_chest,IM-0206-0001.jpeg,ok,260x186 -> 1040x744,4,1,32.98,34.3111,24.097262,4.908896,0.8259,0.9701,0.5287,8.5692,34.5887,22.605197,4.754492,0.8302,0.9724,0.5733,0.5733,0.5733,8.0966,117.198,54.1057,117.198,54.1057,0.1184,34.5887,0.8302,22.605197,4.754492,0.2776,0.0023,-0.0447,0.4726
/kaggle/input/datasets/duc24kdl/sub-x-ray/sub_X-Ray/sub_chest/IM-0207-0001.jpeg,,sub_chest,IM-0207-0001.jpeg,ok,356x262 -> 1424x1048,4,1,72.99,34.9719,20.696343,4.549323,0.8746,0.978,0.4796,8.4372,35.4006,18.750792,4.330219,0.8785,0.98,0.5086,0.5086,0.5086,8.112,112.9278,59.6766,112.9278,59.6766,0.1114,35.4006,0.8785,18.750792,4.330219,0.4287,0.0019,-0.0289,0.3252
/kaggle/input/datasets/duc24kdl/sub-x-ray/sub_X-Ray/sub_chest/IM-0209-0001.jpeg,,sub_chest,IM-0209-0001.jpeg,ok,291x255 -> 1164x1020,4,1,58.99,36.5368,14.434408,3.799264,0.8887,0.9801,0.4704,8.7457,36.8686,13.372682,3.656868,0.8923,0.9818,0.5104,0.5104,0.5104,8.3536,126.313,57.8106,126.313,57.8106,0.099,36.8686,0.8923,13.372682,3.656868,0.3318,0.0017,-0.04,0.3921
/kaggle/input/datasets/duc24kdl/sub-x-ray/sub_X-Ray/sub_chest/IM-0210-0001.jpeg,,sub_chest,IM-0210-0001.jpeg,ok,422x276 -> 1688x1104,4,1,104.12,36.3485,15.074013,3.882527,0.8896,0.9799,0.4273,8.4013,36.8124,13.546961,3.68062,0.8926,0.9815,0.4589,0.4589,0.4589,8.1619,110.7765,66.4655,110.7765,66.4655,0.1194,36.8124,0.8926,13.546961,3.68062,0.4639,0.0016,-0.0315,0.2394
/kaggle/input/datasets/duc24kdl/sub-x-ray/sub_X-Ray/sub_chest/IM-0211-0001.jpeg,,sub_chest,IM-0211-0001.jpeg,ok,410x311 -> 1640x1244,4,1,112.45,37.1175,12.627974,3.553586,0.9016,0.9821,0.4604,8.6114,37.52,11.510145,3.39266,0.9049,0.9836,0.4956,0.4956,0.4956,8.4937,122.0863,59.116,122.0863,59.116,0.075,37.52,0.9049,11.510145,3.39266,0.4025,0.0015,-0.0352,0.1177
/kaggle/input/datasets/duc24kdl/sub-x-ray/sub_X-Ray/sub_chest/IM-0213-0001.jpeg,,sub_chest,IM-0213-0001.jpeg,ok,482x325 -> 1928x1300,4,1,141.63,37.9263,10.482185,3.23762,0.9177,0.9846,0.4169,8.4642,38.2814,9.659272,3.107937,0.9206,0.986,0.4554,0.4554,0.4554,8.1963,120.3669,63.0015,120.3669,63.0015,0.0549,38.2814,0.9206,9.659272,3.107937,0.3551,0.0014,-0.0385,0.2679
/kaggle/input/datasets/duc24kdl/sub-x-ray/sub_X-Ray/sub_chest/IM-0214-0001.jpeg,,sub_chest,IM-0214-0001.jpeg,ok,380x305 -> 1520x1220,4,1,98.21,37.7187,10.995278,3.315913,0.9122,0.983,0.4409,8.5851,38.2039,9.833111,3.135779,0.9158,0.9848,0.4794,0.4794,0.4794,8.3923,129.3406,57.9301,129.3406,57.9301,0.1479,38.2039,0.9158,9.833111,3.135779,0.4852,0.0018,-0.0385,0.1928
/kaggle/input/datasets/duc24kdl/sub-x-ray/sub_X-Ray/sub_chest/IM-0215-0001.jpeg,,sub_chest,IM-0215-0001.jpeg,ok,416x302 -> 1664x1208,4,1,97.07,35.9829,16.398048,4.04945,0.8777,0.9773,0.4405,8.3137,36.321,15.169851,3.894849,0.8812,0.9792,0.4694,0.4694,0.4694,8.0587,109.7356,65.8249,109.7356,65.8249,0.0793,36.321,0.8812,15.169851,3.894849,0.3381,0.0019,-0.0289,0.255
/kaggle/input/datasets/duc24kdl/sub-x-ray/sub_X-Ray/sub_chest/IM-0216-0001.jpeg,,sub_chest,IM-0216-0001.jpeg,ok,486x341 -> 1944x1364,4,1,148.08,36.9297,13.18592,3.631242,0.9064,0.9825,0.4018,8.4857,37.3973,11.840065,3.44094,0.9093,0.984,0.4328,0.4328,0.4328,8.121,108.1134,69.2067,108.1134,69.2067,0.0663,37.3973,0.9093,11.840065,3.44094,0.4676,0.0015,-0.031,0.3647
/kaggle/input/datasets/duc24kdl/sub-x-ray/sub_X-Ray/sub_chest/IM-0217-0001.jpeg,,sub_chest,IM-0217-0001.jpeg,ok,413x318 -> 1652x1272,4,1,118.25,38.0317,10.230727,3.198551,0.9288,0.9865,0.3774,8.6161,38.6105,8.954368,2.992385,0.9318,0.9878,0.4064,0.4064,0.4064,8.3739,98.6293,66.5638,98.6293,66.5638,0.1184,38.6105,0.9318,8.954368,2.992385,0.5787,0.0013,-0.029,0.2422
/kaggle/input/datasets/duc24kdl/sub-x-ray/sub_X-Ray/sub_chest/IM-0218-0001.jpeg,,sub_chest,IM-0218-0001.jpeg,ok,419x413 -> 1676x1652,4,1,160.76,38.132,9.99724,3.161841,0.9133,0.9833,0.4247,8.7747,38.5204,9.142054,3.023583,0.9164,0.9848,0.4617,0.4617,0.4617,8.5137,125.0098,57.6147,125.0098,57.6147,0.1028,38.5204,0.9164,9.142054,3.023583,0.3884,0.0015,-0.0369,0.261
/kaggle/input/datasets/duc24kdl/sub-x-ray/sub_X-Ray/sub_chest/IM-0219-0001.jpeg,,sub_chest,IM-0219-0001.jpeg,ok,398x318 -> 1592x1272,4,1,111.84,37.4144,11.793483,3.434164,0.9066,0.9823,0.4565,8.7975,37.7985,10.795305,3.285621,0.91,0.9841,0.4925,0.4925,0.4925,8.5745,134.6441,55.5739,134.6441,55.5739,0.0889,37.7985,0.91,10.795305,3.285621,0.3841,0.0017,-0.0361,0.2229
/kaggle/input/datasets/duc24kdl/sub-x-ray/sub_X-Ray/sub_chest/IM-0220-0001.jpeg,,sub_chest,IM-0220-0001.jpeg,ok,371x349 -> 1484x1396,4,1,117.87,36.3846,14.949175,3.866416,0.8817,0.9784,0.4437,8.5602,36.7748,13.664679,3.696577,0.885,0.98,0.4794,0.4794,0.4794,8.3007,122.826,66.1275,122.826,66.1275,0.0961,36.7748,0.885,13.664679,3.696577,0.3902,0.0017,-0.0357,0.2595
/kaggle/input/datasets/duc24kdl/sub-x-ray/sub_X-Ray/sub_chest/IM-0221-0001.jpeg,,sub_chest,IM-0221-0001.jpeg,ok,451x370 -> 1804x1480,4,1,155.78,38.5491,9.08175,3.013594,0.922,0.9856,0.4392,9.0167,38.8789,8.417614,2.901312,0.9246,0.9867,0.4814,0.4814,0.4814,8.8551,137.9388,63.1951,137.9388,63.1951,0.0502,38.8789,0.9246,8.417614,2.901312,0.3298,0.0011,-0.0422,0.1616
/kaggle/input/datasets/duc24kdl/sub-x-ray/sub_X-Ray/sub_chest/IM-0222-0001.jpeg,,sub_chest,IM-0222-0001.jpeg,ok,401x294 -> 1604x1176,4,1,105.06,36.3813,14.960781,3.867917,0.8946,0.9809,0.4007,8.2617,36.8362,13.473019,3.670561,0.8976,0.9825,0.4281,0.4281,0.4281,7.9251,109.3461,75.2461,109.3461,75.2461,0.1012,36.8362,0.8976,13.473019,3.670561,0.4549,0.0016,-0.0275,0.3366
/kaggle/input/datasets/duc24kdl/sub-x-ray/sub_X-Ray/sub_chest/IM-0223-0001.jpeg,,sub_chest,IM-0223-0001.jpeg,ok,463x358 -> 1852x1432,4,1,150.94,37.6519,11.165719,3.341514,0.9224,0.9851,0.3993,8.4878,38.0429,10.204562,3.194458,0.9254,0.9866,0.4285,0.4285,0.4285,8.3752,111.0098,63.1527,111.0098,63.1527,0.1257,38.0429,0.9254,10.204562,3.194458,0.3909,0.0015,-0.0292,0.1125
/kaggle/input/datasets/duc24kdl/sub-x-ray/sub_X-Ray/sub_chest/IM-0224-0001.jpeg,,sub_chest,IM-0224-0001.jpeg,ok,441x321 -> 1764x1284,4,1,131.27,35.9085,16.681312,4.084276,0.8722,0.9766,0.4994,8.8971,36.161,15.739257,3.967273,0.8751,0.9782,0.544,0.544,0.544,8.5591,157.5128,43.6175,157.5128,43.6175,0.0979,36.161,0.8751,15.739257,3.967273,0.2525,0.0016,-0.0446,0.3379
/kaggle/input/datasets/duc24kdl/sub-x-ray/sub_X-Ray/sub_chest/IM-0225-0001.jpeg,,sub_chest,IM-0225-0001.jpeg,ok,553x493 -> 2212x1972,4,1,259.85,39.0793,8.037996,2.835136,0.9328,0.9871,0.401,8.8575,39.5359,7.235864,2.689956,0.9355,0.9883,0.4389,0.4389,0.4389,8.5675,114.5172,63.3767,114.5172,63.3767,0.1254,39.5359,0.9355,7.235864,2.689956,0.4566,0.0012,-0.0379,0.2899
/kaggle/input/datasets/duc24kdl/sub-x-ray/sub_X-Ray/sub_chest/IM-0226-0001.jpeg,,sub_chest,IM-0226-0001.jpeg,ok,442x346 -> 1768x1384,4,1,138.14,37.6658,11.130157,3.336189,0.9256,0.986,0.3391,8.1028,38.179,9.889607,3.144774,0.9284,0.9874,0.3618,0.3618,0.3618,7.7643,83.7823,66.1529,83.7823,66.1529,0.0579,38.179,0.9284,9.889607,3.144774,0.5132,0.0014,-0.0227,0.3385
/kaggle/input/datasets/duc24kdl/sub-x-ray/sub_X-Ray/sub_chest/IM-0227-0001.jpeg,,sub_chest,IM-0227-0001.jpeg,ok,467x403 -> 1868x1612,4,1,177.83,37.6006,11.298446,3.361316,0.9068,0.983,0.4285,8.5631,38.0372,10.217847,3.196537,0.9096,0.9844,0.4641,0.4641,0.4641,8.2929,114.4719,61.2322,114.4719,61.2322,0.0851,38.0372,0.9096,10.217847,3.196537,0.4366,0.0014,-0.0356,0.2701
/kaggle/input/datasets/duc24kdl/sub-x-ray/sub_X-Ray/sub_chest/IM-0228-0001.jpeg,,sub_chest,IM-0228-0001.jpeg,ok,402x293 -> 1608x1172,4,1,102.94,35.7185,17.427215,4.174592,0.8886,0.9797,0.4043,8.1732,36.2097,15.563619,3.945075,0.8925,0.9817,0.4251,0.4251,0.4251,7.8121,121.0758,82.8822,121.0758,82.8822,0.0841,36.2097,0.8925,15.563619,3.945075,0.4912,0.002,-0.0208,0.361
/kaggle/input/datasets/duc24kdl/sub-x-ray/sub_X-Ray/sub_chest/IM-0229-0001.jpeg,,sub_chest,IM-0229-0001.jpeg,ok,360x275 -> 1440x1100,4,1,74.61,37.8933,10.562115,3.249941,0.9229,0.9858,0.4064,8.4509,38.3345,9.541845,3.088988,0.9256,0.9869,0.4483,0.4483,0.4483,8.3083,115.8089,63.386,115.8089,63.386,0.1162,38.3345,0.9256,9.541845,3.088988,0.4412,0.0012,-0.0419,0.1426
/kaggle/input/datasets/duc24kdl/sub-x-ray/sub_X-Ray/sub_chest/IM-0230-0001.jpeg,,sub_chest,IM-0230-0001.jpeg,ok,406x314 -> 1624x1256,4,1,112.6,36.0086,16.30111,4.037463,0.8742,0.9766,0.4566,8.4124,36.2874,15.287685,3.909947,0.8774,0.9784,0.4893,0.4893,0.4893,8.1492,124.5546,62.8858,124.5546,62.8858,0.0685,36.2874,0.8774,15.287685,3.909947,0.2788,0.0018,-0.0327,0.2633
/kaggle/input/datasets/duc24kdl/sub-x-ray/sub_X-Ray/sub_chest/IM-0231-0001.jpeg,,sub_chest,IM-0231-0001.jpeg,ok,412x359 -> 1648x1436,4,1,126.08,38.0506,10.186444,3.191621,0.9148,0.9841,0.454,8.8084,38.4424,9.307683,3.05085,0.9177,0.9854,0.4926,0.4926,0.4926,8.5894,132.5609,53.9269,132.5609,53.9269,0.0742,38.4424,0.9177,9.307683,3.05085,0.3918,0.0014,-0.0387,0.2191
/kaggle/input/datasets/duc24kdl/sub-x-ray/sub_X-Ray/sub_chest/IM-0234-0001.jpeg,,sub_chest,IM-0234-0001.jpeg,ok,387x268 -> 1548x1072,4,1,88.51,35.9218,16.630299,4.078026,0.8896,0.9797,0.4125,7.9904,36.428,14.800713,3.847169,0.8931,0.9815,0.4385,0.4385,0.4385,7.7089,104.1593,69.7926,104.1593,69.7926,0.0987,36.428,0.8931,14.800713,3.847169,0.5062,0.0018,-0.026,0.2815
/kaggle/input/datasets/duc24kdl/sub-x-ray/sub_X-Ray/sub_chest/IM-0235-0001.jpeg,,sub_chest,IM-0235-0001.jpeg,ok,454x375 -> 1816x1500,4,1,155.08,38.2595,9.707973,3.115762,0.9229,0.9852,0.3993,8.5115,38.7816,8.608356,2.934,0.9258,0.9866,0.4318,0.4318,0.4318,8.3877,115.3815,63.9037,115.3815,63.9037,0.1436,38.7816,0.9258,8.608356,2.934,0.5221,0.0014,-0.0325,0.1238
/kaggle/input/datasets/duc24kdl/sub-x-ray/sub_X-Ray/sub_chest/IM-0236-0001.jpeg,,sub_chest,IM-0236-0001.jpeg,ok,360x243 -> 1440x972,4,1,61.1,35.9945,16.354135,4.044025,0.8976,0.981,0.417,8.1138,36.5059,14.537375,3.812791,0.9016,0.9831,0.4457,0.4457,0.4457,7.8332,100.1656,65.3777,100.1656,65.3777,0.1485,36.5059,0.9016,14.537375,3.812791,0.5114,0.0021,-0.0287,0.2805
/kaggle/input/datasets/duc24kdl/sub-x-ray/sub_X-Ray/sub_chest/IM-0237-0001.jpeg,,sub_chest,IM-0237-0001.jpeg,ok,447x285 -> 1788x1140,4,1,114.43,36.6357,14.109323,3.756238,0.8938,0.9804,0.4212,8.3123,36.9477,13.131286,3.623712,0.8969,0.9821,0.4524,0.4524,0.4524,8.0644,110.0281,68.3074,110.0281,68.3074,0.0723,36.9477,0.8969,13.131286,3.623712,0.312,0.0016,-0.0312,0.2479
/kaggle/input/datasets/duc24kdl/sub-x-ray/sub_X-Ray/sub_chest/IM-0238-0001.jpeg,,sub_chest,IM-0238-0001.jpeg,ok,366x262 -> 1464x1048,4,1,82.81,35.4236,18.651854,4.318779,0.8708,0.9765,0.4629,8.5411,35.7953,17.122019,4.137876,0.875,0.9787,0.4908,0.4908,0.4908,8.1122,110.3073,57.6295,110.3073,57.6295,0.0832,35.7953,0.875,17.122019,4.137876,0.3717,0.0022,-0.0279,0.4289
/kaggle/input/datasets/duc24kdl/sub-x-ray/sub_X-Ray/sub_chest/IM-0239-0001.jpeg,,sub_chest,IM-0239-0001.jpeg,ok,422x328 -> 1688x1312,4,1,123.65,37.2801,12.163826,3.487668,0.9136,0.9838,0.379,8.5874,37.7708,10.864239,3.296094,0.9165,0.9853,0.4086,0.4086,0.4086,8.0956,92.9423,64.5853,92.9423,64.5853,0.1161,37.7708,0.9165,10.864239,3.296094,0.4907,0.0015,-0.0295,0.4918
/kaggle/input/datasets/duc24kdl/sub-x-ray/sub_X-Ray/sub_chest/IM-0240-0001.jpeg,,sub_chest,IM-0240-0001.jpeg,ok,486x427 -> 1944x1708,4,1,191.56,38.2112,9.816685,3.133159,0.9153,0.9839,0.4139,8.5302,38.5632,9.052388,3.008719,0.9181,0.9853,0.449,0.449,0.449,8.3824,120.326,62.3877,120.326,62.3877,0.0506,38.5632,0.9181,9.052388,3.008719,0.352,0.0013,-0.0352,0.1478
/kaggle/input/datasets/duc24kdl/sub-x-ray/sub_X-Ray/sub_chest/IM-0241-0001.jpeg,,sub_chest,IM-0241-0001.jpeg,ok,451x348 -> 1804x1392,4,1,145.61,37.4228,11.770528,3.43082,0.9027,0.9818,0.4289,8.6539,37.78,10.841327,3.292617,0.9058,0.9834,0.463,0.463,0.463,8.4096,119.7947,62.2122,119.7947,62.2122,0.0595,37.78,0.9058,10.841327,3.292617,0.3571,0.0016,-0.0341,0.2443
/kaggle/input/datasets/duc24kdl/sub-x-ray/sub_X-Ray/sub_chest/IM-0242-0001.jpeg,,sub_chest,IM-0242-0001.jpeg,ok,461x367 -> 1844x1468,4,1,157.59,38.4254,9.344131,3.056817,0.9254,0.9859,0.4382,8.7572,38.8144,8.5435,2.922927,0.9282,0.9871,0.4785,0.4785,0.4785,8.7177,133.3171,55.5475,133.3171,55.5475,0.069,38.8144,0.9282,8.5435,2.922927,0.389,0.0012,-0.0404,0.0396
/kaggle/input/datasets/duc24kdl/sub-x-ray/sub_X-Ray/sub_chest/IM-0243-0001.jpeg,,sub_chest,IM-0243-0001.jpeg,ok,484x419 -> 1936x1676,4,1,178.69,38.2019,9.83763,3.1365,0.9274,0.9865,0.417,8.9838,38.6577,8.857527,2.97616,0.93,0.9876,0.4551,0.4551,0.4551,8.7226,117.1479,65.8552,117.1479,65.8552,0.0947,38.6577,0.93,8.857527,2.97616,0.4558,0.0012,-0.0381,0.2612
/kaggle/input/datasets/duc24kdl/sub-x-ray/sub_X-Ray/sub_chest/IM-0244-0001.jpeg,,sub_chest,IM-0244-0001.jpeg,ok,338x256 -> 1352x1024,4,1,70.63,36.86,13.399138,3.660483,0.9091,0.9832,0.4012,8.3295,37.2789,12.16716,3.488146,0.912,0.9846,0.4375,0.4375,0.4375,7.9261,110.9828,63.8266,110.9828,63.8266,0.0816,37.2789,0.912,12.16716,3.488146,0.4189,0.0014,-0.0363,0.4034
/kaggle/input/datasets/duc24kdl/sub-x-ray/sub_X-Ray/sub_chest/IM-0245-0001.jpeg,,sub_chest,IM-0245-0001.jpeg,ok,431x370 -> 1724x1480,4,1,147.72,37.4045,11.820465,3.43809,0.9143,0.9841,0.4368,8.6781,37.8446,10.681213,3.268213,0.9173,0.9855,0.4746,0.4746,0.4746,8.3652,125.9429,57.4774,125.9429,57.4774,0.0605,37.8446,0.9173,10.681213,3.268213,0.4401,0.0014,-0.0378,0.3129
/kaggle/input/datasets/duc24kdl/sub-x-ray/sub_X-Ray/sub_chest/IM-0248-0001.jpeg,,sub_chest,IM-0248-0001.jpeg,ok,402x307 -> 1608x1228,4,1,109.4,33.2843,30.524943,5.524938,0.8797,0.9782,0.419,8.257,33.8258,26.94624,5.190977,0.8835,0.98,0.4398,0.4398,0.4398,7.8837,87.291,59.8967,87.291,59.8967,0.0952,33.8258,0.8835,26.94624,5.190977,0.5416,0.0018,-0.0208,0.3732
/kaggle/input/datasets/duc24kdl/sub-x-ray/sub_X-Ray/sub_chest/IM-0249-0001.jpeg,,sub_chest,IM-0249-0001.jpeg,ok,599x497 -> 2396x1988,4,1,279.91,38.4688,9.251165,3.041573,0.9201,0.985,0.3993,8.6466,38.842,8.489373,2.913653,0.9227,0.9862,0.4323,0.4323,0.4323,8.6313,118.5774,71.5815,118.5774,71.5815,0.0924,38.842,0.9227,8.489373,2.913653,0.3732,0.0012,-0.0329,0.0152
/kaggle/input/datasets/duc24kdl/sub-x-ray/sub_X-Ray/sub_chest/IM-0250-0001.jpeg,,sub_chest,IM-0250-0001.jpeg,ok,387x342 -> 1548x1368,4,1,121.76,36.2192,15.529744,3.94078,0.8669,0.9756,0.5114,8.7178,36.4932,14.579971,3.818373,0.8702,0.9774,0.5521,0.5521,0.5521,8.4348,126.064,53.1892,126.064,53.1892,0.0488,36.4932,0.8702,14.579971,3.818373,0.2741,0.0018,-0.0407,0.283
/kaggle/input/datasets/duc24kdl/sub-x-ray/sub_X-Ray/sub_chest/IM-0251-0001.jpeg,,sub_chest,IM-0251-0001.jpeg,ok,453x301 -> 1812x1204,4,1,123.46,38.1097,10.048814,3.169986,0.9238,0.9856,0.418,8.6984,38.4832,9.220668,3.036555,0.9266,0.9869,0.4578,0.4578,0.4578,8.5016,126.4089,62.1167,126.4089,62.1167,0.0654,38.4832,0.9266,9.220668,3.036555,0.3735,0.0013,-0.0397,0.1968
/kaggle/input/datasets/duc24kdl/sub-x-ray/sub_X-Ray/sub_chest/IM-0253-0001.jpeg,,sub_chest,IM-0253-0001.jpeg,ok,430x326 -> 1720x1304,4,1,125.68,37.5658,11.389346,3.374811,0.9093,0.9832,0.4091,8.4826,37.8895,10.571281,3.251351,0.912,0.9845,0.4442,0.4442,0.4442,8.3122,121.6838,68.6117,121.6838,68.6117,0.0649,37.8895,0.912,10.571281,3.251351,0.3237,0.0013,-0.035,0.1704
/kaggle/input/datasets/duc24kdl/sub-x-ray/sub_X-Ray/sub_chest/IM-0255-0001.jpeg,,sub_chest,IM-0255-0001.jpeg,ok,378x292 -> 1512x1168,4,1,95.32,36.5089,14.527426,3.811486,0.9016,0.9818,0.4154,8.4918,36.9921,12.997926,3.605264,0.9048,0.9834,0.4433,0.4433,0.4433,8.2604,105.9682,66.0672,105.9682,66.0672,0.0607,36.9921,0.9048,12.997926,3.605264,0.4831,0.0017,-0.0279,0.2315
/kaggle/input/datasets/duc24kdl/sub-x-ray/sub_X-Ray/sub_chest/IM-0256-0001.jpeg,,sub_chest,IM-0256-0001.jpeg,ok,390x271 -> 1560x1084,4,1,90.99,36.068,16.079634,4.009942,0.8923,0.9805,0.4042,8.2038,36.5188,14.494344,3.807144,0.8956,0.9822,0.4333,0.4333,0.4333,7.8708,102.7988,67.7038,102.7988,67.7038,0.0549,36.5188,0.8956,14.494344,3.807144,0.4508,0.0017,-0.0291,0.333
/kaggle/input/datasets/duc24kdl/sub-x-ray/sub_X-Ray/sub_chest/IM-0257-0001.jpeg,,sub_chest,IM-0257-0001.jpeg,ok,420x354 -> 1680x1416,4,1,131.45,38.3764,9.450215,3.07412,0.9275,0.9862,0.4,8.6209,38.8202,8.532106,2.920977,0.9304,0.9876,0.4314,0.4314,0.4314,8.4098,115.6631,62.759,115.6631,62.759,0.1065,38.8202,0.9304,8.532106,2.920977,0.4439,0.0014,-0.0313,0.2111
/kaggle/input/datasets/duc24kdl/sub-x-ray/sub_X-Ray/sub_chest/IM-0261-0001.jpeg,,sub_chest,IM-0261-0001.jpeg,ok,399x332 -> 1596x1328,4,1,120.62,37.7402,10.941066,3.307728,0.9136,0.9838,0.447,8.8544,38.1628,9.926594,3.15065,0.9167,0.9852,0.4831,0.4831,0.4831,8.6678,133.4451,57.4385,133.4451,57.4385,0.0938,38.1628,0.9167,9.926594,3.15065,0.4226,0.0014,-0.0361,0.1866
/kaggle/input/datasets/duc24kdl/sub-x-ray/sub_X-Ray/sub_chest/IM-0262-0001.jpeg,,sub_chest,IM-0262-0001.jpeg,ok,422x384 -> 1688x1536,4,1,147.26,37.2595,12.221556,3.495934,0.8968,0.9808,0.4678,8.7612,37.5915,11.322299,3.364862,0.8999,0.9825,0.5102,0.5102,0.5102,8.5303,135.1617,56.4878,135.1617,56.4878,0.098,37.5915,0.8999,11.322299,3.364862,0.3319,0.0016,-0.0424,0.231
/kaggle/input/datasets/duc24kdl/sub-x-ray/sub_X-Ray/sub_chest/IM-0264-0001.jpeg,,sub_chest,IM-0264-0001.jpeg,ok,452x386 -> 1808x1544,4,1,150.98,37.9051,10.533422,3.245523,0.9225,0.9856,0.3483,8.0166,38.3616,9.482445,3.079358,0.9248,0.9868,0.3767,0.3767,0.3767,7.733,98.6237,73.967,98.6237,73.967,0.0566,38.3616,0.9248,9.482445,3.079358,0.4565,0.0012,-0.0284,0.2836
/kaggle/input/datasets/duc24kdl/sub-x-ray/sub_X-Ray/sub_chest/IM-0265-0001.jpeg,,sub_chest,IM-0265-0001.jpeg,ok,404x277 -> 1616x1108,4,1,95.5,36.4489,14.729579,3.837913,0.9086,0.9828,0.3852,7.9505,36.9118,13.240498,3.638749,0.9124,0.9847,0.4107,0.4107,0.4107,7.7942,90.2626,64.1198,90.2626,64.1198,0.0973,36.9118,0.9124,13.240498,3.638749,0.4629,0.0019,-0.0254,0.1564
/kaggle/input/datasets/duc24kdl/sub-x-ray/sub_X-Ray/sub_chest/IM-0266-0001.jpeg,,sub_chest,IM-0266-0001.jpeg,ok,462x373 -> 1848x1492,4,1,155.59,37.3573,11.949492,3.456804,0.9087,0.9828,0.4107,8.4828,37.7738,10.856782,3.294963,0.9115,0.9842,0.4442,0.4442,0.4442,8.2557,113.7352,67.9074,113.7352,67.9074,0.0713,37.7738,0.9115,10.856782,3.294963,0.4165,0.0015,-0.0336,0.2271
/kaggle/input/datasets/duc24kdl/sub-x-ray/sub_X-Ray/sub_chest/IM-0268-0001.jpeg,,sub_chest,IM-0268-0001.jpeg,ok,405x339 -> 1620x1356,4,1,124.21,37.5916,11.321969,3.364813,0.9074,0.9822,0.4541,8.7322,37.942,10.444445,3.231787,0.9105,0.9838,0.4903,0.4903,0.4903,8.594,142.7461,59.8858,142.7461,59.8858,0.0556,37.942,0.9105,10.444445,3.231787,0.3504,0.0015,-0.0362,0.1382
/kaggle/input/datasets/duc24kdl/sub-x-ray/sub_X-Ray/sub_chest/IM-0269-0001.jpeg,,sub_chest,IM-0269-0001.jpeg,ok,500x446 -> 2000x1784,4,1,197.67,39.549,7.214122,2.685912,0.9518,0.9899,0.4091,9.1989,40.0201,6.472435,2.544098,0.9543,0.991,0.4515,0.4515,0.4515,8.9327,147.6906,56.1063,147.6906,56.1063,0.0904,40.0201,0.9543,6.472435,2.544098,0.4712,0.0011,-0.0423,0.2662
/kaggle/input/datasets/duc24kdl/sub-x-ray/sub_X-Ray/sub_chest/IM-0270-0001.jpeg,,sub_chest,IM-0270-0001.jpeg,ok,336x277 -> 1344x1108,4,1,66.27,35.9665,16.459851,4.057074,0.8702,0.9762,0.481,8.6409,36.2729,15.338612,3.916454,0.874,0.9782,0.5171,0.5171,0.5171,8.2328,122.948,55.298,122.948,55.298,0.0747,36.2729,0.874,15.338612,3.916454,0.3064,0.002,-0.0361,0.4081
/kaggle/input/datasets/duc24kdl/sub-x-ray/sub_X-Ray/sub_chest/IM-0272-0001.jpeg,,sub_chest,IM-0272-0001.jpeg,ok,395x288 -> 1580x1152,4,1,101.7,36.5676,14.332544,3.785835,0.9078,0.9822,0.4399,8.7661,36.8957,13.289491,3.645475,0.9111,0.9838,0.4789,0.4789,0.4789,8.468,130.304,55.7608,130.304,55.7608,0.0774,36.8957,0.9111,13.289491,3.645475,0.3281,0.0017,-0.039,0.2981
/kaggle/input/datasets/duc24kdl/sub-x-ray/sub_X-Ray/sub_chest/IM-0273-0001.jpeg,,sub_chest,IM-0273-0001.jpeg,ok,380x273 -> 1520x1092,4,1,83.92,35.6486,17.709981,4.208323,0.8645,0.9749,0.467,8.4324,35.9752,16.426924,4.053014,0.8683,0.977,0.4985,0.4985,0.4985,8.1306,114.003,57.4284,114.003,57.4284,0.0647,35.9752,0.8683,16.426924,4.053014,0.3266,0.0021,-0.0315,0.3018
/kaggle/input/datasets/duc24kdl/sub-x-ray/sub_X-Ray/sub_chest/IM-0274-0001.jpeg,,sub_chest,IM-0274-0001.jpeg,ok,426x362 -> 1704x1448,4,1,140.77,38.6608,8.8512,2.975097,0.9249,0.9859,0.4379,8.9396,39.0777,8.041079,2.83568,0.9275,0.9871,0.4793,0.4793,0.4793,8.8372,133.9785,55.3482,133.9785,55.3482,0.1245,39.0777,0.9275,8.041079,2.83568,0.4169,0.0012,-0.0413,0.1024
/kaggle/input/datasets/duc24kdl/sub-x-ray/sub_X-Ray/sub_chest/IM-0275-0001.jpeg,,sub_chest,IM-0275-0001.jpeg,ok,466x398 -> 1864x1592,4,1,171.21,38.5708,9.036587,3.006092,0.933,0.9871,0.3716,8.5789,39.063,8.068349,2.840484,0.9357,0.9883,0.4006,0.4006,0.4006,8.3937,105.9096,64.735,105.9096,64.735,0.0592,39.063,0.9357,8.068349,2.840484,0.4922,0.0012,-0.0291,0.1852
/kaggle/input/datasets/duc24kdl/sub-x-ray/sub_X-Ray/sub_chest/IM-0276-0001.jpeg,,sub_chest,IM-0276-0001.jpeg,ok,457x413 -> 1828x1652,4,1,174.62,37.9359,10.459078,3.23405,0.9103,0.9834,0.4489,8.8889,38.3769,9.449042,3.073929,0.9132,0.9847,0.4882,0.4882,0.4882,8.6475,139.3882,60.9788,139.3882,60.9788,0.1111,38.3769,0.9132,9.449042,3.073929,0.4411,0.0014,-0.0394,0.2413
/kaggle/input/datasets/duc24kdl/sub-x-ray/sub_X-Ray/sub_chest/IM-0277-0001.jpeg,,sub_chest,IM-0277-0001.jpeg,ok,402x336 -> 1608x1344,4,1,121.75,38.1263,10.010427,3.163926,0.9201,0.9849,0.4291,8.8279,38.525,9.132263,3.021963,0.923,0.9862,0.4719,0.4719,0.4719,8.6434,128.8875,60.7015,128.8875,60.7015,0.0988,38.525,0.923,9.132263,3.021963,0.3987,0.0013,-0.0428,0.1844
/kaggle/input/datasets/duc24kdl/sub-x-ray/sub_X-Ray/sub_chest/IM-0278-0001.jpeg,,sub_chest,IM-0278-0001.jpeg,ok,441x375 -> 1764x1500,4,1,151.78,37.4257,11.762764,3.429689,0.9149,0.9838,0.4236,8.7423,37.8252,10.729001,3.275515,0.9181,0.9853,0.4583,0.4583,0.4583,8.4357,130.0998,60.1716,130.0998,60.1716,0.0575,37.8252,0.9181,10.729001,3.275515,0.3995,0.0015,-0.0347,0.3066
/kaggle/input/datasets/duc24kdl/sub-x-ray/sub_X-Ray/sub_chest/IM-0279-0001.jpeg,,sub_chest,IM-0279-0001.jpeg,ok,404x280 -> 1616x1120,4,1,92.71,36.3863,14.943481,3.86568,0.9005,0.9817,0.4036,8.3774,36.8269,13.501764,3.674475,0.9038,0.9833,0.4346,0.4346,0.4346,8.1303,115.9347,70.9227,115.9347,70.9227,0.1088,36.8269,0.9038,13.501764,3.674475,0.4406,0.0016,-0.031,0.2471
/kaggle/input/datasets/duc24kdl/sub-x-ray/sub_X-Ray/sub_chest/IM-0280-0001.jpeg,,sub_chest,IM-0280-0001.jpeg,ok,432x305 -> 1728x1220,4,1,104.58,37.4853,11.602551,3.406252,0.9229,0.9854,0.3726,8.3517,38.026,10.244171,3.200652,0.9257,0.9867,0.4059,0.4059,0.4059,7.995,102.6704,64.8541,102.6704,64.8541,0.0791,38.026,0.9257,10.244171,3.200652,0.5408,0.0013,-0.0333,0.3567
/kaggle/input/datasets/duc24kdl/sub-x-ray/sub_X-Ray/sub_chest/IM-0282-0001.jpeg,,sub_chest,IM-0282-0001.jpeg,ok,397x343 -> 1588x1372,4,1,123.3,37.8057,10.777381,3.282892,0.9091,0.9829,0.4237,8.6173,38.1575,9.938624,3.152558,0.9121,0.9844,0.4599,0.4599,0.4599,8.4084,115.7326,59.1232,115.7326,59.1232,0.0891,38.1575,0.9121,9.938624,3.152558,0.3519,0.0015,-0.0362,0.2089
/kaggle/input/datasets/duc24kdl/sub-x-ray/sub_X-Ray/sub_chest/IM-0283-0001.jpeg,,sub_chest,IM-0283-0001.jpeg,ok,484x403 -> 1936x1612,4,1,171.85,38.7729,8.625561,2.936931,0.9289,0.9862,0.4044,8.6647,39.2169,7.787371,2.790586,0.9317,0.9875,0.4421,0.4421,0.4421,8.3558,110.1141,57.4791,110.1141,57.4791,0.1448,39.2169,0.9317,7.787371,2.790586,0.444,0.0013,-0.0377,0.3089
/kaggle/input/datasets/duc24kdl/sub-x-ray/sub_X-Ray/sub_chest/IM-0285-0001.jpeg,,sub_chest,IM-0285-0001.jpeg,ok,356x275 -> 1424x1100,4,1,77.15,35.7391,17.34489,4.16472,0.8653,0.9749,0.4694,8.5984,36.091,15.994875,3.999359,0.8691,0.977,0.5,0.5,0.5,8.3806,126.9331,60.5617,126.9331,60.5617,0.1074,36.091,0.8691,15.994875,3.999359,0.3519,0.0021,-0.0306,0.2178
/kaggle/input/datasets/duc24kdl/sub-x-ray/sub_X-Ray/sub_chest/IM-0286-0001.jpeg,,sub_chest,IM-0286-0001.jpeg,ok,495x451 -> 1980x1804,4,1,207.4,38.7602,8.650809,2.941226,0.9244,0.9858,0.4225,8.8706,39.0986,8.002416,2.828854,0.9272,0.987,0.4613,0.4613,0.4613,8.7058,126.2022,63.1927,126.2022,63.1927,0.0736,39.0986,0.9272,8.002416,2.828854,0.3384,0.0013,-0.0388,0.1648
/kaggle/input/datasets/duc24kdl/sub-x-ray/sub_X-Ray/sub_chest/IM-0288-0001.jpeg,,sub_chest,IM-0288-0001.jpeg,ok,359x285 -> 1436x1140,4,1,89.8,36.1806,15.668154,3.958302,0.8827,0.9781,0.4793,8.6215,36.5674,14.333163,3.785916,0.8862,0.9799,0.5148,0.5148,0.5148,8.3398,127.8208,56.2592,127.8208,56.2592,0.116,36.5674,0.8862,14.333163,3.785916,0.3868,0.0019,-0.0354,0.2818
/kaggle/input/datasets/duc24kdl/sub-x-ray/sub_X-Ray/sub_chest/IM-0289-0001.jpeg,,sub_chest,IM-0289-0001.jpeg,ok,570x516 -> 2280x2064,4,1,272.85,38.168,9.91479,3.148776,0.9085,0.9825,0.4348,8.7422,38.4782,9.231178,3.038285,0.9115,0.984,0.4741,0.4741,0.4741,8.4325,115.8419,62.837,115.8419,62.837,0.1057,38.4782,0.9115,9.231178,3.038285,0.3103,0.0015,-0.0393,0.3097
/kaggle/input/datasets/duc24kdl/sub-x-ray/sub_X-Ray/sub_chest/IM-0290-0001.jpeg,,sub_chest,IM-0290-0001.jpeg,ok,427x358 -> 1708x1432,4,1,139.29,37.2767,12.173451,3.489047,0.9109,0.9833,0.3817,8.3155,37.7833,10.833126,3.291372,0.914,0.9849,0.4079,0.4079,0.4079,7.9736,91.8499,67.3959,91.8499,67.3959,0.1326,37.7833,0.914,10.833126,3.291372,0.5066,0.0016,-0.0262,0.3419
/kaggle/input/datasets/duc24kdl/sub-x-ray/sub_X-Ray/sub_chest/IM-0291-0001.jpeg,,sub_chest,IM-0291-0001.jpeg,ok,379x251 -> 1516x1004,4,1,81.81,36.1577,15.750997,3.968753,0.8877,0.9794,0.4224,8.1839,36.5331,14.446711,3.800883,0.891,0.9812,0.4517,0.4517,0.4517,7.8999,106.8972,68.9672,106.8972,68.9672,0.0889,36.5331,0.891,14.446711,3.800883,0.3754,0.0018,-0.0293,0.284
/kaggle/input/datasets/duc24kdl/sub-x-ray/sub_X-Ray/sub_chest/IM-0292-0001.jpeg,,sub_chest,IM-0292-0001.jpeg,ok,464x375 -> 1856x1500,4,1,144.63,38.4772,9.233459,3.038661,0.9276,0.9861,0.4014,8.7453,38.9024,8.372212,2.893478,0.9304,0.9874,0.4366,0.4366,0.4366,8.4577,120.7866,61.5051,120.7866,61.5051,0.0758,38.9024,0.9304,8.372212,2.893478,0.4252,0.0013,-0.0351,0.2877
/kaggle/input/datasets/duc24kdl/sub-x-ray/sub_X-Ray/sub_chest/IM-0293-0001.jpeg,,sub_chest,IM-0293-0001.jpeg,ok,359x264 -> 1436x1056,4,1,80.5,36.766,13.692366,3.70032,0.903,0.9818,0.4469,8.8195,37.2219,12.328019,3.511128,0.906,0.9834,0.4893,0.4893,0.4893,8.404,115.0416,55.3983,115.0416,55.3983,0.1193,37.2219,0.906,12.328019,3.511128,0.4559,0.0016,-0.0424,0.4155
/kaggle/input/datasets/duc24kdl/sub-x-ray/sub_X-Ray/sub_chest/IM-0294-0001.jpeg,,sub_chest,IM-0294-0001.jpeg,ok,425x345 -> 1700x1380,4,1,134.77,37.7771,10.848574,3.293717,0.9156,0.9842,0.422,8.5862,38.2464,9.737279,3.120461,0.9187,0.9856,0.4568,0.4568,0.4568,8.533,134.6708,63.7154,134.6708,63.7154,0.0944,38.2464,0.9187,9.737279,3.120461,0.4694,0.0014,-0.0348,0.0531
/kaggle/input/datasets/duc24kdl/sub-x-ray/sub_X-Ray/sub_chest/IM-0295-0001.jpeg,,sub_chest,IM-0295-0001.jpeg,ok,457x377 -> 1828x1508,4,1,158.58,37.6836,11.084686,3.329367,0.9042,0.9817,0.4132,8.3454,37.9868,10.337225,3.215155,0.9071,0.9833,0.4475,0.4475,0.4475,8.344,108.0995,59.5082,108.0995,59.5082,0.0715,37.9868,0.9071,10.337225,3.215155,0.3032,0.0015,-0.0343,0.0014
/kaggle/input/datasets/duc24kdl/sub-x-ray/sub_X-Ray/sub_chest/IM-0297-0001.jpeg,,sub_chest,IM-0297-0001.jpeg,ok,427x353 -> 1708x1412,4,1,138.2,37.9217,10.49331,3.239338,0.9146,0.984,0.461,8.9512,38.3104,9.594993,3.097579,0.9172,0.9853,0.5022,0.5022,0.5022,8.7374,143.1182,60.9422,143.1182,60.9422,0.114,38.3104,0.9172,9.594993,3.097579,0.3887,0.0013,-0.0412,0.2137
/kaggle/input/datasets/duc24kdl/sub-x-ray/sub_X-Ray/sub_chest/IM-0298-0001.jpeg,,sub_chest,IM-0298-0001.jpeg,ok,426x371 -> 1704x1484,4,1,144.15,37.5597,11.405467,3.377198,0.8978,0.981,0.4647,8.9155,37.8695,10.62007,3.258845,0.9005,0.9824,0.507,0.507,0.507,8.7317,138.4261,55.9695,138.4261,55.9695,0.0686,37.8695,0.9005,10.62007,3.258845,0.3099,0.0014,-0.0423,0.1838
/kaggle/input/datasets/duc24kdl/sub-x-ray/sub_X-Ray/sub_chest/IM-0299-0001.jpeg,,sub_chest,IM-0299-0001.jpeg,ok,450x375 -> 1800x1500,4,1,153.79,37.0167,12.924474,3.595062,0.8869,0.9792,0.4863,8.8134,37.3439,11.986422,3.462141,0.8902,0.9809,0.5239,0.5239,0.5239,8.5694,132.4451,57.7751,132.4451,57.7751,0.092,37.3439,0.8902,11.986422,3.462141,0.3272,0.0017,-0.0376,0.2441
/kaggle/input/datasets/duc24kdl/sub-x-ray/sub_X-Ray/sub_chest/IM-0300-0001.jpeg,,sub_chest,IM-0300-0001.jpeg,ok,505x391 -> 2020x1564,4,1,180.65,37.9798,10.353713,3.217719,0.9218,0.985,0.3801,8.4889,38.4802,9.227097,3.037614,0.9248,0.9865,0.4123,0.4123,0.4123,8.2586,100.7527,69.2632,100.7527,69.2632,0.0931,38.4802,0.9248,9.227097,3.037614,0.5003,0.0015,-0.0322,0.2303
/kaggle/input/datasets/duc24kdl/sub-x-ray/sub_X-Ray/sub_chest/IM-0301-0001.jpeg,,sub_chest,IM-0301-0001.jpeg,ok,427x316 -> 1708x1264,4,1,124.28,37.0084,12.949104,3.598486,0.9056,0.9822,0.4115,8.428,37.4384,11.72836,3.424669,0.9087,0.9838,0.4441,0.4441,0.4441,8.1167,102.419,60.8107,102.419,60.8107,0.0694,37.4384,0.9087,11.72836,3.424669,0.43,0.0016,-0.0326,0.3112
/kaggle/input/datasets/duc24kdl/sub-x-ray/sub_X-Ray/sub_chest/IM-0302-0001.jpeg,,sub_chest,IM-0302-0001.jpeg,ok,357x282 -> 1428x1128,4,1,87.32,36.9455,13.137993,3.624637,0.9038,0.982,0.4623,8.8196,37.3285,12.028984,3.468283,0.907,0.9835,0.5018,0.5018,0.5018,8.5323,142.4568,55.6541,142.4568,55.6541,0.0531,37.3285,0.907,12.028984,3.468283,0.383,0.0015,-0.0395,0.2873
/kaggle/input/datasets/duc24kdl/sub-x-ray/sub_X-Ray/sub_chest/IM-0303-0001.jpeg,,sub_chest,IM-0303-0001.jpeg,ok,440x316 -> 1760x1264,4,1,110.58,35.9054,16.693067,4.085715,0.8793,0.9786,0.4209,7.9919,36.2876,15.287007,3.90986,0.8825,0.9803,0.4471,0.4471,0.4471,7.6094,99.3215,71.1281,99.3215,71.1281,0.0712,36.2876,0.8825,15.287007,3.90986,0.3821,0.0017,-0.0262,0.3825
/kaggle/input/datasets/duc24kdl/sub-x-ray/sub_X-Ray/sub_chest/IM-0304-0001.jpeg,,sub_chest,IM-0304-0001.jpeg,ok,368x244 -> 1472x976,4,1,63.73,35.1855,19.70309,4.438816,0.8561,0.9744,0.4592,8.3834,35.5377,18.168067,4.262402,0.8596,0.9764,0.4872,0.4872,0.4872,7.9255,99.3106,61.4929,99.3106,61.4929,0.1071,35.5377,0.8596,18.168067,4.262402,0.3523,0.002,-0.028,0.4579
/kaggle/input/datasets/duc24kdl/sub-x-ray/sub_X-Ray/sub_chest/IM-0305-0001.jpeg,,sub_chest,IM-0305-0001.jpeg,ok,326x274 -> 1304x1096,4,1,73.01,36.1704,15.705152,3.962973,0.882,0.9789,0.4918,8.9267,36.6031,14.215888,3.770396,0.8853,0.9806,0.5315,0.5315,0.5315,8.5926,120.8102,57.5007,120.8102,57.5007,0.1241,36.6031,0.8853,14.215888,3.770396,0.4327,0.0017,-0.0397,0.3341
/kaggle/input/datasets/duc24kdl/sub-x-ray/sub_X-Ray/sub_chest/IM-0306-0001.jpeg,,sub_chest,IM-0306-0001.jpeg,ok,345x260 -> 1380x1040,4,1,75.34,36.2129,15.552135,3.94362,0.8712,0.9774,0.5027,8.763,36.5143,14.509326,3.809111,0.8746,0.9791,0.5423,0.5423,0.5423,8.5865,129.2922,52.1228,129.2922,52.1228,0.0713,36.5143,0.8746,14.509326,3.809111,0.3014,0.0017,-0.0396,0.1765
/kaggle/input/datasets/duc24kdl/sub-x-ray/sub_X-Ray/sub_chest/IM-0307-0001.jpeg,,sub_chest,IM-0307-0001.jpeg,ok,441x389 -> 1764x1556,4,1,159.31,37.4599,11.670477,3.416208,0.8959,0.9815,0.4735,8.8441,37.7502,10.915951,3.30393,0.899,0.983,0.5113,0.5113,0.5113,8.6549,126.7134,61.9545,126.7134,61.9545,0.0603,37.7502,0.899,10.915951,3.30393,0.2903,0.0014,-0.0378,0.1891
/kaggle/input/datasets/duc24kdl/sub-x-ray/sub_X-Ray/sub_chest/IM-0308-0001.jpeg,,sub_chest,IM-0308-0001.jpeg,ok,413x342 -> 1652x1368,4,1,128.59,36.3828,14.955454,3.867228,0.8859,0.9794,0.487,8.7049,36.7995,13.587287,3.686094,0.8896,0.9812,0.5221,0.5221,0.5221,8.4425,126.8235,60.8989,126.8235,60.8989,0.0655,36.7995,0.8896,13.587287,3.686094,0.4167,0.0018,-0.0351,0.2624
/kaggle/input/datasets/duc24kdl/sub-x-ray/sub_X-Ray/sub_chest/IM-0309-0001.jpeg,,sub_chest,IM-0309-0001.jpeg,ok,536x451 -> 2144x1804,4,1,203.88,36.3984,14.901923,3.860301,0.8704,0.9763,0.4653,8.5311,36.7125,13.862015,3.723173,0.8738,0.9781,0.5034,0.5034,0.5034,8.2734,119.7681,60.4125,119.7681,60.4125,0.0702,36.7125,0.8738,13.862015,3.723173,0.3142,0.0017,-0.038,0.2578
/kaggle/input/datasets/duc24kdl/sub-x-ray/sub_X-Ray/sub_chest/IM-0311-0001.jpeg,,sub_chest,IM-0311-0001.jpeg,ok,317x221 -> 1268x884,4,1,55.38,35.3609,18.922905,4.350047,0.8631,0.9758,0.4732,8.3363,35.65,17.704385,4.207658,0.8668,0.9777,0.5079,0.5079,0.5079,7.9125,118.4584,64.7627,118.4584,64.7627,0.0666,35.65,0.8668,17.704385,4.207658,0.2891,0.0019,-0.0347,0.4237
/kaggle/input/datasets/duc24kdl/sub-x-ray/sub_X-Ray/sub_chest/IM-0312-0001.jpeg,,sub_chest,IM-0312-0001.jpeg,ok,377x273 -> 1508x1092,4,1,90.16,36.0,16.333695,4.041497,0.8784,0.978,0.4428,8.5337,36.3709,14.99649,3.87253,0.8813,0.9795,0.4774,0.4774,0.4774,8.3702,112.7843,62.6593,112.7843,62.6593,0.0757,36.3709,0.8813,14.99649,3.87253,0.3709,0.0016,-0.0346,0.1635
/kaggle/input/datasets/duc24kdl/sub-x-ray/sub_X-Ray/sub_chest/IM-0313-0001.jpeg,,sub_chest,IM-0313-0001.jpeg,ok,424x324 -> 1696x1296,4,1,109.35,36.6373,14.104395,3.755582,0.8864,0.9792,0.4682,8.6174,36.9759,13.046333,3.611971,0.8895,0.9809,0.5056,0.5056,0.5056,8.3241,108.0362,55.3257,108.0362,55.3257,0.0999,36.9759,0.8895,13.046333,3.611971,0.3387,0.0017,-0.0374,0.2933
/kaggle/input/datasets/duc24kdl/sub-x-ray/sub_X-Ray/sub_chest/IM-0314-0001.jpeg,,sub_chest,IM-0314-0001.jpeg,ok,253x211 -> 1012x844,4,1,40.36,33.5288,28.853932,5.371586,0.7899,0.9642,0.563,8.502,33.7425,27.468253,5.241016,0.7945,0.9667,0.599,0.599,0.599,8.0451,131.9022,57.8979,131.9022,57.8979,0.0903,33.7425,0.7945,27.468253,5.241016,0.2137,0.0025,-0.036,0.4569
/kaggle/input/datasets/duc24kdl/sub-x-ray/sub_X-Ray/sub_chest/IM-0315-0001.jpeg,,sub_chest,IM-0315-0001.jpeg,ok,317x239 -> 1268x956,4,1,60.97,34.9563,20.770483,4.557465,0.8245,0.9704,0.5505,8.7309,35.2103,19.590685,4.426137,0.8285,0.9725,0.5902,0.5902,0.5902,8.3126,138.0139,48.7999,138.0139,48.7999,0.0792,35.2103,0.8285,19.590685,4.426137,0.254,0.0022,-0.0397,0.4184
/kaggle/input/datasets/duc24kdl/sub-x-ray/sub_X-Ray/sub_chest/IM-0316-0001.jpeg,,sub_chest,IM-0316-0001.jpeg,ok,342x252 -> 1368x1008,4,1,70.58,35.9719,16.43966,4.054585,0.8758,0.9778,0.4915,8.822,36.4307,14.791395,3.845958,0.8797,0.9796,0.5294,0.5294,0.5294,8.5173,120.2332,51.51,120.2332,51.51,0.0822,36.4307,0.8797,14.791395,3.845958,0.4588,0.0018,-0.0379,0.3047
/kaggle/input/datasets/duc24kdl/sub-x-ray/sub_X-Ray/sub_chest/IM-0317-0001.jpeg,,sub_chest,IM-0317-0001.jpeg,ok,526x429 -> 2104x1716,4,1,204.86,36.7421,13.76791,3.710513,0.8838,0.9785,0.4341,8.5184,36.9763,13.045096,3.611799,0.887,0.9802,0.4669,0.4669,0.4669,8.278,116.2634,66.9058,116.2634,66.9058,0.0603,36.9763,0.887,13.045096,3.611799,0.2342,0.0017,-0.0328,0.2404
/kaggle/input/datasets/duc24kdl/sub-x-ray/sub_X-Ray/sub_chest/IM-0318-0001.jpeg,,sub_chest,IM-0318-0001.jpeg,ok,408x302 -> 1632x1208,4,1,94.97,35.9088,16.680039,4.08412,0.8732,0.9773,0.4844,8.6974,36.2694,15.351096,3.918048,0.8764,0.979,0.5251,0.5251,0.5251,8.5793,129.6755,60.2417,129.6755,60.2417,0.0377,36.2694,0.8764,15.351096,3.918048,0.3606,0.0017,-0.0407,0.1181
/kaggle/input/datasets/duc24kdl/sub-x-ray/sub_X-Ray/sub_chest/IM-0319-0001.jpeg,,sub_chest,IM-0319-0001.jpeg,ok,323x306 -> 1292x1224,4,1,86.36,36.3495,15.07064,3.882092,0.8837,0.979,0.496,8.5126,36.6873,13.942721,3.733995,0.8873,0.9808,0.5323,0.5323,0.5323,8.2351,124.5717,50.8884,124.5717,50.8884,0.1039,36.6873,0.8873,13.942721,3.733995,0.3378,0.0018,-0.0363,0.2775
/kaggle/input/datasets/duc24kdl/sub-x-ray/sub_X-Ray/sub_chest/IM-0320-0001.jpeg,,sub_chest,IM-0320-0001.jpeg,ok,425x317 -> 1700x1268,4,1,122.5,36.2398,15.456227,3.931441,0.8783,0.9778,0.4665,8.6556,36.6208,14.157955,3.762706,0.8815,0.9796,0.5024,0.5024,0.5024,8.3177,112.4478,62.6712,112.4478,62.6712,0.1086,36.6208,0.8815,14.157955,3.762706,0.381,0.0017,-0.0359,0.3379
/kaggle/input/datasets/duc24kdl/sub-x-ray/sub_X-Ray/sub_chest/IM-0323-0001.jpeg,,sub_chest,IM-0323-0001.jpeg,ok,456x357 -> 1824x1428,4,1,136.14,36.5075,14.532229,3.812116,0.8791,0.9782,0.4881,8.8797,36.8735,13.357573,3.654801,0.8822,0.9798,0.5306,0.5306,0.5306,8.5829,131.7404,55.4119,131.7404,55.4119,0.0645,36.8735,0.8822,13.357573,3.654801,0.366,0.0016,-0.0425,0.2968
/kaggle/input/datasets/duc24kdl/sub-x-ray/sub_X-Ray/sub_chest/IM-0324-0001.jpeg,,sub_chest,IM-0324-0001.jpeg,ok,299x232 -> 1196x928,4,1,55.84,37.0003,12.973317,3.601849,0.8991,0.9815,0.4407,8.5802,37.4403,11.723182,3.423913,0.9026,0.9831,0.4816,0.4816,0.4816,8.1971,117.6027,56.8351,117.6027,56.8351,0.1216,37.4403,0.9026,11.723182,3.423913,0.4401,0.0016,-0.0409,0.383
/kaggle/input/datasets/duc24kdl/sub-x-ray/sub_X-Ray/sub_chest/IM-0325-0001.jpeg,,sub_chest,IM-0325-0001.jpeg,ok,376x293 -> 1504x1172,4,1,84.09,36.2943,15.263256,3.906822,0.886,0.9796,0.4576,8.6733,36.76,13.711283,3.702875,0.8897,0.9813,0.4906,0.4906,0.4906,8.3711,118.8526,65.2095,118.8526,65.2095,0.1156,36.76,0.8897,13.711283,3.702875,0.4657,0.0018,-0.033,0.3023
/kaggle/input/datasets/duc24kdl/sub-x-ray/sub_X-Ray/sub_chest/IM-0326-0001.jpeg,,sub_chest,IM-0326-0001.jpeg,ok,380x326 -> 1520x1304,4,1,102.83,34.7575,21.743398,4.662982,0.8408,0.9717,0.53,8.7426,35.1026,20.082562,4.481357,0.8446,0.9738,0.5676,0.5676,0.5676,8.4326,119.4606,53.1919,119.4606,53.1919,0.1058,35.1026,0.8446,20.082562,4.481357,0.3451,0.0021,-0.0376,0.31
/kaggle/input/datasets/duc24kdl/sub-x-ray/sub_X-Ray/sub_chest/IM-0327-0001.jpeg,,sub_chest,IM-0327-0001.jpeg,ok,452x376 -> 1808x1504,4,1,145.85,36.1971,15.60873,3.950789,0.873,0.9766,0.4896,8.8305,36.566,14.337695,3.786515,0.8765,0.9784,0.5277,0.5277,0.5277,8.5465,127.3011,55.7458,127.3011,55.7458,0.0676,36.566,0.8765,14.337695,3.786515,0.3689,0.0018,-0.0381,0.284
/kaggle/input/datasets/duc24kdl/sub-x-ray/sub_X-Ray/sub_chest/IM-0329-0001.jpeg,,sub_chest,IM-0329-0001.jpeg,ok,299x243 -> 1196x972,4,1,57.62,34.7121,21.971941,4.687424,0.8404,0.9721,0.5218,8.6859,34.968,20.714837,4.551355,0.8445,0.9743,0.5611,0.5611,0.5611,8.3388,127.1483,47.6566,127.1483,47.6566,0.0828,34.968,0.8445,20.714837,4.551355,0.2559,0.0022,-0.0393,0.3472
/kaggle/input/datasets/duc24kdl/sub-x-ray/sub_X-Ray/sub_chest/IM-0330-0001.jpeg,,sub_chest,IM-0330-0001.jpeg,ok,355x297 -> 1420x1188,4,1,94.27,36.4393,14.762092,3.842147,0.8849,0.9791,0.4629,8.4733,36.8065,13.565195,3.683096,0.8887,0.9809,0.4943,0.4943,0.4943,8.2506,129.1641,60.5781,129.1641,60.5781,0.066,36.8065,0.8887,13.565195,3.683096,0.3672,0.0018,-0.0314,0.2227
/kaggle/input/datasets/duc24kdl/sub-x-ray/sub_X-Ray/sub_chest/IM-0331-0001.jpeg,,sub_chest,IM-0331-0001.jpeg,ok,340x335 -> 1360x1340,4,1,93.31,36.3452,15.085461,3.884001,0.8848,0.9795,0.4635,8.3676,36.7446,13.760148,3.709467,0.8887,0.9814,0.4885,0.4885,0.4885,8.1699,130.7665,72.4206,130.7665,72.4206,0.1223,36.7446,0.8887,13.760148,3.709467,0.3994,0.0019,-0.025,0.1977
/kaggle/input/datasets/duc24kdl/sub-x-ray/sub_X-Ray/sub_chest/IM-0332-0001.jpeg,,sub_chest,IM-0332-0001.jpeg,ok,378x300 -> 1512x1200,4,1,99.11,35.8728,16.818897,4.101085,0.8702,0.9767,0.4887,8.6787,36.2126,15.553237,3.943759,0.8738,0.9786,0.5251,0.5251,0.5251,8.4121,128.4449,55.3963,128.4449,55.3963,0.1182,36.2126,0.8738,15.553237,3.943759,0.3398,0.0019,-0.0364,0.2666
/kaggle/input/datasets/duc24kdl/sub-x-ray/sub_X-Ray/sub_chest/IM-0333-0001.jpeg,,sub_chest,IM-0333-0001.jpeg,ok,278x210 -> 1112x840,4,1,44.38,37.5399,11.457453,3.384886,0.9277,0.9864,0.4483,9.0917,37.8884,10.574109,3.251785,0.9302,0.9876,0.4901,0.4901,0.4901,8.804,117.3287,52.449,117.3287,52.449,0.0972,37.8884,0.9302,10.574109,3.251785,0.3484,0.0013,-0.0418,0.2878
/kaggle/input/datasets/duc24kdl/sub-x-ray/sub_X-Ray/sub_chest/IM-0335-0001.jpeg,,sub_chest,IM-0335-0001.jpeg,ok,634x474 -> 2536x1896,4,1,273.67,37.4607,11.668266,3.415884,0.9009,0.9818,0.3739,8.0522,37.7461,10.926351,3.305503,0.9037,0.9833,0.4048,0.4048,0.4048,7.7658,99.2915,74.3713,99.2915,74.3713,0.0666,37.7461,0.9037,10.926351,3.305503,0.2853,0.0014,-0.0309,0.2865
/kaggle/input/datasets/duc24kdl/sub-x-ray/sub_X-Ray/sub_chest/IM-0337-0001.jpeg,,sub_chest,IM-0337-0001.jpeg,ok,396x309 -> 1584x1236,4,1,102.25,37.0331,12.875616,3.588261,0.894,0.9808,0.4696,8.9119,37.3657,11.926513,3.453478,0.8971,0.9822,0.5105,0.5105,0.5105,8.6545,127.935,60.1955,127.935,60.1955,0.0594,37.3657,0.8971,11.926513,3.453478,0.3325,0.0015,-0.0409,0.2574
/kaggle/input/datasets/duc24kdl/sub-x-ray/sub_X-Ray/sub_chest/IM-0338-0001.jpeg,,sub_chest,IM-0338-0001.jpeg,ok,436x348 -> 1744x1392,4,1,131.03,36.9482,13.129852,3.623514,0.8997,0.982,0.4317,8.6003,37.3312,12.021656,3.467226,0.9025,0.9834,0.4675,0.4675,0.4675,8.3222,102.5527,61.4019,102.5527,61.4019,0.0543,37.3312,0.9025,12.021656,3.467226,0.383,0.0014,-0.0358,0.2781
/kaggle/input/datasets/duc24kdl/sub-x-ray/sub_X-Ray/sub_chest/IM-0339-0001.jpeg,,sub_chest,IM-0339-0001.jpeg,ok,448x405 -> 1792x1620,4,1,150.38,37.2015,12.385924,3.519364,0.8979,0.982,0.4642,8.8307,37.563,11.396625,3.375889,0.9012,0.9835,0.501,0.501,0.501,8.7112,128.1295,58.6244,128.1295,58.6244,0.0506,37.563,0.9012,11.396625,3.375889,0.3615,0.0015,-0.0368,0.1195
/kaggle/input/datasets/duc24kdl/sub-x-ray/sub_X-Ray/sub_chest/IM-0340-0001.jpeg,,sub_chest,IM-0340-0001.jpeg,ok,460x370 -> 1840x1480,4,1,147.12,35.9532,16.510611,4.063325,0.8839,0.979,0.4487,8.4931,36.2895,15.280319,3.909005,0.8869,0.9805,0.4808,0.4808,0.4808,8.2549,118.9735,68.0476,118.9735,68.0476,0.1053,36.2895,0.8869,15.280319,3.909005,0.3363,0.0016,-0.0321,0.2382
/kaggle/input/datasets/duc24kdl/sub-x-ray/sub_X-Ray/sub_chest/IM-0341-0001.jpeg,,sub_chest,IM-0341-0001.jpeg,ok,413x341 -> 1652x1364,4,1,127.88,36.242,15.448314,3.930434,0.8734,0.9769,0.469,8.6868,36.5685,14.329536,3.785437,0.8765,0.9785,0.5082,0.5082,0.5082,8.5142,123.2477,58.0311,123.2477,58.0311,0.0716,36.5685,0.8765,14.329536,3.785437,0.3265,0.0017,-0.0392,0.1726
/kaggle/input/datasets/duc24kdl/sub-x-ray/sub_X-Ray/sub_chest/IM-0343-0001.jpeg,,sub_chest,IM-0343-0001.jpeg,ok,397x304 -> 1588x1216,4,1,108.91,37.2272,12.313008,3.50899,0.8969,0.9807,0.4499,8.6036,37.6027,11.292922,3.360494,0.9004,0.9824,0.4845,0.4845,0.4845,8.3479,118.1698,56.4583,118.1698,56.4583,0.1034,37.6027,0.9004,11.292922,3.360494,0.3756,0.0017,-0.0346,0.2557
/kaggle/input/datasets/duc24kdl/sub-x-ray/sub_X-Ray/sub_chest/IM-0345-0001.jpeg,,sub_chest,IM-0345-0001.jpeg,ok,327x267 -> 1308x1068,4,1,74.37,36.366,15.013455,3.87472,0.8854,0.979,0.4694,8.7129,36.7805,13.646698,3.694144,0.8894,0.9808,0.5053,0.5053,0.5053,8.3904,134.7017,52.6803,134.7017,52.6803,0.0777,36.7805,0.8894,13.646698,3.694144,0.4145,0.0019,-0.0359,0.3225
/kaggle/input/datasets/duc24kdl/sub-x-ray/sub_X-Ray/sub_chest/IM-0346-0001.jpeg,,sub_chest,IM-0346-0001.jpeg,ok,398x352 -> 1592x1408,4,1,123.39,36.2094,15.564825,3.945228,0.8879,0.98,0.4573,8.5475,36.5788,14.295671,3.780962,0.8909,0.9815,0.4896,0.4896,0.4896,8.2496,114.87,62.8056,114.87,62.8056,0.0948,36.5788,0.8909,14.295671,3.780962,0.3694,0.0015,-0.0323,0.2979
/kaggle/input/datasets/duc24kdl/sub-x-ray/sub_X-Ray/sub_chest/IM-0347-0001.jpeg,,sub_chest,IM-0347-0001.jpeg,ok,409x292 -> 1636x1168,4,1,107.08,36.7226,13.829789,3.718842,0.8958,0.981,0.4353,8.4201,37.1293,12.593742,3.548766,0.8989,0.9826,0.4712,0.4712,0.4712,8.2529,103.4995,59.1032,103.4995,59.1032,0.0736,37.1293,0.8989,12.593742,3.548766,0.4066,0.0016,-0.0359,0.1672
/kaggle/input/datasets/duc24kdl/sub-x-ray/sub_X-Ray/sub_chest/IM-0348-0001.jpeg,,sub_chest,IM-0348-0001.jpeg,ok,347x265 -> 1388x1060,4,1,76.9,34.6282,22.400562,4.732923,0.8322,0.97,0.5198,8.5674,34.9288,20.902373,4.571911,0.836,0.9721,0.5529,0.5529,0.5529,8.3451,133.1234,58.5782,133.1234,58.5782,0.0905,34.9288,0.836,20.902373,4.571911,0.3006,0.0022,-0.0331,0.2223
/kaggle/input/datasets/duc24kdl/sub-x-ray/sub_X-Ray/sub_chest/IM-0349-0001.jpeg,,sub_chest,IM-0349-0001.jpeg,ok,398x332 -> 1592x1328,4,1,115.78,36.0487,16.151459,4.018888,0.8708,0.9766,0.4675,8.497,36.368,15.006473,3.873819,0.8743,0.9785,0.4993,0.4993,0.4993,8.2551,125.0733,66.672,125.0733,66.672,0.069,36.368,0.8743,15.006473,3.873819,0.3193,0.0018,-0.0318,0.2419
/kaggle/input/datasets/duc24kdl/sub-x-ray/sub_X-Ray/sub_chest/IM-0350-0001.jpeg,,sub_chest,IM-0350-0001.jpeg,ok,348x249 -> 1392x996,4,1,65.82,35.2925,19.223436,4.384454,0.8823,0.979,0.4299,8.3348,35.8255,17.003304,4.123506,0.8863,0.9811,0.4489,0.4489,0.4489,8.0238,119.85,76.9209,119.85,76.9209,0.1055,35.8255,0.8863,17.003304,4.123506,0.533,0.0021,-0.019,0.311
/kaggle/input/datasets/duc24kdl/sub-x-ray/sub_X-Ray/sub_chest/IM-0351-0001.jpeg,,sub_chest,IM-0351-0001.jpeg,ok,443x397 -> 1772x1588,4,1,161.38,36.2915,15.273213,3.908096,0.8743,0.9772,0.4859,8.7796,36.6161,14.173368,3.764753,0.8776,0.9789,0.5225,0.5225,0.5225,8.4901,121.5365,61.8683,121.5365,61.8683,0.0577,36.6161,0.8776,14.173368,3.764753,0.3246,0.0017,-0.0366,0.2895
/kaggle/input/datasets/duc24kdl/sub-x-ray/sub_X-Ray/sub_chest/IM-0353-0001.jpeg,,sub_chest,IM-0353-0001.jpeg,ok,405x287 -> 1620x1148,4,1,102.33,36.4879,14.597914,3.820722,0.8932,0.9802,0.4468,8.6398,36.9442,13.142081,3.625201,0.8969,0.9818,0.4759,0.4759,0.4759,8.3455,111.2168,60.7328,111.2168,60.7328,0.0451,36.9442,0.8969,13.142081,3.625201,0.4563,0.0017,-0.029,0.2943
/kaggle/input/datasets/duc24kdl/sub-x-ray/sub_X-Ray/sub_chest/IM-0354-0001.jpeg,,sub_chest,IM-0354-0001.jpeg,ok,384x246 -> 1536x984,4,1,67.14,35.5492,18.120172,4.25678,0.874,0.9774,0.4314,7.9724,36.0203,16.257403,4.032047,0.8775,0.9792,0.4599,0.4599,0.4599,7.8393,113.0465,72.5833,113.0465,72.5833,0.0918,36.0203,0.8775,16.257403,4.032047,0.4711,0.0018,-0.0285,0.1331
/kaggle/input/datasets/duc24kdl/sub-x-ray/sub_X-Ray/sub_chest/IM-0355-0001.jpeg,,sub_chest,IM-0355-0001.jpeg,ok,343x277 -> 1372x1108,4,1,82.12,37.0602,12.795514,3.577082,0.9016,0.9822,0.4623,8.7309,37.4302,11.750711,3.427931,0.9046,0.9836,0.5052,0.5052,0.5052,8.5392,122.8783,54.2751,122.8783,54.2751,0.103,37.4302,0.9046,11.750711,3.427931,0.3699,0.0014,-0.0429,0.1918
/kaggle/input/datasets/duc24kdl/sub-x-ray/sub_X-Ray/sub_chest/IM-0356-0001.jpeg,,sub_chest,IM-0356-0001.jpeg,ok,325x243 -> 1300x972,4,1,65.47,36.2131,15.551451,3.943533,0.8897,0.98,0.4609,8.4993,36.6897,13.935022,3.732964,0.8931,0.9817,0.4979,0.4979,0.4979,8.2115,103.8384,50.936,103.8384,50.936,0.1279,36.6897,0.8931,13.935022,3.732964,0.4766,0.0017,-0.037,0.2878
/kaggle/input/datasets/duc24kdl/sub-x-ray/sub_X-Ray/sub_chest/IM-0357-0001.jpeg,,sub_chest,IM-0357-0001.jpeg,ok,516x487 -> 2064x1948,4,1,220.32,36.4989,14.560989,3.815886,0.8847,0.9786,0.455,8.5847,36.8352,13.476069,3.670977,0.8883,0.9805,0.4909,0.4909,0.4909,8.3573,121.8937,62.1019,121.8937,62.1019,0.0602,36.8352,0.8883,13.476069,3.670977,0.3363,0.0018,-0.0359,0.2275
/kaggle/input/datasets/duc24kdl/sub-x-ray/sub_X-Ray/sub_chest/IM-0358-0001.jpeg,,sub_chest,IM-0358-0001.jpeg,ok,411x324 -> 1644x1296,4,1,119.94,36.4781,14.63093,3.82504,0.8964,0.9811,0.4455,8.6555,36.937,13.163709,3.628183,0.8998,0.9828,0.4848,0.4848,0.4848,8.3417,109.8869,58.6383,109.8869,58.6383,0.0688,36.937,0.8998,13.163709,3.628183,0.4589,0.0016,-0.0392,0.3138
/kaggle/input/datasets/duc24kdl/sub-x-ray/sub_X-Ray/sub_chest/IM-0359-0001.jpeg,,sub_chest,IM-0359-0001.jpeg,ok,408x318 -> 1632x1272,4,1,102.75,36.7357,13.788238,3.713252,0.8931,0.9805,0.4551,8.812,37.1325,12.584205,3.547422,0.8964,0.9821,0.4897,0.4897,0.4897,8.4843,118.2796,64.156,118.2796,64.156,0.0336,37.1325,0.8964,12.584205,3.547422,0.3968,0.0016,-0.0346,0.3277
/kaggle/input/datasets/duc24kdl/sub-x-ray/sub_X-Ray/sub_chest/IM-0361-0001.jpeg,,sub_chest,IM-0361-0001.jpeg,ok,392x289 -> 1568x1156,4,1,87.5,36.571,14.321374,3.784359,0.888,0.9795,0.461,8.5879,36.9207,13.213207,3.634998,0.8917,0.9813,0.4947,0.4947,0.4947,8.2218,121.4927,65.5445,121.4927,65.5445,0.0838,36.9207,0.8917,13.213207,3.634998,0.3498,0.0018,-0.0337,0.3661
/kaggle/input/datasets/duc24kdl/sub-x-ray/sub_X-Ray/sub_chest/IM-0362-0001.jpeg,,sub_chest,IM-0362-0001.jpeg,ok,395x295 -> 1580x1180,4,1,102.72,35.7565,17.275383,4.156367,0.8744,0.9775,0.4771,8.7316,36.1585,15.748012,3.968376,0.8776,0.9792,0.5119,0.5119,0.5119,8.309,125.5221,61.5904,125.5221,61.5904,0.0605,36.1585,0.8776,15.748012,3.968376,0.402,0.0017,-0.0348,0.4225
/kaggle/input/datasets/duc24kdl/sub-x-ray/sub_X-Ray/sub_chest/IM-0363-0001.jpeg,,sub_chest,IM-0363-0001.jpeg,ok,395x350 -> 1580x1400,4,1,123.41,36.7386,13.778986,3.712006,0.8922,0.9803,0.4262,8.4562,37.1815,12.443076,3.527474,0.8953,0.9818,0.4573,0.4573,0.4573,8.1424,108.295,65.4531,108.295,65.4531,0.1187,37.1815,0.8953,12.443076,3.527474,0.4429,0.0016,-0.0312,0.3138
/kaggle/input/datasets/duc24kdl/sub-x-ray/sub_X-Ray/sub_chest/IM-0364-0001.jpeg,,sub_chest,IM-0364-0001.jpeg,ok,349x250 -> 1396x1000,4,1,73.46,35.4535,18.523852,4.303934,0.8685,0.9767,0.4612,8.4951,35.8756,16.808127,4.099772,0.8721,0.9785,0.4898,0.4898,0.4898,8.3201,118.4527,64.8208,118.4527,64.8208,0.074,35.8756,0.8721,16.808127,4.099772,0.4221,0.0018,-0.0286,0.175
/kaggle/input/datasets/duc24kdl/sub-x-ray/sub_X-Ray/sub_chest/IM-0365-0001.jpeg,,sub_chest,IM-0365-0001.jpeg,ok,400x307 -> 1600x1228,4,1,96.72,36.4931,14.580289,3.818414,0.8812,0.9786,0.473,8.8871,36.8125,13.546597,3.68057,0.884,0.9802,0.5123,0.5123,0.5123,8.5188,116.2935,59.2164,116.2935,59.2164,0.0925,36.8125,0.884,13.546597,3.68057,0.3194,0.0015,-0.0393,0.3683
/kaggle/input/datasets/duc24kdl/sub-x-ray/sub_X-Ray/sub_chest/IM-0367-0001.jpeg,,sub_chest,IM-0367-0001.jpeg,ok,368x292 -> 1472x1168,4,1,81.23,36.2517,15.413735,3.926033,0.8847,0.9793,0.4275,8.3081,36.6394,14.097308,3.754638,0.8881,0.9809,0.4596,0.4596,0.4596,8.0425,121.0767,67.8132,121.0767,67.8132,0.0905,36.6394,0.8881,14.097308,3.754638,0.3877,0.0017,-0.0322,0.2655
/kaggle/input/datasets/duc24kdl/sub-x-ray/sub_X-Ray/sub_chest/IM-0368-0001.jpeg,,sub_chest,IM-0368-0001.jpeg,ok,356x291 -> 1424x1164,4,1,83.66,35.9091,16.679032,4.083997,0.8672,0.9763,0.4953,8.69,36.2711,15.345072,3.917279,0.8709,0.9782,0.5297,0.5297,0.5297,8.3936,122.8991,57.5629,122.8991,57.5629,0.0812,36.2711,0.8709,15.345072,3.917279,0.362,0.0019,-0.0344,0.2964
/kaggle/input/datasets/duc24kdl/sub-x-ray/sub_X-Ray/sub_chest/IM-0369-0001.jpeg,,sub_chest,IM-0369-0001.jpeg,ok,349x256 -> 1396x1024,4,1,74.86,36.1496,15.780452,3.972462,0.8819,0.9787,0.4772,8.5572,36.5522,14.383475,3.792555,0.8854,0.9804,0.5168,0.5168,0.5168,8.3065,135.1049,57.6566,135.1049,57.6566,0.1074,36.5522,0.8854,14.383475,3.792555,0.4026,0.0017,-0.0395,0.2507
/kaggle/input/datasets/duc24kdl/sub-x-ray/sub_X-Ray/sub_chest/IM-0370-0001.jpeg,,sub_chest,IM-0370-0001.jpeg,ok,278x208 -> 1112x832,4,1,46.74,33.5385,28.789402,5.365576,0.8057,0.9668,0.5438,8.5758,33.7606,27.354137,5.230118,0.8102,0.9692,0.5835,0.5835,0.5835,8.0151,125.1696,54.8342,125.1696,54.8342,0.0717,33.7606,0.8102,27.354137,5.230118,0.2221,0.0024,-0.0397,0.5608
/kaggle/input/datasets/duc24kdl/sub-x-ray/sub_X-Ray/sub_chest/IM-0371-0001.jpeg,,sub_chest,IM-0371-0001.jpeg,ok,506x509 -> 2024x2036,4,1,236.35,37.3428,11.989523,3.462589,0.8901,0.9802,0.4862,8.8241,37.6885,11.07214,3.327483,0.8936,0.9819,0.5263,0.5263,0.5263,8.7462,138.9602,60.5975,138.9602,60.5975,0.0869,37.6885,0.8936,11.07214,3.327483,0.3457,0.0017,-0.0401,0.0779
/kaggle/input/datasets/duc24kdl/sub-x-ray/sub_X-Ray/sub_chest/IM-0372-0001.jpeg,,sub_chest,IM-0372-0001.jpeg,ok,447x413 -> 1788x1652,4,1,171.88,36.8224,13.515739,3.676376,0.8895,0.98,0.4708,8.7642,37.1416,12.557957,3.543721,0.8925,0.9815,0.5123,0.5123,0.5123,8.6351,129.7052,56.4795,129.7052,56.4795,0.116,37.1416,0.8925,12.557957,3.543721,0.3192,0.0015,-0.0416,0.1291
/kaggle/input/datasets/duc24kdl/sub-x-ray/sub_X-Ray/sub_chest/IM-0374-0001.jpeg,,sub_chest,IM-0374-0001.jpeg,ok,436x350 -> 1744x1400,4,1,134.96,36.7995,13.587229,3.686086,0.8888,0.9798,0.4761,8.7291,37.103,12.670098,3.559508,0.892,0.9813,0.5116,0.5116,0.5116,8.502,153.7658,66.3067,153.7658,66.3067,0.0742,37.103,0.892,12.670098,3.559508,0.3035,0.0016,-0.0355,0.2271
/kaggle/input/datasets/duc24kdl/sub-x-ray/sub_X-Ray/sub_chest/IM-0375-0001.jpeg,,sub_chest,IM-0375-0001.jpeg,ok,454x406 -> 1816x1624,4,1,168.77,36.61,14.193362,3.767408,0.8883,0.9796,0.4477,8.5648,37.0321,12.878778,3.588701,0.892,0.9814,0.4848,0.4848,0.4848,8.4071,113.1355,59.8485,113.1355,59.8485,0.0766,37.0321,0.892,12.878778,3.588701,0.4221,0.0018,-0.0371,0.1577
/kaggle/input/datasets/duc24kdl/sub-x-ray/sub_X-Ray/sub_chest/IM-0377-0001.jpeg,,sub_chest,IM-0377-0001.jpeg,ok,359x276 -> 1436x1104,4,1,86.31,34.9478,20.811417,4.561953,0.8448,0.9727,0.5169,8.5128,35.236,19.475132,4.413064,0.8482,0.9746,0.5525,0.5525,0.5525,8.207,135.3907,59.159,135.3907,59.159,0.0963,35.236,0.8482,19.475132,4.413064,0.2882,0.0019,-0.0356,0.3059
/kaggle/input/datasets/duc24kdl/sub-x-ray/sub_X-Ray/sub_chest/IM-0379-0001.jpeg,,sub_chest,IM-0379-0001.jpeg,ok,431x348 -> 1724x1392,4,1,138.24,37.2835,12.154246,3.486294,0.8998,0.9822,0.4526,8.6177,37.58,11.35211,3.369289,0.9028,0.9837,0.4882,0.4882,0.4882,8.4362,115.0559,60.0764,115.0559,60.0764,0.0549,37.58,0.9028,11.35211,3.369289,0.2965,0.0014,-0.0356,0.1815
/kaggle/input/datasets/duc24kdl/sub-x-ray/sub_X-Ray/sub_chest/IM-0381-0001.jpeg,,sub_chest,IM-0381-0001.jpeg,ok,436x347 -> 1744x1388,4,1,134.15,37.2552,12.233655,3.497664,0.8967,0.9816,0.4572,8.6151,37.6257,11.233469,3.351637,0.8998,0.9831,0.4941,0.4941,0.4941,8.3699,119.0738,60.2098,119.0738,60.2098,0.1122,37.6257,0.8998,11.233469,3.351637,0.3704,0.0015,-0.0369,0.2453
/kaggle/input/datasets/duc24kdl/sub-x-ray/sub_X-Ray/sub_chest/IM-0382-0001.jpeg,,sub_chest,IM-0382-0001.jpeg,ok,368x306 -> 1472x1224,4,1,86.52,35.1549,19.84231,4.454471,0.8405,0.9718,0.4839,8.5644,35.4271,18.636587,4.317011,0.8445,0.974,0.5107,0.5107,0.5107,8.1747,106.0722,59.3164,106.0722,59.3164,0.0709,35.4271,0.8445,18.636587,4.317011,0.2723,0.0021,-0.0268,0.3897
/kaggle/input/datasets/duc24kdl/sub-x-ray/sub_X-Ray/sub_chest/IM-0383-0001.jpeg,,sub_chest,IM-0383-0001.jpeg,ok,368x329 -> 1472x1316,4,1,95.95,36.8274,13.500262,3.67427,0.8883,0.9799,0.4814,8.6362,37.1804,12.446247,3.527924,0.892,0.9816,0.5107,0.5107,0.5107,8.4462,128.7314,64.5536,128.7314,64.5536,0.0957,37.1804,0.892,12.446247,3.527924,0.353,0.0017,-0.0293,0.1899
/kaggle/input/datasets/duc24kdl/sub-x-ray/sub_X-Ray/sub_chest/IM-0384-0001.jpeg,,sub_chest,IM-0384-0001.jpeg,ok,402x306 -> 1608x1224,4,1,108.27,34.7145,21.960122,4.686163,0.8478,0.9732,0.4877,8.6302,35.076,20.206061,4.495115,0.8518,0.9753,0.5114,0.5114,0.5114,8.1809,131.3277,73.2462,131.3277,73.2462,0.0794,35.076,0.8518,20.206061,4.495115,0.3615,0.0021,-0.0237,0.4493
/kaggle/input/datasets/duc24kdl/sub-x-ray/sub_X-Ray/sub_chest/IM-0385-0001.jpeg,,sub_chest,IM-0385-0001.jpeg,ok,428x332 -> 1712x1328,4,1,120.97,37.0589,12.799538,3.577644,0.8957,0.9814,0.4522,8.5889,37.3832,11.878388,3.446504,0.899,0.9829,0.4886,0.4886,0.4886,8.4836,121.3371,63.7765,121.3371,63.7765,0.0547,37.3832,0.899,11.878388,3.446504,0.3244,0.0015,-0.0364,0.1053
/kaggle/input/datasets/duc24kdl/sub-x-ray/sub_X-Ray/sub_chest/IM-0386-0001.jpeg,,sub_chest,IM-0386-0001.jpeg,ok,387x325 -> 1548x1300,4,1,115.1,36.9672,13.072469,3.615587,0.8958,0.9809,0.4469,8.4213,37.3052,12.093644,3.477592,0.8992,0.9825,0.4779,0.4779,0.4779,8.2943,118.0708,60.9239,118.0708,60.9239,0.0853,37.3052,0.8992,12.093644,3.477592,0.338,0.0016,-0.031,0.127
/kaggle/input/datasets/duc24kdl/sub-x-ray/sub_X-Ray/sub_chest/IM-0387-0001.jpeg,,sub_chest,IM-0387-0001.jpeg,ok,480x450 -> 1920x1800,4,1,179.86,36.6293,14.130299,3.759029,0.8801,0.9779,0.457,8.3253,36.9324,13.1776,3.630096,0.8837,0.9798,0.4908,0.4908,0.4908,8.2155,120.1355,62.9883,120.1355,62.9883,0.0652,36.9324,0.8837,13.1776,3.630096,0.3032,0.0019,-0.0338,0.1098
/kaggle/input/datasets/duc24kdl/sub-x-ray/sub_X-Ray/sub_chest/IM-0388-0001.jpeg,,sub_chest,IM-0388-0001.jpeg,ok,420x338 -> 1680x1352,4,1,122.0,37.3095,12.081769,3.475884,0.9036,0.9831,0.4565,8.8345,37.7711,10.863459,3.295976,0.9066,0.9844,0.4952,0.4952,0.4952,8.6227,119.3657,57.4706,119.3657,57.4706,0.0969,37.7711,0.9066,10.863459,3.295976,0.4616,0.0013,-0.0387,0.2119
/kaggle/input/datasets/duc24kdl/sub-x-ray/sub_X-Ray/sub_chest/IM-0389-0001.jpeg,,sub_chest,IM-0389-0001.jpeg,ok,382x257 -> 1528x1028,4,1,83.6,36.1209,15.885176,3.985621,0.8838,0.979,0.4612,8.4653,36.5915,14.253785,3.775419,0.8876,0.9808,0.4903,0.4903,0.4903,8.3112,130.9355,66.9981,130.9355,66.9981,0.1009,36.5915,0.8876,14.253785,3.775419,0.4706,0.0018,-0.029,0.1541
/kaggle/input/datasets/duc24kdl/sub-x-ray/sub_X-Ray/sub_chest/IM-0391-0001.jpeg,,sub_chest,IM-0391-0001.jpeg,ok,555x417 -> 2220x1668,4,1,215.53,36.6363,14.107447,3.755988,0.8863,0.9795,0.4376,8.326,36.9669,13.07356,3.615738,0.8892,0.981,0.471,0.471,0.471,8.0918,120.3879,70.6101,120.3879,70.6101,0.0736,36.9669,0.8892,13.07356,3.615738,0.3305,0.0015,-0.0335,0.2342
/kaggle/input/datasets/duc24kdl/sub-x-ray/sub_X-Ray/sub_chest/IM-0392-0001.jpeg,,sub_chest,IM-0392-0001.jpeg,ok,360x264 -> 1440x1056,4,1,69.0,35.3284,19.065038,4.366353,0.8631,0.9757,0.4463,8.2595,35.7676,17.231366,4.151068,0.8667,0.9776,0.4779,0.4779,0.4779,8.0927,102.0864,61.8855,102.0864,61.8855,0.1308,35.7676,0.8667,17.231366,4.151068,0.4392,0.0019,-0.0316,0.1668
/kaggle/input/datasets/duc24kdl/sub-x-ray/sub_X-Ray/sub_chest/IM-0393-0001.jpeg,,sub_chest,IM-0393-0001.jpeg,ok,438x305 -> 1752x1220,4,1,115.67,35.9892,16.374394,4.046529,0.8911,0.9804,0.3752,7.8521,36.4452,14.742062,3.839539,0.8942,0.982,0.3972,0.3972,0.3972,7.5862,91.7155,74.1863,91.7155,74.1863,0.0801,36.4452,0.8942,14.742062,3.839539,0.4561,0.0016,-0.0221,0.2659
/kaggle/input/datasets/duc24kdl/sub-x-ray/sub_X-Ray/sub_chest/IM-0394-0001.jpeg,,sub_chest,IM-0394-0001.jpeg,ok,416x333 -> 1664x1332,4,1,109.92,36.6306,14.126189,3.758482,0.8928,0.9803,0.4469,8.682,37.0593,12.798196,3.577457,0.8962,0.9821,0.4821,0.4821,0.4821,8.4147,113.3773,61.4075,113.3773,61.4075,0.099,37.0593,0.8962,12.798196,3.577457,0.4288,0.0017,-0.0351,0.2672
/kaggle/input/datasets/duc24kdl/sub-x-ray/sub_X-Ray/sub_chest/IM-0395-0001.jpeg,,sub_chest,IM-0395-0001.jpeg,ok,372x318 -> 1488x1272,4,1,100.25,37.0541,12.813576,3.579606,0.8945,0.9805,0.462,8.5606,37.4167,11.78731,3.433265,0.8979,0.9822,0.497,0.497,0.497,8.4083,125.3686,57.178,125.3686,57.178,0.0839,37.4167,0.8979,11.78731,3.433265,0.3626,0.0017,-0.0351,0.1524
/kaggle/input/datasets/duc24kdl/sub-x-ray/sub_X-Ray/sub_chest/IM-0399-0001.jpeg,,sub_chest,IM-0399-0001.jpeg,ok,291x271 -> 1164x1084,4,1,64.89,35.462,18.487524,4.299712,0.8556,0.9743,0.5286,8.6431,35.7865,17.156566,4.142049,0.8597,0.9765,0.5623,0.5623,0.5623,8.3756,124.319,52.3723,124.319,52.3723,0.096,35.7865,0.8597,17.156566,4.142049,0.3245,0.0021,-0.0336,0.2675
/kaggle/input/datasets/duc24kdl/sub-x-ray/sub_X-Ray/sub_chest/IM-0400-0001.jpeg,,sub_chest,IM-0400-0001.jpeg,ok,361x270 -> 1444x1080,4,1,84.33,34.522,22.954986,4.791136,0.837,0.9711,0.4813,8.097,34.8695,21.18982,4.60324,0.8408,0.9732,0.511,0.511,0.511,8.0559,114.6766,64.1115,114.6766,64.1115,0.1112,34.8695,0.8408,21.18982,4.60324,0.3475,0.0021,-0.0297,0.0411
/kaggle/input/datasets/duc24kdl/sub-x-ray/sub_X-Ray/sub_chest/IM-0401-0001.jpeg,,sub_chest,IM-0401-0001.jpeg,ok,455x417 -> 1820x1668,4,1,175.8,38.116,10.034232,3.167686,0.9164,0.984,0.4545,8.9256,38.569,9.040234,3.006698,0.9197,0.9855,0.4929,0.4929,0.4929,8.6249,135.7744,56.9241,135.7744,56.9241,0.1411,38.569,0.9197,9.040234,3.006698,0.453,0.0015,-0.0384,0.3006
/kaggle/input/datasets/duc24kdl/sub-x-ray/sub_X-Ray/sub_chest/IM-0403-0001.jpeg,,sub_chest,IM-0403-0001.jpeg,ok,443x403 -> 1772x1612,4,1,164.9,38.7533,8.664599,2.943569,0.9338,0.9872,0.4214,9.1059,39.2155,7.789837,2.791028,0.9363,0.9884,0.4617,0.4617,0.4617,8.741,136.1004,61.4543,136.1004,61.4543,0.0817,39.2155,0.9363,7.789837,2.791028,0.4622,0.0012,-0.0403,0.3649
/kaggle/input/datasets/duc24kdl/sub-x-ray/sub_X-Ray/sub_chest/IM-0404-0001.jpeg,,sub_chest,IM-0404-0001.jpeg,ok,423x295 -> 1692x1180,4,1,113.77,36.3126,15.199021,3.898592,0.8819,0.9784,0.4814,8.897,36.7197,13.839201,3.720108,0.885,0.9801,0.5245,0.5245,0.5245,8.4804,121.6235,53.6521,121.6235,53.6521,0.099,36.7197,0.885,13.839201,3.720108,0.407,0.0016,-0.0431,0.4166
/kaggle/input/datasets/duc24kdl/sub-x-ray/sub_X-Ray/sub_chest/IM-0405-0001.jpeg,,sub_chest,IM-0405-0001.jpeg,ok,488x404 -> 1952x1616,4,1,165.75,37.2288,12.30849,3.508346,0.9018,0.9823,0.4514,8.6749,37.5267,11.492426,3.390048,0.9052,0.9838,0.4874,0.4874,0.4874,8.6168,123.3253,64.105,123.3253,64.105,0.049,37.5267,0.9052,11.492426,3.390048,0.2979,0.0015,-0.0361,0.0581
/kaggle/input/datasets/duc24kdl/sub-x-ray/sub_X-Ray/sub_chest/IM-0408-0001.jpeg,,sub_chest,IM-0408-0001.jpeg,ok,360x287 -> 1440x1148,4,1,78.52,34.6608,22.23322,4.715212,0.8305,0.9701,0.5311,8.5504,34.9273,20.909817,4.572725,0.8344,0.9723,0.5628,0.5628,0.5628,8.2991,131.7722,58.3061,131.7722,58.3061,0.0903,34.9273,0.8344,20.909817,4.572725,0.2665,0.0022,-0.0317,0.2514
/kaggle/input/datasets/duc24kdl/sub-x-ray/sub_X-Ray/sub_chest/IM-0409-0001.jpeg,,sub_chest,IM-0409-0001.jpeg,ok,272x198 -> 1088x792,4,1,33.45,34.5703,22.701102,4.764567,0.8267,0.9701,0.561,8.6892,34.8262,21.402515,4.626285,0.8306,0.9722,0.6072,0.6072,0.6072,8.3098,144.7785,47.2142,144.7785,47.2142,0.088,34.8262,0.8306,21.402515,4.626285,0.2558,0.0021,-0.0462,0.3794
/kaggle/input/datasets/duc24kdl/sub-x-ray/sub_X-Ray/sub_chest/IM-0410-0001.jpeg,,sub_chest,IM-0410-0001.jpeg,ok,408x343 -> 1632x1372,4,1,114.21,36.4348,14.777626,3.844168,0.8842,0.9794,0.478,8.6468,36.8449,13.446038,3.666884,0.8872,0.981,0.516,0.516,0.516,8.5016,126.0129,60.7326,126.0129,60.7326,0.0875,36.8449,0.8872,13.446038,3.666884,0.4101,0.0015,-0.038,0.1453
/kaggle/input/datasets/duc24kdl/sub-x-ray/sub_X-Ray/sub_chest/IM-0411-0001.jpeg,,sub_chest,IM-0411-0001.jpeg,ok,432x379 -> 1728x1516,4,1,133.33,36.608,14.199823,3.768265,0.8878,0.98,0.4368,8.6566,36.9723,13.057263,3.613484,0.8908,0.9814,0.4712,0.4712,0.4712,8.353,113.0171,66.8559,113.0171,66.8559,0.0475,36.9723,0.8908,13.057263,3.613484,0.3643,0.0014,-0.0343,0.3036
/kaggle/input/datasets/duc24kdl/sub-x-ray/sub_X-Ray/sub_chest/IM-0413-0001.jpeg,,sub_chest,IM-0413-0001.jpeg,ok,579x602 -> 2316x2408,4,1,333.68,37.8937,10.561166,3.249795,0.9063,0.9827,0.4421,8.5247,38.2096,9.820303,3.133736,0.9098,0.9843,0.4797,0.4797,0.4797,8.4181,115.0261,62.2019,115.0261,62.2019,0.0753,38.2096,0.9098,9.820303,3.133736,0.3159,0.0016,-0.0376,0.1066
/kaggle/input/datasets/duc24kdl/sub-x-ray/sub_X-Ray/sub_chest/IM-0414-0001.jpeg,,sub_chest,IM-0414-0001.jpeg,ok,362x321 -> 1448x1284,4,1,100.94,35.3598,18.927845,4.350614,0.8723,0.9772,0.4762,8.4944,35.6248,17.807398,4.219881,0.8758,0.979,0.509,0.509,0.509,8.1801,118.7659,58.1053,118.7659,58.1053,0.0669,35.6248,0.8758,17.807398,4.219881,0.265,0.0018,-0.0328,0.3143
/kaggle/input/datasets/duc24kdl/sub-x-ray/sub_X-Ray/sub_chest/IM-0416-0001.jpeg,,sub_chest,IM-0416-0001.jpeg,ok,452x354 -> 1808x1416,4,1,138.65,36.1333,15.839748,3.979918,0.8711,0.9769,0.5,8.9794,36.488,14.597505,3.820668,0.8741,0.9785,0.5407,0.5407,0.5407,8.6922,128.3024,51.6558,128.3024,51.6558,0.0602,36.488,0.8741,14.597505,3.820668,0.3547,0.0016,-0.0408,0.2872
/kaggle/input/datasets/duc24kdl/sub-x-ray/sub_X-Ray/sub_chest/IM-0417-0001.jpeg,,sub_chest,IM-0417-0001.jpeg,ok,446x375 -> 1784x1500,4,1,151.3,36.8196,13.524518,3.67757,0.8936,0.9808,0.4451,8.7222,37.2141,12.350029,3.514261,0.8965,0.9823,0.4769,0.4769,0.4769,8.4455,114.1107,65.5551,114.1107,65.5551,0.0572,37.2141,0.8965,12.350029,3.514261,0.3945,0.0015,-0.0318,0.2767
/kaggle/input/datasets/duc24kdl/sub-x-ray/sub_X-Ray/sub_chest/IM-0419-0001.jpeg,,sub_chest,IM-0419-0001.jpeg,ok,529x380 -> 2116x1520,4,1,188.19,33.3324,30.188684,5.494423,0.7683,0.9576,0.533,8.5088,33.5168,28.933543,5.378991,0.7728,0.9603,0.569,0.569,0.569,8.1858,137.8944,61.9515,137.8944,61.9515,0.0499,33.5168,0.7728,28.933543,5.378991,0.1844,0.0027,-0.036,0.3229
/kaggle/input/datasets/duc24kdl/sub-x-ray/sub_X-Ray/sub_chest/IM-0420-0001.jpeg,,sub_chest,IM-0420-0001.jpeg,ok,389x338 -> 1556x1352,4,1,121.05,35.7985,17.109374,4.136348,0.8677,0.9757,0.4955,8.8901,36.1338,15.83788,3.979683,0.8711,0.9776,0.5356,0.5356,0.5356,8.5878,119.4042,49.2154,119.4042,49.2154,0.0466,36.1338,0.8711,15.83788,3.979683,0.3354,0.0019,-0.0401,0.3023
/kaggle/input/datasets/duc24kdl/sub-x-ray/sub_X-Ray/sub_chest/IM-0421-0001.jpeg,,sub_chest,IM-0421-0001.jpeg,ok,393x282 -> 1572x1128,4,1,97.75,36.0003,16.33233,4.041328,0.8739,0.9774,0.4436,8.4977,36.3948,14.9142,3.861891,0.8775,0.9792,0.4757,0.4757,0.4757,8.23,107.2884,58.8998,107.2884,58.8998,0.0357,36.3948,0.8775,14.9142,3.861891,0.3945,0.0018,-0.0321,0.2676
/kaggle/input/datasets/duc24kdl/sub-x-ray/sub_X-Ray/sub_chest/IM-0423-0001.jpeg,,sub_chest,IM-0423-0001.jpeg,ok,370x334 -> 1480x1336,4,1,107.67,36.7843,13.634696,3.692519,0.8945,0.9806,0.464,8.735,37.1936,12.408601,3.522584,0.8979,0.9822,0.4961,0.4961,0.4961,8.4561,126.1112,59.0504,126.1112,59.0504,0.0628,37.1936,0.8979,12.408601,3.522584,0.4092,0.0017,-0.0322,0.2789
/kaggle/input/datasets/duc24kdl/sub-x-ray/sub_X-Ray/sub_chest/IM-0424-0001.jpeg,,sub_chest,IM-0424-0001.jpeg,ok,342x269 -> 1368x1076,4,1,75.79,35.3766,18.854697,4.3422,0.8671,0.9765,0.4876,8.5668,35.7804,17.180637,4.144953,0.8706,0.9784,0.5214,0.5214,0.5214,8.2419,126.5853,64.3948,126.5853,64.3948,0.1024,35.7804,0.8706,17.180637,4.144953,0.4038,0.0018,-0.0339,0.3249
/kaggle/input/datasets/duc24kdl/sub-x-ray/sub_X-Ray/sub_chest/IM-0425-0001.jpeg,,sub_chest,IM-0425-0001.jpeg,ok,462x328 -> 1848x1312,4,1,135.8,37.726,10.976939,3.313146,0.9179,0.985,0.4042,8.7403,38.2361,9.760412,3.124166,0.9206,0.9862,0.4413,0.4413,0.4413,8.45,106.4123,61.7776,106.4123,61.7776,0.1262,38.2361,0.9206,9.760412,3.124166,0.5101,0.0012,-0.0371,0.2903
/kaggle/input/datasets/duc24kdl/sub-x-ray/sub_X-Ray/sub_chest/IM-0427-0001.jpeg,,sub_chest,IM-0427-0001.jpeg,ok,457x339 -> 1828x1356,4,1,143.23,37.3755,11.89943,3.449555,0.9081,0.9829,0.4353,8.7139,37.8341,10.707115,3.272173,0.911,0.9844,0.4725,0.4725,0.4725,8.4733,133.9715,65.3727,133.9715,65.3727,0.0728,37.8341,0.911,10.707115,3.272173,0.4585,0.0014,-0.0372,0.2406
/kaggle/input/datasets/duc24kdl/sub-x-ray/sub_X-Ray/sub_chest/IM-0428-0001.jpeg,,sub_chest,IM-0428-0001.jpeg,ok,390x337 -> 1560x1348,4,1,116.04,35.4586,18.502142,4.301412,0.8647,0.9754,0.4929,8.6428,35.8129,17.0527,4.129491,0.8681,0.9772,0.5326,0.5326,0.5326,8.4193,147.803,61.6016,147.803,61.6016,0.0739,35.8129,0.8681,17.0527,4.129491,0.3543,0.0018,-0.0397,0.2234
/kaggle/input/datasets/duc24kdl/sub-x-ray/sub_X-Ray/sub_chest/IM-0429-0001-0001.jpeg,,sub_chest,IM-0429-0001-0001.jpeg,ok,479x392 -> 1916x1568,4,1,172.12,38.558,9.063144,3.010506,0.9292,0.9863,0.3946,8.7659,39.1129,7.976156,2.824209,0.932,0.9875,0.4314,0.4314,0.4314,8.51,123.0701,64.349,123.0701,64.349,0.1304,39.1129,0.932,7.976156,2.824209,0.5549,0.0012,-0.0367,0.2559
/kaggle/input/datasets/duc24kdl/sub-x-ray/sub_X-Ray/sub_chest/IM-0429-0001-0002.jpeg,,sub_chest,IM-0429-0001-0002.jpeg,ok,464x345 -> 1856x1380,4,1,132.21,37.0569,12.805342,3.578455,0.9005,0.9818,0.4305,8.6117,37.4498,11.697654,3.420183,0.9032,0.9832,0.4676,0.4676,0.4676,8.3923,120.5017,63.0578,120.5017,63.0578,0.0435,37.4498,0.9032,11.697654,3.420183,0.3929,0.0014,-0.0371,0.2195
/kaggle/input/datasets/duc24kdl/sub-x-ray/sub_X-Ray/sub_chest/IM-0429-0001.jpeg,,sub_chest,IM-0429-0001.jpeg,ok,491x423 -> 1964x1692,4,1,193.59,37.7927,10.809503,3.287781,0.9097,0.9829,0.4401,8.8777,38.1398,9.979319,3.159006,0.9125,0.9843,0.4817,0.4817,0.4817,8.7566,113.4676,54.51,113.4676,54.51,0.0348,38.1398,0.9125,9.979319,3.159006,0.347,0.0014,-0.0416,0.1211
/kaggle/input/datasets/duc24kdl/sub-x-ray/sub_X-Ray/sub_chest/IM-0430-0001.jpeg,,sub_chest,IM-0430-0001.jpeg,ok,359x270 -> 1436x1080,4,1,84.04,34.9407,20.845421,4.565679,0.8351,0.97,0.4975,8.5829,35.2015,19.630527,4.430635,0.8392,0.9723,0.5283,0.5283,0.5283,8.2102,126.8436,61.9896,126.8436,61.9896,0.0651,35.2015,0.8392,19.630527,4.430635,0.2608,0.0024,-0.0307,0.3727
/kaggle/input/datasets/duc24kdl/sub-x-ray/sub_X-Ray/sub_chest/IM-0431-0001.jpeg,,sub_chest,IM-0431-0001.jpeg,ok,419x353 -> 1676x1412,4,1,134.87,36.4778,14.6319,3.825167,0.8801,0.978,0.4673,8.8622,36.8006,13.583903,3.685635,0.8833,0.9798,0.5069,0.5069,0.5069,8.4903,125.9052,60.9812,125.9052,60.9812,0.0993,36.8006,0.8833,13.583903,3.685635,0.3228,0.0018,-0.0396,0.3719
/kaggle/input/datasets/duc24kdl/sub-x-ray/sub_X-Ray/sub_chest/IM-0432-0001.jpeg,,sub_chest,IM-0432-0001.jpeg,ok,370x307 -> 1480x1228,4,1,98.43,36.6818,13.960594,3.736388,0.8889,0.979,0.4388,8.4454,37.1095,12.651148,3.556845,0.8924,0.9808,0.4735,0.4735,0.4735,8.1463,135.9807,67.6078,135.9807,67.6078,0.104,37.1095,0.8924,12.651148,3.556845,0.4277,0.0017,-0.0347,0.299
/kaggle/input/datasets/duc24kdl/sub-x-ray/sub_X-Ray/sub_chest/IM-0433-0001.jpeg,,sub_chest,IM-0433-0001.jpeg,ok,479x419 -> 1916x1676,4,1,187.0,38.1248,10.013738,3.164449,0.9219,0.9853,0.3833,8.8377,38.6134,8.948305,2.991372,0.9247,0.9867,0.4154,0.4154,0.4154,8.5558,108.2553,69.3371,108.2553,69.3371,0.0847,38.6134,0.9247,8.948305,2.991372,0.4886,0.0013,-0.032,0.2819
/kaggle/input/datasets/duc24kdl/sub-x-ray/sub_X-Ray/sub_chest/IM-0434-0001.jpeg,,sub_chest,IM-0434-0001.jpeg,ok,553x428 -> 2212x1712,4,1,224.73,38.8776,8.420107,2.901742,0.9283,0.9866,0.4431,9.1166,39.1743,7.864074,2.804296,0.9307,0.9876,0.4861,0.4861,0.4861,8.9626,134.3784,58.326,134.3784,58.326,0.0467,39.1743,0.9307,7.864074,2.804296,0.2967,0.0011,-0.043,0.154
/kaggle/input/datasets/duc24kdl/sub-x-ray/sub_X-Ray/sub_chest/IM-0435-0001-0001.jpeg,,sub_chest,IM-0435-0001-0001.jpeg,ok,378x302 -> 1512x1208,4,1,100.49,38.2621,9.702096,3.114819,0.9358,0.9872,0.3604,8.5903,38.8163,8.539795,2.922293,0.9385,0.9886,0.3901,0.3901,0.3901,8.334,90.7666,57.1509,90.7666,57.1509,0.1676,38.8163,0.9385,8.539795,2.922293,0.5542,0.0013,-0.0297,0.2563
/kaggle/input/datasets/duc24kdl/sub-x-ray/sub_X-Ray/sub_chest/IM-0435-0001.jpeg,,sub_chest,IM-0435-0001.jpeg,ok,282x207 -> 1128x828,4,1,44.58,36.4704,14.656762,3.828415,0.9017,0.982,0.4633,8.8868,37.0672,12.774901,3.574199,0.9049,0.9835,0.5101,0.5101,0.5101,8.5226,125.5192,54.5196,125.5192,54.5196,0.2002,37.0672,0.9049,12.774901,3.574199,0.5968,0.0016,-0.0468,0.3642
/kaggle/input/datasets/duc24kdl/sub-x-ray/sub_X-Ray/sub_chest/IM-0437-0001-0001.jpeg,,sub_chest,IM-0437-0001-0001.jpeg,ok,505x361 -> 2020x1444,4,1,169.13,36.4874,14.599456,3.820923,0.8681,0.9758,0.4866,8.6932,36.7367,13.784963,3.712811,0.8711,0.9774,0.5262,0.5262,0.5262,8.4752,134.5675,57.5371,134.5675,57.5371,0.0727,36.7367,0.8711,13.784963,3.712811,0.2493,0.0016,-0.0396,0.218
/kaggle/input/datasets/duc24kdl/sub-x-ray/sub_X-Ray/sub_chest/IM-0437-0001-0002.jpeg,,sub_chest,IM-0437-0001-0002.jpeg,ok,377x288 -> 1508x1152,4,1,93.54,36.8753,13.352133,3.654057,0.9013,0.9819,0.4275,8.5108,37.2233,12.323866,3.510536,0.9043,0.9833,0.465,0.465,0.465,8.2252,127.6298,62.4529,127.6298,62.4529,0.0666,37.2233,0.9043,12.323866,3.510536,0.348,0.0014,-0.0375,0.2856
/kaggle/input/datasets/duc24kdl/sub-x-ray/sub_X-Ray/sub_chest/IM-0437-0001.jpeg,,sub_chest,IM-0437-0001.jpeg,ok,352x294 -> 1408x1176,4,1,76.62,36.1267,15.863972,3.98296,0.8706,0.9759,0.4515,8.5391,36.4776,14.632528,3.825249,0.8739,0.9777,0.4861,0.4861,0.4861,8.2919,107.2489,53.1556,107.2489,53.1556,0.06,36.4776,0.8739,14.632528,3.825249,0.3509,0.0018,-0.0346,0.2473
/kaggle/input/datasets/duc24kdl/sub-x-ray/sub_X-Ray/sub_chest/IM-0438-0001.jpeg,,sub_chest,IM-0438-0001.jpeg,ok,476x355 -> 1904x1420,4,1,149.92,37.7131,11.0095,3.318057,0.9123,0.9834,0.4073,8.7763,38.1356,9.988856,3.160515,0.9151,0.9848,0.4424,0.4424,0.4424,8.497,126.4464,64.6992,126.4464,64.6992,0.0948,38.1356,0.9151,9.988856,3.160515,0.4225,0.0014,-0.0352,0.2793
/kaggle/input/datasets/duc24kdl/sub-x-ray/sub_X-Ray/sub_chest/IM-0439-0001-0001.jpeg,,sub_chest,IM-0439-0001-0001.jpeg,ok,441x345 -> 1764x1380,4,1,142.25,37.5667,11.387095,3.374477,0.9103,0.9833,0.4374,8.6933,37.9904,10.328468,3.213793,0.9134,0.9847,0.4795,0.4795,0.4795,8.3958,129.0531,61.2434,129.0531,61.2434,0.0807,37.9904,0.9134,10.328468,3.213793,0.4238,0.0015,-0.0421,0.2975
/kaggle/input/datasets/duc24kdl/sub-x-ray/sub_X-Ray/sub_chest/IM-0439-0001-0002.jpeg,,sub_chest,IM-0439-0001-0002.jpeg,ok,342x258 -> 1368x1032,4,1,72.66,35.6276,17.796049,4.218536,0.8636,0.9749,0.4632,8.5621,36.0404,16.182187,4.022709,0.8673,0.977,0.4952,0.4952,0.4952,8.2474,117.7101,62.0785,117.7101,62.0785,0.079,36.0404,0.8673,16.182187,4.022709,0.4129,0.002,-0.0319,0.3147
/kaggle/input/datasets/duc24kdl/sub-x-ray/sub_X-Ray/sub_chest/IM-0439-0001.jpeg,,sub_chest,IM-0439-0001.jpeg,ok,454x389 -> 1816x1556,4,1,161.2,37.3622,11.936152,3.454874,0.8973,0.9811,0.4663,8.892,37.6589,11.147741,3.338823,0.9002,0.9825,0.5068,0.5068,0.5068,8.5397,136.2866,60.9302,136.2866,60.9302,0.0553,37.6589,0.9002,11.147741,3.338823,0.2968,0.0014,-0.0405,0.3523
/kaggle/input/datasets/duc24kdl/sub-x-ray/sub_X-Ray/sub_chest/IM-0440-0001.jpeg,,sub_chest,IM-0440-0001.jpeg,ok,422x366 -> 1688x1464,4,1,141.92,37.5432,11.44892,3.383625,0.9131,0.9838,0.4182,8.6212,38.0273,10.241085,3.20017,0.9161,0.9852,0.453,0.453,0.453,8.4215,120.5328,63.0026,120.5328,63.0026,0.0703,38.0273,0.9161,10.241085,3.20017,0.4842,0.0014,-0.0347,0.1997
/kaggle/input/datasets/duc24kdl/sub-x-ray/sub_X-Ray/sub_chest/IM-0441-0001.jpeg,,sub_chest,IM-0441-0001.jpeg,ok,368x292 -> 1472x1168,4,1,77.67,36.9715,13.059676,3.613817,0.9072,0.9828,0.4108,8.3436,37.4585,11.674397,3.416782,0.9102,0.9842,0.4452,0.4452,0.4452,8.2027,110.3142,63.3021,110.3142,63.3021,0.0619,37.4585,0.9102,11.674397,3.416782,0.487,0.0015,-0.0345,0.1409
/kaggle/input/datasets/duc24kdl/sub-x-ray/sub_X-Ray/sub_chest/IM-0442-0001.jpeg,,sub_chest,IM-0442-0001.jpeg,ok,377x338 -> 1508x1352,4,1,114.56,35.7913,17.137687,4.139769,0.8554,0.9732,0.4724,8.6465,36.0769,16.046924,4.005861,0.8591,0.9752,0.5055,0.5055,0.5055,8.4392,135.8909,60.6055,135.8909,60.6055,0.0685,36.0769,0.8591,16.046924,4.005861,0.2856,0.002,-0.0331,0.2073
/kaggle/input/datasets/duc24kdl/sub-x-ray/sub_X-Ray/sub_chest/IM-0444-0001.jpeg,,sub_chest,IM-0444-0001.jpeg,ok,482x438 -> 1928x1752,4,1,195.87,38.1672,9.916567,3.149058,0.9198,0.9847,0.4194,8.7507,38.6556,8.861695,2.97686,0.9229,0.9862,0.4588,0.4588,0.4588,8.4426,110.6818,62.4462,110.6818,62.4462,0.0808,38.6556,0.9229,8.861695,2.97686,0.4884,0.0015,-0.0394,0.3081
/kaggle/input/datasets/duc24kdl/sub-x-ray/sub_X-Ray/sub_chest/IM-0445-0001.jpeg,,sub_chest,IM-0445-0001.jpeg,ok,440x376 -> 1760x1504,4,1,136.63,37.651,11.168222,3.341889,0.9102,0.9834,0.4365,8.7677,38.0659,10.150479,3.185982,0.9131,0.9848,0.4786,0.4786,0.4786,8.6135,125.9406,60.9573,125.9406,60.9573,0.0534,38.0659,0.9131,10.150479,3.185982,0.415,0.0014,-0.0421,0.1542
/kaggle/input/datasets/duc24kdl/sub-x-ray/sub_X-Ray/sub_chest/IM-0446-0001.jpeg,,sub_chest,IM-0446-0001.jpeg,ok,454x415 -> 1816x1660,4,1,173.45,37.8671,10.626076,3.259766,0.9119,0.9836,0.4373,9.0726,38.2853,9.65045,3.106517,0.9148,0.9849,0.4779,0.4779,0.4779,8.7816,126.0704,61.288,126.0704,61.288,0.0512,38.2853,0.9148,9.65045,3.106517,0.4183,0.0013,-0.0406,0.291
/kaggle/input/datasets/duc24kdl/sub-x-ray/sub_X-Ray/sub_chest/IM-0447-0001.jpeg,,sub_chest,IM-0447-0001.jpeg,ok,460x374 -> 1840x1496,4,1,148.96,37.902,10.541076,3.246702,0.9191,0.9847,0.4145,8.636,38.439,9.314969,3.052043,0.9219,0.9861,0.4547,0.4547,0.4547,8.3062,116.5992,61.6494,116.5992,61.6494,0.1556,38.439,0.9219,9.314969,3.052043,0.537,0.0014,-0.0401,0.3298
/kaggle/input/datasets/duc24kdl/sub-x-ray/sub_X-Ray/sub_chest/IM-0448-0001.jpeg,,sub_chest,IM-0448-0001.jpeg,ok,488x319 -> 1952x1276,4,1,127.55,37.5086,11.540312,3.397103,0.9185,0.9848,0.3957,8.6015,37.9436,10.440533,3.231181,0.9211,0.986,0.4304,0.4304,0.4304,8.2704,98.5518,59.8688,98.5518,59.8688,0.0447,37.9436,0.9211,10.440533,3.231181,0.4349,0.0013,-0.0347,0.3311
/kaggle/input/datasets/duc24kdl/sub-x-ray/sub_X-Ray/sub_chest/IM-0449-0001.jpeg,,sub_chest,IM-0449-0001.jpeg,ok,409x309 -> 1636x1236,4,1,114.35,37.4775,11.623242,3.409288,0.9091,0.9829,0.4357,8.6858,37.9409,10.446911,3.232168,0.9121,0.9843,0.4779,0.4779,0.4779,8.3332,129.2712,60.5464,129.2712,60.5464,0.0964,37.9409,0.9121,10.446911,3.232168,0.4634,0.0015,-0.0422,0.3526
/kaggle/input/datasets/duc24kdl/sub-x-ray/sub_X-Ray/sub_chest/IM-0450-0001.jpeg,,sub_chest,IM-0450-0001.jpeg,ok,419x370 -> 1676x1480,4,1,142.51,35.7244,17.40371,4.171775,0.868,0.9762,0.472,8.5525,35.9882,16.377867,4.046958,0.8713,0.978,0.5065,0.5065,0.5065,8.3374,118.2718,59.7996,118.2718,59.7996,0.0679,35.9882,0.8713,16.377867,4.046958,0.2638,0.0018,-0.0345,0.2151
/kaggle/input/datasets/duc24kdl/sub-x-ray/sub_X-Ray/sub_chest/IM-0451-0001.jpeg,,sub_chest,IM-0451-0001.jpeg,ok,462x436 -> 1848x1744,4,1,183.57,37.7027,11.035988,3.322046,0.9074,0.9826,0.4381,8.8444,38.0786,10.120825,3.181324,0.9105,0.9841,0.4787,0.4787,0.4787,8.5305,113.4228,60.7128,113.4228,60.7128,0.0687,38.0786,0.9105,10.120825,3.181324,0.376,0.0015,-0.0406,0.3139
/kaggle/input/datasets/duc24kdl/sub-x-ray/sub_X-Ray/sub_chest/IM-0452-0001.jpeg,,sub_chest,IM-0452-0001.jpeg,ok,462x397 -> 1848x1588,4,1,166.48,37.2905,12.134702,3.48349,0.9053,0.9823,0.4107,8.511,37.7269,10.974618,3.312796,0.9081,0.9837,0.4449,0.4449,0.4449,8.3329,115.1435,65.8311,115.1435,65.8311,0.0758,37.7269,0.9081,10.974618,3.312796,0.4364,0.0014,-0.0342,0.178
/kaggle/input/datasets/duc24kdl/sub-x-ray/sub_X-Ray/sub_chest/IM-0453-0001-0002.jpeg,,sub_chest,IM-0453-0001-0002.jpeg,ok,522x518 -> 2088x2072,4,1,252.29,38.1341,9.992466,3.161086,0.9104,0.9829,0.4366,8.9192,38.5454,9.089564,3.01489,0.9135,0.9844,0.4771,0.4771,0.4771,8.5834,121.9312,63.9568,121.9312,63.9568,0.1126,38.5454,0.9135,9.089564,3.01489,0.4113,0.0015,-0.0405,0.3358
/kaggle/input/datasets/duc24kdl/sub-x-ray/sub_X-Ray/sub_chest/IM-0453-0001.jpeg,,sub_chest,IM-0453-0001.jpeg,ok,440x428 -> 1760x1712,4,1,156.54,37.4868,11.598518,3.40566,0.9154,0.9841,0.3708,8.2913,37.8886,10.573597,3.251707,0.9185,0.9857,0.4002,0.4002,0.4002,8.0055,90.295,68.1087,90.295,68.1087,0.0989,37.8886,0.9185,10.573597,3.251707,0.4018,0.0015,-0.0294,0.2857
/kaggle/input/datasets/duc24kdl/sub-x-ray/sub_X-Ray/sub_chest/IM-0455-0001.jpeg,,sub_chest,IM-0455-0001.jpeg,ok,341x287 -> 1364x1148,4,1,84.27,35.5439,18.142202,4.259366,0.8625,0.9751,0.4862,8.5858,35.8878,16.760974,4.094017,0.8663,0.9771,0.5218,0.5218,0.5218,8.3431,134.7318,56.7934,134.7318,56.7934,0.0504,35.8878,0.8663,16.760974,4.094017,0.3439,0.002,-0.0356,0.2427
/kaggle/input/datasets/duc24kdl/sub-x-ray/sub_X-Ray/sub_chest/IM-0456-0001.jpeg,,sub_chest,IM-0456-0001.jpeg,ok,453x423 -> 1812x1692,4,1,179.46,36.9885,13.008606,3.606744,0.8787,0.9774,0.4696,8.7155,37.2927,12.128473,3.482596,0.8819,0.9791,0.5069,0.5069,0.5069,8.4107,113.7557,52.8285,113.7557,52.8285,0.1038,37.2927,0.8819,12.128473,3.482596,0.3042,0.0017,-0.0373,0.3048
/kaggle/input/datasets/duc24kdl/sub-x-ray/sub_X-Ray/sub_chest/IM-0457-0001.jpeg,,sub_chest,IM-0457-0001.jpeg,ok,522x446 -> 2088x1784,4,1,210.32,37.6837,11.084305,3.32931,0.9057,0.9822,0.4392,8.995,38.0379,10.21614,3.19627,0.9085,0.9836,0.478,0.478,0.478,8.6626,126.2355,65.7982,126.2355,65.7982,0.0499,38.0379,0.9085,10.21614,3.19627,0.3542,0.0014,-0.0388,0.3325
/kaggle/input/datasets/duc24kdl/sub-x-ray/sub_X-Ray/sub_chest/IM-0458-0001.jpeg,,sub_chest,IM-0458-0001.jpeg,ok,306x238 -> 1224x952,4,1,57.7,36.1603,15.741684,3.967579,0.8953,0.9806,0.4525,8.6903,36.5718,14.318484,3.783977,0.8987,0.9823,0.4882,0.4882,0.4882,8.4403,123.7243,59.3321,123.7243,59.3321,0.0862,36.5718,0.8987,14.318484,3.783977,0.4115,0.0018,-0.0358,0.25
/kaggle/input/datasets/duc24kdl/sub-x-ray/sub_X-Ray/sub_chest/IM-0459-0001.jpeg,,sub_chest,IM-0459-0001.jpeg,ok,584x492 -> 2336x1968,4,1,243.2,37.66,11.145081,3.338425,0.9034,0.9815,0.4245,8.3744,38.0268,10.242447,3.200382,0.9064,0.983,0.4594,0.4594,0.4594,8.1883,136.1869,64.1036,136.1869,64.1036,0.0895,38.0268,0.9064,10.242447,3.200382,0.3668,0.0015,-0.0349,0.1861
/kaggle/input/datasets/duc24kdl/sub-x-ray/sub_X-Ray/sub_chest/IM-0460-0001.jpeg,,sub_chest,IM-0460-0001.jpeg,ok,413x314 -> 1652x1256,4,1,116.2,37.051,12.822627,3.58087,0.9023,0.9817,0.4488,8.7979,37.5237,11.500221,3.391198,0.9051,0.9831,0.4872,0.4872,0.4872,8.5695,123.776,58.6149,123.776,58.6149,0.0641,37.5237,0.9051,11.500221,3.391198,0.4727,0.0014,-0.0384,0.2284
/kaggle/input/datasets/duc24kdl/sub-x-ray/sub_X-Ray/sub_chest/IM-0461-0001.jpeg,,sub_chest,IM-0461-0001.jpeg,ok,426x335 -> 1704x1340,4,1,127.02,36.8657,13.381756,3.658108,0.9016,0.9817,0.4165,8.3906,37.3169,12.061303,3.472939,0.9052,0.9833,0.4515,0.4515,0.4515,8.0835,118.5368,65.2074,118.5368,65.2074,0.0993,37.3169,0.9052,12.061303,3.472939,0.4512,0.0016,-0.0349,0.3071
/kaggle/input/datasets/duc24kdl/sub-x-ray/sub_X-Ray/sub_chest/IM-0463-0001.jpeg,,sub_chest,IM-0463-0001.jpeg,ok,451x439 -> 1804x1756,4,1,183.76,37.6183,11.252581,3.354487,0.8946,0.9805,0.4685,8.9374,37.9231,10.489766,3.238791,0.8976,0.982,0.5114,0.5114,0.5114,8.6271,126.5943,59.0818,126.5943,59.0818,0.0988,37.9231,0.8976,10.489766,3.238791,0.3049,0.0015,-0.0429,0.3103
/kaggle/input/datasets/duc24kdl/sub-x-ray/sub_X-Ray/sub_chest/IM-0464-0001.jpeg,,sub_chest,IM-0464-0001.jpeg,ok,442x338 -> 1768x1352,4,1,132.77,37.171,12.473208,3.531743,0.9073,0.9832,0.4046,8.2643,37.6032,11.291776,3.360324,0.9102,0.9846,0.438,0.438,0.438,8.0033,111.42,70.6626,111.42,70.6626,0.044,37.6032,0.9102,11.291776,3.360324,0.4322,0.0014,-0.0334,0.261
/kaggle/input/datasets/duc24kdl/sub-x-ray/sub_X-Ray/sub_chest/IM-0465-0001.jpeg,,sub_chest,IM-0465-0001.jpeg,ok,437x333 -> 1748x1332,4,1,135.15,37.3375,12.004074,3.46469,0.9019,0.982,0.4398,8.6444,37.7313,10.963532,3.311122,0.9047,0.9834,0.4777,0.4777,0.4777,8.4703,124.9097,64.4948,124.9097,64.4948,0.1138,37.7313,0.9047,10.963532,3.311122,0.3938,0.0014,-0.0379,0.1741
/kaggle/input/datasets/duc24kdl/sub-x-ray/sub_X-Ray/sub_chest/IM-0466-0001.jpeg,,sub_chest,IM-0466-0001.jpeg,ok,400x316 -> 1600x1264,4,1,100.54,35.9817,16.402494,4.049999,0.8679,0.9754,0.4821,8.629,36.3374,15.112487,3.887478,0.8714,0.9773,0.519,0.519,0.519,8.4298,128.5132,52.285,128.5132,52.285,0.0727,36.3374,0.8714,15.112487,3.887478,0.3557,0.0019,-0.037,0.1992
/kaggle/input/datasets/duc24kdl/sub-x-ray/sub_X-Ray/sub_chest/IM-0467-0001-0001.jpeg,,sub_chest,IM-0467-0001-0001.jpeg,ok,478x434 -> 1912x1736,4,1,187.94,38.2938,9.6317,3.103498,0.9247,0.9858,0.3921,8.8259,38.7568,8.657695,2.942396,0.9276,0.9872,0.4263,0.4263,0.4263,8.4874,105.0826,69.0642,105.0826,69.0642,0.0795,38.7568,0.9276,8.657695,2.942396,0.463,0.0013,-0.0342,0.3385
/kaggle/input/datasets/duc24kdl/sub-x-ray/sub_X-Ray/sub_chest/IM-0467-0001-0002.jpeg,,sub_chest,IM-0467-0001-0002.jpeg,ok,408x343 -> 1632x1372,4,1,111.23,35.7741,17.205561,4.147959,0.8574,0.9743,0.473,8.4364,36.0902,15.99775,3.999719,0.8613,0.9764,0.5026,0.5026,0.5026,8.049,124.9021,68.0856,124.9021,68.0856,0.0896,36.0902,0.8613,15.99775,3.999719,0.3161,0.0021,-0.0296,0.3875
/kaggle/input/datasets/duc24kdl/sub-x-ray/sub_X-Ray/sub_chest/IM-0467-0001.jpeg,,sub_chest,IM-0467-0001.jpeg,ok,528x466 -> 2112x1864,4,1,203.23,38.375,9.453324,3.074626,0.9221,0.9852,0.3847,8.4254,38.7999,8.572183,2.927829,0.9246,0.9864,0.4169,0.4169,0.4169,8.5128,106.9519,68.1089,106.9519,68.1089,0.0943,38.7999,0.9246,8.572183,2.927829,0.4249,0.0012,-0.0322,-0.0874
/kaggle/input/datasets/duc24kdl/sub-x-ray/sub_X-Ray/sub_chest/IM-0469-0001.jpeg,,sub_chest,IM-0469-0001.jpeg,ok,487x394 -> 1948x1576,4,1,177.79,37.4782,11.621334,3.409008,0.9014,0.9816,0.4488,8.8287,37.8686,10.622261,3.259181,0.9041,0.983,0.4887,0.4887,0.4887,8.5495,130.2352,62.1587,130.2352,62.1587,0.0648,37.8686,0.9041,10.622261,3.259181,0.3904,0.0014,-0.0398,0.2792
/kaggle/input/datasets/duc24kdl/sub-x-ray/sub_X-Ray/sub_chest/IM-0471-0001.jpeg,,sub_chest,IM-0471-0001.jpeg,ok,520x445 -> 2080x1780,4,1,195.38,38.3861,9.429149,3.070692,0.9207,0.9851,0.4454,8.8767,38.7861,8.599541,2.932497,0.9234,0.9864,0.487,0.487,0.487,8.7024,139.2972,59.3994,139.2972,59.3994,0.1282,38.7861,0.9234,8.599541,2.932497,0.4,0.0013,-0.0417,0.1743
/kaggle/input/datasets/duc24kdl/sub-x-ray/sub_X-Ray/sub_chest/IM-0472-0001.jpeg,,sub_chest,IM-0472-0001.jpeg,ok,404x329 -> 1616x1316,4,1,112.95,36.0874,16.008105,4.001013,0.8809,0.9774,0.4958,8.7612,36.401,14.893067,3.859154,0.8844,0.9794,0.5362,0.5362,0.5362,8.4414,145.0073,51.3766,145.0073,51.3766,0.0845,36.401,0.8844,14.893067,3.859154,0.3136,0.0019,-0.0404,0.3198
/kaggle/input/datasets/duc24kdl/sub-x-ray/sub_X-Ray/sub_chest/IM-0473-0001.jpeg,,sub_chest,IM-0473-0001.jpeg,ok,389x294 -> 1556x1176,4,1,101.25,36.5428,14.414363,3.796625,0.8947,0.9801,0.4381,8.6389,36.9607,13.092214,3.618316,0.898,0.9819,0.4722,0.4722,0.4722,8.3815,132.073,61.204,132.073,61.204,0.102,36.9607,0.898,13.092214,3.618316,0.4178,0.0018,-0.0341,0.2574
/kaggle/input/datasets/duc24kdl/sub-x-ray/sub_X-Ray/sub_chest/IM-0474-0001.jpeg,,sub_chest,IM-0474-0001.jpeg,ok,368x253 -> 1472x1012,4,1,66.45,35.1821,19.71813,4.44051,0.8569,0.9741,0.4742,8.5137,35.5896,17.952209,4.237005,0.861,0.9762,0.5073,0.5073,0.5073,8.1815,132.8961,66.9481,132.8961,66.9481,0.0596,35.5896,0.861,17.952209,4.237005,0.4075,0.0021,-0.0331,0.3322
/kaggle/input/datasets/duc24kdl/sub-x-ray/sub_X-Ray/sub_chest/IM-0475-0001.jpeg,,sub_chest,IM-0475-0001.jpeg,ok,434x336 -> 1736x1344,4,1,132.0,37.3339,12.014023,3.466125,0.9078,0.9826,0.4249,8.5749,37.7992,10.793564,3.285356,0.9107,0.9841,0.4614,0.4614,0.4614,8.4289,126.0077,61.4702,126.0077,61.4702,0.0837,37.7992,0.9107,10.793564,3.285356,0.4652,0.0015,-0.0365,0.146
/kaggle/input/datasets/duc24kdl/sub-x-ray/sub_X-Ray/sub_chest/IM-0476-0001.jpeg,,sub_chest,IM-0476-0001.jpeg,ok,389x262 -> 1556x1048,4,1,88.99,36.7118,13.864248,3.723473,0.9007,0.9815,0.4377,8.5195,37.247,12.256822,3.500974,0.9039,0.9831,0.4707,0.4707,0.4707,8.2057,126.2142,65.164,126.2142,65.164,0.1429,37.247,0.9039,12.256822,3.500974,0.5352,0.0017,-0.033,0.3139
/kaggle/input/datasets/duc24kdl/sub-x-ray/sub_X-Ray/sub_chest/IM-0477-0001.jpeg,,sub_chest,IM-0477-0001.jpeg,ok,416x384 -> 1664x1536,4,1,129.88,37.9958,10.315675,3.211802,0.9135,0.9838,0.4255,8.6412,38.3723,9.459221,3.075585,0.9162,0.9851,0.4645,0.4645,0.4645,8.4296,125.9578,62.7168,125.9578,62.7168,0.066,38.3723,0.9162,9.459221,3.075585,0.3764,0.0013,-0.039,0.2116
/kaggle/input/datasets/duc24kdl/sub-x-ray/sub_X-Ray/sub_chest/IM-0478-0001.jpeg,,sub_chest,IM-0478-0001.jpeg,ok,419x390 -> 1676x1560,4,1,151.23,37.2519,12.242996,3.498999,0.8973,0.9812,0.4495,8.7278,37.6615,11.141117,3.337831,0.9,0.9825,0.488,0.488,0.488,8.4772,128.4749,59.3601,128.4749,59.3601,0.0644,37.6615,0.9,11.141117,3.337831,0.4096,0.0014,-0.0385,0.2506
/kaggle/input/datasets/duc24kdl/sub-x-ray/sub_X-Ray/sub_chest/IM-0479-0001.jpeg,,sub_chest,IM-0479-0001.jpeg,ok,359x231 -> 1436x924,4,1,68.22,35.9538,16.508173,4.063025,0.8841,0.9787,0.4452,8.5898,36.3993,14.898725,3.859887,0.8875,0.9804,0.4813,0.4813,0.4813,8.1261,126.8614,69.2636,126.8614,69.2636,0.048,36.3993,0.8875,14.898725,3.859887,0.4455,0.0017,-0.0361,0.4637
/kaggle/input/datasets/duc24kdl/sub-x-ray/sub_X-Ray/sub_chest/IM-0480-0001.jpeg,,sub_chest,IM-0480-0001.jpeg,ok,554x545 -> 2216x2180,4,1,278.92,38.2809,9.660268,3.108097,0.9204,0.9844,0.3798,8.4196,38.661,8.850714,2.975015,0.923,0.9857,0.4119,0.4119,0.4119,8.1453,99.0998,60.3601,99.0998,60.3601,0.1131,38.661,0.923,8.850714,2.975015,0.3801,0.0013,-0.0321,0.2743
/kaggle/input/datasets/duc24kdl/sub-x-ray/sub_X-Ray/sub_chest/IM-0481-0001.jpeg,,sub_chest,IM-0481-0001.jpeg,ok,305x242 -> 1220x968,4,1,61.31,36.648,14.069553,3.75094,0.8972,0.9814,0.4478,8.5812,37.0356,12.868142,3.587219,0.9005,0.983,0.4908,0.4908,0.4908,8.23,111.2355,54.2618,111.2355,54.2618,0.0883,37.0356,0.9005,12.868142,3.587219,0.3876,0.0016,-0.043,0.3512
/kaggle/input/datasets/duc24kdl/sub-x-ray/sub_X-Ray/sub_chest/IM-0482-0001.jpeg,,sub_chest,IM-0482-0001.jpeg,ok,313x257 -> 1252x1028,4,1,71.38,36.4616,14.6866,3.83231,0.8933,0.9804,0.4726,8.4088,36.877,13.346787,3.653325,0.8968,0.9822,0.5091,0.5091,0.5091,8.2217,117.889,56.4923,117.889,56.4923,0.1031,36.877,0.8968,13.346787,3.653325,0.4154,0.0018,-0.0366,0.1871
/kaggle/input/datasets/duc24kdl/sub-x-ray/sub_X-Ray/sub_chest/IM-0483-0001.jpeg,,sub_chest,IM-0483-0001.jpeg,ok,422x291 -> 1688x1164,4,1,106.11,36.621,14.157185,3.762603,0.8924,0.9798,0.4666,8.9694,37.055,12.810799,3.579218,0.8953,0.9814,0.5105,0.5105,0.5105,8.6511,135.6101,58.1264,135.6101,58.1264,0.0516,37.055,0.8953,12.810799,3.579218,0.434,0.0015,-0.0439,0.3183
/kaggle/input/datasets/duc24kdl/sub-x-ray/sub_X-Ray/sub_chest/IM-0484-0001.jpeg,,sub_chest,IM-0484-0001.jpeg,ok,376x280 -> 1504x1120,4,1,80.1,36.7269,13.816291,3.717027,0.894,0.9804,0.4507,8.755,37.1182,12.625855,3.553288,0.8971,0.982,0.4888,0.4888,0.4888,8.5086,125.754,61.9833,125.754,61.9833,0.0802,37.1182,0.8971,12.625855,3.553288,0.3913,0.0016,-0.0381,0.2464
/kaggle/input/datasets/duc24kdl/sub-x-ray/sub_X-Ray/sub_chest/IM-0485-0001.jpeg,,sub_chest,IM-0485-0001.jpeg,ok,351x264 -> 1404x1056,4,1,78.51,35.5758,18.00935,4.243742,0.8574,0.9741,0.4985,8.675,35.8907,16.749952,4.092671,0.8614,0.9762,0.538,0.538,0.538,8.2934,130.2114,54.5504,130.2114,54.5504,0.0589,35.8907,0.8614,16.749952,4.092671,0.3148,0.0021,-0.0396,0.3816
/kaggle/input/datasets/duc24kdl/sub-x-ray/sub_X-Ray/sub_chest/IM-0486-0001.jpeg,,sub_chest,IM-0486-0001.jpeg,ok,452x372 -> 1808x1488,4,1,144.18,37.2771,12.172214,3.48887,0.9002,0.9816,0.4222,8.7473,37.732,10.961687,3.310844,0.9031,0.983,0.4597,0.4597,0.4597,8.4212,121.0209,66.7909,121.0209,66.7909,0.13,37.732,0.9031,10.961687,3.310844,0.4549,0.0014,-0.0375,0.326
/kaggle/input/datasets/duc24kdl/sub-x-ray/sub_X-Ray/sub_chest/IM-0487-0001.jpeg,,sub_chest,IM-0487-0001.jpeg,ok,444x365 -> 1776x1460,4,1,139.77,34.6788,22.141289,4.705453,0.8232,0.9696,0.5155,8.6029,34.9594,20.75565,4.555837,0.8273,0.9718,0.5483,0.5483,0.5483,8.0609,135.2123,68.3516,135.2123,68.3516,0.0565,34.9594,0.8273,20.75565,4.555837,0.2807,0.0022,-0.0328,0.542
/kaggle/input/datasets/duc24kdl/sub-x-ray/sub_X-Ray/sub_chest/IM-0488-0001.jpeg,,sub_chest,IM-0488-0001.jpeg,ok,320x227 -> 1280x908,4,1,48.67,36.0862,16.012441,4.001555,0.8926,0.9807,0.4589,8.7228,36.429,14.797196,3.846712,0.8956,0.9822,0.5033,0.5033,0.5033,8.4026,121.1074,59.844,121.1074,59.844,0.0454,36.429,0.8956,14.797196,3.846712,0.3428,0.0015,-0.0444,0.3202
/kaggle/input/datasets/duc24kdl/sub-x-ray/sub_X-Ray/sub_chest/IM-0489-0001.jpeg,,sub_chest,IM-0489-0001.jpeg,ok,327x287 -> 1308x1148,4,1,79.69,36.155,15.760892,3.969999,0.8688,0.9759,0.4903,8.7009,36.5076,14.53194,3.812078,0.8724,0.9778,0.5295,0.5295,0.5295,8.4018,144.9001,57.2029,144.9001,57.2029,0.1061,36.5076,0.8724,14.53194,3.812078,0.3526,0.0019,-0.0392,0.2991
/kaggle/input/datasets/duc24kdl/sub-x-ray/sub_X-Ray/sub_chest/IM-0490-0001.jpeg,,sub_chest,IM-0490-0001.jpeg,ok,556x503 -> 2224x2012,4,1,246.42,37.2412,12.273187,3.503311,0.8932,0.9801,0.4526,8.8805,37.4868,11.598366,3.405637,0.8957,0.9814,0.4919,0.4919,0.4919,8.6498,126.7396,56.9992,126.7396,56.9992,0.0402,37.4868,0.8957,11.598366,3.405637,0.2456,0.0013,-0.0393,0.2307
/kaggle/input/datasets/duc24kdl/sub-x-ray/sub_X-Ray/sub_chest/IM-0491-0001-0001.jpeg,,sub_chest,IM-0491-0001-0001.jpeg,ok,396x323 -> 1584x1292,4,1,109.81,36.9563,13.105491,3.620151,0.9002,0.9815,0.4528,8.7973,37.4291,11.753609,3.428354,0.9033,0.983,0.4943,0.4943,0.4943,8.5833,129.8983,63.7294,129.8983,63.7294,0.0813,37.4291,0.9033,11.753609,3.428354,0.4728,0.0016,-0.0415,0.214
/kaggle/input/datasets/duc24kdl/sub-x-ray/sub_X-Ray/sub_chest/IM-0491-0001-0002.jpeg,,sub_chest,IM-0491-0001-0002.jpeg,ok,401x353 -> 1604x1412,4,1,129.94,33.0858,31.952257,5.652633,0.9,0.9818,0.4301,8.5982,33.756,27.383112,5.232888,0.9028,0.9832,0.4574,0.4574,0.4574,8.1422,130.2665,74.3051,130.2665,74.3051,0.104,33.756,0.9028,27.383112,5.232888,0.6702,0.0014,-0.0274,0.456
/kaggle/input/datasets/duc24kdl/sub-x-ray/sub_X-Ray/sub_chest/IM-0491-0001.jpeg,,sub_chest,IM-0491-0001.jpeg,ok,576x521 -> 2304x2084,4,1,255.02,37.8585,10.64697,3.26297,0.9377,0.9878,0.3805,8.8992,38.1537,9.947409,3.153951,0.9402,0.989,0.4204,0.4204,0.4204,8.6547,105.2503,59.9767,105.2503,59.9767,0.0525,38.1537,0.9402,9.947409,3.153951,0.2952,0.0011,-0.0399,0.2445
/kaggle/input/datasets/duc24kdl/sub-x-ray/sub_X-Ray/sub_chest/IM-0492-0001.jpeg,,sub_chest,IM-0492-0001.jpeg,ok,409x367 -> 1636x1468,4,1,136.29,37.5191,11.512554,3.393015,0.904,0.9819,0.4379,8.644,37.848,10.67297,3.266951,0.9067,0.9833,0.4763,0.4763,0.4763,8.3328,137.3945,61.1867,137.3945,61.1867,0.0631,37.848,0.9067,10.67297,3.266951,0.3289,0.0014,-0.0384,0.3112
/kaggle/input/datasets/duc24kdl/sub-x-ray/sub_X-Ray/sub_chest/IM-0493-0001.jpeg,,sub_chest,IM-0493-0001.jpeg,ok,565x559 -> 2260x2236,4,1,296.19,38.9543,8.272745,2.876238,0.9283,0.986,0.3893,8.772,39.3646,7.526945,2.743528,0.9308,0.9872,0.4229,0.4229,0.4229,8.619,93.4536,55.4475,93.4536,55.4475,0.0879,39.3646,0.9308,7.526945,2.743528,0.4103,0.0012,-0.0336,0.153
/kaggle/input/datasets/duc24kdl/sub-x-ray/sub_X-Ray/sub_chest/IM-0494-0001.jpeg,,sub_chest,IM-0494-0001.jpeg,ok,423x325 -> 1692x1300,4,1,125.24,36.763,13.701906,3.701609,0.8837,0.9784,0.4829,8.9383,37.1143,12.637112,3.554872,0.8868,0.98,0.5237,0.5237,0.5237,8.7186,143.5506,58.3388,143.5506,58.3388,0.0954,37.1143,0.8868,12.637112,3.554872,0.3513,0.0016,-0.0409,0.2197
/kaggle/input/datasets/duc24kdl/sub-x-ray/sub_X-Ray/sub_chest/IM-0495-0001.jpeg,,sub_chest,IM-0495-0001.jpeg,ok,516x437 -> 2064x1748,4,1,196.97,37.5342,11.472573,3.387119,0.9058,0.9822,0.417,8.4225,37.9505,10.423892,3.228605,0.9088,0.9837,0.4523,0.4523,0.4523,8.1769,122.102,68.0314,122.102,68.0314,0.0932,37.9505,0.9088,10.423892,3.228605,0.4163,0.0015,-0.0353,0.2456
/kaggle/input/datasets/duc24kdl/sub-x-ray/sub_X-Ray/sub_chest/IM-0496-0001.jpeg,,sub_chest,IM-0496-0001.jpeg,ok,456x356 -> 1824x1424,4,1,134.22,36.8691,13.371198,3.656665,0.8877,0.9791,0.4743,8.9647,37.1933,12.409452,3.522705,0.8904,0.9805,0.5179,0.5179,0.5179,8.7555,150.1384,53.5789,150.1384,53.5789,0.0859,37.1933,0.8904,12.409452,3.522705,0.3242,0.0014,-0.0436,0.2092
/kaggle/input/datasets/duc24kdl/sub-x-ray/sub_X-Ray/sub_chest/IM-0497-0001-0001.jpeg,,sub_chest,IM-0497-0001-0001.jpeg,ok,321x253 -> 1284x1012,4,1,68.29,36.3172,15.183048,3.896543,0.8973,0.9814,0.4529,8.6683,36.6801,13.966083,3.737122,0.9004,0.9829,0.4971,0.4971,0.4971,8.3573,131.0534,56.8724,131.0534,56.8724,0.0874,36.6801,0.9004,13.966083,3.737122,0.3628,0.0015,-0.0442,0.311
/kaggle/input/datasets/duc24kdl/sub-x-ray/sub_X-Ray/sub_chest/IM-0497-0001-0002.jpeg,,sub_chest,IM-0497-0001-0002.jpeg,ok,483x390 -> 1932x1560,4,1,177.37,37.361,11.939283,3.455327,0.9047,0.9822,0.437,8.7633,37.8125,10.760448,3.280312,0.9076,0.9836,0.4764,0.4764,0.4764,8.4731,118.5644,60.0788,118.5644,60.0788,0.0965,37.8125,0.9076,10.760448,3.280312,0.4515,0.0014,-0.0394,0.2902
/kaggle/input/datasets/duc24kdl/sub-x-ray/sub_X-Ray/sub_chest/IM-0497-0001.jpeg,,sub_chest,IM-0497-0001.jpeg,ok,334x298 -> 1336x1192,4,1,84.94,36.4639,14.678708,3.83128,0.8906,0.9797,0.4747,8.7291,36.8744,13.354973,3.654446,0.8942,0.9815,0.5103,0.5103,0.5103,8.4173,131.351,54.731,131.351,54.731,0.1241,36.8744,0.8942,13.354973,3.654446,0.4104,0.0019,-0.0356,0.3118
/kaggle/input/datasets/duc24kdl/sub-x-ray/sub_X-Ray/sub_chest/IM-0499-0001-0001.jpeg,,sub_chest,IM-0499-0001-0001.jpeg,ok,395x264 -> 1580x1056,4,1,91.38,36.3889,14.934556,3.864525,0.8893,0.9792,0.433,8.2532,36.788,13.623383,3.690987,0.8925,0.981,0.4673,0.4673,0.4673,8.0891,117.4181,62.6742,117.4181,62.6742,0.0975,36.788,0.8925,13.623383,3.690987,0.3991,0.0018,-0.0343,0.164
/kaggle/input/datasets/duc24kdl/sub-x-ray/sub_X-Ray/sub_chest/IM-0499-0001-0002.jpeg,,sub_chest,IM-0499-0001-0002.jpeg,ok,361x347 -> 1444x1388,4,1,113.1,36.8563,13.410785,3.662074,0.8995,0.981,0.4561,8.7462,37.1579,12.510812,3.537063,0.9028,0.9827,0.495,0.495,0.495,8.4379,126.3733,59.6925,126.3733,59.6925,0.0651,37.1579,0.9028,12.510812,3.537063,0.3017,0.0017,-0.0389,0.3082
/kaggle/input/datasets/duc24kdl/sub-x-ray/sub_X-Ray/sub_chest/IM-0499-0001.jpeg,,sub_chest,IM-0499-0001.jpeg,ok,418x373 -> 1672x1492,4,1,143.33,37.8082,10.771145,3.281942,0.9042,0.9824,0.4686,9.0108,38.1257,10.011738,3.164133,0.9073,0.9838,0.5092,0.5092,0.5092,8.7925,132.6473,58.2321,132.6473,58.2321,0.058,38.1257,0.9073,10.011738,3.164133,0.3175,0.0014,-0.0406,0.2183
/kaggle/input/datasets/duc24kdl/sub-x-ray/sub_X-Ray/sub_chest/IM-0500-0001.jpeg,,sub_chest,IM-0500-0001.jpeg,ok,350x309 -> 1400x1236,4,1,93.08,37.6302,11.221869,3.349906,0.9213,0.985,0.4014,8.7058,38.271,9.682317,3.111642,0.9247,0.9865,0.4351,0.4351,0.4351,8.3445,127.2624,69.5261,127.2624,69.5261,0.1821,38.271,0.9247,9.682317,3.111642,0.6409,0.0016,-0.0337,0.3613
/kaggle/input/datasets/duc24kdl/sub-x-ray/sub_X-Ray/sub_chest/IM-0501-0001-0001.jpeg,,sub_chest,IM-0501-0001-0001.jpeg,ok,341x262 -> 1364x1048,4,1,74.67,36.4674,14.667094,3.829764,0.8944,0.9809,0.4511,8.4776,36.9701,13.063789,3.614386,0.8979,0.9826,0.4884,0.4884,0.4884,8.168,123.4598,64.494,123.4598,64.494,0.0864,36.9701,0.8979,13.063789,3.614386,0.5027,0.0017,-0.0373,0.3096
/kaggle/input/datasets/duc24kdl/sub-x-ray/sub_X-Ray/sub_chest/IM-0501-0001-0002.jpeg,,sub_chest,IM-0501-0001-0002.jpeg,ok,390x264 -> 1560x1056,4,1,88.06,37.0921,12.701885,3.56397,0.9119,0.9833,0.4232,8.9031,37.6322,11.216697,3.349134,0.915,0.9848,0.4578,0.4578,0.4578,8.5968,100.4211,47.8539,100.4211,47.8539,0.1008,37.6322,0.915,11.216697,3.349134,0.54,0.0015,-0.0346,0.3063
/kaggle/input/datasets/duc24kdl/sub-x-ray/sub_X-Ray/sub_chest/IM-0501-0001.jpeg,,sub_chest,IM-0501-0001.jpeg,ok,467x476 -> 1868x1904,4,1,208.41,38.4664,9.256466,3.042444,0.9129,0.9838,0.434,8.7388,38.7609,8.64958,2.941017,0.9154,0.985,0.4747,0.4747,0.4747,8.5966,122.5678,58.2307,122.5678,58.2307,0.0581,38.7609,0.9154,8.64958,2.941017,0.2945,0.0012,-0.0407,0.1422
/kaggle/input/datasets/duc24kdl/sub-x-ray/sub_X-Ray/sub_chest/IM-0502-0001.jpeg,,sub_chest,IM-0502-0001.jpeg,ok,539x484 -> 2156x1936,4,1,243.95,37.3846,11.874621,3.445957,0.8824,0.9786,0.4769,8.7298,37.6062,11.283802,3.359137,0.8852,0.98,0.5126,0.5126,0.5126,8.5429,159.5984,64.8111,159.5984,64.8111,0.0617,37.6062,0.8852,11.283802,3.359137,0.2216,0.0014,-0.0357,0.1869
/kaggle/input/datasets/duc24kdl/sub-x-ray/sub_X-Ray/sub_chest/IM-0503-0001.jpeg,,sub_chest,IM-0503-0001.jpeg,ok,376x292 -> 1504x1168,4,1,83.49,36.0415,16.178345,4.022231,0.8737,0.977,0.4657,8.8063,36.403,14.885931,3.858229,0.877,0.9787,0.5048,0.5048,0.5048,8.4506,122.7457,60.3317,122.7457,60.3317,0.0725,36.403,0.877,14.885931,3.858229,0.3616,0.0017,-0.0391,0.3558
/kaggle/input/datasets/duc24kdl/sub-x-ray/sub_X-Ray/sub_chest/IM-0504-0001.jpeg,,sub_chest,IM-0504-0001.jpeg,ok,388x362 -> 1552x1448,4,1,117.81,37.7854,10.827774,3.290558,0.9115,0.9837,0.4039,8.4403,38.1769,9.894473,3.145548,0.9144,0.9851,0.4385,0.4385,0.4385,8.2341,111.1076,68.0052,111.1076,68.0052,0.0964,38.1769,0.9144,9.894473,3.145548,0.3915,0.0014,-0.0346,0.2062
/kaggle/input/datasets/duc24kdl/sub-x-ray/sub_X-Ray/sub_chest/IM-0505-0001-0001.jpeg,,sub_chest,IM-0505-0001-0001.jpeg,ok,350x305 -> 1400x1220,4,1,93.1,36.2166,15.539065,3.941962,0.8897,0.9798,0.4721,8.7355,36.5515,14.385545,3.792828,0.893,0.9815,0.5093,0.5093,0.5093,8.4552,132.369,62.0946,132.369,62.0946,0.041,36.5515,0.893,14.385545,3.792828,0.335,0.0017,-0.0372,0.2803
/kaggle/input/datasets/duc24kdl/sub-x-ray/sub_X-Ray/sub_chest/IM-0505-0001-0002.jpeg,,sub_chest,IM-0505-0001-0002.jpeg,ok,328x292 -> 1312x1168,4,1,68.82,37.6691,11.121633,3.334911,0.9249,0.9856,0.4051,8.8682,38.2262,9.782829,3.127751,0.928,0.987,0.4402,0.4402,0.4402,8.6076,104.0649,51.6951,104.0649,51.6951,0.0832,38.2262,0.928,9.782829,3.127751,0.557,0.0014,-0.035,0.2606
/kaggle/input/datasets/duc24kdl/sub-x-ray/sub_X-Ray/sub_chest/IM-0505-0001.jpeg,,sub_chest,IM-0505-0001.jpeg,ok,424x332 -> 1696x1328,4,1,113.01,37.0941,12.696105,3.563159,0.8974,0.9809,0.4424,8.672,37.5266,11.492715,3.390091,0.9006,0.9825,0.4802,0.4802,0.4802,8.4041,132.3695,61.1984,132.3695,61.1984,0.1034,37.5266,0.9006,11.492715,3.390091,0.4325,0.0016,-0.0379,0.2679
/kaggle/input/datasets/duc24kdl/sub-x-ray/sub_X-Ray/sub_chest/IM-0506-0001.jpeg,,sub_chest,IM-0506-0001.jpeg,ok,425x342 -> 1700x1368,4,1,134.73,36.7186,13.84266,3.720573,0.8855,0.9786,0.4594,8.651,37.0781,12.742958,3.569728,0.8891,0.9805,0.4925,0.4925,0.4925,8.2903,122.1362,59.0996,122.1362,59.0996,0.0893,37.0781,0.8891,12.742958,3.569728,0.3595,0.0019,-0.0331,0.3607
/kaggle/input/datasets/duc24kdl/sub-x-ray/sub_X-Ray/sub_chest/IM-0507-0001.jpeg,,sub_chest,IM-0507-0001.jpeg,ok,438x346 -> 1752x1384,4,1,134.92,37.3798,11.887644,3.447846,0.9144,0.984,0.4101,8.5471,37.8287,10.720383,3.2742,0.9173,0.9855,0.4441,0.4441,0.4441,8.2522,112.6664,63.7662,112.6664,63.7662,0.0773,37.8287,0.9173,10.720383,3.2742,0.4489,0.0015,-0.0339,0.295
/kaggle/input/datasets/duc24kdl/sub-x-ray/sub_X-Ray/sub_chest/IM-0508-0001.jpeg,,sub_chest,IM-0508-0001.jpeg,ok,484x417 -> 1936x1668,4,1,176.29,37.5765,11.361271,3.370648,0.9103,0.9828,0.4067,8.5593,38.0179,10.263489,3.203668,0.9136,0.9844,0.4418,0.4418,0.4418,8.2588,115.4601,66.7278,115.4601,66.7278,0.048,38.0179,0.9136,10.263489,3.203668,0.4413,0.0016,-0.0351,0.3006
/kaggle/input/datasets/duc24kdl/sub-x-ray/sub_X-Ray/sub_chest/IM-0509-0001-0001.jpeg,,sub_chest,IM-0509-0001-0001.jpeg,ok,358x281 -> 1432x1124,4,1,84.99,36.5275,14.465262,3.803322,0.8969,0.9807,0.4254,8.4889,36.9967,12.983951,3.603325,0.9002,0.9824,0.4609,0.4609,0.4609,8.2709,129.242,66.0791,129.242,66.0791,0.1191,36.9967,0.9002,12.983951,3.603325,0.4692,0.0016,-0.0355,0.218
/kaggle/input/datasets/duc24kdl/sub-x-ray/sub_X-Ray/sub_chest/IM-0509-0001-0002.jpeg,,sub_chest,IM-0509-0001-0002.jpeg,ok,326x230 -> 1304x920,4,1,59.67,35.7809,17.178721,4.144722,0.8686,0.976,0.4892,8.5513,36.1222,15.880371,3.985018,0.8722,0.978,0.5248,0.5248,0.5248,8.2853,140.3108,60.1317,140.3108,60.1317,0.1052,36.1222,0.8722,15.880371,3.985018,0.3413,0.002,-0.0356,0.266
/kaggle/input/datasets/duc24kdl/sub-x-ray/sub_X-Ray/sub_chest/IM-0509-0001.jpeg,,sub_chest,IM-0509-0001.jpeg,ok,312x261 -> 1248x1044,4,1,56.6,34.2831,24.253448,4.924779,0.8313,0.9698,0.4753,8.2756,34.5906,22.595277,4.753449,0.8358,0.9722,0.4999,0.4999,0.4999,7.8361,126.1594,69.3453,126.1594,69.3453,0.0839,34.5906,0.8358,22.595277,4.753449,0.3076,0.0024,-0.0247,0.4395
/kaggle/input/datasets/duc24kdl/sub-x-ray/sub_X-Ray/sub_chest/IM-0510-0001.jpeg,,sub_chest,IM-0510-0001.jpeg,ok,404x286 -> 1616x1144,4,1,96.76,36.8343,13.478881,3.671359,0.8997,0.9814,0.411,8.5671,37.3214,12.048843,3.471144,0.9027,0.983,0.445,0.445,0.445,8.2834,120.4776,70.984,120.4776,70.984,0.1024,37.3214,0.9027,12.048843,3.471144,0.4871,0.0015,-0.034,0.2837
/kaggle/input/datasets/duc24kdl/sub-x-ray/sub_X-Ray/sub_chest/IM-0511-0001-0001.jpeg,,sub_chest,IM-0511-0001-0001.jpeg,ok,325x296 -> 1300x1184,4,1,83.95,36.7258,13.819618,3.717475,0.8845,0.9785,0.4713,8.8002,37.0839,12.72608,3.567363,0.8879,0.9803,0.5115,0.5115,0.5115,8.6549,120.3141,51.3202,120.3141,51.3202,0.1096,37.0839,0.8879,12.72608,3.567363,0.358,0.0018,-0.0402,0.1453
/kaggle/input/datasets/duc24kdl/sub-x-ray/sub_X-Ray/sub_chest/IM-0511-0001-0002.jpeg,,sub_chest,IM-0511-0001-0002.jpeg,ok,467x373 -> 1868x1492,4,1,160.57,37.899,10.548189,3.247798,0.9147,0.9836,0.4015,8.648,38.2661,9.693222,3.113394,0.9176,0.985,0.436,0.436,0.436,8.435,112.5364,59.9962,112.5364,59.9962,0.0842,38.2661,0.9176,9.693222,3.113394,0.3671,0.0015,-0.0345,0.2129
/kaggle/input/datasets/duc24kdl/sub-x-ray/sub_X-Ray/sub_chest/IM-0511-0001.jpeg,,sub_chest,IM-0511-0001.jpeg,ok,515x459 -> 2060x1836,4,1,220.43,37.9261,10.482749,3.237707,0.9114,0.9834,0.4207,8.6991,38.314,9.58685,3.096264,0.9141,0.9847,0.4577,0.4577,0.4577,8.5129,119.8802,67.7114,119.8802,67.7114,0.0887,38.314,0.9141,9.58685,3.096264,0.388,0.0013,-0.037,0.1862
/kaggle/input/datasets/duc24kdl/sub-x-ray/sub_X-Ray/sub_chest/IM-0512-0001.jpeg,,sub_chest,IM-0512-0001.jpeg,ok,389x319 -> 1556x1276,4,1,112.35,34.5422,22.848572,4.780018,0.8246,0.9683,0.4891,8.6111,34.8519,21.276249,4.612618,0.8289,0.9705,0.5217,0.5217,0.5217,8.2629,131.0206,68.1502,131.0206,68.1502,0.0732,34.8519,0.8289,21.276249,4.612618,0.3096,0.0023,-0.0327,0.3482
/kaggle/input/datasets/duc24kdl/sub-x-ray/sub_X-Ray/sub_chest/IM-0513-0001.jpeg,,sub_chest,IM-0513-0001.jpeg,ok,373x256 -> 1492x1024,4,1,82.14,36.9274,13.192968,3.632213,0.9066,0.9828,0.426,8.5774,37.4585,11.674346,3.416774,0.9097,0.9843,0.4666,0.4666,0.4666,8.2478,112.4263,62.0169,112.4263,62.0169,0.1171,37.4585,0.9097,11.674346,3.416774,0.5311,0.0015,-0.0406,0.3295
/kaggle/input/datasets/duc24kdl/sub-x-ray/sub_X-Ray/sub_chest/IM-0514-0001.jpeg,,sub_chest,IM-0514-0001.jpeg,ok,466x325 -> 1864x1300,4,1,138.13,36.9438,13.143124,3.625345,0.8986,0.9813,0.4142,8.342,37.3654,11.927339,3.453598,0.9014,0.9828,0.4496,0.4496,0.4496,8.0469,119.8653,71.9404,119.8653,71.9404,0.0568,37.3654,0.9014,11.927339,3.453598,0.4216,0.0014,-0.0354,0.2951
/kaggle/input/datasets/duc24kdl/sub-x-ray/sub_X-Ray/sub_chest/IM-0515-0001.jpeg,,sub_chest,IM-0515-0001.jpeg,ok,411x291 -> 1644x1164,4,1,107.55,36.8221,13.516628,3.676497,0.9017,0.9815,0.4189,8.4996,37.3193,12.054557,3.471967,0.9048,0.9831,0.4517,0.4517,0.4517,8.1548,102.832,60.1091,102.832,60.1091,0.1197,37.3193,0.9048,12.054557,3.471967,0.4972,0.0017,-0.0328,0.3448
/kaggle/input/datasets/duc24kdl/sub-x-ray/sub_X-Ray/sub_chest/IM-0516-0001.jpeg,,sub_chest,IM-0516-0001.jpeg,ok,374x245 -> 1496x980,4,1,76.06,35.1343,19.936488,4.465029,0.8657,0.9759,0.4301,8.1201,35.5721,18.024876,4.245571,0.8694,0.9779,0.4582,0.4582,0.4582,7.7484,106.5999,71.2863,106.5999,71.2863,0.081,35.5721,0.8694,18.024876,4.245571,0.4378,0.002,-0.0282,0.3717
/kaggle/input/datasets/duc24kdl/sub-x-ray/sub_X-Ray/sub_chest/IM-0517-0001-0001.jpeg,,sub_chest,IM-0517-0001-0001.jpeg,ok,525x413 -> 2100x1652,4,1,203.15,37.6127,11.266984,3.356633,0.905,0.9824,0.4461,8.9561,37.9726,10.37093,3.220393,0.9077,0.9837,0.4875,0.4875,0.4875,8.71,138.9351,61.0688,138.9351,61.0688,0.0744,37.9726,0.9077,10.37093,3.220393,0.3599,0.0013,-0.0414,0.2462
/kaggle/input/datasets/duc24kdl/sub-x-ray/sub_X-Ray/sub_chest/IM-0517-0001.jpeg,,sub_chest,IM-0517-0001.jpeg,ok,711x516 -> 2844x2064,4,1,345.31,35.952,16.515098,4.063877,0.8469,0.9731,0.4713,8.6212,36.1279,15.859435,3.982391,0.8502,0.9749,0.5049,0.5049,0.5049,8.3046,120.5601,64.1122,120.5601,64.1122,0.053,36.1279,0.8502,15.859435,3.982391,0.1759,0.0018,-0.0336,0.3166
/kaggle/input/datasets/duc24kdl/sub-x-ray/sub_X-Ray/sub_chest/IM-0519-0001-0001.jpeg,,sub_chest,IM-0519-0001-0001.jpeg,ok,435x330 -> 1740x1320,4,1,131.2,37.3332,12.015949,3.466403,0.9061,0.9827,0.457,8.9398,37.708,11.022568,3.320025,0.9088,0.9841,0.4985,0.4985,0.4985,8.6568,127.9813,54.4294,127.9813,54.4294,0.0489,37.708,0.9088,11.022568,3.320025,0.3748,0.0014,-0.0415,0.283
/kaggle/input/datasets/duc24kdl/sub-x-ray/sub_X-Ray/sub_chest/IM-0519-0001-0002.jpeg,,sub_chest,IM-0519-0001-0002.jpeg,ok,503x394 -> 2012x1576,4,1,181.91,37.969,10.379587,3.221737,0.9173,0.9847,0.4079,8.6391,38.3143,9.586393,3.09619,0.9198,0.986,0.4453,0.4453,0.4453,8.4474,113.8935,67.8103,113.8935,67.8103,0.0725,38.3143,0.9198,9.586393,3.09619,0.3452,0.0012,-0.0374,0.1916
/kaggle/input/datasets/duc24kdl/sub-x-ray/sub_X-Ray/sub_chest/IM-0519-0001.jpeg,,sub_chest,IM-0519-0001.jpeg,ok,455x426 -> 1820x1704,4,1,182.07,38.0085,10.28562,3.20712,0.9111,0.9834,0.4377,8.8521,38.3729,9.457751,3.075346,0.9139,0.9847,0.477,0.477,0.477,8.4719,131.4965,63.9437,131.4965,63.9437,0.0536,38.3729,0.9139,9.457751,3.075346,0.3644,0.0013,-0.0394,0.3802
/kaggle/input/datasets/duc24kdl/sub-x-ray/sub_X-Ray/sub_chest/IM-0520-0001.jpeg,,sub_chest,IM-0520-0001.jpeg,ok,410x386 -> 1640x1544,4,1,142.48,37.4632,11.661676,3.41492,0.9135,0.9837,0.4153,8.7465,37.946,10.434622,3.230267,0.9167,0.9853,0.4497,0.4497,0.4497,8.3199,107.5156,64.6265,107.5156,64.6265,0.0665,37.946,0.9167,10.434622,3.230267,0.4828,0.0016,-0.0344,0.4266
/kaggle/input/datasets/duc24kdl/sub-x-ray/sub_X-Ray/sub_chest/IM-0521-0001.jpeg,,sub_chest,IM-0521-0001.jpeg,ok,722x633 -> 2888x2532,4,1,526.62,38.4629,9.263725,3.043637,0.9076,0.9822,0.4425,9.0784,38.7143,8.742842,2.95683,0.9099,0.9833,0.481,0.481,0.481,8.7928,135.4537,58.5675,135.4537,58.5675,0.0601,38.7143,0.9099,8.742842,2.95683,0.2513,0.0012,-0.0385,0.2856
/kaggle/input/datasets/duc24kdl/sub-x-ray/sub_X-Ray/sub_chest/IM-0522-0001.jpeg,,sub_chest,IM-0522-0001.jpeg,ok,409x268 -> 1636x1072,4,1,95.67,36.7323,13.798985,3.714699,0.9036,0.9821,0.3899,8.1209,37.217,12.341966,3.513113,0.9064,0.9835,0.4242,0.4242,0.4242,8.2247,108.3084,70.0446,108.3084,70.0446,0.0386,37.217,0.9064,12.341966,3.513113,0.4846,0.0014,-0.0343,-0.1038
/kaggle/input/datasets/duc24kdl/sub-x-ray/sub_X-Ray/sub_chest/IM-0523-0001-0001.jpeg,,sub_chest,IM-0523-0001-0001.jpeg,ok,335x264 -> 1340x1056,4,1,73.21,35.9382,16.567703,4.070344,0.873,0.9766,0.4664,8.5997,36.2192,15.52965,3.940768,0.8764,0.9785,0.5016,0.5016,0.5016,8.2826,125.5596,57.8713,125.5596,57.8713,0.0593,36.2192,0.8764,15.52965,3.940768,0.281,0.0019,-0.0352,0.3171
/kaggle/input/datasets/duc24kdl/sub-x-ray/sub_X-Ray/sub_chest/IM-0523-0001-0002.jpeg,,sub_chest,IM-0523-0001-0002.jpeg,ok,440x370 -> 1760x1480,4,1,134.71,37.5158,11.521308,3.394305,0.9061,0.9822,0.4401,8.8094,37.9183,10.501458,3.240595,0.9094,0.9838,0.4778,0.4778,0.4778,8.5467,121.5131,60.1224,121.5131,60.1224,0.0489,37.9183,0.9094,10.501458,3.240595,0.4025,0.0016,-0.0377,0.2626
/kaggle/input/datasets/duc24kdl/sub-x-ray/sub_X-Ray/sub_chest/IM-0523-0001-0003.jpeg,,sub_chest,IM-0523-0001-0003.jpeg,ok,407x291 -> 1628x1164,4,1,105.99,34.692,22.073871,4.698284,0.8227,0.9677,0.5113,8.5398,34.9921,20.600319,4.538757,0.8268,0.9701,0.5451,0.5451,0.5451,8.1917,129.9191,60.9578,129.9191,60.9578,0.0985,34.9921,0.8268,20.600319,4.538757,0.3,0.0023,-0.0338,0.3481
/kaggle/input/datasets/duc24kdl/sub-x-ray/sub_X-Ray/sub_chest/IM-0523-0001.jpeg,,sub_chest,IM-0523-0001.jpeg,ok,373x276 -> 1492x1104,4,1,88.38,36.1474,15.788344,3.973455,0.8828,0.9783,0.4722,8.6577,36.612,14.186796,3.766536,0.8866,0.9802,0.5105,0.5105,0.5105,8.3093,140.972,61.6102,140.972,61.6102,0.1136,36.612,0.8866,14.186796,3.766536,0.4645,0.0019,-0.0383,0.3484
/kaggle/input/datasets/duc24kdl/sub-x-ray/sub_X-Ray/sub_chest/IM-0524-0001.jpeg,,sub_chest,IM-0524-0001.jpeg,ok,491x402 -> 1964x1608,4,1,180.25,37.496,11.573965,3.402053,0.9017,0.9816,0.4582,8.9051,37.8288,10.720208,3.274173,0.9046,0.983,0.4999,0.4999,0.4999,8.7561,139.9909,61.0448,139.9909,61.0448,0.0307,37.8288,0.9046,10.720208,3.274173,0.3328,0.0014,-0.0417,0.1489
/kaggle/input/datasets/duc24kdl/sub-x-ray/sub_X-Ray/sub_chest/IM-0525-0001-0001.jpeg,,sub_chest,IM-0525-0001-0001.jpeg,ok,317x254 -> 1268x1016,4,1,67.54,36.3521,15.061677,3.880938,0.8922,0.9802,0.475,8.7925,36.667,14.008074,3.742736,0.8952,0.9818,0.5144,0.5144,0.5144,8.4622,132.8394,49.3688,132.8394,49.3688,0.052,36.667,0.8952,14.008074,3.742736,0.3149,0.0016,-0.0394,0.3303
/kaggle/input/datasets/duc24kdl/sub-x-ray/sub_X-Ray/sub_chest/IM-0525-0001-0002.jpeg,,sub_chest,IM-0525-0001-0002.jpeg,ok,352x242 -> 1408x968,4,1,60.12,36.3107,15.205957,3.899482,0.9044,0.9826,0.4251,8.6755,36.7091,13.873134,3.724666,0.9073,0.9841,0.4588,0.4588,0.4588,8.4234,115.6803,64.6463,115.6803,64.6463,0.0362,36.7091,0.9073,13.873134,3.724666,0.3984,0.0015,-0.0337,0.2521
/kaggle/input/datasets/duc24kdl/sub-x-ray/sub_X-Ray/sub_chest/IM-0525-0001.jpeg,,sub_chest,IM-0525-0001.jpeg,ok,354x256 -> 1416x1024,4,1,76.32,36.9116,13.240901,3.638805,0.9088,0.9825,0.4401,8.8964,37.4693,11.645308,3.412522,0.9124,0.9842,0.4821,0.4821,0.4821,8.5049,116.5648,48.5132,116.5648,48.5132,0.1484,37.4693,0.9124,11.645308,3.412522,0.5577,0.0016,-0.042,0.3915
/kaggle/input/datasets/duc24kdl/sub-x-ray/sub_X-Ray/sub_chest/IM-0526-0001.jpeg,,sub_chest,IM-0526-0001.jpeg,ok,394x348 -> 1576x1392,4,1,121.49,37.305,12.094227,3.477676,0.9069,0.9828,0.4142,8.6052,37.7727,10.859506,3.295376,0.9098,0.9842,0.4514,0.4514,0.4514,8.2866,118.3845,69.3319,118.3845,69.3319,0.1243,37.7727,0.9098,10.859506,3.295376,0.4677,0.0014,-0.0372,0.3186
/kaggle/input/datasets/duc24kdl/sub-x-ray/sub_X-Ray/sub_chest/IM-0527-0001.jpeg,,sub_chest,IM-0527-0001.jpeg,ok,432x293 -> 1728x1172,4,1,100.87,36.9419,13.149034,3.62616,0.9078,0.9828,0.402,8.4066,37.4603,11.669474,3.416061,0.9109,0.9844,0.4331,0.4331,0.4331,8.1806,108.2561,67.6108,108.2561,67.6108,0.1242,37.4603,0.9109,11.669474,3.416061,0.5184,0.0016,-0.0311,0.226
/kaggle/input/datasets/duc24kdl/sub-x-ray/sub_X-Ray/sub_chest/IM-0528-0001.jpeg,,sub_chest,IM-0528-0001.jpeg,ok,356x282 -> 1424x1128,4,1,79.95,36.6426,14.086956,3.753259,0.9002,0.9817,0.4401,8.6151,37.1444,12.549969,3.542594,0.9035,0.9833,0.4818,0.4818,0.4818,8.3253,114.6965,61.5376,114.6965,61.5376,0.1231,37.1444,0.9035,12.549969,3.542594,0.5017,0.0016,-0.0418,0.2898
/kaggle/input/datasets/duc24kdl/sub-x-ray/sub_X-Ray/sub_chest/IM-0529-0001.jpeg,,sub_chest,IM-0529-0001.jpeg,ok,371x316 -> 1484x1264,4,1,105.45,36.5995,14.227417,3.771925,0.8912,0.9798,0.4574,8.8025,37.0646,12.782644,3.575282,0.8944,0.9814,0.4927,0.4927,0.4927,8.4826,121.3925,57.4781,121.3925,57.4781,0.1154,37.0646,0.8944,12.782644,3.575282,0.4651,0.0017,-0.0353,0.3199
/kaggle/input/datasets/duc24kdl/sub-x-ray/sub_X-Ray/sub_chest/IM-0530-0001.jpeg,,sub_chest,IM-0530-0001.jpeg,ok,364x282 -> 1456x1128,4,1,82.89,35.9095,16.677295,4.083784,0.8749,0.9772,0.4801,8.6167,36.2546,15.403539,3.924734,0.8786,0.9791,0.5183,0.5183,0.5183,8.37,128.9034,57.2194,128.9034,57.2194,0.0456,36.2546,0.8786,15.403539,3.924734,0.3451,0.0019,-0.0382,0.2468
/kaggle/input/datasets/duc24kdl/sub-x-ray/sub_X-Ray/sub_chest/IM-0531-0001-0001.jpeg,,sub_chest,IM-0531-0001-0001.jpeg,ok,470x338 -> 1880x1352,4,1,145.94,37.384,11.876408,3.446216,0.9088,0.9832,0.4127,8.5712,37.772,10.861291,3.295647,0.9116,0.9846,0.4475,0.4475,0.4475,8.3773,115.0061,66.9864,115.0061,66.9864,0.0453,37.772,0.9116,10.861291,3.295647,0.388,0.0014,-0.0348,0.1939
/kaggle/input/datasets/duc24kdl/sub-x-ray/sub_X-Ray/sub_chest/IM-0531-0001.jpeg,,sub_chest,IM-0531-0001.jpeg,ok,406x400 -> 1624x1600,4,1,147.25,37.4949,11.576833,3.402475,0.902,0.9817,0.4474,8.9351,37.9085,10.525166,3.244251,0.905,0.9832,0.4864,0.4864,0.4864,8.6289,130.5289,59.4583,130.5289,59.4583,0.1271,37.9085,0.905,10.525166,3.244251,0.4136,0.0016,-0.039,0.3061
/kaggle/input/datasets/duc24kdl/sub-x-ray/sub_X-Ray/sub_chest/IM-0532-0001.jpeg,,sub_chest,IM-0532-0001.jpeg,ok,366x285 -> 1464x1140,4,1,88.92,36.7955,13.599735,3.687782,0.9036,0.9819,0.4186,8.6593,37.2544,12.235911,3.497987,0.9067,0.9834,0.4521,0.4521,0.4521,8.3867,122.7458,64.8545,122.7458,64.8545,0.0928,37.2544,0.9067,12.235911,3.497987,0.4589,0.0016,-0.0335,0.2726
/kaggle/input/datasets/duc24kdl/sub-x-ray/sub_X-Ray/sub_chest/IM-0533-0001-0001.jpeg,,sub_chest,IM-0533-0001-0001.jpeg,ok,477x369 -> 1908x1476,4,1,162.04,37.721,10.989453,3.315034,0.9109,0.9835,0.4088,8.7888,38.1202,10.02437,3.166129,0.9134,0.9847,0.4459,0.4459,0.4459,8.5498,112.8675,60.2083,112.8675,60.2083,0.0721,38.1202,0.9134,10.02437,3.166129,0.3992,0.0012,-0.0372,0.2389
/kaggle/input/datasets/duc24kdl/sub-x-ray/sub_X-Ray/sub_chest/IM-0533-0001-0002.jpeg,,sub_chest,IM-0533-0001-0002.jpeg,ok,439x371 -> 1756x1484,4,1,152.89,35.9588,16.489131,4.060681,0.8605,0.9746,0.4812,8.6018,36.2129,15.552118,3.943617,0.864,0.9765,0.5171,0.5171,0.5171,8.26,135.7453,62.5795,135.7453,62.5795,0.0562,36.2129,0.864,15.552118,3.943617,0.2541,0.0019,-0.0359,0.3418
/kaggle/input/datasets/duc24kdl/sub-x-ray/sub_X-Ray/sub_chest/IM-0533-0001.jpeg,,sub_chest,IM-0533-0001.jpeg,ok,629x591 -> 2516x2364,4,1,353.85,36.3155,15.188979,3.897304,0.8497,0.972,0.4781,8.6715,36.5123,14.516184,3.810011,0.8529,0.9738,0.5131,0.5131,0.5131,8.3919,130.9045,59.6078,130.9045,59.6078,0.0595,36.5123,0.8529,14.516184,3.810011,0.1968,0.0018,-0.0351,0.2796
/kaggle/input/datasets/duc24kdl/sub-x-ray/sub_X-Ray/sub_chest/IM-0534-0001.jpeg,,sub_chest,IM-0534-0001.jpeg,ok,406x343 -> 1624x1372,4,1,123.9,36.3995,14.897912,3.859781,0.8822,0.9772,0.4542,8.47,36.7434,13.763909,3.709974,0.8862,0.9794,0.4867,0.4867,0.4867,8.2287,105.3481,59.5651,105.3481,59.5651,0.0913,36.7434,0.8862,13.763909,3.709974,0.3438,0.0022,-0.0326,0.2413
/kaggle/input/datasets/duc24kdl/sub-x-ray/sub_X-Ray/sub_chest/IM-0535-0001.jpeg,,sub_chest,IM-0535-0001.jpeg,ok,380x277 -> 1520x1108,4,1,86.76,35.3519,18.962258,4.354567,0.8556,0.9739,0.4834,8.6441,35.701,17.497587,4.183012,0.8593,0.9759,0.5154,0.5154,0.5154,8.2927,135.1984,63.528,135.1984,63.528,0.0828,35.701,0.8593,17.497587,4.183012,0.3491,0.0021,-0.032,0.3514
/kaggle/input/datasets/duc24kdl/sub-x-ray/sub_X-Ray/sub_chest/IM-0536-0001.jpeg,,sub_chest,IM-0536-0001.jpeg,ok,417x336 -> 1668x1344,4,1,128.17,37.4707,11.641431,3.411954,0.9089,0.9833,0.4061,8.7644,37.9353,10.460552,3.234278,0.9116,0.9846,0.4459,0.4459,0.4459,8.4885,118.7424,72.8591,118.7424,72.8591,0.0905,37.9353,0.9116,10.460552,3.234278,0.4645,0.0013,-0.0398,0.2759
/kaggle/input/datasets/duc24kdl/sub-x-ray/sub_X-Ray/sub_chest/IM-0537-0001.jpeg,,sub_chest,IM-0537-0001.jpeg,ok,387x264 -> 1548x1056,4,1,90.82,36.7727,13.671268,3.697468,0.9034,0.9819,0.4496,8.8226,37.2431,12.267899,3.502556,0.9065,0.9835,0.4886,0.4886,0.4886,8.4924,134.5145,62.264,134.5145,62.264,0.0363,37.2431,0.9065,12.267899,3.502556,0.4704,0.0015,-0.0391,0.3301
/kaggle/input/datasets/duc24kdl/sub-x-ray/sub_X-Ray/sub_chest/IM-0538-0001.jpeg,,sub_chest,IM-0538-0001.jpeg,ok,475x398 -> 1900x1592,4,1,175.26,37.2111,12.358748,3.515501,0.9101,0.9831,0.4321,8.7982,37.5525,11.424366,3.379995,0.9131,0.9846,0.4703,0.4703,0.4703,8.4476,121.9549,63.7078,121.9549,63.7078,0.0836,37.5525,0.9131,11.424366,3.379995,0.3414,0.0015,-0.0381,0.3505
/kaggle/input/datasets/duc24kdl/sub-x-ray/sub_X-Ray/sub_chest/IM-0539-0001-0001.jpeg,,sub_chest,IM-0539-0001-0001.jpeg,ok,527x425 -> 2108x1700,4,1,209.16,37.6108,11.271977,3.357376,0.9044,0.9821,0.4335,8.9383,38.0007,10.303997,3.209984,0.907,0.9834,0.4745,0.4745,0.4745,8.7321,114.9959,57.3971,114.9959,57.3971,0.0821,38.0007,0.907,10.303997,3.209984,0.3899,0.0013,-0.041,0.2062
/kaggle/input/datasets/duc24kdl/sub-x-ray/sub_X-Ray/sub_chest/IM-0539-0001-0002.jpeg,,sub_chest,IM-0539-0001-0002.jpeg,ok,381x298 -> 1524x1192,4,1,101.75,37.0624,12.789217,3.576201,0.9071,0.9826,0.4429,8.9182,37.5438,11.447191,3.38337,0.9103,0.9842,0.4802,0.4802,0.4802,8.6072,127.0992,54.7827,127.0992,54.7827,0.0851,37.5438,0.9103,11.447191,3.38337,0.4815,0.0016,-0.0373,0.311
/kaggle/input/datasets/duc24kdl/sub-x-ray/sub_X-Ray/sub_chest/IM-0539-0001.jpeg,,sub_chest,IM-0539-0001.jpeg,ok,431x369 -> 1724x1476,4,1,145.39,37.0186,12.918643,3.594251,0.9007,0.9816,0.4498,8.9308,37.463,11.662327,3.415015,0.9036,0.9831,0.4876,0.4876,0.4876,8.5338,130.8456,61.7828,130.8456,61.7828,0.0816,37.463,0.9036,11.662327,3.415015,0.4443,0.0015,-0.0379,0.397
/kaggle/input/datasets/duc24kdl/sub-x-ray/sub_X-Ray/sub_chest/IM-0540-0001.jpeg,,sub_chest,IM-0540-0001.jpeg,ok,374x333 -> 1496x1332,4,1,109.48,36.9276,13.192404,3.632135,0.9018,0.9818,0.4318,8.5865,37.3519,11.964321,3.458948,0.9049,0.9834,0.4675,0.4675,0.4675,8.2755,125.2946,66.0051,125.2946,66.0051,0.0828,37.3519,0.9049,11.964321,3.458948,0.4244,0.0015,-0.0356,0.311
/kaggle/input/datasets/duc24kdl/sub-x-ray/sub_X-Ray/sub_chest/IM-0541-0001.jpeg,,sub_chest,IM-0541-0001.jpeg,ok,485x380 -> 1940x1520,4,1,171.06,37.5079,11.542249,3.397389,0.9123,0.9837,0.3851,8.0373,37.9347,10.461986,3.234499,0.915,0.985,0.4187,0.4187,0.4187,7.86,108.964,72.2617,108.964,72.2617,0.0394,37.9347,0.915,10.461986,3.234499,0.4268,0.0013,-0.0337,0.1773
/kaggle/input/datasets/duc24kdl/sub-x-ray/sub_X-Ray/sub_chest/IM-0542-0001.jpeg,,sub_chest,IM-0542-0001.jpeg,ok,471x351 -> 1884x1404,4,1,151.95,36.6886,13.938572,3.73344,0.8838,0.9786,0.4672,8.9659,37.0377,12.862098,3.586377,0.887,0.9802,0.5104,0.5104,0.5104,8.5405,130.7573,61.0698,130.7573,61.0698,0.0455,37.0377,0.887,12.862098,3.586377,0.3491,0.0016,-0.0432,0.4255
/kaggle/input/datasets/duc24kdl/sub-x-ray/sub_X-Ray/sub_chest/IM-0543-0001-0002.jpeg,,sub_chest,IM-0543-0001-0002.jpeg,ok,410x352 -> 1640x1408,4,1,130.92,36.527,14.467191,3.803576,0.9,0.9815,0.4666,9.0459,36.8606,13.397442,3.660252,0.9031,0.9831,0.5064,0.5064,0.5064,8.6721,123.3033,55.7375,123.3033,55.7375,0.0781,36.8606,0.9031,13.397442,3.660252,0.3336,0.0016,-0.0398,0.3737
/kaggle/input/datasets/duc24kdl/sub-x-ray/sub_X-Ray/sub_chest/IM-0543-0001.jpeg,,sub_chest,IM-0543-0001.jpeg,ok,444x329 -> 1776x1316,4,1,127.29,37.1711,12.472919,3.531702,0.908,0.9829,0.4068,8.4956,37.5647,11.392249,3.375241,0.9106,0.9842,0.4438,0.4438,0.4438,8.2204,112.5289,62.4684,112.5289,62.4684,0.0851,37.5647,0.9106,11.392249,3.375241,0.3936,0.0013,-0.037,0.2753
/kaggle/input/datasets/duc24kdl/sub-x-ray/sub_X-Ray/sub_chest/IM-0544-0001.jpeg,,sub_chest,IM-0544-0001.jpeg,ok,385x321 -> 1540x1284,4,1,114.28,36.5471,14.400167,3.794755,0.8906,0.9792,0.4473,8.8286,37.0251,12.899315,3.591562,0.8941,0.981,0.4821,0.4821,0.4821,8.4331,120.0741,57.9321,120.0741,57.9321,0.1356,37.0251,0.8941,12.899315,3.591562,0.478,0.0019,-0.0348,0.3955
/kaggle/input/datasets/duc24kdl/sub-x-ray/sub_X-Ray/sub_chest/IM-0545-0001-0001.jpeg,,sub_chest,IM-0545-0001-0001.jpeg,ok,481x395 -> 1924x1580,4,1,180.86,37.8289,10.719907,3.274127,0.9146,0.984,0.4113,8.5601,38.2576,9.712343,3.116463,0.9174,0.9854,0.4469,0.4469,0.4469,8.3283,116.6991,64.8749,116.6991,64.8749,0.0988,38.2576,0.9174,9.712343,3.116463,0.4287,0.0014,-0.0356,0.2318
/kaggle/input/datasets/duc24kdl/sub-x-ray/sub_X-Ray/sub_chest/IM-0545-0001-0002.jpeg,,sub_chest,IM-0545-0001-0002.jpeg,ok,485x375 -> 1940x1500,4,1,168.93,37.2961,12.11919,3.481263,0.9031,0.982,0.4288,8.5349,37.6781,11.098646,3.331463,0.9061,0.9834,0.4647,0.4647,0.4647,8.2313,121.0335,63.6167,121.0335,63.6167,0.0402,37.6781,0.9061,11.098646,3.331463,0.382,0.0014,-0.0359,0.3036
/kaggle/input/datasets/duc24kdl/sub-x-ray/sub_X-Ray/sub_chest/IM-0545-0001.jpeg,,sub_chest,IM-0545-0001.jpeg,ok,414x295 -> 1656x1180,4,1,108.37,35.2601,19.36734,4.400834,0.8491,0.9725,0.4399,8.0662,35.587,17.962886,4.238265,0.8525,0.9745,0.4687,0.4687,0.4687,7.631,106.7326,69.5371,106.7326,69.5371,0.0931,35.587,0.8525,17.962886,4.238265,0.3269,0.002,-0.0288,0.4351
/kaggle/input/datasets/duc24kdl/sub-x-ray/sub_X-Ray/sub_chest/IM-0546-0001.jpeg,,sub_chest,IM-0546-0001.jpeg,ok,463x364 -> 1852x1456,4,1,155.75,37.335,12.01116,3.465712,0.9113,0.9834,0.3964,8.3193,37.7975,10.797604,3.285971,0.9143,0.9849,0.4281,0.4281,0.4281,8.0585,108.6525,69.7278,108.6525,69.7278,0.0695,37.7975,0.9143,10.797604,3.285971,0.4626,0.0015,-0.0317,0.2608
/kaggle/input/datasets/duc24kdl/sub-x-ray/sub_X-Ray/sub_chest/IM-0547-0001.jpeg,,sub_chest,IM-0547-0001.jpeg,ok,324x268 -> 1296x1072,4,1,67.53,35.3156,19.121211,4.372781,0.8463,0.9725,0.5009,8.5193,35.6239,17.811263,4.220339,0.8503,0.9746,0.533,0.533,0.533,8.1416,159.1668,60.3026,159.1668,60.3026,0.099,35.6239,0.8503,17.811263,4.220339,0.3082,0.0022,-0.0321,0.3778
/kaggle/input/datasets/duc24kdl/sub-x-ray/sub_X-Ray/sub_chest/IM-0548-0001.jpeg,,sub_chest,IM-0548-0001.jpeg,ok,447x283 -> 1788x1132,4,1,112.59,36.9448,13.140278,3.624952,0.9048,0.9824,0.4015,8.2445,37.3768,11.895957,3.449052,0.9076,0.9838,0.4336,0.4336,0.4336,7.8877,118.0384,75.1146,118.0384,75.1146,0.0484,37.3768,0.9076,11.895957,3.449052,0.4321,0.0014,-0.0321,0.3569
/kaggle/input/datasets/duc24kdl/sub-x-ray/sub_X-Ray/sub_chest/IM-0549-0001-0001.jpeg,,sub_chest,IM-0549-0001-0001.jpeg,ok,424x337 -> 1696x1348,4,1,116.26,36.7783,13.653743,3.695097,0.8968,0.9808,0.4357,8.6966,37.2109,12.359252,3.515573,0.8999,0.9824,0.4722,0.4722,0.4722,8.4187,125.7718,62.5599,125.7718,62.5599,0.0618,37.2109,0.8999,12.359252,3.515573,0.4326,0.0016,-0.0365,0.2779
/kaggle/input/datasets/duc24kdl/sub-x-ray/sub_X-Ray/sub_chest/IM-0549-0001-0002.jpeg,,sub_chest,IM-0549-0001-0002.jpeg,ok,478x427 -> 1912x1708,4,1,186.92,37.5684,11.382443,3.373788,0.906,0.9826,0.4385,8.8104,37.9703,10.376558,3.221267,0.909,0.984,0.4799,0.4799,0.4799,8.6035,126.3946,64.1756,126.3946,64.1756,0.0474,37.9703,0.909,10.376558,3.221267,0.4018,0.0014,-0.0414,0.2069
/kaggle/input/datasets/duc24kdl/sub-x-ray/sub_X-Ray/sub_chest/IM-0549-0001.jpeg,,sub_chest,IM-0549-0001.jpeg,ok,318x254 -> 1272x1016,4,1,64.66,36.3577,15.042105,3.878415,0.8846,0.979,0.4645,8.5272,36.7193,13.840307,3.720256,0.8884,0.9809,0.4972,0.4972,0.4972,8.2444,115.42,56.909,115.42,56.909,0.0923,36.7193,0.8884,13.840307,3.720256,0.3616,0.0019,-0.0327,0.2828
/kaggle/input/datasets/duc24kdl/sub-x-ray/sub_X-Ray/sub_chest/IM-0551-0001-0001.jpeg,,sub_chest,IM-0551-0001-0001.jpeg,ok,419x289 -> 1676x1156,4,1,108.45,37.1969,12.399114,3.521238,0.9108,0.983,0.408,8.7703,37.7002,11.042228,3.322985,0.9136,0.9845,0.4441,0.4441,0.4441,8.4164,116.7699,64.6909,116.7699,64.6909,0.1133,37.7002,0.9136,11.042228,3.322985,0.5033,0.0015,-0.0361,0.3539
/kaggle/input/datasets/duc24kdl/sub-x-ray/sub_X-Ray/sub_chest/IM-0551-0001.jpeg,,sub_chest,IM-0551-0001.jpeg,ok,486x436 -> 1944x1744,4,1,196.7,36.7937,13.605364,3.688545,0.89,0.9793,0.4884,9.0755,37.0277,12.891643,3.590493,0.8927,0.9808,0.5327,0.5327,0.5327,8.7902,146.2888,45.1789,146.2888,45.1789,0.0701,37.0277,0.8927,12.891643,3.590493,0.234,0.0015,-0.0443,0.2853
