Image_ID,Noise_Sigma,Degraded_PSNR_dB,Bicubic_PSNR_dB,Bicubic_SSIM,Bicubic_RMSE,Bicubic_MAE,Bicubic_EPI,Bicubic_Mean,Bicubic_STD,Bicubic_Tier,Orig_PSNR_dB,Orig_SSIM,Orig_RMSE,Orig_MAE,Orig_EPI,Orig_Mean,Orig_STD,Orig_Tier,Orig_Delta_PSNR_dB,Orig_Delta_SSIM,Orig_Delta_RMSE,Orig_Delta_EPI,Compact_PSNR_dB,Compact_SSIM,Compact_RMSE,Compact_MAE,Compact_EPI,Compact_Mean,Compact_STD,Compact_Tier,Compact_Delta_PSNR_dB,Compact_Delta_SSIM,Compact_Delta_RMSE,Compact_Delta_EPI
00001336_000.png,1.0,0.0,35.60618483021669,0.8420850203377264,4.2289343082632485,3.152644157409668,0.05238728323497188,155.71700286865234,58.655447418780554,GOOD,3.7076650593514016,0.0022680069197170763,166.4013814581096,155.71385097503662,0.0,0.0,0.0,UNACCEPTABLE,-31.89851977086529,-0.8398170134180093,-162.17244714984633,-0.05238728323497188,31.642454061265322,0.9276046054456378,6.674480635193479,3.434554100036621,0.04069386541873924,156.7698516845703,56.87022098766746,ACCEPTABLE,-3.9637307689513683,0.08551958510791147,-2.4455463269302307,-0.011693417816232642
00001337_000.png,1.0,0.0,35.97113237804961,0.8438620993615856,4.054931868464098,3.0203990936279297,0.06672380317740281,131.4249792098999,70.3132553025401,GOOD,4.665507709083153,0.044528359062558004,149.0269437372942,131.38635349273682,0.0,0.0,0.0,UNACCEPTABLE,-31.30562466896646,-0.7993337402990276,-144.9720118688301,-0.06672380317740281,29.337830057428533,0.8564188752352717,8.70259309030138,5.044347763061523,0.21544407925265496,134.25877285003662,66.23701415133786,UNACCEPTABLE,-6.633302320621077,0.012556775873686088,-4.647661221837283,0.14872027607525215
00001338_000.png,1.0,0.0,35.50329647256137,0.840894322297232,4.279325846404668,3.128793716430664,0.05919357784905299,119.93933486938477,65.35336499302825,GOOD,5.421588465694151,0.05583623947634406,136.6031635490581,119.87545967102051,0.0,0.0,0.0,UNACCEPTABLE,-30.081708006867217,-0.785058082820888,-132.32383770265344,-0.05919357784905299,28.36901842374747,0.837989888315921,9.729471701524153,5.562857627868652,0.13655010843309665,122.75280475616455,60.839113371318255,UNACCEPTABLE,-7.134278048813897,-0.0029044339813110165,-5.450145855119485,0.07735653058404365
00001338_001.png,1.0,0.0,31.801017850670267,0.8493183559975601,6.5537412049014225,3.3789491653442383,0.20133365087236293,132.71820640563965,63.04679521607259,ACCEPTABLE,4.780473040989969,0.03654013250889681,147.06743852824076,132.64369869232178,0.0,0.0,0.0,UNACCEPTABLE,-27.020544809680295,-0.8127782234886634,-140.51369732333933,-0.20133365087236293,27.920384859584175,0.8606734777655328,10.245211715633042,5.300559997558594,0.35853294273454,135.14099025726318,58.302368029120046,UNACCEPTABLE,-3.8806329910860917,0.011355121767972709,-3.6914705107316195,0.15719929186217707
00001338_002.png,1.0,0.0,33.50529159343972,0.8622899252630511,5.38611473807797,2.89443302154541,0.33920282424410114,112.16180992126465,67.1599509298108,ACCEPTABLE,5.79949568193991,0.1282818510433386,130.78724643537225,111.9943380355835,0.0,0.0,0.0,UNACCEPTABLE,-27.705795911499813,-0.7340080742197126,-125.40113169729429,-0.33920282424410114,26.676152098614523,0.8105864330162829,11.823133012357818,6.473289489746094,0.35872273885075223,116.57049655914307,61.06554789300444,UNACCEPTABLE,-6.829139494825199,-0.05170349224676829,-6.437018274279848,0.01951991460665109
00001338_003.png,1.0,0.0,36.84086259248025,0.8479366101764836,3.668572031932725,2.8780641555786133,0.03508130226235855,111.0773286819458,30.17548402595303,GOOD,6.910322233005556,0.008767206112328396,115.08641685555368,111.06364440917969,0.0,0.0,0.0,UNACCEPTABLE,-29.930540359474694,-0.8391694040641552,-111.41784482362095,-0.03508130226235855,32.96260309112051,0.9150165061014639,5.733370742380095,3.1032180786132812,0.008003900208445918,112.14474487304688,27.435305482908795,ACCEPTABLE,-3.878259501359736,0.06707989592498032,-2.06479871044737,-0.027077402053912635
00001339_000.png,1.0,0.0,35.35724188604432,0.8503485045228808,4.351891770566802,3.1292314529418945,0.08551006555454166,122.63382530212402,62.93373904942327,GOOD,5.342502654085559,0.016656595987333427,137.85262733020105,122.590895652771,0.0,0.0,0.0,UNACCEPTABLE,-30.014739231958764,-0.8336919085355474,-133.50073555963425,-0.08551006555454166,28.90407280181759,0.8782124998385541,9.148218740295857,5.034972190856934,0.1390899254339887,124.79946517944336,59.06199035699204,UNACCEPTABLE,-6.4531690842267295,0.027863995315673296,-4.796326969729055,0.05357985987944705
00001340_000.png,1.0,0.0,35.19954897278203,0.8316796403832009,4.4316222256463025,3.2142629623413086,0.04562001427486188,146.3642578125,64.25047638267515,GOOD,4.057676930244011,0.013803740295559166,159.8292766413573,146.32848262786865,0.0,0.0,0.0,UNACCEPTABLE,-31.141872042538022,-0.8178759000876417,-155.397654415711,-0.04562001427486188,29.35999350170068,0.8989797451412784,8.680415331576842,4.402571678161621,0.26767346648003276,147.8784942626953,61.580604324796695,UNACCEPTABLE,-5.839555471081354,0.06730010475807757,-4.24879310593054,0.2220534522051709
00001341_000.png,1.0,0.0,36.29425681065757,0.8834579347995785,3.9068554218334435,2.7969093322753906,0.1864251578235808,102.3893404006958,63.143491500008146,GOOD,6.526716489671776,0.040595899445567185,120.28302896184593,102.35719585418701,0.0,0.0,0.0,UNACCEPTABLE,-29.767540320985795,-0.8428620353540113,-116.37617354001249,-0.1864251578235808,27.388281397879762,0.8410720806968421,10.892463430396244,6.40791130065918,0.2585550878048469,106.1799955368042,57.59638744011393,UNACCEPTABLE,-8.90597541277781,-0.04238585410273632,-6.985608008562801,0.07212992998126608
00001342_000.png,1.0,0.0,36.08892691679707,0.8569911799887638,4.000311720145994,3.0686216354370117,0.17703796233227515,145.70899391174316,44.14623248721917,GOOD,4.480182239018687,0.0011218151653523396,152.24080387461015,145.69393062591553,0.0,0.0,0.0,UNACCEPTABLE,-31.608744677778382,-0.8558693648234115,-148.24049215446416,-0.17703796233227515,31.01080739667227,0.9241540672249209,7.177939782350014,3.3687305450439453,0.05990915917562732,145.7800416946411,42.24767273533071,ACCEPTABLE,-5.078119520124801,0.06716288723615704,-3.17762806220402,-0.11712880315664782
00001342_001.png,1.0,0.0,36.22011175055648,0.8523262647167191,3.9403481249303454,3.070328712463379,0.12611635903324456,157.89147281646729,60.78833288755299,GOOD,3.5650575488373235,0.000895845401605615,169.15595952179424,157.87594604492188,0.0,0.0,0.0,UNACCEPTABLE,-32.65505420171915,-0.8514304193151135,-165.2156113968639,-0.12611635903324456,31.423357729819173,0.9293331175453889,6.844981740254247,3.609189987182617,0.030099557551815717,158.9013786315918,59.54039527447158,ACCEPTABLE,-4.796754020737303,0.07700685282866981,-2.9046336153239016,-0.09601680148142884
00001343_000.png,1.0,0.0,35.64751708901501,0.8374338959502592,4.2088585075800085,3.1604795455932617,0.04099006575106989,131.4908800125122,66.57695567291923,GOOD,4.762168546438778,0.006891919881472108,147.37769271810808,131.46614265441895,0.0,0.0,0.0,UNACCEPTABLE,-30.88534854257623,-0.8305419760687871,-143.16883421052808,-0.04099006575106989,30.6087313326517,0.8931831062141244,7.518022372964224,4.480154037475586,0.09161517630616232,133.4814453125,63.480878511622386,ACCEPTABLE,-5.0387857563633105,0.055749210263865256,-3.3091638653842157,0.05062511055509243
00001344_000.png,1.0,0.0,35.976732308799356,0.8298438706349777,4.0523184321568495,3.1635122299194336,0.070196342467599,170.5388641357422,45.974508211003474,GOOD,3.190901824820809,0.0014490624756345345,176.6017851236008,170.528489112854,0.0,0.0,0.0,UNACCEPTABLE,-32.78583048397854,-0.8283948081593431,-172.54946669144394,-0.070196342467599,32.62229475928571,0.9384578463371006,5.96245950489168,2.8212480545043945,0.05487392525998074,170.72479057312012,45.11711948526658,ACCEPTABLE,-3.354437549513648,0.10861397570212294,-1.910141072734831,-0.015322417207618254
00001345_000.png,1.0,0.0,35.131732163537876,0.8276624645351048,4.466358425170587,3.2624502182006836,0.05116207511433617,145.18060874938965,58.59531552232999,GOOD,4.237907494618233,0.002978062556235388,156.5470202957699,145.14934253692627,0.0,0.0,0.0,UNACCEPTABLE,-30.893824668919642,-0.8246844019788695,-152.0806618705993,-0.05116207511433617,30.90927648867186,0.9105198775177379,7.262336298399253,3.721734046936035,0.1896481958773146,146.05936813354492,56.81075296949276,ACCEPTABLE,-4.222455674866016,0.08285741298263305,-2.795977873228666,0.13848612076297845
00001346_000.png,1.0,0.0,36.29208329897566,0.8603559866965966,3.9078331752689266,2.8563461303710938,0.13063806127396912,109.81968688964844,70.01475207222992,GOOD,5.834787165292477,0.09292241695245933,130.25692520475445,109.75443267822266,0.0,0.0,0.0,UNACCEPTABLE,-30.457296133683187,-0.7674335697441373,-126.34909202948552,-0.13063806127396912,27.096979791770504,0.8022246747074537,11.263962367693937,6.738162994384766,0.09633661043009974,114.00465965270996,64.1314653645824,UNACCEPTABLE,-9.195103507205157,-0.0581313119891429,-7.35612919242501,-0.03430145084386939
00001347_000.png,1.0,0.0,36.686486054841446,0.87674877824302,3.7343573789300533,2.777132034301758,0.14719467337005965,103.65929985046387,69.64714646523154,GOOD,6.200343121047793,0.04295565105081653,124.88866533078027,103.6347599029541,0.0,0.0,0.0,UNACCEPTABLE,-30.48614293379365,-0.8337931271922034,-121.15430795185021,-0.14719467337005965,27.454112266039434,0.8323314830240369,10.810220864057298,6.648665428161621,0.14101493500031279,107.85938358306885,64.10348930391994,UNACCEPTABLE,-9.232373788802011,-0.04441729521898308,-7.075863485127245,-0.006179738369746862
00001347_001.png,1.0,0.0,33.94560958176676,0.84389959210376,5.11987904823013,3.3359527587890625,0.046442116486456776,156.93521690368652,56.24936224075124,ACCEPTABLE,3.6943827276228403,0.000943145094269247,166.65603460286883,156.8501205444336,0.0,0.0,0.0,UNACCEPTABLE,-30.25122685414392,-0.8429564470094907,-161.5361555546387,-0.046442116486456776,34.10543577538058,0.924375165456005,5.026531304999905,3.2784109115600586,0.5855200007275732,157.85908222198486,55.05912466077365,ACCEPTABLE,0.15982619361381722,0.08047557335224498,0.09334774323022543,0.5390778842411164
00001347_002.png,1.0,0.0,36.279111802636194,0.8670095271956523,3.9136734881456277,2.819788932800293,0.1989469348635976,107.85771083831787,68.77668806917605,GOOD,5.993473388666255,0.08653912267272512,127.89881214368691,107.76198387145996,0.0,0.0,0.0,UNACCEPTABLE,-30.28563841396994,-0.7804704045229272,-123.98513865554128,-0.1989469348635976,28.190994927590665,0.818500501901138,9.930941738868514,6.208782196044922,0.22953133538964812,111.85415077209473,63.51895794779856,UNACCEPTABLE,-8.088116875045529,-0.048509025294514285,-6.017268250722886,0.03058440052605052
00001348_000.png,1.0,0.0,35.93327651020553,0.8453042558622319,4.072643117995086,2.9605770111083984,0.06879510193146048,105.39489078521729,71.27846648690674,GOOD,6.036932875395297,0.14033814762793037,127.26047404937604,105.26416683197021,0.0,0.0,0.0,UNACCEPTABLE,-29.896343634810233,-0.7049661082343015,-123.18783093138096,-0.06879510193146048,26.937406330643995,0.7582403022750751,11.472811652726332,7.3353376388549805,0.0645644894803433,110.31145286560059,64.79332835193914,UNACCEPTABLE,-8.995870179561535,-0.0870639535871568,-7.400168534731246,-0.00423061245111718
00001349_000.png,1.0,0.0,35.93207183833134,0.8397184407145577,4.073208004157091,3.1776037216186523,0.08897427497557193,165.3109369277954,44.338305329946465,GOOD,3.4646682577223875,0.0020681251560976904,171.12236254424135,165.28982543945312,0.0,0.0,0.0,UNACCEPTABLE,-32.46740358060895,-0.83765031555846,-167.04915454008426,-0.08897427497557193,31.374210576595445,0.92901840036714,6.883822311816779,2.9978933334350586,0.021337290138484205,165.24915027618408,43.373922590158955,ACCEPTABLE,-4.557861261735894,0.0892999596525823,-2.810614307659688,-0.06763698483708773
00001350_000.png,1.0,0.0,33.65373775244833,0.8353533539355907,5.294845507333826,3.333467483520508,0.06693451501563039,158.829740524292,63.20297805958269,ACCEPTABLE,3.473656792167093,0.0026784018126628584,170.9453693147642,158.77830505371094,0.0,0.0,0.0,UNACCEPTABLE,-30.180080960281238,-0.8326749521229279,-165.65052380743037,-0.06693451501563039,31.676921002191314,0.9282575679026144,6.648047752924982,3.687711715698242,0.5712710381753737,160.50825881958008,61.15316819648378,ACCEPTABLE,-1.976816750257015,0.09290421396702364,-1.3532022455911559,0.5043365231597433
00001351_000.png,1.0,0.0,37.244410278814534,0.858875314329651,3.5020284224423763,2.7060461044311523,0.08382509626146158,108.3731336593628,32.86893521920707,GOOD,7.053087386029571,0.025327738232387844,113.21026608180672,108.33765029907227,0.0,0.0,0.0,UNACCEPTABLE,-30.191322892784964,-0.8335475760972632,-109.70823765936434,-0.08382509626146158,31.927424119831144,0.9099924735889752,6.459054877880068,3.309950828552246,0.009584804391988172,109.82710361480713,29.278465370642657,ACCEPTABLE,-5.31698615898339,0.05111715925932414,-2.957026455437692,-0.07424029186947341
00001352_000.png,1.0,0.0,35.28423771856293,0.830257352635588,4.388623198717596,3.2759475708007812,0.03867984269659974,126.91783046722412,66.37715479620661,GOOD,5.0085986581315165,0.048521400028477595,143.25515124993595,126.86717319488525,0.0,0.0,0.0,UNACCEPTABLE,-30.27563906043141,-0.7817359526071104,-138.86652805121835,-0.03867984269659974,28.613401731799453,0.8389550587962299,9.45954165253592,5.339104652404785,0.135582089286235,129.35451126098633,62.19270032154585,UNACCEPTABLE,-6.670835986763475,0.008697706160641916,-5.070918453818324,0.09690224658963525
00001353_000.png,1.0,0.0,32.6401008012275,0.8296882504364815,5.950249004763495,3.547366142272949,0.031487605930563274,164.55813026428223,52.06596495536772,ACCEPTABLE,3.3906196045427435,0.0004410468414628245,172.58744529744806,164.4710111618042,0.0,0.0,0.0,UNACCEPTABLE,-29.249481196684755,-0.8292472035950187,-166.63719629268456,-0.031487605930563274,31.876531258367606,0.9285673363086165,6.497011231154225,3.2209911346435547,0.5634921347996706,165.3470869064331,51.23679648571931,ACCEPTABLE,-0.7635695428598908,0.09887908587213501,-0.5467622263907304,0.5320045288691073
00001354_000.png,1.0,0.0,35.57901814735509,0.8407861557711672,4.242181767412391,3.1118364334106445,0.066688148609423,121.73219871520996,67.93927276685625,GOOD,5.244305982055915,0.06590300685441743,139.41993673555447,121.66347789764404,0.0,0.0,0.0,UNACCEPTABLE,-30.33471216529918,-0.7748831489167498,-135.17775496814207,-0.066688148609423,28.663174835074365,0.8337019839230564,9.405490274259728,5.563962936401367,0.13549447277889343,124.71758937835693,63.37376057261195,UNACCEPTABLE,-6.915843312280728,-0.007084171848110832,-5.163308506847337,0.06880632416947043
00001355_000.png,1.0,0.0,32.56210718110551,0.8499155287077467,6.003918957371067,3.35272216796875,0.23727896588811015,158.25012969970703,70.56133947090379,ACCEPTABLE,3.35471223640488,0.018408360557518905,173.3023965987931,158.17942810058594,0.0,0.0,0.0,UNACCEPTABLE,-29.20739494470063,-0.8315071681502277,-167.29847764142204,-0.23727896588811015,27.959340022087787,0.9001243389088601,10.199366065502431,5.076052665710449,0.3784195314664613,160.91199016571045,68.07406421997752,UNACCEPTABLE,-4.6027671590177235,0.05020881020111345,-4.195447108131364,0.14114056557835114
00001355_001.png,1.0,0.0,33.53119283398599,0.8558233933439959,5.370077318597456,2.977224349975586,0.20573380683349538,119.97540092468262,55.397849434135246,ACCEPTABLE,5.7056979035605435,0.015787575063376927,132.20725412506374,119.92033004760742,0.0,0.0,0.0,UNACCEPTABLE,-27.825494930425446,-0.840035818280619,-126.83717680646629,-0.20573380683349538,30.10506255331325,0.9227137213071477,7.9668575657699945,3.953521728515625,0.36742068591961125,121.97254371643066,51.62953764191054,ACCEPTABLE,-3.4261302806727407,0.06689032796315175,-2.5967802471725383,0.16168687908611587
00001355_002.png,1.0,0.0,33.602837197370235,0.8572257522088103,5.32596515272532,3.010830879211426,0.3662954576974894,123.38162136077881,63.08665088377586,ACCEPTABLE,5.293406650659174,0.015218266341257319,138.6340299439468,123.33730888366699,0.0,0.0,0.0,UNACCEPTABLE,-28.309430546711063,-0.8420074858675529,-133.30806479122148,-0.3662954576974894,29.115744311273694,0.9179361436387804,8.927974987271865,4.241837501525879,0.309948569697642,125.80405139923096,59.792786206706275,UNACCEPTABLE,-4.487092886096541,0.060710391429970145,-3.6020098345465454,-0.056346887999847384
00001355_003.png,1.0,0.0,37.45345979683584,0.8626026382349705,3.418748794918092,2.6727981567382812,0.10195893793241753,110.60629177093506,31.07479086014012,GOOD,6.9277387360070914,0.015203930468056803,114.85588264578877,110.59234714508057,0.0,0.0,0.0,UNACCEPTABLE,-30.525721060828744,-0.8473987077669137,-111.43713385087068,-0.10195893793241753,32.444799352880324,0.9274050930703512,6.0855552935283415,3.0135574340820312,-0.0007251123952001182,111.75586032867432,27.972582668289686,ACCEPTABLE,-5.008660443955513,0.06480245483538072,-2.6668064986102493,-0.10268405032761765
00001355_004.png,1.0,0.0,31.846181523010664,0.8509260763746704,6.5197524209788345,3.2058467864990234,0.16489150071208072,116.77910614013672,47.745280423830465,ACCEPTABLE,6.105723901443252,0.004752783279019393,126.25656960645523,116.68730545043945,0.0,0.0,0.0,UNACCEPTABLE,-25.740457621567412,-0.846173293095651,-119.7368171854764,-0.16489150071208072,30.35001935544414,0.9233720617712422,7.745317274949828,3.6651201248168945,0.331132051626908,118.26641941070557,45.089105757453915,ACCEPTABLE,-1.4961621675665242,0.07244598539657177,-1.2255648539709938,0.16624055091482728
00001355_005.png,1.0,0.0,32.28213125248656,0.8259731835907191,6.200598598624346,3.3810739517211914,0.0830994014276744,148.4800090789795,44.75456844165568,ACCEPTABLE,4.319167960370006,0.0003664515602465186,155.08928094282376,148.37897777557373,0.0,0.0,0.0,UNACCEPTABLE,-27.96296329211655,-0.8256067320304726,-148.88868234419942,-0.0830994014276744,32.71707501518203,0.9271817051709121,5.8977509560095305,2.805410385131836,0.41342991182540634,148.6389970779419,43.88454069771561,ACCEPTABLE,0.4349437626954753,0.101208521580193,0.30284764261481545,0.3303305103977319
00001355_006.png,1.0,0.0,31.85122123697212,0.8311779366298527,6.515970637166913,3.321101188659668,0.06267687222607154,133.05957794189453,57.07461578038315,ACCEPTABLE,4.9135506027889715,0.006920846633112023,144.83137382956707,132.97019290924072,0.0,0.0,0.0,UNACCEPTABLE,-26.93767063418315,-0.8242570899967407,-138.31540319240017,-0.06267687222607154,31.79777867255708,0.9155678590524087,6.55618570912625,3.528557777404785,0.47930391215286217,134.36169815063477,54.68055650906624,ACCEPTABLE,-0.053442564415039584,0.08438992242255594,-0.040215071959337045,0.4166270399267906
00001355_007.png,1.0,0.0,35.861179171066574,0.8433380066920633,4.106588833327279,3.04459285736084,0.10494501514465208,135.8512725830078,69.37837869243299,GOOD,4.463824918780792,0.040584183503309335,152.52777481106116,135.8140993118286,0.0,0.0,0.0,UNACCEPTABLE,-31.397354252285783,-0.8027538231887539,-148.4211859777339,-0.10494501514465208,28.83343333339571,0.8576916314810323,9.222921533255152,5.150551795959473,0.1951437322634421,138.5324249267578,65.40537878917078,UNACCEPTABLE,-7.027745837670864,0.014353624788969066,-5.116332699927873,0.09019871711879
00001355_008.png,1.0,0.0,35.82353324443726,0.8377622535574669,4.124426021523364,3.104916572570801,0.07886387267010449,143.70483112335205,66.95374675923355,GOOD,4.129194874266027,0.031195782997673404,158.51867615088497,143.66497039794922,0.0,0.0,0.0,UNACCEPTABLE,-31.69433837017123,-0.8065664705597935,-154.3942501293616,-0.07886387267010449,29.430090798941904,0.8758316501762122,8.610644127547008,4.6397857666015625,0.16714111175855242,145.78517532348633,63.64120268541678,UNACCEPTABLE,-6.393442445495353,0.03806939661874531,-4.486218106023644,0.08827723908844794
00001355_009.png,1.0,0.0,35.87444885621464,0.8411296891336973,4.100319868496459,3.026911735534668,0.0705181591535307,133.14559841156006,70.75134888259457,GOOD,4.565996586090851,0.054756940431666894,150.74410968868722,133.0831813812256,0.0,0.0,0.0,UNACCEPTABLE,-31.30845227012379,-0.7863727487020304,-146.64378982019076,-0.0705181591535307,29.057857630430753,0.8551375528721805,8.987673742660244,5.1101274490356445,0.1892414499275855,136.04053783416748,66.51283882984133,UNACCEPTABLE,-6.816591225783888,0.014007863738483173,-4.887353874163785,0.11872329077405479
00001355_010.png,1.0,0.0,36.115718766913815,0.8505442843133463,3.987991666228407,2.9253807067871094,0.10935224077494997,126.63778591156006,77.31631806199245,GOOD,4.704650612990656,0.07665568694814019,148.3568657910453,126.59035396575928,0.0,0.0,0.0,UNACCEPTABLE,-31.41106815392316,-0.7738885973652061,-144.3688741248169,-0.10935224077494997,27.65335114935619,0.8078937013838408,10.565075938307984,6.387011528015137,0.2114921756537875,130.91601181030273,71.81962558947322,UNACCEPTABLE,-8.462367617557625,-0.04265058292950552,-6.577084272079578,0.10213993487883753
00001355_011.png,1.0,0.0,36.30191073506714,0.8525409684795765,3.903414253896762,2.947223663330078,0.13912192963285394,130.93001461029053,69.19841148340781,GOOD,4.7220201096763,0.05041674199957698,148.06048748473037,130.87811756134033,0.0,0.0,0.0,UNACCEPTABLE,-31.57989062539084,-0.8021242264799995,-144.15707323083362,-0.13912192963285394,28.660117277495644,0.8562075043078946,9.408801724375472,5.247637748718262,0.10351232844148407,133.72454261779785,64.9117918954785,UNACCEPTABLE,-7.641793457571495,0.003666535828318107,-5.50538747047871,-0.03560960119136987
00001355_012.png,1.0,0.0,36.00976280569459,0.8408123952949259,4.036937634303611,3.0229530334472656,0.055314873236463676,134.24671840667725,71.17937101019263,GOOD,4.498473535672558,0.04647612682527537,151.92054287660795,134.1998872756958,0.0,0.0,0.0,UNACCEPTABLE,-31.511289270022033,-0.7943362684696506,-147.88360524230436,-0.055314873236463676,29.526743148779953,0.85845646852029,8.515360192897463,4.979424476623535,0.19390627735854965,137.15128326416016,67.18922139385917,UNACCEPTABLE,-6.483019656914639,0.0176440732253641,-4.478422558593851,0.13859140412208598
00001356_000.png,1.0,0.0,36.169572483704975,0.8610212371120978,3.96334206090618,2.9801483154296875,0.12647390564777244,124.04959487915039,62.360676887763866,GOOD,5.2813506983405265,0.022867073076917946,138.8265865826739,124.02173042297363,0.0,0.0,0.0,UNACCEPTABLE,-30.88822178536445,-0.8381541640351798,-134.86324452176774,-0.12647390564777244,29.229578759493357,0.881363375875838,8.81173123733281,4.759808540344238,0.18720020516504385,126.05925273895264,58.66382077758974,UNACCEPTABLE,-6.939993724211618,0.020342138763740247,-4.848389176426629,0.060726299517271404
00001357_000.png,1.0,0.0,35.92679918443406,0.8465102415893132,4.075681341583555,3.0895280838012695,0.07457804998843025,153.25023937225342,49.359095862776805,GOOD,3.9945791458255653,0.001403447881556876,160.99456802824383,153.24273109436035,0.0,0.0,0.0,UNACCEPTABLE,-31.932220038608495,-0.8451067937077563,-156.91888668666027,-0.07457804998843025,32.44880181566313,0.9340025067237057,6.082751712255263,2.9957542419433594,0.06155018987421759,153.4029884338379,47.69714089623423,ACCEPTABLE,-3.4779973687709287,0.08749226513439246,-2.007070370671708,-0.013027860114212655
00001358_000.png,1.0,0.0,35.981020882203715,0.8451438293681778,4.0503181332570435,3.024271011352539,0.06395519626002265,132.0939645767212,71.55468937099987,GOOD,4.596293052031383,0.02140865156953357,150.21922872271438,132.0878553390503,0.0,0.0,0.0,UNACCEPTABLE,-31.38472783017233,-0.8237351777986442,-146.16891058945734,-0.06395519626002265,29.53625542639001,0.865323711472009,8.506039773668213,5.081972122192383,0.18409023663127294,134.90198421478271,67.2426388000444,UNACCEPTABLE,-6.444765455813705,0.02017988210383126,-4.45572164041117,0.12013504037125029
00001358_001.png,1.0,0.0,34.818985920929634,0.8261890565447878,4.630105474106933,3.3037424087524414,0.06414560107040035,137.5316104888916,66.93426439059826,ACCEPTABLE,4.438772066714236,0.025435801146738456,152.96834821170958,137.48748302459717,0.0,0.0,0.0,UNACCEPTABLE,-30.3802138542154,-0.8007532553980493,-148.33824273760266,-0.06414560107040035,28.994332057008016,0.869958782598803,9.053647420160647,4.730074882507324,0.12626091205476725,139.39898300170898,63.50216996904789,UNACCEPTABLE,-5.824653863921618,0.04376972605401519,-4.423541946053715,0.0621153109843669
00001359_000.png,1.0,0.0,36.350278050324064,0.8657898776106235,3.881738525703862,2.9050350189208984,0.07604606320910053,101.34553623199463,67.96516802566767,GOOD,6.399338160648194,0.03948105917488621,122.0599738004651,101.32907581329346,0.0,0.0,0.0,UNACCEPTABLE,-29.950939889675873,-0.8263088184357373,-118.17823527476124,-0.07604606320910053,28.151601741105466,0.8292606509426579,9.976083909805293,6.457310676574707,0.06428632407817922,105.53289604187012,62.72700028287174,UNACCEPTABLE,-8.198676309218598,-0.03652922666796565,-6.094345384101431,-0.011759739130921307
00001360_000.png,1.0,0.0,37.15931417769857,0.8594375119910406,3.5365065888308815,2.753079414367676,0.11270040609327787,109.66900444030762,34.88564288606047,GOOD,6.913450489454526,0.026376578483722744,115.04497550443841,109.63197231292725,0.0,0.0,0.0,UNACCEPTABLE,-30.245863688244043,-0.8330609335073178,-111.50846891560754,-0.11270040609327787,31.22695736682143,0.89654874077493,7.001519651309517,3.6524038314819336,0.0056144193657692515,111.04867935180664,31.006971301592138,ACCEPTABLE,-5.932356810877138,0.037111228783889394,-3.465013062478635,-0.10708598672750862
00001361_000.png,1.0,0.0,31.965082661847482,0.8353421570284332,6.431111619533814,3.465949058532715,0.059038176212379646,144.71211433410645,53.394026873287515,ACCEPTABLE,4.362926234769234,0.015258158067808673,154.30992802592854,144.62711238861084,0.0,0.0,0.0,UNACCEPTABLE,-27.60215642707825,-0.8200839989606244,-147.87881640639472,-0.059038176212379646,30.31119986930237,0.9002858500511952,7.780010568959724,3.859067916870117,0.4325378562665974,145.8056230545044,51.02279687715892,ACCEPTABLE,-1.6538827925451116,0.06494369302276204,-1.3488989494259096,0.37349968005421774
00001362_000.png,1.0,0.0,32.47515396846849,0.8284917294856456,6.06432519553573,3.4459924697875977,0.01588115066803734,166.526198387146,71.03794478401282,ACCEPTABLE,2.978435919056634,0.009224772023800093,180.97491631651513,166.41147804260254,0.0,0.0,0.0,UNACCEPTABLE,-29.496718049411857,-0.8192669574618455,-174.9105911209794,-0.01588115066803734,31.745846199729204,0.9192080454719104,6.595502213797633,4.253474235534668,0.6678949669889787,168.96140956878662,69.42821531558667,ACCEPTABLE,-0.7293077687392859,0.09071631598626473,-0.5311770182619027,0.6520138163209414
00001362_001.png,1.0,0.0,34.230350694938366,0.8253022979678475,4.9547602604552345,3.216261863708496,0.008835662918834482,164.02785968780518,42.591834012022254,ACCEPTABLE,3.552169762392208,0.0014352529692976154,169.40713287388044,163.95902061462402,0.0,0.0,0.0,UNACCEPTABLE,-30.67818093254616,-0.8238670449985499,-164.4523726134252,-0.008835662918834482,35.505197841816624,0.9572998162575912,4.27838919069755,2.2664594650268555,0.5627854343871558,163.73869037628174,41.43758496328043,GOOD,1.2748471468782583,0.1319975182897437,0.6763710697576846,0.5539497714683213
00001362_002.png,1.0,0.0,34.065883898886014,0.8335147485828697,5.049472199609471,3.070453643798828,0.14177150773575906,143.62830448150635,65.45020643963738,ACCEPTABLE,4.167723149089363,0.09797150746284089,157.8170870365468,143.47747898101807,0.0,0.0,0.0,UNACCEPTABLE,-29.898160749796652,-0.7355432411200288,-152.76761483693733,-0.14177150773575906,28.441811294807195,0.850504876648475,9.64827371682218,5.028120040893555,0.4437623995120573,146.20613384246826,59.30018262552273,UNACCEPTABLE,-5.624072604078819,0.016990128065605292,-4.598801517212709,0.30199089177629823
00001362_003.png,1.0,0.0,33.25895419451845,0.8291129673649995,5.54105512452325,3.4446725845336914,0.05473665441071446,168.46989154815674,61.9655464598261,ACCEPTABLE,3.0503751434797692,0.002829790403036289,179.48221612141512,168.39113998413086,0.0,0.0,0.0,UNACCEPTABLE,-30.208579051038683,-0.8262831769619632,-173.94116099689188,-0.05473665441071446,32.10331593388848,0.927945189794691,6.32957257326797,3.6513757705688477,0.4701208334619363,170.17271900177002,60.795551804545056,ACCEPTABLE,-1.1556382606299707,0.09883222242969147,-0.7885174487447193,0.4153841790512218
00001362_004.png,1.0,0.0,34.33152576707008,0.8280036601915598,4.897381000874305,3.215251922607422,0.00767295344682119,159.99436378479004,38.717905457947786,ACCEPTABLE,3.8047437082692124,0.002168903029152397,164.55193553123527,159.93106269836426,0.0,0.0,0.0,UNACCEPTABLE,-30.52678205880087,-0.8258347571624074,-159.65455453036097,-0.00767295344682119,35.16117459573371,0.9531654203850746,4.451244505975552,2.343700408935547,0.5988255522535954,159.43992805480957,37.18715273998774,GOOD,0.829648828663629,0.12516176019351477,0.4461364948987532,0.5911525988067742
00001362_005.png,1.0,0.0,33.604596264897964,0.8261318390361465,5.324886646765668,3.2822017669677734,0.15079409469947863,161.36248397827148,39.87208363190868,ACCEPTABLE,3.7196590001934284,0.0032318576286508613,166.17176410364667,161.2849884033203,0.0,0.0,0.0,UNACCEPTABLE,-29.884937264704536,-0.8228999814074957,-160.846877456881,-0.15079409469947863,32.813523034705526,0.9488495046483969,5.832624646689091,2.526212692260742,0.5332350811540048,161.03930282592773,38.160204336500215,ACCEPTABLE,-0.7910732301924384,0.12271766561225039,-0.5077379999234228,0.3824409864545261
00001362_006.png,1.0,0.0,34.09233149290485,0.8303604306542197,5.034120487194347,3.2378177642822266,0.02086915254261237,162.07834434509277,42.42340507782363,ACCEPTABLE,3.649169519207858,0.00047437475315374093,167.52580151897737,162.0579776763916,0.0,0.0,0.0,UNACCEPTABLE,-30.443161973696988,-0.829886055901066,-162.49168103178303,-0.02086915254261237,35.729390861057205,0.9592925843003994,4.169371921982485,2.2473154067993164,0.6257951869129746,161.9315423965454,42.09422804832566,GOOD,1.6370593681523573,0.12893215364617971,0.8647485652118618,0.6049260343703623
00001362_007.png,1.0,0.0,34.152289285154836,0.8256823355726138,4.999490139714698,3.238485336303711,0.010656302631375328,158.33850193023682,36.056113822157094,ACCEPTABLE,3.9234422172255616,0.010755715506485646,162.3185182703494,158.2394723892212,0.0,0.0,0.0,UNACCEPTABLE,-30.228847067929273,-0.8149266200661281,-157.31902813063468,-0.010656302631375328,34.611281301522226,0.9427410833620748,4.742159043655612,2.469792366027832,0.5892183134601975,157.7500400543213,34.23098175348134,ACCEPTABLE,0.4589920163673895,0.11705874778946102,0.25733109605908666,0.5785620108288222
00001362_008.png,1.0,0.0,34.73363674259254,0.8536031044565933,4.675826019098279,2.8905439376831055,0.04923170496759351,118.41635513305664,56.981002366202766,ACCEPTABLE,5.761164732567607,0.04084350078385795,131.36568773260305,118.32045841217041,0.0,0.0,0.0,UNACCEPTABLE,-28.97247201002493,-0.8127596036727354,-126.68986171350477,-0.04923170496759351,30.8545583772843,0.9041085966142783,7.308230922710743,4.0743608474731445,0.557797561723332,120.70360946655273,52.44689922075489,ACCEPTABLE,-3.8790783653082386,0.05050549215768507,-2.632404903612464,0.5085658567557384
00001362_009.png,1.0,0.0,36.18180607223169,0.8429000035039569,3.9577638450670998,3.018646240234375,0.047406508066484096,126.8664779663086,73.599288245102,GOOD,4.804743315265491,0.04747834693424676,146.65707354961592,126.83805084228516,0.0,0.0,0.0,UNACCEPTABLE,-31.377062756966197,-0.7954216565697101,-142.69930970454882,-0.047406508066484096,28.892062287507084,0.8391975100532181,9.160877295381972,5.539773941040039,0.04303184395231862,130.296537399292,68.80409872734523,UNACCEPTABLE,-7.289743784724603,-0.0037024934507388085,-5.203113450314873,-0.004374664114165476
00001362_010.png,1.0,0.0,35.367302538076814,0.8260004180390779,4.346853999643175,3.2149810791015625,0.04921795438906267,135.84040546417236,71.4816875971243,GOOD,4.4085142101681205,0.04967873677406895,153.50215254588383,135.7820634841919,0.0,0.0,0.0,UNACCEPTABLE,-30.958788327908692,-0.7763216812650089,-149.15529854624066,-0.04921795438906267,29.33769142715663,0.8468606615768118,8.702731988275488,5.048214912414551,0.14790269850189383,138.4421787261963,67.40855599931886,UNACCEPTABLE,-6.029611110920182,0.02086024353773397,-4.355877988632313,0.09868474411283115
00001362_011.png,1.0,0.0,33.37126079608842,0.8494471182520955,5.469871711133167,3.087045669555664,0.20122965485304417,123.76581764221191,44.26557129687838,ACCEPTABLE,5.754074423868394,0.009682063024721504,131.47296558002242,123.70530700683594,0.0,0.0,0.0,UNACCEPTABLE,-27.617186372220026,-0.839765055227374,-126.00309386888925,-0.20122965485304417,31.2771643775117,0.937235881107627,6.961165538952911,3.17050838470459,0.3644614679390248,124.56984043121338,41.2418401493673,ACCEPTABLE,-2.094096418576722,0.0877887628555315,-1.491293827819744,0.16323181308598061
00001362_012.png,1.0,0.0,34.119025162235246,0.8497530267831201,5.018673264616367,2.964341163635254,0.09932720479458544,123.03745555877686,52.57375916295055,ACCEPTABLE,5.604191236847161,0.012165462810198509,133.76134239660507,122.96430397033691,0.0,0.0,0.0,UNACCEPTABLE,-28.514833925388086,-0.8375875639729217,-128.74266913198872,-0.09932720479458544,32.2532348793877,0.9365187193019856,6.221261212333277,3.380812644958496,0.47405525696264544,124.23882579803467,48.98883038882148,ACCEPTABLE,-1.8657902828475486,0.08676569251886546,-1.2025879477169106,0.37472805216806
00001362_013.png,1.0,0.0,36.03285949571951,0.8472869096452484,4.026217254060204,3.017827033996582,0.13571349950697492,136.59808444976807,71.6780266068036,GOOD,4.366968526441884,0.02968359889080677,154.23813104949474,136.56637382507324,0.0,0.0,0.0,UNACCEPTABLE,-31.665890969277623,-0.8176033107544417,-150.21191379543453,-0.13571349950697492,28.869270108129253,0.8666413014547734,9.184947431286187,5.154767036437988,0.15073391137445408,139.2567262649536,67.80151691047745,UNACCEPTABLE,-7.163589387590253,0.019354391809524918,-5.158730177225983,0.015020411867479155
00001362_014.png,1.0,0.0,34.306183094281614,0.8650164472231103,4.911690871989489,2.825137138366699,0.29373494043399684,110.54734992980957,56.20082569971701,ACCEPTABLE,6.259693448056133,0.06944261619670644,124.03821506680481,110.46473026275635,0.0,0.0,0.0,UNACCEPTABLE,-28.04648964622548,-0.7955738310264039,-119.12652419481532,-0.29373494043399684,28.252488713531804,0.8721068812773077,9.860881611715978,5.0397796630859375,0.3918160474723587,113.74853610992432,50.14817024586846,UNACCEPTABLE,-6.0536943807498105,0.007090434054197403,-4.94919073972649,0.09808110703836187
00001362_015.png,1.0,0.0,34.15285768703457,0.8535343067776269,4.999162985360571,2.9210987091064453,0.08871434517265635,117.67080974578857,53.87204122520554,ACCEPTABLE,5.8925926340170935,0.02004628306654842,129.39293044779242,117.60363483428955,0.0,0.0,0.0,UNACCEPTABLE,-28.260265053017477,-0.8334880237110784,-124.39376746243185,-0.08871434517265635,31.582572188654282,0.9264253329049214,6.7206545237408255,3.6583662033081055,0.4798400563782585,119.47472190856934,50.0473602869636,ACCEPTABLE,-2.5702854983802865,0.07289102612729448,-1.7214915383802545,0.39112571120560213
00001362_016.png,1.0,0.0,36.024164616301846,0.8475034175151733,4.030249656346424,3.0136032104492188,0.09731720668212711,128.5612030029297,75.87425863941432,GOOD,4.651230585901742,0.040476299261486465,149.27210292378297,128.53485298156738,0.0,0.0,0.0,UNACCEPTABLE,-31.372934030400103,-0.8070271182536869,-145.24185326743654,-0.09731720668212711,27.92356173451331,0.8327143881412553,10.241465201904049,6.077268600463867,0.09628310189708827,132.15197944641113,70.9042433181237,UNACCEPTABLE,-8.100602881788536,-0.014789029373918017,-6.211215545557625,-0.0010341047850388335
00001362_017.png,1.0,0.0,32.02413759833156,0.8289519895609069,6.387535113034719,3.4168825149536133,0.17278859052739534,157.38808059692383,48.2172854068116,ACCEPTABLE,3.7998485288808,0.005885041482572779,164.64469957771848,157.31515979766846,0.0,0.0,0.0,UNACCEPTABLE,-28.224289069450762,-0.8230669480783341,-158.25716446468377,-0.17278859052739534,29.970040478766524,0.9388684279047966,8.091669883164284,3.1602659225463867,0.3371663993386387,157.48224258422852,45.81641673412991,UNACCEPTABLE,-2.0540971195650393,0.10991643834388976,-1.7041347701295653,0.16437780881124334
00001363_000.png,1.0,0.0,36.31831936555629,0.8571180633014334,3.8960472225014082,2.902446746826172,0.05675553567072288,104.50638484954834,66.54390783744223,GOOD,6.267946831962719,0.09530334276410354,123.92040919715325,104.44585704803467,0.0,0.0,0.0,UNACCEPTABLE,-30.050372533593574,-0.7618147205373298,-120.02436197465184,-0.05675553567072288,27.736234002815223,0.799116330461453,10.464740907876408,6.524104118347168,0.09509966483811738,108.72937774658203,60.50943898478506,UNACCEPTABLE,-8.582085362741068,-0.058001732839980336,-6.568693685374999,0.0383441291673945
00001364_000.png,1.0,0.0,36.89692962828909,0.8616667112624004,3.6449678247441923,2.818692207336426,0.08821991638877394,106.08528995513916,34.73104980124714,GOOD,7.175328086459892,0.0009177292396696594,111.6281625485498,106.09368133544922,0.0,0.0,0.0,UNACCEPTABLE,-29.721601541829195,-0.8607489820227306,-107.98319472380561,-0.08821991638877394,33.19649666261092,0.9195744499743177,5.581042726091732,3.430548667907715,0.011877454440425227,107.35936832427979,32.23686855848824,ACCEPTABLE,-3.700432965678168,0.057907738711917345,-1.9360749013475393,-0.0763424619483487
00001364_001.png,1.0,0.0,36.144338328955584,0.8747933189136052,3.9748730621222803,2.8514862060546875,0.11781357436620693,101.03627109527588,60.184784044613956,GOOD,6.720059743208475,0.013128897356606736,117.63517239292277,101.01981449127197,0.0,0.0,0.0,UNACCEPTABLE,-29.42427858574711,-0.8616644215569985,-113.66029933080048,-0.11781357436620693,28.881736923727562,0.8926540093782014,9.171773776741931,5.4473466873168945,0.17255039600172964,104.01949691772461,55.84412177190016,UNACCEPTABLE,-7.262601405228022,0.01786069046459615,-5.196900714619651,0.05473682163552271
00001364_002.png,1.0,0.0,33.389227079686094,0.8683788539931429,5.4585692764810245,3.0041275024414062,0.1833477159684148,109.4959306716919,52.863156506280546,ACCEPTABLE,6.428474959091371,0.012366022633870457,121.65120985838259,109.44272899627686,0.0,0.0,0.0,UNACCEPTABLE,-26.960752120594723,-0.8560128313592724,-116.19264058190156,-0.1833477159684148,29.025006495440362,0.8885904025391876,9.021730626493415,4.959807395935059,0.3231796210766328,112.16979789733887,47.39623803210862,UNACCEPTABLE,-4.364220584245732,0.02021154854604479,-3.5631613500123906,0.139831905108218
00001364_003.png,1.0,0.0,35.04266325170883,0.876924647854506,4.51239404950226,2.81939697265625,0.21050350254532402,107.26819324493408,54.76698058560133,GOOD,6.515612852087819,0.008683441942143114,120.43689151960596,107.22074604034424,0.0,0.0,0.0,UNACCEPTABLE,-28.52705039962101,-0.8682412059123629,-115.9244974701037,-0.21050350254532402,30.33196540647122,0.9053807351594142,7.761432951535538,4.700342178344727,0.41440700790699914,109.99584865570068,49.795006938033296,ACCEPTABLE,-4.710697845237611,0.02845608730490823,-3.249038902033278,0.20390350536167512
00001364_004.png,1.0,0.0,36.768206557180164,0.8851192906270042,3.6993877368262402,2.7113866806030273,0.27054378399361895,99.51866149902344,68.94017504230084,GOOD,6.470535858824236,0.01668537389404094,121.06354518315135,99.50519466400146,0.0,0.0,0.0,UNACCEPTABLE,-30.29767069835593,-0.8684339167329633,-117.36415744632511,-0.27054378399361895,28.09189853043284,0.8762888007226178,10.044891588794757,6.332073211669922,0.09973138587248549,103.54283809661865,64.13424495328658,UNACCEPTABLE,-8.676308026747325,-0.008830489904386396,-6.345503851968516,-0.17081239812113347
00001364_005.png,1.0,0.0,33.939156484812344,0.8450502613031334,5.123684225746745,3.3152217864990234,0.23973682044455294,161.18849658966064,61.93062481861403,ACCEPTABLE,3.384257898244129,0.0064846411588184395,172.713897838459,161.13729763031006,0.0,0.0,0.0,UNACCEPTABLE,-30.554898586568214,-0.838565620144315,-167.59021361271223,-0.23973682044455294,30.771041650525678,0.9310781295096341,7.3788400771252025,3.848257064819336,0.32481129172509937,162.98961544036865,60.62730941245536,ACCEPTABLE,-3.1681148342866656,0.08602786820650066,-2.2551558513784578,0.08507447128054643
00001364_006.png,1.0,0.0,34.02617644782002,0.8451576063380103,5.072608651190944,3.27138614654541,0.2962946991232836,162.40298175811768,63.563983357822416,ACCEPTABLE,3.2987378338564626,0.024747303265310366,174.4228139864176,162.34197807312012,0.0,0.0,0.0,UNACCEPTABLE,-30.727438613963557,-0.8204103030726999,-169.35020533522666,-0.2962946991232836,29.101379593237855,0.9108249213415152,8.942752281855613,4.311685562133789,0.4100448078020269,164.63392066955566,60.957180378640416,UNACCEPTABLE,-4.924796854582166,0.06566731500350487,-3.8701436306646695,0.1137501086787433
00001365_000.png,1.0,0.0,35.31428958981773,0.8430973669140308,4.373465459638152,3.18363094329834,0.22427586648819967,173.66886806488037,59.0751863962017,GOOD,2.8588071298927007,0.002019760596433949,183.48468639182008,173.6843967437744,0.0,0.0,0.0,UNACCEPTABLE,-32.45548245992503,-0.8410776063175969,-179.11122093218194,-0.22427586648819967,28.638843712947274,0.9374443025104251,9.431874095170246,4.057161331176758,0.06172280657733152,174.87406158447266,58.03108723176757,UNACCEPTABLE,-6.675445876870459,0.09434693559639429,-5.058408635532094,-0.16255305991086816
00001365_001.png,1.0,0.0,36.038801621901044,0.8491191534271141,4.02346381021434,3.0660934448242188,0.05755967633543327,154.7431230545044,66.13751207545407,GOOD,3.609864898122681,0.0038876841733121495,168.28559226098264,154.73055934906006,0.0,0.0,0.0,UNACCEPTABLE,-32.428936723778364,-0.8452314692538019,-164.2621284507683,-0.05755967633543327,29.323491700786562,0.931401561597961,8.71697088431585,4.138821601867676,0.03510849631296417,156.08697700500488,63.39486835484412,UNACCEPTABLE,-6.715309921114482,0.08228240817084687,-4.693507074101511,-0.022451180022469097
00001365_002.png,1.0,0.0,36.294520842167906,0.860467167629128,3.9067366640201784,3.0005884170532227,0.16864002990121058,153.71792316436768,60.70813849402898,GOOD,3.768676310946649,0.0024865769155097933,165.23664366839796,153.69908714294434,0.0,0.0,0.0,UNACCEPTABLE,-32.52584453122125,-0.8579805907136182,-161.3299070043778,-0.16864002990121058,29.46221694690749,0.9363787541804725,8.578855111713391,3.8691301345825195,0.04598242020240486,154.53604793548584,58.49147761797268,UNACCEPTABLE,-6.8323038952604165,0.07591158655134445,-4.672118447693213,-0.12265760969880571
00001366_000.png,1.0,0.0,33.49149337719746,0.8440272531511775,5.394677803098454,3.3366470336914062,0.1295181180335125,161.232572555542,60.835328560406005,ACCEPTABLE,3.404884465264089,0.009986351508692063,172.30423707628586,161.17064476013184,0.0,0.0,0.0,UNACCEPTABLE,-30.086608911933368,-0.8340409016424855,-166.9095592731874,-0.1295181180335125,32.2766903400981,0.9228675330153576,6.204483921128256,3.6238861083984375,0.6302146184283971,162.72813987731934,59.352795835379844,ACCEPTABLE,-1.214803037099358,0.07884027986418007,-0.809806118029802,0.5006965003948846
00001367_000.png,1.0,0.0,35.99720389063085,0.8552711557360785,4.0427788583877735,2.990571975708008,0.09810841839545058,126.93392944335938,70.53024286291769,GOOD,4.891893396884872,0.02847800287881264,145.19294376488534,126.90306854248047,0.0,0.0,0.0,UNACCEPTABLE,-31.10531049374598,-0.8267931528572658,-141.15016490649757,-0.09810841839545058,29.761625544323017,0.8741772095806638,8.288174825267872,4.954753875732422,0.25845068895647555,129.86487579345703,66.99302882268142,UNACCEPTABLE,-6.2355783463078325,0.018906053844585324,-4.245395966880098,0.16034227056102496
00001367_001.png,1.0,0.0,36.56112379179957,0.854164144365444,3.788645676171145,2.8769264221191406,0.10718352565957551,121.80943489074707,75.15355962683684,GOOD,5.017746705015914,0.07651232376051272,143.10435322925096,121.73715019226074,0.0,0.0,0.0,UNACCEPTABLE,-31.543377086783654,-0.7776518206049312,-139.31570755307982,-0.10718352565957551,28.186914119646957,0.8294794295548938,9.935608593865458,5.979684829711914,0.0686896183194776,125.6662425994873,70.47896404750509,UNACCEPTABLE,-8.37420967215261,-0.024684714810550124,-6.146962917694314,-0.0384939073400979
00001367_002.png,1.0,0.0,35.61419763917985,0.8421844250963124,4.2250348783780165,3.106658935546875,0.1416930758741067,139.90813827514648,57.20757768821513,GOOD,4.542121464792142,0.011210096796327958,151.15903377434114,139.8812313079834,0.0,0.0,0.0,UNACCEPTABLE,-31.072076174387707,-0.8309743282999844,-146.93399889596313,-0.1416930758741067,30.865201891544075,0.911739129661631,7.299281048317475,3.6939096450805664,0.06724487724644332,141.20456218719482,54.735622579008634,ACCEPTABLE,-4.7489957476357745,0.06955470456531854,-3.0742461699394585,-0.07444819862766339
00001367_003.png,1.0,0.0,37.18806924558815,0.8588145121739383,3.5248181668180925,2.713298797607422,0.07085519589284811,110.88194847106934,31.42982988277885,GOOD,6.898825075196584,0.01763068389544747,115.23885291551179,110.87758255004883,0.0,0.0,0.0,UNACCEPTABLE,-30.28924417039157,-0.8411838282784909,-111.71403474869369,-0.07085519589284811,32.43929086888645,0.9220230478316771,6.089415901623835,3.0557899475097656,-0.002343303829672893,112.06772232055664,28.20128382375572,ACCEPTABLE,-4.748778376701701,0.06320853565773876,-2.5645977348057425,-0.073198499722521
00001367_004.png,1.0,0.0,32.80588784670587,0.8286636369530095,5.837753973261595,3.446051597595215,0.01491396431520177,172.43166065216064,61.785431205652756,ACCEPTABLE,2.8769483953064174,0.007257601025941994,183.10186196447702,172.33279037475586,0.0,0.0,0.0,UNACCEPTABLE,-29.928939451399454,-0.8214060359270675,-177.26410799121544,-0.01491396431520177,32.326502490922955,0.9234328875211616,6.169004057471205,3.828974723815918,0.6513493858643238,174.10248470306396,60.31507274841778,ACCEPTABLE,-0.47938535578291663,0.09476925056815211,-0.3312500842096098,0.636435421549122
00001367_005.png,1.0,0.0,35.85303424179931,0.8347198425507688,4.110441468375557,3.061046600341797,0.06269559452026513,133.44120121002197,73.25311344782189,GOOD,4.481619512451483,0.07614768853853984,152.2156143351057,133.3649663925171,0.0,0.0,0.0,UNACCEPTABLE,-31.371414729347823,-0.758572154012229,-148.10517286673013,-0.06269559452026513,28.496940100682377,0.8357097789293582,9.587230641785155,5.509119033813477,0.11104064853540799,136.61548900604248,68.92881694208494,UNACCEPTABLE,-7.35609414111693,0.0009899363785893511,-5.476789173409598,0.04834505401514286
00001367_006.png,1.0,0.0,33.09540831652006,0.834746179244985,5.6463756042792275,3.3687076568603516,0.02423805553360193,172.43084526062012,66.47640879160214,ACCEPTABLE,2.79937721467497,0.008919272013425615,184.7444156685454,172.34448432922363,0.0,0.0,0.0,UNACCEPTABLE,-30.296031101845088,-0.8258269072315594,-179.09804006426617,-0.02423805553360193,31.85943204983312,0.9254931369674406,6.509813969498704,4.14106559753418,0.6445504789268871,174.60944747924805,65.12444306184504,ACCEPTABLE,-1.2359762666869365,0.09074695772245567,-0.8634383652194764,0.6203124233932852
00001367_007.png,1.0,0.0,35.80482322289768,0.8343318064144764,4.133319902910952,3.0739078521728516,0.037673897620049294,129.68719482421875,73.66154948331155,GOOD,4.659115602858488,0.08677465264209558,149.13665577565854,129.605863571167,0.0,0.0,0.0,UNACCEPTABLE,-31.145707620039193,-0.7475571537723807,-145.00333587274758,-0.037673897620049294,28.020381819163166,0.8200912269342544,10.127939292102042,5.8958024978637695,0.17464518936759235,133.14688396453857,68.94300113478182,UNACCEPTABLE,-7.784441403734515,-0.014240579480221949,-5.994619389191089,0.13697129174754305
00001367_008.png,1.0,0.0,36.15309800677492,0.8496061807151795,3.9708664424726097,2.994394302368164,0.134989084451357,133.50457668304443,66.79376995904494,GOOD,4.652547009152094,0.03037561366504643,149.24948113317728,133.45852184295654,0.0,0.0,0.0,UNACCEPTABLE,-31.500550997622824,-0.819230567050133,-145.27861469070467,-0.134989084451357,29.63111871482773,0.8814734660642224,8.41364618119742,4.604206085205078,0.1549377498845647,135.813157081604,63.90836095273408,UNACCEPTABLE,-6.52197929194719,0.03186728534904293,-4.44277973872481,0.019948665433207724
00001367_009.png,1.0,0.0,36.5241745750074,0.8503516126653092,3.8047966598736704,2.8782548904418945,0.134805608886138,127.41121292114258,71.86852613350342,GOOD,4.829077360055221,0.06714986407753318,146.24677989381718,127.33444118499756,0.0,0.0,0.0,UNACCEPTABLE,-31.695097214952177,-0.783201748587776,-142.44198323394352,-0.134805608886138,28.951391399815964,0.8516661582539592,9.098516991052026,5.2690019607543945,0.12171313399694263,130.6440486907959,67.90153604338487,UNACCEPTABLE,-7.572783175191436,0.0013145455886499624,-5.293720331178356,-0.013092474889195363
00001367_010.png,1.0,0.0,34.585823427063886,0.8532003221950477,4.756078444806891,3.158297538757324,0.11126033687420563,154.86473751068115,63.53797891460234,ACCEPTABLE,3.6576235223246774,0.0025124152524851583,167.36282746521366,154.82558059692383,0.0,0.0,0.0,UNACCEPTABLE,-30.92819990473921,-0.8506879069425626,-162.60674902040677,-0.11126033687420563,31.522378964387386,0.9309807785988046,6.767390419474822,3.7187232971191406,0.3967493892922998,156.2841796875,62.17945942487609,ACCEPTABLE,-3.0634444626765003,0.07778045640375686,-2.0113119746679304,0.2854890524180942
00001368_000.png,1.0,0.0,33.66490772650634,0.8365740057726743,5.288040761147056,3.297452926635742,0.016814792107886087,160.82656955718994,61.81740656130894,ACCEPTABLE,3.4075005881721747,0.0031122582673119197,172.25234818484353,160.7549295425415,0.0,0.0,0.0,UNACCEPTABLE,-30.257407138334166,-0.8334617475053624,-166.96430742369648,-0.016814792107886087,33.43316951166228,0.9354380537906829,5.431023785936066,3.441354751586914,0.6146321479769293,162.20086574554443,60.51396653289325,ACCEPTABLE,-0.23173821484406432,0.09886404801800863,-0.14298302478901004,0.5978173558690433
00001368_001.png,1.0,0.0,35.98255767356544,0.8578286606991028,4.049601575303572,2.9351539611816406,0.14065014774106976,114.02876949310303,64.53838033828025,GOOD,5.783004605359556,0.057022075089037116,131.03579567562605,113.97526264190674,0.0,0.0,0.0,UNACCEPTABLE,-30.19955306820588,-0.8008065856100657,-126.98619410032248,-0.14065014774106976,28.30669737003397,0.839438916563775,9.799531470017348,5.66111946105957,0.07147696981375284,117.2959623336792,59.66160626068975,UNACCEPTABLE,-7.6758603035314685,-0.01838974413532779,-5.749929894713776,-0.06917317792731692
00001369_000.png,1.0,0.0,35.735051212682826,0.824409560625164,4.1666557439025125,3.218634605407715,0.18274428736032822,186.58751583099365,52.46944660076268,GOOD,2.384036876035602,0.0014646342182798215,193.79311190962787,186.57701110839844,0.0,0.0,0.0,UNACCEPTABLE,-33.351014336647225,-0.8229449264068842,-189.62645616572536,-0.18274428736032822,30.51695803191815,0.9417606386362137,7.597877354089151,3.53102970123291,0.0393124413176268,187.87634754180908,52.785310979480876,ACCEPTABLE,-5.218093180764676,0.11735107801104971,-3.431221610186639,-0.14343184604270143
00001370_000.png,1.0,0.0,36.05733337837076,0.8341515666137248,4.014888710769363,3.1776390075683594,0.07862839136175812,172.7354335784912,39.683125683021174,GOOD,3.16154477006726,0.00023050038780771464,177.19968353312115,172.72516059875488,0.0,0.0,0.0,UNACCEPTABLE,-32.8957886083035,-0.8339210662259171,-173.1847948223518,-0.07862839136175812,32.12880225222073,0.9343533807768444,6.311027430634778,2.7707958221435547,0.04811242964023647,172.52337646484375,40.006167448889755,ACCEPTABLE,-3.928531126150027,0.10020181416311957,-2.2961387198654144,-0.030515961721521642
00001371_000.png,1.0,0.0,36.08403824257415,0.8378700350165272,4.002563846991471,3.113452911376953,0.10472318336927229,171.52887535095215,41.32492651534339,GOOD,3.2005755467456813,0.001379337640887139,176.40520818789568,171.52425575256348,0.0,0.0,0.0,UNACCEPTABLE,-32.88346269582847,-0.8364906973756401,-172.4026443409042,-0.10472318336927229,32.53224532919779,0.9422248309274353,6.0245957899827784,2.6619672775268555,0.05501065909641575,171.4231195449829,41.00396100288995,ACCEPTABLE,-3.55179291337636,0.10435479591090802,-2.0220319429913074,-0.049712524272856544
00001371_001.png,1.0,0.0,33.916271541364104,0.8312216510789271,5.137201531643584,3.221310615539551,0.0070085341306492695,161.0318078994751,44.98126227011629,ACCEPTABLE,3.670489494801447,0.0009448365619933132,167.1151048217441,160.9360809326172,0.0,0.0,0.0,UNACCEPTABLE,-30.245782046562656,-0.8302768145169338,-161.9779032901005,-0.0070085341306492695,35.46123138784548,0.957094105605789,4.300100551582852,2.4505319595336914,0.6348036257040022,160.80798053741455,43.53316862674364,GOOD,1.544959846481376,0.1258724545268619,0.8371009800607325,0.6277950915733529
00001371_002.png,1.0,0.0,33.19396392366962,0.8237843651951116,5.582670352726544,3.384746551513672,-0.0006029766374949659,172.43124198913574,38.80667324446581,ACCEPTABLE,3.1881287876983864,0.0005077818826063293,176.65817560387754,172.32116889953613,0.0,0.0,0.0,UNACCEPTABLE,-30.005835135971235,-0.8232765833125052,-171.075505251151,0.0006029766374949659,35.02600430682492,0.9572073762939982,4.521056818675301,2.301074981689453,0.6683852833104877,172.12697982788086,38.420848122393004,GOOD,1.8320403831553023,0.13342301109888666,1.0616135340512436,0.6689882599479827
00001371_003.png,1.0,0.0,33.520935783741905,0.8349482790504743,5.376422516414815,3.2848005294799805,0.019988996938315323,160.8444185256958,48.08271498956848,ACCEPTABLE,3.6350729039342267,0.0008660429977913447,167.79790538212526,160.74328231811523,0.0,0.0,0.0,UNACCEPTABLE,-29.88586287980768,-0.834082236052683,-162.42148286571046,-0.019988996938315323,34.409220844085304,0.9533051470015772,4.8537693870721155,2.5850725173950195,0.6437989533425618,160.77534198760986,46.401057324277154,ACCEPTABLE,0.8882850603433994,0.1183568679511029,0.5226531293426993,0.6238099564042464
00001371_004.png,1.0,0.0,33.68566054432765,0.8344544040788323,5.275421357162427,3.256824493408203,0.052149691674079075,158.19220542907715,47.43372050002532,ACCEPTABLE,3.776386213934522,0.0021542115950262545,165.09003885211288,158.10735893249512,0.0,0.0,0.0,UNACCEPTABLE,-29.909274330393124,-0.832300192483806,-159.81461749495045,-0.052149691674079075,33.33448562312148,0.9455549920610471,5.49307968685199,2.7758893966674805,0.5862785316364584,158.28960704803467,45.43068574267866,ACCEPTABLE,-0.3511749212061659,0.11110058798221478,-0.2176583296895629,0.5341288399623793
00001371_005.png,1.0,0.0,35.97282770148939,0.8369580964325491,4.054140498726042,3.022965431213379,0.065781491061654,124.65316677093506,67.13964846125263,GOOD,5.110679068803808,0.07623305083469153,141.58140800129453,124.5749340057373,0.0,0.0,0.0,UNACCEPTABLE,-30.862148632685585,-0.7607250455978576,-137.5272675025685,-0.065781491061654,28.9973766634987,0.8349642851844445,9.050474462137725,5.355511665344238,0.11202801284926887,127.6679220199585,62.46736607172569,UNACCEPTABLE,-6.975451037990695,-0.0019938112481046044,-4.996333963411683,0.046246521787614875
00001372_000.png,1.0,0.0,35.93245080580867,0.8397303971151806,4.073030292978078,2.96462345123291,0.08675464191009555,126.28418922424316,71.35203047241941,GOOD,4.902458127030018,0.0921008074001414,145.01645156333785,126.17524242401123,0.0,0.0,0.0,UNACCEPTABLE,-31.029992678778655,-0.7476295897150392,-140.94342127035978,-0.08675464191009555,28.31735495339954,0.8217677540058691,9.787514822255648,5.70594596862793,0.2240678898989587,129.5777292251587,66.23903234623526,UNACCEPTABLE,-7.61509585240913,-0.017962643109311505,-5.71448452927757,0.13731324798886316
00001373_000.png,1.0,0.0,34.37400145326678,0.8397673734090536,4.873490319878477,3.173675537109375,0.07970620796349637,156.959566116333,50.336082245704134,ACCEPTABLE,3.791068905069836,0.004669608806705552,164.81120518511017,156.92722129821777,0.0,0.0,0.0,UNACCEPTABLE,-30.582932548196943,-0.8350977646023481,-159.9377148652317,-0.07970620796349637,32.80521108433818,0.9375485927896569,5.838208840440672,3.1113357543945312,0.5438691567317375,157.26781845092773,47.71138109549747,ACCEPTABLE,-1.568790368928596,0.09778121938060325,-0.9647185205621946,0.46416294876824116
00001373_001.png,1.0,0.0,34.939106125927815,0.8614596459654009,4.5665148484734095,2.940824508666992,0.08780696502805838,121.38881874084473,43.0862987100348,ACCEPTABLE,5.934129314778287,0.004730590433640425,128.7756393310104,121.34147262573242,0.0,0.0,0.0,UNACCEPTABLE,-29.004976811149525,-0.8567290555317605,-124.209124482537,-0.08780696502805838,33.21072806619178,0.9435317101244401,5.571905948811842,2.9968461990356445,0.5318475794302121,122.35934352874756,40.41621650951036,ACCEPTABLE,-1.7283780597360376,0.08207206415903923,-1.0053911003384322,0.4440406144021537
00001373_002.png,1.0,0.0,33.70562916924739,0.8469479978840627,5.263307236761168,3.113766670227051,0.01908562094781792,120.38152885437012,57.66085329616131,ACCEPTABLE,5.626327476363654,0.021947296270604127,133.4208817901258,120.27876377105713,0.0,0.0,0.0,UNACCEPTABLE,-28.079301692883732,-0.8250007016134586,-128.15757455336464,-0.01908562094781792,31.668313731161348,0.9066315408344395,6.654638892392808,3.999875068664551,0.5931802644154779,122.24149131774902,53.889934877896174,ACCEPTABLE,-2.03731543808604,0.05968354295037681,-1.3913316556316397,0.5740946434676599
00001373_003.png,1.0,0.0,34.18311080175644,0.8513611843815144,4.981781096247624,3.026911735534668,0.017370254366563944,120.46792697906494,53.70162708147711,ACCEPTABLE,5.729389354805544,0.013403977375469747,131.8471397222744,120.38277626037598,0.0,0.0,0.0,UNACCEPTABLE,-28.453721446950897,-0.8379572070060447,-126.86535862602676,-0.017370254366563944,32.85876645464301,0.9271097881384066,5.80232241929544,3.4308080673217773,0.5740311141709636,122.09129619598389,50.84148833947426,ACCEPTABLE,-1.3243443471134313,0.07574860375689219,-0.8205413230478165,0.5566608598043997
00001373_004.png,1.0,0.0,35.95260813192226,0.8379438689976874,4.063588979459159,3.1018362045288086,0.06688530152270775,122.88778972625732,63.72798355668956,GOOD,5.306448528520411,0.029607704007269045,138.42602691297037,122.8532943725586,0.0,0.0,0.0,UNACCEPTABLE,-30.64615960340185,-0.8083361649904183,-134.36243793351122,-0.06688530152270775,30.11788877464508,0.8677204760451931,7.955101801750151,4.681443214416504,0.027847313144929265,125.20453548431396,60.54822749300694,ACCEPTABLE,-5.83471935727718,0.029776607047505732,-3.8915128222909914,-0.039037988377778485
00001373_005.png,1.0,0.0,36.36830749976169,0.8598244755609709,3.873689491412406,2.9232635498046875,0.11952103646772266,121.83343887329102,65.05004426283286,GOOD,5.32756559829112,0.02744932936839127,138.08989535992757,121.7961254119873,0.0,0.0,0.0,UNACCEPTABLE,-31.04074190147057,-0.8323751461925796,-134.21620586851517,-0.11952103646772266,29.011509476839798,0.8720407774447704,9.035760406600447,5.086338043212891,0.12262985446580779,124.5356559753418,61.13055746401218,UNACCEPTABLE,-7.356798022921893,0.012216301883799519,-5.162070915188041,0.0031088179980851283
00001373_006.png,1.0,0.0,35.72462574329986,0.8442803111681958,4.171659885532559,3.0842361450195312,0.05209655259857786,119.86002826690674,67.36449068170647,GOOD,5.363100366438919,0.043112206793050466,137.52611101357402,119.82757472991943,0.0,0.0,0.0,UNACCEPTABLE,-30.36152537686094,-0.8011681043751453,-133.35445112804146,-0.05209655259857786,28.604168448101042,0.8527364849958449,9.46960269122732,5.441399574279785,0.061270266720591555,122.92751502990723,63.36292170338822,UNACCEPTABLE,-7.120457295198818,0.008456173827649072,-5.2979428056947615,0.009173714122013697
00001373_007.png,1.0,0.0,36.410190311360104,0.8473711616885024,3.8550557666114353,2.8712339401245117,0.05448816323846055,108.58076286315918,70.76226502528372,GOOD,5.878613886746027,0.11757496013035826,129.60133826762822,108.46434879302979,0.0,0.0,0.0,UNACCEPTABLE,-30.531576424614077,-0.7297962015581441,-125.7462825010168,-0.05448816323846055,27.606731545687996,0.7924514330768015,10.621934111818707,6.622908592224121,0.04001025599105471,113.26735877990723,65.23638532113834,UNACCEPTABLE,-8.803458765672108,-0.0549197286117008,-6.766878345207271,-0.014477907247405837
00001373_008.png,1.0,0.0,32.12725144043034,0.8270771942698003,6.312154326086152,3.5555686950683594,0.1950724740887447,180.7210235595703,54.227284009534486,ACCEPTABLE,2.6132348081676495,0.0033541847462613484,188.7462970143042,180.64630126953125,0.0,0.0,0.0,UNACCEPTABLE,-29.514016632262692,-0.8237230095235389,-182.43414268821803,-0.1950724740887447,30.938100536502986,0.9374537393055967,7.238276243336774,3.6920032501220703,0.5932396689787282,182.31411170959473,53.77624005197345,ACCEPTABLE,-1.1891509039273558,0.11037654503579641,-0.9261219172506214,0.3981671948899834
00001373_009.png,1.0,0.0,33.88523126091279,0.8309528129299001,5.1555929054262934,3.2612409591674805,0.015891603893628505,161.0446252822876,47.348971852286724,ACCEPTABLE,3.6359429978105884,0.00431159111486038,167.78109736088365,160.94898796081543,0.0,0.0,0.0,UNACCEPTABLE,-30.2492882631022,-0.8266412218150397,-162.62550445545736,-0.015891603893628505,33.8695826060814,0.940023378220918,5.164889686344417,2.8626222610473633,0.6044936624230027,161.13757991790771,45.54423340253408,ACCEPTABLE,-0.015648654831387887,0.10907056529101788,-0.009296780918123915,0.5886020585293742
00001373_010.png,1.0,0.0,34.34131564415554,0.8480471108232139,4.8918642661602085,3.214395523071289,0.341477817574499,143.55380249023438,65.42139699894734,ACCEPTABLE,4.1681859612268655,0.028586159165607868,157.8086782585667,143.52899551391602,0.0,0.0,0.0,UNACCEPTABLE,-30.17312968292868,-0.819460951657606,-152.91681399240647,-0.341477817574499,27.81252953149743,0.8642243930581422,10.373222750374246,5.233503341674805,0.14165961848803296,145.77996063232422,61.517565573865184,UNACCEPTABLE,-6.528786112658114,0.016177282234928314,-5.481358484214038,-0.19981819908646606
00001373_011.png,1.0,0.0,33.13855652399464,0.8642949131117779,5.618396103760179,3.130927085876465,0.3715349450705004,122.47148323059082,62.5413093257,ACCEPTABLE,5.358566466186437,0.02695057516808267,137.5979162586536,122.41561603546143,0.0,0.0,0.0,UNACCEPTABLE,-27.7799900578082,-0.8373443379436952,-131.97952015489344,-0.3715349450705004,27.94571343144063,0.8822802906682835,10.215379584939177,5.173365592956543,0.410993648759792,125.20443916320801,58.24357849856067,UNACCEPTABLE,-5.192843092554007,0.017985377556505644,-4.596983481178998,0.03945870368929161
00001373_012.png,1.0,0.0,30.871768424399907,0.8201161245885388,7.293764876977283,3.665595054626465,0.12042002935871776,141.4507942199707,60.17903566650365,ACCEPTABLE,4.387950913549959,0.022359228214009,153.86598973424208,141.3692445755005,0.0,0.0,0.0,UNACCEPTABLE,-26.483817510849946,-0.7977568963745297,-146.57222485726479,-0.12042002935871776,28.896286754721423,0.882529141015816,9.156422896591794,4.509683609008789,0.4127113556024068,143.288498878479,57.718902342646594,UNACCEPTABLE,-1.9754816696784836,0.06241301642727726,-1.8626580196145106,0.29229132624368903
00001373_013.png,1.0,0.0,31.338842980359747,0.8206971492409849,6.911909313384061,3.766908645629883,0.2535722855513827,155.4681282043457,62.877892602810526,ACCEPTABLE,3.634105203252494,0.028116607880335938,167.81660089863104,155.3814754486084,0.0,0.0,0.0,UNACCEPTABLE,-27.704737777107255,-0.7925805413606489,-160.90469158524698,-0.2535722855513827,28.092637665780693,0.8477987729440033,10.044036844046957,5.233151435852051,0.36555403776422596,157.42160892486572,59.60288233229468,UNACCEPTABLE,-3.246205314579054,0.027101623703018385,-3.1321275306628964,0.11198175221284323
00001373_014.png,1.0,0.0,33.014930642170775,0.8447926194838458,5.698934274728546,3.216960906982422,0.27647130017644106,127.700026512146,61.433606509200835,ACCEPTABLE,5.099770865047048,0.01770990788411752,141.7593251849543,127.61147403717041,0.0,0.0,0.0,UNACCEPTABLE,-27.915159777123726,-0.8270827115997282,-136.06039091022575,-0.27647130017644106,29.883912362004466,0.9046220535843471,8.172304918931273,4.115171432495117,0.420830087027106,129.9175386428833,58.84717873406917,UNACCEPTABLE,-3.131018280166309,0.059829434100501344,-2.473370644202727,0.14435878685066494
00001373_015.png,1.0,0.0,32.501292975371506,0.8477515879036674,6.046102863861403,3.352169990539551,0.2978866741239417,141.33627700805664,58.844550847529085,ACCEPTABLE,4.42682005005612,0.006339427499445607,153.17898163910328,141.267165184021,0.0,0.0,0.0,UNACCEPTABLE,-28.074472925315384,-0.8414121604042218,-147.1328787752419,-0.2978866741239417,28.840239607405064,0.9059455674599889,9.215697271219534,4.265610694885254,0.3826866715863325,143.0051498413086,56.36942375492596,UNACCEPTABLE,-3.661053367966442,0.05819397955632144,-3.1695944073581312,0.08479999746239081
00001373_016.png,1.0,0.0,31.980851631731404,0.8517198858751129,6.419446722771478,3.2763757705688477,0.2129901393153493,128.56829452514648,62.958038458675084,ACCEPTABLE,5.008732425588254,0.02292084108958058,143.25294505914988,128.47294521331787,0.0,0.0,0.0,UNACCEPTABLE,-26.97211920614315,-0.8287990447855323,-136.8334983363784,-0.2129901393153493,28.703676879974367,0.8933093056781032,9.361734847416505,4.738522529602051,0.43028529021695133,131.0660572052002,59.707251163688355,UNACCEPTABLE,-3.2771747517570375,0.041589419802990246,-2.942288124645027,0.21729515090160204
00001373_017.png,1.0,0.0,33.44509973944818,0.8710516094752172,5.423569296353972,2.9648189544677734,0.3529199669069429,114.90830135345459,65.10219745809326,ACCEPTABLE,5.709479330624873,0.015852531265236527,132.14970984324233,114.86288547515869,0.0,0.0,0.0,UNACCEPTABLE,-27.73562040882331,-0.8551990782099806,-126.72614054688836,-0.3529199669069429,28.243284997397357,0.8904523432061949,9.871335907091664,5.222966194152832,0.406249808130917,118.3398666381836,60.87029258877482,UNACCEPTABLE,-5.201814742050825,0.019400733730977726,-4.447766610737692,0.053329841223974106
00001373_018.png,1.0,0.0,35.51331782740561,0.8483151250938528,4.274391416542421,3.130403518676758,0.07609648904432943,127.19936752319336,72.01599820087651,GOOD,4.831822191629935,0.011137694216460362,146.20057168997522,127.17216300964355,0.0,0.0,0.0,UNACCEPTABLE,-30.681495635775672,-0.8371774308773924,-141.9261802734328,-0.07609648904432943,29.20133224067214,0.8918687336946857,8.840433637935318,5.15748405456543,0.06688556976348704,129.94207572937012,69.029304126726,UNACCEPTABLE,-6.311985586733467,0.043553608600832905,-4.566042221392897,-0.009210919280842389
00001373_019.png,1.0,0.0,31.900613933852725,0.8530274326766907,6.479022434342384,3.2707462310791016,0.1537753151977661,123.53914451599121,61.62404765907261,ACCEPTABLE,5.324267297859389,0.007925916861155735,138.14234231330786,123.45800018310547,0.0,0.0,0.0,UNACCEPTABLE,-26.576346635993335,-0.8451015158155349,-131.66331987896547,-0.1537753151977661,29.580378389452754,0.9034045488851673,8.462939982619165,4.478006362915039,0.3501092468368597,125.96634101867676,58.58709229786607,UNACCEPTABLE,-2.3202355443999707,0.050377116208476624,-1.9839175482767812,0.19633393163909357
00001373_020.png,1.0,0.0,32.51426465981747,0.8554127656470836,6.037080229704599,3.162672996520996,0.14796026624335482,118.91944789886475,62.40484924094316,ACCEPTABLE,5.5661434150123315,0.005474211992221275,134.34855809007615,118.82510948181152,0.0,0.0,0.0,UNACCEPTABLE,-26.94812124480514,-0.8499385536548623,-128.31147786037155,-0.14796026624335482,30.951372239713734,0.9183146598601858,7.227224882544382,4.147679328918457,0.4771544409763033,121.37798023223877,59.906966035982485,ACCEPTABLE,-1.5628924201037364,0.06290189421310222,-1.1901446528397832,0.32919417473294843
00001373_021.png,1.0,0.0,32.469080174164915,0.8605541654019585,6.0685672877864345,3.153484344482422,0.2603759520113914,121.55492973327637,61.82429840884674,ACCEPTABLE,5.429943761169447,0.004184051231568268,136.4718228276567,121.49062156677246,0.0,0.0,0.0,UNACCEPTABLE,-27.039136412995468,-0.8563701141703902,-130.40325553987026,-0.2603759520113914,29.93900719910489,0.9254452089026022,8.120631819042277,4.120175361633301,0.44706338543716617,123.87807559967041,59.39750448349812,UNACCEPTABLE,-2.530072975060026,0.06489104350064367,-2.0520645312558425,0.18668743342577476
00001373_022.png,1.0,0.0,33.23152140094513,0.8640573244121453,5.558583198585602,2.9774770736694336,0.13482392583367292,113.13723945617676,61.923849304273126,ACCEPTABLE,5.917831333141224,0.013580846251268132,129.01749749133998,113.07054805755615,0.0,0.0,0.0,UNACCEPTABLE,-27.313690067803904,-0.8504764781608772,-123.45891429275437,-0.13482392583367292,30.112542520727498,0.8988592954777623,7.959999755495154,4.740170478820801,0.48043133701912977,116.04131507873535,57.77597441161619,ACCEPTABLE,-3.118978880217629,0.034801971065617,-2.4014165569095525,0.34560741118545685
00001373_023.png,1.0,0.0,31.96553231860762,0.8579646866925144,6.430778698199944,3.2570505142211914,0.21864357691579717,122.24796104431152,61.291673976022444,ACCEPTABLE,5.404549709951361,0.008946413358598908,136.87139541199494,122.17547130584717,0.0,0.0,0.0,UNACCEPTABLE,-26.56098260865626,-0.8490182733339154,-130.440616713795,-0.21864357691579717,29.04118994707046,0.9013599670508927,9.004937089343391,4.599357604980469,0.4253419796718755,124.63125133514404,57.970291621209384,UNACCEPTABLE,-2.9243423715371613,0.04339528035837836,-2.574158391143447,0.20669840275607831
00001373_024.png,1.0,0.0,32.73766913411774,0.8568237674963052,5.883784037860925,3.1546239852905273,0.14103687463369266,120.62773990631104,57.9420207861905,ACCEPTABLE,5.597358853922185,0.007129159416585895,133.86660141873637,120.54836463928223,0.0,0.0,0.0,UNACCEPTABLE,-27.140310280195553,-0.8496946080797193,-127.98281738087545,-0.14103687463369266,31.04062944008257,0.9126505429896231,7.153337377326062,4.055279731750488,0.4769793041676485,122.7611608505249,55.11067996260741,ACCEPTABLE,-1.697039694035169,0.05582677549331794,-1.2695533394651362,0.3359424295339558
00001373_025.png,1.0,0.0,34.342712761238275,0.8677200402906422,4.891077477726911,2.9303407669067383,0.2603748613586286,117.39906120300293,56.67666886253892,ACCEPTABLE,5.826010584653794,0.008376617080362959,130.38860868491506,117.3635778427124,0.0,0.0,0.0,UNACCEPTABLE,-28.51670217658448,-0.8593434232102792,-125.49753120718815,-0.2603748613586286,31.258996184252375,0.9207359965031553,6.975741381877862,3.947421073913574,0.4539510583676189,119.5041275024414,53.30769113706277,ACCEPTABLE,-3.0837165769859,0.05301595621251309,-2.0846639041509514,0.19357619700899031
00001373_026.png,1.0,0.0,34.751348347175494,0.8586320395216924,4.666301145316725,2.906940460205078,0.13361727332233805,115.59178733825684,51.08035093142736,ACCEPTABLE,6.099965132753927,0.006129719644532021,126.34030581451935,115.52858543395996,0.0,0.0,0.0,UNACCEPTABLE,-28.651383214421568,-0.8525023198771604,-121.67400466920263,-0.13361727332233805,33.04116174083002,0.9375912153490328,5.681749643779406,3.245112419128418,0.40240589336886295,117.19824504852295,48.29119009078991,ACCEPTABLE,-1.7101866063454736,0.07895917582734036,-1.015448498462681,0.26878862004652493
00001373_027.png,1.0,0.0,35.18759166595898,0.865062810019765,4.437727156721657,2.8520679473876953,0.21923577089755789,114.29974174499512,50.34617682368295,GOOD,6.201201924750551,0.004364725087090469,124.87631777048017,114.26156425476074,0.0,0.0,0.0,UNACCEPTABLE,-28.986389741208434,-0.8606980849326745,-120.43859061375852,-0.21923577089755789,33.025059937696604,0.9405854888532915,5.692292175251993,3.271805763244629,0.41971381876897834,115.93406391143799,47.519132196757816,ACCEPTABLE,-2.1625317282623797,0.07552267883352648,-1.2545650185303359,0.20047804787142046
00001373_028.png,1.0,0.0,33.24330909813539,0.8646953729195551,5.551044712887834,3.042731285095215,0.18653784816337976,115.66625118255615,59.77135899725427,ACCEPTABLE,5.835775964781082,0.006434598890073005,130.24209763319763,115.59638214111328,0.0,0.0,0.0,UNACCEPTABLE,-27.40753313335431,-0.8582607740294821,-124.6910529203098,-0.18653784816337976,30.703717429716832,0.909605847279307,7.436255599350199,4.328418731689453,0.47312109468791547,118.19075775146484,56.45540185320202,ACCEPTABLE,-2.5395916684185593,0.04491047435975193,-1.8852108864623647,0.2865832465245357
00001373_029.png,1.0,0.0,33.38087376035359,0.8617072588868506,5.463821370032429,3.0722904205322266,0.2126080995176767,127.23371696472168,63.58995344734269,ACCEPTABLE,5.067220676589491,0.009841793269405576,142.29156192014236,127.1871223449707,0.0,0.0,0.0,UNACCEPTABLE,-28.313653083764095,-0.851865465617445,-136.82774055010992,-0.2126080995176767,30.278200925421153,0.9047692644696657,7.809624165517085,4.40383243560791,0.48786511090110873,129.69372272491455,60.01034976800817,ACCEPTABLE,-3.1026728349324344,0.04306200558281503,-2.345802795484656,0.27525701138343206
00001373_030.png,1.0,0.0,33.32077182950863,0.8550149317067105,5.501759334424379,3.1482009887695312,0.30217306385654746,129.10691833496094,61.607232905637574,ACCEPTABLE,5.016908951382792,0.005957437582529444,143.1181563028017,129.0677547454834,0.0,0.0,0.0,UNACCEPTABLE,-28.303862878125837,-0.8490574941241811,-137.61639696837733,-0.30217306385654746,30.357121244074467,0.9151878093653556,7.738987019611913,3.9706344604492188,0.41956871821161773,131.2068977355957,59.22240988621876,ACCEPTABLE,-2.963650585434163,0.060172877658645096,-2.237227685187534,0.11739565435507027
00001373_031.png,1.0,0.0,34.05622379736893,0.8630427249737996,5.055091146068105,3.0143861770629883,0.29065134988362273,125.9082899093628,61.94219829473021,ACCEPTABLE,5.186639085859703,0.008607233848747755,140.3486456653141,125.86764144897461,0.0,0.0,0.0,UNACCEPTABLE,-28.869584711509226,-0.8544354911250519,-135.29355451924602,-0.29065134988362273,30.919484326462857,0.9177636883922791,7.253806463242368,3.997316360473633,0.46109084416373364,128.25303077697754,59.152321641171845,ACCEPTABLE,-3.136739470906072,0.05472096341847943,-2.198715317174263,0.1704394942801109
00001373_032.png,1.0,0.0,32.39469414003906,0.8540258920063428,6.120761728441366,3.224397659301758,0.1593862415243908,128.38042736053467,60.89436217163811,ACCEPTABLE,5.076984985340667,0.006470135041451999,142.13169365639973,128.29102420806885,0.0,0.0,0.0,UNACCEPTABLE,-27.31770915469839,-0.8475557569648908,-136.01093192795838,-0.1593862415243908,30.741576062654666,0.9119043682388853,7.4039141999584706,4.097694396972656,0.46984234455521084,130.5881643295288,58.70164859893842,ACCEPTABLE,-1.6531180773843914,0.0578784762325425,-1.2831524715171048,0.31045610303082005
00001373_033.png,1.0,0.0,33.58503635088327,0.8579536739755039,5.3368913683186285,3.156060218811035,0.2634549533064044,132.3504343032837,59.76697830133838,ACCEPTABLE,4.887967728115358,0.004443770054987778,145.25857990025048,132.30791664123535,0.0,0.0,0.0,UNACCEPTABLE,-28.697068622767915,-0.8535099039205162,-139.92168853193186,-0.2634549533064044,31.41256861873903,0.920790644946345,6.8534894645411235,3.7569580078125,0.43985567450841234,134.24582290649414,57.598463801789535,ACCEPTABLE,-2.1724677321442414,0.06283697097084107,-1.516598096222495,0.17640072120200795
00001373_034.png,1.0,0.0,30.26263380772921,0.8327875073809929,7.823633363472657,3.5526227951049805,0.15276614571177458,128.51216220855713,68.66511243621231,ACCEPTABLE,4.850907824077534,0.025498044979904523,145.87967571750724,128.41065216064453,0.0,0.0,0.0,UNACCEPTABLE,-25.411725983651674,-0.8072894624010885,-138.0560423540346,-0.15276614571177458,28.134191062587707,0.8800545807107901,9.99610080994524,5.062961578369141,0.37856489488091855,131.4533405303955,65.61893930069998,UNACCEPTABLE,-2.128442745141502,0.04726707332979718,-2.1724674464725826,0.22579874916914397
00001373_035.png,1.0,0.0,32.784496913536564,0.8515147362680554,5.852148457055368,3.0952882766723633,0.13867870005943284,122.3246431350708,57.77706394129266,ACCEPTABLE,5.503783384493348,0.001795424737804034,135.31657948324158,122.24603462219238,0.0,0.0,0.0,UNACCEPTABLE,-27.28071352904322,-0.8497193115302514,-129.46443102618622,-0.13867870005943284,32.22413044845044,0.9367395938865558,6.242142200902397,3.448418617248535,0.4489525417427056,124.19635105133057,56.0758053820695,ACCEPTABLE,-0.5603664650861262,0.0852248576185004,-0.3899937438470289,0.31027384168327277
00001373_036.png,1.0,0.0,33.27179259999915,0.8470193652054441,5.532871073445382,3.191380500793457,0.21731206067843156,133.7234525680542,53.405016474703295,ACCEPTABLE,4.962503049408567,0.0072483536366600276,144.01742048987086,133.64967918395996,0.0,0.0,0.0,UNACCEPTABLE,-28.309289550590584,-0.8397710115687841,-138.48454941642547,-0.21731206067843156,31.559123520933653,0.9164345863734706,6.738822300515484,3.5061111450195312,0.4543558323469718,134.96973991394043,51.022541504706815,ACCEPTABLE,-1.712669079065499,0.06941522116802656,-1.205951227070102,0.23704377166854024
00001373_037.png,1.0,0.0,33.06265395822076,0.8544554186460013,5.667708198347781,3.0487661361694336,0.1328312240398842,122.17257595062256,61.20831289172622,ACCEPTABLE,5.415795671224402,0.012741397577143805,136.6942973319679,122.11851692199707,0.0,0.0,0.0,UNACCEPTABLE,-27.646858286996356,-0.8417140210688575,-131.02658913362012,-0.1328312240398842,30.553767795684106,0.9086823133251374,7.5657465878106995,4.153603553771973,0.3569748340053427,124.67720890045166,58.39955086513924,ACCEPTABLE,-2.508886162536651,0.054226894679136106,-1.8980383894629185,0.22414360996545848
00001373_038.png,1.0,0.0,31.989437440998692,0.8466074750533156,6.413104377210051,3.50516414642334,0.3385851445276086,145.00307083129883,51.47806608001299,ACCEPTABLE,4.381163938098719,0.0019543461133586545,153.98626443680132,144.9817361831665,0.0,0.0,0.0,UNACCEPTABLE,-27.608273502899973,-0.8446531289399569,-147.57316005959126,-0.3385851445276086,29.825930160991465,0.9196586103173849,8.22704120340876,3.655585289001465,0.5333354933549497,146.08062362670898,50.17792549897679,UNACCEPTABLE,-2.1635072800072273,0.07305113526406937,-1.8139368261987086,0.1947503488273411
00001373_039.png,1.0,0.0,31.833138192126647,0.8377812449047012,6.529550285568118,3.3390045166015625,0.09357885191908565,127.84647560119629,61.42461142360969,ACCEPTABLE,5.091139552523973,0.019971955475519398,141.9002637913129,127.75840759277344,0.0,0.0,0.0,UNACCEPTABLE,-26.741998639602674,-0.8178092894291817,-135.3707135057448,-0.09357885191908565,29.959769208895047,0.8807362142661531,8.101244133898744,4.471137046813965,0.4714613473949561,130.05241107940674,57.68005378123688,UNACCEPTABLE,-1.8733689832316003,0.04295496936145193,-1.571693848330626,0.37788249547587044
00001373_040.png,1.0,0.0,32.92586950497521,0.8393220775007051,5.757669144273102,3.2399778366088867,0.15750631004659074,134.7881441116333,56.283809960332846,ACCEPTABLE,4.838719153939844,0.004346472644847355,146.08452835435645,134.70484352111816,0.0,0.0,0.0,UNACCEPTABLE,-28.087150351035366,-0.8349756048558578,-140.32685921008334,-0.15750631004659074,32.140310996884615,0.9173504184947258,6.3026708996309795,3.414628028869629,0.44329411582434486,136.20101833343506,54.6336577492276,ACCEPTABLE,-0.7855585080905954,0.07802834099402067,-0.5450017553578776,0.2857878057777541
00001373_041.png,1.0,0.0,31.576339528548765,0.8418170446862684,6.725478737393447,3.3509397506713867,0.16094403784020947,128.0174379348755,67.62090835001919,ACCEPTABLE,4.9099344811797865,0.03359334807087293,144.89168278087845,127.93471336364746,0.0,0.0,0.0,UNACCEPTABLE,-26.66640504736898,-0.8082236966153955,-138.166204043485,-0.16094403784020947,28.147180920724182,0.8608434480488847,9.981162687241019,5.331080436706543,0.3027728357438278,131.01477718353271,63.48375035946907,UNACCEPTABLE,-3.429158607824583,0.019026403362616295,-3.2556839498475725,0.14182879790361833
00001373_042.png,1.0,0.0,34.17024292224099,0.8557277259061459,4.989166921973786,3.0077972412109375,0.2244226844682348,123.90667057037354,62.54153819478089,ACCEPTABLE,5.282868168326526,0.013574762118798371,138.80233497620674,123.86345195770264,0.0,0.0,0.0,UNACCEPTABLE,-28.88737475391446,-0.8421529637873475,-133.81316805423296,-0.2244226844682348,31.030351780910475,0.9071693815532842,7.161806639553053,4.08145809173584,0.34900682586361115,126.2841854095459,59.57918661160507,ACCEPTABLE,-3.139891141330512,0.05144165564713832,-2.1726397175792664,0.12458414139537635
00001373_043.png,1.0,0.0,33.17130344689732,0.8433712717583135,5.597253906101426,3.13907527923584,0.1415266326563297,129.06716632843018,61.33542148249244,ACCEPTABLE,5.028560767872388,0.013755034950294572,142.9262970277507,129.00465965270996,0.0,0.0,0.0,UNACCEPTABLE,-28.14274267902493,-0.8296162368080189,-137.32904312164928,-0.1415266326563297,31.05070090555269,0.9043584288270122,7.145047744260442,3.9567441940307617,0.39957950065733655,131.18957042694092,58.63171800768889,ACCEPTABLE,-2.1206025413446277,0.06098715706869873,-1.5477938381590155,0.25805286800100685
00001373_044.png,1.0,0.0,32.83336891107631,0.8375126976065784,5.819313240039014,3.2575035095214844,0.13700819382557322,141.76965808868408,60.099914649482415,ACCEPTABLE,4.380049334228449,0.008021561112445084,154.00602576307318,141.70125102996826,0.0,0.0,0.0,UNACCEPTABLE,-28.453319576847864,-0.8294911364941333,-148.18671252303417,-0.13700819382557322,31.569129869994157,0.9131849650334097,6.7310634888264715,3.6587095260620117,0.4409422993685249,143.36882400512695,58.08960771083332,ACCEPTABLE,-1.2642390410821562,0.07567226742683131,-0.9117502487874578,0.3039341055429517
00001373_045.png,1.0,0.0,31.943676470381035,0.8388137883415047,6.4469805044545385,3.2835493087768555,0.07665102849675656,129.78491020202637,62.32693610427798,ACCEPTABLE,4.962247227859127,0.0067137128061362,144.02166223179404,129.69400882720947,0.0,0.0,0.0,UNACCEPTABLE,-26.98142924252191,-0.8321000755353685,-137.5746817273395,-0.07665102849675656,31.19547123264261,0.9136850719400326,7.026946043303279,3.889336585998535,0.4648996921547789,131.7864761352539,59.89868616867365,ACCEPTABLE,-0.748205237738425,0.0748712835985279,-0.5799655388487404,0.38824866365802235
00001373_046.png,1.0,0.0,32.707988458776406,0.838960345932128,5.90392398950189,3.288723945617676,0.14292192523441422,130.26547718048096,60.62563090297632,ACCEPTABLE,4.981206017617347,0.01084177873148645,143.70764734390738,130.17668342590332,0.0,0.0,0.0,UNACCEPTABLE,-27.72678244115906,-0.8281185672006416,-137.8037233544055,-0.14292192523441422,30.93018514028078,0.8914616468884893,7.244875445088325,4.079334259033203,0.449113162406182,132.29460525512695,57.90066094328448,ACCEPTABLE,-1.777803318495625,0.052501300956361296,-1.3409514555864348,0.30619123717176777
00001373_047.png,1.0,0.0,32.865914957420024,0.8483228052618427,5.79754906203026,3.186326026916504,0.16362252177640424,132.3188648223877,62.46351017825924,ACCEPTABLE,4.822120120979884,0.0057855175784846296,146.36396782181643,132.25259494781494,0.0,0.0,0.0,UNACCEPTABLE,-28.043794836440142,-0.842537287683358,-140.56641875978616,-0.16362252177640424,31.373451287885892,0.9199059764596528,6.8844240966930155,3.808882713317871,0.44649388007178215,134.35327911376953,60.51303082642937,ACCEPTABLE,-1.492463669534132,0.0715831711978101,-1.0868750346627554,0.2828713582953779
00001373_048.png,1.0,0.0,33.783852917247,0.8508142072343117,5.216119525885617,3.11602783203125,0.1521281513517206,135.02084922790527,62.328672984307495,ACCEPTABLE,4.683580654874969,0.00617804784991277,148.71718205897727,134.95228004455566,0.0,0.0,0.0,UNACCEPTABLE,-29.100272262372034,-0.844636159384399,-143.50106253309167,-0.1521281513517206,31.942179506524905,0.9175937655386862,6.448091700760846,3.795825958251953,0.4925934080114455,137.02467727661133,60.26741139873204,ACCEPTABLE,-1.8416734107220982,0.06677955830437454,-1.2319721748752288,0.34046525665972494
00001373_049.png,1.0,0.0,31.990747297225376,0.8440582834399033,6.41213733621683,3.4464244842529297,0.33189666328675216,140.73222064971924,64.07789030994054,ACCEPTABLE,4.337473565517948,0.006643450096651158,154.76277280795313,140.67269611358643,0.0,0.0,0.0,UNACCEPTABLE,-27.65327373170743,-0.8374148333432522,-148.3506354717363,-0.33189666328675216,28.38711636228304,0.8987802198039428,9.70922045822594,4.616400718688965,0.40435962037983203,142.84339904785156,61.465629113417265,UNACCEPTABLE,-3.603630934942334,0.05472193636403955,-3.2970831220091092,0.07246295709307987
00001373_050.png,1.0,0.0,35.074193969465156,0.8403472452752138,4.49604326711993,3.1145973205566406,0.15937250410438394,132.83712100982666,63.32244043922348,GOOD,4.774871379521804,0.0056231394377041265,147.16231513187142,132.8099775314331,0.0,0.0,0.0,UNACCEPTABLE,-30.29932258994335,-0.8347241058375097,-142.66627186475148,-0.15937250410438394,31.382084832228706,0.9123694359367208,6.877584561126586,3.8085012435913086,0.13504702542194294,134.72476768493652,61.33733560508935,ACCEPTABLE,-3.69210913723645,0.07202219066150706,-2.381541294006656,-0.024325478682441004
00001373_051.png,1.0,0.0,32.84358719776885,0.8445974050781933,5.812471287153964,3.316387176513672,0.18929651944721815,139.5470666885376,62.019434045125,ACCEPTABLE,4.450658834701249,0.007447324035914568,152.75915194938517,139.48208713531494,0.0,0.0,0.0,UNACCEPTABLE,-28.392928363067597,-0.8371500810422787,-146.94668066223122,-0.18929651944721815,30.976790241868486,0.9055195235337469,7.206106367441563,4.058544158935547,0.44302967319417697,141.44301509857178,60.10421768867769,ACCEPTABLE,-1.8667969559003623,0.06092211845555362,-1.3936350802875985,0.2537331537469588
00001373_052.png,1.0,0.0,32.88138565928626,0.8574727760893021,5.7872320619852475,3.309727668762207,0.4043468997448013,137.88595485687256,63.89943898594646,ACCEPTABLE,4.490951402537216,0.01183155788589683,152.0521657233152,137.8493194580078,0.0,0.0,0.0,UNACCEPTABLE,-28.390434256749042,-0.8456412182034052,-146.26493366132996,-0.4043468997448013,28.008050893740133,0.8852460237596567,10.142327634471817,5.024871826171875,0.3648586993820355,140.2242259979248,60.344756111057215,UNACCEPTABLE,-4.873334765546126,0.027773247670354606,-4.35509557248657,-0.03948820036276579
00001373_053.png,1.0,0.0,31.697147829255382,0.8357157729826667,6.632584458959012,3.49102783203125,0.1129078057807215,141.2814235687256,61.593081579299685,ACCEPTABLE,4.368975494033548,0.006650991314170061,154.20249679859563,141.19951820373535,0.0,0.0,0.0,UNACCEPTABLE,-27.328172335221833,-0.8290647816684967,-147.56991233963663,-0.1129078057807215,30.620263902341552,0.9042325941929324,7.508047046629819,4.1218767166137695,0.48535129343858013,143.1864767074585,59.73019470608619,ACCEPTABLE,-1.0768839269138297,0.0685168212102657,-0.8754625876708069,0.3724434876578586
00001373_054.png,1.0,0.0,31.025081641358057,0.8324477722013007,7.1661533645031,3.5730857849121094,0.13036530857758252,139.86512660980225,68.03393716568863,ACCEPTABLE,4.2869675083126975,0.006772617144675773,155.66529715130957,139.79243755340576,0.0,0.0,0.0,UNACCEPTABLE,-26.738114133045357,-0.8256751550566249,-148.49914378680648,-0.13036530857758252,28.853184632507567,0.8963654401985253,9.201972876356445,4.820555686950684,0.30405107078148036,142.40246391296387,65.82401868647405,UNACCEPTABLE,-2.1718970088504896,0.06391766799722454,-2.0358195118533446,0.17368576220389784
00001373_055.png,1.0,0.0,33.574477418633855,0.851705503349936,5.343383062602843,3.150409698486328,0.2609257711820593,129.64468383789062,68.11806822149978,ACCEPTABLE,4.815149273757432,0.004433871274216701,146.48147914455294,129.5986557006836,0.0,0.0,0.0,UNACCEPTABLE,-28.759328144876424,-0.8472716320757193,-141.1380960819501,-0.2609257711820593,31.127069727915124,0.9136337565627167,7.082501807678832,4.172865867614746,0.4238508986613879,132.19609928131104,66.0679318629017,ACCEPTABLE,-2.4474076907187303,0.061928253212780726,-1.7391187450759888,0.16292512747932864
00001374_000.png,1.0,0.0,36.253967812663085,0.8437410311834233,3.925019238661735,3.008173942565918,0.10540117545446183,154.63749980926514,50.681518854812815,GOOD,3.902185014398805,0.0009229471913259613,162.71625107937413,154.63492393493652,0.0,0.0,0.0,UNACCEPTABLE,-32.35178279826428,-0.8428180839920973,-158.79123184071238,-0.10540117545446183,32.75748381156102,0.944153223354662,5.870376959399351,2.8317747116088867,0.05774530789254142,154.7397165298462,48.8333472462571,ACCEPTABLE,-3.4964840011020613,0.10041219217123876,-1.9453577207376163,-0.04765586756192041
00001375_000.png,1.0,0.0,35.459344016614324,0.8442291607096367,4.301035029020552,3.06107234954834,0.37429547310940986,138.85038471221924,50.507056799854375,GOOD,4.739544672116268,0.030789382521329393,147.76206330368043,138.79877853393555,0.0,0.0,0.0,UNACCEPTABLE,-30.719799344498057,-0.8134397781883074,-143.4610282746599,-0.37429547310940986,29.591865236608186,0.893680605761506,8.451755377468713,3.9287471771240234,0.20984470299135619,140.07360649108887,46.495080409775824,UNACCEPTABLE,-5.867478780006138,0.04945144505186927,-4.150720348448161,-0.16445077011805367
00001376_000.png,1.0,0.0,34.62836269822699,0.8518985379943326,4.732842427080707,3.0097007751464844,0.06592660556544075,125.94504261016846,49.72379264430682,ACCEPTABLE,5.500439178291403,0.004497852000956238,135.36868855776908,125.8749418258667,0.0,0.0,0.0,UNACCEPTABLE,-29.127923519935585,-0.8474006859933764,-130.63584613068838,-0.06592660556544075,32.123261862242536,0.9266014649806426,6.315054272851119,3.5555849075317383,0.4831413061882153,127.07371711730957,45.75686424971972,ACCEPTABLE,-2.50510083598445,0.07470292698630998,-1.5822118457704129,0.41721470062277455
00001376_001.png,1.0,0.0,34.23645162734341,0.8418881267552563,4.951281279609799,3.206867218017578,0.058344056201789125,159.67043018341064,55.20144398183049,ACCEPTABLE,3.578126192635364,0.014383869080267451,168.9016416727374,159.60406970977783,0.0,0.0,0.0,UNACCEPTABLE,-30.65832543470805,-0.8275042576749888,-163.95036039312762,-0.058344056201789125,32.28398171861907,0.9296726596624404,6.199277746524368,3.2119016647338867,0.48637774241615134,160.5912628173828,52.22275086845362,ACCEPTABLE,-1.9524699087243462,0.08778453290718413,-1.247996466914569,0.4280336862143622
00001376_002.png,1.0,0.0,34.00065390220724,0.8416528859067005,5.08753588239683,3.239548683166504,0.10723097739579933,155.79252529144287,60.156909748807166,ACCEPTABLE,3.6770227408549228,0.01886284947273714,166.98945349095993,155.72504425048828,0.0,0.0,0.0,UNACCEPTABLE,-30.323631161352317,-0.8227900364339634,-161.9019176085631,-0.10723097739579933,31.17582890884087,0.9116759114598365,7.042854803245772,3.7543859481811523,0.45050438210720706,157.3200330734253,56.69381778441955,ACCEPTABLE,-2.82482499336637,0.070023025553136,-1.955318920848942,0.3432734047114077
00001376_003.png,1.0,0.0,33.48109386595999,0.8372025621104902,5.401140654149433,3.3514604568481445,0.09971052334520354,161.6603889465332,64.32727334702524,ACCEPTABLE,3.319118370124221,0.019237178513517812,174.01402877564644,161.598219871521,0.0,0.0,0.0,UNACCEPTABLE,-30.16197549583577,-0.8179653835969724,-168.612888121497,-0.09971052334520354,30.929978563329115,0.9094880059826913,7.245047752375695,4.105342864990234,0.4477355974147579,163.6447629928589,61.69192658827284,ACCEPTABLE,-2.551115302630876,0.07228544387220115,-1.8439070982262615,0.34802507406955435
00001376_004.png,1.0,0.0,33.684559840000226,0.832712793266836,5.276089918161358,3.3383378982543945,0.02748845792948612,168.85244178771973,60.17686229678415,ACCEPTABLE,3.063654790432215,0.0012531450167897536,179.2080197541823,168.77348804473877,0.0,0.0,0.0,UNACCEPTABLE,-30.620905049568012,-0.8314596482500463,-173.93192983602094,-0.02748845792948612,33.672620326707005,0.9413806963191568,5.283347351023533,3.392650604248047,0.581405766119552,170.1830759048462,59.18354676287439,ACCEPTABLE,-0.011939513293221182,0.10866790305232077,-0.007257432862174618,0.5539173081900659
00001376_005.png,1.0,0.0,34.459282833466716,0.8791449232533911,4.825874668357775,2.7221546173095703,0.12740849453144243,103.0003833770752,65.85118407837973,ACCEPTABLE,6.384979110748913,0.059037419829103904,122.26192372530163,102.93659400939941,0.0,0.0,0.0,UNACCEPTABLE,-28.074303722717804,-0.8201075034242872,-117.43604905694386,-0.12740849453144243,27.955265556681944,0.8358313578417531,10.204151610153968,6.31416130065918,0.4728368060970901,107.74462509155273,59.51956148281996,UNACCEPTABLE,-6.504017276784772,-0.043313565411638,-5.378276941796193,0.3454283115656477
00001376_006.png,1.0,0.0,36.29421800779055,0.8655225920618492,3.9068728751440864,2.8795862197875977,0.05987149601147618,102.06371879577637,74.75637226751651,GOOD,6.085183434692469,0.03740513317293352,126.55549554350802,102.04836559295654,0.0,0.0,0.0,UNACCEPTABLE,-30.20903457309808,-0.8281174588889157,-122.64862266836393,-0.05987149601147618,27.96096801147786,0.8308627230924703,10.197454585567874,6.956442832946777,0.03330770181353567,106.99932289123535,69.5482313873222,UNACCEPTABLE,-8.333249996312688,-0.03465986896937889,-6.290581710423787,-0.026563794197940506
00001376_007.png,1.0,0.0,36.804940524847936,0.8785138350262116,3.683775491771899,2.7284774780273438,0.19159376132394,101.26366996765137,71.631246397953,GOOD,6.258838855318633,0.04838974900592925,124.05041961660454,101.23811531066895,0.0,0.0,0.0,UNACCEPTABLE,-30.546101669529303,-0.8301240860202823,-120.36664412483265,-0.19159376132394,27.728166216062412,0.8294061266521914,10.474465475351176,6.792614936828613,0.062267428114358175,106.00201320648193,66.3638343309728,UNACCEPTABLE,-9.076774308785524,-0.04910770837402023,-6.790689983579277,-0.1293263332095818
00001376_008.png,1.0,0.0,34.80295730448779,0.8551998187932367,4.638657586326677,3.0649404525756836,0.11304786002469386,144.8638572692871,62.23645212830412,ACCEPTABLE,4.177530733637526,0.003263576781892491,157.63899003397665,144.83103847503662,0.0,0.0,0.0,UNACCEPTABLE,-30.625426570850266,-0.8519362420113442,-153.00033244764998,-0.11304786002469386,32.401234668252755,0.93358861676406,6.116154492145334,3.660475730895996,0.505771544515305,146.34189414978027,59.393562453109546,ACCEPTABLE,-2.4017226362350357,0.07838879797082332,-1.477496905818657,0.3927236844906112
00001376_009.png,1.0,0.0,34.97189460336005,0.8694212492148669,4.549309147796949,2.897049903869629,0.09308505281928504,112.60522651672363,58.608849417718275,ACCEPTABLE,6.060386516618234,0.0108719225163192,126.91730880366133,112.53601932525635,0.0,0.0,0.0,UNACCEPTABLE,-28.911508086741815,-0.8585493266985477,-122.36799965586438,-0.09308505281928504,30.675542229973203,0.9081083650843244,7.460416414128945,4.487006187438965,0.5132668287941554,115.30803298950195,54.26012279253811,ACCEPTABLE,-4.296352373386846,0.0386871158694575,-2.911107266331996,0.4201817759748704
00001376_010.png,1.0,0.0,35.49214256719726,0.8692875705776512,4.284824633220264,2.8481922149658203,0.06899006749397252,110.78414535522461,51.673966426503654,GOOD,6.388174933985745,0.015826762658629135,122.2169478343804,110.74643325805664,0.0,0.0,0.0,UNACCEPTABLE,-29.103967633211518,-0.853460807919022,-117.93212320116014,-0.06899006749397252,31.851070330130682,0.9093189684541304,6.516083845270015,4.001670837402344,0.4628697845633542,113.01787757873535,47.5611250135192,ACCEPTABLE,-3.641072237066581,0.04003139787647925,-2.2312592120497508,0.3938797170693817
00001377_000.png,1.0,0.0,34.9657965851818,0.8503952403714139,4.552504158499933,3.052003860473633,0.0377798191931502,129.77568912506104,53.91222490020725,ACCEPTABLE,5.176826129093113,0.0023750887029631317,140.50729532748488,129.73265171051025,0.0,0.0,0.0,UNACCEPTABLE,-29.788970456088684,-0.8480201516684508,-135.95479116898494,-0.0377798191931502,33.185453195330574,0.931797576354963,5.588143122653994,3.4414968490600586,0.4405336421813996,130.9728603363037,50.809544960979316,ACCEPTABLE,-1.7803433898512253,0.08140233598354907,-1.035638964154061,0.4027538229882494
00001377_001.png,1.0,0.0,34.30958800537966,0.8494183746672483,4.909765842549124,3.1761627197265625,0.0602632904860251,130.5971908569336,57.805324534623736,ACCEPTABLE,5.034209865247274,0.003214733530610864,142.8333713630854,130.55234146118164,0.0,0.0,0.0,UNACCEPTABLE,-29.275378140132386,-0.8462036411366375,-137.92360552053628,-0.0602632904860251,31.98256005621875,0.9232177051678527,6.418184208286183,3.8648815155029297,0.4322649699718901,132.01458930969238,54.45230585136372,ACCEPTABLE,-2.3270279491609074,0.07379933050060439,-1.5084183657370591,0.37200167948586504
00001377_002.png,1.0,0.0,35.25099662877953,0.8658954102294691,4.405450734904811,2.875044822692871,0.12735443107029873,119.93259525299072,58.10543422481154,GOOD,5.636690363558855,0.003079020100122232,133.26179606057912,119.90071105957031,0.0,0.0,0.0,UNACCEPTABLE,-29.614306265220677,-0.8628163901293469,-128.8563453256743,-0.12735443107029873,31.995229882895416,0.9358023190195419,6.408829034980522,3.8913497924804688,0.4769691974069173,121.71134948730469,54.28452206016431,ACCEPTABLE,-3.2557667458841166,0.06990690879007277,-2.0033783000757115,0.3496147663366186
00001377_003.png,1.0,0.0,35.849732286976355,0.8438440347989862,4.112004356315175,3.083376884460449,0.0488871899288844,145.84255409240723,55.371760552378774,GOOD,4.267881134344757,0.0018664758582326625,156.00773217222422,145.84027194976807,0.0,0.0,0.0,UNACCEPTABLE,-31.5818511526316,-0.8419775589407535,-151.89572781590905,-0.0488871899288844,32.645444137726145,0.9329818791956546,5.9465896898827095,3.2298717498779297,0.03915602136736532,146.41486835479736,53.499102777047156,ACCEPTABLE,-3.2042881492502104,0.08913784439666839,-1.8345853335675342,-0.00973116856151908
00001377_004.png,1.0,0.0,36.412351262141726,0.8425596375753963,3.8540967917766804,3.0328760147094727,0.10012099635595909,159.81307125091553,45.502592403661346,GOOD,3.7210030008585715,0.0004453816657266024,166.14605370517893,159.8212127685547,0.0,0.0,0.0,UNACCEPTABLE,-32.69134826128315,-0.8421142559096697,-162.29195691340226,-0.10012099635595909,33.21109094690939,0.9417479581130892,5.571673169548278,2.6361684799194336,0.02853487775014559,159.6841115951538,44.39567918304549,ACCEPTABLE,-3.2012603152323393,0.09918832053769289,-1.7175763777715978,-0.07158611860581349
00001377_005.png,1.0,0.0,36.08296574166232,0.8457886812595556,4.003058099001554,3.0764570236206055,0.1254674650434119,155.81456184387207,46.65916545461183,GOOD,3.9057632090442396,0.0008972666551384552,162.64923313041,155.82207202911377,0.0,0.0,0.0,UNACCEPTABLE,-32.17720253261808,-0.8448914146044172,-158.64617503140846,-0.1254674650434119,32.35978442251257,0.9347046630659258,6.1454113659154865,2.917879104614258,0.04533692792167269,155.8570737838745,45.33929346575394,ACCEPTABLE,-3.7231813191497523,0.08891598180637017,-2.1423532669139327,-0.08013053712173923
00001378_000.png,1.0,0.0,34.537353003704936,0.8379542565604161,4.782693283554327,3.233488082885742,0.04822472217111085,164.6549654006958,57.32042027188891,ACCEPTABLE,3.3046176538593697,0.0011040008215704744,174.3047802851214,164.60826015472412,0.0,0.0,0.0,UNACCEPTABLE,-31.232735349845566,-0.8368502557388456,-169.5220870015671,-0.04822472217111085,34.45182613365858,0.9439929768634465,4.830019384783591,3.000401496887207,0.5494802988712683,165.70658493041992,56.29487027003971,ACCEPTABLE,-0.08552687004635828,0.10603872030303041,-0.04732610122926406,0.5012555767001574
00001378_001.png,1.0,0.0,33.673213280971396,0.8346700882338378,5.282986688323095,3.3625411987304688,0.04853493270095574,156.3757667541504,66.72445984742555,ACCEPTABLE,3.5216487419248836,0.0015631559618351067,170.00345329816327,156.31108283996582,0.0,0.0,0.0,UNACCEPTABLE,-30.15156453904651,-0.8331069322720027,-164.72046660984017,-0.04853493270095574,32.6657502420687,0.9321794511982003,5.93270383167182,3.7194414138793945,0.4559661790439521,158.16435718536377,65.03196755887895,ACCEPTABLE,-1.0074630389026993,0.09750936296436252,-0.6497171433487257,0.4074312463429963
00001378_002.png,1.0,0.0,36.708925949142206,0.8777745610473437,3.7247221619082738,2.6791582107543945,0.21377740454967423,99.84596633911133,76.40577137240867,GOOD,6.142023538297359,0.0703304475469654,125.73002546639208,99.81077671051025,0.0,0.0,0.0,UNACCEPTABLE,-30.566902410844847,-0.8074441135003784,-122.0053033044838,-0.21377740454967423,26.80125198636381,0.7841988809638609,11.654068893624396,7.732664108276367,0.06803414764408645,105.64013385772705,70.00587994941677,UNACCEPTABLE,-9.907673962778397,-0.09357568008348283,-7.929346731716123,-0.14574325690558776
00001378_003.png,1.0,0.0,36.70192972532298,0.8756953580104773,3.7277235225842107,2.766362190246582,0.22407855101309318,108.04551982879639,68.57257320640224,GOOD,5.990043902484561,0.01566833410192667,127.94932093796007,108.02471733093262,0.0,0.0,0.0,UNACCEPTABLE,-30.711885822838415,-0.8600270239085506,-124.22159741537585,-0.22407855101309318,28.78147781800809,0.8741507610926839,9.278254683896538,5.765003204345703,0.07646572054654494,111.5461254119873,63.77479758399356,UNACCEPTABLE,-7.920451907314888,-0.001544596917793406,-5.550531161312327,-0.14761283046654824
00001378_004.png,1.0,0.0,36.018675890065396,0.8601473050030805,4.032797228175692,2.92240047454834,0.13108956327152338,118.10479736328125,70.26699422649423,GOOD,5.369543984772083,0.007740603111592104,137.4241252426501,118.07152652740479,0.0,0.0,0.0,UNACCEPTABLE,-30.649131905293313,-0.8524067018914884,-133.3913280144744,-0.13108956327152338,29.185728919733837,0.9062585840364215,8.85632885431412,5.051368713378906,0.13391981678720255,120.64350986480713,67.18378826794894,UNACCEPTABLE,-6.832946970331559,0.046111279033341,-4.823531626138427,0.002830253515679171
00001379_000.png,1.0,0.0,35.59297643267525,0.8381995304600898,4.235370026403724,3.0985307693481445,0.044073094499679555,112.04568386077881,65.76866771563446,GOOD,5.8563627404164365,0.08369328921990248,129.93377114322183,111.94743156433105,0.0,0.0,0.0,UNACCEPTABLE,-29.736613692258814,-0.7545062412401873,-125.6984011168181,-0.044073094499679555,27.9662037183785,0.8116113390859854,10.191309585200587,6.107044219970703,0.1515041516184971,115.44906234741211,60.514760347374974,UNACCEPTABLE,-7.626772714296749,-0.026588191374104397,-5.955939558796863,0.10743105711881754
00001380_000.png,1.0,0.0,36.640133036710196,0.8502588893412734,3.754339377734518,2.791200637817383,0.047552016630916544,105.4913740158081,39.25048866669938,GOOD,7.103334635861403,0.06314451758529005,112.55724346165799,105.43875789642334,0.0,0.0,0.0,UNACCEPTABLE,-29.536798400848795,-0.7871143717559833,-108.80290408392347,-0.047552016630916544,29.662664724116237,0.8617879210753763,8.383144347207566,4.434358596801758,-0.0023300244370411376,107.75200176239014,33.851082474014525,UNACCEPTABLE,-6.97746831259396,0.011529031734102912,-4.628804969473047,-0.04988204106795768
00001381_000.png,1.0,0.0,36.180003670823254,0.8612735449817049,3.9585852024188606,2.926420211791992,0.08060184835236636,102.79138851165771,67.31977246936769,GOOD,6.339289856292254,0.03979073768340488,122.9067366314218,102.75634670257568,0.0,0.0,0.0,UNACCEPTABLE,-29.840713814531,-0.8214828072983,-118.94815142900293,-0.08060184835236636,27.78328609119463,0.828492075398092,10.40820591962866,6.546368598937988,0.08061365590454275,106.96011924743652,61.875301215983306,UNACCEPTABLE,-8.396717579628625,-0.03278146958361294,-6.4496207172097995,1.1807552176390512e-05
00001381_001.png,1.0,0.0,35.41432999559195,0.8517508270010117,4.323382702567387,3.0942487716674805,0.07563515230026537,109.82743740081787,64.46852823061566,GOOD,6.028425422255016,0.0289059351977081,127.38518124097297,109.7837028503418,0.0,0.0,0.0,UNACCEPTABLE,-29.385904573336934,-0.8228448918033036,-123.06179853840558,-0.07563515230026537,28.314365562454398,0.8487688620010908,9.790883935255415,5.845285415649414,0.14487455394578932,113.03868293762207,59.81543321058239,UNACCEPTABLE,-7.099964433137551,-0.002981964999920872,-5.467501232688028,0.06923940164552396
00001381_002.png,1.0,0.0,31.63452192247531,0.8545252256175521,6.680578696602307,3.158616065979004,0.12347301753569594,108.28613376617432,46.039856141050954,ACCEPTABLE,6.709730907696729,0.02622207214808398,117.7751415973315,108.18850708007812,0.0,0.0,0.0,UNACCEPTABLE,-24.924791014778584,-0.828303153469468,-111.09456290072919,-0.12347301753569594,29.141196975536552,0.9018222964192888,8.901851223640211,4.247418403625488,0.3621581954869258,110.58399105072021,41.60750625572911,UNACCEPTABLE,-2.4933249469387597,0.04729707080173673,-2.221272527037904,0.23868517795122984
00001381_003.png,1.0,0.0,33.531482387157325,0.8648529788816912,5.36989830446471,2.8621444702148438,0.11669619819200142,108.52270603179932,49.32241042302392,ACCEPTABLE,6.604678605079465,0.04065381963274929,119.20823289470759,108.42922115325928,0.0,0.0,0.0,UNACCEPTABLE,-26.92680378207786,-0.8241991592489419,-113.83833459024288,-0.11669619819200142,29.933176514442064,0.8944471457220965,8.12608488616058,4.24454402923584,0.47668214311600887,111.13931274414062,44.402750339835826,UNACCEPTABLE,-3.5983058727152617,0.029594166840405278,-2.7561865816958697,0.3599859449240075
00001381_004.png,1.0,0.0,36.71742133121006,0.872491619667031,3.7210809150392756,2.771333694458008,0.12637211840432933,101.63324737548828,65.96621698282007,GOOD,6.4636140112000104,0.05032924287556033,121.16006004043608,101.60093879699707,0.0,0.0,0.0,UNACCEPTABLE,-30.25380732001005,-0.8221623767914708,-117.4389791253968,-0.12637211840432933,27.605442906845177,0.8185212942821742,10.623510099180617,6.646312713623047,0.12993168932960225,105.9694938659668,60.145554010630406,UNACCEPTABLE,-9.111978424364885,-0.0539703253848568,-6.902429184141342,0.0035595709252729257
00001381_005.png,1.0,0.0,34.021425214377516,0.8572625261062711,5.075384157420791,2.9170522689819336,0.12203670022679336,108.20200443267822,44.74278828809424,ACCEPTABLE,6.757740784119126,0.04557033682938233,117.12595398798345,108.11082458496094,0.0,0.0,0.0,UNACCEPTABLE,-27.26368443025839,-0.8116921892768887,-112.05056983056267,-0.12203670022679336,29.706258314556422,0.900316396610684,8.341175610864997,4.147602081298828,0.3777087619307224,110.5317611694336,39.961889973895545,UNACCEPTABLE,-4.315166899821094,0.043053870504412894,-3.2657914534442067,0.25567206170392903
00001381_006.png,1.0,0.0,33.681564634746685,0.8641717235279921,5.277909616307172,2.922915458679199,0.17904044951908127,106.82359218597412,60.52974207579255,ACCEPTABLE,6.345257668932408,0.06799775953980197,122.82232012520407,106.73311614990234,0.0,0.0,0.0,UNACCEPTABLE,-27.336306965814277,-0.7961739639881902,-117.5444105088969,-0.17904044951908127,27.821045652231216,0.8458005252251483,10.363057260289036,5.734880447387695,0.3614240283612096,110.5972785949707,54.251700547757665,UNACCEPTABLE,-5.860518982515469,-0.01837119830284384,-5.085147643981864,0.18238357884212836
00001381_007.png,1.0,0.0,34.080562696121234,0.8655628561384493,5.04094600518566,2.8190383911132812,0.2633338991215013,103.22582340240479,58.78136163484212,ACCEPTABLE,6.632791578974304,0.08582695332145861,118.82302418532241,103.11722660064697,0.0,0.0,0.0,UNACCEPTABLE,-27.447771117146928,-0.7797359028169907,-113.78207818013675,-0.2633338991215013,27.861607478285446,0.8426176469092274,10.314776128945843,5.677176475524902,0.3135278561176654,107.16422080993652,52.685496223194576,UNACCEPTABLE,-6.218955217835788,-0.02294520922922194,-5.273830123760183,0.050193956996164135
00001381_008.png,1.0,0.0,34.76155819746469,0.8712380152862846,4.660819352609441,2.8110227584838867,0.2700134358584287,107.95849323272705,53.77153490839631,ACCEPTABLE,6.502065013679915,0.03467305026062531,120.62488984414244,107.92546463012695,0.0,0.0,0.0,UNACCEPTABLE,-28.259493183784773,-0.8365649650256594,-115.96407049153301,-0.2700134358584287,29.65954949667782,0.8928067975577996,8.386151533130146,4.498760223388672,0.3434957413851924,110.72150230407715,48.907896453461184,UNACCEPTABLE,-5.102008700786868,0.02156878227151493,-3.725332180520705,0.07348230552676371
00001381_009.png,1.0,0.0,33.16501721922345,0.8610996133017396,5.601306265659276,3.106477737426758,0.14622978865452582,117.3288927078247,51.152298856637266,ACCEPTABLE,5.982759246441002,0.025629535284011427,128.05667410426597,117.26191234588623,0.0,0.0,0.0,UNACCEPTABLE,-27.18225797278245,-0.8354700780177281,-122.45536783860669,-0.14622978865452582,29.234424352901215,0.8923680580642377,8.806816811659361,4.44459342956543,0.3901928901160157,119.37388324737549,46.21929570165201,UNACCEPTABLE,-3.930592866322236,0.03126844476249813,-3.2055105460000854,0.2439631014614899
00001381_010.png,1.0,0.0,36.79674027161055,0.8726124883922267,3.68725494605003,2.7756128311157227,0.1581102134359896,105.32279300689697,68.197760255193,GOOD,6.159580358211876,0.03766479392183456,125.47614358706524,105.30305290222168,0.0,0.0,0.0,UNACCEPTABLE,-30.637159913398676,-0.8349476944703922,-121.7888886410152,-0.1581102134359896,28.030824706908014,0.8442244286268882,10.11576997112749,6.216709136962891,0.08362123969229042,109.2834701538086,63.17467409608755,UNACCEPTABLE,-8.765915564702539,-0.028388059765338536,-6.428515025077459,-0.07448897374369919
00001381_011.png,1.0,0.0,32.05950049880976,0.8476981629623853,6.361582379974126,3.2537612915039062,0.0770925531724855,124.24280834197998,57.809358363122776,ACCEPTABLE,5.39515971681242,0.012856066847384422,137.01944201061116,124.13336849212646,0.0,0.0,0.0,UNACCEPTABLE,-26.664340781997343,-0.8348420961150009,-130.65785963063703,-0.0770925531724855,30.896922649816677,0.9220071315003776,7.272672783040613,3.766895294189453,0.47729833208635425,125.92316150665283,54.82587641147925,ACCEPTABLE,-1.1625778489930845,0.07430896853799229,-0.9110904030664866,0.40020577891386877
00001381_012.png,1.0,0.0,36.4542171061859,0.8637065880748263,3.8355648069489927,2.8832359313964844,0.14589811606766956,119.28102207183838,67.74641595758591,GOOD,5.385869943243463,0.019158510073066987,137.1660660842194,119.26492595672607,0.0,0.0,0.0,UNACCEPTABLE,-31.068347162942437,-0.8445480780017592,-133.33050127727043,-0.14589811606766956,28.960270347360904,0.8765463375571941,9.089220996961402,5.307267189025879,0.09797364880713874,122.17440223693848,63.55566462794111,UNACCEPTABLE,-7.493946758824997,0.01283974948236788,-5.253656190012409,-0.04792446726053082
00001381_013.png,1.0,0.0,36.39083659985576,0.8581529968941501,3.863655095386486,2.9355554580688477,0.15771620187897348,124.72435474395752,67.13679332509268,GOOD,5.108214554690976,0.017551597514741973,141.62158568021547,124.69826889038086,0.0,0.0,0.0,UNACCEPTABLE,-31.282622045164786,-0.8406013993794081,-137.75793058482898,-0.15771620187897348,29.175727727974802,0.8763722825071414,8.866532167929947,5.072055816650391,0.08875264374513028,127.25795936584473,63.0946941678896,UNACCEPTABLE,-7.2151088718809575,0.018219285612991243,-5.002877072543461,-0.0689635581338432
00001382_000.png,1.0,0.0,33.75925521735432,0.848596949380176,5.230912067978895,3.1999025344848633,0.0952219151637582,142.20872402191162,75.3453571303825,ACCEPTABLE,3.9969467858318586,0.028183649738429253,160.9506893642105,142.13759994506836,0.0,0.0,0.0,UNACCEPTABLE,-29.762308431522463,-0.8204132996417468,-155.7197772962316,-0.0952219151637582,30.23703238120647,0.9065426599773573,7.846727330479196,4.7596845626831055,0.3808665990675473,145.01771450042725,71.8145806760839,ACCEPTABLE,-3.5222228361478543,0.05794571059718123,-2.6158152625003,0.28564468390378905
00001382_001.png,1.0,0.0,35.19290507229515,0.8486989004922536,4.435013302650844,2.96060848236084,0.05030458450413649,142.29729557037354,61.56920839712184,GOOD,4.324232465590822,0.031149594891106674,154.99887897332178,142.22382926940918,0.0,0.0,0.0,UNACCEPTABLE,-30.868672606704326,-0.8175493056011469,-150.56386567067094,-0.05030458450413649,31.75917164449998,0.9233696342291472,6.58539149146702,3.664362907409668,0.5541352905363166,143.62293529510498,57.649819370823145,ACCEPTABLE,-3.4337334277951683,0.07467073373689359,-2.150378188816177,0.5038307060321802
00001382_002.png,1.0,0.0,35.273833019213356,0.8617026951146886,4.393883415790366,2.935914993286133,0.2823549526944193,136.1404914855957,74.1427497734968,GOOD,4.3221004530919735,0.05251548120158039,155.03692920434878,136.0945339202881,0.0,0.0,0.0,UNACCEPTABLE,-30.951732566121382,-0.8091872139131082,-150.64304578855842,-0.2823549526944193,29.23637102889593,0.8870480923416069,8.804843254708754,5.140956878662109,0.46546582886633575,139.47121238708496,69.57783072725447,UNACCEPTABLE,-6.037461990317425,0.02534539722691831,-4.410959838918387,0.18311087617191646
00001382_003.png,1.0,0.0,33.80391525243181,0.8477256737565382,5.204085436091077,3.221674919128418,0.11601538674521684,142.83748722076416,61.42506979669239,ACCEPTABLE,4.29707187281388,0.00209570022987259,155.4843157619685,142.774263381958,0.0,0.0,0.0,UNACCEPTABLE,-29.506843379617926,-0.8456299735266656,-150.28023032587743,-0.11601538674521684,31.65700276931745,0.9385568128733401,6.663310358460463,3.7165918350219727,0.4879443057723634,143.90763187408447,58.38847344811558,ACCEPTABLE,-2.146912483114356,0.09083113911680196,-1.459224922369386,0.3719289190271466
00001382_004.png,1.0,0.0,33.57530681368623,0.841387968901174,5.34287285995503,3.197016716003418,0.12288353949800683,137.29281520843506,67.25364409511755,ACCEPTABLE,4.4413819478902665,0.051581292637754135,152.92239215467546,137.1909408569336,0.0,0.0,0.0,UNACCEPTABLE,-29.133924865795965,-0.7898066762634198,-147.57951929472043,-0.12288353949800683,29.20438573649735,0.8855652926958215,8.837326358886035,4.926717758178711,0.39519214517209506,139.55831909179688,62.17888933441115,UNACCEPTABLE,-4.370921077188882,0.04417732379464756,-3.494453498931005,0.2723086056740882
00001383_000.png,1.0,0.0,36.447253962037315,0.8635609295381167,3.8386408647670685,2.8792333602905273,0.1614179285015031,114.18924713134766,66.96350912928655,GOOD,5.6956416665600385,0.03494434676896128,132.36040797149667,114.15331363677979,0.0,0.0,0.0,UNACCEPTABLE,-30.751612295477276,-0.8286165827691554,-128.5217671067296,-0.1614179285015031,28.656331789533837,0.8572691867411226,9.412903165858378,5.478178977966309,0.10379081266833175,117.5012149810791,62.76267169542282,UNACCEPTABLE,-7.790922172503478,-0.006291742796994071,-5.574262301091309,-0.05762711583317136
00001383_001.png,1.0,0.0,36.38685837502949,0.8625700816325247,3.865425093592528,2.915792465209961,0.1337563828901278,108.4855146408081,62.302137165410436,GOOD,6.186807334077998,0.01597528604127483,125.08343918880801,108.45602321624756,0.0,0.0,0.0,UNACCEPTABLE,-30.200051040951493,-0.8465947955912498,-121.21801409521548,-0.1337563828901278,30.238276812122283,0.8801873468643,7.845603207214764,4.827701568603516,0.07640846520255562,111.19880962371826,58.97957286363591,ACCEPTABLE,-6.148581562907207,0.017617265231775314,-3.980178113622236,-0.05734791768757219
00001384_000.png,1.0,0.0,36.854689382231875,0.8497523619496068,3.662736795211151,2.839369773864746,0.052457938264504234,108.88852310180664,33.45213658137083,GOOD,7.001219128538764,0.02376529665218949,113.88832981132633,108.8616304397583,0.0,0.0,0.0,UNACCEPTABLE,-29.85347025369311,-0.8259870652974173,-110.22559301611518,-0.052457938264504234,31.95108069876656,0.8981996017556422,6.441487160863312,3.478032112121582,0.00558646404393832,110.28794860839844,29.933885008842047,ACCEPTABLE,-4.903608683465315,0.04844723980603538,-2.7787503656521615,-0.046871474220565916
00001384_001.png,1.0,0.0,35.914260024584436,0.847477578893628,4.081569342511467,3.023540496826172,0.05198864239377249,107.89188385009766,72.21270428925166,GOOD,5.860265871586914,0.09536659511576492,129.87539662510775,107.82619094848633,0.0,0.0,0.0,UNACCEPTABLE,-30.05399415299752,-0.752110983777863,-125.79382728259628,-0.05198864239377249,26.876049588150053,0.7818481414074012,11.554142008627988,7.134969711303711,0.04931009880510045,112.46894073486328,65.96597384281006,UNACCEPTABLE,-9.038210436434383,-0.06562943748622674,-7.472572666116521,-0.00267854358867204
00001385_000.png,1.0,0.0,36.11794645809623,0.8206985334806233,3.9869689874832637,3.109912872314453,0.07804562295835095,171.85161209106445,32.98901380012073,GOOD,3.2723456414262126,0.0011629934210647091,174.95360605252603,171.84520530700684,0.0,0.0,0.0,UNACCEPTABLE,-32.845600816670014,-0.8195355400595585,-170.96663706504276,-0.07804562295835095,32.534354617757344,0.9531883301859667,6.0231329498286055,2.3390398025512695,0.030702249729762713,171.05093479156494,32.78040379720238,ACCEPTABLE,-3.583591840338883,0.13248979670534344,-2.036163962345342,-0.04734337322858824
00001385_001.png,1.0,0.0,34.76250969567678,0.8489727926749172,4.660308809812911,3.039504051208496,0.08158176944109312,137.80699920654297,43.21205171404336,ACCEPTABLE,4.940733323954577,0.002246577493593502,144.3788287129881,137.7501344680786,0.0,0.0,0.0,UNACCEPTABLE,-29.82177637172221,-0.8467262151813237,-139.7185199031752,-0.08158176944109312,34.4655427282972,0.9460214918294975,4.822397927825118,2.6976566314697266,0.5924692343633055,138.0165777206421,40.74570490229196,ACCEPTABLE,-0.29696696737958206,0.09704869915458025,-0.16208911801220705,0.5108874649222124
00001385_002.png,1.0,0.0,34.590990445517164,0.8463073282144331,4.75325001408627,3.0886096954345703,0.06221296450946022,140.03362846374512,39.778148715345914,ACCEPTABLE,4.870117368230796,0.0009614668011475508,145.55740756360345,139.99971199035645,0.0,0.0,0.0,UNACCEPTABLE,-29.72087307728637,-0.8453458614132856,-140.80415754951719,-0.06221296450946022,35.04807038230596,0.9514345058807614,4.509585873014699,2.4803466796875,0.5496990170505315,139.98843955993652,37.94824604339177,GOOD,0.4570799367887943,0.10512717766632829,0.2436641410715712,0.48748605254107125
00001385_003.png,1.0,0.0,34.30073340992987,0.8524226987009491,4.914773522686155,3.0305404663085938,0.19734541581235537,130.13768100738525,52.366353872511326,ACCEPTABLE,5.1927875841437166,0.03264747493281376,140.2493319402005,130.04864978790283,0.0,0.0,0.0,UNACCEPTABLE,-29.107945825786153,-0.8197752237681354,-135.33455841751436,-0.19734541581235537,29.913615848611947,0.9055843126209753,8.144405490261086,4.093963623046875,0.4812002883182624,131.34437084197998,47.12601782545338,UNACCEPTABLE,-4.387117561317922,0.05316161392002616,-3.2296319675749308,0.283854872505907
00001385_004.png,1.0,0.0,34.57254598350774,0.8491066710195375,4.763354251371617,3.059567451477051,0.10167756396861781,138.29888439178467,42.42218554455768,ACCEPTABLE,4.926451095123476,0.0010364220288340798,144.61642644950985,138.24742698669434,0.0,0.0,0.0,UNACCEPTABLE,-29.646094888384262,-0.8480702489907035,-139.85307219813822,-0.10167756396861781,35.378179762754016,0.9517069107407694,4.341413898883457,2.4443845748901367,0.6283087563010161,138.51609706878662,40.64294666664987,GOOD,0.8056337792462784,0.10260023972123189,0.42194035248816064,0.5266311923323983
00001385_005.png,1.0,0.0,34.711461922938106,0.8427789507623847,4.687778515488794,3.079710006713867,0.05121272700933697,136.125093460083,41.197686071725585,ACCEPTABLE,5.07282343124853,0.003348032409293756,142.19980762913994,136.07458305358887,0.0,0.0,0.0,UNACCEPTABLE,-29.638638491689576,-0.839430918353091,-137.51202911365115,-0.05121272700933697,34.39845133506271,0.94288079689606,4.859791238013748,2.685413360595703,0.5021679946563872,136.2757625579834,38.67892475705544,ACCEPTABLE,-0.3130105878753966,0.10010184613367523,-0.17201272252495414,0.4509552676470502
00001385_006.png,1.0,0.0,34.437708001669385,0.8451333475600277,4.837876530466197,3.081477165222168,0.08783878376152021,139.02969074249268,47.459626905271605,ACCEPTABLE,4.791129250470759,0.004111228574978988,146.88712073127738,138.99258422851562,0.0,0.0,0.0,UNACCEPTABLE,-29.646578751198625,-0.8410221189850486,-142.0492442008112,-0.08783878376152021,32.99648923572743,0.9377717103096324,5.7110467944665295,2.9793100357055664,0.5357424893327751,139.44022274017334,44.297355217071654,ACCEPTABLE,-1.4412187659419544,0.09263836274960469,-0.8731702640003327,0.4479037055712549
00001385_007.png,1.0,0.0,33.34313106744635,0.8365723413645147,5.487614905472964,3.3770341873168945,0.08626116710155086,167.13793754577637,57.58741024921375,ACCEPTABLE,3.1824790250563466,0.016467757931841284,176.77312081662186,167.064435005188,0.0,0.0,0.0,UNACCEPTABLE,-30.160652042390005,-0.8201045834326735,-171.2855059111489,-0.08626116710155086,31.433494685079065,0.9206923636337363,6.83699789487598,3.5782556533813477,0.3754630257052415,168.51882934570312,55.4995905219549,ACCEPTABLE,-1.9096363823672853,0.08412002226922155,-1.3493829894030158,0.28920185860369063
00001385_008.png,1.0,0.0,33.84696897842955,0.8382839604022437,5.1783539449189275,3.1886940002441406,0.037675809153008485,143.26173210144043,41.20821938088516,ACCEPTABLE,4.665816395350278,0.0017431546886650749,149.02164758969718,143.18208694458008,0.0,0.0,0.0,UNACCEPTABLE,-29.181152583079275,-0.8365408057135787,-143.84329364477824,-0.037675809153008485,34.42757560502546,0.9453704361651166,4.843523377070006,2.5970706939697266,0.5507552657800266,143.10174179077148,39.11619778150029,ACCEPTABLE,0.5806066265959089,0.10708647576287289,0.33483056784892185,0.5130794566270181
00001385_009.png,1.0,0.0,34.122977787500986,0.844230508160095,5.016389972664518,3.1336565017700195,0.02781949789561864,137.60941123962402,45.11048938719709,ACCEPTABLE,4.917670232093009,0.0035464707172533478,144.7626980662195,137.5286989212036,0.0,0.0,0.0,UNACCEPTABLE,-29.205307555407977,-0.8406840374428417,-139.746308093555,-0.02781949789561864,33.55444545422633,0.9357058802124242,5.355720541924621,2.994098663330078,0.5149222399815264,137.89999866485596,42.17799823100639,ACCEPTABLE,-0.5685323332746535,0.09147537205232914,-0.3393305692601034,0.48710274208590776
00001385_010.png,1.0,0.0,34.99344361466339,0.8508105675901805,4.538036657287032,2.9997730255126953,0.04803006396320966,133.06531715393066,43.32011893092425,ACCEPTABLE,5.214375284215725,0.002931628151965239,139.90119244992346,133.01996994018555,0.0,0.0,0.0,UNACCEPTABLE,-29.779068330447664,-0.8478789394382152,-135.36315579263643,-0.04803006396320966,34.43522525638129,0.9447931848006932,4.839259570367361,2.714756965637207,0.46986905446670024,133.47223377227783,40.686851925076446,ACCEPTABLE,-0.5582183582821045,0.09398261721051271,-0.3012229130803288,0.4218389905034906
00001385_011.png,1.0,0.0,34.08334125617874,0.8419005607963702,5.039333696977912,3.1634464263916016,0.05022724366532764,136.76104354858398,36.188241665946144,ACCEPTABLE,5.121712552108187,0.001251620916473017,141.40167461601456,136.65899085998535,0.0,0.0,0.0,UNACCEPTABLE,-28.961628704070556,-0.8406489398798972,-136.36234091903665,-0.05022724366532764,34.787628219486045,0.9455001930776282,4.646851238505521,2.5425825119018555,0.5431178609460146,136.58743953704834,34.115856342014084,ACCEPTABLE,0.7042869633073039,0.10359963228125801,0.39248245847239094,0.4928906172806869
00001385_012.png,1.0,0.0,34.04786048130472,0.8362271601575335,5.059960847032172,3.201085090637207,0.02277591279843879,152.8313512802124,48.554656123026355,ACCEPTABLE,4.031745383291414,0.0035095847112548385,160.30715669349294,152.75573348999023,0.0,0.0,0.0,UNACCEPTABLE,-30.0161150980133,-0.8327175754462787,-155.24719584646078,-0.02277591279843879,33.63059773037347,0.9406124956324037,5.308970277301752,2.9550399780273438,0.6002074631364739,153.06463813781738,46.348731659551405,ACCEPTABLE,-0.41726275093125054,0.10438533547487017,-0.24900943026958,0.5774315503380351
00001385_013.png,1.0,0.0,35.58417305240622,0.8341366441813711,4.239664862721269,3.1823062896728516,0.06144103307668507,129.30132007598877,65.72920175728949,GOOD,4.8992371726924,0.0409918881775475,145.07023741645025,129.25956439971924,0.0,0.0,0.0,UNACCEPTABLE,-30.68493587971382,-0.7931447560038236,-140.83057255372898,-0.06144103307668507,29.154166716370618,0.8568573858712996,8.888568928708537,4.951781272888184,0.08262609269570824,131.58626747131348,62.137872727857065,UNACCEPTABLE,-6.4300063360356035,0.022720741689928436,-4.648904065987268,0.021185059619023172
00001385_014.png,1.0,0.0,35.94627248831738,0.8464368319710492,4.066554115384677,3.045781135559082,0.15213788868488368,130.48744678497314,68.52727081785184,GOOD,4.763021555611503,0.044813588805878046,147.36322000935814,130.42572021484375,0.0,0.0,0.0,UNACCEPTABLE,-31.18325093270588,-0.8016232431651712,-143.29666589397345,-0.15213788868488368,29.096423729521284,0.8550261107857487,8.94785615828768,4.9723711013793945,0.1201398973908742,132.86572170257568,64.69630863444226,UNACCEPTABLE,-6.8498487587960994,0.008589278814699508,-4.881302042903003,-0.03199799129400947
00001385_015.png,1.0,0.0,36.1827154876022,0.8454066527414013,3.9573494876427318,2.9963560104370117,0.16229218582381288,129.23080825805664,68.19892327323846,GOOD,4.837555852495051,0.05208833264907128,146.10409476960507,129.17591953277588,0.0,0.0,0.0,UNACCEPTABLE,-31.34515963510715,-0.7933183200923299,-142.14674528196232,-0.16229218582381288,29.750119057703515,0.8543166633529267,8.299161721606108,4.87904167175293,0.09482864119441338,131.95954990386963,64.4449819319555,UNACCEPTABLE,-6.4325964298986875,0.00891001061152541,-4.341812233963376,-0.0674635446293995
00001385_016.png,1.0,0.0,31.075078088052898,0.8239577998560972,7.125023088919724,3.581234931945801,0.008830894096019924,165.3147954940796,62.86872197730687,ACCEPTABLE,3.180484764043406,0.0021594200815763737,176.81371219309827,165.16662788391113,0.0,0.0,0.0,UNACCEPTABLE,-27.89459332400949,-0.8217983797745209,-169.68868910417854,-0.008830894096019924,32.809084722998406,0.930497989173512,5.835605760003125,3.5588951110839844,0.6633911129984145,166.84847259521484,62.009802844063,ACCEPTABLE,1.7340066349455086,0.10654018931741482,1.289417328916599,0.6545602189023946
00001385_017.png,1.0,0.0,36.308712044153104,0.8509334872871038,3.900358961164977,2.870682716369629,0.11422418152474816,116.12931156158447,70.59015709704458,GOOD,5.466764408137612,0.11483369360083881,135.8945250182348,116.01937866210938,0.0,0.0,0.0,UNACCEPTABLE,-30.84194763601549,-0.736099793686265,-131.9941660570698,-0.11422418152474816,27.72545821066895,0.7979913612225847,10.477731615299472,6.3199920654296875,0.10643159059582835,120.2248306274414,64.89312808188704,UNACCEPTABLE,-8.583253833484154,-0.05294212606451909,-6.577372654134495,-0.007792590928919804
00001385_018.png,1.0,0.0,32.69140161723742,0.8585151727488143,5.915209075766822,3.1840457916259766,0.25335343156104173,122.635009765625,49.720481558881225,ACCEPTABLE,5.695102963334998,0.0035084886490833983,132.36861728485226,122.56066703796387,0.0,0.0,0.0,UNACCEPTABLE,-26.99629865390242,-0.8550066840997309,-126.45340820908544,-0.25335343156104173,30.12860205126218,0.9397761004205987,7.945295935869534,3.5064239501953125,0.4289011575348227,123.75298500061035,46.92984703911373,ACCEPTABLE,-2.5627995659752365,0.08126092767178439,-2.0300868601027116,0.175547725973781
00001385_019.png,1.0,0.0,36.66915879275585,0.8601468788154658,3.741814389672183,2.8218631744384766,0.0842701749569788,108.28238010406494,68.37550660036923,GOOD,5.983454780545671,0.09078220392990718,128.04642020721386,108.21662998199463,0.0,0.0,0.0,UNACCEPTABLE,-30.68570401221018,-0.7693646748855586,-124.30460581754167,-0.0842701749569788,27.955764944203562,0.8072384522520902,10.203564948371703,6.299249649047852,0.059530132504498574,112.5740270614624,62.794938974161816,UNACCEPTABLE,-8.71339384855229,-0.05290842656337558,-6.46175055869952,-0.02474004245248023
00001385_020.png,1.0,0.0,32.6817639235697,0.8538996997953036,5.921776119000485,3.1169567108154297,0.17588435532968788,119.94742012023926,51.28240767489376,ACCEPTABLE,5.819550767039258,0.016216341740407134,130.48561658555195,119.85067176818848,0.0,0.0,0.0,UNACCEPTABLE,-26.862213156530437,-0.8376833580548965,-124.56384046655147,-0.17588435532968788,30.32521567079907,0.9304860503393032,7.767466643341311,3.6691951751708984,0.4165946404229642,121.44881629943848,47.82356617808484,ACCEPTABLE,-2.356548252770626,0.07658635054399965,-1.8456905243408253,0.2407102850932763
00001386_000.png,1.0,0.0,35.8874486118706,0.8469149984663504,4.094187705831409,3.016355514526367,0.04749749497001731,115.95807361602783,70.88050028259505,GOOD,5.464271872925699,0.04509068962033968,135.93352741268447,115.9296293258667,0.0,0.0,0.0,UNACCEPTABLE,-30.423176738944903,-0.8018243088460107,-131.83933970685305,-0.04749749497001731,28.498146678711066,0.8386933204501215,9.585898948784669,5.920815467834473,0.04714204902271712,119.5695858001709,65.9566841211874,UNACCEPTABLE,-7.389301933159537,-0.008221678016228973,-5.49171124295326,-0.0003554459473001925
00001387_000.png,1.0,0.0,37.370474642107666,0.8640419063947566,3.4515681144561623,2.647686004638672,0.1240187942251021,103.08249950408936,40.06341152035444,GOOD,7.2584407602459535,0.06741322363995426,110.56512020665723,103.00825786590576,0.0,0.0,0.0,UNACCEPTABLE,-30.112033881861713,-0.7966286827548024,-107.11355209220106,-0.1240187942251021,29.836439310149913,0.8599458380097559,8.217093239080572,4.49783992767334,0.026808693921456513,105.66221618652344,34.4687763352424,UNACCEPTABLE,-7.534035331957753,-0.004096068385000762,-4.765525124624411,-0.09721010030364559
00001388_000.png,1.0,0.0,35.834714439657276,0.8446566964948814,4.119120135195305,3.1340456008911133,0.056764274590075554,154.11644554138184,56.933458586943786,GOOD,3.81789650294261,0.001741935243408371,164.30294779874572,154.11176776885986,0.0,0.0,0.0,UNACCEPTABLE,-32.016817936714666,-0.842914761251473,-160.1838276635504,-0.056764274590075554,31.01001573917181,0.9294455854051266,7.178594030684926,3.535679817199707,0.03422373977870423,154.64790153503418,54.77306794957791,ACCEPTABLE,-4.824698700485467,0.08478888891024516,-3.059473895489621,-0.022540534811371325
00001389_000.png,1.0,0.0,36.22080083758105,0.8529626356847366,3.9400355334543384,3.0871009826660156,0.19134866151451504,168.17386722564697,55.00837126005682,GOOD,3.176456802545864,0.0006011975929997155,176.89572612792298,168.15849590301514,0.0,0.0,0.0,UNACCEPTABLE,-33.04434403503519,-0.8523614380917369,-172.95569059446865,-0.19134866151451504,29.860358883118415,0.933308327880989,8.194495786804163,3.613924026489258,0.04017167751509924,169.1288194656372,54.550201729393955,UNACCEPTABLE,-6.360441954462637,0.08034569219625243,-4.254460253349825,-0.15117698399941581
00001389_001.png,1.0,0.0,33.78321178793272,0.8379294137344472,5.216504556170339,3.240335464477539,0.011382327836217355,157.32418632507324,44.96703288206536,ACCEPTABLE,3.8582455960881767,0.0007030802497953079,163.541471325541,157.22059440612793,0.0,0.0,0.0,UNACCEPTABLE,-29.924966191844543,-0.8372263334846519,-158.32496676937066,-0.011382327836217355,34.799396805882864,0.9509160336007804,4.640559443258015,2.5134525299072266,0.630830246153235,157.25245666503906,43.48420147461702,ACCEPTABLE,1.0161850179501428,0.11298661986633318,0.5759451129123239,0.6194479183170176
00001389_002.png,1.0,0.0,33.986344829091934,0.835579994853297,5.0959239603355035,3.2406654357910156,0.012310639380056115,158.52112102508545,46.12705424867265,ACCEPTABLE,3.778715728758228,0.001824800812079434,165.0457684155599,158.4501085281372,0.0,0.0,0.0,UNACCEPTABLE,-30.207629100333705,-0.8337551940412176,-159.9498444552244,-0.012310639380056115,34.292781425911954,0.9470795925350625,4.919275087590664,2.6668996810913086,0.6207983184695471,158.64533805847168,44.28126200426718,ACCEPTABLE,0.30643659682002067,0.11149959768176543,0.1766488727448392,0.608487679089491
00001389_003.png,1.0,0.0,34.41379764723726,0.8410618634280393,4.8512124935077345,3.1755189895629883,0.03176744821180914,157.0899477005005,43.72140241191497,ACCEPTABLE,3.8860730296596,0.0008627264927924404,163.01836346235044,157.04240608215332,0.0,0.0,0.0,UNACCEPTABLE,-30.52772461757766,-0.840199136935247,-158.1671509688427,-0.03176744821180914,35.019674090243555,0.9543768399718496,4.52435293471279,2.4644365310668945,0.6210296306874818,157.00154781341553,42.02113592125702,GOOD,0.6058764430062951,0.11331497654381029,0.3268595587949443,0.5892621824756727
00001389_004.png,1.0,0.0,36.470854175672436,0.8626249080088544,3.8282251461709236,2.882171630859375,0.15668873748438275,119.01522922515869,70.98573967147387,GOOD,5.297119045405859,0.048576670285109154,138.57478969378397,118.98558521270752,0.0,0.0,0.0,UNACCEPTABLE,-31.17373513026658,-0.8140482377237452,-134.74656454761305,-0.15668873748438275,28.25413240320678,0.8501137136534223,9.859015746909158,5.676488876342773,0.07146642219186045,122.23208713531494,66.4514356267391,UNACCEPTABLE,-8.216721772465657,-0.012511194355432131,-6.030790600738234,-0.0852223152925223
00001389_005.png,1.0,0.0,36.58099929999443,0.8655245695221866,3.779986209743312,2.8464202880859375,0.11225580602758814,111.60096073150635,69.23969196068256,GOOD,5.762828307281711,0.023516006153656115,131.3405301817801,111.59146785736084,0.0,0.0,0.0,UNACCEPTABLE,-30.81817099271272,-0.8420085633685305,-127.5605439720368,-0.11225580602758814,29.279109755734204,0.8690289837688271,8.761625632115663,5.449955940246582,0.08664992458832668,114.93194198608398,64.94083573753672,UNACCEPTABLE,-7.301889544260227,0.003504414246640497,-4.981639422372352,-0.025605881439261458
00001390_000.png,1.0,0.0,32.71540022596462,0.8284903361222291,5.898888253679208,3.5092735290527344,0.04696146916280937,164.32794094085693,57.80246763555822,ACCEPTABLE,3.3093676901413605,0.0067152171982406555,174.20948461416614,164.25105571746826,0.0,0.0,0.0,UNACCEPTABLE,-29.40603253582326,-0.8217751189239885,-168.31059636048693,-0.04696146916280937,31.592743711406783,0.9279577568238657,6.71278897592246,3.5795984268188477,0.39183385819066713,165.54484748840332,56.33777626941527,ACCEPTABLE,-1.122656514557839,0.09946742070163661,-0.8139007222432522,0.3448723890278578
00001391_000.png,1.0,0.0,36.107824514076384,0.8457167403654209,3.991617837712086,3.127629280090332,0.07524674169420593,174.64612770080566,57.18898406421668,GOOD,2.8445018860333966,0.0005004812676541063,183.7871258579097,174.6587495803833,0.0,0.0,0.0,UNACCEPTABLE,-33.263322628042985,-0.8452162590977668,-179.79550802019762,-0.07524674169420593,29.2179072633291,0.9408384801696564,8.823579789560151,3.8677597045898438,0.027265791679345255,175.63412189483643,56.877535614662776,UNACCEPTABLE,-6.889917250747285,0.09512173980423555,-4.831961951848065,-0.04798095001486068
00001392_000.png,1.0,0.0,35.75324703830364,0.8334379578170086,4.157936270390095,3.1763525009155273,0.06122871391869925,159.0129270553589,50.815688534305224,GOOD,3.6805012160381163,0.0018026276895503112,166.92259190301974,158.99971961975098,0.0,0.0,0.0,UNACCEPTABLE,-32.072745822265524,-0.8316353301274583,-162.76465563262965,-0.06122871391869925,31.514227652707785,0.9300976364623609,6.77374428799,3.0778732299804688,0.02497363935836398,159.31860160827637,49.67859701575029,ACCEPTABLE,-4.2390193855958564,0.0966596786453523,-2.615808017599905,-0.036255074560335276
00001393_000.png,1.0,0.0,33.131530652379425,0.8230283760284827,5.6229425694237785,3.459186553955078,0.012578498641407535,174.18988227844238,50.858824680231145,ACCEPTABLE,2.957814594664334,0.00196473421237984,181.40508250042356,174.09776496887207,0.0,0.0,0.0,UNACCEPTABLE,-30.17371605771509,-0.8210636418161028,-175.7821399309998,-0.012578498641407535,34.53800199636899,0.9366352968783845,4.782335943428239,2.9053916931152344,0.6234979463390823,174.90881156921387,50.548866921323864,ACCEPTABLE,1.4064713439895655,0.11360692084990187,0.8406066259955391,0.6109194476976747
00001394_000.png,1.0,0.0,36.36387087197742,0.8649420153424017,3.8756686218297034,2.851228713989258,0.13101806099426103,112.4593095779419,63.929037776690095,GOOD,5.894363532974128,0.00929461659187388,129.366552211626,112.4380407333374,0.0,0.0,0.0,UNACCEPTABLE,-30.46950733900329,-0.8556473987505278,-125.49088358979628,-0.13101806099426103,29.228859834404673,0.9063965264014234,8.81246060842814,4.909481048583984,0.09610230478632939,114.93081951141357,60.39919010101074,UNACCEPTABLE,-7.135011037572745,0.04145451105902176,-4.936791986598436,-0.034915756207931636
00001394_001.png,1.0,0.0,33.82608587669334,0.8447912605233507,5.190819011739311,3.2304906845092773,0.15110828578348579,145.52252292633057,71.84470421604848,ACCEPTABLE,3.920827351752507,0.02752843442250872,162.36739121274564,145.48208045959473,0.0,0.0,0.0,UNACCEPTABLE,-29.905258524940834,-0.817262826100842,-157.17657220100634,-0.15110828578348579,29.48192448586958,0.9049545922105809,8.5594124900774,4.707866668701172,0.30592113698328366,148.49248123168945,68.68118644988452,UNACCEPTABLE,-4.344161390823761,0.060163331687230204,-3.368593478338088,0.15481285119979787
00001395_000.png,1.0,0.0,37.39772206459961,0.8649821739411394,3.440757595074661,2.69534969329834,0.1484297728357083,110.07694721221924,33.67100385014886,GOOD,6.911389556040416,0.02484118254512478,115.0722758933511,110.04636192321777,0.0,0.0,0.0,UNACCEPTABLE,-30.486332508559197,-0.8401409913960146,-111.63151829827645,-0.1484297728357083,31.760698256445295,0.9076953532635172,6.584234159943085,3.42642879486084,0.024488511995527925,111.41813373565674,29.968415392367415,ACCEPTABLE,-5.637023808154318,0.04271317932237784,-3.1434765648684238,-0.12394126084018037
00001395_001.png,1.0,0.0,37.35184822050067,0.8632967770118991,3.4589777579693908,2.7256851196289062,0.12091255463339386,111.36326885223389,29.945568430083252,GOOD,6.895791755980199,0.0065878971360956275,115.27910409131188,111.3478651046753,0.0,0.0,0.0,UNACCEPTABLE,-30.456056464520472,-0.8567088798758035,-111.82012633334249,-0.12091255463339386,33.23995938860073,0.9254705395442983,5.5531858836943595,2.9837074279785156,0.006772548072577502,112.30635738372803,27.407076172861352,ACCEPTABLE,-4.11188883189994,0.062173762532399146,-2.0942081257249687,-0.11414000656081635
00001395_002.png,1.0,0.0,31.044452656862976,0.8374609867724813,7.150189427887578,3.5469350814819336,0.1890065628026008,131.4242238998413,60.19141055211612,ACCEPTABLE,4.918894606396202,0.04755537069559232,144.74229356612892,131.3069896697998,0.0,0.0,0.0,UNACCEPTABLE,-26.125558050466775,-0.7899056160768889,-137.59210413824135,-0.1890065628026008,27.774712816476878,0.8614724548752213,10.418484252030247,5.099347114562988,0.4142906802554156,133.77442073822021,55.64190001476023,UNACCEPTABLE,-3.269739840386098,0.02401146810274002,-3.268294824142669,0.2252841174528148
00001395_003.png,1.0,0.0,36.76167054421969,0.8508662972495756,3.702172523043849,2.855152130126953,0.05582621028105084,110.0174331665039,33.669011002766446,GOOD,6.912590311631467,0.026517972971962806,115.05636916023087,109.99898338317871,0.0,0.0,0.0,UNACCEPTABLE,-29.84908023258822,-0.8243483242776128,-111.35419663718702,-0.05582621028105084,30.796606968379322,0.8954743455676897,7.357153749656286,3.7032270431518555,-0.010660320149348892,111.39105701446533,29.759707284002577,ACCEPTABLE,-5.965063575840368,0.044608048318114046,-3.6549812266124366,-0.06648653043039973
00001395_004.png,1.0,0.0,37.35843666790017,0.8621441231068797,3.4563550384729775,2.705251693725586,0.10781119035629559,108.97273063659668,33.43064006078317,GOOD,6.997225131806832,0.02774712728148932,113.9407106534127,108.93388557434082,0.0,0.0,0.0,UNACCEPTABLE,-30.36121153609334,-0.8343969958253904,-110.48435561493972,-0.10781119035629559,31.639178797981884,0.9044609812780727,6.676997913720772,3.444239616394043,0.010328646187395695,110.42047595977783,29.67666484030178,ACCEPTABLE,-5.719257869918287,0.04231685817119302,-3.2206428752477945,-0.0974825441688999
00001395_005.png,1.0,0.0,37.18638744649013,0.8572065644607628,3.5255007232634976,2.7334976196289062,0.0703621908364117,108.949462890625,33.96702802850434,GOOD,6.984742242974621,0.02912093105301248,114.10457777657706,108.92884254455566,0.0,0.0,0.0,UNACCEPTABLE,-30.20164520351551,-0.8280856334077503,-110.57907705331357,-0.0703621908364117,31.537177431695554,0.9036838509725391,6.755870385669692,3.482349395751953,0.002545670851896002,110.42164039611816,30.12795017572407,ACCEPTABLE,-5.649210014794576,0.046477286511776295,-3.230369662406194,-0.0678165199845157
00001395_006.png,1.0,0.0,35.00188524530408,0.8425393520868248,4.533628378878334,3.191645622253418,0.18523172481487934,141.96094703674316,47.02065931727195,GOOD,4.634450814432284,0.0008926910306685746,149.56075185096037,141.93048572540283,0.0,0.0,0.0,UNACCEPTABLE,-30.367434430871796,-0.8416466610561563,-145.02712347208202,-0.18523172481487934,31.792607012978817,0.9183771374812328,6.560090485507007,3.269728660583496,0.11429572632255296,142.1990852355957,44.83767090919915,ACCEPTABLE,-3.209278232325264,0.075837785394408,-2.0264621066286725,-0.07093599849232639
00001395_007.png,1.0,0.0,33.62497561205066,0.8438755121609466,5.312407728403641,3.2318477630615234,0.07128157591771388,139.46734523773193,48.47734972287247,ACCEPTABLE,4.745853205019286,0.0015748295926184565,147.65478316935832,139.39549160003662,0.0,0.0,0.0,UNACCEPTABLE,-28.879122407031375,-0.8423006825683281,-142.3423754409547,-0.07128157591771388,32.73265152386305,0.9370631872706912,5.887183927244051,3.2474966049194336,0.5262751520361542,139.72089767456055,45.43569741131046,ACCEPTABLE,-0.892324088187614,0.09318767510974457,-0.5747761988404099,0.45499357611844027
00001395_008.png,1.0,0.0,34.05239782838906,0.8374153203383605,5.057318307928857,3.198714256286621,0.02241283374116997,154.08410263061523,48.40719880522844,ACCEPTABLE,3.9699281496437413,0.002136480406680013,161.45212777532237,154.00067043304443,0.0,0.0,0.0,UNACCEPTABLE,-30.08246967874532,-0.8352788399316805,-156.39480946739351,-0.02241283374116997,33.59087007940745,0.9455955344078182,5.333308140377307,2.8804588317871094,0.6003524835438807,154.10491275787354,45.54221525251207,ACCEPTABLE,-0.4615277489816094,0.10818021406945766,-0.27598983244844977,0.5779396498027107
00001395_009.png,1.0,0.0,32.972844194409745,0.8347444584875464,5.72661479181872,3.339588165283203,0.03920169280895561,159.9018783569336,48.28024062263024,ACCEPTABLE,3.6752504466271723,0.010269565429622662,167.0235299819825,159.82549476623535,0.0,0.0,0.0,UNACCEPTABLE,-29.297593747782575,-0.8244748930579238,-161.2969151901638,-0.03920169280895561,30.64845541947801,0.9400681515803556,7.483717919416786,3.080672264099121,0.5458131135061373,160.2473955154419,45.26948942635905,ACCEPTABLE,-2.324388774931734,0.1053236930928092,-1.7571031275980662,0.5066114206971817
00001395_010.png,1.0,0.0,36.169640247512,0.851361551544592,3.963311140630865,2.9849748611450195,0.10684049724307766,125.1759033203125,68.56364660414891,GOOD,5.040823949004569,0.05849637123548808,142.72464878829533,125.12864971160889,0.0,0.0,0.0,UNACCEPTABLE,-31.12881629850743,-0.7928651803091039,-138.76133764766445,-0.10684049724307766,28.394357167655052,0.8470155970814456,9.70112994779985,5.427132606506348,0.041785760403978536,127.96008682250977,64.15974509323001,UNACCEPTABLE,-7.775283079856948,-0.004345954463146451,-5.737818807168984,-0.06505473683909913
00001395_011.png,1.0,0.0,33.68644476358115,0.8600904573942897,5.274945078920948,3.023482322692871,0.17653962359813047,121.4174861907959,43.4883962779566,ACCEPTABLE,5.9202289863650535,0.008427359726049527,128.98188841263837,121.3551435470581,0.0,0.0,0.0,UNACCEPTABLE,-27.766215777216097,-0.8516630976682401,-123.70694333371742,-0.17653962359813047,31.5272352043004,0.9371917576154332,6.7636078609264985,3.2502899169921875,0.38887140957919136,122.37323665618896,40.28969910324392,ACCEPTABLE,-2.1592095592807503,0.07710130022114348,-1.4886627820055507,0.2123317859810609
00001395_012.png,1.0,0.0,36.019411428873156,0.8530276854144107,4.032455737160144,2.935370445251465,0.09028174832799787,111.72308826446533,69.2353854135757,GOOD,5.755231414261043,0.09064295284427148,131.4554540948583,111.6572322845459,0.0,0.0,0.0,UNACCEPTABLE,-30.264180014612112,-0.7623847325701392,-127.42299835769816,-0.09028174832799787,27.79753843963029,0.8099775320177073,10.391141491436644,6.3284196853637695,0.07193081971463877,115.6548433303833,63.80601690361813,UNACCEPTABLE,-8.221872989242865,-0.04305015339670337,-6.358685754276499,-0.018350928613359102
00001395_013.png,1.0,0.0,35.73248642780131,0.838846365478101,4.167886263058822,3.109593391418457,0.0484698232903793,124.58870792388916,68.15226487446047,GOOD,5.0838494772569955,0.061308809893433916,142.01941080804642,124.52695846557617,0.0,0.0,0.0,UNACCEPTABLE,-30.648636950544315,-0.7775375555846671,-137.8515245449876,-0.0484698232903793,28.745115281337018,0.839432938060697,9.317178511051472,5.441494941711426,0.06368945199586319,127.46140956878662,63.784270633701276,UNACCEPTABLE,-6.9873711464642945,0.0005865725825959789,-5.1492922479926495,0.015219628705483892
00001395_014.png,1.0,0.0,36.131326462004736,0.859193520019209,3.980832069295089,2.867478370666504,0.11280801693589768,105.5006046295166,67.10319829627176,GOOD,6.189064242016652,0.09196692882509838,125.05094221432029,105.42038631439209,0.0,0.0,0.0,UNACCEPTABLE,-29.942262219988084,-0.7672265911941106,-121.0701101450252,-0.11280801693589768,27.453614975754398,0.812230726920983,10.810839795673022,6.485589027404785,0.11598836227798898,109.47369384765625,61.5769124495782,UNACCEPTABLE,-8.677711486250338,-0.04696279309822604,-6.830007726377933,0.003180345342091301
00001396_000.png,1.0,0.0,36.25620678727406,0.8434076475041548,3.924007611040828,3.0945520401000977,0.12052716858502316,164.4268798828125,45.51543105879983,GOOD,3.4925275352241183,0.000598746074780444,170.57438089626538,164.4159688949585,0.0,0.0,0.0,UNACCEPTABLE,-32.76367925204994,-0.8428089014293743,-166.65037328522456,-0.12052716858502316,32.319749095803736,0.9342310714914821,6.173802405608204,2.805996894836426,0.0495891384344219,164.4565601348877,44.568934392745774,ACCEPTABLE,-3.9364576914703235,0.09082342398732735,-2.249794794567376,-0.07093803015060127
00001397_000.png,1.0,0.0,34.7718870893851,0.8405049526392137,4.655280197839648,3.151247978210449,0.12910237662418358,147.59091472625732,38.29711457043464,ACCEPTABLE,4.470076431171903,0.0029064840191495,152.41803519272617,147.518404006958,0.0,0.0,0.0,UNACCEPTABLE,-30.3018106582132,-0.8375984686200642,-147.7627549948865,-0.12910237662418358,34.8300422143475,0.9376178421097322,4.624215549236517,2.6492271423339844,0.4604135774756599,147.226655960083,36.75237746021643,ACCEPTABLE,0.05815512496239705,0.09711288947051855,0.031064648603130962,0.33131120085147636
00001397_001.png,1.0,0.0,35.64819097033233,0.8168356311703872,4.208531982467132,3.335171699523926,0.04388086172322205,191.99695110321045,41.331504331743055,GOOD,2.2692124756242,0.00017769378948009158,196.37199698227536,191.99469566345215,0.0,0.0,0.0,UNACCEPTABLE,-33.37897849470813,-0.8166579373809071,-192.16346499980824,-0.04388086172322205,29.77735694094826,0.9333030871572676,8.273177332835433,3.4298095703125,0.014893881331310529,192.6137981414795,42.528070054005454,UNACCEPTABLE,-5.870834029384071,0.11646745598688046,-4.0646453503683,-0.028986980391911523
00001397_002.png,1.0,0.0,32.31709094263928,0.8261235033717604,6.175692070854579,3.5413732528686523,0.10272965931141283,172.81888103485107,53.031740575707374,ACCEPTABLE,2.9885756186218586,0.0025364143266644328,180.7637737982943,172.7270851135254,0.0,0.0,0.0,UNACCEPTABLE,-29.328515324017424,-0.823587089045096,-174.58808172743971,-0.10272965931141283,31.36045988016564,0.9337850867026489,6.894728772843369,3.320009231567383,0.4654265421669605,173.78725242614746,51.94743889089798,ACCEPTABLE,-0.9566310624736438,0.10766158333088849,-0.7190367019887898,0.3626968828555477
00001397_003.png,1.0,0.0,33.759060564491776,0.8232573988592237,5.231029295281966,3.3484010696411133,0.019233873048212894,168.37478637695312,38.497051521850295,ACCEPTABLE,3.38600060902365,0.0014938320574830763,172.67924851741134,168.32259845733643,0.0,0.0,0.0,UNACCEPTABLE,-30.373059955468126,-0.8217635668017406,-167.44821922212938,-0.019233873048212894,34.962449745927614,0.942601478892705,4.554258663345358,2.3720970153808594,0.603298012495137,168.00335216522217,37.488860309556436,ACCEPTABLE,1.2033891814358384,0.11934408003348129,0.6767706319366082,0.5840641394469241
00001397_004.png,1.0,0.0,36.28717248947059,0.8376081616742155,3.910043202232266,3.0945920944213867,0.10406145561188188,173.90744495391846,35.41425978909935,GOOD,3.150068481416561,0.00021786624398998188,177.43396451571337,173.90230560302734,0.0,0.0,0.0,UNACCEPTABLE,-33.13710400805403,-0.8373902954302255,-173.5239213134811,-0.10406145561188188,30.917548391440587,0.9480740882136529,7.255423391805633,2.504098892211914,0.021940408491741354,173.31235885620117,35.177632718214554,ACCEPTABLE,-5.369624098030005,0.11046592653943743,-3.345380189573367,-0.08212104712014053
00001397_005.png,1.0,0.0,35.8375870327952,0.8438923186849973,4.117758087055769,3.0551252365112305,0.08051740959309155,125.59572505950928,65.18245860835434,GOOD,5.116141045990742,0.05296174253479388,141.49240487544168,125.52959442138672,0.0,0.0,0.0,UNACCEPTABLE,-30.721445986804458,-0.7909305761502033,-137.37464678838592,-0.08051740959309155,28.950335164020494,0.8527209829767926,9.099623471110165,5.1319780349731445,0.11731733670291196,128.01035022735596,61.07224039556071,UNACCEPTABLE,-6.887251868774705,0.008828664291795296,-4.981865384054396,0.03679992710982041
00001397_006.png,1.0,0.0,35.88210717135532,0.848250179236453,4.096706225703674,3.065070152282715,0.14800196204958843,130.18231678009033,58.62292562165193,GOOD,5.038822177558164,0.018754011251453557,142.7575452517418,130.1590175628662,0.0,0.0,0.0,UNACCEPTABLE,-30.84328499379716,-0.8294961679849994,-138.6608390260381,-0.14800196204958843,30.64163796711226,0.8891039267855412,7.489594107148367,4.108307838439941,0.17144518312678128,131.6699857711792,55.932369429304046,ACCEPTABLE,-5.2404692042430625,0.040853747549088215,-3.392887881444693,0.02344322107719285
00001397_007.png,1.0,0.0,33.046853822045904,0.8488532673940878,5.678027470558847,3.081197738647461,0.09301807312269182,119.88766956329346,37.339467613893056,ACCEPTABLE,6.1531825115545935,0.010334395452186028,125.56860076605307,119.80123996734619,0.0,0.0,0.0,UNACCEPTABLE,-26.89367131049131,-0.8385188719419018,-119.89057329549422,-0.09301807312269182,32.09167300248642,0.938749845055419,6.338062687258979,2.885331153869629,0.36842394665016415,120.62970161437988,34.57325130849601,ACCEPTABLE,-0.9551808195594873,0.08989657766133119,-0.6600352167001322,0.2754058735274723
00001397_008.png,1.0,0.0,35.849471913038336,0.8481482255809977,4.112127622308592,3.051210403442383,0.12782785378981779,123.6560697555542,61.64714974629895,GOOD,5.323057025913418,0.048319532309836245,138.16159209161296,123.59839153289795,0.0,0.0,0.0,UNACCEPTABLE,-30.52641488712492,-0.7998286932711615,-134.04946446930435,-0.12782785378981779,29.548066014300325,0.854667266825483,8.494481595428484,4.869747161865234,0.17522128619707245,125.96586513519287,57.83329324134318,UNACCEPTABLE,-6.301405898738011,0.006519041244485324,-4.3823539731198915,0.04739343240725466
00001397_009.png,1.0,0.0,32.891783134662006,0.8266099248493696,5.780308579784202,3.402827262878418,0.22129659376623498,164.28838920593262,33.22487094760663,ACCEPTABLE,3.644788431167927,0.0002670144708410618,167.61032140640114,164.2239465713501,0.0,0.0,0.0,UNACCEPTABLE,-29.246994703494078,-0.8263429103785285,-161.83001282661695,-0.22129659376623498,31.934306154940924,0.9537068977570868,6.453939243329751,2.4386444091796875,0.42904463595486475,163.48484134674072,32.748059296119074,ACCEPTABLE,-0.9574769797210827,0.12709697290771726,-0.6736306635455493,0.20774804218862977
00001397_010.png,1.0,0.0,31.307167271670888,0.8155801777976158,6.937161686526749,3.644552230834961,0.07796657111112772,173.2509937286377,36.877685293468694,ACCEPTABLE,3.1649808697197352,0.0020830811971388687,177.12959798311218,173.13823318481445,0.0,0.0,0.0,UNACCEPTABLE,-28.142186401951154,-0.813497096600477,-170.19243629658544,-0.07796657111112772,31.272286363067465,0.9424241166968024,6.96507604257625,2.6661672592163086,0.4659493570995659,172.89503955841064,36.08114207184066,ACCEPTABLE,-0.034880908603422967,0.12684393889918655,-0.027914356049500988,0.3879827859884382
00001397_011.png,1.0,0.0,33.98090478051789,0.8516682525903682,5.099116581716919,3.0810184478759766,0.22986567969711177,128.111102104187,40.47359351807489,ACCEPTABLE,5.565288825610072,0.004095666745970144,134.3617770586608,128.06096363067627,0.0,0.0,0.0,UNACCEPTABLE,-28.415615954907818,-0.847572585844398,-129.2626604769439,-0.22986567969711177,31.592858236901602,0.9420949276061081,6.712700466806774,2.977963447570801,0.4124751258187634,128.44461822509766,37.657898139431325,ACCEPTABLE,-2.388046543616287,0.09042667501573998,-1.613583885089855,0.18260944612165161
00001397_012.png,1.0,0.0,33.123882394097265,0.8501880647763707,5.627895966084121,3.1471872329711914,0.24653552845594306,126.94543075561523,47.012331091147935,ACCEPTABLE,5.499682771871306,0.005240362601530669,135.38047758663728,126.86814975738525,0.0,0.0,0.0,UNACCEPTABLE,-27.62419962222596,-0.8449477021748399,-129.75258162055317,-0.24653552845594306,30.891506767382502,0.9372679827852911,7.2772089013522825,3.27239990234375,0.433153928757994,127.58907413482666,44.00020781800364,ACCEPTABLE,-2.232375626714763,0.08707991800892045,-1.6493129352681617,0.18661840030205096
00001397_013.png,1.0,0.0,36.178323548435024,0.8516435459027601,3.9593509905176734,2.949369430541992,0.1265568716191146,124.68517780303955,62.11740734800157,GOOD,5.25245248886003,0.039804312989987656,139.2892359035473,124.64996242523193,0.0,0.0,0.0,UNACCEPTABLE,-30.925871059574995,-0.8118392329127725,-135.32988491302964,-0.1265568716191146,29.827525309831046,0.8745470244376781,8.225530460029733,4.5998077392578125,0.20470200504873234,126.82226657867432,58.461092908657264,UNACCEPTABLE,-6.3507982386039785,0.02290347853491792,-4.266179469512059,0.07814513342961774
00001398_000.png,1.0,0.0,36.224232694112196,0.8467763108125652,3.938479105000109,3.0511112213134766,0.19315033470819526,165.56164932250977,56.85742285405494,GOOD,3.2682105029738704,0.0024832044411974624,175.03691699146066,165.56687927246094,0.0,0.0,0.0,UNACCEPTABLE,-32.956022191138324,-0.8442931063713678,-171.09843788646054,-0.19315033470819526,31.51377336496601,0.9347443511191659,6.774098576335572,3.3585996627807617,0.07500726569383392,166.4778528213501,55.337644387146376,ACCEPTABLE,-4.710459329146186,0.08796804030660066,-2.8356194713354625,-0.11814306901436133
00001398_001.png,1.0,0.0,36.35042071167527,0.8501133749199701,3.8816747706323076,3.0076494216918945,0.16450954187854255,157.41027164459229,57.790039827619104,GOOD,3.642691294818077,0.002018025688009942,167.65079442059852,157.4017391204834,0.0,0.0,0.0,UNACCEPTABLE,-32.70772941685719,-0.8480953492319602,-163.7691196499662,-0.16450954187854255,31.462051527338453,0.9325048174333253,6.814556616327744,3.3200292587280273,0.04417339477512768,158.22235584259033,55.86294880717922,ACCEPTABLE,-4.888369184336817,0.08239144251335517,-2.9328818456954364,-0.12033614710341486
00001398_002.png,1.0,0.0,33.239326175324294,0.8431554320440688,5.553590733324176,3.251620292663574,0.07362252003315031,159.19876289367676,70.22453043401617,ACCEPTABLE,3.319999474559009,0.015775898580809442,173.99637753179786,159.14039516448975,0.0,0.0,0.0,UNACCEPTABLE,-29.919326700765286,-0.8273795334632594,-168.4427867984737,-0.07362252003315031,31.015269467766863,0.9141063661690917,7.174253314571703,4.271607398986816,0.6493204352178135,161.65587615966797,67.53772837164766,ACCEPTABLE,-2.2240567075574305,0.07095093412502285,-1.6206625812475268,0.5756979151846632
00001398_003.png,1.0,0.0,36.78921746225315,0.8610091995539899,3.6904498440670763,2.733649253845215,0.14383655317859959,105.0398645401001,69.82577014654319,GOOD,6.1161022245191985,0.1267793843358739,126.10580221103167,104.9159927368164,0.0,0.0,0.0,UNACCEPTABLE,-30.67311523773395,-0.734229815218116,-122.4153523669646,-0.14383655317859959,27.370705701374636,0.7790267957258866,10.91452639228097,6.925743103027344,0.10546007308872409,109.80901145935059,63.682945436675745,UNACCEPTABLE,-9.418511760878513,-0.08198240382810329,-7.224076548213894,-0.0383764800898755
00001398_004.png,1.0,0.0,36.516223633388385,0.8591792454636832,3.8082811119678386,2.8208742141723633,0.17527454359346747,116.97271347045898,70.56822091709326,GOOD,5.42337607357971,0.09907566152316917,136.5750526961606,116.8801622390747,0.0,0.0,0.0,UNACCEPTABLE,-31.092847559808675,-0.760103583940514,-132.76677158419278,-0.17527454359346747,27.463502284030504,0.804825533713458,10.79854061898259,6.369040489196777,0.13232252752000465,120.91875839233398,64.78799655958744,UNACCEPTABLE,-9.052721349357881,-0.054353711750225187,-6.990259507014752,-0.04295201607346283
00001399_000.png,1.0,0.0,35.856970215810975,0.8542621502342692,4.108579261233426,2.9789628982543945,0.11126186335718997,145.3436450958252,64.49415673996096,GOOD,4.101631479884024,0.0007777004486074251,159.02251087538136,145.34362125396729,0.0,0.0,0.0,UNACCEPTABLE,-31.75533873592695,-0.8534844497856617,-154.91393161414794,-0.11126186335718997,29.71029942725814,0.9453275947360611,8.337295779081964,3.760634422302246,0.048644594536538806,146.5656681060791,62.43520793373929,UNACCEPTABLE,-6.146670788552836,0.09106544450179188,-4.228716517848539,-0.06261726882065116
00001403_002.png,1.0,0.0,33.465619445818625,0.8442902253834954,5.410771678528445,3.248894691467285,0.0895274149666888,153.9458990097046,69.88596757383229,ACCEPTABLE,3.569300535516904,0.06900348387970627,169.07334838583938,153.8518352508545,0.0,0.0,0.0,UNACCEPTABLE,-29.896318910301723,-0.7752867415037892,-163.66257670731093,-0.0895274149666888,29.366327588281493,0.8669697608420249,8.674087544585893,4.935591697692871,0.48439308792480923,156.67745685577393,65.84879419704819,UNACCEPTABLE,-4.099291857537132,0.02267953545852952,-3.2633158660574475,0.3948656729581204
00001403_003.png,1.0,0.0,36.52098055825754,0.8762653789079653,3.8061960351184574,2.789687156677246,0.11140552766606997,101.60966491699219,72.0398881108435,GOOD,6.222693835676471,0.03584402038617801,124.56771229864917,101.57492733001709,0.0,0.0,0.0,UNACCEPTABLE,-30.29828672258107,-0.8404213585217872,-120.76151626353071,-0.11140552766606997,27.45226546974259,0.8422697204905986,10.812519580624883,6.859094619750977,0.19019320672713083,106.16825771331787,66.80964782396045,UNACCEPTABLE,-9.068715088514953,-0.033995658417366736,-7.006323545506426,0.07878767906106086
00001404_000.png,1.0,0.0,35.87289763399955,0.8484114168426222,4.101052214350793,3.145297050476074,0.18696619547363286,165.75770664215088,48.05482508166442,GOOD,3.391531915850262,0.0013107436673683792,172.56931874786378,165.7515811920166,0.0,0.0,0.0,UNACCEPTABLE,-32.48136571814929,-0.8471006731752538,-168.46826653351297,-0.18696619547363286,30.084782166403485,0.9269768353735997,7.985480842229616,3.323087692260742,0.05683953284319007,166.01458549499512,46.97442829104379,ACCEPTABLE,-5.788115467596064,0.07856541853097743,-3.8844286278788225,-0.13012666263044279
00001404_001.png,1.0,0.0,36.15499806651032,0.8373816449989854,3.9699979006668036,3.0734901428222656,0.08361755939200279,164.58843421936035,48.286943567797714,GOOD,3.445214493148834,0.0018323029146405105,171.5060543737717,164.58511352539062,0.0,0.0,0.0,UNACCEPTABLE,-32.70978357336149,-0.8355493420843448,-167.53605647310488,-0.08361755939200279,32.64032985542637,0.9435378786797165,5.950092093772788,2.7137842178344727,0.056634395203839234,164.56521320343018,46.626439383289146,ACCEPTABLE,-3.5146682110839507,0.10615623368073113,-1.9800941931059848,-0.02698316418816355
00001404_002.png,1.0,0.0,36.04711725996622,0.8398699194038458,4.019613697033145,3.09934139251709,0.058138817587571626,158.34759330749512,53.35137539806258,GOOD,3.6724371969186063,0.001875467061624276,167.0776355507564,158.3418836593628,0.0,0.0,0.0,UNACCEPTABLE,-32.37468006304761,-0.8379944523422216,-163.05802185372326,-0.058138817587571626,32.4498614543795,0.9379141497679937,6.082009689694645,2.984318733215332,0.030990737303189866,158.65706634521484,51.69750521597988,ACCEPTABLE,-3.5972558055867196,0.09804423036414789,-2.0623959926615,-0.02714808028438176
00001404_003.png,1.0,0.0,36.14472684190542,0.8400604176685988,3.9746952731811325,3.0999908447265625,0.05165338963993565,156.73358726501465,47.07058217368807,GOOD,3.8527959714758775,0.0011778465058656395,163.6441112749035,156.73738861083984,0.0,0.0,0.0,UNACCEPTABLE,-32.29193087042954,-0.8388825711627332,-159.66941600172237,-0.05165338963993565,33.16263311896667,0.9361695000790967,5.602843921459864,2.805525779724121,0.054788603156867365,156.64336490631104,45.68312999628711,ACCEPTABLE,-2.9820937229387496,0.09610908241049787,-1.6281486482787315,0.0031352135169317175
00001404_004.png,1.0,0.0,36.460038274401455,0.8473834057304424,3.83299512338664,3.0123395919799805,0.14765277671588592,162.12281703948975,43.9707532723559,GOOD,3.628263711506188,0.0004371874138892965,167.92949998467557,162.1056365966797,0.0,0.0,0.0,UNACCEPTABLE,-32.83177456289527,-0.846946218316553,-164.09650486128893,-0.14765277671588592,33.048147671004955,0.9445840388378718,5.677181735337938,2.597919464111328,0.06007741564338462,161.84278106689453,43.13723005958759,ACCEPTABLE,-3.4118906033965004,0.09720063310742943,-1.8441866119512982,-0.0875753610725013
00001404_005.png,1.0,0.0,35.86062735106846,0.8540327784398671,4.106849735770383,3.0671024322509766,0.11411912049899607,158.33770179748535,51.22889713942541,GOOD,3.708093764419308,0.002116647080655971,166.3931686718477,158.32400131225586,0.0,0.0,0.0,UNACCEPTABLE,-32.15253358664915,-0.8519161313592112,-162.2863189360773,-0.11411912049899607,30.924234878817728,0.9304210723117229,7.249840241349147,3.2521657943725586,0.04343305145313703,158.59650897979736,49.72535251801996,ACCEPTABLE,-4.936392472250731,0.07638829387185575,-3.142990505578764,-0.07068606904585904
00001404_006.png,1.0,0.0,36.37303906419686,0.8485321542773283,3.8715799066809815,3.0230283737182617,0.13896759156230637,160.16468715667725,48.82537853280742,GOOD,3.655627728488569,0.0013845714275752213,167.40128755290783,160.14656448364258,0.0,0.0,0.0,UNACCEPTABLE,-32.71741133570829,-0.8471475828497531,-163.52970764622685,-0.13896759156230637,32.84203864432092,0.941376630965729,5.813507649027628,2.8230533599853516,0.06567977485104269,160.22012329101562,47.51101849925044,ACCEPTABLE,-3.5310004198759373,0.09284447668840068,-1.9419277423466461,-0.07328781671126368
00001404_007.png,1.0,0.0,33.91007984409995,0.8462294692275375,5.140864868133302,3.250406265258789,0.13763177040024066,162.19039726257324,60.15599466600099,ACCEPTABLE,3.3720867364565437,0.014908232206091433,172.95608400251348,162.1195583343506,0.0,0.0,0.0,UNACCEPTABLE,-30.537993107643402,-0.8313212370214461,-167.8152191343802,-0.13763177040024066,31.669662407889092,0.9201234370542185,6.653605692543933,3.655941963195801,0.5016918854873609,163.62662029266357,57.75086451372281,ACCEPTABLE,-2.240417436210855,0.073893967826681,-1.5127408244106313,0.3640601150871202
00001404_008.png,1.0,0.0,33.12504086698664,0.8348672775252914,5.627145400464714,3.4289770126342773,0.10849813406178166,164.48035144805908,55.68188045058631,ACCEPTABLE,3.3382586333178677,0.002681294372599862,173.6309929095638,164.40028381347656,0.0,0.0,0.0,UNACCEPTABLE,-29.78678223366877,-0.8321859831526915,-168.00384750909907,-0.10849813406178166,31.74645169081861,0.9251832878057014,6.595042459092394,3.4553565979003906,0.5034540398545474,165.58329010009766,53.9531970806138,ACCEPTABLE,-1.3785891761680276,0.09031601028040992,-0.9678970586276794,0.39495590579276574
00001405_000.png,1.0,0.0,37.13074759036947,0.8627027095225256,3.5481567755535055,2.7564563751220703,0.10357598049739254,107.54674625396729,36.626591991402684,GOOD,7.024502069949113,0.03697703596986545,113.58345550946619,107.5002851486206,0.0,0.0,0.0,UNACCEPTABLE,-30.10624552042035,-0.8257256735526601,-110.03529873391268,-0.10357598049739254,30.61849671117087,0.8838993757301238,7.509574754767178,4.026552200317383,0.004881160114927099,109.34989070892334,32.115032692911086,ACCEPTABLE,-6.5122508791985965,0.02119666620759819,-3.961417979213673,-0.09869482038246544
00001406_000.png,1.0,0.0,37.31568120279118,0.8651465008841944,3.4734105598616467,2.728961944580078,0.14628964203464248,109.40489482879639,31.51811726066525,GOOD,7.006676949376514,0.014000189099090081,113.81679000603886,109.38007831573486,0.0,0.0,0.0,UNACCEPTABLE,-30.30900425341467,-0.8511463117851044,-110.34337944617721,-0.14628964203464248,32.03685068137271,0.912272407445962,6.37819285003892,3.336003303527832,0.023055701109287587,110.64062118530273,28.32315275905925,ACCEPTABLE,-5.27883052141847,0.04712590656176763,-2.904782290177273,-0.12323394092535489
00001406_001.png,1.0,0.0,33.545089434688904,0.8384379271912844,5.361492572756867,3.342057228088379,0.04413651796238296,168.0809507369995,56.09648974564969,ACCEPTABLE,3.1628227221768213,0.001777580971046822,177.17361411931546,168.01856994628906,0.0,0.0,0.0,UNACCEPTABLE,-30.382266712512084,-0.8366603462202375,-171.8121215465586,-0.04413651796238296,32.24561683276353,0.9362537646656728,6.226720025380545,3.275435447692871,0.4530982781246743,169.2371129989624,54.44689404303158,ACCEPTABLE,-1.2994726019253733,0.09781583747438838,-0.8652274526236781,0.40896176016229135
00001407_000.png,1.0,0.0,35.97640241928055,0.8539193263970425,4.052472341867864,3.0296525955200195,0.08837428746838694,127.17172527313232,67.68309118609652,GOOD,4.959822857243299,0.011715727199251472,144.06186659005488,127.15158653259277,0.0,0.0,0.0,UNACCEPTABLE,-31.016579562037247,-0.842203599197791,-140.00939424818702,-0.08837428746838694,29.341916469678807,0.893484181503438,8.698499782607204,4.919719696044922,0.11718713549815742,129.51700592041016,64.44043909801788,UNACCEPTABLE,-6.634485949601739,0.03956485510639551,-4.64602744073934,0.02881284802977048
00001408_000.png,1.0,0.0,36.189362723446024,0.834013059133857,3.9543221210328388,3.0872459411621094,0.141363218487121,171.1706485748291,48.26747341189571,GOOD,3.1319324660135943,0.0010656250079955232,177.80483118558726,171.15790367126465,0.0,0.0,0.0,UNACCEPTABLE,-33.05743025743243,-0.8329474341258615,-173.85050906455442,-0.141363218487121,31.311351731766695,0.9421387667739082,6.93382048759991,2.8917741775512695,0.04116547643066258,171.39176845550537,47.26172007079134,ACCEPTABLE,-4.878010991679329,0.10812570764005114,-2.979498366567071,-0.10019774205645841
00001409_000.png,1.0,0.0,34.707326711102276,0.8319871610995048,4.6900108225032655,3.3186159133911133,0.13525358608363983,152.33856582641602,45.22929537824604,ACCEPTABLE,4.105609180822056,0.0005844250312963429,158.94970322959534,152.32637310028076,0.0,0.0,0.0,UNACCEPTABLE,-30.60171753028022,-0.8314027360682085,-154.25969240709207,-0.13525358608363983,31.05639304899971,0.920357127431018,7.140366898093689,3.2620935440063477,0.06795660109038124,152.35722732543945,43.32819829262244,ACCEPTABLE,-3.6509336621025668,0.08836996633151328,-2.450356075590424,-0.06729698499325859
00001409_001.png,1.0,0.0,36.239842340709515,0.8527827168418689,3.931407514124459,2.9866065979003906,0.14015687810265448,131.4311819076538,62.822344153886476,GOOD,4.86424807396755,0.043267290054570674,145.65579794171316,131.39169025421143,0.0,0.0,0.0,UNACCEPTABLE,-31.375594266741963,-0.8095154267872983,-141.7243904275887,-0.14015687810265448,28.967671945576846,0.8663327273581812,9.081479002867132,4.834693908691406,0.12347867762809324,133.3483247756958,58.8305098871549,UNACCEPTABLE,-7.272170395132669,0.013550010516312327,-5.1500714887426735,-0.01667820047456124
00001409_002.png,1.0,0.0,34.32527541479782,0.8310027851493921,4.900906416688566,3.3453149795532227,0.1342148426657944,149.07637977600098,45.81760436078723,ACCEPTABLE,4.268008833460028,0.0038176808481563246,156.00543857838886,149.04564380645752,0.0,0.0,0.0,UNACCEPTABLE,-30.057266581337792,-0.8271851043012357,-151.1045321617003,-0.1342148426657944,30.55576060403361,0.9145740265159377,7.564010973595093,3.460512161254883,0.06716700420442921,149.24759006500244,43.41899848198168,ACCEPTABLE,-3.769514810764214,0.08357124136654559,-2.663104556906527,-0.06704783846136518
00001409_003.png,1.0,0.0,37.440760246525116,0.8627060867866901,3.4237509684510825,2.7007083892822266,0.10308484445591162,111.49841976165771,27.268885610560094,GOOD,6.935569348000898,0.004995154947643978,114.75238299336775,111.4954137802124,0.0,0.0,0.0,UNACCEPTABLE,-30.50519089852422,-0.8577109318390461,-111.32863202491666,-0.10308484445591162,33.23344875008564,0.9345592899024079,5.557349917658578,2.7581787109375,0.014001315111567289,112.42320156097412,24.92925054295271,ACCEPTABLE,-4.207311496439473,0.07185320311571775,-2.1335989492074954,-0.08908352934434434
00001409_004.png,1.0,0.0,35.58270022314697,0.8344805973611611,4.240383825563217,3.2497549057006836,0.07471657902849074,167.68827056884766,43.70455137484259,GOOD,3.3566925391514957,0.0008347304530191637,173.2628897541248,167.6602144241333,0.0,0.0,0.0,UNACCEPTABLE,-32.226007683995476,-0.8336458669081419,-169.0225059285616,-0.07471657902849074,31.446271467634688,0.9274077668995465,6.8269481910582535,3.001222610473633,0.039680281437245245,167.58910083770752,42.828398837860384,ACCEPTABLE,-4.136428755512284,0.09292716953838542,-2.586564365495036,-0.0350362975912455
00001409_005.png,1.0,0.0,32.61946701065745,0.8199693590525777,5.964400938893653,3.542109489440918,0.07547145310757902,177.31087017059326,49.51381207763903,ACCEPTABLE,2.8305099412740384,0.0044242653268554205,184.08342384876093,177.21474266052246,0.0,0.0,0.0,UNACCEPTABLE,-29.788957069383414,-0.8155450937257223,-178.11902290986728,-0.07547145310757902,31.95079253160916,0.9374318211542468,6.4417008702141985,3.0802650451660156,0.49322408111545507,178.20302963256836,48.61523012419544,ACCEPTABLE,-0.6686744790482919,0.11746246210166911,-0.4772999313205455,0.41775262800787605
00001409_006.png,1.0,0.0,35.23369521761831,0.8325057424503042,4.414234691400832,3.242706298828125,0.04726900120537953,140.4931993484497,61.78655226345104,GOOD,4.40898777520306,0.005834677223061599,153.49378365407912,140.47831439971924,0.0,0.0,0.0,UNACCEPTABLE,-30.824707442415253,-0.8266710652272425,-149.0795489626783,-0.04726900120537953,30.679752565712405,0.8989084428488874,7.456800981806017,4.145318031311035,0.07137578314166006,141.81910705566406,59.25955371228313,ACCEPTABLE,-4.553942651905906,0.0664027003985832,-3.042566290405185,0.024106781936280526
00001409_007.png,1.0,0.0,35.20979328699664,0.829718355873529,4.42639856166213,3.2782135009765625,0.05940840337119235,139.80021381378174,61.67623238503243,GOOD,4.446657669426814,0.03339436456975785,152.82953684253846,139.77095317840576,0.0,0.0,0.0,UNACCEPTABLE,-30.76313561756983,-0.7963239913037712,-148.40313828087633,-0.05940840337119235,28.71709478728704,0.8654355488792428,9.34728406331762,4.782951354980469,0.13453216284828712,141.1439504623413,58.23065010430289,UNACCEPTABLE,-6.492698499709604,0.03571719300571374,-4.92088550165549,0.07512375947709476
00001409_008.png,1.0,0.0,35.61063505488673,0.8376598989060247,4.226768164293501,3.155024528503418,0.04846698755606943,130.60853099822998,63.35660423567992,GOOD,4.893507158559946,0.027549648223646493,145.1659707024611,130.58568572998047,0.0,0.0,0.0,UNACCEPTABLE,-30.717127896326783,-0.8101102506823782,-140.9392025381676,-0.04846698755606943,29.84739535971159,0.8645802697343936,8.206735045486209,4.794015884399414,0.16746244172997232,132.59972763061523,59.449157207747355,UNACCEPTABLE,-5.7632396951751375,0.026920370828368956,-3.9799668811927074,0.11899545417390289
00001409_009.png,1.0,0.0,35.88015185849869,0.8391757830657627,4.097628554258763,3.0870800018310547,0.058759323815170766,127.81409072875977,63.53702871905958,GOOD,5.041097254369397,0.05319742133751458,142.72015796465536,127.74764251708984,0.0,0.0,0.0,UNACCEPTABLE,-30.839054604129295,-0.7859783617282481,-138.6225294103966,-0.058759323815170766,29.250575735746544,0.8500222132201892,8.790455781492478,4.994717597961426,0.11148755415510646,130.068097114563,59.4200242764724,UNACCEPTABLE,-6.629576122752148,0.010846430154426545,-4.692827227233715,0.05272823033993569
00001409_010.png,1.0,0.0,35.39927405573998,0.8313051180509119,4.330883262708091,3.2014198303222656,0.05883245375896441,134.85918045043945,63.11325715314278,GOOD,4.672823137260081,0.046893550987072305,148.90148313563796,134.8044548034668,0.0,0.0,0.0,UNACCEPTABLE,-30.726450918479898,-0.7844115670638396,-144.57059987292988,-0.05883245375896441,29.235170317120087,0.8556380505214926,8.806060494413742,4.84589958190918,0.13877729994591229,136.6924648284912,59.19996004282967,UNACCEPTABLE,-6.164103738619893,0.02433293247058066,-4.4751772317056515,0.07994484618694787
00001409_011.png,1.0,0.0,35.753965801668876,0.8482579748351579,4.157592212528336,3.1032590866088867,0.14668950024448582,140.9996747970581,57.119535647164945,GOOD,4.488516055053273,0.009072687058385898,152.09480404728615,140.9641876220703,0.0,0.0,0.0,UNACCEPTABLE,-31.2654497466156,-0.8391852877767719,-147.93721183475782,-0.14668950024448582,29.730353747628115,0.8993602715968361,8.318068510668143,4.131872177124023,0.19761457274458907,141.92019844055176,54.20253966780064,UNACCEPTABLE,-6.023612054040761,0.05110229676167821,-4.160476298139806,0.05092507250010325
00001409_012.png,1.0,0.0,32.88268605519342,0.8588774833556249,5.786365699427174,3.150113105773926,0.26273459553430684,120.47725677490234,38.97423773160925,ACCEPTABLE,6.073915225754222,0.0020055530804418895,126.71978259247977,120.40598964691162,0.0,0.0,0.0,UNACCEPTABLE,-26.808770829439197,-0.8568719302751829,-120.9334168930526,-0.26273459553430684,30.58199325632085,0.9327446654095903,7.541201020367369,3.322568893432617,0.33658558700389796,121.33654117584229,36.1474709144637,ACCEPTABLE,-2.300692798872568,0.07386718205396547,-1.7548353209401952,0.07385099146959112
00001409_013.png,1.0,0.0,33.13396143409679,0.8448238549800904,5.621369186132008,3.336672782897949,0.23314361890637672,151.0665159225464,59.429157058348046,ACCEPTABLE,3.9181278626232965,0.0340670315927028,162.417861244476,150.97564315795898,0.0,0.0,0.0,UNACCEPTABLE,-29.215833571473492,-0.8107568233873876,-156.796492058344,-0.23314361890637672,28.621031267945455,0.8959953254612142,9.451236201976144,4.402052879333496,0.4307646376325396,152.9324083328247,55.84739223563738,UNACCEPTABLE,-4.512930166151335,0.051171470481123804,-3.829867015844136,0.19762101872616286
00001410_000.png,1.0,0.0,33.5963102695298,0.841375266437663,5.329968801840107,3.270822525024414,0.0770349106612954,146.15678691864014,71.41431533880703,ACCEPTABLE,3.902959956009391,0.036177018521713525,162.70173443524504,146.08802318572998,0.0,0.0,0.0,UNACCEPTABLE,-29.693350313520412,-0.8051982479159495,-157.37176563340495,-0.0770349106612954,29.943465546789888,0.8903541310396791,8.116464679980268,4.836061477661133,0.389118051590047,148.7989854812622,67.60545207164517,UNACCEPTABLE,-3.652844722739914,0.04897886460201606,-2.786495878140161,0.31208314092875156
00001410_001.png,1.0,0.0,34.68965722213853,0.8450895754738634,4.699561305573505,3.159200668334961,0.030418933747657695,156.8912649154663,58.8637463559961,ACCEPTABLE,3.649811178591368,0.001387905366000454,167.5134262141336,156.82596111297607,0.0,0.0,0.0,UNACCEPTABLE,-31.03984604354716,-0.843701670107863,-162.8138649085601,-0.030418933747657695,34.59919962495381,0.9435412418669711,4.748759760313153,3.1145944595336914,0.5806804973877934,157.89941215515137,57.237144681029285,ACCEPTABLE,-0.09045759718471658,0.09845166639310765,-0.049198454739647346,0.5502615636401357
00001410_002.png,1.0,0.0,36.352003220048516,0.8436597992436802,3.8809676210448014,3.0093183517456055,0.11029223571726107,157.36434364318848,52.30535235894141,GOOD,3.738582491485375,0.0008733790597603939,165.81012849517364,157.36428546905518,0.0,0.0,0.0,UNACCEPTABLE,-32.61342072856314,-0.8427864201839198,-161.92916087412885,-0.11029223571726107,31.389832513796424,0.9474933310280462,6.8714525954254535,3.055171012878418,0.04460979980892383,157.44429779052734,50.526318372991746,ACCEPTABLE,-4.962170706252092,0.10383353178436605,-2.990484974380652,-0.06568243590833725
00001410_003.png,1.0,0.0,33.53073470149128,0.8284087007868154,5.370360567856145,3.4128952026367188,0.14114994119109672,175.1272840499878,56.57231933995531,ACCEPTABLE,2.8328124892308253,0.0018908091698900669,184.03463152542886,175.06455326080322,0.0,0.0,0.0,UNACCEPTABLE,-30.69792221226046,-0.8265178916169253,-178.6642709575727,-0.14114994119109672,32.05028374115856,0.9447932395378928,6.368336355086669,3.2895545959472656,0.41916558491065087,176.3993158340454,55.7009974798641,ACCEPTABLE,-1.4804509603327247,0.11638453875107746,-0.9979757872305237,0.2780156437195541
00001410_004.png,1.0,0.0,33.99778524315005,0.8444084251676769,5.089216402963368,3.1816139221191406,0.22537936896887426,158.7118911743164,70.88789344030855,ACCEPTABLE,3.327114669425255,0.06140447867267528,173.85390378986625,158.64720153808594,0.0,0.0,0.0,UNACCEPTABLE,-30.67067057372479,-0.7830039464950016,-168.7646873869029,-0.22537936896887426,29.004663184367644,0.8854913110497799,9.042885277776872,4.756810188293457,0.4537551708268374,161.6394166946411,66.65648898105783,UNACCEPTABLE,-4.993122058782404,0.04108288588210296,-3.953668874813504,0.22837580185796316
00001411_000.png,1.0,0.0,35.0476677602025,0.8279307931327835,4.509794913321146,3.209902763366699,0.16730728679216855,150.94812679290771,72.44686336388496,GOOD,3.655409891217769,0.04183748567142456,167.40548593654023,150.88931846618652,0.0,0.0,0.0,UNACCEPTABLE,-31.392257868984732,-0.786093307461359,-162.8956910232191,-0.16730728679216855,28.92537024842642,0.8680411926305998,9.125815159169944,4.91949462890625,0.28777126197018077,153.37188720703125,69.43657182981212,UNACCEPTABLE,-6.122297511776079,0.04011039949781625,-4.616020245848798,0.12046397517801222
00001412_000.png,1.0,0.0,36.14526274270814,0.8388712043850765,3.974450050553624,3.0917720794677734,0.09036820450686693,164.38243865966797,65.0925438923726,GOOD,3.1824289603048506,0.002081050804596164,176.77413972524712,164.3765106201172,0.0,0.0,0.0,UNACCEPTABLE,-32.962833782403294,-0.8367901535804803,-172.7996896746935,-0.09036820450686693,30.23032020753286,0.9305019331831625,7.852793370268028,3.934720039367676,0.022364496946736364,165.986065864563,63.69600730288411,ACCEPTABLE,-5.914942535175282,0.09163072879808609,-3.878343319714404,-0.06800370756013056
00001413_000.png,1.0,0.0,36.368784206136695,0.8634012132473936,3.873476898128408,2.8665075302124023,0.12552928290583834,111.57505321502686,68.29735954695438,GOOD,5.7974782060175585,0.04402782003570934,130.8176279826246,111.5372257232666,0.0,0.0,0.0,UNACCEPTABLE,-30.571306000119137,-0.8193733932116842,-126.9441510844962,-0.12552928290583834,28.330201360348006,0.837473072717583,9.773049814172037,6.036806106567383,0.09038330214672179,115.20035934448242,63.056032573939504,UNACCEPTABLE,-8.038582845788689,-0.025928140529810628,-5.899572916043629,-0.035145980759116555
00001413_001.png,1.0,0.0,36.613523956316584,0.8691492468918,3.7658583699324297,2.821211814880371,0.15604805934333585,108.49600028991699,68.68355107588567,GOOD,5.95930196705734,0.045248757262753174,128.4029738044698,108.46402263641357,0.0,0.0,0.0,UNACCEPTABLE,-30.654221989259245,-0.8239004896290468,-124.63711543453738,-0.15604805934333585,27.938461197468726,0.8372608263388648,10.223912419536541,6.152559280395508,0.045243132829820606,112.20439052581787,63.47131653673338,UNACCEPTABLE,-8.675062758847858,-0.03188842055293517,-6.458054049604112,-0.11080492651351524
00001414_000.png,1.0,0.0,36.056563387425996,0.8537829413399735,4.015244640341302,2.9214868545532227,0.11336143824430299,116.41562747955322,65.97543380235292,GOOD,5.60163147610257,0.061554199203304565,133.80076812101703,116.35295867919922,0.0,0.0,0.0,UNACCEPTABLE,-30.454931911323428,-0.7922287421366689,-129.78552348067572,-0.11336143824430299,28.963012983401764,0.8468472809927656,9.086351459024357,5.38746452331543,0.21264272593397543,119.53167152404785,61.28430546473588,UNACCEPTABLE,-7.093550404024231,-0.006935660347207828,-5.071106818683055,0.09928128768967244
00001415_000.png,1.0,0.0,34.67607303125328,0.8509262921002284,4.706916877338428,3.1686792373657227,0.14269078373429908,152.38150024414062,64.83432420502048,ACCEPTABLE,3.7503880218445196,0.004496973242450752,165.58491876697803,152.3285894393921,0.0,0.0,0.0,UNACCEPTABLE,-30.925685009408763,-0.8464293188577776,-160.87800188963962,-0.14269078373429908,31.776406051697602,0.9284884178086471,6.572337814773482,3.775815010070801,0.4639445850080089,154.2654037475586,62.740121855724375,ACCEPTABLE,-2.899666979555679,0.0775621257084187,-1.8654209374350534,0.32125380127370984
00001415_001.png,1.0,0.0,33.285442206176874,0.8499178832739173,5.524183166328879,3.2597904205322266,0.07199207552475666,150.1731939315796,66.12243438077122,ACCEPTABLE,3.827306912300301,0.003973405627853946,164.12503617425014,150.12754154205322,0.0,0.0,0.0,UNACCEPTABLE,-29.458135293876573,-0.8459444776460633,-158.60085300792127,-0.07199207552475666,30.888521553228436,0.9316028784685442,7.279710402230589,3.910712242126465,0.4507225849527007,152.20858001708984,63.98810105461458,ACCEPTABLE,-2.396920652948438,0.08168499519462691,-1.7555272359017096,0.378730509427944
00001415_002.png,1.0,0.0,35.65992980469538,0.8524139867379961,4.202848063708544,3.074875831604004,0.1423661908869066,115.20567226409912,63.83524386542529,GOOD,5.7388487744876295,0.030506458009819104,131.70362897173,115.16043663024902,0.0,0.0,0.0,UNACCEPTABLE,-29.921081030207752,-0.821907528728177,-127.50078090802147,-0.1423661908869066,29.76870397509403,0.8560408973539527,8.281423257418863,5.035264015197754,0.16913824218476312,117.79059505462646,60.025763992175094,UNACCEPTABLE,-5.89122582960135,0.0036269106159566578,-4.07857519371032,0.02677205129785651
00001415_003.png,1.0,0.0,36.670236579842644,0.8678763248166724,3.741350116097549,2.746556282043457,0.07405967091393946,98.50214195251465,76.46200803174179,GOOD,6.212225225664142,0.09023457998224979,124.71793720589372,98.45141506195068,0.0,0.0,0.0,UNACCEPTABLE,-30.458011354178502,-0.7776417448344226,-120.97658708979617,-0.07405967091393946,26.309990222588702,0.7705816462446202,12.332203121636985,8.110337257385254,0.04369834318455132,104.52194786071777,69.95452716465512,UNACCEPTABLE,-10.360246357253942,-0.0972946785720522,-8.590853005539437,-0.03036132772938814
00001416_000.png,1.0,0.0,36.262158344918504,0.8448506686783724,3.921319808265616,3.0643653869628906,0.11764949175322408,162.07031536102295,44.691333703174735,GOOD,3.620287366042268,0.0010797230374583826,168.0837822714115,162.05764865875244,0.0,0.0,0.0,UNACCEPTABLE,-32.641870978876234,-0.843770945640914,-164.16246246314589,-0.11764949175322408,32.84819088912831,0.9393790405333801,5.809391379987372,2.7126665115356445,0.06855891868863666,161.92235374450684,43.62666632628398,ACCEPTABLE,-3.4139674557901927,0.09452837185500762,-1.8880715717217558,-0.04909057306458742
00001416_001.png,1.0,0.0,35.12962300977107,0.8394050064066805,4.467443101688178,3.158559799194336,0.04593700928331173,141.9995517730713,48.58347161111843,GOOD,4.601560779753443,0.008442850233540291,150.12815295234824,142.0098056793213,0.0,0.0,0.0,UNACCEPTABLE,-30.528062230017632,-0.8309621561731402,-145.66070985066006,-0.04593700928331173,29.539291618833353,0.901797637456541,8.503066968176565,4.0250139236450195,-0.05639357085928802,142.2822141647339,44.477691409181,UNACCEPTABLE,-5.59033139093772,0.06239263104986048,-4.035623866488387,-0.10233058014259974
00001416_002.png,1.0,0.0,35.792730211840514,0.8357303682449647,4.139078564034866,3.1906299591064453,0.05452273373716947,156.9008378982544,45.27165909571775,GOOD,3.870567317732254,0.0011659779271402427,163.30963740447723,156.91100978851318,0.0,0.0,0.0,UNACCEPTABLE,-31.92216289410826,-0.8345643903178245,-159.17055884044237,-0.05452273373716947,32.854255266102214,0.9274432593488381,5.805336752889803,2.9266414642333984,0.035831228120033656,156.8504762649536,44.06410819964269,ACCEPTABLE,-2.9384749457382995,0.09171289110387337,-1.666258188854937,-0.018691505617135812
00001416_003.png,1.0,0.0,36.151068814097286,0.8468368591212996,3.9717942224387643,3.0794553756713867,0.10616074974140313,156.64558601379395,44.623312323900954,GOOD,3.8945415447729745,0.0006341001942539315,162.85950227900992,156.64578533172607,0.0,0.0,0.0,UNACCEPTABLE,-32.25652726932431,-0.8462027589270457,-158.88770805657114,-0.10616074974140313,31.798806727470726,0.9335979551053155,6.555409770177898,2.961672782897949,0.03025047074121263,156.51966857910156,43.15354998667734,ACCEPTABLE,-4.35226208662656,0.08676109598401593,-2.583615547739134,-0.0759102790001905
00001417_000.png,1.0,0.0,37.088132454778496,0.866257559720943,3.5656076897243594,2.621999740600586,0.128575398351008,98.61566925048828,73.10398747197358,GOOD,6.350584774174283,0.15327102811346038,122.74701559630309,98.48672294616699,0.0,0.0,0.0,UNACCEPTABLE,-30.737547680604212,-0.7129865316074826,-119.18140790657873,-0.128575398351008,26.713184741245158,0.7646805466122808,11.77283191199243,7.583984375,0.04628567662839291,104.4030704498291,66.74317627416953,UNACCEPTABLE,-10.374947713533338,-0.10157701310866218,-8.20722422226807,-0.08228972172261509
00001418_000.png,1.0,0.0,35.423140436807905,0.8520596347551074,4.318999547966741,3.166158676147461,0.11979094115284973,120.51144123077393,55.73882421805208,GOOD,5.6662909635330205,0.0037733249961504596,132.80842680665202,120.49572277069092,0.0,0.0,0.0,UNACCEPTABLE,-29.756849473274883,-0.8482863097589569,-128.48942725868528,-0.11979094115284973,30.02059065461848,0.8892385785136161,8.044714717323274,4.369976997375488,0.07927884873218219,121.98645210266113,52.91864825150131,ACCEPTABLE,-5.402549782189425,0.03717894375850872,-3.7257151693565325,-0.04051209242066754
00001419_000.png,1.0,0.0,32.644138979201905,0.8339259784305612,5.947483303051442,3.5434389114379883,0.10641702974089552,164.6818380355835,52.81359846573035,ACCEPTABLE,3.3725289133337073,0.0008919795685437467,172.94727946576486,164.59149932861328,0.0,0.0,0.0,UNACCEPTABLE,-29.2716100658682,-0.8330339988620175,-166.99979616271344,-0.10641702974089552,31.576259774606918,0.9262517076406482,6.725540491102625,3.355550765991211,0.4513118346138772,165.6011905670166,51.54094325031895,ACCEPTABLE,-1.0678792045949876,0.09232572921008708,-0.7780571880511831,0.3448948048729817
00001420_000.png,1.0,0.0,36.05799325901237,0.8402013457951071,4.014583704971009,3.1194992065429688,0.09493534494019977,157.94071006774902,43.927690064120846,GOOD,3.8375494531688497,0.001064896683453252,163.9316113570936,157.94574737548828,0.0,0.0,0.0,UNACCEPTABLE,-32.22044380584352,-0.8391364491116539,-159.91702765212258,-0.09493534494019977,31.870512830068254,0.9323218424912817,6.501514551801384,3.037841796875,0.0501076624203525,157.63265419006348,41.99061007288249,ACCEPTABLE,-4.1874804289441165,0.09212049669617461,-2.4869308468303757,-0.04482768251984727
00001421_000.png,1.0,0.0,32.451025171718534,0.8227267822183373,6.081194889332479,3.5537500381469727,0.014596116785414472,172.00636291503906,57.78822989712799,ACCEPTABLE,2.959244258558406,0.00035077837883102395,181.3752263815037,171.8844175338745,0.0,0.0,0.0,UNACCEPTABLE,-29.491780913160127,-0.8223760038395063,-175.29403149217123,-0.014596116785414472,33.94832982102985,0.9341829560496908,5.118275860076926,3.3062562942504883,0.6293521607736128,173.20111083984375,57.81051478711583,ACCEPTABLE,1.4973046493113173,0.11145617383135353,0.962919029255553,0.6147560439881983
00001421_001.png,1.0,0.0,35.54484443779169,0.8265950138544176,4.258905057108156,3.1880064010620117,0.05543065153682063,149.1343059539795,66.69926082719451,GOOD,3.8681493744154913,0.0269553260767006,163.3551052183143,149.10147380828857,0.0,0.0,0.0,UNACCEPTABLE,-31.676695063376197,-0.799639687777717,-159.09620016120613,-0.05543065153682063,30.16064127492183,0.8838921118952306,7.916042490663454,4.225301742553711,0.19909696314774572,150.8987855911255,64.07322646996026,ACCEPTABLE,-5.384203162869859,0.057297098040813066,-3.657137433555298,0.14366631161092508
00001422_000.png,1.0,0.0,36.14560754750925,0.8376135610691514,3.974292279465569,3.0924768447875977,0.07596023787754724,158.88268375396729,48.28429535423016,GOOD,3.7269402215133947,0.0009887220644926944,166.0325237435683,158.87064933776855,0.0,0.0,0.0,UNACCEPTABLE,-32.418667325995855,-0.8366248390046587,-162.05823146410273,-0.07596023787754724,32.56815758811814,0.9405041023678016,5.999738210689009,2.809284210205078,0.03929621505964391,159.03766441345215,47.09762302646918,ACCEPTABLE,-3.57744995939111,0.10289054129865016,-2.02544593122344,-0.03666402281790333
00001423_000.png,1.0,0.0,36.135299098590394,0.8548107374038277,3.9790117856119833,2.9945526123046875,0.12550915004144012,152.58280181884766,54.45289643568787,GOOD,3.9417659014236532,0.0036438805366620156,161.9764533414433,152.5646209716797,0.0,0.0,0.0,UNACCEPTABLE,-32.193533197166744,-0.8511668568671658,-157.9974415558313,-0.12550915004144012,31.06360588214973,0.9353752573427719,7.134439940789872,3.32199764251709,0.04294924360920879,153.20099353790283,51.82875783525246,ACCEPTABLE,-5.071693216440664,0.0805645199389442,-3.155428155177889,-0.08255990643223132
00001423_001.png,1.0,0.0,33.543828170496134,0.841700953256277,5.362271163077002,3.2261905670166016,0.11005614119978874,152.53149509429932,67.71214002256536,ACCEPTABLE,3.6821283464081436,0.06163958902505475,166.89132517137486,152.40743732452393,0.0,0.0,0.0,UNACCEPTABLE,-29.861699824087992,-0.7800613642312223,-161.52905400829786,-0.11005614119978874,29.070998643607826,0.8745013231956885,8.974086436580373,4.84343147277832,0.3989534332655376,155.17578029632568,63.014374132756615,UNACCEPTABLE,-4.472829526888308,0.03280036993941149,-3.611815273503371,0.2888972920657489
00001424_000.png,1.0,0.0,34.55685691089655,0.8515372376831863,4.771965936320156,3.14376163482666,0.3387308408035613,153.7541160583496,64.8446524627398,ACCEPTABLE,3.68228580180282,0.009538784230628016,166.88829983921087,153.71943759918213,0.0,0.0,0.0,UNACCEPTABLE,-30.87457110909373,-0.8419984534525583,-162.11633390289072,-0.3387308408035613,30.970953528506495,0.9335990283405282,7.210950328612979,3.697561264038086,0.3644082590263756,155.5811643600464,62.46018698327516,ACCEPTABLE,-3.585903382390054,0.08206179065734187,-2.4389843922928227,0.025677418222814274
00001425_000.png,1.0,0.0,35.84206331202586,0.840269853010502,4.115636544294683,3.076592445373535,0.06618999011097974,127.09550762176514,68.41967934522869,GOOD,4.94213478646015,0.05752281433695175,144.3555351644267,127.0495662689209,0.0,0.0,0.0,UNACCEPTABLE,-30.899928525565706,-0.7827470386735503,-140.239898620132,-0.06618999011097974,28.84406024847582,0.8482273209415235,9.211644476370406,5.261670112609863,0.0842888998740147,129.90844440460205,64.39255280963732,UNACCEPTABLE,-6.998003063550037,0.007957467931021478,-5.096007932075723,0.01809890976303495
00001426_000.png,1.0,0.0,32.91731313482564,0.8284245853080172,5.763343752573427,3.4739303588867188,0.06407313150644042,174.31129264831543,62.0144776831634,ACCEPTABLE,2.786510185477341,0.015347044175959175,185.0182935845879,174.22929000854492,0.0,0.0,0.0,UNACCEPTABLE,-30.1308029493483,-0.813077541132058,-179.25494983201446,-0.06407313150644042,31.189073996500163,0.9205641310689474,7.032123358845534,3.9799318313598633,0.5206582223995132,176.2677183151245,60.168794478802276,ACCEPTABLE,-1.7282391383254776,0.0921395457609302,-1.2687796062721075,0.45658509089307275
00001426_001.png,1.0,0.0,36.913043877658716,0.8587346653944451,3.6382118708323503,2.6797046661376953,0.16992164369621243,108.78435897827148,72.7172765782683,GOOD,5.79639389667228,0.1561307756462867,130.8339597156538,108.63900375366211,0.0,0.0,0.0,UNACCEPTABLE,-31.116649980986438,-0.7026038897481584,-127.19574784482145,-0.16992164369621243,27.01674387948557,0.7643768554229277,11.368495297003609,7.149650573730469,0.07652454505740512,113.93321228027344,66.12856455263284,UNACCEPTABLE,-9.896299998173145,-0.09435780997151744,-7.730283426171258,-0.09339709863880731
00001427_000.png,1.0,0.0,34.09756005145671,0.8474407930433927,5.031091059668011,3.2484331130981445,0.04613628991511043,153.97154426574707,60.73828722388325,ACCEPTABLE,3.7564016002631915,0.001540614939810298,165.47031757883775,153.89235019683838,0.0,0.0,0.0,UNACCEPTABLE,-30.341158451193518,-0.8459001781035824,-160.43922651916975,-0.04613628991511043,33.282478248617146,0.9332670105071965,5.526068550449549,3.443035125732422,0.5477210387128595,155.05480098724365,58.652731739395215,ACCEPTABLE,-0.8150818028395648,0.08582621746380381,-0.49497749078153763,0.5015847487977491
00001428_000.png,1.0,0.0,36.54693346824319,0.859885458692549,3.7948403263803034,2.9757299423217773,0.16352184794130828,154.10248279571533,51.129984289475864,GOOD,3.9234414527695676,0.0005963950889676262,162.31853255620553,154.089017868042,0.0,0.0,0.0,UNACCEPTABLE,-32.62349201547362,-0.8592890636035814,-158.52369222982523,-0.16352184794130828,31.874415719627414,0.9370116898947745,6.498593838520127,3.051881790161133,0.047920033507599595,154.43634796142578,49.5760796896182,ACCEPTABLE,-4.672517748615775,0.0771262312022255,-2.7037535121398233,-0.11560181443370868
00001429_000.png,1.0,0.0,36.06481455710297,0.8790900326299548,4.011432165738904,2.897078514099121,0.11894999980252956,88.21705341339111,66.36527724307564,GOOD,7.26291411276306,0.04163547266253823,110.5081923110492,88.20920944213867,0.0,0.0,0.0,UNACCEPTABLE,-28.80190044433991,-0.8374545599674166,-106.49676014531029,-0.11894999980252956,27.01062541787425,0.7960905338887032,11.376506244576396,7.875444412231445,0.039411817513425484,93.6804256439209,60.341076004090276,UNACCEPTABLE,-9.054189139228718,-0.08299949874125157,-7.365074078837492,-0.07953818228910407
