source_path,saved_path,dataset,filename,status,resolution,scale_factor,patches_count,latency_ms,psnr_bicubic_db,mse_bicubic,rmse_bicubic,ssim_bicubic,msssim_bicubic,lpips_bicubic,niqe_bicubic,psnr_fpga_db,mse_fpga,rmse_fpga,ssim_fpga,msssim_fpga,lpips_fpga,lpips,lpips_srgan,niqe_fpga,mean_fpga,std_fpga,mean,std,epi,psnr_model_db,ssim_model,mse_model,rmse_model,psnr_gain_db,msssim_gain,lpips_gain,niqe_gain
/kaggle/input/datasets/duc24kdl/sub-x-ray/sub_X-Ray/sub_NIH/00000001_002.png,,sub_NIH,00000001_002.png,ok,512x512 -> 1024x1024,2,1,9.89,37.7985,10.795194,3.285604,0.9879,0.9985,0.0515,6.4592,36.311,15.204674,3.899317,0.9787,0.9964,0.1687,0.1687,0.1687,7.9544,167.0168,68.1115,167.0168,68.1115,0.1409,36.311,0.9787,15.204674,3.899317,-1.4875,-0.0021,-0.1172,-1.4953
/kaggle/input/datasets/duc24kdl/sub-x-ray/sub_X-Ray/sub_NIH/00000002_000.png,,sub_NIH,00000002_000.png,ok,512x512 -> 1024x1024,2,1,6.1,45.26,1.936776,1.391681,0.982,0.998,0.0671,6.7641,40.9941,5.172152,2.274237,0.9661,0.9944,0.2252,0.2252,0.2252,7.8106,179.9945,47.7627,179.9945,47.7627,0.0682,40.9941,0.9661,5.172152,2.274237,-4.2659,-0.0037,-0.1581,-1.0465
/kaggle/input/datasets/duc24kdl/sub-x-ray/sub_X-Ray/sub_NIH/00000003_003.png,,sub_NIH,00000003_003.png,ok,512x512 -> 1024x1024,2,1,5.47,38.6789,8.814395,2.968905,0.961,0.9965,0.1455,6.6467,35.0438,20.356485,4.511816,0.9412,0.9917,0.3184,0.3184,0.3184,7.4866,138.7148,67.8049,138.7148,67.8049,0.1387,35.0438,0.9412,20.356485,4.511816,-3.6351,-0.0048,-0.1729,-0.84
/kaggle/input/datasets/duc24kdl/sub-x-ray/sub_X-Ray/sub_NIH/00000003_006.png,,sub_NIH,00000003_006.png,ok,512x512 -> 1024x1024,2,1,4.76,41.5393,4.561945,2.135871,0.9675,0.997,0.1187,6.3813,38.1102,10.047609,3.169796,0.9488,0.9927,0.2633,0.2633,0.2633,7.7164,108.4816,75.79,108.4816,75.79,0.1209,38.1102,0.9488,10.047609,3.169796,-3.4291,-0.0043,-0.1446,-1.3352
/kaggle/input/datasets/duc24kdl/sub-x-ray/sub_X-Ray/sub_NIH/00000005_000.png,,sub_NIH,00000005_000.png,ok,512x512 -> 1024x1024,2,1,4.75,36.9756,13.047206,3.612092,0.9862,0.9984,0.0559,6.2528,33.9943,25.920627,5.09123,0.9747,0.9958,0.1936,0.1936,0.1936,7.979,170.1898,61.298,170.1898,61.298,0.228,33.9943,0.9747,25.920627,5.09123,-2.9813,-0.0026,-0.1377,-1.7262
/kaggle/input/datasets/duc24kdl/sub-x-ray/sub_X-Ray/sub_NIH/00000011_000.png,,sub_NIH,00000011_000.png,ok,512x512 -> 1024x1024,2,1,4.73,41.8782,4.219494,2.054141,0.9538,0.9959,0.1661,6.8442,39.1207,7.961802,2.821667,0.9326,0.9908,0.3937,0.3937,0.3937,8.0441,122.2176,65.6315,122.2176,65.6315,0.0772,39.1207,0.9326,7.961802,2.821667,-2.7575,-0.005,-0.2276,-1.1998
/kaggle/input/datasets/duc24kdl/sub-x-ray/sub_X-Ray/sub_NIH/00000011_001.png,,sub_NIH,00000011_001.png,ok,512x512 -> 1024x1024,2,1,4.76,37.7921,10.81121,3.28804,0.9855,0.9983,0.0636,6.9561,36.5005,14.555633,3.815185,0.9756,0.9962,0.2,0.2,0.2,8.2114,172.5698,61.4996,172.5698,61.4996,0.1628,36.5005,0.9756,14.555633,3.815185,-1.2916,-0.0021,-0.1364,-1.2553
/kaggle/input/datasets/duc24kdl/sub-x-ray/sub_X-Ray/sub_NIH/00000011_002.png,,sub_NIH,00000011_002.png,ok,512x512 -> 1024x1024,2,1,4.77,42.1792,3.936918,1.984167,0.9603,0.9965,0.1539,6.9713,38.7767,8.618171,2.935672,0.9416,0.9921,0.3701,0.3701,0.3701,8.3687,123.0832,65.662,123.0832,65.662,0.0778,38.7767,0.9416,8.618171,2.935672,-3.4026,-0.0043,-0.2163,-1.3974
/kaggle/input/datasets/duc24kdl/sub-x-ray/sub_X-Ray/sub_NIH/00000011_008.png,,sub_NIH,00000011_008.png,ok,512x512 -> 1024x1024,2,1,4.74,42.4984,3.657941,1.912574,0.9635,0.9968,0.1493,6.9928,39.2342,7.756463,2.785043,0.9456,0.9927,0.3556,0.3556,0.3556,8.3698,121.4719,67.5534,121.4719,67.5534,0.0882,39.2342,0.9456,7.756463,2.785043,-3.2643,-0.004,-0.2063,-1.3769
/kaggle/input/datasets/duc24kdl/sub-x-ray/sub_X-Ray/sub_NIH/00000013_008.png,,sub_NIH,00000013_008.png,ok,512x512 -> 1024x1024,2,1,4.73,37.2449,12.262752,3.501821,0.9683,0.9969,0.1189,6.2448,33.8413,26.850102,5.181708,0.939,0.9902,0.2992,0.2992,0.2992,7.1217,132.725,60.7788,132.725,60.7788,0.1759,33.8413,0.939,26.850102,5.181708,-3.4036,-0.0068,-0.1803,-0.8769
/kaggle/input/datasets/duc24kdl/sub-x-ray/sub_X-Ray/sub_NIH/00000013_010.png,,sub_NIH,00000013_010.png,ok,512x512 -> 1024x1024,2,1,4.75,37.1525,12.526658,3.539302,0.9673,0.9969,0.1197,6.3905,33.5896,28.452659,5.334103,0.9353,0.9894,0.299,0.299,0.299,6.9701,112.2229,56.2124,112.2229,56.2124,0.1564,33.5896,0.9353,28.452659,5.334103,-3.5629,-0.0075,-0.1794,-0.5796
/kaggle/input/datasets/duc24kdl/sub-x-ray/sub_X-Ray/sub_NIH/00000013_012.png,,sub_NIH,00000013_012.png,ok,512x512 -> 1024x1024,2,1,4.74,37.6838,11.084048,3.329271,0.9671,0.9968,0.1181,6.2972,34.4088,23.561625,4.854032,0.9364,0.9897,0.3016,0.3016,0.3016,7.313,116.6021,56.0164,116.6021,56.0164,0.1867,34.4088,0.9364,23.561625,4.854032,-3.2751,-0.0072,-0.1835,-1.0158
/kaggle/input/datasets/duc24kdl/sub-x-ray/sub_X-Ray/sub_NIH/00000013_014.png,,sub_NIH,00000013_014.png,ok,512x512 -> 1024x1024,2,1,4.79,44.7205,2.192935,1.480856,0.9756,0.9974,0.0911,6.7136,41.5973,4.501428,2.121657,0.9602,0.9933,0.263,0.263,0.263,7.3132,112.0074,29.4347,112.0074,29.4347,0.114,41.5973,0.9602,4.501428,2.121657,-3.1232,-0.0041,-0.1719,-0.5996
/kaggle/input/datasets/duc24kdl/sub-x-ray/sub_X-Ray/sub_NIH/00000013_015.png,,sub_NIH,00000013_015.png,ok,512x512 -> 1024x1024,2,1,4.75,44.7679,2.16917,1.47281,0.9774,0.9975,0.083,6.4632,41.6616,4.43531,2.106018,0.9633,0.9937,0.2549,0.2549,0.2549,7.2846,111.8163,29.8264,111.8163,29.8264,0.0864,41.6616,0.9633,4.43531,2.106018,-3.1063,-0.0038,-0.1719,-0.8214
/kaggle/input/datasets/duc24kdl/sub-x-ray/sub_X-Ray/sub_NIH/00000013_017.png,,sub_NIH,00000013_017.png,ok,512x512 -> 1024x1024,2,1,4.75,44.0812,2.540718,1.593963,0.9775,0.9976,0.0835,6.7561,40.9199,5.261239,2.293739,0.9629,0.9937,0.2484,0.2484,0.2484,7.4393,110.2472,33.1298,110.2472,33.1298,0.0978,40.9199,0.9629,5.261239,2.293739,-3.1613,-0.0039,-0.1649,-0.6832
/kaggle/input/datasets/duc24kdl/sub-x-ray/sub_X-Ray/sub_NIH/00000013_022.png,,sub_NIH,00000013_022.png,ok,512x512 -> 1024x1024,2,1,4.75,40.2026,6.20613,2.491211,0.9619,0.9966,0.1256,6.136,37.1574,12.512264,3.537268,0.9378,0.9911,0.2911,0.2911,0.2911,7.1984,101.5385,67.1101,101.5385,67.1101,0.1305,37.1574,0.9378,12.512264,3.537268,-3.0452,-0.0055,-0.1655,-1.0625
/kaggle/input/datasets/duc24kdl/sub-x-ray/sub_X-Ray/sub_NIH/00000013_023.png,,sub_NIH,00000013_023.png,ok,512x512 -> 1024x1024,2,1,4.73,36.9847,13.019915,3.608312,0.9818,0.9979,0.0871,6.7905,34.3886,23.671373,4.865324,0.9708,0.995,0.2602,0.2602,0.2602,7.3298,115.8354,46.5385,115.8354,46.5385,0.1794,34.3886,0.9708,23.671373,4.865324,-2.5962,-0.0029,-0.1731,-0.5393
/kaggle/input/datasets/duc24kdl/sub-x-ray/sub_X-Ray/sub_NIH/00000013_027.png,,sub_NIH,00000013_027.png,ok,512x512 -> 1024x1024,2,1,4.73,38.2801,9.662133,3.108397,0.9834,0.9981,0.0778,7.1204,35.5774,18.002622,4.24295,0.9722,0.9954,0.2458,0.2458,0.2458,7.7307,117.0475,47.7086,117.0475,47.7086,0.1594,35.5774,0.9722,18.002622,4.24295,-2.7026,-0.0027,-0.168,-0.6103
/kaggle/input/datasets/duc24kdl/sub-x-ray/sub_X-Ray/sub_NIH/00000013_037.png,,sub_NIH,00000013_037.png,ok,512x512 -> 1024x1024,2,1,4.73,39.9512,6.576023,2.564376,0.9617,0.9965,0.1292,5.7507,36.9609,13.091449,3.618211,0.9351,0.9903,0.2971,0.2971,0.2971,7.0359,101.9827,67.9488,101.9827,67.9488,0.1259,36.9609,0.9351,13.091449,3.618211,-2.9902,-0.0062,-0.168,-1.2852
/kaggle/input/datasets/duc24kdl/sub-x-ray/sub_X-Ray/sub_NIH/00000013_039.png,,sub_NIH,00000013_039.png,ok,512x512 -> 1024x1024,2,1,4.73,40.0654,6.40529,2.530868,0.9631,0.9966,0.122,5.7283,37.0907,12.705995,3.564547,0.9389,0.991,0.2877,0.2877,0.2877,7.0078,97.8431,66.4644,97.8431,66.4644,0.1322,37.0907,0.9389,12.705995,3.564547,-2.9747,-0.0056,-0.1657,-1.2794
/kaggle/input/datasets/duc24kdl/sub-x-ray/sub_X-Ray/sub_NIH/00000013_040.png,,sub_NIH,00000013_040.png,ok,512x512 -> 1024x1024,2,1,4.75,40.3315,6.024574,2.454501,0.9553,0.9959,0.1469,5.773,36.8433,13.450776,3.66753,0.9268,0.9891,0.3348,0.3348,0.3348,7.1225,111.4491,64.2479,111.4491,64.2479,0.107,36.8433,0.9268,13.450776,3.66753,-3.4882,-0.0068,-0.1879,-1.3495
/kaggle/input/datasets/duc24kdl/sub-x-ray/sub_X-Ray/sub_NIH/00000018_000.png,,sub_NIH,00000018_000.png,ok,512x512 -> 1024x1024,2,1,4.75,37.1618,12.499819,3.535508,0.9863,0.9984,0.0597,6.6845,35.9337,16.58494,4.072461,0.9775,0.9963,0.1957,0.1957,0.1957,7.7925,172.2671,58.8503,172.2671,58.8503,0.1336,35.9337,0.9775,16.58494,4.072461,-1.2281,-0.0021,-0.136,-1.108
/kaggle/input/datasets/duc24kdl/sub-x-ray/sub_X-Ray/sub_NIH/00000019_000.png,,sub_NIH,00000019_000.png,ok,512x512 -> 1024x1024,2,1,4.73,41.5117,4.591062,2.142676,0.9627,0.9966,0.1311,6.2173,38.2402,9.751341,3.122714,0.9419,0.9916,0.2913,0.2913,0.2913,7.9024,120.3255,66.114,120.3255,66.114,0.1151,38.2402,0.9419,9.751341,3.122714,-3.2715,-0.005,-0.1602,-1.6851
/kaggle/input/datasets/duc24kdl/sub-x-ray/sub_X-Ray/sub_NIH/00000020_000.png,,sub_NIH,00000020_000.png,ok,512x512 -> 1024x1024,2,1,4.75,41.1903,4.94372,2.223448,0.9634,0.9968,0.121,6.1922,38.4035,9.391385,3.064537,0.9419,0.9919,0.2752,0.2752,0.2752,7.4399,105.1148,75.6219,105.1148,75.6219,0.1303,38.4035,0.9419,9.391385,3.064537,-2.7868,-0.0048,-0.1542,-1.2477
/kaggle/input/datasets/duc24kdl/sub-x-ray/sub_X-Ray/sub_NIH/00000020_001.png,,sub_NIH,00000020_001.png,ok,512x512 -> 1024x1024,2,1,4.75,41.3693,4.744038,2.178081,0.9619,0.9966,0.1255,6.1988,37.7725,10.859896,3.295436,0.9391,0.9916,0.2769,0.2769,0.2769,7.867,103.2878,75.4232,103.2878,75.4232,0.0617,37.7725,0.9391,10.859896,3.295436,-3.5968,-0.0051,-0.1515,-1.6683
/kaggle/input/datasets/duc24kdl/sub-x-ray/sub_X-Ray/sub_NIH/00000021_001.png,,sub_NIH,00000021_001.png,ok,512x512 -> 1024x1024,2,1,4.73,36.8577,13.406206,3.661449,0.9778,0.9977,0.0916,6.3985,34.9808,20.653884,4.544654,0.9593,0.9934,0.2451,0.2451,0.2451,7.3556,160.9392,59.7009,160.9392,59.7009,0.1519,34.9808,0.9593,20.653884,4.544654,-1.877,-0.0043,-0.1535,-0.9571
/kaggle/input/datasets/duc24kdl/sub-x-ray/sub_X-Ray/sub_NIH/00000022_000.png,,sub_NIH,00000022_000.png,ok,512x512 -> 1024x1024,2,1,4.74,44.4525,2.332532,1.527263,0.9851,0.9983,0.0736,6.8739,40.9875,5.18,2.275961,0.9697,0.9949,0.2439,0.2439,0.2439,8.0306,165.4456,41.253,165.4456,41.253,0.3873,40.9875,0.9697,5.18,2.275961,-3.465,-0.0034,-0.1703,-1.1567
/kaggle/input/datasets/duc24kdl/sub-x-ray/sub_X-Ray/sub_NIH/00000028_000.png,,sub_NIH,00000028_000.png,ok,512x512 -> 1024x1024,2,1,4.74,37.923,10.490079,3.238839,0.9834,0.9982,0.0639,6.7239,36.4762,14.637151,3.825853,0.9714,0.9954,0.2049,0.2049,0.2049,7.4668,165.9942,52.8567,165.9942,52.8567,0.1478,36.4762,0.9714,14.637151,3.825853,-1.4468,-0.0028,-0.141,-0.7429
/kaggle/input/datasets/duc24kdl/sub-x-ray/sub_X-Ray/sub_NIH/00000032_011.png,,sub_NIH,00000032_011.png,ok,512x512 -> 1024x1024,2,1,4.73,37.9312,10.470387,3.235798,0.976,0.9976,0.1122,7.3121,36.4204,14.826602,3.850533,0.9657,0.9949,0.2728,0.2728,0.2728,7.6717,157.3668,51.6991,157.3668,51.6991,0.1361,36.4204,0.9657,14.826602,3.850533,-1.5108,-0.0027,-0.1606,-0.3596
/kaggle/input/datasets/duc24kdl/sub-x-ray/sub_X-Ray/sub_NIH/00000032_015.png,,sub_NIH,00000032_015.png,ok,512x512 -> 1024x1024,2,1,4.74,38.2981,9.622059,3.101944,0.9853,0.9983,0.0609,7.2204,36.5145,14.508848,3.809048,0.9787,0.9967,0.1855,0.1855,0.1855,7.7349,158.2041,56.0731,158.2041,56.0731,0.1434,36.5145,0.9787,14.508848,3.809048,-1.7836,-0.0015,-0.1246,-0.5145
/kaggle/input/datasets/duc24kdl/sub-x-ray/sub_X-Ray/sub_NIH/00000032_019.png,,sub_NIH,00000032_019.png,ok,512x512 -> 1024x1024,2,1,4.73,38.5842,9.00858,3.00143,0.9881,0.9985,0.0506,8.2682,37.2732,12.183158,3.490438,0.9845,0.9975,0.1658,0.1658,0.1658,8.0197,153.9551,59.3796,153.9551,59.3796,0.1488,37.2732,0.9845,12.183158,3.490438,-1.311,-0.0009,-0.1152,0.2485
/kaggle/input/datasets/duc24kdl/sub-x-ray/sub_X-Ray/sub_NIH/00000032_023.png,,sub_NIH,00000032_023.png,ok,512x512 -> 1024x1024,2,1,4.77,38.4588,9.272629,3.045099,0.9867,0.9984,0.0566,7.6145,36.8376,13.468649,3.669966,0.9813,0.997,0.182,0.182,0.182,8.0213,151.7884,60.7822,151.7884,60.7822,0.1482,36.8376,0.9813,13.468649,3.669966,-1.6212,-0.0014,-0.1254,-0.4068
/kaggle/input/datasets/duc24kdl/sub-x-ray/sub_X-Ray/sub_NIH/00000032_024.png,,sub_NIH,00000032_024.png,ok,512x512 -> 1024x1024,2,1,4.75,48.1301,1.000151,1.000075,0.9899,0.9986,0.0385,9.5266,43.7369,2.75038,1.658427,0.9861,0.9978,0.1545,0.1545,0.1545,9.4935,168.1649,49.8442,168.1649,49.8442,0.1022,43.7369,0.9861,2.75038,1.658427,-4.3933,-0.0008,-0.1159,0.0331
/kaggle/input/datasets/duc24kdl/sub-x-ray/sub_X-Ray/sub_NIH/00000032_031.png,,sub_NIH,00000032_031.png,ok,512x512 -> 1024x1024,2,1,4.72,39.0799,8.036907,2.834944,0.99,0.9986,0.0552,8.8137,37.5591,11.407052,3.377433,0.9876,0.998,0.1865,0.1865,0.1865,8.7623,155.904,44.754,155.904,44.754,0.1299,37.5591,0.9876,11.407052,3.377433,-1.5208,-0.0006,-0.1314,0.0514
/kaggle/input/datasets/duc24kdl/sub-x-ray/sub_X-Ray/sub_NIH/00000032_035.png,,sub_NIH,00000032_035.png,ok,512x512 -> 1024x1024,2,1,4.76,40.2591,6.125967,2.475069,0.9815,0.998,0.0982,7.8902,38.5214,9.139927,3.023231,0.9749,0.9962,0.285,0.285,0.285,8.133,116.627,53.1131,116.627,53.1131,0.1148,38.5214,0.9749,9.139927,3.023231,-1.7377,-0.0018,-0.1868,-0.2428
/kaggle/input/datasets/duc24kdl/sub-x-ray/sub_X-Ray/sub_NIH/00000032_040.png,,sub_NIH,00000032_040.png,ok,512x512 -> 1024x1024,2,1,4.73,38.2832,9.655118,3.107269,0.9871,0.9984,0.0592,7.6153,36.646,14.076025,3.751803,0.9811,0.997,0.1911,0.1911,0.1911,7.9246,158.6532,49.9277,158.6532,49.9277,0.1535,36.646,0.9811,14.076025,3.751803,-1.6372,-0.0013,-0.1319,-0.3092
/kaggle/input/datasets/duc24kdl/sub-x-ray/sub_X-Ray/sub_NIH/00000032_047.png,,sub_NIH,00000032_047.png,ok,512x512 -> 1024x1024,2,1,4.77,39.1454,7.916674,2.813659,0.9851,0.9983,0.0792,7.6292,37.713,11.009849,3.318109,0.9783,0.9965,0.2428,0.2428,0.2428,8.1256,116.0913,52.9702,116.0913,52.9702,0.131,37.713,0.9783,11.009849,3.318109,-1.4324,-0.0017,-0.1637,-0.4964
/kaggle/input/datasets/duc24kdl/sub-x-ray/sub_X-Ray/sub_NIH/00000032_050.png,,sub_NIH,00000032_050.png,ok,512x512 -> 1024x1024,2,1,4.76,40.4266,5.894179,2.427793,0.9836,0.9981,0.0834,7.521,38.5782,9.021044,3.003505,0.9753,0.996,0.2512,0.2512,0.2512,7.6384,112.6483,59.4578,112.6483,59.4578,0.1367,38.5782,0.9753,9.021044,3.003505,-1.8483,-0.0022,-0.1678,-0.1174
/kaggle/input/datasets/duc24kdl/sub-x-ray/sub_X-Ray/sub_NIH/00000035_000.png,,sub_NIH,00000035_000.png,ok,512x512 -> 1024x1024,2,1,4.75,42.0611,4.04548,2.011338,0.9656,0.9969,0.123,6.2264,38.3297,9.552339,3.090686,0.9445,0.9922,0.2923,0.2923,0.2923,7.915,109.624,70.0902,109.624,70.0902,0.0842,38.3297,0.9445,9.552339,3.090686,-3.7314,-0.0047,-0.1693,-1.6885
/kaggle/input/datasets/duc24kdl/sub-x-ray/sub_X-Ray/sub_NIH/00000036_000.png,,sub_NIH,00000036_000.png,ok,512x512 -> 1024x1024,2,1,4.74,41.7067,4.389438,2.095099,0.9628,0.9967,0.1361,6.6928,38.8779,8.419672,2.901667,0.9426,0.9921,0.3206,0.3206,0.3206,7.9863,116.7409,70.2798,116.7409,70.2798,0.0828,38.8779,0.9426,8.419672,2.901667,-2.8289,-0.0046,-0.1845,-1.2935
/kaggle/input/datasets/duc24kdl/sub-x-ray/sub_X-Ray/sub_NIH/00000040_003.png,,sub_NIH,00000040_003.png,ok,512x512 -> 1024x1024,2,1,4.75,36.1405,15.813739,3.976649,0.9825,0.9981,0.076,6.4847,34.8823,21.12762,4.596479,0.969,0.995,0.2274,0.2274,0.2274,7.3004,177.7726,48.1644,177.7726,48.1644,0.1437,34.8823,0.969,21.12762,4.596479,-1.2582,-0.0031,-0.1514,-0.8156
/kaggle/input/datasets/duc24kdl/sub-x-ray/sub_X-Ray/sub_NIH/00000042_004.png,,sub_NIH,00000042_004.png,ok,512x512 -> 1024x1024,2,1,4.73,35.6802,17.58187,4.193074,0.9727,0.9972,0.1053,6.3836,32.1838,39.327594,6.271172,0.9465,0.9911,0.2856,0.2856,0.2856,7.0536,132.4186,55.2888,132.4186,55.2888,0.2697,32.1838,0.9465,39.327594,6.271172,-3.4963,-0.0061,-0.1804,-0.6701
/kaggle/input/datasets/duc24kdl/sub-x-ray/sub_X-Ray/sub_NIH/00000042_007.png,,sub_NIH,00000042_007.png,ok,512x512 -> 1024x1024,2,1,4.74,41.9902,4.112022,2.027812,0.9652,0.9968,0.1254,6.1961,39.024,8.141082,2.853258,0.9455,0.9922,0.2872,0.2872,0.2872,8.1206,131.1435,67.3488,131.1435,67.3488,0.1202,39.024,0.9455,8.141082,2.853258,-2.9663,-0.0046,-0.1618,-1.9245
/kaggle/input/datasets/duc24kdl/sub-x-ray/sub_X-Ray/sub_NIH/00000044_000.png,,sub_NIH,00000044_000.png,ok,512x512 -> 1024x1024,2,1,4.74,44.8444,2.131262,1.459884,0.978,0.9976,0.0807,6.5397,41.5768,4.522744,2.126674,0.9631,0.9938,0.2473,0.2473,0.2473,7.0853,108.9082,35.1188,108.9082,35.1188,0.106,41.5768,0.9631,4.522744,2.126674,-3.2677,-0.0038,-0.1667,-0.5456
/kaggle/input/datasets/duc24kdl/sub-x-ray/sub_X-Ray/sub_NIH/00000044_001.png,,sub_NIH,00000044_001.png,ok,512x512 -> 1024x1024,2,1,4.74,36.0613,16.104574,4.013051,0.9721,0.9972,0.1115,6.3848,33.9381,26.258703,5.124325,0.9493,0.9917,0.2967,0.2967,0.2967,6.8727,143.8609,50.7304,143.8609,50.7304,0.3443,33.9381,0.9493,26.258703,5.124325,-2.1232,-0.0054,-0.1852,-0.4878
/kaggle/input/datasets/duc24kdl/sub-x-ray/sub_X-Ray/sub_NIH/00000047_000.png,,sub_NIH,00000047_000.png,ok,512x512 -> 1024x1024,2,1,4.74,36.8116,13.549411,3.680952,0.9859,0.9984,0.0491,6.2539,35.1786,19.734189,4.442318,0.9751,0.9961,0.1452,0.1452,0.1452,7.4109,190.6819,57.9599,190.6819,57.9599,0.2041,35.1786,0.9751,19.734189,4.442318,-1.633,-0.0023,-0.0961,-1.1569
/kaggle/input/datasets/duc24kdl/sub-x-ray/sub_X-Ray/sub_NIH/00000049_001.png,,sub_NIH,00000049_001.png,ok,512x512 -> 1024x1024,2,1,4.75,41.8362,4.260513,2.064101,0.9628,0.9966,0.1244,6.2037,38.767,8.637292,2.938927,0.9393,0.9914,0.2924,0.2924,0.2924,8.1892,98.0813,67.6294,98.0813,67.6294,0.1028,38.767,0.9393,8.637292,2.938927,-3.0692,-0.0053,-0.168,-1.9855
/kaggle/input/datasets/duc24kdl/sub-x-ray/sub_X-Ray/sub_NIH/00000051_000.png,,sub_NIH,00000051_000.png,ok,512x512 -> 1024x1024,2,1,4.75,35.3448,18.99326,4.358126,0.9777,0.9978,0.0817,6.3663,33.0558,32.173404,5.67216,0.9578,0.9934,0.22,0.22,0.22,7.5654,128.1149,64.793,128.1149,64.793,0.133,33.0558,0.9578,32.173404,5.67216,-2.289,-0.0044,-0.1383,-1.1991
/kaggle/input/datasets/duc24kdl/sub-x-ray/sub_X-Ray/sub_NIH/00000053_001.png,,sub_NIH,00000053_001.png,ok,512x512 -> 1024x1024,2,1,4.74,35.9957,16.349832,4.043493,0.9676,0.9968,0.1037,5.8309,32.273,38.528261,6.207114,0.9407,0.9907,0.2562,0.2562,0.2562,7.4009,125.6984,68.6381,125.6984,68.6381,0.2416,32.273,0.9407,38.528261,6.207114,-3.7227,-0.0062,-0.1524,-1.57
/kaggle/input/datasets/duc24kdl/sub-x-ray/sub_X-Ray/sub_NIH/00000054_007.png,,sub_NIH,00000054_007.png,ok,512x512 -> 1024x1024,2,1,4.74,40.8463,5.351174,2.313261,0.9617,0.9966,0.1428,6.2259,38.6695,8.833474,2.972116,0.9444,0.9923,0.3231,0.3231,0.3231,8.4501,128.9006,72.7519,128.9006,72.7519,0.1451,38.6695,0.9444,8.833474,2.972116,-2.1768,-0.0043,-0.1802,-2.2241
/kaggle/input/datasets/duc24kdl/sub-x-ray/sub_X-Ray/sub_NIH/00000057_000.png,,sub_NIH,00000057_000.png,ok,512x512 -> 1024x1024,2,1,4.73,40.0479,6.431186,2.535978,0.9806,0.9979,0.0757,6.4796,36.7548,13.727843,3.70511,0.9637,0.9939,0.2187,0.2187,0.2187,8.157,140.405,67.2595,140.405,67.2595,0.1998,36.7548,0.9637,13.727843,3.70511,-3.2931,-0.0039,-0.143,-1.6775
/kaggle/input/datasets/duc24kdl/sub-x-ray/sub_X-Ray/sub_NIH/00000057_002.png,,sub_NIH,00000057_002.png,ok,512x512 -> 1024x1024,2,1,4.74,41.0006,5.164455,2.272544,0.9566,0.9961,0.1558,6.5434,38.8317,8.509635,2.917128,0.9375,0.9914,0.3512,0.3512,0.3512,7.9846,130.629,70.5501,130.629,70.5501,0.1326,38.8317,0.9375,8.509635,2.917128,-2.1689,-0.0047,-0.1954,-1.4412
/kaggle/input/datasets/duc24kdl/sub-x-ray/sub_X-Ray/sub_NIH/00000061_001.png,,sub_NIH,00000061_001.png,ok,512x512 -> 1024x1024,2,1,4.75,40.3323,6.023495,2.454281,0.9539,0.9958,0.1591,6.1818,37.5681,11.383408,3.373931,0.9268,0.9895,0.3599,0.3599,0.3599,8.1093,128.0881,61.8331,128.0881,61.8331,0.1226,37.5681,0.9268,11.383408,3.373931,-2.7642,-0.0063,-0.2007,-1.9275
/kaggle/input/datasets/duc24kdl/sub-x-ray/sub_X-Ray/sub_NIH/00000061_005.png,,sub_NIH,00000061_005.png,ok,512x512 -> 1024x1024,2,1,4.73,39.181,7.852086,2.802157,0.9637,0.9964,0.1345,6.4301,35.3161,19.119064,4.372535,0.9411,0.9908,0.3144,0.3144,0.3144,7.4948,131.6443,61.4826,131.6443,61.4826,0.1747,35.3161,0.9411,19.119064,4.372535,-3.8648,-0.0056,-0.1799,-1.0647
/kaggle/input/datasets/duc24kdl/sub-x-ray/sub_X-Ray/sub_NIH/00000061_012.png,,sub_NIH,00000061_012.png,ok,512x512 -> 1024x1024,2,1,4.75,36.9837,13.023096,3.608753,0.9733,0.9973,0.0987,6.1207,33.9434,26.226395,5.121171,0.9541,0.9926,0.2671,0.2671,0.2671,7.5505,128.2776,61.2915,128.2776,61.2915,0.2209,33.9434,0.9541,26.226395,5.121171,-3.0402,-0.0047,-0.1684,-1.4298
/kaggle/input/datasets/duc24kdl/sub-x-ray/sub_X-Ray/sub_NIH/00000061_016.png,,sub_NIH,00000061_016.png,ok,512x512 -> 1024x1024,2,1,4.82,35.5805,17.989941,4.241455,0.9655,0.9966,0.1282,6.0298,31.6704,44.262726,6.653024,0.941,0.9908,0.3039,0.3039,0.3039,6.7441,134.9633,57.6704,134.9633,57.6704,0.223,31.6704,0.941,44.262726,6.653024,-3.9101,-0.0058,-0.1756,-0.7143
/kaggle/input/datasets/duc24kdl/sub-x-ray/sub_X-Ray/sub_NIH/00000062_000.png,,sub_NIH,00000062_000.png,ok,512x512 -> 1024x1024,2,1,4.73,40.6391,5.612625,2.369098,0.9642,0.9968,0.129,6.3653,38.5763,9.025023,3.004168,0.9456,0.9925,0.289,0.289,0.289,7.8993,122.7522,73.6286,122.7522,73.6286,0.1688,38.5763,0.9456,9.025023,3.004168,-2.0628,-0.0043,-0.16,-1.5339
/kaggle/input/datasets/duc24kdl/sub-x-ray/sub_X-Ray/sub_NIH/00000069_000.png,,sub_NIH,00000069_000.png,ok,512x512 -> 1024x1024,2,1,4.77,42.0728,4.034582,2.008627,0.9701,0.9971,0.1135,6.4103,38.7531,8.66513,2.943659,0.9546,0.9934,0.2665,0.2665,0.2665,7.7847,121.349,67.5088,121.349,67.5088,0.1449,38.7531,0.9546,8.66513,2.943659,-3.3198,-0.0037,-0.1531,-1.3743
/kaggle/input/datasets/duc24kdl/sub-x-ray/sub_X-Ray/sub_NIH/00000075_000.png,,sub_NIH,00000075_000.png,ok,512x512 -> 1024x1024,2,1,4.75,39.934,6.602027,2.569441,0.963,0.9966,0.105,5.9863,35.8417,16.939762,4.115794,0.9366,0.9903,0.2403,0.2403,0.2403,6.8312,93.8438,69.9717,93.8438,69.9717,0.1124,35.8417,0.9366,16.939762,4.115794,-4.0923,-0.0063,-0.1353,-0.8449
/kaggle/input/datasets/duc24kdl/sub-x-ray/sub_X-Ray/sub_NIH/00000077_000.png,,sub_NIH,00000077_000.png,ok,512x512 -> 1024x1024,2,1,4.75,44.9782,2.066604,1.437569,0.9792,0.9978,0.0897,6.849,40.7046,5.528632,2.351304,0.9628,0.9939,0.2749,0.2749,0.2749,7.5698,162.2537,47.1597,162.2537,47.1597,0.1366,40.7046,0.9628,5.528632,2.351304,-4.2736,-0.0039,-0.1852,-0.7208
/kaggle/input/datasets/duc24kdl/sub-x-ray/sub_X-Ray/sub_NIH/00000078_000.png,,sub_NIH,00000078_000.png,ok,512x512 -> 1024x1024,2,1,4.77,41.4848,4.619531,2.149309,0.9652,0.9969,0.121,6.2079,38.0509,10.185778,3.191517,0.9442,0.9923,0.2802,0.2802,0.2802,7.4378,101.0214,76.0661,101.0214,76.0661,0.1087,38.0509,0.9442,10.185778,3.191517,-3.434,-0.0046,-0.1592,-1.23
/kaggle/input/datasets/duc24kdl/sub-x-ray/sub_X-Ray/sub_NIH/00000079_000.png,,sub_NIH,00000079_000.png,ok,512x512 -> 1024x1024,2,1,4.75,45.511,1.82801,1.352039,0.9818,0.998,0.0673,6.8162,40.4643,5.843254,2.417282,0.9644,0.994,0.2316,0.2316,0.2316,8.2877,169.6561,49.4101,169.6561,49.4101,0.112,40.4643,0.9644,5.843254,2.417282,-5.0468,-0.004,-0.1643,-1.4715
/kaggle/input/datasets/duc24kdl/sub-x-ray/sub_X-Ray/sub_NIH/00000080_003.png,,sub_NIH,00000080_003.png,ok,512x512 -> 1024x1024,2,1,4.75,35.9506,16.520433,4.064534,0.977,0.9976,0.081,5.6989,33.1264,31.654914,5.62627,0.9538,0.9923,0.2336,0.2336,0.2336,7.3024,112.1943,58.5514,112.1943,58.5514,0.1784,33.1264,0.9538,31.654914,5.62627,-2.8242,-0.0052,-0.1526,-1.6035
/kaggle/input/datasets/duc24kdl/sub-x-ray/sub_X-Ray/sub_NIH/00000080_005.png,,sub_NIH,00000080_005.png,ok,512x512 -> 1024x1024,2,1,4.74,45.5547,1.809708,1.345254,0.9779,0.9976,0.0854,7.356,42.5317,3.630022,1.905262,0.9652,0.9942,0.2486,0.2486,0.2486,8.0755,100.2614,40.838,100.2614,40.838,0.0988,42.5317,0.9652,3.630022,1.905262,-3.023,-0.0034,-0.1632,-0.7195
/kaggle/input/datasets/duc24kdl/sub-x-ray/sub_X-Ray/sub_NIH/00000082_000.png,,sub_NIH,00000082_000.png,ok,512x512 -> 1024x1024,2,1,4.74,41.495,4.608715,2.146792,0.9716,0.9974,0.1111,6.447,39.4514,7.378084,2.716263,0.957,0.994,0.2797,0.2797,0.2797,8.3712,109.1389,61.3547,109.1389,61.3547,0.1782,39.4514,0.957,7.378084,2.716263,-2.0436,-0.0034,-0.1686,-1.9242
/kaggle/input/datasets/duc24kdl/sub-x-ray/sub_X-Ray/sub_NIH/00000087_000.png,,sub_NIH,00000087_000.png,ok,512x512 -> 1024x1024,2,1,4.75,36.3517,15.062913,3.881097,0.9665,0.9967,0.125,6.205,33.2915,30.474056,5.520331,0.9399,0.9903,0.322,0.322,0.322,7.4509,119.9479,51.2563,119.9479,51.2563,0.1647,33.2915,0.9399,30.474056,5.520331,-3.0602,-0.0065,-0.197,-1.2459
/kaggle/input/datasets/duc24kdl/sub-x-ray/sub_X-Ray/sub_NIH/00000090_000.png,,sub_NIH,00000090_000.png,ok,512x512 -> 1024x1024,2,1,4.72,41.0432,5.113965,2.261408,0.9652,0.9968,0.1339,6.3554,37.7902,10.815805,3.288739,0.9455,0.9922,0.3045,0.3045,0.3045,8.321,117.0585,66.4375,117.0585,66.4375,0.134,37.7902,0.9455,10.815805,3.288739,-3.253,-0.0046,-0.1706,-1.9657
/kaggle/input/datasets/duc24kdl/sub-x-ray/sub_X-Ray/sub_NIH/00000090_001.png,,sub_NIH,00000090_001.png,ok,512x512 -> 1024x1024,2,1,4.73,34.6338,22.371698,4.729873,0.986,0.9982,0.0601,6.5878,32.1362,39.761417,6.305665,0.9757,0.9953,0.2042,0.2042,0.2042,7.8132,147.0105,57.4991,147.0105,57.4991,0.1937,32.1362,0.9757,39.761417,6.305665,-2.4976,-0.0029,-0.1441,-1.2253
/kaggle/input/datasets/duc24kdl/sub-x-ray/sub_X-Ray/sub_NIH/00000090_005.png,,sub_NIH,00000090_005.png,ok,512x512 -> 1024x1024,2,1,4.75,37.4255,11.763362,3.429776,0.9801,0.9979,0.0787,6.7978,34.3455,23.907085,4.889487,0.966,0.9945,0.2237,0.2237,0.2237,7.4875,111.4148,63.3307,111.4148,63.3307,0.1661,34.3455,0.966,23.907085,4.889487,-3.08,-0.0034,-0.145,-0.6897
/kaggle/input/datasets/duc24kdl/sub-x-ray/sub_X-Ray/sub_NIH/00000090_006.png,,sub_NIH,00000090_006.png,ok,512x512 -> 1024x1024,2,1,4.74,41.669,4.427728,2.104217,0.9648,0.9968,0.1233,6.2099,38.5178,9.147507,3.024485,0.945,0.9923,0.2783,0.2783,0.2783,8.1723,101.1565,79.8575,101.1565,79.8575,0.1132,38.5178,0.945,9.147507,3.024485,-3.1512,-0.0046,-0.155,-1.9624
/kaggle/input/datasets/duc24kdl/sub-x-ray/sub_X-Ray/sub_NIH/00000090_007.png,,sub_NIH,00000090_007.png,ok,512x512 -> 1024x1024,2,1,4.75,39.6706,7.014836,2.648554,0.9865,0.9984,0.0548,7.1657,37.9005,10.544572,3.247241,0.9789,0.9966,0.1785,0.1785,0.1785,7.9614,141.2903,64.9332,141.2903,64.9332,0.1347,37.9005,0.9789,10.544572,3.247241,-1.7701,-0.0018,-0.1237,-0.7957
/kaggle/input/datasets/duc24kdl/sub-x-ray/sub_X-Ray/sub_NIH/00000090_010.png,,sub_NIH,00000090_010.png,ok,512x512 -> 1024x1024,2,1,4.75,40.8907,5.296772,2.301472,0.9623,0.9966,0.1285,6.2422,37.5267,11.49246,3.390053,0.9409,0.9916,0.2881,0.2881,0.2881,7.7076,109.7711,74.5728,109.7711,74.5728,0.109,37.5267,0.9409,11.49246,3.390053,-3.364,-0.005,-0.1595,-1.4654
/kaggle/input/datasets/duc24kdl/sub-x-ray/sub_X-Ray/sub_NIH/00000091_008.png,,sub_NIH,00000091_008.png,ok,512x512 -> 1024x1024,2,1,4.73,36.306,15.222436,3.901594,0.9842,0.9982,0.0686,6.5601,33.4689,29.254342,5.408728,0.9716,0.9953,0.2062,0.2062,0.2062,7.3862,114.0042,70.2285,114.0042,70.2285,0.1721,33.4689,0.9716,29.254342,5.408728,-2.8371,-0.0029,-0.1376,-0.8261
/kaggle/input/datasets/duc24kdl/sub-x-ray/sub_X-Ray/sub_NIH/00000091_009.png,,sub_NIH,00000091_009.png,ok,512x512 -> 1024x1024,2,1,4.76,35.52,18.242388,4.271111,0.9846,0.9981,0.0707,6.999,32.8778,33.519553,5.789607,0.9737,0.9952,0.2178,0.2178,0.2178,7.5697,112.8273,59.8223,112.8273,59.8223,0.1726,32.8778,0.9737,33.519553,5.789607,-2.6422,-0.003,-0.1472,-0.5707
/kaggle/input/datasets/duc24kdl/sub-x-ray/sub_X-Ray/sub_NIH/00000093_001.png,,sub_NIH,00000093_001.png,ok,512x512 -> 1024x1024,2,1,4.73,37.1404,12.561362,3.544201,0.9832,0.9982,0.0642,6.0879,35.3925,18.78562,4.334238,0.9687,0.9949,0.2068,0.2068,0.2068,7.1529,171.9831,55.7702,171.9831,55.7702,0.0791,35.3925,0.9687,18.78562,4.334238,-1.7479,-0.0033,-0.1426,-1.065
/kaggle/input/datasets/duc24kdl/sub-x-ray/sub_X-Ray/sub_NIH/00000096_002.png,,sub_NIH,00000096_002.png,ok,512x512 -> 1024x1024,2,1,4.75,43.0439,3.226217,1.796167,0.9704,0.9972,0.1053,6.2664,39.6881,6.98674,2.643244,0.9529,0.9931,0.2395,0.2395,0.2395,7.8246,95.736,76.2741,95.736,76.2741,0.0826,39.6881,0.9529,6.98674,2.643244,-3.3558,-0.0042,-0.1342,-1.5582
/kaggle/input/datasets/duc24kdl/sub-x-ray/sub_X-Ray/sub_NIH/00000096_003.png,,sub_NIH,00000096_003.png,ok,512x512 -> 1024x1024,2,1,4.73,42.8564,3.368543,1.835359,0.9651,0.9967,0.1316,6.8183,39.5619,7.192754,2.681931,0.9471,0.9922,0.3026,0.3026,0.3026,7.5876,120.1871,70.8775,120.1871,70.8775,0.0826,39.5619,0.9471,7.192754,2.681931,-3.2945,-0.0045,-0.1711,-0.7694
/kaggle/input/datasets/duc24kdl/sub-x-ray/sub_X-Ray/sub_NIH/00000097_000.png,,sub_NIH,00000097_000.png,ok,512x512 -> 1024x1024,2,1,4.74,47.2255,1.231762,1.109848,0.9843,0.9981,0.0635,7.7698,43.9244,2.634132,1.623001,0.9757,0.9957,0.2141,0.2141,0.2141,8.6175,104.3473,36.9205,104.3473,36.9205,0.1069,43.9244,0.9757,2.634132,1.623001,-3.3011,-0.0023,-0.1505,-0.8477
/kaggle/input/datasets/duc24kdl/sub-x-ray/sub_X-Ray/sub_NIH/00000099_003.png,,sub_NIH,00000099_003.png,ok,512x512 -> 1024x1024,2,1,4.75,41.3285,4.788802,2.188333,0.9627,0.9967,0.1286,6.2817,37.4405,11.722704,3.423843,0.9414,0.9919,0.2965,0.2965,0.2965,7.5457,108.538,74.6044,108.538,74.6044,0.0897,37.4405,0.9414,11.722704,3.423843,-3.888,-0.0047,-0.1679,-1.2641
/kaggle/input/datasets/duc24kdl/sub-x-ray/sub_X-Ray/sub_NIH/00000099_013.png,,sub_NIH,00000099_013.png,ok,512x512 -> 1024x1024,2,1,4.75,39.7946,6.81748,2.611031,0.9525,0.9957,0.1541,6.3403,36.6758,13.979656,3.738938,0.9261,0.9896,0.3539,0.3539,0.3539,7.5158,115.274,72.9098,115.274,72.9098,0.1358,36.6758,0.9261,13.979656,3.738938,-3.1187,-0.0061,-0.1998,-1.1755
/kaggle/input/datasets/duc24kdl/sub-x-ray/sub_X-Ray/sub_NIH/00000100_000.png,,sub_NIH,00000100_000.png,ok,512x512 -> 1024x1024,2,1,4.76,43.2756,3.058604,1.748886,0.9829,0.9981,0.0661,6.1686,39.1601,7.889937,2.808903,0.9656,0.9943,0.2187,0.2187,0.2187,7.4023,174.6486,50.4433,174.6486,50.4433,0.0783,39.1601,0.9656,7.889937,2.808903,-4.1155,-0.0038,-0.1525,-1.2337
/kaggle/input/datasets/duc24kdl/sub-x-ray/sub_X-Ray/sub_NIH/00000103_000.png,,sub_NIH,00000103_000.png,ok,512x512 -> 1024x1024,2,1,4.76,42.6549,3.528538,1.87844,0.9645,0.9968,0.1266,6.537,39.2862,7.66406,2.768404,0.9465,0.9925,0.2984,0.2984,0.2984,7.8386,122.8381,69.2806,122.8381,69.2806,0.0869,39.2862,0.9465,7.66406,2.768404,-3.3686,-0.0042,-0.1718,-1.3016
/kaggle/input/datasets/duc24kdl/sub-x-ray/sub_X-Ray/sub_NIH/00000103_008.png,,sub_NIH,00000103_008.png,ok,512x512 -> 1024x1024,2,1,4.75,41.4401,4.667362,2.160408,0.9595,0.9963,0.1369,6.367,38.0759,10.127316,3.182344,0.9372,0.991,0.3229,0.3229,0.3229,7.5569,129.6095,62.0433,129.6095,62.0433,0.1096,38.0759,0.9372,10.127316,3.182344,-3.3642,-0.0053,-0.186,-1.19
/kaggle/input/datasets/duc24kdl/sub-x-ray/sub_X-Ray/sub_NIH/00000105_000.png,,sub_NIH,00000105_000.png,ok,512x512 -> 1024x1024,2,1,4.74,45.961,1.648078,1.283775,0.9778,0.9976,0.0874,7.579,43.049,3.222382,1.795099,0.9652,0.9941,0.2735,0.2735,0.2735,7.3903,111.6,27.9911,111.6,27.9911,0.0658,43.049,0.9652,3.222382,1.795099,-2.912,-0.0035,-0.1861,0.1887
/kaggle/input/datasets/duc24kdl/sub-x-ray/sub_X-Ray/sub_NIH/00000105_002.png,,sub_NIH,00000105_002.png,ok,512x512 -> 1024x1024,2,1,4.76,38.3822,9.437554,3.07206,0.9828,0.9981,0.0835,7.1564,36.3773,14.974587,3.869701,0.9722,0.9954,0.2702,0.2702,0.2702,7.8637,145.0184,43.1932,145.0184,43.1932,0.1629,36.3773,0.9722,14.974587,3.869701,-2.005,-0.0027,-0.1866,-0.7073
/kaggle/input/datasets/duc24kdl/sub-x-ray/sub_X-Ray/sub_NIH/00000109_000.png,,sub_NIH,00000109_000.png,ok,512x512 -> 1024x1024,2,1,4.76,37.1693,12.478059,3.53243,0.9716,0.9971,0.1224,6.6015,33.9194,26.371873,5.135355,0.9559,0.9929,0.3274,0.3274,0.3274,7.6777,123.2359,47.4851,123.2359,47.4851,0.2268,33.9194,0.9559,26.371873,5.135355,-3.2499,-0.0042,-0.205,-1.0762
/kaggle/input/datasets/duc24kdl/sub-x-ray/sub_X-Ray/sub_NIH/00000109_003.png,,sub_NIH,00000109_003.png,ok,512x512 -> 1024x1024,2,1,4.74,41.5798,4.519643,2.125945,0.9651,0.9968,0.1343,7.1143,39.1987,7.820046,2.796435,0.949,0.9929,0.3191,0.3191,0.3191,8.4233,119.8486,63.0178,119.8486,63.0178,0.0716,39.1987,0.949,7.820046,2.796435,-2.3811,-0.004,-0.1849,-1.309
/kaggle/input/datasets/duc24kdl/sub-x-ray/sub_X-Ray/sub_NIH/00000112_001.png,,sub_NIH,00000112_001.png,ok,512x512 -> 1024x1024,2,1,4.74,38.9228,8.332966,2.886688,0.9828,0.9981,0.0872,8.4271,37.2154,12.346273,3.513726,0.9764,0.9963,0.2787,0.2787,0.2787,8.5832,135.8999,43.7161,135.8999,43.7161,0.1709,37.2154,0.9764,12.346273,3.513726,-1.7074,-0.0018,-0.1915,-0.1561
/kaggle/input/datasets/duc24kdl/sub-x-ray/sub_X-Ray/sub_NIH/00000116_000.png,,sub_NIH,00000116_000.png,ok,512x512 -> 1024x1024,2,1,4.75,37.9854,10.34051,3.215666,0.9834,0.9981,0.0577,6.4385,35.9783,16.41533,4.051584,0.9699,0.995,0.1813,0.1813,0.1813,7.5612,154.0964,67.1113,154.0964,67.1113,0.0338,35.9783,0.9699,16.41533,4.051584,-2.0071,-0.0031,-0.1236,-1.1228
/kaggle/input/datasets/duc24kdl/sub-x-ray/sub_X-Ray/sub_NIH/00000116_001.png,,sub_NIH,00000116_001.png,ok,512x512 -> 1024x1024,2,1,4.74,38.8286,8.515619,2.918153,0.9887,0.9985,0.0588,7.3833,37.2228,12.325408,3.510756,0.9829,0.9971,0.1869,0.1869,0.1869,8.2029,154.7829,49.9118,154.7829,49.9118,0.1344,37.2228,0.9829,12.325408,3.510756,-1.6059,-0.0014,-0.1281,-0.8196
/kaggle/input/datasets/duc24kdl/sub-x-ray/sub_X-Ray/sub_NIH/00000116_004.png,,sub_NIH,00000116_004.png,ok,512x512 -> 1024x1024,2,1,4.8,38.9211,8.336263,2.887259,0.9895,0.9986,0.0489,7.6856,37.3307,12.022846,3.467398,0.9843,0.9973,0.1673,0.1673,0.1673,8.4404,158.8531,49.8677,158.8531,49.8677,0.142,37.3307,0.9843,12.022846,3.467398,-1.5904,-0.0012,-0.1184,-0.7548
/kaggle/input/datasets/duc24kdl/sub-x-ray/sub_X-Ray/sub_NIH/00000116_006.png,,sub_NIH,00000116_006.png,ok,512x512 -> 1024x1024,2,1,4.77,37.9113,10.518516,3.243226,0.9887,0.9985,0.0552,7.9486,36.5153,14.506229,3.808704,0.9839,0.9974,0.1773,0.1773,0.1773,8.6116,163.1516,45.9287,163.1516,45.9287,0.1463,36.5153,0.9839,14.506229,3.808704,-1.396,-0.0011,-0.1221,-0.663
/kaggle/input/datasets/duc24kdl/sub-x-ray/sub_X-Ray/sub_NIH/00000116_013.png,,sub_NIH,00000116_013.png,ok,512x512 -> 1024x1024,2,1,4.76,36.513,14.513706,3.809686,0.9831,0.9981,0.0683,6.921,33.9601,26.12609,5.111369,0.9712,0.9954,0.1979,0.1979,0.1979,8.1278,148.6734,61.6947,148.6734,61.6947,0.167,33.9601,0.9712,26.12609,5.111369,-2.553,-0.0026,-0.1296,-1.2068
/kaggle/input/datasets/duc24kdl/sub-x-ray/sub_X-Ray/sub_NIH/00000116_016.png,,sub_NIH,00000116_016.png,ok,512x512 -> 1024x1024,2,1,4.75,38.7377,8.695741,2.948854,0.987,0.9984,0.0613,7.0565,36.7959,13.598353,3.687594,0.9784,0.9965,0.1957,0.1957,0.1957,7.7795,151.5159,52.21,151.5159,52.21,0.1317,36.7959,0.9784,13.598353,3.687594,-1.9418,-0.0019,-0.1344,-0.723
/kaggle/input/datasets/duc24kdl/sub-x-ray/sub_X-Ray/sub_NIH/00000116_023.png,,sub_NIH,00000116_023.png,ok,512x512 -> 1024x1024,2,1,4.75,38.8936,8.389229,2.896417,0.9875,0.9984,0.054,8.1865,36.6654,14.013363,3.743443,0.9817,0.997,0.1837,0.1837,0.1837,8.6729,155.2678,58.9281,155.2678,58.9281,0.1138,36.6654,0.9817,14.013363,3.743443,-2.2282,-0.0014,-0.1297,-0.4864
/kaggle/input/datasets/duc24kdl/sub-x-ray/sub_X-Ray/sub_NIH/00000116_033.png,,sub_NIH,00000116_033.png,ok,512x512 -> 1024x1024,2,1,4.82,37.6127,11.267097,3.35665,0.9881,0.9984,0.0601,7.1791,36.2425,15.446339,3.930183,0.982,0.9969,0.1967,0.1967,0.1967,8.6288,153.6719,56.8064,153.6719,56.8064,0.1704,36.2425,0.982,15.446339,3.930183,-1.3701,-0.0015,-0.1367,-1.4498
/kaggle/input/datasets/duc24kdl/sub-x-ray/sub_X-Ray/sub_NIH/00000116_037.png,,sub_NIH,00000116_037.png,ok,512x512 -> 1024x1024,2,1,4.84,37.7633,10.882919,3.298927,0.9872,0.9984,0.0547,7.1711,36.1945,15.618332,3.952004,0.9788,0.9966,0.1785,0.1785,0.1785,8.9303,157.1803,50.5395,157.1803,50.5395,0.1333,36.1945,0.9788,15.618332,3.952004,-1.5689,-0.0018,-0.1239,-1.7592
/kaggle/input/datasets/duc24kdl/sub-x-ray/sub_X-Ray/sub_NIH/00000116_038.png,,sub_NIH,00000116_038.png,ok,512x512 -> 1024x1024,2,1,4.8,37.728,10.971743,3.312362,0.982,0.998,0.0758,7.12,35.8108,17.060907,4.130485,0.9714,0.9958,0.1951,0.1951,0.1951,8.4969,147.0261,57.8416,147.0261,57.8416,0.1634,35.8108,0.9714,17.060907,4.130485,-1.9173,-0.0022,-0.1193,-1.377
/kaggle/input/datasets/duc24kdl/sub-x-ray/sub_X-Ray/sub_NIH/00000117_000.png,,sub_NIH,00000117_000.png,ok,512x512 -> 1024x1024,2,1,4.75,45.0684,2.02416,1.42273,0.9822,0.9981,0.0645,6.5133,40.646,5.603778,2.36723,0.9672,0.9948,0.2017,0.2017,0.2017,7.6708,148.563,64.4701,148.563,64.4701,0.1437,40.646,0.9672,5.603778,2.36723,-4.4224,-0.0032,-0.1371,-1.1575
/kaggle/input/datasets/duc24kdl/sub-x-ray/sub_X-Ray/sub_NIH/00000118_001.png,,sub_NIH,00000118_001.png,ok,512x512 -> 1024x1024,2,1,4.75,40.4154,5.909349,2.430915,0.9589,0.9964,0.1378,6.3469,37.9906,10.32821,3.213753,0.9348,0.9908,0.3324,0.3324,0.3324,7.9566,125.1832,64.4576,125.1832,64.4576,0.1412,37.9906,0.9348,10.32821,3.213753,-2.4249,-0.0055,-0.1946,-1.6097
/kaggle/input/datasets/duc24kdl/sub-x-ray/sub_X-Ray/sub_NIH/00000118_003.png,,sub_NIH,00000118_003.png,ok,512x512 -> 1024x1024,2,1,5.02,40.0975,6.358159,2.521539,0.9591,0.9964,0.1355,6.5762,37.4838,11.606577,3.406843,0.9354,0.9908,0.3215,0.3215,0.3215,7.7953,121.7546,65.9799,121.7546,65.9799,0.1563,37.4838,0.9354,11.606577,3.406843,-2.6137,-0.0056,-0.186,-1.2191
/kaggle/input/datasets/duc24kdl/sub-x-ray/sub_X-Ray/sub_NIH/00000118_014.png,,sub_NIH,00000118_014.png,ok,512x512 -> 1024x1024,2,1,4.76,40.4957,5.801149,2.408558,0.9548,0.996,0.1521,6.2375,38.0921,10.089424,3.176385,0.9306,0.9903,0.3504,0.3504,0.3504,7.6827,120.7614,64.984,120.7614,64.984,0.1534,38.0921,0.9306,10.089424,3.176385,-2.4035,-0.0057,-0.1982,-1.4452
/kaggle/input/datasets/duc24kdl/sub-x-ray/sub_X-Ray/sub_NIH/00000125_000.png,,sub_NIH,00000125_000.png,ok,512x512 -> 1024x1024,2,1,4.75,46.7147,1.385516,1.17708,0.9847,0.9982,0.0577,6.564,42.3956,3.745584,1.935351,0.9725,0.9954,0.1945,0.1945,0.1945,8.3687,156.3545,60.7779,156.3545,60.7779,0.154,42.3956,0.9725,3.745584,1.935351,-4.3191,-0.0029,-0.1368,-1.8047
/kaggle/input/datasets/duc24kdl/sub-x-ray/sub_X-Ray/sub_NIH/00000127_005.png,,sub_NIH,00000127_005.png,ok,512x512 -> 1024x1024,2,1,4.74,37.9023,10.540254,3.246576,0.9853,0.9983,0.0686,7.9378,35.1782,19.73615,4.442539,0.9791,0.9967,0.2257,0.2257,0.2257,8.5906,110.0921,61.7761,110.0921,61.7761,0.1765,35.1782,0.9791,19.73615,4.442539,-2.7241,-0.0016,-0.1571,-0.6527
/kaggle/input/datasets/duc24kdl/sub-x-ray/sub_X-Ray/sub_NIH/00000133_002.png,,sub_NIH,00000133_002.png,ok,512x512 -> 1024x1024,2,1,4.75,35.1495,19.867017,4.457243,0.9695,0.997,0.1018,6.1852,31.5791,45.203748,6.723373,0.9439,0.9908,0.2784,0.2784,0.2784,7.5498,135.6462,59.0191,135.6462,59.0191,0.2283,31.5791,0.9439,45.203748,6.723373,-3.5704,-0.0062,-0.1765,-1.3646
/kaggle/input/datasets/duc24kdl/sub-x-ray/sub_X-Ray/sub_NIH/00000134_000.png,,sub_NIH,00000134_000.png,ok,512x512 -> 1024x1024,2,1,4.77,38.9018,8.373404,2.893683,0.9889,0.9986,0.0536,6.8492,37.4103,11.804555,3.435776,0.9822,0.9969,0.1774,0.1774,0.1774,7.8902,148.9936,57.5725,148.9936,57.5725,0.1267,37.4103,0.9822,11.804555,3.435776,-1.4915,-0.0016,-0.1238,-1.041
/kaggle/input/datasets/duc24kdl/sub-x-ray/sub_X-Ray/sub_NIH/00000135_000.png,,sub_NIH,00000135_000.png,ok,512x512 -> 1024x1024,2,1,4.74,37.1173,12.628517,3.553662,0.9833,0.9981,0.0692,6.612,35.8016,17.096936,4.134844,0.9705,0.9952,0.2136,0.2136,0.2136,7.037,166.0863,56.3959,166.0863,56.3959,0.1781,35.8016,0.9705,17.096936,4.134844,-1.3157,-0.003,-0.1444,-0.425
/kaggle/input/datasets/duc24kdl/sub-x-ray/sub_X-Ray/sub_NIH/00000137_000.png,,sub_NIH,00000137_000.png,ok,512x512 -> 1024x1024,2,1,4.76,42.1967,3.921164,1.980193,0.9647,0.9968,0.131,6.3518,39.2478,7.732099,2.780665,0.9441,0.9922,0.3185,0.3185,0.3185,8.2273,115.1287,67.6041,115.1287,67.6041,0.1083,39.2478,0.9441,7.732099,2.780665,-2.9488,-0.0046,-0.1876,-1.8755
/kaggle/input/datasets/duc24kdl/sub-x-ray/sub_X-Ray/sub_NIH/00000139_001.png,,sub_NIH,00000139_001.png,ok,512x512 -> 1024x1024,2,1,4.75,44.6954,2.205681,1.485154,0.9861,0.9983,0.0539,6.4949,40.2526,6.135115,2.476916,0.9723,0.9954,0.1898,0.1898,0.1898,7.8803,156.0811,59.0449,156.0811,59.0449,0.2867,40.2526,0.9723,6.135115,2.476916,-4.4428,-0.003,-0.1359,-1.3854
/kaggle/input/datasets/duc24kdl/sub-x-ray/sub_X-Ray/sub_NIH/00000141_000.png,,sub_NIH,00000141_000.png,ok,512x512 -> 1024x1024,2,1,4.81,42.1988,3.919211,1.9797,0.9774,0.9977,0.107,6.8979,39.1007,7.998615,2.828182,0.9601,0.994,0.2776,0.2776,0.2776,7.5335,162.4352,56.2669,162.4352,56.2669,-0.0531,39.1007,0.9601,7.998615,2.828182,-3.0982,-0.0037,-0.1706,-0.6355
/kaggle/input/datasets/duc24kdl/sub-x-ray/sub_X-Ray/sub_NIH/00000142_000.png,,sub_NIH,00000142_000.png,ok,512x512 -> 1024x1024,2,1,4.77,47.1443,1.255023,1.120278,0.9896,0.9987,0.044,6.9951,41.2711,4.852501,2.202839,0.9794,0.9965,0.1813,0.1813,0.1813,8.0482,167.1127,65.3249,167.1127,65.3249,0.1316,41.2711,0.9794,4.852501,2.202839,-5.8731,-0.0021,-0.1374,-1.0531
/kaggle/input/datasets/duc24kdl/sub-x-ray/sub_X-Ray/sub_NIH/00000143_003.png,,sub_NIH,00000143_003.png,ok,512x512 -> 1024x1024,2,1,4.74,40.4567,5.853399,2.41938,0.9582,0.9962,0.1523,6.3515,37.2886,12.140116,3.484267,0.9351,0.9908,0.3483,0.3483,0.3483,8.0799,118.1042,65.2641,118.1042,65.2641,0.1049,37.2886,0.9351,12.140116,3.484267,-3.1681,-0.0054,-0.196,-1.7284
/kaggle/input/datasets/duc24kdl/sub-x-ray/sub_X-Ray/sub_NIH/00000143_006.png,,sub_NIH,00000143_006.png,ok,512x512 -> 1024x1024,2,1,4.75,41.5147,4.587817,2.141919,0.957,0.9961,0.1501,6.3773,38.6669,8.838672,2.97299,0.9337,0.9907,0.34,0.34,0.34,8.2562,114.749,69.0487,114.749,69.0487,0.0948,38.6669,0.9337,8.838672,2.97299,-2.8478,-0.0054,-0.1898,-1.8789
/kaggle/input/datasets/duc24kdl/sub-x-ray/sub_X-Ray/sub_NIH/00000143_010.png,,sub_NIH,00000143_010.png,ok,512x512 -> 1024x1024,2,1,4.74,37.4276,11.757743,3.428957,0.9811,0.9981,0.0715,6.4061,35.0503,20.326084,4.508446,0.9658,0.9948,0.2008,0.2008,0.2008,7.8622,147.7673,66.5132,147.7673,66.5132,-0.0466,35.0503,0.9658,20.326084,4.508446,-2.3773,-0.0033,-0.1293,-1.4561
/kaggle/input/datasets/duc24kdl/sub-x-ray/sub_X-Ray/sub_NIH/00000143_011.png,,sub_NIH,00000143_011.png,ok,512x512 -> 1024x1024,2,1,4.75,41.8841,4.213761,2.052745,0.9667,0.997,0.125,6.1833,38.4866,9.213421,3.035362,0.9466,0.9926,0.2985,0.2985,0.2985,8.347,108.8284,66.4703,108.8284,66.4703,0.1167,38.4866,0.9466,9.213421,3.035362,-3.3975,-0.0044,-0.1735,-2.1636
/kaggle/input/datasets/duc24kdl/sub-x-ray/sub_X-Ray/sub_NIH/00000144_001.png,,sub_NIH,00000144_001.png,ok,512x512 -> 1024x1024,2,1,4.75,37.0444,12.842172,3.583598,0.9848,0.9983,0.0686,7.7299,35.8714,16.824342,4.101749,0.9784,0.9966,0.2152,0.2152,0.2152,8.0501,163.6833,45.3104,163.6833,45.3104,0.174,35.8714,0.9784,16.824342,4.101749,-1.173,-0.0016,-0.1466,-0.3203
/kaggle/input/datasets/duc24kdl/sub-x-ray/sub_X-Ray/sub_NIH/00000147_001.png,,sub_NIH,00000147_001.png,ok,512x512 -> 1024x1024,2,1,4.76,39.0347,8.120939,2.849726,0.9668,0.997,0.1317,6.6082,35.9304,16.597421,4.073993,0.9479,0.9927,0.3093,0.3093,0.3093,7.5086,122.3832,68.5205,122.3832,68.5205,0.1475,35.9304,0.9479,16.597421,4.073993,-3.1043,-0.0043,-0.1776,-0.9004
/kaggle/input/datasets/duc24kdl/sub-x-ray/sub_X-Ray/sub_NIH/00000148_003.png,,sub_NIH,00000148_003.png,ok,512x512 -> 1024x1024,2,1,4.75,41.8309,4.265678,2.065352,0.9529,0.9958,0.1593,6.3454,38.9727,8.237856,2.870167,0.9289,0.9899,0.3594,0.3594,0.3594,7.4986,129.694,66.8096,129.694,66.8096,0.0895,38.9727,0.9289,8.237856,2.870167,-2.8583,-0.0059,-0.2001,-1.1532
/kaggle/input/datasets/duc24kdl/sub-x-ray/sub_X-Ray/sub_NIH/00000149_004.png,,sub_NIH,00000149_004.png,ok,512x512 -> 1024x1024,2,1,4.76,41.9998,4.102955,2.025575,0.96,0.9965,0.1578,6.8717,39.6526,7.04394,2.654042,0.9418,0.9923,0.3644,0.3644,0.3644,7.9504,125.4421,69.5456,125.4421,69.5456,0.1031,39.6526,0.9418,7.04394,2.654042,-2.3472,-0.0042,-0.2066,-1.0786
/kaggle/input/datasets/duc24kdl/sub-x-ray/sub_X-Ray/sub_NIH/00000149_008.png,,sub_NIH,00000149_008.png,ok,512x512 -> 1024x1024,2,1,4.75,41.8723,4.22527,2.055546,0.9583,0.9963,0.1663,7.0087,38.8419,8.489697,2.913709,0.9395,0.992,0.386,0.386,0.386,8.1489,132.3512,63.9511,132.3512,63.9511,0.0874,38.8419,0.9395,8.489697,2.913709,-3.0304,-0.0044,-0.2198,-1.1402
/kaggle/input/datasets/duc24kdl/sub-x-ray/sub_X-Ray/sub_NIH/00000150_005.png,,sub_NIH,00000150_005.png,ok,512x512 -> 1024x1024,2,1,4.8,36.571,14.321175,3.784333,0.9746,0.9975,0.0802,5.718,32.5687,35.992467,5.999372,0.9427,0.9909,0.2387,0.2387,0.2387,6.7178,109.5718,60.0789,109.5718,60.0789,0.1813,32.5687,0.9427,35.992467,5.999372,-4.0023,-0.0066,-0.1585,-0.9998
/kaggle/input/datasets/duc24kdl/sub-x-ray/sub_X-Ray/sub_NIH/00000151_002.png,,sub_NIH,00000151_002.png,ok,512x512 -> 1024x1024,2,1,4.74,41.5761,4.523487,2.126849,0.9584,0.9962,0.1453,6.4841,38.1233,10.017188,3.164994,0.938,0.9913,0.3334,0.3334,0.3334,8.3758,118.5323,64.2227,118.5323,64.2227,0.0941,38.1233,0.938,10.017188,3.164994,-3.4527,-0.0049,-0.188,-1.8917
/kaggle/input/datasets/duc24kdl/sub-x-ray/sub_X-Ray/sub_NIH/00000153_001.png,,sub_NIH,00000153_001.png,ok,512x512 -> 1024x1024,2,1,4.75,46.0011,1.632927,1.27786,0.9786,0.9977,0.0858,7.3799,43.1553,3.144463,1.773263,0.9669,0.9946,0.2638,0.2638,0.2638,7.8669,107.3327,37.1643,107.3327,37.1643,0.0876,43.1553,0.9669,3.144463,1.773263,-2.8458,-0.003,-0.178,-0.4869
/kaggle/input/datasets/duc24kdl/sub-x-ray/sub_X-Ray/sub_NIH/00000154_000.png,,sub_NIH,00000154_000.png,ok,512x512 -> 1024x1024,2,1,4.74,42.9467,3.299229,1.816378,0.9649,0.9969,0.1352,6.3699,40.4743,5.82981,2.4145,0.949,0.9931,0.3302,0.3302,0.3302,8.063,109.6245,69.5674,109.6245,69.5674,0.0909,40.4743,0.949,5.82981,2.4145,-2.4724,-0.0038,-0.195,-1.6932
/kaggle/input/datasets/duc24kdl/sub-x-ray/sub_X-Ray/sub_NIH/00000157_000.png,,sub_NIH,00000157_000.png,ok,512x512 -> 1024x1024,2,1,4.78,40.0322,6.454486,2.540568,0.9788,0.9978,0.0765,6.5813,37.0454,12.839268,3.583192,0.9551,0.9925,0.2293,0.2293,0.2293,7.2869,131.1773,70.4337,131.1773,70.4337,0.1466,37.0454,0.9551,12.839268,3.583192,-2.9868,-0.0053,-0.1528,-0.7056
/kaggle/input/datasets/duc24kdl/sub-x-ray/sub_X-Ray/sub_NIH/00000165_003.png,,sub_NIH,00000165_003.png,ok,512x512 -> 1024x1024,2,1,4.73,41.2836,4.83863,2.199689,0.9571,0.9962,0.1559,6.6912,38.9162,8.345665,2.888886,0.9372,0.9913,0.3516,0.3516,0.3516,8.1868,144.986,62.2391,144.986,62.2391,0.1259,38.9162,0.9372,8.345665,2.888886,-2.3674,-0.0049,-0.1958,-1.4956
/kaggle/input/datasets/duc24kdl/sub-x-ray/sub_X-Ray/sub_NIH/00000165_004.png,,sub_NIH,00000165_004.png,ok,512x512 -> 1024x1024,2,1,4.76,40.8005,5.407956,2.325501,0.9582,0.9963,0.1492,6.6074,38.5797,9.017996,3.002998,0.9376,0.9913,0.3449,0.3449,0.3449,8.1217,133.5989,65.5166,133.5989,65.5166,0.1391,38.5797,0.9376,9.017996,3.002998,-2.2208,-0.005,-0.1957,-1.5143
/kaggle/input/datasets/duc24kdl/sub-x-ray/sub_X-Ray/sub_NIH/00000165_007.png,,sub_NIH,00000165_007.png,ok,512x512 -> 1024x1024,2,1,4.75,40.6062,5.655308,2.378089,0.9582,0.9963,0.1436,6.4883,38.4298,9.334684,3.055272,0.9369,0.9912,0.3427,0.3427,0.3427,8.0716,121.7558,66.7376,121.7558,66.7376,0.1479,38.4298,0.9369,9.334684,3.055272,-2.1764,-0.0051,-0.1992,-1.5833
/kaggle/input/datasets/duc24kdl/sub-x-ray/sub_X-Ray/sub_NIH/00000170_000.png,,sub_NIH,00000170_000.png,ok,512x512 -> 1024x1024,2,1,4.75,41.3395,4.77677,2.185582,0.9668,0.9969,0.1284,5.9897,37.9536,10.416579,3.227473,0.9498,0.9929,0.3036,0.3036,0.3036,7.927,127.3876,65.5795,127.3876,65.5795,0.1371,37.9536,0.9498,10.416579,3.227473,-3.3859,-0.0041,-0.1753,-1.9373
/kaggle/input/datasets/duc24kdl/sub-x-ray/sub_X-Ray/sub_NIH/00000172_004.png,,sub_NIH,00000172_004.png,ok,512x512 -> 1024x1024,2,1,4.76,42.151,3.9626,1.990628,0.962,0.9966,0.1318,6.2472,38.1159,10.034436,3.167718,0.9373,0.9912,0.306,0.306,0.306,7.7127,105.4541,74.0442,105.4541,74.0442,0.0984,38.1159,0.9373,10.034436,3.167718,-4.0351,-0.0054,-0.1742,-1.4655
/kaggle/input/datasets/duc24kdl/sub-x-ray/sub_X-Ray/sub_NIH/00000173_000.png,,sub_NIH,00000173_000.png,ok,512x512 -> 1024x1024,2,1,4.77,37.6784,11.098015,3.331368,0.9834,0.9981,0.0645,7.0253,36.2849,15.296411,3.911063,0.9736,0.9958,0.1936,0.1936,0.1936,7.9653,162.1927,61.9661,162.1927,61.9661,0.1501,36.2849,0.9736,15.296411,3.911063,-1.3934,-0.0024,-0.129,-0.9401
/kaggle/input/datasets/duc24kdl/sub-x-ray/sub_X-Ray/sub_NIH/00000174_003.png,,sub_NIH,00000174_003.png,ok,512x512 -> 1024x1024,2,1,4.74,42.5407,3.622538,1.903297,0.9646,0.9968,0.1253,5.92,39.4082,7.4518,2.729799,0.9462,0.9925,0.2897,0.2897,0.2897,7.7696,119.5601,69.3578,119.5601,69.3578,0.0965,39.4082,0.9462,7.4518,2.729799,-3.1325,-0.0043,-0.1644,-1.8496
/kaggle/input/datasets/duc24kdl/sub-x-ray/sub_X-Ray/sub_NIH/00000175_002.png,,sub_NIH,00000175_002.png,ok,512x512 -> 1024x1024,2,1,4.73,37.6735,11.110525,3.333245,0.9753,0.9974,0.1149,7.3104,34.2319,24.540749,4.953862,0.9622,0.9936,0.3385,0.3385,0.3385,7.8407,123.6252,35.2832,123.6252,35.2832,0.2478,34.2319,0.9622,24.540749,4.953862,-3.4415,-0.0037,-0.2236,-0.5303
/kaggle/input/datasets/duc24kdl/sub-x-ray/sub_X-Ray/sub_NIH/00000177_002.png,,sub_NIH,00000177_002.png,ok,512x512 -> 1024x1024,2,1,4.78,46.487,1.460097,1.208345,0.9801,0.9978,0.0797,7.7234,43.6329,2.817051,1.678407,0.9694,0.9949,0.2505,0.2505,0.2505,7.7934,108.8954,34.8135,108.8954,34.8135,0.0829,43.6329,0.9694,2.817051,1.678407,-2.8541,-0.0028,-0.1709,-0.07
/kaggle/input/datasets/duc24kdl/sub-x-ray/sub_X-Ray/sub_NIH/00000177_003.png,,sub_NIH,00000177_003.png,ok,512x512 -> 1024x1024,2,1,4.75,46.5004,1.455582,1.206475,0.984,0.9982,0.0677,7.0811,41.8064,4.289847,2.071195,0.9713,0.9952,0.2292,0.2292,0.2292,7.8006,169.8902,40.1498,169.8902,40.1498,0.1059,41.8064,0.9713,4.289847,2.071195,-4.6941,-0.0029,-0.1615,-0.7195
/kaggle/input/datasets/duc24kdl/sub-x-ray/sub_X-Ray/sub_NIH/00000177_004.png,,sub_NIH,00000177_004.png,ok,512x512 -> 1024x1024,2,1,4.75,36.1975,15.607235,3.950599,0.9833,0.9982,0.0658,6.2525,34.2335,24.531856,4.952964,0.9695,0.995,0.201,0.201,0.201,7.5298,175.4895,56.9684,175.4895,56.9684,-0.0185,34.2335,0.9695,24.531856,4.952964,-1.964,-0.0031,-0.1352,-1.2773
/kaggle/input/datasets/duc24kdl/sub-x-ray/sub_X-Ray/sub_NIH/00000179_003.png,,sub_NIH,00000179_003.png,ok,512x512 -> 1024x1024,2,1,4.91,39.7208,6.934272,2.633301,0.9868,0.9984,0.0649,7.4812,37.9952,10.317146,3.212032,0.9807,0.997,0.2175,0.2175,0.2175,8.0254,120.1584,52.7869,120.1584,52.7869,0.1628,37.9952,0.9807,10.317146,3.212032,-1.7256,-0.0015,-0.1526,-0.5442
/kaggle/input/datasets/duc24kdl/sub-x-ray/sub_X-Ray/sub_NIH/00000179_006.png,,sub_NIH,00000179_006.png,ok,512x512 -> 1024x1024,2,1,4.79,40.8944,5.292283,2.300496,0.986,0.9983,0.0653,7.2042,38.7813,8.608886,2.93409,0.9777,0.9964,0.2163,0.2163,0.2163,7.632,112.7709,55.9238,112.7709,55.9238,0.1274,38.7813,0.9777,8.608886,2.93409,-2.113,-0.002,-0.151,-0.4278
/kaggle/input/datasets/duc24kdl/sub-x-ray/sub_X-Ray/sub_NIH/00000180_002.png,,sub_NIH,00000180_002.png,ok,512x512 -> 1024x1024,2,1,4.79,45.2369,1.947115,1.395391,0.9771,0.9976,0.0892,7.4455,42.1598,3.954547,1.988604,0.965,0.9943,0.2664,0.2664,0.2664,8.3439,108.2963,33.6262,108.2963,33.6262,0.0729,42.1598,0.965,3.954547,1.988604,-3.0771,-0.0032,-0.1772,-0.8984
/kaggle/input/datasets/duc24kdl/sub-x-ray/sub_X-Ray/sub_NIH/00000181_000.png,,sub_NIH,00000181_000.png,ok,512x512 -> 1024x1024,2,1,4.78,43.7339,2.752286,1.659002,0.9855,0.9983,0.0525,7.0473,40.2559,6.130473,2.475979,0.9757,0.996,0.1896,0.1896,0.1896,8.1345,159.1373,57.6305,159.1373,57.6305,0.0798,40.2559,0.9757,6.130473,2.475979,-3.478,-0.0023,-0.1371,-1.0872
/kaggle/input/datasets/duc24kdl/sub-x-ray/sub_X-Ray/sub_NIH/00000181_009.png,,sub_NIH,00000181_009.png,ok,512x512 -> 1024x1024,2,1,4.82,40.8209,5.382606,2.320044,0.9817,0.9979,0.0843,6.8884,38.4838,9.21941,3.036348,0.972,0.9955,0.272,0.272,0.272,7.9964,111.3849,46.351,111.3849,46.351,0.1381,38.4838,0.972,9.21941,3.036348,-2.3371,-0.0024,-0.1877,-1.108
/kaggle/input/datasets/duc24kdl/sub-x-ray/sub_X-Ray/sub_NIH/00000181_014.png,,sub_NIH,00000181_014.png,ok,512x512 -> 1024x1024,2,1,4.75,37.1896,12.419839,3.524179,0.9865,0.9984,0.0711,7.0925,34.4366,23.411233,4.838516,0.978,0.9963,0.2329,0.2329,0.2329,8.2205,106.5869,61.7023,106.5869,61.7023,0.1687,34.4366,0.978,23.411233,4.838516,-2.7531,-0.0021,-0.1618,-1.1279
/kaggle/input/datasets/duc24kdl/sub-x-ray/sub_X-Ray/sub_NIH/00000181_017.png,,sub_NIH,00000181_017.png,ok,512x512 -> 1024x1024,2,1,4.77,38.2245,9.786557,3.128347,0.9824,0.9979,0.0729,6.1671,34.6644,22.21491,4.71327,0.9695,0.9944,0.2498,0.2498,0.2498,6.9415,113.0855,50.5231,113.0855,50.5231,0.1915,34.6644,0.9695,22.21491,4.71327,-3.5601,-0.0035,-0.1769,-0.7744
/kaggle/input/datasets/duc24kdl/sub-x-ray/sub_X-Ray/sub_NIH/00000181_020.png,,sub_NIH,00000181_020.png,ok,512x512 -> 1024x1024,2,1,4.8,38.8737,8.427674,2.903046,0.9843,0.9982,0.0847,7.9673,37.2518,12.24336,3.499051,0.9779,0.9966,0.2568,0.2568,0.2568,8.0117,123.4188,55.2587,123.4188,55.2587,0.16,37.2518,0.9779,12.24336,3.499051,-1.6219,-0.0016,-0.1721,-0.0444
/kaggle/input/datasets/duc24kdl/sub-x-ray/sub_X-Ray/sub_NIH/00000181_022.png,,sub_NIH,00000181_022.png,ok,512x512 -> 1024x1024,2,1,4.75,36.8889,13.310514,3.648358,0.9841,0.9981,0.0748,6.8946,34.229,24.557402,4.955543,0.9753,0.9957,0.2286,0.2286,0.2286,7.7702,117.191,56.5093,117.191,56.5093,0.1853,34.229,0.9753,24.557402,4.955543,-2.6599,-0.0024,-0.1539,-0.8756
/kaggle/input/datasets/duc24kdl/sub-x-ray/sub_X-Ray/sub_NIH/00000181_037.png,,sub_NIH,00000181_037.png,ok,512x512 -> 1024x1024,2,1,4.77,40.5091,5.783192,2.404827,0.9853,0.9982,0.0677,7.1509,38.6241,8.926199,2.987674,0.9783,0.9964,0.2275,0.2275,0.2275,7.8615,119.5592,46.461,119.5592,46.461,0.1382,38.6241,0.9783,8.926199,2.987674,-1.885,-0.0018,-0.1599,-0.7106
/kaggle/input/datasets/duc24kdl/sub-x-ray/sub_X-Ray/sub_NIH/00000181_039.png,,sub_NIH,00000181_039.png,ok,512x512 -> 1024x1024,2,1,4.77,40.3621,5.982261,2.445866,0.9867,0.9983,0.066,7.276,38.1689,9.91266,3.148438,0.9794,0.9965,0.2131,0.2131,0.2131,7.7775,112.4673,54.3536,112.4673,54.3536,0.1679,38.1689,0.9794,9.91266,3.148438,-2.1932,-0.0018,-0.147,-0.5015
/kaggle/input/datasets/duc24kdl/sub-x-ray/sub_X-Ray/sub_NIH/00000181_048.png,,sub_NIH,00000181_048.png,ok,512x512 -> 1024x1024,2,1,4.76,40.3991,5.931566,2.435481,0.985,0.9983,0.077,7.8649,38.5434,9.093754,3.015585,0.9775,0.9965,0.2266,0.2266,0.2266,9.2875,103.2039,58.7072,103.2039,58.7072,0.1542,38.5434,0.9775,9.093754,3.015585,-1.8557,-0.0017,-0.1496,-1.4226
/kaggle/input/datasets/duc24kdl/sub-x-ray/sub_X-Ray/sub_NIH/00000184_001.png,,sub_NIH,00000184_001.png,ok,512x512 -> 1024x1024,2,1,4.75,34.9237,20.927252,4.574631,0.9858,0.9984,0.0622,6.7545,33.4272,29.536728,5.43477,0.975,0.9958,0.2009,0.2009,0.2009,7.6681,171.8381,50.9697,171.8381,50.9697,0.1859,33.4272,0.975,29.536728,5.43477,-1.4965,-0.0025,-0.1387,-0.9137
/kaggle/input/datasets/duc24kdl/sub-x-ray/sub_X-Ray/sub_NIH/00000185_000.png,,sub_NIH,00000185_000.png,ok,512x512 -> 1024x1024,2,1,4.75,35.6574,17.674418,4.204095,0.9803,0.9978,0.0837,6.3375,32.4067,37.359933,6.112277,0.9619,0.9935,0.2484,0.2484,0.2484,7.1383,134.9934,49.7193,134.9934,49.7193,0.2845,32.4067,0.9619,37.359933,6.112277,-3.2506,-0.0043,-0.1647,-0.8008
/kaggle/input/datasets/duc24kdl/sub-x-ray/sub_X-Ray/sub_NIH/00000187_002.png,,sub_NIH,00000187_002.png,ok,512x512 -> 1024x1024,2,1,4.74,36.5816,14.286319,3.779725,0.9809,0.998,0.0835,7.0075,35.2189,19.551959,4.42176,0.9667,0.9947,0.2421,0.2421,0.2421,7.3567,164.5174,51.9741,164.5174,51.9741,0.1326,35.2189,0.9667,19.551959,4.42176,-1.3627,-0.0033,-0.1586,-0.3492
/kaggle/input/datasets/duc24kdl/sub-x-ray/sub_X-Ray/sub_NIH/00000188_000.png,,sub_NIH,00000188_000.png,ok,512x512 -> 1024x1024,2,1,4.73,37.631,11.219612,3.349569,0.9783,0.9978,0.0804,6.6747,34.6484,22.29664,4.721932,0.9606,0.9937,0.2362,0.2362,0.2362,7.6442,150.3233,55.2303,150.3233,55.2303,0.221,34.6484,0.9606,22.29664,4.721932,-2.9826,-0.0041,-0.1559,-0.9694
/kaggle/input/datasets/duc24kdl/sub-x-ray/sub_X-Ray/sub_NIH/00000193_019.png,,sub_NIH,00000193_019.png,ok,512x512 -> 1024x1024,2,1,4.75,38.2897,9.640694,3.104947,0.9894,0.9986,0.0538,7.4748,36.7338,13.794305,3.714069,0.985,0.9976,0.1899,0.1899,0.1899,8.3366,152.2499,56.65,152.2499,56.65,0.1545,36.7338,0.985,13.794305,3.714069,-1.5559,-0.001,-0.1362,-0.8618
/kaggle/input/datasets/duc24kdl/sub-x-ray/sub_X-Ray/sub_NIH/00000196_000.png,,sub_NIH,00000196_000.png,ok,512x512 -> 1024x1024,2,1,4.75,42.6927,3.497962,1.870284,0.9659,0.9969,0.1274,6.6821,39.8789,6.686314,2.585791,0.951,0.9933,0.305,0.305,0.305,8.6427,103.3948,69.4944,103.3948,69.4944,0.1132,39.8789,0.951,6.686314,2.585791,-2.8137,-0.0036,-0.1776,-1.9606
/kaggle/input/datasets/duc24kdl/sub-x-ray/sub_X-Ray/sub_NIH/00000199_004.png,,sub_NIH,00000199_004.png,ok,512x512 -> 1024x1024,2,1,4.73,42.0891,4.019519,2.004874,0.9616,0.9966,0.1324,6.6307,38.8086,8.555046,2.924901,0.9394,0.9916,0.3059,0.3059,0.3059,7.8076,104.4503,68.8415,104.4503,68.8415,0.09,38.8086,0.9394,8.555046,2.924901,-3.2805,-0.005,-0.1735,-1.1769
/kaggle/input/datasets/duc24kdl/sub-x-ray/sub_X-Ray/sub_NIH/00000206_000.png,,sub_NIH,00000206_000.png,ok,512x512 -> 1024x1024,2,1,4.76,44.6516,2.228004,1.49265,0.9806,0.9979,0.0793,6.9091,40.8862,5.302197,2.30265,0.9654,0.9945,0.2498,0.2498,0.2498,7.8203,155.7061,53.003,155.7061,53.003,0.2665,40.8862,0.9654,5.302197,2.30265,-3.7654,-0.0035,-0.1705,-0.9112
/kaggle/input/datasets/duc24kdl/sub-x-ray/sub_X-Ray/sub_NIH/00000210_000.png,,sub_NIH,00000210_000.png,ok,512x512 -> 1024x1024,2,1,4.76,44.646,2.230904,1.493621,0.9876,0.9984,0.0564,7.4497,41.6499,4.447205,2.10884,0.9793,0.9965,0.2015,0.2015,0.2015,8.3144,165.5125,39.4731,165.5125,39.4731,0.4228,41.6499,0.9793,4.447205,2.10884,-2.9961,-0.0019,-0.1451,-0.8647
/kaggle/input/datasets/duc24kdl/sub-x-ray/sub_X-Ray/sub_NIH/00000211_001.png,,sub_NIH,00000211_001.png,ok,512x512 -> 1024x1024,2,1,4.82,39.0905,8.017253,2.831475,0.9868,0.9985,0.0541,6.4022,36.2382,15.461899,3.932162,0.9762,0.9961,0.1828,0.1828,0.1828,7.3112,152.6871,69.2729,152.6871,69.2729,0.2165,36.2382,0.9762,15.461899,3.932162,-2.8524,-0.0024,-0.1287,-0.9089
/kaggle/input/datasets/duc24kdl/sub-x-ray/sub_X-Ray/sub_NIH/00000211_005.png,,sub_NIH,00000211_005.png,ok,512x512 -> 1024x1024,2,1,4.74,40.9146,5.26765,2.295136,0.9543,0.9959,0.1473,6.4286,37.5215,11.506248,3.392086,0.9289,0.9901,0.3359,0.3359,0.3359,7.6835,111.1519,74.8995,111.1519,74.8995,0.0903,37.5215,0.9289,11.506248,3.392086,-3.3932,-0.0058,-0.1885,-1.2549
/kaggle/input/datasets/duc24kdl/sub-x-ray/sub_X-Ray/sub_NIH/00000211_010.png,,sub_NIH,00000211_010.png,ok,512x512 -> 1024x1024,2,1,4.8,42.0161,4.087621,2.021787,0.9648,0.9969,0.1128,5.8591,38.7693,8.632807,2.938164,0.9434,0.9923,0.2637,0.2637,0.2637,7.8143,90.0363,78.5493,90.0363,78.5493,0.1165,38.7693,0.9434,8.632807,2.938164,-3.2468,-0.0046,-0.151,-1.9552
/kaggle/input/datasets/duc24kdl/sub-x-ray/sub_X-Ray/sub_NIH/00000211_016.png,,sub_NIH,00000211_016.png,ok,512x512 -> 1024x1024,2,1,4.8,39.9326,6.604156,2.569855,0.9835,0.9982,0.0682,6.9063,37.4895,11.59138,3.404612,0.9704,0.9953,0.2036,0.2036,0.2036,7.8472,113.7777,65.4387,113.7777,65.4387,0.1033,37.4895,0.9704,11.59138,3.404612,-2.4432,-0.0028,-0.1354,-0.9409
/kaggle/input/datasets/duc24kdl/sub-x-ray/sub_X-Ray/sub_NIH/00000211_018.png,,sub_NIH,00000211_018.png,ok,512x512 -> 1024x1024,2,1,4.75,38.9706,8.241819,2.870857,0.9857,0.9984,0.0649,6.6317,36.1483,15.785108,3.973048,0.9745,0.9958,0.1979,0.1979,0.1979,7.9349,94.5317,61.5844,94.5317,61.5844,0.1502,36.1483,0.9745,15.785108,3.973048,-2.8222,-0.0025,-0.133,-1.3031
/kaggle/input/datasets/duc24kdl/sub-x-ray/sub_X-Ray/sub_NIH/00000211_021.png,,sub_NIH,00000211_021.png,ok,512x512 -> 1024x1024,2,1,4.75,42.0578,4.048525,2.012095,0.9624,0.9967,0.1245,6.3077,38.4787,9.230281,3.038138,0.9399,0.9917,0.293,0.293,0.293,7.4693,100.5343,72.5059,100.5343,72.5059,0.103,38.4787,0.9399,9.230281,3.038138,-3.5792,-0.0049,-0.1685,-1.1616
/kaggle/input/datasets/duc24kdl/sub-x-ray/sub_X-Ray/sub_NIH/00000211_036.png,,sub_NIH,00000211_036.png,ok,512x512 -> 1024x1024,2,1,4.75,41.1685,4.968542,2.229023,0.9435,0.9949,0.1656,6.3931,38.7852,8.601217,2.932783,0.9159,0.9881,0.3726,0.3726,0.3726,7.7826,117.0099,73.7743,117.0099,73.7743,0.0847,38.7852,0.9159,8.601217,2.932783,-2.3833,-0.0068,-0.2069,-1.3895
/kaggle/input/datasets/duc24kdl/sub-x-ray/sub_X-Ray/sub_NIH/00000211_038.png,,sub_NIH,00000211_038.png,ok,512x512 -> 1024x1024,2,1,4.79,39.0174,8.15338,2.855412,0.9846,0.9982,0.0693,6.9654,35.5111,18.279664,4.275472,0.9744,0.9957,0.2196,0.2196,0.2196,7.6937,108.0016,63.7414,108.0016,63.7414,0.1686,35.5111,0.9744,18.279664,4.275472,-3.5063,-0.0025,-0.1503,-0.7283
/kaggle/input/datasets/duc24kdl/sub-x-ray/sub_X-Ray/sub_NIH/00000211_039.png,,sub_NIH,00000211_039.png,ok,512x512 -> 1024x1024,2,1,4.77,35.2684,19.330233,4.396616,0.9811,0.998,0.0907,7.1867,32.8629,33.635191,5.799585,0.97,0.9951,0.2646,0.2646,0.2646,7.52,111.5075,60.5541,111.5075,60.5541,0.1733,32.8629,0.97,33.635191,5.799585,-2.4056,-0.0028,-0.1739,-0.3333
/kaggle/input/datasets/duc24kdl/sub-x-ray/sub_X-Ray/sub_NIH/00000211_040.png,,sub_NIH,00000211_040.png,ok,512x512 -> 1024x1024,2,1,4.74,38.2461,9.737988,3.120575,0.984,0.9982,0.0761,7.1853,35.3529,18.957852,4.354062,0.9755,0.9959,0.226,0.226,0.226,7.7381,102.3299,57.802,102.3299,57.802,0.1842,35.3529,0.9755,18.957852,4.354062,-2.8932,-0.0023,-0.1499,-0.5528
/kaggle/input/datasets/duc24kdl/sub-x-ray/sub_X-Ray/sub_NIH/00000213_003.png,,sub_NIH,00000213_003.png,ok,512x512 -> 1024x1024,2,1,4.74,36.0045,16.316486,4.039367,0.9835,0.998,0.0837,7.0501,33.8793,26.616506,5.159119,0.9764,0.9958,0.2688,0.2688,0.2688,8.1311,125.9273,47.8219,125.9273,47.8219,0.2073,33.8793,0.9764,26.616506,5.159119,-2.1252,-0.0023,-0.1851,-1.0809
/kaggle/input/datasets/duc24kdl/sub-x-ray/sub_X-Ray/sub_NIH/00000217_000.png,,sub_NIH,00000217_000.png,ok,512x512 -> 1024x1024,2,1,4.74,41.5259,4.576085,2.139179,0.96,0.9964,0.1425,6.6355,38.3763,9.450398,3.07415,0.9397,0.9914,0.3299,0.3299,0.3299,8.148,128.0397,64.5734,128.0397,64.5734,0.0987,38.3763,0.9397,9.450398,3.07415,-3.1496,-0.0049,-0.1873,-1.5125
/kaggle/input/datasets/duc24kdl/sub-x-ray/sub_X-Ray/sub_NIH/00000218_000.png,,sub_NIH,00000218_000.png,ok,512x512 -> 1024x1024,2,1,4.76,46.177,1.568128,1.252249,0.9843,0.9983,0.0603,6.7171,41.1093,5.036725,2.244265,0.9685,0.9948,0.2062,0.2062,0.2062,7.6826,160.4094,60.7938,160.4094,60.7938,0.109,41.1093,0.9685,5.036725,2.244265,-5.0677,-0.0035,-0.1459,-0.9655
/kaggle/input/datasets/duc24kdl/sub-x-ray/sub_X-Ray/sub_NIH/00000218_003.png,,sub_NIH,00000218_003.png,ok,512x512 -> 1024x1024,2,1,4.75,45.2609,1.936358,1.391531,0.9827,0.9981,0.0697,6.4095,40.5892,5.677601,2.382772,0.9658,0.9945,0.2329,0.2329,0.2329,7.7913,150.2021,60.7313,150.2021,60.7313,0.1119,40.5892,0.9658,5.677601,2.382772,-4.6718,-0.0036,-0.1632,-1.3818
/kaggle/input/datasets/duc24kdl/sub-x-ray/sub_X-Ray/sub_NIH/00000218_006.png,,sub_NIH,00000218_006.png,ok,512x512 -> 1024x1024,2,1,4.76,45.7687,1.722698,1.312516,0.984,0.9982,0.0613,6.6885,41.2534,4.872351,2.20734,0.9683,0.9948,0.2086,0.2086,0.2086,7.8239,160.5772,60.0941,160.5772,60.0941,0.0654,41.2534,0.9683,4.872351,2.20734,-4.5153,-0.0034,-0.1473,-1.1354
/kaggle/input/datasets/duc24kdl/sub-x-ray/sub_X-Ray/sub_NIH/00000218_007.png,,sub_NIH,00000218_007.png,ok,512x512 -> 1024x1024,2,1,4.78,46.6389,1.409923,1.187402,0.9873,0.9984,0.0509,6.8648,42.1173,3.993444,1.99836,0.976,0.9959,0.1939,0.1939,0.1939,8.1081,158.7213,59.6922,158.7213,59.6922,0.1462,42.1173,0.976,3.993444,1.99836,-4.5215,-0.0026,-0.143,-1.2432
/kaggle/input/datasets/duc24kdl/sub-x-ray/sub_X-Ray/sub_NIH/00000218_008.png,,sub_NIH,00000218_008.png,ok,512x512 -> 1024x1024,2,1,4.82,44.7166,2.194924,1.481527,0.986,0.9984,0.051,6.5306,40.2438,6.147594,2.479434,0.9717,0.9953,0.1821,0.1821,0.1821,7.7866,165.5275,62.081,165.5275,62.081,0.2734,40.2438,0.9717,6.147594,2.479434,-4.4729,-0.0031,-0.1311,-1.256
/kaggle/input/datasets/duc24kdl/sub-x-ray/sub_X-Ray/sub_NIH/00000222_000.png,,sub_NIH,00000222_000.png,ok,512x512 -> 1024x1024,2,1,4.75,38.4236,9.34809,3.057465,0.9842,0.9983,0.0604,6.6548,36.0792,16.038202,4.004772,0.9705,0.9952,0.1784,0.1784,0.1784,7.8657,150.7178,74.3368,150.7178,74.3368,0.1496,36.0792,0.9705,16.038202,4.004772,-2.3443,-0.003,-0.1181,-1.211
/kaggle/input/datasets/duc24kdl/sub-x-ray/sub_X-Ray/sub_NIH/00000230_006.png,,sub_NIH,00000230_006.png,ok,512x512 -> 1024x1024,2,1,4.76,36.1926,15.624842,3.952827,0.9781,0.9977,0.0996,6.7525,32.7423,34.582277,5.88067,0.9642,0.9942,0.2834,0.2834,0.2834,7.0555,134.5452,58.7669,134.5452,58.7669,0.2409,32.7423,0.9642,34.582277,5.88067,-3.4504,-0.0035,-0.1838,-0.303
/kaggle/input/datasets/duc24kdl/sub-x-ray/sub_X-Ray/sub_NIH/00000231_000.png,,sub_NIH,00000231_000.png,ok,512x512 -> 1024x1024,2,1,4.8,36.2059,15.577215,3.946798,0.976,0.9976,0.0952,5.891,32.3524,37.830584,6.150657,0.9514,0.9923,0.2519,0.2519,0.2519,6.8618,113.69,63.5575,113.69,63.5575,0.2132,32.3524,0.9514,37.830584,6.150657,-3.8535,-0.0053,-0.1567,-0.9708
/kaggle/input/datasets/duc24kdl/sub-x-ray/sub_X-Ray/sub_NIH/00000231_005.png,,sub_NIH,00000231_005.png,ok,512x512 -> 1024x1024,2,1,4.74,40.501,5.794055,2.407084,0.9478,0.9953,0.1682,6.5471,37.8495,10.669079,3.266356,0.9198,0.9883,0.3795,0.3795,0.3795,7.4933,120.8711,69.7103,120.8711,69.7103,0.0746,37.8495,0.9198,10.669079,3.266356,-2.6514,-0.0069,-0.2113,-0.9463
/kaggle/input/datasets/duc24kdl/sub-x-ray/sub_X-Ray/sub_NIH/00000237_000.png,,sub_NIH,00000237_000.png,ok,512x512 -> 1024x1024,2,1,4.77,39.1685,7.874623,2.806176,0.9865,0.9984,0.0581,7.0258,37.1088,12.653149,3.557127,0.9769,0.9962,0.1918,0.1918,0.1918,7.7117,170.3907,57.9999,170.3907,57.9999,0.2556,37.1088,0.9769,12.653149,3.557127,-2.0597,-0.0022,-0.1337,-0.6859
/kaggle/input/datasets/duc24kdl/sub-x-ray/sub_X-Ray/sub_NIH/00000238_002.png,,sub_NIH,00000238_002.png,ok,512x512 -> 1024x1024,2,1,4.75,37.6657,11.130342,3.336217,0.9843,0.9982,0.0645,6.955,35.9499,16.523048,4.064855,0.9749,0.9959,0.2043,0.2043,0.2043,8.2116,165.9236,53.6911,165.9236,53.6911,0.33,35.9499,0.9749,16.523048,4.064855,-1.7158,-0.0023,-0.1398,-1.2566
/kaggle/input/datasets/duc24kdl/sub-x-ray/sub_X-Ray/sub_NIH/00000239_001.png,,sub_NIH,00000239_001.png,ok,512x512 -> 1024x1024,2,1,4.76,41.8842,4.213634,2.052714,0.9603,0.9965,0.1372,6.589,38.2763,9.670447,3.109734,0.9392,0.9916,0.3199,0.3199,0.3199,8.5305,112.7869,70.6602,112.7869,70.6602,0.0851,38.2763,0.9392,9.670447,3.109734,-3.6079,-0.0049,-0.1827,-1.9415
/kaggle/input/datasets/duc24kdl/sub-x-ray/sub_X-Ray/sub_NIH/00000240_000.png,,sub_NIH,00000240_000.png,ok,512x512 -> 1024x1024,2,1,4.75,44.8823,2.112775,1.453539,0.9837,0.9981,0.0624,6.6881,41.5887,4.510334,2.123755,0.9707,0.995,0.2081,0.2081,0.2081,8.0286,159.7289,54.8058,159.7289,54.8058,0.3636,41.5887,0.9707,4.510334,2.123755,-3.2936,-0.0031,-0.1457,-1.3405
/kaggle/input/datasets/duc24kdl/sub-x-ray/sub_X-Ray/sub_NIH/00000242_003.png,,sub_NIH,00000242_003.png,ok,512x512 -> 1024x1024,2,1,4.75,37.2614,12.216188,3.495166,0.9847,0.9983,0.0678,6.563,35.7536,17.287043,4.157769,0.973,0.9957,0.1988,0.1988,0.1988,7.3078,168.1011,55.8761,168.1011,55.8761,0.1414,35.7536,0.973,17.287043,4.157769,-1.5079,-0.0026,-0.131,-0.7447
/kaggle/input/datasets/duc24kdl/sub-x-ray/sub_X-Ray/sub_NIH/00000243_001.png,,sub_NIH,00000243_001.png,ok,512x512 -> 1024x1024,2,1,4.74,36.831,13.489109,3.672752,0.9823,0.9981,0.0691,6.4994,34.8646,21.213871,4.605852,0.9673,0.9947,0.2075,0.2075,0.2075,7.8396,171.2925,54.0375,171.2925,54.0375,0.0547,34.8646,0.9673,21.213871,4.605852,-1.9664,-0.0034,-0.1384,-1.3402
/kaggle/input/datasets/duc24kdl/sub-x-ray/sub_X-Ray/sub_NIH/00000246_004.png,,sub_NIH,00000246_004.png,ok,512x512 -> 1024x1024,2,1,4.74,38.1779,9.892126,3.145175,0.97,0.997,0.1151,6.5835,34.8777,21.149764,4.598887,0.9518,0.9921,0.3003,0.3003,0.3003,7.2885,137.7871,50.3459,137.7871,50.3459,0.1528,34.8777,0.9518,21.149764,4.598887,-3.3002,-0.0049,-0.1852,-0.705
/kaggle/input/datasets/duc24kdl/sub-x-ray/sub_X-Ray/sub_NIH/00000246_008.png,,sub_NIH,00000246_008.png,ok,512x512 -> 1024x1024,2,1,4.77,35.6135,17.853834,4.22538,0.9753,0.9974,0.1055,7.1334,33.6906,27.798745,5.272452,0.9589,0.993,0.2794,0.2794,0.2794,7.3776,143.1597,54.9475,143.1597,54.9475,0.1435,33.6906,0.9589,27.798745,5.272452,-1.9229,-0.0044,-0.1739,-0.2442
/kaggle/input/datasets/duc24kdl/sub-x-ray/sub_X-Ray/sub_NIH/00000246_014.png,,sub_NIH,00000246_014.png,ok,512x512 -> 1024x1024,2,1,4.76,40.2681,6.113268,2.472502,0.975,0.9973,0.1047,7.1805,37.6059,11.284664,3.359265,0.9593,0.9933,0.2961,0.2961,0.2961,7.6598,143.0394,52.4115,143.0394,52.4115,0.5728,37.6059,0.9593,11.284664,3.359265,-2.6622,-0.0041,-0.1914,-0.4793
/kaggle/input/datasets/duc24kdl/sub-x-ray/sub_X-Ray/sub_NIH/00000246_015.png,,sub_NIH,00000246_015.png,ok,512x512 -> 1024x1024,2,1,4.75,39.268,7.696293,2.774219,0.9744,0.9973,0.11,7.4547,36.5932,14.248323,3.774695,0.9593,0.9934,0.2914,0.2914,0.2914,7.7088,139.4069,56.011,139.4069,56.011,0.3204,36.5932,0.9593,14.248323,3.774695,-2.6748,-0.0039,-0.1814,-0.254
/kaggle/input/datasets/duc24kdl/sub-x-ray/sub_X-Ray/sub_NIH/00000247_000.png,,sub_NIH,00000247_000.png,ok,512x512 -> 1024x1024,2,1,4.78,46.5293,1.445946,1.202475,0.9849,0.9982,0.061,7.2632,42.3798,3.759224,1.938872,0.9724,0.9953,0.2168,0.2168,0.2168,7.766,164.7008,44.1059,164.7008,44.1059,0.181,42.3798,0.9724,3.759224,1.938872,-4.1495,-0.0029,-0.1558,-0.5028
/kaggle/input/datasets/duc24kdl/sub-x-ray/sub_X-Ray/sub_NIH/00000248_000.png,,sub_NIH,00000248_000.png,ok,512x512 -> 1024x1024,2,1,4.77,42.5038,3.653409,1.911389,0.967,0.997,0.1215,6.1986,39.2576,7.714734,2.777541,0.9468,0.9925,0.2955,0.2955,0.2955,7.8334,111.5919,69.3193,111.5919,69.3193,0.11,39.2576,0.9468,7.714734,2.777541,-3.2462,-0.0046,-0.174,-1.6348
/kaggle/input/datasets/duc24kdl/sub-x-ray/sub_X-Ray/sub_NIH/00000248_001.png,,sub_NIH,00000248_001.png,ok,512x512 -> 1024x1024,2,1,4.75,36.1119,15.917891,3.989723,0.9827,0.998,0.0795,7.1433,33.0098,32.516434,5.702318,0.9707,0.9948,0.2496,0.2496,0.2496,7.8625,107.1288,50.4871,107.1288,50.4871,0.1977,33.0098,0.9707,32.516434,5.702318,-3.1022,-0.0032,-0.1701,-0.7191
/kaggle/input/datasets/duc24kdl/sub-x-ray/sub_X-Ray/sub_NIH/00000248_003.png,,sub_NIH,00000248_003.png,ok,512x512 -> 1024x1024,2,1,4.78,36.8007,13.583503,3.68558,0.9823,0.998,0.087,7.1439,33.6493,28.064095,5.297556,0.9706,0.9951,0.2742,0.2742,0.2742,7.3231,114.2396,46.427,114.2396,46.427,0.1624,33.6493,0.9706,28.064095,5.297556,-3.1514,-0.0029,-0.1872,-0.1793
/kaggle/input/datasets/duc24kdl/sub-x-ray/sub_X-Ray/sub_NIH/00000248_009.png,,sub_NIH,00000248_009.png,ok,512x512 -> 1024x1024,2,1,4.75,37.3358,12.008907,3.465387,0.9833,0.9981,0.0743,6.789,34.4924,23.112143,4.807509,0.9716,0.9946,0.2385,0.2385,0.2385,7.1065,123.8185,58.3054,123.8185,58.3054,0.1626,34.4924,0.9716,23.112143,4.807509,-2.8434,-0.0035,-0.1641,-0.3175
/kaggle/input/datasets/duc24kdl/sub-x-ray/sub_X-Ray/sub_NIH/00000248_020.png,,sub_NIH,00000248_020.png,ok,512x512 -> 1024x1024,2,1,4.76,36.1228,15.878102,3.984734,0.9861,0.9983,0.0615,8.6724,33.4491,29.388265,5.421094,0.9794,0.9966,0.1987,0.1987,0.1987,9.2571,152.3036,56.207,152.3036,56.207,0.1818,33.4491,0.9794,29.388265,5.421094,-2.6738,-0.0017,-0.1372,-0.5846
/kaggle/input/datasets/duc24kdl/sub-x-ray/sub_X-Ray/sub_NIH/00000248_021.png,,sub_NIH,00000248_021.png,ok,512x512 -> 1024x1024,2,1,4.77,38.1936,9.856546,3.139514,0.9815,0.998,0.0847,7.1897,35.6539,17.6886,4.205782,0.9697,0.995,0.2578,0.2578,0.2578,7.488,120.5948,51.1839,120.5948,51.1839,0.1478,35.6539,0.9697,17.6886,4.205782,-2.5397,-0.0029,-0.1731,-0.2983
/kaggle/input/datasets/duc24kdl/sub-x-ray/sub_X-Ray/sub_NIH/00000248_023.png,,sub_NIH,00000248_023.png,ok,512x512 -> 1024x1024,2,1,4.76,35.196,19.655343,4.433435,0.9833,0.9982,0.0815,7.4109,32.5399,36.231816,6.019287,0.9726,0.9955,0.2472,0.2472,0.2472,7.5198,111.4201,57.4802,111.4201,57.4802,0.1749,32.5399,0.9726,36.231816,6.019287,-2.6561,-0.0027,-0.1657,-0.1089
/kaggle/input/datasets/duc24kdl/sub-x-ray/sub_X-Ray/sub_NIH/00000248_025.png,,sub_NIH,00000248_025.png,ok,512x512 -> 1024x1024,2,1,4.8,42.6965,3.494889,1.869462,0.9662,0.9969,0.1362,6.7639,39.4778,7.33328,2.708003,0.9487,0.9928,0.3155,0.3155,0.3155,7.8256,121.7636,68.7557,121.7636,68.7557,0.0838,39.4778,0.9487,7.33328,2.708003,-3.2186,-0.0041,-0.1794,-1.0617
/kaggle/input/datasets/duc24kdl/sub-x-ray/sub_X-Ray/sub_NIH/00000250_001.png,,sub_NIH,00000250_001.png,ok,512x512 -> 1024x1024,2,1,4.75,41.5473,4.553588,2.133914,0.9817,0.998,0.0942,7.3339,39.514,7.272391,2.696737,0.9741,0.9961,0.2775,0.2775,0.2775,8.1003,108.3917,52.7903,108.3917,52.7903,0.1146,39.514,0.9741,7.272391,2.696737,-2.0332,-0.0019,-0.1832,-0.7664
/kaggle/input/datasets/duc24kdl/sub-x-ray/sub_X-Ray/sub_NIH/00000250_002.png,,sub_NIH,00000250_002.png,ok,512x512 -> 1024x1024,2,1,4.77,41.8611,4.236101,2.058179,0.9602,0.9964,0.1426,6.828,38.8243,8.524229,2.919628,0.9404,0.9917,0.3257,0.3257,0.3257,8.5478,118.2609,68.3676,118.2609,68.3676,0.1248,38.8243,0.9404,8.524229,2.919628,-3.0369,-0.0047,-0.1831,-1.7198
/kaggle/input/datasets/duc24kdl/sub-x-ray/sub_X-Ray/sub_NIH/00000250_007.png,,sub_NIH,00000250_007.png,ok,512x512 -> 1024x1024,2,1,4.75,38.8171,8.538187,2.922018,0.9884,0.9985,0.0541,7.6777,37.1478,12.540021,3.541189,0.9839,0.9974,0.1818,0.1818,0.1818,8.2617,151.4795,54.866,151.4795,54.866,0.1234,37.1478,0.9839,12.540021,3.541189,-1.6693,-0.0011,-0.1277,-0.584
/kaggle/input/datasets/duc24kdl/sub-x-ray/sub_X-Ray/sub_NIH/00000250_008.png,,sub_NIH,00000250_008.png,ok,512x512 -> 1024x1024,2,1,4.96,41.0673,5.08566,2.255141,0.9861,0.9984,0.0686,8.6345,39.4348,7.406357,2.721462,0.9812,0.9971,0.228,0.228,0.228,9.3569,104.9039,59.6402,104.9039,59.6402,0.1296,39.4348,0.9812,7.406357,2.721462,-1.6326,-0.0013,-0.1594,-0.7224
/kaggle/input/datasets/duc24kdl/sub-x-ray/sub_X-Ray/sub_NIH/00000250_011.png,,sub_NIH,00000250_011.png,ok,512x512 -> 1024x1024,2,1,4.75,42.2649,3.860064,1.964704,0.9623,0.9966,0.137,6.4871,39.025,8.139195,2.852928,0.9429,0.9921,0.2984,0.2984,0.2984,8.1887,120.9977,72.8109,120.9977,72.8109,0.0905,39.025,0.9429,8.139195,2.852928,-3.2399,-0.0045,-0.1614,-1.7016
/kaggle/input/datasets/duc24kdl/sub-x-ray/sub_X-Ray/sub_NIH/00000250_014.png,,sub_NIH,00000250_014.png,ok,512x512 -> 1024x1024,2,1,4.78,41.5365,4.564927,2.136569,0.9615,0.9965,0.1367,6.6108,38.5791,9.019343,3.003222,0.9428,0.992,0.3198,0.3198,0.3198,7.9837,124.9411,66.0373,124.9411,66.0373,0.1136,38.5791,0.9428,9.019343,3.003222,-2.9574,-0.0045,-0.1831,-1.3729
/kaggle/input/datasets/duc24kdl/sub-x-ray/sub_X-Ray/sub_NIH/00000250_016.png,,sub_NIH,00000250_016.png,ok,512x512 -> 1024x1024,2,1,4.77,37.5447,11.444755,3.38301,0.9845,0.9982,0.0666,6.9926,36.2524,15.411396,3.925735,0.9738,0.9956,0.22,0.22,0.22,7.9083,174.9242,48.2249,174.9242,48.2249,0.1542,36.2524,0.9738,15.411396,3.925735,-1.2924,-0.0026,-0.1534,-0.9157
/kaggle/input/datasets/duc24kdl/sub-x-ray/sub_X-Ray/sub_NIH/00000255_000.png,,sub_NIH,00000255_000.png,ok,512x512 -> 1024x1024,2,1,4.77,38.9662,8.250073,2.872294,0.9865,0.9984,0.0531,6.4697,36.8658,13.381455,3.658067,0.9747,0.9959,0.1839,0.1839,0.1839,7.5215,153.8528,61.872,153.8528,61.872,0.122,36.8658,0.9747,13.381455,3.658067,-2.1005,-0.0025,-0.1308,-1.0518
/kaggle/input/datasets/duc24kdl/sub-x-ray/sub_X-Ray/sub_NIH/00000261_000.png,,sub_NIH,00000261_000.png,ok,512x512 -> 1024x1024,2,1,4.77,42.3075,3.822368,1.955088,0.9706,0.9973,0.1168,6.0681,38.4662,9.256848,3.042507,0.953,0.9934,0.2822,0.2822,0.2822,7.628,105.0376,67.4367,105.0376,67.4367,0.1162,38.4662,0.953,9.256848,3.042507,-3.8413,-0.0039,-0.1654,-1.56
/kaggle/input/datasets/duc24kdl/sub-x-ray/sub_X-Ray/sub_NIH/00000265_002.png,,sub_NIH,00000265_002.png,ok,512x512 -> 1024x1024,2,1,4.75,35.36,18.926991,4.350516,0.9832,0.9981,0.0681,6.7806,33.5116,28.968059,5.382198,0.972,0.9955,0.2059,0.2059,0.2059,7.9787,156.9349,73.279,156.9349,73.279,0.1407,33.5116,0.972,28.968059,5.382198,-1.8484,-0.0026,-0.1378,-1.1981
/kaggle/input/datasets/duc24kdl/sub-x-ray/sub_X-Ray/sub_NIH/00000268_002.png,,sub_NIH,00000268_002.png,ok,512x512 -> 1024x1024,2,1,4.76,35.6193,17.830085,4.222569,0.9891,0.9985,0.0523,7.3351,33.325,30.239722,5.499066,0.9826,0.9968,0.1885,0.1885,0.1885,8.7466,155.6316,54.2686,155.6316,54.2686,0.164,33.325,0.9826,30.239722,5.499066,-2.2942,-0.0017,-0.1362,-1.4114
/kaggle/input/datasets/duc24kdl/sub-x-ray/sub_X-Ray/sub_NIH/00000270_001.png,,sub_NIH,00000270_001.png,ok,512x512 -> 1024x1024,2,1,4.78,37.19,12.418728,3.524022,0.9836,0.9982,0.0579,6.1798,35.4266,18.638699,4.317256,0.9704,0.9952,0.1734,0.1734,0.1734,6.8393,162.839,67.4269,162.839,67.4269,0.156,35.4266,0.9704,18.638699,4.317256,-1.7634,-0.003,-0.1154,-0.6595
/kaggle/input/datasets/duc24kdl/sub-x-ray/sub_X-Ray/sub_NIH/00000271_004.png,,sub_NIH,00000271_004.png,ok,512x512 -> 1024x1024,2,1,4.76,41.9014,4.196978,2.048653,0.9621,0.9965,0.1176,5.9653,38.4419,9.308823,3.051036,0.9365,0.9903,0.2698,0.2698,0.2698,7.7663,87.3264,68.0281,87.3264,68.0281,0.1024,38.4419,0.9365,9.308823,3.051036,-3.4596,-0.0062,-0.1522,-1.801
/kaggle/input/datasets/duc24kdl/sub-x-ray/sub_X-Ray/sub_NIH/00000272_000.png,,sub_NIH,00000272_000.png,ok,512x512 -> 1024x1024,2,1,4.77,44.5847,2.262598,1.504194,0.9853,0.9983,0.0559,7.0405,40.542,5.739648,2.395756,0.9732,0.9957,0.1908,0.1908,0.1908,8.0619,148.1768,57.0006,148.1768,57.0006,0.1129,40.542,0.9732,5.739648,2.395756,-4.0428,-0.0026,-0.1348,-1.0214
/kaggle/input/datasets/duc24kdl/sub-x-ray/sub_X-Ray/sub_NIH/00000272_001.png,,sub_NIH,00000272_001.png,ok,512x512 -> 1024x1024,2,1,4.77,37.4479,11.702793,3.420935,0.9838,0.9982,0.0643,6.9501,36.1438,15.801705,3.975136,0.9726,0.9957,0.1916,0.1916,0.1916,7.5429,154.3399,67.3998,154.3399,67.3998,0.1692,36.1438,0.9726,15.801705,3.975136,-1.3041,-0.0025,-0.1273,-0.5928
/kaggle/input/datasets/duc24kdl/sub-x-ray/sub_X-Ray/sub_NIH/00000272_002.png,,sub_NIH,00000272_002.png,ok,512x512 -> 1024x1024,2,1,4.77,36.8774,13.345676,3.653173,0.9828,0.9982,0.0668,6.9482,34.769,21.686131,4.656837,0.9713,0.9958,0.1793,0.1793,0.1793,8.1829,133.215,77.5594,133.215,77.5594,-0.1175,34.769,0.9713,21.686131,4.656837,-2.1084,-0.0024,-0.1124,-1.2347
/kaggle/input/datasets/duc24kdl/sub-x-ray/sub_X-Ray/sub_NIH/00000272_006.png,,sub_NIH,00000272_006.png,ok,512x512 -> 1024x1024,2,1,4.78,36.4508,14.723076,3.837066,0.977,0.9977,0.0836,6.7108,33.6135,28.296279,5.319425,0.9585,0.9938,0.2164,0.2164,0.2164,7.9411,127.0809,70.3137,127.0809,70.3137,0.1096,33.6135,0.9585,28.296279,5.319425,-2.8373,-0.0039,-0.1328,-1.2303
/kaggle/input/datasets/duc24kdl/sub-x-ray/sub_X-Ray/sub_NIH/00000273_004.png,,sub_NIH,00000273_004.png,ok,512x512 -> 1024x1024,2,1,4.76,44.9491,2.080536,1.442406,0.9833,0.9981,0.0641,7.3989,41.1298,5.013028,2.238979,0.9724,0.9954,0.2122,0.2122,0.2122,7.9554,166.9918,52.2436,166.9918,52.2436,0.0285,41.1298,0.9724,5.013028,2.238979,-3.8192,-0.0027,-0.1481,-0.5564
/kaggle/input/datasets/duc24kdl/sub-x-ray/sub_X-Ray/sub_NIH/00000274_000.png,,sub_NIH,00000274_000.png,ok,512x512 -> 1024x1024,2,1,4.78,37.0798,12.737989,3.569032,0.9846,0.9982,0.0605,6.6303,35.7716,17.215379,4.149142,0.9741,0.9957,0.1872,0.1872,0.1872,7.9794,154.1271,73.0159,154.1271,73.0159,0.1525,35.7716,0.9741,17.215379,4.149142,-1.3082,-0.0025,-0.1267,-1.3491
/kaggle/input/datasets/duc24kdl/sub-x-ray/sub_X-Ray/sub_NIH/00000275_000.png,,sub_NIH,00000275_000.png,ok,512x512 -> 1024x1024,2,1,4.75,36.0137,16.28206,4.035104,0.9751,0.9975,0.0974,6.1621,33.4544,29.352312,5.417777,0.9549,0.9927,0.2582,0.2582,0.2582,7.4838,148.8546,72.119,148.8546,72.119,0.1952,33.4544,0.9549,29.352312,5.417777,-2.5593,-0.0048,-0.1609,-1.3217
/kaggle/input/datasets/duc24kdl/sub-x-ray/sub_X-Ray/sub_NIH/00000275_001.png,,sub_NIH,00000275_001.png,ok,512x512 -> 1024x1024,2,1,4.75,35.544,18.141909,4.259332,0.9728,0.9971,0.1121,6.3103,32.4727,36.79683,6.066039,0.9525,0.9921,0.2918,0.2918,0.2918,7.3967,120.4868,50.2897,120.4868,50.2897,0.2654,32.4727,0.9525,36.79683,6.066039,-3.0713,-0.0051,-0.1797,-1.0863
/kaggle/input/datasets/duc24kdl/sub-x-ray/sub_X-Ray/sub_NIH/00000275_004.png,,sub_NIH,00000275_004.png,ok,512x512 -> 1024x1024,2,1,4.78,41.5103,4.592529,2.143019,0.9608,0.9965,0.1436,6.5992,38.8076,8.557032,2.925241,0.9437,0.9924,0.3258,0.3258,0.3258,8.4898,138.5163,68.2072,138.5163,68.2072,0.1412,38.8076,0.9437,8.557032,2.925241,-2.7027,-0.0041,-0.1822,-1.8906
/kaggle/input/datasets/duc24kdl/sub-x-ray/sub_X-Ray/sub_NIH/00000278_001.png,,sub_NIH,00000278_001.png,ok,512x512 -> 1024x1024,2,1,4.78,46.5103,1.452294,1.205111,0.9834,0.9981,0.0755,7.1243,42.6955,3.495657,1.869668,0.9702,0.995,0.2612,0.2612,0.2612,7.8827,160.8264,40.3222,160.8264,40.3222,0.1095,42.6955,0.9702,3.495657,1.869668,-3.8147,-0.0031,-0.1856,-0.7585
/kaggle/input/datasets/duc24kdl/sub-x-ray/sub_X-Ray/sub_NIH/00000278_004.png,,sub_NIH,00000278_004.png,ok,512x512 -> 1024x1024,2,1,4.78,38.2191,9.79867,3.130283,0.9848,0.9983,0.0675,7.0018,36.7714,13.675258,3.698007,0.9744,0.9958,0.2208,0.2208,0.2208,7.5621,172.9243,46.8333,172.9243,46.8333,0.1568,36.7714,0.9744,13.675258,3.698007,-1.4477,-0.0025,-0.1532,-0.5602
/kaggle/input/datasets/duc24kdl/sub-x-ray/sub_X-Ray/sub_NIH/00000283_000.png,,sub_NIH,00000283_000.png,ok,512x512 -> 1024x1024,2,1,4.76,45.8124,1.705474,1.305938,0.977,0.9975,0.0883,7.1453,42.9219,3.318132,1.821574,0.9636,0.994,0.2663,0.2663,0.2663,7.6101,112.5138,30.2529,112.5138,30.2529,0.0812,42.9219,0.9636,3.318132,1.821574,-2.8905,-0.0036,-0.1779,-0.4648
/kaggle/input/datasets/duc24kdl/sub-x-ray/sub_X-Ray/sub_NIH/00000284_002.png,,sub_NIH,00000284_002.png,ok,512x512 -> 1024x1024,2,1,4.76,36.4401,14.759393,3.841795,0.9818,0.9981,0.069,6.3911,34.6402,22.338648,4.726378,0.9683,0.9953,0.1882,0.1882,0.1882,7.2907,152.6861,70.5688,152.6861,70.5688,-0.0187,34.6402,0.9683,22.338648,4.726378,-1.7999,-0.0028,-0.1191,-0.8996
/kaggle/input/datasets/duc24kdl/sub-x-ray/sub_X-Ray/sub_NIH/00000285_004.png,,sub_NIH,00000285_004.png,ok,512x512 -> 1024x1024,2,1,4.81,41.2066,4.925211,2.219282,0.9542,0.9959,0.1636,6.5808,38.9901,8.204923,2.864424,0.9331,0.9908,0.3737,0.3737,0.3737,7.8905,126.1984,63.9204,126.1984,63.9204,0.1119,38.9901,0.9331,8.204923,2.864424,-2.2165,-0.0052,-0.2101,-1.3098
/kaggle/input/datasets/duc24kdl/sub-x-ray/sub_X-Ray/sub_NIH/00000288_001.png,,sub_NIH,00000288_001.png,ok,512x512 -> 1024x1024,2,1,4.79,37.9927,10.323006,3.212943,0.983,0.9981,0.0638,6.8195,36.2716,15.343458,3.917073,0.971,0.9952,0.1902,0.1902,0.1902,7.5769,153.4469,66.0603,153.4469,66.0603,0.4214,36.2716,0.971,15.343458,3.917073,-1.7212,-0.0029,-0.1264,-0.7574
/kaggle/input/datasets/duc24kdl/sub-x-ray/sub_X-Ray/sub_NIH/00000288_004.png,,sub_NIH,00000288_004.png,ok,512x512 -> 1024x1024,2,1,4.77,42.0825,4.025635,2.006398,0.9611,0.9965,0.1338,6.7444,38.9079,8.361715,2.891663,0.9406,0.9916,0.3171,0.3171,0.3171,7.7291,102.7583,63.7788,102.7583,63.7788,0.1011,38.9079,0.9406,8.361715,2.891663,-3.1746,-0.0049,-0.1833,-0.9847
/kaggle/input/datasets/duc24kdl/sub-x-ray/sub_X-Ray/sub_NIH/00000289_000.png,,sub_NIH,00000289_000.png,ok,512x512 -> 1024x1024,2,1,4.76,40.756,5.463628,2.337441,0.9622,0.9965,0.148,7.0153,38.7559,8.659488,2.942701,0.945,0.9923,0.3334,0.3334,0.3334,7.9567,131.4947,67.7259,131.4947,67.7259,0.1312,38.7559,0.945,8.659488,2.942701,-2.0001,-0.0042,-0.1854,-0.9415
/kaggle/input/datasets/duc24kdl/sub-x-ray/sub_X-Ray/sub_NIH/00000289_002.png,,sub_NIH,00000289_002.png,ok,512x512 -> 1024x1024,2,1,4.75,45.8886,1.675775,1.294517,0.9805,0.9978,0.075,7.2247,42.7932,3.4179,1.848756,0.97,0.9951,0.2332,0.2332,0.2332,8.0658,105.5456,38.7638,105.5456,38.7638,0.0927,42.7932,0.97,3.4179,1.848756,-3.0954,-0.0027,-0.1582,-0.8412
/kaggle/input/datasets/duc24kdl/sub-x-ray/sub_X-Ray/sub_NIH/00000296_002.png,,sub_NIH,00000296_002.png,ok,512x512 -> 1024x1024,2,1,4.77,45.1485,1.987137,1.409658,0.9765,0.9974,0.0841,6.8889,41.9522,4.148226,2.03672,0.9592,0.993,0.2537,0.2537,0.2537,7.5723,104.5156,38.0961,104.5156,38.0961,0.1089,41.9522,0.9592,4.148226,2.03672,-3.1963,-0.0045,-0.1696,-0.6834
/kaggle/input/datasets/duc24kdl/sub-x-ray/sub_X-Ray/sub_NIH/00000301_001.png,,sub_NIH,00000301_001.png,ok,512x512 -> 1024x1024,2,1,4.77,42.1672,3.947857,1.986922,0.9655,0.9968,0.1426,7.0278,38.4977,9.189793,3.031467,0.9456,0.9922,0.3514,0.3514,0.3514,7.8708,136.6397,52.6853,136.6397,52.6853,0.0888,38.4977,0.9456,9.189793,3.031467,-3.6694,-0.0046,-0.2088,-0.8431
/kaggle/input/datasets/duc24kdl/sub-x-ray/sub_X-Ray/sub_NIH/00000303_000.png,,sub_NIH,00000303_000.png,ok,512x512 -> 1024x1024,2,1,4.8,38.238,9.75609,3.123474,0.9827,0.9982,0.0691,6.3861,36.2105,15.560612,3.944694,0.9664,0.9947,0.2106,0.2106,0.2106,7.3806,150.0695,68.8084,150.0695,68.8084,0.2054,36.2105,0.9664,15.560612,3.944694,-2.0275,-0.0034,-0.1415,-0.9945
/kaggle/input/datasets/duc24kdl/sub-x-ray/sub_X-Ray/sub_NIH/00000304_000.png,,sub_NIH,00000304_000.png,ok,512x512 -> 1024x1024,2,1,4.78,44.5667,2.271987,1.507311,0.9832,0.9981,0.0634,6.7854,40.7293,5.497276,2.344627,0.968,0.9946,0.2147,0.2147,0.2147,7.8868,159.6323,44.8623,159.6323,44.8623,0.3337,40.7293,0.968,5.497276,2.344627,-3.8374,-0.0034,-0.1513,-1.1014
/kaggle/input/datasets/duc24kdl/sub-x-ray/sub_X-Ray/sub_NIH/00000304_002.png,,sub_NIH,00000304_002.png,ok,512x512 -> 1024x1024,2,1,4.81,42.1912,3.926111,1.981442,0.9624,0.9966,0.1316,6.7438,39.5642,7.188808,2.681195,0.9402,0.9914,0.2976,0.2976,0.2976,7.786,95.0001,62.7244,95.0001,62.7244,0.0997,39.5642,0.9402,7.188808,2.681195,-2.6269,-0.0052,-0.1661,-1.0422
/kaggle/input/datasets/duc24kdl/sub-x-ray/sub_X-Ray/sub_NIH/00000305_000.png,,sub_NIH,00000305_000.png,ok,512x512 -> 1024x1024,2,1,4.76,42.8264,3.391859,1.8417,0.9669,0.997,0.1264,6.1335,39.7149,6.943744,2.635098,0.9499,0.993,0.302,0.302,0.302,7.8548,121.2734,68.9757,121.2734,68.9757,0.1,39.7149,0.9499,6.943744,2.635098,-3.1116,-0.004,-0.1756,-1.7213
/kaggle/input/datasets/duc24kdl/sub-x-ray/sub_X-Ray/sub_NIH/00000305_002.png,,sub_NIH,00000305_002.png,ok,512x512 -> 1024x1024,2,1,4.8,37.0134,12.934187,3.596413,0.9846,0.9982,0.0768,7.1168,33.8038,27.083456,5.204177,0.9746,0.9956,0.2583,0.2583,0.2583,7.1812,121.6836,48.4285,121.6836,48.4285,0.1418,33.8038,0.9746,27.083456,5.204177,-3.2096,-0.0026,-0.1815,-0.0644
/kaggle/input/datasets/duc24kdl/sub-x-ray/sub_X-Ray/sub_NIH/00000307_000.png,,sub_NIH,00000307_000.png,ok,512x512 -> 1024x1024,2,1,4.78,41.6047,4.493766,2.11985,0.9543,0.9958,0.1585,6.8564,38.6915,8.788752,2.964583,0.9323,0.9904,0.3573,0.3573,0.3573,8.3865,120.2623,64.202,120.2623,64.202,0.115,38.6915,0.9323,8.788752,2.964583,-2.9132,-0.0054,-0.1988,-1.5301
/kaggle/input/datasets/duc24kdl/sub-x-ray/sub_X-Ray/sub_NIH/00000310_005.png,,sub_NIH,00000310_005.png,ok,512x512 -> 1024x1024,2,1,4.79,37.7761,10.850959,3.294079,0.9883,0.9985,0.0643,7.709,36.0359,16.198945,4.024791,0.9819,0.9972,0.1948,0.1948,0.1948,8.5248,151.8457,52.0664,151.8457,52.0664,0.135,36.0359,0.9819,16.198945,4.024791,-1.7402,-0.0013,-0.1305,-0.8157
/kaggle/input/datasets/duc24kdl/sub-x-ray/sub_X-Ray/sub_NIH/00000310_006.png,,sub_NIH,00000310_006.png,ok,512x512 -> 1024x1024,2,1,4.75,48.6364,0.890094,0.943448,0.9879,0.9984,0.0567,7.9426,44.7549,2.175663,1.475013,0.982,0.997,0.2176,0.2176,0.2176,8.6717,154.3826,40.6133,154.3826,40.6133,0.0631,44.7549,0.982,2.175663,1.475013,-3.8816,-0.0014,-0.161,-0.7291
/kaggle/input/datasets/duc24kdl/sub-x-ray/sub_X-Ray/sub_NIH/00000311_001.png,,sub_NIH,00000311_001.png,ok,512x512 -> 1024x1024,2,1,4.82,36.0232,16.246497,4.030694,0.9811,0.998,0.0744,6.39,34.3993,23.612739,4.859294,0.9654,0.9945,0.2209,0.2209,0.2209,7.8056,171.7257,49.8215,171.7257,49.8215,-0.0837,34.3993,0.9654,23.612739,4.859294,-1.6239,-0.0036,-0.1465,-1.4156
/kaggle/input/datasets/duc24kdl/sub-x-ray/sub_X-Ray/sub_NIH/00000315_004.png,,sub_NIH,00000315_004.png,ok,512x512 -> 1024x1024,2,1,4.78,42.2588,3.865425,1.966068,0.9632,0.9967,0.1267,6.1649,39.3263,7.593668,2.755661,0.941,0.9916,0.291,0.291,0.291,7.7399,107.9446,73.6626,107.9446,73.6626,0.0992,39.3263,0.941,7.593668,2.755661,-2.9325,-0.0051,-0.1642,-1.5749
/kaggle/input/datasets/duc24kdl/sub-x-ray/sub_X-Ray/sub_NIH/00000317_001.png,,sub_NIH,00000317_001.png,ok,512x512 -> 1024x1024,2,1,4.78,44.3087,2.41109,1.552768,0.9859,0.9984,0.0506,6.5882,38.5896,8.997421,2.99957,0.9684,0.9948,0.1845,0.1845,0.1845,7.3903,158.9372,54.8506,158.9372,54.8506,0.1735,38.5896,0.9684,8.997421,2.99957,-5.719,-0.0036,-0.1339,-0.8021
/kaggle/input/datasets/duc24kdl/sub-x-ray/sub_X-Ray/sub_NIH/00000317_002.png,,sub_NIH,00000317_002.png,ok,512x512 -> 1024x1024,2,1,4.76,36.395,14.913487,3.861798,0.9812,0.9981,0.068,6.2656,33.6288,28.196983,5.310083,0.9603,0.994,0.1765,0.1765,0.1765,7.6215,141.255,75.9613,141.255,75.9613,-0.0133,33.6288,0.9603,28.196983,5.310083,-2.7662,-0.0041,-0.1085,-1.3559
/kaggle/input/datasets/duc24kdl/sub-x-ray/sub_X-Ray/sub_NIH/00000318_001.png,,sub_NIH,00000318_001.png,ok,512x512 -> 1024x1024,2,1,4.78,41.6766,4.419951,2.102368,0.9596,0.9964,0.1375,6.4337,38.334,9.54287,3.089154,0.9366,0.9911,0.3162,0.3162,0.3162,7.6833,104.7777,70.1516,104.7777,70.1516,0.0948,38.334,0.9366,9.54287,3.089154,-3.3426,-0.0053,-0.1788,-1.2496
/kaggle/input/datasets/duc24kdl/sub-x-ray/sub_X-Ray/sub_NIH/00000318_008.png,,sub_NIH,00000318_008.png,ok,512x512 -> 1024x1024,2,1,4.79,40.9954,5.170545,2.273883,0.9652,0.9968,0.1403,6.517,38.2245,9.786524,3.128342,0.9468,0.9924,0.3367,0.3367,0.3367,8.2564,115.8566,58.1129,115.8566,58.1129,0.127,38.2245,0.9468,9.786524,3.128342,-2.7709,-0.0044,-0.1964,-1.7394
/kaggle/input/datasets/duc24kdl/sub-x-ray/sub_X-Ray/sub_NIH/00000324_002.png,,sub_NIH,00000324_002.png,ok,512x512 -> 1024x1024,2,1,4.79,42.6742,3.512822,1.874252,0.9609,0.9965,0.1486,6.6474,39.943,6.588409,2.56679,0.9451,0.9925,0.3432,0.3432,0.3432,8.7364,134.1644,69.0284,134.1644,69.0284,0.0804,39.943,0.9451,6.588409,2.56679,-2.7312,-0.004,-0.1946,-2.089
/kaggle/input/datasets/duc24kdl/sub-x-ray/sub_X-Ray/sub_NIH/00000324_003.png,,sub_NIH,00000324_003.png,ok,512x512 -> 1024x1024,2,1,4.76,43.0364,3.231773,1.797713,0.9626,0.9966,0.1387,6.4786,40.1953,6.216569,2.493305,0.9472,0.9927,0.3263,0.3263,0.3263,9.0191,123.5951,71.9985,123.5951,71.9985,0.0709,40.1953,0.9472,6.216569,2.493305,-2.8411,-0.0039,-0.1875,-2.5404
/kaggle/input/datasets/duc24kdl/sub-x-ray/sub_X-Ray/sub_NIH/00000324_004.png,,sub_NIH,00000324_004.png,ok,512x512 -> 1024x1024,2,1,4.77,42.6549,3.528484,1.878426,0.9616,0.9966,0.1467,6.6611,39.8167,6.782758,2.604373,0.9457,0.9926,0.352,0.352,0.352,8.3085,130.9065,64.9764,130.9065,64.9764,0.0791,39.8167,0.9457,6.782758,2.604373,-2.8382,-0.004,-0.2053,-1.6474
/kaggle/input/datasets/duc24kdl/sub-x-ray/sub_X-Ray/sub_NIH/00000324_005.png,,sub_NIH,00000324_005.png,ok,512x512 -> 1024x1024,2,1,4.77,39.0414,8.108552,2.847552,0.9869,0.9984,0.0697,8.5558,37.6541,11.160095,3.340673,0.983,0.9973,0.2311,0.2311,0.2311,9.3148,118.8014,57.1963,118.8014,57.1963,0.1531,37.6541,0.983,11.160095,3.340673,-1.3872,-0.0011,-0.1614,-0.759
/kaggle/input/datasets/duc24kdl/sub-x-ray/sub_X-Ray/sub_NIH/00000324_008.png,,sub_NIH,00000324_008.png,ok,512x512 -> 1024x1024,2,1,4.81,37.2997,12.10904,3.479805,0.9836,0.9981,0.0809,7.2921,34.6866,22.101291,4.701201,0.9774,0.9963,0.2656,0.2656,0.2656,8.2914,119.4967,46.3698,119.4967,46.3698,0.1712,34.6866,0.9774,22.101291,4.701201,-2.6131,-0.0018,-0.1847,-0.9993
/kaggle/input/datasets/duc24kdl/sub-x-ray/sub_X-Ray/sub_NIH/00000324_012.png,,sub_NIH,00000324_012.png,ok,512x512 -> 1024x1024,2,1,4.76,41.8371,4.25958,2.063875,0.9586,0.9963,0.1537,6.7113,39.5318,7.242634,2.691214,0.9423,0.9922,0.3537,0.3537,0.3537,9.2531,132.6358,67.922,132.6358,67.922,0.1059,39.5318,0.9423,7.242634,2.691214,-2.3053,-0.0041,-0.2,-2.5418
/kaggle/input/datasets/duc24kdl/sub-x-ray/sub_X-Ray/sub_NIH/00000327_001.png,,sub_NIH,00000327_001.png,ok,512x512 -> 1024x1024,2,1,4.78,42.2258,3.894931,1.973558,0.9637,0.9967,0.1284,6.6528,38.9959,8.19389,2.862497,0.9439,0.9922,0.2924,0.2924,0.2924,7.5056,104.0735,67.5401,104.0735,67.5401,0.1044,38.9959,0.9439,8.19389,2.862497,-3.2299,-0.0045,-0.164,-0.8528
/kaggle/input/datasets/duc24kdl/sub-x-ray/sub_X-Ray/sub_NIH/00000331_002.png,,sub_NIH,00000331_002.png,ok,512x512 -> 1024x1024,2,1,4.77,42.1369,3.975503,1.993866,0.9622,0.9966,0.1387,6.7198,38.9782,8.227381,2.868341,0.9431,0.9921,0.3255,0.3255,0.3255,7.8606,114.6692,69.7719,114.6692,69.7719,0.1002,38.9782,0.9431,8.227381,2.868341,-3.1587,-0.0045,-0.1868,-1.1407
/kaggle/input/datasets/duc24kdl/sub-x-ray/sub_X-Ray/sub_NIH/00000334_001.png,,sub_NIH,00000334_001.png,ok,512x512 -> 1024x1024,2,1,4.79,44.3486,2.389025,1.545647,0.9829,0.9981,0.0669,6.734,39.3081,7.625564,2.761442,0.9669,0.9944,0.2293,0.2293,0.2293,8.062,159.3457,50.4212,159.3457,50.4212,0.1581,39.3081,0.9669,7.625564,2.761442,-5.0405,-0.0037,-0.1624,-1.328
/kaggle/input/datasets/duc24kdl/sub-x-ray/sub_X-Ray/sub_NIH/00000339_000.png,,sub_NIH,00000339_000.png,ok,512x512 -> 1024x1024,2,1,4.75,42.3463,3.78836,1.946371,0.9681,0.9971,0.1132,5.9486,38.6103,8.9547,2.99244,0.9478,0.9927,0.2657,0.2657,0.2657,7.7914,108.3589,69.5444,108.3589,69.5444,0.1077,38.6103,0.9478,8.9547,2.99244,-3.736,-0.0044,-0.1525,-1.8428
/kaggle/input/datasets/duc24kdl/sub-x-ray/sub_X-Ray/sub_NIH/00000340_000.png,,sub_NIH,00000340_000.png,ok,512x512 -> 1024x1024,2,1,4.77,45.3383,1.902169,1.379192,0.982,0.998,0.064,6.7396,41.1238,5.019982,2.240532,0.9681,0.9947,0.206,0.206,0.206,7.9067,159.1667,62.7328,159.1667,62.7328,0.2533,41.1238,0.9681,5.019982,2.240532,-4.2145,-0.0033,-0.142,-1.1671
/kaggle/input/datasets/duc24kdl/sub-x-ray/sub_X-Ray/sub_NIH/00000340_002.png,,sub_NIH,00000340_002.png,ok,512x512 -> 1024x1024,2,1,4.78,36.2785,15.319051,3.913956,0.983,0.9982,0.0601,6.456,34.5688,22.708877,4.765383,0.9712,0.9956,0.1774,0.1774,0.1774,7.7514,149.2006,72.2215,149.2006,72.2215,-0.0469,34.5688,0.9712,22.708877,4.765383,-1.7096,-0.0026,-0.1173,-1.2954
/kaggle/input/datasets/duc24kdl/sub-x-ray/sub_X-Ray/sub_NIH/00000341_000.png,,sub_NIH,00000341_000.png,ok,512x512 -> 1024x1024,2,1,4.77,46.1479,1.578677,1.256454,0.9839,0.9981,0.0712,6.9713,42.1517,3.96198,1.990472,0.9702,0.9949,0.2461,0.2461,0.2461,7.67,162.6681,40.7708,162.6681,40.7708,0.1806,42.1517,0.9702,3.96198,1.990472,-3.9962,-0.0033,-0.1749,-0.6987
/kaggle/input/datasets/duc24kdl/sub-x-ray/sub_X-Ray/sub_NIH/00000348_002.png,,sub_NIH,00000348_002.png,ok,512x512 -> 1024x1024,2,1,4.75,44.2075,2.467912,1.570959,0.9876,0.9983,0.0497,8.1286,40.4623,5.845945,2.417839,0.9829,0.9971,0.1869,0.1869,0.1869,9.8361,165.7481,32.8457,165.7481,32.8457,0.0145,40.4623,0.9829,5.845945,2.417839,-3.7453,-0.0012,-0.1372,-1.7075
/kaggle/input/datasets/duc24kdl/sub-x-ray/sub_X-Ray/sub_NIH/00000348_008.png,,sub_NIH,00000348_008.png,ok,512x512 -> 1024x1024,2,1,4.77,40.5199,5.768912,2.401856,0.9543,0.9958,0.165,6.8009,38.5462,9.087879,3.014611,0.9343,0.9907,0.3623,0.3623,0.3623,8.2463,127.2936,67.5476,127.2936,67.5476,0.1366,38.5462,0.9343,9.087879,3.014611,-1.9737,-0.0051,-0.1973,-1.4453
/kaggle/input/datasets/duc24kdl/sub-x-ray/sub_X-Ray/sub_NIH/00000351_000.png,,sub_NIH,00000351_000.png,ok,512x512 -> 1024x1024,2,1,4.76,38.7487,8.673844,2.945139,0.9849,0.9983,0.0566,7.3867,37.0096,12.945641,3.598005,0.9754,0.9962,0.1891,0.1891,0.1891,7.8892,154.1028,54.4074,154.1028,54.4074,-0.0576,37.0096,0.9754,12.945641,3.598005,-1.7391,-0.0021,-0.1326,-0.5024
/kaggle/input/datasets/duc24kdl/sub-x-ray/sub_X-Ray/sub_NIH/00000354_000.png,,sub_NIH,00000354_000.png,ok,512x512 -> 1024x1024,2,1,4.78,39.2235,7.775622,2.78848,0.9902,0.9987,0.0495,7.9504,37.4091,11.807842,3.436254,0.9856,0.9977,0.1713,0.1713,0.1713,9.2511,139.9841,57.6619,139.9841,57.6619,0.1129,37.4091,0.9856,11.807842,3.436254,-1.8144,-0.001,-0.1218,-1.3007
/kaggle/input/datasets/duc24kdl/sub-x-ray/sub_X-Ray/sub_NIH/00000358_000.png,,sub_NIH,00000358_000.png,ok,512x512 -> 1024x1024,2,1,4.77,45.529,1.820466,1.349247,0.9885,0.9985,0.0471,6.9091,41.1132,5.032235,2.243264,0.9792,0.9964,0.1866,0.1866,0.1866,8.3279,160.4094,58.3579,160.4094,58.3579,0.2391,41.1132,0.9792,5.032235,2.243264,-4.4158,-0.0021,-0.1395,-1.4189
/kaggle/input/datasets/duc24kdl/sub-x-ray/sub_X-Ray/sub_NIH/00000358_001.png,,sub_NIH,00000358_001.png,ok,512x512 -> 1024x1024,2,1,4.75,41.7348,4.361128,2.088331,0.9605,0.9965,0.1391,6.1539,38.8078,8.556571,2.925162,0.941,0.9918,0.3134,0.3134,0.3134,8.4135,121.0682,68.8275,121.0682,68.8275,0.1083,38.8078,0.941,8.556571,2.925162,-2.927,-0.0047,-0.1743,-2.2596
/kaggle/input/datasets/duc24kdl/sub-x-ray/sub_X-Ray/sub_NIH/00000360_001.png,,sub_NIH,00000360_001.png,ok,512x512 -> 1024x1024,2,1,4.76,44.8764,2.115627,1.45452,0.9812,0.9979,0.0793,6.7065,40.1831,6.233986,2.496795,0.9651,0.9944,0.2472,0.2472,0.2472,7.977,157.1867,64.8211,157.1867,64.8211,0.1115,40.1831,0.9651,6.233986,2.496795,-4.6933,-0.0035,-0.1679,-1.2705
/kaggle/input/datasets/duc24kdl/sub-x-ray/sub_X-Ray/sub_NIH/00000360_002.png,,sub_NIH,00000360_002.png,ok,512x512 -> 1024x1024,2,1,4.77,37.7211,10.989198,3.314996,0.9797,0.9979,0.0808,6.9503,35.9323,16.590074,4.073091,0.9668,0.9949,0.2238,0.2238,0.2238,7.3833,165.1839,60.1526,165.1839,60.1526,0.1325,35.9323,0.9668,16.590074,4.073091,-1.7888,-0.003,-0.1431,-0.433
/kaggle/input/datasets/duc24kdl/sub-x-ray/sub_X-Ray/sub_NIH/00000360_003.png,,sub_NIH,00000360_003.png,ok,512x512 -> 1024x1024,2,1,4.8,38.6895,8.792953,2.965291,0.9885,0.9985,0.0514,7.836,36.7991,13.588548,3.686265,0.9838,0.9974,0.1763,0.1763,0.1763,7.9019,157.1444,52.0263,157.1444,52.0263,0.1442,36.7991,0.9838,13.588548,3.686265,-1.8904,-0.0011,-0.1249,-0.0658
/kaggle/input/datasets/duc24kdl/sub-x-ray/sub_X-Ray/sub_NIH/00000360_007.png,,sub_NIH,00000360_007.png,ok,512x512 -> 1024x1024,2,1,4.77,38.26,9.706976,3.115602,0.9837,0.9982,0.0643,6.5581,34.9107,20.989851,4.581468,0.9707,0.9953,0.2067,0.2067,0.2067,7.2637,154.3728,64.3122,154.3728,64.3122,0.2048,34.9107,0.9707,20.989851,4.581468,-3.3493,-0.0029,-0.1423,-0.7056
/kaggle/input/datasets/duc24kdl/sub-x-ray/sub_X-Ray/sub_NIH/00000362_001.png,,sub_NIH,00000362_001.png,ok,512x512 -> 1024x1024,2,1,4.78,40.7791,5.434578,2.331218,0.959,0.9964,0.1486,6.766,38.3696,9.465086,3.076538,0.9378,0.9915,0.3457,0.3457,0.3457,7.9491,124.0088,63.7163,124.0088,63.7163,0.136,38.3696,0.9378,9.465086,3.076538,-2.4096,-0.0049,-0.1971,-1.1831
/kaggle/input/datasets/duc24kdl/sub-x-ray/sub_X-Ray/sub_NIH/00000362_002.png,,sub_NIH,00000362_002.png,ok,512x512 -> 1024x1024,2,1,4.78,41.76,4.335956,2.082296,0.9646,0.9969,0.1358,6.7326,38.8362,8.500768,2.915608,0.9466,0.9926,0.3245,0.3245,0.3245,8.1862,122.5404,62.4462,122.5404,62.4462,0.1223,38.8362,0.9466,8.500768,2.915608,-2.9237,-0.0042,-0.1887,-1.4536
/kaggle/input/datasets/duc24kdl/sub-x-ray/sub_X-Ray/sub_NIH/00000368_003.png,,sub_NIH,00000368_003.png,ok,512x512 -> 1024x1024,2,1,4.77,37.6252,11.234614,3.351808,0.9735,0.9973,0.1045,6.1721,34.5109,23.013908,4.797281,0.9547,0.9924,0.3002,0.3002,0.3002,7.2735,115.5874,50.6399,115.5874,50.6399,0.2124,34.5109,0.9547,23.013908,4.797281,-3.1143,-0.0048,-0.1957,-1.1013
/kaggle/input/datasets/duc24kdl/sub-x-ray/sub_X-Ray/sub_NIH/00000369_000.png,,sub_NIH,00000369_000.png,ok,512x512 -> 1024x1024,2,1,4.76,41.5656,4.534411,2.129416,0.9652,0.9968,0.1332,6.1494,39.0863,8.025035,2.832849,0.9472,0.9926,0.3104,0.3104,0.3104,7.7967,123.444,67.5216,123.444,67.5216,0.1364,39.0863,0.9472,8.025035,2.832849,-2.4793,-0.0042,-0.1773,-1.6473
/kaggle/input/datasets/duc24kdl/sub-x-ray/sub_X-Ray/sub_NIH/00000370_001.png,,sub_NIH,00000370_001.png,ok,512x512 -> 1024x1024,2,1,4.79,37.5946,11.314147,3.363651,0.9747,0.9975,0.1022,6.5213,35.4795,18.413104,4.291049,0.9581,0.9936,0.2546,0.2546,0.2546,8.8437,128.0116,65.4474,128.0116,65.4474,-0.141,35.4795,0.9581,18.413104,4.291049,-2.1151,-0.0039,-0.1524,-2.3224
/kaggle/input/datasets/duc24kdl/sub-x-ray/sub_X-Ray/sub_NIH/00000370_007.png,,sub_NIH,00000370_007.png,ok,512x512 -> 1024x1024,2,1,4.79,42.5299,3.631514,1.905653,0.9701,0.9972,0.1182,6.7177,39.5443,7.221885,2.687356,0.9546,0.9935,0.2855,0.2855,0.2855,8.4971,119.8347,62.8094,119.8347,62.8094,0.1244,39.5443,0.9546,7.221885,2.687356,-2.9856,-0.0037,-0.1673,-1.7794
/kaggle/input/datasets/duc24kdl/sub-x-ray/sub_X-Ray/sub_NIH/00000370_010.png,,sub_NIH,00000370_010.png,ok,512x512 -> 1024x1024,2,1,4.77,39.9972,6.50666,2.550816,0.9561,0.996,0.1582,6.6514,37.3735,11.904983,3.45036,0.9338,0.9907,0.3516,0.3516,0.3516,8.0996,118.6921,66.948,118.6921,66.948,0.1402,37.3735,0.9338,11.904983,3.45036,-2.6237,-0.0054,-0.1934,-1.4482
/kaggle/input/datasets/duc24kdl/sub-x-ray/sub_X-Ray/sub_NIH/00000371_000.png,,sub_NIH,00000371_000.png,ok,512x512 -> 1024x1024,2,1,4.75,44.6534,2.227109,1.49235,0.975,0.9974,0.0923,6.8846,41.462,4.643899,2.154971,0.958,0.9928,0.277,0.277,0.277,7.3979,111.4126,31.7553,111.4126,31.7553,0.089,41.462,0.958,4.643899,2.154971,-3.1914,-0.0045,-0.1847,-0.5134
/kaggle/input/datasets/duc24kdl/sub-x-ray/sub_X-Ray/sub_NIH/00000372_001.png,,sub_NIH,00000372_001.png,ok,512x512 -> 1024x1024,2,1,4.81,38.8147,8.542961,2.922834,0.9888,0.9985,0.0564,8.0645,37.0,12.974325,3.601989,0.982,0.9972,0.1858,0.1858,0.1858,8.1911,151.0422,55.2289,151.0422,55.2289,0.1394,37.0,0.982,12.974325,3.601989,-1.8148,-0.0013,-0.1294,-0.1266
/kaggle/input/datasets/duc24kdl/sub-x-ray/sub_X-Ray/sub_NIH/00000372_003.png,,sub_NIH,00000372_003.png,ok,512x512 -> 1024x1024,2,1,4.79,38.5518,9.076168,3.012668,0.9838,0.9983,0.0706,6.4681,36.6133,14.182414,3.765955,0.9706,0.9954,0.2249,0.2249,0.2249,7.5724,153.453,63.574,153.453,63.574,0.0398,36.6133,0.9706,14.182414,3.765955,-1.9385,-0.0028,-0.1542,-1.1043
/kaggle/input/datasets/duc24kdl/sub-x-ray/sub_X-Ray/sub_NIH/00000372_006.png,,sub_NIH,00000372_006.png,ok,512x512 -> 1024x1024,2,1,4.76,38.685,8.80201,2.966818,0.985,0.9983,0.057,6.5865,37.16,12.504811,3.536214,0.9747,0.996,0.1886,0.1886,0.1886,7.2794,161.5617,59.3569,161.5617,59.3569,0.1366,37.16,0.9747,12.504811,3.536214,-1.525,-0.0023,-0.1316,-0.6929
/kaggle/input/datasets/duc24kdl/sub-x-ray/sub_X-Ray/sub_NIH/00000372_009.png,,sub_NIH,00000372_009.png,ok,512x512 -> 1024x1024,2,1,4.78,40.0312,6.455975,2.540861,0.9899,0.9986,0.0487,7.4651,38.4529,9.285115,3.047149,0.9844,0.9974,0.1743,0.1743,0.1743,8.1223,146.1285,55.8415,146.1285,55.8415,0.1274,38.4529,0.9844,9.285115,3.047149,-1.5783,-0.0012,-0.1256,-0.6571
/kaggle/input/datasets/duc24kdl/sub-x-ray/sub_X-Ray/sub_NIH/00000372_012.png,,sub_NIH,00000372_012.png,ok,512x512 -> 1024x1024,2,1,4.76,38.0795,10.118856,3.181015,0.983,0.9982,0.0658,6.89,36.0693,16.075014,4.009366,0.9709,0.9955,0.1954,0.1954,0.1954,7.7622,147.7349,71.1555,147.7349,71.1555,0.1756,36.0693,0.9709,16.075014,4.009366,-2.0102,-0.0026,-0.1296,-0.8722
/kaggle/input/datasets/duc24kdl/sub-x-ray/sub_X-Ray/sub_NIH/00000372_014.png,,sub_NIH,00000372_014.png,ok,512x512 -> 1024x1024,2,1,4.76,38.5854,9.006171,3.001028,0.9838,0.9982,0.0671,6.7812,36.9536,13.113541,3.621262,0.972,0.9957,0.2107,0.2107,0.2107,7.6294,153.2474,60.4979,153.2474,60.4979,0.3468,36.9536,0.972,13.113541,3.621262,-1.6318,-0.0025,-0.1436,-0.8481
/kaggle/input/datasets/duc24kdl/sub-x-ray/sub_X-Ray/sub_NIH/00000373_000.png,,sub_NIH,00000373_000.png,ok,512x512 -> 1024x1024,2,1,4.77,43.0128,3.249351,1.802596,0.9789,0.9978,0.0806,6.7356,37.8423,10.686826,3.269071,0.9631,0.9943,0.2438,0.2438,0.2438,7.7927,162.1329,63.1575,162.1329,63.1575,0.1543,37.8423,0.9631,10.686826,3.269071,-5.1705,-0.0035,-0.1631,-1.0571
/kaggle/input/datasets/duc24kdl/sub-x-ray/sub_X-Ray/sub_NIH/00000376_000.png,,sub_NIH,00000376_000.png,ok,512x512 -> 1024x1024,2,1,4.77,45.71,1.746161,1.321424,0.9802,0.9979,0.084,6.7708,41.3925,4.718817,2.172284,0.9626,0.9938,0.2581,0.2581,0.2581,7.5386,171.2377,43.2804,171.2377,43.2804,0.1123,41.3925,0.9626,4.718817,2.172284,-4.3175,-0.0041,-0.1742,-0.7677
/kaggle/input/datasets/duc24kdl/sub-x-ray/sub_X-Ray/sub_NIH/00000376_002.png,,sub_NIH,00000376_002.png,ok,512x512 -> 1024x1024,2,1,4.77,42.2894,3.838338,1.959168,0.9617,0.9966,0.1429,6.7533,39.1124,7.977004,2.824359,0.9416,0.9918,0.3318,0.3318,0.3318,7.7038,136.4758,68.113,136.4758,68.113,0.0906,39.1124,0.9416,7.977004,2.824359,-3.177,-0.0047,-0.1889,-0.9505
/kaggle/input/datasets/duc24kdl/sub-x-ray/sub_X-Ray/sub_NIH/00000376_005.png,,sub_NIH,00000376_005.png,ok,512x512 -> 1024x1024,2,1,4.77,34.9571,20.766825,4.557063,0.9822,0.9977,0.0803,6.7141,32.4002,37.416404,6.116895,0.9726,0.9942,0.2373,0.2373,0.2373,7.4552,119.6373,50.3615,119.6373,50.3615,0.1725,32.4002,0.9726,37.416404,6.116895,-2.5569,-0.0035,-0.157,-0.7412
/kaggle/input/datasets/duc24kdl/sub-x-ray/sub_X-Ray/sub_NIH/00000376_009.png,,sub_NIH,00000376_009.png,ok,512x512 -> 1024x1024,2,1,4.76,35.8559,16.884489,4.109074,0.9865,0.9982,0.0579,6.9161,33.5516,28.70257,5.357478,0.9798,0.9962,0.1869,0.1869,0.1869,7.9915,158.7546,50.8338,158.7546,50.8338,0.1758,33.5516,0.9798,28.70257,5.357478,-2.3043,-0.0021,-0.129,-1.0754
/kaggle/input/datasets/duc24kdl/sub-x-ray/sub_X-Ray/sub_NIH/00000376_011.png,,sub_NIH,00000376_011.png,ok,512x512 -> 1024x1024,2,1,4.77,36.6,14.225981,3.771734,0.9849,0.9983,0.0596,6.4271,35.1765,19.743924,4.443414,0.9722,0.9953,0.1927,0.1927,0.1927,7.4264,180.4313,55.5913,180.4313,55.5913,0.152,35.1765,0.9722,19.743924,4.443414,-1.4235,-0.0029,-0.1331,-0.9993
/kaggle/input/datasets/duc24kdl/sub-x-ray/sub_X-Ray/sub_NIH/00000377_003.png,,sub_NIH,00000377_003.png,ok,512x512 -> 1024x1024,2,1,4.76,42.7096,3.484305,1.866629,0.9657,0.9969,0.112,6.3126,39.2306,7.762789,2.786178,0.9457,0.9921,0.2692,0.2692,0.2692,8.3361,119.1451,71.2136,119.1451,71.2136,0.0897,39.2306,0.9457,7.762789,2.786178,-3.479,-0.0048,-0.1572,-2.0235
/kaggle/input/datasets/duc24kdl/sub-x-ray/sub_X-Ray/sub_NIH/00000379_000.png,,sub_NIH,00000379_000.png,ok,512x512 -> 1024x1024,2,1,4.77,40.8043,5.403161,2.32447,0.9588,0.9963,0.1428,6.307,37.6451,11.183234,3.344134,0.9373,0.9912,0.3227,0.3227,0.3227,7.3526,104.8788,66.3976,104.8788,66.3976,0.1424,37.6451,0.9373,11.183234,3.344134,-3.1592,-0.0051,-0.1799,-1.0455
/kaggle/input/datasets/duc24kdl/sub-x-ray/sub_X-Ray/sub_NIH/00000381_000.png,,sub_NIH,00000381_000.png,ok,512x512 -> 1024x1024,2,1,4.78,39.4538,7.373955,2.715503,0.9838,0.9981,0.0819,7.9387,37.6436,11.187072,3.344708,0.9771,0.9964,0.2633,0.2633,0.2633,8.1779,132.7607,44.9936,132.7607,44.9936,0.133,37.6436,0.9771,11.187072,3.344708,-1.8102,-0.0018,-0.1813,-0.2392
/kaggle/input/datasets/duc24kdl/sub-x-ray/sub_X-Ray/sub_NIH/00000381_003.png,,sub_NIH,00000381_003.png,ok,512x512 -> 1024x1024,2,1,4.76,35.428,18.632846,4.316578,0.9555,0.9957,0.1667,6.6181,32.2901,38.377328,6.194944,0.9357,0.9902,0.3631,0.3631,0.3631,7.5746,142.6212,58.6128,142.6212,58.6128,0.1806,32.2901,0.9357,38.377328,6.194944,-3.138,-0.0055,-0.1964,-0.9565
/kaggle/input/datasets/duc24kdl/sub-x-ray/sub_X-Ray/sub_NIH/00000385_004.png,,sub_NIH,00000385_004.png,ok,512x512 -> 1024x1024,2,1,4.76,41.3492,4.766072,2.183133,0.9645,0.9968,0.132,6.5622,38.9365,8.30671,2.882136,0.9472,0.9927,0.2979,0.2979,0.2979,7.767,115.8353,75.0277,115.8353,75.0277,0.1525,38.9365,0.9472,8.30671,2.882136,-2.4127,-0.004,-0.1659,-1.2048
/kaggle/input/datasets/duc24kdl/sub-x-ray/sub_X-Ray/sub_NIH/00000386_000.png,,sub_NIH,00000386_000.png,ok,512x512 -> 1024x1024,2,1,4.76,45.4241,1.864966,1.365638,0.9855,0.9983,0.0633,6.8659,40.3989,5.931882,2.435546,0.9706,0.9951,0.2169,0.2169,0.2169,7.7947,160.9373,51.4266,160.9373,51.4266,0.1527,40.3989,0.9706,5.931882,2.435546,-5.0252,-0.0033,-0.1536,-0.9288
/kaggle/input/datasets/duc24kdl/sub-x-ray/sub_X-Ray/sub_NIH/00000388_000.png,,sub_NIH,00000388_000.png,ok,512x512 -> 1024x1024,2,1,4.77,43.7454,2.745007,1.656806,0.9743,0.9976,0.0988,6.3542,40.2246,6.174696,2.484894,0.9596,0.9942,0.2573,0.2573,0.2573,8.2258,104.0006,65.2943,104.0006,65.2943,0.1136,40.2246,0.9596,6.174696,2.484894,-3.5207,-0.0034,-0.1584,-1.8716
/kaggle/input/datasets/duc24kdl/sub-x-ray/sub_X-Ray/sub_NIH/00000390_001.png,,sub_NIH,00000390_001.png,ok,512x512 -> 1024x1024,2,1,4.75,40.7824,5.43055,2.330354,0.9692,0.9971,0.12,6.7625,37.9736,10.368716,3.220049,0.9543,0.9935,0.2959,0.2959,0.2959,8.2333,135.36,62.9715,135.36,62.9715,0.159,37.9736,0.9543,10.368716,3.220049,-2.8088,-0.0036,-0.1759,-1.4708
/kaggle/input/datasets/duc24kdl/sub-x-ray/sub_X-Ray/sub_NIH/00000391_001.png,,sub_NIH,00000391_001.png,ok,512x512 -> 1024x1024,2,1,4.82,45.1817,1.972015,1.404285,0.9815,0.998,0.0736,6.6362,40.6977,5.537445,2.353178,0.9654,0.9944,0.2361,0.2361,0.2361,8.2166,152.1398,54.1317,152.1398,54.1317,0.1262,40.6977,0.9654,5.537445,2.353178,-4.484,-0.0036,-0.1625,-1.5805
/kaggle/input/datasets/duc24kdl/sub-x-ray/sub_X-Ray/sub_NIH/00000391_003.png,,sub_NIH,00000391_003.png,ok,512x512 -> 1024x1024,2,1,4.76,41.699,4.397209,2.096952,0.9644,0.9967,0.1399,6.7953,37.6687,11.122621,3.335059,0.9441,0.9921,0.3348,0.3348,0.3348,8.2634,120.1404,62.3673,120.1404,62.3673,0.1007,37.6687,0.9441,11.122621,3.335059,-4.0303,-0.0046,-0.1949,-1.4681
/kaggle/input/datasets/duc24kdl/sub-x-ray/sub_X-Ray/sub_NIH/00000391_007.png,,sub_NIH,00000391_007.png,ok,512x512 -> 1024x1024,2,1,4.83,41.8961,4.202185,2.049923,0.9664,0.9969,0.1366,6.5087,38.7371,8.696969,2.949062,0.9489,0.9927,0.3263,0.3263,0.3263,8.1151,118.2024,60.7509,118.2024,60.7509,0.143,38.7371,0.9489,8.696969,2.949062,-3.1589,-0.0041,-0.1896,-1.6064
/kaggle/input/datasets/duc24kdl/sub-x-ray/sub_X-Ray/sub_NIH/00000397_000.png,,sub_NIH,00000397_000.png,ok,512x512 -> 1024x1024,2,1,4.8,43.8265,2.69422,1.641408,0.9855,0.9982,0.0599,6.5035,39.4385,7.399916,2.720279,0.9741,0.9956,0.2084,0.2084,0.2084,8.6354,160.045,51.3942,160.045,51.3942,0.1464,39.4385,0.9741,7.399916,2.720279,-4.3879,-0.0027,-0.1484,-2.1319
/kaggle/input/datasets/duc24kdl/sub-x-ray/sub_X-Ray/sub_NIH/00000398_000.png,,sub_NIH,00000398_000.png,ok,512x512 -> 1024x1024,2,1,4.82,42.3061,3.823554,1.955391,0.9833,0.9982,0.0634,6.4551,38.9741,8.235205,2.869705,0.9703,0.9953,0.2068,0.2068,0.2068,8.1218,159.9773,58.1187,159.9773,58.1187,-0.1313,38.9741,0.9703,8.235205,2.869705,-3.3321,-0.0029,-0.1434,-1.6666
/kaggle/input/datasets/duc24kdl/sub-x-ray/sub_X-Ray/sub_NIH/00000402_003.png,,sub_NIH,00000402_003.png,ok,512x512 -> 1024x1024,2,1,5.02,36.5189,14.493933,3.80709,0.983,0.998,0.0859,6.4785,33.6906,27.798125,5.272393,0.9706,0.9948,0.2575,0.2575,0.2575,7.1179,117.4741,46.8068,117.4741,46.8068,0.1596,33.6906,0.9706,27.798125,5.272393,-2.8283,-0.0033,-0.1715,-0.6394
/kaggle/input/datasets/duc24kdl/sub-x-ray/sub_X-Ray/sub_NIH/00000402_010.png,,sub_NIH,00000402_010.png,ok,512x512 -> 1024x1024,2,1,4.76,38.5744,9.029096,3.004845,0.9847,0.9982,0.082,7.4359,35.9719,16.439482,4.054563,0.9738,0.9956,0.2582,0.2582,0.2582,7.8878,112.965,43.5282,112.965,43.5282,0.1534,35.9719,0.9738,16.439482,4.054563,-2.6024,-0.0026,-0.1762,-0.4519
/kaggle/input/datasets/duc24kdl/sub-x-ray/sub_X-Ray/sub_NIH/00000406_000.png,,sub_NIH,00000406_000.png,ok,512x512 -> 1024x1024,2,1,4.76,46.704,1.388935,1.178531,0.9832,0.9981,0.0711,7.2123,42.7549,3.448195,1.856932,0.9709,0.995,0.2351,0.2351,0.2351,8.0743,171.515,40.2414,171.515,40.2414,0.1322,42.7549,0.9709,3.448195,1.856932,-3.9491,-0.003,-0.164,-0.862
/kaggle/input/datasets/duc24kdl/sub-x-ray/sub_X-Ray/sub_NIH/00000410_000.png,,sub_NIH,00000410_000.png,ok,512x512 -> 1024x1024,2,1,4.78,40.1942,6.218091,2.49361,0.9565,0.9961,0.1363,6.2018,36.3891,14.933713,3.864416,0.9276,0.9893,0.3113,0.3113,0.3113,7.047,104.6335,61.4428,104.6335,61.4428,0.1075,36.3891,0.9276,14.933713,3.864416,-3.8051,-0.0068,-0.175,-0.8452
/kaggle/input/datasets/duc24kdl/sub-x-ray/sub_X-Ray/sub_NIH/00000410_001.png,,sub_NIH,00000410_001.png,ok,512x512 -> 1024x1024,2,1,4.86,40.7615,5.456703,2.335959,0.9642,0.9968,0.1197,5.7414,37.0355,12.868527,3.587273,0.9398,0.9911,0.2817,0.2817,0.2817,6.9187,98.3013,66.0017,98.3013,66.0017,0.1108,37.0355,0.9398,12.868527,3.587273,-3.726,-0.0056,-0.162,-1.1772
/kaggle/input/datasets/duc24kdl/sub-x-ray/sub_X-Ray/sub_NIH/00000412_000.png,,sub_NIH,00000412_000.png,ok,512x512 -> 1024x1024,2,1,4.76,45.3016,1.918333,1.385039,0.986,0.9983,0.0498,6.764,41.8644,4.232968,2.057418,0.9748,0.9957,0.1783,0.1783,0.1783,8.1207,177.8741,46.47,177.8741,46.47,0.4207,41.8644,0.9748,4.232968,2.057418,-3.4372,-0.0026,-0.1284,-1.3567
/kaggle/input/datasets/duc24kdl/sub-x-ray/sub_X-Ray/sub_NIH/00000412_003.png,,sub_NIH,00000412_003.png,ok,512x512 -> 1024x1024,2,1,4.79,37.7199,10.99237,3.315474,0.9838,0.9982,0.0649,6.4847,35.1572,19.831546,4.453262,0.9704,0.9951,0.2047,0.2047,0.2047,7.8796,163.7555,57.1679,163.7555,57.1679,0.2613,35.1572,0.9704,19.831546,4.453262,-2.5627,-0.003,-0.1398,-1.3949
/kaggle/input/datasets/duc24kdl/sub-x-ray/sub_X-Ray/sub_NIH/00000414_000.png,,sub_NIH,00000414_000.png,ok,512x512 -> 1024x1024,2,1,4.76,37.7385,10.945394,3.308382,0.9845,0.9982,0.061,6.5827,36.3342,15.123677,3.888917,0.9728,0.9954,0.1907,0.1907,0.1907,7.1405,170.8586,57.4774,170.8586,57.4774,0.1405,36.3342,0.9728,15.123677,3.888917,-1.4043,-0.0028,-0.1296,-0.5577
/kaggle/input/datasets/duc24kdl/sub-x-ray/sub_X-Ray/sub_NIH/00000415_001.png,,sub_NIH,00000415_001.png,ok,512x512 -> 1024x1024,2,1,4.78,37.825,10.729506,3.275592,0.9699,0.9971,0.0901,5.9132,33.2212,30.971386,5.565194,0.9394,0.9903,0.2539,0.2539,0.2539,7.1522,146.6815,59.9944,146.6815,59.9944,0.1605,33.2212,0.9394,30.971386,5.565194,-4.6038,-0.0067,-0.1637,-1.2391
/kaggle/input/datasets/duc24kdl/sub-x-ray/sub_X-Ray/sub_NIH/00000416_001.png,,sub_NIH,00000416_001.png,ok,512x512 -> 1024x1024,2,1,4.79,37.3998,11.833015,3.439915,0.9832,0.9981,0.0681,6.4224,36.1236,15.875122,3.98436,0.9711,0.9953,0.2109,0.2109,0.2109,7.1754,173.3182,54.0328,173.3182,54.0328,0.1391,36.1236,0.9711,15.875122,3.98436,-1.2762,-0.0029,-0.1428,-0.753
/kaggle/input/datasets/duc24kdl/sub-x-ray/sub_X-Ray/sub_NIH/00000416_003.png,,sub_NIH,00000416_003.png,ok,512x512 -> 1024x1024,2,1,4.76,41.7669,4.329026,2.080631,0.9576,0.9962,0.1396,6.339,38.2509,9.727343,3.118869,0.9355,0.991,0.3274,0.3274,0.3274,7.6685,137.3223,64.9711,137.3223,64.9711,0.0892,38.2509,0.9355,9.727343,3.118869,-3.516,-0.0052,-0.1878,-1.3295
/kaggle/input/datasets/duc24kdl/sub-x-ray/sub_X-Ray/sub_NIH/00000416_006.png,,sub_NIH,00000416_006.png,ok,512x512 -> 1024x1024,2,1,4.79,37.797,10.798941,3.286174,0.9824,0.9981,0.0629,6.2014,36.1455,15.795425,3.974346,0.9662,0.9944,0.1996,0.1996,0.1996,7.3424,154.5305,64.162,154.5305,64.162,0.164,36.1455,0.9662,15.795425,3.974346,-1.6515,-0.0037,-0.1367,-1.1411
/kaggle/input/datasets/duc24kdl/sub-x-ray/sub_X-Ray/sub_NIH/00000416_007.png,,sub_NIH,00000416_007.png,ok,512x512 -> 1024x1024,2,1,4.77,37.3756,11.899401,3.449551,0.9797,0.9979,0.0748,6.9874,35.7992,17.10633,4.13598,0.9665,0.9949,0.2137,0.2137,0.2137,7.6818,167.5921,62.7768,167.5921,62.7768,0.0988,35.7992,0.9665,17.10633,4.13598,-1.5763,-0.0031,-0.1388,-0.6944
/kaggle/input/datasets/duc24kdl/sub-x-ray/sub_X-Ray/sub_NIH/00000417_000.png,,sub_NIH,00000417_000.png,ok,512x512 -> 1024x1024,2,1,4.77,35.7278,17.390005,4.170133,0.9867,0.9983,0.0601,7.1576,33.0632,32.118742,5.66734,0.9785,0.9962,0.1891,0.1891,0.1891,8.3804,148.1387,56.2143,148.1387,56.2143,0.2785,33.0632,0.9785,32.118742,5.66734,-2.6646,-0.002,-0.1291,-1.2227
/kaggle/input/datasets/duc24kdl/sub-x-ray/sub_X-Ray/sub_NIH/00000418_000.png,,sub_NIH,00000418_000.png,ok,512x512 -> 1024x1024,2,1,4.79,39.0095,8.168216,2.858009,0.9825,0.998,0.0778,7.0457,35.5333,18.186672,4.264583,0.9718,0.9951,0.2476,0.2476,0.2476,7.7922,121.4226,54.9081,121.4226,54.9081,0.1681,35.5333,0.9718,18.186672,4.264583,-3.4763,-0.0029,-0.1698,-0.7465
/kaggle/input/datasets/duc24kdl/sub-x-ray/sub_X-Ray/sub_NIH/00000420_000.png,,sub_NIH,00000420_000.png,ok,512x512 -> 1024x1024,2,1,4.76,36.6185,14.165585,3.76372,0.9755,0.9975,0.1031,6.5538,34.2856,24.239158,4.923328,0.9575,0.9932,0.2724,0.2724,0.2724,7.837,130.1052,59.2409,130.1052,59.2409,0.1417,34.2856,0.9575,24.239158,4.923328,-2.3328,-0.0043,-0.1693,-1.2832
/kaggle/input/datasets/duc24kdl/sub-x-ray/sub_X-Ray/sub_NIH/00000422_004.png,,sub_NIH,00000422_004.png,ok,512x512 -> 1024x1024,2,1,4.74,42.5009,3.655826,1.912021,0.9678,0.997,0.1177,6.3481,39.3192,7.606007,2.757899,0.9504,0.9928,0.2767,0.2767,0.2767,7.6565,109.0694,70.4864,109.0694,70.4864,0.1165,39.3192,0.9504,7.606007,2.757899,-3.1817,-0.0042,-0.159,-1.3084
/kaggle/input/datasets/duc24kdl/sub-x-ray/sub_X-Ray/sub_NIH/00000426_002.png,,sub_NIH,00000426_002.png,ok,512x512 -> 1024x1024,2,1,4.79,40.6288,5.625946,2.371908,0.9588,0.9963,0.1519,6.3736,38.1275,10.007498,3.163463,0.9381,0.9912,0.3535,0.3535,0.3535,8.0569,136.0572,62.3689,136.0572,62.3689,0.1446,38.1275,0.9381,10.007498,3.163463,-2.5013,-0.0051,-0.2016,-1.6833
/kaggle/input/datasets/duc24kdl/sub-x-ray/sub_X-Ray/sub_NIH/00000430_000.png,,sub_NIH,00000430_000.png,ok,512x512 -> 1024x1024,2,1,4.78,44.1757,2.486072,1.576728,0.982,0.998,0.0667,6.9734,40.4317,5.887249,2.426365,0.9681,0.9946,0.2186,0.2186,0.2186,7.6122,158.6161,49.3472,158.6161,49.3472,-0.004,40.4317,0.9681,5.887249,2.426365,-3.744,-0.0034,-0.1519,-0.6388
/kaggle/input/datasets/duc24kdl/sub-x-ray/sub_X-Ray/sub_NIH/00000431_002.png,,sub_NIH,00000431_002.png,ok,512x512 -> 1024x1024,2,1,4.78,43.3104,3.034205,1.741897,0.9658,0.997,0.1349,6.8464,40.2642,6.118661,2.473593,0.9496,0.9932,0.3072,0.3072,0.3072,7.6955,125.0921,73.6373,125.0921,73.6373,0.0816,40.2642,0.9496,6.118661,2.473593,-3.0461,-0.0038,-0.1723,-0.849
/kaggle/input/datasets/duc24kdl/sub-x-ray/sub_X-Ray/sub_NIH/00000431_003.png,,sub_NIH,00000431_003.png,ok,512x512 -> 1024x1024,2,1,4.77,41.8212,4.275205,2.067657,0.9675,0.9971,0.1248,6.4883,39.4136,7.442472,2.728089,0.9522,0.9935,0.2834,0.2834,0.2834,8.1156,120.5656,76.2195,120.5656,76.2195,0.146,39.4136,0.9522,7.442472,2.728089,-2.4076,-0.0036,-0.1587,-1.6274
/kaggle/input/datasets/duc24kdl/sub-x-ray/sub_X-Ray/sub_NIH/00000432_000.png,,sub_NIH,00000432_000.png,ok,512x512 -> 1024x1024,2,1,4.77,45.5755,1.801079,1.342043,0.9824,0.998,0.0672,6.7373,41.1211,5.023046,2.241215,0.968,0.9946,0.2243,0.2243,0.2243,7.8965,159.2768,46.8189,159.2768,46.8189,0.1316,41.1211,0.968,5.023046,2.241215,-4.4543,-0.0034,-0.1571,-1.1592
/kaggle/input/datasets/duc24kdl/sub-x-ray/sub_X-Ray/sub_NIH/00000434_000.png,,sub_NIH,00000434_000.png,ok,512x512 -> 1024x1024,2,1,4.79,41.3948,4.716248,2.171692,0.9532,0.9959,0.161,6.3152,39.2385,7.748651,2.78364,0.9307,0.9905,0.3672,0.3672,0.3672,8.1477,120.7023,66.4232,120.7023,66.4232,0.0995,39.2385,0.9307,7.748651,2.78364,-2.1563,-0.0054,-0.2062,-1.8324
/kaggle/input/datasets/duc24kdl/sub-x-ray/sub_X-Ray/sub_NIH/00000437_000.png,,sub_NIH,00000437_000.png,ok,512x512 -> 1024x1024,2,1,4.77,41.5367,4.56471,2.136518,0.9501,0.9955,0.1705,6.884,39.1227,7.958146,2.821019,0.9268,0.9896,0.3808,0.3808,0.3808,8.0361,129.0748,62.0998,129.0748,62.0998,0.1267,39.1227,0.9268,7.958146,2.821019,-2.414,-0.0059,-0.2103,-1.1521
/kaggle/input/datasets/duc24kdl/sub-x-ray/sub_X-Ray/sub_NIH/00000441_000.png,,sub_NIH,00000441_000.png,ok,512x512 -> 1024x1024,2,1,4.78,41.7631,4.332772,2.081531,0.9614,0.9965,0.1483,6.6636,38.7899,8.591961,2.931205,0.9415,0.9917,0.3327,0.3327,0.3327,7.7137,135.7536,62.6751,135.7536,62.6751,0.1179,38.7899,0.9415,8.591961,2.931205,-2.9733,-0.0048,-0.1843,-1.0501
/kaggle/input/datasets/duc24kdl/sub-x-ray/sub_X-Ray/sub_NIH/00000442_001.png,,sub_NIH,00000442_001.png,ok,512x512 -> 1024x1024,2,1,4.78,41.1563,4.982511,2.232154,0.9642,0.9967,0.1397,6.8155,39.1243,7.955254,2.820506,0.9479,0.9927,0.3281,0.3281,0.3281,7.9949,116.5804,67.4268,116.5804,67.4268,0.1535,39.1243,0.9479,7.955254,2.820506,-2.0321,-0.004,-0.1884,-1.1794
/kaggle/input/datasets/duc24kdl/sub-x-ray/sub_X-Ray/sub_NIH/00000443_005.png,,sub_NIH,00000443_005.png,ok,512x512 -> 1024x1024,2,1,4.81,37.0544,12.81271,3.579485,0.9819,0.998,0.09,7.7064,34.1521,24.995859,4.999586,0.9732,0.9958,0.2798,0.2798,0.2798,7.8135,121.7154,43.9647,121.7154,43.9647,0.2508,34.1521,0.9732,24.995859,4.999586,-2.9023,-0.0022,-0.1898,-0.1071
/kaggle/input/datasets/duc24kdl/sub-x-ray/sub_X-Ray/sub_NIH/00000446_001.png,,sub_NIH,00000446_001.png,ok,512x512 -> 1024x1024,2,1,4.78,40.5878,5.679325,2.383133,0.9595,0.9964,0.1459,6.3004,38.6951,8.78162,2.96338,0.94,0.9918,0.3326,0.3326,0.3326,8.1514,126.4896,68.1579,126.4896,68.1579,0.1566,38.6951,0.94,8.78162,2.96338,-1.8928,-0.0046,-0.1867,-1.851
/kaggle/input/datasets/duc24kdl/sub-x-ray/sub_X-Ray/sub_NIH/00000447_001.png,,sub_NIH,00000447_001.png,ok,512x512 -> 1024x1024,2,1,4.8,41.394,4.717125,2.171894,0.9612,0.9964,0.1383,6.6107,37.6709,11.11714,3.334238,0.9387,0.9911,0.3224,0.3224,0.3224,7.4326,109.1044,59.0088,109.1044,59.0088,0.082,37.6709,0.9387,11.11714,3.334238,-3.7232,-0.0053,-0.1841,-0.822
/kaggle/input/datasets/duc24kdl/sub-x-ray/sub_X-Ray/sub_NIH/00000447_003.png,,sub_NIH,00000447_003.png,ok,512x512 -> 1024x1024,2,1,4.79,42.0522,4.053785,2.013401,0.9669,0.997,0.1107,5.8934,38.5372,9.106588,3.017712,0.9471,0.9925,0.2615,0.2615,0.2615,7.7475,99.3852,70.1106,99.3852,70.1106,0.1172,38.5372,0.9471,9.106588,3.017712,-3.515,-0.0045,-0.1508,-1.854
/kaggle/input/datasets/duc24kdl/sub-x-ray/sub_X-Ray/sub_NIH/00000450_002.png,,sub_NIH,00000450_002.png,ok,512x512 -> 1024x1024,2,1,4.79,35.9826,16.399169,4.049589,0.9768,0.9976,0.0843,5.8353,32.1783,39.377933,6.275184,0.9505,0.9917,0.2569,0.2569,0.2569,6.89,125.8217,51.4032,125.8217,51.4032,0.2054,32.1783,0.9505,39.377933,6.275184,-3.8043,-0.0059,-0.1726,-1.0547
/kaggle/input/datasets/duc24kdl/sub-x-ray/sub_X-Ray/sub_NIH/00000450_003.png,,sub_NIH,00000450_003.png,ok,512x512 -> 1024x1024,2,1,4.77,36.516,14.503739,3.808377,0.9725,0.9973,0.0977,6.3267,32.4788,36.745041,6.061769,0.9407,0.9902,0.2757,0.2757,0.2757,7.0574,121.6763,54.0548,121.6763,54.0548,0.2099,32.4788,0.9407,36.745041,6.061769,-4.0372,-0.0071,-0.178,-0.7307
/kaggle/input/datasets/duc24kdl/sub-x-ray/sub_X-Ray/sub_NIH/00000450_004.png,,sub_NIH,00000450_004.png,ok,512x512 -> 1024x1024,2,1,4.79,36.3052,15.225057,3.90193,0.9782,0.9977,0.0824,6.2238,32.4619,36.88815,6.073562,0.9534,0.9922,0.253,0.253,0.253,6.8471,127.8788,50.7338,127.8788,50.7338,0.2471,32.4619,0.9534,36.88815,6.073562,-3.8433,-0.0055,-0.1706,-0.6233
/kaggle/input/datasets/duc24kdl/sub-x-ray/sub_X-Ray/sub_NIH/00000455_000.png,,sub_NIH,00000455_000.png,ok,512x512 -> 1024x1024,2,1,4.78,36.7372,13.783579,3.712624,0.9851,0.9983,0.0548,6.582,34.3677,23.785302,4.877018,0.9721,0.9955,0.1771,0.1771,0.1771,7.7668,168.4549,60.4887,168.4549,60.4887,0.1586,34.3677,0.9721,23.785302,4.877018,-2.3695,-0.0028,-0.1223,-1.1847
/kaggle/input/datasets/duc24kdl/sub-x-ray/sub_X-Ray/sub_NIH/00000457_000.png,,sub_NIH,00000457_000.png,ok,512x512 -> 1024x1024,2,1,4.79,43.252,3.07523,1.753633,0.968,0.997,0.1168,6.4185,39.8813,6.682697,2.585091,0.9506,0.9929,0.2791,0.2791,0.2791,8.2713,113.7167,69.8936,113.7167,69.8936,0.0917,39.8813,0.9506,6.682697,2.585091,-3.3707,-0.0041,-0.1623,-1.8527
/kaggle/input/datasets/duc24kdl/sub-x-ray/sub_X-Ray/sub_NIH/00000457_003.png,,sub_NIH,00000457_003.png,ok,512x512 -> 1024x1024,2,1,4.77,42.5948,3.577668,1.891473,0.9629,0.9966,0.1323,6.4818,39.5716,7.176649,2.678927,0.9432,0.9919,0.2912,0.2912,0.2912,7.6242,112.3182,71.9318,112.3182,71.9318,0.0876,39.5716,0.9432,7.176649,2.678927,-3.0232,-0.0047,-0.1589,-1.1425
/kaggle/input/datasets/duc24kdl/sub-x-ray/sub_X-Ray/sub_NIH/00000459_008.png,,sub_NIH,00000459_008.png,ok,512x512 -> 1024x1024,2,1,4.76,36.3712,14.995526,3.872406,0.9777,0.9977,0.0862,6.4194,33.0571,32.163786,5.671313,0.9618,0.9938,0.2525,0.2525,0.2525,7.5224,131.7637,55.6098,131.7637,55.6098,0.185,33.0571,0.9618,32.163786,5.671313,-3.3141,-0.0039,-0.1664,-1.103
/kaggle/input/datasets/duc24kdl/sub-x-ray/sub_X-Ray/sub_NIH/00000459_010.png,,sub_NIH,00000459_010.png,ok,512x512 -> 1024x1024,2,1,4.77,36.7517,13.737596,3.706426,0.9776,0.9976,0.1044,6.7761,33.1327,31.60878,5.622169,0.9629,0.9939,0.3019,0.3019,0.3019,8.0048,110.1723,50.7719,110.1723,50.7719,0.2532,33.1327,0.9629,31.60878,5.622169,-3.619,-0.0037,-0.1976,-1.2288
/kaggle/input/datasets/duc24kdl/sub-x-ray/sub_X-Ray/sub_NIH/00000459_014.png,,sub_NIH,00000459_014.png,ok,512x512 -> 1024x1024,2,1,4.79,43.696,2.776391,1.666251,0.9674,0.997,0.1346,7.107,40.9793,5.18983,2.27812,0.953,0.9935,0.3237,0.3237,0.3237,8.2092,107.9281,69.9812,107.9281,69.9812,0.0783,40.9793,0.953,5.18983,2.27812,-2.7167,-0.0035,-0.1891,-1.1022
/kaggle/input/datasets/duc24kdl/sub-x-ray/sub_X-Ray/sub_NIH/00000459_016.png,,sub_NIH,00000459_016.png,ok,512x512 -> 1024x1024,2,1,4.76,42.4233,3.72177,1.929189,0.964,0.9968,0.138,6.6479,39.3047,7.631449,2.762508,0.9471,0.9928,0.3281,0.3281,0.3281,8.2089,109.9513,75.566,109.9513,75.566,0.0805,39.3047,0.9471,7.631449,2.762508,-3.1186,-0.004,-0.1901,-1.5611
/kaggle/input/datasets/duc24kdl/sub-x-ray/sub_X-Ray/sub_NIH/00000459_021.png,,sub_NIH,00000459_021.png,ok,512x512 -> 1024x1024,2,1,4.81,43.7026,2.772198,1.664992,0.9717,0.9973,0.1154,6.7852,40.9425,5.233965,2.287786,0.9595,0.9943,0.2855,0.2855,0.2855,8.2056,115.0034,71.7886,115.0034,71.7886,0.0972,40.9425,0.9595,5.233965,2.287786,-2.7601,-0.003,-0.17,-1.4204
/kaggle/input/datasets/duc24kdl/sub-x-ray/sub_X-Ray/sub_NIH/00000459_029.png,,sub_NIH,00000459_029.png,ok,512x512 -> 1024x1024,2,1,4.81,41.0011,5.163755,2.27239,0.9682,0.9971,0.1325,6.9181,37.5775,11.35869,3.370266,0.9526,0.9933,0.3263,0.3263,0.3263,8.0316,118.1908,64.4606,118.1908,64.4606,0.1251,37.5775,0.9526,11.35869,3.370266,-3.4236,-0.0038,-0.1937,-1.1135
/kaggle/input/datasets/duc24kdl/sub-x-ray/sub_X-Ray/sub_NIH/00000459_032.png,,sub_NIH,00000459_032.png,ok,512x512 -> 1024x1024,2,1,4.77,35.7625,17.251483,4.153491,0.9736,0.9973,0.1167,6.8187,31.7983,42.978446,6.555795,0.9581,0.9934,0.2892,0.2892,0.2892,8.0348,128.3345,63.6239,128.3345,63.6239,0.2094,31.7983,0.9581,42.978446,6.555795,-3.9642,-0.0039,-0.1725,-1.2162
/kaggle/input/datasets/duc24kdl/sub-x-ray/sub_X-Ray/sub_NIH/00000459_035.png,,sub_NIH,00000459_035.png,ok,512x512 -> 1024x1024,2,1,4.79,36.489,14.59415,3.820229,0.9764,0.9975,0.1008,6.5636,32.9882,32.678695,5.716528,0.9598,0.9934,0.3009,0.3009,0.3009,7.8283,113.7277,54.09,113.7277,54.09,0.1845,32.9882,0.9598,32.678695,5.716528,-3.5009,-0.0041,-0.2001,-1.2647
/kaggle/input/datasets/duc24kdl/sub-x-ray/sub_X-Ray/sub_NIH/00000459_037.png,,sub_NIH,00000459_037.png,ok,512x512 -> 1024x1024,2,1,4.76,37.7584,10.895289,3.300801,0.9807,0.9979,0.0841,6.5363,34.2675,24.340298,4.933589,0.9686,0.9947,0.2581,0.2581,0.2581,7.6055,101.2487,57.5133,101.2487,57.5133,0.2184,34.2675,0.9686,24.340298,4.933589,-3.4909,-0.0032,-0.174,-1.0692
/kaggle/input/datasets/duc24kdl/sub-x-ray/sub_X-Ray/sub_NIH/00000459_040.png,,sub_NIH,00000459_040.png,ok,512x512 -> 1024x1024,2,1,4.78,38.139,9.981138,3.159294,0.9799,0.9978,0.0872,6.7107,34.8853,21.1129,4.594878,0.9682,0.9947,0.2562,0.2562,0.2562,8.4119,107.4511,58.3806,107.4511,58.3806,0.2495,34.8853,0.9682,21.1129,4.594878,-3.2537,-0.0031,-0.1689,-1.7012
/kaggle/input/datasets/duc24kdl/sub-x-ray/sub_X-Ray/sub_NIH/00000459_048.png,,sub_NIH,00000459_048.png,ok,512x512 -> 1024x1024,2,1,4.78,35.0611,20.275407,4.502822,0.9713,0.9971,0.1128,6.162,31.6529,44.441747,6.666464,0.9501,0.9921,0.2821,0.2821,0.2821,7.8801,107.3948,68.2805,107.3948,68.2805,0.2333,31.6529,0.9501,44.441747,6.666464,-3.4082,-0.005,-0.1694,-1.7181
/kaggle/input/datasets/duc24kdl/sub-x-ray/sub_X-Ray/sub_NIH/00000459_053.png,,sub_NIH,00000459_053.png,ok,512x512 -> 1024x1024,2,1,4.82,41.0577,5.096934,2.257639,0.9445,0.9949,0.1743,6.2973,38.7766,8.61824,2.935684,0.9195,0.9885,0.3897,0.3897,0.3897,8.3399,112.9167,73.3573,112.9167,73.3573,0.0898,38.7766,0.9195,8.61824,2.935684,-2.2811,-0.0065,-0.2154,-2.0427
/kaggle/input/datasets/duc24kdl/sub-x-ray/sub_X-Ray/sub_NIH/00000459_056.png,,sub_NIH,00000459_056.png,ok,512x512 -> 1024x1024,2,1,4.78,36.0925,15.989457,3.998682,0.9744,0.9973,0.1089,6.8204,32.8084,34.060036,5.836098,0.9596,0.9933,0.2902,0.2902,0.2902,7.8565,120.4298,60.858,120.4298,60.858,0.2302,32.8084,0.9596,34.060036,5.836098,-3.2841,-0.0041,-0.1814,-1.0361
/kaggle/input/datasets/duc24kdl/sub-x-ray/sub_X-Ray/sub_NIH/00000466_004.png,,sub_NIH,00000466_004.png,ok,512x512 -> 1024x1024,2,1,4.83,37.6553,11.157067,3.34022,0.9501,0.9955,0.1588,6.4262,34.8241,21.412748,4.627391,0.924,0.9894,0.3508,0.3508,0.3508,7.6824,119.7383,68.5933,119.7383,68.5933,0.1943,34.8241,0.924,21.412748,4.627391,-2.8312,-0.0062,-0.192,-1.2562
/kaggle/input/datasets/duc24kdl/sub-x-ray/sub_X-Ray/sub_NIH/00000467_005.png,,sub_NIH,00000467_005.png,ok,512x512 -> 1024x1024,2,1,4.79,37.8431,10.684792,3.26876,0.9783,0.9977,0.1023,6.6578,34.5589,22.761141,4.770864,0.9622,0.9939,0.2996,0.2996,0.2996,7.5028,119.1875,53.4869,119.1875,53.4869,0.2081,34.5589,0.9622,22.761141,4.770864,-3.2843,-0.0038,-0.1973,-0.845
/kaggle/input/datasets/duc24kdl/sub-x-ray/sub_X-Ray/sub_NIH/00000467_006.png,,sub_NIH,00000467_006.png,ok,512x512 -> 1024x1024,2,1,4.78,37.5994,11.301484,3.361768,0.9785,0.9977,0.0986,6.6454,34.4568,23.302463,4.827263,0.9624,0.9939,0.2913,0.2913,0.2913,7.5716,126.5414,52.0412,126.5414,52.0412,0.2017,34.4568,0.9624,23.302463,4.827263,-3.1427,-0.0038,-0.1927,-0.9263
/kaggle/input/datasets/duc24kdl/sub-x-ray/sub_X-Ray/sub_NIH/00000467_007.png,,sub_NIH,00000467_007.png,ok,512x512 -> 1024x1024,2,1,4.78,34.995,20.586532,4.537238,0.9772,0.9976,0.0963,6.0208,31.7723,43.236754,6.575466,0.9565,0.9928,0.2587,0.2587,0.2587,6.8935,131.267,61.8644,131.267,61.8644,0.2023,31.7723,0.9565,43.236754,6.575466,-3.2227,-0.0048,-0.1624,-0.8726
/kaggle/input/datasets/duc24kdl/sub-x-ray/sub_X-Ray/sub_NIH/00000467_012.png,,sub_NIH,00000467_012.png,ok,512x512 -> 1024x1024,2,1,4.77,36.1056,15.941078,3.992628,0.9759,0.9975,0.0983,6.3212,31.9666,41.344762,6.429989,0.951,0.9923,0.3083,0.3083,0.3083,7.0866,150.3785,55.9108,150.3785,55.9108,0.2508,31.9666,0.951,41.344762,6.429989,-4.139,-0.0053,-0.21,-0.7654
/kaggle/input/datasets/duc24kdl/sub-x-ray/sub_X-Ray/sub_NIH/00000468_003.png,,sub_NIH,00000468_003.png,ok,512x512 -> 1024x1024,2,1,4.77,35.8162,17.039596,4.127905,0.9706,0.997,0.1184,6.6175,32.4927,36.628173,6.052121,0.9491,0.9918,0.305,0.305,0.305,8.181,101.7017,60.9403,101.7017,60.9403,0.1588,32.4927,0.9491,36.628173,6.052121,-3.3236,-0.0052,-0.1866,-1.5635
/kaggle/input/datasets/duc24kdl/sub-x-ray/sub_X-Ray/sub_NIH/00000468_027.png,,sub_NIH,00000468_027.png,ok,512x512 -> 1024x1024,2,1,4.8,37.3289,12.027982,3.468138,0.9763,0.9975,0.0918,5.9997,33.833,26.901536,5.186669,0.9558,0.9926,0.264,0.264,0.264,7.049,110.2006,54.8496,110.2006,54.8496,0.2112,33.833,0.9558,26.901536,5.186669,-3.4958,-0.0049,-0.1722,-1.0492
/kaggle/input/datasets/duc24kdl/sub-x-ray/sub_X-Ray/sub_NIH/00000468_033.png,,sub_NIH,00000468_033.png,ok,512x512 -> 1024x1024,2,1,4.78,41.7273,4.368725,2.090149,0.9529,0.9958,0.1433,5.911,38.8721,8.43087,2.903596,0.9261,0.9895,0.3339,0.3339,0.3339,7.899,99.7429,69.1338,99.7429,69.1338,0.0808,38.8721,0.9261,8.43087,2.903596,-2.8552,-0.0063,-0.1906,-1.988
/kaggle/input/datasets/duc24kdl/sub-x-ray/sub_X-Ray/sub_NIH/00000468_040.png,,sub_NIH,00000468_040.png,ok,512x512 -> 1024x1024,2,1,4.77,42.9429,3.302121,1.817174,0.9683,0.9972,0.1134,6.2086,40.3785,5.959714,2.441253,0.9507,0.9932,0.2685,0.2685,0.2685,8.0038,88.6204,71.8018,88.6204,71.8018,0.1117,40.3785,0.9507,5.959714,2.441253,-2.5643,-0.004,-0.1552,-1.7952
/kaggle/input/datasets/duc24kdl/sub-x-ray/sub_X-Ray/sub_NIH/00000468_043.png,,sub_NIH,00000468_043.png,ok,512x512 -> 1024x1024,2,1,4.77,39.3439,7.562956,2.750083,0.987,0.9984,0.0679,7.7474,37.0866,12.718041,3.566236,0.9801,0.9968,0.2219,0.2219,0.2219,7.9408,134.8227,51.2252,134.8227,51.2252,0.135,37.0866,0.9801,12.718041,3.566236,-2.2573,-0.0016,-0.154,-0.1934
/kaggle/input/datasets/duc24kdl/sub-x-ray/sub_X-Ray/sub_NIH/00000468_046.png,,sub_NIH,00000468_046.png,ok,512x512 -> 1024x1024,2,1,4.76,40.3716,5.969219,2.443198,0.9828,0.9981,0.0726,7.3462,37.6827,11.086822,3.329688,0.9738,0.9958,0.2292,0.2292,0.2292,8.4696,137.2116,50.6063,137.2116,50.6063,0.1385,37.6827,0.9738,11.086822,3.329688,-2.6889,-0.0022,-0.1566,-1.1234
/kaggle/input/datasets/duc24kdl/sub-x-ray/sub_X-Ray/sub_NIH/00000468_053.png,,sub_NIH,00000468_053.png,ok,512x512 -> 1024x1024,2,1,4.81,39.2372,7.751084,2.784077,0.9901,0.9987,0.0437,8.2518,37.847,10.675368,3.267318,0.9868,0.9979,0.1569,0.1569,0.1569,8.775,147.9153,57.5167,147.9153,57.5167,0.142,37.847,0.9868,10.675368,3.267318,-1.3902,-0.0007,-0.1132,-0.5232
/kaggle/input/datasets/duc24kdl/sub-x-ray/sub_X-Ray/sub_NIH/00000468_054.png,,sub_NIH,00000468_054.png,ok,512x512 -> 1024x1024,2,1,4.76,34.6906,22.081091,4.699052,0.9832,0.9981,0.0713,6.8408,31.7991,42.97021,6.555167,0.9745,0.9956,0.2247,0.2247,0.2247,7.3421,115.0545,65.2318,115.0545,65.2318,0.1977,31.7991,0.9745,42.97021,6.555167,-2.8915,-0.0025,-0.1533,-0.5013
/kaggle/input/datasets/duc24kdl/sub-x-ray/sub_X-Ray/sub_NIH/00000468_055.png,,sub_NIH,00000468_055.png,ok,512x512 -> 1024x1024,2,1,4.79,40.3774,5.961328,2.441583,0.9849,0.9983,0.0773,7.3864,37.573,11.370586,3.37203,0.9765,0.9963,0.2386,0.2386,0.2386,7.8534,109.8469,53.6085,109.8469,53.6085,0.1225,37.573,0.9765,11.370586,3.37203,-2.8044,-0.0019,-0.1613,-0.467
/kaggle/input/datasets/duc24kdl/sub-x-ray/sub_X-Ray/sub_NIH/00000468_058.png,,sub_NIH,00000468_058.png,ok,512x512 -> 1024x1024,2,1,4.8,35.0725,20.222282,4.496919,0.9861,0.9982,0.0673,7.6643,32.7118,34.82543,5.901307,0.9801,0.9962,0.2073,0.2073,0.2073,7.8321,156.3432,49.0643,156.3432,49.0643,0.1778,32.7118,0.9801,34.82543,5.901307,-2.3607,-0.002,-0.14,-0.1678
/kaggle/input/datasets/duc24kdl/sub-x-ray/sub_X-Ray/sub_NIH/00000475_000.png,,sub_NIH,00000475_000.png,ok,512x512 -> 1024x1024,2,1,4.79,37.7942,10.805873,3.287229,0.9846,0.9983,0.0571,6.7057,36.3644,15.018845,3.875415,0.9732,0.9958,0.1722,0.1722,0.1722,7.5339,168.8713,64.285,168.8713,64.285,0.1589,36.3644,0.9732,15.018845,3.875415,-1.4298,-0.0024,-0.1151,-0.8281
/kaggle/input/datasets/duc24kdl/sub-x-ray/sub_X-Ray/sub_NIH/00000476_000.png,,sub_NIH,00000476_000.png,ok,512x512 -> 1024x1024,2,1,4.77,41.7933,4.302803,2.07432,0.9639,0.9968,0.1283,6.1778,38.7635,8.644383,2.940133,0.9437,0.9922,0.2987,0.2987,0.2987,7.9544,105.4357,68.0929,105.4357,68.0929,0.1216,38.7635,0.9437,8.644383,2.940133,-3.0298,-0.0046,-0.1704,-1.7765
/kaggle/input/datasets/duc24kdl/sub-x-ray/sub_X-Ray/sub_NIH/00000477_000.png,,sub_NIH,00000477_000.png,ok,512x512 -> 1024x1024,2,1,4.79,36.8815,13.333144,3.651458,0.9816,0.9981,0.0715,6.9913,35.0675,20.245786,4.499532,0.9718,0.9958,0.1972,0.1972,0.1972,8.1032,162.3641,59.3387,162.3641,59.3387,-0.1872,35.0675,0.9718,20.245786,4.499532,-1.814,-0.0023,-0.1257,-1.1119
/kaggle/input/datasets/duc24kdl/sub-x-ray/sub_X-Ray/sub_NIH/00000478_002.png,,sub_NIH,00000478_002.png,ok,512x512 -> 1024x1024,2,1,4.77,40.4013,5.928598,2.434871,0.9595,0.9963,0.1484,6.2601,37.7422,10.936087,3.306975,0.938,0.991,0.3317,0.3317,0.3317,7.7215,111.8283,69.2815,111.8283,69.2815,0.1391,37.7422,0.938,10.936087,3.306975,-2.6591,-0.0053,-0.1832,-1.4614
/kaggle/input/datasets/duc24kdl/sub-x-ray/sub_X-Ray/sub_NIH/00000479_000.png,,sub_NIH,00000479_000.png,ok,512x512 -> 1024x1024,2,1,4.77,40.3325,6.023272,2.454235,0.9687,0.997,0.1187,6.4201,37.4874,11.596937,3.405428,0.9523,0.993,0.2795,0.2795,0.2795,7.6832,129.9097,68.0335,129.9097,68.0335,0.1533,37.4874,0.9523,11.596937,3.405428,-2.8451,-0.0041,-0.1608,-1.263
/kaggle/input/datasets/duc24kdl/sub-x-ray/sub_X-Ray/sub_NIH/00000483_000.png,,sub_NIH,00000483_000.png,ok,512x512 -> 1024x1024,2,1,4.8,42.4117,3.731774,1.93178,0.9747,0.9974,0.1101,7.023,36.9329,13.176149,3.629897,0.9571,0.9932,0.3016,0.3016,0.3016,7.9862,138.8711,46.5758,138.8711,46.5758,0.3107,36.9329,0.9571,13.176149,3.629897,-5.4787,-0.0042,-0.1914,-0.9632
/kaggle/input/datasets/duc24kdl/sub-x-ray/sub_X-Ray/sub_NIH/00000488_000.png,,sub_NIH,00000488_000.png,ok,512x512 -> 1024x1024,2,1,4.77,39.8365,6.7519,2.598442,0.986,0.9983,0.0696,7.9669,36.9032,13.266491,3.642319,0.9787,0.9966,0.2306,0.2306,0.2306,8.4038,133.3668,49.7151,133.3668,49.7151,0.1227,36.9032,0.9787,13.266491,3.642319,-2.9333,-0.0017,-0.161,-0.437
/kaggle/input/datasets/duc24kdl/sub-x-ray/sub_X-Ray/sub_NIH/00000489_000.png,,sub_NIH,00000489_000.png,ok,512x512 -> 1024x1024,2,1,4.79,33.8902,26.549959,5.152665,0.9794,0.998,0.0838,6.8857,32.1653,39.49535,6.284533,0.9672,0.9952,0.2324,0.2324,0.2324,8.2527,162.6638,56.3784,162.6638,56.3784,-0.0684,32.1653,0.9672,39.49535,6.284533,-1.7248,-0.0027,-0.1486,-1.367
/kaggle/input/datasets/duc24kdl/sub-x-ray/sub_X-Ray/sub_NIH/00000490_000.png,,sub_NIH,00000490_000.png,ok,512x512 -> 1024x1024,2,1,4.81,41.6266,4.471115,2.114501,0.9534,0.9959,0.1533,6.4536,39.064,8.066481,2.840155,0.9269,0.9896,0.3399,0.3399,0.3399,7.9448,114.7711,62.954,114.7711,62.954,0.0931,39.064,0.9269,8.066481,2.840155,-2.5627,-0.0062,-0.1866,-1.4912
/kaggle/input/datasets/duc24kdl/sub-x-ray/sub_X-Ray/sub_NIH/00000490_005.png,,sub_NIH,00000490_005.png,ok,512x512 -> 1024x1024,2,1,4.76,34.6654,22.20956,4.712702,0.9866,0.9982,0.0646,6.8206,32.41,37.331856,6.10998,0.9785,0.9959,0.2249,0.2249,0.2249,8.0367,164.4455,37.4818,164.4455,37.4818,0.1903,32.41,0.9785,37.331856,6.10998,-2.2554,-0.0023,-0.1603,-1.2162
/kaggle/input/datasets/duc24kdl/sub-x-ray/sub_X-Ray/sub_NIH/00000491_001.png,,sub_NIH,00000491_001.png,ok,512x512 -> 1024x1024,2,1,4.77,37.5527,11.423885,3.379924,0.9731,0.9974,0.1083,5.8922,34.5354,22.884224,4.783746,0.9482,0.9921,0.275,0.275,0.275,7.4197,103.2518,53.1883,103.2518,53.1883,0.1121,34.5354,0.9482,22.884224,4.783746,-3.0172,-0.0053,-0.1667,-1.5275
/kaggle/input/datasets/duc24kdl/sub-x-ray/sub_X-Ray/sub_NIH/00000491_003.png,,sub_NIH,00000491_003.png,ok,512x512 -> 1024x1024,2,1,4.8,43.8248,2.695229,1.641715,0.9749,0.9974,0.0935,6.8837,40.2832,6.091983,2.468194,0.9587,0.9933,0.2588,0.2588,0.2588,7.4822,89.1415,49.9234,89.1415,49.9234,0.0969,40.2832,0.9587,6.091983,2.468194,-3.5416,-0.0041,-0.1652,-0.5985
/kaggle/input/datasets/duc24kdl/sub-x-ray/sub_X-Ray/sub_NIH/00000491_004.png,,sub_NIH,00000491_004.png,ok,512x512 -> 1024x1024,2,1,4.77,34.312,24.092338,4.908395,0.9747,0.9974,0.1056,5.9199,31.6816,44.149026,6.644473,0.9518,0.9922,0.2388,0.2388,0.2388,7.402,86.5411,63.984,86.5411,63.984,0.187,31.6816,0.9518,44.149026,6.644473,-2.6304,-0.0052,-0.1332,-1.4821
/kaggle/input/datasets/duc24kdl/sub-x-ray/sub_X-Ray/sub_NIH/00000491_021.png,,sub_NIH,00000491_021.png,ok,512x512 -> 1024x1024,2,1,4.78,36.8606,13.397281,3.66023,0.985,0.9983,0.0703,7.2378,35.5607,18.072031,4.251121,0.9774,0.9966,0.2254,0.2254,0.2254,8.5089,162.4464,46.0759,162.4464,46.0759,0.1441,35.5607,0.9774,18.072031,4.251121,-1.2999,-0.0017,-0.1551,-1.2711
/kaggle/input/datasets/duc24kdl/sub-x-ray/sub_X-Ray/sub_NIH/00000491_024.png,,sub_NIH,00000491_024.png,ok,512x512 -> 1024x1024,2,1,4.83,37.5095,11.538012,3.396765,0.9864,0.9984,0.0662,6.9776,34.2219,24.597317,4.959568,0.9752,0.9959,0.1987,0.1987,0.1987,8.0775,95.4176,64.4966,95.4176,64.4966,0.1819,34.2219,0.9752,24.597317,4.959568,-3.2876,-0.0026,-0.1325,-1.0999
/kaggle/input/datasets/duc24kdl/sub-x-ray/sub_X-Ray/sub_NIH/00000492_000.png,,sub_NIH,00000492_000.png,ok,512x512 -> 1024x1024,2,1,4.77,41.466,4.639546,2.153961,0.9632,0.9966,0.1215,6.1974,37.6683,11.123817,3.335239,0.9401,0.9914,0.289,0.289,0.289,7.5976,99.5866,61.6291,99.5866,61.6291,0.11,37.6683,0.9401,11.123817,3.335239,-3.7978,-0.0052,-0.1676,-1.4001
/kaggle/input/datasets/duc24kdl/sub-x-ray/sub_X-Ray/sub_NIH/00000492_001.png,,sub_NIH,00000492_001.png,ok,512x512 -> 1024x1024,2,1,4.77,39.4444,7.389868,2.718431,0.9884,0.9985,0.0483,6.7652,37.7326,10.960278,3.310631,0.9807,0.9967,0.1621,0.1621,0.1621,7.6379,150.5524,54.4041,150.5524,54.4041,0.1148,37.7326,0.9807,10.960278,3.310631,-1.7118,-0.0018,-0.1137,-0.8727
/kaggle/input/datasets/duc24kdl/sub-x-ray/sub_X-Ray/sub_NIH/00000493_000.png,,sub_NIH,00000493_000.png,ok,512x512 -> 1024x1024,2,1,4.78,38.4408,9.310987,3.051391,0.9901,0.9986,0.0499,7.6297,37.0807,12.735222,3.568644,0.9865,0.9978,0.1698,0.1698,0.1698,8.6927,161.3451,45.0958,161.3451,45.0958,0.1462,37.0807,0.9865,12.735222,3.568644,-1.3601,-0.0008,-0.1199,-1.0631
/kaggle/input/datasets/duc24kdl/sub-x-ray/sub_X-Ray/sub_NIH/00000494_003.png,,sub_NIH,00000494_003.png,ok,512x512 -> 1024x1024,2,1,4.78,36.9327,13.176749,3.629979,0.9823,0.998,0.0663,6.4502,34.0638,25.509555,5.050698,0.9674,0.9946,0.1932,0.1932,0.1932,7.5803,154.5132,69.3578,154.5132,69.3578,0.1133,34.0638,0.9674,25.509555,5.050698,-2.8689,-0.0034,-0.1269,-1.1301
/kaggle/input/datasets/duc24kdl/sub-x-ray/sub_X-Ray/sub_NIH/00000494_004.png,,sub_NIH,00000494_004.png,ok,512x512 -> 1024x1024,2,1,4.8,41.0029,5.161657,2.271928,0.9616,0.9965,0.1409,6.5883,37.2174,12.340764,3.512942,0.9415,0.9916,0.3233,0.3233,0.3233,7.3651,129.0791,69.9516,129.0791,69.9516,0.115,37.2174,0.9415,12.340764,3.512942,-3.7855,-0.0049,-0.1824,-0.7768
/kaggle/input/datasets/duc24kdl/sub-x-ray/sub_X-Ray/sub_NIH/00000494_006.png,,sub_NIH,00000494_006.png,ok,512x512 -> 1024x1024,2,1,4.81,41.0995,5.048098,2.246797,0.9626,0.9966,0.1288,6.3258,37.7573,10.898049,3.301219,0.9417,0.9915,0.3006,0.3006,0.3006,7.3457,105.2079,73.4731,105.2079,73.4731,0.1186,37.7573,0.9417,10.898049,3.301219,-3.3422,-0.0051,-0.1718,-1.0199
/kaggle/input/datasets/duc24kdl/sub-x-ray/sub_X-Ray/sub_NIH/00000494_007.png,,sub_NIH,00000494_007.png,ok,512x512 -> 1024x1024,2,1,4.78,39.8725,6.696214,2.587704,0.956,0.996,0.1442,6.7812,36.2182,15.533219,3.94122,0.9307,0.9898,0.3439,0.3439,0.3439,7.527,113.5505,64.5486,113.5505,64.5486,0.1247,36.2182,0.9307,15.533219,3.94122,-3.6543,-0.0062,-0.1997,-0.7458
/kaggle/input/datasets/duc24kdl/sub-x-ray/sub_X-Ray/sub_NIH/00000495_000.png,,sub_NIH,00000495_000.png,ok,512x512 -> 1024x1024,2,1,4.79,36.3495,15.070446,3.882067,0.9817,0.998,0.0724,6.4582,34.4371,23.408243,4.838207,0.9687,0.9951,0.2125,0.2125,0.2125,7.7849,164.4168,52.1179,164.4168,52.1179,-0.1096,34.4371,0.9687,23.408243,4.838207,-1.9124,-0.0029,-0.14,-1.3267
/kaggle/input/datasets/duc24kdl/sub-x-ray/sub_X-Ray/sub_NIH/00000498_001.png,,sub_NIH,00000498_001.png,ok,512x512 -> 1024x1024,2,1,4.79,44.3903,2.366198,1.538245,0.9702,0.9969,0.1052,7.1117,41.3627,4.751309,2.17975,0.9505,0.9915,0.2861,0.2861,0.2861,7.4658,111.0683,31.6233,111.0683,31.6233,0.077,41.3627,0.9505,4.751309,2.17975,-3.0276,-0.0054,-0.1809,-0.3541
/kaggle/input/datasets/duc24kdl/sub-x-ray/sub_X-Ray/sub_NIH/00000499_001.png,,sub_NIH,00000499_001.png,ok,512x512 -> 1024x1024,2,1,4.78,39.5219,7.259241,2.694298,0.989,0.9986,0.0502,8.2243,37.7904,10.815365,3.288672,0.9845,0.9976,0.1702,0.1702,0.1702,8.6174,147.0662,56.1704,147.0662,56.1704,0.1062,37.7904,0.9845,10.815365,3.288672,-1.7315,-0.001,-0.12,-0.3931
/kaggle/input/datasets/duc24kdl/sub-x-ray/sub_X-Ray/sub_NIH/00000499_010.png,,sub_NIH,00000499_010.png,ok,512x512 -> 1024x1024,2,1,4.77,43.7651,2.732537,1.653039,0.9744,0.9976,0.0995,6.7123,41.0867,5.06304,2.25012,0.9628,0.9948,0.2559,0.2559,0.2559,8.4134,96.7724,64.913,96.7724,64.913,0.1238,41.0867,0.9628,5.06304,2.25012,-2.6785,-0.0028,-0.1564,-1.7011
/kaggle/input/datasets/duc24kdl/sub-x-ray/sub_X-Ray/sub_NIH/00000499_012.png,,sub_NIH,00000499_012.png,ok,512x512 -> 1024x1024,2,1,4.79,36.4524,14.717872,3.836388,0.9853,0.9982,0.0562,7.0994,32.6007,35.728217,5.977308,0.9755,0.996,0.1845,0.1845,0.1845,7.8643,142.1544,60.9212,142.1544,60.9212,0.2149,32.6007,0.9755,35.728217,5.977308,-3.8517,-0.0023,-0.1283,-0.765
/kaggle/input/datasets/duc24kdl/sub-x-ray/sub_X-Ray/sub_NIH/00000500_006.png,,sub_NIH,00000500_006.png,ok,512x512 -> 1024x1024,2,1,4.78,41.9539,4.146591,2.036318,0.963,0.9967,0.1364,6.3934,38.8415,8.490482,2.913843,0.9453,0.9924,0.3157,0.3157,0.3157,8.3151,131.9536,66.4352,131.9536,66.4352,0.1074,38.8415,0.9453,8.490482,2.913843,-3.1124,-0.0042,-0.1793,-1.9218
/kaggle/input/datasets/duc24kdl/sub-x-ray/sub_X-Ray/sub_NIH/00000500_007.png,,sub_NIH,00000500_007.png,ok,512x512 -> 1024x1024,2,1,4.78,39.846,6.737253,2.595622,0.9591,0.9963,0.1492,6.6589,37.7049,11.030416,3.321207,0.9399,0.9916,0.3339,0.3339,0.3339,8.2566,136.7679,68.7404,136.7679,68.7404,0.1532,37.7049,0.9399,11.030416,3.321207,-2.1411,-0.0047,-0.1847,-1.5978
/kaggle/input/datasets/duc24kdl/sub-x-ray/sub_X-Ray/sub_NIH/00000502_000.png,,sub_NIH,00000502_000.png,ok,512x512 -> 1024x1024,2,1,4.79,43.3447,3.010333,1.735031,0.9857,0.9983,0.0608,6.7273,39.8277,6.765679,2.601092,0.9749,0.9958,0.2213,0.2213,0.2213,8.4322,162.496,49.2696,162.496,49.2696,0.0231,39.8277,0.9749,6.765679,2.601092,-3.517,-0.0025,-0.1605,-1.7049
/kaggle/input/datasets/duc24kdl/sub-x-ray/sub_X-Ray/sub_NIH/00000502_013.png,,sub_NIH,00000502_013.png,ok,512x512 -> 1024x1024,2,1,4.77,39.3,7.639804,2.76402,0.9835,0.9981,0.0818,7.6828,35.8072,17.074877,4.132176,0.9744,0.996,0.2592,0.2592,0.2592,7.7225,136.0666,41.2366,136.0666,41.2366,0.2132,35.8072,0.9744,17.074877,4.132176,-3.4928,-0.0021,-0.1774,-0.0397
/kaggle/input/datasets/duc24kdl/sub-x-ray/sub_X-Ray/sub_NIH/00000506_006.png,,sub_NIH,00000506_006.png,ok,512x512 -> 1024x1024,2,1,4.78,39.5722,7.175688,2.678748,0.9837,0.9982,0.0736,7.8425,37.1598,12.505571,3.536322,0.9739,0.9961,0.2228,0.2228,0.2228,8.1435,125.704,56.0002,125.704,56.0002,0.1009,37.1598,0.9739,12.505571,3.536322,-2.4124,-0.0021,-0.1492,-0.301
/kaggle/input/datasets/duc24kdl/sub-x-ray/sub_X-Ray/sub_NIH/00000506_013.png,,sub_NIH,00000506_013.png,ok,512x512 -> 1024x1024,2,1,4.78,35.9985,16.339119,4.042168,0.9877,0.9983,0.0516,7.6456,33.3767,29.882145,5.466456,0.982,0.9965,0.1733,0.1733,0.1733,8.8204,149.6813,56.8056,149.6813,56.8056,0.1638,33.3767,0.982,29.882145,5.466456,-2.6218,-0.0018,-0.1217,-1.1748
/kaggle/input/datasets/duc24kdl/sub-x-ray/sub_X-Ray/sub_NIH/00000506_016.png,,sub_NIH,00000506_016.png,ok,512x512 -> 1024x1024,2,1,4.77,38.0972,10.077686,3.174537,0.9842,0.9981,0.0754,8.0967,35.2045,19.617036,4.429112,0.9769,0.996,0.2578,0.2578,0.2578,8.3139,111.8468,47.2948,111.8468,47.2948,0.1622,35.2045,0.9769,19.617036,4.429112,-2.8927,-0.0021,-0.1824,-0.2172
/kaggle/input/datasets/duc24kdl/sub-x-ray/sub_X-Ray/sub_NIH/00000506_017.png,,sub_NIH,00000506_017.png,ok,512x512 -> 1024x1024,2,1,4.78,42.1991,3.918951,1.979634,0.9626,0.9966,0.1273,6.2585,39.1285,7.947521,2.819135,0.9448,0.9924,0.2988,0.2988,0.2988,7.8666,100.1762,72.5728,100.1762,72.5728,0.0961,39.1285,0.9448,7.947521,2.819135,-3.0706,-0.0042,-0.1714,-1.6081
/kaggle/input/datasets/duc24kdl/sub-x-ray/sub_X-Ray/sub_NIH/00000506_018.png,,sub_NIH,00000506_018.png,ok,512x512 -> 1024x1024,2,1,4.8,43.8024,2.709182,1.645959,0.9675,0.997,0.1218,6.6638,40.9867,5.180989,2.276179,0.9529,0.9935,0.3023,0.3023,0.3023,8.2664,78.9727,68.0742,78.9727,68.0742,0.0807,40.9867,0.9529,5.180989,2.276179,-2.8157,-0.0035,-0.1806,-1.6026
/kaggle/input/datasets/duc24kdl/sub-x-ray/sub_X-Ray/sub_NIH/00000506_019.png,,sub_NIH,00000506_019.png,ok,512x512 -> 1024x1024,2,1,5.02,39.2427,7.741262,2.782312,0.9854,0.9983,0.0591,6.5933,36.7505,13.74131,3.706927,0.9738,0.9959,0.1674,0.1674,0.1674,8.2462,135.8622,76.6894,135.8622,76.6894,0.2907,36.7505,0.9738,13.74131,3.706927,-2.4922,-0.0024,-0.1084,-1.6529
/kaggle/input/datasets/duc24kdl/sub-x-ray/sub_X-Ray/sub_NIH/00000506_021.png,,sub_NIH,00000506_021.png,ok,512x512 -> 1024x1024,2,1,4.8,37.3805,11.885955,3.447601,0.9852,0.9982,0.0676,7.4629,34.4734,23.213349,4.818023,0.9772,0.9962,0.2168,0.2168,0.2168,7.7783,122.8393,59.9611,122.8393,59.9611,0.1699,34.4734,0.9772,23.213349,4.818023,-2.907,-0.002,-0.1492,-0.3154
/kaggle/input/datasets/duc24kdl/sub-x-ray/sub_X-Ray/sub_NIH/00000506_024.png,,sub_NIH,00000506_024.png,ok,512x512 -> 1024x1024,2,1,4.76,36.0397,16.18488,4.023044,0.9869,0.9984,0.0603,7.3108,33.1759,31.296307,5.59431,0.9802,0.9965,0.1891,0.1891,0.1891,7.9237,113.6208,63.6879,113.6208,63.6879,0.1444,33.1759,0.9802,31.296307,5.59431,-2.8638,-0.0018,-0.1289,-0.6129
/kaggle/input/datasets/duc24kdl/sub-x-ray/sub_X-Ray/sub_NIH/00000506_028.png,,sub_NIH,00000506_028.png,ok,512x512 -> 1024x1024,2,1,4.8,37.8428,10.685561,3.268878,0.984,0.9981,0.0734,7.8013,35.0769,20.201847,4.494646,0.9775,0.9961,0.2287,0.2287,0.2287,8.8114,113.8922,58.3927,113.8922,58.3927,0.1731,35.0769,0.9775,20.201847,4.494646,-2.7659,-0.002,-0.1554,-1.0101
/kaggle/input/datasets/duc24kdl/sub-x-ray/sub_X-Ray/sub_NIH/00000506_031.png,,sub_NIH,00000506_031.png,ok,512x512 -> 1024x1024,2,1,4.79,39.4363,7.403766,2.720986,0.9863,0.9984,0.0644,8.2883,37.0021,12.968058,3.601119,0.9811,0.997,0.2054,0.2054,0.2054,8.6623,111.001,64.2621,111.001,64.2621,0.1476,37.0021,0.9811,12.968058,3.601119,-2.4342,-0.0014,-0.1411,-0.374
/kaggle/input/datasets/duc24kdl/sub-x-ray/sub_X-Ray/sub_NIH/00000510_000.png,,sub_NIH,00000510_000.png,ok,512x512 -> 1024x1024,2,1,4.8,38.4195,9.356903,3.058905,0.9845,0.9983,0.0608,6.5726,35.647,17.716495,4.209097,0.9716,0.9955,0.1896,0.1896,0.1896,7.3594,157.0842,60.6025,157.0842,60.6025,0.1636,35.647,0.9716,17.716495,4.209097,-2.7725,-0.0028,-0.1288,-0.7868
/kaggle/input/datasets/duc24kdl/sub-x-ray/sub_X-Ray/sub_NIH/00000511_000.png,,sub_NIH,00000511_000.png,ok,512x512 -> 1024x1024,2,1,4.79,41.6541,4.442967,2.107835,0.9639,0.9967,0.1343,6.8192,38.1453,9.966771,3.157019,0.9445,0.9922,0.3176,0.3176,0.3176,8.2626,127.9641,63.3148,127.9641,63.3148,0.0868,38.1453,0.9445,9.966771,3.157019,-3.5088,-0.0045,-0.1833,-1.4435
/kaggle/input/datasets/duc24kdl/sub-x-ray/sub_X-Ray/sub_NIH/00000511_001.png,,sub_NIH,00000511_001.png,ok,512x512 -> 1024x1024,2,1,4.77,42.3418,3.792321,1.947388,0.9658,0.9969,0.1278,6.5777,38.6373,8.899154,2.983145,0.9471,0.9926,0.3008,0.3008,0.3008,7.9272,120.3215,69.5407,120.3215,69.5407,0.0887,38.6373,0.9471,8.899154,2.983145,-3.7044,-0.0043,-0.173,-1.3494
/kaggle/input/datasets/duc24kdl/sub-x-ray/sub_X-Ray/sub_NIH/00000514_005.png,,sub_NIH,00000514_005.png,ok,512x512 -> 1024x1024,2,1,4.76,41.2199,4.910153,2.215886,0.9631,0.9967,0.1219,6.3901,36.9533,13.114416,3.621383,0.9379,0.9911,0.2836,0.2836,0.2836,7.1215,94.8227,64.6865,94.8227,64.6865,0.111,36.9533,0.9379,13.114416,3.621383,-4.2665,-0.0056,-0.1617,-0.7314
/kaggle/input/datasets/duc24kdl/sub-x-ray/sub_X-Ray/sub_NIH/00000515_000.png,,sub_NIH,00000515_000.png,ok,512x512 -> 1024x1024,2,1,4.77,42.4128,3.730758,1.931517,0.9641,0.9967,0.1317,6.1856,39.2746,7.684635,2.772117,0.9444,0.9921,0.3102,0.3102,0.3102,7.8616,126.2053,67.6408,126.2053,67.6408,0.1066,39.2746,0.9444,7.684635,2.772117,-3.1383,-0.0046,-0.1785,-1.676
/kaggle/input/datasets/duc24kdl/sub-x-ray/sub_X-Ray/sub_NIH/00000516_000.png,,sub_NIH,00000516_000.png,ok,512x512 -> 1024x1024,2,1,4.79,38.4693,9.250272,3.041426,0.9849,0.9983,0.0608,6.6179,36.8089,13.557781,3.682089,0.9747,0.996,0.1892,0.1892,0.1892,7.2258,163.3966,61.8709,163.3966,61.8709,0.1411,36.8089,0.9747,13.557781,3.682089,-1.6603,-0.0023,-0.1284,-0.608
/kaggle/input/datasets/duc24kdl/sub-x-ray/sub_X-Ray/sub_NIH/00000517_002.png,,sub_NIH,00000517_002.png,ok,512x512 -> 1024x1024,2,1,4.78,41.4567,4.649527,2.156276,0.9658,0.9968,0.1301,6.398,38.6039,8.967862,2.994639,0.9487,0.9924,0.3239,0.3239,0.3239,7.9804,129.1512,57.5285,129.1512,57.5285,0.1286,38.6039,0.9487,8.967862,2.994639,-2.8528,-0.0044,-0.1938,-1.5824
/kaggle/input/datasets/duc24kdl/sub-x-ray/sub_X-Ray/sub_NIH/00000517_006.png,,sub_NIH,00000517_006.png,ok,512x512 -> 1024x1024,2,1,4.78,39.6062,7.119603,2.668258,0.953,0.9957,0.1693,6.418,37.2666,12.201628,3.493083,0.931,0.9901,0.3902,0.3902,0.3902,7.3848,131.9925,65.901,131.9925,65.901,0.1465,37.2666,0.931,12.201628,3.493083,-2.3396,-0.0056,-0.2209,-0.9668
/kaggle/input/datasets/duc24kdl/sub-x-ray/sub_X-Ray/sub_NIH/00000522_000.png,,sub_NIH,00000522_000.png,ok,512x512 -> 1024x1024,2,1,4.77,45.0536,2.031032,1.425143,0.991,0.9987,0.0307,7.768,39.8004,6.808256,2.609263,0.9844,0.9975,0.113,0.113,0.113,8.8865,158.3681,72.6877,158.3681,72.6877,0.1863,39.8004,0.9844,6.808256,2.609263,-5.2532,-0.0013,-0.0823,-1.1185
/kaggle/input/datasets/duc24kdl/sub-x-ray/sub_X-Ray/sub_NIH/00000522_005.png,,sub_NIH,00000522_005.png,ok,512x512 -> 1024x1024,2,1,4.78,39.6203,7.096539,2.663933,0.9899,0.9986,0.0431,8.0927,38.1374,9.984896,3.159889,0.9857,0.9977,0.155,0.155,0.155,8.648,146.8124,60.4121,146.8124,60.4121,0.1244,38.1374,0.9857,9.984896,3.159889,-1.483,-0.0009,-0.1119,-0.5553
/kaggle/input/datasets/duc24kdl/sub-x-ray/sub_X-Ray/sub_NIH/00000524_002.png,,sub_NIH,00000524_002.png,ok,512x512 -> 1024x1024,2,1,4.77,35.291,19.230056,4.385209,0.9873,0.9984,0.0527,6.4522,33.1173,31.721007,5.632141,0.9777,0.9963,0.1789,0.1789,0.1789,7.9502,184.5429,54.2603,184.5429,54.2603,0.2031,33.1173,0.9777,31.721007,5.632141,-2.1737,-0.0022,-0.1261,-1.498
/kaggle/input/datasets/duc24kdl/sub-x-ray/sub_X-Ray/sub_NIH/00000531_006.png,,sub_NIH,00000531_006.png,ok,512x512 -> 1024x1024,2,1,4.78,41.2008,4.93172,2.220748,0.9618,0.9966,0.1411,6.6986,38.1575,9.938823,3.15259,0.9402,0.9917,0.3369,0.3369,0.3369,8.0114,116.9456,65.0267,116.9456,65.0267,0.1389,38.1575,0.9402,9.938823,3.15259,-3.0434,-0.0049,-0.1958,-1.3129
/kaggle/input/datasets/duc24kdl/sub-x-ray/sub_X-Ray/sub_NIH/00000533_004.png,,sub_NIH,00000533_004.png,ok,512x512 -> 1024x1024,2,1,4.77,40.0304,6.457209,2.541104,0.9688,0.9971,0.1162,5.9458,37.1262,12.602527,3.550004,0.9516,0.9931,0.2772,0.2772,0.2772,7.9275,85.2468,59.5591,85.2468,59.5591,0.1436,37.1262,0.9516,12.602527,3.550004,-2.9041,-0.0039,-0.161,-1.9818
/kaggle/input/datasets/duc24kdl/sub-x-ray/sub_X-Ray/sub_NIH/00000538_001.png,,sub_NIH,00000538_001.png,ok,512x512 -> 1024x1024,2,1,4.78,41.2603,4.864599,2.205584,0.9574,0.9962,0.1532,6.6173,38.0546,10.177078,3.190153,0.9363,0.991,0.3541,0.3541,0.3541,8.4112,126.6269,65.0791,126.6269,65.0791,0.0936,38.0546,0.9363,10.177078,3.190153,-3.2058,-0.0052,-0.2009,-1.7939
/kaggle/input/datasets/duc24kdl/sub-x-ray/sub_X-Ray/sub_NIH/00000538_005.png,,sub_NIH,00000538_005.png,ok,512x512 -> 1024x1024,2,1,4.8,40.0359,6.448982,2.539485,0.9563,0.996,0.1644,6.9767,37.5699,11.378521,3.373206,0.9364,0.9911,0.3618,0.3618,0.3618,8.3972,131.5531,68.6262,131.5531,68.6262,0.1326,37.5699,0.9364,11.378521,3.373206,-2.4659,-0.0049,-0.1974,-1.4204
/kaggle/input/datasets/duc24kdl/sub-x-ray/sub_X-Ray/sub_NIH/00000539_000.png,,sub_NIH,00000539_000.png,ok,512x512 -> 1024x1024,2,1,4.83,43.2585,3.070661,1.75233,0.9702,0.9973,0.1093,6.5817,39.2167,7.787701,2.790645,0.9508,0.993,0.2723,0.2723,0.2723,7.6991,102.1907,63.3498,102.1907,63.3498,0.0791,39.2167,0.9508,7.787701,2.790645,-4.0418,-0.0043,-0.1631,-1.1173
/kaggle/input/datasets/duc24kdl/sub-x-ray/sub_X-Ray/sub_NIH/00000540_001.png,,sub_NIH,00000540_001.png,ok,512x512 -> 1024x1024,2,1,4.79,35.6157,17.844593,4.224286,0.9745,0.9974,0.1024,6.3627,31.7512,43.446629,6.591406,0.952,0.9922,0.2714,0.2714,0.2714,7.2999,119.6634,56.0895,119.6634,56.0895,0.2249,31.7512,0.952,43.446629,6.591406,-3.8645,-0.0052,-0.169,-0.9372
/kaggle/input/datasets/duc24kdl/sub-x-ray/sub_X-Ray/sub_NIH/00000540_002.png,,sub_NIH,00000540_002.png,ok,512x512 -> 1024x1024,2,1,4.8,35.4869,18.381939,4.287416,0.9765,0.9976,0.0841,6.101,31.8426,42.542351,6.52245,0.9531,0.9924,0.2463,0.2463,0.2463,7.532,136.6631,59.8231,136.6631,59.8231,0.2002,31.8426,0.9531,42.542351,6.52245,-3.6443,-0.0052,-0.1622,-1.431
/kaggle/input/datasets/duc24kdl/sub-x-ray/sub_X-Ray/sub_NIH/00000541_004.png,,sub_NIH,00000541_004.png,ok,512x512 -> 1024x1024,2,1,4.78,41.7653,4.330596,2.081008,0.963,0.9967,0.1252,6.5814,38.6829,8.806316,2.967544,0.9415,0.9916,0.2966,0.2966,0.2966,7.7365,99.9286,62.8518,99.9286,62.8518,0.1246,38.6829,0.9415,8.806316,2.967544,-3.0825,-0.005,-0.1714,-1.1551
/kaggle/input/datasets/duc24kdl/sub-x-ray/sub_X-Ray/sub_NIH/00000544_000.png,,sub_NIH,00000544_000.png,ok,512x512 -> 1024x1024,2,1,4.77,43.2155,3.101234,1.761032,0.9647,0.9968,0.1327,6.616,39.6698,7.016196,2.64881,0.9456,0.9923,0.3058,0.3058,0.3058,7.7505,112.7728,68.9667,112.7728,68.9667,0.0662,39.6698,0.9456,7.016196,2.64881,-3.5457,-0.0045,-0.1731,-1.1345
/kaggle/input/datasets/duc24kdl/sub-x-ray/sub_X-Ray/sub_NIH/00000545_000.png,,sub_NIH,00000545_000.png,ok,512x512 -> 1024x1024,2,1,4.78,42.0516,4.054349,2.013541,0.962,0.9966,0.1473,6.6527,39.5467,7.217951,2.686624,0.945,0.9924,0.3397,0.3397,0.3397,8.4826,144.8265,64.5994,144.8265,64.5994,0.1119,39.5467,0.945,7.217951,2.686624,-2.5049,-0.0042,-0.1924,-1.8299
/kaggle/input/datasets/duc24kdl/sub-x-ray/sub_X-Ray/sub_NIH/00000545_004.png,,sub_NIH,00000545_004.png,ok,512x512 -> 1024x1024,2,1,4.78,37.0824,12.730265,3.56795,0.9833,0.9982,0.0712,6.7439,35.7362,17.356274,4.166086,0.969,0.9949,0.2206,0.2206,0.2206,7.7072,165.5733,52.0554,165.5733,52.0554,0.1495,35.7362,0.969,17.356274,4.166086,-1.3462,-0.0033,-0.1495,-0.9633
/kaggle/input/datasets/duc24kdl/sub-x-ray/sub_X-Ray/sub_NIH/00000547_001.png,,sub_NIH,00000547_001.png,ok,512x512 -> 1024x1024,2,1,4.79,47.9321,1.046827,1.023146,0.987,0.9984,0.0586,7.5303,43.9445,2.622012,1.619263,0.9787,0.9964,0.2129,0.2129,0.2129,7.7975,168.4418,42.1896,168.4418,42.1896,0.1093,43.9445,0.9787,2.622012,1.619263,-3.9876,-0.002,-0.1543,-0.2672
/kaggle/input/datasets/duc24kdl/sub-x-ray/sub_X-Ray/sub_NIH/00000547_003.png,,sub_NIH,00000547_003.png,ok,512x512 -> 1024x1024,2,1,4.79,38.2409,9.749782,3.122464,0.9854,0.9983,0.067,6.456,36.8131,13.544672,3.680309,0.9756,0.9961,0.2076,0.2076,0.2076,7.5945,162.5886,56.3157,162.5886,56.3157,0.1555,36.8131,0.9756,13.544672,3.680309,-1.4277,-0.0022,-0.1406,-1.1385
/kaggle/input/datasets/duc24kdl/sub-x-ray/sub_X-Ray/sub_NIH/00000547_006.png,,sub_NIH,00000547_006.png,ok,512x512 -> 1024x1024,2,1,4.77,42.2043,3.914255,1.978448,0.9598,0.9964,0.1542,6.7024,39.4721,7.342966,2.709791,0.9421,0.9921,0.3524,0.3524,0.3524,7.8865,125.3751,67.9366,125.3751,67.9366,0.0935,39.4721,0.9421,7.342966,2.709791,-2.7322,-0.0043,-0.1982,-1.1841
/kaggle/input/datasets/duc24kdl/sub-x-ray/sub_X-Ray/sub_NIH/00000547_009.png,,sub_NIH,00000547_009.png,ok,512x512 -> 1024x1024,2,1,4.77,42.1835,3.933093,1.983203,0.9604,0.9964,0.155,6.6193,39.4608,7.36201,2.713302,0.9429,0.9922,0.3459,0.3459,0.3459,7.6432,125.9772,73.6645,125.9772,73.6645,0.0956,39.4608,0.9429,7.36201,2.713302,-2.7226,-0.0043,-0.1909,-1.0239
/kaggle/input/datasets/duc24kdl/sub-x-ray/sub_X-Ray/sub_NIH/00000549_003.png,,sub_NIH,00000549_003.png,ok,512x512 -> 1024x1024,2,1,4.81,40.6206,5.636634,2.37416,0.9582,0.9962,0.1577,6.3922,38.4408,9.310981,3.05139,0.9405,0.9918,0.3511,0.3511,0.3511,8.4364,143.6774,64.7051,143.6774,64.7051,0.135,38.4408,0.9405,9.310981,3.05139,-2.1798,-0.0044,-0.1934,-2.0441
/kaggle/input/datasets/duc24kdl/sub-x-ray/sub_X-Ray/sub_NIH/00000555_000.png,,sub_NIH,00000555_000.png,ok,512x512 -> 1024x1024,2,1,4.8,44.2311,2.454537,1.566696,0.983,0.9981,0.0642,6.67,40.5708,5.701687,2.387821,0.9681,0.9946,0.2085,0.2085,0.2085,7.9059,165.3773,52.1466,165.3773,52.1466,0.3748,40.5708,0.9681,5.701687,2.387821,-3.6603,-0.0034,-0.1442,-1.2359
/kaggle/input/datasets/duc24kdl/sub-x-ray/sub_X-Ray/sub_NIH/00000560_002.png,,sub_NIH,00000560_002.png,ok,512x512 -> 1024x1024,2,1,4.8,38.4723,9.243827,3.040366,0.9837,0.9981,0.0823,6.933,35.7958,17.119831,4.137612,0.9756,0.9961,0.2514,0.2514,0.2514,7.2664,123.7938,43.5254,123.7938,43.5254,0.1568,35.7958,0.9756,17.119831,4.137612,-2.6765,-0.002,-0.1692,-0.3334
/kaggle/input/datasets/duc24kdl/sub-x-ray/sub_X-Ray/sub_NIH/00000561_000.png,,sub_NIH,00000561_000.png,ok,512x512 -> 1024x1024,2,1,4.77,41.1001,5.047455,2.246654,0.9781,0.9977,0.0875,6.2501,36.7922,13.610025,3.689177,0.9601,0.9933,0.2535,0.2535,0.2535,7.475,128.1756,57.5084,128.1756,57.5084,0.2455,36.7922,0.9601,13.610025,3.689177,-4.3079,-0.0044,-0.1661,-1.2249
/kaggle/input/datasets/duc24kdl/sub-x-ray/sub_X-Ray/sub_NIH/00000561_001.png,,sub_NIH,00000561_001.png,ok,512x512 -> 1024x1024,2,1,4.79,40.7376,5.486847,2.342402,0.976,0.9976,0.0953,6.613,35.9816,16.402833,4.050041,0.9584,0.9934,0.2738,0.2738,0.2738,7.8993,126.7302,54.3152,126.7302,54.3152,0.0875,35.9816,0.9584,16.402833,4.050041,-4.756,-0.0042,-0.1784,-1.2863
/kaggle/input/datasets/duc24kdl/sub-x-ray/sub_X-Ray/sub_NIH/00000561_002.png,,sub_NIH,00000561_002.png,ok,512x512 -> 1024x1024,2,1,4.77,42.1107,3.999533,1.999883,0.9621,0.9966,0.1368,6.4563,39.2933,7.651489,2.766132,0.9436,0.9921,0.3235,0.3235,0.3235,7.9448,124.6978,63.3813,124.6978,63.3813,0.1065,39.2933,0.9436,7.651489,2.766132,-2.8174,-0.0044,-0.1867,-1.4885
/kaggle/input/datasets/duc24kdl/sub-x-ray/sub_X-Ray/sub_NIH/00000564_000.png,,sub_NIH,00000564_000.png,ok,512x512 -> 1024x1024,2,1,4.79,45.8571,1.687992,1.299228,0.9868,0.9984,0.0555,7.0757,41.0231,5.13777,2.266665,0.9763,0.9961,0.1933,0.1933,0.1933,8.4132,153.9896,51.1301,153.9896,51.1301,0.1429,41.0231,0.9763,5.13777,2.266665,-4.834,-0.0024,-0.1378,-1.3375
/kaggle/input/datasets/duc24kdl/sub-x-ray/sub_X-Ray/sub_NIH/00000566_001.png,,sub_NIH,00000566_001.png,ok,512x512 -> 1024x1024,2,1,4.78,36.6452,14.078754,3.752167,0.9815,0.9981,0.0784,6.4327,34.6598,22.2384,4.715761,0.9704,0.9954,0.216,0.216,0.216,7.9067,158.7238,69.1693,158.7238,69.1693,0.0956,34.6598,0.9704,22.2384,4.715761,-1.9854,-0.0026,-0.1376,-1.474
/kaggle/input/datasets/duc24kdl/sub-x-ray/sub_X-Ray/sub_NIH/00000566_004.png,,sub_NIH,00000566_004.png,ok,512x512 -> 1024x1024,2,1,4.77,36.7189,13.841693,3.720443,0.985,0.9983,0.0649,6.9883,35.3784,18.846705,4.341279,0.9765,0.9963,0.1921,0.1921,0.1921,8.025,162.2007,64.8981,162.2007,64.8981,0.1909,35.3784,0.9765,18.846705,4.341279,-1.3405,-0.002,-0.1272,-1.0367
/kaggle/input/datasets/duc24kdl/sub-x-ray/sub_X-Ray/sub_NIH/00000567_000.png,,sub_NIH,00000567_000.png,ok,512x512 -> 1024x1024,2,1,4.78,35.1323,19.94567,4.466058,0.9791,0.9978,0.0873,6.6902,32.8824,33.484553,5.786584,0.963,0.994,0.2589,0.2589,0.2589,8.1873,150.5532,52.7296,150.5532,52.7296,0.3336,32.8824,0.963,33.484553,5.786584,-2.25,-0.0037,-0.1716,-1.4971
/kaggle/input/datasets/duc24kdl/sub-x-ray/sub_X-Ray/sub_NIH/00000568_000.png,,sub_NIH,00000568_000.png,ok,512x512 -> 1024x1024,2,1,4.82,36.9057,13.25913,3.641309,0.9865,0.9983,0.0619,7.5467,35.2282,19.509961,4.417008,0.9808,0.9969,0.2069,0.2069,0.2069,8.0998,166.9679,37.3661,166.9679,37.3661,0.1572,35.2282,0.9808,19.509961,4.417008,-1.6774,-0.0014,-0.1449,-0.5532
/kaggle/input/datasets/duc24kdl/sub-x-ray/sub_X-Ray/sub_NIH/00000569_004.png,,sub_NIH,00000569_004.png,ok,512x512 -> 1024x1024,2,1,4.82,41.2431,4.883933,2.209962,0.9655,0.9969,0.1265,6.4002,38.047,10.19481,3.192931,0.9445,0.9921,0.298,0.298,0.298,7.3664,98.9111,66.8892,98.9111,66.8892,0.1199,38.047,0.9445,10.19481,3.192931,-3.1961,-0.0048,-0.1715,-0.9662
/kaggle/input/datasets/duc24kdl/sub-x-ray/sub_X-Ray/sub_NIH/00000571_003.png,,sub_NIH,00000571_003.png,ok,512x512 -> 1024x1024,2,1,4.82,42.0208,4.083182,2.020689,0.9628,0.9967,0.142,6.6033,38.9404,8.299273,2.880846,0.9439,0.9922,0.3261,0.3261,0.3261,7.7169,139.8484,67.478,139.8484,67.478,0.1129,38.9404,0.9439,8.299273,2.880846,-3.0804,-0.0045,-0.1842,-1.1136
/kaggle/input/datasets/duc24kdl/sub-x-ray/sub_X-Ray/sub_NIH/00000571_005.png,,sub_NIH,00000571_005.png,ok,512x512 -> 1024x1024,2,1,4.79,40.5451,5.735501,2.394891,0.9586,0.9963,0.1516,6.6907,37.6404,11.195364,3.345947,0.9381,0.9915,0.3404,0.3404,0.3404,7.9009,137.919,71.9644,137.919,71.9644,0.139,37.6404,0.9381,11.195364,3.345947,-2.9047,-0.0049,-0.1888,-1.2102
/kaggle/input/datasets/duc24kdl/sub-x-ray/sub_X-Ray/sub_NIH/00000572_000.png,,sub_NIH,00000572_000.png,ok,512x512 -> 1024x1024,2,1,4.85,36.9987,12.978133,3.602518,0.9832,0.9981,0.0676,6.6155,33.703,27.719271,5.264909,0.9689,0.9948,0.2271,0.2271,0.2271,7.5969,173.3871,46.8236,173.3871,46.8236,0.363,33.703,0.9689,27.719271,5.264909,-3.2957,-0.0034,-0.1595,-0.9814
/kaggle/input/datasets/duc24kdl/sub-x-ray/sub_X-Ray/sub_NIH/00000579_001.png,,sub_NIH,00000579_001.png,ok,512x512 -> 1024x1024,2,1,4.78,36.6272,14.137189,3.759945,0.952,0.9957,0.1719,7.1431,33.6032,28.363364,5.325727,0.9331,0.9906,0.3738,0.3738,0.3738,8.4411,135.1248,70.1965,135.1248,70.1965,0.1752,33.6032,0.9331,28.363364,5.325727,-3.0239,-0.0051,-0.2019,-1.298
/kaggle/input/datasets/duc24kdl/sub-x-ray/sub_X-Ray/sub_NIH/00000580_005.png,,sub_NIH,00000580_005.png,ok,512x512 -> 1024x1024,2,1,4.8,41.002,5.162695,2.272156,0.9625,0.9966,0.1359,6.0899,38.1179,10.029757,3.166979,0.9426,0.9918,0.3094,0.3094,0.3094,7.5178,118.9539,74.2404,118.9539,74.2404,0.1094,38.1179,0.9426,10.029757,3.166979,-2.8841,-0.0048,-0.1734,-1.4279
/kaggle/input/datasets/duc24kdl/sub-x-ray/sub_X-Ray/sub_NIH/00000580_008.png,,sub_NIH,00000580_008.png,ok,512x512 -> 1024x1024,2,1,4.81,40.9367,5.240966,2.289316,0.964,0.9967,0.1288,6.241,38.3835,9.43466,3.071589,0.944,0.9919,0.2897,0.2897,0.2897,7.2837,117.2618,73.0164,117.2618,73.0164,0.1373,38.3835,0.944,9.43466,3.071589,-2.5531,-0.0048,-0.1609,-1.0427
/kaggle/input/datasets/duc24kdl/sub-x-ray/sub_X-Ray/sub_NIH/00000582_000.png,,sub_NIH,00000582_000.png,ok,512x512 -> 1024x1024,2,1,4.82,41.1493,4.990575,2.233959,0.9569,0.9962,0.149,6.6052,38.7857,8.600292,2.932625,0.9339,0.9908,0.3359,0.3359,0.3359,7.9815,115.6522,65.735,115.6522,65.735,0.1182,38.7857,0.9339,8.600292,2.932625,-2.3636,-0.0054,-0.1869,-1.3764
/kaggle/input/datasets/duc24kdl/sub-x-ray/sub_X-Ray/sub_NIH/00000583_004.png,,sub_NIH,00000583_004.png,ok,512x512 -> 1024x1024,2,1,4.79,41.7498,4.346124,2.084736,0.962,0.9966,0.1508,6.8641,39.2517,7.725241,2.779432,0.9478,0.993,0.3277,0.3277,0.3277,9.1407,148.494,73.1759,148.494,73.1759,0.1083,39.2517,0.9478,7.725241,2.779432,-2.4981,-0.0036,-0.1768,-2.2766
/kaggle/input/datasets/duc24kdl/sub-x-ray/sub_X-Ray/sub_NIH/00000583_009.png,,sub_NIH,00000583_009.png,ok,512x512 -> 1024x1024,2,1,4.77,38.8719,8.431239,2.90366,0.9855,0.9983,0.0749,9.5759,37.4999,11.563624,3.400533,0.9827,0.9973,0.2446,0.2446,0.2446,9.8909,121.9166,51.3655,121.9166,51.3655,0.1642,37.4999,0.9827,11.563624,3.400533,-1.372,-0.001,-0.1697,-0.315
/kaggle/input/datasets/duc24kdl/sub-x-ray/sub_X-Ray/sub_NIH/00000583_010.png,,sub_NIH,00000583_010.png,ok,512x512 -> 1024x1024,2,1,4.82,36.3332,15.127267,3.889379,0.9889,0.9985,0.0527,9.5498,33.662,27.982013,5.289803,0.9861,0.9976,0.1796,0.1796,0.1796,9.714,128.4629,58.2162,128.4629,58.2162,0.1999,33.662,0.9861,27.982013,5.289803,-2.6712,-0.0009,-0.127,-0.1642
/kaggle/input/datasets/duc24kdl/sub-x-ray/sub_X-Ray/sub_NIH/00000583_011.png,,sub_NIH,00000583_011.png,ok,512x512 -> 1024x1024,2,1,4.78,38.2907,9.638607,3.104611,0.9823,0.998,0.0883,9.5624,36.8923,13.29998,3.646914,0.978,0.9967,0.2476,0.2476,0.2476,9.5544,139.6769,51.3354,139.6769,51.3354,0.1786,36.8923,0.978,13.29998,3.646914,-1.3984,-0.0013,-0.1593,0.008
/kaggle/input/datasets/duc24kdl/sub-x-ray/sub_X-Ray/sub_NIH/00000583_016.png,,sub_NIH,00000583_016.png,ok,512x512 -> 1024x1024,2,1,4.81,38.484,9.219,3.036281,0.9884,0.9985,0.0596,8.9986,37.3057,12.092345,3.477405,0.986,0.9978,0.1997,0.1997,0.1997,8.8793,123.2075,57.9103,123.2075,57.9103,0.1984,37.3057,0.986,12.092345,3.477405,-1.1783,-0.0007,-0.14,0.1193
/kaggle/input/datasets/duc24kdl/sub-x-ray/sub_X-Ray/sub_NIH/00000583_023.png,,sub_NIH,00000583_023.png,ok,512x512 -> 1024x1024,2,1,4.77,39.4966,7.301605,2.702148,0.9797,0.9979,0.1062,9.0015,38.076,10.127065,3.182305,0.9744,0.9962,0.2965,0.2965,0.2965,9.1818,120.2008,56.9496,120.2008,56.9496,0.1651,38.076,0.9744,10.127065,3.182305,-1.4207,-0.0016,-0.1903,-0.1803
/kaggle/input/datasets/duc24kdl/sub-x-ray/sub_X-Ray/sub_NIH/00000583_025.png,,sub_NIH,00000583_025.png,ok,512x512 -> 1024x1024,2,1,4.8,38.1286,10.00502,3.163071,0.9783,0.9978,0.1122,8.899,36.6776,13.974122,3.738198,0.9728,0.996,0.3129,0.3129,0.3129,9.2614,122.0779,51.8556,122.0779,51.8556,0.1596,36.6776,0.9728,13.974122,3.738198,-1.4511,-0.0018,-0.2008,-0.3624
/kaggle/input/datasets/duc24kdl/sub-x-ray/sub_X-Ray/sub_NIH/00000583_029.png,,sub_NIH,00000583_029.png,ok,512x512 -> 1024x1024,2,1,4.8,38.7101,8.751321,2.958263,0.9864,0.9984,0.0629,8.6071,37.4656,11.6553,3.413986,0.9832,0.9975,0.2011,0.2011,0.2011,9.0135,112.9858,65.0411,112.9858,65.0411,0.1508,37.4656,0.9832,11.6553,3.413986,-1.2445,-0.0009,-0.1382,-0.4064
/kaggle/input/datasets/duc24kdl/sub-x-ray/sub_X-Ray/sub_NIH/00000583_030.png,,sub_NIH,00000583_030.png,ok,512x512 -> 1024x1024,2,1,4.77,39.2602,7.710027,2.776694,0.9864,0.9984,0.0706,8.7842,37.983,10.346105,3.216536,0.9838,0.9975,0.2231,0.2231,0.2231,8.7834,116.5589,59.1792,116.5589,59.1792,0.1693,37.983,0.9838,10.346105,3.216536,-1.2772,-0.0008,-0.1525,0.0009
/kaggle/input/datasets/duc24kdl/sub-x-ray/sub_X-Ray/sub_NIH/00000583_035.png,,sub_NIH,00000583_035.png,ok,512x512 -> 1024x1024,2,1,4.79,37.9037,10.536952,3.246067,0.9565,0.9959,0.1737,8.1347,36.3231,15.162604,3.893919,0.943,0.9917,0.414,0.414,0.414,8.52,117.7073,43.7582,117.7073,43.7582,0.1137,36.3231,0.943,15.162604,3.893919,-1.5806,-0.0042,-0.2403,-0.3854
/kaggle/input/datasets/duc24kdl/sub-x-ray/sub_X-Ray/sub_NIH/00000583_038.png,,sub_NIH,00000583_038.png,ok,512x512 -> 1024x1024,2,1,4.78,39.1077,7.985664,2.825892,0.99,0.9986,0.0509,8.6383,37.802,10.786483,3.284278,0.9885,0.9981,0.1776,0.1776,0.1776,8.4534,119.0125,57.4539,119.0125,57.4539,0.1692,37.802,0.9885,10.786483,3.284278,-1.3057,-0.0005,-0.1266,0.1849
/kaggle/input/datasets/duc24kdl/sub-x-ray/sub_X-Ray/sub_NIH/00000583_039.png,,sub_NIH,00000583_039.png,ok,512x512 -> 1024x1024,2,1,4.8,38.8041,8.563843,2.926404,0.9891,0.9985,0.0551,8.874,37.5698,11.378983,3.373275,0.9877,0.998,0.1854,0.1854,0.1854,9.391,119.4607,58.2828,119.4607,58.2828,0.1857,37.5698,0.9877,11.378983,3.373275,-1.2343,-0.0005,-0.1303,-0.517
/kaggle/input/datasets/duc24kdl/sub-x-ray/sub_X-Ray/sub_NIH/00000583_041.png,,sub_NIH,00000583_041.png,ok,512x512 -> 1024x1024,2,1,4.81,38.6019,8.971984,2.995327,0.9879,0.9985,0.0594,8.5595,37.2751,12.177918,3.489687,0.9854,0.9977,0.2058,0.2058,0.2058,8.4291,118.4943,52.835,118.4943,52.835,0.1835,37.2751,0.9854,12.177918,3.489687,-1.3268,-0.0007,-0.1465,0.1304
/kaggle/input/datasets/duc24kdl/sub-x-ray/sub_X-Ray/sub_NIH/00000583_049.png,,sub_NIH,00000583_049.png,ok,512x512 -> 1024x1024,2,1,4.77,43.8439,2.683418,1.638114,0.9675,0.997,0.1326,7.029,40.9137,5.268818,2.29539,0.9552,0.9938,0.3073,0.3073,0.3073,8.9429,121.6359,76.144,121.6359,76.144,0.0732,40.9137,0.9552,5.268818,2.29539,-2.9302,-0.0032,-0.1747,-1.9139
/kaggle/input/datasets/duc24kdl/sub-x-ray/sub_X-Ray/sub_NIH/00000583_055.png,,sub_NIH,00000583_055.png,ok,512x512 -> 1024x1024,2,1,4.81,35.9031,16.702192,4.086832,0.978,0.9976,0.1067,8.1433,33.0732,32.044958,5.660827,0.9698,0.9948,0.291,0.291,0.291,9.0014,113.7095,52.9228,113.7095,52.9228,0.2091,33.0732,0.9698,32.044958,5.660827,-2.8299,-0.0028,-0.1843,-0.8581
/kaggle/input/datasets/duc24kdl/sub-x-ray/sub_X-Ray/sub_NIH/00000583_059.png,,sub_NIH,00000583_059.png,ok,512x512 -> 1024x1024,2,1,4.78,36.0986,15.96695,3.995867,0.9557,0.9958,0.1585,6.4848,32.9001,33.348386,5.774806,0.9309,0.9896,0.3448,0.3448,0.3448,7.4672,123.5851,66.9912,123.5851,66.9912,0.1816,32.9001,0.9309,33.348386,5.774806,-3.1985,-0.0062,-0.1863,-0.9824
/kaggle/input/datasets/duc24kdl/sub-x-ray/sub_X-Ray/sub_NIH/00000586_001.png,,sub_NIH,00000586_001.png,ok,512x512 -> 1024x1024,2,1,4.79,42.2368,3.885103,1.971066,0.9646,0.9968,0.1292,6.7363,38.8667,8.441391,2.905407,0.9476,0.9927,0.3,0.3,0.3,7.8948,128.5571,70.2399,128.5571,70.2399,0.0941,38.8667,0.9476,8.441391,2.905407,-3.3701,-0.0041,-0.1708,-1.1584
/kaggle/input/datasets/duc24kdl/sub-x-ray/sub_X-Ray/sub_NIH/00000588_004.png,,sub_NIH,00000588_004.png,ok,512x512 -> 1024x1024,2,1,4.79,38.7883,8.59502,2.931726,0.9861,0.9984,0.0691,7.606,36.7263,13.818113,3.717272,0.9758,0.9961,0.2163,0.2163,0.2163,7.5026,128.395,51.5164,128.395,51.5164,0.16,36.7263,0.9758,13.818113,3.717272,-2.062,-0.0023,-0.1472,0.1034
/kaggle/input/datasets/duc24kdl/sub-x-ray/sub_X-Ray/sub_NIH/00000590_000.png,,sub_NIH,00000590_000.png,ok,512x512 -> 1024x1024,2,1,4.81,40.7928,5.417513,2.327555,0.9853,0.9983,0.0522,6.6107,36.301,15.239806,3.903819,0.9738,0.9958,0.1786,0.1786,0.1786,7.7881,159.3689,64.3108,159.3689,64.3108,0.2073,36.301,0.9738,15.239806,3.903819,-4.4918,-0.0025,-0.1263,-1.1774
/kaggle/input/datasets/duc24kdl/sub-x-ray/sub_X-Ray/sub_NIH/00000591_000.png,,sub_NIH,00000591_000.png,ok,512x512 -> 1024x1024,2,1,4.79,37.4601,11.670101,3.416153,0.9866,0.9984,0.0618,8.1777,36.2374,15.464829,3.932535,0.9828,0.9973,0.2075,0.2075,0.2075,8.8466,157.4858,45.5165,157.4858,45.5165,0.1634,36.2374,0.9828,15.464829,3.932535,-1.2227,-0.001,-0.1457,-0.6689
/kaggle/input/datasets/duc24kdl/sub-x-ray/sub_X-Ray/sub_NIH/00000591_001.png,,sub_NIH,00000591_001.png,ok,512x512 -> 1024x1024,2,1,4.78,36.7,13.902057,3.728546,0.9855,0.9983,0.0718,6.8682,35.5647,18.055585,4.249186,0.9766,0.9961,0.2257,0.2257,0.2257,7.9624,163.9171,51.5057,163.9171,51.5057,0.1611,35.5647,0.9766,18.055585,4.249186,-1.1353,-0.0022,-0.154,-1.0942
/kaggle/input/datasets/duc24kdl/sub-x-ray/sub_X-Ray/sub_NIH/00000591_003.png,,sub_NIH,00000591_003.png,ok,512x512 -> 1024x1024,2,1,4.79,36.963,13.085181,3.617344,0.9903,0.9987,0.0459,8.1272,35.3734,18.868446,4.343782,0.9886,0.9982,0.1636,0.1636,0.1636,8.9284,139.9541,71.0711,139.9541,71.0711,0.09,35.3734,0.9886,18.868446,4.343782,-1.5896,-0.0005,-0.1176,-0.8012
/kaggle/input/datasets/duc24kdl/sub-x-ray/sub_X-Ray/sub_NIH/00000591_009.png,,sub_NIH,00000591_009.png,ok,512x512 -> 1024x1024,2,1,4.82,42.798,3.414167,1.847746,0.9642,0.9968,0.1356,6.5768,39.9032,6.649103,2.578585,0.9484,0.9929,0.3207,0.3207,0.3207,8.6149,115.7989,70.0884,115.7989,70.0884,0.0862,39.9032,0.9484,6.649103,2.578585,-2.8948,-0.0039,-0.185,-2.0381
/kaggle/input/datasets/duc24kdl/sub-x-ray/sub_X-Ray/sub_NIH/00000591_014.png,,sub_NIH,00000591_014.png,ok,512x512 -> 1024x1024,2,1,4.82,43.4343,2.948855,1.717223,0.964,0.9968,0.1458,6.8529,41.0278,5.132188,2.265433,0.9491,0.9932,0.3373,0.3373,0.3373,8.5177,111.7385,71.2979,111.7385,71.2979,0.0669,41.0278,0.9491,5.132188,2.265433,-2.4065,-0.0036,-0.1916,-1.6647
/kaggle/input/datasets/duc24kdl/sub-x-ray/sub_X-Ray/sub_NIH/00000592_001.png,,sub_NIH,00000592_001.png,ok,512x512 -> 1024x1024,2,1,4.82,42.647,3.534935,1.880142,0.9627,0.9966,0.1503,7.2217,39.7074,6.955675,2.637361,0.9462,0.9925,0.3553,0.3553,0.3553,7.8496,114.4507,64.387,114.4507,64.387,0.0832,39.7074,0.9462,6.955675,2.637361,-2.9396,-0.0041,-0.205,-0.6279
/kaggle/input/datasets/duc24kdl/sub-x-ray/sub_X-Ray/sub_NIH/00000593_000.png,,sub_NIH,00000593_000.png,ok,512x512 -> 1024x1024,2,1,4.8,44.4284,2.34555,1.531519,0.9805,0.9979,0.0809,6.6515,40.2554,6.131086,2.476103,0.9632,0.9939,0.2643,0.2643,0.2643,7.8462,172.4978,44.2333,172.4978,44.2333,0.1349,40.2554,0.9632,6.131086,2.476103,-4.1729,-0.004,-0.1834,-1.1948
/kaggle/input/datasets/duc24kdl/sub-x-ray/sub_X-Ray/sub_NIH/00000598_000.png,,sub_NIH,00000598_000.png,ok,512x512 -> 1024x1024,2,1,4.79,39.1805,7.852883,2.8023,0.9838,0.9982,0.0637,6.4285,35.9302,16.598144,4.074082,0.9699,0.9951,0.1834,0.1834,0.1834,7.2789,132.7009,70.9124,132.7009,70.9124,0.1891,35.9302,0.9699,16.598144,4.074082,-3.2503,-0.0031,-0.1197,-0.8504
/kaggle/input/datasets/duc24kdl/sub-x-ray/sub_X-Ray/sub_NIH/00000602_000.png,,sub_NIH,00000602_000.png,ok,512x512 -> 1024x1024,2,1,4.8,42.0782,4.029613,2.00739,0.9597,0.9964,0.1456,6.8263,38.8712,8.432563,2.903888,0.9414,0.992,0.3369,0.3369,0.3369,8.4403,131.8143,64.765,131.8143,64.765,0.0786,38.8712,0.9414,8.432563,2.903888,-3.207,-0.0044,-0.1913,-1.614
/kaggle/input/datasets/duc24kdl/sub-x-ray/sub_X-Ray/sub_NIH/00000603_000.png,,sub_NIH,00000603_000.png,ok,512x512 -> 1024x1024,2,1,4.8,44.4351,2.341907,1.530329,0.9828,0.9981,0.0687,6.487,39.9601,6.562565,2.56175,0.9676,0.9947,0.2352,0.2352,0.2352,8.0973,144.166,61.6627,144.166,61.6627,0.1452,39.9601,0.9676,6.562565,2.56175,-4.475,-0.0034,-0.1665,-1.6103
/kaggle/input/datasets/duc24kdl/sub-x-ray/sub_X-Ray/sub_NIH/00000605_000.png,,sub_NIH,00000605_000.png,ok,512x512 -> 1024x1024,2,1,4.8,38.7393,8.692538,2.948311,0.9899,0.9987,0.0582,7.1418,36.4756,14.639281,3.826131,0.9824,0.9971,0.1749,0.1749,0.1749,8.3256,138.1413,66.9706,138.1413,66.9706,0.1414,36.4756,0.9824,14.639281,3.826131,-2.2637,-0.0016,-0.1167,-1.1838
/kaggle/input/datasets/duc24kdl/sub-x-ray/sub_X-Ray/sub_NIH/00000606_000.png,,sub_NIH,00000606_000.png,ok,512x512 -> 1024x1024,2,1,4.79,37.7839,10.831543,3.291131,0.984,0.9982,0.066,6.9912,35.8725,16.820267,4.101252,0.9737,0.996,0.1958,0.1958,0.1958,7.985,161.2972,63.569,161.2972,63.569,0.1491,35.8725,0.9737,16.820267,4.101252,-1.9114,-0.0022,-0.1298,-0.9938
/kaggle/input/datasets/duc24kdl/sub-x-ray/sub_X-Ray/sub_NIH/00000608_001.png,,sub_NIH,00000608_001.png,ok,512x512 -> 1024x1024,2,1,4.78,46.5876,1.42667,1.194433,0.9806,0.9978,0.0794,6.9152,43.6447,2.809383,1.676121,0.9692,0.9948,0.2545,0.2545,0.2545,7.7731,107.1183,38.5341,107.1183,38.5341,0.0873,43.6447,0.9692,2.809383,1.676121,-2.9429,-0.003,-0.175,-0.8579
/kaggle/input/datasets/duc24kdl/sub-x-ray/sub_X-Ray/sub_NIH/00000608_002.png,,sub_NIH,00000608_002.png,ok,512x512 -> 1024x1024,2,1,4.8,35.8508,16.904267,4.11148,0.9736,0.9973,0.1017,6.2605,32.5387,36.241532,6.020094,0.9488,0.9916,0.2914,0.2914,0.2914,7.0916,116.1664,48.353,116.1664,48.353,0.2101,32.5387,0.9488,36.241532,6.020094,-3.3121,-0.0057,-0.1897,-0.8311
/kaggle/input/datasets/duc24kdl/sub-x-ray/sub_X-Ray/sub_NIH/00000608_003.png,,sub_NIH,00000608_003.png,ok,512x512 -> 1024x1024,2,1,4.84,37.9887,10.332708,3.214453,0.9752,0.9975,0.1065,6.6027,34.5535,22.789335,4.773818,0.9545,0.9926,0.2999,0.2999,0.2999,7.3966,102.9775,48.5295,102.9775,48.5295,0.1827,34.5535,0.9545,22.789335,4.773818,-3.4352,-0.0048,-0.1934,-0.7939
/kaggle/input/datasets/duc24kdl/sub-x-ray/sub_X-Ray/sub_NIH/00000609_000.png,,sub_NIH,00000609_000.png,ok,512x512 -> 1024x1024,2,1,4.81,42.9566,3.291708,1.814306,0.9752,0.9976,0.0949,6.1676,38.5333,9.114912,3.019091,0.9579,0.9938,0.2526,0.2526,0.2526,7.4646,160.5472,67.79,160.5472,67.79,0.2113,38.5333,0.9579,9.114912,3.019091,-4.4233,-0.0038,-0.1577,-1.297
/kaggle/input/datasets/duc24kdl/sub-x-ray/sub_X-Ray/sub_NIH/00000610_001.png,,sub_NIH,00000610_001.png,ok,512x512 -> 1024x1024,2,1,4.8,36.3446,15.087734,3.884293,0.9807,0.9979,0.0802,6.627,34.5045,23.047734,4.800806,0.9665,0.9946,0.2294,0.2294,0.2294,7.4684,142.2239,61.4966,142.2239,61.4966,0.3827,34.5045,0.9665,23.047734,4.800806,-1.84,-0.0033,-0.1491,-0.8414
/kaggle/input/datasets/duc24kdl/sub-x-ray/sub_X-Ray/sub_NIH/00000613_002.png,,sub_NIH,00000613_002.png,ok,512x512 -> 1024x1024,2,1,4.8,36.187,15.645187,3.9554,0.9755,0.9975,0.0874,6.0124,33.7709,27.288941,5.223882,0.9563,0.9932,0.2157,0.2157,0.2157,7.0643,156.5818,68.0654,156.5818,68.0654,0.2781,33.7709,0.9563,27.288941,5.223882,-2.4161,-0.0043,-0.1283,-1.0519
/kaggle/input/datasets/duc24kdl/sub-x-ray/sub_X-Ray/sub_NIH/00000617_000.png,,sub_NIH,00000617_000.png,ok,512x512 -> 1024x1024,2,1,4.83,36.643,14.085899,3.753119,0.9823,0.998,0.0677,6.8797,33.4318,29.505417,5.431889,0.969,0.9948,0.2047,0.2047,0.2047,7.7909,150.9621,71.8591,150.9621,71.8591,0.5241,33.4318,0.969,29.505417,5.431889,-3.2112,-0.0032,-0.1369,-0.9112
/kaggle/input/datasets/duc24kdl/sub-x-ray/sub_X-Ray/sub_NIH/00000618_001.png,,sub_NIH,00000618_001.png,ok,512x512 -> 1024x1024,2,1,4.8,40.87,5.322034,2.306953,0.9693,0.9971,0.1207,6.3974,37.9823,10.347776,3.216796,0.9527,0.9932,0.2846,0.2846,0.2846,7.6962,123.2682,63.9762,123.2682,63.9762,0.1658,37.9823,0.9527,10.347776,3.216796,-2.8877,-0.004,-0.1639,-1.2987
/kaggle/input/datasets/duc24kdl/sub-x-ray/sub_X-Ray/sub_NIH/00000618_007.png,,sub_NIH,00000618_007.png,ok,512x512 -> 1024x1024,2,1,4.82,37.6624,11.138759,3.337478,0.974,0.9973,0.0893,6.1206,33.3084,30.355934,5.509622,0.948,0.9915,0.2463,0.2463,0.2463,6.5681,122.8969,67.9924,122.8969,67.9924,0.2056,33.3084,0.948,30.355934,5.509622,-4.3541,-0.0059,-0.157,-0.4475
/kaggle/input/datasets/duc24kdl/sub-x-ray/sub_X-Ray/sub_NIH/00000618_008.png,,sub_NIH,00000618_008.png,ok,512x512 -> 1024x1024,2,1,4.79,41.6584,4.438571,2.106792,0.9699,0.9972,0.1176,6.0679,38.3181,9.577803,3.094803,0.9534,0.9933,0.2816,0.2816,0.2816,8.5015,119.8999,64.8781,119.8999,64.8781,0.1324,38.3181,0.9534,9.577803,3.094803,-3.3402,-0.0038,-0.1641,-2.4336
/kaggle/input/datasets/duc24kdl/sub-x-ray/sub_X-Ray/sub_NIH/00000619_000.png,,sub_NIH,00000619_000.png,ok,512x512 -> 1024x1024,2,1,4.8,41.4283,4.680028,2.163337,0.9604,0.9965,0.149,6.725,38.8657,8.443354,2.905745,0.9416,0.9919,0.3389,0.3389,0.3389,8.3439,144.5205,60.2115,144.5205,60.2115,0.127,38.8657,0.9416,8.443354,2.905745,-2.5627,-0.0046,-0.1899,-1.619
/kaggle/input/datasets/duc24kdl/sub-x-ray/sub_X-Ray/sub_NIH/00000621_001.png,,sub_NIH,00000621_001.png,ok,512x512 -> 1024x1024,2,1,4.79,42.5793,3.590499,1.894861,0.9677,0.997,0.1181,6.5027,39.1616,7.887114,2.808401,0.9486,0.9927,0.2766,0.2766,0.2766,7.6251,106.2161,63.1936,106.2161,63.1936,0.1052,39.1616,0.9486,7.887114,2.808401,-3.4176,-0.0043,-0.1585,-1.1223
/kaggle/input/datasets/duc24kdl/sub-x-ray/sub_X-Ray/sub_NIH/00000623_000.png,,sub_NIH,00000623_000.png,ok,512x512 -> 1024x1024,2,1,4.79,40.8054,5.401851,2.324188,0.9619,0.9966,0.1366,6.6757,38.4085,9.380552,3.062769,0.9414,0.9919,0.3211,0.3211,0.3211,7.7396,105.7078,66.5878,105.7078,66.5878,0.1247,38.4085,0.9414,9.380552,3.062769,-2.3969,-0.0047,-0.1844,-1.0639
/kaggle/input/datasets/duc24kdl/sub-x-ray/sub_X-Ray/sub_NIH/00000623_004.png,,sub_NIH,00000623_004.png,ok,512x512 -> 1024x1024,2,1,4.79,37.6375,11.20298,3.347085,0.9811,0.9981,0.074,6.789,35.8396,16.948049,4.116801,0.9664,0.9949,0.209,0.209,0.209,7.4681,157.357,63.2779,157.357,63.2779,0.1489,35.8396,0.9664,16.948049,4.116801,-1.7979,-0.0032,-0.135,-0.6792
/kaggle/input/datasets/duc24kdl/sub-x-ray/sub_X-Ray/sub_NIH/00000623_008.png,,sub_NIH,00000623_008.png,ok,512x512 -> 1024x1024,2,1,4.78,43.5436,2.875524,1.695737,0.9726,0.9975,0.1054,6.1932,39.9144,6.6319,2.575248,0.956,0.9938,0.2598,0.2598,0.2598,7.9991,98.5326,65.0858,98.5326,65.0858,0.104,39.9144,0.956,6.6319,2.575248,-3.6292,-0.0037,-0.1543,-1.8059
/kaggle/input/datasets/duc24kdl/sub-x-ray/sub_X-Ray/sub_NIH/00000625_001.png,,sub_NIH,00000625_001.png,ok,512x512 -> 1024x1024,2,1,4.8,36.8517,13.424833,3.663991,0.9838,0.9982,0.0688,6.6136,35.5961,17.925319,4.23383,0.9724,0.9956,0.2095,0.2095,0.2095,7.7335,183.6154,50.6283,183.6154,50.6283,0.1416,35.5961,0.9724,17.925319,4.23383,-1.2556,-0.0026,-0.1407,-1.12
/kaggle/input/datasets/duc24kdl/sub-x-ray/sub_X-Ray/sub_NIH/00000626_000.png,,sub_NIH,00000626_000.png,ok,512x512 -> 1024x1024,2,1,4.92,46.5811,1.428797,1.195323,0.9852,0.9982,0.0655,7.0244,42.2251,3.895536,1.973711,0.9727,0.9953,0.2311,0.2311,0.2311,8.1945,163.2305,41.8845,163.2305,41.8845,0.1279,42.2251,0.9727,3.895536,1.973711,-4.356,-0.003,-0.1656,-1.17
/kaggle/input/datasets/duc24kdl/sub-x-ray/sub_X-Ray/sub_NIH/00000627_005.png,,sub_NIH,00000627_005.png,ok,512x512 -> 1024x1024,2,1,4.79,39.0692,8.056729,2.838438,0.9871,0.9984,0.0643,8.3126,37.7297,10.967548,3.311729,0.9829,0.9973,0.2126,0.2126,0.2126,8.4172,156.0623,45.0599,156.0623,45.0599,0.1535,37.7297,0.9829,10.967548,3.311729,-1.3395,-0.0011,-0.1483,-0.1046
/kaggle/input/datasets/duc24kdl/sub-x-ray/sub_X-Ray/sub_NIH/00000627_006.png,,sub_NIH,00000627_006.png,ok,512x512 -> 1024x1024,2,1,4.82,38.5597,9.059547,3.009908,0.9872,0.9984,0.062,8.3048,37.232,12.299412,3.507052,0.9836,0.9974,0.2045,0.2045,0.2045,8.2901,158.4628,44.4637,158.4628,44.4637,0.1702,37.232,0.9836,12.299412,3.507052,-1.3278,-0.001,-0.1425,0.0147
/kaggle/input/datasets/duc24kdl/sub-x-ray/sub_X-Ray/sub_NIH/00000627_009.png,,sub_NIH,00000627_009.png,ok,512x512 -> 1024x1024,2,1,5.0,38.559,9.061061,3.01016,0.9878,0.9985,0.0577,7.8565,37.1623,12.498252,3.535287,0.9834,0.9973,0.1935,0.1935,0.1935,7.8591,157.6185,46.1601,157.6185,46.1601,0.1605,37.1623,0.9834,12.498252,3.535287,-1.3967,-0.0011,-0.1358,-0.0025
/kaggle/input/datasets/duc24kdl/sub-x-ray/sub_X-Ray/sub_NIH/00000627_011.png,,sub_NIH,00000627_011.png,ok,512x512 -> 1024x1024,2,1,4.81,38.6669,8.838683,2.972992,0.9882,0.9985,0.0572,7.7146,37.1817,12.442688,3.527419,0.9839,0.9974,0.193,0.193,0.193,7.8671,160.9333,37.3615,160.9333,37.3615,0.1684,37.1817,0.9839,12.442688,3.527419,-1.4853,-0.0011,-0.1357,-0.1524
/kaggle/input/datasets/duc24kdl/sub-x-ray/sub_X-Ray/sub_NIH/00000627_025.png,,sub_NIH,00000627_025.png,ok,512x512 -> 1024x1024,2,1,4.79,37.6254,11.234198,3.351746,0.9865,0.9984,0.061,7.5088,36.1993,15.601088,3.949821,0.9802,0.9968,0.1957,0.1957,0.1957,7.885,158.9535,51.996,158.9535,51.996,0.1316,36.1993,0.9802,15.601088,3.949821,-1.4261,-0.0015,-0.1347,-0.3762
/kaggle/input/datasets/duc24kdl/sub-x-ray/sub_X-Ray/sub_NIH/00000627_027.png,,sub_NIH,00000627_027.png,ok,512x512 -> 1024x1024,2,1,4.82,38.6132,8.948726,2.991442,0.9879,0.9985,0.0587,7.5024,36.9251,13.199803,3.633153,0.9815,0.997,0.192,0.192,0.192,8.0955,150.7217,54.0526,150.7217,54.0526,0.1417,36.9251,0.9815,13.199803,3.633153,-1.6881,-0.0015,-0.1333,-0.5931
/kaggle/input/datasets/duc24kdl/sub-x-ray/sub_X-Ray/sub_NIH/00000627_029.png,,sub_NIH,00000627_029.png,ok,512x512 -> 1024x1024,2,1,4.8,39.1876,7.84004,2.800007,0.9853,0.9983,0.0827,8.0086,37.2529,12.240211,3.498601,0.9795,0.9968,0.2646,0.2646,0.2646,8.5603,116.8773,41.6916,116.8773,41.6916,0.1315,37.2529,0.9795,12.240211,3.498601,-1.9347,-0.0015,-0.1819,-0.5518
/kaggle/input/datasets/duc24kdl/sub-x-ray/sub_X-Ray/sub_NIH/00000627_033.png,,sub_NIH,00000627_033.png,ok,512x512 -> 1024x1024,2,1,4.8,39.824,6.771377,2.602187,0.9858,0.9983,0.0747,7.3002,37.9695,10.378449,3.22156,0.9769,0.9962,0.2337,0.2337,0.2337,7.6765,105.4222,56.8469,105.4222,56.8469,0.1385,37.9695,0.9769,10.378449,3.22156,-1.8546,-0.0021,-0.1591,-0.3763
/kaggle/input/datasets/duc24kdl/sub-x-ray/sub_X-Ray/sub_NIH/00000627_035.png,,sub_NIH,00000627_035.png,ok,512x512 -> 1024x1024,2,1,4.79,38.8939,8.38858,2.896305,0.9864,0.9984,0.0756,7.1462,37.093,12.6993,3.563608,0.9791,0.9966,0.2461,0.2461,0.2461,7.5501,116.5287,48.2466,116.5287,48.2466,0.1156,37.093,0.9791,12.6993,3.563608,-1.8009,-0.0018,-0.1705,-0.4038
/kaggle/input/datasets/duc24kdl/sub-x-ray/sub_X-Ray/sub_NIH/00000627_036.png,,sub_NIH,00000627_036.png,ok,512x512 -> 1024x1024,2,1,4.78,39.6247,7.089334,2.66258,0.9844,0.9982,0.0803,7.8273,37.9362,10.458268,3.233925,0.9762,0.9963,0.2427,0.2427,0.2427,7.9474,107.0201,58.8475,107.0201,58.8475,0.1287,37.9362,0.9762,10.458268,3.233925,-1.6885,-0.002,-0.1623,-0.1201
/kaggle/input/datasets/duc24kdl/sub-x-ray/sub_X-Ray/sub_NIH/00000629_000.png,,sub_NIH,00000629_000.png,ok,512x512 -> 1024x1024,2,1,4.79,39.3094,7.623329,2.761038,0.9891,0.9988,0.0554,6.3381,36.9442,13.142054,3.625197,0.979,0.997,0.1369,0.1369,0.1369,7.9326,92.0753,88.6918,92.0753,88.6918,0.2268,36.9442,0.979,13.142054,3.625197,-2.3652,-0.0018,-0.0815,-1.5946
/kaggle/input/datasets/duc24kdl/sub-x-ray/sub_X-Ray/sub_NIH/00000631_005.png,,sub_NIH,00000631_005.png,ok,512x512 -> 1024x1024,2,1,4.8,35.4116,18.703405,4.324743,0.9773,0.9976,0.1003,6.5988,32.8326,33.8701,5.819802,0.9643,0.9939,0.2808,0.2808,0.2808,7.2587,113.1096,55.9868,113.1096,55.9868,0.1735,32.8326,0.9643,33.8701,5.819802,-2.579,-0.0037,-0.1806,-0.6599
/kaggle/input/datasets/duc24kdl/sub-x-ray/sub_X-Ray/sub_NIH/00000632_002.png,,sub_NIH,00000632_002.png,ok,512x512 -> 1024x1024,2,1,4.8,46.07,1.607226,1.267764,0.9854,0.9982,0.0609,7.1101,41.4485,4.658308,2.158311,0.9722,0.9952,0.2347,0.2347,0.2347,7.874,168.2316,44.0827,168.2316,44.0827,0.1342,41.4485,0.9722,4.658308,2.158311,-4.6215,-0.0031,-0.1738,-0.7639
/kaggle/input/datasets/duc24kdl/sub-x-ray/sub_X-Ray/sub_NIH/00000632_008.png,,sub_NIH,00000632_008.png,ok,512x512 -> 1024x1024,2,1,4.78,35.7007,17.498804,4.183157,0.9841,0.9982,0.0808,6.3656,32.8116,34.034613,5.833919,0.9737,0.9954,0.2301,0.2301,0.2301,7.5117,95.4428,61.0345,95.4428,61.0345,0.1781,32.8116,0.9737,34.034613,5.833919,-2.8891,-0.0028,-0.1493,-1.1461
/kaggle/input/datasets/duc24kdl/sub-x-ray/sub_X-Ray/sub_NIH/00000632_009.png,,sub_NIH,00000632_009.png,ok,512x512 -> 1024x1024,2,1,4.81,34.6909,22.079456,4.698878,0.9845,0.998,0.0806,6.546,32.2295,38.915878,6.238259,0.9757,0.995,0.243,0.243,0.243,7.559,118.2823,53.988,118.2823,53.988,0.1882,32.2295,0.9757,38.915878,6.238259,-2.4614,-0.0031,-0.1625,-1.013
/kaggle/input/datasets/duc24kdl/sub-x-ray/sub_X-Ray/sub_NIH/00000632_011.png,,sub_NIH,00000632_011.png,ok,512x512 -> 1024x1024,2,1,4.79,41.5309,4.570819,2.137947,0.9578,0.9962,0.1457,6.5386,39.116,7.970447,2.823198,0.9361,0.991,0.3437,0.3437,0.3437,7.8694,128.4264,67.1663,128.4264,67.1663,0.1083,39.116,0.9361,7.970447,2.823198,-2.4149,-0.0052,-0.198,-1.3308
/kaggle/input/datasets/duc24kdl/sub-x-ray/sub_X-Ray/sub_NIH/00000634_006.png,,sub_NIH,00000634_006.png,ok,512x512 -> 1024x1024,2,1,4.81,41.1454,4.995007,2.234951,0.9682,0.997,0.1311,6.8101,38.8279,8.516978,2.918386,0.9508,0.9928,0.3105,0.3105,0.3105,8.4725,153.7057,65.3467,153.7057,65.3467,0.1407,38.8279,0.9508,8.516978,2.918386,-2.3175,-0.0042,-0.1794,-1.6624
/kaggle/input/datasets/duc24kdl/sub-x-ray/sub_X-Ray/sub_NIH/00000635_001.png,,sub_NIH,00000635_001.png,ok,512x512 -> 1024x1024,2,1,4.9,41.7827,4.313276,2.076843,0.9618,0.9965,0.1414,6.8032,38.6996,8.772449,2.961832,0.9449,0.9923,0.3241,0.3241,0.3241,8.5581,122.7691,64.5603,122.7691,64.5603,0.1127,38.6996,0.9449,8.772449,2.961832,-3.0831,-0.0042,-0.1827,-1.7549
/kaggle/input/datasets/duc24kdl/sub-x-ray/sub_X-Ray/sub_NIH/00000643_002.png,,sub_NIH,00000643_002.png,ok,512x512 -> 1024x1024,2,1,4.82,39.6456,7.055331,2.656187,0.959,0.9963,0.1499,6.7908,36.9514,13.120114,3.62217,0.9383,0.9911,0.3505,0.3505,0.3505,8.114,141.557,60.6122,141.557,60.6122,0.1414,36.9514,0.9383,13.120114,3.62217,-2.6942,-0.0052,-0.2006,-1.3232
/kaggle/input/datasets/duc24kdl/sub-x-ray/sub_X-Ray/sub_NIH/00000643_003.png,,sub_NIH,00000643_003.png,ok,512x512 -> 1024x1024,2,1,4.78,41.5217,4.580429,2.140194,0.9627,0.9967,0.1342,6.5694,38.3088,9.598466,3.098139,0.9427,0.9919,0.3203,0.3203,0.3203,8.0856,120.3438,76.6574,120.3438,76.6574,0.1099,38.3088,0.9427,9.598466,3.098139,-3.213,-0.0048,-0.1861,-1.5162
/kaggle/input/datasets/duc24kdl/sub-x-ray/sub_X-Ray/sub_NIH/00000643_008.png,,sub_NIH,00000643_008.png,ok,512x512 -> 1024x1024,2,1,4.79,39.1293,7.945974,2.81886,0.9574,0.9962,0.1424,6.194,35.9358,16.576715,4.071451,0.9343,0.9907,0.3215,0.3215,0.3215,7.8408,120.4194,73.0226,120.4194,73.0226,0.1367,35.9358,0.9343,16.576715,4.071451,-3.1935,-0.0055,-0.1791,-1.6468
/kaggle/input/datasets/duc24kdl/sub-x-ray/sub_X-Ray/sub_NIH/00000645_001.png,,sub_NIH,00000645_001.png,ok,512x512 -> 1024x1024,2,1,4.8,41.1405,5.000735,2.236232,0.9588,0.9963,0.1503,6.721,37.9997,10.30643,3.210363,0.9372,0.9912,0.3389,0.3389,0.3389,8.0009,129.3407,67.9061,129.3407,67.9061,0.1204,37.9997,0.9372,10.30643,3.210363,-3.1407,-0.0051,-0.1886,-1.2799
/kaggle/input/datasets/duc24kdl/sub-x-ray/sub_X-Ray/sub_NIH/00000646_001.png,,sub_NIH,00000646_001.png,ok,512x512 -> 1024x1024,2,1,4.81,39.671,7.014286,2.64845,0.9755,0.9974,0.1014,6.7595,36.8774,13.345796,3.65319,0.9581,0.9932,0.2674,0.2674,0.2674,7.2077,129.4613,55.3645,129.4613,55.3645,0.4575,36.8774,0.9581,13.345796,3.65319,-2.7936,-0.0042,-0.166,-0.4482
/kaggle/input/datasets/duc24kdl/sub-x-ray/sub_X-Ray/sub_NIH/00000646_004.png,,sub_NIH,00000646_004.png,ok,512x512 -> 1024x1024,2,1,4.84,38.4879,9.210653,3.034906,0.9857,0.9983,0.0548,6.6491,37.109,12.652603,3.55705,0.9751,0.9959,0.1752,0.1752,0.1752,7.7732,153.6435,64.3747,153.6435,64.3747,0.1939,37.109,0.9751,12.652603,3.55705,-1.3789,-0.0025,-0.1204,-1.1241
/kaggle/input/datasets/duc24kdl/sub-x-ray/sub_X-Ray/sub_NIH/00000646_006.png,,sub_NIH,00000646_006.png,ok,512x512 -> 1024x1024,2,1,4.79,42.6128,3.562897,1.887564,0.9712,0.9973,0.1111,6.6008,39.5149,7.271006,2.69648,0.9565,0.9937,0.2726,0.2726,0.2726,7.9656,110.2593,64.9457,110.2593,64.9457,0.1395,39.5149,0.9565,7.271006,2.69648,-3.0979,-0.0035,-0.1615,-1.3648
/kaggle/input/datasets/duc24kdl/sub-x-ray/sub_X-Ray/sub_NIH/00000646_007.png,,sub_NIH,00000646_007.png,ok,512x512 -> 1024x1024,2,1,4.78,36.6763,13.978327,3.73876,0.9781,0.9977,0.0773,6.438,34.0271,25.725653,5.072046,0.9604,0.9938,0.203,0.203,0.203,7.7933,133.1491,70.0621,133.1491,70.0621,0.3106,34.0271,0.9604,25.725653,5.072046,-2.6491,-0.004,-0.1256,-1.3553
/kaggle/input/datasets/duc24kdl/sub-x-ray/sub_X-Ray/sub_NIH/00000648_001.png,,sub_NIH,00000648_001.png,ok,512x512 -> 1024x1024,2,1,4.79,41.9008,4.197627,2.048811,0.9636,0.9968,0.1335,6.4893,39.2139,7.792664,2.791534,0.9449,0.9925,0.3156,0.3156,0.3156,8.1345,110.3637,69.2785,110.3637,69.2785,0.1121,39.2139,0.9449,7.792664,2.791534,-2.6868,-0.0043,-0.182,-1.6453
/kaggle/input/datasets/duc24kdl/sub-x-ray/sub_X-Ray/sub_NIH/00000651_000.png,,sub_NIH,00000651_000.png,ok,512x512 -> 1024x1024,2,1,4.8,38.0913,10.09126,3.176674,0.975,0.9976,0.1001,6.5287,35.4962,18.342721,4.28284,0.9563,0.9932,0.2645,0.2645,0.2645,7.7666,126.9042,57.0295,126.9042,57.0295,-0.1108,35.4962,0.9563,18.342721,4.28284,-2.5952,-0.0044,-0.1644,-1.2378
/kaggle/input/datasets/duc24kdl/sub-x-ray/sub_X-Ray/sub_NIH/00000652_001.png,,sub_NIH,00000652_001.png,ok,512x512 -> 1024x1024,2,1,4.79,37.5479,11.436514,3.381792,0.979,0.9978,0.0823,6.8404,35.7426,17.331049,4.163058,0.9662,0.9949,0.2115,0.2115,0.2115,7.4189,158.6926,67.3016,158.6926,67.3016,0.172,35.7426,0.9662,17.331049,4.163058,-1.8053,-0.003,-0.1292,-0.5785
/kaggle/input/datasets/duc24kdl/sub-x-ray/sub_X-Ray/sub_NIH/00000652_012.png,,sub_NIH,00000652_012.png,ok,512x512 -> 1024x1024,2,1,4.86,41.8523,4.244779,2.060286,0.9669,0.997,0.1247,6.2457,38.2149,9.808135,3.131794,0.9475,0.9926,0.294,0.294,0.294,8.0356,112.5211,68.449,112.5211,68.449,0.1181,38.2149,0.9475,9.808135,3.131794,-3.6373,-0.0044,-0.1693,-1.7899
/kaggle/input/datasets/duc24kdl/sub-x-ray/sub_X-Ray/sub_NIH/00000652_017.png,,sub_NIH,00000652_017.png,ok,512x512 -> 1024x1024,2,1,4.83,34.9882,20.618873,4.540801,0.9851,0.9982,0.0626,6.8823,32.6727,35.140326,5.927928,0.9768,0.9959,0.2116,0.2116,0.2116,7.6716,152.8862,50.2823,152.8862,50.2823,0.1808,32.6727,0.9768,35.140326,5.927928,-2.3154,-0.0023,-0.149,-0.7893
/kaggle/input/datasets/duc24kdl/sub-x-ray/sub_X-Ray/sub_NIH/00000652_018.png,,sub_NIH,00000652_018.png,ok,512x512 -> 1024x1024,2,1,4.79,34.6447,22.315857,4.723966,0.9853,0.9982,0.0651,6.2641,32.3127,38.178126,6.178845,0.9759,0.9957,0.1872,0.1872,0.1872,8.7179,129.7943,73.55,129.7943,73.55,0.2034,32.3127,0.9759,38.178126,6.178845,-2.332,-0.0025,-0.1221,-2.4537
/kaggle/input/datasets/duc24kdl/sub-x-ray/sub_X-Ray/sub_NIH/00000652_024.png,,sub_NIH,00000652_024.png,ok,512x512 -> 1024x1024,2,1,4.79,39.9636,6.557276,2.560718,0.9838,0.9981,0.0573,6.5637,37.2909,12.133559,3.483326,0.9714,0.9953,0.1722,0.1722,0.1722,8.2129,151.7006,65.4474,151.7006,65.4474,0.576,37.2909,0.9714,12.133559,3.483326,-2.6726,-0.0028,-0.115,-1.6492
/kaggle/input/datasets/duc24kdl/sub-x-ray/sub_X-Ray/sub_NIH/00000655_003.png,,sub_NIH,00000655_003.png,ok,512x512 -> 1024x1024,2,1,4.8,37.3222,12.046579,3.470818,0.9797,0.9978,0.0951,7.3909,34.859,21.241475,4.608847,0.971,0.9951,0.2689,0.2689,0.2689,7.7924,113.0888,58.8609,113.0888,58.8609,0.1775,34.859,0.971,21.241475,4.608847,-2.4632,-0.0027,-0.1738,-0.4015
/kaggle/input/datasets/duc24kdl/sub-x-ray/sub_X-Ray/sub_NIH/00000658_000.png,,sub_NIH,00000658_000.png,ok,512x512 -> 1024x1024,2,1,4.79,43.4077,2.966981,1.722493,0.978,0.9977,0.0927,7.245,39.0777,8.041088,2.835681,0.9666,0.9946,0.2797,0.2797,0.2797,7.7903,105.6936,35.6799,105.6936,35.6799,0.1104,39.0777,0.9666,8.041088,2.835681,-4.33,-0.003,-0.187,-0.5453
/kaggle/input/datasets/duc24kdl/sub-x-ray/sub_X-Ray/sub_NIH/00000659_000.png,,sub_NIH,00000659_000.png,ok,512x512 -> 1024x1024,2,1,4.78,45.9977,1.63422,1.278366,0.9867,0.9983,0.0568,7.6456,42.5821,3.588121,1.894234,0.9779,0.9962,0.2051,0.2051,0.2051,8.2848,172.8559,37.9054,172.8559,37.9054,0.0065,42.5821,0.9779,3.588121,1.894234,-3.4156,-0.0021,-0.1482,-0.6392
/kaggle/input/datasets/duc24kdl/sub-x-ray/sub_X-Ray/sub_NIH/00000662_005.png,,sub_NIH,00000662_005.png,ok,512x512 -> 1024x1024,2,1,4.8,41.8868,4.211174,2.052114,0.9603,0.9964,0.1473,6.7611,38.7012,8.769154,2.961276,0.9415,0.9918,0.3358,0.3358,0.3358,8.0026,131.0391,66.2885,131.0391,66.2885,0.0999,38.7012,0.9415,8.769154,2.961276,-3.1855,-0.0047,-0.1885,-1.2415
/kaggle/input/datasets/duc24kdl/sub-x-ray/sub_X-Ray/sub_NIH/00000669_000.png,,sub_NIH,00000669_000.png,ok,512x512 -> 1024x1024,2,1,4.87,39.2811,7.673093,2.770035,0.9847,0.9983,0.0576,6.7268,37.5846,11.340117,3.367509,0.9732,0.9956,0.1944,0.1944,0.1944,7.6144,163.0916,54.6526,163.0916,54.6526,0.1242,37.5846,0.9732,11.340117,3.367509,-1.6965,-0.0027,-0.1368,-0.8875
/kaggle/input/datasets/duc24kdl/sub-x-ray/sub_X-Ray/sub_NIH/00000679_000.png,,sub_NIH,00000679_000.png,ok,512x512 -> 1024x1024,2,1,4.8,41.9041,4.194402,2.048024,0.9607,0.9966,0.1524,6.7086,38.6626,8.847596,2.974491,0.9424,0.9922,0.3586,0.3586,0.3586,7.7031,126.0578,67.4993,126.0578,67.4993,0.113,38.6626,0.9424,8.847596,2.974491,-3.2416,-0.0044,-0.2062,-0.9945
/kaggle/input/datasets/duc24kdl/sub-x-ray/sub_X-Ray/sub_NIH/00000683_004.png,,sub_NIH,00000683_004.png,ok,512x512 -> 1024x1024,2,1,4.82,36.2974,15.25265,3.905464,0.9841,0.9982,0.0564,6.6757,32.8551,33.695485,5.804781,0.9713,0.9952,0.1797,0.1797,0.1797,7.7517,171.0932,66.7375,171.0932,66.7375,0.2569,32.8551,0.9713,33.695485,5.804781,-3.4423,-0.003,-0.1234,-1.076
/kaggle/input/datasets/duc24kdl/sub-x-ray/sub_X-Ray/sub_NIH/00000686_000.png,,sub_NIH,00000686_000.png,ok,512x512 -> 1024x1024,2,1,4.83,42.2124,3.907017,1.976617,0.9649,0.9968,0.1206,6.1403,38.8472,8.479217,2.911909,0.9445,0.9922,0.2815,0.2815,0.2815,7.9497,111.7284,68.7477,111.7284,68.7477,0.1063,38.8472,0.9445,8.479217,2.911909,-3.3651,-0.0046,-0.1609,-1.8094
/kaggle/input/datasets/duc24kdl/sub-x-ray/sub_X-Ray/sub_NIH/00000688_000.png,,sub_NIH,00000688_000.png,ok,512x512 -> 1024x1024,2,1,4.8,46.7417,1.37693,1.173427,0.9857,0.9983,0.0655,7.3951,42.1154,3.995209,1.998802,0.9763,0.9961,0.2169,0.2169,0.2169,8.1902,158.8509,54.0312,158.8509,54.0312,0.0996,42.1154,0.9763,3.995209,1.998802,-4.6263,-0.0022,-0.1514,-0.7951
/kaggle/input/datasets/duc24kdl/sub-x-ray/sub_X-Ray/sub_NIH/00000688_001.png,,sub_NIH,00000688_001.png,ok,512x512 -> 1024x1024,2,1,4.78,42.8158,3.40013,1.843944,0.9698,0.9972,0.1196,7.1249,40.6349,5.618145,2.370263,0.9586,0.9943,0.2823,0.2823,0.2823,9.0485,130.4283,78.0023,130.4283,78.0023,0.1343,40.6349,0.9586,5.618145,2.370263,-2.181,-0.0029,-0.1628,-1.9236
/kaggle/input/datasets/duc24kdl/sub-x-ray/sub_X-Ray/sub_NIH/00000688_002.png,,sub_NIH,00000688_002.png,ok,512x512 -> 1024x1024,2,1,4.8,41.575,4.524608,2.127113,0.9598,0.9964,0.1604,7.2416,39.4322,7.410705,2.722261,0.9457,0.9927,0.3452,0.3452,0.3452,9.0633,140.0249,74.5205,140.0249,74.5205,0.0707,39.4322,0.9457,7.410705,2.722261,-2.1428,-0.0037,-0.1848,-1.8216
/kaggle/input/datasets/duc24kdl/sub-x-ray/sub_X-Ray/sub_NIH/00000694_002.png,,sub_NIH,00000694_002.png,ok,512x512 -> 1024x1024,2,1,4.78,41.8029,4.293243,2.072014,0.9649,0.9969,0.1295,6.7009,39.1936,7.829325,2.798093,0.9464,0.9926,0.307,0.307,0.307,8.2845,121.1207,67.4105,121.1207,67.4105,0.1264,39.1936,0.9464,7.829325,2.798093,-2.6094,-0.0042,-0.1775,-1.5836
/kaggle/input/datasets/duc24kdl/sub-x-ray/sub_X-Ray/sub_NIH/00000696_000.png,,sub_NIH,00000696_000.png,ok,512x512 -> 1024x1024,2,1,4.81,37.3781,11.892481,3.448548,0.9831,0.9983,0.0704,6.8481,35.2822,19.268969,4.389643,0.9706,0.9958,0.1977,0.1977,0.1977,7.7252,145.0291,70.307,145.0291,70.307,-0.0027,35.2822,0.9706,19.268969,4.389643,-2.0959,-0.0025,-0.1273,-0.8771
/kaggle/input/datasets/duc24kdl/sub-x-ray/sub_X-Ray/sub_NIH/00000698_000.png,,sub_NIH,00000698_000.png,ok,512x512 -> 1024x1024,2,1,4.79,37.6524,11.164599,3.341347,0.9832,0.9981,0.0688,7.2741,36.3331,15.127714,3.889436,0.974,0.996,0.1998,0.1998,0.1998,8.182,161.8726,61.9346,161.8726,61.9346,0.1533,36.3331,0.974,15.127714,3.889436,-1.3193,-0.0022,-0.131,-0.9079
/kaggle/input/datasets/duc24kdl/sub-x-ray/sub_X-Ray/sub_NIH/00000699_001.png,,sub_NIH,00000699_001.png,ok,512x512 -> 1024x1024,2,1,4.82,41.2924,4.828826,2.197459,0.9638,0.9967,0.1353,6.5339,38.6067,8.962193,2.993692,0.9454,0.9924,0.3286,0.3286,0.3286,8.1892,131.1984,56.9413,131.1984,56.9413,0.1371,38.6067,0.9454,8.962193,2.993692,-2.6857,-0.0043,-0.1933,-1.6553
/kaggle/input/datasets/duc24kdl/sub-x-ray/sub_X-Ray/sub_NIH/00000702_003.png,,sub_NIH,00000702_003.png,ok,512x512 -> 1024x1024,2,1,4.79,41.3606,4.753607,2.180277,0.9594,0.9964,0.1559,6.7504,38.7942,8.583395,2.929743,0.9411,0.992,0.3539,0.3539,0.3539,8.9571,123.2112,70.0556,123.2112,70.0556,0.1128,38.7942,0.9411,8.583395,2.929743,-2.5664,-0.0044,-0.198,-2.2067
/kaggle/input/datasets/duc24kdl/sub-x-ray/sub_X-Ray/sub_NIH/00000705_001.png,,sub_NIH,00000705_001.png,ok,512x512 -> 1024x1024,2,1,4.79,35.6066,17.882244,4.22874,0.9728,0.9972,0.1128,6.6147,33.7883,27.179824,5.213427,0.9551,0.9927,0.2702,0.2702,0.2702,7.4666,143.7513,66.375,143.7513,66.375,0.3314,33.7883,0.9551,27.179824,5.213427,-1.8182,-0.0045,-0.1574,-0.8518
/kaggle/input/datasets/duc24kdl/sub-x-ray/sub_X-Ray/sub_NIH/00000705_002.png,,sub_NIH,00000705_002.png,ok,512x512 -> 1024x1024,2,1,4.8,45.7303,1.738008,1.318335,0.9815,0.9979,0.0754,7.2814,42.8732,3.355518,1.831807,0.9721,0.9954,0.2365,0.2365,0.2365,7.8408,107.2662,36.2964,107.2662,36.2964,0.0907,42.8732,0.9721,3.355518,1.831807,-2.8571,-0.0025,-0.1612,-0.5593
/kaggle/input/datasets/duc24kdl/sub-x-ray/sub_X-Ray/sub_NIH/00000709_006.png,,sub_NIH,00000709_006.png,ok,512x512 -> 1024x1024,2,1,4.8,43.0132,3.249111,1.802529,0.9622,0.9966,0.1415,6.872,40.0824,6.380308,2.525927,0.9452,0.9924,0.3218,0.3218,0.3218,7.9871,122.1107,79.0063,122.1107,79.0063,0.0742,40.0824,0.9452,6.380308,2.525927,-2.9308,-0.0042,-0.1803,-1.1151
/kaggle/input/datasets/duc24kdl/sub-x-ray/sub_X-Ray/sub_NIH/00000711_003.png,,sub_NIH,00000711_003.png,ok,512x512 -> 1024x1024,2,1,4.79,35.1932,19.668043,4.434867,0.9731,0.9972,0.1147,6.5535,32.0309,40.737564,6.382599,0.9546,0.9924,0.2985,0.2985,0.2985,7.6598,117.4122,66.5484,117.4122,66.5484,0.2386,32.0309,0.9546,40.737564,6.382599,-3.1623,-0.0048,-0.1838,-1.1063
/kaggle/input/datasets/duc24kdl/sub-x-ray/sub_X-Ray/sub_NIH/00000711_007.png,,sub_NIH,00000711_007.png,ok,512x512 -> 1024x1024,2,1,4.8,38.1218,10.020785,3.165562,0.9881,0.9985,0.0468,6.7013,36.696,13.914828,3.730258,0.9809,0.9967,0.167,0.167,0.167,7.6282,170.7403,48.2774,170.7403,48.2774,0.1541,36.696,0.9809,13.914828,3.730258,-1.4258,-0.0017,-0.1202,-0.9269
/kaggle/input/datasets/duc24kdl/sub-x-ray/sub_X-Ray/sub_NIH/00000711_010.png,,sub_NIH,00000711_010.png,ok,512x512 -> 1024x1024,2,1,4.79,38.3591,9.487877,3.08024,0.9873,0.9985,0.0562,7.8937,36.9417,13.149627,3.626241,0.982,0.9971,0.1842,0.1842,0.1842,8.4774,141.9354,68.5053,141.9354,68.5053,0.1435,36.9417,0.982,13.149627,3.626241,-1.4174,-0.0014,-0.1281,-0.5837
/kaggle/input/datasets/duc24kdl/sub-x-ray/sub_X-Ray/sub_NIH/00000712_000.png,,sub_NIH,00000712_000.png,ok,512x512 -> 1024x1024,2,1,4.8,41.9176,4.181434,2.044856,0.9596,0.9964,0.1446,6.6336,38.5161,9.151024,3.025066,0.9389,0.9915,0.3298,0.3298,0.3298,7.8118,123.3461,66.6513,123.3461,66.6513,0.0932,38.5161,0.9389,9.151024,3.025066,-3.4014,-0.0049,-0.1852,-1.1783
/kaggle/input/datasets/duc24kdl/sub-x-ray/sub_X-Ray/sub_NIH/00000714_000.png,,sub_NIH,00000714_000.png,ok,512x512 -> 1024x1024,2,1,4.79,45.5236,1.822722,1.350082,0.9843,0.9982,0.0622,6.8167,41.5248,4.577183,2.139435,0.9713,0.995,0.2217,0.2217,0.2217,7.7341,159.2561,49.4734,159.2561,49.4734,0.2822,41.5248,0.9713,4.577183,2.139435,-3.9988,-0.0031,-0.1594,-0.9174
/kaggle/input/datasets/duc24kdl/sub-x-ray/sub_X-Ray/sub_NIH/00000714_001.png,,sub_NIH,00000714_001.png,ok,512x512 -> 1024x1024,2,1,4.82,38.1643,9.923256,3.15012,0.9803,0.998,0.0719,6.7522,36.2785,15.319129,3.913966,0.9659,0.9946,0.2193,0.2193,0.2193,7.5865,160.9129,62.0221,160.9129,62.0221,0.1558,36.2785,0.9659,15.319129,3.913966,-1.8858,-0.0034,-0.1474,-0.8342
/kaggle/input/datasets/duc24kdl/sub-x-ray/sub_X-Ray/sub_NIH/00000720_001.png,,sub_NIH,00000720_001.png,ok,512x512 -> 1024x1024,2,1,4.81,41.7289,4.367048,2.089748,0.9617,0.9966,0.1419,6.6107,39.4043,7.458495,2.731025,0.9448,0.9927,0.3271,0.3271,0.3271,8.4598,118.8145,71.0542,118.8145,71.0542,0.2039,39.4043,0.9448,7.458495,2.731025,-2.3246,-0.004,-0.1851,-1.8491
/kaggle/input/datasets/duc24kdl/sub-x-ray/sub_X-Ray/sub_NIH/00000720_004.png,,sub_NIH,00000720_004.png,ok,512x512 -> 1024x1024,2,1,4.83,35.146,19.882711,4.459003,0.9748,0.9974,0.1149,7.0523,31.1826,49.524927,7.037395,0.9603,0.9938,0.3028,0.3028,0.3028,8.1011,129.6951,60.7644,129.6951,60.7644,0.32,31.1826,0.9603,49.524927,7.037395,-3.9635,-0.0036,-0.1879,-1.0489
/kaggle/input/datasets/duc24kdl/sub-x-ray/sub_X-Ray/sub_NIH/00000721_000.png,,sub_NIH,00000721_000.png,ok,512x512 -> 1024x1024,2,1,4.8,44.0842,2.538978,1.593417,0.9832,0.9981,0.0709,6.9372,40.817,5.387399,2.321077,0.9664,0.9944,0.2356,0.2356,0.2356,7.8414,163.0646,52.3535,163.0646,52.3535,0.3891,40.817,0.9664,5.387399,2.321077,-3.2672,-0.0037,-0.1648,-0.9042
/kaggle/input/datasets/duc24kdl/sub-x-ray/sub_X-Ray/sub_NIH/00000721_001.png,,sub_NIH,00000721_001.png,ok,512x512 -> 1024x1024,2,1,4.78,35.4335,18.609315,4.313851,0.9798,0.998,0.0836,6.5998,33.7939,27.145029,5.210089,0.9639,0.9944,0.2345,0.2345,0.2345,8.0596,161.1798,59.2837,161.1798,59.2837,-0.1011,33.7939,0.9639,27.145029,5.210089,-1.6396,-0.0036,-0.151,-1.4599
/kaggle/input/datasets/duc24kdl/sub-x-ray/sub_X-Ray/sub_NIH/00000725_000.png,,sub_NIH,00000725_000.png,ok,512x512 -> 1024x1024,2,1,4.8,37.1906,12.417245,3.523811,0.9829,0.9983,0.0653,6.7184,35.4906,18.366239,4.285585,0.9697,0.9954,0.1939,0.1939,0.1939,8.1721,170.6887,59.3347,170.6887,59.3347,0.0209,35.4906,0.9697,18.366239,4.285585,-1.6999,-0.0028,-0.1286,-1.4537
/kaggle/input/datasets/duc24kdl/sub-x-ray/sub_X-Ray/sub_NIH/00000727_000.png,,sub_NIH,00000727_000.png,ok,512x512 -> 1024x1024,2,1,4.86,43.9441,2.622235,1.619332,0.9814,0.998,0.0752,6.7072,40.3404,6.012347,2.452009,0.9665,0.9946,0.2335,0.2335,0.2335,7.5244,156.5435,54.5686,156.5435,54.5686,0.3488,40.3404,0.9665,6.012347,2.452009,-3.6037,-0.0034,-0.1583,-0.8172
/kaggle/input/datasets/duc24kdl/sub-x-ray/sub_X-Ray/sub_NIH/00000727_003.png,,sub_NIH,00000727_003.png,ok,512x512 -> 1024x1024,2,1,4.82,41.1877,4.946678,2.224113,0.9645,0.9968,0.1288,6.2241,37.891,10.567752,3.250808,0.9453,0.9924,0.302,0.302,0.302,8.1,102.6927,69.6363,102.6927,69.6363,0.1433,37.891,0.9453,10.567752,3.250808,-3.2967,-0.0044,-0.1732,-1.8759
/kaggle/input/datasets/duc24kdl/sub-x-ray/sub_X-Ray/sub_NIH/00000727_009.png,,sub_NIH,00000727_009.png,ok,512x512 -> 1024x1024,2,1,4.79,43.486,2.913944,1.707028,0.9756,0.9977,0.0955,6.4251,39.4865,7.318704,2.70531,0.9613,0.9944,0.2384,0.2384,0.2384,8.4552,106.1147,69.9741,106.1147,69.9741,0.1164,39.4865,0.9613,7.318704,2.70531,-3.9995,-0.0032,-0.143,-2.0302
/kaggle/input/datasets/duc24kdl/sub-x-ray/sub_X-Ray/sub_NIH/00000732_006.png,,sub_NIH,00000732_006.png,ok,512x512 -> 1024x1024,2,1,4.78,41.8182,4.278236,2.06839,0.9607,0.9964,0.1373,6.2568,38.5755,9.02681,3.004465,0.9382,0.9911,0.3186,0.3186,0.3186,7.047,109.8022,69.3157,109.8022,69.3157,0.1004,38.5755,0.9382,9.02681,3.004465,-3.2427,-0.0053,-0.1813,-0.7902
/kaggle/input/datasets/duc24kdl/sub-x-ray/sub_X-Ray/sub_NIH/00000733_000.png,,sub_NIH,00000733_000.png,ok,512x512 -> 1024x1024,2,1,4.8,46.9881,1.300994,1.140611,0.9844,0.9982,0.0614,6.913,42.8125,3.402733,1.84465,0.9708,0.9951,0.2133,0.2133,0.2133,7.974,171.7925,45.8127,171.7925,45.8127,0.1242,42.8125,0.9708,3.402733,1.84465,-4.1755,-0.0031,-0.1519,-1.0611
/kaggle/input/datasets/duc24kdl/sub-x-ray/sub_X-Ray/sub_NIH/00000733_003.png,,sub_NIH,00000733_003.png,ok,512x512 -> 1024x1024,2,1,4.78,40.7774,5.436763,2.331687,0.9593,0.9964,0.1471,6.4062,38.2497,9.729983,3.119292,0.936,0.9911,0.3536,0.3536,0.3536,7.296,120.1869,71.5653,120.1869,71.5653,0.1231,38.2497,0.936,9.729983,3.119292,-2.5277,-0.0053,-0.2065,-0.8898
/kaggle/input/datasets/duc24kdl/sub-x-ray/sub_X-Ray/sub_NIH/00000739_000.png,,sub_NIH,00000739_000.png,ok,512x512 -> 1024x1024,2,1,4.79,41.4295,4.67878,2.163049,0.9659,0.9969,0.1221,6.5114,39.2521,7.724531,2.779304,0.9466,0.9925,0.2944,0.2944,0.2944,8.0608,105.9645,59.6969,105.9645,59.6969,0.1592,39.2521,0.9466,7.724531,2.779304,-2.1774,-0.0044,-0.1722,-1.5494
/kaggle/input/datasets/duc24kdl/sub-x-ray/sub_X-Ray/sub_NIH/00000740_001.png,,sub_NIH,00000740_001.png,ok,512x512 -> 1024x1024,2,1,4.82,39.2671,7.697905,2.77451,0.9852,0.9982,0.0709,7.1662,36.0825,16.026216,4.003276,0.9752,0.9959,0.2342,0.2342,0.2342,7.9079,130.4252,45.8931,130.4252,45.8931,0.1337,36.0825,0.9752,16.026216,4.003276,-3.1846,-0.0023,-0.1633,-0.7418
/kaggle/input/datasets/duc24kdl/sub-x-ray/sub_X-Ray/sub_NIH/00000741_000.png,,sub_NIH,00000741_000.png,ok,512x512 -> 1024x1024,2,1,4.8,41.3343,4.782433,2.186877,0.9584,0.9962,0.1558,6.794,38.7732,8.62506,2.936845,0.9399,0.9915,0.3488,0.3488,0.3488,7.8349,127.0066,68.7904,127.0066,68.7904,0.1176,38.7732,0.9399,8.62506,2.936845,-2.5611,-0.0047,-0.193,-1.0408
/kaggle/input/datasets/duc24kdl/sub-x-ray/sub_X-Ray/sub_NIH/00000741_004.png,,sub_NIH,00000741_004.png,ok,512x512 -> 1024x1024,2,1,4.8,42.1693,3.945931,1.986437,0.964,0.9967,0.1404,6.694,39.1684,7.874788,2.806205,0.9469,0.9924,0.3233,0.3233,0.3233,7.577,121.8299,66.4958,121.8299,66.4958,0.1115,39.1684,0.9469,7.874788,2.806205,-3.0009,-0.0043,-0.1829,-0.883
/kaggle/input/datasets/duc24kdl/sub-x-ray/sub_X-Ray/sub_NIH/00000742_002.png,,sub_NIH,00000742_002.png,ok,512x512 -> 1024x1024,2,1,4.79,47.044,1.284351,1.133292,0.9851,0.9982,0.0619,6.8807,42.8345,3.385584,1.839996,0.9714,0.995,0.2209,0.2209,0.2209,7.9308,166.1077,42.6136,166.1077,42.6136,0.1248,42.8345,0.9714,3.385584,1.839996,-4.2095,-0.0032,-0.159,-1.0501
/kaggle/input/datasets/duc24kdl/sub-x-ray/sub_X-Ray/sub_NIH/00000744_005.png,,sub_NIH,00000744_005.png,ok,512x512 -> 1024x1024,2,1,4.78,41.2028,4.929451,2.220237,0.9589,0.9964,0.1468,6.7105,38.3639,9.477391,3.078537,0.9368,0.9911,0.341,0.341,0.341,7.5736,124.6011,64.431,124.6011,64.431,0.1019,38.3639,0.9368,9.477391,3.078537,-2.8389,-0.0052,-0.1941,-0.8631
/kaggle/input/datasets/duc24kdl/sub-x-ray/sub_X-Ray/sub_NIH/00000744_011.png,,sub_NIH,00000744_011.png,ok,512x512 -> 1024x1024,2,1,4.79,41.6888,4.40755,2.099416,0.9603,0.9965,0.142,6.485,38.602,8.971742,2.995287,0.9388,0.9915,0.3334,0.3334,0.3334,8.0594,117.8793,66.4247,117.8793,66.4247,0.1007,38.602,0.9388,8.971742,2.995287,-3.0868,-0.005,-0.1913,-1.5744
/kaggle/input/datasets/duc24kdl/sub-x-ray/sub_X-Ray/sub_NIH/00000746_000.png,,sub_NIH,00000746_000.png,ok,512x512 -> 1024x1024,2,1,4.82,43.7543,2.739375,1.655106,0.9659,0.9969,0.1341,7.2331,40.496,5.800703,2.408465,0.9516,0.9934,0.3362,0.3362,0.3362,9.0832,123.9502,60.6435,123.9502,60.6435,0.0742,40.496,0.9516,5.800703,2.408465,-3.2583,-0.0035,-0.2022,-1.8501
/kaggle/input/datasets/duc24kdl/sub-x-ray/sub_X-Ray/sub_NIH/00000754_001.png,,sub_NIH,00000754_001.png,ok,512x512 -> 1024x1024,2,1,4.81,36.0759,16.05054,4.006313,0.9762,0.9975,0.0857,6.1007,31.9641,41.368357,6.431824,0.9525,0.9921,0.242,0.242,0.242,7.1175,128.8673,48.4851,128.8673,48.4851,0.2358,31.9641,0.9525,41.368357,6.431824,-4.1118,-0.0054,-0.1564,-1.0169
/kaggle/input/datasets/duc24kdl/sub-x-ray/sub_X-Ray/sub_NIH/00000756_004.png,,sub_NIH,00000756_004.png,ok,512x512 -> 1024x1024,2,1,4.8,36.9104,13.244662,3.639322,0.9814,0.998,0.0819,6.8183,35.2267,19.516842,4.417787,0.9667,0.9945,0.2372,0.2372,0.2372,7.1729,165.5353,51.7885,165.5353,51.7885,0.3785,35.2267,0.9667,19.516842,4.417787,-1.6837,-0.0035,-0.1553,-0.3546
/kaggle/input/datasets/duc24kdl/sub-x-ray/sub_X-Ray/sub_NIH/00000756_005.png,,sub_NIH,00000756_005.png,ok,512x512 -> 1024x1024,2,1,4.8,37.1626,12.497286,3.53515,0.9852,0.9983,0.0663,7.7008,35.9113,16.670754,4.082983,0.9797,0.9968,0.2062,0.2062,0.2062,7.9629,172.693,37.2312,172.693,37.2312,0.1709,35.9113,0.9797,16.670754,4.082983,-1.2514,-0.0014,-0.1399,-0.262
/kaggle/input/datasets/duc24kdl/sub-x-ray/sub_X-Ray/sub_NIH/00000761_003.png,,sub_NIH,00000761_003.png,ok,512x512 -> 1024x1024,2,1,4.8,36.1662,15.720226,3.964874,0.9774,0.9976,0.0953,6.0594,32.9841,32.709084,5.719186,0.9563,0.9928,0.2595,0.2595,0.2595,7.1383,111.3149,62.7795,111.3149,62.7795,0.2207,32.9841,0.9563,32.709084,5.719186,-3.1821,-0.0047,-0.1642,-1.0788
/kaggle/input/datasets/duc24kdl/sub-x-ray/sub_X-Ray/sub_NIH/00000761_006.png,,sub_NIH,00000761_006.png,ok,512x512 -> 1024x1024,2,1,4.81,36.4396,14.761066,3.842013,0.9751,0.9974,0.0968,6.391,32.8442,33.780294,5.812082,0.9525,0.9922,0.28,0.28,0.28,7.2324,96.2921,55.2322,96.2921,55.2322,0.2317,32.8442,0.9525,33.780294,5.812082,-3.5955,-0.0052,-0.1832,-0.8415
/kaggle/input/datasets/duc24kdl/sub-x-ray/sub_X-Ray/sub_NIH/00000761_011.png,,sub_NIH,00000761_011.png,ok,512x512 -> 1024x1024,2,1,4.78,39.2379,7.749761,2.783839,0.9847,0.9982,0.0688,7.1732,36.6901,13.933779,3.732798,0.9757,0.9961,0.1963,0.1963,0.1963,7.5556,109.865,70.3405,109.865,70.3405,0.144,36.6901,0.9757,13.933779,3.732798,-2.5478,-0.0021,-0.1275,-0.3824
/kaggle/input/datasets/duc24kdl/sub-x-ray/sub_X-Ray/sub_NIH/00000764_000.png,,sub_NIH,00000764_000.png,ok,512x512 -> 1024x1024,2,1,4.78,46.6596,1.403207,1.18457,0.9845,0.9982,0.0673,7.301,42.4726,3.679731,1.918263,0.9727,0.9953,0.2324,0.2324,0.2324,8.2381,173.4124,40.6652,173.4124,40.6652,0.1038,42.4726,0.9727,3.679731,1.918263,-4.1869,-0.0029,-0.1652,-0.9371
/kaggle/input/datasets/duc24kdl/sub-x-ray/sub_X-Ray/sub_NIH/00000766_000.png,,sub_NIH,00000766_000.png,ok,512x512 -> 1024x1024,2,1,4.79,41.5452,4.555711,2.134411,0.9826,0.998,0.0612,6.4001,38.2851,9.650893,3.106589,0.9686,0.9949,0.2015,0.2015,0.2015,8.1467,168.5376,51.4417,168.5376,51.4417,-0.0898,38.2851,0.9686,9.650893,3.106589,-3.2601,-0.0032,-0.1403,-1.7466
/kaggle/input/datasets/duc24kdl/sub-x-ray/sub_X-Ray/sub_NIH/00000766_011.png,,sub_NIH,00000766_011.png,ok,512x512 -> 1024x1024,2,1,4.8,42.0891,4.019519,2.004874,0.959,0.9963,0.1486,6.3547,38.9361,8.307408,2.882257,0.9378,0.9914,0.336,0.336,0.336,8.1613,122.232,73.8801,122.232,73.8801,0.0964,38.9361,0.9378,8.307408,2.882257,-3.1529,-0.005,-0.1874,-1.8066
/kaggle/input/datasets/duc24kdl/sub-x-ray/sub_X-Ray/sub_NIH/00000766_013.png,,sub_NIH,00000766_013.png,ok,512x512 -> 1024x1024,2,1,4.78,35.2461,19.430038,4.407952,0.982,0.9981,0.0812,6.8745,32.8456,33.768913,5.811103,0.9697,0.9952,0.2351,0.2351,0.2351,7.5902,112.0493,62.3508,112.0493,62.3508,0.1768,32.8456,0.9697,33.768913,5.811103,-2.4004,-0.0028,-0.1539,-0.7158
/kaggle/input/datasets/duc24kdl/sub-x-ray/sub_X-Ray/sub_NIH/00000766_021.png,,sub_NIH,00000766_021.png,ok,512x512 -> 1024x1024,2,1,4.79,38.5726,9.032672,3.00544,0.9846,0.9982,0.0688,6.1151,35.6156,17.845274,4.224367,0.9711,0.995,0.2122,0.2122,0.2122,6.6449,111.7777,56.3868,111.7777,56.3868,0.1587,35.6156,0.9711,17.845274,4.224367,-2.9571,-0.0032,-0.1434,-0.5298
/kaggle/input/datasets/duc24kdl/sub-x-ray/sub_X-Ray/sub_NIH/00000766_022.png,,sub_NIH,00000766_022.png,ok,512x512 -> 1024x1024,2,1,4.79,38.2408,9.749936,3.122489,0.9838,0.9981,0.068,5.9528,35.3226,19.090416,4.369258,0.9684,0.9945,0.2073,0.2073,0.2073,6.7533,113.4634,54.4867,113.4634,54.4867,0.148,35.3226,0.9684,19.090416,4.369258,-2.9181,-0.0036,-0.1393,-0.8006
/kaggle/input/datasets/duc24kdl/sub-x-ray/sub_X-Ray/sub_NIH/00000772_000.png,,sub_NIH,00000772_000.png,ok,512x512 -> 1024x1024,2,1,4.79,41.8657,4.23166,2.0571,0.9642,0.9968,0.1485,6.7097,39.6047,7.122078,2.668722,0.9486,0.9931,0.3437,0.3437,0.3437,7.7252,138.4186,66.2409,138.4186,66.2409,0.1219,39.6047,0.9486,7.122078,2.668722,-2.261,-0.0037,-0.1952,-1.0156
/kaggle/input/datasets/duc24kdl/sub-x-ray/sub_X-Ray/sub_NIH/00000772_003.png,,sub_NIH,00000772_003.png,ok,512x512 -> 1024x1024,2,1,4.79,41.7192,4.37685,2.092092,0.9637,0.9968,0.1447,6.8026,39.1982,7.821036,2.796611,0.948,0.993,0.3367,0.3367,0.3367,8.2624,131.9723,73.353,131.9723,73.353,0.1311,39.1982,0.948,7.821036,2.796611,-2.521,-0.0038,-0.192,-1.4598
/kaggle/input/datasets/duc24kdl/sub-x-ray/sub_X-Ray/sub_NIH/00000772_005.png,,sub_NIH,00000772_005.png,ok,512x512 -> 1024x1024,2,1,4.84,37.9706,10.375701,3.221133,0.9768,0.9975,0.1098,6.9725,34.5697,22.704325,4.764906,0.9655,0.9944,0.3264,0.3264,0.3264,7.7795,127.031,42.4519,127.031,42.4519,0.2535,34.5697,0.9655,22.704325,4.764906,-3.4009,-0.0032,-0.2166,-0.8069
/kaggle/input/datasets/duc24kdl/sub-x-ray/sub_X-Ray/sub_NIH/00000772_009.png,,sub_NIH,00000772_009.png,ok,512x512 -> 1024x1024,2,1,4.79,35.4905,18.36647,4.285612,0.9692,0.997,0.1343,6.7306,32.1354,39.76904,6.30627,0.9531,0.9929,0.3296,0.3296,0.3296,7.7798,125.4954,65.9579,125.4954,65.9579,0.2155,32.1354,0.9531,39.76904,6.30627,-3.3552,-0.0041,-0.1954,-1.0492
/kaggle/input/datasets/duc24kdl/sub-x-ray/sub_X-Ray/sub_NIH/00000773_000.png,,sub_NIH,00000773_000.png,ok,512x512 -> 1024x1024,2,1,4.8,43.8124,2.702959,1.644068,0.9846,0.9981,0.0519,6.3968,39.6742,7.009039,2.647459,0.9709,0.9951,0.1804,0.1804,0.1804,8.4552,215.7636,33.8154,215.7636,33.8154,0.4414,39.6742,0.9709,7.009039,2.647459,-4.1382,-0.0031,-0.1285,-2.0584
/kaggle/input/datasets/duc24kdl/sub-x-ray/sub_X-Ray/sub_NIH/00000776_000.png,,sub_NIH,00000776_000.png,ok,512x512 -> 1024x1024,2,1,4.94,36.2898,15.279264,3.90887,0.9772,0.9977,0.0842,6.2786,33.4243,29.556472,5.436586,0.956,0.9929,0.2333,0.2333,0.2333,7.4435,157.1267,58.5545,157.1267,58.5545,0.1961,33.4243,0.956,29.556472,5.436586,-2.8655,-0.0048,-0.1491,-1.165
/kaggle/input/datasets/duc24kdl/sub-x-ray/sub_X-Ray/sub_NIH/00000781_004.png,,sub_NIH,00000781_004.png,ok,512x512 -> 1024x1024,2,1,4.82,36.7571,13.720439,3.704111,0.9832,0.9982,0.0656,6.7967,35.3816,18.833003,4.339701,0.9713,0.9954,0.1893,0.1893,0.1893,8.0638,167.1895,62.6109,167.1895,62.6109,0.0553,35.3816,0.9713,18.833003,4.339701,-1.3755,-0.0027,-0.1237,-1.2672
/kaggle/input/datasets/duc24kdl/sub-x-ray/sub_X-Ray/sub_NIH/00000781_005.png,,sub_NIH,00000781_005.png,ok,512x512 -> 1024x1024,2,1,4.78,41.7786,4.317352,2.077824,0.9592,0.9963,0.1434,6.7276,39.0863,8.025169,2.832873,0.9388,0.9914,0.3325,0.3325,0.3325,7.6783,117.941,67.9689,117.941,67.9689,0.1047,39.0863,0.9388,8.025169,2.832873,-2.6924,-0.005,-0.189,-0.9507
/kaggle/input/datasets/duc24kdl/sub-x-ray/sub_X-Ray/sub_NIH/00000781_006.png,,sub_NIH,00000781_006.png,ok,512x512 -> 1024x1024,2,1,4.82,41.6902,4.40612,2.099076,0.9671,0.997,0.13,6.287,38.8311,8.510889,2.917343,0.9508,0.993,0.3077,0.3077,0.3077,7.8529,130.4166,61.9237,130.4166,61.9237,0.1444,38.8311,0.9508,8.510889,2.917343,-2.8592,-0.0039,-0.1776,-1.5659
/kaggle/input/datasets/duc24kdl/sub-x-ray/sub_X-Ray/sub_NIH/00000783_000.png,,sub_NIH,00000783_000.png,ok,512x512 -> 1024x1024,2,1,4.78,36.2351,15.472807,3.933549,0.9759,0.9975,0.0831,5.5592,32.7425,34.58024,5.880497,0.9536,0.9924,0.2541,0.2541,0.2541,6.8226,128.9179,57.4168,128.9179,57.4168,0.225,32.7425,0.9536,34.58024,5.880497,-3.4926,-0.0051,-0.171,-1.2634
/kaggle/input/datasets/duc24kdl/sub-x-ray/sub_X-Ray/sub_NIH/00000783_001.png,,sub_NIH,00000783_001.png,ok,512x512 -> 1024x1024,2,1,4.79,41.932,4.167563,2.041461,0.9694,0.9972,0.1164,6.4315,38.3232,9.566676,3.093004,0.951,0.993,0.2818,0.2818,0.2818,8.1247,110.9921,65.5643,110.9921,65.5643,0.1267,38.3232,0.951,9.566676,3.093004,-3.6088,-0.0042,-0.1654,-1.6932
/kaggle/input/datasets/duc24kdl/sub-x-ray/sub_X-Ray/sub_NIH/00000783_002.png,,sub_NIH,00000783_002.png,ok,512x512 -> 1024x1024,2,1,4.87,35.6603,17.662429,4.202669,0.9681,0.9969,0.1042,6.139,32.2661,38.589944,6.21208,0.9421,0.9911,0.2694,0.2694,0.2694,7.5322,142.8925,58.0023,142.8925,58.0023,0.2315,32.2661,0.9421,38.589944,6.21208,-3.3942,-0.0058,-0.1652,-1.3931
/kaggle/input/datasets/duc24kdl/sub-x-ray/sub_X-Ray/sub_NIH/00000786_000.png,,sub_NIH,00000786_000.png,ok,512x512 -> 1024x1024,2,1,4.8,41.8168,4.279544,2.068706,0.9628,0.9966,0.1366,6.5443,38.3128,9.589624,3.096712,0.9432,0.9921,0.3207,0.3207,0.3207,7.8464,126.8385,65.5699,126.8385,65.5699,0.0998,38.3128,0.9432,9.589624,3.096712,-3.504,-0.0045,-0.1841,-1.3021
/kaggle/input/datasets/duc24kdl/sub-x-ray/sub_X-Ray/sub_NIH/00000787_003.png,,sub_NIH,00000787_003.png,ok,512x512 -> 1024x1024,2,1,5.04,35.6099,17.868457,4.22711,0.9878,0.9984,0.0552,8.7923,33.5782,28.527056,5.341073,0.9842,0.9973,0.1774,0.1774,0.1774,9.4219,160.1127,57.6049,160.1127,57.6049,0.1776,33.5782,0.9842,28.527056,5.341073,-2.0317,-0.0011,-0.1223,-0.6296
/kaggle/input/datasets/duc24kdl/sub-x-ray/sub_X-Ray/sub_NIH/00000787_004.png,,sub_NIH,00000787_004.png,ok,512x512 -> 1024x1024,2,1,4.78,33.1754,31.299685,5.594612,0.9816,0.9978,0.0769,8.5866,31.0223,51.38706,7.168477,0.9762,0.9954,0.2332,0.2332,0.2332,9.3178,172.2798,32.8264,172.2798,32.8264,0.2008,31.0223,0.9762,51.38706,7.168477,-2.1531,-0.0023,-0.1564,-0.7313
/kaggle/input/datasets/duc24kdl/sub-x-ray/sub_X-Ray/sub_NIH/00000789_000.png,,sub_NIH,00000789_000.png,ok,512x512 -> 1024x1024,2,1,4.79,45.7205,1.741923,1.319819,0.9853,0.9983,0.054,6.6657,41.6382,4.459276,2.1117,0.9733,0.9956,0.1916,0.1916,0.1916,7.6576,157.3496,64.6783,157.3496,64.6783,0.2132,41.6382,0.9733,4.459276,2.1117,-4.0824,-0.0027,-0.1375,-0.9919
/kaggle/input/datasets/duc24kdl/sub-x-ray/sub_X-Ray/sub_NIH/00000792_001.png,,sub_NIH,00000792_001.png,ok,512x512 -> 1024x1024,2,1,4.79,42.1878,3.929192,1.982219,0.9661,0.9969,0.1264,6.4003,39.156,7.897371,2.810226,0.9494,0.9929,0.2878,0.2878,0.2878,8.0558,132.6684,65.9672,132.6684,65.9672,0.1099,39.156,0.9494,7.897371,2.810226,-3.0318,-0.004,-0.1615,-1.6555
/kaggle/input/datasets/duc24kdl/sub-x-ray/sub_X-Ray/sub_NIH/00000796_000.png,,sub_NIH,00000796_000.png,ok,512x512 -> 1024x1024,2,1,4.78,40.7427,5.480374,2.34102,0.953,0.9958,0.1598,6.3585,38.095,10.082727,3.175331,0.9302,0.99,0.3505,0.3505,0.3505,7.7438,128.3119,72.0337,128.3119,72.0337,0.1051,38.095,0.9302,10.082727,3.175331,-2.6477,-0.0058,-0.1907,-1.3853
/kaggle/input/datasets/duc24kdl/sub-x-ray/sub_X-Ray/sub_NIH/00000796_005.png,,sub_NIH,00000796_005.png,ok,512x512 -> 1024x1024,2,1,4.79,35.0978,20.10485,4.483843,0.9842,0.9982,0.0578,6.2599,32.9844,32.707094,5.719012,0.9723,0.9954,0.1818,0.1818,0.1818,7.748,150.6165,69.7582,150.6165,69.7582,0.2245,32.9844,0.9723,32.707094,5.719012,-2.1134,-0.0028,-0.1239,-1.4881
/kaggle/input/datasets/duc24kdl/sub-x-ray/sub_X-Ray/sub_NIH/00000797_003.png,,sub_NIH,00000797_003.png,ok,512x512 -> 1024x1024,2,1,4.86,36.3017,15.237283,3.903496,0.9763,0.9975,0.1136,6.668,32.8456,33.768905,5.811102,0.9617,0.9936,0.3126,0.3126,0.3126,8.073,118.3008,56.9569,118.3008,56.9569,0.191,32.8456,0.9617,33.768905,5.811102,-3.4561,-0.0039,-0.199,-1.405
/kaggle/input/datasets/duc24kdl/sub-x-ray/sub_X-Ray/sub_NIH/00000797_004.png,,sub_NIH,00000797_004.png,ok,512x512 -> 1024x1024,2,1,4.78,36.2014,15.593509,3.948862,0.9736,0.9973,0.1183,6.8058,32.3145,38.16173,6.177518,0.9571,0.993,0.3016,0.3016,0.3016,7.7609,114.1064,52.4016,114.1064,52.4016,0.2696,32.3145,0.9571,38.16173,6.177518,-3.8868,-0.0043,-0.1833,-0.9552
/kaggle/input/datasets/duc24kdl/sub-x-ray/sub_X-Ray/sub_NIH/00000798_001.png,,sub_NIH,00000798_001.png,ok,512x512 -> 1024x1024,2,1,4.79,38.7942,8.583502,2.929761,0.9821,0.9981,0.0699,6.4318,36.3349,15.121386,3.888623,0.9656,0.9944,0.2049,0.2049,0.2049,7.734,156.5707,60.7543,156.5707,60.7543,0.1833,36.3349,0.9656,15.121386,3.888623,-2.4593,-0.0037,-0.135,-1.3021
/kaggle/input/datasets/duc24kdl/sub-x-ray/sub_X-Ray/sub_NIH/00000798_005.png,,sub_NIH,00000798_005.png,ok,512x512 -> 1024x1024,2,1,4.77,41.1525,4.98684,2.233123,0.9659,0.9969,0.1228,6.297,37.6402,11.19595,3.346035,0.9452,0.9921,0.2851,0.2851,0.2851,8.362,107.9633,67.8838,107.9633,67.8838,0.1091,37.6402,0.9452,11.19595,3.346035,-3.5124,-0.0047,-0.1623,-2.065
/kaggle/input/datasets/duc24kdl/sub-x-ray/sub_X-Ray/sub_NIH/00000798_022.png,,sub_NIH,00000798_022.png,ok,512x512 -> 1024x1024,2,1,4.78,35.8623,16.859597,4.106044,0.9812,0.9977,0.0797,6.3565,32.9569,32.914611,5.737126,0.9656,0.9936,0.2324,0.2324,0.2324,7.5209,116.1311,48.5362,116.1311,48.5362,0.1749,32.9569,0.9656,32.914611,5.737126,-2.9054,-0.0042,-0.1526,-1.1644
/kaggle/input/datasets/duc24kdl/sub-x-ray/sub_X-Ray/sub_NIH/00000798_023.png,,sub_NIH,00000798_023.png,ok,512x512 -> 1024x1024,2,1,4.82,36.4156,14.843055,3.852669,0.9817,0.9979,0.0772,6.2702,33.4683,29.258557,5.409118,0.9653,0.9938,0.2322,0.2322,0.2322,7.2773,111.8507,54.8471,111.8507,54.8471,0.1567,33.4683,0.9653,29.258557,5.409118,-2.9473,-0.0041,-0.155,-1.007
/kaggle/input/datasets/duc24kdl/sub-x-ray/sub_X-Ray/sub_NIH/00000798_028.png,,sub_NIH,00000798_028.png,ok,512x512 -> 1024x1024,2,1,4.78,38.3368,9.536805,3.088172,0.9829,0.998,0.076,6.4585,35.6254,17.804821,4.219576,0.9685,0.9945,0.2316,0.2316,0.2316,6.9279,120.1855,50.3366,120.1855,50.3366,0.1538,35.6254,0.9685,17.804821,4.219576,-2.7113,-0.0035,-0.1556,-0.4693
/kaggle/input/datasets/duc24kdl/sub-x-ray/sub_X-Ray/sub_NIH/00000798_034.png,,sub_NIH,00000798_034.png,ok,512x512 -> 1024x1024,2,1,4.81,36.7941,13.604268,3.688396,0.9829,0.998,0.0803,6.2905,34.3285,24.001308,4.899113,0.9698,0.9948,0.249,0.249,0.249,7.3101,123.856,44.6165,123.856,44.6165,0.1611,34.3285,0.9698,24.001308,4.899113,-2.4656,-0.0032,-0.1686,-1.0197
/kaggle/input/datasets/duc24kdl/sub-x-ray/sub_X-Ray/sub_NIH/00000798_036.png,,sub_NIH,00000798_036.png,ok,512x512 -> 1024x1024,2,1,4.78,36.5571,14.367228,3.790413,0.9806,0.9979,0.0878,6.4086,33.6153,28.284849,5.31835,0.9656,0.9945,0.2507,0.2507,0.2507,7.0484,118.0685,50.0174,118.0685,50.0174,0.1466,33.6153,0.9656,28.284849,5.31835,-2.9418,-0.0035,-0.1629,-0.6398
/kaggle/input/datasets/duc24kdl/sub-x-ray/sub_X-Ray/sub_NIH/00000798_040.png,,sub_NIH,00000798_040.png,ok,512x512 -> 1024x1024,2,1,4.8,36.4632,14.68109,3.831591,0.9829,0.998,0.0777,6.0495,33.2656,30.656111,5.536796,0.9679,0.9943,0.2192,0.2192,0.2192,6.9869,108.4489,56.6635,108.4489,56.6635,0.1531,33.2656,0.9679,30.656111,5.536796,-3.1976,-0.0037,-0.1415,-0.9374
/kaggle/input/datasets/duc24kdl/sub-x-ray/sub_X-Ray/sub_NIH/00000805_000.png,,sub_NIH,00000805_000.png,ok,512x512 -> 1024x1024,2,1,4.78,41.4884,4.61573,2.148425,0.9619,0.9966,0.1378,6.6187,38.6744,8.823405,2.970422,0.9443,0.9923,0.328,0.328,0.328,7.7072,113.8139,67.8342,113.8139,67.8342,0.0859,38.6744,0.9443,8.823405,2.970422,-2.814,-0.0043,-0.1902,-1.0885
/kaggle/input/datasets/duc24kdl/sub-x-ray/sub_X-Ray/sub_NIH/00000805_001.png,,sub_NIH,00000805_001.png,ok,512x512 -> 1024x1024,2,1,4.77,45.0833,2.017185,1.420277,0.9778,0.9977,0.0971,7.5587,42.4233,3.72177,1.929189,0.9684,0.995,0.2916,0.2916,0.2916,8.4683,106.1174,35.6333,106.1174,35.6333,0.0875,42.4233,0.9684,3.72177,1.929189,-2.66,-0.0026,-0.1945,-0.9097
/kaggle/input/datasets/duc24kdl/sub-x-ray/sub_X-Ray/sub_NIH/00000805_002.png,,sub_NIH,00000805_002.png,ok,512x512 -> 1024x1024,2,1,4.78,41.8154,4.280999,2.069058,0.9602,0.9964,0.145,7.211,38.4944,9.196945,3.032647,0.9399,0.9917,0.3492,0.3492,0.3492,8.0262,124.3159,62.4288,124.3159,62.4288,0.0906,38.4944,0.9399,9.196945,3.032647,-3.321,-0.0047,-0.2042,-0.8152
/kaggle/input/datasets/duc24kdl/sub-x-ray/sub_X-Ray/sub_NIH/00000806_000.png,,sub_NIH,00000806_000.png,ok,512x512 -> 1024x1024,2,1,4.8,48.0239,1.024928,1.012387,0.9902,0.9986,0.0416,9.1008,43.5321,2.883195,1.697997,0.9872,0.9978,0.1776,0.1776,0.1776,9.802,169.3289,39.6813,169.3289,39.6813,0.1596,43.5321,0.9872,2.883195,1.697997,-4.4918,-0.0008,-0.136,-0.7012
/kaggle/input/datasets/duc24kdl/sub-x-ray/sub_X-Ray/sub_NIH/00000807_000.png,,sub_NIH,00000807_000.png,ok,512x512 -> 1024x1024,2,1,4.78,47.3859,1.187119,1.08955,0.986,0.9983,0.0526,7.2486,43.3315,3.019501,1.737671,0.9759,0.9958,0.1913,0.1913,0.1913,8.1997,167.9083,45.2651,167.9083,45.2651,0.0988,43.3315,0.9759,3.019501,1.737671,-4.0544,-0.0025,-0.1387,-0.951
/kaggle/input/datasets/duc24kdl/sub-x-ray/sub_X-Ray/sub_NIH/00000808_007.png,,sub_NIH,00000808_007.png,ok,512x512 -> 1024x1024,2,1,4.8,36.0294,16.223329,4.027819,0.9857,0.9983,0.0645,7.0766,33.695,27.770177,5.269742,0.9789,0.9963,0.2256,0.2256,0.2256,7.655,122.0058,52.8472,122.0058,52.8472,0.1906,33.695,0.9789,27.770177,5.269742,-2.3344,-0.0019,-0.1611,-0.5784
/kaggle/input/datasets/duc24kdl/sub-x-ray/sub_X-Ray/sub_NIH/00000808_008.png,,sub_NIH,00000808_008.png,ok,512x512 -> 1024x1024,2,1,4.8,40.0508,6.426814,2.535116,0.9879,0.9985,0.0615,7.6385,38.2627,9.700862,3.114621,0.9822,0.997,0.2188,0.2188,0.2188,7.9059,121.6632,49.2763,121.6632,49.2763,0.1265,38.2627,0.9822,9.700862,3.114621,-1.7881,-0.0014,-0.1573,-0.2674
/kaggle/input/datasets/duc24kdl/sub-x-ray/sub_X-Ray/sub_NIH/00000808_009.png,,sub_NIH,00000808_009.png,ok,512x512 -> 1024x1024,2,1,4.8,37.7501,10.916179,3.303964,0.985,0.9981,0.0668,6.7667,35.1079,20.058225,4.478641,0.9758,0.9956,0.2253,0.2253,0.2253,7.7882,112.9533,49.9421,112.9533,49.9421,0.1726,35.1079,0.9758,20.058225,4.478641,-2.6422,-0.0025,-0.1585,-1.0215
/kaggle/input/datasets/duc24kdl/sub-x-ray/sub_X-Ray/sub_NIH/00000808_010.png,,sub_NIH,00000808_010.png,ok,512x512 -> 1024x1024,2,1,4.81,37.0685,12.771259,3.57369,0.9826,0.9981,0.0802,7.6152,34.0476,25.604451,5.060084,0.9736,0.9957,0.2581,0.2581,0.2581,8.4272,112.9534,51.8015,112.9534,51.8015,0.1718,34.0476,0.9736,25.604451,5.060084,-3.0208,-0.0023,-0.178,-0.812
/kaggle/input/datasets/duc24kdl/sub-x-ray/sub_X-Ray/sub_NIH/00000808_013.png,,sub_NIH,00000808_013.png,ok,512x512 -> 1024x1024,2,1,4.8,35.8438,16.931886,4.114837,0.9851,0.9981,0.0613,6.7069,33.5075,28.995765,5.384772,0.9778,0.996,0.206,0.206,0.206,7.1542,159.5397,45.1904,159.5397,45.1904,0.1752,33.5075,0.9778,28.995765,5.384772,-2.3363,-0.0021,-0.1447,-0.4473
/kaggle/input/datasets/duc24kdl/sub-x-ray/sub_X-Ray/sub_NIH/00000809_000.png,,sub_NIH,00000809_000.png,ok,512x512 -> 1024x1024,2,1,4.79,41.6172,4.480836,2.116798,0.961,0.9965,0.1368,6.8912,38.895,8.386534,2.895951,0.9373,0.991,0.3323,0.3323,0.3323,7.9641,114.0279,61.1388,114.0279,61.1388,0.1255,38.895,0.9373,8.386534,2.895951,-2.7222,-0.0055,-0.1955,-1.0729
/kaggle/input/datasets/duc24kdl/sub-x-ray/sub_X-Ray/sub_NIH/00000809_004.png,,sub_NIH,00000809_004.png,ok,512x512 -> 1024x1024,2,1,4.82,41.5968,4.501954,2.121781,0.9636,0.9967,0.1343,6.5938,38.5898,8.996999,2.9995,0.9428,0.9918,0.323,0.323,0.323,7.8863,121.1193,63.8797,121.1193,63.8797,0.128,38.5898,0.9428,8.996999,2.9995,-3.007,-0.0049,-0.1887,-1.2925
/kaggle/input/datasets/duc24kdl/sub-x-ray/sub_X-Ray/sub_NIH/00000812_000.png,,sub_NIH,00000812_000.png,ok,512x512 -> 1024x1024,2,1,4.79,42.733,3.46558,1.861607,0.9686,0.9972,0.1151,5.9655,39.1457,7.91611,2.813558,0.9501,0.9929,0.266,0.266,0.266,7.3228,101.3653,70.2321,101.3653,70.2321,0.1127,39.1457,0.9501,7.91611,2.813558,-3.5874,-0.0042,-0.1509,-1.3573
/kaggle/input/datasets/duc24kdl/sub-x-ray/sub_X-Ray/sub_NIH/00000817_001.png,,sub_NIH,00000817_001.png,ok,512x512 -> 1024x1024,2,1,4.8,42.1257,3.985726,1.996428,0.9594,0.9964,0.1507,6.8545,39.1964,7.824205,2.797178,0.9409,0.992,0.3307,0.3307,0.3307,8.1253,122.5171,69.1405,122.5171,69.1405,0.0818,39.1964,0.9409,7.824205,2.797178,-2.9293,-0.0044,-0.18,-1.2709
/kaggle/input/datasets/duc24kdl/sub-x-ray/sub_X-Ray/sub_NIH/00000820_000.png,,sub_NIH,00000820_000.png,ok,512x512 -> 1024x1024,2,1,4.79,38.0022,10.300519,3.209442,0.986,0.9983,0.0761,7.0016,36.0092,16.298801,4.037177,0.976,0.996,0.2585,0.2585,0.2585,8.1381,141.3582,50.028,141.3582,50.028,0.1896,36.0092,0.976,16.298801,4.037177,-1.993,-0.0023,-0.1824,-1.1366
/kaggle/input/datasets/duc24kdl/sub-x-ray/sub_X-Ray/sub_NIH/00000820_002.png,,sub_NIH,00000820_002.png,ok,512x512 -> 1024x1024,2,1,4.78,38.8028,8.566501,2.926859,0.9864,0.9983,0.0748,7.1358,37.3041,12.096786,3.478043,0.9763,0.996,0.2471,0.2471,0.2471,7.7726,143.7613,41.2818,143.7613,41.2818,0.2832,37.3041,0.9763,12.096786,3.478043,-1.4987,-0.0023,-0.1724,-0.6369
/kaggle/input/datasets/duc24kdl/sub-x-ray/sub_X-Ray/sub_NIH/00000820_003.png,,sub_NIH,00000820_003.png,ok,512x512 -> 1024x1024,2,1,4.77,38.1334,9.994129,3.161349,0.9842,0.9982,0.078,7.0603,35.2856,19.254159,4.387956,0.9733,0.9956,0.2598,0.2598,0.2598,8.1233,147.1615,45.2424,147.1615,45.2424,0.1777,35.2856,0.9733,19.254159,4.387956,-2.8478,-0.0026,-0.1818,-1.063
/kaggle/input/datasets/duc24kdl/sub-x-ray/sub_X-Ray/sub_NIH/00000820_004.png,,sub_NIH,00000820_004.png,ok,512x512 -> 1024x1024,2,1,4.77,38.3812,9.439751,3.072418,0.9808,0.9979,0.0869,6.8878,36.3559,15.048255,3.879208,0.9656,0.9944,0.2747,0.2747,0.2747,7.6628,141.8028,44.8446,141.8028,44.8446,0.1711,36.3559,0.9656,15.048255,3.879208,-2.0253,-0.0035,-0.1879,-0.775
/kaggle/input/datasets/duc24kdl/sub-x-ray/sub_X-Ray/sub_NIH/00000820_015.png,,sub_NIH,00000820_015.png,ok,512x512 -> 1024x1024,2,1,4.78,34.7602,21.729859,4.66153,0.9832,0.9982,0.0772,6.7984,31.8682,42.292514,6.503269,0.9648,0.9941,0.2426,0.2426,0.2426,7.5979,113.7053,54.835,113.7053,54.835,0.1324,31.8682,0.9648,42.292514,6.503269,-2.8921,-0.004,-0.1654,-0.7996
/kaggle/input/datasets/duc24kdl/sub-x-ray/sub_X-Ray/sub_NIH/00000820_020.png,,sub_NIH,00000820_020.png,ok,512x512 -> 1024x1024,2,1,4.8,42.2239,3.896681,1.974001,0.9604,0.9964,0.1407,6.4833,39.3184,7.607509,2.758171,0.9364,0.991,0.3339,0.3339,0.3339,7.6448,103.9741,67.5442,103.9741,67.5442,0.0898,39.3184,0.9364,7.607509,2.758171,-2.9055,-0.0055,-0.1932,-1.1615
/kaggle/input/datasets/duc24kdl/sub-x-ray/sub_X-Ray/sub_NIH/00000820_023.png,,sub_NIH,00000820_023.png,ok,512x512 -> 1024x1024,2,1,4.77,37.62,11.248071,3.353814,0.9861,0.9983,0.0674,6.7439,35.591,17.946596,4.236342,0.9748,0.9958,0.2358,0.2358,0.2358,7.6823,156.0759,47.0171,156.0759,47.0171,0.1372,35.591,0.9748,17.946596,4.236342,-2.029,-0.0026,-0.1684,-0.9384
/kaggle/input/datasets/duc24kdl/sub-x-ray/sub_X-Ray/sub_NIH/00000820_024.png,,sub_NIH,00000820_024.png,ok,512x512 -> 1024x1024,2,1,4.81,36.1472,15.789275,3.973572,0.9857,0.9983,0.0698,6.7028,32.7946,34.16826,5.845362,0.9734,0.9954,0.2386,0.2386,0.2386,7.6176,155.0174,48.1678,155.0174,48.1678,0.2861,32.7946,0.9734,34.16826,5.845362,-3.3526,-0.0028,-0.1687,-0.9148
/kaggle/input/datasets/duc24kdl/sub-x-ray/sub_X-Ray/sub_NIH/00000820_029.png,,sub_NIH,00000820_029.png,ok,512x512 -> 1024x1024,2,1,4.8,37.9954,10.316617,3.211949,0.9846,0.9982,0.0876,6.6896,35.3897,18.798121,4.33568,0.9713,0.995,0.2787,0.2787,0.2787,7.5923,118.2703,38.7253,118.2703,38.7253,0.1547,35.3897,0.9713,18.798121,4.33568,-2.6058,-0.0032,-0.1911,-0.9028
/kaggle/input/datasets/duc24kdl/sub-x-ray/sub_X-Ray/sub_NIH/00000822_000.png,,sub_NIH,00000822_000.png,ok,512x512 -> 1024x1024,2,1,4.78,46.9109,1.324297,1.150781,0.9875,0.9984,0.0455,7.4508,41.4152,4.694145,2.166598,0.9803,0.9968,0.1552,0.1552,0.1552,9.1363,169.5751,67.4238,169.5751,67.4238,0.1321,41.4152,0.9803,4.694145,2.166598,-5.4957,-0.0016,-0.1097,-1.6854
/kaggle/input/datasets/duc24kdl/sub-x-ray/sub_X-Ray/sub_NIH/00000823_004.png,,sub_NIH,00000823_004.png,ok,512x512 -> 1024x1024,2,1,4.78,43.3423,3.011979,1.735505,0.9702,0.9973,0.1259,6.5189,40.245,6.14587,2.479087,0.9561,0.9941,0.2978,0.2978,0.2978,8.326,110.0664,71.9627,110.0664,71.9627,0.1728,40.245,0.9561,6.14587,2.479087,-3.0973,-0.0032,-0.1719,-1.8071
/kaggle/input/datasets/duc24kdl/sub-x-ray/sub_X-Ray/sub_NIH/00000827_001.png,,sub_NIH,00000827_001.png,ok,512x512 -> 1024x1024,2,1,4.79,42.4527,3.6967,1.92268,0.9644,0.9968,0.1388,6.8897,38.6586,8.85557,2.975831,0.9462,0.9925,0.3401,0.3401,0.3401,8.2916,113.7055,61.3155,113.7055,61.3155,0.0829,38.6586,0.9462,8.85557,2.975831,-3.794,-0.0042,-0.2013,-1.4019
/kaggle/input/datasets/duc24kdl/sub-x-ray/sub_X-Ray/sub_NIH/00000827_004.png,,sub_NIH,00000827_004.png,ok,512x512 -> 1024x1024,2,1,4.82,36.4052,14.878676,3.857289,0.9863,0.9982,0.0571,7.5716,33.6035,28.361774,5.325577,0.977,0.9961,0.1725,0.1725,0.1725,8.7534,141.9517,62.957,141.9517,62.957,0.3061,33.6035,0.977,28.361774,5.325577,-2.8017,-0.0021,-0.1154,-1.1818
/kaggle/input/datasets/duc24kdl/sub-x-ray/sub_X-Ray/sub_NIH/00000827_005.png,,sub_NIH,00000827_005.png,ok,512x512 -> 1024x1024,2,1,4.79,41.3859,4.725921,2.173918,0.9678,0.9971,0.1252,6.7844,37.9793,10.354999,3.217918,0.9509,0.9933,0.297,0.297,0.297,8.3069,110.0721,70.9793,110.0721,70.9793,0.081,37.9793,0.9509,10.354999,3.217918,-3.4066,-0.0038,-0.1718,-1.5225
/kaggle/input/datasets/duc24kdl/sub-x-ray/sub_X-Ray/sub_NIH/00000827_015.png,,sub_NIH,00000827_015.png,ok,512x512 -> 1024x1024,2,1,4.8,41.4511,4.655578,2.157679,0.9591,0.9963,0.1432,6.7375,38.3215,9.570352,3.093598,0.938,0.9913,0.3345,0.3345,0.3345,7.5721,119.6044,67.9483,119.6044,67.9483,0.1229,38.3215,0.938,9.570352,3.093598,-3.1295,-0.005,-0.1912,-0.8345
/kaggle/input/datasets/duc24kdl/sub-x-ray/sub_X-Ray/sub_NIH/00000827_017.png,,sub_NIH,00000827_017.png,ok,512x512 -> 1024x1024,2,1,4.78,41.8158,4.280522,2.068942,0.9609,0.9965,0.1373,6.64,38.5131,9.157285,3.026101,0.9407,0.9918,0.331,0.331,0.331,7.5378,107.4895,69.9384,107.4895,69.9384,0.0862,38.5131,0.9407,9.157285,3.026101,-3.3027,-0.0047,-0.1937,-0.8978
/kaggle/input/datasets/duc24kdl/sub-x-ray/sub_X-Ray/sub_NIH/00000827_019.png,,sub_NIH,00000827_019.png,ok,512x512 -> 1024x1024,2,1,4.78,41.404,4.706316,2.169405,0.9609,0.9965,0.1429,6.8362,38.0136,10.273642,3.205252,0.9403,0.9917,0.3432,0.3432,0.3432,8.0944,122.1226,65.5736,122.1226,65.5736,0.1088,38.0136,0.9403,10.273642,3.205252,-3.3904,-0.0048,-0.2003,-1.2583
/kaggle/input/datasets/duc24kdl/sub-x-ray/sub_X-Ray/sub_NIH/00000827_020.png,,sub_NIH,00000827_020.png,ok,512x512 -> 1024x1024,2,1,4.79,41.5748,4.524771,2.127151,0.9617,0.9966,0.1338,6.5225,38.0073,10.288403,3.207554,0.9406,0.9918,0.3224,0.3224,0.3224,7.9701,113.9015,67.4427,113.9015,67.4427,0.1025,38.0073,0.9406,10.288403,3.207554,-3.5675,-0.0048,-0.1886,-1.4475
/kaggle/input/datasets/duc24kdl/sub-x-ray/sub_X-Ray/sub_NIH/00000830_002.png,,sub_NIH,00000830_002.png,ok,512x512 -> 1024x1024,2,1,4.81,35.585,17.971389,4.239268,0.9788,0.9977,0.1057,7.6569,31.9324,41.671566,6.455352,0.9696,0.995,0.2938,0.2938,0.2938,8.9147,123.618,66.2968,123.618,66.2968,0.2782,31.9324,0.9696,41.671566,6.455352,-3.6526,-0.0027,-0.1881,-1.2578
/kaggle/input/datasets/duc24kdl/sub-x-ray/sub_X-Ray/sub_NIH/00000832_007.png,,sub_NIH,00000832_007.png,ok,512x512 -> 1024x1024,2,1,4.8,43.6179,2.82677,1.6813,0.9832,0.9982,0.0678,6.8161,39.889,6.670811,2.582791,0.9702,0.9954,0.2119,0.2119,0.2119,7.8544,152.466,53.3184,152.466,53.3184,0.0031,39.889,0.9702,6.670811,2.582791,-3.7289,-0.0028,-0.1441,-1.0383
/kaggle/input/datasets/duc24kdl/sub-x-ray/sub_X-Ray/sub_NIH/00000832_010.png,,sub_NIH,00000832_010.png,ok,512x512 -> 1024x1024,2,1,4.78,42.3734,3.764823,1.940315,0.9679,0.9971,0.1238,6.1488,39.288,7.66099,2.767849,0.9513,0.9934,0.2896,0.2896,0.2896,8.287,108.4978,69.1442,108.4978,69.1442,0.1152,39.288,0.9513,7.66099,2.767849,-3.0854,-0.0037,-0.1659,-2.1382
/kaggle/input/datasets/duc24kdl/sub-x-ray/sub_X-Ray/sub_NIH/00000833_001.png,,sub_NIH,00000833_001.png,ok,512x512 -> 1024x1024,2,1,4.8,36.9443,13.141645,3.625141,0.9843,0.9982,0.0685,6.459,35.5987,17.91483,4.232591,0.9718,0.9953,0.2241,0.2241,0.2241,8.0901,162.6026,57.5548,162.6026,57.5548,0.1634,35.5987,0.9718,17.91483,4.232591,-1.3456,-0.003,-0.1557,-1.6311
/kaggle/input/datasets/duc24kdl/sub-x-ray/sub_X-Ray/sub_NIH/00000834_001.png,,sub_NIH,00000834_001.png,ok,512x512 -> 1024x1024,2,1,4.79,45.543,1.814603,1.347072,0.9757,0.9974,0.0957,7.6947,42.7971,3.414862,1.847935,0.9626,0.9938,0.2794,0.2794,0.2794,7.738,110.4812,30.5005,110.4812,30.5005,0.0732,42.7971,0.9626,3.414862,1.847935,-2.7459,-0.0036,-0.1837,-0.0433
/kaggle/input/datasets/duc24kdl/sub-x-ray/sub_X-Ray/sub_NIH/00000840_000.png,,sub_NIH,00000840_000.png,ok,512x512 -> 1024x1024,2,1,4.8,37.2005,12.38874,3.519764,0.981,0.998,0.0778,6.7947,35.2206,19.54451,4.420917,0.9656,0.9945,0.2254,0.2254,0.2254,8.5941,158.0552,61.9442,158.0552,61.9442,0.2104,35.2206,0.9656,19.54451,4.420917,-1.98,-0.0034,-0.1476,-1.7994
/kaggle/input/datasets/duc24kdl/sub-x-ray/sub_X-Ray/sub_NIH/00000842_000.png,,sub_NIH,00000842_000.png,ok,512x512 -> 1024x1024,2,1,4.82,39.5282,7.248645,2.692331,0.9859,0.9983,0.0582,6.4128,37.3495,11.970885,3.459897,0.9728,0.9953,0.2004,0.2004,0.2004,7.8222,173.7035,56.7799,173.7035,56.7799,0.149,37.3495,0.9728,11.970885,3.459897,-2.1787,-0.003,-0.1422,-1.4094
/kaggle/input/datasets/duc24kdl/sub-x-ray/sub_X-Ray/sub_NIH/00000843_000.png,,sub_NIH,00000843_000.png,ok,512x512 -> 1024x1024,2,1,4.8,45.0528,2.031431,1.425283,0.9793,0.9978,0.1041,6.9431,40.6165,5.642029,2.375296,0.9625,0.994,0.2924,0.2924,0.2924,7.5902,161.4769,48.6534,161.4769,48.6534,0.1213,40.6165,0.9625,5.642029,2.375296,-4.4363,-0.0039,-0.1883,-0.647
/kaggle/input/datasets/duc24kdl/sub-x-ray/sub_X-Ray/sub_NIH/00000844_000.png,,sub_NIH,00000844_000.png,ok,512x512 -> 1024x1024,2,1,4.78,37.3924,11.853245,3.442854,0.9821,0.9981,0.0869,7.9901,36.1555,15.759211,3.969787,0.9754,0.9963,0.2655,0.2655,0.2655,8.4091,123.3511,55.2275,123.3511,55.2275,0.1706,36.1555,0.9754,15.759211,3.969787,-1.237,-0.0018,-0.1786,-0.419
/kaggle/input/datasets/duc24kdl/sub-x-ray/sub_X-Ray/sub_NIH/00000845_001.png,,sub_NIH,00000845_001.png,ok,512x512 -> 1024x1024,2,1,4.78,46.0169,1.627019,1.275547,0.9784,0.9977,0.0886,7.4898,43.3069,3.036605,1.742586,0.968,0.9949,0.28,0.28,0.28,8.0259,106.9519,34.8634,106.9519,34.8634,0.0639,43.3069,0.968,3.036605,1.742586,-2.71,-0.0028,-0.1914,-0.5361
/kaggle/input/datasets/duc24kdl/sub-x-ray/sub_X-Ray/sub_NIH/00000847_001.png,,sub_NIH,00000847_001.png,ok,512x512 -> 1024x1024,2,1,4.8,37.8901,10.56981,3.251124,0.9838,0.9982,0.0671,6.4141,36.102,15.954503,3.994309,0.9708,0.9953,0.2037,0.2037,0.2037,7.9753,166.7958,57.8469,166.7958,57.8469,0.2639,36.102,0.9708,15.954503,3.994309,-1.7882,-0.0029,-0.1366,-1.5612
/kaggle/input/datasets/duc24kdl/sub-x-ray/sub_X-Ray/sub_NIH/00000857_001.png,,sub_NIH,00000857_001.png,ok,512x512 -> 1024x1024,2,1,4.78,37.3496,11.970848,3.459891,0.988,0.9985,0.0602,8.0307,35.7372,17.35226,4.165604,0.9835,0.9973,0.2056,0.2056,0.2056,8.7717,159.8725,45.2725,159.8725,45.2725,0.1499,35.7372,0.9835,17.35226,4.165604,-1.6123,-0.0011,-0.1454,-0.7409
/kaggle/input/datasets/duc24kdl/sub-x-ray/sub_X-Ray/sub_NIH/00000857_003.png,,sub_NIH,00000857_003.png,ok,512x512 -> 1024x1024,2,1,4.79,42.1303,3.981541,1.99538,0.9608,0.9965,0.1426,6.79,39.6885,6.986086,2.64312,0.9433,0.9923,0.3334,0.3334,0.3334,8.2215,126.3244,71.3994,126.3244,71.3994,0.1119,39.6885,0.9433,6.986086,2.64312,-2.4418,-0.0042,-0.1908,-1.4315
/kaggle/input/datasets/duc24kdl/sub-x-ray/sub_X-Ray/sub_NIH/00000857_009.png,,sub_NIH,00000857_009.png,ok,512x512 -> 1024x1024,2,1,4.8,35.8672,16.840875,4.103763,0.9655,0.9966,0.1385,6.476,32.2401,38.821549,6.230694,0.9474,0.992,0.3527,0.3527,0.3527,7.6615,142.6481,50.8004,142.6481,50.8004,0.2087,32.2401,0.9474,38.821549,6.230694,-3.6271,-0.0046,-0.2142,-1.1854
/kaggle/input/datasets/duc24kdl/sub-x-ray/sub_X-Ray/sub_NIH/00000859_001.png,,sub_NIH,00000859_001.png,ok,512x512 -> 1024x1024,2,1,4.78,38.1323,9.996628,3.161744,0.9838,0.9982,0.0657,6.7407,35.8649,16.849758,4.104846,0.9666,0.9947,0.1813,0.1813,0.1813,7.4596,153.3456,62.5545,153.3456,62.5545,0.1669,35.8649,0.9666,16.849758,4.104846,-2.2674,-0.0035,-0.1156,-0.7189
/kaggle/input/datasets/duc24kdl/sub-x-ray/sub_X-Ray/sub_NIH/00000860_001.png,,sub_NIH,00000860_001.png,ok,512x512 -> 1024x1024,2,1,4.78,37.0044,12.960949,3.600132,0.9847,0.9982,0.0649,6.3584,34.6134,22.477001,4.740992,0.9708,0.995,0.2229,0.2229,0.2229,7.7104,170.8861,51.6597,170.8861,51.6597,0.2774,34.6134,0.9708,22.477001,4.740992,-2.391,-0.0032,-0.158,-1.352
/kaggle/input/datasets/duc24kdl/sub-x-ray/sub_X-Ray/sub_NIH/00000865_000.png,,sub_NIH,00000865_000.png,ok,512x512 -> 1024x1024,2,1,4.82,35.513,18.27189,4.274563,0.9791,0.9978,0.0916,6.5941,31.9458,41.543706,6.445441,0.9593,0.9931,0.2732,0.2732,0.2732,8.0951,131.1035,54.407,131.1035,54.407,0.275,31.9458,0.9593,41.543706,6.445441,-3.5672,-0.0046,-0.1817,-1.5011
/kaggle/input/datasets/duc24kdl/sub-x-ray/sub_X-Ray/sub_NIH/00000865_009.png,,sub_NIH,00000865_009.png,ok,512x512 -> 1024x1024,2,1,4.79,36.4939,14.577845,3.818094,0.9853,0.9983,0.064,6.6316,33.5718,28.569053,5.345003,0.9742,0.9957,0.2097,0.2097,0.2097,8.2471,176.3803,54.2387,176.3803,54.2387,0.3693,33.5718,0.9742,28.569053,5.345003,-2.922,-0.0026,-0.1457,-1.6154
/kaggle/input/datasets/duc24kdl/sub-x-ray/sub_X-Ray/sub_NIH/00000865_011.png,,sub_NIH,00000865_011.png,ok,512x512 -> 1024x1024,2,1,4.81,40.672,5.570328,2.360154,0.9599,0.9964,0.1549,6.6618,38.4629,9.263915,3.043668,0.9416,0.992,0.3606,0.3606,0.3606,8.3427,136.7429,64.81,136.7429,64.81,0.1605,38.4629,0.9416,9.263915,3.043668,-2.2091,-0.0044,-0.2057,-1.6809
/kaggle/input/datasets/duc24kdl/sub-x-ray/sub_X-Ray/sub_NIH/00000869_004.png,,sub_NIH,00000869_004.png,ok,512x512 -> 1024x1024,2,1,4.8,42.3384,3.795219,1.948132,0.964,0.9968,0.1338,6.4823,39.4302,7.41419,2.722901,0.9457,0.9926,0.3153,0.3153,0.3153,7.7478,111.5174,71.5454,111.5174,71.5454,0.1021,39.4302,0.9457,7.41419,2.722901,-2.9083,-0.0042,-0.1814,-1.2656
/kaggle/input/datasets/duc24kdl/sub-x-ray/sub_X-Ray/sub_NIH/00000869_005.png,,sub_NIH,00000869_005.png,ok,512x512 -> 1024x1024,2,1,4.78,42.2463,3.876583,1.968904,0.9624,0.9967,0.1359,6.6,39.3315,7.584528,2.754002,0.9432,0.9922,0.3312,0.3312,0.3312,7.667,112.5624,67.7019,112.5624,67.7019,0.1062,39.3315,0.9432,7.584528,2.754002,-2.9148,-0.0044,-0.1952,-1.067
/kaggle/input/datasets/duc24kdl/sub-x-ray/sub_X-Ray/sub_NIH/00000870_008.png,,sub_NIH,00000870_008.png,ok,512x512 -> 1024x1024,2,1,4.77,35.6784,17.589139,4.193941,0.97,0.997,0.117,6.4653,32.6736,35.133737,5.927372,0.9483,0.9916,0.319,0.319,0.319,7.3267,121.1042,54.6599,121.1042,54.6599,0.1806,32.6736,0.9483,35.133737,5.927372,-3.0048,-0.0054,-0.2019,-0.8614
/kaggle/input/datasets/duc24kdl/sub-x-ray/sub_X-Ray/sub_NIH/00000870_011.png,,sub_NIH,00000870_011.png,ok,512x512 -> 1024x1024,2,1,4.82,40.4753,5.828434,2.414215,0.9845,0.9982,0.082,8.23,38.7018,8.768028,2.961086,0.9792,0.9966,0.2651,0.2651,0.2651,8.4209,112.0242,47.5579,112.0242,47.5579,0.1229,38.7018,0.9792,8.768028,2.961086,-1.7735,-0.0016,-0.183,-0.1909
/kaggle/input/datasets/duc24kdl/sub-x-ray/sub_X-Ray/sub_NIH/00000871_000.png,,sub_NIH,00000871_000.png,ok,512x512 -> 1024x1024,2,1,4.77,37.4664,11.652965,3.413644,0.9854,0.9984,0.067,7.0072,35.2147,19.571065,4.42392,0.9749,0.996,0.215,0.215,0.215,7.7332,172.9541,49.1269,172.9541,49.1269,0.1254,35.2147,0.9749,19.571065,4.42392,-2.2518,-0.0023,-0.148,-0.726
/kaggle/input/datasets/duc24kdl/sub-x-ray/sub_X-Ray/sub_NIH/00000872_002.png,,sub_NIH,00000872_002.png,ok,512x512 -> 1024x1024,2,1,4.77,38.804,8.564158,2.926458,0.9866,0.9985,0.0573,6.6902,37.0596,12.797299,3.577331,0.9756,0.9961,0.189,0.189,0.189,7.8516,153.0313,64.2853,153.0313,64.2853,0.1256,37.0596,0.9756,12.797299,3.577331,-1.7443,-0.0024,-0.1318,-1.1614
/kaggle/input/datasets/duc24kdl/sub-x-ray/sub_X-Ray/sub_NIH/00000872_003.png,,sub_NIH,00000872_003.png,ok,512x512 -> 1024x1024,2,1,4.82,41.7481,4.347824,2.085144,0.9619,0.9966,0.1347,6.4033,38.2476,9.734561,3.120026,0.9404,0.9919,0.3135,0.3135,0.3135,7.6351,110.5539,60.6761,110.5539,60.6761,0.1064,38.2476,0.9404,9.734561,3.120026,-3.5004,-0.0047,-0.1788,-1.2318
/kaggle/input/datasets/duc24kdl/sub-x-ray/sub_X-Ray/sub_NIH/00000872_004.png,,sub_NIH,00000872_004.png,ok,512x512 -> 1024x1024,2,1,4.78,41.6077,4.490692,2.119125,0.9583,0.9963,0.1467,6.6748,37.6048,11.287695,3.359717,0.9345,0.9909,0.3366,0.3366,0.3366,7.3745,112.549,66.0129,112.549,66.0129,0.1105,37.6048,0.9345,11.287695,3.359717,-4.0029,-0.0054,-0.19,-0.6997
/kaggle/input/datasets/duc24kdl/sub-x-ray/sub_X-Ray/sub_NIH/00000873_000.png,,sub_NIH,00000873_000.png,ok,512x512 -> 1024x1024,2,1,4.8,41.2453,4.881482,2.209408,0.9594,0.9963,0.1439,6.7214,38.2752,9.672873,3.110124,0.9373,0.9911,0.3362,0.3362,0.3362,8.3822,118.3406,61.5186,118.3406,61.5186,0.1179,38.2752,0.9373,9.672873,3.110124,-2.97,-0.0052,-0.1923,-1.6609
/kaggle/input/datasets/duc24kdl/sub-x-ray/sub_X-Ray/sub_NIH/00000873_001.png,,sub_NIH,00000873_001.png,ok,512x512 -> 1024x1024,2,1,4.9,37.7646,10.879806,3.298455,0.9828,0.998,0.0704,6.4486,36.2885,15.28364,3.90943,0.9677,0.9945,0.2108,0.2108,0.2108,7.5551,167.6674,52.8365,167.6674,52.8365,0.6593,36.2885,0.9677,15.28364,3.90943,-1.4761,-0.0035,-0.1404,-1.1065
/kaggle/input/datasets/duc24kdl/sub-x-ray/sub_X-Ray/sub_NIH/00000873_002.png,,sub_NIH,00000873_002.png,ok,512x512 -> 1024x1024,2,1,4.79,34.858,21.24604,4.609343,0.9758,0.9975,0.0894,6.6531,32.3417,37.923872,6.158236,0.9574,0.9931,0.2289,0.2289,0.2289,7.5325,160.6933,57.7861,160.6933,57.7861,0.1415,32.3417,0.9574,37.923872,6.158236,-2.5163,-0.0044,-0.1395,-0.8794
/kaggle/input/datasets/duc24kdl/sub-x-ray/sub_X-Ray/sub_NIH/00000877_003.png,,sub_NIH,00000877_003.png,ok,512x512 -> 1024x1024,2,1,4.8,40.5179,5.771467,2.402388,0.9861,0.9983,0.0724,8.389,38.7218,8.72777,2.95428,0.9807,0.9969,0.2443,0.2443,0.2443,8.1887,113.3135,51.687,113.3135,51.687,0.1235,38.7218,0.9807,8.72777,2.95428,-1.7962,-0.0014,-0.1719,0.2003
/kaggle/input/datasets/duc24kdl/sub-x-ray/sub_X-Ray/sub_NIH/00000877_005.png,,sub_NIH,00000877_005.png,ok,512x512 -> 1024x1024,2,1,4.78,37.71,11.017343,3.319238,0.9785,0.9978,0.1009,6.9543,35.0396,20.376053,4.513984,0.9675,0.9947,0.284,0.284,0.284,7.3797,108.8642,56.8487,108.8642,56.8487,0.1719,35.0396,0.9675,20.376053,4.513984,-2.6704,-0.0031,-0.1832,-0.4254
/kaggle/input/datasets/duc24kdl/sub-x-ray/sub_X-Ray/sub_NIH/00000877_025.png,,sub_NIH,00000877_025.png,ok,512x512 -> 1024x1024,2,1,4.78,38.2608,9.705084,3.115298,0.9862,0.9983,0.0683,7.4961,35.6765,17.59658,4.194828,0.9766,0.996,0.2168,0.2168,0.2168,7.3416,111.6713,52.1614,111.6713,52.1614,0.1392,35.6765,0.9766,17.59658,4.194828,-2.5843,-0.0023,-0.1485,0.1545
/kaggle/input/datasets/duc24kdl/sub-x-ray/sub_X-Ray/sub_NIH/00000877_027.png,,sub_NIH,00000877_027.png,ok,512x512 -> 1024x1024,2,1,4.8,36.208,15.56956,3.945828,0.9839,0.9981,0.081,6.7447,33.4906,29.108636,5.395242,0.9734,0.9955,0.2551,0.2551,0.2551,7.3648,114.0965,45.3473,114.0965,45.3473,0.1753,33.4906,0.9734,29.108636,5.395242,-2.7175,-0.0026,-0.1741,-0.6201
/kaggle/input/datasets/duc24kdl/sub-x-ray/sub_X-Ray/sub_NIH/00000878_000.png,,sub_NIH,00000878_000.png,ok,512x512 -> 1024x1024,2,1,4.81,41.4089,4.701015,2.168183,0.9621,0.9966,0.1388,6.8103,38.552,9.075714,3.012593,0.942,0.9918,0.3328,0.3328,0.3328,7.8254,132.3327,59.3579,132.3327,59.3579,0.1208,38.552,0.942,9.075714,3.012593,-2.8569,-0.0048,-0.194,-1.015
/kaggle/input/datasets/duc24kdl/sub-x-ray/sub_X-Ray/sub_NIH/00000882_000.png,,sub_NIH,00000882_000.png,ok,512x512 -> 1024x1024,2,1,4.85,40.3752,5.964351,2.442202,0.9581,0.9962,0.1391,6.65,37.8136,10.757637,3.279884,0.9331,0.9905,0.32,0.32,0.32,7.608,99.5536,64.2102,99.5536,64.2102,0.1297,37.8136,0.9331,10.757637,3.279884,-2.5615,-0.0057,-0.1809,-0.9579
/kaggle/input/datasets/duc24kdl/sub-x-ray/sub_X-Ray/sub_NIH/00000882_005.png,,sub_NIH,00000882_005.png,ok,512x512 -> 1024x1024,2,1,4.79,38.6484,8.876407,2.97933,0.9868,0.9984,0.0716,6.932,35.661,17.65966,4.20234,0.9765,0.996,0.2303,0.2303,0.2303,7.8025,132.5043,49.1128,132.5043,49.1128,0.1556,35.661,0.9765,17.65966,4.20234,-2.9875,-0.0024,-0.1587,-0.8706
/kaggle/input/datasets/duc24kdl/sub-x-ray/sub_X-Ray/sub_NIH/00000882_007.png,,sub_NIH,00000882_007.png,ok,512x512 -> 1024x1024,2,1,4.79,39.2786,7.677475,2.770826,0.9676,0.997,0.1241,6.5737,35.8634,16.855619,4.10556,0.948,0.9923,0.3002,0.3002,0.3002,8.2464,113.9046,59.6875,113.9046,59.6875,0.1552,35.8634,0.948,16.855619,4.10556,-3.4153,-0.0046,-0.176,-1.6727
/kaggle/input/datasets/duc24kdl/sub-x-ray/sub_X-Ray/sub_NIH/00000887_001.png,,sub_NIH,00000887_001.png,ok,512x512 -> 1024x1024,2,1,4.78,42.2788,3.847656,1.961544,0.9616,0.9965,0.1449,6.6005,39.7491,6.889179,2.624724,0.9441,0.9923,0.3294,0.3294,0.3294,8.2546,125.2268,72.3527,125.2268,72.3527,0.1059,39.7491,0.9441,6.889179,2.624724,-2.5297,-0.0043,-0.1845,-1.6542
/kaggle/input/datasets/duc24kdl/sub-x-ray/sub_X-Ray/sub_NIH/00000888_000.png,,sub_NIH,00000888_000.png,ok,512x512 -> 1024x1024,2,1,4.78,47.4223,1.177192,1.084985,0.9877,0.9984,0.0501,8.0782,43.5773,2.853331,1.689181,0.9803,0.9966,0.1974,0.1974,0.1974,8.9495,171.4464,28.754,171.4464,28.754,0.1171,43.5773,0.9803,2.853331,1.689181,-3.845,-0.0018,-0.1472,-0.8712
/kaggle/input/datasets/duc24kdl/sub-x-ray/sub_X-Ray/sub_NIH/00000894_002.png,,sub_NIH,00000894_002.png,ok,512x512 -> 1024x1024,2,1,4.77,36.1431,15.804151,3.975444,0.9813,0.998,0.0701,6.3853,34.917,20.959326,4.578136,0.9671,0.9947,0.2024,0.2024,0.2024,7.6511,176.9355,52.5965,176.9355,52.5965,0.1697,34.917,0.9671,20.959326,4.578136,-1.2261,-0.0033,-0.1323,-1.2659
/kaggle/input/datasets/duc24kdl/sub-x-ray/sub_X-Ray/sub_NIH/00000894_004.png,,sub_NIH,00000894_004.png,ok,512x512 -> 1024x1024,2,1,4.8,38.713,8.745386,2.95726,0.9582,0.9963,0.1391,6.4359,34.8962,21.060058,4.589124,0.9363,0.9913,0.3193,0.3193,0.3193,7.7322,115.8968,69.3887,115.8968,69.3887,0.1057,34.8962,0.9363,21.060058,4.589124,-3.8168,-0.005,-0.1802,-1.2964
/kaggle/input/datasets/duc24kdl/sub-x-ray/sub_X-Ray/sub_NIH/00000895_000.png,,sub_NIH,00000895_000.png,ok,512x512 -> 1024x1024,2,1,4.8,42.6922,3.49835,1.870388,0.9629,0.9966,0.1267,6.791,39.3244,7.596892,2.756246,0.943,0.9919,0.3,0.3,0.3,7.9808,96.8721,62.1429,96.8721,62.1429,0.0845,39.3244,0.943,7.596892,2.756246,-3.3677,-0.0047,-0.1733,-1.1897
/kaggle/input/datasets/duc24kdl/sub-x-ray/sub_X-Ray/sub_NIH/00000898_001.png,,sub_NIH,00000898_001.png,ok,512x512 -> 1024x1024,2,1,4.84,37.3718,11.909683,3.451041,0.9826,0.9981,0.0674,6.7266,34.1147,25.21205,5.02116,0.9683,0.9948,0.2192,0.2192,0.2192,7.3108,166.6987,49.0713,166.6987,49.0713,0.2255,34.1147,0.9683,25.21205,5.02116,-3.2571,-0.0033,-0.1518,-0.5842
/kaggle/input/datasets/duc24kdl/sub-x-ray/sub_X-Ray/sub_NIH/00000901_002.png,,sub_NIH,00000901_002.png,ok,512x512 -> 1024x1024,2,1,4.79,40.626,5.629648,2.372688,0.9603,0.9964,0.1482,6.6688,37.2989,12.111203,3.480115,0.9396,0.9913,0.3362,0.3362,0.3362,7.52,137.8965,67.9452,137.8965,67.9452,0.0764,37.2989,0.9396,12.111203,3.480115,-3.3271,-0.005,-0.188,-0.8512
/kaggle/input/datasets/duc24kdl/sub-x-ray/sub_X-Ray/sub_NIH/00000902_000.png,,sub_NIH,00000902_000.png,ok,512x512 -> 1024x1024,2,1,4.8,41.2074,4.924295,2.219075,0.9566,0.9961,0.1598,6.5404,39.0629,8.068483,2.840508,0.9387,0.9916,0.3617,0.3617,0.3617,8.4391,130.7882,68.6904,130.7882,68.6904,0.2085,39.0629,0.9387,8.068483,2.840508,-2.1445,-0.0045,-0.2018,-1.8987
/kaggle/input/datasets/duc24kdl/sub-x-ray/sub_X-Ray/sub_NIH/00000905_000.png,,sub_NIH,00000905_000.png,ok,512x512 -> 1024x1024,2,1,4.79,36.9617,13.089066,3.617881,0.9847,0.9983,0.0694,6.5842,35.7196,17.422711,4.174052,0.9728,0.9954,0.2298,0.2298,0.2298,7.7946,164.6264,53.8452,164.6264,53.8452,0.1729,35.7196,0.9728,17.422711,4.174052,-1.2421,-0.0028,-0.1604,-1.2105
/kaggle/input/datasets/duc24kdl/sub-x-ray/sub_X-Ray/sub_NIH/00000907_000.png,,sub_NIH,00000907_000.png,ok,512x512 -> 1024x1024,2,1,4.79,41.7737,4.322229,2.078997,0.9573,0.9961,0.1471,6.3551,38.6987,8.774259,2.962137,0.9361,0.9909,0.3399,0.3399,0.3399,7.8576,117.5527,66.2338,117.5527,66.2338,0.0996,38.6987,0.9361,8.774259,2.962137,-3.075,-0.0052,-0.1928,-1.5026
/kaggle/input/datasets/duc24kdl/sub-x-ray/sub_X-Ray/sub_NIH/00000907_001.png,,sub_NIH,00000907_001.png,ok,512x512 -> 1024x1024,2,1,4.82,41.7714,4.324547,2.079555,0.9634,0.9967,0.137,6.5426,39.0918,8.014925,2.831064,0.946,0.9925,0.3218,0.3218,0.3218,7.9382,114.7095,66.9596,114.7095,66.9596,0.1128,39.0918,0.946,8.014925,2.831064,-2.6796,-0.0042,-0.1848,-1.3956
/kaggle/input/datasets/duc24kdl/sub-x-ray/sub_X-Ray/sub_NIH/00000909_000.png,,sub_NIH,00000909_000.png,ok,512x512 -> 1024x1024,2,1,4.78,42.6398,3.540819,1.881707,0.9647,0.9968,0.1241,6.5658,39.2829,7.669957,2.769469,0.9456,0.9924,0.2895,0.2895,0.2895,7.9112,112.4665,69.8196,112.4665,69.8196,0.0853,39.2829,0.9456,7.669957,2.769469,-3.3569,-0.0045,-0.1655,-1.3454
/kaggle/input/datasets/duc24kdl/sub-x-ray/sub_X-Ray/sub_NIH/00000909_002.png,,sub_NIH,00000909_002.png,ok,512x512 -> 1024x1024,2,1,4.79,38.3064,9.603811,3.099002,0.9872,0.9985,0.0659,7.35,35.4294,18.626988,4.315899,0.9794,0.9966,0.2231,0.2231,0.2231,8.0929,109.5589,53.5849,109.5589,53.5849,0.1848,35.4294,0.9794,18.626988,4.315899,-2.877,-0.0019,-0.1573,-0.743
/kaggle/input/datasets/duc24kdl/sub-x-ray/sub_X-Ray/sub_NIH/00000914_004.png,,sub_NIH,00000914_004.png,ok,512x512 -> 1024x1024,2,1,4.78,37.4735,11.633957,3.410859,0.9854,0.9983,0.0613,6.6446,35.8943,16.735988,4.090964,0.9736,0.9956,0.2021,0.2021,0.2021,7.8892,173.7443,50.7397,173.7443,50.7397,0.138,35.8943,0.9736,16.735988,4.090964,-1.5792,-0.0027,-0.1408,-1.2447
/kaggle/input/datasets/duc24kdl/sub-x-ray/sub_X-Ray/sub_NIH/00000914_005.png,,sub_NIH,00000914_005.png,ok,512x512 -> 1024x1024,2,1,5.13,42.3507,3.784495,1.945378,0.9643,0.9968,0.1353,6.5192,39.5915,7.14389,2.672806,0.9465,0.9925,0.3127,0.3127,0.3127,7.6105,121.8716,67.0383,121.8716,67.0383,0.1237,39.5915,0.9465,7.14389,2.672806,-2.7593,-0.0043,-0.1774,-1.0913
/kaggle/input/datasets/duc24kdl/sub-x-ray/sub_X-Ray/sub_NIH/00000915_001.png,,sub_NIH,00000915_001.png,ok,512x512 -> 1024x1024,2,1,4.77,39.4566,7.369164,2.71462,0.9826,0.9981,0.0715,6.2953,37.7137,11.007993,3.31783,0.9704,0.9954,0.1857,0.1857,0.1857,8.2082,116.4449,71.6909,116.4449,71.6909,0.2703,37.7137,0.9704,11.007993,3.31783,-1.7429,-0.0027,-0.1142,-1.9129
/kaggle/input/datasets/duc24kdl/sub-x-ray/sub_X-Ray/sub_NIH/00000915_005.png,,sub_NIH,00000915_005.png,ok,512x512 -> 1024x1024,2,1,4.82,42.7154,3.479708,1.865397,0.9816,0.9981,0.0644,6.424,37.7182,10.996677,3.316124,0.9649,0.9945,0.2049,0.2049,0.2049,7.5205,156.7985,60.9394,156.7985,60.9394,0.0219,37.7182,0.9649,10.996677,3.316124,-4.9972,-0.0036,-0.1405,-1.0965
/kaggle/input/datasets/duc24kdl/sub-x-ray/sub_X-Ray/sub_NIH/00000916_000.png,,sub_NIH,00000916_000.png,ok,512x512 -> 1024x1024,2,1,4.81,42.7202,3.475834,1.864359,0.9836,0.9982,0.0613,6.8301,39.0595,8.074721,2.841605,0.97,0.9951,0.2029,0.2029,0.2029,7.7186,167.4787,51.6683,167.4787,51.6683,-0.0586,39.0595,0.97,8.074721,2.841605,-3.6607,-0.0031,-0.1416,-0.8885
/kaggle/input/datasets/duc24kdl/sub-x-ray/sub_X-Ray/sub_NIH/00000917_000.png,,sub_NIH,00000917_000.png,ok,512x512 -> 1024x1024,2,1,4.77,44.5569,2.277131,1.509017,0.9842,0.9983,0.0593,6.8235,40.0897,6.369503,2.523787,0.9704,0.9953,0.2047,0.2047,0.2047,7.5443,160.4,55.3142,160.4,55.3142,0.2858,40.0897,0.9704,6.369503,2.523787,-4.4672,-0.0029,-0.1454,-0.7208
/kaggle/input/datasets/duc24kdl/sub-x-ray/sub_X-Ray/sub_NIH/00000920_001.png,,sub_NIH,00000920_001.png,ok,512x512 -> 1024x1024,2,1,4.77,43.9644,2.609999,1.615549,0.9751,0.9974,0.0955,6.8957,41.0335,5.125459,2.263948,0.9608,0.9937,0.2716,0.2716,0.2716,7.8774,106.6055,36.8471,106.6055,36.8471,0.1057,41.0335,0.9608,5.125459,2.263948,-2.9309,-0.0038,-0.1761,-0.9817
/kaggle/input/datasets/duc24kdl/sub-x-ray/sub_X-Ray/sub_NIH/00000922_000.png,,sub_NIH,00000922_000.png,ok,512x512 -> 1024x1024,2,1,4.84,38.7962,8.579406,2.929062,0.9847,0.9982,0.0589,6.4196,36.2224,15.518012,3.939291,0.973,0.9957,0.1555,0.1555,0.1555,7.3606,125.925,79.4847,125.925,79.4847,0.5288,36.2224,0.973,15.518012,3.939291,-2.5738,-0.0025,-0.0966,-0.941
/kaggle/input/datasets/duc24kdl/sub-x-ray/sub_X-Ray/sub_NIH/00000924_000.png,,sub_NIH,00000924_000.png,ok,512x512 -> 1024x1024,2,1,4.81,37.5011,11.560453,3.400067,0.9815,0.998,0.0683,6.8306,35.8286,16.991063,4.122022,0.9685,0.9951,0.2025,0.2025,0.2025,8.0675,161.3446,67.2426,161.3446,67.2426,0.1579,35.8286,0.9685,16.991063,4.122022,-1.6725,-0.0029,-0.1343,-1.2369
/kaggle/input/datasets/duc24kdl/sub-x-ray/sub_X-Ray/sub_NIH/00000930_002.png,,sub_NIH,00000930_002.png,ok,512x512 -> 1024x1024,2,1,4.81,41.6302,4.467484,2.113642,0.9501,0.9955,0.1713,6.5746,38.4201,9.35556,3.058686,0.926,0.9894,0.3829,0.3829,0.3829,7.7866,134.9605,62.2614,134.9605,62.2614,0.0921,38.4201,0.926,9.35556,3.058686,-3.2101,-0.0061,-0.2116,-1.2119
/kaggle/input/datasets/duc24kdl/sub-x-ray/sub_X-Ray/sub_NIH/00000936_000.png,,sub_NIH,00000936_000.png,ok,512x512 -> 1024x1024,2,1,4.8,42.4094,3.733739,1.932289,0.9674,0.997,0.1153,6.4348,39.0635,8.067259,2.840292,0.948,0.9927,0.2795,0.2795,0.2795,8.1297,93.2365,61.3287,93.2365,61.3287,0.1075,39.0635,0.948,8.067259,2.840292,-3.3458,-0.0043,-0.1642,-1.6949
/kaggle/input/datasets/duc24kdl/sub-x-ray/sub_X-Ray/sub_NIH/00000937_005.png,,sub_NIH,00000937_005.png,ok,512x512 -> 1024x1024,2,1,4.78,40.4118,5.914295,2.431932,0.9762,0.9977,0.0952,6.5704,37.4402,11.723486,3.423958,0.9571,0.9934,0.2476,0.2476,0.2476,7.2453,146.6407,63.3621,146.6407,63.3621,0.2518,37.4402,0.9571,11.723486,3.423958,-2.9715,-0.0043,-0.1524,-0.6748
/kaggle/input/datasets/duc24kdl/sub-x-ray/sub_X-Ray/sub_NIH/00000937_007.png,,sub_NIH,00000937_007.png,ok,512x512 -> 1024x1024,2,1,4.84,35.6836,17.567989,4.191418,0.9752,0.9975,0.0929,6.3362,32.1458,39.673092,6.298658,0.9553,0.9927,0.2462,0.2462,0.2462,7.1634,119.9593,66.4874,119.9593,66.4874,0.1714,32.1458,0.9553,39.673092,6.298658,-3.5377,-0.0048,-0.1533,-0.8272
/kaggle/input/datasets/duc24kdl/sub-x-ray/sub_X-Ray/sub_NIH/00000938_005.png,,sub_NIH,00000938_005.png,ok,512x512 -> 1024x1024,2,1,4.78,37.7257,10.977799,3.313276,0.9837,0.9981,0.0616,6.1929,34.3521,23.87091,4.885787,0.9683,0.9944,0.1956,0.1956,0.1956,6.9736,121.1201,55.27,121.1201,55.27,0.2074,34.3521,0.9683,23.87091,4.885787,-3.3735,-0.0037,-0.1341,-0.7807
/kaggle/input/datasets/duc24kdl/sub-x-ray/sub_X-Ray/sub_NIH/00000939_000.png,,sub_NIH,00000939_000.png,ok,512x512 -> 1024x1024,2,1,4.78,45.8601,1.686815,1.298775,0.9834,0.9982,0.0792,6.8331,41.191,4.942852,2.223253,0.9714,0.9953,0.2627,0.2627,0.2627,7.9978,148.5204,62.6705,148.5204,62.6705,0.1371,41.191,0.9714,4.942852,2.223253,-4.6691,-0.0028,-0.1835,-1.1647
/kaggle/input/datasets/duc24kdl/sub-x-ray/sub_X-Ray/sub_NIH/00000945_000.png,,sub_NIH,00000945_000.png,ok,512x512 -> 1024x1024,2,1,4.8,35.8213,17.019746,4.125499,0.9776,0.9977,0.1007,6.8804,34.6016,22.538124,4.747433,0.9626,0.9941,0.2642,0.2642,0.2642,7.101,168.4951,57.6008,168.4951,57.6008,0.1461,34.6016,0.9626,22.538124,4.747433,-1.2196,-0.0037,-0.1634,-0.2206
/kaggle/input/datasets/duc24kdl/sub-x-ray/sub_X-Ray/sub_NIH/00000947_002.png,,sub_NIH,00000947_002.png,ok,512x512 -> 1024x1024,2,1,4.78,37.3939,11.849135,3.442257,0.9825,0.9981,0.0722,6.774,35.352,18.961991,4.354537,0.9714,0.9958,0.1786,0.1786,0.1786,7.8177,139.2257,75.3424,139.2257,75.3424,0.1949,35.352,0.9714,18.961991,4.354537,-2.042,-0.0024,-0.1064,-1.0438
/kaggle/input/datasets/duc24kdl/sub-x-ray/sub_X-Ray/sub_NIH/00000949_000.png,,sub_NIH,00000949_000.png,ok,512x512 -> 1024x1024,2,1,4.8,38.8014,8.569144,2.92731,0.9886,0.9985,0.0547,7.0729,37.34,11.997295,3.463711,0.9816,0.9969,0.1888,0.1888,0.1888,8.6102,153.9009,52.4926,153.9009,52.4926,0.1457,37.34,0.9816,11.997295,3.463711,-1.4615,-0.0016,-0.1341,-1.5373
/kaggle/input/datasets/duc24kdl/sub-x-ray/sub_X-Ray/sub_NIH/00000949_009.png,,sub_NIH,00000949_009.png,ok,512x512 -> 1024x1024,2,1,4.8,41.918,4.18096,2.04474,0.9664,0.997,0.1194,6.32,38.4252,9.344612,3.056896,0.9456,0.9923,0.2822,0.2822,0.2822,7.8511,110.008,72.1616,110.008,72.1616,0.1022,38.4252,0.9456,9.344612,3.056896,-3.4929,-0.0047,-0.1628,-1.5312
/kaggle/input/datasets/duc24kdl/sub-x-ray/sub_X-Ray/sub_NIH/00000954_004.png,,sub_NIH,00000954_004.png,ok,512x512 -> 1024x1024,2,1,4.77,38.3117,9.592105,3.097112,0.9837,0.9982,0.0751,6.7362,36.6264,14.139699,3.760279,0.9689,0.995,0.2207,0.2207,0.2207,7.2923,158.4743,58.9458,158.4743,58.9458,0.3344,36.6264,0.9689,14.139699,3.760279,-1.6853,-0.0032,-0.1457,-0.5561
/kaggle/input/datasets/duc24kdl/sub-x-ray/sub_X-Ray/sub_NIH/00000955_005.png,,sub_NIH,00000955_005.png,ok,512x512 -> 1024x1024,2,1,4.78,38.7742,8.623051,2.936503,0.9873,0.9984,0.0655,7.6014,36.3249,15.156323,3.893112,0.9798,0.9966,0.2187,0.2187,0.2187,8.294,136.2312,46.4445,136.2312,46.4445,0.1579,36.3249,0.9798,15.156323,3.893112,-2.4493,-0.0018,-0.1532,-0.6926
/kaggle/input/datasets/duc24kdl/sub-x-ray/sub_X-Ray/sub_NIH/00000958_000.png,,sub_NIH,00000958_000.png,ok,512x512 -> 1024x1024,2,1,4.79,38.361,9.483781,3.079575,0.9852,0.9983,0.0568,6.6348,36.1295,15.853605,3.981659,0.9729,0.9956,0.1714,0.1714,0.1714,8.3642,147.9903,72.2105,147.9903,72.2105,0.151,36.1295,0.9729,15.853605,3.981659,-2.2315,-0.0027,-0.1146,-1.7294
/kaggle/input/datasets/duc24kdl/sub-x-ray/sub_X-Ray/sub_NIH/00000960_000.png,,sub_NIH,00000960_000.png,ok,512x512 -> 1024x1024,2,1,4.79,44.6335,2.237329,1.49577,0.9865,0.9984,0.0523,7.0606,40.4704,5.835024,2.415579,0.9764,0.9963,0.1859,0.1859,0.1859,8.345,160.8578,50.9469,160.8578,50.9469,-0.0088,40.4704,0.9764,5.835024,2.415579,-4.1631,-0.0021,-0.1336,-1.2844
/kaggle/input/datasets/duc24kdl/sub-x-ray/sub_X-Ray/sub_NIH/00000963_002.png,,sub_NIH,00000963_002.png,ok,512x512 -> 1024x1024,2,1,4.79,35.5443,18.14065,4.259184,0.9744,0.9974,0.0867,5.779,32.3999,37.418789,6.11709,0.9421,0.9906,0.2278,0.2278,0.2278,6.8679,99.1455,64.645,99.1455,64.645,0.3475,32.3999,0.9421,37.418789,6.11709,-3.1444,-0.0068,-0.1411,-1.0889
/kaggle/input/datasets/duc24kdl/sub-x-ray/sub_X-Ray/sub_NIH/00000963_007.png,,sub_NIH,00000963_007.png,ok,512x512 -> 1024x1024,2,1,4.8,38.1151,10.03621,3.167998,0.9805,0.998,0.0707,6.5952,36.0771,16.046002,4.005746,0.9648,0.9946,0.2036,0.2036,0.2036,7.5579,153.4982,65.6112,153.4982,65.6112,0.0558,36.0771,0.9648,16.046002,4.005746,-2.038,-0.0034,-0.1329,-0.9627
/kaggle/input/datasets/duc24kdl/sub-x-ray/sub_X-Ray/sub_NIH/00000963_012.png,,sub_NIH,00000963_012.png,ok,512x512 -> 1024x1024,2,1,4.86,35.1165,20.018623,4.474218,0.9825,0.9982,0.0762,6.779,32.4651,36.861507,6.071368,0.9701,0.9953,0.2117,0.2117,0.2117,7.4267,100.2558,61.2893,100.2558,61.2893,0.1166,32.4651,0.9701,36.861507,6.071368,-2.6514,-0.0028,-0.1355,-0.6478
/kaggle/input/datasets/duc24kdl/sub-x-ray/sub_X-Ray/sub_NIH/00000963_014.png,,sub_NIH,00000963_014.png,ok,512x512 -> 1024x1024,2,1,4.79,34.8867,21.106106,4.594138,0.9859,0.9982,0.0601,6.421,32.4879,36.667956,6.055407,0.9748,0.9953,0.2028,0.2028,0.2028,7.8103,149.4794,59.6435,149.4794,59.6435,0.1658,32.4879,0.9748,36.667956,6.055407,-2.3988,-0.0029,-0.1427,-1.3893
/kaggle/input/datasets/duc24kdl/sub-x-ray/sub_X-Ray/sub_NIH/00000963_020.png,,sub_NIH,00000963_020.png,ok,512x512 -> 1024x1024,2,1,4.8,42.3121,3.81829,1.954044,0.9666,0.9969,0.118,6.0905,38.7415,8.688269,2.947587,0.946,0.9921,0.2799,0.2799,0.2799,7.7461,107.6052,70.1784,107.6052,70.1784,0.0988,38.7415,0.946,8.688269,2.947587,-3.5706,-0.0048,-0.1619,-1.6556
/kaggle/input/datasets/duc24kdl/sub-x-ray/sub_X-Ray/sub_NIH/00000963_026.png,,sub_NIH,00000963_026.png,ok,512x512 -> 1024x1024,2,1,4.8,42.0915,4.017308,2.004322,0.9649,0.9968,0.1318,6.1985,39.1327,7.93986,2.817776,0.9465,0.9925,0.3,0.3,0.3,8.6328,113.2386,68.3294,113.2386,68.3294,0.1136,39.1327,0.9465,7.93986,2.817776,-2.9588,-0.0043,-0.1682,-2.4342
/kaggle/input/datasets/duc24kdl/sub-x-ray/sub_X-Ray/sub_NIH/00000965_000.png,,sub_NIH,00000965_000.png,ok,512x512 -> 1024x1024,2,1,4.79,41.3102,4.809008,2.192945,0.9595,0.9964,0.1411,6.7455,38.9377,8.304431,2.881741,0.9392,0.9917,0.3321,0.3321,0.3321,7.7072,115.7498,66.1852,115.7498,66.1852,0.1207,38.9377,0.9392,8.304431,2.881741,-2.3725,-0.0047,-0.191,-0.9617
/kaggle/input/datasets/duc24kdl/sub-x-ray/sub_X-Ray/sub_NIH/00000971_000.png,,sub_NIH,00000971_000.png,ok,512x512 -> 1024x1024,2,1,4.8,45.8377,1.695568,1.30214,0.9823,0.9981,0.0654,6.7536,40.673,5.56905,2.359884,0.9685,0.9949,0.2191,0.2191,0.2191,7.8623,170.2042,51.5537,170.2042,51.5537,0.0911,40.673,0.9685,5.56905,2.359884,-5.1647,-0.0032,-0.1538,-1.1087
/kaggle/input/datasets/duc24kdl/sub-x-ray/sub_X-Ray/sub_NIH/00000971_003.png,,sub_NIH,00000971_003.png,ok,512x512 -> 1024x1024,2,1,4.8,41.8617,4.235552,2.058046,0.966,0.9969,0.124,6.8296,38.5291,9.123732,3.020552,0.9484,0.9927,0.3109,0.3109,0.3109,7.8117,115.8551,60.2929,115.8551,60.2929,0.0851,38.5291,0.9484,9.123732,3.020552,-3.3326,-0.0042,-0.1869,-0.9821
/kaggle/input/datasets/duc24kdl/sub-x-ray/sub_X-Ray/sub_NIH/00000974_006.png,,sub_NIH,00000974_006.png,ok,512x512 -> 1024x1024,2,1,4.8,37.6948,11.056063,3.325066,0.9845,0.9982,0.0725,6.5205,35.6612,17.65864,4.202218,0.9718,0.9953,0.2171,0.2171,0.2171,7.5118,113.9914,50.9275,113.9914,50.9275,0.1305,35.6612,0.9718,17.65864,4.202218,-2.0336,-0.0029,-0.1445,-0.9913
/kaggle/input/datasets/duc24kdl/sub-x-ray/sub_X-Ray/sub_NIH/00000974_008.png,,sub_NIH,00000974_008.png,ok,512x512 -> 1024x1024,2,1,4.78,42.4948,3.660995,1.913373,0.9629,0.9966,0.133,6.6732,38.9868,8.211151,2.865511,0.9431,0.9919,0.3075,0.3075,0.3075,7.6893,116.3964,71.0571,116.3964,71.0571,0.1008,38.9868,0.9431,8.211151,2.865511,-3.508,-0.0047,-0.1745,-1.0161
/kaggle/input/datasets/duc24kdl/sub-x-ray/sub_X-Ray/sub_NIH/00000974_009.png,,sub_NIH,00000974_009.png,ok,512x512 -> 1024x1024,2,1,4.8,41.7515,4.344448,2.084334,0.9618,0.9965,0.1333,6.4104,38.2279,9.778892,3.127122,0.9399,0.9915,0.3046,0.3046,0.3046,7.6425,117.1604,71.9399,117.1604,71.9399,0.0999,38.2279,0.9399,9.778892,3.127122,-3.5236,-0.005,-0.1713,-1.2321
/kaggle/input/datasets/duc24kdl/sub-x-ray/sub_X-Ray/sub_NIH/00000974_010.png,,sub_NIH,00000974_010.png,ok,512x512 -> 1024x1024,2,1,4.78,42.9549,3.292988,1.814659,0.9659,0.9969,0.1285,6.5393,39.8488,6.732871,2.594778,0.9498,0.9931,0.2922,0.2922,0.2922,7.8815,112.5005,74.9656,112.5005,74.9656,0.0849,39.8488,0.9498,6.732871,2.594778,-3.1061,-0.0039,-0.1637,-1.3421
/kaggle/input/datasets/duc24kdl/sub-x-ray/sub_X-Ray/sub_NIH/00000976_005.png,,sub_NIH,00000976_005.png,ok,512x512 -> 1024x1024,2,1,4.78,41.1132,5.032257,2.243269,0.9618,0.9966,0.1406,6.3734,38.7579,8.655538,2.94203,0.9428,0.9922,0.3323,0.3323,0.3323,7.9504,111.4425,67.5922,111.4425,67.5922,0.139,38.7579,0.9428,8.655538,2.94203,-2.3553,-0.0044,-0.1917,-1.577
/kaggle/input/datasets/duc24kdl/sub-x-ray/sub_X-Ray/sub_NIH/00000978_000.png,,sub_NIH,00000978_000.png,ok,512x512 -> 1024x1024,2,1,4.8,36.1579,15.750434,3.968682,0.9737,0.9974,0.1005,6.1036,32.9244,33.162268,5.758669,0.9515,0.9922,0.2843,0.2843,0.2843,7.147,133.9581,54.7937,133.9581,54.7937,0.1532,32.9244,0.9515,33.162268,5.758669,-3.2335,-0.0052,-0.1838,-1.0434
/kaggle/input/datasets/duc24kdl/sub-x-ray/sub_X-Ray/sub_NIH/00000979_006.png,,sub_NIH,00000979_006.png,ok,512x512 -> 1024x1024,2,1,4.81,41.1799,4.955529,2.226102,0.9445,0.995,0.174,6.4964,38.7889,8.593889,2.931534,0.9181,0.9883,0.3853,0.3853,0.3853,8.1546,117.312,67.0111,117.312,67.0111,0.1186,38.7889,0.9181,8.593889,2.931534,-2.391,-0.0067,-0.2114,-1.6583
/kaggle/input/datasets/duc24kdl/sub-x-ray/sub_X-Ray/sub_NIH/00000981_000.png,,sub_NIH,00000981_000.png,ok,512x512 -> 1024x1024,2,1,4.79,41.6506,4.446567,2.108688,0.9596,0.9964,0.1307,6.3171,38.6838,8.804465,2.967232,0.9361,0.9912,0.3043,0.3043,0.3043,8.106,102.7803,67.1577,102.7803,67.1577,0.1692,38.6838,0.9361,8.804465,2.967232,-2.9668,-0.0053,-0.1736,-1.7889
/kaggle/input/datasets/duc24kdl/sub-x-ray/sub_X-Ray/sub_NIH/00000982_000.png,,sub_NIH,00000982_000.png,ok,512x512 -> 1024x1024,2,1,4.82,38.2962,9.626331,3.102633,0.9868,0.9984,0.0572,8.3594,36.6016,14.220571,3.771017,0.9819,0.9972,0.1938,0.1938,0.1938,8.479,155.244,46.6364,155.244,46.6364,0.356,36.6016,0.9819,14.220571,3.771017,-1.6946,-0.0011,-0.1365,-0.1196
/kaggle/input/datasets/duc24kdl/sub-x-ray/sub_X-Ray/sub_NIH/00000983_000.png,,sub_NIH,00000983_000.png,ok,512x512 -> 1024x1024,2,1,4.79,40.6822,5.5572,2.357371,0.9451,0.9951,0.1788,6.7369,38.5895,8.997584,2.999597,0.9206,0.9889,0.3997,0.3997,0.3997,7.9792,122.5508,60.6348,122.5508,60.6348,0.1024,38.5895,0.9206,8.997584,2.999597,-2.0927,-0.0062,-0.2209,-1.2423
/kaggle/input/datasets/duc24kdl/sub-x-ray/sub_X-Ray/sub_NIH/00000988_000.png,,sub_NIH,00000988_000.png,ok,512x512 -> 1024x1024,2,1,4.81,43.2695,3.062906,1.750116,0.9831,0.9981,0.0713,6.8875,40.4951,5.801911,2.408716,0.971,0.9952,0.229,0.229,0.229,8.1808,178.3155,36.7341,178.3155,36.7341,-0.1001,40.4951,0.971,5.801911,2.408716,-2.7744,-0.0029,-0.1576,-1.2933
/kaggle/input/datasets/duc24kdl/sub-x-ray/sub_X-Ray/sub_NIH/00000992_001.png,,sub_NIH,00000992_001.png,ok,512x512 -> 1024x1024,2,1,4.8,43.9664,2.608795,1.615176,0.985,0.9983,0.0641,6.8451,40.6812,5.558562,2.35766,0.9739,0.9957,0.223,0.223,0.223,7.826,153.3959,46.2605,153.3959,46.2605,-0.0274,40.6812,0.9739,5.558562,2.35766,-3.2852,-0.0026,-0.1589,-0.9808
/kaggle/input/datasets/duc24kdl/sub-x-ray/sub_X-Ray/sub_NIH/00000996_002.png,,sub_NIH,00000996_002.png,ok,512x512 -> 1024x1024,2,1,4.78,43.9642,2.610115,1.615585,0.9725,0.9972,0.1061,6.9712,41.2884,4.833269,2.19847,0.9567,0.993,0.2932,0.2932,0.2932,8.0774,105.1782,37.9836,105.1782,37.9836,0.1102,41.2884,0.9567,4.833269,2.19847,-2.6758,-0.0042,-0.1872,-1.1062
/kaggle/input/datasets/duc24kdl/sub-x-ray/sub_X-Ray/sub_NIH/00000996_005.png,,sub_NIH,00000996_005.png,ok,512x512 -> 1024x1024,2,1,4.79,40.5918,5.674182,2.382054,0.9574,0.9963,0.1413,6.3265,37.4804,11.615675,3.408178,0.9359,0.9913,0.3247,0.3247,0.3247,8.0096,116.7475,68.8484,116.7475,68.8484,0.1397,37.4804,0.9359,11.615675,3.408178,-3.1114,-0.0049,-0.1834,-1.6831
/kaggle/input/datasets/duc24kdl/sub-x-ray/sub_X-Ray/sub_NIH/00000997_002.png,,sub_NIH,00000997_002.png,ok,512x512 -> 1024x1024,2,1,4.79,42.1043,4.005479,2.001369,0.9673,0.997,0.1218,6.248,38.4168,9.362649,3.059845,0.9478,0.9927,0.303,0.303,0.303,7.6569,108.3777,67.2484,108.3777,67.2484,0.1066,38.4168,0.9478,9.362649,3.059845,-3.6874,-0.0044,-0.1813,-1.4089
/kaggle/input/datasets/duc24kdl/sub-x-ray/sub_X-Ray/sub_NIH/00000997_003.png,,sub_NIH,00000997_003.png,ok,512x512 -> 1024x1024,2,1,4.88,41.0722,5.079958,2.253876,0.9616,0.9966,0.1329,6.196,38.1348,9.990764,3.160817,0.9393,0.9916,0.3155,0.3155,0.3155,7.7681,102.063,71.0658,102.063,71.0658,0.1208,38.1348,0.9393,9.990764,3.160817,-2.9374,-0.005,-0.1826,-1.5721
/kaggle/input/datasets/duc24kdl/sub-x-ray/sub_X-Ray/sub_NIH/00000997_004.png,,sub_NIH,00000997_004.png,ok,512x512 -> 1024x1024,2,1,4.78,36.1437,15.802068,3.975181,0.9835,0.9982,0.0773,6.6053,34.4984,23.080126,4.804178,0.9697,0.995,0.2399,0.2399,0.2399,7.8066,166.3978,51.4392,166.3978,51.4392,0.1095,34.4984,0.9697,23.080126,4.804178,-1.6452,-0.0032,-0.1627,-1.2013
/kaggle/input/datasets/duc24kdl/sub-x-ray/sub_X-Ray/sub_NIH/00001000_001.png,,sub_NIH,00001000_001.png,ok,512x512 -> 1024x1024,2,1,4.78,40.1844,6.232169,2.496431,0.9545,0.996,0.1529,6.4141,37.6464,11.17994,3.343642,0.9313,0.9905,0.3487,0.3487,0.3487,8.1654,114.4466,69.7516,114.4466,69.7516,0.1247,37.6464,0.9313,11.17994,3.343642,-2.538,-0.0054,-0.1957,-1.7513
/kaggle/input/datasets/duc24kdl/sub-x-ray/sub_X-Ray/sub_NIH/00001005_002.png,,sub_NIH,00001005_002.png,ok,512x512 -> 1024x1024,2,1,4.82,39.4658,7.353662,2.711764,0.9772,0.9977,0.0795,6.4202,36.7036,13.890579,3.727007,0.9583,0.9935,0.2163,0.2163,0.2163,7.6941,128.4,67.447,128.4,67.447,0.2316,36.7036,0.9583,13.890579,3.727007,-2.7622,-0.0042,-0.1368,-1.2739
/kaggle/input/datasets/duc24kdl/sub-x-ray/sub_X-Ray/sub_NIH/00001006_002.png,,sub_NIH,00001006_002.png,ok,512x512 -> 1024x1024,2,1,4.79,41.8237,4.272785,2.067072,0.9538,0.9959,0.1494,6.3192,39.1456,7.916226,2.813579,0.928,0.9898,0.3403,0.3403,0.3403,8.0612,102.0719,68.5441,102.0719,68.5441,0.0787,39.1456,0.928,7.916226,2.813579,-2.6781,-0.0061,-0.1909,-1.742
/kaggle/input/datasets/duc24kdl/sub-x-ray/sub_X-Ray/sub_NIH/00001006_003.png,,sub_NIH,00001006_003.png,ok,512x512 -> 1024x1024,2,1,4.8,36.8402,13.460541,3.668861,0.9773,0.9977,0.0854,6.1725,33.2069,31.073714,5.57438,0.9581,0.9933,0.2454,0.2454,0.2454,7.5156,113.5604,60.3479,113.5604,60.3479,0.0091,33.2069,0.9581,31.073714,5.57438,-3.6333,-0.0044,-0.1601,-1.3431
/kaggle/input/datasets/duc24kdl/sub-x-ray/sub_X-Ray/sub_NIH/00001006_009.png,,sub_NIH,00001006_009.png,ok,512x512 -> 1024x1024,2,1,4.82,37.3773,11.894741,3.448875,0.9855,0.9983,0.0581,6.7641,35.6918,17.534713,4.187447,0.9749,0.996,0.1927,0.1927,0.1927,7.4848,163.0475,60.6651,163.0475,60.6651,0.1383,35.6918,0.9749,17.534713,4.187447,-1.6854,-0.0023,-0.1346,-0.7206
/kaggle/input/datasets/duc24kdl/sub-x-ray/sub_X-Ray/sub_NIH/00001006_010.png,,sub_NIH,00001006_010.png,ok,512x512 -> 1024x1024,2,1,4.78,40.8787,5.311466,2.304662,0.9851,0.9984,0.0764,7.0783,38.4267,9.34131,3.056356,0.9741,0.996,0.2208,0.2208,0.2208,7.9529,87.9262,61.0737,87.9262,61.0737,0.1352,38.4267,0.9741,9.34131,3.056356,-2.4519,-0.0024,-0.1444,-0.8745
/kaggle/input/datasets/duc24kdl/sub-x-ray/sub_X-Ray/sub_NIH/00001006_014.png,,sub_NIH,00001006_014.png,ok,512x512 -> 1024x1024,2,1,4.79,41.8177,4.27872,2.068507,0.9608,0.9964,0.1424,6.679,38.3502,9.507401,3.083407,0.9397,0.9914,0.3349,0.3349,0.3349,7.6998,101.4254,60.169,101.4254,60.169,0.1015,38.3502,0.9397,9.507401,3.083407,-3.4675,-0.005,-0.1925,-1.0208
/kaggle/input/datasets/duc24kdl/sub-x-ray/sub_X-Ray/sub_NIH/00001006_016.png,,sub_NIH,00001006_016.png,ok,512x512 -> 1024x1024,2,1,4.81,41.3475,4.767929,2.183559,0.9626,0.9965,0.1331,6.3311,37.5516,11.426818,3.380358,0.9396,0.9912,0.3107,0.3107,0.3107,7.1854,94.5856,58.7587,94.5856,58.7587,0.1079,37.5516,0.9396,11.426818,3.380358,-3.796,-0.0053,-0.1776,-0.8544
/kaggle/input/datasets/duc24kdl/sub-x-ray/sub_X-Ray/sub_NIH/00001006_018.png,,sub_NIH,00001006_018.png,ok,512x512 -> 1024x1024,2,1,4.82,42.8834,3.34766,1.829661,0.9677,0.997,0.1191,6.4338,39.4231,7.426301,2.725124,0.9487,0.9927,0.2889,0.2889,0.2889,7.6524,85.5893,59.4051,85.5893,59.4051,0.0799,39.4231,0.9487,7.426301,2.725124,-3.4603,-0.0044,-0.1698,-1.2186
/kaggle/input/datasets/duc24kdl/sub-x-ray/sub_X-Ray/sub_NIH/00001006_020.png,,sub_NIH,00001006_020.png,ok,512x512 -> 1024x1024,2,1,4.8,43.1947,3.116058,1.765236,0.9685,0.997,0.1218,6.5727,39.6013,7.127687,2.669773,0.9499,0.9926,0.3085,0.3085,0.3085,7.8489,90.6632,52.0584,90.6632,52.0584,0.0859,39.6013,0.9499,7.127687,2.669773,-3.5934,-0.0044,-0.1867,-1.2763
/kaggle/input/datasets/duc24kdl/sub-x-ray/sub_X-Ray/sub_NIH/00001006_021.png,,sub_NIH,00001006_021.png,ok,512x512 -> 1024x1024,2,1,4.82,41.7383,4.357648,2.087498,0.9649,0.9969,0.1154,6.098,37.7145,11.006104,3.317545,0.9431,0.992,0.2623,0.2623,0.2623,7.633,90.6892,68.6737,90.6892,68.6737,0.1025,37.7145,0.9431,11.006104,3.317545,-4.0238,-0.0048,-0.1469,-1.535
/kaggle/input/datasets/duc24kdl/sub-x-ray/sub_X-Ray/sub_NIH/00001007_002.png,,sub_NIH,00001007_002.png,ok,512x512 -> 1024x1024,2,1,4.79,35.8342,16.969031,4.119348,0.9745,0.9974,0.1165,6.693,32.7876,34.223281,5.850067,0.9555,0.9928,0.2932,0.2932,0.2932,8.038,114.0873,55.7662,114.0873,55.7662,0.2272,32.7876,0.9555,34.223281,5.850067,-3.0466,-0.0046,-0.1767,-1.345
/kaggle/input/datasets/duc24kdl/sub-x-ray/sub_X-Ray/sub_NIH/00001007_003.png,,sub_NIH,00001007_003.png,ok,512x512 -> 1024x1024,2,1,4.78,35.9792,16.412019,4.051175,0.9838,0.9982,0.0673,6.9329,34.5845,22.627252,4.756811,0.974,0.996,0.1991,0.1991,0.1991,8.2832,163.188,67.6611,163.188,67.6611,0.1392,34.5845,0.974,22.627252,4.756811,-1.3947,-0.0023,-0.1318,-1.3503
/kaggle/input/datasets/duc24kdl/sub-x-ray/sub_X-Ray/sub_NIH/00001018_000.png,,sub_NIH,00001018_000.png,ok,512x512 -> 1024x1024,2,1,4.79,42.0924,4.016418,2.0041,0.9612,0.9965,0.1357,6.5453,38.8722,8.430622,2.903553,0.9405,0.9916,0.3196,0.3196,0.3196,7.5874,119.5751,64.9481,119.5751,64.9481,0.0862,38.8722,0.9405,8.430622,2.903553,-3.2202,-0.0049,-0.1839,-1.0421
/kaggle/input/datasets/duc24kdl/sub-x-ray/sub_X-Ray/sub_NIH/00001019_000.png,,sub_NIH,00001019_000.png,ok,512x512 -> 1024x1024,2,1,4.78,42.1902,3.92697,1.981658,0.9671,0.997,0.1272,6.6069,38.9139,8.350076,2.88965,0.9501,0.9929,0.2947,0.2947,0.2947,7.7321,120.2256,73.9337,120.2256,73.9337,0.1055,38.9139,0.9501,8.350076,2.88965,-3.2763,-0.0041,-0.1675,-1.1251
/kaggle/input/datasets/duc24kdl/sub-x-ray/sub_X-Ray/sub_NIH/00001019_002.png,,sub_NIH,00001019_002.png,ok,512x512 -> 1024x1024,2,1,4.79,36.7767,13.658772,3.695778,0.9844,0.9983,0.0654,7.0038,35.1259,19.975363,4.469381,0.9723,0.9955,0.2031,0.2031,0.2031,8.2106,171.4343,54.6759,171.4343,54.6759,0.026,35.1259,0.9723,19.975363,4.469381,-1.6508,-0.0028,-0.1377,-1.2068
/kaggle/input/datasets/duc24kdl/sub-x-ray/sub_X-Ray/sub_NIH/00001021_001.png,,sub_NIH,00001021_001.png,ok,512x512 -> 1024x1024,2,1,4.78,42.2088,3.91021,1.977425,0.9645,0.9969,0.1201,6.159,39.7423,6.900029,2.626791,0.9457,0.9926,0.2874,0.2874,0.2874,7.8497,94.5005,70.7356,94.5005,70.7356,0.1179,39.7423,0.9457,6.900029,2.626791,-2.4665,-0.0042,-0.1673,-1.6907
/kaggle/input/datasets/duc24kdl/sub-x-ray/sub_X-Ray/sub_NIH/00001021_002.png,,sub_NIH,00001021_002.png,ok,512x512 -> 1024x1024,2,1,4.81,38.5779,9.021843,3.003638,0.9767,0.9977,0.0985,6.6124,36.2608,15.381584,3.921936,0.9606,0.9939,0.2565,0.2565,0.2565,8.0582,122.4244,60.4108,122.4244,60.4108,0.0907,36.2608,0.9606,15.381584,3.921936,-2.3171,-0.0037,-0.1581,-1.4458
/kaggle/input/datasets/duc24kdl/sub-x-ray/sub_X-Ray/sub_NIH/00001021_004.png,,sub_NIH,00001021_004.png,ok,512x512 -> 1024x1024,2,1,4.77,41.8482,4.248696,2.061237,0.964,0.9968,0.1219,6.151,39.2712,7.690615,2.773196,0.9444,0.9924,0.2946,0.2946,0.2946,7.8676,111.2724,67.03,111.2724,67.03,0.129,39.2712,0.9444,7.690615,2.773196,-2.5771,-0.0044,-0.1727,-1.7166
/kaggle/input/datasets/duc24kdl/sub-x-ray/sub_X-Ray/sub_NIH/00001029_001.png,,sub_NIH,00001029_001.png,ok,512x512 -> 1024x1024,2,1,4.81,35.4303,18.622867,4.315422,0.9716,0.9971,0.1113,5.9805,32.2347,38.869527,6.234543,0.9468,0.9912,0.2966,0.2966,0.2966,7.205,114.9884,56.0532,114.9884,56.0532,0.3308,32.2347,0.9468,38.869527,6.234543,-3.1956,-0.0059,-0.1853,-1.2245
/kaggle/input/datasets/duc24kdl/sub-x-ray/sub_X-Ray/sub_NIH/00001029_003.png,,sub_NIH,00001029_003.png,ok,512x512 -> 1024x1024,2,1,4.79,38.214,9.810223,3.132128,0.9864,0.9983,0.0736,7.8798,36.0893,16.001149,4.000144,0.9791,0.9966,0.2407,0.2407,0.2407,8.1166,127.4511,58.9486,127.4511,58.9486,0.1255,36.0893,0.9791,16.001149,4.000144,-2.1247,-0.0017,-0.1671,-0.2368
/kaggle/input/datasets/duc24kdl/sub-x-ray/sub_X-Ray/sub_NIH/00001029_015.png,,sub_NIH,00001029_015.png,ok,512x512 -> 1024x1024,2,1,4.79,41.1413,4.999805,2.236024,0.9617,0.9966,0.1353,6.5814,38.1963,9.850286,3.138516,0.941,0.9918,0.3266,0.3266,0.3266,7.8887,100.8092,64.9191,100.8092,64.9191,0.1284,38.1963,0.941,9.850286,3.138516,-2.945,-0.0048,-0.1913,-1.3073
/kaggle/input/datasets/duc24kdl/sub-x-ray/sub_X-Ray/sub_NIH/00001029_016.png,,sub_NIH,00001029_016.png,ok,512x512 -> 1024x1024,2,1,4.78,36.1783,15.676552,3.959363,0.9783,0.9977,0.0811,6.0829,32.4988,36.576481,6.047849,0.9603,0.9935,0.2437,0.2437,0.2437,7.8339,112.0021,60.3602,112.0021,60.3602,0.2053,32.4988,0.9603,36.576481,6.047849,-3.6795,-0.0042,-0.1626,-1.7509
/kaggle/input/datasets/duc24kdl/sub-x-ray/sub_X-Ray/sub_NIH/00001031_002.png,,sub_NIH,00001031_002.png,ok,512x512 -> 1024x1024,2,1,4.8,39.7128,6.947041,2.635724,0.953,0.9958,0.1718,6.5808,36.2097,15.563676,3.945083,0.9317,0.9907,0.3763,0.3763,0.3763,8.1328,139.7305,68.7519,139.7305,68.7519,0.1076,36.2097,0.9317,15.563676,3.945083,-3.5031,-0.0052,-0.2045,-1.5521
/kaggle/input/datasets/duc24kdl/sub-x-ray/sub_X-Ray/sub_NIH/00001033_000.png,,sub_NIH,00001033_000.png,ok,512x512 -> 1024x1024,2,1,4.78,47.3678,1.192065,1.091817,0.9846,0.9982,0.0703,7.968,44.0472,2.560687,1.600215,0.9777,0.9963,0.228,0.228,0.228,8.8055,175.2012,34.5787,175.2012,34.5787,0.128,44.0472,0.9777,2.560687,1.600215,-3.3206,-0.0018,-0.1577,-0.8375
/kaggle/input/datasets/duc24kdl/sub-x-ray/sub_X-Ray/sub_NIH/00001039_004.png,,sub_NIH,00001039_004.png,ok,512x512 -> 1024x1024,2,1,4.76,42.7343,3.464608,1.861346,0.9742,0.9976,0.1065,6.2838,39.1249,7.954157,2.820311,0.9591,0.9941,0.2643,0.2643,0.2643,7.6174,107.4574,64.6466,107.4574,64.6466,0.1472,39.1249,0.9591,7.954157,2.820311,-3.6094,-0.0035,-0.1578,-1.3335
/kaggle/input/datasets/duc24kdl/sub-x-ray/sub_X-Ray/sub_NIH/00001040_000.png,,sub_NIH,00001040_000.png,ok,512x512 -> 1024x1024,2,1,4.78,47.4392,1.172616,1.082874,0.986,0.9983,0.0559,7.0357,42.9302,3.311751,1.819822,0.9741,0.9955,0.2042,0.2042,0.2042,7.8196,149.4963,55.7504,149.4963,55.7504,0.0954,42.9302,0.9741,3.311751,1.819822,-4.509,-0.0028,-0.1483,-0.784
/kaggle/input/datasets/duc24kdl/sub-x-ray/sub_X-Ray/sub_NIH/00001040_001.png,,sub_NIH,00001040_001.png,ok,512x512 -> 1024x1024,2,1,4.79,41.3464,4.769191,2.183848,0.9572,0.9962,0.135,6.2387,37.734,10.956602,3.310076,0.9329,0.9905,0.3083,0.3083,0.3083,7.7972,107.4026,69.2701,107.4026,69.2701,0.0919,37.734,0.9329,10.956602,3.310076,-3.6123,-0.0057,-0.1733,-1.5585
/kaggle/input/datasets/duc24kdl/sub-x-ray/sub_X-Ray/sub_NIH/00001042_000.png,,sub_NIH,00001042_000.png,ok,512x512 -> 1024x1024,2,1,4.78,46.5194,1.44924,1.203844,0.9859,0.9983,0.0599,7.0317,42.3842,3.755431,1.937893,0.9747,0.9957,0.2122,0.2122,0.2122,7.9509,165.8059,46.9972,165.8059,46.9972,0.0654,42.3842,0.9747,3.755431,1.937893,-4.1352,-0.0026,-0.1523,-0.9192
/kaggle/input/datasets/duc24kdl/sub-x-ray/sub_X-Ray/sub_NIH/00001043_000.png,,sub_NIH,00001043_000.png,ok,512x512 -> 1024x1024,2,1,4.77,37.4279,11.756938,3.428839,0.9846,0.9983,0.0584,6.2999,36.0265,16.234111,4.029158,0.9725,0.9955,0.1814,0.1814,0.1814,7.3996,176.9733,51.9161,176.9733,51.9161,0.151,36.0265,0.9725,16.234111,4.029158,-1.4013,-0.0028,-0.123,-1.0997
/kaggle/input/datasets/duc24kdl/sub-x-ray/sub_X-Ray/sub_NIH/00001045_003.png,,sub_NIH,00001045_003.png,ok,512x512 -> 1024x1024,2,1,4.8,37.0274,12.892629,3.590631,0.9821,0.9981,0.076,6.4111,33.0459,32.247203,5.678662,0.9657,0.9943,0.2323,0.2323,0.2323,7.6573,166.3166,51.2385,166.3166,51.2385,0.2583,33.0459,0.9657,32.247203,5.678662,-3.9815,-0.0038,-0.1563,-1.2463
/kaggle/input/datasets/duc24kdl/sub-x-ray/sub_X-Ray/sub_NIH/00001045_004.png,,sub_NIH,00001045_004.png,ok,512x512 -> 1024x1024,2,1,4.79,35.579,17.996264,4.2422,0.9679,0.9969,0.1231,6.347,31.7979,42.982632,6.556114,0.9463,0.9914,0.3158,0.3158,0.3158,7.3734,142.2378,58.1362,142.2378,58.1362,0.2305,31.7979,0.9463,42.982632,6.556114,-3.7811,-0.0055,-0.1927,-1.0264
/kaggle/input/datasets/duc24kdl/sub-x-ray/sub_X-Ray/sub_NIH/00001048_000.png,,sub_NIH,00001048_000.png,ok,512x512 -> 1024x1024,2,1,4.79,46.5003,1.455642,1.2065,0.9853,0.9982,0.0613,6.948,42.5396,3.623436,1.903533,0.9727,0.9953,0.2213,0.2213,0.2213,8.0053,172.9706,41.5593,172.9706,41.5593,0.065,42.5396,0.9727,3.623436,1.903533,-3.9607,-0.003,-0.16,-1.0572
/kaggle/input/datasets/duc24kdl/sub-x-ray/sub_X-Ray/sub_NIH/00001049_000.png,,sub_NIH,00001049_000.png,ok,512x512 -> 1024x1024,2,1,4.79,44.6254,2.241515,1.497169,0.9717,0.9972,0.1191,6.8513,41.7772,4.318798,2.078172,0.9572,0.9933,0.3338,0.3338,0.3338,7.4609,108.4225,29.2711,108.4225,29.2711,0.0748,41.7772,0.9572,4.318798,2.078172,-2.8482,-0.0039,-0.2146,-0.6096
/kaggle/input/datasets/duc24kdl/sub-x-ray/sub_X-Ray/sub_NIH/00001052_002.png,,sub_NIH,00001052_002.png,ok,512x512 -> 1024x1024,2,1,4.8,41.3311,4.785977,2.187688,0.9611,0.9965,0.1448,6.7101,38.4494,9.292658,3.048386,0.9408,0.9918,0.3479,0.3479,0.3479,8.2621,117.2967,67.9725,117.2967,67.9725,0.1353,38.4494,0.9408,9.292658,3.048386,-2.8817,-0.0047,-0.2031,-1.552
/kaggle/input/datasets/duc24kdl/sub-x-ray/sub_X-Ray/sub_NIH/00001054_004.png,,sub_NIH,00001054_004.png,ok,512x512 -> 1024x1024,2,1,4.79,38.3591,9.488005,3.080261,0.9884,0.9986,0.0504,6.8416,37.0441,12.843151,3.583734,0.9815,0.9969,0.1659,0.1659,0.1659,7.8244,162.1419,55.9318,162.1419,55.9318,0.1564,37.0441,0.9815,12.843151,3.583734,-1.315,-0.0017,-0.1155,-0.9827
/kaggle/input/datasets/duc24kdl/sub-x-ray/sub_X-Ray/sub_NIH/00001055_006.png,,sub_NIH,00001055_006.png,ok,512x512 -> 1024x1024,2,1,4.8,37.0005,12.972721,3.601766,0.987,0.9985,0.0544,6.5822,35.5735,18.018849,4.244861,0.9784,0.9966,0.1649,0.1649,0.1649,7.8292,167.4782,68.4302,167.4782,68.4302,0.1382,35.5735,0.9784,18.018849,4.244861,-1.427,-0.0019,-0.1104,-1.247
/kaggle/input/datasets/duc24kdl/sub-x-ray/sub_X-Ray/sub_NIH/00001055_007.png,,sub_NIH,00001055_007.png,ok,512x512 -> 1024x1024,2,1,4.77,40.1808,6.237414,2.497481,0.9526,0.9958,0.1524,6.4811,37.6401,11.196084,3.346055,0.9294,0.9904,0.3438,0.3438,0.3438,7.4687,104.911,69.7112,104.911,69.7112,0.0939,37.6401,0.9294,11.196084,3.346055,-2.5406,-0.0054,-0.1913,-0.9876
/kaggle/input/datasets/duc24kdl/sub-x-ray/sub_X-Ray/sub_NIH/00001056_000.png,,sub_NIH,00001056_000.png,ok,512x512 -> 1024x1024,2,1,4.81,41.2051,4.926915,2.219666,0.9649,0.9968,0.1331,6.5532,39.1394,7.927622,2.815603,0.9497,0.993,0.2983,0.2983,0.2983,8.9991,129.8385,75.0544,129.8385,75.0544,0.1695,39.1394,0.9497,7.927622,2.815603,-2.0657,-0.0038,-0.1652,-2.4459
/kaggle/input/datasets/duc24kdl/sub-x-ray/sub_X-Ray/sub_NIH/00001059_001.png,,sub_NIH,00001059_001.png,ok,512x512 -> 1024x1024,2,1,4.79,35.7561,17.277263,4.156593,0.9622,0.9966,0.1413,6.4152,32.8926,33.405508,5.77975,0.9405,0.9916,0.3048,0.3048,0.3048,7.146,112.2595,68.348,112.2595,68.348,0.1958,32.8926,0.9405,33.405508,5.77975,-2.8634,-0.005,-0.1635,-0.7308
/kaggle/input/datasets/duc24kdl/sub-x-ray/sub_X-Ray/sub_NIH/00001059_004.png,,sub_NIH,00001059_004.png,ok,512x512 -> 1024x1024,2,1,4.8,41.0952,5.053159,2.247923,0.9657,0.9969,0.1228,6.2472,37.4604,11.669051,3.415999,0.9461,0.9923,0.2786,0.2786,0.2786,7.7043,101.5562,72.7211,101.5562,72.7211,0.1095,37.4604,0.9461,11.669051,3.415999,-3.6347,-0.0046,-0.1557,-1.4572
/kaggle/input/datasets/duc24kdl/sub-x-ray/sub_X-Ray/sub_NIH/00001068_003.png,,sub_NIH,00001068_003.png,ok,512x512 -> 1024x1024,2,1,4.78,40.6616,5.583658,2.362976,0.9581,0.9963,0.161,6.8388,38.779,8.613512,2.934878,0.9417,0.992,0.3515,0.3515,0.3515,8.5499,137.1833,71.9077,137.1833,71.9077,0.158,38.779,0.9417,8.613512,2.934878,-1.8826,-0.0043,-0.1904,-1.7111
/kaggle/input/datasets/duc24kdl/sub-x-ray/sub_X-Ray/sub_NIH/00001071_000.png,,sub_NIH,00001071_000.png,ok,512x512 -> 1024x1024,2,1,4.81,43.4917,2.910118,1.705907,0.9708,0.9974,0.1122,6.4112,39.6801,6.999574,2.645671,0.9551,0.9938,0.2736,0.2736,0.2736,8.1817,106.2622,68.0169,106.2622,68.0169,0.0881,39.6801,0.9551,6.999574,2.645671,-3.8116,-0.0035,-0.1613,-1.7705
/kaggle/input/datasets/duc24kdl/sub-x-ray/sub_X-Ray/sub_NIH/00001075_005.png,,sub_NIH,00001075_005.png,ok,512x512 -> 1024x1024,2,1,4.77,35.5828,17.980486,4.24034,0.9782,0.9977,0.0975,6.5033,32.4781,36.751244,6.06228,0.9609,0.9935,0.2489,0.2489,0.2489,7.6601,110.8407,67.4916,110.8407,67.4916,0.2411,32.4781,0.9609,36.751244,6.06228,-3.1047,-0.0042,-0.1514,-1.1568
/kaggle/input/datasets/duc24kdl/sub-x-ray/sub_X-Ray/sub_NIH/00001075_015.png,,sub_NIH,00001075_015.png,ok,512x512 -> 1024x1024,2,1,4.8,38.0918,10.090137,3.176498,0.9797,0.9977,0.0871,6.5339,34.0764,25.435731,5.043385,0.9644,0.9937,0.2591,0.2591,0.2591,7.2717,99.5899,48.2286,99.5899,48.2286,0.2455,34.0764,0.9644,25.435731,5.043385,-4.0155,-0.0041,-0.172,-0.7378
/kaggle/input/datasets/duc24kdl/sub-x-ray/sub_X-Ray/sub_NIH/00001075_020.png,,sub_NIH,00001075_020.png,ok,512x512 -> 1024x1024,2,1,4.81,38.3377,9.534859,3.087857,0.9774,0.9975,0.0995,6.8438,34.9494,20.803458,4.561081,0.9625,0.9936,0.2823,0.2823,0.2823,7.4317,103.1193,44.2415,103.1193,44.2415,0.2107,34.9494,0.9625,20.803458,4.561081,-3.3882,-0.0039,-0.1828,-0.5879
/kaggle/input/datasets/duc24kdl/sub-x-ray/sub_X-Ray/sub_NIH/00001075_022.png,,sub_NIH,00001075_022.png,ok,512x512 -> 1024x1024,2,1,4.82,42.7455,3.455617,1.858929,0.9692,0.9972,0.12,6.4976,40.5569,5.719948,2.391641,0.9544,0.9937,0.2702,0.2702,0.2702,7.9879,100.5176,81.2793,100.5176,81.2793,0.1343,40.5569,0.9544,5.719948,2.391641,-2.1887,-0.0035,-0.1502,-1.4903
/kaggle/input/datasets/duc24kdl/sub-x-ray/sub_X-Ray/sub_NIH/00001075_024.png,,sub_NIH,00001075_024.png,ok,512x512 -> 1024x1024,2,1,4.78,42.3543,3.781412,1.944585,0.9546,0.9958,0.1729,6.9122,39.8032,6.803878,2.608424,0.936,0.9909,0.3769,0.3769,0.3769,7.8825,125.7064,72.1604,125.7064,72.1604,0.1014,39.8032,0.936,6.803878,2.608424,-2.551,-0.0049,-0.2041,-0.9703
/kaggle/input/datasets/duc24kdl/sub-x-ray/sub_X-Ray/sub_NIH/00001075_026.png,,sub_NIH,00001075_026.png,ok,512x512 -> 1024x1024,2,1,4.78,35.7211,17.417003,4.173368,0.9731,0.9973,0.1022,6.1667,31.8946,42.035834,6.483505,0.9478,0.9914,0.2773,0.2773,0.2773,6.9093,123.7599,53.2337,123.7599,53.2337,0.2473,31.8946,0.9478,42.035834,6.483505,-3.8265,-0.0058,-0.175,-0.7426
/kaggle/input/datasets/duc24kdl/sub-x-ray/sub_X-Ray/sub_NIH/00001075_028.png,,sub_NIH,00001075_028.png,ok,512x512 -> 1024x1024,2,1,4.78,34.9442,20.828677,4.563845,0.9718,0.9972,0.0993,6.1023,31.1393,50.020245,7.072499,0.9401,0.9902,0.2771,0.2771,0.2771,6.7786,128.9967,63.3828,128.9967,63.3828,0.1932,31.1393,0.9401,50.020245,7.072499,-3.8048,-0.007,-0.1778,-0.6763
/kaggle/input/datasets/duc24kdl/sub-x-ray/sub_X-Ray/sub_NIH/00001075_030.png,,sub_NIH,00001075_030.png,ok,512x512 -> 1024x1024,2,1,4.77,35.877,16.80256,4.099093,0.972,0.9972,0.1069,6.2276,32.045,40.605371,6.372234,0.9492,0.9917,0.2944,0.2944,0.2944,6.8903,123.328,53.7921,123.328,53.7921,0.2026,32.045,0.9492,40.605371,6.372234,-3.8321,-0.0055,-0.1875,-0.6627
/kaggle/input/datasets/duc24kdl/sub-x-ray/sub_X-Ray/sub_NIH/00001075_038.png,,sub_NIH,00001075_038.png,ok,512x512 -> 1024x1024,2,1,4.83,47.2871,1.214425,1.10201,0.9866,0.9984,0.0549,7.109,42.4603,3.690234,1.920998,0.9761,0.996,0.1983,0.1983,0.1983,7.5675,168.9382,46.4381,168.9382,46.4381,0.1057,42.4603,0.9761,3.690234,1.920998,-4.8268,-0.0024,-0.1434,-0.4585
/kaggle/input/datasets/duc24kdl/sub-x-ray/sub_X-Ray/sub_NIH/00001077_002.png,,sub_NIH,00001077_002.png,ok,512x512 -> 1024x1024,2,1,4.99,38.3283,9.555336,3.091171,0.9835,0.9982,0.0633,6.4379,35.4832,18.397397,4.289219,0.9717,0.9956,0.186,0.186,0.186,8.1043,141.8684,71.6826,141.8684,71.6826,-0.0968,35.4832,0.9717,18.397397,4.289219,-2.8451,-0.0026,-0.1227,-1.6663
/kaggle/input/datasets/duc24kdl/sub-x-ray/sub_X-Ray/sub_NIH/00001078_000.png,,sub_NIH,00001078_000.png,ok,512x512 -> 1024x1024,2,1,4.77,35.1185,20.009125,4.473156,0.9673,0.9967,0.1212,6.0792,31.4819,46.22617,6.798983,0.9422,0.9902,0.3251,0.3251,0.3251,7.0838,121.8285,54.3542,121.8285,54.3542,0.2219,31.4819,0.9422,46.22617,6.798983,-3.6366,-0.0065,-0.2039,-1.0046
/kaggle/input/datasets/duc24kdl/sub-x-ray/sub_X-Ray/sub_NIH/00001078_002.png,,sub_NIH,00001078_002.png,ok,512x512 -> 1024x1024,2,1,4.78,40.8397,5.359289,2.315014,0.9552,0.996,0.156,6.5418,38.8069,8.558301,2.925457,0.935,0.991,0.364,0.364,0.364,8.1696,134.6433,65.5254,134.6433,65.5254,0.1429,38.8069,0.935,8.558301,2.925457,-2.0328,-0.005,-0.208,-1.6278
/kaggle/input/datasets/duc24kdl/sub-x-ray/sub_X-Ray/sub_NIH/00001081_002.png,,sub_NIH,00001081_002.png,ok,512x512 -> 1024x1024,2,1,4.79,41.77,4.325937,2.079889,0.9665,0.9969,0.1319,6.7208,39.0411,8.109038,2.847637,0.9505,0.9928,0.3057,0.3057,0.3057,7.6948,129.8169,65.3521,129.8169,65.3521,0.1321,39.0411,0.9505,8.109038,2.847637,-2.7289,-0.0041,-0.1738,-0.974
/kaggle/input/datasets/duc24kdl/sub-x-ray/sub_X-Ray/sub_NIH/00001082_006.png,,sub_NIH,00001082_006.png,ok,512x512 -> 1024x1024,2,1,4.78,41.4212,4.687656,2.1651,0.9578,0.9963,0.1542,6.8111,39.003,8.180523,2.860161,0.9367,0.9914,0.362,0.362,0.362,7.8282,115.9036,62.5239,115.9036,62.5239,0.1605,39.003,0.9367,8.180523,2.860161,-2.4183,-0.0049,-0.2078,-1.0171
/kaggle/input/datasets/duc24kdl/sub-x-ray/sub_X-Ray/sub_NIH/00001085_001.png,,sub_NIH,00001085_001.png,ok,512x512 -> 1024x1024,2,1,4.77,37.2212,12.329795,3.511381,0.981,0.998,0.0756,6.6323,35.4109,18.706576,4.32511,0.965,0.9943,0.2239,0.2239,0.2239,7.9459,160.0153,61.0492,160.0153,61.0492,0.1956,35.4109,0.965,18.706576,4.32511,-1.8104,-0.0036,-0.1484,-1.3135
/kaggle/input/datasets/duc24kdl/sub-x-ray/sub_X-Ray/sub_NIH/00001086_001.png,,sub_NIH,00001086_001.png,ok,512x512 -> 1024x1024,2,1,4.77,38.4223,9.350802,3.057908,0.9544,0.9959,0.1604,6.6567,36.0384,16.189634,4.023634,0.9303,0.9901,0.3564,0.3564,0.3564,7.8594,126.0271,68.8358,126.0271,68.8358,0.1555,36.0384,0.9303,16.189634,4.023634,-2.3839,-0.0058,-0.196,-1.2027
/kaggle/input/datasets/duc24kdl/sub-x-ray/sub_X-Ray/sub_NIH/00001088_006.png,,sub_NIH,00001088_006.png,ok,512x512 -> 1024x1024,2,1,4.78,37.0357,12.867849,3.587178,0.9843,0.9982,0.0689,6.5548,35.7427,17.33049,4.162991,0.9737,0.9957,0.2107,0.2107,0.2107,7.9233,168.912,57.2162,168.912,57.2162,0.1549,35.7427,0.9737,17.33049,4.162991,-1.293,-0.0025,-0.1417,-1.3685
/kaggle/input/datasets/duc24kdl/sub-x-ray/sub_X-Ray/sub_NIH/00001088_008.png,,sub_NIH,00001088_008.png,ok,512x512 -> 1024x1024,2,1,4.79,41.6728,4.423861,2.103298,0.9605,0.9965,0.1517,6.9159,38.9265,8.325911,2.885465,0.9423,0.992,0.3427,0.3427,0.3427,8.0523,135.4695,65.8411,135.4695,65.8411,0.1157,38.9265,0.9423,8.325911,2.885465,-2.7463,-0.0045,-0.191,-1.1364
/kaggle/input/datasets/duc24kdl/sub-x-ray/sub_X-Ray/sub_NIH/00001088_018.png,,sub_NIH,00001088_018.png,ok,512x512 -> 1024x1024,2,1,4.77,37.0853,12.721813,3.566765,0.9795,0.9978,0.1017,7.4694,34.666,22.206613,4.712389,0.9726,0.9954,0.2833,0.2833,0.2833,8.3436,126.1153,53.0825,126.1153,53.0825,0.1891,34.666,0.9726,22.206613,4.712389,-2.4193,-0.0024,-0.1816,-0.8742
/kaggle/input/datasets/duc24kdl/sub-x-ray/sub_X-Ray/sub_NIH/00001088_023.png,,sub_NIH,00001088_023.png,ok,512x512 -> 1024x1024,2,1,4.77,42.1336,3.978467,1.99461,0.9595,0.9964,0.154,6.6758,39.6498,7.048631,2.654926,0.9412,0.9919,0.3419,0.3419,0.3419,7.7868,137.9369,65.5266,137.9369,65.5266,0.1015,39.6498,0.9412,7.048631,2.654926,-2.4839,-0.0045,-0.1879,-1.1109
/kaggle/input/datasets/duc24kdl/sub-x-ray/sub_X-Ray/sub_NIH/00001093_001.png,,sub_NIH,00001093_001.png,ok,512x512 -> 1024x1024,2,1,4.79,41.1639,4.973804,2.230203,0.9582,0.9963,0.1365,6.2072,38.0941,10.084978,3.175685,0.9335,0.9906,0.3183,0.3183,0.3183,7.5816,103.9093,70.1945,103.9093,70.1945,0.1045,38.0941,0.9335,10.084978,3.175685,-3.0699,-0.0057,-0.1818,-1.3744
/kaggle/input/datasets/duc24kdl/sub-x-ray/sub_X-Ray/sub_NIH/00001093_002.png,,sub_NIH,00001093_002.png,ok,512x512 -> 1024x1024,2,1,4.77,41.1733,4.963115,2.227805,0.9586,0.9963,0.137,6.2342,37.962,10.396413,3.224347,0.9337,0.9905,0.3195,0.3195,0.3195,7.5426,102.3801,69.5863,102.3801,69.5863,0.108,37.962,0.9337,10.396413,3.224347,-3.2113,-0.0058,-0.1825,-1.3084
/kaggle/input/datasets/duc24kdl/sub-x-ray/sub_X-Ray/sub_NIH/00001093_004.png,,sub_NIH,00001093_004.png,ok,512x512 -> 1024x1024,2,1,4.79,44.4475,2.335249,1.528152,0.9772,0.9975,0.0845,6.9287,40.8227,5.380364,2.319561,0.9605,0.993,0.2474,0.2474,0.2474,7.3889,103.3044,38.4744,103.3044,38.4744,0.1015,40.8227,0.9605,5.380364,2.319561,-3.6248,-0.0045,-0.1629,-0.4602
/kaggle/input/datasets/duc24kdl/sub-x-ray/sub_X-Ray/sub_NIH/00001098_000.png,,sub_NIH,00001098_000.png,ok,512x512 -> 1024x1024,2,1,4.79,35.754,17.285323,4.157562,0.9816,0.9981,0.0677,6.7474,34.4557,23.30815,4.827852,0.971,0.9956,0.1884,0.1884,0.1884,7.8352,170.6423,67.4112,170.6423,67.4112,0.0022,34.4557,0.971,23.30815,4.827852,-1.2983,-0.0025,-0.1208,-1.0878
/kaggle/input/datasets/duc24kdl/sub-x-ray/sub_X-Ray/sub_NIH/00001100_001.png,,sub_NIH,00001100_001.png,ok,512x512 -> 1024x1024,2,1,4.77,41.2555,4.869993,2.206806,0.9549,0.9959,0.1604,6.6093,38.6114,8.952375,2.992052,0.9337,0.9906,0.3562,0.3562,0.3562,8.4801,136.0635,61.7179,136.0635,61.7179,0.0956,38.6114,0.9337,8.952375,2.992052,-2.6441,-0.0053,-0.1958,-1.8708
/kaggle/input/datasets/duc24kdl/sub-x-ray/sub_X-Ray/sub_NIH/00001100_002.png,,sub_NIH,00001100_002.png,ok,512x512 -> 1024x1024,2,1,4.78,35.4805,18.408854,4.290554,0.976,0.9976,0.0838,6.6973,32.7185,34.771986,5.896778,0.955,0.9928,0.2406,0.2406,0.2406,7.3195,149.2734,57.1056,149.2734,57.1056,0.1906,32.7185,0.955,34.771986,5.896778,-2.762,-0.0048,-0.1568,-0.6222
/kaggle/input/datasets/duc24kdl/sub-x-ray/sub_X-Ray/sub_NIH/00001101_002.png,,sub_NIH,00001101_002.png,ok,512x512 -> 1024x1024,2,1,4.79,37.2563,12.230629,3.497232,0.9741,0.9974,0.11,6.3112,33.8093,27.048729,5.200839,0.9511,0.9921,0.299,0.299,0.299,6.9113,115.4192,49.521,115.4192,49.521,0.1906,33.8093,0.9511,27.048729,5.200839,-3.447,-0.0054,-0.189,-0.6001
/kaggle/input/datasets/duc24kdl/sub-x-ray/sub_X-Ray/sub_NIH/00001101_009.png,,sub_NIH,00001101_009.png,ok,512x512 -> 1024x1024,2,1,4.8,38.701,8.769542,2.961341,0.9626,0.9967,0.1464,6.641,35.7186,17.426713,4.174532,0.9436,0.9925,0.3272,0.3272,0.3272,7.2813,128.222,70.7834,128.222,70.7834,0.1389,35.7186,0.9436,17.426713,4.174532,-2.9824,-0.0043,-0.1808,-0.6402
/kaggle/input/datasets/duc24kdl/sub-x-ray/sub_X-Ray/sub_NIH/00001101_012.png,,sub_NIH,00001101_012.png,ok,512x512 -> 1024x1024,2,1,4.82,35.2129,19.579055,4.424823,0.9819,0.998,0.0908,6.972,32.8058,34.08035,5.837838,0.9727,0.9954,0.27,0.27,0.27,7.3069,111.8468,53.843,111.8468,53.843,0.1688,32.8058,0.9727,34.08035,5.837838,-2.4071,-0.0026,-0.1792,-0.3349
/kaggle/input/datasets/duc24kdl/sub-x-ray/sub_X-Ray/sub_NIH/00001101_013.png,,sub_NIH,00001101_013.png,ok,512x512 -> 1024x1024,2,1,4.78,40.2596,6.125198,2.474914,0.9638,0.9968,0.1374,6.8114,37.8567,10.65156,3.263673,0.9454,0.9926,0.3151,0.3151,0.3151,7.7787,119.7412,69.6315,119.7412,69.6315,0.1274,37.8567,0.9454,10.65156,3.263673,-2.4029,-0.0042,-0.1777,-0.9673
/kaggle/input/datasets/duc24kdl/sub-x-ray/sub_X-Ray/sub_NIH/00001101_015.png,,sub_NIH,00001101_015.png,ok,512x512 -> 1024x1024,2,1,4.78,33.799,27.113376,5.207051,0.9883,0.9985,0.0555,6.8359,31.6421,44.552025,6.67473,0.9816,0.9966,0.1793,0.1793,0.1793,7.9502,166.3394,47.4427,166.3394,47.4427,0.1534,31.6421,0.9816,44.552025,6.67473,-2.1568,-0.0019,-0.1237,-1.1143
/kaggle/input/datasets/duc24kdl/sub-x-ray/sub_X-Ray/sub_NIH/00001101_018.png,,sub_NIH,00001101_018.png,ok,512x512 -> 1024x1024,2,1,4.78,35.1517,19.856731,4.456089,0.9622,0.9964,0.1443,6.739,31.9567,41.43956,6.437357,0.9411,0.9911,0.3386,0.3386,0.3386,6.8633,130.6148,61.0067,130.6148,61.0067,0.2098,31.9567,0.9411,41.43956,6.437357,-3.1951,-0.0053,-0.1944,-0.1243
/kaggle/input/datasets/duc24kdl/sub-x-ray/sub_X-Ray/sub_NIH/00001103_003.png,,sub_NIH,00001103_003.png,ok,512x512 -> 1024x1024,2,1,4.77,42.4209,3.723865,1.929732,0.961,0.9965,0.1332,6.5109,38.7992,8.573546,2.928062,0.9407,0.9916,0.3163,0.3163,0.3163,8.117,115.303,65.122,115.303,65.122,0.086,38.7992,0.9407,8.573546,2.928062,-3.6217,-0.0049,-0.183,-1.6062
/kaggle/input/datasets/duc24kdl/sub-x-ray/sub_X-Ray/sub_NIH/00001104_000.png,,sub_NIH,00001104_000.png,ok,512x512 -> 1024x1024,2,1,4.8,37.8657,10.62945,3.260284,0.9817,0.9981,0.0728,6.6535,36.0142,16.280192,4.034872,0.9665,0.9947,0.2119,0.2119,0.2119,8.0273,161.0205,60.3632,161.0205,60.3632,0.2455,36.0142,0.9665,16.280192,4.034872,-1.8515,-0.0034,-0.1391,-1.3738
/kaggle/input/datasets/duc24kdl/sub-x-ray/sub_X-Ray/sub_NIH/00001104_016.png,,sub_NIH,00001104_016.png,ok,512x512 -> 1024x1024,2,1,4.79,42.2046,3.913989,1.97838,0.9635,0.9967,0.1317,6.266,38.6403,8.892963,2.982107,0.9436,0.9922,0.3028,0.3028,0.3028,7.8021,118.392,72.3329,118.392,72.3329,0.099,38.6403,0.9436,8.892963,2.982107,-3.5643,-0.0046,-0.1711,-1.5361
/kaggle/input/datasets/duc24kdl/sub-x-ray/sub_X-Ray/sub_NIH/00001104_020.png,,sub_NIH,00001104_020.png,ok,512x512 -> 1024x1024,2,1,4.8,42.582,3.588203,1.894255,0.9666,0.997,0.122,5.982,39.5526,7.208159,2.684802,0.9472,0.9926,0.2866,0.2866,0.2866,7.8943,120.0618,69.442,120.0618,69.442,0.1062,39.5526,0.9472,7.208159,2.684802,-3.0295,-0.0044,-0.1646,-1.9123
/kaggle/input/datasets/duc24kdl/sub-x-ray/sub_X-Ray/sub_NIH/00001104_021.png,,sub_NIH,00001104_021.png,ok,512x512 -> 1024x1024,2,1,4.79,42.5699,3.598239,1.896902,0.9682,0.9971,0.1205,6.2842,39.5982,7.132767,2.670724,0.9511,0.9931,0.2868,0.2868,0.2868,8.5948,112.2597,69.6596,112.2597,69.6596,0.1183,39.5982,0.9511,7.132767,2.670724,-2.9717,-0.004,-0.1664,-2.3106
/kaggle/input/datasets/duc24kdl/sub-x-ray/sub_X-Ray/sub_NIH/00001107_004.png,,sub_NIH,00001107_004.png,ok,512x512 -> 1024x1024,2,1,4.79,41.4907,4.613261,2.14785,0.9613,0.9965,0.1475,6.4906,38.7221,8.727102,2.954167,0.9423,0.9919,0.3431,0.3431,0.3431,8.2603,138.8593,64.6446,138.8593,64.6446,0.1154,38.7221,0.9423,8.727102,2.954167,-2.7686,-0.0046,-0.1956,-1.7697
/kaggle/input/datasets/duc24kdl/sub-x-ray/sub_X-Ray/sub_NIH/00001107_007.png,,sub_NIH,00001107_007.png,ok,512x512 -> 1024x1024,2,1,4.79,41.3816,4.730648,2.175005,0.9597,0.9964,0.1471,6.5164,39.0638,8.066725,2.840198,0.939,0.9915,0.3432,0.3432,0.3432,7.6824,126.5424,67.5412,126.5424,67.5412,0.1316,39.0638,0.939,8.066725,2.840198,-2.3178,-0.0049,-0.1961,-1.166
/kaggle/input/datasets/duc24kdl/sub-x-ray/sub_X-Ray/sub_NIH/00001107_008.png,,sub_NIH,00001107_008.png,ok,512x512 -> 1024x1024,2,1,4.79,36.913,13.236791,3.63824,0.9874,0.9984,0.0567,7.8518,33.7033,27.717352,5.264727,0.9831,0.9972,0.2116,0.2116,0.2116,8.8915,156.9587,39.7195,156.9587,39.7195,0.3524,33.7033,0.9831,27.717352,5.264727,-3.2097,-0.0012,-0.1548,-1.0398
/kaggle/input/datasets/duc24kdl/sub-x-ray/sub_X-Ray/sub_NIH/00001107_010.png,,sub_NIH,00001107_010.png,ok,512x512 -> 1024x1024,2,1,4.81,36.5352,14.439859,3.799981,0.9812,0.9979,0.0964,7.2813,33.6125,28.303098,5.320066,0.972,0.9954,0.2833,0.2833,0.2833,7.9417,111.3116,50.3763,111.3116,50.3763,0.1705,33.6125,0.972,28.303098,5.320066,-2.9227,-0.0026,-0.1869,-0.6603
/kaggle/input/datasets/duc24kdl/sub-x-ray/sub_X-Ray/sub_NIH/00001108_001.png,,sub_NIH,00001108_001.png,ok,512x512 -> 1024x1024,2,1,4.78,44.1621,2.493826,1.579185,0.97,0.997,0.1259,7.059,40.9504,5.224393,2.285693,0.9561,0.9932,0.3449,0.3449,0.3449,7.6943,107.8148,27.715,107.8148,27.715,0.0792,40.9504,0.9561,5.224393,2.285693,-3.2117,-0.0038,-0.219,-0.6353
/kaggle/input/datasets/duc24kdl/sub-x-ray/sub_X-Ray/sub_NIH/00001108_002.png,,sub_NIH,00001108_002.png,ok,512x512 -> 1024x1024,2,1,4.82,44.593,2.258313,1.502769,0.9754,0.9974,0.1026,7.1843,42.0644,4.042365,2.010563,0.963,0.994,0.296,0.296,0.296,8.0664,109.9655,31.6821,109.9655,31.6821,0.1344,42.0644,0.963,4.042365,2.010563,-2.5285,-0.0035,-0.1934,-0.8822
/kaggle/input/datasets/duc24kdl/sub-x-ray/sub_X-Ray/sub_NIH/00001108_003.png,,sub_NIH,00001108_003.png,ok,512x512 -> 1024x1024,2,1,4.78,36.4796,14.62589,3.824381,0.9822,0.998,0.0943,7.0569,33.3295,30.208691,5.496243,0.973,0.9953,0.2934,0.2934,0.2934,7.9304,102.0474,42.5271,102.0474,42.5271,0.1781,33.3295,0.973,30.208691,5.496243,-3.1501,-0.0027,-0.1991,-0.8735
/kaggle/input/datasets/duc24kdl/sub-x-ray/sub_X-Ray/sub_NIH/00001111_000.png,,sub_NIH,00001111_000.png,ok,512x512 -> 1024x1024,2,1,4.78,42.1494,3.964039,1.990989,0.9624,0.9966,0.1356,6.3529,39.5136,7.27312,2.696872,0.9448,0.9925,0.3161,0.3161,0.3161,8.0278,115.9855,72.7201,115.9855,72.7201,0.1188,39.5136,0.9448,7.27312,2.696872,-2.6358,-0.0041,-0.1805,-1.6749
/kaggle/input/datasets/duc24kdl/sub-x-ray/sub_X-Ray/sub_NIH/00001114_000.png,,sub_NIH,00001114_000.png,ok,512x512 -> 1024x1024,2,1,4.77,45.8842,1.677497,1.295182,0.9833,0.9981,0.0687,6.996,41.4506,4.656086,2.157796,0.9677,0.9945,0.2319,0.2319,0.2319,7.7216,171.9754,41.2905,171.9754,41.2905,0.0672,41.4506,0.9677,4.656086,2.157796,-4.4336,-0.0036,-0.1632,-0.7255
/kaggle/input/datasets/duc24kdl/sub-x-ray/sub_X-Ray/sub_NIH/00001117_000.png,,sub_NIH,00001117_000.png,ok,512x512 -> 1024x1024,2,1,4.78,42.8931,3.340151,1.827608,0.9643,0.9967,0.1284,6.2529,39.8708,6.698846,2.588213,0.9449,0.9922,0.3056,0.3056,0.3056,7.5946,119.6261,69.3064,119.6261,69.3064,0.0845,39.8708,0.9449,6.698846,2.588213,-3.0223,-0.0045,-0.1772,-1.3417
/kaggle/input/datasets/duc24kdl/sub-x-ray/sub_X-Ray/sub_NIH/00001120_001.png,,sub_NIH,00001120_001.png,ok,512x512 -> 1024x1024,2,1,4.78,41.3467,4.768806,2.18376,0.9598,0.9964,0.1481,6.8717,38.3657,9.473606,3.077922,0.9379,0.9914,0.3491,0.3491,0.3491,7.8269,116.8443,60.3579,116.8443,60.3579,0.0953,38.3657,0.9379,9.473606,3.077922,-2.9811,-0.0051,-0.201,-0.9552
/kaggle/input/datasets/duc24kdl/sub-x-ray/sub_X-Ray/sub_NIH/00001120_002.png,,sub_NIH,00001120_002.png,ok,512x512 -> 1024x1024,2,1,4.79,41.9892,4.113034,2.028062,0.9634,0.9967,0.1362,6.3621,39.0933,8.012097,2.830565,0.9438,0.9922,0.3268,0.3268,0.3268,7.7708,121.5219,64.8711,121.5219,64.8711,0.1223,39.0933,0.9438,8.012097,2.830565,-2.8958,-0.0046,-0.1906,-1.4087
/kaggle/input/datasets/duc24kdl/sub-x-ray/sub_X-Ray/sub_NIH/00001122_003.png,,sub_NIH,00001122_003.png,ok,512x512 -> 1024x1024,2,1,4.8,42.0264,4.077917,2.019385,0.9617,0.9966,0.1372,6.1184,39.7222,6.93202,2.632873,0.9448,0.9925,0.3163,0.3163,0.3163,8.3046,114.9997,72.7899,114.9997,72.7899,0.1257,39.7222,0.9448,6.93202,2.632873,-2.3042,-0.0041,-0.179,-2.1862
/kaggle/input/datasets/duc24kdl/sub-x-ray/sub_X-Ray/sub_NIH/00001122_005.png,,sub_NIH,00001122_005.png,ok,512x512 -> 1024x1024,2,1,4.78,37.3064,12.090377,3.477122,0.9844,0.9981,0.0713,7.6422,34.6182,22.452444,4.738401,0.978,0.9961,0.2276,0.2276,0.2276,7.9345,111.5027,49.5991,111.5027,49.5991,0.1668,34.6182,0.978,22.452444,4.738401,-2.6882,-0.0021,-0.1563,-0.2923
/kaggle/input/datasets/duc24kdl/sub-x-ray/sub_X-Ray/sub_NIH/00001122_006.png,,sub_NIH,00001122_006.png,ok,512x512 -> 1024x1024,2,1,4.9,37.0692,12.769049,3.573381,0.9826,0.9981,0.0821,7.5151,34.2228,24.592504,4.959083,0.9757,0.996,0.2413,0.2413,0.2413,8.6724,108.6308,63.4708,108.6308,63.4708,0.1812,34.2228,0.9757,24.592504,4.959083,-2.8464,-0.002,-0.1592,-1.1573
/kaggle/input/datasets/duc24kdl/sub-x-ray/sub_X-Ray/sub_NIH/00001128_000.png,,sub_NIH,00001128_000.png,ok,512x512 -> 1024x1024,2,1,4.81,39.4286,7.416878,2.723395,0.9866,0.9984,0.0623,6.9994,37.2058,12.373852,3.517649,0.9768,0.9961,0.209,0.209,0.209,7.3402,145.1883,52.7044,145.1883,52.7044,0.1124,37.2058,0.9768,12.373852,3.517649,-2.2228,-0.0023,-0.1468,-0.3408
/kaggle/input/datasets/duc24kdl/sub-x-ray/sub_X-Ray/sub_NIH/00001129_000.png,,sub_NIH,00001129_000.png,ok,512x512 -> 1024x1024,2,1,4.81,44.7551,2.175569,1.474981,0.9788,0.9977,0.0825,7.4643,42.1537,3.960094,1.989999,0.9672,0.9947,0.2424,0.2424,0.2424,7.964,100.1778,43.3557,100.1778,43.3557,0.061,42.1537,0.9672,3.960094,1.989999,-2.6013,-0.003,-0.1598,-0.4996
/kaggle/input/datasets/duc24kdl/sub-x-ray/sub_X-Ray/sub_NIH/00001131_000.png,,sub_NIH,00001131_000.png,ok,512x512 -> 1024x1024,2,1,4.79,42.4242,3.721018,1.928994,0.9642,0.9968,0.1441,6.7099,39.4092,7.450006,2.72947,0.9479,0.9929,0.3316,0.3316,0.3316,8.2044,132.2838,69.9778,132.2838,69.9778,0.1017,39.4092,0.9479,7.450006,2.72947,-3.0149,-0.0039,-0.1875,-1.4944
/kaggle/input/datasets/duc24kdl/sub-x-ray/sub_X-Ray/sub_NIH/00001133_000.png,,sub_NIH,00001133_000.png,ok,512x512 -> 1024x1024,2,1,4.78,35.7808,17.178962,4.144751,0.9857,0.9984,0.0569,6.3946,34.0897,25.357468,5.03562,0.9734,0.9956,0.1926,0.1926,0.1926,7.6641,157.3291,64.3478,157.3291,64.3478,0.1682,34.0897,0.9734,25.357468,5.03562,-1.6911,-0.0027,-0.1357,-1.2695
/kaggle/input/datasets/duc24kdl/sub-x-ray/sub_X-Ray/sub_NIH/00001136_002.png,,sub_NIH,00001136_002.png,ok,512x512 -> 1024x1024,2,1,4.8,39.2932,7.651776,2.766184,0.9881,0.9985,0.0486,7.243,37.2705,12.190762,3.491527,0.9796,0.9968,0.1621,0.1621,0.1621,7.8223,141.4439,72.4072,141.4439,72.4072,0.2916,37.2705,0.9796,12.190762,3.491527,-2.0227,-0.0018,-0.1135,-0.5793
/kaggle/input/datasets/duc24kdl/sub-x-ray/sub_X-Ray/sub_NIH/00001137_001.png,,sub_NIH,00001137_001.png,ok,512x512 -> 1024x1024,2,1,4.8,39.1845,7.845622,2.801004,0.9858,0.9984,0.0513,6.7176,37.2622,12.214032,3.494858,0.9739,0.9958,0.1714,0.1714,0.1714,7.4967,150.5515,63.9422,150.5515,63.9422,0.138,37.2622,0.9739,12.214032,3.494858,-1.9223,-0.0025,-0.1201,-0.7791
/kaggle/input/datasets/duc24kdl/sub-x-ray/sub_X-Ray/sub_NIH/00001139_000.png,,sub_NIH,00001139_000.png,ok,512x512 -> 1024x1024,2,1,4.81,43.031,3.235815,1.798837,0.9823,0.9981,0.0699,6.5697,39.0776,8.041234,2.835707,0.9671,0.9947,0.2333,0.2333,0.2333,7.7747,161.9221,56.3394,161.9221,56.3394,-0.0164,39.0776,0.9671,8.041234,2.835707,-3.9534,-0.0034,-0.1635,-1.2051
/kaggle/input/datasets/duc24kdl/sub-x-ray/sub_X-Ray/sub_NIH/00001143_000.png,,sub_NIH,00001143_000.png,ok,512x512 -> 1024x1024,2,1,4.8,43.6216,2.824383,1.68059,0.976,0.9975,0.1036,6.9864,38.9701,8.24266,2.871003,0.9595,0.9934,0.2862,0.2862,0.2862,7.6565,140.9763,57.9697,140.9763,57.9697,0.3083,38.9701,0.9595,8.24266,2.871003,-4.6514,-0.0041,-0.1826,-0.6701
/kaggle/input/datasets/duc24kdl/sub-x-ray/sub_X-Ray/sub_NIH/00001144_000.png,,sub_NIH,00001144_000.png,ok,512x512 -> 1024x1024,2,1,4.81,33.8482,26.807678,5.177613,0.9838,0.9982,0.0707,6.3771,32.0655,40.414276,6.357222,0.9696,0.995,0.2049,0.2049,0.2049,8.0109,179.1075,55.6141,179.1075,55.6141,0.3212,32.0655,0.9696,40.414276,6.357222,-1.7828,-0.0032,-0.1342,-1.6338
/kaggle/input/datasets/duc24kdl/sub-x-ray/sub_X-Ray/sub_NIH/00001146_000.png,,sub_NIH,00001146_000.png,ok,512x512 -> 1024x1024,2,1,4.79,43.0608,3.213667,1.79267,0.9815,0.998,0.0782,6.9213,39.5035,7.290124,2.700023,0.9646,0.9942,0.2515,0.2515,0.2515,7.6151,172.8825,41.5547,172.8825,41.5547,-0.034,39.5035,0.9646,7.290124,2.700023,-3.5573,-0.0038,-0.1733,-0.6938
/kaggle/input/datasets/duc24kdl/sub-x-ray/sub_X-Ray/sub_NIH/00001148_002.png,,sub_NIH,00001148_002.png,ok,512x512 -> 1024x1024,2,1,4.8,38.7423,8.686653,2.947313,0.9857,0.9984,0.0658,7.0029,36.6693,14.000585,3.741736,0.9746,0.996,0.2015,0.2015,0.2015,7.5758,153.6301,60.3187,153.6301,60.3187,0.3375,36.6693,0.9746,14.000585,3.741736,-2.0729,-0.0023,-0.1356,-0.5729
/kaggle/input/datasets/duc24kdl/sub-x-ray/sub_X-Ray/sub_NIH/00001148_004.png,,sub_NIH,00001148_004.png,ok,512x512 -> 1024x1024,2,1,4.8,40.991,5.175878,2.275056,0.9569,0.9962,0.1579,6.6509,37.9171,10.504341,3.24104,0.9358,0.9913,0.3594,0.3594,0.3594,8.4793,113.6226,67.4473,113.6226,67.4473,0.1084,37.9171,0.9358,10.504341,3.24104,-3.0738,-0.0049,-0.2014,-1.8285
/kaggle/input/datasets/duc24kdl/sub-x-ray/sub_X-Ray/sub_NIH/00001149_001.png,,sub_NIH,00001149_001.png,ok,512x512 -> 1024x1024,2,1,4.79,44.0628,2.551542,1.597355,0.9846,0.9983,0.0658,6.8119,40.5136,5.777297,2.403601,0.9711,0.9953,0.2312,0.2312,0.2312,7.8934,153.3997,51.2672,153.3997,51.2672,-0.0189,40.5136,0.9711,5.777297,2.403601,-3.5492,-0.003,-0.1653,-1.0815
/kaggle/input/datasets/duc24kdl/sub-x-ray/sub_X-Ray/sub_NIH/00001151_003.png,,sub_NIH,00001151_003.png,ok,512x512 -> 1024x1024,2,1,4.79,37.0582,12.801364,3.577899,0.984,0.998,0.085,6.9355,34.5395,22.862983,4.781525,0.9763,0.9954,0.2667,0.2667,0.2667,8.2299,116.5406,40.4889,116.5406,40.4889,0.1824,34.5395,0.9763,22.862983,4.781525,-2.5188,-0.0026,-0.1816,-1.2945
/kaggle/input/datasets/duc24kdl/sub-x-ray/sub_X-Ray/sub_NIH/00001151_006.png,,sub_NIH,00001151_006.png,ok,512x512 -> 1024x1024,2,1,4.84,37.652,11.16564,3.341503,0.9826,0.998,0.0822,7.1727,34.8039,21.512569,4.638164,0.9744,0.9957,0.2581,0.2581,0.2581,7.7082,113.1976,53.9765,113.1976,53.9765,0.1778,34.8039,0.9744,21.512569,4.638164,-2.8481,-0.0023,-0.176,-0.5355
/kaggle/input/datasets/duc24kdl/sub-x-ray/sub_X-Ray/sub_NIH/00001153_002.png,,sub_NIH,00001153_002.png,ok,512x512 -> 1024x1024,2,1,4.8,37.6277,11.228274,3.350862,0.9806,0.998,0.0808,7.1963,35.8287,16.990706,4.121978,0.9678,0.995,0.2211,0.2211,0.2211,7.939,148.9904,72.1263,148.9904,72.1263,0.1537,35.8287,0.9678,16.990706,4.121978,-1.799,-0.003,-0.1403,-0.7427
/kaggle/input/datasets/duc24kdl/sub-x-ray/sub_X-Ray/sub_NIH/00001154_002.png,,sub_NIH,00001154_002.png,ok,512x512 -> 1024x1024,2,1,4.79,36.9342,13.172203,3.629353,0.9835,0.9982,0.0637,6.6223,35.2182,19.555125,4.422118,0.9703,0.9952,0.197,0.197,0.197,7.6652,154.1573,66.8864,154.1573,66.8864,0.1533,35.2182,0.9703,19.555125,4.422118,-1.716,-0.003,-0.1332,-1.0429
/kaggle/input/datasets/duc24kdl/sub-x-ray/sub_X-Ray/sub_NIH/00001154_003.png,,sub_NIH,00001154_003.png,ok,512x512 -> 1024x1024,2,1,4.8,41.4756,4.629401,2.151604,0.9686,0.997,0.1195,6.6971,39.1951,7.826537,2.797595,0.9544,0.9935,0.2804,0.2804,0.2804,8.1397,133.2872,66.2248,133.2872,66.2248,0.1788,39.1951,0.9544,7.826537,2.797595,-2.2804,-0.0036,-0.1609,-1.4426
/kaggle/input/datasets/duc24kdl/sub-x-ray/sub_X-Ray/sub_NIH/00001154_006.png,,sub_NIH,00001154_006.png,ok,512x512 -> 1024x1024,2,1,4.82,36.5645,14.342626,3.787166,0.9777,0.9978,0.0829,6.5708,34.3054,24.129088,4.912137,0.9615,0.994,0.2181,0.2181,0.2181,7.7245,136.5845,72.3191,136.5845,72.3191,0.038,34.3054,0.9615,24.129088,4.912137,-2.2591,-0.0037,-0.1352,-1.1538
/kaggle/input/datasets/duc24kdl/sub-x-ray/sub_X-Ray/sub_NIH/00001157_002.png,,sub_NIH,00001157_002.png,ok,512x512 -> 1024x1024,2,1,4.78,36.83,13.492084,3.673157,0.9899,0.9986,0.0523,7.9999,34.8732,21.171885,4.601292,0.9852,0.9973,0.1908,0.1908,0.1908,9.2867,158.9224,53.0157,158.9224,53.0157,0.2013,34.8732,0.9852,21.171885,4.601292,-1.9568,-0.0013,-0.1386,-1.2868
/kaggle/input/datasets/duc24kdl/sub-x-ray/sub_X-Ray/sub_NIH/00001159_000.png,,sub_NIH,00001159_000.png,ok,512x512 -> 1024x1024,2,1,4.78,41.7505,4.345402,2.084563,0.9647,0.9968,0.1264,6.1041,38.3388,9.53241,3.08746,0.9452,0.9923,0.3053,0.3053,0.3053,7.7638,127.2782,65.9959,127.2782,65.9959,0.114,38.3388,0.9452,9.53241,3.08746,-3.4117,-0.0045,-0.1789,-1.6597
/kaggle/input/datasets/duc24kdl/sub-x-ray/sub_X-Ray/sub_NIH/00001166_000.png,,sub_NIH,00001166_000.png,ok,512x512 -> 1024x1024,2,1,4.79,45.4918,1.836134,1.35504,0.979,0.9977,0.0858,7.286,42.6904,3.499752,1.870762,0.9685,0.995,0.2653,0.2653,0.2653,8.0178,105.3407,37.222,105.3407,37.222,0.0811,42.6904,0.9685,3.499752,1.870762,-2.8013,-0.0028,-0.1795,-0.7317
/kaggle/input/datasets/duc24kdl/sub-x-ray/sub_X-Ray/sub_NIH/00001167_000.png,,sub_NIH,00001167_000.png,ok,512x512 -> 1024x1024,2,1,4.81,41.2851,4.836971,2.199312,0.9643,0.9969,0.1202,6.2882,37.9894,10.330864,3.214166,0.9427,0.9923,0.2823,0.2823,0.2823,7.9605,102.8351,62.9675,102.8351,62.9675,0.1164,37.9894,0.9427,10.330864,3.214166,-3.2956,-0.0046,-0.1621,-1.6722
/kaggle/input/datasets/duc24kdl/sub-x-ray/sub_X-Ray/sub_NIH/00001170_003.png,,sub_NIH,00001170_003.png,ok,512x512 -> 1024x1024,2,1,4.78,44.6965,2.205113,1.484962,0.9849,0.9983,0.0635,6.8128,40.2177,6.184513,2.486868,0.9718,0.9955,0.2184,0.2184,0.2184,7.6938,156.5726,59.2585,156.5726,59.2585,0.0654,40.2177,0.9718,6.184513,2.486868,-4.4787,-0.0028,-0.1549,-0.881
/kaggle/input/datasets/duc24kdl/sub-x-ray/sub_X-Ray/sub_NIH/00001170_024.png,,sub_NIH,00001170_024.png,ok,512x512 -> 1024x1024,2,1,4.79,39.1905,7.834881,2.799086,0.9885,0.9986,0.0519,7.7409,37.5192,11.512313,3.39298,0.9814,0.9971,0.1767,0.1767,0.1767,8.406,145.7794,58.0702,145.7794,58.0702,0.16,37.5192,0.9814,11.512313,3.39298,-1.6713,-0.0015,-0.1248,-0.6651
/kaggle/input/datasets/duc24kdl/sub-x-ray/sub_X-Ray/sub_NIH/00001170_025.png,,sub_NIH,00001170_025.png,ok,512x512 -> 1024x1024,2,1,4.79,38.5714,9.035325,3.005882,0.9864,0.9984,0.0646,7.78,36.7525,13.735201,3.706103,0.9789,0.9968,0.184,0.184,0.184,8.3748,145.7998,66.2952,145.7998,66.2952,0.1768,36.7525,0.9789,13.735201,3.706103,-1.8189,-0.0016,-0.1194,-0.5948
/kaggle/input/datasets/duc24kdl/sub-x-ray/sub_X-Ray/sub_NIH/00001170_026.png,,sub_NIH,00001170_026.png,ok,512x512 -> 1024x1024,2,1,4.81,38.9436,8.293126,2.879779,0.9882,0.9985,0.0563,7.4586,37.1187,12.624422,3.553086,0.9803,0.9969,0.1855,0.1855,0.1855,7.6624,148.709,58.4133,148.709,58.4133,0.1383,37.1187,0.9803,12.624422,3.553086,-1.8249,-0.0017,-0.1292,-0.2037
/kaggle/input/datasets/duc24kdl/sub-x-ray/sub_X-Ray/sub_NIH/00001170_032.png,,sub_NIH,00001170_032.png,ok,512x512 -> 1024x1024,2,1,4.79,37.937,10.456401,3.233636,0.9865,0.9984,0.0573,6.4089,35.89,16.752566,4.09299,0.9734,0.9957,0.1867,0.1867,0.1867,7.5849,156.4036,57.038,156.4036,57.038,0.3014,35.89,0.9734,16.752566,4.09299,-2.047,-0.0027,-0.1294,-1.176
/kaggle/input/datasets/duc24kdl/sub-x-ray/sub_X-Ray/sub_NIH/00001170_034.png,,sub_NIH,00001170_034.png,ok,512x512 -> 1024x1024,2,1,4.8,38.1109,10.046039,3.169549,0.9826,0.9981,0.0727,6.579,36.147,15.790035,3.973668,0.968,0.995,0.2112,0.2112,0.2112,7.5754,158.9395,64.1227,158.9395,64.1227,0.1329,36.147,0.968,15.790035,3.973668,-1.9639,-0.0032,-0.1385,-0.9964
/kaggle/input/datasets/duc24kdl/sub-x-ray/sub_X-Ray/sub_NIH/00001170_038.png,,sub_NIH,00001170_038.png,ok,512x512 -> 1024x1024,2,1,4.79,37.552,11.425712,3.380194,0.9805,0.9981,0.071,6.5912,35.5432,18.145196,4.259718,0.9657,0.9949,0.1964,0.1964,0.1964,7.8086,155.3387,64.1615,155.3387,64.1615,-0.0287,35.5432,0.9657,18.145196,4.259718,-2.0088,-0.0031,-0.1255,-1.2174
/kaggle/input/datasets/duc24kdl/sub-x-ray/sub_X-Ray/sub_NIH/00001170_041.png,,sub_NIH,00001170_041.png,ok,512x512 -> 1024x1024,2,1,4.77,38.0511,10.185146,3.191418,0.9879,0.9985,0.0637,7.0594,36.3289,15.142188,3.891296,0.9811,0.9972,0.1793,0.1793,0.1793,7.8416,139.6314,68.5235,139.6314,68.5235,0.1271,36.3289,0.9811,15.142188,3.891296,-1.7222,-0.0014,-0.1155,-0.7821
/kaggle/input/datasets/duc24kdl/sub-x-ray/sub_X-Ray/sub_NIH/00001170_050.png,,sub_NIH,00001170_050.png,ok,512x512 -> 1024x1024,2,1,4.78,43.2754,3.058717,1.748919,0.9721,0.9974,0.1021,6.1529,39.7489,6.889593,2.624803,0.9544,0.9934,0.2502,0.2502,0.2502,7.7841,79.5162,54.5566,79.5162,54.5566,0.0969,39.7489,0.9544,6.889593,2.624803,-3.5265,-0.004,-0.148,-1.6313
/kaggle/input/datasets/duc24kdl/sub-x-ray/sub_X-Ray/sub_NIH/00001174_000.png,,sub_NIH,00001174_000.png,ok,512x512 -> 1024x1024,2,1,4.79,41.2583,4.86684,2.206092,0.9589,0.9963,0.1449,6.4396,37.7388,10.944669,3.308273,0.9359,0.991,0.3275,0.3275,0.3275,8.0949,116.8949,64.9667,116.8949,64.9667,0.1107,37.7388,0.9359,10.944669,3.308273,-3.5196,-0.0053,-0.1826,-1.6554
/kaggle/input/datasets/duc24kdl/sub-x-ray/sub_X-Ray/sub_NIH/00001177_000.png,,sub_NIH,00001177_000.png,ok,512x512 -> 1024x1024,2,1,4.78,41.5542,4.546311,2.132208,0.9586,0.9963,0.1571,6.8759,38.9094,8.358764,2.891153,0.9403,0.9918,0.3659,0.3659,0.3659,8.094,141.5359,57.6619,141.5359,57.6619,0.1078,38.9094,0.9403,8.358764,2.891153,-2.6448,-0.0045,-0.2088,-1.2181
/kaggle/input/datasets/duc24kdl/sub-x-ray/sub_X-Ray/sub_NIH/00001182_010.png,,sub_NIH,00001182_010.png,ok,512x512 -> 1024x1024,2,1,4.81,35.9448,16.542581,4.067257,0.9856,0.9984,0.068,6.6735,34.3041,24.136275,4.912868,0.9758,0.9964,0.1801,0.1801,0.1801,7.7764,172.0671,63.2379,172.0671,63.2379,-0.0828,34.3041,0.9758,24.136275,4.912868,-1.6407,-0.002,-0.1121,-1.1029
/kaggle/input/datasets/duc24kdl/sub-x-ray/sub_X-Ray/sub_NIH/00001184_000.png,,sub_NIH,00001184_000.png,ok,512x512 -> 1024x1024,2,1,4.79,41.9842,4.117731,2.029219,0.9589,0.9963,0.1428,6.7382,38.6015,8.972893,2.995479,0.9381,0.9914,0.3347,0.3347,0.3347,8.2823,120.1135,65.9097,120.1135,65.9097,0.0743,38.6015,0.9381,8.972893,2.995479,-3.3827,-0.005,-0.1919,-1.5441
/kaggle/input/datasets/duc24kdl/sub-x-ray/sub_X-Ray/sub_NIH/00001186_000.png,,sub_NIH,00001186_000.png,ok,512x512 -> 1024x1024,2,1,4.8,37.8349,10.705144,3.271872,0.9885,0.9985,0.0522,6.8545,36.4718,14.652041,3.827798,0.9818,0.9971,0.1704,0.1704,0.1704,7.3368,156.7125,49.7304,156.7125,49.7304,0.1381,36.4718,0.9818,14.652041,3.827798,-1.3631,-0.0015,-0.1182,-0.4823
/kaggle/input/datasets/duc24kdl/sub-x-ray/sub_X-Ray/sub_NIH/00001187_001.png,,sub_NIH,00001187_001.png,ok,512x512 -> 1024x1024,2,1,4.78,37.7891,10.818505,3.28915,0.9848,0.9983,0.0606,6.7028,36.255,15.402158,3.924558,0.9749,0.996,0.1938,0.1938,0.1938,7.7726,157.3097,69.2593,157.3097,69.2593,0.1423,36.255,0.9749,15.402158,3.924558,-1.5341,-0.0023,-0.1332,-1.0698
/kaggle/input/datasets/duc24kdl/sub-x-ray/sub_X-Ray/sub_NIH/00001187_002.png,,sub_NIH,00001187_002.png,ok,512x512 -> 1024x1024,2,1,4.78,38.0107,10.280371,3.206302,0.9839,0.9982,0.063,6.9013,36.2691,15.352353,3.918208,0.9727,0.9957,0.1956,0.1956,0.1956,7.361,167.7376,62.859,167.7376,62.859,0.1365,36.2691,0.9727,15.352353,3.918208,-1.7417,-0.0025,-0.1326,-0.4596
/kaggle/input/datasets/duc24kdl/sub-x-ray/sub_X-Ray/sub_NIH/00001188_000.png,,sub_NIH,00001188_000.png,ok,512x512 -> 1024x1024,2,1,4.82,41.0813,5.069299,2.25151,0.956,0.996,0.1653,7.0761,38.3822,9.437518,3.072054,0.9383,0.9915,0.3817,0.3817,0.3817,8.3065,131.1884,65.5865,131.1884,65.5865,0.1387,38.3822,0.9383,9.437518,3.072054,-2.6991,-0.0046,-0.2163,-1.2304
/kaggle/input/datasets/duc24kdl/sub-x-ray/sub_X-Ray/sub_NIH/00001194_001.png,,sub_NIH,00001194_001.png,ok,512x512 -> 1024x1024,2,1,4.8,38.4942,9.197396,3.032721,0.988,0.9985,0.0569,7.1231,36.6635,14.019378,3.744246,0.9814,0.997,0.1906,0.1906,0.1906,8.1041,150.2273,50.5619,150.2273,50.5619,0.147,36.6635,0.9814,14.019378,3.744246,-1.8306,-0.0015,-0.1336,-0.981
/kaggle/input/datasets/duc24kdl/sub-x-ray/sub_X-Ray/sub_NIH/00001194_004.png,,sub_NIH,00001194_004.png,ok,512x512 -> 1024x1024,2,1,4.81,42.4808,3.672797,1.916454,0.9685,0.9971,0.1076,6.4465,38.6483,8.876698,2.979379,0.9503,0.9929,0.2557,0.2557,0.2557,8.0673,91.088,66.3305,91.088,66.3305,0.0789,38.6483,0.9503,8.876698,2.979379,-3.8325,-0.0042,-0.1481,-1.6208
/kaggle/input/datasets/duc24kdl/sub-x-ray/sub_X-Ray/sub_NIH/00001195_000.png,,sub_NIH,00001195_000.png,ok,512x512 -> 1024x1024,2,1,4.81,41.2301,4.898593,2.213277,0.961,0.9965,0.1432,6.4014,38.798,8.575819,2.92845,0.9425,0.9923,0.343,0.343,0.343,8.3218,125.0578,63.8859,125.0578,63.8859,0.131,38.798,0.9425,8.575819,2.92845,-2.432,-0.0043,-0.1998,-1.9203
/kaggle/input/datasets/duc24kdl/sub-x-ray/sub_X-Ray/sub_NIH/00001199_001.png,,sub_NIH,00001199_001.png,ok,512x512 -> 1024x1024,2,1,4.8,37.6309,11.219842,3.349603,0.9853,0.9983,0.0667,6.9876,36.2067,15.574214,3.946418,0.9765,0.9963,0.2096,0.2096,0.2096,7.9018,169.5356,53.3361,169.5356,53.3361,0.1557,36.2067,0.9765,15.574214,3.946418,-1.4242,-0.0021,-0.1429,-0.9142
/kaggle/input/datasets/duc24kdl/sub-x-ray/sub_X-Ray/sub_NIH/00001199_006.png,,sub_NIH,00001199_006.png,ok,512x512 -> 1024x1024,2,1,4.79,37.1459,12.545487,3.541961,0.9831,0.9982,0.0727,6.7864,35.7303,17.379869,4.168917,0.9714,0.9954,0.2276,0.2276,0.2276,7.4844,163.6632,60.7737,163.6632,60.7737,0.1501,35.7303,0.9714,17.379869,4.168917,-1.4156,-0.0028,-0.1549,-0.698
/kaggle/input/datasets/duc24kdl/sub-x-ray/sub_X-Ray/sub_NIH/00001200_006.png,,sub_NIH,00001200_006.png,ok,512x512 -> 1024x1024,2,1,4.79,39.1835,7.847563,2.80135,0.985,0.9982,0.0707,7.1225,35.3097,19.147643,4.375802,0.9757,0.9959,0.2287,0.2287,0.2287,7.9988,138.4895,46.1626,138.4895,46.1626,0.2475,35.3097,0.9757,19.147643,4.375802,-3.8738,-0.0023,-0.158,-0.8762
/kaggle/input/datasets/duc24kdl/sub-x-ray/sub_X-Ray/sub_NIH/00001200_012.png,,sub_NIH,00001200_012.png,ok,512x512 -> 1024x1024,2,1,4.81,37.4054,11.817772,3.437699,0.9838,0.9981,0.0784,8.2164,36.1851,15.651844,3.956241,0.9795,0.9969,0.2578,0.2578,0.2578,8.6097,163.1561,32.2051,163.1561,32.2051,0.1535,36.1851,0.9795,15.651844,3.956241,-1.2203,-0.0012,-0.1794,-0.3933
/kaggle/input/datasets/duc24kdl/sub-x-ray/sub_X-Ray/sub_NIH/00001200_014.png,,sub_NIH,00001200_014.png,ok,512x512 -> 1024x1024,2,1,4.81,48.0657,1.015101,1.007522,0.9872,0.9984,0.0654,8.2754,44.7935,2.156393,1.468466,0.9822,0.9971,0.231,0.231,0.231,8.847,123.0444,51.8213,123.0444,51.8213,0.0742,44.7935,0.9822,2.156393,1.468466,-3.2722,-0.0013,-0.1655,-0.5715
/kaggle/input/datasets/duc24kdl/sub-x-ray/sub_X-Ray/sub_NIH/00001200_020.png,,sub_NIH,00001200_020.png,ok,512x512 -> 1024x1024,2,1,4.78,38.1463,9.964271,3.156623,0.9886,0.9985,0.0566,7.9312,36.6695,14.000226,3.741688,0.984,0.9973,0.1951,0.1951,0.1951,8.4421,157.5197,46.0434,157.5197,46.0434,0.1262,36.6695,0.984,14.000226,3.741688,-1.4769,-0.0012,-0.1385,-0.5109
/kaggle/input/datasets/duc24kdl/sub-x-ray/sub_X-Ray/sub_NIH/00001202_002.png,,sub_NIH,00001202_002.png,ok,512x512 -> 1024x1024,2,1,4.79,38.4965,9.192368,3.031892,0.9836,0.9981,0.0645,6.6166,36.5475,14.398863,3.794583,0.9717,0.9954,0.1977,0.1977,0.1977,8.1632,143.6488,70.442,143.6488,70.442,0.2057,36.5475,0.9717,14.398863,3.794583,-1.949,-0.0027,-0.1332,-1.5466
/kaggle/input/datasets/duc24kdl/sub-x-ray/sub_X-Ray/sub_NIH/00001203_004.png,,sub_NIH,00001203_004.png,ok,512x512 -> 1024x1024,2,1,4.78,36.0403,16.18276,4.02278,0.9732,0.9974,0.1141,6.8321,34.0069,25.84592,5.083888,0.9563,0.9932,0.284,0.284,0.284,7.8785,137.2691,53.0335,137.2691,53.0335,0.0965,34.0069,0.9563,25.84592,5.083888,-2.0334,-0.0042,-0.1699,-1.0464
/kaggle/input/datasets/duc24kdl/sub-x-ray/sub_X-Ray/sub_NIH/00001203_005.png,,sub_NIH,00001203_005.png,ok,512x512 -> 1024x1024,2,1,4.8,41.407,4.703093,2.168662,0.9586,0.9964,0.1466,6.7761,38.0582,10.168465,3.188803,0.9383,0.9917,0.3406,0.3406,0.3406,8.4438,117.164,69.2164,117.164,69.2164,0.0952,38.0582,0.9383,10.168465,3.188803,-3.3487,-0.0047,-0.1941,-1.6677
/kaggle/input/datasets/duc24kdl/sub-x-ray/sub_X-Ray/sub_NIH/00001203_007.png,,sub_NIH,00001203_007.png,ok,512x512 -> 1024x1024,2,1,4.79,41.9071,4.191475,2.047309,0.9593,0.9964,0.148,6.5971,39.3881,7.486365,2.736122,0.9398,0.9918,0.3404,0.3404,0.3404,8.1106,108.628,67.2795,108.628,67.2795,0.1878,39.3881,0.9398,7.486365,2.736122,-2.519,-0.0046,-0.1924,-1.5135
/kaggle/input/datasets/duc24kdl/sub-x-ray/sub_X-Ray/sub_NIH/00001203_017.png,,sub_NIH,00001203_017.png,ok,512x512 -> 1024x1024,2,1,4.79,41.6315,4.46617,2.113332,0.9641,0.9968,0.1323,6.5867,38.1262,10.010527,3.163942,0.9457,0.9925,0.3172,0.3172,0.3172,8.2582,126.1219,65.1851,126.1219,65.1851,0.099,38.1262,0.9457,10.010527,3.163942,-3.5052,-0.0043,-0.1849,-1.6715
/kaggle/input/datasets/duc24kdl/sub-x-ray/sub_X-Ray/sub_NIH/00001205_001.png,,sub_NIH,00001205_001.png,ok,512x512 -> 1024x1024,2,1,4.8,41.6079,4.490434,2.119064,0.9602,0.9964,0.1433,6.5105,38.703,8.765486,2.960656,0.9407,0.9917,0.3202,0.3202,0.3202,7.3568,125.5158,69.3838,125.5158,69.3838,0.132,38.703,0.9407,8.765486,2.960656,-2.9049,-0.0047,-0.1769,-0.8463
/kaggle/input/datasets/duc24kdl/sub-x-ray/sub_X-Ray/sub_NIH/00001205_002.png,,sub_NIH,00001205_002.png,ok,512x512 -> 1024x1024,2,1,4.82,35.2452,19.4338,4.408378,0.9705,0.9971,0.1213,6.8645,33.2792,30.560298,5.528137,0.9528,0.9926,0.296,0.296,0.296,7.5024,144.522,54.8176,144.522,54.8176,-0.0208,33.2792,0.9528,30.560298,5.528137,-1.966,-0.0045,-0.1747,-0.6379
/kaggle/input/datasets/duc24kdl/sub-x-ray/sub_X-Ray/sub_NIH/00001205_006.png,,sub_NIH,00001205_006.png,ok,512x512 -> 1024x1024,2,1,4.82,42.003,4.099967,2.024838,0.9669,0.997,0.1258,6.1802,38.9329,8.313558,2.883324,0.9498,0.9929,0.294,0.294,0.294,7.782,123.4689,68.2085,123.4689,68.2085,0.1118,38.9329,0.9498,8.313558,2.883324,-3.0701,-0.0041,-0.1682,-1.6018
/kaggle/input/datasets/duc24kdl/sub-x-ray/sub_X-Ray/sub_NIH/00001206_001.png,,sub_NIH,00001206_001.png,ok,512x512 -> 1024x1024,2,1,5.09,38.7949,8.582029,2.92951,0.9814,0.998,0.0883,8.0242,37.0433,12.845607,3.584077,0.9735,0.9958,0.2584,0.2584,0.2584,8.3631,137.7543,48.2995,137.7543,48.2995,0.0911,37.0433,0.9735,12.845607,3.584077,-1.7516,-0.0022,-0.1701,-0.3389
/kaggle/input/datasets/duc24kdl/sub-x-ray/sub_X-Ray/sub_NIH/00001206_006.png,,sub_NIH,00001206_006.png,ok,512x512 -> 1024x1024,2,1,4.78,44.2149,2.463698,1.569617,0.9803,0.9979,0.0799,6.6532,39.7966,6.814336,2.610428,0.9638,0.9941,0.2667,0.2667,0.2667,7.3167,158.9748,57.55,158.9748,57.55,0.08,39.7966,0.9638,6.814336,2.610428,-4.4184,-0.0038,-0.1868,-0.6634
/kaggle/input/datasets/duc24kdl/sub-x-ray/sub_X-Ray/sub_NIH/00001210_005.png,,sub_NIH,00001210_005.png,ok,512x512 -> 1024x1024,2,1,4.79,41.933,4.166633,2.041233,0.9654,0.9969,0.1288,6.7456,38.8909,8.394424,2.897313,0.9458,0.9924,0.3026,0.3026,0.3026,7.6911,116.2618,68.9666,116.2618,68.9666,0.117,38.8909,0.9458,8.394424,2.897313,-3.0421,-0.0045,-0.1738,-0.9454
/kaggle/input/datasets/duc24kdl/sub-x-ray/sub_X-Ray/sub_NIH/00001213_000.png,,sub_NIH,00001213_000.png,ok,512x512 -> 1024x1024,2,1,4.83,45.5567,1.80889,1.34495,0.9858,0.9983,0.0574,6.87,42.1757,3.940125,1.984975,0.974,0.9956,0.2007,0.2007,0.2007,7.8163,152.248,50.1551,152.248,50.1551,0.3465,42.1757,0.974,3.940125,1.984975,-3.381,-0.0027,-0.1434,-0.9464
/kaggle/input/datasets/duc24kdl/sub-x-ray/sub_X-Ray/sub_NIH/00001213_002.png,,sub_NIH,00001213_002.png,ok,512x512 -> 1024x1024,2,1,4.81,42.3157,3.815114,1.953232,0.9687,0.9972,0.1096,6.1886,38.7798,8.612009,2.934622,0.9493,0.993,0.2639,0.2639,0.2639,7.8303,101.3668,67.8734,101.3668,67.8734,0.1238,38.7798,0.9493,8.612009,2.934622,-3.536,-0.0042,-0.1543,-1.6417
/kaggle/input/datasets/duc24kdl/sub-x-ray/sub_X-Ray/sub_NIH/00001215_000.png,,sub_NIH,00001215_000.png,ok,512x512 -> 1024x1024,2,1,4.8,42.1711,3.944297,1.986025,0.9795,0.9979,0.0814,6.6138,38.6469,8.879499,2.979849,0.9618,0.9939,0.2505,0.2505,0.2505,7.7998,168.367,42.8436,168.367,42.8436,-0.0762,38.6469,0.9618,8.879499,2.979849,-3.5242,-0.0039,-0.1691,-1.186
/kaggle/input/datasets/duc24kdl/sub-x-ray/sub_X-Ray/sub_NIH/00001215_001.png,,sub_NIH,00001215_001.png,ok,512x512 -> 1024x1024,2,1,4.79,40.6545,5.592824,2.364915,0.9619,0.9965,0.14,6.5251,38.2539,9.720626,3.117792,0.9426,0.9919,0.3374,0.3374,0.3374,7.6522,115.8419,64.039,115.8419,64.039,0.1533,38.2539,0.9426,9.720626,3.117792,-2.4006,-0.0046,-0.1974,-1.1271
/kaggle/input/datasets/duc24kdl/sub-x-ray/sub_X-Ray/sub_NIH/00001220_001.png,,sub_NIH,00001220_001.png,ok,512x512 -> 1024x1024,2,1,4.83,38.4076,9.382489,3.063085,0.9859,0.9983,0.0548,6.4973,36.8788,13.341417,3.65259,0.9739,0.9957,0.1722,0.1722,0.1722,7.5708,160.1764,62.2795,160.1764,62.2795,0.5278,36.8788,0.9739,13.341417,3.65259,-1.5288,-0.0026,-0.1174,-1.0735
/kaggle/input/datasets/duc24kdl/sub-x-ray/sub_X-Ray/sub_NIH/00001221_001.png,,sub_NIH,00001221_001.png,ok,512x512 -> 1024x1024,2,1,4.81,38.8151,8.54217,2.922699,0.9894,0.9986,0.0508,7.6228,37.3176,12.059386,3.472663,0.985,0.9975,0.1813,0.1813,0.1813,8.4292,157.2351,43.8191,157.2351,43.8191,0.1654,37.3176,0.985,12.059386,3.472663,-1.4976,-0.001,-0.1305,-0.8064
/kaggle/input/datasets/duc24kdl/sub-x-ray/sub_X-Ray/sub_NIH/00001222_003.png,,sub_NIH,00001222_003.png,ok,512x512 -> 1024x1024,2,1,4.81,44.8776,2.115034,1.454316,0.9747,0.9973,0.095,7.3453,41.6674,4.42936,2.104604,0.9594,0.9932,0.2711,0.2711,0.2711,7.7238,109.7738,33.666,109.7738,33.666,0.073,41.6674,0.9594,4.42936,2.104604,-3.2102,-0.0041,-0.1761,-0.3784
/kaggle/input/datasets/duc24kdl/sub-x-ray/sub_X-Ray/sub_NIH/00001222_005.png,,sub_NIH,00001222_005.png,ok,512x512 -> 1024x1024,2,1,4.82,44.5499,2.280841,1.510245,0.9834,0.9981,0.0697,7.1016,41.0953,5.05301,2.24789,0.9694,0.9947,0.2372,0.2372,0.2372,8.1106,172.6643,36.9057,172.6643,36.9057,0.3423,41.0953,0.9694,5.05301,2.24789,-3.4546,-0.0033,-0.1675,-1.009
/kaggle/input/datasets/duc24kdl/sub-x-ray/sub_X-Ray/sub_NIH/00001222_009.png,,sub_NIH,00001222_009.png,ok,512x512 -> 1024x1024,2,1,4.81,36.3056,15.223743,3.901762,0.9849,0.9982,0.0826,6.9288,34.1884,24.787876,4.978742,0.9771,0.9958,0.2689,0.2689,0.2689,7.7672,121.2551,42.6076,121.2551,42.6076,0.197,34.1884,0.9771,24.787876,4.978742,-2.1172,-0.0023,-0.1863,-0.8384
/kaggle/input/datasets/duc24kdl/sub-x-ray/sub_X-Ray/sub_NIH/00001223_000.png,,sub_NIH,00001223_000.png,ok,512x512 -> 1024x1024,2,1,4.79,38.5441,9.092183,3.015325,0.9823,0.9982,0.0731,6.766,35.6424,17.735236,4.211322,0.9693,0.9956,0.1696,0.1696,0.1696,8.5932,97.3366,85.9178,97.3366,85.9178,0.1969,35.6424,0.9693,17.735236,4.211322,-2.9017,-0.0026,-0.0965,-1.8272
/kaggle/input/datasets/duc24kdl/sub-x-ray/sub_X-Ray/sub_NIH/00001226_000.png,,sub_NIH,00001226_000.png,ok,512x512 -> 1024x1024,2,1,4.77,38.0945,10.083852,3.175508,0.9816,0.998,0.0913,7.4385,36.649,14.066343,3.750512,0.9728,0.9956,0.2599,0.2599,0.2599,7.8615,137.0662,49.9321,137.0662,49.9321,0.1408,36.649,0.9728,14.066343,3.750512,-1.4455,-0.0024,-0.1686,-0.4231
/kaggle/input/datasets/duc24kdl/sub-x-ray/sub_X-Ray/sub_NIH/00001232_002.png,,sub_NIH,00001232_002.png,ok,512x512 -> 1024x1024,2,1,4.77,38.6721,8.828133,2.971217,0.9873,0.9984,0.0572,8.963,36.6345,14.113292,3.756766,0.9826,0.9973,0.1965,0.1965,0.1965,9.2487,148.1671,58.4526,148.1671,58.4526,0.1772,36.6345,0.9826,14.113292,3.756766,-2.0376,-0.0011,-0.1393,-0.2856
/kaggle/input/datasets/duc24kdl/sub-x-ray/sub_X-Ray/sub_NIH/00001242_000.png,,sub_NIH,00001242_000.png,ok,512x512 -> 1024x1024,2,1,4.81,43.7924,2.715461,1.647866,0.9838,0.9982,0.0657,6.9151,40.6195,5.638018,2.374451,0.9711,0.9953,0.2146,0.2146,0.2146,7.8094,153.0141,50.7252,153.0141,50.7252,-0.0576,40.6195,0.9711,5.638018,2.374451,-3.1728,-0.0029,-0.1489,-0.8943
/kaggle/input/datasets/duc24kdl/sub-x-ray/sub_X-Ray/sub_NIH/00001247_003.png,,sub_NIH,00001247_003.png,ok,512x512 -> 1024x1024,2,1,4.79,37.5768,11.360487,3.370532,0.9821,0.9981,0.0805,6.8125,34.6145,22.471203,4.74038,0.9712,0.9954,0.2399,0.2399,0.2399,7.323,114.1,58.9332,114.1,58.9332,0.1676,34.6145,0.9712,22.471203,4.74038,-2.9623,-0.0027,-0.1594,-0.5105
/kaggle/input/datasets/duc24kdl/sub-x-ray/sub_X-Ray/sub_NIH/00001247_005.png,,sub_NIH,00001247_005.png,ok,512x512 -> 1024x1024,2,1,4.8,42.5549,3.610729,1.900192,0.9641,0.9968,0.128,6.5258,39.3227,7.599966,2.756804,0.9451,0.9923,0.2934,0.2934,0.2934,7.7632,114.1825,70.5006,114.1825,70.5006,0.0788,39.3227,0.9451,7.599966,2.756804,-3.2322,-0.0044,-0.1654,-1.2373
/kaggle/input/datasets/duc24kdl/sub-x-ray/sub_X-Ray/sub_NIH/00001247_009.png,,sub_NIH,00001247_009.png,ok,512x512 -> 1024x1024,2,1,4.83,42.5489,3.615724,1.901506,0.9599,0.9964,0.1463,6.5727,39.4754,7.337427,2.708769,0.9384,0.9915,0.336,0.336,0.336,7.5482,125.2339,68.9357,125.2339,68.9357,0.0833,39.4754,0.9384,7.337427,2.708769,-3.0735,-0.0049,-0.1897,-0.9755
/kaggle/input/datasets/duc24kdl/sub-x-ray/sub_X-Ray/sub_NIH/00001247_012.png,,sub_NIH,00001247_012.png,ok,512x512 -> 1024x1024,2,1,4.81,42.3042,3.825231,1.95582,0.9622,0.9966,0.1343,6.4201,38.9244,8.329819,2.886143,0.9403,0.9916,0.3081,0.3081,0.3081,7.8187,117.8007,72.8309,117.8007,72.8309,0.08,38.9244,0.9403,8.329819,2.886143,-3.3798,-0.005,-0.1737,-1.3986
/kaggle/input/datasets/duc24kdl/sub-x-ray/sub_X-Ray/sub_NIH/00001248_000.png,,sub_NIH,00001248_000.png,ok,512x512 -> 1024x1024,2,1,4.78,46.0187,1.626344,1.275282,0.9786,0.9977,0.0922,7.5807,43.2902,3.048309,1.745941,0.9679,0.9946,0.2846,0.2846,0.2846,8.0026,111.9552,29.6983,111.9552,29.6983,0.0823,43.2902,0.9679,3.048309,1.745941,-2.7285,-0.0031,-0.1924,-0.4219
/kaggle/input/datasets/duc24kdl/sub-x-ray/sub_X-Ray/sub_NIH/00001248_002.png,,sub_NIH,00001248_002.png,ok,512x512 -> 1024x1024,2,1,4.79,43.6861,2.78274,1.668155,0.9775,0.9976,0.0856,6.8963,40.2554,6.131164,2.476119,0.9622,0.9933,0.2591,0.2591,0.2591,7.7371,105.9413,37.2882,105.9413,37.2882,0.1091,40.2554,0.9622,6.131164,2.476119,-3.4307,-0.0043,-0.1735,-0.8408
/kaggle/input/datasets/duc24kdl/sub-x-ray/sub_X-Ray/sub_NIH/00001248_014.png,,sub_NIH,00001248_014.png,ok,512x512 -> 1024x1024,2,1,4.8,45.9863,1.638511,1.280043,0.9802,0.9978,0.0804,7.4011,42.9491,3.297363,1.815864,0.9699,0.995,0.2545,0.2545,0.2545,7.7178,109.2245,33.843,109.2245,33.843,0.0632,42.9491,0.9699,3.297363,1.815864,-3.0372,-0.0028,-0.1741,-0.3167
/kaggle/input/datasets/duc24kdl/sub-x-ray/sub_X-Ray/sub_NIH/00001248_015.png,,sub_NIH,00001248_015.png,ok,512x512 -> 1024x1024,2,1,4.78,44.7054,2.200618,1.483448,0.979,0.9977,0.0881,7.0285,42.0132,4.09038,2.022469,0.9679,0.9947,0.2684,0.2684,0.2684,7.8493,105.5994,37.9214,105.5994,37.9214,0.1118,42.0132,0.9679,4.09038,2.022469,-2.6922,-0.0031,-0.1803,-0.8208
/kaggle/input/datasets/duc24kdl/sub-x-ray/sub_X-Ray/sub_NIH/00001248_017.png,,sub_NIH,00001248_017.png,ok,512x512 -> 1024x1024,2,1,4.92,46.1681,1.571336,1.253529,0.9798,0.9978,0.0805,7.4127,43.1884,3.120587,1.766518,0.9694,0.9949,0.2577,0.2577,0.2577,7.801,111.1716,29.9132,111.1716,29.9132,0.0687,43.1884,0.9694,3.120587,1.766518,-2.9797,-0.0029,-0.1771,-0.3883
/kaggle/input/datasets/duc24kdl/sub-x-ray/sub_X-Ray/sub_NIH/00001248_021.png,,sub_NIH,00001248_021.png,ok,512x512 -> 1024x1024,2,1,4.78,40.5551,5.722342,2.392142,0.9582,0.9962,0.1524,6.6138,37.9882,10.333916,3.214641,0.9364,0.9908,0.352,0.352,0.352,7.8391,123.4621,66.7659,123.4621,66.7659,0.1328,37.9882,0.9364,10.333916,3.214641,-2.5669,-0.0054,-0.1996,-1.2252
/kaggle/input/datasets/duc24kdl/sub-x-ray/sub_X-Ray/sub_NIH/00001248_026.png,,sub_NIH,00001248_026.png,ok,512x512 -> 1024x1024,2,1,4.79,42.0255,4.078815,2.019608,0.9641,0.9967,0.1302,6.3528,38.8285,8.515978,2.918215,0.9438,0.9919,0.3047,0.3047,0.3047,7.5065,94.41,68.4444,94.41,68.4444,0.101,38.8285,0.9438,8.515978,2.918215,-3.197,-0.0048,-0.1746,-1.1537
/kaggle/input/datasets/duc24kdl/sub-x-ray/sub_X-Ray/sub_NIH/00001248_029.png,,sub_NIH,00001248_029.png,ok,512x512 -> 1024x1024,2,1,4.77,33.9831,25.988139,5.097856,0.988,0.9982,0.0576,7.2883,31.6132,44.849859,6.697004,0.9814,0.9959,0.1864,0.1864,0.1864,8.3935,150.78,55.957,150.78,55.957,0.2306,31.6132,0.9814,44.849859,6.697004,-2.3699,-0.0023,-0.1288,-1.1052
/kaggle/input/datasets/duc24kdl/sub-x-ray/sub_X-Ray/sub_NIH/00001248_034.png,,sub_NIH,00001248_034.png,ok,512x512 -> 1024x1024,2,1,4.83,40.9789,5.190246,2.278211,0.9571,0.9961,0.1536,6.2354,38.1347,9.991096,3.16087,0.9346,0.9907,0.3572,0.3572,0.3572,7.981,119.5866,66.3389,119.5866,66.3389,0.121,38.1347,0.9346,9.991096,3.16087,-2.8443,-0.0054,-0.2037,-1.7456
/kaggle/input/datasets/duc24kdl/sub-x-ray/sub_X-Ray/sub_NIH/00001248_035.png,,sub_NIH,00001248_035.png,ok,512x512 -> 1024x1024,2,1,4.79,40.9172,5.26456,2.294463,0.9575,0.9962,0.1532,6.3607,37.8896,10.571015,3.25131,0.9361,0.991,0.3525,0.3525,0.3525,7.8785,116.0916,69.4074,116.0916,69.4074,0.1105,37.8896,0.9361,10.571015,3.25131,-3.0275,-0.0052,-0.1993,-1.5178
/kaggle/input/datasets/duc24kdl/sub-x-ray/sub_X-Ray/sub_NIH/00001248_037.png,,sub_NIH,00001248_037.png,ok,512x512 -> 1024x1024,2,1,4.79,42.416,3.728062,1.930819,0.9652,0.9968,0.1333,6.4154,39.5308,7.244324,2.691528,0.9486,0.9927,0.3175,0.3175,0.3175,7.806,119.219,67.6082,119.219,67.6082,0.1106,39.5308,0.9486,7.244324,2.691528,-2.8851,-0.0041,-0.1842,-1.3906
/kaggle/input/datasets/duc24kdl/sub-x-ray/sub_X-Ray/sub_NIH/00001250_004.png,,sub_NIH,00001250_004.png,ok,512x512 -> 1024x1024,2,1,4.78,42.2061,3.912679,1.978049,0.9593,0.9964,0.1399,6.2399,38.8105,8.551314,2.924263,0.9371,0.9911,0.3293,0.3293,0.3293,7.7891,116.7119,68.8642,116.7119,68.8642,0.0782,38.8105,0.9371,8.551314,2.924263,-3.3956,-0.0052,-0.1894,-1.5493
/kaggle/input/datasets/duc24kdl/sub-x-ray/sub_X-Ray/sub_NIH/00001250_006.png,,sub_NIH,00001250_006.png,ok,512x512 -> 1024x1024,2,1,4.79,40.0343,6.451384,2.539957,0.9841,0.9982,0.0696,6.865,37.3694,11.916293,3.451998,0.9725,0.9955,0.2291,0.2291,0.2291,7.498,122.3043,53.7602,122.3043,53.7602,0.1174,37.3694,0.9725,11.916293,3.451998,-2.6649,-0.0027,-0.1594,-0.633
/kaggle/input/datasets/duc24kdl/sub-x-ray/sub_X-Ray/sub_NIH/00001250_009.png,,sub_NIH,00001250_009.png,ok,512x512 -> 1024x1024,2,1,4.8,39.9395,6.593791,2.567838,0.9798,0.9979,0.0897,6.9253,37.3537,11.959313,3.458224,0.9672,0.9949,0.2707,0.2707,0.2707,7.7128,119.8102,49.8982,119.8102,49.8982,0.1222,37.3537,0.9672,11.959313,3.458224,-2.5857,-0.003,-0.181,-0.7875
/kaggle/input/datasets/duc24kdl/sub-x-ray/sub_X-Ray/sub_NIH/00001250_014.png,,sub_NIH,00001250_014.png,ok,512x512 -> 1024x1024,2,1,4.85,39.8975,6.657805,2.580272,0.9841,0.9982,0.0745,7.6173,37.0704,12.76553,3.572888,0.9726,0.9956,0.2384,0.2384,0.2384,8.2618,109.0243,53.2406,109.0243,53.2406,0.1401,37.0704,0.9726,12.76553,3.572888,-2.8271,-0.0025,-0.1639,-0.6444
/kaggle/input/datasets/duc24kdl/sub-x-ray/sub_X-Ray/sub_NIH/00001250_015.png,,sub_NIH,00001250_015.png,ok,512x512 -> 1024x1024,2,1,4.8,37.1298,12.592194,3.548548,0.9885,0.9985,0.0611,6.8996,35.6872,17.553534,4.189694,0.9823,0.997,0.2024,0.2024,0.2024,7.3646,162.1421,41.3384,162.1421,41.3384,0.1636,35.6872,0.9823,17.553534,4.189694,-1.4426,-0.0015,-0.1413,-0.465
/kaggle/input/datasets/duc24kdl/sub-x-ray/sub_X-Ray/sub_NIH/00001250_017.png,,sub_NIH,00001250_017.png,ok,512x512 -> 1024x1024,2,1,4.8,39.9495,6.578517,2.564862,0.9855,0.9983,0.0708,6.8752,37.6147,11.261839,3.355866,0.9751,0.9958,0.2252,0.2252,0.2252,7.276,107.5585,50.4503,107.5585,50.4503,0.1296,37.6147,0.9751,11.261839,3.355866,-2.3348,-0.0025,-0.1544,-0.4008
/kaggle/input/datasets/duc24kdl/sub-x-ray/sub_X-Ray/sub_NIH/00001255_012.png,,sub_NIH,00001255_012.png,ok,512x512 -> 1024x1024,2,1,4.78,37.3114,12.076355,3.475105,0.9822,0.998,0.0743,6.0406,33.9056,26.455723,5.143513,0.9649,0.9941,0.1906,0.1906,0.1906,7.856,96.1954,74.1471,96.1954,74.1471,0.1778,33.9056,0.9649,26.455723,5.143513,-3.4058,-0.004,-0.1163,-1.8154
/kaggle/input/datasets/duc24kdl/sub-x-ray/sub_X-Ray/sub_NIH/00001255_013.png,,sub_NIH,00001255_013.png,ok,512x512 -> 1024x1024,2,1,4.79,39.3801,7.500122,2.738635,0.9838,0.9982,0.0723,6.3972,35.6607,17.660994,4.202499,0.9682,0.9951,0.2047,0.2047,0.2047,6.9697,105.9628,69.5697,105.9628,69.5697,0.1603,35.6607,0.9682,17.660994,4.202499,-3.7195,-0.0031,-0.1324,-0.5725
/kaggle/input/datasets/duc24kdl/sub-x-ray/sub_X-Ray/sub_NIH/00001255_017.png,,sub_NIH,00001255_017.png,ok,512x512 -> 1024x1024,2,1,4.81,38.4165,9.363274,3.059947,0.9821,0.9981,0.0826,5.313,34.6978,22.044464,4.695153,0.9659,0.9949,0.2097,0.2097,0.2097,6.9274,99.0251,69.3047,99.0251,69.3047,0.2427,34.6978,0.9659,22.044464,4.695153,-3.7187,-0.0032,-0.1271,-1.6144
/kaggle/input/datasets/duc24kdl/sub-x-ray/sub_X-Ray/sub_NIH/00001255_033.png,,sub_NIH,00001255_033.png,ok,512x512 -> 1024x1024,2,1,4.78,37.9384,10.452987,3.233108,0.982,0.998,0.0812,5.9927,35.1933,19.667763,4.434835,0.9652,0.9945,0.2036,0.2036,0.2036,6.8559,100.3461,72.0597,100.3461,72.0597,0.1729,35.1933,0.9652,19.667763,4.434835,-2.7451,-0.0035,-0.1224,-0.8631
/kaggle/input/datasets/duc24kdl/sub-x-ray/sub_X-Ray/sub_NIH/00001255_034.png,,sub_NIH,00001255_034.png,ok,512x512 -> 1024x1024,2,1,4.78,39.7918,6.821753,2.611849,0.9824,0.9981,0.0793,6.0964,37.2261,12.316036,3.509421,0.9665,0.9947,0.2214,0.2214,0.2214,7.6039,113.5732,64.0851,113.5732,64.0851,0.168,37.2261,0.9665,12.316036,3.509421,-2.5657,-0.0034,-0.1422,-1.5075
/kaggle/input/datasets/duc24kdl/sub-x-ray/sub_X-Ray/sub_NIH/00001255_035.png,,sub_NIH,00001255_035.png,ok,512x512 -> 1024x1024,2,1,4.79,38.6296,8.914998,2.985799,0.9825,0.9981,0.0852,6.3999,36.2377,15.463629,3.932382,0.9668,0.995,0.2133,0.2133,0.2133,7.9381,108.956,67.2155,108.956,67.2155,0.1624,36.2377,0.9668,15.463629,3.932382,-2.3919,-0.0031,-0.1281,-1.5382
/kaggle/input/datasets/duc24kdl/sub-x-ray/sub_X-Ray/sub_NIH/00001256_004.png,,sub_NIH,00001256_004.png,ok,512x512 -> 1024x1024,2,1,4.81,37.52,11.510217,3.392671,0.9845,0.9981,0.0819,7.7396,34.8731,21.172511,4.60136,0.9784,0.9962,0.2611,0.2611,0.2611,8.4407,116.4104,45.5823,116.4104,45.5823,0.1432,34.8731,0.9784,21.172511,4.60136,-2.6469,-0.002,-0.1792,-0.7011
/kaggle/input/datasets/duc24kdl/sub-x-ray/sub_X-Ray/sub_NIH/00001256_005.png,,sub_NIH,00001256_005.png,ok,512x512 -> 1024x1024,2,1,4.84,41.17,4.966791,2.22863,0.9541,0.9959,0.1682,6.8068,37.9602,10.400704,3.225012,0.9322,0.9905,0.3817,0.3817,0.3817,7.9466,117.2511,63.1219,117.2511,63.1219,0.0961,37.9602,0.9322,10.400704,3.225012,-3.2099,-0.0054,-0.2136,-1.1398
/kaggle/input/datasets/duc24kdl/sub-x-ray/sub_X-Ray/sub_NIH/00001256_008.png,,sub_NIH,00001256_008.png,ok,512x512 -> 1024x1024,2,1,4.78,42.0378,4.067263,2.016746,0.9614,0.9965,0.1486,6.5775,39.453,7.375347,2.715759,0.9439,0.9923,0.3474,0.3474,0.3474,7.9096,118.4651,66.1165,118.4651,66.1165,0.1188,39.453,0.9439,7.375347,2.715759,-2.5848,-0.0042,-0.1988,-1.3321
/kaggle/input/datasets/duc24kdl/sub-x-ray/sub_X-Ray/sub_NIH/00001256_010.png,,sub_NIH,00001256_010.png,ok,512x512 -> 1024x1024,2,1,4.78,42.5157,3.643423,1.908775,0.9614,0.9966,0.1479,6.4762,40.0459,6.434115,2.536556,0.9436,0.9923,0.3441,0.3441,0.3441,7.9063,116.4628,67.3762,116.4628,67.3762,0.0962,40.0459,0.9436,6.434115,2.536556,-2.4698,-0.0043,-0.1962,-1.4301
/kaggle/input/datasets/duc24kdl/sub-x-ray/sub_X-Ray/sub_NIH/00001259_000.png,,sub_NIH,00001259_000.png,ok,512x512 -> 1024x1024,2,1,4.78,46.5233,1.447936,1.203302,0.9869,0.9984,0.0585,7.2052,42.6377,3.542465,1.882144,0.9758,0.9959,0.2039,0.2039,0.2039,7.9701,161.0136,51.9917,161.0136,51.9917,0.2465,42.6377,0.9758,3.542465,1.882144,-3.8856,-0.0026,-0.1454,-0.7649
/kaggle/input/datasets/duc24kdl/sub-x-ray/sub_X-Ray/sub_NIH/00001263_000.png,,sub_NIH,00001263_000.png,ok,512x512 -> 1024x1024,2,1,4.79,44.7501,2.178083,1.475833,0.9849,0.9983,0.0593,6.5599,40.8099,5.396188,2.32297,0.9718,0.9953,0.1981,0.1981,0.1981,7.728,155.0642,52.6391,155.0642,52.6391,0.0167,40.8099,0.9718,5.396188,2.32297,-3.9401,-0.003,-0.1389,-1.168
/kaggle/input/datasets/duc24kdl/sub-x-ray/sub_X-Ray/sub_NIH/00001266_000.png,,sub_NIH,00001266_000.png,ok,512x512 -> 1024x1024,2,1,4.79,41.7581,4.337809,2.082741,0.9623,0.9967,0.1301,6.5256,39.1098,7.981732,2.825196,0.9431,0.9922,0.3083,0.3083,0.3083,8.1206,116.4148,72.0015,116.4148,72.0015,0.1274,39.1098,0.9431,7.981732,2.825196,-2.6483,-0.0045,-0.1782,-1.595
/kaggle/input/datasets/duc24kdl/sub-x-ray/sub_X-Ray/sub_NIH/00001267_000.png,,sub_NIH,00001267_000.png,ok,512x512 -> 1024x1024,2,1,4.78,45.6028,1.789791,1.337831,0.9856,0.9984,0.0519,7.3742,39.788,6.827833,2.613012,0.9762,0.9964,0.1753,0.1753,0.1753,8.3018,165.8534,67.3102,165.8534,67.3102,0.124,39.788,0.9762,6.827833,2.613012,-5.8148,-0.0019,-0.1234,-0.9276
/kaggle/input/datasets/duc24kdl/sub-x-ray/sub_X-Ray/sub_NIH/00001268_000.png,,sub_NIH,00001268_000.png,ok,512x512 -> 1024x1024,2,1,4.79,36.8205,13.52179,3.677199,0.9819,0.998,0.0737,6.6182,35.4935,18.354184,4.284178,0.9678,0.9947,0.2237,0.2237,0.2237,7.5497,178.9539,47.8056,178.9539,47.8056,0.154,35.4935,0.9678,18.354184,4.284178,-1.327,-0.0034,-0.1501,-0.9315
/kaggle/input/datasets/duc24kdl/sub-x-ray/sub_X-Ray/sub_NIH/00001268_006.png,,sub_NIH,00001268_006.png,ok,512x512 -> 1024x1024,2,1,4.83,37.5708,11.37632,3.37288,0.987,0.9984,0.0606,7.4646,36.2715,15.343553,3.917085,0.9821,0.9971,0.2106,0.2106,0.2106,9.1208,155.7188,46.6526,155.7188,46.6526,0.1526,36.2715,0.9821,15.343553,3.917085,-1.2992,-0.0013,-0.15,-1.6562
/kaggle/input/datasets/duc24kdl/sub-x-ray/sub_X-Ray/sub_NIH/00001269_000.png,,sub_NIH,00001269_000.png,ok,512x512 -> 1024x1024,2,1,4.79,47.1468,1.25431,1.11996,0.9856,0.9983,0.0622,6.8726,42.9024,3.333027,1.825658,0.9733,0.9955,0.2229,0.2229,0.2229,7.8788,155.579,47.8232,155.579,47.8232,0.1265,42.9024,0.9733,3.333027,1.825658,-4.2443,-0.0028,-0.1606,-1.0061
/kaggle/input/datasets/duc24kdl/sub-x-ray/sub_X-Ray/sub_NIH/00001270_004.png,,sub_NIH,00001270_004.png,ok,512x512 -> 1024x1024,2,1,4.78,41.2066,4.925185,2.219276,0.9505,0.9956,0.1481,6.4699,38.1242,10.01512,3.164668,0.9254,0.9897,0.3369,0.3369,0.3369,7.8981,109.6249,72.0285,109.6249,72.0285,0.0814,38.1242,0.9254,10.01512,3.164668,-3.0823,-0.0059,-0.1888,-1.4282
/kaggle/input/datasets/duc24kdl/sub-x-ray/sub_X-Ray/sub_NIH/00001273_000.png,,sub_NIH,00001273_000.png,ok,512x512 -> 1024x1024,2,1,4.79,41.1232,5.020704,2.240693,0.9598,0.9964,0.1423,6.2093,38.5477,9.084784,3.014097,0.9388,0.9914,0.3259,0.3259,0.3259,8.0661,111.6001,68.97,111.6001,68.97,0.1202,38.5477,0.9388,9.084784,3.014097,-2.5755,-0.005,-0.1836,-1.8568
/kaggle/input/datasets/duc24kdl/sub-x-ray/sub_X-Ray/sub_NIH/00001274_000.png,,sub_NIH,00001274_000.png,ok,512x512 -> 1024x1024,2,1,4.79,43.6591,2.800072,1.673342,0.9826,0.998,0.0645,6.8446,40.0904,6.368501,2.523589,0.9688,0.9947,0.2165,0.2165,0.2165,7.9719,173.4488,47.9014,173.4488,47.9014,-0.0828,40.0904,0.9688,6.368501,2.523589,-3.5687,-0.0033,-0.152,-1.1273
/kaggle/input/datasets/duc24kdl/sub-x-ray/sub_X-Ray/sub_NIH/00001274_001.png,,sub_NIH,00001274_001.png,ok,512x512 -> 1024x1024,2,1,4.84,43.9123,2.641528,1.625278,0.9771,0.9976,0.0942,6.5903,39.9554,6.569662,2.563135,0.9598,0.9935,0.2852,0.2852,0.2852,7.6202,155.2104,53.8903,155.2104,53.8903,0.2026,39.9554,0.9598,6.569662,2.563135,-3.9569,-0.0041,-0.191,-1.0299
/kaggle/input/datasets/duc24kdl/sub-x-ray/sub_X-Ray/sub_NIH/00001277_000.png,,sub_NIH,00001277_000.png,ok,512x512 -> 1024x1024,2,1,4.79,39.0526,8.087676,2.843884,0.9878,0.9987,0.0582,6.5803,36.1666,15.718989,3.964718,0.9777,0.9966,0.152,0.152,0.152,8.0931,71.489,69.2593,71.489,69.2593,0.1925,36.1666,0.9777,15.718989,3.964718,-2.886,-0.0021,-0.0937,-1.5128
/kaggle/input/datasets/duc24kdl/sub-x-ray/sub_X-Ray/sub_NIH/00001278_006.png,,sub_NIH,00001278_006.png,ok,512x512 -> 1024x1024,2,1,4.79,36.8001,13.585183,3.685808,0.9855,0.9983,0.0683,6.9458,33.9429,26.229353,5.12146,0.9758,0.9961,0.2043,0.2043,0.2043,7.8042,142.7406,66.0839,142.7406,66.0839,0.1693,33.9429,0.9758,26.229353,5.12146,-2.8572,-0.0022,-0.136,-0.8584
/kaggle/input/datasets/duc24kdl/sub-x-ray/sub_X-Ray/sub_NIH/00001278_009.png,,sub_NIH,00001278_009.png,ok,512x512 -> 1024x1024,2,1,4.87,39.2728,7.687804,2.772689,0.9872,0.9984,0.0654,7.1207,36.5297,14.458029,3.802371,0.9802,0.9966,0.2244,0.2244,0.2244,7.6375,117.0241,55.1631,117.0241,55.1631,0.158,36.5297,0.9802,14.458029,3.802371,-2.7431,-0.0019,-0.159,-0.5167
/kaggle/input/datasets/duc24kdl/sub-x-ray/sub_X-Ray/sub_NIH/00001278_011.png,,sub_NIH,00001278_011.png,ok,512x512 -> 1024x1024,2,1,4.77,36.6402,14.094691,3.75429,0.9842,0.9981,0.0751,7.4113,33.1676,31.355854,5.59963,0.9738,0.9957,0.2476,0.2476,0.2476,7.8882,113.712,51.0322,113.712,51.0322,0.213,33.1676,0.9738,31.355854,5.59963,-3.4726,-0.0025,-0.1725,-0.4769
/kaggle/input/datasets/duc24kdl/sub-x-ray/sub_X-Ray/sub_NIH/00001279_001.png,,sub_NIH,00001279_001.png,ok,512x512 -> 1024x1024,2,1,4.77,40.2395,6.153607,2.480646,0.9873,0.9985,0.053,6.6662,37.719,10.994596,3.31581,0.9763,0.9963,0.1353,0.1353,0.1353,7.4987,106.9558,82.9497,106.9558,82.9497,0.4052,37.719,0.9763,10.994596,3.31581,-2.5205,-0.0022,-0.0823,-0.8325
/kaggle/input/datasets/duc24kdl/sub-x-ray/sub_X-Ray/sub_NIH/00001286_000.png,,sub_NIH,00001286_000.png,ok,512x512 -> 1024x1024,2,1,4.8,36.8889,13.310497,3.648355,0.9835,0.9981,0.0774,6.7504,34.0035,25.866177,5.08588,0.9727,0.9954,0.216,0.216,0.216,7.5383,94.5392,64.1916,94.5392,64.1916,0.2156,34.0035,0.9727,25.866177,5.08588,-2.8854,-0.0028,-0.1386,-0.7879
/kaggle/input/datasets/duc24kdl/sub-x-ray/sub_X-Ray/sub_NIH/00001286_004.png,,sub_NIH,00001286_004.png,ok,512x512 -> 1024x1024,2,1,4.78,36.7373,13.783304,3.712587,0.9837,0.9982,0.0827,6.7793,33.6829,27.84805,5.277125,0.9707,0.9952,0.2404,0.2404,0.2404,7.6834,104.1406,56.7438,104.1406,56.7438,0.1646,33.6829,0.9707,27.84805,5.277125,-3.0544,-0.003,-0.1577,-0.9042
/kaggle/input/datasets/duc24kdl/sub-x-ray/sub_X-Ray/sub_NIH/00001286_005.png,,sub_NIH,00001286_005.png,ok,512x512 -> 1024x1024,2,1,4.8,39.3051,7.630774,2.762386,0.9857,0.9984,0.0745,7.576,37.2757,12.176278,3.489452,0.9766,0.9962,0.2302,0.2302,0.2302,8.8722,103.967,59.4419,103.967,59.4419,0.1409,37.2757,0.9766,12.176278,3.489452,-2.0295,-0.0021,-0.1558,-1.2962
/kaggle/input/datasets/duc24kdl/sub-x-ray/sub_X-Ray/sub_NIH/00001286_007.png,,sub_NIH,00001286_007.png,ok,512x512 -> 1024x1024,2,1,4.79,36.7946,13.602561,3.688165,0.9842,0.9981,0.0765,6.8684,34.0043,25.86119,5.08539,0.9739,0.9953,0.2265,0.2265,0.2265,8.2919,101.3866,59.3466,101.3866,59.3466,0.2009,34.0043,0.9739,25.86119,5.08539,-2.7903,-0.0029,-0.15,-1.4235
/kaggle/input/datasets/duc24kdl/sub-x-ray/sub_X-Ray/sub_NIH/00001289_000.png,,sub_NIH,00001289_000.png,ok,512x512 -> 1024x1024,2,1,4.8,36.1621,15.734966,3.966732,0.9844,0.9982,0.0706,6.8068,35.0529,20.313734,4.507076,0.9728,0.9955,0.2262,0.2262,0.2262,8.3112,168.232,57.172,168.232,57.172,0.176,35.0529,0.9728,20.313734,4.507076,-1.1092,-0.0028,-0.1556,-1.5044
/kaggle/input/datasets/duc24kdl/sub-x-ray/sub_X-Ray/sub_NIH/00001295_000.png,,sub_NIH,00001295_000.png,ok,512x512 -> 1024x1024,2,1,4.79,42.5421,3.621345,1.902983,0.9649,0.9969,0.1313,6.8816,39.0891,8.019968,2.831955,0.9466,0.9928,0.3202,0.3202,0.3202,8.249,108.1315,63.4445,108.1315,63.4445,0.0867,39.0891,0.9466,8.019968,2.831955,-3.453,-0.004,-0.189,-1.3673
/kaggle/input/datasets/duc24kdl/sub-x-ray/sub_X-Ray/sub_NIH/00001298_006.png,,sub_NIH,00001298_006.png,ok,512x512 -> 1024x1024,2,1,4.79,37.3485,11.973861,3.460327,0.9849,0.9982,0.0735,6.4391,34.9836,20.640345,4.543165,0.9736,0.9955,0.2341,0.2341,0.2341,7.1714,116.3519,48.1328,116.3519,48.1328,0.1327,34.9836,0.9736,20.640345,4.543165,-2.3648,-0.0027,-0.1606,-0.7323
/kaggle/input/datasets/duc24kdl/sub-x-ray/sub_X-Ray/sub_NIH/00001299_000.png,,sub_NIH,00001299_000.png,ok,512x512 -> 1024x1024,2,1,4.79,36.625,14.144133,3.760869,0.9856,0.9983,0.0677,7.0012,35.026,20.439915,4.521052,0.974,0.9959,0.1891,0.1891,0.1891,8.4334,168.9209,63.0759,168.9209,63.0759,0.1771,35.026,0.974,20.439915,4.521052,-1.599,-0.0024,-0.1214,-1.4321
/kaggle/input/datasets/duc24kdl/sub-x-ray/sub_X-Ray/sub_NIH/00001301_012.png,,sub_NIH,00001301_012.png,ok,512x512 -> 1024x1024,2,1,4.81,38.2368,9.758947,3.123931,0.984,0.9981,0.081,7.7077,35.9823,16.400191,4.049715,0.9779,0.9963,0.2522,0.2522,0.2522,7.8662,117.317,50.499,117.317,50.499,0.1469,35.9823,0.9779,16.400191,4.049715,-2.2545,-0.0018,-0.1712,-0.1585
/kaggle/input/datasets/duc24kdl/sub-x-ray/sub_X-Ray/sub_NIH/00001301_013.png,,sub_NIH,00001301_013.png,ok,512x512 -> 1024x1024,2,1,4.8,38.2325,9.768555,3.125469,0.9854,0.9982,0.0766,8.3183,35.9593,16.487212,4.060445,0.9808,0.9967,0.2564,0.2564,0.2564,8.4116,119.3527,45.2251,119.3527,45.2251,0.1658,35.9593,0.9808,16.487212,4.060445,-2.2732,-0.0015,-0.1798,-0.0933
/kaggle/input/datasets/duc24kdl/sub-x-ray/sub_X-Ray/sub_NIH/00001301_015.png,,sub_NIH,00001301_015.png,ok,512x512 -> 1024x1024,2,1,4.81,40.0833,6.378908,2.52565,0.9863,0.9983,0.0701,9.3306,38.5889,8.999021,2.999837,0.9833,0.9974,0.2371,0.2371,0.2371,9.1653,120.711,52.0592,120.711,52.0592,0.148,38.5889,0.9833,8.999021,2.999837,-1.4945,-0.0009,-0.167,0.1653
/kaggle/input/datasets/duc24kdl/sub-x-ray/sub_X-Ray/sub_NIH/00001301_023.png,,sub_NIH,00001301_023.png,ok,512x512 -> 1024x1024,2,1,4.79,35.2805,19.276458,4.390496,0.9845,0.9979,0.0715,7.5067,32.6869,35.025832,5.918263,0.9771,0.9952,0.2243,0.2243,0.2243,8.0422,112.8226,57.9432,112.8226,57.9432,0.1843,32.6869,0.9771,35.025832,5.918263,-2.5936,-0.0027,-0.1528,-0.5355
/kaggle/input/datasets/duc24kdl/sub-x-ray/sub_X-Ray/sub_NIH/00001301_030.png,,sub_NIH,00001301_030.png,ok,512x512 -> 1024x1024,2,1,4.78,37.9703,10.376443,3.221249,0.9856,0.9983,0.0682,7.2741,35.0379,20.384272,4.514894,0.9769,0.9962,0.2093,0.2093,0.2093,7.3867,109.738,57.967,109.738,57.967,0.171,35.0379,0.9769,20.384272,4.514894,-2.9325,-0.0021,-0.1411,-0.1126
/kaggle/input/datasets/duc24kdl/sub-x-ray/sub_X-Ray/sub_NIH/00001301_035.png,,sub_NIH,00001301_035.png,ok,512x512 -> 1024x1024,2,1,4.81,36.1927,15.62463,3.9528,0.985,0.9981,0.0712,7.3815,33.3496,30.068962,5.483517,0.977,0.9956,0.2178,0.2178,0.2178,7.5808,114.7838,52.6616,114.7838,52.6616,0.1692,33.3496,0.977,30.068962,5.483517,-2.8431,-0.0025,-0.1466,-0.1993
/kaggle/input/datasets/duc24kdl/sub-x-ray/sub_X-Ray/sub_NIH/00001301_041.png,,sub_NIH,00001301_041.png,ok,512x512 -> 1024x1024,2,1,4.8,37.0875,12.715485,3.565878,0.9856,0.9983,0.0655,7.0428,33.8302,26.919153,5.188367,0.9774,0.996,0.2102,0.2102,0.2102,7.4721,111.1678,55.442,111.1678,55.442,0.1762,33.8302,0.9774,26.919153,5.188367,-3.2573,-0.0023,-0.1447,-0.4293
/kaggle/input/datasets/duc24kdl/sub-x-ray/sub_X-Ray/sub_NIH/00001301_042.png,,sub_NIH,00001301_042.png,ok,512x512 -> 1024x1024,2,1,4.79,38.1,10.071145,3.173507,0.9883,0.9985,0.0515,8.0205,34.7748,21.657023,4.653711,0.982,0.9972,0.1555,0.1555,0.1555,8.6466,147.9314,62.0674,147.9314,62.0674,0.3264,34.7748,0.982,21.657023,4.653711,-3.3252,-0.0013,-0.104,-0.6261
/kaggle/input/datasets/duc24kdl/sub-x-ray/sub_X-Ray/sub_NIH/00001301_043.png,,sub_NIH,00001301_043.png,ok,512x512 -> 1024x1024,2,1,4.79,35.9131,16.663813,4.082133,0.9869,0.9983,0.0496,7.2204,33.3683,29.939615,5.47171,0.9791,0.9961,0.1652,0.1652,0.1652,8.1806,151.84,55.9689,151.84,55.9689,0.2019,33.3683,0.9791,29.939615,5.47171,-2.5447,-0.0022,-0.1156,-0.9603
/kaggle/input/datasets/duc24kdl/sub-x-ray/sub_X-Ray/sub_NIH/00001301_046.png,,sub_NIH,00001301_046.png,ok,512x512 -> 1024x1024,2,1,4.82,37.298,12.113799,3.480488,0.9842,0.9982,0.0762,7.6595,34.7823,21.619509,4.649678,0.9774,0.9962,0.229,0.229,0.229,7.6343,112.1975,58.482,112.1975,58.482,0.1661,34.7823,0.9774,21.619509,4.649678,-2.5157,-0.002,-0.1527,0.0252
/kaggle/input/datasets/duc24kdl/sub-x-ray/sub_X-Ray/sub_NIH/00001303_003.png,,sub_NIH,00001303_003.png,ok,512x512 -> 1024x1024,2,1,4.79,36.6781,13.972317,3.737956,0.9775,0.9977,0.0814,5.1976,33.1758,31.296767,5.594351,0.9538,0.9925,0.2019,0.2019,0.2019,7.3048,93.6381,75.7133,93.6381,75.7133,0.2155,33.1758,0.9538,31.296767,5.594351,-3.5023,-0.0053,-0.1205,-2.1072
/kaggle/input/datasets/duc24kdl/sub-x-ray/sub_X-Ray/sub_NIH/00001305_001.png,,sub_NIH,00001305_001.png,ok,512x512 -> 1024x1024,2,1,4.82,45.4554,1.851562,1.360721,0.9879,0.9984,0.042,7.588,41.7675,4.328434,2.080489,0.9809,0.9967,0.1554,0.1554,0.1554,8.3918,171.6,45.1727,171.6,45.1727,0.3898,41.7675,0.9809,4.328434,2.080489,-3.6879,-0.0017,-0.1134,-0.8038
/kaggle/input/datasets/duc24kdl/sub-x-ray/sub_X-Ray/sub_NIH/00001310_000.png,,sub_NIH,00001310_000.png,ok,512x512 -> 1024x1024,2,1,4.82,38.0222,10.253184,3.202059,0.9839,0.9982,0.0654,6.5726,36.5041,14.543678,3.813617,0.9699,0.995,0.212,0.212,0.212,7.2029,162.6917,57.8446,162.6917,57.8446,0.1437,36.5041,0.9699,14.543678,3.813617,-1.5182,-0.0032,-0.1466,-0.6303
/kaggle/input/datasets/duc24kdl/sub-x-ray/sub_X-Ray/sub_NIH/00001311_000.png,,sub_NIH,00001311_000.png,ok,512x512 -> 1024x1024,2,1,4.81,42.7437,3.457096,1.859327,0.9731,0.9976,0.0978,6.4453,38.461,9.267836,3.044312,0.956,0.994,0.2358,0.2358,0.2358,7.6394,73.4629,61.2349,73.4629,61.2349,0.1112,38.461,0.956,9.267836,3.044312,-4.2827,-0.0035,-0.1379,-1.1942
/kaggle/input/datasets/duc24kdl/sub-x-ray/sub_X-Ray/sub_NIH/00001314_000.png,,sub_NIH,00001314_000.png,ok,512x512 -> 1024x1024,2,1,4.79,44.0075,2.584247,1.607559,0.9874,0.9985,0.0505,6.5845,40.4705,5.83487,2.415547,0.9753,0.9958,0.1886,0.1886,0.1886,7.8995,160.2286,60.8634,160.2286,60.8634,0.383,40.4705,0.9753,5.83487,2.415547,-3.537,-0.0026,-0.1381,-1.315
/kaggle/input/datasets/duc24kdl/sub-x-ray/sub_X-Ray/sub_NIH/00001315_003.png,,sub_NIH,00001315_003.png,ok,512x512 -> 1024x1024,2,1,4.79,35.0008,20.558933,4.534196,0.9848,0.9981,0.0766,6.8549,32.8175,33.988713,5.829984,0.9775,0.9958,0.2577,0.2577,0.2577,8.3303,124.938,45.2085,124.938,45.2085,0.1861,32.8175,0.9775,33.988713,5.829984,-2.1833,-0.0024,-0.181,-1.4754
/kaggle/input/datasets/duc24kdl/sub-x-ray/sub_X-Ray/sub_NIH/00001317_001.png,,sub_NIH,00001317_001.png,ok,512x512 -> 1024x1024,2,1,4.79,42.1493,3.96417,1.991022,0.9606,0.9964,0.1497,6.6648,39.2967,7.645561,2.765061,0.9409,0.9916,0.3452,0.3452,0.3452,8.0845,130.6621,63.1237,130.6621,63.1237,0.0922,39.2967,0.9409,7.645561,2.765061,-2.8526,-0.0048,-0.1955,-1.4197
/kaggle/input/datasets/duc24kdl/sub-x-ray/sub_X-Ray/sub_NIH/00001317_005.png,,sub_NIH,00001317_005.png,ok,512x512 -> 1024x1024,2,1,4.8,39.5137,7.273024,2.696854,0.985,0.9983,0.0827,7.3225,37.5076,11.543,3.397499,0.9767,0.9963,0.2599,0.2599,0.2599,7.3918,113.8789,47.1517,113.8789,47.1517,0.133,37.5076,0.9767,11.543,3.397499,-2.006,-0.002,-0.1772,-0.0693
/kaggle/input/datasets/duc24kdl/sub-x-ray/sub_X-Ray/sub_NIH/00001317_006.png,,sub_NIH,00001317_006.png,ok,512x512 -> 1024x1024,2,1,4.81,38.5771,9.023379,3.003894,0.9867,0.9984,0.0712,7.5779,37.0195,12.915946,3.593876,0.9792,0.9967,0.2306,0.2306,0.2306,8.2696,118.7348,48.6585,118.7348,48.6585,0.1402,37.0195,0.9792,12.915946,3.593876,-1.5576,-0.0017,-0.1594,-0.6917
/kaggle/input/datasets/duc24kdl/sub-x-ray/sub_X-Ray/sub_NIH/00001319_000.png,,sub_NIH,00001319_000.png,ok,512x512 -> 1024x1024,2,1,4.81,45.5737,1.801828,1.342322,0.9834,0.9982,0.0827,6.7305,40.8522,5.343966,2.311702,0.9687,0.9949,0.263,0.263,0.263,8.1486,152.5602,53.7235,152.5602,53.7235,0.1298,40.8522,0.9687,5.343966,2.311702,-4.7215,-0.0032,-0.1803,-1.418
/kaggle/input/datasets/duc24kdl/sub-x-ray/sub_X-Ray/sub_NIH/00001319_002.png,,sub_NIH,00001319_002.png,ok,512x512 -> 1024x1024,2,1,4.79,41.805,4.291183,2.071517,0.9615,0.9966,0.1439,6.8847,39.0259,8.137526,2.852635,0.9419,0.992,0.343,0.343,0.343,7.9113,113.9432,64.3812,113.9432,64.3812,0.1063,39.0259,0.9419,8.137526,2.852635,-2.7792,-0.0045,-0.1992,-1.0267
/kaggle/input/datasets/duc24kdl/sub-x-ray/sub_X-Ray/sub_NIH/00001322_002.png,,sub_NIH,00001322_002.png,ok,512x512 -> 1024x1024,2,1,4.8,41.3665,4.747167,2.178799,0.9632,0.9966,0.1334,6.6875,38.3737,9.455963,3.075055,0.9446,0.9921,0.3205,0.3205,0.3205,7.5751,94.9243,63.4732,94.9243,63.4732,0.1555,38.3737,0.9446,9.455963,3.075055,-2.9927,-0.0045,-0.187,-0.8875
/kaggle/input/datasets/duc24kdl/sub-x-ray/sub_X-Ray/sub_NIH/00001324_000.png,,sub_NIH,00001324_000.png,ok,512x512 -> 1024x1024,2,1,4.78,44.7139,2.196283,1.481986,0.9808,0.998,0.0861,6.9439,40.6315,5.62257,2.371196,0.9646,0.9944,0.2714,0.2714,0.2714,7.9276,172.4677,42.7593,172.4677,42.7593,0.0444,40.6315,0.9646,5.62257,2.371196,-4.0825,-0.0036,-0.1853,-0.9837
/kaggle/input/datasets/duc24kdl/sub-x-ray/sub_X-Ray/sub_NIH/00001326_002.png,,sub_NIH,00001326_002.png,ok,512x512 -> 1024x1024,2,1,4.79,38.2595,9.708103,3.115783,0.9869,0.9984,0.0655,7.4807,36.6603,14.029888,3.745649,0.9807,0.9971,0.2013,0.2013,0.2013,8.0958,145.337,58.8195,145.337,58.8195,0.1293,36.6603,0.9807,14.029888,3.745649,-1.5992,-0.0014,-0.1358,-0.6151
/kaggle/input/datasets/duc24kdl/sub-x-ray/sub_X-Ray/sub_NIH/00001326_005.png,,sub_NIH,00001326_005.png,ok,512x512 -> 1024x1024,2,1,4.79,40.8172,5.38711,2.321015,0.9592,0.9963,0.1456,6.7067,37.0029,12.965488,3.600762,0.9376,0.991,0.336,0.336,0.336,7.6949,130.841,57.7431,130.841,57.7431,0.1532,37.0029,0.9376,12.965488,3.600762,-3.8143,-0.0053,-0.1903,-0.9881
/kaggle/input/datasets/duc24kdl/sub-x-ray/sub_X-Ray/sub_NIH/00001327_003.png,,sub_NIH,00001327_003.png,ok,512x512 -> 1024x1024,2,1,4.79,40.778,5.435982,2.331519,0.9534,0.9959,0.1411,6.3133,37.5446,11.445127,3.383065,0.9273,0.9898,0.3196,0.3196,0.3196,7.8263,115.0883,66.4216,115.0883,66.4216,0.0985,37.5446,0.9273,11.445127,3.383065,-3.2334,-0.0061,-0.1784,-1.5131
/kaggle/input/datasets/duc24kdl/sub-x-ray/sub_X-Ray/sub_NIH/00001330_001.png,,sub_NIH,00001330_001.png,ok,512x512 -> 1024x1024,2,1,4.78,35.7837,17.16756,4.143375,0.9762,0.9976,0.0881,6.0994,32.1827,39.337677,6.271976,0.9554,0.9929,0.25,0.25,0.25,7.4504,113.4398,66.3399,113.4398,66.3399,0.233,32.1827,0.9554,39.337677,6.271976,-3.601,-0.0047,-0.1619,-1.351
/kaggle/input/datasets/duc24kdl/sub-x-ray/sub_X-Ray/sub_NIH/00001330_003.png,,sub_NIH,00001330_003.png,ok,512x512 -> 1024x1024,2,1,4.77,40.1026,6.350628,2.520045,0.9606,0.9965,0.1308,5.8938,37.2437,12.266165,3.502309,0.9364,0.9911,0.2879,0.2879,0.2879,7.3079,102.9878,75.3159,102.9878,75.3159,0.1076,37.2437,0.9364,12.266165,3.502309,-2.8589,-0.0055,-0.1571,-1.414
/kaggle/input/datasets/duc24kdl/sub-x-ray/sub_X-Ray/sub_NIH/00001332_000.png,,sub_NIH,00001332_000.png,ok,512x512 -> 1024x1024,2,1,4.77,38.8426,8.488328,2.913474,0.9872,0.9984,0.0531,7.467,36.6215,14.155671,3.762402,0.9808,0.997,0.1629,0.1629,0.1629,8.5985,138.7312,70.8007,138.7312,70.8007,0.2385,36.6215,0.9808,14.155671,3.762402,-2.2211,-0.0014,-0.1098,-1.1315
/kaggle/input/datasets/duc24kdl/sub-x-ray/sub_X-Ray/sub_NIH/00001332_003.png,,sub_NIH,00001332_003.png,ok,512x512 -> 1024x1024,2,1,5.01,37.0991,12.681516,3.561112,0.9855,0.9982,0.0736,7.253,33.9897,25.948102,5.093928,0.9761,0.996,0.2352,0.2352,0.2352,8.0548,105.4276,52.2867,105.4276,52.2867,0.1755,33.9897,0.9761,25.948102,5.093928,-3.1093,-0.0022,-0.1617,-0.8017
/kaggle/input/datasets/duc24kdl/sub-x-ray/sub_X-Ray/sub_NIH/00001335_002.png,,sub_NIH,00001335_002.png,ok,512x512 -> 1024x1024,2,1,4.83,36.7945,13.602988,3.688223,0.9854,0.9983,0.0604,6.7147,35.3442,18.995802,4.358417,0.9747,0.996,0.1892,0.1892,0.1892,7.4694,172.2067,54.0257,172.2067,54.0257,0.1505,35.3442,0.9747,18.995802,4.358417,-1.4502,-0.0024,-0.1288,-0.7547
/kaggle/input/datasets/duc24kdl/sub-x-ray/sub_X-Ray/sub_NIH/00001336_000.png,,sub_NIH,00001336_000.png,ok,512x512 -> 1024x1024,2,1,4.81,43.2902,3.048316,1.745943,0.9831,0.9982,0.0616,6.8424,40.048,6.431005,2.535943,0.9692,0.9951,0.198,0.198,0.198,7.5845,155.7211,58.7159,155.7211,58.7159,-0.0738,40.048,0.9692,6.431005,2.535943,-3.2422,-0.0031,-0.1364,-0.742
/kaggle/input/datasets/duc24kdl/sub-x-ray/sub_X-Ray/sub_NIH/00001337_000.png,,sub_NIH,00001337_000.png,ok,512x512 -> 1024x1024,2,1,4.8,41.8512,4.245782,2.06053,0.9624,0.9966,0.1406,6.7473,39.6869,6.988596,2.643595,0.9457,0.9925,0.3235,0.3235,0.3235,8.1824,131.3063,70.3563,131.3063,70.3563,0.1335,39.6869,0.9457,6.988596,2.643595,-2.1643,-0.0042,-0.1829,-1.4352
/kaggle/input/datasets/duc24kdl/sub-x-ray/sub_X-Ray/sub_NIH/00001338_000.png,,sub_NIH,00001338_000.png,ok,512x512 -> 1024x1024,2,1,4.77,41.5191,4.583245,2.140851,0.9615,0.9965,0.1399,6.5252,38.8919,8.392424,2.896968,0.9408,0.9916,0.3242,0.3242,0.3242,7.9689,119.7583,65.5307,119.7583,65.5307,0.1324,38.8919,0.9408,8.392424,2.896968,-2.6271,-0.0049,-0.1843,-1.4437
/kaggle/input/datasets/duc24kdl/sub-x-ray/sub_X-Ray/sub_NIH/00001338_001.png,,sub_NIH,00001338_001.png,ok,512x512 -> 1024x1024,2,1,4.77,35.88,16.791104,4.097695,0.9779,0.9977,0.0881,6.1048,32.1631,39.515993,6.286175,0.9579,0.993,0.2672,0.2672,0.2672,7.6546,132.8043,63.1149,132.8043,63.1149,0.2086,32.1631,0.9579,39.515993,6.286175,-3.7169,-0.0047,-0.179,-1.5497
/kaggle/input/datasets/duc24kdl/sub-x-ray/sub_X-Ray/sub_NIH/00001338_002.png,,sub_NIH,00001338_002.png,ok,512x512 -> 1024x1024,2,1,4.78,35.2872,19.247073,4.387149,0.9801,0.9978,0.0928,5.6725,32.573,35.956434,5.996368,0.9627,0.9933,0.2451,0.2451,0.2451,7.3453,112.0673,67.3122,112.0673,67.3122,0.2243,32.573,0.9627,35.956434,5.996368,-2.7141,-0.0045,-0.1524,-1.6729
/kaggle/input/datasets/duc24kdl/sub-x-ray/sub_X-Ray/sub_NIH/00001338_003.png,,sub_NIH,00001338_003.png,ok,512x512 -> 1024x1024,2,1,4.79,45.5934,1.79366,1.339276,0.9764,0.9975,0.0919,7.0513,42.5462,3.617958,1.902093,0.9625,0.9938,0.2759,0.2759,0.2759,7.3853,110.9793,30.2838,110.9793,30.2838,0.0779,42.5462,0.9625,3.617958,1.902093,-3.0472,-0.0038,-0.184,-0.334
/kaggle/input/datasets/duc24kdl/sub-x-ray/sub_X-Ray/sub_NIH/00001339_000.png,,sub_NIH,00001339_000.png,ok,512x512 -> 1024x1024,2,1,4.77,41.2654,4.858947,2.204302,0.9645,0.9968,0.1322,6.5156,38.3807,9.440871,3.0726,0.9454,0.9925,0.312,0.312,0.312,8.751,122.421,63.0784,122.421,63.0784,0.1536,38.3807,0.9454,9.440871,3.0726,-2.8847,-0.0043,-0.1798,-2.2354
/kaggle/input/datasets/duc24kdl/sub-x-ray/sub_X-Ray/sub_NIH/00001340_000.png,,sub_NIH,00001340_000.png,ok,512x512 -> 1024x1024,2,1,4.78,41.36,4.754265,2.180428,0.9685,0.9971,0.1149,6.8685,38.63,8.914125,2.985653,0.9546,0.9938,0.2869,0.2869,0.2869,8.7453,146.1826,64.2308,146.1826,64.2308,0.1495,38.63,0.9546,8.914125,2.985653,-2.73,-0.0034,-0.172,-1.8768
/kaggle/input/datasets/duc24kdl/sub-x-ray/sub_X-Ray/sub_NIH/00001341_000.png,,sub_NIH,00001341_000.png,ok,512x512 -> 1024x1024,2,1,4.8,40.6257,5.629968,2.372755,0.9647,0.9969,0.1255,6.7326,37.75,10.916504,3.304013,0.9433,0.9922,0.2946,0.2946,0.2946,7.8257,102.0987,63.0999,102.0987,63.0999,0.1886,37.75,0.9433,10.916504,3.304013,-2.8758,-0.0047,-0.1691,-1.0931
/kaggle/input/datasets/duc24kdl/sub-x-ray/sub_X-Ray/sub_NIH/00001342_000.png,,sub_NIH,00001342_000.png,ok,512x512 -> 1024x1024,2,1,4.8,44.2807,2.426682,1.557781,0.983,0.9981,0.0688,6.6101,39.6044,7.122661,2.668831,0.965,0.9942,0.2269,0.2269,0.2269,7.5995,145.6564,44.1962,145.6564,44.1962,0.1958,39.6044,0.965,7.122661,2.668831,-4.6763,-0.0038,-0.1581,-0.9895
/kaggle/input/datasets/duc24kdl/sub-x-ray/sub_X-Ray/sub_NIH/00001342_001.png,,sub_NIH,00001342_001.png,ok,512x512 -> 1024x1024,2,1,4.82,45.7494,1.730393,1.315444,0.9822,0.998,0.0616,6.4802,40.8975,5.288499,2.299674,0.9652,0.9942,0.2019,0.2019,0.2019,7.9636,157.7994,60.6915,157.7994,60.6915,0.1146,40.8975,0.9652,5.288499,2.299674,-4.8519,-0.0039,-0.1403,-1.4834
/kaggle/input/datasets/duc24kdl/sub-x-ray/sub_X-Ray/sub_NIH/00001343_000.png,,sub_NIH,00001343_000.png,ok,512x512 -> 1024x1024,2,1,4.78,42.5448,3.619139,1.902403,0.9637,0.9967,0.1434,6.7696,39.505,7.287482,2.699534,0.9465,0.9926,0.3304,0.3304,0.3304,7.8712,131.3642,66.6449,131.3642,66.6449,0.1028,39.505,0.9465,7.287482,2.699534,-3.0397,-0.0042,-0.1871,-1.1016
/kaggle/input/datasets/duc24kdl/sub-x-ray/sub_X-Ray/sub_NIH/00001344_000.png,,sub_NIH,00001344_000.png,ok,512x512 -> 1024x1024,2,1,4.78,46.5855,1.42734,1.194713,0.9849,0.9982,0.0624,7.1509,42.8135,3.40194,1.844435,0.9746,0.9958,0.2131,0.2131,0.2131,7.9961,170.6524,45.8781,170.6524,45.8781,0.1954,42.8135,0.9746,3.40194,1.844435,-3.772,-0.0025,-0.1506,-0.8451
/kaggle/input/datasets/duc24kdl/sub-x-ray/sub_X-Ray/sub_NIH/00001345_000.png,,sub_NIH,00001345_000.png,ok,512x512 -> 1024x1024,2,1,4.78,41.4123,4.697353,2.167338,0.9646,0.9968,0.1433,7.4299,38.3605,9.484797,3.07974,0.9495,0.993,0.3384,0.3384,0.3384,8.5156,145.0414,58.5887,145.0414,58.5887,0.1199,38.3605,0.9495,9.484797,3.07974,-3.0517,-0.0038,-0.1951,-1.0857
/kaggle/input/datasets/duc24kdl/sub-x-ray/sub_X-Ray/sub_NIH/00001346_000.png,,sub_NIH,00001346_000.png,ok,512x512 -> 1024x1024,2,1,4.81,41.8686,4.228808,2.056407,0.9624,0.9966,0.1317,6.3111,38.3762,9.45058,3.074179,0.9419,0.9919,0.3012,0.3012,0.3012,7.7759,109.5999,70.1218,109.5999,70.1218,0.1013,38.3762,0.9419,9.45058,3.074179,-3.4924,-0.0047,-0.1695,-1.4648
/kaggle/input/datasets/duc24kdl/sub-x-ray/sub_X-Ray/sub_NIH/00001347_000.png,,sub_NIH,00001347_000.png,ok,512x512 -> 1024x1024,2,1,4.8,41.9917,4.110633,2.02747,0.9638,0.9968,0.1269,6.2827,38.689,8.793853,2.965443,0.9416,0.9917,0.2934,0.2934,0.2934,7.4242,103.4231,69.6809,103.4231,69.6809,0.1094,38.689,0.9416,8.793853,2.965443,-3.3027,-0.005,-0.1665,-1.1414
/kaggle/input/datasets/duc24kdl/sub-x-ray/sub_X-Ray/sub_NIH/00001347_001.png,,sub_NIH,00001347_001.png,ok,512x512 -> 1024x1024,2,1,4.79,38.0801,10.117431,3.180791,0.9805,0.9979,0.0699,6.2069,36.4189,14.831519,3.851171,0.9626,0.9939,0.2106,0.2106,0.2106,7.0936,156.9553,56.2411,156.9553,56.2411,0.1442,36.4189,0.9626,14.831519,3.851171,-1.6612,-0.004,-0.1408,-0.8867
/kaggle/input/datasets/duc24kdl/sub-x-ray/sub_X-Ray/sub_NIH/00001347_002.png,,sub_NIH,00001347_002.png,ok,512x512 -> 1024x1024,2,1,4.78,40.6862,5.552079,2.356285,0.9596,0.9964,0.142,6.291,38.0231,10.251208,3.201751,0.9355,0.9908,0.3265,0.3265,0.3265,7.2786,107.642,68.9205,107.642,68.9205,0.1345,38.0231,0.9355,10.251208,3.201751,-2.6632,-0.0056,-0.1845,-0.9876
/kaggle/input/datasets/duc24kdl/sub-x-ray/sub_X-Ray/sub_NIH/00001348_000.png,,sub_NIH,00001348_000.png,ok,512x512 -> 1024x1024,2,1,4.81,42.0017,4.10122,2.025147,0.9607,0.9965,0.1303,6.1396,38.9006,8.375738,2.894087,0.9376,0.9912,0.3005,0.3005,0.3005,7.4638,105.1634,71.5421,105.1634,71.5421,0.0925,38.9006,0.9376,8.375738,2.894087,-3.1011,-0.0053,-0.1702,-1.3242
/kaggle/input/datasets/duc24kdl/sub-x-ray/sub_X-Ray/sub_NIH/00001349_000.png,,sub_NIH,00001349_000.png,ok,512x512 -> 1024x1024,2,1,4.79,46.0085,1.630175,1.276783,0.9838,0.9982,0.0748,7.0394,41.2278,4.901229,2.213872,0.9692,0.9949,0.2581,0.2581,0.2581,8.0504,165.3156,44.2991,165.3156,44.2991,0.1277,41.2278,0.9692,4.901229,2.213872,-4.7807,-0.0033,-0.1833,-1.011
/kaggle/input/datasets/duc24kdl/sub-x-ray/sub_X-Ray/sub_NIH/00001350_000.png,,sub_NIH,00001350_000.png,ok,512x512 -> 1024x1024,2,1,4.81,38.2901,9.639797,3.104802,0.9842,0.9982,0.061,6.787,36.5546,14.375434,3.791495,0.973,0.9957,0.1939,0.1939,0.1939,8.0127,158.824,63.2374,158.824,63.2374,0.1875,36.5546,0.973,14.375434,3.791495,-1.7355,-0.0025,-0.1329,-1.2257
/kaggle/input/datasets/duc24kdl/sub-x-ray/sub_X-Ray/sub_NIH/00001351_000.png,,sub_NIH,00001351_000.png,ok,512x512 -> 1024x1024,2,1,4.8,45.0155,2.048959,1.431419,0.977,0.9975,0.095,7.0304,42.3193,3.812012,1.952438,0.9654,0.9944,0.2792,0.2792,0.2792,7.8166,108.2375,32.965,108.2375,32.965,0.0272,42.3193,0.9654,3.812012,1.952438,-2.6962,-0.0032,-0.1842,-0.7862
/kaggle/input/datasets/duc24kdl/sub-x-ray/sub_X-Ray/sub_NIH/00001352_000.png,,sub_NIH,00001352_000.png,ok,512x512 -> 1024x1024,2,1,4.78,41.2222,4.907473,2.215282,0.9548,0.996,0.154,6.7744,38.493,9.199932,3.033139,0.9315,0.9904,0.3602,0.3602,0.3602,7.3442,126.7415,66.5635,126.7415,66.5635,0.103,38.493,0.9315,9.199932,3.033139,-2.7293,-0.0056,-0.2062,-0.5699
/kaggle/input/datasets/duc24kdl/sub-x-ray/sub_X-Ray/sub_NIH/00001353_000.png,,sub_NIH,00001353_000.png,ok,512x512 -> 1024x1024,2,1,4.79,36.4781,14.631007,3.82505,0.9816,0.998,0.0728,6.7864,34.7468,21.797015,4.668727,0.9674,0.9947,0.2165,0.2165,0.2165,8.5172,164.5536,52.1128,164.5536,52.1128,-0.0199,34.7468,0.9674,21.797015,4.668727,-1.7312,-0.0033,-0.1437,-1.7308
/kaggle/input/datasets/duc24kdl/sub-x-ray/sub_X-Ray/sub_NIH/00001354_000.png,,sub_NIH,00001354_000.png,ok,512x512 -> 1024x1024,2,1,4.8,41.5616,4.538634,2.130407,0.9592,0.9964,0.1498,6.6154,38.6542,8.864555,2.97734,0.9388,0.9916,0.3458,0.3458,0.3458,7.6505,121.5331,68.1206,121.5331,68.1206,0.1194,38.6542,0.9388,8.864555,2.97734,-2.9073,-0.0048,-0.196,-1.0352
/kaggle/input/datasets/duc24kdl/sub-x-ray/sub_X-Ray/sub_NIH/00001355_000.png,,sub_NIH,00001355_000.png,ok,512x512 -> 1024x1024,2,1,4.78,34.8801,21.138547,4.597668,0.9814,0.9979,0.0675,6.0365,32.9471,32.988891,5.743596,0.9621,0.9936,0.1942,0.1942,0.1942,7.0298,158.0224,70.5203,158.0224,70.5203,0.3037,32.9471,0.9621,32.988891,5.743596,-1.9329,-0.0043,-0.1267,-0.9933
/kaggle/input/datasets/duc24kdl/sub-x-ray/sub_X-Ray/sub_NIH/00001355_001.png,,sub_NIH,00001355_001.png,ok,512x512 -> 1024x1024,2,1,4.82,36.9645,13.080789,3.616737,0.9813,0.9979,0.0901,8.3139,34.2548,24.411856,4.940836,0.9726,0.9955,0.2711,0.2711,0.2711,8.693,120.0167,55.6143,120.0167,55.6143,0.2652,34.2548,0.9726,24.411856,4.940836,-2.7097,-0.0024,-0.181,-0.3791
/kaggle/input/datasets/duc24kdl/sub-x-ray/sub_X-Ray/sub_NIH/00001355_002.png,,sub_NIH,00001355_002.png,ok,512x512 -> 1024x1024,2,1,4.82,35.4465,18.553785,4.307411,0.9791,0.9977,0.0991,6.8591,32.0488,40.569157,6.369392,0.9679,0.9945,0.282,0.282,0.282,8.16,123.4223,63.0139,123.4223,63.0139,0.2399,32.0488,0.9679,40.569157,6.369392,-3.3976,-0.0032,-0.1829,-1.3008
/kaggle/input/datasets/duc24kdl/sub-x-ray/sub_X-Ray/sub_NIH/00001355_003.png,,sub_NIH,00001355_003.png,ok,512x512 -> 1024x1024,2,1,4.81,46.0329,1.621041,1.273201,0.9799,0.9978,0.086,7.8739,43.3895,2.979441,1.726106,0.9714,0.9954,0.263,0.263,0.263,8.2049,110.4955,31.1514,110.4955,31.1514,0.0929,43.3895,0.9714,2.979441,1.726106,-2.6434,-0.0024,-0.177,-0.331
/kaggle/input/datasets/duc24kdl/sub-x-ray/sub_X-Ray/sub_NIH/00001355_004.png,,sub_NIH,00001355_004.png,ok,512x512 -> 1024x1024,2,1,4.8,35.2344,19.482104,4.413854,0.9765,0.9975,0.1077,6.6584,32.211,39.082226,6.251578,0.9629,0.9935,0.3042,0.3042,0.3042,7.3469,116.7787,47.9732,116.7787,47.9732,0.2065,32.211,0.9629,39.082226,6.251578,-3.0234,-0.004,-0.1965,-0.6885
/kaggle/input/datasets/duc24kdl/sub-x-ray/sub_X-Ray/sub_NIH/00001355_005.png,,sub_NIH,00001355_005.png,ok,512x512 -> 1024x1024,2,1,4.78,36.5096,14.524995,3.811167,0.9733,0.9973,0.1253,7.2087,33.3508,30.060861,5.482779,0.9601,0.9935,0.3375,0.3375,0.3375,7.9166,148.6612,44.8162,148.6612,44.8162,0.2323,33.3508,0.9601,30.060861,5.482779,-3.1589,-0.0038,-0.2122,-0.7079
/kaggle/input/datasets/duc24kdl/sub-x-ray/sub_X-Ray/sub_NIH/00001355_006.png,,sub_NIH,00001355_006.png,ok,512x512 -> 1024x1024,2,1,4.8,36.474,14.644637,3.826831,0.973,0.9972,0.1273,7.2172,33.2856,30.515288,5.524064,0.9601,0.9935,0.3183,0.3183,0.3183,8.1157,133.1722,57.3045,133.1722,57.3045,0.2312,33.2856,0.9601,30.515288,5.524064,-3.1884,-0.0037,-0.191,-0.8985
/kaggle/input/datasets/duc24kdl/sub-x-ray/sub_X-Ray/sub_NIH/00001355_007.png,,sub_NIH,00001355_007.png,ok,512x512 -> 1024x1024,2,1,4.82,41.6379,4.459568,2.111769,0.9632,0.9967,0.1449,6.6979,39.1304,7.943952,2.818502,0.9474,0.9928,0.3296,0.3296,0.3296,8.3837,135.7346,69.4167,135.7346,69.4167,0.1345,39.1304,0.9474,7.943952,2.818502,-2.5074,-0.0039,-0.1847,-1.6858
/kaggle/input/datasets/duc24kdl/sub-x-ray/sub_X-Ray/sub_NIH/00001355_008.png,,sub_NIH,00001355_008.png,ok,512x512 -> 1024x1024,2,1,4.77,42.039,4.066107,2.016459,0.963,0.9967,0.1437,6.9186,39.7653,6.863597,2.619847,0.9477,0.9929,0.3261,0.3261,0.3261,8.192,143.5967,67.0232,143.5967,67.0232,0.1144,39.7653,0.9477,6.863597,2.619847,-2.2737,-0.0038,-0.1824,-1.2734
/kaggle/input/datasets/duc24kdl/sub-x-ray/sub_X-Ray/sub_NIH/00001355_009.png,,sub_NIH,00001355_009.png,ok,512x512 -> 1024x1024,2,1,4.78,41.8036,4.29257,2.071852,0.9635,0.9967,0.1471,6.5788,39.286,7.664499,2.768483,0.9484,0.993,0.335,0.335,0.335,7.9443,133.0195,70.7974,133.0195,70.7974,0.1249,39.286,0.9484,7.664499,2.768483,-2.5177,-0.0037,-0.1878,-1.3655
/kaggle/input/datasets/duc24kdl/sub-x-ray/sub_X-Ray/sub_NIH/00001355_010.png,,sub_NIH,00001355_010.png,ok,512x512 -> 1024x1024,2,1,4.77,41.5496,4.551165,2.133346,0.9618,0.9966,0.1449,6.5293,39.4091,7.450316,2.729527,0.9454,0.9925,0.3271,0.3271,0.3271,8.0658,126.5154,77.3559,126.5154,77.3559,0.1342,39.4091,0.9454,7.450316,2.729527,-2.1405,-0.004,-0.1822,-1.5365
/kaggle/input/datasets/duc24kdl/sub-x-ray/sub_X-Ray/sub_NIH/00001355_011.png,,sub_NIH,00001355_011.png,ok,512x512 -> 1024x1024,2,1,4.8,42.4077,3.7352,1.932667,0.9638,0.9968,0.1395,6.8698,39.4534,7.374646,2.71563,0.9472,0.9929,0.3262,0.3262,0.3262,7.8101,130.7728,69.2633,130.7728,69.2633,0.0918,39.4534,0.9472,7.374646,2.71563,-2.9543,-0.0039,-0.1867,-0.9403
/kaggle/input/datasets/duc24kdl/sub-x-ray/sub_X-Ray/sub_NIH/00001355_012.png,,sub_NIH,00001355_012.png,ok,512x512 -> 1024x1024,2,1,4.77,42.1493,3.964191,1.991028,0.9624,0.9966,0.1479,6.8302,40.1177,6.328593,2.515669,0.9472,0.9929,0.3392,0.3392,0.3392,8.0525,134.143,71.2229,134.143,71.2229,0.123,40.1177,0.9472,6.328593,2.515669,-2.0315,-0.0038,-0.1913,-1.2224
/kaggle/input/datasets/duc24kdl/sub-x-ray/sub_X-Ray/sub_NIH/00001356_000.png,,sub_NIH,00001356_000.png,ok,512x512 -> 1024x1024,2,1,4.77,41.63,4.467622,2.113675,0.9622,0.9966,0.1376,6.6051,38.9817,8.22073,2.867182,0.9412,0.9918,0.3279,0.3279,0.3279,8.1171,123.8633,62.4597,123.8633,62.4597,0.1362,38.9817,0.9412,8.22073,2.867182,-2.6483,-0.0049,-0.1903,-1.512
/kaggle/input/datasets/duc24kdl/sub-x-ray/sub_X-Ray/sub_NIH/00001357_000.png,,sub_NIH,00001357_000.png,ok,512x512 -> 1024x1024,2,1,4.79,44.4508,2.333479,1.527573,0.9848,0.9983,0.0677,7.2961,40.9334,5.244904,2.290176,0.9714,0.9953,0.2305,0.2305,0.2305,8.2047,153.3403,49.4473,153.3403,49.4473,0.0203,40.9334,0.9714,5.244904,2.290176,-3.5173,-0.0029,-0.1628,-0.9086
/kaggle/input/datasets/duc24kdl/sub-x-ray/sub_X-Ray/sub_NIH/00001358_000.png,,sub_NIH,00001358_000.png,ok,512x512 -> 1024x1024,2,1,4.79,41.9417,4.15823,2.039174,0.962,0.9966,0.1479,6.971,39.8511,6.729296,2.594089,0.9464,0.9928,0.3492,0.3492,0.3492,8.1481,132.0398,71.6196,132.0398,71.6196,0.1199,39.8511,0.9464,6.729296,2.594089,-2.0906,-0.0038,-0.2012,-1.1771
/kaggle/input/datasets/duc24kdl/sub-x-ray/sub_X-Ray/sub_NIH/00001358_001.png,,sub_NIH,00001358_001.png,ok,512x512 -> 1024x1024,2,1,4.8,40.6125,5.647176,2.376379,0.9562,0.9961,0.1645,7.1127,37.5694,11.379843,3.373402,0.9379,0.9915,0.3845,0.3845,0.3845,8.0107,137.3895,67.104,137.3895,67.104,0.0884,37.5694,0.9379,11.379843,3.373402,-3.043,-0.0046,-0.22,-0.898
/kaggle/input/datasets/duc24kdl/sub-x-ray/sub_X-Ray/sub_NIH/00001359_000.png,,sub_NIH,00001359_000.png,ok,512x512 -> 1024x1024,2,1,4.79,42.4945,3.66126,1.913442,0.9637,0.9967,0.1254,6.7036,39.0296,8.130505,2.851404,0.9429,0.9921,0.3062,0.3062,0.3062,8.1954,101.1166,68.031,101.1166,68.031,0.0876,39.0296,0.9429,8.130505,2.851404,-3.4649,-0.0047,-0.1808,-1.4918
/kaggle/input/datasets/duc24kdl/sub-x-ray/sub_X-Ray/sub_NIH/00001360_000.png,,sub_NIH,00001360_000.png,ok,512x512 -> 1024x1024,2,1,4.77,44.7354,2.185432,1.478321,0.9731,0.9972,0.1044,7.3503,42.0295,4.07507,2.01868,0.9581,0.9931,0.282,0.282,0.282,8.3557,109.5247,35.013,109.5247,35.013,0.0968,42.0295,0.9581,4.07507,2.01868,-2.706,-0.0041,-0.1775,-1.0053
/kaggle/input/datasets/duc24kdl/sub-x-ray/sub_X-Ray/sub_NIH/00001361_000.png,,sub_NIH,00001361_000.png,ok,512x512 -> 1024x1024,2,1,4.78,35.5968,17.922499,4.233497,0.9745,0.9975,0.1038,6.7723,33.6152,28.284951,5.31836,0.9548,0.9928,0.2608,0.2608,0.2608,7.0987,144.7321,53.6171,144.7321,53.6171,0.097,33.6152,0.9548,28.284951,5.31836,-1.9816,-0.0046,-0.157,-0.3263
/kaggle/input/datasets/duc24kdl/sub-x-ray/sub_X-Ray/sub_NIH/00001362_000.png,,sub_NIH,00001362_000.png,ok,512x512 -> 1024x1024,2,1,4.78,35.9989,16.337843,4.04201,0.9833,0.9982,0.069,6.6907,34.8191,21.437102,4.630022,0.9732,0.9958,0.2071,0.2071,0.2071,8.187,166.3106,70.9104,166.3106,70.9104,0.1744,34.8191,0.9732,21.437102,4.630022,-1.1797,-0.0024,-0.1381,-1.4963
/kaggle/input/datasets/duc24kdl/sub-x-ray/sub_X-Ray/sub_NIH/00001362_001.png,,sub_NIH,00001362_001.png,ok,512x512 -> 1024x1024,2,1,4.77,38.4137,9.369462,3.060958,0.9898,0.9986,0.0463,9.2431,37.2367,12.286043,3.505145,0.9881,0.9981,0.1623,0.1623,0.1623,9.44,164.2886,42.5335,164.2886,42.5335,0.171,37.2367,0.9881,12.286043,3.505145,-1.177,-0.0005,-0.116,-0.1969
/kaggle/input/datasets/duc24kdl/sub-x-ray/sub_X-Ray/sub_NIH/00001362_002.png,,sub_NIH,00001362_002.png,ok,512x512 -> 1024x1024,2,1,4.77,37.3861,11.870603,3.445374,0.983,0.9981,0.0761,7.9731,35.9711,16.442452,4.054929,0.9763,0.9965,0.1973,0.1973,0.1973,8.893,143.6845,65.6453,143.6845,65.6453,0.1498,35.9711,0.9763,16.442452,4.054929,-1.4149,-0.0016,-0.1213,-0.9199
/kaggle/input/datasets/duc24kdl/sub-x-ray/sub_X-Ray/sub_NIH/00001362_003.png,,sub_NIH,00001362_003.png,ok,512x512 -> 1024x1024,2,1,4.79,37.2991,12.11083,3.480062,0.9816,0.9981,0.076,6.9123,35.4738,18.437411,4.293881,0.9685,0.9951,0.2088,0.2088,0.2088,7.1709,168.3953,61.9312,168.3953,61.9312,0.0401,35.4738,0.9685,18.437411,4.293881,-1.8253,-0.003,-0.1328,-0.2585
/kaggle/input/datasets/duc24kdl/sub-x-ray/sub_X-Ray/sub_NIH/00001362_004.png,,sub_NIH,00001362_004.png,ok,512x512 -> 1024x1024,2,1,4.81,38.1924,9.859217,3.139939,0.9878,0.9984,0.0574,8.5109,36.8954,13.290379,3.645597,0.9852,0.9977,0.1973,0.1973,0.1973,9.3445,160.3126,38.6152,160.3126,38.6152,0.1757,36.8954,0.9852,13.290379,3.645597,-1.2969,-0.0007,-0.1399,-0.8335
/kaggle/input/datasets/duc24kdl/sub-x-ray/sub_X-Ray/sub_NIH/00001362_005.png,,sub_NIH,00001362_005.png,ok,512x512 -> 1024x1024,2,1,4.83,36.7666,13.690586,3.700079,0.9882,0.9984,0.0591,8.0979,34.7667,21.697569,4.658065,0.9846,0.9974,0.1912,0.1912,0.1912,8.6961,161.6595,39.7188,161.6595,39.7188,0.1834,34.7667,0.9846,21.697569,4.658065,-1.9999,-0.001,-0.1321,-0.5982
/kaggle/input/datasets/duc24kdl/sub-x-ray/sub_X-Ray/sub_NIH/00001362_006.png,,sub_NIH,00001362_006.png,ok,512x512 -> 1024x1024,2,1,4.79,37.5507,11.429181,3.380707,0.9885,0.9985,0.0558,8.346,36.3092,15.211112,3.900143,0.985,0.9976,0.1837,0.1837,0.1837,8.1509,162.332,42.3341,162.332,42.3341,0.1935,36.3092,0.985,15.211112,3.900143,-1.2415,-0.0009,-0.1279,0.1951
/kaggle/input/datasets/duc24kdl/sub-x-ray/sub_X-Ray/sub_NIH/00001362_007.png,,sub_NIH,00001362_007.png,ok,512x512 -> 1024x1024,2,1,4.78,38.8375,8.498176,2.915163,0.9863,0.9983,0.0642,8.4184,37.2991,12.110801,3.480058,0.9822,0.9972,0.2264,0.2264,0.2264,8.3663,158.612,36.001,158.612,36.001,0.1655,37.2991,0.9822,12.110801,3.480058,-1.5385,-0.0011,-0.1623,0.0521
/kaggle/input/datasets/duc24kdl/sub-x-ray/sub_X-Ray/sub_NIH/00001362_008.png,,sub_NIH,00001362_008.png,ok,512x512 -> 1024x1024,2,1,4.79,39.0215,8.145671,2.854062,0.9862,0.9983,0.0682,7.9347,37.3752,11.90025,3.449674,0.981,0.997,0.2209,0.2209,0.2209,8.6078,118.4178,57.2013,118.4178,57.2013,0.161,37.3752,0.981,11.90025,3.449674,-1.6463,-0.0014,-0.1527,-0.6731
/kaggle/input/datasets/duc24kdl/sub-x-ray/sub_X-Ray/sub_NIH/00001362_009.png,,sub_NIH,00001362_009.png,ok,512x512 -> 1024x1024,2,1,4.8,43.1191,3.170792,1.780672,0.9625,0.9966,0.1411,6.5728,40.5295,5.75613,2.399194,0.9457,0.9926,0.339,0.339,0.339,8.1678,126.7785,73.6661,126.7785,73.6661,0.0748,40.5295,0.9457,5.75613,2.399194,-2.5896,-0.0041,-0.1979,-1.595
/kaggle/input/datasets/duc24kdl/sub-x-ray/sub_X-Ray/sub_NIH/00001362_010.png,,sub_NIH,00001362_010.png,ok,512x512 -> 1024x1024,2,1,4.79,41.3056,4.814172,2.194122,0.9559,0.9961,0.1611,6.4208,38.8009,8.570102,2.927474,0.9367,0.9913,0.3722,0.3722,0.3722,7.9501,135.7502,71.6234,135.7502,71.6234,0.1085,38.8009,0.9367,8.570102,2.927474,-2.5046,-0.0048,-0.2111,-1.5293
/kaggle/input/datasets/duc24kdl/sub-x-ray/sub_X-Ray/sub_NIH/00001362_011.png,,sub_NIH,00001362_011.png,ok,512x512 -> 1024x1024,2,1,4.8,36.4334,14.78241,3.84479,0.9824,0.9979,0.0874,7.3069,33.8438,26.834826,5.180234,0.9758,0.9953,0.2711,0.2711,0.2711,8.4121,123.8256,44.3828,123.8256,44.3828,0.2027,33.8438,0.9758,26.834826,5.180234,-2.5895,-0.0025,-0.1837,-1.1052
/kaggle/input/datasets/duc24kdl/sub-x-ray/sub_X-Ray/sub_NIH/00001362_012.png,,sub_NIH,00001362_012.png,ok,512x512 -> 1024x1024,2,1,4.78,37.8964,10.554485,3.248767,0.9852,0.9982,0.0728,7.9728,35.7853,17.161356,4.142627,0.9806,0.9967,0.2436,0.2436,0.2436,8.8571,123.1089,52.7435,123.1089,52.7435,0.1777,35.7853,0.9806,17.161356,4.142627,-2.1111,-0.0015,-0.1708,-0.8842
/kaggle/input/datasets/duc24kdl/sub-x-ray/sub_X-Ray/sub_NIH/00001362_013.png,,sub_NIH,00001362_013.png,ok,512x512 -> 1024x1024,2,1,4.78,41.7999,4.296258,2.072742,0.9625,0.9966,0.1444,6.6738,39.2697,7.693305,2.773681,0.9457,0.9925,0.3276,0.3276,0.3276,8.3124,136.4815,71.6799,136.4815,71.6799,0.111,39.2697,0.9457,7.693305,2.773681,-2.5302,-0.0041,-0.1832,-1.6386
/kaggle/input/datasets/duc24kdl/sub-x-ray/sub_X-Ray/sub_NIH/00001362_014.png,,sub_NIH,00001362_014.png,ok,512x512 -> 1024x1024,2,1,4.77,36.6558,14.044248,3.747566,0.9873,0.9983,0.0641,7.8705,34.179,24.841461,4.984121,0.9821,0.9966,0.2002,0.2002,0.2002,8.7737,110.5333,56.2742,110.5333,56.2742,0.2071,34.179,0.9821,24.841461,4.984121,-2.4768,-0.0017,-0.1361,-0.9032
/kaggle/input/datasets/duc24kdl/sub-x-ray/sub_X-Ray/sub_NIH/00001362_015.png,,sub_NIH,00001362_015.png,ok,512x512 -> 1024x1024,2,1,4.8,38.1441,9.969504,3.157452,0.9864,0.9983,0.0666,7.9087,35.9354,16.578477,4.071668,0.9818,0.9969,0.2201,0.2201,0.2201,8.2957,117.7113,54.0435,117.7113,54.0435,0.1718,35.9354,0.9818,16.578477,4.071668,-2.2087,-0.0014,-0.1535,-0.387
/kaggle/input/datasets/duc24kdl/sub-x-ray/sub_X-Ray/sub_NIH/00001362_016.png,,sub_NIH,00001362_016.png,ok,512x512 -> 1024x1024,2,1,4.8,42.3631,3.773691,1.942599,0.9637,0.9967,0.1365,6.4671,39.0344,8.121522,2.849828,0.9459,0.9926,0.3153,0.3153,0.3153,8.0132,128.4055,75.884,128.4055,75.884,0.0956,39.0344,0.9459,8.121522,2.849828,-3.3287,-0.0042,-0.1788,-1.546
/kaggle/input/datasets/duc24kdl/sub-x-ray/sub_X-Ray/sub_NIH/00001362_017.png,,sub_NIH,00001362_017.png,ok,512x512 -> 1024x1024,2,1,4.8,35.1753,19.749278,4.444016,0.9873,0.9982,0.055,7.1562,32.8141,34.014632,5.832206,0.9823,0.996,0.1873,0.1873,0.1873,8.5162,157.5672,48.2702,157.5672,48.2702,0.188,32.8141,0.9823,34.014632,5.832206,-2.3611,-0.0022,-0.1323,-1.36
/kaggle/input/datasets/duc24kdl/sub-x-ray/sub_X-Ray/sub_NIH/00001363_000.png,,sub_NIH,00001363_000.png,ok,512x512 -> 1024x1024,2,1,4.79,42.395,3.746083,1.93548,0.9625,0.9967,0.1373,6.4563,39.3765,7.506395,2.73978,0.9417,0.9919,0.3195,0.3195,0.3195,7.5179,104.3322,66.7021,104.3322,66.7021,0.0966,39.3765,0.9417,7.506395,2.73978,-3.0185,-0.0047,-0.1822,-1.0616
/kaggle/input/datasets/duc24kdl/sub-x-ray/sub_X-Ray/sub_NIH/00001364_000.png,,sub_NIH,00001364_000.png,ok,512x512 -> 1024x1024,2,1,4.8,44.5541,2.278601,1.509504,0.9745,0.9973,0.0911,7.0736,41.4306,4.677552,2.162765,0.957,0.9928,0.2502,0.2502,0.2502,7.7123,105.9611,34.8715,105.9611,34.8715,0.1131,41.4306,0.957,4.677552,2.162765,-3.1235,-0.0045,-0.1591,-0.6387
/kaggle/input/datasets/duc24kdl/sub-x-ray/sub_X-Ray/sub_NIH/00001364_001.png,,sub_NIH,00001364_001.png,ok,512x512 -> 1024x1024,2,1,4.78,41.5172,4.585248,2.141319,0.9693,0.9972,0.1124,6.4019,38.298,9.622394,3.101998,0.9507,0.993,0.2744,0.2744,0.2744,7.9928,100.7943,60.2953,100.7943,60.2953,0.1408,38.298,0.9507,9.622394,3.101998,-3.2192,-0.0042,-0.162,-1.5909
/kaggle/input/datasets/duc24kdl/sub-x-ray/sub_X-Ray/sub_NIH/00001364_002.png,,sub_NIH,00001364_002.png,ok,512x512 -> 1024x1024,2,1,4.79,36.5988,14.229711,3.772229,0.984,0.998,0.0763,6.779,33.9033,26.469737,5.144875,0.971,0.9945,0.228,0.228,0.228,7.2256,109.5042,52.9512,109.5042,52.9512,0.1885,33.9033,0.971,26.469737,5.144875,-2.6955,-0.0035,-0.1517,-0.4467
/kaggle/input/datasets/duc24kdl/sub-x-ray/sub_X-Ray/sub_NIH/00001364_003.png,,sub_NIH,00001364_003.png,ok,512x512 -> 1024x1024,2,1,4.85,38.5649,9.048722,3.008109,0.9845,0.9982,0.0701,7.0179,35.8052,17.082784,4.133132,0.9711,0.995,0.2182,0.2182,0.2182,7.7244,107.266,54.8648,107.266,54.8648,0.1417,35.8052,0.9711,17.082784,4.133132,-2.7597,-0.0032,-0.1481,-0.7065
/kaggle/input/datasets/duc24kdl/sub-x-ray/sub_X-Ray/sub_NIH/00001364_004.png,,sub_NIH,00001364_004.png,ok,512x512 -> 1024x1024,2,1,4.8,41.4774,4.627437,2.151148,0.9677,0.997,0.1139,6.2642,37.5767,11.360805,3.370579,0.9464,0.992,0.2719,0.2719,0.2719,7.6125,99.2742,68.9068,99.2742,68.9068,0.101,37.5767,0.9464,11.360805,3.370579,-3.9007,-0.005,-0.158,-1.3483
/kaggle/input/datasets/duc24kdl/sub-x-ray/sub_X-Ray/sub_NIH/00001364_005.png,,sub_NIH,00001364_005.png,ok,512x512 -> 1024x1024,2,1,4.8,38.2856,9.649889,3.106427,0.9835,0.9982,0.0633,6.3543,35.5449,18.137832,4.258853,0.9689,0.9949,0.1878,0.1878,0.1878,7.2748,161.1048,61.8411,161.1048,61.8411,0.2799,35.5449,0.9689,18.137832,4.258853,-2.7406,-0.0032,-0.1245,-0.9205
/kaggle/input/datasets/duc24kdl/sub-x-ray/sub_X-Ray/sub_NIH/00001364_006.png,,sub_NIH,00001364_006.png,ok,512x512 -> 1024x1024,2,1,4.78,37.5689,11.381371,3.373629,0.9822,0.998,0.0638,6.3443,35.0239,20.450049,4.522173,0.9674,0.9947,0.182,0.182,0.182,7.6794,162.2892,63.4859,162.2892,63.4859,0.1772,35.0239,0.9674,20.450049,4.522173,-2.545,-0.0033,-0.1181,-1.3351
/kaggle/input/datasets/duc24kdl/sub-x-ray/sub_X-Ray/sub_NIH/00001365_000.png,,sub_NIH,00001365_000.png,ok,512x512 -> 1024x1024,2,1,4.77,42.5687,3.599256,1.897171,0.9867,0.9984,0.0492,6.6914,37.6924,11.062207,3.32599,0.9746,0.996,0.1784,0.1784,0.1784,8.1432,173.3687,58.947,173.3687,58.947,0.3556,37.6924,0.9746,11.062207,3.32599,-4.8763,-0.0024,-0.1291,-1.4518
/kaggle/input/datasets/duc24kdl/sub-x-ray/sub_X-Ray/sub_NIH/00001365_001.png,,sub_NIH,00001365_001.png,ok,512x512 -> 1024x1024,2,1,4.78,46.0779,1.604332,1.266622,0.9873,0.9985,0.0478,6.9159,40.8755,5.315328,2.3055,0.977,0.9964,0.1816,0.1816,0.1816,8.5703,154.5951,66.1858,154.5951,66.1858,0.0547,40.8755,0.977,5.315328,2.3055,-5.2024,-0.0021,-0.1338,-1.6544
/kaggle/input/datasets/duc24kdl/sub-x-ray/sub_X-Ray/sub_NIH/00001365_002.png,,sub_NIH,00001365_002.png,ok,512x512 -> 1024x1024,2,1,4.78,45.1016,2.008746,1.417302,0.986,0.9984,0.0566,6.9378,39.7903,6.824195,2.612316,0.9726,0.9957,0.2157,0.2157,0.2157,8.3342,153.5502,60.7038,153.5502,60.7038,0.1108,39.7903,0.9726,6.824195,2.612316,-5.3113,-0.0027,-0.159,-1.3964
/kaggle/input/datasets/duc24kdl/sub-x-ray/sub_X-Ray/sub_NIH/00001366_000.png,,sub_NIH,00001366_000.png,ok,512x512 -> 1024x1024,2,1,4.78,36.3286,15.143179,3.891424,0.9792,0.9978,0.0782,6.8194,34.8888,21.095885,4.593026,0.9641,0.9943,0.2252,0.2252,0.2252,7.2674,161.1931,60.7649,161.1931,60.7649,0.1888,34.8888,0.9641,21.095885,4.593026,-1.4398,-0.0035,-0.1469,-0.448
/kaggle/input/datasets/duc24kdl/sub-x-ray/sub_X-Ray/sub_NIH/00001367_000.png,,sub_NIH,00001367_000.png,ok,512x512 -> 1024x1024,2,1,4.78,41.4196,4.689454,2.165515,0.9645,0.9968,0.1391,6.756,39.1546,7.899852,2.810668,0.9455,0.9924,0.326,0.326,0.326,7.3435,126.7716,70.5819,126.7716,70.5819,0.1318,39.1546,0.9455,7.899852,2.810668,-2.265,-0.0044,-0.1869,-0.5876
/kaggle/input/datasets/duc24kdl/sub-x-ray/sub_X-Ray/sub_NIH/00001367_001.png,,sub_NIH,00001367_001.png,ok,512x512 -> 1024x1024,2,1,4.78,43.0366,3.231606,1.797667,0.9642,0.9968,0.1376,6.6224,40.0728,6.39448,2.528731,0.9456,0.9924,0.3191,0.3191,0.3191,7.7312,121.6112,75.2646,121.6112,75.2646,0.0858,40.0728,0.9456,6.39448,2.528731,-2.9639,-0.0044,-0.1815,-1.1088
/kaggle/input/datasets/duc24kdl/sub-x-ray/sub_X-Ray/sub_NIH/00001367_002.png,,sub_NIH,00001367_002.png,ok,512x512 -> 1024x1024,2,1,4.79,43.2792,3.056079,1.748164,0.9767,0.9976,0.1045,6.9265,38.675,8.822297,2.970235,0.9591,0.9934,0.2842,0.2842,0.2842,7.7597,139.8899,57.2322,139.8899,57.2322,0.2235,38.675,0.9591,8.822297,2.970235,-4.6042,-0.0042,-0.1797,-0.8332
/kaggle/input/datasets/duc24kdl/sub-x-ray/sub_X-Ray/sub_NIH/00001367_003.png,,sub_NIH,00001367_003.png,ok,512x512 -> 1024x1024,2,1,4.77,45.8446,1.692875,1.301105,0.9816,0.9979,0.0737,7.1353,42.6206,3.556446,1.885854,0.9719,0.9953,0.2412,0.2412,0.2412,7.8786,110.7992,31.5164,110.7992,31.5164,0.0629,42.6206,0.9719,3.556446,1.885854,-3.2239,-0.0026,-0.1675,-0.7433
/kaggle/input/datasets/duc24kdl/sub-x-ray/sub_X-Ray/sub_NIH/00001367_004.png,,sub_NIH,00001367_004.png,ok,512x512 -> 1024x1024,2,1,4.81,36.5808,14.288871,3.780062,0.9863,0.9984,0.0615,6.5283,35.4762,18.427061,4.292675,0.9753,0.9958,0.1976,0.1976,0.1976,8.1772,172.3568,61.6401,172.3568,61.6401,0.1751,35.4762,0.9753,18.427061,4.292675,-1.1046,-0.0025,-0.1361,-1.6488
/kaggle/input/datasets/duc24kdl/sub-x-ray/sub_X-Ray/sub_NIH/00001367_005.png,,sub_NIH,00001367_005.png,ok,512x512 -> 1024x1024,2,1,4.79,42.3939,3.747087,1.935739,0.964,0.9968,0.1377,6.6688,39.2296,7.764591,2.786501,0.9464,0.9926,0.3221,0.3221,0.3221,8.2576,133.2283,73.3025,133.2283,73.3025,0.0919,39.2296,0.9464,7.764591,2.786501,-3.1642,-0.0042,-0.1844,-1.5888
/kaggle/input/datasets/duc24kdl/sub-x-ray/sub_X-Ray/sub_NIH/00001367_006.png,,sub_NIH,00001367_006.png,ok,512x512 -> 1024x1024,2,1,4.78,36.3338,15.125042,3.889093,0.9866,0.9984,0.0575,6.446,35.2306,19.499303,4.415801,0.9759,0.996,0.1833,0.1833,0.1833,8.1754,172.2778,66.2742,172.2778,66.2742,0.1771,35.2306,0.9759,19.499303,4.415801,-1.1032,-0.0024,-0.1258,-1.7294
/kaggle/input/datasets/duc24kdl/sub-x-ray/sub_X-Ray/sub_NIH/00001367_007.png,,sub_NIH,00001367_007.png,ok,512x512 -> 1024x1024,2,1,4.8,42.2,3.918131,1.979427,0.9646,0.9968,0.137,6.6977,39.8498,6.73134,2.594483,0.9477,0.9927,0.3185,0.3185,0.3185,8.1172,129.5141,73.7598,129.5141,73.7598,0.1256,39.8498,0.9477,6.73134,2.594483,-2.3502,-0.0041,-0.1815,-1.4195
/kaggle/input/datasets/duc24kdl/sub-x-ray/sub_X-Ray/sub_NIH/00001367_008.png,,sub_NIH,00001367_008.png,ok,512x512 -> 1024x1024,2,1,4.79,41.9981,4.104602,2.025982,0.9645,0.9968,0.139,6.8548,39.3478,7.556124,2.748841,0.9476,0.9927,0.3264,0.3264,0.3264,8.124,133.3422,66.8084,133.3422,66.8084,0.1245,39.3478,0.9476,7.556124,2.748841,-2.6503,-0.0041,-0.1874,-1.2691
/kaggle/input/datasets/duc24kdl/sub-x-ray/sub_X-Ray/sub_NIH/00001367_009.png,,sub_NIH,00001367_009.png,ok,512x512 -> 1024x1024,2,1,4.79,42.8057,3.408052,1.846091,0.9648,0.9968,0.1379,6.804,40.1097,6.34029,2.517993,0.9478,0.9928,0.3171,0.3171,0.3171,8.379,127.2105,71.8996,127.2105,71.8996,0.0967,40.1097,0.9478,6.34029,2.517993,-2.696,-0.0041,-0.1792,-1.5749
/kaggle/input/datasets/duc24kdl/sub-x-ray/sub_X-Ray/sub_NIH/00001367_010.png,,sub_NIH,00001367_010.png,ok,512x512 -> 1024x1024,2,1,4.77,38.4946,9.196435,3.032562,0.9838,0.9982,0.068,6.5108,35.9071,16.686592,4.084923,0.9668,0.9943,0.2217,0.2217,0.2217,7.1626,154.747,63.3817,154.747,63.3817,0.0818,35.9071,0.9668,16.686592,4.084923,-2.5875,-0.0038,-0.1538,-0.6518
/kaggle/input/datasets/duc24kdl/sub-x-ray/sub_X-Ray/sub_NIH/00001368_000.png,,sub_NIH,00001368_000.png,ok,512x512 -> 1024x1024,2,1,4.81,37.8801,10.594317,3.254891,0.9867,0.9984,0.0582,6.7406,36.4552,14.708255,3.835134,0.9773,0.9962,0.1835,0.1835,0.1835,7.4207,160.8133,61.7491,160.8133,61.7491,0.1437,36.4552,0.9773,14.708255,3.835134,-1.4249,-0.0022,-0.1253,-0.6801
/kaggle/input/datasets/duc24kdl/sub-x-ray/sub_X-Ray/sub_NIH/00001368_001.png,,sub_NIH,00001368_001.png,ok,512x512 -> 1024x1024,2,1,4.81,41.4294,4.678915,2.16308,0.962,0.9966,0.1396,6.6742,38.0143,10.271982,3.204993,0.9418,0.9918,0.3201,0.3201,0.3201,7.3986,113.7926,64.5871,113.7926,64.5871,0.1272,38.0143,0.9418,10.271982,3.204993,-3.4151,-0.0048,-0.1805,-0.7244
/kaggle/input/datasets/duc24kdl/sub-x-ray/sub_X-Ray/sub_NIH/00001369_000.png,,sub_NIH,00001369_000.png,ok,512x512 -> 1024x1024,2,1,4.8,44.7016,2.202527,1.484091,0.9847,0.9982,0.0524,7.1775,40.4513,5.860739,2.420896,0.9745,0.9959,0.1726,0.1726,0.1726,8.1459,186.3508,52.1844,186.3508,52.1844,0.3755,40.4513,0.9745,5.860739,2.420896,-4.2503,-0.0023,-0.1202,-0.9683
/kaggle/input/datasets/duc24kdl/sub-x-ray/sub_X-Ray/sub_NIH/00001370_000.png,,sub_NIH,00001370_000.png,ok,512x512 -> 1024x1024,2,1,4.79,46.8144,1.354059,1.16364,0.9833,0.9981,0.0649,7.0179,42.5434,3.620241,1.902693,0.9701,0.995,0.2152,0.2152,0.2152,8.6823,172.782,39.5551,172.782,39.5551,0.1121,42.5434,0.9701,3.620241,1.902693,-4.271,-0.0031,-0.1503,-1.6644
/kaggle/input/datasets/duc24kdl/sub-x-ray/sub_X-Ray/sub_NIH/00001371_000.png,,sub_NIH,00001371_000.png,ok,512x512 -> 1024x1024,2,1,4.77,45.3569,1.894055,1.376247,0.9844,0.9982,0.0686,7.1981,41.8301,4.266455,2.06554,0.9736,0.9957,0.2312,0.2312,0.2312,7.9993,171.6476,41.1939,171.6476,41.1939,0.0198,41.8301,0.9736,4.266455,2.06554,-3.5267,-0.0026,-0.1627,-0.8012
/kaggle/input/datasets/duc24kdl/sub-x-ray/sub_X-Ray/sub_NIH/00001371_001.png,,sub_NIH,00001371_001.png,ok,512x512 -> 1024x1024,2,1,4.78,38.2457,9.7388,3.120705,0.9903,0.9986,0.0458,7.8372,36.9519,13.11864,3.621966,0.9867,0.9977,0.1708,0.1708,0.1708,8.3471,161.2647,44.9281,161.2647,44.9281,0.1645,36.9519,0.9867,13.11864,3.621966,-1.2938,-0.0009,-0.125,-0.5099
/kaggle/input/datasets/duc24kdl/sub-x-ray/sub_X-Ray/sub_NIH/00001371_002.png,,sub_NIH,00001371_002.png,ok,512x512 -> 1024x1024,2,1,4.79,36.6136,14.181402,3.76582,0.9897,0.9986,0.049,7.9252,35.4867,18.382933,4.287532,0.9862,0.9977,0.1719,0.1719,0.1719,8.4458,172.6545,38.7306,172.6545,38.7306,0.1846,35.4867,0.9862,18.382933,4.287532,-1.127,-0.0009,-0.1229,-0.5206
/kaggle/input/datasets/duc24kdl/sub-x-ray/sub_X-Ray/sub_NIH/00001371_003.png,,sub_NIH,00001371_003.png,ok,512x512 -> 1024x1024,2,1,4.83,36.8895,13.308595,3.648095,0.9886,0.9985,0.0537,7.055,35.6472,17.715933,4.20903,0.9836,0.9973,0.1836,0.1836,0.1836,8.389,161.062,48.1277,161.062,48.1277,0.1668,35.6472,0.9836,17.715933,4.20903,-1.2423,-0.0012,-0.1299,-1.334
/kaggle/input/datasets/duc24kdl/sub-x-ray/sub_X-Ray/sub_NIH/00001371_004.png,,sub_NIH,00001371_004.png,ok,512x512 -> 1024x1024,2,1,4.8,37.0556,12.809203,3.578995,0.9869,0.9984,0.0613,7.5673,35.5748,18.013697,4.244255,0.9815,0.997,0.1997,0.1997,0.1997,8.3864,158.3734,47.4544,158.3734,47.4544,0.1552,35.5748,0.9815,18.013697,4.244255,-1.4808,-0.0014,-0.1385,-0.8191
/kaggle/input/datasets/duc24kdl/sub-x-ray/sub_X-Ray/sub_NIH/00001371_005.png,,sub_NIH,00001371_005.png,ok,512x512 -> 1024x1024,2,1,4.78,42.1644,3.950395,1.98756,0.9602,0.9965,0.1466,6.3679,39.7125,6.947535,2.635818,0.9429,0.9923,0.3341,0.3341,0.3341,8.4233,124.5412,67.3118,124.5412,67.3118,0.1035,39.7125,0.9429,6.947535,2.635818,-2.4519,-0.0042,-0.1875,-2.0554
/kaggle/input/datasets/duc24kdl/sub-x-ray/sub_X-Ray/sub_NIH/00001372_000.png,,sub_NIH,00001372_000.png,ok,512x512 -> 1024x1024,2,1,4.78,41.2767,4.846334,2.201439,0.9596,0.9964,0.1461,6.5285,39.1919,7.832408,2.798644,0.9425,0.9922,0.3336,0.3336,0.3336,8.1568,126.1248,71.4918,126.1248,71.4918,0.1429,39.1919,0.9425,7.832408,2.798644,-2.0848,-0.0042,-0.1875,-1.6283
/kaggle/input/datasets/duc24kdl/sub-x-ray/sub_X-Ray/sub_NIH/00001373_000.png,,sub_NIH,00001373_000.png,ok,512x512 -> 1024x1024,2,1,4.77,38.1128,10.04143,3.168821,0.9878,0.9985,0.0569,7.523,36.2904,15.276941,3.908573,0.981,0.9969,0.1862,0.1862,0.1862,8.7647,157.2072,50.2822,157.2072,50.2822,0.1303,36.2904,0.981,15.276941,3.908573,-1.8224,-0.0016,-0.1293,-1.2417
/kaggle/input/datasets/duc24kdl/sub-x-ray/sub_X-Ray/sub_NIH/00001373_001.png,,sub_NIH,00001373_001.png,ok,512x512 -> 1024x1024,2,1,5.01,38.3423,9.524773,3.086223,0.9853,0.9983,0.0808,7.498,36.3747,14.983515,3.870855,0.9778,0.9966,0.2483,0.2483,0.2483,7.6304,121.4246,43.2369,121.4246,43.2369,0.1099,36.3747,0.9778,14.983515,3.870855,-1.9676,-0.0017,-0.1675,-0.1324
/kaggle/input/datasets/duc24kdl/sub-x-ray/sub_X-Ray/sub_NIH/00001373_002.png,,sub_NIH,00001373_002.png,ok,512x512 -> 1024x1024,2,1,4.91,37.6266,11.231133,3.351288,0.9779,0.9978,0.1084,7.1491,36.1767,15.682426,3.960104,0.9678,0.9952,0.3044,0.3044,0.3044,8.3974,120.375,57.8612,120.375,57.8612,0.1705,36.1767,0.9678,15.682426,3.960104,-1.4499,-0.0026,-0.196,-1.2483
/kaggle/input/datasets/duc24kdl/sub-x-ray/sub_X-Ray/sub_NIH/00001373_003.png,,sub_NIH,00001373_003.png,ok,512x512 -> 1024x1024,2,1,4.85,38.3031,9.61105,3.100169,0.9818,0.9981,0.0942,7.3003,36.7832,13.638408,3.693021,0.9736,0.996,0.2769,0.2769,0.2769,7.8327,120.4401,53.8775,120.4401,53.8775,0.1379,36.7832,0.9736,13.638408,3.693021,-1.5199,-0.0021,-0.1826,-0.5324
/kaggle/input/datasets/duc24kdl/sub-x-ray/sub_X-Ray/sub_NIH/00001373_004.png,,sub_NIH,00001373_004.png,ok,512x512 -> 1024x1024,2,1,4.78,42.356,3.779912,1.9442,0.9564,0.9961,0.1579,6.6955,39.3511,7.550437,2.747806,0.9352,0.991,0.3685,0.3685,0.3685,7.8732,122.7404,63.814,122.7404,63.814,0.0816,39.3511,0.9352,7.550437,2.747806,-3.0049,-0.0051,-0.2106,-1.1777
/kaggle/input/datasets/duc24kdl/sub-x-ray/sub_X-Ray/sub_NIH/00001373_005.png,,sub_NIH,00001373_005.png,ok,512x512 -> 1024x1024,2,1,4.79,42.3089,3.821115,1.954767,0.9658,0.9969,0.1309,6.672,39.5476,7.216448,2.686345,0.9483,0.9929,0.3146,0.3146,0.3146,7.8253,121.6651,65.0629,121.6651,65.0629,0.1104,39.5476,0.9483,7.216448,2.686345,-2.7613,-0.004,-0.1837,-1.1533
/kaggle/input/datasets/duc24kdl/sub-x-ray/sub_X-Ray/sub_NIH/00001373_006.png,,sub_NIH,00001373_006.png,ok,512x512 -> 1024x1024,2,1,4.81,42.6767,3.510856,1.873728,0.9658,0.9969,0.1307,6.6718,39.5626,7.191469,2.681691,0.9483,0.9929,0.3074,0.3074,0.3074,8.2369,119.669,67.4783,119.669,67.4783,0.0976,39.5626,0.9483,7.191469,2.681691,-3.114,-0.0041,-0.1767,-1.5652
/kaggle/input/datasets/duc24kdl/sub-x-ray/sub_X-Ray/sub_NIH/00001373_007.png,,sub_NIH,00001373_007.png,ok,512x512 -> 1024x1024,2,1,4.79,43.0522,3.220028,1.794444,0.9651,0.9969,0.1296,6.2974,40.1374,6.299929,2.509966,0.9466,0.9926,0.2965,0.2965,0.2965,8.2495,108.3432,70.9022,108.3432,70.9022,0.0759,40.1374,0.9466,6.299929,2.509966,-2.9148,-0.0043,-0.1669,-1.9521
/kaggle/input/datasets/duc24kdl/sub-x-ray/sub_X-Ray/sub_NIH/00001373_008.png,,sub_NIH,00001373_008.png,ok,512x512 -> 1024x1024,2,1,4.77,37.3893,11.861796,3.444096,0.9867,0.9984,0.0563,6.6589,33.9122,26.415881,5.139638,0.9761,0.9961,0.1903,0.1903,0.1903,7.988,180.7415,54.0364,180.7415,54.0364,0.5143,33.9122,0.9761,26.415881,5.139638,-3.4771,-0.0023,-0.134,-1.3291
/kaggle/input/datasets/duc24kdl/sub-x-ray/sub_X-Ray/sub_NIH/00001373_009.png,,sub_NIH,00001373_009.png,ok,512x512 -> 1024x1024,2,1,4.81,37.7398,10.942041,3.307876,0.986,0.9983,0.0678,7.5502,36.4194,14.82981,3.850949,0.9802,0.9969,0.2218,0.2218,0.2218,8.123,161.2324,47.263,161.2324,47.263,0.1568,36.4194,0.9802,14.82981,3.850949,-1.3204,-0.0014,-0.154,-0.5728
/kaggle/input/datasets/duc24kdl/sub-x-ray/sub_X-Ray/sub_NIH/00001373_010.png,,sub_NIH,00001373_010.png,ok,512x512 -> 1024x1024,2,1,4.8,38.1004,10.0703,3.173374,0.9682,0.9969,0.1127,6.0986,33.7517,27.410228,5.235478,0.9447,0.9916,0.2947,0.2947,0.2947,7.4969,143.5174,65.2002,143.5174,65.2002,0.231,33.7517,0.9447,27.410228,5.235478,-4.3487,-0.0053,-0.182,-1.3983
/kaggle/input/datasets/duc24kdl/sub-x-ray/sub_X-Ray/sub_NIH/00001373_011.png,,sub_NIH,00001373_011.png,ok,512x512 -> 1024x1024,2,1,4.83,34.9177,20.956108,4.577784,0.9767,0.9976,0.0942,6.6695,31.4689,46.364991,6.809184,0.9585,0.9934,0.2815,0.2815,0.2815,8.0159,122.529,62.4457,122.529,62.4457,0.216,31.4689,0.9585,46.364991,6.809184,-3.4488,-0.0042,-0.1873,-1.3464
/kaggle/input/datasets/duc24kdl/sub-x-ray/sub_X-Ray/sub_NIH/00001373_012.png,,sub_NIH,00001373_012.png,ok,512x512 -> 1024x1024,2,1,4.83,35.0431,20.359659,4.512168,0.9653,0.9967,0.1376,6.3525,32.3013,38.278389,6.186953,0.945,0.9916,0.3172,0.3172,0.3172,7.7285,141.4112,60.3704,141.4112,60.3704,0.1926,32.3013,0.945,38.278389,6.186953,-2.7418,-0.005,-0.1796,-1.376
/kaggle/input/datasets/duc24kdl/sub-x-ray/sub_X-Ray/sub_NIH/00001373_013.png,,sub_NIH,00001373_013.png,ok,512x512 -> 1024x1024,2,1,4.8,34.1596,24.952887,4.995286,0.9498,0.9954,0.1574,6.0102,30.9005,52.848642,7.269707,0.9208,0.9883,0.3585,0.3585,0.3585,7.3418,155.5523,62.7572,155.5523,62.7572,0.2304,30.9005,0.9208,52.848642,7.269707,-3.2591,-0.0071,-0.2011,-1.3316
/kaggle/input/datasets/duc24kdl/sub-x-ray/sub_X-Ray/sub_NIH/00001373_014.png,,sub_NIH,00001373_014.png,ok,512x512 -> 1024x1024,2,1,4.78,35.192,19.673632,4.435497,0.9663,0.9967,0.141,7.01,32.0038,40.991678,6.402474,0.9491,0.9922,0.3429,0.3429,0.3429,7.2974,127.6884,61.3953,127.6884,61.3953,0.2392,32.0038,0.9491,40.991678,6.402474,-3.1881,-0.0045,-0.2018,-0.2874
/kaggle/input/datasets/duc24kdl/sub-x-ray/sub_X-Ray/sub_NIH/00001373_015.png,,sub_NIH,00001373_015.png,ok,512x512 -> 1024x1024,2,1,4.8,35.0816,20.179875,4.492202,0.9737,0.9973,0.1042,6.6833,31.5592,45.410581,6.738737,0.9541,0.9927,0.281,0.281,0.281,7.5104,141.3536,58.6828,141.3536,58.6828,0.2192,31.5592,0.9541,45.410581,6.738737,-3.5224,-0.0047,-0.1768,-0.827
/kaggle/input/datasets/duc24kdl/sub-x-ray/sub_X-Ray/sub_NIH/00001373_016.png,,sub_NIH,00001373_016.png,ok,512x512 -> 1024x1024,2,1,4.8,35.3941,18.77907,4.333482,0.9787,0.9977,0.0854,6.5785,32.4232,37.218478,6.100695,0.9615,0.9938,0.2508,0.2508,0.2508,7.3812,128.4854,63.0796,128.4854,63.0796,0.2497,32.4232,0.9615,37.218478,6.100695,-2.9708,-0.004,-0.1654,-0.8026
/kaggle/input/datasets/duc24kdl/sub-x-ray/sub_X-Ray/sub_NIH/00001373_017.png,,sub_NIH,00001373_017.png,ok,512x512 -> 1024x1024,2,1,4.8,35.6087,17.873461,4.227702,0.9812,0.9979,0.0763,6.4766,32.4638,36.872014,6.072233,0.9648,0.9941,0.2374,0.2374,0.2374,7.5574,114.8589,65.0911,114.8589,65.0911,0.2546,32.4638,0.9648,36.872014,6.072233,-3.1449,-0.0038,-0.1611,-1.0808
/kaggle/input/datasets/duc24kdl/sub-x-ray/sub_X-Ray/sub_NIH/00001373_018.png,,sub_NIH,00001373_018.png,ok,512x512 -> 1024x1024,2,1,4.82,42.5677,3.600086,1.897389,0.9691,0.9972,0.1188,6.3897,38.81,8.552227,2.924419,0.9512,0.9933,0.2789,0.2789,0.2789,7.7244,126.9501,72.1119,126.9501,72.1119,0.0982,38.81,0.9512,8.552227,2.924419,-3.7577,-0.0039,-0.1601,-1.3347
/kaggle/input/datasets/duc24kdl/sub-x-ray/sub_X-Ray/sub_NIH/00001373_019.png,,sub_NIH,00001373_019.png,ok,512x512 -> 1024x1024,2,1,4.79,35.8436,16.932349,4.114894,0.9806,0.9979,0.0777,5.9838,32.7761,34.313852,5.857803,0.9638,0.9938,0.2362,0.2362,0.2362,7.1214,123.5063,61.7,123.5063,61.7,0.2253,32.7761,0.9638,34.313852,5.857803,-3.0675,-0.004,-0.1585,-1.1376
/kaggle/input/datasets/duc24kdl/sub-x-ray/sub_X-Ray/sub_NIH/00001373_020.png,,sub_NIH,00001373_020.png,ok,512x512 -> 1024x1024,2,1,4.84,36.6089,14.196898,3.767877,0.9806,0.9978,0.08,6.4719,33.1458,31.513898,5.613724,0.9661,0.9943,0.233,0.233,0.233,7.3773,118.8927,62.5058,118.8927,62.5058,0.2595,33.1458,0.9661,31.513898,5.613724,-3.4631,-0.0036,-0.153,-0.9054
/kaggle/input/datasets/duc24kdl/sub-x-ray/sub_X-Ray/sub_NIH/00001373_021.png,,sub_NIH,00001373_021.png,ok,512x512 -> 1024x1024,2,1,4.79,35.3937,18.780832,4.333686,0.9818,0.9979,0.0737,6.3918,31.987,41.151339,6.414931,0.9663,0.9942,0.234,0.234,0.234,7.4187,121.5344,61.8515,121.5344,61.8515,0.2355,31.987,0.9663,41.151339,6.414931,-3.4067,-0.0037,-0.1603,-1.0269
/kaggle/input/datasets/duc24kdl/sub-x-ray/sub_X-Ray/sub_NIH/00001373_022.png,,sub_NIH,00001373_022.png,ok,512x512 -> 1024x1024,2,1,4.76,37.0368,12.864657,3.586734,0.9828,0.9981,0.078,6.4137,34.1348,25.095753,5.009566,0.9699,0.9949,0.2423,0.2423,0.2423,7.4381,113.1616,62.0679,113.1616,62.0679,0.2306,34.1348,0.9699,25.095753,5.009566,-2.902,-0.0032,-0.1643,-1.0244
/kaggle/input/datasets/duc24kdl/sub-x-ray/sub_X-Ray/sub_NIH/00001373_023.png,,sub_NIH,00001373_023.png,ok,512x512 -> 1024x1024,2,1,4.78,35.3219,19.093582,4.36962,0.9789,0.9977,0.0814,6.1874,31.9707,41.305421,6.426929,0.9603,0.9933,0.243,0.243,0.243,7.1849,122.2464,61.373,122.2464,61.373,0.186,31.9707,0.9603,41.305421,6.426929,-3.3512,-0.0045,-0.1616,-0.9975
/kaggle/input/datasets/duc24kdl/sub-x-ray/sub_X-Ray/sub_NIH/00001373_024.png,,sub_NIH,00001373_024.png,ok,512x512 -> 1024x1024,2,1,4.81,36.5159,14.504175,3.808435,0.9799,0.9978,0.0811,6.562,33.5054,29.009342,5.386032,0.9634,0.9939,0.2541,0.2541,0.2541,7.3251,120.6256,58.0598,120.6256,58.0598,0.2258,33.5054,0.9634,29.009342,5.386032,-3.0104,-0.0039,-0.173,-0.7632
/kaggle/input/datasets/duc24kdl/sub-x-ray/sub_X-Ray/sub_NIH/00001373_025.png,,sub_NIH,00001373_025.png,ok,512x512 -> 1024x1024,2,1,4.78,36.8138,13.542679,3.680038,0.9801,0.9978,0.0876,6.6809,33.6258,28.216074,5.31188,0.9664,0.9944,0.2642,0.2642,0.2642,7.596,117.4892,56.7185,117.4892,56.7185,0.2392,33.6258,0.9664,28.216074,5.31188,-3.1879,-0.0034,-0.1766,-0.9152
/kaggle/input/datasets/duc24kdl/sub-x-ray/sub_X-Ray/sub_NIH/00001373_026.png,,sub_NIH,00001373_026.png,ok,512x512 -> 1024x1024,2,1,4.78,38.4437,9.304882,3.05039,0.9818,0.998,0.0908,7.379,36.1919,15.627551,3.95317,0.973,0.9956,0.2692,0.2692,0.2692,7.6216,115.5618,51.2236,115.5618,51.2236,0.1403,36.1919,0.973,15.627551,3.95317,-2.2518,-0.0024,-0.1784,-0.2426
/kaggle/input/datasets/duc24kdl/sub-x-ray/sub_X-Ray/sub_NIH/00001373_027.png,,sub_NIH,00001373_027.png,ok,512x512 -> 1024x1024,2,1,4.79,38.377,9.448808,3.073891,0.9815,0.998,0.0953,7.1779,36.1002,15.960901,3.99511,0.9725,0.9955,0.2764,0.2764,0.2764,7.4402,114.2907,50.473,114.2907,50.473,0.1463,36.1002,0.9725,15.960901,3.99511,-2.2768,-0.0024,-0.181,-0.2623
/kaggle/input/datasets/duc24kdl/sub-x-ray/sub_X-Ray/sub_NIH/00001373_028.png,,sub_NIH,00001373_028.png,ok,512x512 -> 1024x1024,2,1,4.81,36.6377,14.102883,3.755381,0.9802,0.9978,0.0801,6.1822,33.3104,30.341672,5.508328,0.9642,0.994,0.2379,0.2379,0.2379,7.2156,115.6887,59.86,115.6887,59.86,0.2426,33.3104,0.9642,30.341672,5.508328,-3.3273,-0.0038,-0.1578,-1.0335
/kaggle/input/datasets/duc24kdl/sub-x-ray/sub_X-Ray/sub_NIH/00001373_029.png,,sub_NIH,00001373_029.png,ok,512x512 -> 1024x1024,2,1,4.77,36.3097,15.209471,3.899932,0.982,0.998,0.0705,6.3345,33.174,31.309473,5.595487,0.967,0.9945,0.2294,0.2294,0.2294,7.5046,127.3276,63.6212,127.3276,63.6212,0.2439,33.174,0.967,31.309473,5.595487,-3.1356,-0.0035,-0.1589,-1.1701
/kaggle/input/datasets/duc24kdl/sub-x-ray/sub_X-Ray/sub_NIH/00001373_030.png,,sub_NIH,00001373_030.png,ok,512x512 -> 1024x1024,2,1,4.82,35.4873,18.380406,4.287238,0.9735,0.9973,0.1078,6.1426,32.3096,38.205257,6.18104,0.9554,0.9927,0.2789,0.2789,0.2789,7.7201,129.1397,61.5132,129.1397,61.5132,0.2235,32.3096,0.9554,38.205257,6.18104,-3.1777,-0.0046,-0.1711,-1.5774
/kaggle/input/datasets/duc24kdl/sub-x-ray/sub_X-Ray/sub_NIH/00001373_031.png,,sub_NIH,00001373_031.png,ok,512x512 -> 1024x1024,2,1,4.8,36.498,14.56383,3.816259,0.9799,0.9978,0.0791,6.317,32.9742,32.784178,5.725747,0.9655,0.9943,0.2292,0.2292,0.2292,7.3552,125.974,61.8835,125.974,61.8835,0.2605,32.9742,0.9655,32.784178,5.725747,-3.5239,-0.0035,-0.15,-1.0381
/kaggle/input/datasets/duc24kdl/sub-x-ray/sub_X-Ray/sub_NIH/00001373_032.png,,sub_NIH,00001373_032.png,ok,512x512 -> 1024x1024,2,1,4.82,35.8859,16.768395,4.094923,0.9796,0.9978,0.076,6.2872,32.854,33.704236,5.805535,0.9625,0.9938,0.2352,0.2352,0.2352,7.366,128.3533,60.8859,128.3533,60.8859,0.2396,32.854,0.9625,33.704236,5.805535,-3.0319,-0.004,-0.1593,-1.0788
/kaggle/input/datasets/duc24kdl/sub-x-ray/sub_X-Ray/sub_NIH/00001373_033.png,,sub_NIH,00001373_033.png,ok,512x512 -> 1024x1024,2,1,4.79,36.1076,15.933956,3.991736,0.9774,0.9976,0.0846,6.1983,32.9776,32.758376,5.723493,0.9585,0.9933,0.2422,0.2422,0.2422,7.0384,132.4065,59.7414,132.4065,59.7414,0.2273,32.9776,0.9585,32.758376,5.723493,-3.13,-0.0043,-0.1576,-0.8402
/kaggle/input/datasets/duc24kdl/sub-x-ray/sub_X-Ray/sub_NIH/00001373_034.png,,sub_NIH,00001373_034.png,ok,512x512 -> 1024x1024,2,1,4.78,34.5012,23.065153,4.802619,0.9713,0.9971,0.1109,6.5615,31.3581,47.563107,6.896601,0.953,0.9924,0.2861,0.2861,0.2861,7.5135,128.4373,68.7924,128.4373,68.7924,0.2268,31.3581,0.953,47.563107,6.896601,-3.1431,-0.0047,-0.1753,-0.952
/kaggle/input/datasets/duc24kdl/sub-x-ray/sub_X-Ray/sub_NIH/00001373_035.png,,sub_NIH,00001373_035.png,ok,512x512 -> 1024x1024,2,1,4.79,36.3184,15.178923,3.896014,0.9796,0.9977,0.0902,6.962,33.4089,29.66113,5.446203,0.9671,0.9944,0.2735,0.2735,0.2735,7.9673,122.3031,57.8703,122.3031,57.8703,0.2563,33.4089,0.9671,29.66113,5.446203,-2.9095,-0.0034,-0.1833,-1.0053
/kaggle/input/datasets/duc24kdl/sub-x-ray/sub_X-Ray/sub_NIH/00001373_036.png,,sub_NIH,00001373_036.png,ok,512x512 -> 1024x1024,2,1,4.81,36.299,15.246728,3.904706,0.9748,0.9973,0.1014,6.4594,33.0468,32.24028,5.678052,0.9584,0.9931,0.292,0.292,0.292,7.8178,133.8439,53.3749,133.8439,53.3749,0.2545,33.0468,0.9584,32.24028,5.678052,-3.2522,-0.0043,-0.1905,-1.3584
/kaggle/input/datasets/duc24kdl/sub-x-ray/sub_X-Ray/sub_NIH/00001373_037.png,,sub_NIH,00001373_037.png,ok,512x512 -> 1024x1024,2,1,4.81,36.7071,13.879533,3.725525,0.9802,0.9978,0.0801,6.4018,33.9767,26.025993,5.101568,0.9664,0.9942,0.2547,0.2547,0.2547,7.5215,122.1515,61.2295,122.1515,61.2295,0.2391,33.9767,0.9664,26.025993,5.101568,-2.7303,-0.0036,-0.1745,-1.1198
/kaggle/input/datasets/duc24kdl/sub-x-ray/sub_X-Ray/sub_NIH/00001373_038.png,,sub_NIH,00001373_038.png,ok,512x512 -> 1024x1024,2,1,4.81,33.3406,30.131475,5.489214,0.9702,0.997,0.1082,6.0528,30.2251,61.740118,7.857488,0.9495,0.9918,0.2976,0.2976,0.2976,7.3136,145.1772,51.0952,145.1772,51.0952,0.2074,30.2251,0.9495,61.740118,7.857488,-3.1155,-0.0052,-0.1894,-1.2608
/kaggle/input/datasets/duc24kdl/sub-x-ray/sub_X-Ray/sub_NIH/00001373_039.png,,sub_NIH,00001373_039.png,ok,512x512 -> 1024x1024,2,1,4.79,36.4544,14.710841,3.835471,0.9752,0.9974,0.0956,6.6324,33.2198,30.981427,5.566096,0.959,0.993,0.2642,0.2642,0.2642,7.5918,127.9337,61.5309,127.9337,61.5309,0.2477,33.2198,0.959,30.981427,5.566096,-3.2346,-0.0043,-0.1686,-0.9594
/kaggle/input/datasets/duc24kdl/sub-x-ray/sub_X-Ray/sub_NIH/00001373_040.png,,sub_NIH,00001373_040.png,ok,512x512 -> 1024x1024,2,1,4.8,36.2569,15.395467,3.923706,0.9697,0.997,0.1218,6.9007,33.375,29.893469,5.467492,0.9534,0.9926,0.3145,0.3145,0.3145,7.6318,134.8362,56.2646,134.8362,56.2646,0.2553,33.375,0.9534,29.893469,5.467492,-2.8818,-0.0044,-0.1926,-0.7311
/kaggle/input/datasets/duc24kdl/sub-x-ray/sub_X-Ray/sub_NIH/00001373_041.png,,sub_NIH,00001373_041.png,ok,512x512 -> 1024x1024,2,1,4.78,35.5549,18.096391,4.253985,0.9726,0.9972,0.1035,6.193,32.5069,36.508004,6.042185,0.9545,0.9926,0.2809,0.2809,0.2809,7.4729,128.0064,67.6521,128.0064,67.6521,0.2045,32.5069,0.9545,36.508004,6.042185,-3.048,-0.0046,-0.1774,-1.2799
/kaggle/input/datasets/duc24kdl/sub-x-ray/sub_X-Ray/sub_NIH/00001373_042.png,,sub_NIH,00001373_042.png,ok,512x512 -> 1024x1024,2,1,4.78,36.6897,13.935107,3.732976,0.9722,0.9972,0.1194,6.5835,34.072,25.461278,5.045917,0.9573,0.9931,0.306,0.306,0.306,7.5691,123.9458,62.5203,123.9458,62.5203,0.2225,34.072,0.9573,25.461278,5.045917,-2.6177,-0.0041,-0.1865,-0.9856
/kaggle/input/datasets/duc24kdl/sub-x-ray/sub_X-Ray/sub_NIH/00001373_043.png,,sub_NIH,00001373_043.png,ok,512x512 -> 1024x1024,2,1,4.79,36.5475,14.39894,3.794594,0.9721,0.9972,0.1165,7.1227,33.9311,26.300981,5.128448,0.9574,0.9932,0.3001,0.3001,0.3001,7.3005,129.0968,61.3748,129.0968,61.3748,0.2432,33.9311,0.9574,26.300981,5.128448,-2.6164,-0.004,-0.1837,-0.1778
/kaggle/input/datasets/duc24kdl/sub-x-ray/sub_X-Ray/sub_NIH/00001373_044.png,,sub_NIH,00001373_044.png,ok,512x512 -> 1024x1024,2,1,4.78,36.1893,15.636919,3.954354,0.9713,0.9971,0.1243,6.8985,33.4831,29.158798,5.399889,0.9566,0.9933,0.3117,0.3117,0.3117,7.6049,141.8397,60.057,141.8397,60.057,0.2316,33.4831,0.9566,29.158798,5.399889,-2.7062,-0.0039,-0.1874,-0.7064
/kaggle/input/datasets/duc24kdl/sub-x-ray/sub_X-Ray/sub_NIH/00001373_045.png,,sub_NIH,00001373_045.png,ok,512x512 -> 1024x1024,2,1,4.79,36.3561,15.047818,3.879152,0.977,0.9976,0.0964,6.5056,33.5349,28.813119,5.367785,0.9633,0.9941,0.2585,0.2585,0.2585,7.154,129.8061,62.4697,129.8061,62.4697,0.2391,33.5349,0.9633,28.813119,5.367785,-2.8212,-0.0035,-0.1621,-0.6484
/kaggle/input/datasets/duc24kdl/sub-x-ray/sub_X-Ray/sub_NIH/00001373_046.png,,sub_NIH,00001373_046.png,ok,512x512 -> 1024x1024,2,1,4.78,36.1998,15.599281,3.949593,0.966,0.9967,0.1336,6.4317,33.2926,30.46617,5.519617,0.9464,0.9916,0.3187,0.3187,0.3187,7.3111,130.3037,60.6794,130.3037,60.6794,0.2376,33.2926,0.9464,30.46617,5.519617,-2.9071,-0.005,-0.1851,-0.8793
/kaggle/input/datasets/duc24kdl/sub-x-ray/sub_X-Ray/sub_NIH/00001373_047.png,,sub_NIH,00001373_047.png,ok,512x512 -> 1024x1024,2,1,4.79,36.1063,15.93843,3.992296,0.9763,0.9975,0.0918,6.3105,33.234,30.880297,5.557004,0.961,0.9937,0.2498,0.2498,0.2498,7.476,132.3341,62.4814,132.3341,62.4814,0.2384,33.234,0.961,30.880297,5.557004,-2.8724,-0.0038,-0.158,-1.1654
/kaggle/input/datasets/duc24kdl/sub-x-ray/sub_X-Ray/sub_NIH/00001373_048.png,,sub_NIH,00001373_048.png,ok,512x512 -> 1024x1024,2,1,4.8,36.8236,13.512127,3.675884,0.9748,0.9974,0.1009,6.8025,33.9564,26.148379,5.113549,0.9591,0.9936,0.2638,0.2638,0.2638,7.5602,135.027,62.3028,135.027,62.3028,0.2339,33.9564,0.9591,26.148379,5.113549,-2.8672,-0.0038,-0.163,-0.7577
/kaggle/input/datasets/duc24kdl/sub-x-ray/sub_X-Ray/sub_NIH/00001373_049.png,,sub_NIH,00001373_049.png,ok,512x512 -> 1024x1024,2,1,4.81,34.469,23.237241,4.820502,0.9706,0.997,0.1121,6.2114,30.8585,53.36181,7.304917,0.9499,0.992,0.2813,0.2813,0.2813,7.1552,140.7678,63.9586,140.7678,63.9586,0.2442,30.8585,0.9499,53.36181,7.304917,-3.6105,-0.005,-0.1692,-0.9438
/kaggle/input/datasets/duc24kdl/sub-x-ray/sub_X-Ray/sub_NIH/00001373_050.png,,sub_NIH,00001373_050.png,ok,512x512 -> 1024x1024,2,1,4.78,40.3338,6.021448,2.453864,0.9702,0.997,0.1267,6.881,36.3891,14.933668,3.86441,0.9536,0.9928,0.3141,0.3141,0.3141,7.738,132.801,63.2242,132.801,63.2242,0.1579,36.3891,0.9536,14.933668,3.86441,-3.9447,-0.0042,-0.1874,-0.857
/kaggle/input/datasets/duc24kdl/sub-x-ray/sub_X-Ray/sub_NIH/00001373_051.png,,sub_NIH,00001373_051.png,ok,512x512 -> 1024x1024,2,1,4.79,36.0993,15.96444,3.995553,0.9714,0.9972,0.1047,6.5177,32.9251,33.156508,5.758169,0.9515,0.9924,0.2683,0.2683,0.2683,7.5796,139.5816,61.9511,139.5816,61.9511,0.2379,32.9251,0.9515,33.156508,5.758169,-3.1742,-0.0047,-0.1637,-1.0619
/kaggle/input/datasets/duc24kdl/sub-x-ray/sub_X-Ray/sub_NIH/00001373_052.png,,sub_NIH,00001373_052.png,ok,512x512 -> 1024x1024,2,1,4.78,34.44,23.392591,4.836589,0.9726,0.9972,0.0943,6.1054,30.9709,51.998122,7.210972,0.9489,0.9916,0.2566,0.2566,0.2566,6.9909,137.9488,63.6001,137.9488,63.6001,0.2314,30.9709,0.9489,51.998122,7.210972,-3.4691,-0.0056,-0.1624,-0.8854
/kaggle/input/datasets/duc24kdl/sub-x-ray/sub_X-Ray/sub_NIH/00001373_053.png,,sub_NIH,00001373_053.png,ok,512x512 -> 1024x1024,2,1,4.79,35.9417,16.554149,4.068679,0.9764,0.9975,0.0847,6.1483,32.7737,34.33261,5.859404,0.958,0.9931,0.237,0.237,0.237,6.9848,141.302,61.6125,141.302,61.6125,0.2299,32.7737,0.958,34.33261,5.859404,-3.168,-0.0044,-0.1522,-0.8366
/kaggle/input/datasets/duc24kdl/sub-x-ray/sub_X-Ray/sub_NIH/00001373_054.png,,sub_NIH,00001373_054.png,ok,512x512 -> 1024x1024,2,1,4.79,35.2871,19.247369,4.387182,0.9737,0.9973,0.0949,5.7965,32.1936,39.239397,6.264136,0.9549,0.9926,0.2398,0.2398,0.2398,6.8079,139.762,68.0615,139.762,68.0615,0.1951,32.1936,0.9549,39.239397,6.264136,-3.0935,-0.0047,-0.1449,-1.0114
/kaggle/input/datasets/duc24kdl/sub-x-ray/sub_X-Ray/sub_NIH/00001373_055.png,,sub_NIH,00001373_055.png,ok,512x512 -> 1024x1024,2,1,4.81,35.8935,16.739156,4.091351,0.9689,0.9969,0.1225,6.5675,32.7647,34.403824,5.865477,0.9505,0.9922,0.2887,0.2887,0.2887,7.5287,129.6401,68.0516,129.6401,68.0516,0.2459,32.7647,0.9505,34.403824,5.865477,-3.1287,-0.0047,-0.1662,-0.9613
/kaggle/input/datasets/duc24kdl/sub-x-ray/sub_X-Ray/sub_NIH/00001374_000.png,,sub_NIH,00001374_000.png,ok,512x512 -> 1024x1024,2,1,4.78,46.4708,1.465544,1.210596,0.9867,0.9984,0.0606,7.4009,41.9343,4.16535,2.040919,0.9771,0.9961,0.2253,0.2253,0.2253,8.418,154.77,50.7622,154.77,50.7622,0.1308,41.9343,0.9771,4.16535,2.040919,-4.5365,-0.0023,-0.1647,-1.0171
/kaggle/input/datasets/duc24kdl/sub-x-ray/sub_X-Ray/sub_NIH/00001375_000.png,,sub_NIH,00001375_000.png,ok,512x512 -> 1024x1024,2,1,4.8,39.6588,7.033909,2.652152,0.9709,0.997,0.1228,6.9544,37.5708,11.376384,3.37289,0.9537,0.9925,0.2902,0.2902,0.2902,7.934,138.8919,50.6101,138.8919,50.6101,0.3951,37.5708,0.9537,11.376384,3.37289,-2.0881,-0.0045,-0.1674,-0.9795
/kaggle/input/datasets/duc24kdl/sub-x-ray/sub_X-Ray/sub_NIH/00001376_000.png,,sub_NIH,00001376_000.png,ok,512x512 -> 1024x1024,2,1,4.79,39.0754,8.045253,2.836416,0.9841,0.9982,0.0762,6.9936,37.0489,12.828935,3.58175,0.9753,0.996,0.2388,0.2388,0.2388,7.632,126.0193,49.8562,126.0193,49.8562,0.1377,37.0489,0.9753,12.828935,3.58175,-2.0265,-0.0022,-0.1626,-0.6384
/kaggle/input/datasets/duc24kdl/sub-x-ray/sub_X-Ray/sub_NIH/00001376_001.png,,sub_NIH,00001376_001.png,ok,512x512 -> 1024x1024,2,1,4.81,38.1612,9.93036,3.151247,0.9869,0.9985,0.0576,6.906,36.4186,14.832876,3.851347,0.9769,0.9962,0.1874,0.1874,0.1874,7.7573,159.8412,55.2026,159.8412,55.2026,0.0131,36.4186,0.9769,14.832876,3.851347,-1.7426,-0.0022,-0.1298,-0.8513
/kaggle/input/datasets/duc24kdl/sub-x-ray/sub_X-Ray/sub_NIH/00001376_002.png,,sub_NIH,00001376_002.png,ok,512x512 -> 1024x1024,2,1,4.78,38.8858,8.404189,2.898998,0.9864,0.9984,0.0519,6.7139,37.0297,12.885786,3.589678,0.974,0.9958,0.1742,0.1742,0.1742,7.8405,155.8658,60.2745,155.8658,60.2745,0.1739,37.0297,0.974,12.885786,3.589678,-1.8562,-0.0026,-0.1223,-1.1266
/kaggle/input/datasets/duc24kdl/sub-x-ray/sub_X-Ray/sub_NIH/00001376_003.png,,sub_NIH,00001376_003.png,ok,512x512 -> 1024x1024,2,1,4.88,38.1431,9.97179,3.157814,0.9835,0.9982,0.0629,6.383,35.2081,19.600857,4.427285,0.9693,0.9951,0.1939,0.1939,0.1939,7.5164,161.7215,64.2241,161.7215,64.2241,0.143,35.2081,0.9693,19.600857,4.427285,-2.935,-0.0031,-0.1309,-1.1334
/kaggle/input/datasets/duc24kdl/sub-x-ray/sub_X-Ray/sub_NIH/00001376_004.png,,sub_NIH,00001376_004.png,ok,512x512 -> 1024x1024,2,1,4.77,38.2619,9.702716,3.114918,0.987,0.9985,0.0518,6.5225,36.7325,13.79837,3.714616,0.9768,0.9961,0.1768,0.1768,0.1768,8.0254,168.8436,60.0636,168.8436,60.0636,0.1377,36.7325,0.9768,13.79837,3.714616,-1.5293,-0.0023,-0.1251,-1.5028
/kaggle/input/datasets/duc24kdl/sub-x-ray/sub_X-Ray/sub_NIH/00001376_005.png,,sub_NIH,00001376_005.png,ok,512x512 -> 1024x1024,2,1,4.79,36.948,13.13046,3.623598,0.9831,0.9982,0.0735,6.9741,34.8901,21.089721,4.592355,0.9711,0.9955,0.2159,0.2159,0.2159,7.6903,102.9757,65.9609,102.9757,65.9609,0.144,34.8901,0.9711,21.089721,4.592355,-2.0579,-0.0027,-0.1424,-0.7162
/kaggle/input/datasets/duc24kdl/sub-x-ray/sub_X-Ray/sub_NIH/00001376_006.png,,sub_NIH,00001376_006.png,ok,512x512 -> 1024x1024,2,1,4.8,43.2544,3.073519,1.753145,0.9701,0.9973,0.1112,6.0987,39.5718,7.176336,2.678868,0.9513,0.9931,0.2669,0.2669,0.2669,7.4962,101.8467,74.8342,101.8467,74.8342,0.0775,39.5718,0.9513,7.176336,2.678868,-3.6827,-0.0042,-0.1556,-1.3975
/kaggle/input/datasets/duc24kdl/sub-x-ray/sub_X-Ray/sub_NIH/00001376_007.png,,sub_NIH,00001376_007.png,ok,512x512 -> 1024x1024,2,1,4.79,42.3682,3.769283,1.941464,0.9672,0.997,0.1196,6.3939,38.5557,9.068005,3.011313,0.946,0.9923,0.2789,0.2789,0.2789,7.7676,101.0034,71.6202,101.0034,71.6202,0.1134,38.5557,0.946,9.068005,3.011313,-3.8125,-0.0047,-0.1592,-1.3737
/kaggle/input/datasets/duc24kdl/sub-x-ray/sub_X-Ray/sub_NIH/00001376_008.png,,sub_NIH,00001376_008.png,ok,512x512 -> 1024x1024,2,1,4.82,38.6694,8.833583,2.972134,0.9858,0.9984,0.0565,6.8526,36.5389,14.427571,3.798364,0.9738,0.9957,0.1857,0.1857,0.1857,7.3467,144.9585,62.2242,144.9585,62.2242,0.1096,36.5389,0.9738,14.427571,3.798364,-2.1306,-0.0027,-0.1292,-0.4941
/kaggle/input/datasets/duc24kdl/sub-x-ray/sub_X-Ray/sub_NIH/00001376_009.png,,sub_NIH,00001376_009.png,ok,512x512 -> 1024x1024,2,1,4.79,39.2597,7.710925,2.776855,0.9859,0.9984,0.0623,6.8278,36.879,13.340802,3.652506,0.9747,0.996,0.2004,0.2004,0.2004,7.8524,112.5659,58.7837,112.5659,58.7837,0.1301,36.879,0.9747,13.340802,3.652506,-2.3808,-0.0024,-0.1382,-1.0245
/kaggle/input/datasets/duc24kdl/sub-x-ray/sub_X-Ray/sub_NIH/00001376_010.png,,sub_NIH,00001376_010.png,ok,512x512 -> 1024x1024,2,1,4.81,39.6583,7.034708,2.652302,0.9833,0.9981,0.0766,7.1896,37.6491,11.172924,3.342592,0.9712,0.9953,0.2388,0.2388,0.2388,7.6332,110.7639,51.8571,110.7639,51.8571,0.1076,37.6491,0.9712,11.172924,3.342592,-2.0092,-0.0028,-0.1622,-0.4436
/kaggle/input/datasets/duc24kdl/sub-x-ray/sub_X-Ray/sub_NIH/00001377_000.png,,sub_NIH,00001377_000.png,ok,512x512 -> 1024x1024,2,1,4.85,40.1483,6.284174,2.506826,0.9848,0.9982,0.0622,7.0808,38.128,10.006565,3.163316,0.9746,0.9958,0.2061,0.2061,0.2061,7.5852,129.831,54.014,129.831,54.014,0.059,38.128,0.9746,10.006565,3.163316,-2.0204,-0.0025,-0.1439,-0.5043
/kaggle/input/datasets/duc24kdl/sub-x-ray/sub_X-Ray/sub_NIH/00001377_001.png,,sub_NIH,00001377_001.png,ok,512x512 -> 1024x1024,2,1,4.79,39.0144,8.158979,2.856393,0.9833,0.9981,0.0662,6.5182,36.8511,13.426658,3.66424,0.9712,0.9955,0.1939,0.1939,0.1939,7.5698,130.6383,58.007,130.6383,58.007,0.0223,36.8511,0.9712,13.426658,3.66424,-2.1633,-0.0026,-0.1277,-1.0515
/kaggle/input/datasets/duc24kdl/sub-x-ray/sub_X-Ray/sub_NIH/00001377_002.png,,sub_NIH,00001377_002.png,ok,512x512 -> 1024x1024,2,1,4.79,39.4509,7.378875,2.716408,0.9861,0.9983,0.062,6.9971,36.9,13.276516,3.643695,0.9754,0.9958,0.1983,0.1983,0.1983,7.3671,119.9862,58.2353,119.9862,58.2353,0.1268,36.9,0.9754,13.276516,3.643695,-2.5509,-0.0025,-0.1363,-0.3699
/kaggle/input/datasets/duc24kdl/sub-x-ray/sub_X-Ray/sub_NIH/00001377_003.png,,sub_NIH,00001377_003.png,ok,512x512 -> 1024x1024,2,1,4.8,44.5852,2.262346,1.50411,0.9852,0.9983,0.0551,6.8755,41.0562,5.098766,2.258045,0.9726,0.9954,0.1877,0.1877,0.1877,7.5339,145.9011,55.5083,145.9011,55.5083,0.0091,41.0562,0.9726,5.098766,2.258045,-3.5291,-0.0029,-0.1326,-0.6583
/kaggle/input/datasets/duc24kdl/sub-x-ray/sub_X-Ray/sub_NIH/00001377_004.png,,sub_NIH,00001377_004.png,ok,512x512 -> 1024x1024,2,1,4.87,47.1808,1.244513,1.115577,0.9846,0.9982,0.0552,7.219,43.2094,3.105538,1.762254,0.9736,0.9955,0.1881,0.1881,0.1881,7.776,159.9635,45.5304,159.9635,45.5304,0.0987,43.2094,0.9736,3.105538,1.762254,-3.9714,-0.0027,-0.1329,-0.557
/kaggle/input/datasets/duc24kdl/sub-x-ray/sub_X-Ray/sub_NIH/00001377_005.png,,sub_NIH,00001377_005.png,ok,512x512 -> 1024x1024,2,1,4.8,45.191,1.967806,1.402785,0.984,0.9982,0.0616,6.9901,41.5987,4.50002,2.121325,0.9702,0.995,0.205,0.205,0.205,7.5388,155.9227,46.7081,155.9227,46.7081,0.3025,41.5987,0.9702,4.50002,2.121325,-3.5923,-0.0032,-0.1434,-0.5487
/kaggle/input/datasets/duc24kdl/sub-x-ray/sub_X-Ray/sub_NIH/00001378_000.png,,sub_NIH,00001378_000.png,ok,512x512 -> 1024x1024,2,1,4.78,38.9491,8.282607,2.877952,0.9847,0.9982,0.061,6.702,37.3217,12.047964,3.471018,0.975,0.996,0.1874,0.1874,0.1874,7.5113,164.7185,57.2438,164.7185,57.2438,0.1293,37.3217,0.975,12.047964,3.471018,-1.6275,-0.0023,-0.1264,-0.8093
/kaggle/input/datasets/duc24kdl/sub-x-ray/sub_X-Ray/sub_NIH/00001378_001.png,,sub_NIH,00001378_001.png,ok,512x512 -> 1024x1024,2,1,4.78,38.6549,8.863121,2.977099,0.984,0.9982,0.06,6.3023,36.7947,13.602277,3.688126,0.9724,0.9956,0.182,0.182,0.182,7.835,156.3297,66.7484,156.3297,66.7484,0.1465,36.7947,0.9724,13.602277,3.688126,-1.8602,-0.0026,-0.122,-1.5327
/kaggle/input/datasets/duc24kdl/sub-x-ray/sub_X-Ray/sub_NIH/00001378_002.png,,sub_NIH,00001378_002.png,ok,512x512 -> 1024x1024,2,1,4.81,41.5999,4.498763,2.121029,0.9671,0.997,0.1201,6.3429,38.4053,9.387591,3.063918,0.9488,0.9928,0.2848,0.2848,0.2848,8.2246,99.6588,76.422,99.6588,76.422,0.1147,38.4053,0.9488,9.387591,3.063918,-3.1946,-0.0042,-0.1647,-1.8817
/kaggle/input/datasets/duc24kdl/sub-x-ray/sub_X-Ray/sub_NIH/00001378_003.png,,sub_NIH,00001378_003.png,ok,512x512 -> 1024x1024,2,1,4.81,41.8636,4.23369,2.057593,0.9668,0.9969,0.1278,6.266,38.5118,9.160052,3.026558,0.9486,0.9927,0.3008,0.3008,0.3008,8.4934,107.8533,68.5744,107.8533,68.5744,0.0981,38.5118,0.9486,9.160052,3.026558,-3.3518,-0.0042,-0.1729,-2.2274
/kaggle/input/datasets/duc24kdl/sub-x-ray/sub_X-Ray/sub_NIH/00001378_004.png,,sub_NIH,00001378_004.png,ok,512x512 -> 1024x1024,2,1,4.78,41.6085,4.489791,2.118913,0.9699,0.9971,0.1208,5.9847,38.6125,8.950251,2.991697,0.9539,0.9933,0.2886,0.2886,0.2886,8.2086,117.8314,70.2846,117.8314,70.2846,0.1293,38.6125,0.9539,8.950251,2.991697,-2.9961,-0.0039,-0.1678,-2.2239
/kaggle/input/datasets/duc24kdl/sub-x-ray/sub_X-Ray/sub_NIH/00001379_000.png,,sub_NIH,00001379_000.png,ok,512x512 -> 1024x1024,2,1,4.78,41.6975,4.398751,2.09732,0.961,0.9965,0.1392,6.2879,39.1658,7.879586,2.80706,0.9406,0.9917,0.3306,0.3306,0.3306,7.9721,111.8445,66.0068,111.8445,66.0068,0.1256,39.1658,0.9406,7.879586,2.80706,-2.5317,-0.0048,-0.1913,-1.6842
/kaggle/input/datasets/duc24kdl/sub-x-ray/sub_X-Ray/sub_NIH/00001380_000.png,,sub_NIH,00001380_000.png,ok,512x512 -> 1024x1024,2,1,4.8,44.2961,2.418082,1.555018,0.9761,0.9975,0.0961,7.0484,41.4294,4.678816,2.163057,0.9623,0.9938,0.2755,0.2755,0.2755,8.0844,105.3428,39.4465,105.3428,39.4465,0.0803,41.4294,0.9623,4.678816,2.163057,-2.8666,-0.0037,-0.1794,-1.0359
/kaggle/input/datasets/duc24kdl/sub-x-ray/sub_X-Ray/sub_NIH/00001381_000.png,,sub_NIH,00001381_000.png,ok,512x512 -> 1024x1024,2,1,4.8,42.3598,3.776566,1.943339,0.9644,0.9968,0.1286,6.1131,39.0966,8.006071,2.8295,0.9441,0.9922,0.2942,0.2942,0.2942,7.7369,102.6051,67.4422,102.6051,67.4422,0.1034,39.0966,0.9441,8.006071,2.8295,-3.2632,-0.0046,-0.1656,-1.6238
/kaggle/input/datasets/duc24kdl/sub-x-ray/sub_X-Ray/sub_NIH/00001381_001.png,,sub_NIH,00001381_001.png,ok,512x512 -> 1024x1024,2,1,4.81,41.3194,4.798937,2.190648,0.9635,0.9967,0.1369,6.3815,38.5325,9.116543,3.019361,0.9436,0.9921,0.3141,0.3141,0.3141,8.0773,109.6366,64.6427,109.6366,64.6427,0.1499,38.5325,0.9436,9.116543,3.019361,-2.7869,-0.0045,-0.1772,-1.6958
/kaggle/input/datasets/duc24kdl/sub-x-ray/sub_X-Ray/sub_NIH/00001381_002.png,,sub_NIH,00001381_002.png,ok,512x512 -> 1024x1024,2,1,4.8,35.349,18.974897,4.356019,0.981,0.9979,0.0925,7.078,32.6555,35.280487,5.939738,0.9707,0.995,0.2773,0.2773,0.2773,6.9723,108.2456,46.2225,108.2456,46.2225,0.1643,32.6555,0.9707,35.280487,5.939738,-2.6936,-0.0029,-0.1849,0.1057
/kaggle/input/datasets/duc24kdl/sub-x-ray/sub_X-Ray/sub_NIH/00001381_003.png,,sub_NIH,00001381_003.png,ok,512x512 -> 1024x1024,2,1,4.81,36.6187,14.164767,3.763611,0.9851,0.9982,0.0786,7.3743,34.3326,23.978562,4.896791,0.9786,0.9964,0.2594,0.2594,0.2594,7.7697,108.5141,49.426,108.5141,49.426,0.1569,34.3326,0.9786,23.978562,4.896791,-2.2861,-0.0019,-0.1808,-0.3954
/kaggle/input/datasets/duc24kdl/sub-x-ray/sub_X-Ray/sub_NIH/00001381_004.png,,sub_NIH,00001381_004.png,ok,512x512 -> 1024x1024,2,1,4.79,42.2518,3.871706,1.967665,0.9656,0.9969,0.1258,6.2435,39.4433,7.391856,2.718797,0.9463,0.9925,0.2939,0.2939,0.2939,8.0769,101.4605,66.0194,101.4605,66.0194,0.1128,39.4433,0.9463,7.391856,2.718797,-2.8085,-0.0044,-0.1681,-1.8334
/kaggle/input/datasets/duc24kdl/sub-x-ray/sub_X-Ray/sub_NIH/00001381_005.png,,sub_NIH,00001381_005.png,ok,512x512 -> 1024x1024,2,1,4.81,38.349,9.509929,3.083817,0.9842,0.9981,0.0855,7.8637,35.8086,17.069346,4.131506,0.9762,0.9961,0.2505,0.2505,0.2505,8.2913,108.1279,44.9868,108.1279,44.9868,0.1886,35.8086,0.9762,17.069346,4.131506,-2.5404,-0.002,-0.165,-0.4275
/kaggle/input/datasets/duc24kdl/sub-x-ray/sub_X-Ray/sub_NIH/00001381_006.png,,sub_NIH,00001381_006.png,ok,512x512 -> 1024x1024,2,1,4.78,37.702,11.037751,3.322311,0.9835,0.9982,0.0799,6.9028,34.6258,22.413069,4.734244,0.9729,0.9957,0.2307,0.2307,0.2307,7.8593,106.78,60.6902,106.78,60.6902,0.1652,34.6258,0.9729,22.413069,4.734244,-3.0762,-0.0025,-0.1508,-0.9565
/kaggle/input/datasets/duc24kdl/sub-x-ray/sub_X-Ray/sub_NIH/00001381_007.png,,sub_NIH,00001381_007.png,ok,512x512 -> 1024x1024,2,1,4.79,37.0207,12.912504,3.593397,0.9813,0.9979,0.0855,6.7523,34.2483,24.44861,4.944554,0.9709,0.9951,0.2398,0.2398,0.2398,7.3194,103.1318,58.9251,103.1318,58.9251,0.1837,34.2483,0.9709,24.44861,4.944554,-2.7724,-0.0028,-0.1543,-0.5671
/kaggle/input/datasets/duc24kdl/sub-x-ray/sub_X-Ray/sub_NIH/00001381_008.png,,sub_NIH,00001381_008.png,ok,512x512 -> 1024x1024,2,1,4.81,37.3828,11.879507,3.446666,0.983,0.998,0.0858,6.6211,34.8276,21.395188,4.625493,0.9736,0.9955,0.2591,0.2591,0.2591,6.7311,107.9486,53.8315,107.9486,53.8315,0.1837,34.8276,0.9736,21.395188,4.625493,-2.5552,-0.0026,-0.1734,-0.11
/kaggle/input/datasets/duc24kdl/sub-x-ray/sub_X-Ray/sub_NIH/00001381_009.png,,sub_NIH,00001381_009.png,ok,512x512 -> 1024x1024,2,1,4.85,37.1774,12.45481,3.529137,0.9846,0.9982,0.0853,6.653,34.2471,24.4553,4.94523,0.9738,0.9957,0.2503,0.2503,0.2503,7.4178,117.3147,51.3404,117.3147,51.3404,0.1475,34.2471,0.9738,24.4553,4.94523,-2.9304,-0.0026,-0.165,-0.7647
/kaggle/input/datasets/duc24kdl/sub-x-ray/sub_X-Ray/sub_NIH/00001381_010.png,,sub_NIH,00001381_010.png,ok,512x512 -> 1024x1024,2,1,4.81,42.6483,3.533859,1.879856,0.9655,0.9969,0.1317,6.239,39.5036,7.289831,2.699969,0.9464,0.9925,0.2999,0.2999,0.2999,7.8256,105.1257,68.236,105.1257,68.236,0.1298,39.5036,0.9464,7.289831,2.699969,-3.1447,-0.0044,-0.1682,-1.5866
/kaggle/input/datasets/duc24kdl/sub-x-ray/sub_X-Ray/sub_NIH/00001381_011.png,,sub_NIH,00001381_011.png,ok,512x512 -> 1024x1024,2,1,4.8,35.6997,17.502935,4.183651,0.9809,0.9979,0.0954,6.5627,33.6908,27.796968,5.272283,0.9718,0.9953,0.2746,0.2746,0.2746,7.63,124.1763,57.9832,124.1763,57.9832,0.2104,33.6908,0.9718,27.796968,5.272283,-2.0089,-0.0026,-0.1793,-1.0673
/kaggle/input/datasets/duc24kdl/sub-x-ray/sub_X-Ray/sub_NIH/00001381_012.png,,sub_NIH,00001381_012.png,ok,512x512 -> 1024x1024,2,1,4.79,42.3753,3.763123,1.939877,0.9651,0.9968,0.1351,6.0981,39.2697,7.693213,2.773664,0.9476,0.9927,0.3095,0.3095,0.3095,8.6464,119.1242,67.7929,119.1242,67.7929,0.109,39.2697,0.9476,7.693213,2.773664,-3.1056,-0.0041,-0.1744,-2.5483
/kaggle/input/datasets/duc24kdl/sub-x-ray/sub_X-Ray/sub_NIH/00001381_013.png,,sub_NIH,00001381_013.png,ok,512x512 -> 1024x1024,2,1,4.81,42.2392,3.88291,1.97051,0.9615,0.9965,0.149,6.0436,39.3547,7.544082,2.746649,0.9431,0.9921,0.3398,0.3398,0.3398,8.1624,124.5822,67.1838,124.5822,67.1838,0.108,39.3547,0.9431,7.544082,2.746649,-2.8845,-0.0044,-0.1908,-2.1188
/kaggle/input/datasets/duc24kdl/sub-x-ray/sub_X-Ray/sub_NIH/00001382_000.png,,sub_NIH,00001382_000.png,ok,512x512 -> 1024x1024,2,1,4.79,38.7166,8.738152,2.956037,0.9855,0.9983,0.0588,7.0554,36.6492,14.065782,3.750438,0.9732,0.9959,0.1873,0.1873,0.1873,8.4055,142.1584,75.4465,142.1584,75.4465,0.1722,36.6492,0.9732,14.065782,3.750438,-2.0674,-0.0025,-0.1285,-1.3501
/kaggle/input/datasets/duc24kdl/sub-x-ray/sub_X-Ray/sub_NIH/00001382_001.png,,sub_NIH,00001382_001.png,ok,512x512 -> 1024x1024,2,1,4.79,39.6954,6.974915,2.641006,0.9885,0.9985,0.057,7.5266,38.1391,9.98085,3.159248,0.9822,0.9972,0.1866,0.1866,0.1866,8.3608,142.4574,61.6785,142.4574,61.6785,0.1451,38.1391,0.9822,9.98085,3.159248,-1.5563,-0.0013,-0.1296,-0.8342
/kaggle/input/datasets/duc24kdl/sub-x-ray/sub_X-Ray/sub_NIH/00001382_002.png,,sub_NIH,00001382_002.png,ok,512x512 -> 1024x1024,2,1,4.78,39.5309,7.244244,2.691513,0.9857,0.9984,0.0605,6.5141,37.4917,11.585494,3.403747,0.9745,0.9959,0.1923,0.1923,0.1923,8.0199,136.1311,74.1607,136.1311,74.1607,0.317,37.4917,0.9745,11.585494,3.403747,-2.0392,-0.0025,-0.1319,-1.5058
/kaggle/input/datasets/duc24kdl/sub-x-ray/sub_X-Ray/sub_NIH/00001382_003.png,,sub_NIH,00001382_003.png,ok,512x512 -> 1024x1024,2,1,4.81,37.984,10.343715,3.216165,0.9873,0.9984,0.0606,6.9014,35.5495,18.1189,4.25663,0.9774,0.9963,0.1937,0.1937,0.1937,7.9449,142.9285,61.6028,142.9285,61.6028,0.1321,35.5495,0.9774,18.1189,4.25663,-2.4346,-0.0021,-0.1331,-1.0435
/kaggle/input/datasets/duc24kdl/sub-x-ray/sub_X-Ray/sub_NIH/00001382_004.png,,sub_NIH,00001382_004.png,ok,512x512 -> 1024x1024,2,1,4.81,38.8435,8.486489,2.913158,0.9865,0.9983,0.0601,6.869,36.6406,14.093423,3.754121,0.9769,0.9963,0.1836,0.1836,0.1836,7.9145,137.3285,67.5399,137.3285,67.5399,0.2965,36.6406,0.9769,14.093423,3.754121,-2.2029,-0.002,-0.1235,-1.0455
/kaggle/input/datasets/duc24kdl/sub-x-ray/sub_X-Ray/sub_NIH/00001383_000.png,,sub_NIH,00001383_000.png,ok,512x512 -> 1024x1024,2,1,5.14,41.9495,4.150822,2.037357,0.9622,0.9965,0.1375,6.4881,39.007,8.173007,2.858847,0.9419,0.9917,0.3181,0.3181,0.3181,8.1715,113.9834,67.0131,113.9834,67.0131,0.1101,39.007,0.9419,8.173007,2.858847,-2.9425,-0.0048,-0.1806,-1.6834
/kaggle/input/datasets/duc24kdl/sub-x-ray/sub_X-Ray/sub_NIH/00001383_001.png,,sub_NIH,00001383_001.png,ok,512x512 -> 1024x1024,2,1,4.81,41.5939,4.504905,2.122476,0.9568,0.9961,0.1487,6.6395,38.6874,8.797074,2.965986,0.9326,0.9902,0.3424,0.3424,0.3424,7.9492,108.2527,62.3138,108.2527,62.3138,0.0836,38.6874,0.9326,8.797074,2.965986,-2.9065,-0.0058,-0.1937,-1.3098
/kaggle/input/datasets/duc24kdl/sub-x-ray/sub_X-Ray/sub_NIH/00001384_000.png,,sub_NIH,00001384_000.png,ok,512x512 -> 1024x1024,2,1,4.8,44.9724,2.069357,1.438526,0.9744,0.9973,0.103,6.9823,42.1351,3.977141,1.994277,0.9598,0.9933,0.3028,0.3028,0.3028,7.8051,108.7657,33.5802,108.7657,33.5802,0.0859,42.1351,0.9598,3.977141,1.994277,-2.8374,-0.004,-0.1998,-0.8228
/kaggle/input/datasets/duc24kdl/sub-x-ray/sub_X-Ray/sub_NIH/00001384_001.png,,sub_NIH,00001384_001.png,ok,512x512 -> 1024x1024,2,1,4.79,42.5842,3.586443,1.893791,0.9623,0.9966,0.1298,6.17,39.3051,7.630723,2.762376,0.9415,0.9919,0.3139,0.3139,0.3139,7.4375,107.7098,72.4188,107.7098,72.4188,0.0877,39.3051,0.9415,7.630723,2.762376,-3.279,-0.0047,-0.1841,-1.2676
/kaggle/input/datasets/duc24kdl/sub-x-ray/sub_X-Ray/sub_NIH/00001385_000.png,,sub_NIH,00001385_000.png,ok,512x512 -> 1024x1024,2,1,4.8,47.2642,1.220848,1.10492,0.9884,0.9984,0.0407,8.561,44.1384,2.507474,1.583501,0.9842,0.9973,0.1716,0.1716,0.1716,8.9957,172.0826,32.8051,172.0826,32.8051,0.2777,44.1384,0.9842,2.507474,1.583501,-3.1257,-0.0011,-0.131,-0.4346
/kaggle/input/datasets/duc24kdl/sub-x-ray/sub_X-Ray/sub_NIH/00001385_001.png,,sub_NIH,00001385_001.png,ok,512x512 -> 1024x1024,2,1,4.78,38.4623,9.265208,3.04388,0.9862,0.9983,0.0702,7.5937,36.2293,15.493535,3.936183,0.9793,0.9966,0.2301,0.2301,0.2301,7.4881,137.9899,43.2316,137.9899,43.2316,0.1823,36.2293,0.9793,15.493535,3.936183,-2.233,-0.0017,-0.1599,0.1055
/kaggle/input/datasets/duc24kdl/sub-x-ray/sub_X-Ray/sub_NIH/00001385_002.png,,sub_NIH,00001385_002.png,ok,512x512 -> 1024x1024,2,1,4.82,38.0145,10.271413,3.204904,0.9852,0.9982,0.0744,7.8804,35.9564,16.49844,4.061827,0.9785,0.9966,0.2448,0.2448,0.2448,8.2556,140.2488,39.7364,140.2488,39.7364,0.074,35.9564,0.9785,16.49844,4.061827,-2.0581,-0.0017,-0.1704,-0.3752
/kaggle/input/datasets/duc24kdl/sub-x-ray/sub_X-Ray/sub_NIH/00001385_003.png,,sub_NIH,00001385_003.png,ok,512x512 -> 1024x1024,2,1,4.83,37.531,11.481048,3.38837,0.9851,0.9982,0.0764,7.3242,35.2524,19.401734,4.40474,0.9777,0.9964,0.2387,0.2387,0.2387,8.7353,130.2474,52.4695,130.2474,52.4695,0.1768,35.2524,0.9777,19.401734,4.40474,-2.2786,-0.0018,-0.1623,-1.4111
/kaggle/input/datasets/duc24kdl/sub-x-ray/sub_X-Ray/sub_NIH/00001385_004.png,,sub_NIH,00001385_004.png,ok,512x512 -> 1024x1024,2,1,4.78,37.9816,10.349561,3.217073,0.9859,0.9983,0.0732,7.8942,35.8354,16.96431,4.118775,0.9793,0.9966,0.2431,0.2431,0.2431,8.2614,138.4732,42.3974,138.4732,42.3974,0.228,35.8354,0.9793,16.96431,4.118775,-2.1461,-0.0017,-0.1699,-0.3673
/kaggle/input/datasets/duc24kdl/sub-x-ray/sub_X-Ray/sub_NIH/00001385_005.png,,sub_NIH,00001385_005.png,ok,512x512 -> 1024x1024,2,1,4.79,39.5207,7.261231,2.694667,0.9855,0.9983,0.0718,8.116,37.6543,11.15963,3.340603,0.9789,0.9967,0.2436,0.2436,0.2436,8.3206,136.266,41.3381,136.266,41.3381,0.13,37.6543,0.9789,11.15963,3.340603,-1.8664,-0.0016,-0.1718,-0.2047
/kaggle/input/datasets/duc24kdl/sub-x-ray/sub_X-Ray/sub_NIH/00001385_006.png,,sub_NIH,00001385_006.png,ok,512x512 -> 1024x1024,2,1,4.8,37.7971,10.798626,3.286126,0.9854,0.9983,0.0798,7.5829,36.0997,15.962981,3.99537,0.9793,0.9967,0.2572,0.2572,0.2572,8.5577,139.2259,47.5315,139.2259,47.5315,0.1732,36.0997,0.9793,15.962981,3.99537,-1.6975,-0.0016,-0.1774,-0.9747
/kaggle/input/datasets/duc24kdl/sub-x-ray/sub_X-Ray/sub_NIH/00001385_007.png,,sub_NIH,00001385_007.png,ok,512x512 -> 1024x1024,2,1,4.79,36.9624,13.087109,3.617611,0.9836,0.9982,0.0602,6.8877,34.855,21.260852,4.610949,0.9712,0.9954,0.1928,0.1928,0.1928,8.1836,167.2028,57.4372,167.2028,57.4372,0.0067,34.855,0.9712,21.260852,4.610949,-2.1074,-0.0028,-0.1326,-1.2959
/kaggle/input/datasets/duc24kdl/sub-x-ray/sub_X-Ray/sub_NIH/00001385_008.png,,sub_NIH,00001385_008.png,ok,512x512 -> 1024x1024,2,1,4.8,37.8433,10.68443,3.268705,0.9857,0.9983,0.073,8.0077,36.3821,14.957733,3.867523,0.9796,0.9967,0.2361,0.2361,0.2361,8.9583,143.4268,41.3187,143.4268,41.3187,0.1791,36.3821,0.9796,14.957733,3.867523,-1.4611,-0.0016,-0.1631,-0.9506
/kaggle/input/datasets/duc24kdl/sub-x-ray/sub_X-Ray/sub_NIH/00001385_009.png,,sub_NIH,00001385_009.png,ok,512x512 -> 1024x1024,2,1,4.79,37.913,10.51419,3.242559,0.984,0.9982,0.0809,7.5248,36.152,15.771918,3.971387,0.9767,0.9963,0.2544,0.2544,0.2544,8.3316,137.7501,45.2033,137.7501,45.2033,0.0848,36.152,0.9767,15.771918,3.971387,-1.7611,-0.0019,-0.1735,-0.8068
/kaggle/input/datasets/duc24kdl/sub-x-ray/sub_X-Ray/sub_NIH/00001385_010.png,,sub_NIH,00001385_010.png,ok,512x512 -> 1024x1024,2,1,4.78,38.9327,8.314064,2.883412,0.9852,0.9983,0.0743,7.7145,36.9662,13.075585,3.616018,0.9783,0.9965,0.2407,0.2407,0.2407,8.539,133.2024,43.3608,133.2024,43.3608,0.0485,36.9662,0.9783,13.075585,3.616018,-1.9665,-0.0017,-0.1664,-0.8246
/kaggle/input/datasets/duc24kdl/sub-x-ray/sub_X-Ray/sub_NIH/00001385_011.png,,sub_NIH,00001385_011.png,ok,512x512 -> 1024x1024,2,1,4.79,38.6758,8.820551,2.969941,0.986,0.9983,0.0745,8.1462,36.3308,15.135478,3.890434,0.9794,0.9967,0.2455,0.2455,0.2455,9.1417,136.903,36.251,136.903,36.251,0.1944,36.3308,0.9794,15.135478,3.890434,-2.345,-0.0016,-0.171,-0.9955
/kaggle/input/datasets/duc24kdl/sub-x-ray/sub_X-Ray/sub_NIH/00001385_012.png,,sub_NIH,00001385_012.png,ok,512x512 -> 1024x1024,2,1,4.8,38.4372,9.318785,3.052668,0.988,0.9985,0.0572,7.3723,36.9297,13.186048,3.63126,0.9821,0.9971,0.1942,0.1942,0.1942,7.9523,152.9966,48.5828,152.9966,48.5828,0.1487,36.9297,0.9821,13.186048,3.63126,-1.5076,-0.0014,-0.137,-0.58
/kaggle/input/datasets/duc24kdl/sub-x-ray/sub_X-Ray/sub_NIH/00001385_013.png,,sub_NIH,00001385_013.png,ok,512x512 -> 1024x1024,2,1,4.8,41.6875,4.408909,2.09974,0.956,0.9961,0.1514,6.6772,37.9938,10.320468,3.212548,0.9349,0.991,0.3504,0.3504,0.3504,7.9346,129.0561,65.7273,129.0561,65.7273,0.0845,37.9938,0.9349,10.320468,3.212548,-3.6937,-0.0051,-0.199,-1.2574
/kaggle/input/datasets/duc24kdl/sub-x-ray/sub_X-Ray/sub_NIH/00001385_014.png,,sub_NIH,00001385_014.png,ok,512x512 -> 1024x1024,2,1,4.83,41.0277,5.132268,2.265451,0.9537,0.9958,0.1575,6.6172,37.817,10.749212,3.278599,0.9313,0.9904,0.3621,0.3621,0.3621,8.1808,130.2617,68.4919,130.2617,68.4919,0.082,37.817,0.9313,10.749212,3.278599,-3.2107,-0.0055,-0.2046,-1.5636
/kaggle/input/datasets/duc24kdl/sub-x-ray/sub_X-Ray/sub_NIH/00001385_015.png,,sub_NIH,00001385_015.png,ok,512x512 -> 1024x1024,2,1,4.78,41.6301,4.467598,2.113669,0.9547,0.996,0.1563,6.5087,39.0086,8.16991,2.858305,0.9343,0.9909,0.3513,0.3513,0.3513,8.0095,129.1218,68.2766,129.1218,68.2766,0.0961,39.0086,0.9343,8.16991,2.858305,-2.6214,-0.005,-0.1949,-1.5008
/kaggle/input/datasets/duc24kdl/sub-x-ray/sub_X-Ray/sub_NIH/00001385_016.png,,sub_NIH,00001385_016.png,ok,512x512 -> 1024x1024,2,1,4.85,34.1635,24.930553,4.993051,0.9824,0.9981,0.0714,6.7345,32.9604,32.888465,5.734847,0.9715,0.9954,0.2118,0.2118,0.2118,7.5393,165.2263,62.8734,165.2263,62.8734,0.1679,32.9604,0.9715,32.888465,5.734847,-1.2031,-0.0026,-0.1404,-0.8048
/kaggle/input/datasets/duc24kdl/sub-x-ray/sub_X-Ray/sub_NIH/00001385_017.png,,sub_NIH,00001385_017.png,ok,512x512 -> 1024x1024,2,1,4.8,42.0276,4.076766,2.0191,0.9619,0.9966,0.1366,6.2478,39.2741,7.685455,2.772265,0.9426,0.9921,0.3127,0.3127,0.3127,8.0486,115.9488,70.749,115.9488,70.749,0.1075,39.2741,0.9426,7.685455,2.772265,-2.7535,-0.0045,-0.1761,-1.8008
/kaggle/input/datasets/duc24kdl/sub-x-ray/sub_X-Ray/sub_NIH/00001385_018.png,,sub_NIH,00001385_018.png,ok,512x512 -> 1024x1024,2,1,4.79,34.904,21.022483,4.585028,0.983,0.998,0.0756,6.8111,32.4362,37.107779,6.091615,0.9737,0.9953,0.2421,0.2421,0.2421,7.4955,122.6146,49.9011,122.6146,49.9011,0.1981,32.4362,0.9737,37.107779,6.091615,-2.4678,-0.0027,-0.1665,-0.6844
/kaggle/input/datasets/duc24kdl/sub-x-ray/sub_X-Ray/sub_NIH/00001385_019.png,,sub_NIH,00001385_019.png,ok,512x512 -> 1024x1024,2,1,4.78,42.9582,3.290468,1.813965,0.9642,0.9968,0.1312,6.3816,40.1115,6.33761,2.517461,0.9453,0.9924,0.3158,0.3158,0.3158,8.1947,108.1021,68.464,108.1021,68.464,0.0849,40.1115,0.9453,6.33761,2.517461,-2.8467,-0.0044,-0.1846,-1.813
/kaggle/input/datasets/duc24kdl/sub-x-ray/sub_X-Ray/sub_NIH/00001385_020.png,,sub_NIH,00001385_020.png,ok,512x512 -> 1024x1024,2,1,4.77,36.193,15.623401,3.952645,0.9855,0.9982,0.0729,7.6416,33.7746,27.265864,5.221673,0.9792,0.9963,0.238,0.238,0.238,8.2287,119.9008,51.5601,119.9008,51.5601,0.2615,33.7746,0.9792,27.265864,5.221673,-2.4184,-0.0019,-0.1651,-0.5871
/kaggle/input/datasets/duc24kdl/sub-x-ray/sub_X-Ray/sub_NIH/00001386_000.png,,sub_NIH,00001386_000.png,ok,512x512 -> 1024x1024,2,1,4.79,42.6566,3.527152,1.878071,0.9652,0.9968,0.1289,6.7056,39.5234,7.256682,2.693823,0.9482,0.9929,0.3083,0.3083,0.3083,7.9132,115.7956,70.9899,115.7956,70.9899,0.0798,39.5234,0.9482,7.256682,2.693823,-3.1331,-0.004,-0.1794,-1.2077
/kaggle/input/datasets/duc24kdl/sub-x-ray/sub_X-Ray/sub_NIH/00001387_000.png,,sub_NIH,00001387_000.png,ok,512x512 -> 1024x1024,2,1,4.8,44.7905,2.157917,1.468985,0.9747,0.9974,0.0989,6.9949,41.728,4.367987,2.089973,0.9589,0.9932,0.2804,0.2804,0.2804,7.6351,102.9046,40.1993,102.9046,40.1993,0.0945,41.728,0.9589,4.367987,2.089973,-3.0625,-0.0042,-0.1814,-0.6402
/kaggle/input/datasets/duc24kdl/sub-x-ray/sub_X-Ray/sub_NIH/00001388_000.png,,sub_NIH,00001388_000.png,ok,512x512 -> 1024x1024,2,1,4.85,45.4141,1.869268,1.367212,0.9859,0.9984,0.0522,6.5699,41.2422,4.88498,2.210199,0.9733,0.9956,0.1924,0.1924,0.1924,7.8744,154.1375,57.103,154.1375,57.103,0.0392,41.2422,0.9733,4.88498,2.210199,-4.1719,-0.0028,-0.1401,-1.3045
/kaggle/input/datasets/duc24kdl/sub-x-ray/sub_X-Ray/sub_NIH/00001389_000.png,,sub_NIH,00001389_000.png,ok,512x512 -> 1024x1024,2,1,4.78,45.6968,1.751448,1.323423,0.9829,0.9981,0.0643,6.6425,40.2276,6.170455,2.48404,0.966,0.9944,0.216,0.216,0.216,8.0453,167.92,54.7574,167.92,54.7574,0.1275,40.2276,0.966,6.170455,2.48404,-5.4692,-0.0037,-0.1516,-1.4028
/kaggle/input/datasets/duc24kdl/sub-x-ray/sub_X-Ray/sub_NIH/00001389_001.png,,sub_NIH,00001389_001.png,ok,512x512 -> 1024x1024,2,1,4.8,37.6302,11.22167,3.349876,0.9886,0.9985,0.0582,7.0142,36.2875,15.287214,3.909887,0.9823,0.997,0.2004,0.2004,0.2004,8.1364,157.5061,45.0514,157.5061,45.0514,0.1434,36.2875,0.9823,15.287214,3.909887,-1.3427,-0.0015,-0.1422,-1.1222
/kaggle/input/datasets/duc24kdl/sub-x-ray/sub_X-Ray/sub_NIH/00001389_002.png,,sub_NIH,00001389_002.png,ok,512x512 -> 1024x1024,2,1,4.86,38.2414,9.748487,3.122257,0.9889,0.9986,0.0552,7.0946,36.7323,13.799036,3.714705,0.983,0.9972,0.1887,0.1887,0.1887,8.1449,158.7442,46.1826,158.7442,46.1826,0.1467,36.7323,0.983,13.799036,3.714705,-1.5091,-0.0013,-0.1336,-1.0504
/kaggle/input/datasets/duc24kdl/sub-x-ray/sub_X-Ray/sub_NIH/00001389_003.png,,sub_NIH,00001389_003.png,ok,512x512 -> 1024x1024,2,1,4.79,38.2637,9.698727,3.114278,0.9888,0.9985,0.0566,7.0432,36.7824,13.640878,3.693356,0.9829,0.9972,0.1978,0.1978,0.1978,8.1605,157.3366,43.7347,157.3366,43.7347,0.1558,36.7824,0.9829,13.640878,3.693356,-1.4813,-0.0014,-0.1413,-1.1173
/kaggle/input/datasets/duc24kdl/sub-x-ray/sub_X-Ray/sub_NIH/00001389_004.png,,sub_NIH,00001389_004.png,ok,512x512 -> 1024x1024,2,1,4.83,42.1672,3.947885,1.986929,0.963,0.9967,0.1348,6.6665,38.717,8.737292,2.955891,0.9432,0.992,0.3131,0.3131,0.3131,8.1698,118.7892,71.0814,118.7892,71.0814,0.0947,38.717,0.9432,8.737292,2.955891,-3.4501,-0.0046,-0.1783,-1.5033
/kaggle/input/datasets/duc24kdl/sub-x-ray/sub_X-Ray/sub_NIH/00001389_005.png,,sub_NIH,00001389_005.png,ok,512x512 -> 1024x1024,2,1,4.79,42.8538,3.37052,1.835898,0.9671,0.997,0.1219,6.5165,39.5479,7.215892,2.686241,0.9485,0.9926,0.2909,0.2909,0.2909,7.9494,111.4331,69.2927,111.4331,69.2927,0.1094,39.5479,0.9485,7.215892,2.686241,-3.3059,-0.0044,-0.169,-1.4329
/kaggle/input/datasets/duc24kdl/sub-x-ray/sub_X-Ray/sub_NIH/00001390_000.png,,sub_NIH,00001390_000.png,ok,512x512 -> 1024x1024,2,1,4.8,37.0077,12.951348,3.598798,0.9845,0.9983,0.06,6.8976,35.4265,18.639543,4.317354,0.9738,0.996,0.1824,0.1824,0.1824,7.7672,164.2951,57.9146,164.2951,57.9146,0.0379,35.4265,0.9738,18.639543,4.317354,-1.5812,-0.0023,-0.1224,-0.8696
/kaggle/input/datasets/duc24kdl/sub-x-ray/sub_X-Ray/sub_NIH/00001391_000.png,,sub_NIH,00001391_000.png,ok,512x512 -> 1024x1024,2,1,4.8,47.3346,1.201223,1.096003,0.9874,0.9985,0.0457,7.0166,40.1008,6.353348,2.520585,0.9761,0.9962,0.1735,0.1735,0.1735,8.4084,174.2611,56.9613,174.2611,56.9613,0.0916,40.1008,0.9761,6.353348,2.520585,-7.2338,-0.0023,-0.1278,-1.3919
/kaggle/input/datasets/duc24kdl/sub-x-ray/sub_X-Ray/sub_NIH/00001392_000.png,,sub_NIH,00001392_000.png,ok,512x512 -> 1024x1024,2,1,4.79,45.6671,1.763496,1.327967,0.9837,0.9982,0.0716,6.9738,41.4934,4.610393,2.147183,0.971,0.9951,0.2275,0.2275,0.2275,7.7028,158.9973,50.8405,158.9973,50.8405,0.2865,41.4934,0.971,4.610393,2.147183,-4.1736,-0.003,-0.1559,-0.729
/kaggle/input/datasets/duc24kdl/sub-x-ray/sub_X-Ray/sub_NIH/00001393_000.png,,sub_NIH,00001393_000.png,ok,512x512 -> 1024x1024,2,1,4.79,37.172,12.470368,3.531341,0.9833,0.9981,0.0729,6.9941,35.9621,16.476785,4.059161,0.9727,0.9956,0.2237,0.2237,0.2237,8.0164,174.2336,50.7555,174.2336,50.7555,0.1651,35.9621,0.9727,16.476785,4.059161,-1.2099,-0.0025,-0.1507,-1.0223
/kaggle/input/datasets/duc24kdl/sub-x-ray/sub_X-Ray/sub_NIH/00001394_000.png,,sub_NIH,00001394_000.png,ok,512x512 -> 1024x1024,2,1,4.79,42.5649,3.60236,1.897988,0.9708,0.9972,0.119,6.9126,38.8337,8.505712,2.916455,0.9561,0.9938,0.2993,0.2993,0.2993,7.9098,112.2155,63.9834,112.2155,63.9834,0.1218,38.8337,0.9561,8.505712,2.916455,-3.7312,-0.0034,-0.1803,-0.9972
/kaggle/input/datasets/duc24kdl/sub-x-ray/sub_X-Ray/sub_NIH/00001394_001.png,,sub_NIH,00001394_001.png,ok,512x512 -> 1024x1024,2,1,4.78,39.2034,7.811614,2.794927,0.9843,0.9982,0.0625,6.7212,37.1995,12.391793,3.520198,0.9726,0.9958,0.1854,0.1854,0.1854,7.3931,145.4148,71.9663,145.4148,71.9663,0.3367,37.1995,0.9726,12.391793,3.520198,-2.0039,-0.0025,-0.1229,-0.6719
/kaggle/input/datasets/duc24kdl/sub-x-ray/sub_X-Ray/sub_NIH/00001395_000.png,,sub_NIH,00001395_000.png,ok,512x512 -> 1024x1024,2,1,4.78,45.4106,1.870766,1.367759,0.9754,0.9974,0.0976,7.158,42.5664,3.601135,1.897666,0.9614,0.9937,0.2802,0.2802,0.2802,8.0137,109.9537,33.7653,109.9537,33.7653,0.0754,42.5664,0.9614,3.601135,1.897666,-2.8442,-0.0038,-0.1826,-0.8557
/kaggle/input/datasets/duc24kdl/sub-x-ray/sub_X-Ray/sub_NIH/00001395_001.png,,sub_NIH,00001395_001.png,ok,512x512 -> 1024x1024,2,1,4.8,45.5328,1.818861,1.348652,0.9753,0.9974,0.101,7.3468,42.8557,3.369045,1.835496,0.9619,0.9938,0.2894,0.2894,0.2894,7.5494,111.2468,30.0162,111.2468,30.0162,0.0676,42.8557,0.9619,3.369045,1.835496,-2.6771,-0.0036,-0.1884,-0.2026
/kaggle/input/datasets/duc24kdl/sub-x-ray/sub_X-Ray/sub_NIH/00001395_002.png,,sub_NIH,00001395_002.png,ok,512x512 -> 1024x1024,2,1,4.81,35.3753,18.860444,4.342861,0.9747,0.9974,0.1046,6.4914,31.8264,42.701349,6.534627,0.9543,0.9926,0.28,0.28,0.28,7.2185,131.4481,60.4958,131.4481,60.4958,0.2216,31.8264,0.9543,42.701349,6.534627,-3.5489,-0.0048,-0.1754,-0.7271
/kaggle/input/datasets/duc24kdl/sub-x-ray/sub_X-Ray/sub_NIH/00001395_003.png,,sub_NIH,00001395_003.png,ok,512x512 -> 1024x1024,2,1,4.79,45.0373,2.038708,1.427833,0.9755,0.9974,0.0961,7.2541,41.5203,4.581921,2.140542,0.9603,0.9933,0.2773,0.2773,0.2773,7.3587,109.8892,33.8571,109.8892,33.8571,0.0761,41.5203,0.9603,4.581921,2.140542,-3.5169,-0.0041,-0.1812,-0.1046
/kaggle/input/datasets/duc24kdl/sub-x-ray/sub_X-Ray/sub_NIH/00001395_004.png,,sub_NIH,00001395_004.png,ok,512x512 -> 1024x1024,2,1,4.81,45.4397,1.858285,1.363189,0.9756,0.9974,0.0998,7.0923,42.6158,3.560415,1.886906,0.9622,0.9938,0.2922,0.2922,0.2922,7.9963,108.8358,33.5167,108.8358,33.5167,0.0711,42.6158,0.9622,3.560415,1.886906,-2.8239,-0.0036,-0.1923,-0.9041
/kaggle/input/datasets/duc24kdl/sub-x-ray/sub_X-Ray/sub_NIH/00001395_005.png,,sub_NIH,00001395_005.png,ok,512x512 -> 1024x1024,2,1,4.78,45.4953,1.834647,1.354491,0.9773,0.9976,0.0941,7.2837,42.5464,3.617739,1.902035,0.9651,0.9943,0.2755,0.2755,0.2755,7.904,108.8367,34.0938,108.8367,34.0938,0.0723,42.5464,0.9651,3.617739,1.902035,-2.9488,-0.0033,-0.1814,-0.6203
/kaggle/input/datasets/duc24kdl/sub-x-ray/sub_X-Ray/sub_NIH/00001395_006.png,,sub_NIH,00001395_006.png,ok,512x512 -> 1024x1024,2,1,4.89,41.8805,4.217285,2.053603,0.9748,0.9974,0.1036,6.7487,35.5842,17.974758,4.239665,0.956,0.9928,0.3,0.3,0.3,7.8361,142.1384,46.9462,142.1384,46.9462,0.3056,35.5842,0.956,17.974758,4.239665,-6.2963,-0.0046,-0.1965,-1.0874
/kaggle/input/datasets/duc24kdl/sub-x-ray/sub_X-Ray/sub_NIH/00001395_007.png,,sub_NIH,00001395_007.png,ok,512x512 -> 1024x1024,2,1,4.8,38.3714,9.461117,3.075893,0.9854,0.9983,0.0713,7.3353,35.4072,18.722307,4.326928,0.975,0.9958,0.2331,0.2331,0.2331,8.1274,139.6509,48.6148,139.6509,48.6148,0.1285,35.4072,0.975,18.722307,4.326928,-2.9642,-0.0025,-0.1617,-0.7921
/kaggle/input/datasets/duc24kdl/sub-x-ray/sub_X-Ray/sub_NIH/00001395_008.png,,sub_NIH,00001395_008.png,ok,512x512 -> 1024x1024,2,1,4.78,38.2481,9.733502,3.119856,0.9887,0.9985,0.0598,7.7119,36.7315,13.801724,3.715067,0.9835,0.9973,0.2131,0.2131,0.2131,8.9811,154.3383,48.4974,154.3383,48.4974,0.1332,36.7315,0.9835,13.801724,3.715067,-1.5166,-0.0012,-0.1533,-1.2692
/kaggle/input/datasets/duc24kdl/sub-x-ray/sub_X-Ray/sub_NIH/00001395_009.png,,sub_NIH,00001395_009.png,ok,512x512 -> 1024x1024,2,1,4.78,35.8774,16.801032,4.098906,0.9868,0.9985,0.0605,6.9606,34.2688,24.3335,4.9329,0.9807,0.9971,0.2034,0.2034,0.2034,8.3155,160.1104,48.3743,160.1104,48.3743,-0.0534,34.2688,0.9807,24.3335,4.9329,-1.6087,-0.0013,-0.1429,-1.3549
/kaggle/input/datasets/duc24kdl/sub-x-ray/sub_X-Ray/sub_NIH/00001395_010.png,,sub_NIH,00001395_010.png,ok,512x512 -> 1024x1024,2,1,4.86,42.1744,3.941313,1.985274,0.961,0.9965,0.1428,6.6403,38.87,8.435,2.904307,0.9413,0.9919,0.3287,0.3287,0.3287,8.0883,124.9526,68.691,124.9526,68.691,0.0935,38.87,0.9413,8.435,2.904307,-3.3044,-0.0046,-0.1859,-1.448
/kaggle/input/datasets/duc24kdl/sub-x-ray/sub_X-Ray/sub_NIH/00001395_011.png,,sub_NIH,00001395_011.png,ok,512x512 -> 1024x1024,2,1,4.79,36.7508,13.740427,3.706808,0.9854,0.9982,0.0787,6.5514,34.4014,23.601526,4.85814,0.977,0.9958,0.2554,0.2554,0.2554,7.5173,121.4332,43.6242,121.4332,43.6242,0.1762,34.4014,0.977,23.601526,4.85814,-2.3494,-0.0024,-0.1767,-0.9659
/kaggle/input/datasets/duc24kdl/sub-x-ray/sub_X-Ray/sub_NIH/00001395_012.png,,sub_NIH,00001395_012.png,ok,512x512 -> 1024x1024,2,1,4.82,42.0785,4.029338,2.007321,0.9628,0.9967,0.1306,6.367,38.4633,9.262904,3.043502,0.9428,0.992,0.2995,0.2995,0.2995,8.1625,111.5004,69.3477,111.5004,69.3477,0.096,38.4633,0.9428,9.262904,3.043502,-3.6151,-0.0047,-0.1689,-1.7955
/kaggle/input/datasets/duc24kdl/sub-x-ray/sub_X-Ray/sub_NIH/00001395_013.png,,sub_NIH,00001395_013.png,ok,512x512 -> 1024x1024,2,1,4.78,42.2764,3.849807,1.962093,0.9613,0.9965,0.1393,6.6961,39.3111,7.620199,2.760471,0.942,0.992,0.3153,0.3153,0.3153,8.38,124.3775,68.3142,124.3775,68.3142,0.0902,39.3111,0.942,7.620199,2.760471,-2.9653,-0.0046,-0.1759,-1.6838
/kaggle/input/datasets/duc24kdl/sub-x-ray/sub_X-Ray/sub_NIH/00001395_014.png,,sub_NIH,00001395_014.png,ok,512x512 -> 1024x1024,2,1,4.79,41.3605,4.753705,2.180299,0.9621,0.9966,0.1305,6.6773,38.0008,10.303845,3.20996,0.9418,0.9919,0.3049,0.3049,0.3049,7.5742,105.2458,67.2701,105.2458,67.2701,0.1074,38.0008,0.9418,10.303845,3.20996,-3.3597,-0.0047,-0.1744,-0.8969
/kaggle/input/datasets/duc24kdl/sub-x-ray/sub_X-Ray/sub_NIH/00001396_000.png,,sub_NIH,00001396_000.png,ok,512x512 -> 1024x1024,2,1,4.81,46.1661,1.572053,1.253815,0.9813,0.998,0.0772,6.9013,41.823,4.273457,2.067234,0.9667,0.9945,0.2482,0.2482,0.2482,7.7978,164.5004,45.4437,164.5004,45.4437,0.114,41.823,0.9667,4.273457,2.067234,-4.3431,-0.0034,-0.171,-0.8965
/kaggle/input/datasets/duc24kdl/sub-x-ray/sub_X-Ray/sub_NIH/00001397_000.png,,sub_NIH,00001397_000.png,ok,512x512 -> 1024x1024,2,1,4.78,38.8692,8.436434,2.904554,0.9792,0.9978,0.1057,7.228,37.5294,11.485122,3.388971,0.9689,0.9951,0.3052,0.3052,0.3052,8.0975,147.7467,38.2684,147.7467,38.2684,0.2837,37.5294,0.9689,11.485122,3.388971,-1.3398,-0.0026,-0.1995,-0.8695
/kaggle/input/datasets/duc24kdl/sub-x-ray/sub_X-Ray/sub_NIH/00001397_001.png,,sub_NIH,00001397_001.png,ok,512x512 -> 1024x1024,2,1,4.84,46.8254,1.350652,1.162175,0.9823,0.9981,0.0748,7.2968,41.1061,5.040415,2.245087,0.9697,0.9951,0.2516,0.2516,0.2516,9.6203,191.767,40.9216,191.767,40.9216,0.0764,41.1061,0.9697,5.040415,2.245087,-5.7192,-0.003,-0.1768,-2.3235
/kaggle/input/datasets/duc24kdl/sub-x-ray/sub_X-Ray/sub_NIH/00001397_002.png,,sub_NIH,00001397_002.png,ok,512x512 -> 1024x1024,2,1,4.79,36.4911,14.587054,3.8193,0.9859,0.9983,0.0649,6.5959,35.2364,19.4734,4.412868,0.9754,0.9958,0.21,0.21,0.21,8.5419,172.7925,53.0348,172.7925,53.0348,0.3707,35.2364,0.9754,19.4734,4.412868,-1.2547,-0.0025,-0.1451,-1.946
/kaggle/input/datasets/duc24kdl/sub-x-ray/sub_X-Ray/sub_NIH/00001397_003.png,,sub_NIH,00001397_003.png,ok,512x512 -> 1024x1024,2,1,4.79,37.1095,12.65121,3.556854,0.9803,0.9979,0.0922,8.0075,35.9648,16.466352,4.057875,0.9737,0.9961,0.2693,0.2693,0.2693,8.9749,168.6744,38.38,168.6744,38.38,0.1777,35.9648,0.9737,16.466352,4.057875,-1.1447,-0.0019,-0.1771,-0.9674
/kaggle/input/datasets/duc24kdl/sub-x-ray/sub_X-Ray/sub_NIH/00001397_004.png,,sub_NIH,00001397_004.png,ok,512x512 -> 1024x1024,2,1,4.79,48.3715,0.946093,0.972673,0.9876,0.9984,0.0571,7.3487,43.5069,2.899959,1.702927,0.9788,0.9964,0.2227,0.2227,0.2227,9.1371,173.9821,35.2706,173.9821,35.2706,0.0817,43.5069,0.9788,2.899959,1.702927,-4.8646,-0.002,-0.1656,-1.7884
/kaggle/input/datasets/duc24kdl/sub-x-ray/sub_X-Ray/sub_NIH/00001397_005.png,,sub_NIH,00001397_005.png,ok,512x512 -> 1024x1024,2,1,4.8,41.7755,4.320487,2.078578,0.961,0.9965,0.141,6.5756,38.5004,9.184083,3.030525,0.9415,0.9919,0.3307,0.3307,0.3307,8.4962,125.3643,65.2196,125.3643,65.2196,0.1043,38.5004,0.9415,9.184083,3.030525,-3.275,-0.0046,-0.1897,-1.9206
/kaggle/input/datasets/duc24kdl/sub-x-ray/sub_X-Ray/sub_NIH/00001397_006.png,,sub_NIH,00001397_006.png,ok,512x512 -> 1024x1024,2,1,4.81,40.905,5.279315,2.297676,0.9564,0.9961,0.1564,6.8814,38.5564,9.066607,3.011081,0.9366,0.9913,0.3579,0.3579,0.3579,8.1244,130.0561,58.6618,130.0561,58.6618,0.1251,38.5564,0.9366,9.066607,3.011081,-2.3487,-0.0048,-0.2015,-1.243
/kaggle/input/datasets/duc24kdl/sub-x-ray/sub_X-Ray/sub_NIH/00001397_007.png,,sub_NIH,00001397_007.png,ok,512x512 -> 1024x1024,2,1,4.81,36.8728,13.359779,3.655103,0.984,0.998,0.0858,7.6177,34.5172,22.980652,4.793814,0.9786,0.9959,0.2792,0.2792,0.2792,8.4772,119.892,37.476,119.892,37.476,0.1891,34.5172,0.9786,22.980652,4.793814,-2.3556,-0.0021,-0.1934,-0.8595
/kaggle/input/datasets/duc24kdl/sub-x-ray/sub_X-Ray/sub_NIH/00001397_008.png,,sub_NIH,00001397_008.png,ok,512x512 -> 1024x1024,2,1,4.82,40.8303,5.370999,2.317542,0.9565,0.9961,0.1489,6.1418,38.3341,9.542758,3.089136,0.9345,0.9909,0.3394,0.3394,0.3394,7.9932,123.501,61.7501,123.501,61.7501,0.117,38.3341,0.9345,9.542758,3.089136,-2.4962,-0.0053,-0.1905,-1.8514
/kaggle/input/datasets/duc24kdl/sub-x-ray/sub_X-Ray/sub_NIH/00001397_009.png,,sub_NIH,00001397_009.png,ok,512x512 -> 1024x1024,2,1,4.79,35.341,19.009982,4.360044,0.9859,0.9981,0.0617,6.9765,33.1867,31.218384,5.587341,0.9803,0.9961,0.2077,0.2077,0.2077,8.2882,164.5606,33.0056,164.5606,33.0056,0.1772,33.1867,0.9803,31.218384,5.587341,-2.1543,-0.0021,-0.146,-1.3118
/kaggle/input/datasets/duc24kdl/sub-x-ray/sub_X-Ray/sub_NIH/00001397_010.png,,sub_NIH,00001397_010.png,ok,512x512 -> 1024x1024,2,1,4.78,35.0938,20.123283,4.485898,0.9848,0.9981,0.0658,6.7528,33.0146,32.480416,5.699159,0.9781,0.996,0.2064,0.2064,0.2064,7.6122,173.4554,36.8711,173.4554,36.8711,0.1871,33.0146,0.9781,32.480416,5.699159,-2.0792,-0.0021,-0.1406,-0.8594
/kaggle/input/datasets/duc24kdl/sub-x-ray/sub_X-Ray/sub_NIH/00001397_011.png,,sub_NIH,00001397_011.png,ok,512x512 -> 1024x1024,2,1,4.8,36.6717,13.992947,3.740715,0.9821,0.998,0.0876,7.2618,34.0423,25.635781,5.063179,0.9738,0.9957,0.2816,0.2816,0.2816,7.8356,128.1817,40.5363,128.1817,40.5363,0.1507,34.0423,0.9738,25.635781,5.063179,-2.6294,-0.0023,-0.194,-0.5739
/kaggle/input/datasets/duc24kdl/sub-x-ray/sub_X-Ray/sub_NIH/00001397_012.png,,sub_NIH,00001397_012.png,ok,512x512 -> 1024x1024,2,1,4.8,35.5669,18.04657,4.248125,0.9802,0.9979,0.0969,7.5099,33.0615,32.13152,5.668467,0.9713,0.9953,0.2936,0.2936,0.2936,8.0869,127.0017,47.1429,127.0017,47.1429,0.1928,33.0615,0.9713,32.13152,5.668467,-2.5054,-0.0026,-0.1967,-0.577
/kaggle/input/datasets/duc24kdl/sub-x-ray/sub_X-Ray/sub_NIH/00001397_013.png,,sub_NIH,00001397_013.png,ok,512x512 -> 1024x1024,2,1,4.78,41.4966,4.607048,2.146404,0.9609,0.9965,0.1434,6.7397,39.0128,8.162127,2.856944,0.9431,0.9921,0.3436,0.3436,0.3436,7.8572,124.5564,62.1697,124.5564,62.1697,0.1295,39.0128,0.9431,8.162127,2.856944,-2.4838,-0.0044,-0.2003,-1.1174
/kaggle/input/datasets/duc24kdl/sub-x-ray/sub_X-Ray/sub_NIH/00001398_000.png,,sub_NIH,00001398_000.png,ok,512x512 -> 1024x1024,2,1,4.81,45.5126,1.827345,1.351793,0.9847,0.9982,0.0614,6.8715,40.4997,5.795815,2.40745,0.9716,0.9952,0.2105,0.2105,0.2105,7.7502,165.5445,56.7124,165.5445,56.7124,0.1737,40.4997,0.9716,5.795815,2.40745,-5.0129,-0.003,-0.1491,-0.8787
/kaggle/input/datasets/duc24kdl/sub-x-ray/sub_X-Ray/sub_NIH/00001398_001.png,,sub_NIH,00001398_001.png,ok,512x512 -> 1024x1024,2,1,4.89,45.2906,1.923161,1.386781,0.982,0.998,0.0701,6.5025,41.226,4.903252,2.214329,0.9679,0.9946,0.2205,0.2205,0.2205,7.7729,157.4175,57.7342,157.4175,57.7342,0.0678,41.226,0.9679,4.903252,2.214329,-4.0647,-0.0034,-0.1504,-1.2704
/kaggle/input/datasets/duc24kdl/sub-x-ray/sub_X-Ray/sub_NIH/00001398_002.png,,sub_NIH,00001398_002.png,ok,512x512 -> 1024x1024,2,1,4.79,35.8246,17.006519,4.123896,0.984,0.9982,0.0606,6.7944,34.0397,25.651581,5.064739,0.9727,0.9955,0.181,0.181,0.181,7.8189,159.1863,70.1012,159.1863,70.1012,0.0598,34.0397,0.9727,25.651581,5.064739,-1.785,-0.0027,-0.1204,-1.0245
/kaggle/input/datasets/duc24kdl/sub-x-ray/sub_X-Ray/sub_NIH/00001398_003.png,,sub_NIH,00001398_003.png,ok,512x512 -> 1024x1024,2,1,4.78,42.181,3.93532,1.983764,0.9605,0.9964,0.1281,6.0408,39.7051,6.959448,2.638077,0.9402,0.9917,0.2918,0.2918,0.2918,7.9231,104.8394,69.9749,104.8394,69.9749,0.1087,39.7051,0.9402,6.959448,2.638077,-2.4759,-0.0048,-0.1637,-1.8823
/kaggle/input/datasets/duc24kdl/sub-x-ray/sub_X-Ray/sub_NIH/00001398_004.png,,sub_NIH,00001398_004.png,ok,512x512 -> 1024x1024,2,1,4.79,41.9613,4.139494,2.034575,0.9612,0.9965,0.1329,6.5634,39.1999,7.817979,2.796065,0.9426,0.992,0.3067,0.3067,0.3067,7.8242,116.795,70.652,116.795,70.652,0.1245,39.1999,0.9426,7.817979,2.796065,-2.7615,-0.0045,-0.1738,-1.2609
/kaggle/input/datasets/duc24kdl/sub-x-ray/sub_X-Ray/sub_NIH/00001399_000.png,,sub_NIH,00001399_000.png,ok,512x512 -> 1024x1024,2,1,4.79,43.5577,2.866199,1.692985,0.9886,0.9986,0.0381,7.3486,38.6751,8.822047,2.970193,0.9785,0.9964,0.153,0.153,0.153,8.6768,145.1688,64.5564,145.1688,64.5564,-0.0102,38.6751,0.9785,8.822047,2.970193,-4.8826,-0.0021,-0.1149,-1.3283
/kaggle/input/datasets/duc24kdl/sub-x-ray/sub_X-Ray/sub_NIH/00001403_000.png,,sub_NIH,00001403_000.png,ok,512x512 -> 1024x1024,2,1,4.83,36.7415,13.769932,3.710786,0.9763,0.9976,0.0942,6.502,34.732,21.871711,4.67672,0.9575,0.9932,0.2432,0.2432,0.2432,8.1064,133.9852,61.3465,133.9852,61.3465,0.1441,34.732,0.9575,21.871711,4.67672,-2.0095,-0.0044,-0.149,-1.6044
/kaggle/input/datasets/duc24kdl/sub-x-ray/sub_X-Ray/sub_NIH/00001403_002.png,,sub_NIH,00001403_002.png,ok,512x512 -> 1024x1024,2,1,4.79,37.6097,11.274768,3.357792,0.9854,0.9983,0.0599,6.5184,36.1922,15.626616,3.953052,0.9723,0.9954,0.1765,0.1765,0.1765,8.1641,153.9133,69.9241,153.9133,69.9241,0.185,36.1922,0.9723,15.626616,3.953052,-1.4176,-0.0029,-0.1166,-1.6457
/kaggle/input/datasets/duc24kdl/sub-x-ray/sub_X-Ray/sub_NIH/00001403_003.png,,sub_NIH,00001403_003.png,ok,512x512 -> 1024x1024,2,1,4.78,41.8183,4.278062,2.068348,0.966,0.9969,0.1197,6.0184,38.8372,8.498785,2.915268,0.9463,0.9925,0.2684,0.2684,0.2684,7.6253,101.3344,72.0521,101.3344,72.0521,0.1251,38.8372,0.9463,8.498785,2.915268,-2.9811,-0.0044,-0.1487,-1.607
/kaggle/input/datasets/duc24kdl/sub-x-ray/sub_X-Ray/sub_NIH/00001404_000.png,,sub_NIH,00001404_000.png,ok,512x512 -> 1024x1024,2,1,4.81,43.9881,2.595783,1.611143,0.9818,0.998,0.0702,6.6492,40.1911,6.222579,2.49451,0.9651,0.9943,0.2292,0.2292,0.2292,8.1179,165.687,48.0624,165.687,48.0624,0.3524,40.1911,0.9651,6.222579,2.49451,-3.797,-0.0037,-0.159,-1.4687
/kaggle/input/datasets/duc24kdl/sub-x-ray/sub_X-Ray/sub_NIH/00001404_001.png,,sub_NIH,00001404_001.png,ok,512x512 -> 1024x1024,2,1,4.81,46.4696,1.465964,1.21077,0.9866,0.9984,0.0574,7.6313,42.5619,3.604865,1.898648,0.9779,0.9963,0.2122,0.2122,0.2122,8.6515,164.7637,48.3095,164.7637,48.3095,0.1068,42.5619,0.9779,3.604865,1.898648,-3.9077,-0.0021,-0.1548,-1.0202
/kaggle/input/datasets/duc24kdl/sub-x-ray/sub_X-Ray/sub_NIH/00001404_002.png,,sub_NIH,00001404_002.png,ok,512x512 -> 1024x1024,2,1,4.85,47.0343,1.287209,1.134552,0.9874,0.9984,0.0527,7.159,42.4567,3.693298,1.921796,0.9766,0.996,0.2019,0.2019,0.2019,8.0783,158.4343,53.4107,158.4343,53.4107,0.1066,42.4567,0.9766,3.693298,1.921796,-4.5777,-0.0025,-0.1492,-0.9193
/kaggle/input/datasets/duc24kdl/sub-x-ray/sub_X-Ray/sub_NIH/00001404_003.png,,sub_NIH,00001404_003.png,ok,512x512 -> 1024x1024,2,1,4.8,46.8323,1.348485,1.161243,0.9851,0.9983,0.0656,7.1046,42.8828,3.348113,1.829785,0.973,0.9954,0.239,0.239,0.239,8.2246,156.8796,47.1182,156.8796,47.1182,0.0995,42.8828,0.973,3.348113,1.829785,-3.9495,-0.0029,-0.1734,-1.12
/kaggle/input/datasets/duc24kdl/sub-x-ray/sub_X-Ray/sub_NIH/00001404_004.png,,sub_NIH,00001404_004.png,ok,512x512 -> 1024x1024,2,1,4.79,47.1295,1.259289,1.12218,0.9856,0.9983,0.0583,7.0214,43.0022,3.257352,1.804814,0.9744,0.9956,0.2153,0.2153,0.2153,8.4215,162.2434,43.8982,162.2434,43.8982,0.115,43.0022,0.9744,3.257352,1.804814,-4.1274,-0.0027,-0.1569,-1.4002
/kaggle/input/datasets/duc24kdl/sub-x-ray/sub_X-Ray/sub_NIH/00001404_005.png,,sub_NIH,00001404_005.png,ok,512x512 -> 1024x1024,2,1,4.8,42.7751,3.432208,1.852622,0.9818,0.9981,0.0769,6.8703,39.4575,7.367724,2.714355,0.9653,0.9943,0.2543,0.2543,0.2543,7.7226,158.3545,51.1884,158.3545,51.1884,-0.0634,39.4575,0.9653,7.367724,2.714355,-3.3176,-0.0037,-0.1775,-0.8522
/kaggle/input/datasets/duc24kdl/sub-x-ray/sub_X-Ray/sub_NIH/00001404_006.png,,sub_NIH,00001404_006.png,ok,512x512 -> 1024x1024,2,1,4.82,46.5213,1.448594,1.203576,0.9856,0.9983,0.0629,7.0184,43.1085,3.178544,1.782847,0.9736,0.9955,0.2273,0.2273,0.2273,7.8642,160.2817,48.8058,160.2817,48.8058,0.2651,43.1085,0.9736,3.178544,1.782847,-3.4128,-0.0028,-0.1644,-0.8458
/kaggle/input/datasets/duc24kdl/sub-x-ray/sub_X-Ray/sub_NIH/00001404_007.png,,sub_NIH,00001404_007.png,ok,512x512 -> 1024x1024,2,1,4.78,37.4333,11.742111,3.426676,0.9824,0.998,0.0751,6.8288,36.0324,16.212179,4.026435,0.9685,0.9948,0.227,0.227,0.227,7.9148,162.2479,60.0904,162.2479,60.0904,0.2857,36.0324,0.9685,16.212179,4.026435,-1.401,-0.0032,-0.1519,-1.0859
/kaggle/input/datasets/duc24kdl/sub-x-ray/sub_X-Ray/sub_NIH/00001404_008.png,,sub_NIH,00001404_008.png,ok,512x512 -> 1024x1024,2,1,4.79,36.9261,13.196883,3.632751,0.982,0.998,0.0773,6.5091,35.4495,18.540998,4.305926,0.9684,0.9949,0.2229,0.2229,0.2229,7.2787,164.5347,55.6903,164.5347,55.6903,0.295,35.4495,0.9684,18.540998,4.305926,-1.4766,-0.0031,-0.1456,-0.7696
/kaggle/input/datasets/duc24kdl/sub-x-ray/sub_X-Ray/sub_NIH/00001405_000.png,,sub_NIH,00001405_000.png,ok,512x512 -> 1024x1024,2,1,4.81,44.8262,2.140244,1.462957,0.974,0.9973,0.1001,7.188,41.6496,4.447502,2.10891,0.957,0.993,0.2835,0.2835,0.2835,7.7177,107.3865,36.7571,107.3865,36.7571,0.0843,41.6496,0.957,4.447502,2.10891,-3.1765,-0.0044,-0.1834,-0.5298
/kaggle/input/datasets/duc24kdl/sub-x-ray/sub_X-Ray/sub_NIH/00001406_000.png,,sub_NIH,00001406_000.png,ok,512x512 -> 1024x1024,2,1,4.8,44.7634,2.171419,1.473574,0.9719,0.9972,0.1065,7.1099,41.9517,4.148639,2.036821,0.9564,0.993,0.3053,0.3053,0.3053,7.8834,109.2549,31.5986,109.2549,31.5986,0.079,41.9517,0.9564,4.148639,2.036821,-2.8116,-0.0042,-0.1988,-0.7735
/kaggle/input/datasets/duc24kdl/sub-x-ray/sub_X-Ray/sub_NIH/00001406_001.png,,sub_NIH,00001406_001.png,ok,512x512 -> 1024x1024,2,1,4.88,37.0283,12.889933,3.590255,0.9847,0.9983,0.0628,6.8644,35.3251,19.079578,4.368018,0.9727,0.9957,0.1996,0.1996,0.1996,7.6644,168.1334,56.0228,168.1334,56.0228,-0.081,35.3251,0.9727,19.079578,4.368018,-1.7032,-0.0027,-0.1369,-0.8
/kaggle/input/datasets/duc24kdl/sub-x-ray/sub_X-Ray/sub_NIH/00001407_000.png,,sub_NIH,00001407_000.png,ok,512x512 -> 1024x1024,2,1,4.79,42.1266,3.98495,1.996234,0.9666,0.997,0.1262,6.4638,39.0934,8.012052,2.830557,0.9493,0.993,0.2955,0.2955,0.2955,8.0161,126.9743,67.7214,126.9743,67.7214,0.1031,39.0934,0.9493,8.012052,2.830557,-3.0332,-0.004,-0.1693,-1.5523
/kaggle/input/datasets/duc24kdl/sub-x-ray/sub_X-Ray/sub_NIH/00001408_000.png,,sub_NIH,00001408_000.png,ok,512x512 -> 1024x1024,2,1,4.81,46.4711,1.465446,1.210556,0.9856,0.9983,0.0564,7.4535,41.6039,4.494618,2.120051,0.9766,0.996,0.2007,0.2007,0.2007,8.5051,171.1708,48.1012,171.1708,48.1012,0.1251,41.6039,0.9766,4.494618,2.120051,-4.8672,-0.0022,-0.1443,-1.0516
/kaggle/input/datasets/duc24kdl/sub-x-ray/sub_X-Ray/sub_NIH/00001409_000.png,,sub_NIH,00001409_000.png,ok,512x512 -> 1024x1024,2,1,4.79,42.5689,3.599055,1.897117,0.9769,0.9976,0.0984,6.9775,37.5211,11.507323,3.392245,0.9601,0.9936,0.2987,0.2987,0.2987,8.436,152.4872,45.2339,152.4872,45.2339,0.3339,37.5211,0.9601,11.507323,3.392245,-5.0479,-0.004,-0.2003,-1.4585
/kaggle/input/datasets/duc24kdl/sub-x-ray/sub_X-Ray/sub_NIH/00001409_001.png,,sub_NIH,00001409_001.png,ok,512x512 -> 1024x1024,2,1,4.78,42.0087,4.094617,2.023516,0.9596,0.9964,0.1444,6.7194,39.2704,7.692039,2.773453,0.9402,0.9918,0.3386,0.3386,0.3386,7.777,131.2859,62.8845,131.2859,62.8845,0.0968,39.2704,0.9402,7.692039,2.773453,-2.7383,-0.0046,-0.1942,-1.0577
/kaggle/input/datasets/duc24kdl/sub-x-ray/sub_X-Ray/sub_NIH/00001409_002.png,,sub_NIH,00001409_002.png,ok,512x512 -> 1024x1024,2,1,4.79,41.9824,4.11942,2.029635,0.9767,0.9976,0.0973,6.7716,37.3898,11.860419,3.443896,0.96,0.9936,0.2998,0.2998,0.2998,7.7662,149.2166,45.8581,149.2166,45.8581,0.4844,37.3898,0.96,11.860419,3.443896,-4.5926,-0.004,-0.2025,-0.9946
/kaggle/input/datasets/duc24kdl/sub-x-ray/sub_X-Ray/sub_NIH/00001409_003.png,,sub_NIH,00001409_003.png,ok,512x512 -> 1024x1024,2,1,4.79,46.272,1.534207,1.238631,0.9784,0.9977,0.0916,7.5479,43.6874,2.78188,1.667897,0.9682,0.9949,0.2768,0.2768,0.2768,7.5417,111.4011,27.2842,111.4011,27.2842,0.0721,43.6874,0.9682,2.78188,1.667897,-2.5845,-0.0028,-0.1851,0.0062
/kaggle/input/datasets/duc24kdl/sub-x-ray/sub_X-Ray/sub_NIH/00001409_004.png,,sub_NIH,00001409_004.png,ok,512x512 -> 1024x1024,2,1,4.78,45.2245,1.952679,1.397383,0.9832,0.9981,0.0776,6.9379,41.5549,4.545594,2.13204,0.9689,0.9949,0.2552,0.2552,0.2552,7.7141,167.7183,43.7457,167.7183,43.7457,0.3028,41.5549,0.9689,4.545594,2.13204,-3.6696,-0.0033,-0.1775,-0.7762
/kaggle/input/datasets/duc24kdl/sub-x-ray/sub_X-Ray/sub_NIH/00001409_005.png,,sub_NIH,00001409_005.png,ok,512x512 -> 1024x1024,2,1,4.8,37.2177,12.339744,3.512797,0.9849,0.9983,0.0649,7.2512,35.7881,17.150257,4.141287,0.9759,0.9962,0.2026,0.2026,0.2026,7.5322,177.3455,49.5208,177.3455,49.5208,0.3157,35.7881,0.9759,17.150257,4.141287,-1.4296,-0.0021,-0.1378,-0.2811
/kaggle/input/datasets/duc24kdl/sub-x-ray/sub_X-Ray/sub_NIH/00001409_006.png,,sub_NIH,00001409_006.png,ok,512x512 -> 1024x1024,2,1,4.84,42.207,3.911802,1.977827,0.9648,0.9968,0.1336,7.006,38.7939,8.584058,2.929856,0.948,0.9928,0.3251,0.3251,0.3251,8.1459,140.3722,61.8339,140.3722,61.8339,0.091,38.7939,0.948,8.584058,2.929856,-3.4132,-0.004,-0.1915,-1.1399
/kaggle/input/datasets/duc24kdl/sub-x-ray/sub_X-Ray/sub_NIH/00001409_007.png,,sub_NIH,00001409_007.png,ok,512x512 -> 1024x1024,2,1,5.1,41.3483,4.767012,2.183349,0.9581,0.9963,0.1515,6.8397,38.1123,10.042712,3.169024,0.9384,0.9916,0.358,0.358,0.358,7.9323,139.6446,61.781,139.6446,61.781,0.1073,38.1123,0.9384,10.042712,3.169024,-3.236,-0.0047,-0.2066,-1.0926
/kaggle/input/datasets/duc24kdl/sub-x-ray/sub_X-Ray/sub_NIH/00001409_008.png,,sub_NIH,00001409_008.png,ok,512x512 -> 1024x1024,2,1,4.78,41.7513,4.344628,2.084377,0.9613,0.9965,0.14,7.0329,39.4346,7.406638,2.721514,0.9434,0.9923,0.3374,0.3374,0.3374,8.1604,130.5478,63.4454,130.5478,63.4454,0.1319,39.4346,0.9434,7.406638,2.721514,-2.3167,-0.0043,-0.1974,-1.1275
/kaggle/input/datasets/duc24kdl/sub-x-ray/sub_X-Ray/sub_NIH/00001409_009.png,,sub_NIH,00001409_009.png,ok,512x512 -> 1024x1024,2,1,4.82,42.0111,4.092304,2.022944,0.9594,0.9964,0.1442,6.8522,39.5139,7.27264,2.696783,0.9406,0.992,0.3374,0.3374,0.3374,8.2527,127.6702,63.6731,127.6702,63.6731,0.0944,39.5139,0.9406,7.27264,2.696783,-2.4972,-0.0045,-0.1932,-1.4005
/kaggle/input/datasets/duc24kdl/sub-x-ray/sub_X-Ray/sub_NIH/00001409_010.png,,sub_NIH,00001409_010.png,ok,512x512 -> 1024x1024,2,1,4.8,41.5251,4.576918,2.139373,0.9586,0.9963,0.1489,6.8506,38.9484,8.284017,2.878197,0.9402,0.9919,0.3482,0.3482,0.3482,7.8167,134.7503,63.2635,134.7503,63.2635,0.1364,38.9484,0.9402,8.284017,2.878197,-2.5767,-0.0044,-0.1993,-0.9661
/kaggle/input/datasets/duc24kdl/sub-x-ray/sub_X-Ray/sub_NIH/00001409_011.png,,sub_NIH,00001409_011.png,ok,512x512 -> 1024x1024,2,1,4.79,41.1096,5.0364,2.244193,0.9627,0.9967,0.1383,6.6988,38.4527,9.285527,3.047216,0.9453,0.9926,0.3351,0.3351,0.3351,8.4083,140.913,57.1353,140.913,57.1353,0.1267,38.4527,0.9453,9.285527,3.047216,-2.6569,-0.0041,-0.1967,-1.7095
/kaggle/input/datasets/duc24kdl/sub-x-ray/sub_X-Ray/sub_NIH/00001409_012.png,,sub_NIH,00001409_012.png,ok,512x512 -> 1024x1024,2,1,4.79,36.5797,14.292592,3.780555,0.9824,0.998,0.0764,6.6584,32.5041,36.531546,6.044133,0.9685,0.9946,0.2723,0.2723,0.2723,7.4325,120.6016,38.9279,120.6016,38.9279,0.2666,32.5041,0.9685,36.531546,6.044133,-4.0756,-0.0034,-0.1959,-0.774
/kaggle/input/datasets/duc24kdl/sub-x-ray/sub_X-Ray/sub_NIH/00001409_013.png,,sub_NIH,00001409_013.png,ok,512x512 -> 1024x1024,2,1,4.79,36.9439,13.142942,3.62532,0.981,0.998,0.0791,6.7417,34.3651,23.799661,4.87849,0.9639,0.9942,0.2285,0.2285,0.2285,7.1683,151.0434,59.6053,151.0434,59.6053,0.2057,34.3651,0.9639,23.799661,4.87849,-2.5788,-0.0037,-0.1494,-0.4267
/kaggle/input/datasets/duc24kdl/sub-x-ray/sub_X-Ray/sub_NIH/00001410_000.png,,sub_NIH,00001410_000.png,ok,512x512 -> 1024x1024,2,1,4.81,38.2716,9.680979,3.111427,0.9827,0.9982,0.0652,6.7778,36.4698,14.658787,3.828679,0.9696,0.9953,0.1969,0.1969,0.1969,7.7692,146.1385,71.5522,146.1385,71.5522,0.1534,36.4698,0.9696,14.658787,3.828679,-1.8018,-0.0029,-0.1317,-0.9914
/kaggle/input/datasets/duc24kdl/sub-x-ray/sub_X-Ray/sub_NIH/00001410_001.png,,sub_NIH,00001410_001.png,ok,512x512 -> 1024x1024,2,1,4.79,39.4427,7.392867,2.718983,0.9857,0.9984,0.0613,6.9432,37.7594,10.892928,3.300444,0.9761,0.9961,0.2078,0.2078,0.2078,7.5046,156.9787,58.8247,156.9787,58.8247,0.1316,37.7594,0.9761,10.892928,3.300444,-1.6833,-0.0023,-0.1465,-0.5613
/kaggle/input/datasets/duc24kdl/sub-x-ray/sub_X-Ray/sub_NIH/00001410_002.png,,sub_NIH,00001410_002.png,ok,512x512 -> 1024x1024,2,1,4.8,46.6218,1.415473,1.189737,0.9867,0.9984,0.0548,7.5655,41.5587,4.541627,2.131109,0.9775,0.9963,0.2042,0.2042,0.2042,8.4482,157.4501,52.3502,157.4501,52.3502,0.0843,41.5587,0.9775,4.541627,2.131109,-5.0631,-0.0021,-0.1493,-0.8827
/kaggle/input/datasets/duc24kdl/sub-x-ray/sub_X-Ray/sub_NIH/00001410_003.png,,sub_NIH,00001410_003.png,ok,512x512 -> 1024x1024,2,1,4.8,38.3725,9.458732,3.075505,0.9869,0.9984,0.0547,6.9312,36.7443,13.761135,3.7096,0.9785,0.9964,0.1844,0.1844,0.1844,7.7385,175.1308,56.5251,175.1308,56.5251,0.4233,36.7443,0.9785,13.761135,3.7096,-1.6282,-0.002,-0.1297,-0.8072
/kaggle/input/datasets/duc24kdl/sub-x-ray/sub_X-Ray/sub_NIH/00001410_004.png,,sub_NIH,00001410_004.png,ok,512x512 -> 1024x1024,2,1,4.81,37.5355,11.469012,3.386593,0.9858,0.9983,0.0584,6.9696,35.6555,17.681844,4.204978,0.9763,0.9963,0.1741,0.1741,0.1741,7.8743,158.6959,70.8658,158.6959,70.8658,0.2048,35.6555,0.9763,17.681844,4.204978,-1.88,-0.0021,-0.1158,-0.9047
/kaggle/input/datasets/duc24kdl/sub-x-ray/sub_X-Ray/sub_NIH/00001411_000.png,,sub_NIH,00001411_000.png,ok,512x512 -> 1024x1024,2,1,4.79,39.4944,7.305325,2.702836,0.959,0.9963,0.1588,6.8022,37.0474,12.833402,3.582374,0.9419,0.992,0.3382,0.3382,0.3382,8.701,150.7064,72.3984,150.7064,72.3984,0.1658,37.0474,0.9419,12.833402,3.582374,-2.447,-0.0043,-0.1794,-1.8988
/kaggle/input/datasets/duc24kdl/sub-x-ray/sub_X-Ray/sub_NIH/00001412_000.png,,sub_NIH,00001412_000.png,ok,512x512 -> 1024x1024,2,1,4.81,46.3033,1.523165,1.234166,0.983,0.9981,0.0612,6.8925,41.5478,4.553044,2.133786,0.9713,0.9954,0.2003,0.2003,0.2003,8.4142,164.1889,65.0151,164.1889,65.0151,0.1075,41.5478,0.9713,4.553044,2.133786,-4.7555,-0.0027,-0.1391,-1.5217
/kaggle/input/datasets/duc24kdl/sub-x-ray/sub_X-Ray/sub_NIH/00001413_000.png,,sub_NIH,00001413_000.png,ok,512x512 -> 1024x1024,2,1,4.8,42.1447,3.968349,1.992071,0.9647,0.9968,0.1256,6.3868,38.7505,8.670173,2.944516,0.9451,0.9922,0.2912,0.2912,0.2912,7.5914,111.3807,68.3614,111.3807,68.3614,0.0997,38.7505,0.9451,8.670173,2.944516,-3.3942,-0.0046,-0.1656,-1.2046
/kaggle/input/datasets/duc24kdl/sub-x-ray/sub_X-Ray/sub_NIH/00001413_001.png,,sub_NIH,00001413_001.png,ok,512x512 -> 1024x1024,2,1,4.8,42.1792,3.93693,1.98417,0.9634,0.9967,0.1293,6.5935,38.5525,9.074592,3.012406,0.943,0.9919,0.3042,0.3042,0.3042,7.5261,108.2588,68.7357,108.2588,68.7357,0.0979,38.5525,0.943,9.074592,3.012406,-3.6267,-0.0048,-0.1749,-0.9326
/kaggle/input/datasets/duc24kdl/sub-x-ray/sub_X-Ray/sub_NIH/00001414_000.png,,sub_NIH,00001414_000.png,ok,512x512 -> 1024x1024,2,1,4.8,41.1929,4.940702,2.222769,0.9618,0.9966,0.1401,6.803,38.8135,8.54533,2.92324,0.9439,0.9924,0.3302,0.3302,0.3302,7.8785,116.27,66.0945,116.27,66.0945,0.1481,38.8135,0.9439,8.54533,2.92324,-2.3794,-0.0042,-0.1901,-1.0755
/kaggle/input/datasets/duc24kdl/sub-x-ray/sub_X-Ray/sub_NIH/00001415_000.png,,sub_NIH,00001415_000.png,ok,512x512 -> 1024x1024,2,1,4.77,39.2944,7.649686,2.765806,0.983,0.9982,0.0557,6.5605,37.0555,12.809415,3.579024,0.9689,0.9952,0.1734,0.1734,0.1734,8.0378,152.3159,64.8533,152.3159,64.8533,0.1186,37.0555,0.9689,12.809415,3.579024,-2.2389,-0.0029,-0.1177,-1.4772
/kaggle/input/datasets/duc24kdl/sub-x-ray/sub_X-Ray/sub_NIH/00001415_001.png,,sub_NIH,00001415_001.png,ok,512x512 -> 1024x1024,2,1,4.83,36.075,16.053761,4.006715,0.9834,0.9982,0.0614,6.3699,34.1361,25.088376,5.00883,0.9708,0.9955,0.1776,0.1776,0.1776,7.4634,150.13,66.1478,150.13,66.1478,-0.1535,34.1361,0.9708,25.088376,5.00883,-1.939,-0.0027,-0.1162,-1.0936
/kaggle/input/datasets/duc24kdl/sub-x-ray/sub_X-Ray/sub_NIH/00001415_002.png,,sub_NIH,00001415_002.png,ok,512x512 -> 1024x1024,2,1,4.81,40.2472,6.142774,2.478462,0.9504,0.9955,0.1676,6.3859,37.2817,12.159354,3.487027,0.923,0.9888,0.3663,0.3663,0.3663,7.7206,115.0362,63.9283,115.0362,63.9283,0.1192,37.2817,0.923,12.159354,3.487027,-2.9655,-0.0066,-0.1988,-1.3347
/kaggle/input/datasets/duc24kdl/sub-x-ray/sub_X-Ray/sub_NIH/00001415_003.png,,sub_NIH,00001415_003.png,ok,512x512 -> 1024x1024,2,1,4.79,43.3368,3.015754,1.736593,0.9697,0.9973,0.1127,6.1222,39.6491,7.049695,2.655126,0.9529,0.9935,0.2533,0.2533,0.2533,7.6752,98.2604,76.5405,98.2604,76.5405,0.0861,39.6491,0.9529,7.049695,2.655126,-3.6877,-0.0038,-0.1406,-1.553
/kaggle/input/datasets/duc24kdl/sub-x-ray/sub_X-Ray/sub_NIH/00001416_000.png,,sub_NIH,00001416_000.png,ok,512x512 -> 1024x1024,2,1,4.81,46.2537,1.540681,1.241242,0.9851,0.9983,0.0638,7.158,42.2023,3.916059,1.978903,0.9725,0.9953,0.2218,0.2218,0.2218,7.8767,162.1856,44.6572,162.1856,44.6572,0.1001,42.2023,0.9725,3.916059,1.978903,-4.0514,-0.003,-0.158,-0.7187
/kaggle/input/datasets/duc24kdl/sub-x-ray/sub_X-Ray/sub_NIH/00001416_001.png,,sub_NIH,00001416_001.png,ok,512x512 -> 1024x1024,2,1,4.79,41.6155,4.48265,2.117227,0.9812,0.998,0.0821,7.0575,38.7385,8.694123,2.94858,0.968,0.9948,0.2642,0.2642,0.2642,8.2955,142.0977,48.793,142.0977,48.793,-0.1233,38.7385,0.968,8.694123,2.94858,-2.8769,-0.0032,-0.1822,-1.2381
/kaggle/input/datasets/duc24kdl/sub-x-ray/sub_X-Ray/sub_NIH/00001416_002.png,,sub_NIH,00001416_002.png,ok,512x512 -> 1024x1024,2,1,4.78,45.4107,1.870726,1.367745,0.9835,0.9981,0.0694,6.8277,41.5871,4.512006,2.124148,0.9688,0.9947,0.2312,0.2312,0.2312,7.236,157.0351,45.3304,157.0351,45.3304,0.0611,41.5871,0.9688,4.512006,2.124148,-3.8236,-0.0035,-0.1618,-0.4083
/kaggle/input/datasets/duc24kdl/sub-x-ray/sub_X-Ray/sub_NIH/00001416_003.png,,sub_NIH,00001416_003.png,ok,512x512 -> 1024x1024,2,1,4.77,45.5649,1.80546,1.343674,0.9843,0.9982,0.066,6.9438,41.3975,4.713406,2.171038,0.9705,0.9949,0.2263,0.2263,0.2263,7.5927,156.7085,44.6474,156.7085,44.6474,0.1406,41.3975,0.9705,4.713406,2.171038,-4.1675,-0.0032,-0.1602,-0.6489
/kaggle/input/datasets/duc24kdl/sub-x-ray/sub_X-Ray/sub_NIH/00001417_000.png,,sub_NIH,00001417_000.png,ok,512x512 -> 1024x1024,2,1,4.79,43.1478,3.149945,1.774809,0.9676,0.9971,0.1245,6.8243,39.9263,6.613743,2.57172,0.9506,0.9932,0.2897,0.2897,0.2897,8.6246,98.3613,73.2261,98.3613,73.2261,0.0848,39.9263,0.9506,6.613743,2.57172,-3.2214,-0.0039,-0.1652,-1.8002
/kaggle/input/datasets/duc24kdl/sub-x-ray/sub_X-Ray/sub_NIH/00001418_000.png,,sub_NIH,00001418_000.png,ok,512x512 -> 1024x1024,2,1,4.8,40.4702,5.835284,2.415633,0.9558,0.996,0.1487,6.7808,37.3879,11.865569,3.444644,0.9316,0.9904,0.35,0.35,0.35,7.7485,120.325,55.8978,120.325,55.8978,0.09,37.3879,0.9316,11.865569,3.444644,-3.0823,-0.0057,-0.2013,-0.9677
/kaggle/input/datasets/duc24kdl/sub-x-ray/sub_X-Ray/sub_NIH/00001419_000.png,,sub_NIH,00001419_000.png,ok,512x512 -> 1024x1024,2,1,4.79,37.1691,12.478728,3.532524,0.9828,0.9981,0.0744,6.6235,35.5647,18.055652,4.249194,0.9677,0.9947,0.2251,0.2251,0.2251,7.6029,164.6729,52.911,164.6729,52.911,0.3659,35.5647,0.9677,18.055652,4.249194,-1.6044,-0.0034,-0.1508,-0.9794
/kaggle/input/datasets/duc24kdl/sub-x-ray/sub_X-Ray/sub_NIH/00001420_000.png,,sub_NIH,00001420_000.png,ok,512x512 -> 1024x1024,2,1,4.8,46.381,1.496151,1.223173,0.986,0.9983,0.0564,6.6433,41.7192,4.376811,2.092083,0.974,0.9955,0.2058,0.2058,0.2058,7.4794,158.0722,43.9844,158.0722,43.9844,0.1317,41.7192,0.974,4.376811,2.092083,-4.6618,-0.0028,-0.1494,-0.8361
/kaggle/input/datasets/duc24kdl/sub-x-ray/sub_X-Ray/sub_NIH/00001421_000.png,,sub_NIH,00001421_000.png,ok,512x512 -> 1024x1024,2,1,4.79,36.0259,16.236529,4.029458,0.9806,0.998,0.0933,7.1369,34.9071,21.007396,4.583383,0.9682,0.995,0.2492,0.2492,0.2492,7.6864,171.8697,57.7096,171.8697,57.7096,0.1787,34.9071,0.9682,21.007396,4.583383,-1.1188,-0.003,-0.1559,-0.5494
/kaggle/input/datasets/duc24kdl/sub-x-ray/sub_X-Ray/sub_NIH/00001421_001.png,,sub_NIH,00001421_001.png,ok,512x512 -> 1024x1024,2,1,4.77,41.6804,4.416143,2.101462,0.9606,0.9965,0.1534,6.7038,39.0632,8.067864,2.840399,0.9445,0.9924,0.3483,0.3483,0.3483,7.9393,148.9692,66.7064,148.9692,66.7064,0.1277,39.0632,0.9445,8.067864,2.840399,-2.6172,-0.0041,-0.1949,-1.2356
/kaggle/input/datasets/duc24kdl/sub-x-ray/sub_X-Ray/sub_NIH/00001422_000.png,,sub_NIH,00001422_000.png,ok,512x512 -> 1024x1024,2,1,4.78,46.3928,1.492105,1.221517,0.9846,0.9982,0.064,7.1673,42.4928,3.662667,1.913809,0.9742,0.9958,0.2113,0.2113,0.2113,7.7844,158.9658,48.2658,158.9658,48.2658,0.2393,42.4928,0.9742,3.662667,1.913809,-3.9,-0.0025,-0.1473,-0.6171
/kaggle/input/datasets/duc24kdl/sub-x-ray/sub_X-Ray/sub_NIH/00001423_000.png,,sub_NIH,00001423_000.png,ok,512x512 -> 1024x1024,2,1,4.8,44.0219,2.575655,1.604885,0.9855,0.9984,0.0636,7.017,40.2091,6.196827,2.489343,0.9747,0.996,0.221,0.221,0.221,8.0121,152.6274,54.5045,152.6274,54.5045,0.0244,40.2091,0.9747,6.196827,2.489343,-3.8128,-0.0024,-0.1574,-0.995
/kaggle/input/datasets/duc24kdl/sub-x-ray/sub_X-Ray/sub_NIH/00001423_001.png,,sub_NIH,00001423_001.png,ok,512x512 -> 1024x1024,2,1,4.77,38.062,10.159637,3.187419,0.9849,0.9984,0.0669,7.0987,36.3375,15.11237,3.887463,0.9747,0.9962,0.1927,0.1927,0.1927,8.1272,152.5113,67.8614,152.5113,67.8614,0.1985,36.3375,0.9747,15.11237,3.887463,-1.7245,-0.0021,-0.1259,-1.0285
/kaggle/input/datasets/duc24kdl/sub-x-ray/sub_X-Ray/sub_NIH/00001424_000.png,,sub_NIH,00001424_000.png,ok,512x512 -> 1024x1024,2,1,4.79,38.5036,9.177474,3.029435,0.9851,0.9983,0.0544,6.1795,35.7377,17.350606,4.165406,0.9733,0.9956,0.1847,0.1847,0.1847,7.4243,153.7832,64.8114,153.7832,64.8114,0.3124,35.7377,0.9733,17.350606,4.165406,-2.7659,-0.0027,-0.1303,-1.2449
/kaggle/input/datasets/duc24kdl/sub-x-ray/sub_X-Ray/sub_NIH/00001425_000.png,,sub_NIH,00001425_000.png,ok,512x512 -> 1024x1024,2,1,4.88,42.1976,3.920343,1.979986,0.9626,0.9966,0.1362,6.4895,39.1607,7.888713,2.808685,0.9437,0.9921,0.3084,0.3084,0.3084,8.1611,126.9096,68.5048,126.9096,68.5048,0.0939,39.1607,0.9437,7.888713,2.808685,-3.0368,-0.0045,-0.1721,-1.6715
/kaggle/input/datasets/duc24kdl/sub-x-ray/sub_X-Ray/sub_NIH/00001426_000.png,,sub_NIH,00001426_000.png,ok,512x512 -> 1024x1024,2,1,4.79,37.4417,11.719428,3.423365,0.9867,0.9984,0.0543,6.7961,35.8372,16.957546,4.117954,0.9759,0.9962,0.1739,0.1739,0.1739,7.9156,174.2376,62.0154,174.2376,62.0154,0.1569,35.8372,0.9759,16.957546,4.117954,-1.6046,-0.0023,-0.1196,-1.1196
/kaggle/input/datasets/duc24kdl/sub-x-ray/sub_X-Ray/sub_NIH/00001426_001.png,,sub_NIH,00001426_001.png,ok,512x512 -> 1024x1024,2,1,4.81,42.7554,3.447751,1.856812,0.9643,0.9968,0.1308,5.9491,39.4806,7.328539,2.707127,0.9462,0.9926,0.3083,0.3083,0.3083,7.8733,108.5931,72.8903,108.5931,72.8903,0.0841,39.4806,0.9462,7.328539,2.707127,-3.2748,-0.0042,-0.1775,-1.9242
/kaggle/input/datasets/duc24kdl/sub-x-ray/sub_X-Ray/sub_NIH/00001427_000.png,,sub_NIH,00001427_000.png,ok,512x512 -> 1024x1024,2,1,4.81,38.5044,9.175688,3.02914,0.9852,0.9983,0.0574,6.3014,36.7115,13.865372,3.723623,0.9725,0.9956,0.1938,0.1938,0.1938,7.1916,154.0228,60.7826,154.0228,60.7826,0.126,36.7115,0.9725,13.865372,3.723623,-1.7929,-0.0028,-0.1364,-0.8902
/kaggle/input/datasets/duc24kdl/sub-x-ray/sub_X-Ray/sub_NIH/00001428_000.png,,sub_NIH,00001428_000.png,ok,512x512 -> 1024x1024,2,1,4.78,46.5219,1.44841,1.203499,0.9843,0.9982,0.0648,6.6581,41.594,4.504809,2.122453,0.9682,0.9945,0.2267,0.2267,0.2267,7.7213,154.1103,51.1107,154.1103,51.1107,0.1031,41.594,0.9682,4.504809,2.122453,-4.9278,-0.0037,-0.1619,-1.0633
/kaggle/input/datasets/duc24kdl/sub-x-ray/sub_X-Ray/sub_NIH/00001429_000.png,,sub_NIH,00001429_000.png,ok,512x512 -> 1024x1024,2,1,4.79,41.7657,4.330201,2.080914,0.9645,0.9968,0.1017,5.8591,37.4752,11.629586,3.410218,0.9383,0.9913,0.2365,0.2365,0.2365,8.0172,87.8885,66.3061,87.8885,66.3061,0.1062,37.4752,0.9383,11.629586,3.410218,-4.2906,-0.0055,-0.1347,-2.1581
/kaggle/input/datasets/duc24kdl/sub-x-ray/sub_X-Ray/sub_NIH/00001429_001.png,,sub_NIH,00001429_001.png,ok,512x512 -> 1024x1024,2,1,4.8,41.1098,5.036223,2.244153,0.9594,0.9964,0.1239,6.1151,37.1023,12.672011,3.559777,0.9314,0.9901,0.2878,0.2878,0.2878,7.9184,89.5502,65.8132,89.5502,65.8132,0.1035,37.1023,0.9314,12.672011,3.559777,-4.0074,-0.0063,-0.1639,-1.8033
/kaggle/input/datasets/duc24kdl/sub-x-ray/sub_X-Ray/sub_NIH/00001429_002.png,,sub_NIH,00001429_002.png,ok,512x512 -> 1024x1024,2,1,4.79,36.2798,15.314585,3.913385,0.981,0.9979,0.0779,6.5802,33.2235,30.955313,5.56375,0.9621,0.9935,0.2325,0.2325,0.2325,7.1868,112.3348,51.9074,112.3348,51.9074,0.1874,33.2235,0.9621,30.955313,5.56375,-3.0563,-0.0044,-0.1546,-0.6066
/kaggle/input/datasets/duc24kdl/sub-x-ray/sub_X-Ray/sub_NIH/00001430_001.png,,sub_NIH,00001430_001.png,ok,512x512 -> 1024x1024,2,1,4.78,44.5859,2.261982,1.503989,0.9779,0.9977,0.0868,6.4514,40.6329,5.620695,2.3708,0.9609,0.9938,0.2629,0.2629,0.2629,7.6708,161.9275,55.9801,161.9275,55.9801,0.215,40.6329,0.9609,5.620695,2.3708,-3.953,-0.004,-0.1762,-1.2194
/kaggle/input/datasets/duc24kdl/sub-x-ray/sub_X-Ray/sub_NIH/00001433_001.png,,sub_NIH,00001433_001.png,ok,512x512 -> 1024x1024,2,1,4.85,43.9795,2.600944,1.612744,0.9866,0.9983,0.0474,7.0842,40.2159,6.187083,2.487385,0.9776,0.9962,0.1676,0.1676,0.1676,8.4897,181.788,46.4215,181.788,46.4215,-0.0899,40.2159,0.9776,6.187083,2.487385,-3.7636,-0.0021,-0.1202,-1.4054
/kaggle/input/datasets/duc24kdl/sub-x-ray/sub_X-Ray/sub_NIH/00001437_002.png,,sub_NIH,00001437_002.png,ok,512x512 -> 1024x1024,2,1,4.8,38.5925,8.99154,2.99859,0.9757,0.9975,0.0966,6.6232,35.6499,17.704781,4.207705,0.9589,0.9935,0.2502,0.2502,0.2502,8.0053,116.717,63.7222,116.717,63.7222,0.2775,35.6499,0.9589,17.704781,4.207705,-2.9426,-0.004,-0.1537,-1.3822
/kaggle/input/datasets/duc24kdl/sub-x-ray/sub_X-Ray/sub_NIH/00001437_004.png,,sub_NIH,00001437_004.png,ok,512x512 -> 1024x1024,2,1,4.78,36.1214,15.883166,3.985369,0.9783,0.9976,0.0867,6.2267,32.8605,33.653718,5.801182,0.961,0.9931,0.2425,0.2425,0.2425,7.4033,112.1326,62.5738,112.1326,62.5738,0.1952,32.8605,0.961,33.653718,5.801182,-3.261,-0.0045,-0.1558,-1.1766
/kaggle/input/datasets/duc24kdl/sub-x-ray/sub_X-Ray/sub_NIH/00001437_005.png,,sub_NIH,00001437_005.png,ok,512x512 -> 1024x1024,2,1,4.79,38.1633,9.925396,3.15046,0.9822,0.9979,0.072,6.4011,34.8008,21.527723,4.639798,0.9664,0.9939,0.2234,0.2234,0.2234,7.2473,100.5747,62.5209,100.5747,62.5209,0.2281,34.8008,0.9664,21.527723,4.639798,-3.3625,-0.004,-0.1513,-0.8462
/kaggle/input/datasets/duc24kdl/sub-x-ray/sub_X-Ray/sub_NIH/00001437_008.png,,sub_NIH,00001437_008.png,ok,512x512 -> 1024x1024,2,1,4.79,35.5273,18.2118,4.267529,0.9718,0.9971,0.1091,6.1739,32.8813,33.492346,5.787257,0.9496,0.9913,0.2972,0.2972,0.2972,6.8661,116.4831,59.7407,116.4831,59.7407,0.1667,32.8813,0.9496,33.492346,5.787257,-2.6459,-0.0058,-0.1881,-0.6922
/kaggle/input/datasets/duc24kdl/sub-x-ray/sub_X-Ray/sub_NIH/00001437_016.png,,sub_NIH,00001437_016.png,ok,512x512 -> 1024x1024,2,1,4.81,35.7914,17.137365,4.13973,0.9581,0.9963,0.1473,6.5466,32.8263,33.919872,5.824077,0.9352,0.991,0.3242,0.3242,0.3242,7.2201,115.6709,68.2503,115.6709,68.2503,0.1852,32.8263,0.9352,33.919872,5.824077,-2.9651,-0.0053,-0.177,-0.6736
/kaggle/input/datasets/duc24kdl/sub-x-ray/sub_X-Ray/sub_NIH/00001437_019.png,,sub_NIH,00001437_019.png,ok,512x512 -> 1024x1024,2,1,4.78,35.05,20.327151,4.508564,0.9711,0.9972,0.103,6.4314,31.6445,44.527794,6.672915,0.9504,0.9925,0.2475,0.2475,0.2475,7.3528,121.9938,72.6278,121.9938,72.6278,0.2007,31.6445,0.9504,44.527794,6.672915,-3.4055,-0.0047,-0.1445,-0.9214
/kaggle/input/datasets/duc24kdl/sub-x-ray/sub_X-Ray/sub_NIH/00001437_022.png,,sub_NIH,00001437_022.png,ok,512x512 -> 1024x1024,2,1,4.8,35.4488,18.544056,4.306281,0.969,0.997,0.1105,6.2441,31.4384,46.691356,6.833107,0.9453,0.9917,0.2706,0.2706,0.2706,7.2212,130.4897,65.6883,130.4897,65.6883,0.2515,31.4384,0.9453,46.691356,6.833107,-4.0103,-0.0053,-0.1601,-0.977
/kaggle/input/datasets/duc24kdl/sub-x-ray/sub_X-Ray/sub_NIH/00001437_025.png,,sub_NIH,00001437_025.png,ok,512x512 -> 1024x1024,2,1,4.78,40.2506,6.137888,2.477476,0.9524,0.9957,0.1619,6.6407,37.4454,11.709638,3.421935,0.9278,0.9898,0.3524,0.3524,0.3524,7.2854,124.3116,72.9775,124.3116,72.9775,0.1168,37.4454,0.9278,11.709638,3.421935,-2.8052,-0.006,-0.1905,-0.6447
/kaggle/input/datasets/duc24kdl/sub-x-ray/sub_X-Ray/sub_NIH/00001437_041.png,,sub_NIH,00001437_041.png,ok,512x512 -> 1024x1024,2,1,4.79,36.1103,15.92379,3.990462,0.9745,0.9973,0.0974,6.3876,32.6239,35.537686,5.961349,0.9525,0.9923,0.2536,0.2536,0.2536,7.8695,101.5433,63.065,101.5433,63.065,0.2175,32.6239,0.9525,35.537686,5.961349,-3.4864,-0.005,-0.1562,-1.4819
/kaggle/input/datasets/duc24kdl/sub-x-ray/sub_X-Ray/sub_NIH/00001437_042.png,,sub_NIH,00001437_042.png,ok,512x512 -> 1024x1024,2,1,4.78,36.4635,14.68028,3.831485,0.981,0.9979,0.0801,6.7023,33.3904,29.788066,5.457844,0.967,0.9946,0.2178,0.2178,0.2178,7.8126,111.9459,62.1616,111.9459,62.1616,0.188,33.3904,0.967,29.788066,5.457844,-3.0731,-0.0034,-0.1377,-1.1103
/kaggle/input/datasets/duc24kdl/sub-x-ray/sub_X-Ray/sub_NIH/00001437_045.png,,sub_NIH,00001437_045.png,ok,512x512 -> 1024x1024,2,1,4.79,38.3531,9.500916,3.082356,0.982,0.9981,0.0837,6.9467,35.8095,17.065922,4.131092,0.9702,0.9952,0.2177,0.2177,0.2177,8.3539,106.2069,71.2761,106.2069,71.2761,0.149,35.8095,0.9702,17.065922,4.131092,-2.5436,-0.0029,-0.134,-1.4072
/kaggle/input/datasets/duc24kdl/sub-x-ray/sub_X-Ray/sub_NIH/00001437_051.png,,sub_NIH,00001437_051.png,ok,512x512 -> 1024x1024,2,1,4.79,36.7942,13.60396,3.688355,0.9795,0.9978,0.08,6.7195,33.3061,30.371796,5.511061,0.9614,0.9933,0.233,0.233,0.233,7.6357,103.0841,61.7559,103.0841,61.7559,0.2139,33.3061,0.9614,30.371796,5.511061,-3.4881,-0.0044,-0.153,-0.9162
/kaggle/input/datasets/duc24kdl/sub-x-ray/sub_X-Ray/sub_NIH/00001444_000.png,,sub_NIH,00001444_000.png,ok,512x512 -> 1024x1024,2,1,4.78,43.4842,2.915161,1.707384,0.9818,0.998,0.067,6.4445,39.7367,6.90886,2.628471,0.9653,0.9941,0.2163,0.2163,0.2163,7.5188,156.3006,52.1046,156.3006,52.1046,-0.0171,39.7367,0.9653,6.90886,2.628471,-3.7474,-0.0039,-0.1493,-1.0742
/kaggle/input/datasets/duc24kdl/sub-x-ray/sub_X-Ray/sub_NIH/00001445_001.png,,sub_NIH,00001445_001.png,ok,512x512 -> 1024x1024,2,1,4.78,39.1178,7.96715,2.822614,0.9834,0.9982,0.0622,6.859,37.2541,12.236976,3.498139,0.9708,0.9955,0.1768,0.1768,0.1768,7.1792,145.5571,69.4637,145.5571,69.4637,0.2336,37.2541,0.9708,12.236976,3.498139,-1.8637,-0.0027,-0.1146,-0.3202
/kaggle/input/datasets/duc24kdl/sub-x-ray/sub_X-Ray/sub_NIH/00001445_002.png,,sub_NIH,00001445_002.png,ok,512x512 -> 1024x1024,2,1,4.8,37.606,11.284477,3.359238,0.9846,0.9983,0.0566,6.8422,35.2542,19.393474,4.403802,0.9729,0.9959,0.1396,0.1396,0.1396,8.1398,137.0678,83.3551,137.0678,83.3551,-0.001,35.2542,0.9729,19.393474,4.403802,-2.3517,-0.0024,-0.083,-1.2976
/kaggle/input/datasets/duc24kdl/sub-x-ray/sub_X-Ray/sub_NIH/00001447_000.png,,sub_NIH,00001447_000.png,ok,512x512 -> 1024x1024,2,1,4.79,37.0279,12.89119,3.59043,0.9835,0.9982,0.0644,6.2231,35.497,18.339296,4.28244,0.9697,0.9953,0.184,0.184,0.184,7.248,144.9768,76.6328,144.9768,76.6328,0.1527,35.497,0.9697,18.339296,4.28244,-1.5309,-0.003,-0.1196,-1.0249
/kaggle/input/datasets/duc24kdl/sub-x-ray/sub_X-Ray/sub_NIH/00001449_000.png,,sub_NIH,00001449_000.png,ok,512x512 -> 1024x1024,2,1,4.78,46.282,1.530655,1.237196,0.9861,0.9983,0.0562,6.9833,42.2065,3.912249,1.977941,0.974,0.9955,0.2143,0.2143,0.2143,8.1866,160.9525,49.5531,160.9525,49.5531,0.188,42.2065,0.974,3.912249,1.977941,-4.0755,-0.0028,-0.1581,-1.2033
/kaggle/input/datasets/duc24kdl/sub-x-ray/sub_X-Ray/sub_NIH/00001456_000.png,,sub_NIH,00001456_000.png,ok,512x512 -> 1024x1024,2,1,4.79,41.2692,4.854702,2.203339,0.957,0.9962,0.1538,6.7769,38.0665,10.149234,3.185786,0.9333,0.9906,0.3569,0.3569,0.3569,7.6906,126.0004,61.3795,126.0004,61.3795,0.0967,38.0665,0.9333,10.149234,3.185786,-3.2027,-0.0056,-0.203,-0.9137
/kaggle/input/datasets/duc24kdl/sub-x-ray/sub_X-Ray/sub_NIH/00001457_001.png,,sub_NIH,00001457_001.png,ok,512x512 -> 1024x1024,2,1,4.8,36.132,15.844565,3.980523,0.9727,0.9973,0.0857,5.9802,31.706,43.90127,6.625803,0.9433,0.9908,0.243,0.243,0.243,6.7093,129.5005,56.1909,129.5005,56.1909,0.1917,31.706,0.9433,43.90127,6.625803,-4.426,-0.0064,-0.1573,-0.7291
/kaggle/input/datasets/duc24kdl/sub-x-ray/sub_X-Ray/sub_NIH/00001459_001.png,,sub_NIH,00001459_001.png,ok,512x512 -> 1024x1024,2,1,4.79,42.9687,3.282534,1.811776,0.9657,0.9969,0.1371,7.0022,39.7955,6.815966,2.610741,0.9501,0.993,0.3137,0.3137,0.3137,8.2402,130.6169,68.6344,130.6169,68.6344,0.0829,39.7955,0.9501,6.815966,2.610741,-3.1732,-0.0038,-0.1766,-1.2379
/kaggle/input/datasets/duc24kdl/sub-x-ray/sub_X-Ray/sub_NIH/00001460_001.png,,sub_NIH,00001460_001.png,ok,512x512 -> 1024x1024,2,1,4.78,40.858,5.33685,2.310162,0.9865,0.9984,0.0529,6.5806,36.5368,14.434506,3.799277,0.9743,0.9956,0.1983,0.1983,0.1983,8.4463,154.4425,54.1421,154.4425,54.1421,0.1779,36.5368,0.9743,14.434506,3.799277,-4.3212,-0.0028,-0.1454,-1.8656
/kaggle/input/datasets/duc24kdl/sub-x-ray/sub_X-Ray/sub_NIH/00001460_003.png,,sub_NIH,00001460_003.png,ok,512x512 -> 1024x1024,2,1,4.79,41.9217,4.177476,2.043888,0.9693,0.9972,0.115,6.5785,38.9948,8.195993,2.862865,0.9498,0.993,0.2695,0.2695,0.2695,7.4194,86.4952,64.4373,86.4952,64.4373,0.1543,38.9948,0.9498,8.195993,2.862865,-2.9269,-0.0043,-0.1545,-0.8409
/kaggle/input/datasets/duc24kdl/sub-x-ray/sub_X-Ray/sub_NIH/00001461_003.png,,sub_NIH,00001461_003.png,ok,512x512 -> 1024x1024,2,1,4.81,38.3115,9.592471,3.097171,0.9848,0.9982,0.0757,6.9849,36.066,16.08708,4.01087,0.9734,0.9955,0.2437,0.2437,0.2437,7.4895,132.7055,40.6599,132.7055,40.6599,0.1386,36.066,0.9734,16.08708,4.01087,-2.2455,-0.0027,-0.168,-0.5046
/kaggle/input/datasets/duc24kdl/sub-x-ray/sub_X-Ray/sub_NIH/00001462_000.png,,sub_NIH,00001462_000.png,ok,512x512 -> 1024x1024,2,1,4.78,41.5733,4.526381,2.127529,0.9609,0.9965,0.1319,6.3573,38.6548,8.863393,2.977145,0.9391,0.9915,0.293,0.293,0.293,8.0207,101.25,69.6532,101.25,69.6532,0.0906,38.6548,0.9391,8.863393,2.977145,-2.9185,-0.005,-0.1611,-1.6635
/kaggle/input/datasets/duc24kdl/sub-x-ray/sub_X-Ray/sub_NIH/00001462_001.png,,sub_NIH,00001462_001.png,ok,512x512 -> 1024x1024,2,1,4.8,41.9451,4.15504,2.038391,0.9622,0.9966,0.1374,6.5665,38.7353,8.700572,2.949673,0.9426,0.9919,0.3131,0.3131,0.3131,7.7023,112.2221,66.5208,112.2221,66.5208,0.1132,38.7353,0.9426,8.700572,2.949673,-3.2097,-0.0047,-0.1756,-1.1358
/kaggle/input/datasets/duc24kdl/sub-x-ray/sub_X-Ray/sub_NIH/00001464_000.png,,sub_NIH,00001464_000.png,ok,512x512 -> 1024x1024,2,1,4.8,38.771,8.629388,2.937582,0.9878,0.9985,0.0614,7.0555,36.9772,13.042419,3.611429,0.9815,0.9972,0.191,0.191,0.191,7.7896,152.1387,54.0882,152.1387,54.0882,0.1335,36.9772,0.9815,13.042419,3.611429,-1.7938,-0.0013,-0.1296,-0.7341
/kaggle/input/datasets/duc24kdl/sub-x-ray/sub_X-Ray/sub_NIH/00001464_002.png,,sub_NIH,00001464_002.png,ok,512x512 -> 1024x1024,2,1,4.77,41.7041,4.39212,2.095738,0.9632,0.9968,0.1366,6.4582,38.3914,9.417673,3.068823,0.9436,0.9925,0.3239,0.3239,0.3239,7.8418,112.3544,67.6543,112.3544,67.6543,0.1156,38.3914,0.9436,9.417673,3.068823,-3.3127,-0.0043,-0.1872,-1.3836
/kaggle/input/datasets/duc24kdl/sub-x-ray/sub_X-Ray/sub_NIH/00001464_004.png,,sub_NIH,00001464_004.png,ok,512x512 -> 1024x1024,2,1,4.78,40.8615,5.332549,2.309231,0.957,0.9963,0.1554,6.6155,37.7693,10.868064,3.296675,0.9347,0.9912,0.3556,0.3556,0.3556,8.1585,117.0425,70.0776,117.0425,70.0776,0.1176,37.7693,0.9347,10.868064,3.296675,-3.0922,-0.0051,-0.2003,-1.5431
/kaggle/input/datasets/duc24kdl/sub-x-ray/sub_X-Ray/sub_NIH/00001470_003.png,,sub_NIH,00001470_003.png,ok,512x512 -> 1024x1024,2,1,4.8,37.7811,10.838519,3.292191,0.9885,0.9985,0.0577,7.3795,35.7971,17.114585,4.136978,0.9828,0.9971,0.1937,0.1937,0.1937,8.4449,158.8664,43.7573,158.8664,43.7573,0.1596,35.7971,0.9828,17.114585,4.136978,-1.984,-0.0014,-0.136,-1.0654
/kaggle/input/datasets/duc24kdl/sub-x-ray/sub_X-Ray/sub_NIH/00001471_002.png,,sub_NIH,00001471_002.png,ok,512x512 -> 1024x1024,2,1,4.81,42.423,3.72203,1.929256,0.9655,0.9969,0.127,6.5121,38.9695,8.243802,2.871202,0.9445,0.9921,0.3049,0.3049,0.3049,7.6303,106.8435,66.0061,106.8435,66.0061,0.1134,38.9695,0.9445,8.243802,2.871202,-3.4535,-0.0048,-0.1779,-1.1182
/kaggle/input/datasets/duc24kdl/sub-x-ray/sub_X-Ray/sub_NIH/00001472_000.png,,sub_NIH,00001472_000.png,ok,512x512 -> 1024x1024,2,1,4.78,41.9962,4.106358,2.026415,0.9616,0.9966,0.1407,6.2854,39.1875,7.840221,2.800039,0.9422,0.9919,0.3229,0.3229,0.3229,8.7144,133.1335,62.2698,133.1335,62.2698,0.1135,39.1875,0.9422,7.840221,2.800039,-2.8087,-0.0046,-0.1822,-2.429
/kaggle/input/datasets/duc24kdl/sub-x-ray/sub_X-Ray/sub_NIH/00001473_001.png,,sub_NIH,00001473_001.png,ok,512x512 -> 1024x1024,2,1,4.78,42.8703,3.357752,1.832417,0.9636,0.9967,0.1389,6.8083,39.7399,6.903888,2.627525,0.9468,0.9925,0.3182,0.3182,0.3182,8.1026,117.8725,70.1806,117.8725,70.1806,0.0854,39.7399,0.9468,6.903888,2.627525,-3.1305,-0.0041,-0.1793,-1.2943
/kaggle/input/datasets/duc24kdl/sub-x-ray/sub_X-Ray/sub_NIH/00001478_000.png,,sub_NIH,00001478_000.png,ok,512x512 -> 1024x1024,2,1,4.8,40.7215,5.50721,2.346745,0.9811,0.9978,0.0722,6.6424,37.279,12.166991,3.488121,0.9617,0.9935,0.2171,0.2171,0.2171,7.2904,136.404,57.5207,136.404,57.5207,0.5876,37.279,0.9617,12.166991,3.488121,-3.4425,-0.0043,-0.1449,-0.648
/kaggle/input/datasets/duc24kdl/sub-x-ray/sub_X-Ray/sub_NIH/00001480_000.png,,sub_NIH,00001480_000.png,ok,512x512 -> 1024x1024,2,1,4.77,45.3885,1.880303,1.371242,0.987,0.9985,0.0457,6.5843,40.3419,6.010159,2.451563,0.976,0.9962,0.1656,0.1656,0.1656,7.2749,145.2879,67.063,145.2879,67.063,0.2093,40.3419,0.976,6.010159,2.451563,-5.0466,-0.0023,-0.1199,-0.6905
/kaggle/input/datasets/duc24kdl/sub-x-ray/sub_X-Ray/sub_NIH/00001483_000.png,,sub_NIH,00001483_000.png,ok,512x512 -> 1024x1024,2,1,4.79,42.2789,3.84758,1.961525,0.9626,0.9966,0.1405,6.4267,39.5547,7.204586,2.684136,0.9442,0.9923,0.3303,0.3303,0.3303,8.1312,111.591,73.5718,111.591,73.5718,0.1153,39.5547,0.9442,7.204586,2.684136,-2.7242,-0.0044,-0.1897,-1.7045
/kaggle/input/datasets/duc24kdl/sub-x-ray/sub_X-Ray/sub_NIH/00001483_002.png,,sub_NIH,00001483_002.png,ok,512x512 -> 1024x1024,2,1,4.85,41.0588,5.095699,2.257365,0.9625,0.9966,0.1307,6.0383,38.2948,9.629337,3.103117,0.943,0.992,0.3067,0.3067,0.3067,7.7764,106.449,71.5741,106.449,71.5741,0.1131,38.2948,0.943,9.629337,3.103117,-2.7639,-0.0046,-0.176,-1.7382
/kaggle/input/datasets/duc24kdl/sub-x-ray/sub_X-Ray/sub_NIH/00001483_004.png,,sub_NIH,00001483_004.png,ok,512x512 -> 1024x1024,2,1,4.79,40.9428,5.233576,2.287701,0.9815,0.998,0.0928,7.9845,39.2718,7.689562,2.773006,0.9741,0.996,0.2693,0.2693,0.2693,8.2879,110.6471,54.561,110.6471,54.561,0.1311,39.2718,0.9741,7.689562,2.773006,-1.671,-0.002,-0.1765,-0.3035
/kaggle/input/datasets/duc24kdl/sub-x-ray/sub_X-Ray/sub_NIH/00001483_007.png,,sub_NIH,00001483_007.png,ok,512x512 -> 1024x1024,2,1,4.78,42.5868,3.584295,1.893223,0.9647,0.9968,0.1335,6.1105,39.9391,6.594286,2.567934,0.9477,0.9927,0.3012,0.3012,0.3012,8.0741,111.78,76.1662,111.78,76.1662,0.1133,39.9391,0.9477,6.594286,2.567934,-2.6476,-0.0041,-0.1677,-1.9636
/kaggle/input/datasets/duc24kdl/sub-x-ray/sub_X-Ray/sub_NIH/00001483_009.png,,sub_NIH,00001483_009.png,ok,512x512 -> 1024x1024,2,1,4.79,42.4092,3.733918,1.932335,0.9625,0.9966,0.1374,6.2495,39.446,7.387288,2.717956,0.9436,0.9921,0.3146,0.3146,0.3146,7.9806,110.215,74.7026,110.215,74.7026,0.1097,39.446,0.9436,7.387288,2.717956,-2.9632,-0.0045,-0.1772,-1.731
/kaggle/input/datasets/duc24kdl/sub-x-ray/sub_X-Ray/sub_NIH/00001483_015.png,,sub_NIH,00001483_015.png,ok,512x512 -> 1024x1024,2,1,4.8,41.0228,5.138079,2.266733,0.9544,0.9959,0.1617,6.5454,38.758,8.655191,2.941971,0.9336,0.9908,0.3633,0.3633,0.3633,7.6907,123.0127,67.2422,123.0127,67.2422,0.1319,38.758,0.9336,8.655191,2.941971,-2.2648,-0.0051,-0.2015,-1.1454
/kaggle/input/datasets/duc24kdl/sub-x-ray/sub_X-Ray/sub_NIH/00001483_021.png,,sub_NIH,00001483_021.png,ok,512x512 -> 1024x1024,2,1,4.77,39.6059,7.12009,2.66835,0.9871,0.9984,0.0625,7.6404,36.7729,13.670572,3.697374,0.9812,0.9968,0.2137,0.2137,0.2137,7.5921,119.5943,49.7543,119.5943,49.7543,0.1577,36.7729,0.9812,13.670572,3.697374,-2.833,-0.0016,-0.1512,0.0482
/kaggle/input/datasets/duc24kdl/sub-x-ray/sub_X-Ray/sub_NIH/00001483_023.png,,sub_NIH,00001483_023.png,ok,512x512 -> 1024x1024,2,1,4.8,37.8677,10.624479,3.259521,0.9836,0.9982,0.0767,7.7567,35.0093,20.518759,4.529764,0.9747,0.9961,0.2317,0.2317,0.2317,8.4831,109.7753,65.5012,109.7753,65.5012,0.1862,35.0093,0.9747,20.518759,4.529764,-2.8584,-0.0021,-0.1551,-0.7264
/kaggle/input/datasets/duc24kdl/sub-x-ray/sub_X-Ray/sub_NIH/00001484_001.png,,sub_NIH,00001484_001.png,ok,512x512 -> 1024x1024,2,1,4.79,41.9423,4.157677,2.039038,0.9555,0.9961,0.1495,6.5315,39.1393,7.927686,2.815615,0.9324,0.9906,0.3556,0.3556,0.3556,7.5975,122.2566,74.4619,122.2566,74.4619,0.0801,39.1393,0.9324,7.927686,2.815615,-2.803,-0.0055,-0.2061,-1.0661
/kaggle/input/datasets/duc24kdl/sub-x-ray/sub_X-Ray/sub_NIH/00001485_001.png,,sub_NIH,00001485_001.png,ok,512x512 -> 1024x1024,2,1,4.78,43.3511,3.005875,1.733746,0.9868,0.9985,0.0493,6.909,38.9299,8.319416,2.88434,0.9739,0.9958,0.1717,0.1717,0.1717,7.7359,146.9556,56.7295,146.9556,56.7295,0.3185,38.9299,0.9739,8.319416,2.88434,-4.4212,-0.0026,-0.1224,-0.8268
/kaggle/input/datasets/duc24kdl/sub-x-ray/sub_X-Ray/sub_NIH/00001486_000.png,,sub_NIH,00001486_000.png,ok,512x512 -> 1024x1024,2,1,4.8,46.8475,1.343784,1.159217,0.9836,0.9981,0.0691,7.0048,42.239,3.883119,1.970563,0.9697,0.9949,0.2473,0.2473,0.2473,8.3411,170.9399,40.2373,170.9399,40.2373,0.0971,42.239,0.9697,3.883119,1.970563,-4.6085,-0.0032,-0.1781,-1.3363
/kaggle/input/datasets/duc24kdl/sub-x-ray/sub_X-Ray/sub_NIH/00001491_000.png,,sub_NIH,00001491_000.png,ok,512x512 -> 1024x1024,2,1,4.78,45.335,1.903638,1.379724,0.9827,0.9981,0.0712,6.869,40.552,5.726321,2.392973,0.9666,0.9945,0.2418,0.2418,0.2418,7.4391,165.1866,46.9455,165.1866,46.9455,0.1239,40.552,0.9666,5.726321,2.392973,-4.7829,-0.0037,-0.1706,-0.5701
/kaggle/input/datasets/duc24kdl/sub-x-ray/sub_X-Ray/sub_NIH/00001495_002.png,,sub_NIH,00001495_002.png,ok,512x512 -> 1024x1024,2,1,4.78,41.9675,4.133635,2.033134,0.9663,0.9969,0.1298,6.4683,39.1924,7.831469,2.798476,0.9494,0.9929,0.3022,0.3022,0.3022,7.8335,107.6505,72.6687,107.6505,72.6687,0.1099,39.1924,0.9494,7.831469,2.798476,-2.7751,-0.004,-0.1724,-1.3653
/kaggle/input/datasets/duc24kdl/sub-x-ray/sub_X-Ray/sub_NIH/00001496_002.png,,sub_NIH,00001496_002.png,ok,512x512 -> 1024x1024,2,1,4.79,38.0826,10.111717,3.179893,0.9859,0.9984,0.0592,6.6276,36.6973,13.910734,3.72971,0.975,0.9959,0.1893,0.1893,0.1893,7.4983,168.8361,56.4607,168.8361,56.4607,0.152,36.6973,0.975,13.910734,3.72971,-1.3853,-0.0024,-0.1301,-0.8707
/kaggle/input/datasets/duc24kdl/sub-x-ray/sub_X-Ray/sub_NIH/00001498_000.png,,sub_NIH,00001498_000.png,ok,512x512 -> 1024x1024,2,1,4.78,42.6954,3.495773,1.869699,0.9586,0.9963,0.1464,6.5106,40.3387,6.014678,2.452484,0.941,0.992,0.3306,0.3306,0.3306,8.6478,124.811,72.3435,124.811,72.3435,0.0706,40.3387,0.941,6.014678,2.452484,-2.3567,-0.0043,-0.1842,-2.1372
/kaggle/input/datasets/duc24kdl/sub-x-ray/sub_X-Ray/sub_NIH/00001499_000.png,,sub_NIH,00001499_000.png,ok,512x512 -> 1024x1024,2,1,4.84,43.5398,2.878096,1.696495,0.9843,0.9982,0.0568,6.5127,39.4494,7.381358,2.716866,0.9685,0.9949,0.1928,0.1928,0.1928,7.8472,147.6435,63.0639,147.6435,63.0639,0.2752,39.4494,0.9685,7.381358,2.716866,-4.0903,-0.0033,-0.1361,-1.3345
/kaggle/input/datasets/duc24kdl/sub-x-ray/sub_X-Ray/sub_NIH/00001500_002.png,,sub_NIH,00001500_002.png,ok,512x512 -> 1024x1024,2,1,4.78,42.698,3.493629,1.869125,0.9586,0.9963,0.1669,6.9368,39.3477,7.556365,2.748884,0.94,0.9917,0.3865,0.3865,0.3865,8.032,136.6296,61.0048,136.6296,61.0048,0.064,39.3477,0.94,7.556365,2.748884,-3.3504,-0.0046,-0.2196,-1.0951
/kaggle/input/datasets/duc24kdl/sub-x-ray/sub_X-Ray/sub_NIH/00001501_007.png,,sub_NIH,00001501_007.png,ok,512x512 -> 1024x1024,2,1,4.8,46.8917,1.330189,1.153338,0.9862,0.9983,0.0602,7.3233,42.4337,3.712863,1.926879,0.9766,0.996,0.2169,0.2169,0.2169,7.79,161.9839,51.0946,161.9839,51.0946,0.1147,42.4337,0.9766,3.712863,1.926879,-4.458,-0.0022,-0.1566,-0.4667
/kaggle/input/datasets/duc24kdl/sub-x-ray/sub_X-Ray/sub_NIH/00001504_007.png,,sub_NIH,00001504_007.png,ok,512x512 -> 1024x1024,2,1,4.79,42.0629,4.043763,2.010911,0.9611,0.9965,0.1388,6.3765,39.3611,7.53303,2.744636,0.9406,0.9917,0.317,0.317,0.317,7.9597,116.9655,67.1236,116.9655,67.1236,0.1008,39.3611,0.9406,7.53303,2.744636,-2.7018,-0.0048,-0.1781,-1.5832
/kaggle/input/datasets/duc24kdl/sub-x-ray/sub_X-Ray/sub_NIH/00001504_010.png,,sub_NIH,00001504_010.png,ok,512x512 -> 1024x1024,2,1,4.78,42.7285,3.469224,1.862585,0.9624,0.9966,0.139,6.5288,39.6558,7.038815,2.653077,0.9429,0.992,0.3263,0.3263,0.3263,8.1796,133.0187,63.015,133.0187,63.015,0.0818,39.6558,0.9429,7.038815,2.653077,-3.0727,-0.0046,-0.1873,-1.6508
/kaggle/input/datasets/duc24kdl/sub-x-ray/sub_X-Ray/sub_NIH/00001504_012.png,,sub_NIH,00001504_012.png,ok,512x512 -> 1024x1024,2,1,4.8,42.7512,3.451105,1.857715,0.9635,0.9967,0.1355,6.6317,39.8232,6.772645,2.602431,0.9444,0.9922,0.314,0.314,0.314,7.8642,130.4196,63.3053,130.4196,63.3053,0.0899,39.8232,0.9444,6.772645,2.602431,-2.928,-0.0045,-0.1785,-1.2325
/kaggle/input/datasets/duc24kdl/sub-x-ray/sub_X-Ray/sub_NIH/00001504_015.png,,sub_NIH,00001504_015.png,ok,512x512 -> 1024x1024,2,1,5.09,42.4873,3.667372,1.915038,0.9613,0.9965,0.1404,6.5099,39.7752,6.847904,2.61685,0.9407,0.9917,0.3226,0.3226,0.3226,8.1395,112.7382,65.4253,112.7382,65.4253,0.0936,39.7752,0.9407,6.847904,2.61685,-2.712,-0.0048,-0.1822,-1.6296
/kaggle/input/datasets/duc24kdl/sub-x-ray/sub_X-Ray/sub_NIH/00001515_000.png,,sub_NIH,00001515_000.png,ok,512x512 -> 1024x1024,2,1,4.78,36.0851,16.016504,4.002063,0.9793,0.9979,0.0816,6.7242,34.8281,21.392892,4.625245,0.9666,0.9948,0.231,0.231,0.231,7.8764,171.4689,59.9891,171.4689,59.9891,0.1676,34.8281,0.9666,21.392892,4.625245,-1.257,-0.0031,-0.1494,-1.1522
/kaggle/input/datasets/duc24kdl/sub-x-ray/sub_X-Ray/sub_NIH/00001517_004.png,,sub_NIH,00001517_004.png,ok,512x512 -> 1024x1024,2,1,4.78,37.5627,11.397594,3.376032,0.9866,0.9985,0.0571,7.7222,35.6485,17.710447,4.208378,0.9805,0.9972,0.1712,0.1712,0.1712,8.4191,144.3832,67.2514,144.3832,67.2514,-0.0616,35.6485,0.9805,17.710447,4.208378,-1.9142,-0.0013,-0.1141,-0.6969
/kaggle/input/datasets/duc24kdl/sub-x-ray/sub_X-Ray/sub_NIH/00001517_011.png,,sub_NIH,00001517_011.png,ok,512x512 -> 1024x1024,2,1,4.78,36.7983,13.591004,3.686598,0.9831,0.9981,0.0628,6.0438,34.0644,25.506141,5.05036,0.9646,0.994,0.2019,0.2019,0.2019,7.0647,133.7948,60.8014,133.7948,60.8014,0.168,34.0644,0.9646,25.506141,5.05036,-2.7339,-0.0041,-0.1391,-1.021
/kaggle/input/datasets/duc24kdl/sub-x-ray/sub_X-Ray/sub_NIH/00001517_013.png,,sub_NIH,00001517_013.png,ok,512x512 -> 1024x1024,2,1,4.8,35.7241,17.404721,4.171897,0.9848,0.9982,0.0726,6.8974,32.9703,32.813159,5.728277,0.9754,0.9958,0.1976,0.1976,0.1976,7.8035,145.6163,59.6766,145.6163,59.6766,0.1683,32.9703,0.9754,32.813159,5.728277,-2.7538,-0.0024,-0.125,-0.9061
/kaggle/input/datasets/duc24kdl/sub-x-ray/sub_X-Ray/sub_NIH/00001525_001.png,,sub_NIH,00001525_001.png,ok,512x512 -> 1024x1024,2,1,4.8,37.5378,11.46298,3.385702,0.9835,0.9982,0.072,7.2559,35.8382,16.953365,4.117446,0.9748,0.9961,0.2108,0.2108,0.2108,7.3733,166.5154,51.0519,166.5154,51.0519,0.0838,35.8382,0.9748,16.953365,4.117446,-1.6996,-0.0021,-0.1388,-0.1174
/kaggle/input/datasets/duc24kdl/sub-x-ray/sub_X-Ray/sub_NIH/00001526_000.png,,sub_NIH,00001526_000.png,ok,512x512 -> 1024x1024,2,1,4.78,46.8986,1.328055,1.152413,0.9889,0.9985,0.0466,8.1936,41.83,4.266597,2.065574,0.9827,0.9972,0.1793,0.1793,0.1793,8.7528,153.7803,53.1513,153.7803,53.1513,0.1136,41.83,0.9827,4.266597,2.065574,-5.0687,-0.0014,-0.1327,-0.5592
/kaggle/input/datasets/duc24kdl/sub-x-ray/sub_X-Ray/sub_NIH/00001526_008.png,,sub_NIH,00001526_008.png,ok,512x512 -> 1024x1024,2,1,4.78,39.3912,7.481089,2.735158,0.9872,0.9984,0.0429,6.7802,34.9731,20.69063,4.548695,0.9766,0.9961,0.1556,0.1556,0.1556,8.311,149.8408,62.8552,149.8408,62.8552,0.2045,34.9731,0.9766,20.69063,4.548695,-4.4181,-0.0023,-0.1128,-1.5308
/kaggle/input/datasets/duc24kdl/sub-x-ray/sub_X-Ray/sub_NIH/00001528_000.png,,sub_NIH,00001528_000.png,ok,512x512 -> 1024x1024,2,1,4.79,39.0712,8.053025,2.837785,0.9795,0.9978,0.0961,8.138,36.0186,16.263783,4.032838,0.971,0.9955,0.2972,0.2972,0.2972,8.1896,133.1975,38.8249,133.1975,38.8249,0.1723,36.0186,0.971,16.263783,4.032838,-3.0526,-0.0022,-0.2011,-0.0516
/kaggle/input/datasets/duc24kdl/sub-x-ray/sub_X-Ray/sub_NIH/00001528_002.png,,sub_NIH,00001528_002.png,ok,512x512 -> 1024x1024,2,1,4.77,39.2868,7.662955,2.768204,0.9835,0.9981,0.081,7.8766,36.4097,14.863299,3.855295,0.9759,0.9962,0.2483,0.2483,0.2483,8.1284,137.7606,43.9388,137.7606,43.9388,0.1839,36.4097,0.9759,14.863299,3.855295,-2.8772,-0.0019,-0.1674,-0.2518
/kaggle/input/datasets/duc24kdl/sub-x-ray/sub_X-Ray/sub_NIH/00001528_004.png,,sub_NIH,00001528_004.png,ok,512x512 -> 1024x1024,2,1,4.78,38.0005,10.304531,3.210067,0.9879,0.9984,0.0632,7.7348,36.4986,14.561822,3.815996,0.9837,0.9974,0.209,0.209,0.209,8.1327,156.3457,39.1066,156.3457,39.1066,0.1729,36.4986,0.9837,14.561822,3.815996,-1.5019,-0.0011,-0.1458,-0.3978
/kaggle/input/datasets/duc24kdl/sub-x-ray/sub_X-Ray/sub_NIH/00001532_000.png,,sub_NIH,00001532_000.png,ok,512x512 -> 1024x1024,2,1,4.82,45.5705,1.803129,1.342807,0.9846,0.9983,0.0673,7.1761,40.4683,5.837839,2.416162,0.9701,0.995,0.2255,0.2255,0.2255,7.9809,159.2396,53.6079,159.2396,53.6079,0.1355,40.4683,0.9701,5.837839,2.416162,-5.1023,-0.0032,-0.1582,-0.8047
/kaggle/input/datasets/duc24kdl/sub-x-ray/sub_X-Ray/sub_NIH/00001534_006.png,,sub_NIH,00001534_006.png,ok,512x512 -> 1024x1024,2,1,4.84,42.0368,4.068157,2.016967,0.9554,0.9959,0.1628,6.866,39.3301,7.587046,2.754459,0.9356,0.9909,0.3714,0.3714,0.3714,7.961,128.2009,67.8971,128.2009,67.8971,0.0837,39.3301,0.9356,7.587046,2.754459,-2.7068,-0.005,-0.2087,-1.095
/kaggle/input/datasets/duc24kdl/sub-x-ray/sub_X-Ray/sub_NIH/00001540_000.png,,sub_NIH,00001540_000.png,ok,512x512 -> 1024x1024,2,1,4.8,46.257,1.539516,1.240772,0.9844,0.9982,0.0633,6.8087,41.481,4.623551,2.150244,0.9683,0.9946,0.2204,0.2204,0.2204,7.551,159.548,53.2142,159.548,53.2142,0.1176,41.481,0.9683,4.623551,2.150244,-4.7759,-0.0036,-0.1572,-0.7424
/kaggle/input/datasets/duc24kdl/sub-x-ray/sub_X-Ray/sub_NIH/00001540_001.png,,sub_NIH,00001540_001.png,ok,512x512 -> 1024x1024,2,1,4.78,47.2379,1.22826,1.108269,0.9852,0.9983,0.0643,7.0466,42.991,3.265703,1.807125,0.9712,0.9951,0.2249,0.2249,0.2249,8.0688,155.1798,46.7606,155.1798,46.7606,0.1136,42.991,0.9712,3.265703,1.807125,-4.2469,-0.0032,-0.1605,-1.0223
/kaggle/input/datasets/duc24kdl/sub-x-ray/sub_X-Ray/sub_NIH/00001543_007.png,,sub_NIH,00001543_007.png,ok,512x512 -> 1024x1024,2,1,4.82,35.6329,17.774337,4.215962,0.9888,0.9985,0.0485,6.7678,33.125,31.664963,5.627163,0.9813,0.9965,0.1658,0.1658,0.1658,8.4268,152.7705,59.4713,152.7705,59.4713,0.1526,33.125,0.9813,31.664963,5.627163,-2.5079,-0.002,-0.1173,-1.659
/kaggle/input/datasets/duc24kdl/sub-x-ray/sub_X-Ray/sub_NIH/00001543_008.png,,sub_NIH,00001543_008.png,ok,512x512 -> 1024x1024,2,1,4.77,41.1817,4.953451,2.225635,0.9546,0.9959,0.1578,6.7226,37.561,11.40205,3.376692,0.9318,0.9904,0.3555,0.3555,0.3555,7.4853,128.6953,65.6275,128.6953,65.6275,0.098,37.561,0.9318,11.40205,3.376692,-3.6208,-0.0055,-0.1977,-0.7628
/kaggle/input/datasets/duc24kdl/sub-x-ray/sub_X-Ray/sub_NIH/00001545_000.png,,sub_NIH,00001545_000.png,ok,512x512 -> 1024x1024,2,1,4.77,46.5202,1.448981,1.203736,0.9853,0.9982,0.0592,6.9056,42.0736,4.03384,2.008442,0.9741,0.9955,0.2116,0.2116,0.2116,8.2759,148.2288,55.2664,148.2288,55.2664,0.1202,42.0736,0.9741,4.03384,2.008442,-4.4466,-0.0027,-0.1524,-1.3703
/kaggle/input/datasets/duc24kdl/sub-x-ray/sub_X-Ray/sub_NIH/00001547_001.png,,sub_NIH,00001547_001.png,ok,512x512 -> 1024x1024,2,1,4.83,42.695,3.496112,1.869789,0.9695,0.9972,0.1113,6.0929,39.5043,7.288687,2.699757,0.953,0.9934,0.2668,0.2668,0.2668,7.9078,116.9769,71.318,116.9769,71.318,0.1063,39.5043,0.953,7.288687,2.699757,-3.1906,-0.0038,-0.1556,-1.8149
/kaggle/input/datasets/duc24kdl/sub-x-ray/sub_X-Ray/sub_NIH/00001547_003.png,,sub_NIH,00001547_003.png,ok,512x512 -> 1024x1024,2,1,4.77,38.0917,10.090469,3.17655,0.986,0.9984,0.0547,6.5056,36.5786,14.296297,3.781044,0.9746,0.9957,0.1782,0.1782,0.1782,7.5175,170.3126,61.8714,170.3126,61.8714,0.1342,36.5786,0.9746,14.296297,3.781044,-1.5131,-0.0026,-0.1236,-1.0118
/kaggle/input/datasets/duc24kdl/sub-x-ray/sub_X-Ray/sub_NIH/00001549_002.png,,sub_NIH,00001549_002.png,ok,512x512 -> 1024x1024,2,1,4.78,36.4714,14.653486,3.827987,0.9857,0.9982,0.0704,6.9371,32.9387,33.053228,5.749194,0.9783,0.996,0.2367,0.2367,0.2367,8.0266,107.2707,57.2157,107.2707,57.2157,0.2994,32.9387,0.9783,33.053228,5.749194,-3.5327,-0.0022,-0.1663,-1.0896
/kaggle/input/datasets/duc24kdl/sub-x-ray/sub_X-Ray/sub_NIH/00001549_006.png,,sub_NIH,00001549_006.png,ok,512x512 -> 1024x1024,2,1,4.81,35.4224,18.657118,4.319389,0.9759,0.9974,0.1137,6.8356,31.5318,45.697991,6.760029,0.9623,0.9935,0.3265,0.3265,0.3265,7.8964,126.8329,46.5488,126.8329,46.5488,0.2453,31.5318,0.9623,45.697991,6.760029,-3.8905,-0.0039,-0.2128,-1.0608
/kaggle/input/datasets/duc24kdl/sub-x-ray/sub_X-Ray/sub_NIH/00001549_018.png,,sub_NIH,00001549_018.png,ok,512x512 -> 1024x1024,2,1,4.79,36.6316,14.122623,3.758008,0.9827,0.998,0.0921,7.9443,32.8354,33.848336,5.817932,0.9754,0.9957,0.2812,0.2812,0.2812,9.0009,106.6303,54.1786,106.6303,54.1786,0.3156,32.8354,0.9754,33.848336,5.817932,-3.7962,-0.0023,-0.1891,-1.0565
/kaggle/input/datasets/duc24kdl/sub-x-ray/sub_X-Ray/sub_NIH/00001549_023.png,,sub_NIH,00001549_023.png,ok,512x512 -> 1024x1024,2,1,4.81,34.7314,21.874804,4.677051,0.9732,0.9971,0.116,6.214,31.8841,42.137622,6.49135,0.9558,0.9921,0.3285,0.3285,0.3285,7.1429,118.3673,46.5856,118.3673,46.5856,0.2374,31.8841,0.9558,42.137622,6.49135,-2.8473,-0.0049,-0.2125,-0.9288
/kaggle/input/datasets/duc24kdl/sub-x-ray/sub_X-Ray/sub_NIH/00001549_024.png,,sub_NIH,00001549_024.png,ok,512x512 -> 1024x1024,2,1,4.81,35.4663,18.469129,4.297572,0.9713,0.9971,0.1142,6.2742,32.3992,37.424852,6.117585,0.9476,0.9914,0.3174,0.3174,0.3174,7.1787,121.5648,50.9212,121.5648,50.9212,0.1947,32.3992,0.9476,37.424852,6.117585,-3.0671,-0.0057,-0.2032,-0.9045
/kaggle/input/datasets/duc24kdl/sub-x-ray/sub_X-Ray/sub_NIH/00001551_000.png,,sub_NIH,00001551_000.png,ok,512x512 -> 1024x1024,2,1,4.79,38.8211,8.530342,2.920675,0.9864,0.9985,0.0528,6.1154,36.5457,14.40506,3.7954,0.9754,0.9964,0.1449,0.1449,0.1449,7.6342,114.4628,81.3239,114.4628,81.3239,0.1788,36.5457,0.9754,14.40506,3.7954,-2.2755,-0.0021,-0.0921,-1.5188
/kaggle/input/datasets/duc24kdl/sub-x-ray/sub_X-Ray/sub_NIH/00001551_001.png,,sub_NIH,00001551_001.png,ok,512x512 -> 1024x1024,2,1,4.81,43.0426,3.227146,1.796426,0.9735,0.9975,0.1019,6.4373,39.3061,7.629104,2.762083,0.9582,0.9941,0.2608,0.2608,0.2608,8.0133,92.8446,58.4928,92.8446,58.4928,0.1169,39.3061,0.9582,7.629104,2.762083,-3.7365,-0.0034,-0.1589,-1.576
/kaggle/input/datasets/duc24kdl/sub-x-ray/sub_X-Ray/sub_NIH/00001555_000.png,,sub_NIH,00001555_000.png,ok,512x512 -> 1024x1024,2,1,4.79,39.9423,6.589461,2.566995,0.9619,0.9965,0.1282,6.4181,37.4343,11.739522,3.426299,0.9371,0.9909,0.2934,0.2934,0.2934,7.5409,88.0338,64.3865,88.0338,64.3865,0.1411,37.4343,0.9371,11.739522,3.426299,-2.508,-0.0056,-0.1652,-1.1228
/kaggle/input/datasets/duc24kdl/sub-x-ray/sub_X-Ray/sub_NIH/00001555_002.png,,sub_NIH,00001555_002.png,ok,512x512 -> 1024x1024,2,1,4.8,43.7059,2.770078,1.664355,0.9735,0.9972,0.0941,6.9235,40.526,5.76071,2.400148,0.9543,0.9921,0.2607,0.2607,0.2607,7.4987,104.0342,37.0153,104.0342,37.0153,0.1061,40.526,0.9543,5.76071,2.400148,-3.1798,-0.0051,-0.1666,-0.5752
/kaggle/input/datasets/duc24kdl/sub-x-ray/sub_X-Ray/sub_NIH/00001555_004.png,,sub_NIH,00001555_004.png,ok,512x512 -> 1024x1024,2,1,4.79,36.8543,13.41672,3.662884,0.9669,0.997,0.1164,6.2059,33.1398,31.557308,5.617589,0.9451,0.9922,0.2694,0.2694,0.2694,7.2561,92.9666,65.0785,92.9666,65.0785,0.1731,33.1398,0.9451,31.557308,5.617589,-3.7145,-0.0048,-0.1531,-1.0502
/kaggle/input/datasets/duc24kdl/sub-x-ray/sub_X-Ray/sub_NIH/00001558_008.png,,sub_NIH,00001558_008.png,ok,512x512 -> 1024x1024,2,1,4.8,37.2599,12.220557,3.495791,0.9833,0.998,0.0781,6.7499,34.758,21.741149,4.662741,0.976,0.9958,0.2388,0.2388,0.2388,7.1864,121.9305,52.6009,121.9305,52.6009,0.1846,34.758,0.976,21.741149,4.662741,-2.5019,-0.0023,-0.1608,-0.4366
/kaggle/input/datasets/duc24kdl/sub-x-ray/sub_X-Ray/sub_NIH/00001558_011.png,,sub_NIH,00001558_011.png,ok,512x512 -> 1024x1024,2,1,4.78,34.8807,21.135411,4.597327,0.9809,0.9977,0.0937,7.3644,32.1857,39.310656,6.269821,0.9724,0.9946,0.2826,0.2826,0.2826,8.1121,118.2032,39.7763,118.2032,39.7763,0.2278,32.1857,0.9724,39.310656,6.269821,-2.695,-0.0031,-0.1889,-0.7477
/kaggle/input/datasets/duc24kdl/sub-x-ray/sub_X-Ray/sub_NIH/00001558_019.png,,sub_NIH,00001558_019.png,ok,512x512 -> 1024x1024,2,1,4.8,36.316,15.187332,3.897093,0.9863,0.9982,0.0625,6.8893,33.6345,28.159658,5.306567,0.9788,0.9958,0.2032,0.2032,0.2032,7.4336,121.429,53.1046,121.429,53.1046,0.1859,33.6345,0.9788,28.159658,5.306567,-2.6815,-0.0024,-0.1406,-0.5443
/kaggle/input/datasets/duc24kdl/sub-x-ray/sub_X-Ray/sub_NIH/00001558_023.png,,sub_NIH,00001558_023.png,ok,512x512 -> 1024x1024,2,1,4.79,36.8638,13.387637,3.658912,0.9849,0.9981,0.0713,7.7519,33.9758,26.031485,5.102106,0.9786,0.9961,0.2381,0.2381,0.2381,8.1075,115.0347,50.5223,115.0347,50.5223,0.1795,33.9758,0.9786,26.031485,5.102106,-2.888,-0.002,-0.1669,-0.3555
/kaggle/input/datasets/duc24kdl/sub-x-ray/sub_X-Ray/sub_NIH/00001558_028.png,,sub_NIH,00001558_028.png,ok,512x512 -> 1024x1024,2,1,4.83,34.4525,23.325236,4.829621,0.9848,0.9981,0.0715,7.2966,31.9261,41.731792,6.460015,0.9772,0.9959,0.2156,0.2156,0.2156,7.7821,121.7071,58.1466,121.7071,58.1466,0.1898,31.9261,0.9772,41.731792,6.460015,-2.5264,-0.0022,-0.1442,-0.4854
/kaggle/input/datasets/duc24kdl/sub-x-ray/sub_X-Ray/sub_NIH/00001558_030.png,,sub_NIH,00001558_030.png,ok,512x512 -> 1024x1024,2,1,4.79,35.326,19.075842,4.36759,0.985,0.9982,0.0746,6.6508,32.7753,34.320328,5.858355,0.9763,0.9955,0.2277,0.2277,0.2277,7.962,112.7518,62.2324,112.7518,62.2324,0.1821,32.7753,0.9763,34.320328,5.858355,-2.5507,-0.0026,-0.1531,-1.3111
/kaggle/input/datasets/duc24kdl/sub-x-ray/sub_X-Ray/sub_NIH/00001558_038.png,,sub_NIH,00001558_038.png,ok,512x512 -> 1024x1024,2,1,4.8,35.1494,19.867596,4.457308,0.9834,0.9981,0.0781,7.2724,32.8062,34.077216,5.837569,0.9756,0.9958,0.2395,0.2395,0.2395,7.4337,121.1545,53.3747,121.1545,53.3747,0.1866,32.8062,0.9756,34.077216,5.837569,-2.3432,-0.0023,-0.1614,-0.1614
/kaggle/input/datasets/duc24kdl/sub-x-ray/sub_X-Ray/sub_NIH/00001559_001.png,,sub_NIH,00001559_001.png,ok,512x512 -> 1024x1024,2,1,4.83,41.4649,4.640769,2.154244,0.961,0.9965,0.1485,6.6319,38.9156,8.346895,2.889099,0.9445,0.9924,0.3447,0.3447,0.3447,8.2352,133.6916,69.605,133.6916,69.605,0.1307,38.9156,0.9445,8.346895,2.889099,-2.5493,-0.0041,-0.1962,-1.6033
/kaggle/input/datasets/duc24kdl/sub-x-ray/sub_X-Ray/sub_NIH/00001561_003.png,,sub_NIH,00001561_003.png,ok,512x512 -> 1024x1024,2,1,4.82,43.4676,2.92631,1.710646,0.9851,0.9983,0.0543,6.0569,38.9311,8.317022,2.883925,0.9692,0.9948,0.1962,0.1962,0.1962,7.1369,147.3806,61.8662,147.3806,61.8662,0.1348,38.9311,0.9692,8.317022,2.883925,-4.5365,-0.0035,-0.1419,-1.08
/kaggle/input/datasets/duc24kdl/sub-x-ray/sub_X-Ray/sub_NIH/00001567_001.png,,sub_NIH,00001567_001.png,ok,512x512 -> 1024x1024,2,1,4.79,46.064,1.609467,1.268648,0.9834,0.9981,0.0675,6.9784,42.4208,3.723928,1.929748,0.9711,0.9951,0.2188,0.2188,0.2188,8.1746,153.1744,50.6696,153.1744,50.6696,0.2175,42.4208,0.9711,3.723928,1.929748,-3.6432,-0.003,-0.1513,-1.1962
/kaggle/input/datasets/duc24kdl/sub-x-ray/sub_X-Ray/sub_NIH/00001568_001.png,,sub_NIH,00001568_001.png,ok,512x512 -> 1024x1024,2,1,4.81,37.9555,10.411927,3.226752,0.9913,0.9987,0.0425,8.3772,36.733,13.796875,3.714415,0.9894,0.9982,0.1544,0.1544,0.1544,9.132,155.1867,51.8053,155.1867,51.8053,0.182,36.733,0.9894,13.796875,3.714415,-1.2225,-0.0006,-0.1118,-0.7548
/kaggle/input/datasets/duc24kdl/sub-x-ray/sub_X-Ray/sub_NIH/00001568_003.png,,sub_NIH,00001568_003.png,ok,512x512 -> 1024x1024,2,1,4.79,37.1399,12.56278,3.544401,0.9905,0.9986,0.0458,9.059,36.1734,15.694378,3.961613,0.9892,0.9982,0.1635,0.1635,0.1635,9.3988,165.8379,44.7961,165.8379,44.7961,0.204,36.1734,0.9892,15.694378,3.961613,-0.9666,-0.0004,-0.1177,-0.3398
/kaggle/input/datasets/duc24kdl/sub-x-ray/sub_X-Ray/sub_NIH/00001568_006.png,,sub_NIH,00001568_006.png,ok,512x512 -> 1024x1024,2,1,4.84,38.9426,8.295096,2.880121,0.9848,0.9983,0.074,7.7586,37.0654,12.780279,3.574952,0.978,0.9965,0.2289,0.2289,0.2289,8.0865,111.9973,60.3075,111.9973,60.3075,0.142,37.0654,0.978,12.780279,3.574952,-1.8772,-0.0018,-0.1549,-0.3279
/kaggle/input/datasets/duc24kdl/sub-x-ray/sub_X-Ray/sub_NIH/00001569_000.png,,sub_NIH,00001569_000.png,ok,512x512 -> 1024x1024,2,1,4.77,36.3748,14.982944,3.870781,0.9754,0.9975,0.1024,6.7943,34.2174,24.6232,4.962177,0.9574,0.9932,0.2676,0.2676,0.2676,7.8986,132.9135,55.2386,132.9135,55.2386,0.1037,34.2174,0.9574,24.6232,4.962177,-2.1575,-0.0043,-0.1652,-1.1043
/kaggle/input/datasets/duc24kdl/sub-x-ray/sub_X-Ray/sub_NIH/00001569_001.png,,sub_NIH,00001569_001.png,ok,512x512 -> 1024x1024,2,1,4.83,44.759,2.173613,1.474318,0.9768,0.9975,0.0867,7.0576,41.3867,4.72514,2.173739,0.9619,0.9936,0.2545,0.2545,0.2545,7.8676,105.6737,37.0406,105.6737,37.0406,0.0893,41.3867,0.9619,4.72514,2.173739,-3.3723,-0.0039,-0.1678,-0.81
/kaggle/input/datasets/duc24kdl/sub-x-ray/sub_X-Ray/sub_NIH/00001569_002.png,,sub_NIH,00001569_002.png,ok,512x512 -> 1024x1024,2,1,4.8,42.2034,3.915053,1.978649,0.9632,0.9967,0.1409,6.8357,39.3953,7.473999,2.733862,0.9452,0.9925,0.3192,0.3192,0.3192,8.7368,109.4351,68.6155,109.4351,68.6155,0.0845,39.3953,0.9452,7.473999,2.733862,-2.8082,-0.0042,-0.1783,-1.9011
/kaggle/input/datasets/duc24kdl/sub-x-ray/sub_X-Ray/sub_NIH/00001574_000.png,,sub_NIH,00001574_000.png,ok,512x512 -> 1024x1024,2,1,4.79,46.537,1.443384,1.201409,0.9886,0.9986,0.0394,6.9445,39.7984,6.811395,2.609865,0.978,0.9966,0.1508,0.1508,0.1508,8.4393,162.1904,58.2617,162.1904,58.2617,0.1205,39.7984,0.978,6.811395,2.609865,-6.7385,-0.002,-0.1115,-1.4948
/kaggle/input/datasets/duc24kdl/sub-x-ray/sub_X-Ray/sub_NIH/00001577_000.png,,sub_NIH,00001577_000.png,ok,512x512 -> 1024x1024,2,1,4.77,44.9446,2.082673,1.443147,0.9794,0.9978,0.091,7.1761,41.3492,4.766122,2.183145,0.9699,0.9953,0.2782,0.2782,0.2782,8.7847,101.9958,41.5345,101.9958,41.5345,0.0688,41.3492,0.9699,4.766122,2.183145,-3.5954,-0.0025,-0.1872,-1.6086
/kaggle/input/datasets/duc24kdl/sub-x-ray/sub_X-Ray/sub_NIH/00001578_000.png,,sub_NIH,00001578_000.png,ok,512x512 -> 1024x1024,2,1,4.77,41.4751,4.629864,2.151712,0.9621,0.9966,0.1341,6.3803,38.8626,8.449336,2.906774,0.9419,0.9918,0.3079,0.3079,0.3079,7.8345,133.7757,68.6921,133.7757,68.6921,0.1926,38.8626,0.9419,8.449336,2.906774,-2.6125,-0.0048,-0.1739,-1.4542
/kaggle/input/datasets/duc24kdl/sub-x-ray/sub_X-Ray/sub_NIH/00001581_000.png,,sub_NIH,00001581_000.png,ok,512x512 -> 1024x1024,2,1,4.77,41.925,4.174297,2.04311,0.9839,0.9982,0.064,6.882,39.1044,7.991777,2.826973,0.9711,0.9953,0.2135,0.2135,0.2135,8.1854,176.2851,41.7653,176.2851,41.7653,-0.1685,39.1044,0.9711,7.991777,2.826973,-2.8206,-0.0029,-0.1495,-1.3034
/kaggle/input/datasets/duc24kdl/sub-x-ray/sub_X-Ray/sub_NIH/00001581_001.png,,sub_NIH,00001581_001.png,ok,512x512 -> 1024x1024,2,1,4.78,36.5884,14.264056,3.776778,0.9848,0.9982,0.069,6.2458,35.351,18.966044,4.355002,0.9741,0.9957,0.2094,0.2094,0.2094,7.4803,179.1948,49.2398,179.1948,49.2398,0.1558,35.351,0.9741,18.966044,4.355002,-1.2373,-0.0025,-0.1404,-1.2345
/kaggle/input/datasets/duc24kdl/sub-x-ray/sub_X-Ray/sub_NIH/00001582_000.png,,sub_NIH,00001582_000.png,ok,512x512 -> 1024x1024,2,1,4.79,39.1098,7.981848,2.825217,0.9845,0.9982,0.0723,7.5706,36.8643,13.385958,3.658683,0.9734,0.996,0.2288,0.2288,0.2288,8.4233,134.552,51.856,134.552,51.856,0.1597,36.8643,0.9734,13.385958,3.658683,-2.2455,-0.0022,-0.1565,-0.8527
/kaggle/input/datasets/duc24kdl/sub-x-ray/sub_X-Ray/sub_NIH/00001582_010.png,,sub_NIH,00001582_010.png,ok,512x512 -> 1024x1024,2,1,4.79,38.7445,8.682293,2.946573,0.9841,0.9982,0.0754,7.0088,35.9973,16.343778,4.042744,0.9706,0.9955,0.2203,0.2203,0.2203,7.2601,143.636,39.7404,143.636,39.7404,0.1609,35.9973,0.9706,16.343778,4.042744,-2.7472,-0.0027,-0.1449,-0.2513
/kaggle/input/datasets/duc24kdl/sub-x-ray/sub_X-Ray/sub_NIH/00001582_019.png,,sub_NIH,00001582_019.png,ok,512x512 -> 1024x1024,2,1,4.88,41.7582,4.337673,2.082708,0.9656,0.9969,0.1209,6.4874,38.2534,9.721661,3.117958,0.9457,0.9924,0.2904,0.2904,0.2904,7.4798,96.7443,65.886,96.7443,65.886,0.1139,38.2534,0.9457,9.721661,3.117958,-3.5048,-0.0045,-0.1695,-0.9924
/kaggle/input/datasets/duc24kdl/sub-x-ray/sub_X-Ray/sub_NIH/00001582_020.png,,sub_NIH,00001582_020.png,ok,512x512 -> 1024x1024,2,1,4.83,42.6784,3.509425,1.873346,0.9705,0.9972,0.1159,6.8603,39.1019,7.996356,2.827783,0.9542,0.9933,0.299,0.299,0.299,7.7405,97.6127,55.4775,97.6127,55.4775,0.132,39.1019,0.9542,7.996356,2.827783,-3.5766,-0.0039,-0.1831,-0.8802
/kaggle/input/datasets/duc24kdl/sub-x-ray/sub_X-Ray/sub_NIH/00001583_002.png,,sub_NIH,00001583_002.png,ok,512x512 -> 1024x1024,2,1,4.77,37.3846,11.874745,3.445975,0.9841,0.9982,0.0735,7.2975,34.7504,21.779035,4.666801,0.9723,0.9953,0.2395,0.2395,0.2395,7.6442,113.1693,52.5687,113.1693,52.5687,0.1959,34.7504,0.9723,21.779035,4.666801,-2.6341,-0.0029,-0.166,-0.3467
/kaggle/input/datasets/duc24kdl/sub-x-ray/sub_X-Ray/sub_NIH/00001583_011.png,,sub_NIH,00001583_011.png,ok,512x512 -> 1024x1024,2,1,4.79,38.3016,9.614464,3.10072,0.9671,0.9969,0.1278,6.4468,35.6895,17.544036,4.18856,0.9497,0.9928,0.308,0.308,0.308,7.7088,98.2548,57.9101,98.2548,57.9101,0.1809,35.6895,0.9497,17.544036,4.18856,-2.612,-0.0041,-0.1802,-1.262
/kaggle/input/datasets/duc24kdl/sub-x-ray/sub_X-Ray/sub_NIH/00001584_002.png,,sub_NIH,00001584_002.png,ok,512x512 -> 1024x1024,2,1,4.87,43.4507,2.937697,1.713971,0.9776,0.9977,0.0886,6.6872,39.7483,6.890531,2.624982,0.957,0.9929,0.2594,0.2594,0.2594,7.6464,152.7458,49.4415,152.7458,49.4415,0.3304,39.7483,0.957,6.890531,2.624982,-3.7025,-0.0048,-0.1708,-0.9593
/kaggle/input/datasets/duc24kdl/sub-x-ray/sub_X-Ray/sub_NIH/00001587_000.png,,sub_NIH,00001587_000.png,ok,512x512 -> 1024x1024,2,1,4.84,41.9525,4.147936,2.036648,0.9646,0.9968,0.1301,6.6011,37.9952,10.317111,3.212026,0.9435,0.992,0.3174,0.3174,0.3174,7.9554,120.8795,61.8137,120.8795,61.8137,0.0911,37.9952,0.9435,10.317111,3.212026,-3.9573,-0.0048,-0.1873,-1.3543
/kaggle/input/datasets/duc24kdl/sub-x-ray/sub_X-Ray/sub_NIH/00001589_001.png,,sub_NIH,00001589_001.png,ok,512x512 -> 1024x1024,2,1,4.84,41.6289,4.468843,2.113964,0.9799,0.9978,0.0776,6.5197,37.5786,11.355835,3.369842,0.9638,0.9938,0.2499,0.2499,0.2499,7.8477,170.4102,46.8837,170.4102,46.8837,0.142,37.5786,0.9638,11.355835,3.369842,-4.0502,-0.004,-0.1723,-1.3281
/kaggle/input/datasets/duc24kdl/sub-x-ray/sub_X-Ray/sub_NIH/00001599_000.png,,sub_NIH,00001599_000.png,ok,512x512 -> 1024x1024,2,1,4.77,37.1447,12.549023,3.54246,0.981,0.998,0.0754,6.6768,35.401,18.749091,4.330022,0.967,0.9949,0.2197,0.2197,0.2197,7.2726,166.4705,59.439,166.4705,59.439,-0.047,35.401,0.967,18.749091,4.330022,-1.7437,-0.0031,-0.1442,-0.5959
/kaggle/input/datasets/duc24kdl/sub-x-ray/sub_X-Ray/sub_NIH/00001600_001.png,,sub_NIH,00001600_001.png,ok,512x512 -> 1024x1024,2,1,4.79,38.4049,9.388428,3.064054,0.9836,0.9981,0.0801,7.3031,35.0654,20.255328,4.500592,0.9739,0.9958,0.2594,0.2594,0.2594,7.9662,144.9274,43.5506,144.9274,43.5506,0.2356,35.0654,0.9739,20.255328,4.500592,-3.3395,-0.0023,-0.1793,-0.663
/kaggle/input/datasets/duc24kdl/sub-x-ray/sub_X-Ray/sub_NIH/00001601_002.png,,sub_NIH,00001601_002.png,ok,512x512 -> 1024x1024,2,1,4.8,45.352,1.89618,1.377019,0.9808,0.9978,0.0784,7.6475,42.3511,3.784134,1.945285,0.9707,0.9952,0.2493,0.2493,0.2493,7.8748,105.7425,39.098,105.7425,39.098,0.1061,42.3511,0.9707,3.784134,1.945285,-3.0009,-0.0027,-0.1709,-0.2273
/kaggle/input/datasets/duc24kdl/sub-x-ray/sub_X-Ray/sub_NIH/00001601_006.png,,sub_NIH,00001601_006.png,ok,512x512 -> 1024x1024,2,1,4.77,37.3736,11.904705,3.45032,0.9833,0.998,0.0866,7.317,34.5425,22.846891,4.779842,0.9749,0.9956,0.2662,0.2662,0.2662,7.6833,115.8747,43.4573,115.8747,43.4573,0.1592,34.5425,0.9749,22.846891,4.779842,-2.8311,-0.0024,-0.1795,-0.3663
/kaggle/input/datasets/duc24kdl/sub-x-ray/sub_X-Ray/sub_NIH/00001601_011.png,,sub_NIH,00001601_011.png,ok,512x512 -> 1024x1024,2,1,4.77,36.1418,15.808824,3.976031,0.9777,0.9975,0.0897,6.6087,32.3792,37.597616,6.13169,0.9615,0.9932,0.2822,0.2822,0.2822,7.1324,114.0479,46.1723,114.0479,46.1723,0.2109,32.3792,0.9615,37.597616,6.13169,-3.7626,-0.0043,-0.1925,-0.5237
/kaggle/input/datasets/duc24kdl/sub-x-ray/sub_X-Ray/sub_NIH/00001603_001.png,,sub_NIH,00001603_001.png,ok,512x512 -> 1024x1024,2,1,4.8,42.5349,3.627361,1.904563,0.9633,0.9967,0.1363,6.5645,39.1072,7.986582,2.826054,0.9437,0.9921,0.311,0.311,0.311,7.6307,123.2649,64.8551,123.2649,64.8551,0.0915,39.1072,0.9437,7.986582,2.826054,-3.4277,-0.0046,-0.1747,-1.0662
/kaggle/input/datasets/duc24kdl/sub-x-ray/sub_X-Ray/sub_NIH/00001606_002.png,,sub_NIH,00001606_002.png,ok,512x512 -> 1024x1024,2,1,4.85,44.8511,2.127973,1.458757,0.9781,0.9976,0.0885,7.4278,42.0924,4.016477,2.004115,0.9675,0.9947,0.2668,0.2668,0.2668,7.7293,111.0085,30.7508,111.0085,30.7508,0.0887,42.0924,0.9675,4.016477,2.004115,-2.7588,-0.0029,-0.1784,-0.3015
/kaggle/input/datasets/duc24kdl/sub-x-ray/sub_X-Ray/sub_NIH/00001613_003.png,,sub_NIH,00001613_003.png,ok,512x512 -> 1024x1024,2,1,4.78,38.6648,8.84299,2.973717,0.987,0.9984,0.0596,7.9924,35.8535,16.894091,4.110242,0.9807,0.9968,0.1974,0.1974,0.1974,8.2415,112.3013,64.1107,112.3013,64.1107,0.1402,35.8535,0.9807,16.894091,4.110242,-2.8114,-0.0016,-0.1378,-0.2491
/kaggle/input/datasets/duc24kdl/sub-x-ray/sub_X-Ray/sub_NIH/00001615_001.png,,sub_NIH,00001615_001.png,ok,512x512 -> 1024x1024,2,1,4.8,35.1935,19.666732,4.434719,0.9863,0.9981,0.0623,6.9765,32.5449,36.190087,6.01582,0.9783,0.9956,0.2019,0.2019,0.2019,8.0983,156.6149,48.0635,156.6149,48.0635,0.1837,32.5449,0.9783,36.190087,6.01582,-2.6486,-0.0025,-0.1396,-1.1218
/kaggle/input/datasets/duc24kdl/sub-x-ray/sub_X-Ray/sub_NIH/00001615_003.png,,sub_NIH,00001615_003.png,ok,512x512 -> 1024x1024,2,1,4.79,42.0321,4.072543,2.018054,0.962,0.9966,0.134,6.3777,39.5076,7.283241,2.698748,0.9419,0.9919,0.3279,0.3279,0.3279,7.6344,116.158,69.2215,116.158,69.2215,0.1145,39.5076,0.9419,7.283241,2.698748,-2.5246,-0.0047,-0.1939,-1.2568
/kaggle/input/datasets/duc24kdl/sub-x-ray/sub_X-Ray/sub_NIH/00001616_002.png,,sub_NIH,00001616_002.png,ok,512x512 -> 1024x1024,2,1,4.83,35.2263,19.518801,4.418009,0.9691,0.9968,0.1288,6.4655,31.772,43.239926,6.575707,0.9504,0.9916,0.3426,0.3426,0.3426,7.265,127.944,48.0553,127.944,48.0553,0.2136,31.772,0.9504,43.239926,6.575707,-3.4543,-0.0052,-0.2139,-0.7995
/kaggle/input/datasets/duc24kdl/sub-x-ray/sub_X-Ray/sub_NIH/00001616_010.png,,sub_NIH,00001616_010.png,ok,512x512 -> 1024x1024,2,1,4.78,40.808,5.398561,2.32348,0.9577,0.9963,0.1568,6.8868,38.6367,8.900317,2.98334,0.9392,0.9918,0.351,0.351,0.351,7.9894,136.4497,73.3929,136.4497,73.3929,0.137,38.6367,0.9392,8.900317,2.98334,-2.1713,-0.0045,-0.1942,-1.1025
/kaggle/input/datasets/duc24kdl/sub-x-ray/sub_X-Ray/sub_NIH/00001616_012.png,,sub_NIH,00001616_012.png,ok,512x512 -> 1024x1024,2,1,4.8,39.18,7.853758,2.802456,0.9841,0.9982,0.0675,7.0926,36.1595,15.744726,3.967962,0.9731,0.9957,0.1938,0.1938,0.1938,7.9375,167.8697,67.6424,167.8697,67.6424,0.284,36.1595,0.9731,15.744726,3.967962,-3.0206,-0.0025,-0.1263,-0.8449
/kaggle/input/datasets/duc24kdl/sub-x-ray/sub_X-Ray/sub_NIH/00001618_001.png,,sub_NIH,00001618_001.png,ok,512x512 -> 1024x1024,2,1,4.78,45.7924,1.713347,1.308949,0.9856,0.9983,0.065,7.1112,41.5248,4.577253,2.139451,0.9734,0.9955,0.2173,0.2173,0.2173,7.9151,166.6348,44.5439,166.6348,44.5439,0.1221,41.5248,0.9734,4.577253,2.139451,-4.2676,-0.0028,-0.1523,-0.8039
/kaggle/input/datasets/duc24kdl/sub-x-ray/sub_X-Ray/sub_NIH/00001619_000.png,,sub_NIH,00001619_000.png,ok,512x512 -> 1024x1024,2,1,4.79,40.0794,6.384657,2.526788,0.9539,0.9959,0.1698,6.8548,37.6728,11.112126,3.333486,0.9336,0.9908,0.3796,0.3796,0.3796,8.2572,139.9936,63.5371,139.9936,63.5371,0.1468,37.6728,0.9336,11.112126,3.333486,-2.4066,-0.0051,-0.2099,-1.4024
/kaggle/input/datasets/duc24kdl/sub-x-ray/sub_X-Ray/sub_NIH/00001622_000.png,,sub_NIH,00001622_000.png,ok,512x512 -> 1024x1024,2,1,4.79,46.5237,1.447805,1.203248,0.9841,0.9981,0.0688,7.0996,42.6846,3.504436,1.872014,0.971,0.995,0.2353,0.2353,0.2353,8.1157,169.5851,37.9476,169.5851,37.9476,0.1811,42.6846,0.971,3.504436,1.872014,-3.8391,-0.0032,-0.1664,-1.0161
/kaggle/input/datasets/duc24kdl/sub-x-ray/sub_X-Ray/sub_NIH/00001622_001.png,,sub_NIH,00001622_001.png,ok,512x512 -> 1024x1024,2,1,4.78,45.6281,1.779375,1.333932,0.9812,0.9979,0.0828,6.7735,41.2834,4.838865,2.199742,0.9633,0.9938,0.2698,0.2698,0.2698,7.9132,162.239,43.1254,162.239,43.1254,0.1147,41.2834,0.9633,4.838865,2.199742,-4.3448,-0.0041,-0.187,-1.1396
/kaggle/input/datasets/duc24kdl/sub-x-ray/sub_X-Ray/sub_NIH/00001626_000.png,,sub_NIH,00001626_000.png,ok,512x512 -> 1024x1024,2,1,4.8,49.6162,0.710336,0.842814,0.9896,0.9985,0.0358,9.1653,46.4612,1.468808,1.211944,0.9872,0.9978,0.1375,0.1375,0.1375,8.9123,172.0081,26.9676,172.0081,26.9676,0.0736,46.4612,0.9872,1.468808,1.211944,-3.155,-0.0007,-0.1017,0.2531
/kaggle/input/datasets/duc24kdl/sub-x-ray/sub_X-Ray/sub_NIH/00001629_001.png,,sub_NIH,00001629_001.png,ok,512x512 -> 1024x1024,2,1,4.78,36.5205,14.488596,3.806389,0.9856,0.9983,0.0754,9.1608,33.8512,26.788937,5.175803,0.9809,0.9969,0.246,0.246,0.246,10.1021,117.967,62.379,117.967,62.379,0.1843,33.8512,0.9809,26.788937,5.175803,-2.6693,-0.0014,-0.1707,-0.9412
/kaggle/input/datasets/duc24kdl/sub-x-ray/sub_X-Ray/sub_NIH/00001629_003.png,,sub_NIH,00001629_003.png,ok,512x512 -> 1024x1024,2,1,4.8,34.2715,24.317995,4.931328,0.9814,0.9978,0.0852,7.6694,32.1358,39.764881,6.30594,0.9759,0.9957,0.2509,0.2509,0.2509,8.6716,165.9345,40.051,165.9345,40.051,0.2169,32.1358,0.9759,39.764881,6.30594,-2.1357,-0.0022,-0.1658,-1.0021
/kaggle/input/datasets/duc24kdl/sub-x-ray/sub_X-Ray/sub_NIH/00001629_006.png,,sub_NIH,00001629_006.png,ok,512x512 -> 1024x1024,2,1,4.79,41.4596,4.646451,2.155563,0.9545,0.996,0.1731,7.0022,39.4251,7.42287,2.724494,0.9376,0.9916,0.3833,0.3833,0.3833,8.1336,138.4884,74.5602,138.4884,74.5602,0.1133,39.4251,0.9376,7.42287,2.724494,-2.0345,-0.0044,-0.2102,-1.1315
/kaggle/input/datasets/duc24kdl/sub-x-ray/sub_X-Ray/sub_NIH/00001629_009.png,,sub_NIH,00001629_009.png,ok,512x512 -> 1024x1024,2,1,4.8,37.6842,11.083171,3.32914,0.9809,0.998,0.0981,8.1725,34.9789,20.662786,4.545634,0.9745,0.9961,0.2867,0.2867,0.2867,8.8554,114.7063,57.9916,114.7063,57.9916,0.1873,34.9789,0.9745,20.662786,4.545634,-2.7052,-0.0019,-0.1886,-0.6828
/kaggle/input/datasets/duc24kdl/sub-x-ray/sub_X-Ray/sub_NIH/00001634_010.png,,sub_NIH,00001634_010.png,ok,512x512 -> 1024x1024,2,1,4.77,39.48,7.329595,2.707322,0.9546,0.9959,0.1739,6.789,37.4166,11.787334,3.433269,0.9344,0.9909,0.4003,0.4003,0.4003,8.0997,132.3019,65.0958,132.3019,65.0958,0.162,37.4166,0.9344,11.787334,3.433269,-2.0634,-0.005,-0.2265,-1.3107
/kaggle/input/datasets/duc24kdl/sub-x-ray/sub_X-Ray/sub_NIH/00001637_002.png,,sub_NIH,00001637_002.png,ok,512x512 -> 1024x1024,2,1,4.78,37.7482,10.920845,3.30467,0.9746,0.9975,0.1005,6.8325,35.5051,18.305218,4.27846,0.9559,0.9932,0.2767,0.2767,0.2767,7.5912,127.0179,53.8665,127.0179,53.8665,0.0728,35.5051,0.9559,18.305218,4.27846,-2.2432,-0.0043,-0.1763,-0.7587
/kaggle/input/datasets/duc24kdl/sub-x-ray/sub_X-Ray/sub_NIH/00001637_006.png,,sub_NIH,00001637_006.png,ok,512x512 -> 1024x1024,2,1,4.8,37.4826,11.609725,3.407305,0.9855,0.9985,0.0648,5.1875,34.6556,22.259926,4.718043,0.9743,0.9958,0.1479,0.1479,0.1479,7.2529,57.0773,64.2203,57.0773,64.2203,0.1945,34.6556,0.9743,22.259926,4.718043,-2.827,-0.0027,-0.0831,-2.0654
/kaggle/input/datasets/duc24kdl/sub-x-ray/sub_X-Ray/sub_NIH/00001637_008.png,,sub_NIH,00001637_008.png,ok,512x512 -> 1024x1024,2,1,4.86,42.1367,3.975676,1.99391,0.9633,0.9966,0.1286,6.7606,38.6652,8.842275,2.973596,0.9433,0.9919,0.3055,0.3055,0.3055,8.1969,88.6283,59.968,88.6283,59.968,0.1273,38.6652,0.9433,8.842275,2.973596,-3.4715,-0.0047,-0.1769,-1.4363
/kaggle/input/datasets/duc24kdl/sub-x-ray/sub_X-Ray/sub_NIH/00001637_010.png,,sub_NIH,00001637_010.png,ok,512x512 -> 1024x1024,2,1,4.8,40.9035,5.281232,2.298093,0.9606,0.9963,0.1366,6.3983,37.6748,11.107077,3.332728,0.9381,0.9911,0.3195,0.3195,0.3195,8.2557,102.6271,60.03,102.6271,60.03,0.1098,37.6748,0.9381,11.107077,3.332728,-3.2286,-0.0053,-0.1829,-1.8575
/kaggle/input/datasets/duc24kdl/sub-x-ray/sub_X-Ray/sub_NIH/00001637_011.png,,sub_NIH,00001637_011.png,ok,512x512 -> 1024x1024,2,1,4.77,35.2035,19.621547,4.429622,0.9843,0.9983,0.0725,6.8871,32.325,38.069581,6.170055,0.9717,0.9955,0.2007,0.2007,0.2007,8.1627,90.7022,68.3355,90.7022,68.3355,0.1742,32.325,0.9717,38.069581,6.170055,-2.8784,-0.0028,-0.1282,-1.2756
/kaggle/input/datasets/duc24kdl/sub-x-ray/sub_X-Ray/sub_NIH/00001641_000.png,,sub_NIH,00001641_000.png,ok,512x512 -> 1024x1024,2,1,4.84,36.0113,16.290917,4.036201,0.9723,0.9973,0.0988,6.096,32.463,36.879017,6.07281,0.9442,0.991,0.2858,0.2858,0.2858,7.0737,124.7179,54.1526,124.7179,54.1526,0.1955,32.463,0.9442,36.879017,6.07281,-3.5483,-0.0063,-0.187,-0.9777
/kaggle/input/datasets/duc24kdl/sub-x-ray/sub_X-Ray/sub_NIH/00001641_001.png,,sub_NIH,00001641_001.png,ok,512x512 -> 1024x1024,2,1,4.78,35.7898,17.143559,4.140478,0.9798,0.9979,0.077,6.264,32.6247,35.531433,5.960825,0.9584,0.9932,0.2193,0.2193,0.2193,6.9551,124.0526,71.0918,124.0526,71.0918,0.1967,32.6247,0.9584,35.531433,5.960825,-3.1651,-0.0047,-0.1424,-0.6911
/kaggle/input/datasets/duc24kdl/sub-x-ray/sub_X-Ray/sub_NIH/00001641_005.png,,sub_NIH,00001641_005.png,ok,512x512 -> 1024x1024,2,1,4.79,44.0781,2.542551,1.594538,0.9857,0.9983,0.0566,6.4177,39.1753,7.862371,2.803992,0.973,0.9956,0.1962,0.1962,0.1962,7.1457,146.9328,54.1333,146.9328,54.1333,0.167,39.1753,0.973,7.862371,2.803992,-4.9028,-0.0028,-0.1397,-0.7279
/kaggle/input/datasets/duc24kdl/sub-x-ray/sub_X-Ray/sub_NIH/00001641_006.png,,sub_NIH,00001641_006.png,ok,512x512 -> 1024x1024,2,1,4.78,38.0823,10.112197,3.179968,0.9832,0.9982,0.0656,6.855,35.9362,16.575105,4.071253,0.9711,0.9957,0.184,0.184,0.184,7.5468,145.4367,72.7558,145.4367,72.7558,0.1628,35.9362,0.9711,16.575105,4.071253,-2.1461,-0.0025,-0.1184,-0.6918
/kaggle/input/datasets/duc24kdl/sub-x-ray/sub_X-Ray/sub_NIH/00001642_000.png,,sub_NIH,00001642_000.png,ok,512x512 -> 1024x1024,2,1,4.84,37.3498,11.970095,3.459783,0.984,0.9981,0.067,6.3665,35.2064,19.608457,4.428144,0.9699,0.9949,0.2015,0.2015,0.2015,7.5613,179.3525,50.7668,179.3525,50.7668,0.426,35.2064,0.9699,19.608457,4.428144,-2.1435,-0.0032,-0.1345,-1.1948
/kaggle/input/datasets/duc24kdl/sub-x-ray/sub_X-Ray/sub_NIH/00001649_001.png,,sub_NIH,00001649_001.png,ok,512x512 -> 1024x1024,2,1,4.79,35.4136,18.694807,4.323749,0.9748,0.9974,0.1093,6.8542,31.5413,45.598973,6.752701,0.9581,0.9932,0.2864,0.2864,0.2864,7.925,143.4233,56.7413,143.4233,56.7413,0.2711,31.5413,0.9581,45.598973,6.752701,-3.8723,-0.0042,-0.1771,-1.0708
/kaggle/input/datasets/duc24kdl/sub-x-ray/sub_X-Ray/sub_NIH/00001649_002.png,,sub_NIH,00001649_002.png,ok,512x512 -> 1024x1024,2,1,4.8,44.5957,2.256915,1.502303,0.9757,0.9975,0.094,7.1347,41.6337,4.463835,2.112779,0.9619,0.9938,0.2767,0.2767,0.2767,7.6463,107.277,35.8691,107.277,35.8691,0.0767,41.6337,0.9619,4.463835,2.112779,-2.9619,-0.0037,-0.1828,-0.5116
/kaggle/input/datasets/duc24kdl/sub-x-ray/sub_X-Ray/sub_NIH/00001650_000.png,,sub_NIH,00001650_000.png,ok,512x512 -> 1024x1024,2,1,4.8,36.86,13.399207,3.660493,0.9888,0.9985,0.0556,7.4898,35.8371,16.957851,4.117991,0.9846,0.9973,0.1935,0.1935,0.1935,8.6361,177.7552,32.547,177.7552,32.547,0.2113,35.8371,0.9846,16.957851,4.117991,-1.0229,-0.0012,-0.1379,-1.1462
/kaggle/input/datasets/duc24kdl/sub-x-ray/sub_X-Ray/sub_NIH/00001650_002.png,,sub_NIH,00001650_002.png,ok,512x512 -> 1024x1024,2,1,4.82,39.5315,7.243212,2.691322,0.9867,0.9983,0.0771,8.1727,37.8944,10.559456,3.249532,0.9821,0.9971,0.2616,0.2616,0.2616,8.3128,118.7899,39.1378,118.7899,39.1378,0.1561,37.8944,0.9821,10.559456,3.249532,-1.6371,-0.0012,-0.1845,-0.1402
/kaggle/input/datasets/duc24kdl/sub-x-ray/sub_X-Ray/sub_NIH/00001650_009.png,,sub_NIH,00001650_009.png,ok,512x512 -> 1024x1024,2,1,4.79,42.0985,4.010748,2.002685,0.9615,0.9965,0.1414,6.6679,39.4959,7.302791,2.702368,0.9426,0.9919,0.3243,0.3243,0.3243,8.1542,113.6066,65.098,113.6066,65.098,0.1115,39.4959,0.9426,7.302791,2.702368,-2.6026,-0.0046,-0.1828,-1.4862
/kaggle/input/datasets/duc24kdl/sub-x-ray/sub_X-Ray/sub_NIH/00001660_000.png,,sub_NIH,00001660_000.png,ok,512x512 -> 1024x1024,2,1,4.79,42.0427,4.062705,2.015615,0.9826,0.9981,0.0605,6.4957,38.5424,9.095827,3.015929,0.967,0.9946,0.2085,0.2085,0.2085,7.8869,169.2706,49.922,169.2706,49.922,-0.1084,38.5424,0.967,9.095827,3.015929,-3.5003,-0.0035,-0.1479,-1.3912
/kaggle/input/datasets/duc24kdl/sub-x-ray/sub_X-Ray/sub_NIH/00001664_000.png,,sub_NIH,00001664_000.png,ok,512x512 -> 1024x1024,2,1,4.78,37.3059,12.091834,3.477331,0.985,0.9983,0.0603,6.5484,35.9334,16.586104,4.072604,0.9726,0.9954,0.1928,0.1928,0.1928,7.8182,172.6757,51.5282,172.6757,51.5282,0.1493,35.9334,0.9726,16.586104,4.072604,-1.3725,-0.0029,-0.1325,-1.2698
/kaggle/input/datasets/duc24kdl/sub-x-ray/sub_X-Ray/sub_NIH/00001665_000.png,,sub_NIH,00001665_000.png,ok,512x512 -> 1024x1024,2,1,5.19,38.4865,9.213687,3.035406,0.985,0.9983,0.0635,6.9351,36.9884,13.008928,3.606789,0.9748,0.9958,0.2053,0.2053,0.2053,7.4903,162.1286,50.755,162.1286,50.755,0.1428,36.9884,0.9748,13.008928,3.606789,-1.4981,-0.0024,-0.1419,-0.5553
/kaggle/input/datasets/duc24kdl/sub-x-ray/sub_X-Ray/sub_NIH/00001668_000.png,,sub_NIH,00001668_000.png,ok,512x512 -> 1024x1024,2,1,4.78,42.3231,3.808662,1.951579,0.9624,0.9966,0.1366,6.4848,39.6285,7.083225,2.661433,0.9451,0.9924,0.3141,0.3141,0.3141,8.2864,117.9666,66.3292,117.9666,66.3292,0.101,39.6285,0.9451,7.083225,2.661433,-2.6946,-0.0042,-0.1775,-1.8015
/kaggle/input/datasets/duc24kdl/sub-x-ray/sub_X-Ray/sub_NIH/00001671_000.png,,sub_NIH,00001671_000.png,ok,512x512 -> 1024x1024,2,1,4.81,44.5874,2.261208,1.503731,0.9764,0.9975,0.0924,6.9744,41.0897,5.059566,2.249348,0.9632,0.9941,0.2765,0.2765,0.2765,8.0218,108.1484,34.9642,108.1484,34.9642,0.0666,41.0897,0.9632,5.059566,2.249348,-3.4977,-0.0035,-0.1841,-1.0473
/kaggle/input/datasets/duc24kdl/sub-x-ray/sub_X-Ray/sub_NIH/00001672_000.png,,sub_NIH,00001672_000.png,ok,512x512 -> 1024x1024,2,1,4.78,42.0359,4.069022,2.017182,0.9682,0.9972,0.1152,6.2783,39.4024,7.461692,2.73161,0.95,0.9932,0.2781,0.2781,0.2781,7.8506,96.258,71.0157,96.258,71.0157,0.1261,39.4024,0.95,7.461692,2.73161,-2.6335,-0.004,-0.1629,-1.5723
/kaggle/input/datasets/duc24kdl/sub-x-ray/sub_X-Ray/sub_NIH/00001673_013.png,,sub_NIH,00001673_013.png,ok,512x512 -> 1024x1024,2,1,4.77,39.0338,8.122634,2.850024,0.9834,0.9981,0.0844,7.837,36.698,13.908609,3.729425,0.9772,0.9964,0.2512,0.2512,0.2512,8.1007,116.1439,58.4435,116.1439,58.4435,0.1362,36.698,0.9772,13.908609,3.729425,-2.3359,-0.0017,-0.1668,-0.2637
/kaggle/input/datasets/duc24kdl/sub-x-ray/sub_X-Ray/sub_NIH/00001673_014.png,,sub_NIH,00001673_014.png,ok,512x512 -> 1024x1024,2,1,4.82,42.9902,3.266328,1.807299,0.9691,0.9973,0.1121,5.8562,40.36,5.985224,2.446472,0.9526,0.9936,0.2609,0.2609,0.2609,8.0543,88.8499,74.1002,88.8499,74.1002,0.1053,40.36,0.9526,5.985224,2.446472,-2.6302,-0.0037,-0.1487,-2.1981
/kaggle/input/datasets/duc24kdl/sub-x-ray/sub_X-Ray/sub_NIH/00001673_015.png,,sub_NIH,00001673_015.png,ok,512x512 -> 1024x1024,2,1,4.78,36.7464,13.754504,3.708706,0.9748,0.9974,0.0928,5.9243,33.5163,28.936465,5.379262,0.9556,0.9929,0.2475,0.2475,0.2475,7.6328,109.3382,59.3966,109.3382,59.3966,0.1839,33.5163,0.9556,28.936465,5.379262,-3.23,-0.0045,-0.1547,-1.7085
/kaggle/input/datasets/duc24kdl/sub-x-ray/sub_X-Ray/sub_NIH/00001673_017.png,,sub_NIH,00001673_017.png,ok,512x512 -> 1024x1024,2,1,4.78,36.3257,15.153306,3.892725,0.9747,0.9974,0.0978,6.1132,32.7113,34.8301,5.901703,0.9562,0.993,0.2687,0.2687,0.2687,7.2971,120.0858,56.0491,120.0858,56.0491,0.2059,32.7113,0.9562,34.8301,5.901703,-3.6145,-0.0044,-0.171,-1.1839
/kaggle/input/datasets/duc24kdl/sub-x-ray/sub_X-Ray/sub_NIH/00001674_001.png,,sub_NIH,00001674_001.png,ok,512x512 -> 1024x1024,2,1,4.8,38.3691,9.466035,3.076692,0.9836,0.9982,0.0624,6.5432,36.705,13.886253,3.726426,0.9704,0.9952,0.1831,0.1831,0.1831,7.4323,157.3338,61.4663,157.3338,61.4663,0.3846,36.705,0.9704,13.886253,3.726426,-1.6642,-0.003,-0.1207,-0.8891
/kaggle/input/datasets/duc24kdl/sub-x-ray/sub_X-Ray/sub_NIH/00001675_000.png,,sub_NIH,00001675_000.png,ok,512x512 -> 1024x1024,2,1,4.77,47.4556,1.168217,1.080841,0.9869,0.9984,0.0551,7.1917,43.0891,3.1928,1.786841,0.9759,0.9959,0.1966,0.1966,0.1966,8.0582,169.8559,47.3647,169.8559,47.3647,0.1624,43.0891,0.9759,3.1928,1.786841,-4.3665,-0.0025,-0.1416,-0.8665
/kaggle/input/datasets/duc24kdl/sub-x-ray/sub_X-Ray/sub_NIH/00001679_000.png,,sub_NIH,00001679_000.png,ok,512x512 -> 1024x1024,2,1,4.79,40.7686,5.447758,2.334043,0.9629,0.9967,0.1323,6.413,38.0022,10.300518,3.209442,0.9425,0.9921,0.3058,0.3058,0.3058,7.7616,116.0973,72.043,116.0973,72.043,0.1348,38.0022,0.9425,10.300518,3.209442,-2.7664,-0.0046,-0.1735,-1.3486
/kaggle/input/datasets/duc24kdl/sub-x-ray/sub_X-Ray/sub_NIH/00001680_000.png,,sub_NIH,00001680_000.png,ok,512x512 -> 1024x1024,2,1,4.78,36.898,13.282452,3.64451,0.9774,0.9978,0.0913,5.938,34.1629,24.934011,4.993397,0.9594,0.994,0.2109,0.2109,0.2109,9.198,102.165,68.0381,102.165,68.0381,0.1206,34.1629,0.9594,24.934011,4.993397,-2.7351,-0.0038,-0.1196,-3.2601
/kaggle/input/datasets/duc24kdl/sub-x-ray/sub_X-Ray/sub_NIH/00001684_002.png,,sub_NIH,00001684_002.png,ok,512x512 -> 1024x1024,2,1,4.78,37.6741,11.108906,3.333002,0.9862,0.9983,0.0679,7.4761,36.3599,15.034544,3.87744,0.9806,0.997,0.2053,0.2053,0.2053,8.0497,152.8517,50.2321,152.8517,50.2321,0.1414,36.3599,0.9806,15.034544,3.87744,-1.3142,-0.0014,-0.1373,-0.5736
/kaggle/input/datasets/duc24kdl/sub-x-ray/sub_X-Ray/sub_NIH/00001684_017.png,,sub_NIH,00001684_017.png,ok,512x512 -> 1024x1024,2,1,4.81,36.1797,15.67147,3.958721,0.9859,0.9983,0.0732,6.8222,34.9456,20.821879,4.5631,0.9774,0.9965,0.226,0.226,0.226,7.5014,161.2723,49.9409,161.2723,49.9409,0.1615,34.9456,0.9774,20.821879,4.5631,-1.2341,-0.0019,-0.1528,-0.6792
/kaggle/input/datasets/duc24kdl/sub-x-ray/sub_X-Ray/sub_NIH/00001684_027.png,,sub_NIH,00001684_027.png,ok,512x512 -> 1024x1024,2,1,4.77,38.7031,8.765358,2.960635,0.9826,0.9981,0.0825,7.0925,36.7355,13.788793,3.713326,0.9711,0.9954,0.2287,0.2287,0.2287,7.749,128.3055,59.7319,128.3055,59.7319,0.1371,36.7355,0.9711,13.788793,3.713326,-1.9676,-0.0027,-0.1462,-0.6566
/kaggle/input/datasets/duc24kdl/sub-x-ray/sub_X-Ray/sub_NIH/00001685_000.png,,sub_NIH,00001685_000.png,ok,512x512 -> 1024x1024,2,1,4.79,36.5778,14.298747,3.781368,0.9774,0.9976,0.0953,6.4987,32.8147,34.010253,5.831831,0.9585,0.9931,0.2804,0.2804,0.2804,7.5402,117.4938,51.4366,117.4938,51.4366,0.2011,32.8147,0.9585,34.010253,5.831831,-3.7631,-0.0045,-0.1851,-1.0416
/kaggle/input/datasets/duc24kdl/sub-x-ray/sub_X-Ray/sub_NIH/00001688_000.png,,sub_NIH,00001688_000.png,ok,512x512 -> 1024x1024,2,1,4.81,37.8767,10.602467,3.256143,0.9852,0.9982,0.0615,6.521,36.3454,15.084684,3.883901,0.9724,0.9954,0.1955,0.1955,0.1955,7.338,165.6356,56.9391,165.6356,56.9391,0.3115,36.3454,0.9724,15.084684,3.883901,-1.5313,-0.0028,-0.134,-0.8171
/kaggle/input/datasets/duc24kdl/sub-x-ray/sub_X-Ray/sub_NIH/00001690_002.png,,sub_NIH,00001690_002.png,ok,512x512 -> 1024x1024,2,1,4.83,36.2351,15.472839,3.933553,0.9802,0.9977,0.0938,7.1518,33.1827,31.247231,5.589922,0.9702,0.9946,0.2857,0.2857,0.2857,7.3965,116.687,46.7438,116.687,46.7438,0.2126,33.1827,0.9702,31.247231,5.589922,-3.0524,-0.0031,-0.1919,-0.2447
/kaggle/input/datasets/duc24kdl/sub-x-ray/sub_X-Ray/sub_NIH/00001692_000.png,,sub_NIH,00001692_000.png,ok,512x512 -> 1024x1024,2,1,4.8,44.2582,2.439294,1.561824,0.9732,0.9972,0.0997,7.4347,40.8681,5.324416,2.30747,0.9571,0.9929,0.2771,0.2771,0.2771,7.894,102.2568,41.7305,102.2568,41.7305,0.0788,40.8681,0.9571,5.324416,2.30747,-3.3901,-0.0043,-0.1774,-0.4593
/kaggle/input/datasets/duc24kdl/sub-x-ray/sub_X-Ray/sub_NIH/00001697_004.png,,sub_NIH,00001697_004.png,ok,512x512 -> 1024x1024,2,1,4.77,38.1445,9.968567,3.157304,0.9866,0.9983,0.0632,8.8599,36.8636,13.388246,3.658995,0.9839,0.9975,0.2134,0.2134,0.2134,9.2035,157.2834,38.5725,157.2834,38.5725,0.2151,36.8636,0.9839,13.388246,3.658995,-1.2809,-0.0008,-0.1502,-0.3435
/kaggle/input/datasets/duc24kdl/sub-x-ray/sub_X-Ray/sub_NIH/00001697_006.png,,sub_NIH,00001697_006.png,ok,512x512 -> 1024x1024,2,1,4.78,37.4438,11.713938,3.422563,0.9901,0.9986,0.0514,8.6965,36.3369,15.11452,3.88774,0.9887,0.9981,0.1844,0.1844,0.1844,8.6231,162.5509,35.1578,162.5509,35.1578,0.2004,36.3369,0.9887,15.11452,3.88774,-1.1069,-0.0005,-0.133,0.0734
/kaggle/input/datasets/duc24kdl/sub-x-ray/sub_X-Ray/sub_NIH/00001697_013.png,,sub_NIH,00001697_013.png,ok,512x512 -> 1024x1024,2,1,4.78,38.0264,10.243202,3.2005,0.9862,0.9983,0.0661,8.1019,36.6334,14.116902,3.757247,0.9818,0.9971,0.2197,0.2197,0.2197,8.8858,163.3363,38.4803,163.3363,38.4803,0.1702,36.6334,0.9818,14.116902,3.757247,-1.393,-0.0012,-0.1536,-0.784
/kaggle/input/datasets/duc24kdl/sub-x-ray/sub_X-Ray/sub_NIH/00001697_015.png,,sub_NIH,00001697_015.png,ok,512x512 -> 1024x1024,2,1,4.79,39.3496,7.552947,2.748263,0.9877,0.9985,0.0722,8.3866,37.8984,10.549719,3.248033,0.9841,0.9974,0.2405,0.2405,0.2405,8.9038,112.2063,51.8689,112.2063,51.8689,0.1522,37.8984,0.9841,10.549719,3.248033,-1.4512,-0.0011,-0.1683,-0.5172
/kaggle/input/datasets/duc24kdl/sub-x-ray/sub_X-Ray/sub_NIH/00001697_016.png,,sub_NIH,00001697_016.png,ok,512x512 -> 1024x1024,2,1,4.83,39.4881,7.315901,2.704792,0.9859,0.9983,0.0843,8.5138,38.0719,10.13661,3.183804,0.982,0.9971,0.2678,0.2678,0.2678,8.5739,112.1799,48.7909,112.1799,48.7909,0.1692,38.0719,0.982,10.13661,3.183804,-1.4162,-0.0012,-0.1835,-0.06
/kaggle/input/datasets/duc24kdl/sub-x-ray/sub_X-Ray/sub_NIH/00001698_001.png,,sub_NIH,00001698_001.png,ok,512x512 -> 1024x1024,2,1,4.82,49.0441,0.81034,0.900189,0.9879,0.9984,0.0498,7.9918,46.4381,1.476627,1.215165,0.9836,0.9972,0.1711,0.1711,0.1711,8.6093,113.2313,28.6577,113.2313,28.6577,0.0572,46.4381,0.9836,1.476627,1.215165,-2.606,-0.0012,-0.1214,-0.6175
/kaggle/input/datasets/duc24kdl/sub-x-ray/sub_X-Ray/sub_NIH/00001698_011.png,,sub_NIH,00001698_011.png,ok,512x512 -> 1024x1024,2,1,4.77,35.5323,18.190663,4.265051,0.9844,0.9981,0.0706,6.8735,31.7856,43.103841,6.565352,0.9754,0.9954,0.2321,0.2321,0.2321,8.0504,119.1417,53.7655,119.1417,53.7655,0.2689,31.7856,0.9754,43.103841,6.565352,-3.7467,-0.0027,-0.1615,-1.1768
/kaggle/input/datasets/duc24kdl/sub-x-ray/sub_X-Ray/sub_NIH/00001698_012.png,,sub_NIH,00001698_012.png,ok,512x512 -> 1024x1024,2,1,4.78,34.6275,22.404243,4.733312,0.9767,0.9976,0.1064,6.6639,32.3848,37.549165,6.127737,0.9622,0.994,0.2707,0.2707,0.2707,8.057,143.834,67.6338,143.834,67.6338,0.1958,32.3848,0.9622,37.549165,6.127737,-2.2427,-0.0036,-0.1643,-1.393
/kaggle/input/datasets/duc24kdl/sub-x-ray/sub_X-Ray/sub_NIH/00001698_017.png,,sub_NIH,00001698_017.png,ok,512x512 -> 1024x1024,2,1,4.8,41.8615,4.235798,2.058105,0.9617,0.9965,0.1477,7.0444,39.7098,6.951929,2.636651,0.9455,0.9923,0.3261,0.3261,0.3261,8.4152,133.6121,70.8571,133.6121,70.8571,0.2101,39.7098,0.9455,6.951929,2.636651,-2.1517,-0.0042,-0.1784,-1.3707
/kaggle/input/datasets/duc24kdl/sub-x-ray/sub_X-Ray/sub_NIH/00001698_019.png,,sub_NIH,00001698_019.png,ok,512x512 -> 1024x1024,2,1,4.77,42.3142,3.81646,1.953576,0.9616,0.9965,0.1466,6.706,40.0416,6.440485,2.537811,0.9456,0.9925,0.3272,0.3272,0.3272,8.9852,133.6072,73.1077,133.6072,73.1077,0.104,40.0416,0.9456,6.440485,2.537811,-2.2726,-0.0041,-0.1806,-2.2792
/kaggle/input/datasets/duc24kdl/sub-x-ray/sub_X-Ray/sub_NIH/00001700_002.png,,sub_NIH,00001700_002.png,ok,512x512 -> 1024x1024,2,1,4.77,36.9196,13.216678,3.635475,0.9847,0.9982,0.071,9.767,35.1034,20.079016,4.480961,0.9811,0.9969,0.2271,0.2271,0.2271,9.1864,140.866,52.5342,140.866,52.5342,0.2014,35.1034,0.9811,20.079016,4.480961,-1.8162,-0.0013,-0.1561,0.5806
/kaggle/input/datasets/duc24kdl/sub-x-ray/sub_X-Ray/sub_NIH/00001700_005.png,,sub_NIH,00001700_005.png,ok,512x512 -> 1024x1024,2,1,4.77,41.7043,4.391922,2.095691,0.9616,0.9965,0.147,6.805,39.253,7.722841,2.779,0.9443,0.9922,0.3394,0.3394,0.3394,8.4895,154.8408,62.6405,154.8408,62.6405,0.1259,39.253,0.9443,7.722841,2.779,-2.4512,-0.0043,-0.1924,-1.6845
/kaggle/input/datasets/duc24kdl/sub-x-ray/sub_X-Ray/sub_NIH/00001700_006.png,,sub_NIH,00001700_006.png,ok,512x512 -> 1024x1024,2,1,4.78,36.264,15.370292,3.920496,0.9633,0.9965,0.1478,6.6789,33.9078,26.442557,5.142233,0.9448,0.9917,0.3427,0.3427,0.3427,7.9194,138.5658,76.6223,138.5658,76.6223,0.1842,33.9078,0.9448,26.442557,5.142233,-2.3562,-0.0048,-0.1949,-1.2405
/kaggle/input/datasets/duc24kdl/sub-x-ray/sub_X-Ray/sub_NIH/00001702_000.png,,sub_NIH,00001702_000.png,ok,512x512 -> 1024x1024,2,1,4.82,44.9765,2.067434,1.437857,0.9809,0.9979,0.0684,6.2037,40.5169,5.772847,2.402675,0.9641,0.994,0.2252,0.2252,0.2252,7.7252,150.2363,54.7205,150.2363,54.7205,0.144,40.5169,0.9641,5.772847,2.402675,-4.4596,-0.0039,-0.1568,-1.5215
/kaggle/input/datasets/duc24kdl/sub-x-ray/sub_X-Ray/sub_NIH/00001706_000.png,,sub_NIH,00001706_000.png,ok,512x512 -> 1024x1024,2,1,4.85,36.9845,13.020483,3.608391,0.9793,0.9979,0.0773,6.8513,34.9971,20.576599,4.536144,0.9637,0.9944,0.2112,0.2112,0.2112,7.8663,155.3449,61.7096,155.3449,61.7096,0.1783,34.9971,0.9637,20.576599,4.536144,-1.9875,-0.0035,-0.1338,-1.0149
/kaggle/input/datasets/duc24kdl/sub-x-ray/sub_X-Ray/sub_NIH/00001710_000.png,,sub_NIH,00001710_000.png,ok,512x512 -> 1024x1024,2,1,4.77,46.7695,1.368133,1.169672,0.9895,0.9986,0.0501,7.739,41.951,4.149309,2.036985,0.9813,0.9967,0.2068,0.2068,0.2068,8.5357,165.3233,47.3007,165.3233,47.3007,0.158,41.951,0.9813,4.149309,2.036985,-4.8185,-0.0019,-0.1566,-0.7967
/kaggle/input/datasets/duc24kdl/sub-x-ray/sub_X-Ray/sub_NIH/00001713_000.png,,sub_NIH,00001713_000.png,ok,512x512 -> 1024x1024,2,1,4.79,42.452,3.697305,1.922838,0.9617,0.9966,0.1457,7.104,39.7959,6.815349,2.610622,0.9449,0.9925,0.3471,0.3471,0.3471,8.4518,130.3085,62.8403,130.3085,62.8403,0.0989,39.7959,0.9449,6.815349,2.610622,-2.656,-0.0041,-0.2014,-1.3478
/kaggle/input/datasets/duc24kdl/sub-x-ray/sub_X-Ray/sub_NIH/00001718_005.png,,sub_NIH,00001718_005.png,ok,512x512 -> 1024x1024,2,1,4.88,37.9267,10.48111,3.237454,0.9846,0.9982,0.0638,6.6493,36.4723,14.650524,3.8276,0.9735,0.9956,0.2139,0.2139,0.2139,7.7282,171.4287,46.974,171.4287,46.974,0.1478,36.4723,0.9735,14.650524,3.8276,-1.4545,-0.0027,-0.1501,-1.0789
/kaggle/input/datasets/duc24kdl/sub-x-ray/sub_X-Ray/sub_NIH/00001718_010.png,,sub_NIH,00001718_010.png,ok,512x512 -> 1024x1024,2,1,4.77,41.5095,4.593307,2.1432,0.9632,0.9967,0.1249,6.1441,38.2889,9.642543,3.105244,0.9403,0.9917,0.2899,0.2899,0.2899,7.8951,96.2756,67.1324,96.2756,67.1324,0.112,38.2889,0.9403,9.642543,3.105244,-3.2207,-0.0051,-0.165,-1.7509
/kaggle/input/datasets/duc24kdl/sub-x-ray/sub_X-Ray/sub_NIH/00001719_010.png,,sub_NIH,00001719_010.png,ok,512x512 -> 1024x1024,2,1,4.8,36.8912,13.303477,3.647393,0.9808,0.9978,0.0839,6.4055,33.5741,28.554527,5.343644,0.9694,0.9943,0.2653,0.2653,0.2653,7.8408,139.1858,45.5038,139.1858,45.5038,0.1723,33.5741,0.9694,28.554527,5.343644,-3.3171,-0.0034,-0.1814,-1.4353
/kaggle/input/datasets/duc24kdl/sub-x-ray/sub_X-Ray/sub_NIH/00001721_000.png,,sub_NIH,00001721_000.png,ok,512x512 -> 1024x1024,2,1,4.79,43.0967,3.187184,1.785269,0.9668,0.997,0.117,6.6351,40.056,6.419206,2.533615,0.95,0.993,0.2723,0.2723,0.2723,7.5527,112.5721,77.1856,112.5721,77.1856,0.0891,40.056,0.95,6.419206,2.533615,-3.0407,-0.004,-0.1553,-0.9175
/kaggle/input/datasets/duc24kdl/sub-x-ray/sub_X-Ray/sub_NIH/00001722_000.png,,sub_NIH,00001722_000.png,ok,512x512 -> 1024x1024,2,1,4.8,44.8251,2.140789,1.463144,0.981,0.9978,0.0706,6.6985,41.0908,5.058203,2.249045,0.9676,0.9943,0.2291,0.2291,0.2291,8.3065,152.0992,56.4856,152.0992,56.4856,0.1915,41.0908,0.9676,5.058203,2.249045,-3.7342,-0.0035,-0.1584,-1.608
/kaggle/input/datasets/duc24kdl/sub-x-ray/sub_X-Ray/sub_NIH/00001723_002.png,,sub_NIH,00001723_002.png,ok,512x512 -> 1024x1024,2,1,4.79,37.3167,12.061734,3.473001,0.9815,0.9981,0.0732,6.5668,35.7096,17.463026,4.178879,0.9673,0.9949,0.2144,0.2144,0.2144,7.4649,155.9478,67.7273,155.9478,67.7273,0.0666,35.7096,0.9673,17.463026,4.178879,-1.6071,-0.0032,-0.1413,-0.8981
/kaggle/input/datasets/duc24kdl/sub-x-ray/sub_X-Ray/sub_NIH/00001723_004.png,,sub_NIH,00001723_004.png,ok,512x512 -> 1024x1024,2,1,4.81,40.9252,5.254819,2.292339,0.9671,0.997,0.1227,5.9266,37.4735,11.633922,3.410854,0.948,0.9926,0.2883,0.2883,0.2883,7.6356,124.5333,70.1415,124.5333,70.1415,0.1191,37.4735,0.948,11.633922,3.410854,-3.4517,-0.0044,-0.1656,-1.709
/kaggle/input/datasets/duc24kdl/sub-x-ray/sub_X-Ray/sub_NIH/00001724_005.png,,sub_NIH,00001724_005.png,ok,512x512 -> 1024x1024,2,1,4.78,36.9063,13.257162,3.641039,0.9819,0.9982,0.0714,6.3182,35.0554,20.302254,4.505802,0.9693,0.9954,0.1909,0.1909,0.1909,7.5984,144.0572,74.004,144.0572,74.004,0.0888,35.0554,0.9693,20.302254,4.505802,-1.8509,-0.0027,-0.1195,-1.2802
/kaggle/input/datasets/duc24kdl/sub-x-ray/sub_X-Ray/sub_NIH/00001724_009.png,,sub_NIH,00001724_009.png,ok,512x512 -> 1024x1024,2,1,4.78,42.9624,3.287327,1.813099,0.9683,0.9971,0.1193,6.37,39.9372,6.597207,2.568503,0.9519,0.9934,0.2835,0.2835,0.2835,8.2249,119.4019,65.8232,119.4019,65.8232,0.0909,39.9372,0.9519,6.597207,2.568503,-3.0252,-0.0037,-0.1641,-1.8549
/kaggle/input/datasets/duc24kdl/sub-x-ray/sub_X-Ray/sub_NIH/00001726_000.png,,sub_NIH,00001726_000.png,ok,512x512 -> 1024x1024,2,1,4.81,37.4971,11.570945,3.401609,0.9848,0.9982,0.0661,6.3631,36.0367,16.196074,4.024435,0.971,0.9952,0.1976,0.1976,0.1976,7.2445,165.822,57.9842,165.822,57.9842,0.3464,36.0367,0.971,16.196074,4.024435,-1.4604,-0.0031,-0.1315,-0.8814
/kaggle/input/datasets/duc24kdl/sub-x-ray/sub_X-Ray/sub_NIH/00001727_000.png,,sub_NIH,00001727_000.png,ok,512x512 -> 1024x1024,2,1,4.79,45.5826,1.798108,1.340936,0.9865,0.9984,0.0535,7.1041,40.8212,5.382246,2.319967,0.9755,0.9958,0.1948,0.1948,0.1948,7.9743,150.1223,54.5867,150.1223,54.5867,0.1539,40.8212,0.9755,5.382246,2.319967,-4.7615,-0.0025,-0.1413,-0.8701
/kaggle/input/datasets/duc24kdl/sub-x-ray/sub_X-Ray/sub_NIH/00001728_000.png,,sub_NIH,00001728_000.png,ok,512x512 -> 1024x1024,2,1,4.79,38.5352,9.110985,3.018441,0.9839,0.9982,0.0637,6.3429,36.5696,14.325906,3.784958,0.9702,0.995,0.2103,0.2103,0.2103,7.648,154.895,60.4457,154.895,60.4457,0.1355,36.5696,0.9702,14.325906,3.784958,-1.9656,-0.0031,-0.1466,-1.3051
/kaggle/input/datasets/duc24kdl/sub-x-ray/sub_X-Ray/sub_NIH/00001730_000.png,,sub_NIH,00001730_000.png,ok,512x512 -> 1024x1024,2,1,4.78,45.6637,1.764871,1.328484,0.9773,0.9976,0.0919,7.1344,42.8503,3.373257,1.836643,0.9652,0.9943,0.2722,0.2722,0.2722,7.9935,109.3345,33.5077,109.3345,33.5077,0.0649,42.8503,0.9652,3.373257,1.836643,-2.8134,-0.0033,-0.1803,-0.8591
/kaggle/input/datasets/duc24kdl/sub-x-ray/sub_X-Ray/sub_NIH/00001730_004.png,,sub_NIH,00001730_004.png,ok,512x512 -> 1024x1024,2,1,4.78,41.503,4.600235,2.144816,0.9604,0.9964,0.1499,6.3915,38.7977,8.576551,2.928575,0.9412,0.9918,0.333,0.333,0.333,8.0074,135.0427,67.2406,135.0427,67.2406,0.1149,38.7977,0.9412,8.576551,2.928575,-2.7053,-0.0046,-0.183,-1.6159
/kaggle/input/datasets/duc24kdl/sub-x-ray/sub_X-Ray/sub_NIH/00001731_000.png,,sub_NIH,00001731_000.png,ok,512x512 -> 1024x1024,2,1,4.78,42.2757,3.850479,1.962264,0.9624,0.9967,0.14,6.8324,39.2812,7.672987,2.770016,0.9446,0.9924,0.3259,0.3259,0.3259,8.2225,140.2845,63.3393,140.2845,63.3393,0.0915,39.2812,0.9446,7.672987,2.770016,-2.9945,-0.0043,-0.1859,-1.3901
/kaggle/input/datasets/duc24kdl/sub-x-ray/sub_X-Ray/sub_NIH/00001736_007.png,,sub_NIH,00001736_007.png,ok,512x512 -> 1024x1024,2,1,4.76,36.2886,15.283359,3.909394,0.9857,0.9981,0.0649,7.5341,33.5538,28.688314,5.356147,0.981,0.9963,0.2099,0.2099,0.2099,8.7282,124.2981,52.2322,124.2981,52.2322,0.1885,33.5538,0.981,28.688314,5.356147,-2.7349,-0.0019,-0.1451,-1.1942
/kaggle/input/datasets/duc24kdl/sub-x-ray/sub_X-Ray/sub_NIH/00001736_011.png,,sub_NIH,00001736_011.png,ok,512x512 -> 1024x1024,2,1,4.78,35.6116,17.861508,4.226288,0.98,0.9978,0.093,7.0781,33.4946,29.081714,5.392746,0.9735,0.9955,0.2628,0.2628,0.2628,8.2485,130.0528,46.3697,130.0528,46.3697,0.1868,33.4946,0.9735,29.081714,5.392746,-2.117,-0.0023,-0.1698,-1.1704
/kaggle/input/datasets/duc24kdl/sub-x-ray/sub_X-Ray/sub_NIH/00001736_016.png,,sub_NIH,00001736_016.png,ok,512x512 -> 1024x1024,2,1,4.8,37.9775,10.359409,3.218604,0.984,0.9981,0.0778,10.4598,35.8096,17.065406,4.13103,0.9808,0.9968,0.2456,0.2456,0.2456,10.8334,123.4455,44.9243,123.4455,44.9243,0.1951,35.8096,0.9808,17.065406,4.13103,-2.1678,-0.0013,-0.1678,-0.3736
/kaggle/input/datasets/duc24kdl/sub-x-ray/sub_X-Ray/sub_NIH/00001736_022.png,,sub_NIH,00001736_022.png,ok,512x512 -> 1024x1024,2,1,4.78,36.0391,16.187079,4.023317,0.9866,0.9982,0.0661,8.6219,33.6805,27.862978,5.278539,0.9826,0.9967,0.223,0.223,0.223,9.2456,114.4425,59.289,114.4425,59.289,0.1845,33.6805,0.9826,27.862978,5.278539,-2.3586,-0.0015,-0.1569,-0.6238
/kaggle/input/datasets/duc24kdl/sub-x-ray/sub_X-Ray/sub_NIH/00001736_024.png,,sub_NIH,00001736_024.png,ok,512x512 -> 1024x1024,2,1,4.81,37.2788,12.167572,3.488205,0.9859,0.9983,0.0708,8.3748,34.7841,21.610977,4.648761,0.9815,0.997,0.2344,0.2344,0.2344,8.7417,118.0569,59.9658,118.0569,59.9658,0.168,34.7841,0.9815,21.610977,4.648761,-2.4947,-0.0013,-0.1636,-0.3669
/kaggle/input/datasets/duc24kdl/sub-x-ray/sub_X-Ray/sub_NIH/00001737_001.png,,sub_NIH,00001737_001.png,ok,512x512 -> 1024x1024,2,1,4.79,35.9789,16.41313,4.051312,0.9759,0.9974,0.0851,5.8162,32.9065,33.29861,5.770495,0.953,0.992,0.2341,0.2341,0.2341,6.9595,118.905,63.6862,118.905,63.6862,0.2305,32.9065,0.953,33.29861,5.770495,-3.0723,-0.0055,-0.149,-1.1432
/kaggle/input/datasets/duc24kdl/sub-x-ray/sub_X-Ray/sub_NIH/00001738_000.png,,sub_NIH,00001738_000.png,ok,512x512 -> 1024x1024,2,1,4.78,35.481,18.406988,4.290337,0.972,0.9973,0.1191,6.6289,32.0712,40.360954,6.353027,0.9536,0.9928,0.3049,0.3049,0.3049,7.7672,140.1852,69.8959,140.1852,69.8959,0.2346,32.0712,0.9536,40.360954,6.353027,-3.4098,-0.0044,-0.1858,-1.1383
/kaggle/input/datasets/duc24kdl/sub-x-ray/sub_X-Ray/sub_NIH/00001738_004.png,,sub_NIH,00001738_004.png,ok,512x512 -> 1024x1024,2,1,4.77,45.7018,1.74944,1.322664,0.9859,0.9984,0.0584,6.6575,41.3,4.820415,2.195544,0.9736,0.9956,0.2049,0.2049,0.2049,7.7457,151.5756,53.8068,151.5756,53.8068,0.0989,41.3,0.9736,4.820415,2.195544,-4.4019,-0.0027,-0.1465,-1.0883
/kaggle/input/datasets/duc24kdl/sub-x-ray/sub_X-Ray/sub_NIH/00001741_001.png,,sub_NIH,00001741_001.png,ok,512x512 -> 1024x1024,2,1,4.79,38.2971,9.624235,3.102295,0.9839,0.9982,0.0627,6.5675,36.4317,14.78788,3.845501,0.9726,0.9956,0.1936,0.1936,0.1936,7.509,164.9095,58.6805,164.9095,58.6805,0.1633,36.4317,0.9726,14.78788,3.845501,-1.8654,-0.0026,-0.1309,-0.9414
/kaggle/input/datasets/duc24kdl/sub-x-ray/sub_X-Ray/sub_NIH/00001742_001.png,,sub_NIH,00001742_001.png,ok,512x512 -> 1024x1024,2,1,4.77,35.2153,19.568249,4.423601,0.9716,0.997,0.1264,6.8159,31.6876,44.087937,6.639875,0.9578,0.9927,0.3253,0.3253,0.3253,7.962,141.8637,49.771,141.8637,49.771,0.2674,31.6876,0.9578,44.087937,6.639875,-3.5277,-0.0043,-0.1989,-1.1461
/kaggle/input/datasets/duc24kdl/sub-x-ray/sub_X-Ray/sub_NIH/00001744_000.png,,sub_NIH,00001744_000.png,ok,512x512 -> 1024x1024,2,1,4.79,43.7381,2.749595,1.65819,0.9828,0.9981,0.0575,6.416,39.1448,7.917688,2.813839,0.9652,0.9942,0.1984,0.1984,0.1984,7.7087,158.1724,60.0601,158.1724,60.0601,0.0435,39.1448,0.9652,7.917688,2.813839,-4.5933,-0.0039,-0.1408,-1.2927
/kaggle/input/datasets/duc24kdl/sub-x-ray/sub_X-Ray/sub_NIH/00001747_001.png,,sub_NIH,00001747_001.png,ok,512x512 -> 1024x1024,2,1,4.78,41.4229,4.685904,2.164695,0.9648,0.9968,0.1375,6.3864,38.3225,9.568251,3.093259,0.9454,0.9922,0.3252,0.3252,0.3252,8.2173,127.392,62.2606,127.392,62.2606,0.1203,38.3225,0.9454,9.568251,3.093259,-3.1004,-0.0046,-0.1877,-1.8309
/kaggle/input/datasets/duc24kdl/sub-x-ray/sub_X-Ray/sub_NIH/00001748_002.png,,sub_NIH,00001748_002.png,ok,512x512 -> 1024x1024,2,1,4.81,46.1683,1.571254,1.253497,0.9845,0.9982,0.0656,7.1182,42.4161,3.727985,1.930799,0.9713,0.9951,0.2307,0.2307,0.2307,7.9722,168.9404,41.6932,168.9404,41.6932,0.0562,42.4161,0.9713,3.727985,1.930799,-3.7523,-0.0031,-0.1651,-0.854
/kaggle/input/datasets/duc24kdl/sub-x-ray/sub_X-Ray/sub_NIH/00001748_004.png,,sub_NIH,00001748_004.png,ok,512x512 -> 1024x1024,2,1,4.78,36.6947,13.919129,3.730835,0.9813,0.998,0.0748,6.4214,34.3689,23.778665,4.876337,0.9666,0.9947,0.2216,0.2216,0.2216,7.502,165.4894,54.2698,165.4894,54.2698,-0.0644,34.3689,0.9666,23.778665,4.876337,-2.3258,-0.0034,-0.1468,-1.0805
/kaggle/input/datasets/duc24kdl/sub-x-ray/sub_X-Ray/sub_NIH/00001748_007.png,,sub_NIH,00001748_007.png,ok,512x512 -> 1024x1024,2,1,4.8,35.2506,19.409573,4.40563,0.9831,0.9981,0.0643,6.3278,32.7797,34.285355,5.85537,0.9688,0.9948,0.205,0.205,0.205,7.3135,180.4582,50.5646,180.4582,50.5646,-0.0225,32.7797,0.9688,34.285355,5.85537,-2.4709,-0.0033,-0.1408,-0.9857
/kaggle/input/datasets/duc24kdl/sub-x-ray/sub_X-Ray/sub_NIH/00001756_003.png,,sub_NIH,00001756_003.png,ok,512x512 -> 1024x1024,2,1,4.77,45.2291,1.950616,1.396645,0.986,0.9983,0.0539,6.7119,41.4659,4.639725,2.154002,0.9747,0.9957,0.1919,0.1919,0.1919,7.9503,159.1897,52.0542,159.1897,52.0542,0.0116,41.4659,0.9747,4.639725,2.154002,-3.7632,-0.0026,-0.138,-1.2384
/kaggle/input/datasets/duc24kdl/sub-x-ray/sub_X-Ray/sub_NIH/00001756_007.png,,sub_NIH,00001756_007.png,ok,512x512 -> 1024x1024,2,1,4.77,37.5823,11.346199,3.368412,0.9836,0.9982,0.0602,6.4357,35.7127,17.450632,4.177395,0.971,0.9955,0.1852,0.1852,0.1852,7.4569,161.7771,64.407,161.7771,64.407,-0.059,35.7127,0.971,17.450632,4.177395,-1.8696,-0.0028,-0.1249,-1.0213
/kaggle/input/datasets/duc24kdl/sub-x-ray/sub_X-Ray/sub_NIH/00001756_012.png,,sub_NIH,00001756_012.png,ok,512x512 -> 1024x1024,2,1,4.78,43.3501,3.006564,1.733945,0.9727,0.9975,0.1019,6.2252,40.5123,5.778968,2.403948,0.958,0.9941,0.2574,0.2574,0.2574,8.051,102.2882,68.4616,102.2882,68.4616,0.1078,40.5123,0.958,5.778968,2.403948,-2.8378,-0.0034,-0.1555,-1.8258
/kaggle/input/datasets/duc24kdl/sub-x-ray/sub_X-Ray/sub_NIH/00001756_015.png,,sub_NIH,00001756_015.png,ok,512x512 -> 1024x1024,2,1,4.77,41.3913,4.720062,2.17257,0.9629,0.9966,0.1343,6.5485,38.5468,9.086497,3.014382,0.9438,0.9921,0.316,0.316,0.316,7.7513,118.9739,66.283,118.9739,66.283,0.1217,38.5468,0.9438,9.086497,3.014382,-2.8445,-0.0045,-0.1817,-1.2028
/kaggle/input/datasets/duc24kdl/sub-x-ray/sub_X-Ray/sub_NIH/00001758_000.png,,sub_NIH,00001758_000.png,ok,512x512 -> 1024x1024,2,1,4.77,45.8464,1.692175,1.300836,0.9859,0.9983,0.0626,6.9654,41.3319,4.785103,2.187488,0.9729,0.9954,0.2247,0.2247,0.2247,7.7918,162.8442,45.3927,162.8442,45.3927,0.1369,41.3319,0.9729,4.785103,2.187488,-4.5145,-0.003,-0.1622,-0.8264
/kaggle/input/datasets/duc24kdl/sub-x-ray/sub_X-Ray/sub_NIH/00001759_000.png,,sub_NIH,00001759_000.png,ok,512x512 -> 1024x1024,2,1,4.77,38.1187,10.027876,3.166682,0.9852,0.9985,0.0651,5.9121,34.63,22.391476,4.731963,0.9734,0.9962,0.1508,0.1508,0.1508,7.6671,104.9243,85.6535,104.9243,85.6535,0.248,34.63,0.9734,22.391476,4.731963,-3.4887,-0.0023,-0.0857,-1.755
/kaggle/input/datasets/duc24kdl/sub-x-ray/sub_X-Ray/sub_NIH/00001761_000.png,,sub_NIH,00001761_000.png,ok,512x512 -> 1024x1024,2,1,4.77,40.8326,5.368132,2.316923,0.9638,0.9968,0.131,6.3957,36.8288,13.495896,3.673676,0.9436,0.9923,0.3091,0.3091,0.3091,7.8111,118.4358,66.3359,118.4358,66.3359,0.0983,36.8288,0.9436,13.495896,3.673676,-4.0038,-0.0045,-0.1782,-1.4154
/kaggle/input/datasets/duc24kdl/sub-x-ray/sub_X-Ray/sub_NIH/00001762_003.png,,sub_NIH,00001762_003.png,ok,512x512 -> 1024x1024,2,1,4.77,42.6854,3.503815,1.871848,0.9653,0.9969,0.1256,6.3052,39.5536,7.206461,2.684485,0.9481,0.9929,0.288,0.288,0.288,8.167,115.176,74.62,115.176,74.62,0.072,39.5536,0.9481,7.206461,2.684485,-3.1318,-0.004,-0.1624,-1.8618
/kaggle/input/datasets/duc24kdl/sub-x-ray/sub_X-Ray/sub_NIH/00001768_000.png,,sub_NIH,00001768_000.png,ok,512x512 -> 1024x1024,2,1,4.78,37.1479,12.539921,3.541175,0.984,0.9983,0.0676,6.7866,35.7564,17.275908,4.15643,0.9716,0.9954,0.1991,0.1991,0.1991,7.976,152.9337,70.7812,152.9337,70.7812,0.2372,35.7564,0.9716,17.275908,4.15643,-1.3915,-0.0028,-0.1314,-1.1895
/kaggle/input/datasets/duc24kdl/sub-x-ray/sub_X-Ray/sub_NIH/00001770_000.png,,sub_NIH,00001770_000.png,ok,512x512 -> 1024x1024,2,1,4.8,45.7107,1.745876,1.321316,0.9815,0.998,0.0747,6.6554,40.803,5.404824,2.324828,0.963,0.9938,0.238,0.238,0.238,7.569,168.822,47.1435,168.822,47.1435,0.1121,40.803,0.963,5.404824,2.324828,-4.9077,-0.0042,-0.1633,-0.9135
/kaggle/input/datasets/duc24kdl/sub-x-ray/sub_X-Ray/sub_NIH/00001770_002.png,,sub_NIH,00001770_002.png,ok,512x512 -> 1024x1024,2,1,4.76,37.6844,11.082559,3.329048,0.9843,0.9983,0.0608,6.4898,35.71,17.461497,4.178696,0.9698,0.9951,0.1913,0.1913,0.1913,7.7523,165.3065,60.6899,165.3065,60.6899,0.1265,35.71,0.9698,17.461497,4.178696,-1.9744,-0.0031,-0.1306,-1.2625
/kaggle/input/datasets/duc24kdl/sub-x-ray/sub_X-Ray/sub_NIH/00001771_003.png,,sub_NIH,00001771_003.png,ok,512x512 -> 1024x1024,2,1,4.79,42.7935,3.417685,1.848698,0.9791,0.9977,0.0809,6.8277,38.8864,8.403141,2.898817,0.9658,0.9943,0.2354,0.2354,0.2354,7.7422,101.8456,38.9341,101.8456,38.9341,0.1506,38.8864,0.9658,8.403141,2.898817,-3.9071,-0.0034,-0.1545,-0.9144
/kaggle/input/datasets/duc24kdl/sub-x-ray/sub_X-Ray/sub_NIH/00001772_002.png,,sub_NIH,00001772_002.png,ok,512x512 -> 1024x1024,2,1,4.84,42.1391,3.973446,1.99335,0.9646,0.9968,0.1377,6.751,39.2405,7.745175,2.783015,0.9469,0.9927,0.3228,0.3228,0.3228,7.5538,120.317,65.7492,120.317,65.7492,0.1556,39.2405,0.9469,7.745175,2.783015,-2.8986,-0.0041,-0.1851,-0.8028
/kaggle/input/datasets/duc24kdl/sub-x-ray/sub_X-Ray/sub_NIH/00001772_006.png,,sub_NIH,00001772_006.png,ok,512x512 -> 1024x1024,2,1,4.8,41.6776,4.419012,2.102145,0.9577,0.9963,0.153,6.7022,39.3602,7.534578,2.744918,0.9372,0.9914,0.3449,0.3449,0.3449,8.0669,120.3204,68.4482,120.3204,68.4482,0.106,39.3602,0.9372,7.534578,2.744918,-2.3173,-0.0049,-0.1919,-1.3647
/kaggle/input/datasets/duc24kdl/sub-x-ray/sub_X-Ray/sub_NIH/00001772_009.png,,sub_NIH,00001772_009.png,ok,512x512 -> 1024x1024,2,1,4.77,42.2926,3.835514,1.958447,0.9731,0.9975,0.1059,6.7308,39.1899,7.835909,2.799269,0.9589,0.9942,0.2684,0.2684,0.2684,8.2054,127.5756,68.8802,127.5756,68.8802,0.1407,39.1899,0.9589,7.835909,2.799269,-3.1027,-0.0033,-0.1625,-1.4746
/kaggle/input/datasets/duc24kdl/sub-x-ray/sub_X-Ray/sub_NIH/00001774_000.png,,sub_NIH,00001774_000.png,ok,512x512 -> 1024x1024,2,1,4.79,45.2757,1.929806,1.389175,0.9762,0.9975,0.0953,6.7759,42.0295,4.07507,2.01868,0.9602,0.9934,0.2694,0.2694,0.2694,7.703,105.9441,37.4174,105.9441,37.4174,0.0964,42.0295,0.9602,4.07507,2.01868,-3.2462,-0.0041,-0.1741,-0.9271
/kaggle/input/datasets/duc24kdl/sub-x-ray/sub_X-Ray/sub_NIH/00001775_000.png,,sub_NIH,00001775_000.png,ok,512x512 -> 1024x1024,2,1,4.85,39.1894,7.836853,2.799438,0.9838,0.9982,0.0567,6.6083,37.5817,11.347698,3.368634,0.9711,0.9954,0.1866,0.1866,0.1866,7.4718,153.9031,67.8643,153.9031,67.8643,0.2678,37.5817,0.9711,11.347698,3.368634,-1.6077,-0.0028,-0.1299,-0.8634
/kaggle/input/datasets/duc24kdl/sub-x-ray/sub_X-Ray/sub_NIH/00001775_004.png,,sub_NIH,00001775_004.png,ok,512x512 -> 1024x1024,2,1,4.79,42.1091,4.001022,2.000255,0.9568,0.9961,0.1578,6.3157,39.4492,7.381761,2.71694,0.9337,0.9906,0.3512,0.3512,0.3512,8.0031,116.6908,72.2111,116.6908,72.2111,0.0716,39.4492,0.9337,7.381761,2.71694,-2.6599,-0.0055,-0.1933,-1.6874
/kaggle/input/datasets/duc24kdl/sub-x-ray/sub_X-Ray/sub_NIH/00001777_001.png,,sub_NIH,00001777_001.png,ok,512x512 -> 1024x1024,2,1,4.8,47.1483,1.253856,1.119757,0.9846,0.9982,0.0587,6.9953,42.7973,3.414709,1.847893,0.9731,0.9954,0.2107,0.2107,0.2107,8.2389,158.7562,48.5356,158.7562,48.5356,0.1175,42.7973,0.9731,3.414709,1.847893,-4.3511,-0.0028,-0.152,-1.2437
/kaggle/input/datasets/duc24kdl/sub-x-ray/sub_X-Ray/sub_NIH/00001777_003.png,,sub_NIH,00001777_003.png,ok,512x512 -> 1024x1024,2,1,4.77,37.7203,10.991276,3.315309,0.9824,0.9981,0.068,6.8002,35.972,16.43934,4.054546,0.9693,0.9952,0.2073,0.2073,0.2073,8.159,156.5938,65.5707,156.5938,65.5707,0.1663,35.972,0.9693,16.43934,4.054546,-1.7484,-0.0029,-0.1392,-1.3588
/kaggle/input/datasets/duc24kdl/sub-x-ray/sub_X-Ray/sub_NIH/00001779_000.png,,sub_NIH,00001779_000.png,ok,512x512 -> 1024x1024,2,1,4.79,37.4256,11.763006,3.429724,0.9855,0.9984,0.0653,6.5855,36.0315,16.21557,4.026856,0.9739,0.9957,0.2032,0.2032,0.2032,7.2487,172.9903,50.3214,172.9903,50.3214,0.1367,36.0315,0.9739,16.21557,4.026856,-1.3941,-0.0026,-0.1379,-0.6632
/kaggle/input/datasets/duc24kdl/sub-x-ray/sub_X-Ray/sub_NIH/00001780_000.png,,sub_NIH,00001780_000.png,ok,512x512 -> 1024x1024,2,1,4.78,46.3036,1.52308,1.234131,0.9846,0.9982,0.0679,7.1869,42.5599,3.606519,1.899084,0.9731,0.9954,0.236,0.236,0.236,8.2255,175.4605,32.5303,175.4605,32.5303,0.2181,42.5599,0.9731,3.606519,1.899084,-3.7437,-0.0028,-0.168,-1.0386
/kaggle/input/datasets/duc24kdl/sub-x-ray/sub_X-Ray/sub_NIH/00001782_000.png,,sub_NIH,00001782_000.png,ok,512x512 -> 1024x1024,2,1,4.77,44.7421,2.182071,1.477183,0.9862,0.9984,0.0493,6.8335,40.4188,5.904675,2.429954,0.9754,0.996,0.1764,0.1764,0.1764,7.6962,156.7362,58.5208,156.7362,58.5208,0.0491,40.4188,0.9754,5.904675,2.429954,-4.3233,-0.0023,-0.1271,-0.8627
/kaggle/input/datasets/duc24kdl/sub-x-ray/sub_X-Ray/sub_NIH/00001783_001.png,,sub_NIH,00001783_001.png,ok,512x512 -> 1024x1024,2,1,4.78,41.6116,4.486615,2.118163,0.964,0.9967,0.1297,6.6655,37.6608,11.142842,3.33809,0.9396,0.9912,0.3253,0.3253,0.3253,7.5644,105.1612,58.9763,105.1612,58.9763,0.1148,37.6608,0.9396,11.142842,3.33809,-3.9508,-0.0055,-0.1956,-0.8989
/kaggle/input/datasets/duc24kdl/sub-x-ray/sub_X-Ray/sub_NIH/00001787_000.png,,sub_NIH,00001787_000.png,ok,512x512 -> 1024x1024,2,1,4.86,38.1546,9.945352,3.153625,0.9778,0.9978,0.0858,6.6097,35.5495,18.118662,4.256602,0.9627,0.9944,0.2355,0.2355,0.2355,7.5186,136.1188,68.2427,136.1188,68.2427,-0.2218,35.5495,0.9627,18.118662,4.256602,-2.6051,-0.0034,-0.1497,-0.9089
/kaggle/input/datasets/duc24kdl/sub-x-ray/sub_X-Ray/sub_NIH/00001787_005.png,,sub_NIH,00001787_005.png,ok,512x512 -> 1024x1024,2,1,4.84,37.4823,11.6104,3.407404,0.9777,0.9975,0.105,7.3437,33.9846,25.979139,5.096973,0.9671,0.9944,0.3109,0.3109,0.3109,8.0488,114.6546,51.3543,114.6546,51.3543,0.2611,33.9846,0.9671,25.979139,5.096973,-3.4978,-0.0031,-0.2059,-0.7052
/kaggle/input/datasets/duc24kdl/sub-x-ray/sub_X-Ray/sub_NIH/00001787_007.png,,sub_NIH,00001787_007.png,ok,512x512 -> 1024x1024,2,1,4.79,36.3309,15.135248,3.890405,0.9692,0.9969,0.1301,6.9087,32.946,32.997135,5.744313,0.9541,0.9926,0.3428,0.3428,0.3428,8.1232,128.3748,57.2172,128.3748,57.2172,0.2144,32.946,0.9541,32.997135,5.744313,-3.3849,-0.0043,-0.2127,-1.2145
/kaggle/input/datasets/duc24kdl/sub-x-ray/sub_X-Ray/sub_NIH/00001787_013.png,,sub_NIH,00001787_013.png,ok,512x512 -> 1024x1024,2,1,4.79,33.8627,26.71859,5.169003,0.9864,0.9982,0.0626,7.575,31.3688,47.446439,6.888138,0.9803,0.9963,0.2004,0.2004,0.2004,8.7957,152.8243,54.9322,152.8243,54.9322,0.1726,31.3688,0.9803,47.446439,6.888138,-2.4939,-0.002,-0.1378,-1.2207
/kaggle/input/datasets/duc24kdl/sub-x-ray/sub_X-Ray/sub_NIH/00001787_014.png,,sub_NIH,00001787_014.png,ok,512x512 -> 1024x1024,2,1,4.81,35.9914,16.366064,4.045499,0.9881,0.9983,0.055,7.334,33.9043,26.4639,5.144308,0.9839,0.9967,0.1924,0.1924,0.1924,8.8954,148.1578,49.1254,148.1578,49.1254,0.1904,33.9043,0.9839,26.4639,5.144308,-2.0871,-0.0016,-0.1374,-1.5614
/kaggle/input/datasets/duc24kdl/sub-x-ray/sub_X-Ray/sub_NIH/00001788_003.png,,sub_NIH,00001788_003.png,ok,512x512 -> 1024x1024,2,1,4.78,39.2492,7.729599,2.780216,0.9754,0.9975,0.1172,8.3934,37.88,10.594504,3.25492,0.9677,0.9953,0.3048,0.3048,0.3048,8.9174,119.3372,62.5677,119.3372,62.5677,0.1405,37.88,0.9677,10.594504,3.25492,-1.3692,-0.0023,-0.1876,-0.524
/kaggle/input/datasets/duc24kdl/sub-x-ray/sub_X-Ray/sub_NIH/00001788_006.png,,sub_NIH,00001788_006.png,ok,512x512 -> 1024x1024,2,1,4.79,42.2645,3.860368,1.964782,0.9633,0.9967,0.1365,6.4909,39.6235,7.091318,2.662953,0.9466,0.9925,0.318,0.318,0.318,8.6462,141.7379,64.476,141.7379,64.476,0.1335,39.6235,0.9466,7.091318,2.662953,-2.641,-0.0041,-0.1815,-2.1554
/kaggle/input/datasets/duc24kdl/sub-x-ray/sub_X-Ray/sub_NIH/00001792_002.png,,sub_NIH,00001792_002.png,ok,512x512 -> 1024x1024,2,1,4.8,41.7762,4.319766,2.078405,0.9604,0.9964,0.1619,7.1547,39.6703,7.015294,2.64864,0.9441,0.9924,0.3675,0.3675,0.3675,8.1864,135.2385,65.8198,135.2385,65.8198,0.113,39.6703,0.9441,7.015294,2.64864,-2.1059,-0.0041,-0.2056,-1.0316
/kaggle/input/datasets/duc24kdl/sub-x-ray/sub_X-Ray/sub_NIH/00001796_005.png,,sub_NIH,00001796_005.png,ok,512x512 -> 1024x1024,2,1,4.79,34.116,25.204775,5.020436,0.988,0.9985,0.0487,6.636,32.6475,35.344914,5.945159,0.9794,0.9965,0.1521,0.1521,0.1521,7.4679,195.4205,51.6427,195.4205,51.6427,0.1981,32.6475,0.9794,35.344914,5.945159,-1.4684,-0.002,-0.1034,-0.8319
/kaggle/input/datasets/duc24kdl/sub-x-ray/sub_X-Ray/sub_NIH/00001796_008.png,,sub_NIH,00001796_008.png,ok,512x512 -> 1024x1024,2,1,4.8,36.748,13.749334,3.708009,0.9844,0.9982,0.0584,6.7095,35.433,18.611362,4.314089,0.9738,0.9958,0.1801,0.1801,0.1801,7.9591,162.8276,71.6437,162.8276,71.6437,0.2117,35.433,0.9738,18.611362,4.314089,-1.315,-0.0025,-0.1217,-1.2496
/kaggle/input/datasets/duc24kdl/sub-x-ray/sub_X-Ray/sub_NIH/00001799_000.png,,sub_NIH,00001799_000.png,ok,512x512 -> 1024x1024,2,1,4.99,37.7276,10.972789,3.31252,0.9846,0.9982,0.0637,6.7326,36.4885,14.595797,3.820445,0.9728,0.9955,0.1921,0.1921,0.1921,7.5122,160.8089,60.6046,160.8089,60.6046,0.3103,36.4885,0.9728,14.595797,3.820445,-1.2391,-0.0027,-0.1285,-0.7797
/kaggle/input/datasets/duc24kdl/sub-x-ray/sub_X-Ray/sub_NIH/00001800_000.png,,sub_NIH,00001800_000.png,ok,512x512 -> 1024x1024,2,1,4.8,36.9707,13.061879,3.614122,0.985,0.9982,0.0653,6.6869,35.7003,17.500692,4.183383,0.9746,0.9958,0.2189,0.2189,0.2189,8.5472,167.7085,55.7613,167.7085,55.7613,0.1595,35.7003,0.9746,17.500692,4.183383,-1.2705,-0.0025,-0.1536,-1.8603
/kaggle/input/datasets/duc24kdl/sub-x-ray/sub_X-Ray/sub_NIH/00001803_005.png,,sub_NIH,00001803_005.png,ok,512x512 -> 1024x1024,2,1,4.78,36.4527,14.716559,3.836217,0.9844,0.9981,0.0801,8.4208,33.932,26.295428,5.127907,0.9783,0.9961,0.2696,0.2696,0.2696,8.6861,111.7989,49.7759,111.7989,49.7759,0.1686,33.932,0.9783,26.295428,5.127907,-2.5207,-0.002,-0.1895,-0.2652
/kaggle/input/datasets/duc24kdl/sub-x-ray/sub_X-Ray/sub_NIH/00001803_006.png,,sub_NIH,00001803_006.png,ok,512x512 -> 1024x1024,2,1,4.81,40.5234,5.764168,2.400868,0.9535,0.9959,0.1622,6.7338,38.1901,9.864362,3.140758,0.9322,0.9907,0.3708,0.3708,0.3708,8.1341,126.4546,65.4057,126.4546,65.4057,0.1126,38.1901,0.9322,9.864362,3.140758,-2.3333,-0.0052,-0.2087,-1.4003
/kaggle/input/datasets/duc24kdl/sub-x-ray/sub_X-Ray/sub_NIH/00001804_000.png,,sub_NIH,00001804_000.png,ok,512x512 -> 1024x1024,2,1,4.84,43.7689,2.730196,1.65233,0.9885,0.9986,0.0393,6.995,39.0478,8.096521,2.845439,0.9787,0.9966,0.1435,0.1435,0.1435,7.608,170.6393,58.6519,170.6393,58.6519,0.3708,39.0478,0.9787,8.096521,2.845439,-4.721,-0.0019,-0.1042,-0.613
/kaggle/input/datasets/duc24kdl/sub-x-ray/sub_X-Ray/sub_NIH/00001806_004.png,,sub_NIH,00001806_004.png,ok,512x512 -> 1024x1024,2,1,4.78,42.6021,3.571658,1.889883,0.9637,0.9967,0.1425,6.8483,39.221,7.780067,2.789277,0.946,0.9924,0.3373,0.3373,0.3373,7.7959,141.1139,64.9579,141.1139,64.9579,0.082,39.221,0.946,7.780067,2.789277,-3.3811,-0.0043,-0.1948,-0.9475
/kaggle/input/datasets/duc24kdl/sub-x-ray/sub_X-Ray/sub_NIH/00001809_002.png,,sub_NIH,00001809_002.png,ok,512x512 -> 1024x1024,2,1,4.79,41.7668,4.329128,2.080656,0.9559,0.9961,0.1596,6.8264,38.6313,8.911576,2.985226,0.9356,0.9911,0.3713,0.3713,0.3713,7.7961,135.2395,63.4057,135.2395,63.4057,0.0836,38.6313,0.9356,8.911576,2.985226,-3.1355,-0.005,-0.2117,-0.9697
/kaggle/input/datasets/duc24kdl/sub-x-ray/sub_X-Ray/sub_NIH/00001809_003.png,,sub_NIH,00001809_003.png,ok,512x512 -> 1024x1024,2,1,4.84,40.7546,5.465345,2.337808,0.9506,0.9956,0.1665,6.5563,37.7877,10.82213,3.289701,0.9277,0.99,0.378,0.378,0.378,8.33,130.2728,67.763,130.2728,67.763,0.1003,37.7877,0.9277,10.82213,3.289701,-2.967,-0.0056,-0.2115,-1.7737
/kaggle/input/datasets/duc24kdl/sub-x-ray/sub_X-Ray/sub_NIH/00001809_005.png,,sub_NIH,00001809_005.png,ok,512x512 -> 1024x1024,2,1,4.77,40.324,6.035061,2.456636,0.9549,0.996,0.1523,6.2534,37.9345,10.462333,3.234553,0.9332,0.9908,0.3485,0.3485,0.3485,8.7671,116.4865,69.3839,116.4865,69.3839,0.1495,37.9345,0.9332,10.462333,3.234553,-2.3895,-0.0052,-0.1962,-2.5137
/kaggle/input/datasets/duc24kdl/sub-x-ray/sub_X-Ray/sub_NIH/00001814_004.png,,sub_NIH,00001814_004.png,ok,512x512 -> 1024x1024,2,1,4.78,39.4101,7.448584,2.729209,0.9872,0.9985,0.0636,7.0186,37.0503,12.824922,3.58119,0.9796,0.9969,0.1723,0.1723,0.1723,7.7687,112.5261,76.5438,112.5261,76.5438,0.1947,37.0503,0.9796,12.824922,3.58119,-2.3598,-0.0016,-0.1087,-0.7501
/kaggle/input/datasets/duc24kdl/sub-x-ray/sub_X-Ray/sub_NIH/00001818_003.png,,sub_NIH,00001818_003.png,ok,512x512 -> 1024x1024,2,1,4.8,42.5723,3.596256,1.89638,0.9674,0.9971,0.1172,6.2679,38.9309,8.3174,2.88399,0.9481,0.9928,0.2789,0.2789,0.2789,7.8449,100.4795,71.7976,100.4795,71.7976,0.1038,38.9309,0.9481,8.3174,2.88399,-3.6414,-0.0043,-0.1616,-1.577
/kaggle/input/datasets/duc24kdl/sub-x-ray/sub_X-Ray/sub_NIH/00001819_002.png,,sub_NIH,00001819_002.png,ok,512x512 -> 1024x1024,2,1,4.8,37.8146,10.755276,3.279524,0.9781,0.9977,0.0738,6.493,34.8737,21.169663,4.60105,0.9598,0.9938,0.2075,0.2075,0.2075,7.6963,156.2417,71.6731,156.2417,71.6731,0.3228,34.8737,0.9598,21.169663,4.60105,-2.9409,-0.004,-0.1337,-1.2033
/kaggle/input/datasets/duc24kdl/sub-x-ray/sub_X-Ray/sub_NIH/00001819_004.png,,sub_NIH,00001819_004.png,ok,512x512 -> 1024x1024,2,1,4.81,43.1869,3.121662,1.766823,0.9764,0.9975,0.0964,6.8527,38.2993,9.619439,3.101522,0.9594,0.9934,0.274,0.274,0.274,7.936,134.4615,50.7009,134.4615,50.7009,0.2922,38.2993,0.9594,9.619439,3.101522,-4.8876,-0.0042,-0.1776,-1.0833
/kaggle/input/datasets/duc24kdl/sub-x-ray/sub_X-Ray/sub_NIH/00001819_006.png,,sub_NIH,00001819_006.png,ok,512x512 -> 1024x1024,2,1,4.78,39.4001,7.465644,2.732333,0.9853,0.9982,0.0735,7.1502,36.9057,13.259028,3.641295,0.9772,0.9962,0.245,0.245,0.245,7.4531,136.1023,39.0053,136.1023,39.0053,0.1906,36.9057,0.9772,13.259028,3.641295,-2.4944,-0.002,-0.1715,-0.303
/kaggle/input/datasets/duc24kdl/sub-x-ray/sub_X-Ray/sub_NIH/00001820_003.png,,sub_NIH,00001820_003.png,ok,512x512 -> 1024x1024,2,1,4.78,39.2202,7.781534,2.78954,0.9873,0.9984,0.0636,7.3365,37.7298,10.967269,3.311687,0.9796,0.9966,0.2097,0.2097,0.2097,8.0023,139.0995,48.8287,139.0995,48.8287,0.2775,37.7298,0.9796,10.967269,3.311687,-1.4903,-0.0018,-0.146,-0.6658
/kaggle/input/datasets/duc24kdl/sub-x-ray/sub_X-Ray/sub_NIH/00001820_005.png,,sub_NIH,00001820_005.png,ok,512x512 -> 1024x1024,2,1,4.8,37.6495,11.171893,3.342438,0.9843,0.9983,0.0635,6.5719,35.7497,17.302472,4.159624,0.9723,0.9955,0.2058,0.2058,0.2058,7.6089,158.3622,59.2968,158.3622,59.2968,0.0121,35.7497,0.9723,17.302472,4.159624,-1.8998,-0.0027,-0.1422,-1.037
/kaggle/input/datasets/duc24kdl/sub-x-ray/sub_X-Ray/sub_NIH/00001821_000.png,,sub_NIH,00001821_000.png,ok,512x512 -> 1024x1024,2,1,4.79,40.7179,5.511812,2.347725,0.9552,0.996,0.1596,6.7217,38.0257,10.244903,3.200766,0.9322,0.9904,0.364,0.364,0.364,7.8333,111.3929,62.2502,111.3929,62.2502,0.0368,38.0257,0.9322,10.244903,3.200766,-2.6921,-0.0055,-0.2045,-1.1117
/kaggle/input/datasets/duc24kdl/sub-x-ray/sub_X-Ray/sub_NIH/00001823_000.png,,sub_NIH,00001823_000.png,ok,512x512 -> 1024x1024,2,1,4.77,37.2169,12.342227,3.513151,0.9854,0.9982,0.0582,6.9695,35.7062,17.476921,4.180541,0.9757,0.9961,0.1702,0.1702,0.1702,7.98,160.3558,66.4128,160.3558,66.4128,0.2546,35.7062,0.9757,17.476921,4.180541,-1.5107,-0.0021,-0.112,-1.0105
/kaggle/input/datasets/duc24kdl/sub-x-ray/sub_X-Ray/sub_NIH/00001829_000.png,,sub_NIH,00001829_000.png,ok,512x512 -> 1024x1024,2,1,4.8,37.9996,10.306688,3.210403,0.9859,0.9984,0.0542,6.8604,36.3759,14.97922,3.8703,0.976,0.9961,0.1851,0.1851,0.1851,7.9508,158.4135,64.3413,158.4135,64.3413,0.0645,36.3759,0.976,14.97922,3.8703,-1.6237,-0.0023,-0.1309,-1.0904
/kaggle/input/datasets/duc24kdl/sub-x-ray/sub_X-Ray/sub_NIH/00001832_000.png,,sub_NIH,00001832_000.png,ok,512x512 -> 1024x1024,2,1,4.79,38.1454,9.96645,3.156968,0.9851,0.9983,0.0695,6.9254,36.5541,14.377045,3.791707,0.973,0.9955,0.2287,0.2287,0.2287,8.17,161.4406,50.7898,161.4406,50.7898,0.1409,36.5541,0.973,14.377045,3.791707,-1.5913,-0.0028,-0.1591,-1.2445
/kaggle/input/datasets/duc24kdl/sub-x-ray/sub_X-Ray/sub_NIH/00001833_003.png,,sub_NIH,00001833_003.png,ok,512x512 -> 1024x1024,2,1,4.78,38.0901,10.094224,3.177141,0.9865,0.9984,0.0618,7.4815,36.4785,14.629643,3.824872,0.9801,0.9969,0.1992,0.1992,0.1992,7.8537,161.0098,45.1504,161.0098,45.1504,0.1412,36.4785,0.9801,14.629643,3.824872,-1.6116,-0.0014,-0.1374,-0.3722
/kaggle/input/datasets/duc24kdl/sub-x-ray/sub_X-Ray/sub_NIH/00001833_004.png,,sub_NIH,00001833_004.png,ok,512x512 -> 1024x1024,2,1,4.76,39.105,7.990674,2.826778,0.9875,0.9984,0.0588,7.6053,37.2275,12.312004,3.508847,0.9809,0.9969,0.1997,0.1997,0.1997,7.9982,150.9478,50.4398,150.9478,50.4398,0.1199,37.2275,0.9809,12.312004,3.508847,-1.8775,-0.0015,-0.1409,-0.3929
/kaggle/input/datasets/duc24kdl/sub-x-ray/sub_X-Ray/sub_NIH/00001833_013.png,,sub_NIH,00001833_013.png,ok,512x512 -> 1024x1024,2,1,4.78,42.7751,3.432156,1.852608,0.9637,0.9967,0.142,6.6339,39.5544,7.205059,2.684224,0.9462,0.9925,0.3246,0.3246,0.3246,7.9552,121.6558,65.6719,121.6558,65.6719,0.0774,39.5544,0.9462,7.205059,2.684224,-3.2207,-0.0042,-0.1826,-1.3214
/kaggle/input/datasets/duc24kdl/sub-x-ray/sub_X-Ray/sub_NIH/00001836_003.png,,sub_NIH,00001836_003.png,ok,512x512 -> 1024x1024,2,1,4.79,36.5698,14.325083,3.784849,0.9826,0.998,0.0827,6.5579,33.6991,27.744305,5.267286,0.971,0.9949,0.2656,0.2656,0.2656,7.5521,113.4138,59.4407,113.4138,59.4407,0.2227,33.6991,0.971,27.744305,5.267286,-2.8708,-0.003,-0.1829,-0.9942
/kaggle/input/datasets/duc24kdl/sub-x-ray/sub_X-Ray/sub_NIH/00001836_008.png,,sub_NIH,00001836_008.png,ok,512x512 -> 1024x1024,2,1,4.79,37.2422,12.270324,3.502902,0.9802,0.9977,0.0675,5.8349,34.4349,23.420175,4.83944,0.9636,0.9934,0.1925,0.1925,0.1925,7.4938,150.6693,60.2938,150.6693,60.2938,0.1967,34.4349,0.9636,23.420175,4.83944,-2.8073,-0.0043,-0.125,-1.6589
/kaggle/input/datasets/duc24kdl/sub-x-ray/sub_X-Ray/sub_NIH/00001836_013.png,,sub_NIH,00001836_013.png,ok,512x512 -> 1024x1024,2,1,4.77,39.2138,7.792882,2.791573,0.9832,0.998,0.0798,6.9251,36.388,14.93766,3.864927,0.9713,0.995,0.2591,0.2591,0.2591,7.7239,111.137,50.5323,111.137,50.5323,0.1534,36.388,0.9713,14.93766,3.864927,-2.8258,-0.003,-0.1792,-0.7989
/kaggle/input/datasets/duc24kdl/sub-x-ray/sub_X-Ray/sub_NIH/00001836_015.png,,sub_NIH,00001836_015.png,ok,512x512 -> 1024x1024,2,1,4.79,36.1943,15.619063,3.952096,0.9821,0.9979,0.0819,5.8744,33.2027,31.103759,5.577074,0.9668,0.994,0.2427,0.2427,0.2427,7.6266,108.511,55.0982,108.511,55.0982,0.1711,33.2027,0.9668,31.103759,5.577074,-2.9916,-0.0039,-0.1607,-1.7522
/kaggle/input/datasets/duc24kdl/sub-x-ray/sub_X-Ray/sub_NIH/00001836_027.png,,sub_NIH,00001836_027.png,ok,512x512 -> 1024x1024,2,1,4.78,38.6687,8.835067,2.972384,0.9813,0.9979,0.0818,6.5835,35.7862,17.157883,4.142208,0.9651,0.9942,0.2463,0.2463,0.2463,7.4956,115.3782,49.5694,115.3782,49.5694,0.156,35.7862,0.9651,17.157883,4.142208,-2.8825,-0.0038,-0.1645,-0.9121
/kaggle/input/datasets/duc24kdl/sub-x-ray/sub_X-Ray/sub_NIH/00001836_035.png,,sub_NIH,00001836_035.png,ok,512x512 -> 1024x1024,2,1,4.77,39.0288,8.132016,2.851669,0.9822,0.998,0.0794,6.3665,36.134,15.837319,3.979613,0.9662,0.994,0.2585,0.2585,0.2585,7.5639,109.6768,47.9435,109.6768,47.9435,0.1569,36.134,0.9662,15.837319,3.979613,-2.8948,-0.0039,-0.1792,-1.1975
/kaggle/input/datasets/duc24kdl/sub-x-ray/sub_X-Ray/sub_NIH/00001836_042.png,,sub_NIH,00001836_042.png,ok,512x512 -> 1024x1024,2,1,4.78,34.987,20.624386,4.541408,0.9838,0.9981,0.0758,6.1666,32.3104,38.19841,6.180486,0.9676,0.994,0.244,0.244,0.244,7.162,105.8696,58.9986,105.8696,58.9986,0.1812,32.3104,0.9676,38.19841,6.180486,-2.6766,-0.0041,-0.1682,-0.9953
/kaggle/input/datasets/duc24kdl/sub-x-ray/sub_X-Ray/sub_NIH/00001836_043.png,,sub_NIH,00001836_043.png,ok,512x512 -> 1024x1024,2,1,4.78,37.1197,12.621503,3.552676,0.9813,0.9979,0.0827,6.0609,33.8437,26.835636,5.180312,0.9636,0.9935,0.2618,0.2618,0.2618,6.9553,108.7598,49.3666,108.7598,49.3666,0.1833,33.8437,0.9636,26.835636,5.180312,-3.276,-0.0043,-0.1791,-0.8944
/kaggle/input/datasets/duc24kdl/sub-x-ray/sub_X-Ray/sub_NIH/00001836_046.png,,sub_NIH,00001836_046.png,ok,512x512 -> 1024x1024,2,1,4.77,39.4653,7.35438,2.711896,0.9837,0.9981,0.076,6.8753,36.6496,14.064447,3.75026,0.9717,0.995,0.2505,0.2505,0.2505,7.7858,113.4611,51.6042,113.4611,51.6042,0.1486,36.6496,0.9717,14.064447,3.75026,-2.8158,-0.0031,-0.1745,-0.9105
/kaggle/input/datasets/duc24kdl/sub-x-ray/sub_X-Ray/sub_NIH/00001836_049.png,,sub_NIH,00001836_049.png,ok,512x512 -> 1024x1024,2,1,4.83,40.4575,5.85234,2.419161,0.9831,0.9981,0.0792,6.4024,37.9614,10.397828,3.224566,0.968,0.9946,0.2537,0.2537,0.2537,7.4333,109.8107,49.2925,109.8107,49.2925,0.127,37.9614,0.968,10.397828,3.224566,-2.4961,-0.0034,-0.1745,-1.031
/kaggle/input/datasets/duc24kdl/sub-x-ray/sub_X-Ray/sub_NIH/00001836_053.png,,sub_NIH,00001836_053.png,ok,512x512 -> 1024x1024,2,1,4.77,38.3032,9.610771,3.100124,0.9822,0.998,0.0809,6.3872,35.5713,18.028133,4.245955,0.9659,0.9941,0.2271,0.2271,0.2271,8.0587,99.3183,57.4606,99.3183,57.4606,0.1903,35.5713,0.9659,18.028133,4.245955,-2.7319,-0.0039,-0.1462,-1.6715
/kaggle/input/datasets/duc24kdl/sub-x-ray/sub_X-Ray/sub_NIH/00001836_055.png,,sub_NIH,00001836_055.png,ok,512x512 -> 1024x1024,2,1,4.78,39.1143,7.973515,2.823741,0.9786,0.9977,0.085,6.1767,36.7648,13.696267,3.700847,0.9582,0.9931,0.2404,0.2404,0.2404,7.6661,104.5587,57.5701,104.5587,57.5701,0.1453,36.7648,0.9582,13.696267,3.700847,-2.3495,-0.0046,-0.1554,-1.4894
/kaggle/input/datasets/duc24kdl/sub-x-ray/sub_X-Ray/sub_NIH/00001836_060.png,,sub_NIH,00001836_060.png,ok,512x512 -> 1024x1024,2,1,4.79,37.6227,11.241094,3.352774,0.9822,0.998,0.0803,6.4572,34.9106,20.99027,4.581514,0.9659,0.9941,0.2465,0.2465,0.2465,7.4598,100.4013,52.5656,100.4013,52.5656,0.1581,34.9106,0.9659,20.99027,4.581514,-2.7121,-0.0039,-0.1662,-1.0026
/kaggle/input/datasets/duc24kdl/sub-x-ray/sub_X-Ray/sub_NIH/00001836_067.png,,sub_NIH,00001836_067.png,ok,512x512 -> 1024x1024,2,1,4.8,40.5807,5.688644,2.385088,0.9834,0.9981,0.0747,6.5139,38.1994,9.843332,3.137408,0.9688,0.9947,0.2342,0.2342,0.2342,7.5845,110.4059,53.8174,110.4059,53.8174,0.1077,38.1994,0.9688,9.843332,3.137408,-2.3813,-0.0034,-0.1596,-1.0706
/kaggle/input/datasets/duc24kdl/sub-x-ray/sub_X-Ray/sub_NIH/00001836_073.png,,sub_NIH,00001836_073.png,ok,512x512 -> 1024x1024,2,1,4.81,37.4895,11.591279,3.404597,0.9836,0.9981,0.0772,6.25,34.5813,22.643967,4.758568,0.9672,0.9943,0.2422,0.2422,0.2422,7.436,115.55,55.0467,115.55,55.0467,0.1466,34.5813,0.9672,22.643967,4.758568,-2.9082,-0.0038,-0.165,-1.186
/kaggle/input/datasets/duc24kdl/sub-x-ray/sub_X-Ray/sub_NIH/00001836_074.png,,sub_NIH,00001836_074.png,ok,512x512 -> 1024x1024,2,1,4.79,36.7186,13.842565,3.72056,0.9826,0.998,0.0728,6.6136,34.1433,25.046901,5.004688,0.9666,0.9942,0.236,0.236,0.236,7.3987,114.0949,53.308,114.0949,53.308,0.1677,34.1433,0.9666,25.046901,5.004688,-2.5754,-0.0038,-0.1631,-0.7851
/kaggle/input/datasets/duc24kdl/sub-x-ray/sub_X-Ray/sub_NIH/00001836_092.png,,sub_NIH,00001836_092.png,ok,512x512 -> 1024x1024,2,1,4.89,39.1257,7.952586,2.820033,0.9831,0.9981,0.0751,6.4369,36.2704,15.34759,3.9176,0.9678,0.9943,0.236,0.236,0.236,7.5089,106.2257,57.8264,106.2257,57.8264,0.1333,36.2704,0.9678,15.34759,3.9176,-2.8553,-0.0037,-0.1609,-1.072
/kaggle/input/datasets/duc24kdl/sub-x-ray/sub_X-Ray/sub_NIH/00001836_105.png,,sub_NIH,00001836_105.png,ok,512x512 -> 1024x1024,2,1,4.8,36.9656,13.077386,3.616267,0.9796,0.9979,0.0863,6.0718,34.0789,25.420631,5.041888,0.9595,0.9934,0.2407,0.2407,0.2407,7.8421,105.7126,59.1928,105.7126,59.1928,0.1744,34.0789,0.9595,25.420631,5.041888,-2.8867,-0.0045,-0.1544,-1.7703
/kaggle/input/datasets/duc24kdl/sub-x-ray/sub_X-Ray/sub_NIH/00001836_106.png,,sub_NIH,00001836_106.png,ok,512x512 -> 1024x1024,2,1,4.79,38.6585,8.855903,2.975887,0.9814,0.9979,0.0805,6.169,35.8172,17.035824,4.127448,0.9633,0.9938,0.2422,0.2422,0.2422,7.1714,115.4738,48.2851,115.4738,48.2851,0.1535,35.8172,0.9633,17.035824,4.127448,-2.8413,-0.0042,-0.1618,-1.0024
/kaggle/input/datasets/duc24kdl/sub-x-ray/sub_X-Ray/sub_NIH/00001836_107.png,,sub_NIH,00001836_107.png,ok,512x512 -> 1024x1024,2,1,4.78,39.9689,6.549231,2.559147,0.9826,0.998,0.0781,6.3892,36.192,15.627195,3.953125,0.9664,0.9943,0.2526,0.2526,0.2526,7.5337,110.5431,47.6502,110.5431,47.6502,0.2596,36.192,0.9664,15.627195,3.953125,-3.7769,-0.0037,-0.1745,-1.1444
/kaggle/input/datasets/duc24kdl/sub-x-ray/sub_X-Ray/sub_NIH/00001836_118.png,,sub_NIH,00001836_118.png,ok,512x512 -> 1024x1024,2,1,4.8,38.2912,9.637417,3.104419,0.9828,0.998,0.0738,6.1006,35.4556,18.514806,4.302883,0.9647,0.9937,0.2412,0.2412,0.2412,7.3026,112.0109,55.039,112.0109,55.039,0.1422,35.4556,0.9647,18.514806,4.302883,-2.8356,-0.0044,-0.1675,-1.202
/kaggle/input/datasets/duc24kdl/sub-x-ray/sub_X-Ray/sub_NIH/00001836_122.png,,sub_NIH,00001836_122.png,ok,512x512 -> 1024x1024,2,1,4.78,37.9866,10.337685,3.215227,0.9819,0.998,0.0802,6.2469,35.2192,19.550401,4.421584,0.9626,0.9938,0.2475,0.2475,0.2475,7.5742,106.6413,49.1367,106.6413,49.1367,0.1304,35.2192,0.9626,19.550401,4.421584,-2.7673,-0.0042,-0.1673,-1.3273
/kaggle/input/datasets/duc24kdl/sub-x-ray/sub_X-Ray/sub_NIH/00001836_123.png,,sub_NIH,00001836_123.png,ok,512x512 -> 1024x1024,2,1,4.78,36.3463,15.081714,3.883518,0.9804,0.9978,0.0824,6.1134,33.8389,26.865406,5.183185,0.9606,0.9933,0.2546,0.2546,0.2546,6.9751,110.8418,51.4462,110.8418,51.4462,0.1725,33.8389,0.9606,26.865406,5.183185,-2.5074,-0.0045,-0.1722,-0.8617
/kaggle/input/datasets/duc24kdl/sub-x-ray/sub_X-Ray/sub_NIH/00001836_126.png,,sub_NIH,00001836_126.png,ok,512x512 -> 1024x1024,2,1,4.83,36.5307,14.454604,3.801921,0.9804,0.9978,0.0853,6.117,33.2513,30.757211,5.545918,0.9587,0.9929,0.2678,0.2678,0.2678,7.1214,110.984,52.2988,110.984,52.2988,0.1643,33.2513,0.9587,30.757211,5.545918,-3.2794,-0.0049,-0.1824,-1.0044
/kaggle/input/datasets/duc24kdl/sub-x-ray/sub_X-Ray/sub_NIH/00001837_000.png,,sub_NIH,00001837_000.png,ok,512x512 -> 1024x1024,2,1,4.8,44.3875,2.367695,1.538732,0.9832,0.9981,0.065,6.5238,40.5829,5.685829,2.384498,0.9677,0.9946,0.2098,0.2098,0.2098,7.6746,173.573,48.5981,173.573,48.5981,0.3369,40.5829,0.9677,5.685829,2.384498,-3.8047,-0.0035,-0.1448,-1.1508
/kaggle/input/datasets/duc24kdl/sub-x-ray/sub_X-Ray/sub_NIH/00001839_002.png,,sub_NIH,00001839_002.png,ok,512x512 -> 1024x1024,2,1,4.8,42.3679,3.769586,1.941542,0.9628,0.9966,0.1366,6.7082,39.5556,7.203086,2.683856,0.9442,0.9923,0.3188,0.3188,0.3188,8.4651,115.1752,68.4851,115.1752,68.4851,0.116,39.5556,0.9442,7.203086,2.683856,-2.8122,-0.0044,-0.1822,-1.7568
/kaggle/input/datasets/duc24kdl/sub-x-ray/sub_X-Ray/sub_NIH/00001841_000.png,,sub_NIH,00001841_000.png,ok,512x512 -> 1024x1024,2,1,4.78,36.3787,14.969654,3.869064,0.9851,0.9982,0.0704,6.7925,33.3522,30.050995,5.481879,0.9755,0.9954,0.2117,0.2117,0.2117,7.0851,112.9673,53.9262,112.9673,53.9262,0.1959,33.3522,0.9755,30.050995,5.481879,-3.0265,-0.0028,-0.1413,-0.2926
/kaggle/input/datasets/duc24kdl/sub-x-ray/sub_X-Ray/sub_NIH/00001845_001.png,,sub_NIH,00001845_001.png,ok,512x512 -> 1024x1024,2,1,4.78,39.1007,7.998499,2.828162,0.9829,0.9981,0.0883,7.5815,37.4184,11.782589,3.432578,0.9756,0.9962,0.2879,0.2879,0.2879,7.9748,140.8402,36.7953,140.8402,36.7953,0.1333,37.4184,0.9756,11.782589,3.432578,-1.6823,-0.0019,-0.1996,-0.3933
/kaggle/input/datasets/duc24kdl/sub-x-ray/sub_X-Ray/sub_NIH/00001847_003.png,,sub_NIH,00001847_003.png,ok,512x512 -> 1024x1024,2,1,4.79,39.3426,7.565226,2.750496,0.9856,0.9984,0.0599,6.5248,37.2087,12.365452,3.516455,0.9731,0.9956,0.1618,0.1618,0.1618,7.3791,130.6365,74.4408,130.6365,74.4408,0.2116,37.2087,0.9731,12.365452,3.516455,-2.1339,-0.0027,-0.1019,-0.8544
/kaggle/input/datasets/duc24kdl/sub-x-ray/sub_X-Ray/sub_NIH/00001847_004.png,,sub_NIH,00001847_004.png,ok,512x512 -> 1024x1024,2,1,4.78,38.1324,9.996277,3.161689,0.9853,0.9984,0.0662,6.6547,36.0762,16.049543,4.006188,0.9754,0.9963,0.1804,0.1804,0.1804,7.0572,146.2346,58.4533,146.2346,58.4533,-0.0395,36.0762,0.9754,16.049543,4.006188,-2.0562,-0.0021,-0.1142,-0.4026
/kaggle/input/datasets/duc24kdl/sub-x-ray/sub_X-Ray/sub_NIH/00001847_006.png,,sub_NIH,00001847_006.png,ok,512x512 -> 1024x1024,2,1,4.79,39.1634,7.883925,2.807833,0.9887,0.9985,0.0535,7.2845,37.2477,12.254867,3.500695,0.9809,0.9968,0.1838,0.1838,0.1838,7.8052,150.8363,55.1278,150.8363,55.1278,0.1301,37.2477,0.9809,12.254867,3.500695,-1.9157,-0.0018,-0.1303,-0.5208
/kaggle/input/datasets/duc24kdl/sub-x-ray/sub_X-Ray/sub_NIH/00001847_007.png,,sub_NIH,00001847_007.png,ok,512x512 -> 1024x1024,2,1,4.79,38.6757,8.820803,2.969984,0.9866,0.9984,0.056,7.3495,36.7091,13.872875,3.724631,0.9775,0.9965,0.1792,0.1792,0.1792,7.4547,151.0663,52.2681,151.0663,52.2681,0.0971,36.7091,0.9775,13.872875,3.724631,-1.9666,-0.002,-0.1231,-0.1051
/kaggle/input/datasets/duc24kdl/sub-x-ray/sub_X-Ray/sub_NIH/00001851_003.png,,sub_NIH,00001851_003.png,ok,512x512 -> 1024x1024,2,1,4.81,36.7911,13.613417,3.689636,0.9773,0.9976,0.1093,7.1154,33.924,26.343652,5.132607,0.9669,0.9946,0.3232,0.3232,0.3232,7.6192,122.6838,44.822,122.6838,44.822,0.1839,33.924,0.9669,26.343652,5.132607,-2.8671,-0.003,-0.2139,-0.5039
/kaggle/input/datasets/duc24kdl/sub-x-ray/sub_X-Ray/sub_NIH/00001854_000.png,,sub_NIH,00001854_000.png,ok,512x512 -> 1024x1024,2,1,4.76,37.1018,12.67352,3.559989,0.9857,0.9985,0.0669,6.0178,33.7942,27.142919,5.209887,0.975,0.9962,0.1556,0.1556,0.1556,8.4839,64.0675,72.7447,64.0675,72.7447,0.2111,33.7942,0.975,27.142919,5.209887,-3.3076,-0.0023,-0.0887,-2.4662
/kaggle/input/datasets/duc24kdl/sub-x-ray/sub_X-Ray/sub_NIH/00001855_001.png,,sub_NIH,00001855_001.png,ok,512x512 -> 1024x1024,2,1,4.77,39.7324,6.91583,2.629797,0.9892,0.9988,0.051,6.3447,37.2306,12.303374,3.507617,0.9816,0.9974,0.1123,0.1123,0.1123,8.6513,78.7748,83.5052,78.7748,83.5052,0.2178,37.2306,0.9816,12.303374,3.507617,-2.5018,-0.0014,-0.0613,-2.3066
/kaggle/input/datasets/duc24kdl/sub-x-ray/sub_X-Ray/sub_NIH/00001855_004.png,,sub_NIH,00001855_004.png,ok,512x512 -> 1024x1024,2,1,4.79,46.8845,1.3324,1.154296,0.9888,0.9986,0.0393,6.8469,39.6088,7.115436,2.667477,0.9794,0.9968,0.1534,0.1534,0.1534,8.1724,164.7539,74.7408,164.7539,74.7408,0.11,39.6088,0.9794,7.115436,2.667477,-7.2757,-0.0018,-0.1141,-1.3255
/kaggle/input/datasets/duc24kdl/sub-x-ray/sub_X-Ray/sub_NIH/00001855_012.png,,sub_NIH,00001855_012.png,ok,512x512 -> 1024x1024,2,1,4.78,38.6553,8.862288,2.97696,0.989,0.9987,0.0465,6.1592,36.0593,16.112112,4.01399,0.9806,0.997,0.1195,0.1195,0.1195,7.6705,90.4885,82.4332,90.4885,82.4332,0.1842,36.0593,0.9806,16.112112,4.01399,-2.5961,-0.0017,-0.073,-1.5113
/kaggle/input/datasets/duc24kdl/sub-x-ray/sub_X-Ray/sub_NIH/00001855_013.png,,sub_NIH,00001855_013.png,ok,512x512 -> 1024x1024,2,1,4.86,39.929,6.609753,2.570944,0.9878,0.9985,0.0508,6.841,37.59,11.326039,3.365418,0.9796,0.997,0.1296,0.1296,0.1296,8.5565,98.9642,86.5375,98.9642,86.5375,0.3508,37.59,0.9796,11.326039,3.365418,-2.3389,-0.0016,-0.0788,-1.7155
/kaggle/input/datasets/duc24kdl/sub-x-ray/sub_X-Ray/sub_NIH/00001855_015.png,,sub_NIH,00001855_015.png,ok,512x512 -> 1024x1024,2,1,4.77,39.6358,7.071346,2.6592,0.9903,0.9987,0.0425,7.4907,37.0763,12.74829,3.570475,0.9824,0.9973,0.1071,0.1071,0.1071,9.4093,107.0038,82.269,107.0038,82.269,0.4733,37.0763,0.9824,12.74829,3.570475,-2.5595,-0.0014,-0.0646,-1.9186
/kaggle/input/datasets/duc24kdl/sub-x-ray/sub_X-Ray/sub_NIH/00001855_024.png,,sub_NIH,00001855_024.png,ok,512x512 -> 1024x1024,2,1,4.78,38.2031,9.834893,3.136063,0.9887,0.9986,0.047,7.6913,36.1308,15.848802,3.981055,0.9792,0.9968,0.1334,0.1334,0.1334,8.2581,131.3056,69.9904,131.3056,69.9904,0.1612,36.1308,0.9792,15.848802,3.981055,-2.0723,-0.0017,-0.0864,-0.5668
/kaggle/input/datasets/duc24kdl/sub-x-ray/sub_X-Ray/sub_NIH/00001855_026.png,,sub_NIH,00001855_026.png,ok,512x512 -> 1024x1024,2,1,4.78,40.0461,6.433792,2.536492,0.9909,0.9988,0.0397,7.3998,38.027,10.24186,3.200291,0.9847,0.9976,0.1008,0.1008,0.1008,9.6974,103.4741,85.5133,103.4741,85.5133,0.1653,38.027,0.9847,10.24186,3.200291,-2.0191,-0.0012,-0.0611,-2.2976
/kaggle/input/datasets/duc24kdl/sub-x-ray/sub_X-Ray/sub_NIH/00001855_029.png,,sub_NIH,00001855_029.png,ok,512x512 -> 1024x1024,2,1,4.78,37.3311,12.021794,3.467246,0.9863,0.9984,0.0536,6.391,34.7606,21.728097,4.661341,0.9744,0.9958,0.1768,0.1768,0.1768,7.0624,127.5402,70.5969,127.5402,70.5969,0.1458,34.7606,0.9744,21.728097,4.661341,-2.5705,-0.0026,-0.1232,-0.6714
/kaggle/input/datasets/duc24kdl/sub-x-ray/sub_X-Ray/sub_NIH/00001857_000.png,,sub_NIH,00001857_000.png,ok,512x512 -> 1024x1024,2,1,4.79,43.8019,2.709527,1.646064,0.985,0.9982,0.0508,6.633,40.5182,5.771115,2.402314,0.9733,0.9955,0.1862,0.1862,0.1862,8.0563,168.3961,43.4628,168.3961,43.4628,-0.0913,40.5182,0.9733,5.771115,2.402314,-3.2837,-0.0027,-0.1354,-1.4233
/kaggle/input/datasets/duc24kdl/sub-x-ray/sub_X-Ray/sub_NIH/00001857_001.png,,sub_NIH,00001857_001.png,ok,512x512 -> 1024x1024,2,1,4.78,48.4803,0.922672,0.960558,0.988,0.9984,0.0525,8.2036,44.7166,2.194927,1.481529,0.9832,0.9972,0.205,0.205,0.205,8.3028,169.0804,33.894,169.0804,33.894,0.0638,44.7166,0.9832,2.194927,1.481529,-3.7637,-0.0012,-0.1526,-0.0992
/kaggle/input/datasets/duc24kdl/sub-x-ray/sub_X-Ray/sub_NIH/00001860_001.png,,sub_NIH,00001860_001.png,ok,512x512 -> 1024x1024,2,1,4.8,34.9922,20.599566,4.538674,0.9817,0.998,0.0692,6.1609,32.9464,32.994076,5.744047,0.9671,0.9945,0.2124,0.2124,0.2124,7.3792,156.6332,63.9087,156.6332,63.9087,0.1448,32.9464,0.9671,32.994076,5.744047,-2.0458,-0.0035,-0.1432,-1.2184
/kaggle/input/datasets/duc24kdl/sub-x-ray/sub_X-Ray/sub_NIH/00001860_002.png,,sub_NIH,00001860_002.png,ok,512x512 -> 1024x1024,2,1,4.8,41.0659,5.087283,2.255501,0.9571,0.9961,0.1491,6.5163,37.9142,10.511396,3.242128,0.9332,0.9903,0.3368,0.3368,0.3368,7.5175,127.9778,66.8954,127.9778,66.8954,0.1076,37.9142,0.9332,10.511396,3.242128,-3.1517,-0.0058,-0.1877,-1.0011
/kaggle/input/datasets/duc24kdl/sub-x-ray/sub_X-Ray/sub_NIH/00001862_005.png,,sub_NIH,00001862_005.png,ok,512x512 -> 1024x1024,2,1,4.8,38.2278,9.779087,3.127153,0.9778,0.9977,0.1122,7.6315,36.3691,15.002837,3.87335,0.9682,0.995,0.3209,0.3209,0.3209,7.9838,138.785,39.9001,138.785,39.9001,0.1537,36.3691,0.9682,15.002837,3.87335,-1.8588,-0.0027,-0.2087,-0.3522
/kaggle/input/datasets/duc24kdl/sub-x-ray/sub_X-Ray/sub_NIH/00001867_000.png,,sub_NIH,00001867_000.png,ok,512x512 -> 1024x1024,2,1,4.8,43.4753,2.921158,1.70914,0.9654,0.9969,0.1334,6.4924,40.9914,5.175388,2.274948,0.9503,0.9932,0.3034,0.3034,0.3034,7.9204,114.9693,72.7548,114.9693,72.7548,0.0842,40.9914,0.9503,5.175388,2.274948,-2.4839,-0.0037,-0.17,-1.428
/kaggle/input/datasets/duc24kdl/sub-x-ray/sub_X-Ray/sub_NIH/00001869_000.png,,sub_NIH,00001869_000.png,ok,512x512 -> 1024x1024,2,1,4.79,47.1895,1.242024,1.114461,0.9877,0.9984,0.0546,7.268,43.2088,3.10597,1.762376,0.978,0.9962,0.1986,0.1986,0.1986,8.2936,166.4596,42.9242,166.4596,42.9242,0.2045,43.2088,0.978,3.10597,1.762376,-3.9807,-0.0022,-0.144,-1.0256
/kaggle/input/datasets/duc24kdl/sub-x-ray/sub_X-Ray/sub_NIH/00001872_001.png,,sub_NIH,00001872_001.png,ok,512x512 -> 1024x1024,2,1,4.82,45.7663,1.723658,1.312882,0.9779,0.9976,0.0871,7.1018,42.9378,3.305945,1.818226,0.9654,0.9943,0.2664,0.2664,0.2664,7.8529,105.6586,37.3356,105.6586,37.3356,0.0992,42.9378,0.9654,3.305945,1.818226,-2.8284,-0.0034,-0.1793,-0.7511
/kaggle/input/datasets/duc24kdl/sub-x-ray/sub_X-Ray/sub_NIH/00001872_002.png,,sub_NIH,00001872_002.png,ok,512x512 -> 1024x1024,2,1,4.82,45.749,1.73053,1.315496,0.977,0.9975,0.0911,7.3786,42.9731,3.279232,1.810865,0.9648,0.9942,0.277,0.277,0.277,7.7106,108.7993,31.2448,108.7993,31.2448,0.0837,42.9731,0.9648,3.279232,1.810865,-2.7759,-0.0033,-0.1859,-0.332
/kaggle/input/datasets/duc24kdl/sub-x-ray/sub_X-Ray/sub_NIH/00001872_005.png,,sub_NIH,00001872_005.png,ok,512x512 -> 1024x1024,2,1,4.76,37.8964,10.554639,3.24879,0.9814,0.998,0.072,6.5006,35.8923,16.743745,4.091912,0.9658,0.9946,0.2173,0.2173,0.2173,7.8566,163.4055,60.7735,163.4055,60.7735,0.1361,35.8923,0.9658,16.743745,4.091912,-2.0041,-0.0035,-0.1453,-1.356
/kaggle/input/datasets/duc24kdl/sub-x-ray/sub_X-Ray/sub_NIH/00001872_011.png,,sub_NIH,00001872_011.png,ok,512x512 -> 1024x1024,2,1,4.78,37.4205,11.776933,3.431754,0.9813,0.998,0.0696,6.6811,35.7109,17.457761,4.178249,0.9663,0.9947,0.2075,0.2075,0.2075,7.947,166.3107,62.6184,166.3107,62.6184,0.1973,35.7109,0.9663,17.457761,4.178249,-1.7096,-0.0033,-0.1379,-1.2659
/kaggle/input/datasets/duc24kdl/sub-x-ray/sub_X-Ray/sub_NIH/00001874_000.png,,sub_NIH,00001874_000.png,ok,512x512 -> 1024x1024,2,1,4.8,37.4177,11.784553,3.432864,0.985,0.9983,0.0685,6.4908,36.1547,15.76204,3.970144,0.9733,0.9957,0.2223,0.2223,0.2223,8.1628,162.9699,54.6465,162.9699,54.6465,0.1478,36.1547,0.9733,15.76204,3.970144,-1.263,-0.0027,-0.1538,-1.672
/kaggle/input/datasets/duc24kdl/sub-x-ray/sub_X-Ray/sub_NIH/00001880_001.png,,sub_NIH,00001880_001.png,ok,512x512 -> 1024x1024,2,1,4.79,39.4218,7.428496,2.725527,0.9853,0.9984,0.0609,6.5973,37.6569,11.152953,3.339604,0.9747,0.9961,0.1872,0.1872,0.1872,7.7297,114.9974,66.4952,114.9974,66.4952,0.1383,37.6569,0.9747,11.152953,3.339604,-1.7649,-0.0023,-0.1263,-1.1324
/kaggle/input/datasets/duc24kdl/sub-x-ray/sub_X-Ray/sub_NIH/00001880_003.png,,sub_NIH,00001880_003.png,ok,512x512 -> 1024x1024,2,1,4.78,39.1533,7.902235,2.811091,0.9842,0.9983,0.0684,6.3321,36.7526,13.734636,3.706027,0.9725,0.9958,0.2008,0.2008,0.2008,7.5851,114.0276,66.9071,114.0276,66.9071,0.2763,36.7526,0.9725,13.734636,3.706027,-2.4007,-0.0025,-0.1324,-1.2529
/kaggle/input/datasets/duc24kdl/sub-x-ray/sub_X-Ray/sub_NIH/00001880_006.png,,sub_NIH,00001880_006.png,ok,512x512 -> 1024x1024,2,1,4.77,38.5038,9.177042,3.029363,0.9585,0.9964,0.1468,6.6161,35.1141,20.02931,4.475412,0.938,0.9917,0.3283,0.3283,0.3283,7.7151,117.2957,62.9229,117.2957,62.9229,0.2302,35.1141,0.938,20.02931,4.475412,-3.3896,-0.0047,-0.1815,-1.099
/kaggle/input/datasets/duc24kdl/sub-x-ray/sub_X-Ray/sub_NIH/00001881_000.png,,sub_NIH,00001881_000.png,ok,512x512 -> 1024x1024,2,1,4.78,36.9294,13.186902,3.631377,0.9858,0.9983,0.0578,6.2355,35.7002,17.5007,4.183384,0.9736,0.9954,0.1919,0.1919,0.1919,7.2821,174.781,53.6386,174.781,53.6386,0.186,35.7002,0.9736,17.5007,4.183384,-1.2291,-0.0029,-0.1342,-1.0466
/kaggle/input/datasets/duc24kdl/sub-x-ray/sub_X-Ray/sub_NIH/00001882_001.png,,sub_NIH,00001882_001.png,ok,512x512 -> 1024x1024,2,1,4.8,43.5714,2.857182,1.69032,0.9841,0.9981,0.0622,7.0873,40.4278,5.892448,2.427437,0.9721,0.9953,0.2179,0.2179,0.2179,8.3839,169.8255,41.1214,169.8255,41.1214,-0.0789,40.4278,0.9721,5.892448,2.427437,-3.1436,-0.0028,-0.1557,-1.2966
/kaggle/input/datasets/duc24kdl/sub-x-ray/sub_X-Ray/sub_NIH/00001882_002.png,,sub_NIH,00001882_002.png,ok,512x512 -> 1024x1024,2,1,4.78,34.8983,21.050032,4.588031,0.9842,0.998,0.0676,6.5272,32.3881,37.520873,6.125428,0.9751,0.9954,0.2282,0.2282,0.2282,7.8871,160.6483,45.235,160.6483,45.235,0.1529,32.3881,0.9751,37.520873,6.125428,-2.5102,-0.0026,-0.1606,-1.3599
/kaggle/input/datasets/duc24kdl/sub-x-ray/sub_X-Ray/sub_NIH/00001887_001.png,,sub_NIH,00001887_001.png,ok,512x512 -> 1024x1024,2,1,4.81,43.6339,2.816377,1.678206,0.9696,0.9969,0.1079,7.1006,39.7929,6.820099,2.611532,0.9491,0.9916,0.2886,0.2886,0.2886,7.6599,103.5483,37.5024,103.5483,37.5024,0.1012,39.7929,0.9491,6.820099,2.611532,-3.841,-0.0053,-0.1807,-0.5593
/kaggle/input/datasets/duc24kdl/sub-x-ray/sub_X-Ray/sub_NIH/00001889_000.png,,sub_NIH,00001889_000.png,ok,512x512 -> 1024x1024,2,1,4.81,46.5998,1.422666,1.192756,0.9857,0.9983,0.0587,6.8526,42.1586,3.955699,1.988894,0.9732,0.9954,0.2156,0.2156,0.2156,8.2226,174.6096,45.8684,174.6096,45.8684,0.081,42.1586,0.9732,3.955699,1.988894,-4.4412,-0.0029,-0.1569,-1.37
/kaggle/input/datasets/duc24kdl/sub-x-ray/sub_X-Ray/sub_NIH/00001890_001.png,,sub_NIH,00001890_001.png,ok,512x512 -> 1024x1024,2,1,4.81,45.822,1.701709,1.304496,0.9852,0.9983,0.0634,6.9065,40.7966,5.4128,2.326543,0.9716,0.9952,0.2309,0.2309,0.2309,7.9115,169.0501,46.0198,169.0501,46.0198,0.1314,40.7966,0.9716,5.4128,2.326543,-5.0254,-0.0031,-0.1675,-1.005
/kaggle/input/datasets/duc24kdl/sub-x-ray/sub_X-Ray/sub_NIH/00001892_009.png,,sub_NIH,00001892_009.png,ok,512x512 -> 1024x1024,2,1,4.79,41.6628,4.434074,2.105724,0.9595,0.9964,0.1399,6.4926,39.1967,7.82366,2.797081,0.9389,0.9914,0.3215,0.3215,0.3215,7.6587,124.5362,68.9054,124.5362,68.9054,0.1186,39.1967,0.9389,7.82366,2.797081,-2.4661,-0.005,-0.1815,-1.1661
/kaggle/input/datasets/duc24kdl/sub-x-ray/sub_X-Ray/sub_NIH/00001893_000.png,,sub_NIH,00001893_000.png,ok,512x512 -> 1024x1024,2,1,4.79,42.2771,3.849203,1.961939,0.9615,0.9965,0.1424,6.751,39.2868,7.662957,2.768205,0.9434,0.9922,0.3217,0.3217,0.3217,8.1803,134.4314,67.0138,134.4314,67.0138,0.0948,39.2868,0.9434,7.662957,2.768205,-2.9903,-0.0044,-0.1793,-1.4293
/kaggle/input/datasets/duc24kdl/sub-x-ray/sub_X-Ray/sub_NIH/00001894_003.png,,sub_NIH,00001894_003.png,ok,512x512 -> 1024x1024,2,1,4.79,42.1467,3.966509,1.99161,0.9656,0.997,0.1145,6.298,38.9368,8.306074,2.882026,0.9429,0.9922,0.2755,0.2755,0.2755,7.8927,98.7779,70.7088,98.7779,70.7088,0.0931,38.9368,0.9429,8.306074,2.882026,-3.2099,-0.0048,-0.161,-1.5947
/kaggle/input/datasets/duc24kdl/sub-x-ray/sub_X-Ray/sub_NIH/00001895_000.png,,sub_NIH,00001895_000.png,ok,512x512 -> 1024x1024,2,1,4.8,36.6448,14.080051,3.752339,0.9852,0.9983,0.0646,6.8443,34.8855,21.112079,4.594788,0.9737,0.9957,0.1826,0.1826,0.1826,8.2839,172.9949,63.1878,172.9949,63.1878,0.1688,34.8855,0.9737,21.112079,4.594788,-1.7593,-0.0026,-0.118,-1.4396
/kaggle/input/datasets/duc24kdl/sub-x-ray/sub_X-Ray/sub_NIH/00001895_003.png,,sub_NIH,00001895_003.png,ok,512x512 -> 1024x1024,2,1,4.77,41.9129,4.185943,2.045958,0.9596,0.9963,0.1454,6.5927,39.4318,7.411388,2.722386,0.9403,0.9916,0.3316,0.3316,0.3316,8.2776,132.5313,64.4923,132.5313,64.4923,0.1064,39.4318,0.9403,7.411388,2.722386,-2.4811,-0.0048,-0.1861,-1.6849
/kaggle/input/datasets/duc24kdl/sub-x-ray/sub_X-Ray/sub_NIH/00001896_001.png,,sub_NIH,00001896_001.png,ok,512x512 -> 1024x1024,2,1,4.79,38.2165,9.804539,3.13122,0.983,0.9981,0.068,6.5783,36.6482,14.068921,3.750856,0.9694,0.9951,0.2009,0.2009,0.2009,8.119,158.8143,63.4121,158.8143,63.4121,0.3853,36.6482,0.9694,14.068921,3.750856,-1.5683,-0.003,-0.133,-1.5407
/kaggle/input/datasets/duc24kdl/sub-x-ray/sub_X-Ray/sub_NIH/00001900_000.png,,sub_NIH,00001900_000.png,ok,512x512 -> 1024x1024,2,1,4.79,39.9442,6.586645,2.566446,0.9816,0.998,0.0941,7.7994,38.0769,10.124776,3.181945,0.9736,0.9958,0.2909,0.2909,0.2909,8.1315,136.9667,38.0487,136.9667,38.0487,0.1291,38.0769,0.9736,10.124776,3.181945,-1.8672,-0.0022,-0.1968,-0.3321
/kaggle/input/datasets/duc24kdl/sub-x-ray/sub_X-Ray/sub_NIH/00001900_013.png,,sub_NIH,00001900_013.png,ok,512x512 -> 1024x1024,2,1,4.78,37.8781,10.599237,3.255647,0.9751,0.9975,0.1206,7.1224,35.1993,19.640364,4.431745,0.9647,0.9945,0.329,0.329,0.329,7.8902,116.4976,52.3868,116.4976,52.3868,0.1696,35.1993,0.9647,19.640364,4.431745,-2.6787,-0.0029,-0.2084,-0.7678
/kaggle/input/datasets/duc24kdl/sub-x-ray/sub_X-Ray/sub_NIH/00001900_015.png,,sub_NIH,00001900_015.png,ok,512x512 -> 1024x1024,2,1,4.81,36.7916,13.611907,3.689432,0.9766,0.9975,0.11,6.5427,34.289,24.220222,4.921404,0.964,0.9939,0.3013,0.3013,0.3013,7.29,116.7511,52.4215,116.7511,52.4215,0.1931,34.289,0.964,24.220222,4.921404,-2.5026,-0.0036,-0.1914,-0.7473
/kaggle/input/datasets/duc24kdl/sub-x-ray/sub_X-Ray/sub_NIH/00001900_021.png,,sub_NIH,00001900_021.png,ok,512x512 -> 1024x1024,2,1,4.79,41.4216,4.687284,2.165014,0.9572,0.9962,0.1594,6.688,38.449,9.293418,3.048511,0.9355,0.9909,0.3818,0.3818,0.3818,7.9457,142.1582,56.1375,142.1582,56.1375,0.1655,38.449,0.9355,9.293418,3.048511,-2.9725,-0.0052,-0.2224,-1.2576
/kaggle/input/datasets/duc24kdl/sub-x-ray/sub_X-Ray/sub_NIH/00001900_026.png,,sub_NIH,00001900_026.png,ok,512x512 -> 1024x1024,2,1,4.79,41.1191,5.025352,2.24173,0.954,0.9959,0.1508,6.1306,38.3107,9.594165,3.097445,0.9297,0.99,0.3322,0.3322,0.3322,7.816,124.0645,68.1829,124.0645,68.1829,0.1001,38.3107,0.9297,9.594165,3.097445,-2.8084,-0.0059,-0.1814,-1.6854
/kaggle/input/datasets/duc24kdl/sub-x-ray/sub_X-Ray/sub_NIH/00001900_029.png,,sub_NIH,00001900_029.png,ok,512x512 -> 1024x1024,2,1,4.79,41.2491,4.877181,2.208434,0.9561,0.9961,0.1527,6.629,38.5058,9.172864,3.028674,0.9345,0.9908,0.3376,0.3376,0.3376,7.9137,131.7195,67.6888,131.7195,67.6888,0.1002,38.5058,0.9345,9.172864,3.028674,-2.7434,-0.0052,-0.1849,-1.2847
/kaggle/input/datasets/duc24kdl/sub-x-ray/sub_X-Ray/sub_NIH/00001900_033.png,,sub_NIH,00001900_033.png,ok,512x512 -> 1024x1024,2,1,4.79,35.2428,19.444463,4.409588,0.9767,0.9975,0.1062,7.703,32.4462,37.021834,6.084557,0.9663,0.9941,0.3128,0.3128,0.3128,8.3266,120.1091,49.0118,120.1091,49.0118,0.2122,32.4462,0.9663,37.021834,6.084557,-2.7966,-0.0034,-0.2065,-0.6237
/kaggle/input/datasets/duc24kdl/sub-x-ray/sub_X-Ray/sub_NIH/00001900_035.png,,sub_NIH,00001900_035.png,ok,512x512 -> 1024x1024,2,1,4.79,37.5763,11.361763,3.370721,0.9891,0.9985,0.0535,8.1492,36.3769,14.975947,3.869877,0.9858,0.9977,0.1903,0.1903,0.1903,9.4998,154.9623,50.6623,154.9623,50.6623,0.1495,36.3769,0.9858,14.975947,3.869877,-1.1995,-0.0009,-0.1367,-1.3506
/kaggle/input/datasets/duc24kdl/sub-x-ray/sub_X-Ray/sub_NIH/00001900_036.png,,sub_NIH,00001900_036.png,ok,512x512 -> 1024x1024,2,1,5.14,41.1944,4.939011,2.222389,0.9531,0.9958,0.1596,6.3655,38.4148,9.367066,3.060566,0.9294,0.9901,0.3538,0.3538,0.3538,7.5632,130.135,67.6139,130.135,67.6139,0.0892,38.4148,0.9294,9.367066,3.060566,-2.7796,-0.0057,-0.1941,-1.1977
/kaggle/input/datasets/duc24kdl/sub-x-ray/sub_X-Ray/sub_NIH/00001901_000.png,,sub_NIH,00001901_000.png,ok,512x512 -> 1024x1024,2,1,4.86,40.9091,5.274365,2.296599,0.9625,0.9966,0.128,6.2499,37.3708,11.912313,3.451422,0.9405,0.9913,0.295,0.295,0.295,7.8751,107.5217,69.9977,107.5217,69.9977,0.1137,37.3708,0.9405,11.912313,3.451422,-3.5383,-0.0053,-0.167,-1.6253
/kaggle/input/datasets/duc24kdl/sub-x-ray/sub_X-Ray/sub_NIH/00001901_002.png,,sub_NIH,00001901_002.png,ok,512x512 -> 1024x1024,2,1,4.81,45.9162,1.665179,1.290418,0.9818,0.9979,0.0651,6.7455,41.6018,4.496802,2.120566,0.9663,0.9941,0.2107,0.2107,0.2107,7.8258,163.9128,43.0492,163.9128,43.0492,0.1242,41.6018,0.9663,4.496802,2.120566,-4.3144,-0.0038,-0.1456,-1.0803
/kaggle/input/datasets/duc24kdl/sub-x-ray/sub_X-Ray/sub_NIH/00001901_005.png,,sub_NIH,00001901_005.png,ok,512x512 -> 1024x1024,2,1,4.78,41.0624,5.091447,2.256424,0.9617,0.9965,0.1323,6.2792,38.0911,10.091782,3.176756,0.94,0.9913,0.3102,0.3102,0.3102,7.5518,127.724,66.224,127.724,66.224,0.1286,38.0911,0.94,10.091782,3.176756,-2.9713,-0.0053,-0.1779,-1.2726
/kaggle/input/datasets/duc24kdl/sub-x-ray/sub_X-Ray/sub_NIH/00001901_006.png,,sub_NIH,00001901_006.png,ok,512x512 -> 1024x1024,2,1,4.85,41.504,4.599211,2.144577,0.9635,0.9967,0.1226,5.9482,38.7215,8.728387,2.954384,0.942,0.9916,0.2872,0.2872,0.2872,7.7863,108.4065,71.0425,108.4065,71.0425,0.1214,38.7215,0.942,8.728387,2.954384,-2.7825,-0.0051,-0.1646,-1.8381
/kaggle/input/datasets/duc24kdl/sub-x-ray/sub_X-Ray/sub_NIH/00001903_000.png,,sub_NIH,00001903_000.png,ok,512x512 -> 1024x1024,2,1,4.78,38.5303,9.121069,3.020111,0.9819,0.998,0.0839,7.1756,36.6775,13.974417,3.738237,0.9688,0.9949,0.2402,0.2402,0.2402,7.872,128.1548,50.2141,128.1548,50.2141,0.273,36.6775,0.9688,13.974417,3.738237,-1.8529,-0.003,-0.1563,-0.6964
/kaggle/input/datasets/duc24kdl/sub-x-ray/sub_X-Ray/sub_NIH/00001906_001.png,,sub_NIH,00001906_001.png,ok,512x512 -> 1024x1024,2,1,4.77,41.8519,4.245104,2.060365,0.9642,0.9968,0.1309,6.4158,39.3312,7.585127,2.754111,0.945,0.9924,0.3049,0.3049,0.3049,8.281,130.2034,64.5062,130.2034,64.5062,0.13,39.3312,0.945,7.585127,2.754111,-2.5207,-0.0044,-0.174,-1.8653
/kaggle/input/datasets/duc24kdl/sub-x-ray/sub_X-Ray/sub_NIH/00001906_003.png,,sub_NIH,00001906_003.png,ok,512x512 -> 1024x1024,2,1,4.79,41.0985,5.049318,2.247069,0.9745,0.9974,0.1034,6.7914,34.6309,22.386565,4.731444,0.9543,0.9926,0.2984,0.2984,0.2984,7.8859,141.6379,45.1265,141.6379,45.1265,0.3118,34.6309,0.9543,22.386565,4.731444,-6.4675,-0.0048,-0.195,-1.0945
/kaggle/input/datasets/duc24kdl/sub-x-ray/sub_X-Ray/sub_NIH/00001906_007.png,,sub_NIH,00001906_007.png,ok,512x512 -> 1024x1024,2,1,4.79,45.2726,1.931175,1.389667,0.9816,0.998,0.0797,6.8595,40.4605,5.848244,2.418314,0.9638,0.994,0.2588,0.2588,0.2588,7.8554,159.3657,45.9572,159.3657,45.9572,0.1277,40.4605,0.9638,5.848244,2.418314,-4.812,-0.004,-0.1791,-0.9959
/kaggle/input/datasets/duc24kdl/sub-x-ray/sub_X-Ray/sub_NIH/00001906_008.png,,sub_NIH,00001906_008.png,ok,512x512 -> 1024x1024,2,1,4.81,36.1722,15.698426,3.962124,0.9789,0.9979,0.0886,6.9255,34.4828,23.163062,4.812802,0.9632,0.9943,0.2282,0.2282,0.2282,7.8369,160.7198,59.6328,160.7198,59.6328,0.1597,34.4828,0.9632,23.163062,4.812802,-1.6894,-0.0035,-0.1396,-0.9114
/kaggle/input/datasets/duc24kdl/sub-x-ray/sub_X-Ray/sub_NIH/00001909_000.png,,sub_NIH,00001909_000.png,ok,512x512 -> 1024x1024,2,1,4.78,36.067,16.083375,4.010408,0.9851,0.9984,0.0749,7.0876,34.1622,24.937675,4.993764,0.9747,0.9961,0.2322,0.2322,0.2322,7.2009,121.8858,54.0958,121.8858,54.0958,0.1606,34.1622,0.9747,24.937675,4.993764,-1.9048,-0.0023,-0.1573,-0.1133
/kaggle/input/datasets/duc24kdl/sub-x-ray/sub_X-Ray/sub_NIH/00001910_000.png,,sub_NIH,00001910_000.png,ok,512x512 -> 1024x1024,2,1,4.78,42.0065,4.096627,2.024012,0.9571,0.9961,0.1498,6.9873,38.7502,8.670864,2.944633,0.9354,0.9909,0.3565,0.3565,0.3565,7.7498,131.1329,55.8702,131.1329,55.8702,0.1026,38.7502,0.9354,8.670864,2.944633,-3.2564,-0.0053,-0.2067,-0.7625
/kaggle/input/datasets/duc24kdl/sub-x-ray/sub_X-Ray/sub_NIH/00001911_004.png,,sub_NIH,00001911_004.png,ok,512x512 -> 1024x1024,2,1,4.82,36.7574,13.719421,3.703974,0.9651,0.9966,0.1205,5.968,33.3435,30.111149,5.487363,0.9394,0.9907,0.2656,0.2656,0.2656,7.1678,115.3089,72.2533,115.3089,72.2533,0.2003,33.3435,0.9394,30.111149,5.487363,-3.4139,-0.0059,-0.1451,-1.1998
/kaggle/input/datasets/duc24kdl/sub-x-ray/sub_X-Ray/sub_NIH/00001911_006.png,,sub_NIH,00001911_006.png,ok,512x512 -> 1024x1024,2,1,4.8,41.1668,4.970559,2.229475,0.9579,0.9961,0.1477,6.3469,37.9354,10.460218,3.234226,0.9351,0.9906,0.3331,0.3331,0.3331,8.0151,112.0964,75.0214,112.0964,75.0214,0.1038,37.9354,0.9351,10.460218,3.234226,-3.2314,-0.0055,-0.1855,-1.6682
/kaggle/input/datasets/duc24kdl/sub-x-ray/sub_X-Ray/sub_NIH/00001911_007.png,,sub_NIH,00001911_007.png,ok,512x512 -> 1024x1024,2,1,4.79,38.171,9.907895,3.147681,0.9783,0.9977,0.0752,6.1678,35.4977,18.336361,4.282098,0.9594,0.9935,0.2047,0.2047,0.2047,7.3127,132.6493,75.8511,132.6493,75.8511,0.289,35.4977,0.9594,18.336361,4.282098,-2.6733,-0.0042,-0.1295,-1.1449
/kaggle/input/datasets/duc24kdl/sub-x-ray/sub_X-Ray/sub_NIH/00001911_008.png,,sub_NIH,00001911_008.png,ok,512x512 -> 1024x1024,2,1,4.8,41.4356,4.672144,2.161514,0.9579,0.9961,0.144,6.2659,37.9839,10.34411,3.216226,0.9344,0.9905,0.3284,0.3284,0.3284,7.4476,117.7331,73.1312,117.7331,73.1312,0.1006,37.9839,0.9344,10.34411,3.216226,-3.4518,-0.0056,-0.1843,-1.1817
/kaggle/input/datasets/duc24kdl/sub-x-ray/sub_X-Ray/sub_NIH/00001911_011.png,,sub_NIH,00001911_011.png,ok,512x512 -> 1024x1024,2,1,4.79,41.7618,4.334109,2.081852,0.9675,0.9969,0.13,6.6513,39.0521,8.088574,2.844042,0.9513,0.9929,0.3074,0.3074,0.3074,7.548,125.2805,67.3524,125.2805,67.3524,0.1219,39.0521,0.9513,8.088574,2.844042,-2.7097,-0.004,-0.1773,-0.8967
/kaggle/input/datasets/duc24kdl/sub-x-ray/sub_X-Ray/sub_NIH/00001911_012.png,,sub_NIH,00001911_012.png,ok,512x512 -> 1024x1024,2,1,4.79,37.7068,11.025561,3.320476,0.9774,0.9977,0.086,6.3228,35.3127,19.134252,4.374272,0.9588,0.9937,0.2261,0.2261,0.2261,7.1693,134.0573,70.5005,134.0573,70.5005,-0.0388,35.3127,0.9588,19.134252,4.374272,-2.3941,-0.0041,-0.14,-0.8465
/kaggle/input/datasets/duc24kdl/sub-x-ray/sub_X-Ray/sub_NIH/00001912_000.png,,sub_NIH,00001912_000.png,ok,512x512 -> 1024x1024,2,1,4.8,43.8107,2.704054,1.644401,0.9822,0.998,0.0671,7.0037,40.3874,5.947533,2.438757,0.9702,0.995,0.2159,0.2159,0.2159,8.0612,170.6087,44.2312,170.6087,44.2312,-0.0712,40.3874,0.9702,5.947533,2.438757,-3.4232,-0.003,-0.1488,-1.0575
/kaggle/input/datasets/duc24kdl/sub-x-ray/sub_X-Ray/sub_NIH/00001912_004.png,,sub_NIH,00001912_004.png,ok,512x512 -> 1024x1024,2,1,4.77,42.9313,3.310908,1.81959,0.9586,0.9963,0.152,6.74,40.1924,6.220674,2.494128,0.9394,0.9915,0.3398,0.3398,0.3398,8.2843,133.7059,63.9761,133.7059,63.9761,0.068,40.1924,0.9394,6.220674,2.494128,-2.7389,-0.0048,-0.1878,-1.5443
/kaggle/input/datasets/duc24kdl/sub-x-ray/sub_X-Ray/sub_NIH/00001912_005.png,,sub_NIH,00001912_005.png,ok,512x512 -> 1024x1024,2,1,4.78,42.5049,3.652498,1.911151,0.9622,0.9966,0.1399,6.6156,39.652,7.044919,2.654227,0.9436,0.992,0.3207,0.3207,0.3207,8.2302,121.4435,67.0118,121.4435,67.0118,0.0903,39.652,0.9436,7.044919,2.654227,-2.8529,-0.0046,-0.1808,-1.6147
/kaggle/input/datasets/duc24kdl/sub-x-ray/sub_X-Ray/sub_NIH/00001912_006.png,,sub_NIH,00001912_006.png,ok,512x512 -> 1024x1024,2,1,4.78,40.7373,5.48724,2.342486,0.9574,0.9962,0.1556,6.4058,38.6543,8.864321,2.977301,0.9377,0.9913,0.3415,0.3415,0.3415,8.0922,135.7783,68.8107,135.7783,68.8107,0.1503,38.6543,0.9377,8.864321,2.977301,-2.0829,-0.0049,-0.1859,-1.6864
/kaggle/input/datasets/duc24kdl/sub-x-ray/sub_X-Ray/sub_NIH/00001914_001.png,,sub_NIH,00001914_001.png,ok,512x512 -> 1024x1024,2,1,4.77,42.244,3.878668,1.969433,0.9623,0.9967,0.1434,6.4628,39.6036,7.123862,2.669056,0.9424,0.9921,0.3366,0.3366,0.3366,7.6406,113.5925,67.1911,113.5925,67.1911,0.106,39.6036,0.9424,7.123862,2.669056,-2.6403,-0.0046,-0.1933,-1.1778
/kaggle/input/datasets/duc24kdl/sub-x-ray/sub_X-Ray/sub_NIH/00001917_004.png,,sub_NIH,00001917_004.png,ok,512x512 -> 1024x1024,2,1,4.77,41.2051,4.926915,2.219666,0.965,0.9969,0.1295,6.384,38.4245,9.346106,3.05714,0.9472,0.9927,0.2926,0.2926,0.2926,8.202,119.1584,73.1737,119.1584,73.1737,0.1304,38.4245,0.9472,9.346106,3.05714,-2.7806,-0.0041,-0.163,-1.818
/kaggle/input/datasets/duc24kdl/sub-x-ray/sub_X-Ray/sub_NIH/00001918_000.png,,sub_NIH,00001918_000.png,ok,512x512 -> 1024x1024,2,1,4.79,40.9088,5.274759,2.296684,0.9814,0.998,0.0773,5.8448,38.9471,8.286434,2.878617,0.9658,0.9945,0.2016,0.2016,0.2016,7.2411,101.7657,70.2337,101.7657,70.2337,0.5068,38.9471,0.9658,8.286434,2.878617,-1.9617,-0.0035,-0.1243,-1.3962
/kaggle/input/datasets/duc24kdl/sub-x-ray/sub_X-Ray/sub_NIH/00001920_000.png,,sub_NIH,00001920_000.png,ok,512x512 -> 1024x1024,2,1,4.77,43.3168,3.029699,1.740603,0.9821,0.9981,0.0684,6.8801,39.6706,7.014945,2.648574,0.9673,0.9947,0.2175,0.2175,0.2175,7.5994,163.3697,55.8677,163.3697,55.8677,0.3723,39.6706,0.9673,7.014945,2.648574,-3.6462,-0.0034,-0.1491,-0.7194
/kaggle/input/datasets/duc24kdl/sub-x-ray/sub_X-Ray/sub_NIH/00001920_001.png,,sub_NIH,00001920_001.png,ok,512x512 -> 1024x1024,2,1,4.81,47.4383,1.172865,1.082989,0.9855,0.9983,0.0625,7.6035,43.4383,2.946133,1.71643,0.975,0.9958,0.2198,0.2198,0.2198,7.8331,171.2702,44.8429,171.2702,44.8429,0.1084,43.4383,0.975,2.946133,1.71643,-4.0,-0.0025,-0.1573,-0.2296
/kaggle/input/datasets/duc24kdl/sub-x-ray/sub_X-Ray/sub_NIH/00001921_002.png,,sub_NIH,00001921_002.png,ok,512x512 -> 1024x1024,2,1,4.77,38.4356,9.322224,3.053232,0.9883,0.9985,0.0589,7.7319,37.0572,12.804339,3.578315,0.985,0.9976,0.2008,0.2008,0.2008,8.3122,162.4009,36.6576,162.4009,36.6576,0.1751,37.0572,0.985,12.804339,3.578315,-1.3784,-0.0008,-0.1418,-0.5803
/kaggle/input/datasets/duc24kdl/sub-x-ray/sub_X-Ray/sub_NIH/00001921_005.png,,sub_NIH,00001921_005.png,ok,512x512 -> 1024x1024,2,1,4.78,38.3644,9.476436,3.078382,0.9865,0.9983,0.075,7.771,36.7688,13.683605,3.699136,0.9808,0.9969,0.2446,0.2446,0.2446,7.9687,142.139,36.9715,142.139,36.9715,0.1503,36.7688,0.9808,13.683605,3.699136,-1.5956,-0.0015,-0.1695,-0.1977
/kaggle/input/datasets/duc24kdl/sub-x-ray/sub_X-Ray/sub_NIH/00001922_002.png,,sub_NIH,00001922_002.png,ok,512x512 -> 1024x1024,2,1,4.8,42.5307,3.630862,1.905482,0.9626,0.9967,0.1351,6.5671,39.843,6.741836,2.596505,0.9434,0.9923,0.3103,0.3103,0.3103,7.6989,111.3919,69.2464,111.3919,69.2464,0.087,39.843,0.9434,6.741836,2.596505,-2.6877,-0.0044,-0.1752,-1.1318
/kaggle/input/datasets/duc24kdl/sub-x-ray/sub_X-Ray/sub_NIH/00001923_000.png,,sub_NIH,00001923_000.png,ok,512x512 -> 1024x1024,2,1,4.79,46.6061,1.42061,1.191893,0.9864,0.9984,0.0606,7.3353,42.963,3.286875,1.812974,0.9768,0.9961,0.216,0.216,0.216,8.0749,171.9436,37.3183,171.9436,37.3183,0.0422,42.963,0.9768,3.286875,1.812974,-3.6431,-0.0023,-0.1554,-0.7396
/kaggle/input/datasets/duc24kdl/sub-x-ray/sub_X-Ray/sub_NIH/00001924_000.png,,sub_NIH,00001924_000.png,ok,512x512 -> 1024x1024,2,1,4.79,45.8814,1.678568,1.295596,0.9824,0.9981,0.0682,6.673,41.6139,4.484292,2.117615,0.9674,0.9946,0.2276,0.2276,0.2276,7.3364,152.8076,52.8593,152.8076,52.8593,0.1219,41.6139,0.9674,4.484292,2.117615,-4.2675,-0.0034,-0.1594,-0.6634
/kaggle/input/datasets/duc24kdl/sub-x-ray/sub_X-Ray/sub_NIH/00001926_000.png,,sub_NIH,00001926_000.png,ok,512x512 -> 1024x1024,2,1,4.79,35.5982,17.916666,4.232808,0.9846,0.9982,0.0745,7.4836,32.6258,35.522171,5.960048,0.9757,0.9959,0.2528,0.2528,0.2528,7.9314,117.4722,49.7785,117.4722,49.7785,0.1684,32.6258,0.9757,35.522171,5.960048,-2.9724,-0.0023,-0.1782,-0.4477
/kaggle/input/datasets/duc24kdl/sub-x-ray/sub_X-Ray/sub_NIH/00001928_000.png,,sub_NIH,00001928_000.png,ok,512x512 -> 1024x1024,2,1,4.82,36.6097,14.194261,3.767527,0.9831,0.9982,0.0743,6.3516,35.2914,19.228402,4.38502,0.9696,0.9951,0.2138,0.2138,0.2138,8.0154,176.1293,54.2784,176.1293,54.2784,0.1603,35.2914,0.9696,19.228402,4.38502,-1.3183,-0.0031,-0.1394,-1.6638
/kaggle/input/datasets/duc24kdl/sub-x-ray/sub_X-Ray/sub_NIH/00001930_000.png,,sub_NIH,00001930_000.png,ok,512x512 -> 1024x1024,2,1,4.81,40.0182,6.475357,2.544672,0.9473,0.9952,0.1801,6.8008,37.5829,11.344572,3.36817,0.9219,0.9888,0.3946,0.3946,0.3946,7.8764,139.7315,63.1807,139.7315,63.1807,0.1126,37.5829,0.9219,11.344572,3.36817,-2.4352,-0.0064,-0.2145,-1.0757
/kaggle/input/datasets/duc24kdl/sub-x-ray/sub_X-Ray/sub_NIH/00001930_001.png,,sub_NIH,00001930_001.png,ok,512x512 -> 1024x1024,2,1,4.78,38.3539,9.499305,3.082094,0.985,0.9983,0.0621,6.542,36.6343,14.114039,3.756866,0.9723,0.9954,0.2064,0.2064,0.2064,7.5693,154.9667,63.6414,154.9667,63.6414,0.1286,36.6343,0.9723,14.114039,3.756866,-1.7196,-0.0029,-0.1443,-1.0273
/kaggle/input/datasets/duc24kdl/sub-x-ray/sub_X-Ray/sub_NIH/00001931_012.png,,sub_NIH,00001931_012.png,ok,512x512 -> 1024x1024,2,1,4.77,38.287,9.646839,3.105936,0.9811,0.9979,0.085,7.0114,36.3294,15.140666,3.891101,0.9681,0.9949,0.2506,0.2506,0.2506,7.8697,129.3462,48.9508,129.3462,48.9508,0.0767,36.3294,0.9681,15.140666,3.891101,-1.9576,-0.0031,-0.1655,-0.8584
/kaggle/input/datasets/duc24kdl/sub-x-ray/sub_X-Ray/sub_NIH/00001932_000.png,,sub_NIH,00001932_000.png,ok,512x512 -> 1024x1024,2,1,4.8,36.9083,13.251144,3.640212,0.9857,0.9983,0.0632,6.5116,34.6137,22.475699,4.740854,0.9761,0.996,0.2022,0.2022,0.2022,7.6271,171.6141,55.9536,171.6141,55.9536,0.2226,34.6137,0.9761,22.475699,4.740854,-2.2946,-0.0023,-0.139,-1.1155
/kaggle/input/datasets/duc24kdl/sub-x-ray/sub_X-Ray/sub_NIH/00001934_000.png,,sub_NIH,00001934_000.png,ok,512x512 -> 1024x1024,2,1,4.77,42.6953,3.495839,1.869716,0.9666,0.997,0.1227,6.6549,39.2067,7.80564,2.793858,0.948,0.9928,0.2979,0.2979,0.2979,8.1668,107.5659,69.0235,107.5659,69.0235,0.0788,39.2067,0.948,7.80564,2.793858,-3.4886,-0.0042,-0.1752,-1.5119
/kaggle/input/datasets/duc24kdl/sub-x-ray/sub_X-Ray/sub_NIH/00001935_001.png,,sub_NIH,00001935_001.png,ok,512x512 -> 1024x1024,2,1,4.78,41.9116,4.187138,2.04625,0.9571,0.9962,0.168,7.1533,39.2757,7.682568,2.771745,0.9401,0.9919,0.3806,0.3806,0.3806,7.9267,140.3954,62.9903,140.3954,62.9903,0.081,39.2757,0.9401,7.682568,2.771745,-2.6359,-0.0043,-0.2126,-0.7734
/kaggle/input/datasets/duc24kdl/sub-x-ray/sub_X-Ray/sub_NIH/00001938_002.png,,sub_NIH,00001938_002.png,ok,512x512 -> 1024x1024,2,1,4.8,40.2855,6.088787,2.467547,0.9575,0.9962,0.1584,6.4832,37.7296,10.967727,3.311756,0.9361,0.991,0.3689,0.3689,0.3689,7.5134,129.7567,65.9701,129.7567,65.9701,0.1231,37.7296,0.9361,10.967727,3.311756,-2.5559,-0.0052,-0.2105,-1.0302
/kaggle/input/datasets/duc24kdl/sub-x-ray/sub_X-Ray/sub_NIH/00001941_007.png,,sub_NIH,00001941_007.png,ok,512x512 -> 1024x1024,2,1,4.92,37.3481,11.974784,3.46046,0.9819,0.9981,0.0614,6.9335,33.963,26.108588,5.109656,0.9699,0.9954,0.177,0.177,0.177,7.6728,164.1614,66.2773,164.1614,66.2773,0.2212,33.963,0.9699,26.108588,5.109656,-3.3852,-0.0027,-0.1155,-0.7393
/kaggle/input/datasets/duc24kdl/sub-x-ray/sub_X-Ray/sub_NIH/00001943_000.png,,sub_NIH,00001943_000.png,ok,512x512 -> 1024x1024,2,1,4.79,41.6169,4.481141,2.116871,0.9609,0.9965,0.1344,6.2474,38.497,9.191315,3.031718,0.9387,0.9915,0.3127,0.3127,0.3127,8.0911,107.8716,68.5559,107.8716,68.5559,0.0959,38.497,0.9387,9.191315,3.031718,-3.1199,-0.0051,-0.1783,-1.8437
/kaggle/input/datasets/duc24kdl/sub-x-ray/sub_X-Ray/sub_NIH/00001944_000.png,,sub_NIH,00001944_000.png,ok,512x512 -> 1024x1024,2,1,4.79,37.7778,10.84687,3.293459,0.9797,0.9979,0.0767,6.6703,35.8679,16.837815,4.103391,0.9632,0.9942,0.2168,0.2168,0.2168,7.8705,158.9753,62.466,158.9753,62.466,0.2235,35.8679,0.9632,16.837815,4.103391,-1.9098,-0.0038,-0.1401,-1.2001
/kaggle/input/datasets/duc24kdl/sub-x-ray/sub_X-Ray/sub_NIH/00001946_002.png,,sub_NIH,00001946_002.png,ok,512x512 -> 1024x1024,2,1,4.8,38.6051,8.965356,2.99422,0.9882,0.9987,0.056,6.4804,36.4619,14.685649,3.832186,0.9802,0.9971,0.1357,0.1357,0.1357,8.4232,102.6072,82.9401,102.6072,82.9401,0.227,36.4619,0.9802,14.685649,3.832186,-2.1433,-0.0015,-0.0797,-1.9428
/kaggle/input/datasets/duc24kdl/sub-x-ray/sub_X-Ray/sub_NIH/00001946_004.png,,sub_NIH,00001946_004.png,ok,512x512 -> 1024x1024,2,1,4.79,38.1199,10.025133,3.166249,0.9852,0.9985,0.076,6.3851,35.6919,17.534375,4.187407,0.9736,0.9964,0.1628,0.1628,0.1628,7.8739,96.5904,80.2938,96.5904,80.2938,0.1836,35.6919,0.9736,17.534375,4.187407,-2.428,-0.0021,-0.0868,-1.4888
/kaggle/input/datasets/duc24kdl/sub-x-ray/sub_X-Ray/sub_NIH/00001946_005.png,,sub_NIH,00001946_005.png,ok,512x512 -> 1024x1024,2,1,4.86,38.9894,8.206136,2.864635,0.9884,0.9986,0.0569,7.0648,36.5223,14.482687,3.805613,0.9793,0.9971,0.1514,0.1514,0.1514,8.6475,116.4571,77.7818,116.4571,77.7818,0.1452,36.5223,0.9793,14.482687,3.805613,-2.4671,-0.0016,-0.0945,-1.5826
/kaggle/input/datasets/duc24kdl/sub-x-ray/sub_X-Ray/sub_NIH/00001946_008.png,,sub_NIH,00001946_008.png,ok,512x512 -> 1024x1024,2,1,4.79,42.4139,3.729878,1.931289,0.9683,0.9972,0.1093,5.8146,38.5771,9.02333,3.003886,0.9495,0.9931,0.2537,0.2537,0.2537,7.843,84.7857,70.8556,84.7857,70.8556,0.0989,38.5771,0.9495,9.02333,3.003886,-3.8367,-0.0041,-0.1444,-2.0285
/kaggle/input/datasets/duc24kdl/sub-x-ray/sub_X-Ray/sub_NIH/00001946_009.png,,sub_NIH,00001946_009.png,ok,512x512 -> 1024x1024,2,1,4.78,38.1383,9.982741,3.159548,0.9857,0.9984,0.0586,6.6749,35.9624,16.475541,4.059007,0.9733,0.9959,0.1639,0.1639,0.1639,8.4328,131.2548,75.481,131.2548,75.481,0.2469,35.9624,0.9733,16.475541,4.059007,-2.1759,-0.0026,-0.1053,-1.7579
/kaggle/input/datasets/duc24kdl/sub-x-ray/sub_X-Ray/sub_NIH/00001946_010.png,,sub_NIH,00001946_010.png,ok,512x512 -> 1024x1024,2,1,4.78,37.2682,12.197332,3.492468,0.986,0.9984,0.0518,6.7721,34.4558,23.307666,4.827801,0.975,0.9962,0.1707,0.1707,0.1707,7.8476,144.9013,67.7697,144.9013,67.7697,0.0042,34.4558,0.975,23.307666,4.827801,-2.8123,-0.0022,-0.1189,-1.0755
/kaggle/input/datasets/duc24kdl/sub-x-ray/sub_X-Ray/sub_chest/IM-0001-0001.jpeg,,sub_chest,IM-0001-0001.jpeg,ok,928x658 -> 1856x1316,2,1,12.93,38.7326,8.706034,2.950599,0.937,0.9933,0.1842,5.6925,36.0647,16.092137,4.011501,0.8906,0.9811,0.3748,0.3748,0.3748,7.8628,131.0143,56.9734,131.0143,56.9734,0.0697,36.0647,0.8906,16.092137,4.011501,-2.6679,-0.0122,-0.1907,-2.1703
/kaggle/input/datasets/duc24kdl/sub-x-ray/sub_X-Ray/sub_chest/IM-0003-0001.jpeg,,sub_chest,IM-0003-0001.jpeg,ok,1055x754 -> 2110x1508,2,1,17.14,39.4525,7.376088,2.715895,0.9341,0.9929,0.193,5.6824,37.029,12.887917,3.589974,0.8864,0.9798,0.3871,0.3871,0.3871,9.1624,142.4813,60.5743,142.4813,60.5743,0.1668,37.029,0.8864,12.887917,3.589974,-2.4236,-0.0131,-0.1941,-3.4799
/kaggle/input/datasets/duc24kdl/sub-x-ray/sub_X-Ray/sub_chest/IM-0005-0001.jpeg,,sub_chest,IM-0005-0001.jpeg,ok,1015x918 -> 2030x1836,2,1,19.84,38.0641,10.154796,3.186659,0.9229,0.992,0.2104,5.6575,35.656,17.68002,4.204762,0.8695,0.9774,0.3845,0.3845,0.3845,8.2654,136.2999,55.2972,136.2999,55.2972,0.0718,35.656,0.8695,17.68002,4.204762,-2.4081,-0.0146,-0.1742,-2.6079
/kaggle/input/datasets/duc24kdl/sub-x-ray/sub_X-Ray/sub_chest/IM-0006-0001.jpeg,,sub_chest,IM-0006-0001.jpeg,ok,831x663 -> 1662x1326,2,1,12.06,38.3247,9.563426,3.092479,0.92,0.9918,0.224,6.2603,35.8152,17.043597,4.128389,0.8642,0.9767,0.4254,0.4254,0.4254,8.6204,148.8408,42.1132,148.8408,42.1132,0.0879,35.8152,0.8642,17.043597,4.128389,-2.5095,-0.0152,-0.2014,-2.3601
/kaggle/input/datasets/duc24kdl/sub-x-ray/sub_X-Ray/sub_chest/IM-0007-0001.jpeg,,sub_chest,IM-0007-0001.jpeg,ok,1026x909 -> 2052x1818,2,1,19.16,38.5606,9.057815,3.00962,0.9263,0.9924,0.2056,5.7188,36.0604,16.107831,4.013456,0.8742,0.9783,0.3974,0.3974,0.3974,8.2661,137.7463,53.8548,137.7463,53.8548,0.0868,36.0604,0.8742,16.107831,4.013456,-2.5001,-0.0141,-0.1917,-2.5473
/kaggle/input/datasets/duc24kdl/sub-x-ray/sub_X-Ray/sub_chest/IM-0009-0001.jpeg,,sub_chest,IM-0009-0001.jpeg,ok,926x721 -> 1852x1442,2,1,14.31,34.9896,20.611905,4.540034,0.8444,0.9881,0.2465,6.2212,33.1196,31.704632,5.630687,0.8002,0.9756,0.4175,0.4175,0.4175,9.0217,143.6985,48.8374,143.6985,48.8374,0.2486,33.1196,0.8002,31.704632,5.630687,-1.87,-0.0126,-0.171,-2.8005
/kaggle/input/datasets/duc24kdl/sub-x-ray/sub_X-Ray/sub_chest/IM-0010-0001.jpeg,,sub_chest,IM-0010-0001.jpeg,ok,936x739 -> 1872x1478,2,1,13.99,38.126,10.011081,3.164029,0.9209,0.9917,0.2033,5.8417,35.6888,17.54671,4.188879,0.8661,0.9765,0.37,0.37,0.37,8.757,132.707,58.6443,132.707,58.6443,0.091,35.6888,0.8661,17.54671,4.188879,-2.4371,-0.0152,-0.1666,-2.9153
/kaggle/input/datasets/duc24kdl/sub-x-ray/sub_X-Ray/sub_chest/IM-0011-0001-0001.jpeg,,sub_chest,IM-0011-0001-0001.jpeg,ok,1072x958 -> 2144x1916,2,1,20.36,37.9624,10.39536,3.224184,0.9219,0.9916,0.2125,6.0562,35.6321,17.777348,4.216319,0.8675,0.9764,0.3817,0.3817,0.3817,8.5577,137.1173,52.8769,137.1173,52.8769,0.1119,35.6321,0.8675,17.777348,4.216319,-2.3303,-0.0152,-0.1692,-2.5015
/kaggle/input/datasets/duc24kdl/sub-x-ray/sub_X-Ray/sub_chest/IM-0011-0001-0002.jpeg,,sub_chest,IM-0011-0001-0002.jpeg,ok,1107x972 -> 2214x1944,2,1,22.43,39.1128,7.97631,2.824236,0.9428,0.9938,0.177,6.0275,36.5719,14.318306,3.783954,0.8995,0.9822,0.3707,0.3707,0.3707,8.2936,133.4423,57.9265,133.4423,57.9265,0.1032,36.5719,0.8995,14.318306,3.783954,-2.5409,-0.0116,-0.1937,-2.2661
/kaggle/input/datasets/duc24kdl/sub-x-ray/sub_X-Ray/sub_chest/IM-0011-0001.jpeg,,sub_chest,IM-0011-0001.jpeg,ok,931x892 -> 1862x1784,2,1,17.22,36.5207,14.488039,3.806316,0.8809,0.9887,0.2565,5.689,34.5482,22.816933,4.776707,0.8172,0.97,0.3892,0.3892,0.3892,8.4431,126.2815,52.6366,126.2815,52.6366,0.1188,34.5482,0.8172,22.816933,4.776707,-1.9725,-0.0186,-0.1327,-2.754
/kaggle/input/datasets/duc24kdl/sub-x-ray/sub_X-Ray/sub_chest/IM-0013-0001.jpeg,,sub_chest,IM-0013-0001.jpeg,ok,1222x1077 -> 2444x2154,2,1,26.46,37.6126,11.267317,3.356682,0.9183,0.9914,0.2118,5.8504,35.2689,19.328092,4.396373,0.8606,0.9752,0.3805,0.3805,0.3805,8.5791,136.0832,56.0852,136.0832,56.0852,0.1105,35.2689,0.8606,19.328092,4.396373,-2.3437,-0.0162,-0.1686,-2.7287
/kaggle/input/datasets/duc24kdl/sub-x-ray/sub_X-Ray/sub_chest/IM-0015-0001.jpeg,,sub_chest,IM-0015-0001.jpeg,ok,901x619 -> 1802x1238,2,1,12.41,38.0534,10.17979,3.190578,0.9172,0.9918,0.2276,5.9205,35.6179,17.835589,4.22322,0.8628,0.9772,0.4184,0.4184,0.4184,8.0559,136.7155,47.3834,136.7155,47.3834,0.1062,35.6179,0.8628,17.835589,4.22322,-2.4355,-0.0146,-0.1908,-2.1355
/kaggle/input/datasets/duc24kdl/sub-x-ray/sub_X-Ray/sub_chest/IM-0016-0001.jpeg,,sub_chest,IM-0016-0001.jpeg,ok,1249x1028 -> 2498x2056,2,1,25.88,38.3429,9.523434,3.086006,0.9248,0.9921,0.2028,5.5363,35.9997,16.334768,4.041629,0.8724,0.9773,0.3735,0.3735,0.3735,8.206,134.1607,62.1678,134.1607,62.1678,0.1175,35.9997,0.8724,16.334768,4.041629,-2.3432,-0.0147,-0.1708,-2.6697
/kaggle/input/datasets/duc24kdl/sub-x-ray/sub_X-Ray/sub_chest/IM-0017-0001.jpeg,,sub_chest,IM-0017-0001.jpeg,ok,992x779 -> 1984x1558,2,1,15.3,37.2523,12.241817,3.498831,0.9109,0.9906,0.2245,6.1256,34.9976,20.574184,4.535877,0.8512,0.9735,0.393,0.393,0.393,8.3827,139.368,48.0601,139.368,48.0601,0.0873,34.9976,0.8512,20.574184,4.535877,-2.2548,-0.0171,-0.1685,-2.2571
/kaggle/input/datasets/duc24kdl/sub-x-ray/sub_X-Ray/sub_chest/IM-0019-0001.jpeg,,sub_chest,IM-0019-0001.jpeg,ok,958x716 -> 1916x1432,2,1,14.2,39.2656,7.700498,2.774977,0.9327,0.9927,0.1993,5.8285,36.7059,13.883151,3.72601,0.8847,0.9797,0.3973,0.3973,0.3973,8.3522,135.0347,51.622,135.0347,51.622,0.0923,36.7059,0.8847,13.883151,3.72601,-2.5597,-0.013,-0.198,-2.5237
/kaggle/input/datasets/duc24kdl/sub-x-ray/sub_X-Ray/sub_chest/IM-0021-0001.jpeg,,sub_chest,IM-0021-0001.jpeg,ok,1312x946 -> 2624x1892,2,1,23.38,37.7887,10.819536,3.289306,0.9356,0.9927,0.2118,6.6105,35.4648,18.475541,4.298318,0.891,0.9797,0.4032,0.4032,0.4032,8.7317,151.5706,44.1993,151.5706,44.1993,0.0676,35.4648,0.891,18.475541,4.298318,-2.3239,-0.013,-0.1915,-2.1212
/kaggle/input/datasets/duc24kdl/sub-x-ray/sub_X-Ray/sub_chest/IM-0022-0001.jpeg,,sub_chest,IM-0022-0001.jpeg,ok,650x308 -> 1300x616,2,1,5.25,37.5109,11.534303,3.396219,0.919,0.9915,0.2621,6.3067,35.306,19.16389,4.377658,0.8743,0.9789,0.4152,0.4152,0.4152,8.4648,86.2009,32.6505,86.2009,32.6505,0.0567,35.306,0.8743,19.16389,4.377658,-2.2049,-0.0126,-0.1531,-2.1581
/kaggle/input/datasets/duc24kdl/sub-x-ray/sub_X-Ray/sub_chest/IM-0023-0001.jpeg,,sub_chest,IM-0023-0001.jpeg,ok,1011x692 -> 2022x1384,2,1,14.61,37.2926,12.128736,3.482633,0.9159,0.9915,0.225,5.9245,35.0652,20.2565,4.500722,0.8628,0.9767,0.3921,0.3921,0.3921,8.3724,132.721,54.348,132.721,54.348,0.1257,35.0652,0.8628,20.2565,4.500722,-2.2275,-0.0147,-0.1671,-2.4479
/kaggle/input/datasets/duc24kdl/sub-x-ray/sub_X-Ray/sub_chest/IM-0025-0001.jpeg,,sub_chest,IM-0025-0001.jpeg,ok,1360x1229 -> 2720x2458,2,1,31.64,38.4819,9.223303,3.036989,0.9255,0.992,0.1915,6.0464,36.148,15.786145,3.973178,0.8724,0.9768,0.3536,0.3536,0.3536,8.9204,133.2066,66.3341,133.2066,66.3341,0.1296,36.148,0.8724,15.786145,3.973178,-2.3339,-0.0152,-0.1621,-2.874
/kaggle/input/datasets/duc24kdl/sub-x-ray/sub_X-Ray/sub_chest/IM-0027-0001.jpeg,,sub_chest,IM-0027-0001.jpeg,ok,1135x913 -> 2270x1826,2,1,21.2,38.1528,9.949488,3.154281,0.919,0.9915,0.2152,6.1861,35.773,17.21005,4.1485,0.8628,0.9755,0.3776,0.3776,0.3776,8.706,143.0793,53.5652,143.0793,53.5652,0.146,35.773,0.8628,17.21005,4.1485,-2.3798,-0.0161,-0.1624,-2.5199
/kaggle/input/datasets/duc24kdl/sub-x-ray/sub_X-Ray/sub_chest/IM-0028-0001.jpeg,,sub_chest,IM-0028-0001.jpeg,ok,1261x1062 -> 2522x2124,2,1,27.35,38.3676,9.469289,3.077221,0.9239,0.9919,0.2145,5.6739,36.0655,16.088973,4.011106,0.8724,0.9772,0.3813,0.3813,0.3813,8.3699,127.7664,59.0779,127.7664,59.0779,0.1195,36.0655,0.8724,16.088973,4.011106,-2.3021,-0.0147,-0.1668,-2.696
/kaggle/input/datasets/duc24kdl/sub-x-ray/sub_X-Ray/sub_chest/IM-0029-0001.jpeg,,sub_chest,IM-0029-0001.jpeg,ok,1171x1069 -> 2342x2138,2,1,25.53,37.3165,12.062332,3.473087,0.9078,0.9905,0.2335,6.1831,35.0225,20.456413,4.522877,0.8444,0.9723,0.4077,0.4077,0.4077,8.8523,149.771,45.7061,149.771,45.7061,0.0937,35.0225,0.8444,20.456413,4.522877,-2.294,-0.0182,-0.1742,-2.6692
/kaggle/input/datasets/duc24kdl/sub-x-ray/sub_X-Ray/sub_chest/IM-0030-0001.jpeg,,sub_chest,IM-0030-0001.jpeg,ok,823x657 -> 1646x1314,2,1,11.86,37.5986,11.303735,3.362103,0.9105,0.991,0.2262,5.6501,35.2489,19.417569,4.406537,0.8495,0.9744,0.3928,0.3928,0.3928,8.4789,109.611,50.9801,109.611,50.9801,0.0838,35.2489,0.8495,19.417569,4.406537,-2.3497,-0.0166,-0.1666,-2.8287
/kaggle/input/datasets/duc24kdl/sub-x-ray/sub_X-Ray/sub_chest/IM-0031-0001.jpeg,,sub_chest,IM-0031-0001.jpeg,ok,974x816 -> 1948x1632,2,1,16.35,39.1445,7.918241,2.813937,0.9277,0.9925,0.1985,5.6517,36.6393,14.097649,3.754684,0.8782,0.9792,0.3837,0.3837,0.3837,8.2348,138.6179,58.1,138.6179,58.1,0.1081,36.6393,0.8782,14.097649,3.754684,-2.5052,-0.0134,-0.1853,-2.5831
/kaggle/input/datasets/duc24kdl/sub-x-ray/sub_X-Ray/sub_chest/IM-0033-0001-0001.jpeg,,sub_chest,IM-0033-0001-0001.jpeg,ok,1085x976 -> 2170x1952,2,1,21.43,37.334,12.013731,3.466083,0.9099,0.991,0.2172,5.5695,35.2707,19.320011,4.395453,0.8536,0.9754,0.4005,0.4005,0.4005,8.1968,151.823,65.5222,151.823,65.5222,0.1281,35.2707,0.8536,19.320011,4.395453,-2.0633,-0.0156,-0.1833,-2.6273
/kaggle/input/datasets/duc24kdl/sub-x-ray/sub_X-Ray/sub_chest/IM-0033-0001-0002.jpeg,,sub_chest,IM-0033-0001-0002.jpeg,ok,1012x918 -> 2024x1836,2,1,18.73,37.8747,10.607418,3.256903,0.9234,0.9919,0.2037,5.9998,35.4391,18.585414,4.31108,0.8675,0.9767,0.3952,0.3952,0.3952,8.2604,147.586,54.8586,147.586,54.8586,0.0913,35.4391,0.8675,18.585414,4.31108,-2.4356,-0.0152,-0.1915,-2.2606
/kaggle/input/datasets/duc24kdl/sub-x-ray/sub_X-Ray/sub_chest/IM-0033-0001.jpeg,,sub_chest,IM-0033-0001.jpeg,ok,829x767 -> 1658x1534,2,1,13.68,37.266,12.203428,3.493341,0.9265,0.9927,0.2052,5.9572,34.8765,21.156069,4.599573,0.8749,0.9793,0.4085,0.4085,0.4085,8.0432,143.4174,51.7038,143.4174,51.7038,0.0903,34.8765,0.8749,21.156069,4.599573,-2.3895,-0.0135,-0.2033,-2.086
/kaggle/input/datasets/duc24kdl/sub-x-ray/sub_X-Ray/sub_chest/IM-0035-0001.jpeg,,sub_chest,IM-0035-0001.jpeg,ok,1240x1164 -> 2480x2328,2,1,27.36,37.7868,10.824293,3.290029,0.9106,0.9908,0.2381,5.6653,35.6204,17.825634,4.222041,0.8566,0.9753,0.3973,0.3973,0.3973,8.3451,130.7882,58.6453,130.7882,58.6453,0.101,35.6204,0.8566,17.825634,4.222041,-2.1665,-0.0155,-0.1593,-2.6799
/kaggle/input/datasets/duc24kdl/sub-x-ray/sub_X-Ray/sub_chest/IM-0036-0001.jpeg,,sub_chest,IM-0036-0001.jpeg,ok,1048x854 -> 2096x1708,2,1,17.61,37.9948,10.318096,3.212179,0.9343,0.9932,0.1827,5.571,35.6848,17.562943,4.190817,0.8875,0.981,0.3846,0.3846,0.3846,8.0508,153.9702,69.9024,153.9702,69.9024,0.113,35.6848,0.8875,17.562943,4.190817,-2.31,-0.0123,-0.2019,-2.4797
/kaggle/input/datasets/duc24kdl/sub-x-ray/sub_X-Ray/sub_chest/IM-0037-0001.jpeg,,sub_chest,IM-0037-0001.jpeg,ok,870x752 -> 1740x1504,2,1,13.93,37.7678,10.871757,3.297235,0.9207,0.9917,0.2106,5.8851,35.3346,19.038076,4.363264,0.8647,0.9765,0.3966,0.3966,0.3966,8.0942,140.3894,49.2126,140.3894,49.2126,0.1418,35.3346,0.8647,19.038076,4.363264,-2.4332,-0.0152,-0.186,-2.2091
/kaggle/input/datasets/duc24kdl/sub-x-ray/sub_X-Ray/sub_chest/IM-0039-0001.jpeg,,sub_chest,IM-0039-0001.jpeg,ok,1076x896 -> 2152x1792,2,1,19.18,39.0372,8.116307,2.848913,0.9349,0.993,0.1918,5.6268,36.5059,14.537382,3.812792,0.8875,0.9802,0.3921,0.3921,0.3921,8.2331,134.2484,57.3669,134.2484,57.3669,0.0755,36.5059,0.8875,14.537382,3.812792,-2.5313,-0.0128,-0.2003,-2.6063
/kaggle/input/datasets/duc24kdl/sub-x-ray/sub_X-Ray/sub_chest/IM-0041-0001.jpeg,,sub_chest,IM-0041-0001.jpeg,ok,1011x1035 -> 2022x2070,2,1,21.59,37.3849,11.873952,3.44586,0.9068,0.9905,0.2317,5.7723,35.1022,20.084405,4.481563,0.845,0.9731,0.3996,0.3996,0.3996,8.5709,107.7988,53.7703,107.7988,53.7703,0.1103,35.1022,0.845,20.084405,4.481563,-2.2826,-0.0174,-0.1679,-2.7986
/kaggle/input/datasets/duc24kdl/sub-x-ray/sub_X-Ray/sub_chest/IM-0043-0001.jpeg,,sub_chest,IM-0043-0001.jpeg,ok,1148x1016 -> 2296x2032,2,1,22.9,37.9944,10.31914,3.212342,0.9103,0.9904,0.226,6.1661,35.6554,17.682476,4.205054,0.8483,0.9726,0.3928,0.3928,0.3928,8.5665,143.5867,49.7414,143.5867,49.7414,0.106,35.6554,0.8483,17.682476,4.205054,-2.339,-0.0178,-0.1668,-2.4003
/kaggle/input/datasets/duc24kdl/sub-x-ray/sub_X-Ray/sub_chest/IM-0045-0001.jpeg,,sub_chest,IM-0045-0001.jpeg,ok,1373x1191 -> 2746x2382,2,1,33.66,37.9148,10.509824,3.241886,0.9181,0.9915,0.2059,5.8745,35.5824,17.982125,4.240534,0.8596,0.9748,0.3792,0.3792,0.3792,8.613,145.0896,58.3581,145.0896,58.3581,0.0849,35.5824,0.8596,17.982125,4.240534,-2.3325,-0.0167,-0.1733,-2.7385
/kaggle/input/datasets/duc24kdl/sub-x-ray/sub_X-Ray/sub_chest/IM-0046-0001.jpeg,,sub_chest,IM-0046-0001.jpeg,ok,1000x862 -> 2000x1724,2,1,16.66,37.82,10.741896,3.277483,0.9208,0.9916,0.211,5.9854,35.3888,18.801851,4.33611,0.8645,0.9761,0.3963,0.3963,0.3963,8.3583,142.619,49.6865,142.619,49.6865,0.0912,35.3888,0.8645,18.801851,4.33611,-2.4312,-0.0155,-0.1853,-2.3729
/kaggle/input/datasets/duc24kdl/sub-x-ray/sub_X-Ray/sub_chest/IM-0049-0001.jpeg,,sub_chest,IM-0049-0001.jpeg,ok,881x530 -> 1762x1060,2,1,10.7,42.075,4.032564,2.008124,0.9621,0.9957,0.1164,5.8651,38.5176,9.147961,3.02456,0.9203,0.9849,0.2894,0.2894,0.2894,8.2543,120.6158,59.1776,120.6158,59.1776,0.1354,38.5176,0.9203,9.147961,3.02456,-3.5574,-0.0107,-0.1729,-2.3892
/kaggle/input/datasets/duc24kdl/sub-x-ray/sub_X-Ray/sub_chest/IM-0050-0001.jpeg,,sub_chest,IM-0050-0001.jpeg,ok,1376x941 -> 2752x1882,2,1,24.52,40.0572,6.417355,2.53325,0.9412,0.9933,0.1473,5.7818,37.1931,12.410099,3.522797,0.8873,0.9779,0.3062,0.3062,0.3062,8.7627,131.4927,54.133,131.4927,54.133,0.1715,37.1931,0.8873,12.410099,3.522797,-2.8642,-0.0154,-0.1589,-2.9809
/kaggle/input/datasets/duc24kdl/sub-x-ray/sub_X-Ray/sub_chest/IM-0059-0001.jpeg,,sub_chest,IM-0059-0001.jpeg,ok,808x520 -> 1616x1040,2,1,9.08,42.1393,3.973335,1.993323,0.975,0.9968,0.0976,6.5771,39.0909,8.016583,2.831357,0.949,0.9899,0.3001,0.3001,0.3001,8.6583,139.1491,62.2297,139.1491,62.2297,0.1092,39.0909,0.949,8.016583,2.831357,-3.0483,-0.0069,-0.2026,-2.0812
/kaggle/input/datasets/duc24kdl/sub-x-ray/sub_X-Ray/sub_chest/IM-0061-0001.jpeg,,sub_chest,IM-0061-0001.jpeg,ok,877x659 -> 1754x1318,2,1,12.51,42.4648,3.686355,1.919988,0.9778,0.9973,0.0936,6.3869,39.3072,7.627075,2.761716,0.9541,0.9912,0.3066,0.3066,0.3066,8.7558,138.1782,72.7784,138.1782,72.7784,0.0706,39.3072,0.9541,7.627075,2.761716,-3.1576,-0.006,-0.2131,-2.3689
/kaggle/input/datasets/duc24kdl/sub-x-ray/sub_X-Ray/sub_chest/IM-0063-0001.jpeg,,sub_chest,IM-0063-0001.jpeg,ok,1017x880 -> 2034x1760,2,1,18.31,43.5109,2.897248,1.702131,0.9805,0.9974,0.0901,6.5704,40.335,6.019817,2.453532,0.9602,0.9921,0.294,0.294,0.294,8.7853,113.4326,59.3487,113.4326,59.3487,0.1458,40.335,0.9602,6.019817,2.453532,-3.176,-0.0053,-0.2039,-2.2149
/kaggle/input/datasets/duc24kdl/sub-x-ray/sub_X-Ray/sub_chest/IM-0065-0001.jpeg,,sub_chest,IM-0065-0001.jpeg,ok,781x510 -> 1562x1020,2,1,9.25,45.2494,1.941513,1.393382,0.9777,0.9972,0.0884,6.3712,41.3259,4.791706,2.188997,0.9532,0.9912,0.2827,0.2827,0.2827,8.7249,106.361,63.6036,106.361,63.6036,0.1679,41.3259,0.9532,4.791706,2.188997,-3.9235,-0.0061,-0.1942,-2.3537
/kaggle/input/datasets/duc24kdl/sub-x-ray/sub_X-Ray/sub_chest/IM-0067-0001.jpeg,,sub_chest,IM-0067-0001.jpeg,ok,786x562 -> 1572x1124,2,1,9.9,42.4952,3.660644,1.913281,0.9785,0.9972,0.0858,6.3407,39.2788,7.677111,2.77076,0.9545,0.9911,0.2653,0.2653,0.2653,8.399,108.9804,61.5786,108.9804,61.5786,0.1026,39.2788,0.9545,7.677111,2.77076,-3.2164,-0.0061,-0.1795,-2.0582
/kaggle/input/datasets/duc24kdl/sub-x-ray/sub_X-Ray/sub_chest/IM-0069-0001.jpeg,,sub_chest,IM-0069-0001.jpeg,ok,987x613 -> 1974x1226,2,1,13.16,42.3201,3.811277,1.952249,0.978,0.9972,0.0949,6.5545,39.3152,7.613115,2.759187,0.9561,0.9914,0.2963,0.2963,0.2963,8.7472,124.711,64.2112,124.711,64.2112,0.0874,39.3152,0.9561,7.613115,2.759187,-3.0049,-0.0058,-0.2014,-2.1927
/kaggle/input/datasets/duc24kdl/sub-x-ray/sub_X-Ray/sub_chest/IM-0070-0001.jpeg,,sub_chest,IM-0070-0001.jpeg,ok,1017x696 -> 2034x1392,2,1,14.65,45.9671,1.645775,1.282878,0.9807,0.9975,0.0833,6.1888,42.0387,4.06643,2.016539,0.9605,0.9922,0.269,0.269,0.269,8.7936,105.5274,64.3191,105.5274,64.3191,0.1766,42.0387,0.9605,4.06643,2.016539,-3.9284,-0.0053,-0.1857,-2.6048
/kaggle/input/datasets/duc24kdl/sub-x-ray/sub_X-Ray/sub_chest/IM-0071-0001.jpeg,,sub_chest,IM-0071-0001.jpeg,ok,1030x779 -> 2060x1558,2,1,16.72,42.2538,3.869864,1.967197,0.9745,0.9968,0.1024,6.106,39.0055,8.175833,2.859341,0.9469,0.9896,0.3044,0.3044,0.3044,8.6591,130.2583,60.1882,130.2583,60.1882,0.0766,39.0055,0.9469,8.175833,2.859341,-3.2484,-0.0072,-0.2021,-2.553
/kaggle/input/datasets/duc24kdl/sub-x-ray/sub_X-Ray/sub_chest/IM-0073-0001.jpeg,,sub_chest,IM-0073-0001.jpeg,ok,661x325 -> 1322x650,2,1,5.69,41.3136,4.805309,2.192101,0.9657,0.9962,0.1184,6.167,37.8781,10.59917,3.255637,0.9284,0.9873,0.3374,0.3374,0.3374,8.2169,131.659,53.78,131.659,53.78,0.0903,37.8781,0.9284,10.59917,3.255637,-3.4355,-0.0089,-0.219,-2.05
/kaggle/input/datasets/duc24kdl/sub-x-ray/sub_X-Ray/sub_chest/IM-0075-0001.jpeg,,sub_chest,IM-0075-0001.jpeg,ok,893x534 -> 1786x1068,2,1,10.67,42.749,3.452882,1.858193,0.9725,0.9967,0.1042,5.7753,39.323,7.599342,2.75669,0.943,0.9891,0.2993,0.2993,0.2993,8.2567,131.809,59.1778,131.809,59.1778,0.117,39.323,0.943,7.599342,2.75669,-3.4259,-0.0076,-0.1951,-2.4814
/kaggle/input/datasets/duc24kdl/sub-x-ray/sub_X-Ray/sub_chest/IM-0077-0001.jpeg,,sub_chest,IM-0077-0001.jpeg,ok,870x623 -> 1740x1246,2,1,11.88,42.4537,3.69581,1.922449,0.9844,0.9978,0.0752,6.9234,39.3173,7.609326,2.758501,0.9682,0.9934,0.2801,0.2801,0.2801,8.4787,130.0773,57.3515,130.0773,57.3515,0.034,39.3173,0.9682,7.609326,2.758501,-3.1364,-0.0044,-0.2049,-1.5553
/kaggle/input/datasets/duc24kdl/sub-x-ray/sub_X-Ray/sub_chest/IM-0079-0001.jpeg,,sub_chest,IM-0079-0001.jpeg,ok,887x615 -> 1774x1230,2,1,11.91,43.1844,3.1235,1.767343,0.9752,0.9969,0.0966,6.5348,39.8084,6.795816,2.606879,0.9499,0.9902,0.3087,0.3087,0.3087,8.941,137.629,60.7746,137.629,60.7746,0.1849,39.8084,0.9499,6.795816,2.606879,-3.376,-0.0067,-0.2122,-2.4062
/kaggle/input/datasets/duc24kdl/sub-x-ray/sub_X-Ray/sub_chest/IM-0081-0001.jpeg,,sub_chest,IM-0081-0001.jpeg,ok,630x383 -> 1260x766,2,1,6.11,42.3287,3.803726,1.950314,0.977,0.9971,0.0911,6.5395,38.9134,8.351118,2.88983,0.9529,0.991,0.2837,0.2837,0.2837,8.1817,123.9442,57.8608,123.9442,57.8608,0.1456,38.9134,0.9529,8.351118,2.88983,-3.4154,-0.0061,-0.1926,-1.6422
/kaggle/input/datasets/duc24kdl/sub-x-ray/sub_X-Ray/sub_chest/IM-0083-0001.jpeg,,sub_chest,IM-0083-0001.jpeg,ok,620x462 -> 1240x924,2,1,7.0,42.1445,3.968509,1.992112,0.9738,0.9968,0.1044,6.5175,39.0094,8.168502,2.858059,0.9468,0.9899,0.3138,0.3138,0.3138,8.7385,128.03,55.559,128.03,55.559,0.1663,39.0094,0.9468,8.168502,2.858059,-3.1352,-0.0069,-0.2094,-2.221
/kaggle/input/datasets/duc24kdl/sub-x-ray/sub_X-Ray/sub_chest/IM-0084-0001.jpeg,,sub_chest,IM-0084-0001.jpeg,ok,877x593 -> 1754x1186,2,1,11.74,42.4507,3.698368,1.923114,0.9769,0.9971,0.0991,6.5088,39.3499,7.552549,2.74819,0.9534,0.9911,0.3046,0.3046,0.3046,8.6292,129.7135,64.3932,129.7135,64.3932,0.0699,39.3499,0.9534,7.552549,2.74819,-3.1008,-0.0061,-0.2056,-2.1203
/kaggle/input/datasets/duc24kdl/sub-x-ray/sub_X-Ray/sub_chest/IM-0085-0001.jpeg,,sub_chest,IM-0085-0001.jpeg,ok,779x507 -> 1558x1014,2,1,9.29,41.9518,4.14856,2.036802,0.9754,0.9971,0.1005,6.0541,38.7231,8.725092,2.953827,0.9473,0.9902,0.3245,0.3245,0.3245,8.5993,127.8463,57.3755,127.8463,57.3755,0.0812,38.7231,0.9473,8.725092,2.953827,-3.2287,-0.0069,-0.224,-2.5452
/kaggle/input/datasets/duc24kdl/sub-x-ray/sub_X-Ray/sub_chest/IM-0086-0001.jpeg,,sub_chest,IM-0086-0001.jpeg,ok,1003x730 -> 2006x1460,2,1,15.54,42.3709,3.766931,1.940858,0.9756,0.997,0.0992,6.0534,39.2059,7.807125,2.794123,0.9491,0.9901,0.3013,0.3013,0.3013,8.4274,108.836,64.8018,108.836,64.8018,0.1198,39.2059,0.9491,7.807125,2.794123,-3.165,-0.0068,-0.2021,-2.374
/kaggle/input/datasets/duc24kdl/sub-x-ray/sub_X-Ray/sub_chest/IM-0087-0001.jpeg,,sub_chest,IM-0087-0001.jpeg,ok,945x678 -> 1890x1356,2,1,14.07,45.2,1.96373,1.401331,0.9766,0.9971,0.0961,6.0164,41.1798,4.955595,2.226117,0.9503,0.9903,0.2829,0.2829,0.2829,8.2031,117.5897,63.8846,117.5897,63.8846,0.176,41.1798,0.9503,4.955595,2.226117,-4.0201,-0.0068,-0.1868,-2.1867
/kaggle/input/datasets/duc24kdl/sub-x-ray/sub_X-Ray/sub_chest/IM-0089-0001.jpeg,,sub_chest,IM-0089-0001.jpeg,ok,1213x1038 -> 2426x2076,2,1,26.33,43.9918,2.59357,1.610456,0.9802,0.9973,0.0915,6.7855,40.8987,5.287047,2.299358,0.9606,0.9918,0.3023,0.3023,0.3023,8.8985,136.2359,61.9103,136.2359,61.9103,0.1682,40.8987,0.9606,5.287047,2.299358,-3.0932,-0.0055,-0.2108,-2.113
/kaggle/input/datasets/duc24kdl/sub-x-ray/sub_X-Ray/sub_chest/IM-0091-0001.jpeg,,sub_chest,IM-0091-0001.jpeg,ok,877x518 -> 1754x1036,2,1,10.22,42.5609,3.605744,1.89888,0.9771,0.9972,0.0938,6.2956,39.2559,7.717693,2.778074,0.9506,0.9907,0.2957,0.2957,0.2957,8.4391,119.4445,60.4115,119.4445,60.4115,0.2284,39.2559,0.9506,7.717693,2.778074,-3.3049,-0.0065,-0.2019,-2.1435
/kaggle/input/datasets/duc24kdl/sub-x-ray/sub_X-Ray/sub_chest/IM-0093-0001.jpeg,,sub_chest,IM-0093-0001.jpeg,ok,894x641 -> 1788x1282,2,1,12.43,45.9947,1.635343,1.278805,0.9857,0.9979,0.0712,7.2005,42.2657,3.859353,1.964524,0.9708,0.9938,0.2919,0.2919,0.2919,8.9373,148.2564,54.9627,148.2564,54.9627,0.2263,42.2657,0.9708,3.859353,1.964524,-3.7291,-0.0041,-0.2207,-1.7368
/kaggle/input/datasets/duc24kdl/sub-x-ray/sub_X-Ray/sub_chest/IM-0095-0001.jpeg,,sub_chest,IM-0095-0001.jpeg,ok,933x655 -> 1866x1310,2,1,13.23,45.2681,1.933154,1.390379,0.978,0.9972,0.0824,6.5241,41.4898,4.614259,2.148083,0.9551,0.9911,0.2564,0.2564,0.2564,8.6383,119.6004,69.0455,119.6004,69.0455,0.1521,41.4898,0.9551,4.614259,2.148083,-3.7784,-0.0061,-0.174,-2.1141
/kaggle/input/datasets/duc24kdl/sub-x-ray/sub_X-Ray/sub_chest/IM-0097-0001.jpeg,,sub_chest,IM-0097-0001.jpeg,ok,779x462 -> 1558x924,2,1,8.33,41.8543,4.242754,2.059795,0.9774,0.9972,0.093,6.3392,38.8489,8.475934,2.911346,0.9541,0.9912,0.281,0.281,0.281,8.5358,122.1612,68.0332,122.1612,68.0332,0.0454,38.8489,0.9541,8.475934,2.911346,-3.0054,-0.006,-0.188,-2.1966
/kaggle/input/datasets/duc24kdl/sub-x-ray/sub_X-Ray/sub_chest/IM-0099-0001.jpeg,,sub_chest,IM-0099-0001.jpeg,ok,931x663 -> 1862x1326,2,1,13.51,44.3128,2.408822,1.552038,0.9773,0.9972,0.0896,6.1365,40.7423,5.480934,2.34114,0.9531,0.991,0.2628,0.2628,0.2628,8.6362,109.6904,64.008,109.6904,64.008,0.1328,40.7423,0.9531,5.480934,2.34114,-3.5705,-0.0062,-0.1732,-2.4997
/kaggle/input/datasets/duc24kdl/sub-x-ray/sub_X-Ray/sub_chest/IM-0101-0001.jpeg,,sub_chest,IM-0101-0001.jpeg,ok,730x453 -> 1460x906,2,1,7.95,41.1102,5.035708,2.244038,0.9691,0.9966,0.1125,5.4576,37.7553,10.902994,3.301968,0.9335,0.9883,0.308,0.308,0.308,7.9079,100.8505,62.0704,100.8505,62.0704,0.2075,37.7553,0.9335,10.902994,3.301968,-3.3549,-0.0083,-0.1956,-2.4503
/kaggle/input/datasets/duc24kdl/sub-x-ray/sub_X-Ray/sub_chest/IM-0102-0001.jpeg,,sub_chest,IM-0102-0001.jpeg,ok,736x431 -> 1472x862,2,1,7.21,40.4963,5.800245,2.40837,0.9682,0.9964,0.1166,5.7285,37.4535,11.687827,3.418746,0.9338,0.9882,0.3044,0.3044,0.3044,8.4439,93.3385,55.1824,93.3385,55.1824,0.1202,37.4535,0.9338,11.687827,3.418746,-3.0429,-0.0083,-0.1878,-2.7154
/kaggle/input/datasets/duc24kdl/sub-x-ray/sub_X-Ray/sub_chest/IM-0103-0001.jpeg,,sub_chest,IM-0103-0001.jpeg,ok,985x1042 -> 1970x2084,2,1,21.02,43.0954,3.188151,1.785539,0.9793,0.9972,0.0902,6.7035,40.0515,6.425814,2.534919,0.9593,0.9916,0.2965,0.2965,0.2965,8.7873,134.1986,62.1578,134.1986,62.1578,0.0725,40.0515,0.9593,6.425814,2.534919,-3.0439,-0.0055,-0.2062,-2.0837
/kaggle/input/datasets/duc24kdl/sub-x-ray/sub_X-Ray/sub_chest/IM-0105-0001.jpeg,,sub_chest,IM-0105-0001.jpeg,ok,1011x649 -> 2022x1298,2,1,13.93,43.0619,3.212815,1.792433,0.9786,0.9972,0.0906,6.5453,39.8713,6.698116,2.588072,0.9575,0.9916,0.2959,0.2959,0.2959,8.9008,131.4547,63.9151,131.4547,63.9151,0.1438,39.8713,0.9575,6.698116,2.588072,-3.1907,-0.0056,-0.2053,-2.3554
/kaggle/input/datasets/duc24kdl/sub-x-ray/sub_X-Ray/sub_chest/IM-0107-0001.jpeg,,sub_chest,IM-0107-0001.jpeg,ok,912x562 -> 1824x1124,2,1,10.79,42.3356,3.797709,1.948771,0.9781,0.9972,0.0933,6.0408,39.1991,7.819404,2.79632,0.9552,0.9914,0.2802,0.2802,0.2802,8.4889,119.9525,65.6975,119.9525,65.6975,0.0738,39.1991,0.9552,7.819404,2.79632,-3.1365,-0.0059,-0.1869,-2.4481
/kaggle/input/datasets/duc24kdl/sub-x-ray/sub_X-Ray/sub_chest/IM-0109-0001.jpeg,,sub_chest,IM-0109-0001.jpeg,ok,901x555 -> 1802x1110,2,1,11.12,43.6883,2.781299,1.667723,0.9753,0.9969,0.0974,6.2762,40.1083,6.342328,2.518398,0.9505,0.9905,0.2929,0.2929,0.2929,8.7583,126.992,67.5617,126.992,67.5617,0.1062,40.1083,0.9505,6.342328,2.518398,-3.58,-0.0065,-0.1954,-2.4821
/kaggle/input/datasets/duc24kdl/sub-x-ray/sub_X-Ray/sub_chest/IM-0110-0001.jpeg,,sub_chest,IM-0110-0001.jpeg,ok,771x435 -> 1542x870,2,1,8.06,41.9428,4.15716,2.038911,0.9755,0.9971,0.0968,6.1995,38.6948,8.782083,2.963458,0.9479,0.9904,0.3018,0.3018,0.3018,8.577,122.9228,64.124,122.9228,64.124,0.1717,38.6948,0.9479,8.782083,2.963458,-3.248,-0.0068,-0.2051,-2.3775
/kaggle/input/datasets/duc24kdl/sub-x-ray/sub_X-Ray/sub_chest/IM-0111-0001.jpeg,,sub_chest,IM-0111-0001.jpeg,ok,955x651 -> 1910x1302,2,1,13.44,44.0553,2.555954,1.598735,0.9785,0.9972,0.093,6.448,40.6499,5.598696,2.366156,0.9571,0.9915,0.3045,0.3045,0.3045,8.592,127.8322,57.1073,127.8322,57.1073,0.1547,40.6499,0.9571,5.598696,2.366156,-3.4053,-0.0057,-0.2115,-2.1439
/kaggle/input/datasets/duc24kdl/sub-x-ray/sub_X-Ray/sub_chest/IM-0115-0001.jpeg,,sub_chest,IM-0115-0001.jpeg,ok,1045x929 -> 2090x1858,2,1,20.18,41.6167,4.481382,2.116927,0.9572,0.996,0.1625,6.7804,39.3637,7.528518,2.743815,0.9367,0.9906,0.3865,0.3865,0.3865,8.9651,128.8923,62.3498,128.8923,62.3498,0.1202,39.3637,0.9367,7.528518,2.743815,-2.253,-0.0054,-0.2241,-2.1847
/kaggle/input/datasets/duc24kdl/sub-x-ray/sub_X-Ray/sub_chest/IM-0117-0001.jpeg,,sub_chest,IM-0117-0001.jpeg,ok,711x576 -> 1422x1152,2,1,9.23,40.0884,6.371522,2.524187,0.9499,0.9955,0.1809,5.9481,37.5662,11.388271,3.374651,0.9197,0.9884,0.38,0.38,0.38,8.0219,100.5265,59.8518,100.5265,59.8518,0.0406,37.5662,0.9197,11.388271,3.374651,-2.5221,-0.0072,-0.1991,-2.0738
/kaggle/input/datasets/duc24kdl/sub-x-ray/sub_X-Ray/sub_chest/IM-0119-0001.jpeg,,sub_chest,IM-0119-0001.jpeg,ok,905x717 -> 1810x1434,2,1,14.46,40.8468,5.350606,2.313138,0.9522,0.9957,0.1625,6.2129,38.6865,8.798939,2.966301,0.9292,0.9898,0.3694,0.3694,0.3694,8.6723,121.9823,68.869,121.9823,68.869,0.1622,38.6865,0.9292,8.798939,2.966301,-2.1603,-0.0059,-0.2069,-2.4594
/kaggle/input/datasets/duc24kdl/sub-x-ray/sub_X-Ray/sub_chest/IM-0122-0001.jpeg,,sub_chest,IM-0122-0001.jpeg,ok,809x639 -> 1618x1278,2,1,11.23,41.0608,5.093271,2.256828,0.9545,0.9957,0.164,6.8181,38.8496,8.474634,2.911122,0.9326,0.9899,0.3807,0.3807,0.3807,8.7736,133.008,65.0,133.008,65.0,0.0677,38.8496,0.9326,8.474634,2.911122,-2.2112,-0.0058,-0.2167,-1.9555
/kaggle/input/datasets/duc24kdl/sub-x-ray/sub_X-Ray/sub_chest/IM-0125-0001.jpeg,,sub_chest,IM-0125-0001.jpeg,ok,800x562 -> 1600x1124,2,1,9.82,39.701,6.965871,2.639294,0.9447,0.9951,0.1805,5.4816,37.2323,12.298456,3.506915,0.9121,0.9873,0.3677,0.3677,0.3677,7.7406,106.1076,65.0852,106.1076,65.0852,0.0867,37.2323,0.9121,12.298456,3.506915,-2.4688,-0.0078,-0.1871,-2.259
/kaggle/input/datasets/duc24kdl/sub-x-ray/sub_X-Ray/sub_chest/IM-0127-0001.jpeg,,sub_chest,IM-0127-0001.jpeg,ok,987x653 -> 1974x1306,2,1,13.97,39.5823,7.158958,2.675623,0.9333,0.994,0.2052,6.072,37.5646,11.392608,3.375294,0.9022,0.9855,0.4125,0.4125,0.4125,8.6885,130.4191,57.1329,130.4191,57.1329,0.0502,37.5646,0.9022,11.392608,3.375294,-2.0177,-0.0084,-0.2074,-2.6165
/kaggle/input/datasets/duc24kdl/sub-x-ray/sub_X-Ray/sub_chest/IM-0128-0001.jpeg,,sub_chest,IM-0128-0001.jpeg,ok,764x506 -> 1528x1012,2,1,8.7,38.7967,8.578491,2.928906,0.9351,0.9943,0.1941,5.6481,36.5719,14.318262,3.783948,0.9003,0.9856,0.3785,0.3785,0.3785,8.1522,97.1063,58.7541,97.1063,58.7541,0.0491,36.5719,0.9003,14.318262,3.783948,-2.2248,-0.0087,-0.1844,-2.5041
/kaggle/input/datasets/duc24kdl/sub-x-ray/sub_X-Ray/sub_chest/IM-0129-0001.jpeg,,sub_chest,IM-0129-0001.jpeg,ok,692x583 -> 1384x1166,2,1,9.08,39.6628,7.027561,2.650955,0.9394,0.9947,0.1935,5.7425,37.2664,12.202175,3.493161,0.907,0.9868,0.4066,0.4066,0.4066,8.4763,115.5258,62.4986,115.5258,62.4986,0.1285,37.2664,0.907,12.202175,3.493161,-2.3963,-0.0079,-0.2131,-2.7338
/kaggle/input/datasets/duc24kdl/sub-x-ray/sub_X-Ray/sub_chest/IM-0131-0001.jpeg,,sub_chest,IM-0131-0001.jpeg,ok,725x572 -> 1450x1144,2,1,9.33,38.5234,9.135589,3.022514,0.9246,0.9935,0.2173,5.6557,36.4195,14.829731,3.850939,0.8901,0.9848,0.4086,0.4086,0.4086,8.1001,109.5132,55.0203,109.5132,55.0203,0.1054,36.4195,0.8901,14.829731,3.850939,-2.104,-0.0088,-0.1913,-2.4444
/kaggle/input/datasets/duc24kdl/sub-x-ray/sub_X-Ray/sub_chest/IM-0133-0001.jpeg,,sub_chest,IM-0133-0001.jpeg,ok,734x496 -> 1468x992,2,1,8.36,39.8737,6.694365,2.587347,0.9279,0.9936,0.1979,5.2365,37.6854,11.08007,3.328674,0.8905,0.984,0.3831,0.3831,0.3831,8.0465,109.6082,64.776,109.6082,64.776,0.0749,37.6854,0.8905,11.08007,3.328674,-2.1883,-0.0096,-0.1852,-2.81
/kaggle/input/datasets/duc24kdl/sub-x-ray/sub_X-Ray/sub_chest/IM-0135-0001.jpeg,,sub_chest,IM-0135-0001.jpeg,ok,862x790 -> 1724x1580,2,1,14.34,39.1866,7.841836,2.800328,0.9332,0.9941,0.1917,5.7324,36.8747,13.353953,3.654306,0.897,0.985,0.3833,0.3833,0.3833,7.9608,120.187,66.3607,120.187,66.3607,0.1132,36.8747,0.897,13.353953,3.654306,-2.3119,-0.0092,-0.1916,-2.2284
/kaggle/input/datasets/duc24kdl/sub-x-ray/sub_X-Ray/sub_chest/IM-0137-0001.jpeg,,sub_chest,IM-0137-0001.jpeg,ok,673x522 -> 1346x1044,2,1,8.23,38.328,9.555983,3.091275,0.9197,0.9931,0.2208,6.1194,36.1497,15.780285,3.972441,0.8812,0.9833,0.444,0.444,0.444,8.2231,127.7135,52.6664,127.7135,52.6664,0.0398,36.1497,0.8812,15.780285,3.972441,-2.1784,-0.0098,-0.2233,-2.1037
/kaggle/input/datasets/duc24kdl/sub-x-ray/sub_X-Ray/sub_chest/IM-0140-0001.jpeg,,sub_chest,IM-0140-0001.jpeg,ok,578x618 -> 1156x1236,2,1,8.2,36.9502,13.123863,3.622687,0.8894,0.9907,0.2459,5.6993,34.7687,21.687445,4.656978,0.8337,0.9767,0.4707,0.4707,0.4707,8.1153,148.7566,52.3925,148.7566,52.3925,0.0648,34.7687,0.8337,21.687445,4.656978,-2.1815,-0.014,-0.2248,-2.4159
/kaggle/input/datasets/duc24kdl/sub-x-ray/sub_X-Ray/sub_chest/IM-0141-0001.jpeg,,sub_chest,IM-0141-0001.jpeg,ok,870x726 -> 1740x1452,2,1,13.48,39.3338,7.580629,2.753294,0.9354,0.9943,0.1981,5.6833,37.1229,12.61227,3.551376,0.9024,0.986,0.4109,0.4109,0.4109,8.2276,118.059,63.0447,118.059,63.0447,0.0344,37.1229,0.9024,12.61227,3.551376,-2.2109,-0.0084,-0.2128,-2.5442
/kaggle/input/datasets/duc24kdl/sub-x-ray/sub_X-Ray/sub_chest/IM-0143-0001.jpeg,,sub_chest,IM-0143-0001.jpeg,ok,1069x964 -> 2138x1928,2,1,21.1,38.9361,8.307472,2.882268,0.9278,0.9937,0.2006,5.4914,36.9185,13.220108,3.635947,0.8943,0.9847,0.3969,0.3969,0.3969,8.6955,126.4296,69.4707,126.4296,69.4707,0.0673,36.9185,0.8943,13.220108,3.635947,-2.0177,-0.009,-0.1963,-3.2041
/kaggle/input/datasets/duc24kdl/sub-x-ray/sub_X-Ray/sub_chest/IM-0145-0001.jpeg,,sub_chest,IM-0145-0001.jpeg,ok,798x578 -> 1596x1156,2,1,10.12,38.7041,8.763372,2.960299,0.9293,0.9939,0.2092,5.72,36.5252,14.473157,3.80436,0.8935,0.985,0.4172,0.4172,0.4172,8.2192,119.4077,60.4196,119.4077,60.4196,0.0744,36.5252,0.8935,14.473157,3.80436,-2.1789,-0.0089,-0.2079,-2.4992
/kaggle/input/datasets/duc24kdl/sub-x-ray/sub_X-Ray/sub_chest/IM-0147-0001.jpeg,,sub_chest,IM-0147-0001.jpeg,ok,1051x987 -> 2102x1974,2,1,21.97,39.858,6.718682,2.592042,0.9369,0.9944,0.2023,5.898,37.7234,10.983549,3.314144,0.9051,0.9862,0.4112,0.4112,0.4112,8.6625,116.9772,65.0974,116.9772,65.0974,0.1021,37.7234,0.9051,10.983549,3.314144,-2.1346,-0.0082,-0.2088,-2.7645
/kaggle/input/datasets/duc24kdl/sub-x-ray/sub_X-Ray/sub_chest/IM-0149-0001.jpeg,,sub_chest,IM-0149-0001.jpeg,ok,771x576 -> 1542x1152,2,1,9.91,39.4909,7.311289,2.70394,0.9403,0.9948,0.1823,5.5845,36.8974,13.284254,3.644757,0.9096,0.9872,0.3903,0.3903,0.3903,8.5198,119.5084,66.6785,119.5084,66.6785,0.048,36.8974,0.9096,13.284254,3.644757,-2.5934,-0.0076,-0.208,-2.9353
/kaggle/input/datasets/duc24kdl/sub-x-ray/sub_X-Ray/sub_chest/IM-0151-0001.jpeg,,sub_chest,IM-0151-0001.jpeg,ok,759x578 -> 1518x1156,2,1,9.88,39.4772,7.334305,2.708192,0.9394,0.9947,0.1791,5.375,37.3198,12.053162,3.471766,0.9089,0.987,0.3712,0.3712,0.3712,8.6465,101.7796,67.0084,101.7796,67.0084,0.1363,37.3198,0.9089,12.053162,3.471766,-2.1574,-0.0076,-0.1922,-3.2715
/kaggle/input/datasets/duc24kdl/sub-x-ray/sub_X-Ray/sub_chest/IM-0152-0001.jpeg,,sub_chest,IM-0152-0001.jpeg,ok,806x566 -> 1612x1132,2,1,9.95,39.7116,6.948895,2.636076,0.9382,0.9945,0.1922,6.3037,37.5892,11.328207,3.36574,0.9088,0.987,0.4235,0.4235,0.4235,8.8848,129.0342,59.3858,129.0342,59.3858,0.0926,37.5892,0.9088,11.328207,3.36574,-2.1225,-0.0075,-0.2313,-2.5811
/kaggle/input/datasets/duc24kdl/sub-x-ray/sub_X-Ray/sub_chest/IM-0154-0001.jpeg,,sub_chest,IM-0154-0001.jpeg,ok,922x719 -> 1844x1438,2,1,14.12,40.5513,5.727308,2.39318,0.9543,0.9959,0.1696,5.8111,38.2067,9.82681,3.134774,0.9298,0.9899,0.378,0.378,0.378,8.3063,110.0208,65.6617,110.0208,65.6617,0.058,38.2067,0.9298,9.82681,3.134774,-2.3446,-0.006,-0.2085,-2.4952
/kaggle/input/datasets/duc24kdl/sub-x-ray/sub_X-Ray/sub_chest/IM-0156-0001.jpeg,,sub_chest,IM-0156-0001.jpeg,ok,744x604 -> 1488x1208,2,1,9.68,39.1631,7.884441,2.807925,0.9316,0.994,0.2105,5.9101,36.9371,13.163591,3.628166,0.8967,0.9851,0.4153,0.4153,0.4153,8.0828,112.2888,52.2063,112.2888,52.2063,0.0873,36.9371,0.8967,13.163591,3.628166,-2.226,-0.0089,-0.2049,-2.1728
/kaggle/input/datasets/duc24kdl/sub-x-ray/sub_X-Ray/sub_chest/IM-0158-0001.jpeg,,sub_chest,IM-0158-0001.jpeg,ok,497x379 -> 994x758,2,1,5.46,38.3585,9.489288,3.080469,0.9279,0.994,0.2032,6.1999,35.9933,16.358908,4.044615,0.8928,0.9859,0.4352,0.4352,0.4352,7.9587,105.4774,56.4195,105.4774,56.4195,-0.0101,35.9933,0.8928,16.358908,4.044615,-2.3652,-0.0081,-0.232,-1.7588
/kaggle/input/datasets/duc24kdl/sub-x-ray/sub_X-Ray/sub_chest/IM-0160-0001.jpeg,,sub_chest,IM-0160-0001.jpeg,ok,875x657 -> 1750x1314,2,1,12.72,39.7025,6.963568,2.638857,0.9375,0.9945,0.1932,6.2581,37.6028,11.292811,3.360478,0.9079,0.9869,0.4189,0.4189,0.4189,8.561,128.5684,54.7365,128.5684,54.7365,0.0413,37.6028,0.9079,11.292811,3.360478,-2.0997,-0.0076,-0.2257,-2.3029
/kaggle/input/datasets/duc24kdl/sub-x-ray/sub_X-Ray/sub_chest/IM-0162-0001.jpeg,,sub_chest,IM-0162-0001.jpeg,ok,881x715 -> 1762x1430,2,1,13.74,39.1287,7.947192,2.819077,0.9333,0.9942,0.2108,6.0186,36.9922,12.997555,3.605212,0.9004,0.9859,0.4391,0.4391,0.4391,8.3402,116.5389,55.8223,116.5389,55.8223,0.0326,36.9922,0.9004,12.997555,3.605212,-2.1365,-0.0083,-0.2282,-2.3216
/kaggle/input/datasets/duc24kdl/sub-x-ray/sub_X-Ray/sub_chest/IM-0164-0001.jpeg,,sub_chest,IM-0164-0001.jpeg,ok,601x404 -> 1202x808,2,1,6.26,39.6559,7.038586,2.653033,0.9387,0.9946,0.1946,6.569,37.4385,11.728146,3.424638,0.9097,0.9873,0.4295,0.4295,0.4295,8.0676,132.6215,51.0849,132.6215,51.0849,0.0759,37.4385,0.9097,11.728146,3.424638,-2.2174,-0.0073,-0.235,-1.4986
/kaggle/input/datasets/duc24kdl/sub-x-ray/sub_X-Ray/sub_chest/IM-0166-0001.jpeg,,sub_chest,IM-0166-0001.jpeg,ok,986x859 -> 1972x1718,2,1,17.37,39.8034,6.803696,2.60839,0.938,0.9945,0.1878,5.8928,37.6701,11.119203,3.334547,0.9074,0.9867,0.3995,0.3995,0.3995,8.2803,118.412,66.4166,118.412,66.4166,0.1001,37.6701,0.9074,11.119203,3.334547,-2.1333,-0.0078,-0.2117,-2.3874
/kaggle/input/datasets/duc24kdl/sub-x-ray/sub_X-Ray/sub_chest/IM-0168-0001.jpeg,,sub_chest,IM-0168-0001.jpeg,ok,767x593 -> 1534x1186,2,1,10.38,38.8786,8.418141,2.901403,0.9286,0.9938,0.1896,5.6397,36.7195,13.839808,3.720189,0.8935,0.985,0.3956,0.3956,0.3956,8.5127,119.1748,68.0994,119.1748,68.0994,0.0511,36.7195,0.8935,13.839808,3.720189,-2.1591,-0.0089,-0.206,-2.8729
/kaggle/input/datasets/duc24kdl/sub-x-ray/sub_X-Ray/sub_chest/IM-0170-0001.jpeg,,sub_chest,IM-0170-0001.jpeg,ok,1074x748 -> 2148x1496,2,1,16.66,39.7285,6.921908,2.630952,0.9298,0.9936,0.1997,6.188,37.7267,10.975253,3.312892,0.8974,0.9845,0.4096,0.4096,0.4096,8.4273,149.0041,59.8399,149.0041,59.8399,0.1135,37.7267,0.8974,10.975253,3.312892,-2.0019,-0.0091,-0.2098,-2.2393
/kaggle/input/datasets/duc24kdl/sub-x-ray/sub_X-Ray/sub_chest/IM-0172-0001.jpeg,,sub_chest,IM-0172-0001.jpeg,ok,938x946 -> 1876x1892,2,1,18.1,40.3451,6.005732,2.45066,0.9636,0.9964,0.1615,6.6728,38.1248,10.013754,3.164452,0.9419,0.9908,0.387,0.387,0.387,8.2815,141.0165,57.4953,141.0165,57.4953,0.0667,38.1248,0.9419,10.013754,3.164452,-2.2203,-0.0056,-0.2255,-1.6087
/kaggle/input/datasets/duc24kdl/sub-x-ray/sub_X-Ray/sub_chest/IM-0176-0001.jpeg,,sub_chest,IM-0176-0001.jpeg,ok,840x778 -> 1680x1556,2,1,13.19,39.5082,7.282243,2.698563,0.927,0.9935,0.2069,6.1761,37.4983,11.567797,3.401146,0.8923,0.984,0.4337,0.4337,0.4337,8.56,154.931,51.9848,154.931,51.9848,0.0974,37.4983,0.8923,11.567797,3.401146,-2.0099,-0.0095,-0.2268,-2.3839
/kaggle/input/datasets/duc24kdl/sub-x-ray/sub_X-Ray/sub_chest/IM-0177-0001.jpeg,,sub_chest,IM-0177-0001.jpeg,ok,1086x807 -> 2172x1614,2,1,17.97,42.0004,4.10238,2.025433,0.955,0.9961,0.145,5.0493,39.5757,7.169783,2.677645,0.9294,0.9899,0.3052,0.3052,0.3052,7.9583,90.0611,71.3096,90.0611,71.3096,0.0782,39.5757,0.9294,7.169783,2.677645,-2.4247,-0.0061,-0.1603,-2.909
/kaggle/input/datasets/duc24kdl/sub-x-ray/sub_X-Ray/sub_chest/IM-0178-0001.jpeg,,sub_chest,IM-0178-0001.jpeg,ok,823x562 -> 1646x1124,2,1,10.33,41.0896,5.059591,2.249354,0.9398,0.9946,0.1838,6.0672,38.8379,8.497553,2.915056,0.9078,0.9862,0.4037,0.4037,0.4037,8.5056,142.2234,58.9019,142.2234,58.9019,0.0785,38.8379,0.9078,8.497553,2.915056,-2.2518,-0.0083,-0.2199,-2.4384
/kaggle/input/datasets/duc24kdl/sub-x-ray/sub_X-Ray/sub_chest/IM-0180-0001.jpeg,,sub_chest,IM-0180-0001.jpeg,ok,1068x825 -> 2136x1650,2,1,17.97,39.6683,7.018542,2.649253,0.9315,0.9939,0.2088,6.1176,37.4976,11.569778,3.401438,0.8958,0.9845,0.432,0.432,0.432,8.2047,138.4096,58.8424,138.4096,58.8424,0.1055,37.4976,0.8958,11.569778,3.401438,-2.1708,-0.0094,-0.2232,-2.087
/kaggle/input/datasets/duc24kdl/sub-x-ray/sub_X-Ray/sub_chest/IM-0182-0001.jpeg,,sub_chest,IM-0182-0001.jpeg,ok,686x502 -> 1372x1004,2,1,8.03,39.6062,7.119599,2.668258,0.9382,0.9946,0.1832,5.8178,37.2584,12.22485,3.496405,0.9058,0.9864,0.3857,0.3857,0.3857,8.139,135.8531,67.2723,135.8531,67.2723,0.1262,37.2584,0.9058,12.22485,3.496405,-2.3479,-0.0082,-0.2024,-2.3212
/kaggle/input/datasets/duc24kdl/sub-x-ray/sub_X-Ray/sub_chest/IM-0183-0001.jpeg,,sub_chest,IM-0183-0001.jpeg,ok,1169x1012 -> 2338x2024,2,1,24.36,41.0835,5.066725,2.250939,0.9522,0.9955,0.173,6.0953,38.7715,8.628404,2.937415,0.928,0.9891,0.3832,0.3832,0.3832,8.8222,119.2319,66.6746,119.2319,66.6746,0.1067,38.7715,0.928,8.628404,2.937415,-2.312,-0.0065,-0.2102,-2.7269
/kaggle/input/datasets/duc24kdl/sub-x-ray/sub_X-Ray/sub_chest/IM-0185-0001.jpeg,,sub_chest,IM-0185-0001.jpeg,ok,729x595 -> 1458x1190,2,1,9.81,39.9347,6.600972,2.569236,0.9442,0.995,0.1756,6.1369,37.5995,11.301384,3.361753,0.9142,0.9874,0.3886,0.3886,0.3886,8.4428,129.6168,65.4643,129.6168,65.4643,0.1556,37.5995,0.9142,11.301384,3.361753,-2.3352,-0.0076,-0.213,-2.3058
/kaggle/input/datasets/duc24kdl/sub-x-ray/sub_X-Ray/sub_chest/IM-0187-0001.jpeg,,sub_chest,IM-0187-0001.jpeg,ok,927x786 -> 1854x1572,2,1,15.22,40.1106,6.338987,2.517734,0.9434,0.9949,0.1903,6.102,37.9815,10.349739,3.217101,0.9152,0.9875,0.4014,0.4014,0.4014,8.6206,125.662,60.0338,125.662,60.0338,0.0571,37.9815,0.9152,10.349739,3.217101,-2.1291,-0.0074,-0.2111,-2.5186
/kaggle/input/datasets/duc24kdl/sub-x-ray/sub_X-Ray/sub_chest/IM-0189-0001.jpeg,,sub_chest,IM-0189-0001.jpeg,ok,733x554 -> 1466x1108,2,1,9.21,39.6541,7.041566,2.653595,0.944,0.995,0.1875,6.068,37.2689,12.195261,3.492171,0.9129,0.9872,0.4047,0.4047,0.4047,8.3915,122.9443,60.9773,122.9443,60.9773,0.0815,37.2689,0.9129,12.195261,3.492171,-2.3852,-0.0078,-0.2171,-2.3235
/kaggle/input/datasets/duc24kdl/sub-x-ray/sub_X-Ray/sub_chest/IM-0191-0001.jpeg,,sub_chest,IM-0191-0001.jpeg,ok,1082x873 -> 2164x1746,2,1,19.28,39.8417,6.743854,2.596893,0.9384,0.9944,0.1895,5.871,37.7116,11.013288,3.318627,0.908,0.9862,0.4021,0.4021,0.4021,8.4977,135.8086,62.8671,135.8086,62.8671,0.0667,37.7116,0.908,11.013288,3.318627,-2.1301,-0.0082,-0.2127,-2.6267
/kaggle/input/datasets/duc24kdl/sub-x-ray/sub_X-Ray/sub_chest/IM-0193-0001.jpeg,,sub_chest,IM-0193-0001.jpeg,ok,1005x873 -> 2010x1746,2,1,18.28,40.2076,6.199048,2.489789,0.9407,0.9946,0.1862,5.7392,38.0711,10.138315,3.184072,0.9105,0.9867,0.38,0.38,0.38,8.6809,111.9467,61.6403,111.9467,61.6403,0.1035,38.0711,0.9105,10.138315,3.184072,-2.1364,-0.008,-0.1937,-2.9417
/kaggle/input/datasets/duc24kdl/sub-x-ray/sub_X-Ray/sub_chest/IM-0195-0001.jpeg,,sub_chest,IM-0195-0001.jpeg,ok,887x773 -> 1774x1546,2,1,14.62,40.2287,6.168929,2.483733,0.9432,0.9949,0.1916,6.3491,37.9247,10.485969,3.238205,0.9133,0.9872,0.423,0.423,0.423,8.522,131.6801,60.88,131.6801,60.88,0.1444,37.9247,0.9133,10.485969,3.238205,-2.304,-0.0076,-0.2314,-2.1729
/kaggle/input/datasets/duc24kdl/sub-x-ray/sub_X-Ray/sub_chest/IM-0199-0001.jpeg,,sub_chest,IM-0199-0001.jpeg,ok,753x416 -> 1506x832,2,1,7.47,38.8154,8.541633,2.922607,0.9339,0.9943,0.1833,5.7758,36.8201,13.522903,3.67735,0.9044,0.9869,0.4174,0.4174,0.4174,8.4955,121.3171,64.3754,121.3171,64.3754,0.1506,36.8201,0.9044,13.522903,3.67735,-1.9953,-0.0074,-0.2342,-2.7197
/kaggle/input/datasets/duc24kdl/sub-x-ray/sub_X-Ray/sub_chest/IM-0201-0001.jpeg,,sub_chest,IM-0201-0001.jpeg,ok,723x655 -> 1446x1310,2,1,10.74,39.4493,7.381672,2.716923,0.9372,0.9946,0.1896,5.4128,37.0732,12.757327,3.57174,0.9024,0.9862,0.3899,0.3899,0.3899,8.1099,102.7915,62.1947,102.7915,62.1947,0.1219,37.0732,0.9024,12.757327,3.57174,-2.376,-0.0084,-0.2003,-2.6971
/kaggle/input/datasets/duc24kdl/sub-x-ray/sub_X-Ray/sub_chest/IM-0203-0001.jpeg,,sub_chest,IM-0203-0001.jpeg,ok,717x630 -> 1434x1260,2,1,10.08,39.3038,7.633073,2.762802,0.9333,0.9941,0.1966,5.7193,37.0644,12.783327,3.575378,0.8992,0.9855,0.4032,0.4032,0.4032,8.2712,121.4793,61.4807,121.4793,61.4807,0.112,37.0644,0.8992,12.783327,3.575378,-2.2394,-0.0086,-0.2066,-2.5519
/kaggle/input/datasets/duc24kdl/sub-x-ray/sub_X-Ray/sub_chest/IM-0205-0001.jpeg,,sub_chest,IM-0205-0001.jpeg,ok,777x537 -> 1554x1074,2,1,9.62,37.7556,10.902467,3.301888,0.9134,0.9925,0.2084,5.0559,35.7851,17.162189,4.142727,0.8728,0.9819,0.3794,0.3794,0.3794,8.0819,104.7013,63.044,104.7013,63.044,0.0513,35.7851,0.8728,17.162189,4.142727,-1.9705,-0.0106,-0.171,-3.026
/kaggle/input/datasets/duc24kdl/sub-x-ray/sub_X-Ray/sub_chest/IM-0206-0001.jpeg,,sub_chest,IM-0206-0001.jpeg,ok,520x373 -> 1040x746,2,1,5.39,37.2347,12.291559,3.505932,0.8986,0.9916,0.2271,5.8881,35.1527,19.852096,4.455569,0.8508,0.9799,0.4573,0.4573,0.4573,8.0335,117.2302,54.2693,117.2302,54.2693,0.1283,35.1527,0.8508,19.852096,4.455569,-2.082,-0.0117,-0.2302,-2.1454
/kaggle/input/datasets/duc24kdl/sub-x-ray/sub_X-Ray/sub_chest/IM-0207-0001.jpeg,,sub_chest,IM-0207-0001.jpeg,ok,713x524 -> 1426x1048,2,1,8.49,38.0882,10.098489,3.177812,0.9311,0.9942,0.2004,5.6488,35.746,17.317175,4.161391,0.8939,0.9855,0.4193,0.4193,0.4193,8.3099,112.6961,59.8551,112.6961,59.8551,0.1087,35.746,0.8939,17.317175,4.161391,-2.3422,-0.0087,-0.2189,-2.6611
/kaggle/input/datasets/duc24kdl/sub-x-ray/sub_X-Ray/sub_chest/IM-0209-0001.jpeg,,sub_chest,IM-0209-0001.jpeg,ok,582x510 -> 1164x1020,2,1,7.3,39.5028,7.291255,2.700232,0.9367,0.9945,0.1885,6.2823,37.2443,12.264433,3.502061,0.9057,0.9869,0.4111,0.4111,0.4111,8.079,126.3342,57.9191,126.3342,57.9191,0.0837,37.2443,0.9057,12.264433,3.502061,-2.2585,-0.0076,-0.2225,-1.7967
/kaggle/input/datasets/duc24kdl/sub-x-ray/sub_X-Ray/sub_chest/IM-0210-0001.jpeg,,sub_chest,IM-0210-0001.jpeg,ok,844x552 -> 1688x1104,2,1,10.03,39.1593,7.891255,2.809138,0.9372,0.9945,0.1877,5.3024,36.9844,13.020829,3.608439,0.9054,0.9865,0.3746,0.3746,0.3746,8.2382,110.7463,66.5733,110.7463,66.5733,0.1049,36.9844,0.9054,13.020829,3.608439,-2.1749,-0.008,-0.1869,-2.9357
/kaggle/input/datasets/duc24kdl/sub-x-ray/sub_X-Ray/sub_chest/IM-0211-0001.jpeg,,sub_chest,IM-0211-0001.jpeg,ok,821x622 -> 1642x1244,2,1,11.35,40.0659,6.404587,2.530729,0.9437,0.995,0.1811,6.2984,37.7301,10.966619,3.311589,0.9166,0.9882,0.4047,0.4047,0.4047,8.2812,122.152,59.2959,122.152,59.2959,0.0879,37.7301,0.9166,10.966619,3.311589,-2.3358,-0.0068,-0.2235,-1.9828
/kaggle/input/datasets/duc24kdl/sub-x-ray/sub_X-Ray/sub_chest/IM-0213-0001.jpeg,,sub_chest,IM-0213-0001.jpeg,ok,964x651 -> 1928x1302,2,1,13.25,40.8809,5.308676,2.304057,0.9542,0.9959,0.1672,5.7295,38.6164,8.94214,2.990341,0.9306,0.9899,0.3786,0.3786,0.3786,8.1625,120.3691,63.1496,120.3691,63.1496,0.0633,38.6164,0.9306,8.94214,2.990341,-2.2646,-0.0059,-0.2115,-2.433
/kaggle/input/datasets/duc24kdl/sub-x-ray/sub_X-Ray/sub_chest/IM-0214-0001.jpeg,,sub_chest,IM-0214-0001.jpeg,ok,761x610 -> 1522x1220,2,1,10.39,40.9781,5.191226,2.278426,0.954,0.9958,0.1738,6.461,38.4933,9.199225,3.033023,0.9273,0.9892,0.394,0.394,0.394,8.3075,129.161,58.1631,129.161,58.1631,0.1505,38.4933,0.9273,9.199225,3.033023,-2.4848,-0.0066,-0.2202,-1.8464
/kaggle/input/datasets/duc24kdl/sub-x-ray/sub_X-Ray/sub_chest/IM-0215-0001.jpeg,,sub_chest,IM-0215-0001.jpeg,ok,833x604 -> 1666x1208,2,1,11.21,39.125,7.953844,2.820256,0.9354,0.9944,0.1925,5.4837,36.664,14.017962,3.744057,0.8966,0.9849,0.3817,0.3817,0.3817,7.9033,109.5203,65.9862,109.5203,65.9862,0.0871,36.664,0.8966,14.017962,3.744057,-2.4611,-0.0095,-0.1892,-2.4196
/kaggle/input/datasets/duc24kdl/sub-x-ray/sub_X-Ray/sub_chest/IM-0216-0001.jpeg,,sub_chest,IM-0216-0001.jpeg,ok,972x683 -> 1944x1366,2,1,13.74,40.2963,6.073689,2.464485,0.9491,0.9954,0.1687,5.4956,37.8972,10.552729,3.248496,0.9204,0.9883,0.3548,0.3548,0.3548,8.1872,108.0973,69.3567,108.0973,69.3567,0.1459,37.8972,0.9204,10.552729,3.248496,-2.3991,-0.0071,-0.1861,-2.6915
/kaggle/input/datasets/duc24kdl/sub-x-ray/sub_X-Ray/sub_chest/IM-0217-0001.jpeg,,sub_chest,IM-0217-0001.jpeg,ok,827x637 -> 1654x1274,2,1,11.62,40.9741,5.196066,2.279488,0.9606,0.9963,0.1448,6.6282,38.704,8.763627,2.960342,0.9408,0.9914,0.339,0.339,0.339,8.6168,98.5067,66.7122,98.5067,66.7122,0.09,38.704,0.9408,8.763627,2.960342,-2.2701,-0.0049,-0.1942,-1.9885
/kaggle/input/datasets/duc24kdl/sub-x-ray/sub_X-Ray/sub_chest/IM-0218-0001.jpeg,,sub_chest,IM-0218-0001.jpeg,ok,839x827 -> 1678x1654,2,1,14.82,41.1063,5.04023,2.245046,0.9529,0.9957,0.1675,6.4795,38.7737,8.623959,2.936658,0.9272,0.9891,0.376,0.376,0.376,8.9148,124.8689,57.8445,124.8689,57.8445,0.0984,38.7737,0.9272,8.623959,2.936658,-2.3326,-0.0066,-0.2085,-2.4353
/kaggle/input/datasets/duc24kdl/sub-x-ray/sub_X-Ray/sub_chest/IM-0219-0001.jpeg,,sub_chest,IM-0219-0001.jpeg,ok,796x636 -> 1592x1272,2,1,10.9,40.4483,5.864703,2.421715,0.951,0.9956,0.1812,6.2474,38.0151,10.269934,3.204674,0.9216,0.9885,0.4056,0.4056,0.4056,8.2668,134.6311,55.7136,134.6311,55.7136,0.0591,38.0151,0.9216,10.269934,3.204674,-2.4332,-0.0071,-0.2244,-2.0194
/kaggle/input/datasets/duc24kdl/sub-x-ray/sub_X-Ray/sub_chest/IM-0220-0001.jpeg,,sub_chest,IM-0220-0001.jpeg,ok,742x699 -> 1484x1398,2,1,11.35,39.2285,7.766605,2.786863,0.9335,0.9942,0.1925,5.6318,37.002,12.968217,3.601141,0.8984,0.9853,0.3841,0.3841,0.3841,8.2377,122.8303,66.2488,122.8303,66.2488,0.0833,37.002,0.8984,12.968217,3.601141,-2.2265,-0.0089,-0.1916,-2.6059
/kaggle/input/datasets/duc24kdl/sub-x-ray/sub_X-Ray/sub_chest/IM-0221-0001.jpeg,,sub_chest,IM-0221-0001.jpeg,ok,902x740 -> 1804x1480,2,1,13.97,41.1647,4.972868,2.229993,0.9535,0.9957,0.1726,6.9507,39.075,8.046004,2.836548,0.9335,0.9904,0.4083,0.4083,0.4083,8.7742,137.9682,63.3139,137.9682,63.3139,0.0293,39.075,0.9335,8.046004,2.836548,-2.0897,-0.0053,-0.2356,-1.8234
/kaggle/input/datasets/duc24kdl/sub-x-ray/sub_X-Ray/sub_chest/IM-0222-0001.jpeg,,sub_chest,IM-0222-0001.jpeg,ok,802x589 -> 1604x1178,2,1,10.54,39.3139,7.615386,2.759599,0.9415,0.9949,0.1718,5.0733,36.9576,13.101507,3.6196,0.9093,0.987,0.3482,0.3482,0.3482,8.2484,109.3532,75.3532,109.3532,75.3532,0.0887,36.9576,0.9093,13.101507,3.6196,-2.3563,-0.0079,-0.1764,-3.175
/kaggle/input/datasets/duc24kdl/sub-x-ray/sub_X-Ray/sub_chest/IM-0223-0001.jpeg,,sub_chest,IM-0223-0001.jpeg,ok,926x716 -> 1852x1432,2,1,14.06,40.7063,5.526549,2.350861,0.9582,0.9961,0.1588,6.1574,38.3561,9.494423,3.081302,0.9351,0.9904,0.3524,0.3524,0.3524,8.4154,110.9501,63.2588,110.9501,63.2588,0.1306,38.3561,0.9351,9.494423,3.081302,-2.3501,-0.0057,-0.1937,-2.258
/kaggle/input/datasets/duc24kdl/sub-x-ray/sub_X-Ray/sub_chest/IM-0224-0001.jpeg,,sub_chest,IM-0224-0001.jpeg,ok,883x643 -> 1766x1286,2,1,12.46,38.4942,9.197254,3.032697,0.9233,0.9932,0.2143,6.5838,36.4219,14.821384,3.849855,0.89,0.984,0.4373,0.4373,0.4373,8.3908,157.5763,43.8128,157.5763,43.8128,0.106,36.4219,0.89,14.821384,3.849855,-2.0723,-0.0092,-0.223,-1.807
/kaggle/input/datasets/duc24kdl/sub-x-ray/sub_X-Ray/sub_chest/IM-0225-0001.jpeg,,sub_chest,IM-0225-0001.jpeg,ok,1107x987 -> 2214x1974,2,1,22.49,42.0745,4.033058,2.008248,0.9618,0.9964,0.1524,6.9619,39.9008,6.652783,2.579299,0.9438,0.9917,0.3729,0.3729,0.3729,8.7673,114.4018,63.5838,114.4018,63.5838,0.1393,39.9008,0.9438,6.652783,2.579299,-2.1737,-0.0047,-0.2205,-1.8054
/kaggle/input/datasets/duc24kdl/sub-x-ray/sub_X-Ray/sub_chest/IM-0226-0001.jpeg,,sub_chest,IM-0226-0001.jpeg,ok,885x693 -> 1770x1386,2,1,13.3,40.7614,5.45677,2.335973,0.9608,0.9965,0.1447,5.2455,38.2487,9.732186,3.119645,0.9373,0.9909,0.3063,0.3063,0.3063,7.6396,83.6596,66.276,83.6596,66.276,0.0416,38.2487,0.9373,9.732186,3.119645,-2.5127,-0.0055,-0.1616,-2.394
/kaggle/input/datasets/duc24kdl/sub-x-ray/sub_X-Ray/sub_chest/IM-0227-0001.jpeg,,sub_chest,IM-0227-0001.jpeg,ok,935x806 -> 1870x1612,2,1,16.03,40.5345,5.749472,2.397806,0.9449,0.9951,0.1829,5.8502,38.5271,9.127802,3.021225,0.9202,0.9886,0.3813,0.3813,0.3813,8.5873,114.3462,61.4542,114.3462,61.4542,0.1404,38.5271,0.9202,9.127802,3.021225,-2.0074,-0.0065,-0.1984,-2.7371
/kaggle/input/datasets/duc24kdl/sub-x-ray/sub_X-Ray/sub_chest/IM-0228-0001.jpeg,,sub_chest,IM-0228-0001.jpeg,ok,804x587 -> 1608x1174,2,1,10.24,39.0597,8.07431,2.841533,0.9422,0.9951,0.1674,5.2403,36.2173,15.536281,3.941609,0.9058,0.9866,0.3542,0.3542,0.3542,7.445,120.8763,82.7388,120.8763,82.7388,0.0932,36.2173,0.9058,15.536281,3.941609,-2.8424,-0.0084,-0.1868,-2.2047
/kaggle/input/datasets/duc24kdl/sub-x-ray/sub_X-Ray/sub_chest/IM-0229-0001.jpeg,,sub_chest,IM-0229-0001.jpeg,ok,721x550 -> 1442x1100,2,1,8.97,40.8475,5.349715,2.312945,0.9556,0.9959,0.1573,6.3039,38.6517,8.869818,2.978224,0.9348,0.9906,0.3705,0.3705,0.3705,8.1902,115.727,63.5822,115.727,63.5822,0.1225,38.6517,0.9348,8.869818,2.978224,-2.1958,-0.0053,-0.2133,-1.8862
/kaggle/input/datasets/duc24kdl/sub-x-ray/sub_X-Ray/sub_chest/IM-0230-0001.jpeg,,sub_chest,IM-0230-0001.jpeg,ok,812x628 -> 1624x1256,2,1,10.82,38.7799,8.611687,2.934568,0.9309,0.9939,0.1992,5.6126,36.4211,14.824049,3.850201,0.8927,0.9842,0.3941,0.3941,0.3941,7.9199,124.5169,62.9936,124.5169,62.9936,0.0376,36.4211,0.8927,14.824049,3.850201,-2.3588,-0.0097,-0.195,-2.3074
/kaggle/input/datasets/duc24kdl/sub-x-ray/sub_X-Ray/sub_chest/IM-0231-0001.jpeg,,sub_chest,IM-0231-0001.jpeg,ok,825x718 -> 1650x1436,2,1,12.85,41.0007,5.164303,2.27251,0.9514,0.9955,0.1831,6.8722,38.8468,8.480152,2.91207,0.9279,0.9895,0.4081,0.4081,0.4081,8.3373,132.4111,54.2482,132.4111,54.2482,0.102,38.8468,0.9279,8.480152,2.91207,-2.1539,-0.0061,-0.225,-1.4652
/kaggle/input/datasets/duc24kdl/sub-x-ray/sub_X-Ray/sub_chest/IM-0234-0001.jpeg,,sub_chest,IM-0234-0001.jpeg,ok,775x537 -> 1550x1074,2,1,9.57,39.2511,7.726284,2.779619,0.9409,0.9949,0.1804,4.9319,36.8481,13.43611,3.66553,0.9067,0.9866,0.3579,0.3579,0.3579,7.6164,104.0028,69.9585,104.0028,69.9585,0.1343,36.8481,0.9067,13.43611,3.66553,-2.403,-0.0082,-0.1776,-2.6844
/kaggle/input/datasets/duc24kdl/sub-x-ray/sub_X-Ray/sub_chest/IM-0235-0001.jpeg,,sub_chest,IM-0235-0001.jpeg,ok,908x750 -> 1816x1500,2,1,14.14,41.2747,4.848555,2.201943,0.9575,0.996,0.1576,6.6046,38.9624,8.257403,2.87357,0.9353,0.9904,0.3572,0.3572,0.3572,8.4662,115.3335,64.0119,115.3335,64.0119,0.1445,38.9624,0.9353,8.257403,2.87357,-2.3123,-0.0056,-0.1996,-1.8617
/kaggle/input/datasets/duc24kdl/sub-x-ray/sub_X-Ray/sub_chest/IM-0236-0001.jpeg,,sub_chest,IM-0236-0001.jpeg,ok,721x487 -> 1442x974,2,1,8.3,39.4018,7.46274,2.731802,0.9478,0.9955,0.1726,5.2215,36.7809,13.645667,3.694004,0.9148,0.9879,0.3732,0.3732,0.3732,7.7761,100.0165,65.553,100.0165,65.553,0.1414,36.7809,0.9148,13.645667,3.694004,-2.621,-0.0076,-0.2006,-2.5546
/kaggle/input/datasets/duc24kdl/sub-x-ray/sub_X-Ray/sub_chest/IM-0237-0001.jpeg,,sub_chest,IM-0237-0001.jpeg,ok,895x570 -> 1790x1140,2,1,11.31,39.6188,7.099074,2.664409,0.9426,0.995,0.1815,5.2909,37.2074,12.369144,3.516979,0.9098,0.987,0.3711,0.3711,0.3711,8.0276,109.8639,68.4636,109.8639,68.4636,0.0526,37.2074,0.9098,12.369144,3.516979,-2.4114,-0.008,-0.1896,-2.7367
/kaggle/input/datasets/duc24kdl/sub-x-ray/sub_X-Ray/sub_chest/IM-0238-0001.jpeg,,sub_chest,IM-0238-0001.jpeg,ok,732x525 -> 1464x1050,2,1,8.77,38.7122,8.747077,2.957546,0.9335,0.9943,0.2036,5.6213,36.0986,15.967075,3.995882,0.8915,0.9847,0.405,0.405,0.405,7.7748,110.2703,57.8001,110.2703,57.8001,0.085,36.0986,0.8915,15.967075,3.995882,-2.6136,-0.0097,-0.2014,-2.1536
/kaggle/input/datasets/duc24kdl/sub-x-ray/sub_X-Ray/sub_chest/IM-0239-0001.jpeg,,sub_chest,IM-0239-0001.jpeg,ok,845x657 -> 1690x1314,2,1,12.11,40.3641,5.979543,2.44531,0.9536,0.9958,0.1613,5.5116,37.9113,10.51831,3.243194,0.927,0.9894,0.3432,0.3432,0.3432,8.2283,92.7728,64.7605,92.7728,64.7605,0.0887,37.9113,0.927,10.51831,3.243194,-2.4528,-0.0064,-0.1819,-2.7168
/kaggle/input/datasets/duc24kdl/sub-x-ray/sub_X-Ray/sub_chest/IM-0240-0001.jpeg,,sub_chest,IM-0240-0001.jpeg,ok,972x854 -> 1944x1708,2,1,16.63,40.9964,5.169363,2.273623,0.9519,0.9956,0.1679,6.1082,38.7929,8.585944,2.930178,0.928,0.9893,0.3711,0.3711,0.3711,8.5126,120.3307,62.5241,120.3307,62.5241,0.0445,38.7929,0.928,8.585944,2.930178,-2.2035,-0.0063,-0.2032,-2.4043
/kaggle/input/datasets/duc24kdl/sub-x-ray/sub_X-Ray/sub_chest/IM-0241-0001.jpeg,,sub_chest,IM-0241-0001.jpeg,ok,903x696 -> 1806x1392,2,1,13.34,40.1584,6.26965,2.503927,0.9455,0.9951,0.1765,6.0986,37.9264,10.481871,3.237572,0.9177,0.9881,0.3762,0.3762,0.3762,8.3431,119.6267,62.4073,119.6267,62.4073,0.0304,37.9264,0.9177,10.481871,3.237572,-2.232,-0.007,-0.1996,-2.2445
/kaggle/input/datasets/duc24kdl/sub-x-ray/sub_X-Ray/sub_chest/IM-0242-0001.jpeg,,sub_chest,IM-0242-0001.jpeg,ok,922x734 -> 1844x1468,2,1,14.21,41.2176,4.912706,2.216463,0.958,0.9961,0.1715,6.7697,38.905,8.367208,2.892613,0.9374,0.9908,0.4061,0.4061,0.4061,8.3788,133.3596,55.685,133.3596,55.685,0.0362,38.905,0.9374,8.367208,2.892613,-2.3126,-0.0053,-0.2346,-1.6091
/kaggle/input/datasets/duc24kdl/sub-x-ray/sub_X-Ray/sub_chest/IM-0243-0001.jpeg,,sub_chest,IM-0243-0001.jpeg,ok,968x838 -> 1936x1676,2,1,15.84,41.1752,4.960878,2.227303,0.9577,0.9961,0.1607,6.7792,38.9405,8.299048,2.880807,0.9386,0.9911,0.383,0.383,0.383,8.5543,117.11,65.9984,117.11,65.9984,0.1299,38.9405,0.9386,8.299048,2.880807,-2.2347,-0.005,-0.2224,-1.7751
/kaggle/input/datasets/duc24kdl/sub-x-ray/sub_X-Ray/sub_chest/IM-0244-0001.jpeg,,sub_chest,IM-0244-0001.jpeg,ok,677x512 -> 1354x1024,2,1,8.12,39.6052,7.12137,2.66859,0.9492,0.9954,0.1641,5.7532,37.3221,12.046876,3.470861,0.9231,0.9889,0.3583,0.3583,0.3583,8.098,110.8858,63.9598,110.8858,63.9598,0.0142,37.3221,0.9231,12.046876,3.470861,-2.2831,-0.0065,-0.1942,-2.3448
/kaggle/input/datasets/duc24kdl/sub-x-ray/sub_X-Ray/sub_chest/IM-0245-0001.jpeg,,sub_chest,IM-0245-0001.jpeg,ok,862x740 -> 1724x1480,2,1,13.71,40.1063,6.345306,2.518989,0.9511,0.9956,0.1828,6.4781,37.8477,10.673568,3.267043,0.927,0.9894,0.3948,0.3948,0.3948,8.3297,125.9465,57.6191,125.9465,57.6191,0.0369,37.8477,0.927,10.673568,3.267043,-2.2586,-0.0062,-0.212,-1.8516
/kaggle/input/datasets/duc24kdl/sub-x-ray/sub_X-Ray/sub_chest/IM-0248-0001.jpeg,,sub_chest,IM-0248-0001.jpeg,ok,804x614 -> 1608x1228,2,1,10.62,36.5336,14.445211,3.800686,0.9361,0.9945,0.1919,5.336,34.7767,21.64751,4.652688,0.9001,0.9859,0.3581,0.3581,0.3581,8.042,87.1446,60.0105,87.1446,60.0105,0.1244,34.7767,0.9001,21.64751,4.652688,-1.7568,-0.0086,-0.1662,-2.706
/kaggle/input/datasets/duc24kdl/sub-x-ray/sub_X-Ray/sub_chest/IM-0249-0001.jpeg,,sub_chest,IM-0249-0001.jpeg,ok,1198x995 -> 2396x1990,2,1,24.37,41.2083,4.923188,2.218826,0.9533,0.9957,0.1568,6.5271,39.125,7.953873,2.820261,0.9319,0.99,0.3569,0.3569,0.3569,8.7696,118.5951,71.6989,118.5951,71.6989,0.0943,39.125,0.9319,7.953873,2.820261,-2.0833,-0.0057,-0.2001,-2.2426
/kaggle/input/datasets/duc24kdl/sub-x-ray/sub_X-Ray/sub_chest/IM-0250-0001.jpeg,,sub_chest,IM-0250-0001.jpeg,ok,775x684 -> 1550x1368,2,1,11.48,38.8868,8.402376,2.898685,0.924,0.9933,0.223,6.3251,36.7707,13.677514,3.698312,0.8859,0.9835,0.4504,0.4504,0.4504,8.4195,125.8652,53.5743,125.8652,53.5743,0.0486,36.7707,0.8859,13.677514,3.698312,-2.1161,-0.0099,-0.2275,-2.0944
/kaggle/input/datasets/duc24kdl/sub-x-ray/sub_X-Ray/sub_chest/IM-0251-0001.jpeg,,sub_chest,IM-0251-0001.jpeg,ok,906x603 -> 1812x1206,2,1,11.85,40.9509,5.223821,2.285568,0.9576,0.9961,0.1656,6.6248,38.6263,8.921665,2.986916,0.9357,0.9906,0.3831,0.3831,0.3831,8.3564,126.4617,62.2743,126.4617,62.2743,0.0354,38.6263,0.9357,8.921665,2.986916,-2.3246,-0.0055,-0.2175,-1.7316
/kaggle/input/datasets/duc24kdl/sub-x-ray/sub_X-Ray/sub_chest/IM-0253-0001.jpeg,,sub_chest,IM-0253-0001.jpeg,ok,860x653 -> 1720x1306,2,1,11.86,40.4,5.930368,2.435235,0.9489,0.9954,0.1669,5.8669,38.0373,10.217538,3.196488,0.922,0.9886,0.3623,0.3623,0.3623,8.2504,121.7005,68.7035,121.7005,68.7035,0.0563,38.0373,0.922,10.217538,3.196488,-2.3626,-0.0068,-0.1954,-2.3834
/kaggle/input/datasets/duc24kdl/sub-x-ray/sub_X-Ray/sub_chest/IM-0255-0001.jpeg,,sub_chest,IM-0255-0001.jpeg,ok,756x585 -> 1512x1170,2,1,9.71,39.5722,7.17559,2.678729,0.9479,0.9954,0.1757,5.6076,37.0302,12.88419,3.589455,0.9164,0.988,0.3669,0.3669,0.3669,7.9258,105.9382,66.2188,105.9382,66.2188,0.0431,37.0302,0.9164,12.88419,3.589455,-2.542,-0.0075,-0.1912,-2.3182
/kaggle/input/datasets/duc24kdl/sub-x-ray/sub_X-Ray/sub_chest/IM-0256-0001.jpeg,,sub_chest,IM-0256-0001.jpeg,ok,781x543 -> 1562x1086,2,1,9.67,39.1279,7.948614,2.819329,0.9415,0.9949,0.1755,5.1397,36.7695,13.681341,3.69883,0.9085,0.987,0.3541,0.3541,0.3541,8.0263,102.6511,67.883,102.6511,67.883,0.0673,36.7695,0.9085,13.681341,3.69883,-2.3584,-0.0079,-0.1786,-2.8866
/kaggle/input/datasets/duc24kdl/sub-x-ray/sub_X-Ray/sub_chest/IM-0257-0001.jpeg,,sub_chest,IM-0257-0001.jpeg,ok,841x709 -> 1682x1418,2,1,12.93,41.3374,4.779041,2.186102,0.9597,0.9963,0.1577,6.7433,38.9678,8.247036,2.871765,0.9395,0.9912,0.358,0.358,0.358,8.3844,115.5434,62.956,115.5434,62.956,0.076,38.9678,0.9395,8.247036,2.871765,-2.3696,-0.0051,-0.2004,-1.641
/kaggle/input/datasets/duc24kdl/sub-x-ray/sub_X-Ray/sub_chest/IM-0261-0001.jpeg,,sub_chest,IM-0261-0001.jpeg,ok,798x665 -> 1596x1330,2,1,11.74,40.6412,5.610003,2.368545,0.9527,0.9957,0.1756,6.6488,38.2906,9.638652,3.104618,0.9271,0.9893,0.3982,0.3982,0.3982,8.2699,133.4897,57.5907,133.4897,57.5907,0.0799,38.2906,0.9271,9.638652,3.104618,-2.3505,-0.0064,-0.2227,-1.6211
/kaggle/input/datasets/duc24kdl/sub-x-ray/sub_X-Ray/sub_chest/IM-0262-0001.jpeg,,sub_chest,IM-0262-0001.jpeg,ok,845x769 -> 1690x1538,2,1,13.95,40.0226,6.468776,2.543379,0.9414,0.9948,0.1922,6.5165,37.8339,10.707654,3.272255,0.9122,0.9873,0.4157,0.4157,0.4157,8.4624,135.0736,56.7748,135.0736,56.7748,0.0813,37.8339,0.9122,10.707654,3.272255,-2.1887,-0.0075,-0.2235,-1.9459
/kaggle/input/datasets/duc24kdl/sub-x-ray/sub_X-Ray/sub_chest/IM-0264-0001.jpeg,,sub_chest,IM-0264-0001.jpeg,ok,905x772 -> 1810x1544,2,1,14.87,40.8005,5.407951,2.3255,0.957,0.9961,0.1442,5.0557,38.4531,9.284696,3.04708,0.9336,0.9904,0.31,0.31,0.31,7.666,98.4823,74.0473,98.4823,74.0473,0.0497,38.4531,0.9336,9.284696,3.04708,-2.3473,-0.0058,-0.1658,-2.6104
/kaggle/input/datasets/duc24kdl/sub-x-ray/sub_X-Ray/sub_chest/IM-0265-0001.jpeg,,sub_chest,IM-0265-0001.jpeg,ok,808x554 -> 1616x1108,2,1,9.57,39.9653,6.5547,2.560215,0.955,0.996,0.1687,5.376,37.1058,12.662029,3.558374,0.924,0.989,0.3497,0.3497,0.3497,7.5028,90.1249,64.1589,90.1249,64.1589,0.0972,37.1058,0.924,12.662029,3.558374,-2.8595,-0.007,-0.181,-2.1268
/kaggle/input/datasets/duc24kdl/sub-x-ray/sub_X-Ray/sub_chest/IM-0266-0001.jpeg,,sub_chest,IM-0266-0001.jpeg,ok,924x747 -> 1848x1494,2,1,14.18,40.2471,6.142875,2.478482,0.9505,0.9955,0.1743,5.719,37.7795,10.842559,3.292804,0.9219,0.9884,0.3708,0.3708,0.3708,8.0321,113.7179,68.0685,113.7179,68.0685,0.0393,37.7795,0.9219,10.842559,3.292804,-2.4676,-0.0071,-0.1965,-2.3132
/kaggle/input/datasets/duc24kdl/sub-x-ray/sub_X-Ray/sub_chest/IM-0268-0001.jpeg,,sub_chest,IM-0268-0001.jpeg,ok,810x678 -> 1620x1356,2,1,11.92,40.3903,5.943671,2.437965,0.9491,0.9953,0.1754,6.5001,38.0646,10.153593,3.18647,0.9218,0.9883,0.3965,0.3965,0.3965,8.3084,142.7605,59.9643,142.7605,59.9643,0.0269,38.0646,0.9218,10.153593,3.18647,-2.3256,-0.0071,-0.2211,-1.8082
/kaggle/input/datasets/duc24kdl/sub-x-ray/sub_X-Ray/sub_chest/IM-0269-0001.jpeg,,sub_chest,IM-0269-0001.jpeg,ok,1001x893 -> 2002x1786,2,1,18.54,42.5703,3.597931,1.896821,0.9748,0.9974,0.1473,7.295,39.8414,6.744422,2.597003,0.9607,0.9937,0.3996,0.3996,0.3996,8.6925,147.6534,56.3155,147.6534,56.3155,0.0302,39.8414,0.9607,6.744422,2.597003,-2.7289,-0.0037,-0.2523,-1.3975
/kaggle/input/datasets/duc24kdl/sub-x-ray/sub_X-Ray/sub_chest/IM-0270-0001.jpeg,,sub_chest,IM-0270-0001.jpeg,ok,673x554 -> 1346x1108,2,1,8.93,38.8273,8.518155,2.918588,0.9285,0.9938,0.2106,6.0032,36.5108,14.520988,3.810641,0.8895,0.9841,0.4185,0.4185,0.4185,8.6026,122.7306,55.6159,122.7306,55.6159,0.0455,36.5108,0.8895,14.520988,3.810641,-2.3165,-0.0097,-0.2079,-2.5993
/kaggle/input/datasets/duc24kdl/sub-x-ray/sub_X-Ray/sub_chest/IM-0272-0001.jpeg,,sub_chest,IM-0272-0001.jpeg,ok,791x577 -> 1582x1154,2,1,10.28,39.6041,7.123154,2.668924,0.9522,0.9956,0.1724,6.4269,37.0773,12.745255,3.57005,0.9233,0.9884,0.3893,0.3893,0.3893,8.2816,130.2533,55.9569,130.2533,55.9569,0.0604,37.0773,0.9233,12.745255,3.57005,-2.5268,-0.0072,-0.2169,-1.8547
/kaggle/input/datasets/duc24kdl/sub-x-ray/sub_X-Ray/sub_chest/IM-0273-0001.jpeg,,sub_chest,IM-0273-0001.jpeg,ok,761x546 -> 1522x1092,2,1,9.5,38.6662,8.840101,2.973231,0.927,0.9937,0.2103,5.6337,36.2778,15.321324,3.914246,0.8853,0.9833,0.4074,0.4074,0.4074,7.9633,113.7898,57.64,113.7898,57.64,0.0676,36.2778,0.8853,15.321324,3.914246,-2.3884,-0.0103,-0.1971,-2.3296
/kaggle/input/datasets/duc24kdl/sub-x-ray/sub_X-Ray/sub_chest/IM-0274-0001.jpeg,,sub_chest,IM-0274-0001.jpeg,ok,852x724 -> 1704x1448,2,1,12.99,41.4504,4.656328,2.157853,0.957,0.996,0.1687,6.9026,39.2447,7.737682,2.781669,0.9365,0.9907,0.4029,0.4029,0.4029,8.3816,134.0134,55.4997,134.0134,55.4997,0.1111,39.2447,0.9365,7.737682,2.781669,-2.2057,-0.0053,-0.2341,-1.479
/kaggle/input/datasets/duc24kdl/sub-x-ray/sub_X-Ray/sub_chest/IM-0275-0001.jpeg,,sub_chest,IM-0275-0001.jpeg,ok,933x797 -> 1866x1594,2,1,15.74,41.6359,4.461616,2.112254,0.964,0.9966,0.1447,6.4503,39.1885,7.838482,2.799729,0.9442,0.9917,0.3376,0.3376,0.3376,8.4603,105.7964,64.9033,105.7964,64.9033,0.0567,39.1885,0.9442,7.838482,2.799729,-2.4474,-0.0049,-0.1929,-2.0099
/kaggle/input/datasets/duc24kdl/sub-x-ray/sub_X-Ray/sub_chest/IM-0276-0001.jpeg,,sub_chest,IM-0276-0001.jpeg,ok,914x827 -> 1828x1654,2,1,15.73,40.7335,5.491977,2.343497,0.9481,0.9953,0.1808,6.4335,38.6094,8.956521,2.992745,0.9233,0.9888,0.4018,0.4018,0.4018,8.6386,139.4317,61.0936,139.4317,61.0936,0.1309,38.6094,0.9233,8.956521,2.992745,-2.1241,-0.0065,-0.2211,-2.2051
/kaggle/input/datasets/duc24kdl/sub-x-ray/sub_X-Ray/sub_chest/IM-0277-0001.jpeg,,sub_chest,IM-0277-0001.jpeg,ok,804x672 -> 1608x1344,2,1,12.39,40.9372,5.240335,2.289178,0.9554,0.9958,0.1634,6.6839,38.6728,8.826795,2.970992,0.9328,0.9901,0.3901,0.3901,0.3901,8.42,128.9145,60.8567,128.9145,60.8567,0.0654,38.6728,0.9328,8.826795,2.970992,-2.2644,-0.0058,-0.2267,-1.7361
/kaggle/input/datasets/duc24kdl/sub-x-ray/sub_X-Ray/sub_chest/IM-0278-0001.jpeg,,sub_chest,IM-0278-0001.jpeg,ok,883x751 -> 1766x1502,2,1,14.28,40.194,6.218421,2.493676,0.953,0.9957,0.1725,6.3158,37.8812,10.591487,3.254457,0.9284,0.9894,0.3752,0.3752,0.3752,8.3958,130.0462,60.3612,130.0462,60.3612,0.0188,37.8812,0.9284,10.591487,3.254457,-2.3128,-0.0063,-0.2027,-2.08
/kaggle/input/datasets/duc24kdl/sub-x-ray/sub_X-Ray/sub_chest/IM-0279-0001.jpeg,,sub_chest,IM-0279-0001.jpeg,ok,808x560 -> 1616x1120,2,1,9.47,39.8876,6.672921,2.5832,0.9461,0.9952,0.171,5.3796,37.2054,12.374841,3.517789,0.9155,0.9878,0.3576,0.3576,0.3576,8.0777,115.9406,71.0057,115.9406,71.0057,0.1141,37.2054,0.9155,12.374841,3.517789,-2.6822,-0.0074,-0.1866,-2.6981
/kaggle/input/datasets/duc24kdl/sub-x-ray/sub_X-Ray/sub_chest/IM-0280-0001.jpeg,,sub_chest,IM-0280-0001.jpeg,ok,864x611 -> 1728x1222,2,1,10.88,40.8916,5.295698,2.301238,0.9574,0.9961,0.1496,5.7591,38.6673,8.837843,2.972851,0.9354,0.9905,0.3309,0.3309,0.3309,8.6069,102.6838,64.959,102.6838,64.959,0.164,38.6673,0.9354,8.837843,2.972851,-2.2242,-0.0055,-0.1813,-2.8477
/kaggle/input/datasets/duc24kdl/sub-x-ray/sub_X-Ray/sub_chest/IM-0282-0001.jpeg,,sub_chest,IM-0282-0001.jpeg,ok,794x686 -> 1588x1372,2,1,11.81,40.5819,5.687116,2.384767,0.949,0.9954,0.176,6.1168,38.3518,9.503903,3.08284,0.9227,0.9887,0.3699,0.3699,0.3699,8.1289,115.7313,59.248,115.7313,59.248,0.0615,38.3518,0.9227,9.503903,3.08284,-2.2301,-0.0067,-0.1939,-2.0121
/kaggle/input/datasets/duc24kdl/sub-x-ray/sub_X-Ray/sub_chest/IM-0283-0001.jpeg,,sub_chest,IM-0283-0001.jpeg,ok,968x806 -> 1936x1612,2,1,15.94,41.7889,4.307109,2.075358,0.9614,0.9964,0.1561,6.4711,39.3928,7.478282,2.734645,0.941,0.9912,0.3725,0.3725,0.3725,8.8099,110.0407,57.6201,110.0407,57.6201,0.1301,39.3928,0.941,7.478282,2.734645,-2.3962,-0.0051,-0.2164,-2.3387
/kaggle/input/datasets/duc24kdl/sub-x-ray/sub_X-Ray/sub_chest/IM-0285-0001.jpeg,,sub_chest,IM-0285-0001.jpeg,ok,713x550 -> 1426x1100,2,1,8.98,38.843,8.487514,2.913334,0.9268,0.9936,0.205,5.7453,36.4547,14.709816,3.835338,0.8854,0.9832,0.4007,0.4007,0.4007,8.2029,126.6838,60.8094,126.6838,60.8094,0.1105,36.4547,0.8854,14.709816,3.835338,-2.3883,-0.0104,-0.1957,-2.4576
/kaggle/input/datasets/duc24kdl/sub-x-ray/sub_X-Ray/sub_chest/IM-0286-0001.jpeg,,sub_chest,IM-0286-0001.jpeg,ok,991x902 -> 1982x1804,2,1,18.45,41.5852,4.514011,2.12462,0.9568,0.996,0.1625,6.7976,39.4093,7.44982,2.729436,0.9362,0.9907,0.3886,0.3886,0.3886,8.9921,126.0747,63.4026,126.0747,63.4026,0.0743,39.4093,0.9362,7.44982,2.729436,-2.1758,-0.0053,-0.2261,-2.1945
/kaggle/input/datasets/duc24kdl/sub-x-ray/sub_X-Ray/sub_chest/IM-0288-0001.jpeg,,sub_chest,IM-0288-0001.jpeg,ok,719x570 -> 1438x1140,2,1,9.15,39.3159,7.611867,2.758961,0.9365,0.9943,0.2022,6.1181,36.8876,13.314294,3.648876,0.9009,0.9855,0.4207,0.4207,0.4207,8.1124,127.7007,56.5037,127.7007,56.5037,0.1115,36.8876,0.9009,13.314294,3.648876,-2.4283,-0.0089,-0.2186,-1.9943
/kaggle/input/datasets/duc24kdl/sub-x-ray/sub_X-Ray/sub_chest/IM-0289-0001.jpeg,,sub_chest,IM-0289-0001.jpeg,ok,1140x1033 -> 2280x2066,2,1,23.29,41.1226,5.021297,2.240825,0.9489,0.9954,0.1789,6.0139,38.9816,8.220996,2.867228,0.9227,0.9885,0.3901,0.3901,0.3901,8.521,115.8257,63.0279,115.8257,63.0279,0.1311,38.9816,0.9227,8.220996,2.867228,-2.1411,-0.0069,-0.2112,-2.5071
/kaggle/input/datasets/duc24kdl/sub-x-ray/sub_X-Ray/sub_chest/IM-0290-0001.jpeg,,sub_chest,IM-0290-0001.jpeg,ok,854x717 -> 1708x1434,2,1,13.1,40.3501,5.998861,2.449257,0.953,0.9958,0.1619,5.3494,37.8553,10.65499,3.264198,0.9247,0.9891,0.341,0.341,0.341,8.0919,91.7843,67.516,91.7843,67.516,0.1001,37.8553,0.9247,10.65499,3.264198,-2.4948,-0.0068,-0.1791,-2.7426
/kaggle/input/datasets/duc24kdl/sub-x-ray/sub_X-Ray/sub_chest/IM-0291-0001.jpeg,,sub_chest,IM-0291-0001.jpeg,ok,759x502 -> 1518x1004,2,1,8.9,39.0565,8.080399,2.842604,0.9388,0.9947,0.1845,5.2874,36.7049,13.886539,3.726465,0.9047,0.9864,0.3661,0.3661,0.3661,8.0617,106.6915,69.1287,106.6915,69.1287,0.0473,36.7049,0.9047,13.886539,3.726465,-2.3516,-0.0083,-0.1817,-2.7742
/kaggle/input/datasets/duc24kdl/sub-x-ray/sub_X-Ray/sub_chest/IM-0292-0001.jpeg,,sub_chest,IM-0292-0001.jpeg,ok,929x750 -> 1858x1500,2,1,14.75,41.2991,4.821395,2.195768,0.9595,0.9962,0.1562,6.7804,39.0246,8.139994,2.853067,0.9393,0.991,0.3642,0.3642,0.3642,8.4074,120.636,61.7135,120.636,61.7135,0.0471,39.0246,0.9393,8.139994,2.853067,-2.2745,-0.0052,-0.208,-1.6271
/kaggle/input/datasets/duc24kdl/sub-x-ray/sub_X-Ray/sub_chest/IM-0293-0001.jpeg,,sub_chest,IM-0293-0001.jpeg,ok,719x529 -> 1438x1058,2,1,8.92,40.1401,6.296104,2.509204,0.9476,0.9953,0.1848,6.4758,37.7522,10.910871,3.303161,0.9186,0.9881,0.4082,0.4082,0.4082,8.6545,114.9069,55.6797,114.9069,55.6797,0.1544,37.7522,0.9186,10.910871,3.303161,-2.3879,-0.0072,-0.2234,-2.1787
/kaggle/input/datasets/duc24kdl/sub-x-ray/sub_X-Ray/sub_chest/IM-0294-0001.jpeg,,sub_chest,IM-0294-0001.jpeg,ok,850x691 -> 1700x1382,2,1,12.59,40.7152,5.51515,2.348436,0.9527,0.9957,0.1666,6.6165,38.4199,9.355959,3.058751,0.9286,0.9895,0.3757,0.3757,0.3757,8.4467,134.7103,63.8032,134.7103,63.8032,0.095,38.4199,0.9286,9.355959,3.058751,-2.2953,-0.0061,-0.2091,-1.8303
/kaggle/input/datasets/duc24kdl/sub-x-ray/sub_X-Ray/sub_chest/IM-0295-0001.jpeg,,sub_chest,IM-0295-0001.jpeg,ok,914x755 -> 1828x1510,2,1,14.6,40.5205,5.76802,2.40167,0.9471,0.9952,0.181,5.6993,38.2403,9.751078,3.122672,0.9184,0.9878,0.3687,0.3687,0.3687,8.5265,108.0832,59.6172,108.0832,59.6172,0.0504,38.2403,0.9184,9.751078,3.122672,-2.2803,-0.0074,-0.1877,-2.8272
/kaggle/input/datasets/duc24kdl/sub-x-ray/sub_X-Ray/sub_chest/IM-0297-0001.jpeg,,sub_chest,IM-0297-0001.jpeg,ok,854x707 -> 1708x1414,2,1,13.07,40.7375,5.486982,2.342431,0.9506,0.9955,0.1755,6.5662,38.3773,9.448281,3.073806,0.9275,0.9894,0.417,0.417,0.417,8.5977,143.149,61.0699,143.149,61.0699,0.0837,38.3773,0.9275,9.448281,3.073806,-2.3602,-0.006,-0.2415,-2.0315
/kaggle/input/datasets/duc24kdl/sub-x-ray/sub_X-Ray/sub_chest/IM-0298-0001.jpeg,,sub_chest,IM-0298-0001.jpeg,ok,852x743 -> 1704x1486,2,1,13.27,40.1957,6.216051,2.493201,0.9405,0.9946,0.1911,6.6327,38.0682,10.1452,3.185153,0.9118,0.9869,0.4157,0.4157,0.4157,8.5644,138.488,56.126,138.488,56.126,0.0663,38.0682,0.9118,10.1452,3.185153,-2.1275,-0.0076,-0.2246,-1.9318
/kaggle/input/datasets/duc24kdl/sub-x-ray/sub_X-Ray/sub_chest/IM-0299-0001.jpeg,,sub_chest,IM-0299-0001.jpeg,ok,900x751 -> 1800x1502,2,1,13.92,39.9181,6.626323,2.574164,0.9353,0.9943,0.2037,6.3193,37.8291,10.719368,3.274045,0.9036,0.9862,0.4245,0.4245,0.4245,8.2785,132.4558,57.9702,132.4558,57.9702,0.1281,37.8291,0.9036,10.719368,3.274045,-2.089,-0.0081,-0.2208,-1.9592
/kaggle/input/datasets/duc24kdl/sub-x-ray/sub_X-Ray/sub_chest/IM-0300-0001.jpeg,,sub_chest,IM-0300-0001.jpeg,ok,1010x782 -> 2020x1564,2,1,16.48,40.9667,5.204867,2.281418,0.958,0.9961,0.1576,5.6136,38.5012,9.182439,3.030254,0.934,0.9902,0.3464,0.3464,0.3464,8.0395,100.6632,69.3599,100.6632,69.3599,0.0686,38.5012,0.934,9.182439,3.030254,-2.4655,-0.006,-0.1888,-2.4259
/kaggle/input/datasets/duc24kdl/sub-x-ray/sub_X-Ray/sub_chest/IM-0301-0001.jpeg,,sub_chest,IM-0301-0001.jpeg,ok,854x633 -> 1708x1266,2,1,12.08,40.3569,5.989443,2.447334,0.951,0.9956,0.171,5.6482,37.821,10.739401,3.277102,0.9207,0.9883,0.37,0.37,0.37,7.8012,102.3788,60.9859,102.3788,60.9859,0.1024,37.821,0.9207,10.739401,3.277102,-2.5359,-0.0073,-0.199,-2.153
/kaggle/input/datasets/duc24kdl/sub-x-ray/sub_X-Ray/sub_chest/IM-0302-0001.jpeg,,sub_chest,IM-0302-0001.jpeg,ok,715x564 -> 1430x1128,2,1,9.1,39.8095,6.794009,2.606532,0.9463,0.9951,0.1827,6.7255,37.5357,11.468578,3.386529,0.9185,0.9881,0.4085,0.4085,0.4085,8.4111,142.4155,55.8228,142.4155,55.8228,0.0342,37.5357,0.9185,11.468578,3.386529,-2.2738,-0.007,-0.2257,-1.6856
/kaggle/input/datasets/duc24kdl/sub-x-ray/sub_X-Ray/sub_chest/IM-0303-0001.jpeg,,sub_chest,IM-0303-0001.jpeg,ok,881x632 -> 1762x1264,2,1,12.14,38.6143,8.946388,2.991051,0.9316,0.9942,0.1837,4.7507,36.3669,15.010211,3.874301,0.8961,0.9854,0.3658,0.3658,0.3658,7.5723,99.0804,71.1957,99.0804,71.1957,0.0428,36.3669,0.8961,15.010211,3.874301,-2.2474,-0.0087,-0.1821,-2.8216
/kaggle/input/datasets/duc24kdl/sub-x-ray/sub_X-Ray/sub_chest/IM-0304-0001.jpeg,,sub_chest,IM-0304-0001.jpeg,ok,736x489 -> 1472x978,2,1,7.92,37.9817,10.349263,3.217027,0.9175,0.993,0.2126,5.033,35.8524,16.898126,4.110733,0.8763,0.9827,0.3967,0.3967,0.3967,7.8313,99.3162,61.6351,99.3162,61.6351,0.1029,35.8524,0.8763,16.898126,4.110733,-2.1293,-0.0103,-0.1842,-2.7984
/kaggle/input/datasets/duc24kdl/sub-x-ray/sub_X-Ray/sub_chest/IM-0305-0001.jpeg,,sub_chest,IM-0305-0001.jpeg,ok,652x548 -> 1304x1096,2,1,7.99,39.3024,7.635618,2.763262,0.9336,0.9942,0.2054,6.1844,37.0066,12.954541,3.599242,0.8991,0.9858,0.441,0.441,0.441,8.7083,120.746,57.6726,120.746,57.6726,0.1437,37.0066,0.8991,12.954541,3.599242,-2.2958,-0.0084,-0.2356,-2.5239
/kaggle/input/datasets/duc24kdl/sub-x-ray/sub_X-Ray/sub_chest/IM-0306-0001.jpeg,,sub_chest,IM-0306-0001.jpeg,ok,690x520 -> 1380x1040,2,1,8.3,38.7708,8.629736,2.937641,0.9242,0.9935,0.2074,6.1578,36.7307,13.8043,3.715414,0.8894,0.9847,0.4345,0.4345,0.4345,8.5476,129.3005,52.28,129.3005,52.28,0.0396,36.7307,0.8894,13.8043,3.715414,-2.0402,-0.0088,-0.2271,-2.3898
/kaggle/input/datasets/duc24kdl/sub-x-ray/sub_X-Ray/sub_chest/IM-0307-0001.jpeg,,sub_chest,IM-0307-0001.jpeg,ok,883x778 -> 1766x1556,2,1,14.84,39.9548,6.570572,2.563313,0.9374,0.9945,0.1923,6.3283,37.9952,10.317263,3.21205,0.9108,0.9876,0.42,0.42,0.42,8.8476,126.5956,62.1672,126.5956,62.1672,0.0394,37.9952,0.9108,10.317263,3.21205,-1.9596,-0.0069,-0.2276,-2.5193
/kaggle/input/datasets/duc24kdl/sub-x-ray/sub_X-Ray/sub_chest/IM-0308-0001.jpeg,,sub_chest,IM-0308-0001.jpeg,ok,827x684 -> 1654x1368,2,1,12.13,39.2749,7.683996,2.772002,0.9361,0.9945,0.1936,6.0014,37.0677,12.773582,3.574015,0.903,0.9864,0.4223,0.4223,0.4223,8.5664,126.6203,61.1129,126.6203,61.1129,0.0798,37.0677,0.903,12.773582,3.574015,-2.2073,-0.0081,-0.2287,-2.565
/kaggle/input/datasets/duc24kdl/sub-x-ray/sub_X-Ray/sub_chest/IM-0309-0001.jpeg,,sub_chest,IM-0309-0001.jpeg,ok,1072x902 -> 2144x1804,2,1,18.87,39.0085,8.170105,2.85834,0.9233,0.9933,0.2136,5.509,37.0581,12.801905,3.577975,0.888,0.9838,0.4105,0.4105,0.4105,8.2997,119.7535,60.5689,119.7535,60.5689,0.0869,37.0581,0.888,12.801905,3.577975,-1.9505,-0.0095,-0.1969,-2.7907
/kaggle/input/datasets/duc24kdl/sub-x-ray/sub_X-Ray/sub_chest/IM-0311-0001.jpeg,,sub_chest,IM-0311-0001.jpeg,ok,634x442 -> 1268x884,2,1,7.23,38.3805,9.441263,3.072664,0.9227,0.9934,0.1958,5.1993,36.1201,15.888204,3.986001,0.8829,0.9837,0.4047,0.4047,0.4047,8.1352,118.4494,64.8613,118.4494,64.8613,0.077,36.1201,0.8829,15.888204,3.986001,-2.2604,-0.0098,-0.209,-2.9358
/kaggle/input/datasets/duc24kdl/sub-x-ray/sub_X-Ray/sub_chest/IM-0312-0001.jpeg,,sub_chest,IM-0312-0001.jpeg,ok,754x546 -> 1508x1092,2,1,9.17,38.6369,8.900026,2.983291,0.93,0.9939,0.1956,5.8776,36.4783,14.630195,3.824944,0.895,0.9849,0.3801,0.3801,0.3801,8.4656,112.7454,62.7586,112.7454,62.7586,0.0367,36.4783,0.895,14.630195,3.824944,-2.1586,-0.009,-0.1845,-2.588
/kaggle/input/datasets/duc24kdl/sub-x-ray/sub_X-Ray/sub_chest/IM-0313-0001.jpeg,,sub_chest,IM-0313-0001.jpeg,ok,848x649 -> 1696x1298,2,1,11.51,39.5398,7.229378,2.68875,0.937,0.9945,0.2017,5.819,37.2488,12.251759,3.500251,0.9033,0.9862,0.4203,0.4203,0.4203,8.1658,107.9765,55.5026,107.9765,55.5026,0.088,37.2488,0.9033,12.251759,3.500251,-2.291,-0.0083,-0.2186,-2.3468
/kaggle/input/datasets/duc24kdl/sub-x-ray/sub_X-Ray/sub_chest/IM-0314-0001.jpeg,,sub_chest,IM-0314-0001.jpeg,ok,507x423 -> 1014x846,2,1,5.72,36.2105,15.560704,3.944706,0.8771,0.9898,0.2411,5.4853,34.2053,24.691462,4.96905,0.8186,0.9754,0.4659,0.4659,0.4659,7.8674,131.6173,58.1634,131.6173,58.1634,0.1088,34.2053,0.8186,24.691462,4.96905,-2.0052,-0.0145,-0.2247,-2.3822
/kaggle/input/datasets/duc24kdl/sub-x-ray/sub_X-Ray/sub_chest/IM-0315-0001.jpeg,,sub_chest,IM-0315-0001.jpeg,ok,634x479 -> 1268x958,2,1,7.3,37.3547,11.956784,3.457858,0.8911,0.991,0.2417,6.2141,35.5164,18.257516,4.272882,0.8473,0.9797,0.4688,0.4688,0.4688,8.8689,138.074,48.9994,138.074,48.9994,0.0686,35.5164,0.8473,18.257516,4.272882,-1.8383,-0.0113,-0.2272,-2.6547
/kaggle/input/datasets/duc24kdl/sub-x-ray/sub_X-Ray/sub_chest/IM-0316-0001.jpeg,,sub_chest,IM-0316-0001.jpeg,ok,684x504 -> 1368x1008,2,1,7.79,38.5077,9.168791,3.028001,0.9279,0.9938,0.2062,6.0636,36.4687,14.662726,3.829194,0.8943,0.9853,0.4248,0.4248,0.4248,8.8761,120.2068,51.6554,120.2068,51.6554,0.0425,36.4687,0.8943,14.662726,3.829194,-2.039,-0.0085,-0.2186,-2.8126
/kaggle/input/datasets/duc24kdl/sub-x-ray/sub_X-Ray/sub_chest/IM-0317-0001.jpeg,,sub_chest,IM-0317-0001.jpeg,ok,1053x859 -> 2106x1718,2,1,18.72,39.4733,7.340904,2.70941,0.9347,0.9942,0.1908,5.4648,37.2782,12.169045,3.488416,0.9004,0.9854,0.3795,0.3795,0.3795,8.1676,116.164,67.1239,116.164,67.1239,0.0397,37.2782,0.9004,12.169045,3.488416,-2.1951,-0.0088,-0.1887,-2.7028
/kaggle/input/datasets/duc24kdl/sub-x-ray/sub_X-Ray/sub_chest/IM-0318-0001.jpeg,,sub_chest,IM-0318-0001.jpeg,ok,817x605 -> 1634x1210,2,1,11.08,38.5479,9.084293,3.014016,0.9261,0.9936,0.2093,5.6459,36.4286,14.798696,3.846907,0.8903,0.9844,0.4292,0.4292,0.4292,8.3554,129.601,60.4732,129.601,60.4732,0.0358,36.4286,0.8903,14.798696,3.846907,-2.1193,-0.0092,-0.2199,-2.7095
/kaggle/input/datasets/duc24kdl/sub-x-ray/sub_X-Ray/sub_chest/IM-0319-0001.jpeg,,sub_chest,IM-0319-0001.jpeg,ok,646x612 -> 1292x1224,2,1,8.86,39.3153,7.612915,2.759151,0.9343,0.9943,0.2067,6.1766,37.0671,12.77522,3.574244,0.9015,0.9862,0.4335,0.4335,0.4335,8.1596,124.5318,51.057,124.5318,51.057,0.11,37.0671,0.9015,12.77522,3.574244,-2.2482,-0.0081,-0.2268,-1.983
/kaggle/input/datasets/duc24kdl/sub-x-ray/sub_X-Ray/sub_chest/IM-0320-0001.jpeg,,sub_chest,IM-0320-0001.jpeg,ok,850x635 -> 1700x1270,2,1,11.84,39.0272,8.135078,2.852206,0.9317,0.994,0.2008,5.6761,36.746,13.755697,3.708867,0.8956,0.985,0.4109,0.4109,0.4109,8.0317,112.4204,62.8702,112.4204,62.8702,0.0868,36.746,0.8956,13.755697,3.708867,-2.2812,-0.009,-0.2101,-2.3556
/kaggle/input/datasets/duc24kdl/sub-x-ray/sub_X-Ray/sub_chest/IM-0323-0001.jpeg,,sub_chest,IM-0323-0001.jpeg,ok,912x715 -> 1824x1430,2,1,13.08,39.0559,8.081498,2.842797,0.9286,0.9937,0.2077,6.0874,37.002,12.968129,3.601129,0.8957,0.9851,0.4314,0.4314,0.4314,8.3728,131.7875,55.6024,131.7875,55.6024,0.05,37.002,0.8957,12.968129,3.601129,-2.0539,-0.0086,-0.2237,-2.2854
/kaggle/input/datasets/duc24kdl/sub-x-ray/sub_X-Ray/sub_chest/IM-0324-0001.jpeg,,sub_chest,IM-0324-0001.jpeg,ok,599x465 -> 1198x930,2,1,7.01,39.9612,6.560893,2.561424,0.9433,0.9949,0.1755,6.3079,37.6294,11.223722,3.350182,0.9151,0.9879,0.3889,0.3889,0.3889,8.1242,117.4589,57.0833,117.4589,57.0833,0.0999,37.6294,0.9151,11.223722,3.350182,-2.3317,-0.0071,-0.2134,-1.8163
/kaggle/input/datasets/duc24kdl/sub-x-ray/sub_X-Ray/sub_chest/IM-0325-0001.jpeg,,sub_chest,IM-0325-0001.jpeg,ok,752x587 -> 1504x1174,2,1,9.38,39.1858,7.843388,2.800605,0.9342,0.9943,0.1911,6.0934,37.0832,12.728041,3.567638,0.9029,0.9864,0.3952,0.3952,0.3952,8.7467,118.8881,65.34,118.8881,65.34,0.118,37.0832,0.9029,12.728041,3.567638,-2.1026,-0.0079,-0.2041,-2.6533
/kaggle/input/datasets/duc24kdl/sub-x-ray/sub_X-Ray/sub_chest/IM-0326-0001.jpeg,,sub_chest,IM-0326-0001.jpeg,ok,760x653 -> 1520x1306,2,1,10.36,37.6546,11.158952,3.340502,0.9091,0.9922,0.2398,5.708,35.4122,18.70098,4.324463,0.8629,0.9807,0.463,0.463,0.463,8.1269,119.4485,53.3905,119.4485,53.3905,0.1047,35.4122,0.8629,18.70098,4.324463,-2.2424,-0.0116,-0.2232,-2.4189
/kaggle/input/datasets/duc24kdl/sub-x-ray/sub_X-Ray/sub_chest/IM-0327-0001.jpeg,,sub_chest,IM-0327-0001.jpeg,ok,904x753 -> 1808x1506,2,1,13.64,39.1429,7.921265,2.814474,0.9274,0.9936,0.2123,6.0934,37.0065,12.954843,3.599284,0.8912,0.9842,0.4289,0.4289,0.4289,8.4237,127.3067,55.9639,127.3067,55.9639,0.1215,37.0065,0.8912,12.954843,3.599284,-2.1364,-0.0094,-0.2166,-2.3304
/kaggle/input/datasets/duc24kdl/sub-x-ray/sub_X-Ray/sub_chest/IM-0329-0001.jpeg,,sub_chest,IM-0329-0001.jpeg,ok,598x487 -> 1196x974,2,1,7.15,37.4525,11.690308,3.419109,0.907,0.9922,0.2253,5.989,35.3261,19.075098,4.367505,0.8638,0.9814,0.4436,0.4436,0.4436,8.2111,127.1569,47.8515,127.1569,47.8515,0.0792,35.3261,0.8638,19.075098,4.367505,-2.1264,-0.0108,-0.2184,-2.2221
/kaggle/input/datasets/duc24kdl/sub-x-ray/sub_X-Ray/sub_chest/IM-0330-0001.jpeg,,sub_chest,IM-0330-0001.jpeg,ok,711x595 -> 1422x1190,2,1,9.61,39.3097,7.622643,2.760913,0.9364,0.9945,0.1908,6.0481,36.9854,13.017773,3.608015,0.9026,0.9862,0.3997,0.3997,0.3997,8.2639,128.981,60.7987,128.981,60.7987,0.0434,36.9854,0.9026,13.017773,3.608015,-2.3243,-0.0083,-0.209,-2.2158
/kaggle/input/datasets/duc24kdl/sub-x-ray/sub_X-Ray/sub_chest/IM-0331-0001.jpeg,,sub_chest,IM-0331-0001.jpeg,ok,680x670 -> 1360x1340,2,1,9.67,39.3727,7.512897,2.740966,0.9364,0.9946,0.1885,5.7312,36.913,13.23683,3.638245,0.9018,0.9863,0.4054,0.4054,0.4054,8.3511,130.5537,72.3472,130.5537,72.3472,0.1054,36.913,0.9018,13.23683,3.638245,-2.4598,-0.0083,-0.2168,-2.62
/kaggle/input/datasets/duc24kdl/sub-x-ray/sub_X-Ray/sub_chest/IM-0332-0001.jpeg,,sub_chest,IM-0332-0001.jpeg,ok,756x601 -> 1512x1202,2,1,11.3,38.7956,8.5807,2.929283,0.9273,0.9937,0.2146,5.8894,36.4285,14.798922,3.846937,0.8885,0.9843,0.4311,0.4311,0.4311,8.0726,128.4339,55.5636,128.4339,55.5636,0.1063,36.4285,0.8885,14.798922,3.846937,-2.3671,-0.0095,-0.2165,-2.1832
/kaggle/input/datasets/duc24kdl/sub-x-ray/sub_X-Ray/sub_chest/IM-0333-0001.jpeg,,sub_chest,IM-0333-0001.jpeg,ok,557x421 -> 1114x842,2,1,6.12,40.7229,5.505375,2.346353,0.9615,0.9964,0.1686,6.7891,38.0664,10.149358,3.185806,0.94,0.9914,0.4138,0.4138,0.4138,8.2158,117.1693,52.6931,117.1693,52.6931,0.0253,38.0664,0.94,10.149358,3.185806,-2.6565,-0.0051,-0.2453,-1.4268
/kaggle/input/datasets/duc24kdl/sub-x-ray/sub_X-Ray/sub_chest/IM-0335-0001.jpeg,,sub_chest,IM-0335-0001.jpeg,ok,1269x948 -> 2538x1896,2,1,24.54,40.0452,6.435179,2.536765,0.9419,0.9949,0.1654,5.0725,37.9917,10.32555,3.213339,0.9145,0.9876,0.3323,0.3323,0.3323,8.2895,99.2531,74.4024,99.2531,74.4024,0.0492,37.9917,0.9145,10.32555,3.213339,-2.0535,-0.0072,-0.1669,-3.217
/kaggle/input/datasets/duc24kdl/sub-x-ray/sub_X-Ray/sub_chest/IM-0337-0001.jpeg,,sub_chest,IM-0337-0001.jpeg,ok,792x618 -> 1584x1236,2,1,10.3,39.7394,6.904582,2.627657,0.9381,0.9945,0.1815,6.2128,37.703,11.035119,3.321915,0.9098,0.9872,0.4103,0.4103,0.4103,8.4802,127.9804,60.3592,127.9804,60.3592,0.0637,37.703,0.9098,11.035119,3.321915,-2.0364,-0.0073,-0.2288,-2.2674
/kaggle/input/datasets/duc24kdl/sub-x-ray/sub_X-Ray/sub_chest/IM-0338-0001.jpeg,,sub_chest,IM-0338-0001.jpeg,ok,873x696 -> 1746x1392,2,1,13.08,39.5773,7.167273,2.677176,0.9419,0.9949,0.1871,5.5557,37.4511,11.694112,3.419666,0.9137,0.9878,0.3877,0.3877,0.3877,8.2472,102.3738,61.5918,102.3738,61.5918,0.0276,37.4511,0.9137,11.694112,3.419666,-2.1261,-0.0071,-0.2006,-2.6915
/kaggle/input/datasets/duc24kdl/sub-x-ray/sub_X-Ray/sub_chest/IM-0339-0001.jpeg,,sub_chest,IM-0339-0001.jpeg,ok,896x811 -> 1792x1622,2,1,14.58,39.7837,6.834611,2.614309,0.939,0.9947,0.1975,6.4243,37.6542,11.159799,3.340629,0.9119,0.9878,0.4164,0.4164,0.4164,8.7057,128.1501,58.7759,128.1501,58.7759,0.0361,37.6542,0.9119,11.159799,3.340629,-2.1294,-0.0069,-0.2189,-2.2814
/kaggle/input/datasets/duc24kdl/sub-x-ray/sub_X-Ray/sub_chest/IM-0340-0001.jpeg,,sub_chest,IM-0340-0001.jpeg,ok,920x740 -> 1840x1480,2,1,13.6,38.6568,8.859305,2.976459,0.9332,0.9942,0.1945,5.311,36.3894,14.932645,3.864278,0.8996,0.9855,0.3928,0.3928,0.3928,7.9174,118.9026,68.1245,118.9026,68.1245,0.0944,36.3894,0.8996,14.932645,3.864278,-2.2674,-0.0086,-0.1984,-2.6064
/kaggle/input/datasets/duc24kdl/sub-x-ray/sub_X-Ray/sub_chest/IM-0341-0001.jpeg,,sub_chest,IM-0341-0001.jpeg,ok,827x682 -> 1654x1364,2,1,12.17,38.9629,8.256383,2.873392,0.9266,0.9935,0.2052,6.0059,36.8468,13.440037,3.666066,0.891,0.9842,0.4076,0.4076,0.4076,8.3357,123.0793,58.3128,123.0793,58.3128,0.0804,36.8468,0.891,13.440037,3.666066,-2.1161,-0.0093,-0.2024,-2.3299
/kaggle/input/datasets/duc24kdl/sub-x-ray/sub_X-Ray/sub_chest/IM-0343-0001.jpeg,,sub_chest,IM-0343-0001.jpeg,ok,794x608 -> 1588x1216,2,1,10.4,40.02,6.472617,2.544134,0.9417,0.9947,0.1834,6.2083,37.9018,10.541519,3.246771,0.9135,0.9875,0.3887,0.3887,0.3887,8.3419,118.1733,56.6046,118.1733,56.6046,0.0926,37.9018,0.9135,10.541519,3.246771,-2.1182,-0.0073,-0.2053,-2.1336
/kaggle/input/datasets/duc24kdl/sub-x-ray/sub_X-Ray/sub_chest/IM-0345-0001.jpeg,,sub_chest,IM-0345-0001.jpeg,ok,655x535 -> 1310x1070,2,1,8.22,39.2703,7.692219,2.773485,0.9366,0.9944,0.1932,6.1569,36.9865,13.014552,3.607569,0.9035,0.9862,0.4046,0.4046,0.4046,8.0999,134.6011,52.9149,134.6011,52.9149,0.0531,36.9865,0.9035,13.014552,3.607569,-2.2838,-0.0082,-0.2114,-1.943
/kaggle/input/datasets/duc24kdl/sub-x-ray/sub_X-Ray/sub_chest/IM-0346-0001.jpeg,,sub_chest,IM-0346-0001.jpeg,ok,796x705 -> 1592x1410,2,1,11.89,38.9617,8.258692,2.873794,0.9362,0.9944,0.1997,5.5848,36.6798,13.966928,3.737235,0.9036,0.9864,0.4017,0.4017,0.4017,7.7746,114.8526,62.9562,114.8526,62.9562,0.0683,36.6798,0.9036,13.966928,3.737235,-2.2819,-0.008,-0.202,-2.1898
/kaggle/input/datasets/duc24kdl/sub-x-ray/sub_X-Ray/sub_chest/IM-0347-0001.jpeg,,sub_chest,IM-0347-0001.jpeg,ok,819x584 -> 1638x1168,2,1,10.46,39.3067,7.628075,2.761897,0.9399,0.9947,0.1831,5.417,37.2414,12.272802,3.503256,0.9113,0.9874,0.382,0.382,0.382,8.3894,103.3306,59.2694,103.3306,59.2694,0.0298,37.2414,0.9113,12.272802,3.503256,-2.0653,-0.0073,-0.1989,-2.9724
/kaggle/input/datasets/duc24kdl/sub-x-ray/sub_X-Ray/sub_chest/IM-0348-0001.jpeg,,sub_chest,IM-0348-0001.jpeg,ok,694x531 -> 1388x1062,2,1,8.51,37.5236,11.500486,3.391237,0.9032,0.9917,0.2239,5.7362,35.4061,18.727008,4.327471,0.8555,0.9795,0.4385,0.4385,0.4385,8.7244,133.1537,58.7574,133.1537,58.7574,0.1084,35.4061,0.8555,18.727008,4.327471,-2.1175,-0.0122,-0.2147,-2.9882
/kaggle/input/datasets/duc24kdl/sub-x-ray/sub_X-Ray/sub_chest/IM-0349-0001.jpeg,,sub_chest,IM-0349-0001.jpeg,ok,796x664 -> 1592x1328,2,1,11.11,38.9251,8.328474,2.88591,0.9274,0.9937,0.1967,5.6406,36.6166,14.171557,3.764513,0.889,0.9841,0.407,0.407,0.407,8.1776,124.9498,66.7221,124.9498,66.7221,0.081,36.6166,0.889,14.171557,3.764513,-2.3085,-0.0096,-0.2104,-2.5371
/kaggle/input/datasets/duc24kdl/sub-x-ray/sub_X-Ray/sub_chest/IM-0350-0001.jpeg,,sub_chest,IM-0350-0001.jpeg,ok,696x499 -> 1392x998,2,1,7.65,38.4959,9.193689,3.03211,0.9384,0.9948,0.1728,5.6239,35.8045,17.085528,4.133464,0.9012,0.9864,0.3717,0.3717,0.3717,7.8366,119.7668,76.8982,119.7668,76.8982,0.0474,35.8045,0.9012,17.085528,4.133464,-2.6914,-0.0084,-0.1989,-2.2128
/kaggle/input/datasets/duc24kdl/sub-x-ray/sub_X-Ray/sub_chest/IM-0351-0001.jpeg,,sub_chest,IM-0351-0001.jpeg,ok,887x794 -> 1774x1588,2,1,14.94,38.9289,8.321294,2.884665,0.9279,0.9937,0.2096,5.7951,36.8111,13.550869,3.681151,0.892,0.9845,0.4236,0.4236,0.4236,8.3078,121.3486,62.1381,121.3486,62.1381,0.0383,36.8111,0.892,13.550869,3.681151,-2.1178,-0.0092,-0.214,-2.5126
/kaggle/input/datasets/duc24kdl/sub-x-ray/sub_X-Ray/sub_chest/IM-0353-0001.jpeg,,sub_chest,IM-0353-0001.jpeg,ok,810x575 -> 1620x1150,2,1,10.15,39.2346,7.755719,2.784909,0.9395,0.9946,0.1843,6.2036,37.1327,12.583692,3.54735,0.9102,0.987,0.3842,0.3842,0.3842,9.1072,111.2532,60.8622,111.2532,60.8622,0.0407,37.1327,0.9102,12.583692,3.54735,-2.1019,-0.0075,-0.1999,-2.9037
/kaggle/input/datasets/duc24kdl/sub-x-ray/sub_X-Ray/sub_chest/IM-0354-0001.jpeg,,sub_chest,IM-0354-0001.jpeg,ok,769x493 -> 1538x986,2,1,8.76,38.55,9.079814,3.013273,0.9279,0.9938,0.1829,4.8223,36.3983,14.902325,3.860353,0.892,0.9847,0.365,0.365,0.365,8.3024,112.9504,72.7654,112.9504,72.7654,0.1275,36.3983,0.892,14.902325,3.860353,-2.1518,-0.0091,-0.1821,-3.4802
/kaggle/input/datasets/duc24kdl/sub-x-ray/sub_X-Ray/sub_chest/IM-0355-0001.jpeg,,sub_chest,IM-0355-0001.jpeg,ok,686x554 -> 1372x1108,2,1,8.56,40.1815,6.236316,2.497262,0.9433,0.995,0.1863,6.4644,37.9105,10.520391,3.243515,0.9162,0.9882,0.416,0.416,0.416,8.3502,122.8799,54.4047,122.8799,54.4047,0.1266,37.9105,0.9162,10.520391,3.243515,-2.271,-0.0068,-0.2297,-1.8858
/kaggle/input/datasets/duc24kdl/sub-x-ray/sub_X-Ray/sub_chest/IM-0356-0001.jpeg,,sub_chest,IM-0356-0001.jpeg,ok,650x487 -> 1300x974,2,1,7.51,39.2331,7.75844,2.785398,0.9377,0.9946,0.1963,5.8423,37.0129,12.935674,3.59662,0.9068,0.9869,0.4034,0.4034,0.4034,8.3838,103.7519,51.0194,103.7519,51.0194,0.1334,37.0129,0.9068,12.935674,3.59662,-2.2201,-0.0076,-0.2072,-2.5415
/kaggle/input/datasets/duc24kdl/sub-x-ray/sub_X-Ray/sub_chest/IM-0357-0001.jpeg,,sub_chest,IM-0357-0001.jpeg,ok,1032x975 -> 2064x1950,2,1,19.41,39.3462,7.558955,2.749355,0.9352,0.9943,0.2008,5.8059,36.9984,12.978938,3.602629,0.9012,0.9856,0.4041,0.4041,0.4041,8.4305,121.8563,62.2472,121.8563,62.2472,0.0516,36.9984,0.9012,12.978938,3.602629,-2.3478,-0.0087,-0.2034,-2.6246
/kaggle/input/datasets/duc24kdl/sub-x-ray/sub_X-Ray/sub_chest/IM-0358-0001.jpeg,,sub_chest,IM-0358-0001.jpeg,ok,823x649 -> 1646x1298,2,1,11.8,39.4886,7.315037,2.704633,0.9427,0.995,0.1885,5.7179,37.1632,12.49557,3.534907,0.9122,0.9875,0.4046,0.4046,0.4046,7.9563,109.7681,58.8954,109.7681,58.8954,0.0801,37.1632,0.9122,12.49557,3.534907,-2.3254,-0.0074,-0.2161,-2.2384
/kaggle/input/datasets/duc24kdl/sub-x-ray/sub_X-Ray/sub_chest/IM-0359-0001.jpeg,,sub_chest,IM-0359-0001.jpeg,ok,817x636 -> 1634x1272,2,1,11.68,39.4107,7.447574,2.729024,0.9378,0.9945,0.1826,6.0887,37.3512,11.966178,3.459216,0.9093,0.9871,0.3938,0.3938,0.3938,8.4679,118.1582,64.3586,118.1582,64.3586,0.0326,37.3512,0.9093,11.966178,3.459216,-2.0594,-0.0074,-0.2111,-2.3792
/kaggle/input/datasets/duc24kdl/sub-x-ray/sub_X-Ray/sub_chest/IM-0361-0001.jpeg,,sub_chest,IM-0361-0001.jpeg,ok,785x578 -> 1570x1156,2,1,10.2,39.3013,7.63743,2.76359,0.9369,0.9944,0.1833,5.8716,37.0837,12.726509,3.567423,0.9054,0.9865,0.3914,0.3914,0.3914,8.5609,121.3342,65.7067,121.3342,65.7067,0.0525,37.0837,0.9054,12.726509,3.567423,-2.2176,-0.0079,-0.2081,-2.6892
/kaggle/input/datasets/duc24kdl/sub-x-ray/sub_X-Ray/sub_chest/IM-0362-0001.jpeg,,sub_chest,IM-0362-0001.jpeg,ok,791x591 -> 1582x1182,2,1,10.59,38.6587,8.85539,2.975801,0.9287,0.9938,0.2042,5.8001,36.3902,14.930012,3.863937,0.892,0.9847,0.4154,0.4154,0.4154,8.2183,125.3668,61.8727,125.3668,61.8727,0.0725,36.3902,0.892,14.930012,3.863937,-2.2685,-0.0091,-0.2113,-2.4182
/kaggle/input/datasets/duc24kdl/sub-x-ray/sub_X-Ray/sub_chest/IM-0363-0001.jpeg,,sub_chest,IM-0363-0001.jpeg,ok,790x701 -> 1580x1402,2,1,11.79,39.6594,7.032961,2.651973,0.9393,0.9946,0.1825,5.4685,37.4037,11.822464,3.438381,0.9073,0.9866,0.3741,0.3741,0.3741,8.3873,108.2848,65.6005,108.2848,65.6005,0.1147,37.4037,0.9073,11.822464,3.438381,-2.2557,-0.008,-0.1915,-2.9187
/kaggle/input/datasets/duc24kdl/sub-x-ray/sub_X-Ray/sub_chest/IM-0364-0001.jpeg,,sub_chest,IM-0364-0001.jpeg,ok,698x500 -> 1396x1000,2,1,8.15,38.1123,10.042635,3.169012,0.9252,0.9936,0.2026,5.5545,35.9181,16.644458,4.079762,0.8865,0.9841,0.3947,0.3947,0.3947,8.6763,118.4563,64.945,118.4563,64.945,0.0425,35.9181,0.8865,16.644458,4.079762,-2.1942,-0.0095,-0.1921,-3.1218
/kaggle/input/datasets/duc24kdl/sub-x-ray/sub_X-Ray/sub_chest/IM-0365-0001.jpeg,,sub_chest,IM-0365-0001.jpeg,ok,800x614 -> 1600x1228,2,1,10.35,39.2186,7.784396,2.790053,0.9313,0.994,0.1998,5.9471,37.1089,12.652767,3.557073,0.8978,0.9855,0.4215,0.4215,0.4215,8.6201,116.2548,59.3862,116.2548,59.3862,0.0939,37.1089,0.8978,12.652767,3.557073,-2.1096,-0.0085,-0.2217,-2.673
/kaggle/input/datasets/duc24kdl/sub-x-ray/sub_X-Ray/sub_chest/IM-0367-0001.jpeg,,sub_chest,IM-0367-0001.jpeg,ok,736x585 -> 1472x1170,2,1,9.27,39.0552,8.082722,2.843013,0.934,0.9943,0.1865,5.6465,36.5363,14.436276,3.79951,0.9005,0.9859,0.3712,0.3712,0.3712,8.3154,121.0257,67.7784,121.0257,67.7784,0.0756,36.5363,0.9005,14.436276,3.79951,-2.519,-0.0084,-0.1847,-2.6689
/kaggle/input/datasets/duc24kdl/sub-x-ray/sub_X-Ray/sub_chest/IM-0368-0001.jpeg,,sub_chest,IM-0368-0001.jpeg,ok,713x582 -> 1426x1164,2,1,9.37,38.5632,9.052411,3.008722,0.9234,0.9934,0.2172,5.7433,36.4056,14.877021,3.857074,0.8862,0.984,0.4352,0.4352,0.4352,8.2872,122.6765,57.8926,122.6765,57.8926,0.0503,36.4056,0.8862,14.877021,3.857074,-2.1575,-0.0094,-0.218,-2.5439
/kaggle/input/datasets/duc24kdl/sub-x-ray/sub_X-Ray/sub_chest/IM-0369-0001.jpeg,,sub_chest,IM-0369-0001.jpeg,ok,698x512 -> 1396x1024,2,1,8.17,39.1856,7.843742,2.800668,0.9318,0.994,0.1958,6.1479,37.0165,12.925051,3.595143,0.8991,0.9857,0.4157,0.4157,0.4157,8.3299,135.1393,57.748,135.1393,57.748,0.1256,37.0165,0.8991,12.925051,3.595143,-2.1691,-0.0084,-0.2198,-2.182
/kaggle/input/datasets/duc24kdl/sub-x-ray/sub_X-Ray/sub_chest/IM-0370-0001.jpeg,,sub_chest,IM-0370-0001.jpeg,ok,557x416 -> 1114x832,2,1,6.73,36.141,15.811844,3.976411,0.8857,0.9905,0.2334,5.5811,33.9224,26.353527,5.133569,0.8328,0.9775,0.4668,0.4668,0.4668,8.1978,124.8301,54.942,124.8301,54.942,0.0559,33.9224,0.8328,26.353527,5.133569,-2.2186,-0.0131,-0.2334,-2.6167
/kaggle/input/datasets/duc24kdl/sub-x-ray/sub_X-Ray/sub_chest/IM-0371-0001.jpeg,,sub_chest,IM-0371-0001.jpeg,ok,1012x1018 -> 2024x2036,2,1,20.84,39.8704,6.699502,2.58834,0.9345,0.9943,0.202,6.2765,37.8814,10.590965,3.254376,0.9055,0.9867,0.4336,0.4336,0.4336,8.6575,138.9472,60.695,138.9472,60.695,0.0741,37.8814,0.9055,10.590965,3.254376,-1.9889,-0.0076,-0.2316,-2.381
/kaggle/input/datasets/duc24kdl/sub-x-ray/sub_X-Ray/sub_chest/IM-0372-0001.jpeg,,sub_chest,IM-0372-0001.jpeg,ok,895x827 -> 1790x1654,2,1,15.72,39.4646,7.355597,2.71212,0.9349,0.9942,0.2076,6.1678,37.3563,11.952186,3.457193,0.9043,0.9862,0.4237,0.4237,0.4237,8.5582,129.6217,56.7379,129.6217,56.7379,0.1102,37.3563,0.9043,11.952186,3.457193,-2.1083,-0.008,-0.2162,-2.3904
/kaggle/input/datasets/duc24kdl/sub-x-ray/sub_X-Ray/sub_chest/IM-0374-0001.jpeg,,sub_chest,IM-0374-0001.jpeg,ok,872x701 -> 1744x1402,2,1,12.66,39.6084,7.116103,2.667603,0.9379,0.9945,0.1906,6.1775,37.0864,12.718497,3.5663,0.9042,0.9861,0.4202,0.4202,0.4202,8.2306,153.6449,66.2282,153.6449,66.2282,0.0437,37.0864,0.9042,12.718497,3.5663,-2.5219,-0.0085,-0.2295,-2.0531
/kaggle/input/datasets/duc24kdl/sub-x-ray/sub_X-Ray/sub_chest/IM-0375-0001.jpeg,,sub_chest,IM-0375-0001.jpeg,ok,908x813 -> 1816x1626,2,1,15.1,39.6954,6.975,2.641023,0.9364,0.9944,0.1989,5.7408,37.5392,11.45946,3.385182,0.9047,0.9864,0.4008,0.4008,0.4008,8.494,113.113,60.0163,113.113,60.0163,0.1318,37.5392,0.9047,11.45946,3.385182,-2.1562,-0.008,-0.2019,-2.7532
/kaggle/input/datasets/duc24kdl/sub-x-ray/sub_X-Ray/sub_chest/IM-0377-0001.jpeg,,sub_chest,IM-0377-0001.jpeg,ok,719x553 -> 1438x1106,2,1,9.18,37.7645,10.880031,3.298489,0.9114,0.9925,0.2252,5.3608,35.5876,17.960485,4.237981,0.866,0.9812,0.4417,0.4417,0.4417,7.9428,135.2918,59.4071,135.2918,59.4071,0.1018,35.5876,0.866,17.960485,4.237981,-2.1769,-0.0113,-0.2165,-2.582
/kaggle/input/datasets/duc24kdl/sub-x-ray/sub_X-Ray/sub_chest/IM-0379-0001.jpeg,,sub_chest,IM-0379-0001.jpeg,ok,862x697 -> 1724x1394,2,1,12.88,39.9516,6.575443,2.564263,0.9411,0.9949,0.1882,6.1409,37.8647,10.631765,3.260639,0.9142,0.9881,0.4036,0.4036,0.4036,8.6842,115.0652,60.2289,115.0652,60.2289,0.0528,37.8647,0.9142,10.631765,3.260639,-2.0868,-0.0068,-0.2154,-2.5434
/kaggle/input/datasets/duc24kdl/sub-x-ray/sub_X-Ray/sub_chest/IM-0381-0001.jpeg,,sub_chest,IM-0381-0001.jpeg,ok,872x694 -> 1744x1388,2,1,12.24,40.0258,6.464025,2.542445,0.9389,0.9947,0.1906,6.214,37.9636,10.392395,3.223724,0.9117,0.9877,0.4037,0.4037,0.4037,8.578,119.0816,60.3488,119.0816,60.3488,0.1371,37.9636,0.9117,10.392395,3.223724,-2.0621,-0.007,-0.2131,-2.364
/kaggle/input/datasets/duc24kdl/sub-x-ray/sub_X-Ray/sub_chest/IM-0382-0001.jpeg,,sub_chest,IM-0382-0001.jpeg,ok,736x612 -> 1472x1224,2,1,9.64,37.7237,10.982676,3.314012,0.9063,0.9921,0.2245,5.4845,35.7478,17.309957,4.160524,0.8632,0.9811,0.4092,0.4092,0.4092,8.5945,106.014,59.4632,106.014,59.4632,0.0674,35.7478,0.8632,17.309957,4.160524,-1.9759,-0.011,-0.1846,-3.11
/kaggle/input/datasets/duc24kdl/sub-x-ray/sub_X-Ray/sub_chest/IM-0383-0001.jpeg,,sub_chest,IM-0383-0001.jpeg,ok,736x659 -> 1472x1318,2,1,10.28,39.6227,7.092711,2.663214,0.9363,0.9944,0.1879,6.018,37.4609,11.667829,3.41582,0.9052,0.9866,0.4123,0.4123,0.4123,8.2171,128.7185,64.6665,128.7185,64.6665,0.0898,37.4609,0.9052,11.667829,3.41582,-2.1618,-0.0078,-0.2244,-2.1991
/kaggle/input/datasets/duc24kdl/sub-x-ray/sub_X-Ray/sub_chest/IM-0384-0001.jpeg,,sub_chest,IM-0384-0001.jpeg,ok,804x613 -> 1608x1226,2,1,10.57,37.6911,11.065501,3.326485,0.916,0.993,0.199,5.4371,35.3282,19.066037,4.366467,0.8696,0.9818,0.4138,0.4138,0.4138,8.3223,131.1827,73.2279,131.1827,73.2279,0.0865,35.3282,0.8696,19.066037,4.366467,-2.3629,-0.0111,-0.2147,-2.8852
/kaggle/input/datasets/duc24kdl/sub-x-ray/sub_X-Ray/sub_chest/IM-0385-0001.jpeg,,sub_chest,IM-0385-0001.jpeg,ok,856x665 -> 1712x1330,2,1,11.78,39.8356,6.753359,2.598723,0.9401,0.9948,0.1862,6.1907,37.6498,11.171218,3.342337,0.911,0.9876,0.3965,0.3965,0.3965,8.5006,121.35,63.9009,121.35,63.9009,0.0597,37.6498,0.911,11.171218,3.342337,-2.1858,-0.0072,-0.2103,-2.3098
/kaggle/input/datasets/duc24kdl/sub-x-ray/sub_X-Ray/sub_chest/IM-0386-0001.jpeg,,sub_chest,IM-0386-0001.jpeg,ok,775x651 -> 1550x1302,2,1,11.21,39.7648,6.864314,2.619984,0.9423,0.9949,0.179,5.9961,37.4658,11.654775,3.413909,0.912,0.9874,0.3833,0.3833,0.3833,8.2504,117.9124,61.1366,117.9124,61.1366,0.0483,37.4658,0.912,11.654775,3.413909,-2.2991,-0.0075,-0.2043,-2.2544
/kaggle/input/datasets/duc24kdl/sub-x-ray/sub_X-Ray/sub_chest/IM-0387-0001.jpeg,,sub_chest,IM-0387-0001.jpeg,ok,960x900 -> 1920x1800,2,1,16.74,39.4601,7.363324,2.713544,0.9332,0.9942,0.2029,5.5731,37.1251,12.60576,3.550459,0.8971,0.9851,0.4033,0.4033,0.4033,7.8869,120.0477,63.1266,120.0477,63.1266,0.0532,37.1251,0.8971,12.60576,3.550459,-2.335,-0.0091,-0.2005,-2.3138
/kaggle/input/datasets/duc24kdl/sub-x-ray/sub_X-Ray/sub_chest/IM-0388-0001.jpeg,,sub_chest,IM-0388-0001.jpeg,ok,840x676 -> 1680x1352,2,1,11.56,39.9107,6.637559,2.576346,0.9423,0.9949,0.1863,6.2202,37.8922,10.564772,3.25035,0.9171,0.9886,0.4105,0.4105,0.4105,8.6212,119.3569,57.6266,119.3569,57.6266,0.081,37.8922,0.9171,10.564772,3.25035,-2.0185,-0.0064,-0.2242,-2.401
/kaggle/input/datasets/duc24kdl/sub-x-ray/sub_X-Ray/sub_chest/IM-0389-0001.jpeg,,sub_chest,IM-0389-0001.jpeg,ok,765x514 -> 1530x1028,2,1,8.96,39.1219,7.959644,2.821284,0.9337,0.9942,0.187,5.9233,36.9621,13.087822,3.617709,0.9014,0.986,0.3886,0.3886,0.3886,8.4607,130.7933,67.1671,130.7933,67.1671,0.1346,36.9621,0.9014,13.087822,3.617709,-2.1597,-0.0082,-0.2017,-2.5373
/kaggle/input/datasets/duc24kdl/sub-x-ray/sub_X-Ray/sub_chest/IM-0391-0001.jpeg,,sub_chest,IM-0391-0001.jpeg,ok,1111x834 -> 2222x1668,2,1,20.92,39.4703,7.346031,2.710356,0.933,0.9941,0.1901,5.1512,37.4208,11.776065,3.431627,0.9015,0.9859,0.3836,0.3836,0.3836,8.3359,120.2632,70.7445,120.2632,70.7445,0.1188,37.4208,0.9015,11.776065,3.431627,-2.0495,-0.0083,-0.1934,-3.1847
/kaggle/input/datasets/duc24kdl/sub-x-ray/sub_X-Ray/sub_chest/IM-0392-0001.jpeg,,sub_chest,IM-0392-0001.jpeg,ok,721x529 -> 1442x1058,2,1,8.9,38.2457,9.738868,3.120716,0.9224,0.9934,0.1974,4.8947,36.0918,15.99179,3.998974,0.8833,0.9837,0.3868,0.3868,0.3868,8.5125,101.9167,62.03,101.9167,62.03,0.1323,36.0918,0.8833,15.99179,3.998974,-2.1539,-0.0096,-0.1894,-3.6178
/kaggle/input/datasets/duc24kdl/sub-x-ray/sub_X-Ray/sub_chest/IM-0393-0001.jpeg,,sub_chest,IM-0393-0001.jpeg,ok,877x610 -> 1754x1220,2,1,11.75,39.2726,7.688126,2.772747,0.9397,0.9948,0.1646,4.5941,36.9175,13.222968,3.63634,0.907,0.9868,0.3222,0.3222,0.3222,7.472,91.5122,74.2069,91.5122,74.2069,0.1423,36.9175,0.907,13.222968,3.63634,-2.3551,-0.008,-0.1577,-2.8779
/kaggle/input/datasets/duc24kdl/sub-x-ray/sub_X-Ray/sub_chest/IM-0394-0001.jpeg,,sub_chest,IM-0394-0001.jpeg,ok,833x666 -> 1666x1332,2,1,12.24,39.5904,7.145668,2.673138,0.9412,0.9948,0.1897,5.9226,37.1117,12.644783,3.55595,0.9089,0.987,0.4017,0.4017,0.4017,8.2678,113.3573,61.5644,113.3573,61.5644,0.0699,37.1117,0.9089,12.644783,3.55595,-2.4787,-0.0079,-0.212,-2.3452
/kaggle/input/datasets/duc24kdl/sub-x-ray/sub_X-Ray/sub_chest/IM-0395-0001.jpeg,,sub_chest,IM-0395-0001.jpeg,ok,744x637 -> 1488x1274,2,1,10.09,39.8977,6.657517,2.580217,0.9405,0.9947,0.1877,6.2996,37.6879,11.073765,3.327727,0.9107,0.9872,0.4047,0.4047,0.4047,8.3134,125.3972,57.354,125.3972,57.354,0.0642,37.6879,0.9107,11.073765,3.327727,-2.2098,-0.0075,-0.217,-2.0138
/kaggle/input/datasets/duc24kdl/sub-x-ray/sub_X-Ray/sub_chest/IM-0399-0001.jpeg,,sub_chest,IM-0399-0001.jpeg,ok,582x543 -> 1164x1086,2,1,7.58,38.5156,9.152067,3.025238,0.9193,0.9931,0.2315,6.1173,36.1566,15.755018,3.969259,0.8769,0.9828,0.463,0.463,0.463,8.0055,124.2994,52.6009,124.2994,52.6009,0.0838,36.1566,0.8769,15.755018,3.969259,-2.359,-0.0103,-0.2315,-1.8882
/kaggle/input/datasets/duc24kdl/sub-x-ray/sub_X-Ray/sub_chest/IM-0400-0001.jpeg,,sub_chest,IM-0400-0001.jpeg,ok,723x541 -> 1446x1082,2,1,9.19,37.4155,11.790345,3.433707,0.9072,0.9921,0.2181,4.8281,35.2862,19.251362,4.387637,0.8601,0.9804,0.405,0.405,0.405,8.0717,114.5211,64.3415,114.5211,64.3415,0.1187,35.2862,0.8601,19.251362,4.387637,-2.1293,-0.0118,-0.187,-3.2436
/kaggle/input/datasets/duc24kdl/sub-x-ray/sub_X-Ray/sub_chest/IM-0401-0001.jpeg,,sub_chest,IM-0401-0001.jpeg,ok,910x835 -> 1820x1670,2,1,16.11,41.3777,4.734854,2.175972,0.9558,0.9959,0.1882,6.5594,38.806,8.560199,2.925782,0.9297,0.9895,0.4226,0.4226,0.4226,8.616,135.7916,57.1103,135.7916,57.1103,0.142,38.806,0.9297,8.560199,2.925782,-2.5718,-0.0065,-0.2344,-2.0566
/kaggle/input/datasets/duc24kdl/sub-x-ray/sub_X-Ray/sub_chest/IM-0403-0001.jpeg,,sub_chest,IM-0403-0001.jpeg,ok,887x806 -> 1774x1612,2,1,15.14,41.7079,4.388268,2.094819,0.9636,0.9965,0.16,6.8497,39.1643,7.882256,2.807536,0.9441,0.9916,0.3978,0.3978,0.3978,8.8925,135.973,61.6437,135.973,61.6437,0.0377,39.1643,0.9441,7.882256,2.807536,-2.5436,-0.0049,-0.2379,-2.0429
/kaggle/input/datasets/duc24kdl/sub-x-ray/sub_X-Ray/sub_chest/IM-0404-0001.jpeg,,sub_chest,IM-0404-0001.jpeg,ok,847x591 -> 1694x1182,2,1,11.24,39.0822,8.032642,2.834192,0.9322,0.994,0.205,6.0054,36.976,13.04599,3.611923,0.8993,0.9855,0.4308,0.4308,0.4308,8.5903,121.5092,53.9772,121.5092,53.9772,0.084,36.976,0.8993,13.04599,3.611923,-2.1062,-0.0085,-0.2258,-2.5849
/kaggle/input/datasets/duc24kdl/sub-x-ray/sub_X-Ray/sub_chest/IM-0405-0001.jpeg,,sub_chest,IM-0405-0001.jpeg,ok,976x809 -> 1952x1618,2,1,15.71,39.738,6.906864,2.628091,0.9425,0.9949,0.1885,6.2215,37.5645,11.392806,3.375323,0.9161,0.9881,0.4063,0.4063,0.4063,8.3835,123.3518,64.2473,123.3518,64.2473,0.0005,37.5645,0.9161,11.392806,3.375323,-2.1735,-0.0068,-0.2178,-2.162
/kaggle/input/datasets/duc24kdl/sub-x-ray/sub_X-Ray/sub_chest/IM-0408-0001.jpeg,,sub_chest,IM-0408-0001.jpeg,ok,721x574 -> 1442x1148,2,1,9.32,37.4959,11.574168,3.402083,0.9034,0.9918,0.2378,5.7009,35.2676,19.333949,4.397039,0.854,0.9796,0.4531,0.4531,0.4531,7.9288,131.4876,58.6066,131.4876,58.6066,0.0892,35.2676,0.854,19.333949,4.397039,-2.2283,-0.0123,-0.2153,-2.2279
/kaggle/input/datasets/duc24kdl/sub-x-ray/sub_X-Ray/sub_chest/IM-0409-0001.jpeg,,sub_chest,IM-0409-0001.jpeg,ok,545x396 -> 1090x792,2,1,5.86,37.353,11.961361,3.45852,0.8974,0.9914,0.2329,6.0742,35.3605,18.92459,4.35024,0.8504,0.9795,0.4861,0.4861,0.4861,8.2147,144.5938,47.6118,144.5938,47.6118,0.1033,35.3605,0.8504,18.92459,4.35024,-1.9925,-0.0119,-0.2532,-2.1405
/kaggle/input/datasets/duc24kdl/sub-x-ray/sub_X-Ray/sub_chest/IM-0410-0001.jpeg,,sub_chest,IM-0410-0001.jpeg,ok,816x687 -> 1632x1374,2,1,11.64,39.2875,7.661874,2.768009,0.9322,0.9941,0.2046,5.814,37.1334,12.581597,3.547055,0.8994,0.9858,0.4203,0.4203,0.4203,8.0179,126.0024,60.9074,126.0024,60.9074,0.1125,37.1334,0.8994,12.581597,3.547055,-2.154,-0.0083,-0.2157,-2.2039
/kaggle/input/datasets/duc24kdl/sub-x-ray/sub_X-Ray/sub_chest/IM-0411-0001.jpeg,,sub_chest,IM-0411-0001.jpeg,ok,864x759 -> 1728x1518,2,1,13.12,39.2805,7.674169,2.770229,0.9346,0.9943,0.1918,5.5898,37.105,12.664286,3.558692,0.9028,0.9862,0.3849,0.3849,0.3849,8.2916,113.014,67.0054,113.014,67.0054,0.0408,37.105,0.9028,12.664286,3.558692,-2.1755,-0.0081,-0.1932,-2.7019
/kaggle/input/datasets/duc24kdl/sub-x-ray/sub_X-Ray/sub_chest/IM-0413-0001.jpeg,,sub_chest,IM-0413-0001.jpeg,ok,1159x1205 -> 2318x2410,2,1,28.47,40.6899,5.547391,2.35529,0.9463,0.9952,0.1818,6.3276,38.3948,9.410259,3.067615,0.9207,0.9887,0.3996,0.3996,0.3996,8.5593,115.0012,62.368,115.0012,62.368,0.068,38.3948,0.9207,9.410259,3.067615,-2.2951,-0.0066,-0.2178,-2.2317
/kaggle/input/datasets/duc24kdl/sub-x-ray/sub_X-Ray/sub_chest/IM-0414-0001.jpeg,,sub_chest,IM-0414-0001.jpeg,ok,725x643 -> 1450x1286,2,1,10.53,38.0826,10.111695,3.179889,0.9287,0.9939,0.2079,5.8339,35.816,17.040546,4.12802,0.8907,0.9846,0.4171,0.4171,0.4171,7.9832,118.6273,58.3486,118.6273,58.3486,0.0339,35.816,0.8907,17.040546,4.12802,-2.2666,-0.0093,-0.2092,-2.1493
/kaggle/input/datasets/duc24kdl/sub-x-ray/sub_X-Ray/sub_chest/IM-0416-0001.jpeg,,sub_chest,IM-0416-0001.jpeg,ok,904x709 -> 1808x1418,2,1,13.04,38.9355,8.308692,2.88248,0.9235,0.9933,0.2208,6.0422,36.9596,13.095391,3.618755,0.8887,0.9842,0.4441,0.4441,0.4441,8.536,128.3323,51.9039,128.3323,51.9039,0.1187,36.9596,0.8887,13.095391,3.618755,-1.9759,-0.0092,-0.2232,-2.4938
/kaggle/input/datasets/duc24kdl/sub-x-ray/sub_X-Ray/sub_chest/IM-0417-0001.jpeg,,sub_chest,IM-0417-0001.jpeg,ok,893x750 -> 1786x1500,2,1,14.38,39.5032,7.290488,2.70009,0.9389,0.9946,0.1921,5.8855,37.259,12.223011,3.496142,0.9086,0.987,0.3952,0.3952,0.3952,8.5962,113.9718,65.6793,113.9718,65.6793,0.0385,37.259,0.9086,12.223011,3.496142,-2.2442,-0.0076,-0.2031,-2.7107
/kaggle/input/datasets/duc24kdl/sub-x-ray/sub_X-Ray/sub_chest/IM-0419-0001.jpeg,,sub_chest,IM-0419-0001.jpeg,ok,1059x761 -> 2118x1522,2,1,17.06,35.6517,17.697239,4.206809,0.8597,0.9878,0.2565,5.1149,33.9089,26.435661,5.141562,0.799,0.9707,0.4499,0.4499,0.4499,8.6223,137.8417,62.1794,137.8417,62.1794,0.0685,33.9089,0.799,26.435661,5.141562,-1.7428,-0.0172,-0.1934,-3.5075
/kaggle/input/datasets/duc24kdl/sub-x-ray/sub_X-Ray/sub_chest/IM-0420-0001.jpeg,,sub_chest,IM-0420-0001.jpeg,ok,779x676 -> 1558x1352,2,1,11.56,38.5031,9.178482,3.029601,0.9245,0.9934,0.227,6.1935,36.344,15.089751,3.884553,0.8867,0.9836,0.4378,0.4378,0.4378,8.3148,119.2368,49.5149,119.2368,49.5149,0.0361,36.344,0.8867,15.089751,3.884553,-2.1591,-0.0098,-0.2108,-2.1213
/kaggle/input/datasets/duc24kdl/sub-x-ray/sub_X-Ray/sub_chest/IM-0421-0001.jpeg,,sub_chest,IM-0421-0001.jpeg,ok,787x564 -> 1574x1128,2,1,9.88,38.5457,9.088915,3.014783,0.9246,0.9935,0.2038,5.9001,36.6171,14.170118,3.764322,0.892,0.9849,0.3768,0.3768,0.3768,8.3911,107.1829,59.0595,107.1829,59.0595,0.0428,36.6171,0.892,14.170118,3.764322,-1.9286,-0.0086,-0.1729,-2.491
/kaggle/input/datasets/duc24kdl/sub-x-ray/sub_X-Ray/sub_chest/IM-0423-0001.jpeg,,sub_chest,IM-0423-0001.jpeg,ok,740x668 -> 1480x1336,2,1,12.04,39.7277,6.923322,2.631221,0.9405,0.9947,0.1888,6.1096,37.5096,11.537647,3.396711,0.9106,0.9872,0.4051,0.4051,0.4051,8.8803,126.0891,59.2035,126.0891,59.2035,0.0755,37.5096,0.9106,11.537647,3.396711,-2.218,-0.0075,-0.2162,-2.7707
/kaggle/input/datasets/duc24kdl/sub-x-ray/sub_X-Ray/sub_chest/IM-0424-0001.jpeg,,sub_chest,IM-0424-0001.jpeg,ok,684x539 -> 1368x1078,2,1,8.53,38.4242,9.346786,3.057251,0.9238,0.9935,0.2048,5.521,36.2156,15.542615,3.942412,0.8855,0.984,0.4216,0.4216,0.4216,8.0835,126.5736,64.506,126.5736,64.506,0.1204,36.2156,0.8855,15.542615,3.942412,-2.2086,-0.0094,-0.2168,-2.5625
/kaggle/input/datasets/duc24kdl/sub-x-ray/sub_X-Ray/sub_chest/IM-0425-0001.jpeg,,sub_chest,IM-0425-0001.jpeg,ok,925x657 -> 1850x1314,2,1,13.14,40.6023,5.660392,2.379158,0.9533,0.9958,0.1698,5.6587,38.2946,9.629849,3.1032,0.93,0.99,0.3697,0.3697,0.3697,8.4086,106.2854,61.9016,106.2854,61.9016,0.1301,38.2946,0.93,9.629849,3.1032,-2.3077,-0.0058,-0.1998,-2.7498
/kaggle/input/datasets/duc24kdl/sub-x-ray/sub_X-Ray/sub_chest/IM-0427-0001.jpeg,,sub_chest,IM-0427-0001.jpeg,ok,914x678 -> 1828x1356,2,1,13.19,40.0888,6.370921,2.524068,0.9475,0.9952,0.1842,6.0753,37.7808,10.83924,3.2923,0.921,0.9884,0.3926,0.3926,0.3926,8.4679,133.9199,65.4279,133.9199,65.4279,0.0479,37.7808,0.921,10.83924,3.2923,-2.308,-0.0068,-0.2084,-2.3926
/kaggle/input/datasets/duc24kdl/sub-x-ray/sub_X-Ray/sub_chest/IM-0428-0001.jpeg,,sub_chest,IM-0428-0001.jpeg,ok,781x674 -> 1562x1348,2,1,11.65,38.1881,9.868929,3.141485,0.9212,0.9931,0.2088,5.7361,36.0897,15.999828,3.999978,0.8836,0.9831,0.4262,0.4262,0.4262,8.8302,147.7019,61.7453,147.7019,61.7453,0.0971,36.0897,0.8836,15.999828,3.999978,-2.0985,-0.01,-0.2174,-3.0941
/kaggle/input/datasets/duc24kdl/sub-x-ray/sub_X-Ray/sub_chest/IM-0429-0001-0001.jpeg,,sub_chest,IM-0429-0001-0001.jpeg,ok,959x784 -> 1918x1568,2,1,15.84,41.6402,4.457188,2.111205,0.9609,0.9963,0.16,6.5135,39.3215,7.602041,2.75718,0.9402,0.9909,0.3658,0.3658,0.3658,9.0175,122.9767,64.5095,122.9767,64.5095,0.1588,39.3215,0.9402,7.602041,2.75718,-2.3187,-0.0054,-0.2058,-2.504
/kaggle/input/datasets/duc24kdl/sub-x-ray/sub_X-Ray/sub_chest/IM-0429-0001-0002.jpeg,,sub_chest,IM-0429-0001-0002.jpeg,ok,929x690 -> 1858x1380,2,1,13.82,39.7517,6.885134,2.623954,0.9433,0.995,0.1812,5.7601,37.5249,11.497116,3.39074,0.9143,0.9876,0.382,0.382,0.382,8.1651,120.3271,63.2477,120.3271,63.2477,0.0326,37.5249,0.9143,11.497116,3.39074,-2.2268,-0.0074,-0.2008,-2.405
/kaggle/input/datasets/duc24kdl/sub-x-ray/sub_X-Ray/sub_chest/IM-0429-0001.jpeg,,sub_chest,IM-0429-0001.jpeg,ok,982x846 -> 1964x1692,2,1,17.08,40.363,5.981125,2.445634,0.9486,0.9953,0.1897,6.2385,38.1737,9.901791,3.146711,0.9229,0.9885,0.4032,0.4032,0.4032,8.5967,113.4211,54.6874,113.4211,54.6874,-0.0081,38.1737,0.9229,9.901791,3.146711,-2.1893,-0.0068,-0.2135,-2.3582
/kaggle/input/datasets/duc24kdl/sub-x-ray/sub_X-Ray/sub_chest/IM-0430-0001.jpeg,,sub_chest,IM-0430-0001.jpeg,ok,719x541 -> 1438x1082,2,1,9.01,37.7257,10.977714,3.313263,0.9068,0.992,0.224,5.6877,35.5375,18.169153,4.262529,0.8587,0.9797,0.4162,0.4162,0.4162,8.0452,126.6887,62.267,126.6887,62.267,0.0558,35.5375,0.8587,18.169153,4.262529,-2.1882,-0.0123,-0.1922,-2.3575
/kaggle/input/datasets/duc24kdl/sub-x-ray/sub_X-Ray/sub_chest/IM-0431-0001.jpeg,,sub_chest,IM-0431-0001.jpeg,ok,839x707 -> 1678x1414,2,1,13.04,39.2048,7.809095,2.794476,0.9312,0.994,0.2023,6.0394,37.0215,12.910089,3.593061,0.8971,0.9851,0.4126,0.4126,0.4126,8.3318,125.8132,61.2103,125.8132,61.2103,0.0854,37.0215,0.8971,12.910089,3.593061,-2.1833,-0.0088,-0.2103,-2.2924
/kaggle/input/datasets/duc24kdl/sub-x-ray/sub_X-Ray/sub_chest/IM-0432-0001.jpeg,,sub_chest,IM-0432-0001.jpeg,ok,740x614 -> 1480x1228,2,1,9.9,39.5695,7.180163,2.679583,0.9376,0.9944,0.1814,5.9336,37.3242,12.040846,3.469992,0.9057,0.986,0.3813,0.3813,0.3813,9.0363,135.9807,67.6382,135.9807,67.6382,0.0907,37.3242,0.9057,12.040846,3.469992,-2.2452,-0.0084,-0.1999,-3.1026
/kaggle/input/datasets/duc24kdl/sub-x-ray/sub_X-Ray/sub_chest/IM-0433-0001.jpeg,,sub_chest,IM-0433-0001.jpeg,ok,958x838 -> 1916x1676,2,1,16.56,40.9401,5.2369,2.288427,0.957,0.9961,0.161,6.2137,38.586,9.004962,3.000827,0.9334,0.9902,0.3503,0.3503,0.3503,8.3396,108.195,69.463,108.195,69.463,0.0465,38.586,0.9334,9.004962,3.000827,-2.3541,-0.0059,-0.1893,-2.1259
/kaggle/input/datasets/duc24kdl/sub-x-ray/sub_X-Ray/sub_chest/IM-0434-0001.jpeg,,sub_chest,IM-0434-0001.jpeg,ok,1107x857 -> 2214x1714,2,1,19.63,41.5083,4.594654,2.143514,0.9574,0.996,0.1692,7.027,39.4728,7.341832,2.709581,0.939,0.9911,0.4155,0.4155,0.4155,8.8847,134.3312,58.5837,134.3312,58.5837,0.0349,39.4728,0.939,7.341832,2.709581,-2.0355,-0.0049,-0.2463,-1.8577
/kaggle/input/datasets/duc24kdl/sub-x-ray/sub_X-Ray/sub_chest/IM-0435-0001-0001.jpeg,,sub_chest,IM-0435-0001-0001.jpeg,ok,756x604 -> 1512x1208,2,1,9.99,41.7461,4.349831,2.085625,0.967,0.9968,0.1511,6.4207,38.8058,8.56045,2.925825,0.9466,0.9918,0.3353,0.3353,0.3353,7.9441,90.5806,57.1436,90.5806,57.1436,0.1565,38.8058,0.9466,8.56045,2.925825,-2.9402,-0.005,-0.1841,-1.5234
/kaggle/input/datasets/duc24kdl/sub-x-ray/sub_X-Ray/sub_chest/IM-0435-0001.jpeg,,sub_chest,IM-0435-0001.jpeg,ok,565x415 -> 1130x830,2,1,6.2,39.4985,7.298522,2.701578,0.9447,0.995,0.1874,6.5109,37.2766,12.173517,3.489057,0.9168,0.9881,0.425,0.425,0.425,8.558,125.3575,54.8732,125.3575,54.8732,0.1656,37.2766,0.9168,12.173517,3.489057,-2.2218,-0.007,-0.2376,-2.0471
/kaggle/input/datasets/duc24kdl/sub-x-ray/sub_X-Ray/sub_chest/IM-0437-0001-0001.jpeg,,sub_chest,IM-0437-0001-0001.jpeg,ok,1011x722 -> 2022x1444,2,1,15.63,39.1364,7.933073,2.816571,0.9215,0.993,0.2143,6.0458,37.1872,12.426751,3.52516,0.8861,0.9833,0.424,0.424,0.424,8.7675,134.4397,57.8086,134.4397,57.8086,0.1044,37.1872,0.8861,12.426751,3.52516,-1.9492,-0.0097,-0.2097,-2.7217
/kaggle/input/datasets/duc24kdl/sub-x-ray/sub_X-Ray/sub_chest/IM-0437-0001-0002.jpeg,,sub_chest,IM-0437-0001-0002.jpeg,ok,754x576 -> 1508x1152,2,1,9.64,39.627,7.085676,2.661893,0.9426,0.9949,0.1773,6.0647,37.2259,12.3166,3.509501,0.9157,0.9878,0.3823,0.3823,0.3823,8.4391,127.6466,62.4789,127.6466,62.4789,0.0591,37.2259,0.9157,12.3166,3.509501,-2.4011,-0.007,-0.205,-2.3744
/kaggle/input/datasets/duc24kdl/sub-x-ray/sub_X-Ray/sub_chest/IM-0437-0001.jpeg,,sub_chest,IM-0437-0001.jpeg,ok,705x589 -> 1410x1178,2,1,9.67,38.7944,8.583068,2.929687,0.9257,0.9934,0.212,5.9258,36.6942,13.920769,3.731055,0.8894,0.9838,0.3932,0.3932,0.3932,8.3178,107.0681,53.4367,107.0681,53.4367,0.0366,36.6942,0.8894,13.920769,3.731055,-2.1002,-0.0096,-0.1812,-2.392
/kaggle/input/datasets/duc24kdl/sub-x-ray/sub_X-Ray/sub_chest/IM-0438-0001.jpeg,,sub_chest,IM-0438-0001.jpeg,ok,952x711 -> 1904x1422,2,1,13.44,40.8091,5.397178,2.323183,0.95,0.9954,0.1685,6.3275,38.5653,9.04787,3.007968,0.9251,0.9889,0.3638,0.3638,0.3638,8.6087,126.4876,64.8395,126.4876,64.8395,0.1453,38.5653,0.9251,9.04787,3.007968,-2.2438,-0.0065,-0.1953,-2.2812
/kaggle/input/datasets/duc24kdl/sub-x-ray/sub_X-Ray/sub_chest/IM-0439-0001-0001.jpeg,,sub_chest,IM-0439-0001-0001.jpeg,ok,883x690 -> 1766x1380,2,1,12.97,40.7284,5.498437,2.344875,0.9491,0.9954,0.1761,5.9315,38.5126,9.158343,3.026275,0.9239,0.9889,0.4021,0.4021,0.4021,8.4819,128.8881,61.4693,128.8881,61.4693,0.153,38.5126,0.9239,9.158343,3.026275,-2.2158,-0.0065,-0.2261,-2.5504
/kaggle/input/datasets/duc24kdl/sub-x-ray/sub_X-Ray/sub_chest/IM-0439-0001-0002.jpeg,,sub_chest,IM-0439-0001-0002.jpeg,ok,684x516 -> 1368x1032,2,1,7.88,38.318,9.57809,3.094849,0.923,0.9933,0.2074,5.785,36.1094,15.927157,3.990884,0.8833,0.9831,0.395,0.395,0.395,8.269,117.6844,62.2196,117.6844,62.2196,0.035,36.1094,0.8833,15.927157,3.990884,-2.2086,-0.0101,-0.1876,-2.4841
/kaggle/input/datasets/duc24kdl/sub-x-ray/sub_X-Ray/sub_chest/IM-0439-0001.jpeg,,sub_chest,IM-0439-0001.jpeg,ok,908x779 -> 1816x1558,2,1,14.58,40.0388,6.444653,2.538632,0.9407,0.9947,0.1893,6.2412,37.8181,10.746487,3.278183,0.9118,0.9871,0.4196,0.4196,0.4196,8.8943,136.3146,61.0587,136.3146,61.0587,0.0465,37.8181,0.9118,10.746487,3.278183,-2.2207,-0.0075,-0.2304,-2.6531
/kaggle/input/datasets/duc24kdl/sub-x-ray/sub_X-Ray/sub_chest/IM-0440-0001.jpeg,,sub_chest,IM-0440-0001.jpeg,ok,845x732 -> 1690x1464,2,1,13.11,40.51,5.781981,2.404575,0.952,0.9957,0.1692,6.147,38.2024,9.836583,3.136333,0.9262,0.9892,0.3745,0.3745,0.3745,8.5968,120.3684,63.1953,120.3684,63.1953,0.0809,38.2024,0.9262,9.836583,3.136333,-2.3077,-0.0064,-0.2052,-2.4498
/kaggle/input/datasets/duc24kdl/sub-x-ray/sub_X-Ray/sub_chest/IM-0441-0001.jpeg,,sub_chest,IM-0441-0001.jpeg,ok,736x585 -> 1472x1170,2,1,7.84,39.8994,6.654842,2.579698,0.9477,0.9953,0.1782,5.7157,37.6668,11.127467,3.335786,0.9207,0.9885,0.3679,0.3679,0.3679,8.3574,110.3419,63.4677,110.3419,63.4677,0.0711,37.6668,0.9207,11.127467,3.335786,-2.2326,-0.0069,-0.1897,-2.6417
/kaggle/input/datasets/duc24kdl/sub-x-ray/sub_X-Ray/sub_chest/IM-0442-0001.jpeg,,sub_chest,IM-0442-0001.jpeg,ok,755x676 -> 1510x1352,2,1,11.19,38.5815,9.014171,3.002361,0.9179,0.9928,0.2128,6.0616,36.3715,14.994593,3.872285,0.8757,0.9817,0.4037,0.4037,0.4037,8.1801,135.7406,60.8314,135.7406,60.8314,0.0702,36.3715,0.8757,14.994593,3.872285,-2.2101,-0.0111,-0.1909,-2.1185
/kaggle/input/datasets/duc24kdl/sub-x-ray/sub_X-Ray/sub_chest/IM-0444-0001.jpeg,,sub_chest,IM-0444-0001.jpeg,ok,964x877 -> 1928x1754,2,1,17.23,41.0161,5.146022,2.268484,0.956,0.996,0.1726,6.2557,38.6593,8.854194,2.9756,0.9326,0.9901,0.3898,0.3898,0.3898,8.6531,110.6813,62.651,110.6813,62.651,0.0459,38.6593,0.9326,8.854194,2.9756,-2.3568,-0.0059,-0.2172,-2.3974
/kaggle/input/datasets/duc24kdl/sub-x-ray/sub_X-Ray/sub_chest/IM-0445-0001.jpeg,,sub_chest,IM-0445-0001.jpeg,ok,881x753 -> 1762x1506,2,1,14.38,40.3104,6.054036,2.460495,0.9487,0.9954,0.1796,6.1607,38.1128,10.04163,3.168853,0.9233,0.9888,0.4,0.4,0.4,8.5722,125.7988,61.2235,125.7988,61.2235,0.0246,38.1128,0.9233,10.04163,3.168853,-2.1976,-0.0065,-0.2204,-2.4116
/kaggle/input/datasets/duc24kdl/sub-x-ray/sub_X-Ray/sub_chest/IM-0446-0001.jpeg,,sub_chest,IM-0446-0001.jpeg,ok,908x830 -> 1816x1660,2,1,15.25,40.4812,5.820516,2.412574,0.9495,0.9954,0.1787,6.3217,38.305,9.606836,3.09949,0.9245,0.9889,0.3984,0.3984,0.3984,8.6515,126.0714,61.4487,126.0714,61.4487,0.0198,38.305,0.9245,9.606836,3.09949,-2.1762,-0.0065,-0.2198,-2.3297
/kaggle/input/datasets/duc24kdl/sub-x-ray/sub_X-Ray/sub_chest/IM-0447-0001.jpeg,,sub_chest,IM-0447-0001.jpeg,ok,920x749 -> 1840x1498,2,1,13.73,40.8791,5.310986,2.304558,0.9547,0.9959,0.1743,6.0051,38.3831,9.435584,3.07174,0.9309,0.9898,0.382,0.382,0.382,8.4394,116.6398,61.8241,116.6398,61.8241,0.1462,38.3831,0.9309,9.435584,3.07174,-2.4959,-0.0061,-0.2077,-2.4343
/kaggle/input/datasets/duc24kdl/sub-x-ray/sub_X-Ray/sub_chest/IM-0448-0001.jpeg,,sub_chest,IM-0448-0001.jpeg,ok,977x639 -> 1954x1278,2,1,13.39,40.5262,5.760549,2.400114,0.9536,0.9958,0.1733,5.7616,38.3509,9.505913,3.083166,0.9305,0.9898,0.3611,0.3611,0.3611,8.5102,98.4427,60.0907,98.4427,60.0907,0.0779,38.3509,0.9305,9.505913,3.083166,-2.1753,-0.0059,-0.1878,-2.7486
/kaggle/input/datasets/duc24kdl/sub-x-ray/sub_X-Ray/sub_chest/IM-0449-0001.jpeg,,sub_chest,IM-0449-0001.jpeg,ok,819x618 -> 1638x1236,2,1,11.03,40.6116,5.648375,2.376631,0.949,0.9953,0.1759,6.3829,38.3471,9.514229,3.084514,0.9231,0.9887,0.3942,0.3942,0.3942,8.6984,129.1296,60.8015,129.1296,60.8015,0.142,38.3471,0.9231,9.514229,3.084514,-2.2645,-0.0067,-0.2183,-2.3155
/kaggle/input/datasets/duc24kdl/sub-x-ray/sub_X-Ray/sub_chest/IM-0450-0001.jpeg,,sub_chest,IM-0450-0001.jpeg,ok,839x740 -> 1678x1480,2,1,13.48,38.4508,9.289666,3.047895,0.9238,0.9934,0.2149,5.7194,36.3377,15.11153,3.887355,0.8863,0.9838,0.41,0.41,0.41,8.1761,118.1519,59.9985,118.1519,59.9985,0.0801,36.3377,0.8863,15.11153,3.887355,-2.1131,-0.0096,-0.195,-2.4567
/kaggle/input/datasets/duc24kdl/sub-x-ray/sub_X-Ray/sub_chest/IM-0451-0001.jpeg,,sub_chest,IM-0451-0001.jpeg,ok,925x873 -> 1850x1746,2,1,16.98,40.5252,5.761811,2.400377,0.9491,0.9954,0.1855,6.31,38.2226,9.790904,3.129042,0.9215,0.9884,0.4042,0.4042,0.4042,8.4824,113.3313,60.9909,113.3313,60.9909,0.0435,38.2226,0.9215,9.790904,3.129042,-2.3026,-0.007,-0.2187,-2.1724
/kaggle/input/datasets/duc24kdl/sub-x-ray/sub_X-Ray/sub_chest/IM-0452-0001.jpeg,,sub_chest,IM-0452-0001.jpeg,ok,924x794 -> 1848x1588,2,1,15.31,40.4627,5.8454,2.417726,0.9469,0.9952,0.1763,5.6777,38.1966,9.849553,3.1384,0.9187,0.988,0.3619,0.3619,0.3619,8.2992,115.1117,65.9428,115.1117,65.9428,0.139,38.1966,0.9187,9.849553,3.1384,-2.266,-0.0072,-0.1855,-2.6216
/kaggle/input/datasets/duc24kdl/sub-x-ray/sub_X-Ray/sub_chest/IM-0453-0001-0002.jpeg,,sub_chest,IM-0453-0001-0002.jpeg,ok,1044x1037 -> 2088x2074,2,1,21.36,40.9904,5.176564,2.275206,0.9494,0.9953,0.1795,6.0856,38.8362,8.500723,2.9156,0.924,0.9887,0.3984,0.3984,0.3984,8.9663,121.9613,64.1268,121.9613,64.1268,0.1254,38.8362,0.924,8.500723,2.9156,-2.1541,-0.0067,-0.2188,-2.8807
/kaggle/input/datasets/duc24kdl/sub-x-ray/sub_X-Ray/sub_chest/IM-0453-0001.jpeg,,sub_chest,IM-0453-0001.jpeg,ok,881x857 -> 1762x1714,2,1,16.08,40.9438,5.232341,2.287431,0.9557,0.996,0.1568,5.3422,38.3211,9.571318,3.093755,0.9287,0.9896,0.334,0.334,0.334,7.9833,90.1697,68.2478,90.1697,68.2478,0.1307,38.3211,0.9287,9.571318,3.093755,-2.6228,-0.0064,-0.1772,-2.6411
/kaggle/input/datasets/duc24kdl/sub-x-ray/sub_X-Ray/sub_chest/IM-0455-0001.jpeg,,sub_chest,IM-0455-0001.jpeg,ok,682x574 -> 1364x1148,2,1,8.97,38.4322,9.329479,3.05442,0.9237,0.9934,0.2076,6.0035,36.1213,15.883791,3.985447,0.8826,0.9833,0.4175,0.4175,0.4175,8.1217,134.6881,56.9551,134.6881,56.9551,0.0479,36.1213,0.8826,15.883791,3.985447,-2.311,-0.0102,-0.2098,-2.1182
/kaggle/input/datasets/duc24kdl/sub-x-ray/sub_X-Ray/sub_chest/IM-0456-0001.jpeg,,sub_chest,IM-0456-0001.jpeg,ok,906x846 -> 1812x1692,2,1,16.0,39.6546,7.040847,2.653459,0.9291,0.9937,0.2197,6.1941,37.6245,11.23652,3.352092,0.8955,0.9847,0.4146,0.4146,0.4146,8.4037,113.6764,53.0167,113.6764,53.0167,0.117,37.6245,0.8955,11.23652,3.352092,-2.0301,-0.009,-0.1949,-2.2096
/kaggle/input/datasets/duc24kdl/sub-x-ray/sub_X-Ray/sub_chest/IM-0457-0001.jpeg,,sub_chest,IM-0457-0001.jpeg,ok,1045x892 -> 2090x1784,2,1,19.14,40.4106,5.915847,2.432251,0.946,0.9951,0.1822,6.0991,38.2384,9.755334,3.123353,0.9195,0.988,0.4005,0.4005,0.4005,8.7608,126.1075,65.9571,126.1075,65.9571,0.0542,38.2384,0.9195,9.755334,3.123353,-2.1723,-0.0071,-0.2183,-2.6617
/kaggle/input/datasets/duc24kdl/sub-x-ray/sub_X-Ray/sub_chest/IM-0458-0001.jpeg,,sub_chest,IM-0458-0001.jpeg,ok,613x477 -> 1226x954,2,1,7.17,39.333,7.581924,2.753529,0.9424,0.9949,0.1898,6.2649,37.0082,12.949669,3.598565,0.9115,0.9873,0.3999,0.3999,0.3999,8.1879,123.5476,59.6664,123.5476,59.6664,0.0853,37.0082,0.9115,12.949669,3.598565,-2.3248,-0.0076,-0.21,-1.923
/kaggle/input/datasets/duc24kdl/sub-x-ray/sub_X-Ray/sub_chest/IM-0459-0001.jpeg,,sub_chest,IM-0459-0001.jpeg,ok,1169x985 -> 2338x1970,2,1,23.35,40.7181,5.511469,2.347652,0.9448,0.9949,0.1777,6.1301,38.5302,9.121364,3.02016,0.9178,0.9875,0.3786,0.3786,0.3786,8.6265,136.1458,64.2881,136.1458,64.2881,0.1382,38.5302,0.9178,9.121364,3.02016,-2.1879,-0.0074,-0.2009,-2.4963
/kaggle/input/datasets/duc24kdl/sub-x-ray/sub_X-Ray/sub_chest/IM-0460-0001.jpeg,,sub_chest,IM-0460-0001.jpeg,ok,827x629 -> 1654x1258,2,1,11.88,39.9485,6.58005,2.565161,0.9446,0.995,0.1874,6.2205,37.7217,10.987847,3.314792,0.9165,0.9876,0.3988,0.3988,0.3988,8.6052,123.6927,58.8833,123.6927,58.8833,0.0824,37.7217,0.9165,10.987847,3.314792,-2.2268,-0.0073,-0.2115,-2.3847
/kaggle/input/datasets/duc24kdl/sub-x-ray/sub_X-Ray/sub_chest/IM-0461-0001.jpeg,,sub_chest,IM-0461-0001.jpeg,ok,852x670 -> 1704x1340,2,1,11.98,40.0086,6.489656,2.54748,0.9461,0.9951,0.1714,5.5333,37.5943,11.314782,3.363745,0.9168,0.9879,0.371,0.371,0.371,8.563,118.5408,65.3057,118.5408,65.3057,0.0971,37.5943,0.9168,11.314782,3.363745,-2.4142,-0.0073,-0.1996,-3.0297
/kaggle/input/datasets/duc24kdl/sub-x-ray/sub_X-Ray/sub_chest/IM-0463-0001.jpeg,,sub_chest,IM-0463-0001.jpeg,ok,902x879 -> 1804x1758,2,1,16.47,40.3488,6.000665,2.449626,0.9387,0.9945,0.1999,6.5459,38.2421,9.746966,3.122013,0.9093,0.9867,0.4241,0.4241,0.4241,8.6814,126.6258,59.3111,126.6258,59.3111,0.1096,38.2421,0.9093,9.746966,3.122013,-2.1067,-0.0078,-0.2242,-2.1355
/kaggle/input/datasets/duc24kdl/sub-x-ray/sub_X-Ray/sub_chest/IM-0464-0001.jpeg,,sub_chest,IM-0464-0001.jpeg,ok,885x676 -> 1770x1352,2,1,13.04,39.9205,6.622612,2.573444,0.9474,0.9954,0.1693,5.2777,37.7085,11.021342,3.319841,0.9203,0.9886,0.3578,0.3578,0.3578,8.3545,111.2635,70.7929,111.2635,70.7929,0.0366,37.7085,0.9203,11.021342,3.319841,-2.2121,-0.0068,-0.1885,-3.0769
/kaggle/input/datasets/duc24kdl/sub-x-ray/sub_X-Ray/sub_chest/IM-0465-0001.jpeg,,sub_chest,IM-0465-0001.jpeg,ok,875x667 -> 1750x1334,2,1,12.93,40.2543,6.132711,2.476431,0.9436,0.9949,0.1863,5.9039,38.0446,10.200417,3.193809,0.9156,0.9877,0.3956,0.3956,0.3956,8.3639,124.7746,64.7459,124.7746,64.7459,0.1449,38.0446,0.9156,10.200417,3.193809,-2.2097,-0.0072,-0.2093,-2.46
/kaggle/input/datasets/duc24kdl/sub-x-ray/sub_X-Ray/sub_chest/IM-0466-0001.jpeg,,sub_chest,IM-0466-0001.jpeg,ok,800x632 -> 1600x1264,2,1,10.54,38.8813,8.413019,2.90052,0.9257,0.9935,0.2152,6.058,36.7194,13.840199,3.720242,0.8872,0.9834,0.4205,0.4205,0.4205,8.1134,128.4911,52.4704,128.4911,52.4704,0.0902,36.7194,0.8872,13.840199,3.720242,-2.1619,-0.01,-0.2053,-2.0554
/kaggle/input/datasets/duc24kdl/sub-x-ray/sub_X-Ray/sub_chest/IM-0467-0001-0001.jpeg,,sub_chest,IM-0467-0001-0001.jpeg,ok,956x869 -> 1912x1738,2,1,16.79,41.1342,5.007935,2.237842,0.9589,0.9962,0.1589,6.109,38.7394,8.692314,2.948273,0.936,0.9906,0.3609,0.3609,0.3609,8.51,105.0707,69.2136,105.0707,69.2136,0.0454,38.7394,0.936,8.692314,2.948273,-2.3948,-0.0056,-0.202,-2.401
/kaggle/input/datasets/duc24kdl/sub-x-ray/sub_X-Ray/sub_chest/IM-0467-0001-0002.jpeg,,sub_chest,IM-0467-0001-0002.jpeg,ok,817x686 -> 1634x1372,2,1,12.14,38.5332,9.115141,3.019129,0.9182,0.993,0.2069,5.6194,36.3675,15.008223,3.874045,0.8776,0.9827,0.4058,0.4058,0.4058,8.4803,124.6247,68.2285,124.6247,68.2285,0.0943,36.3675,0.8776,15.008223,3.874045,-2.1657,-0.0103,-0.1988,-2.8609
/kaggle/input/datasets/duc24kdl/sub-x-ray/sub_X-Ray/sub_chest/IM-0467-0001.jpeg,,sub_chest,IM-0467-0001.jpeg,ok,1057x933 -> 2114x1866,2,1,20.34,41.3132,4.805701,2.192191,0.9557,0.9959,0.1622,5.5473,39.0679,8.059179,2.838869,0.9333,0.99,0.3481,0.3481,0.3481,8.5453,106.8453,68.2971,106.8453,68.2971,0.1119,39.0679,0.9333,8.059179,2.838869,-2.2453,-0.0059,-0.1859,-2.998
/kaggle/input/datasets/duc24kdl/sub-x-ray/sub_X-Ray/sub_chest/IM-0469-0001.jpeg,,sub_chest,IM-0469-0001.jpeg,ok,974x788 -> 1948x1576,2,1,15.94,39.9945,6.510739,2.551615,0.9423,0.9948,0.1887,5.9937,37.9131,10.513979,3.242527,0.9151,0.9875,0.402,0.402,0.402,8.5777,130.2466,62.2938,130.2466,62.2938,0.0299,37.9131,0.9151,10.513979,3.242527,-2.0814,-0.0073,-0.2133,-2.584
/kaggle/input/datasets/duc24kdl/sub-x-ray/sub_X-Ray/sub_chest/IM-0471-0001.jpeg,,sub_chest,IM-0471-0001.jpeg,ok,1040x890 -> 2080x1780,2,1,18.04,41.2641,4.860382,2.204627,0.9544,0.9958,0.1749,6.7757,39.0131,8.161582,2.856848,0.9327,0.9901,0.4106,0.4106,0.4106,8.7469,139.2842,59.516,139.2842,59.516,0.1277,39.0131,0.9327,8.161582,2.856848,-2.251,-0.0056,-0.2357,-1.9712
/kaggle/input/datasets/duc24kdl/sub-x-ray/sub_X-Ray/sub_chest/IM-0472-0001.jpeg,,sub_chest,IM-0472-0001.jpeg,ok,808x659 -> 1616x1318,2,1,10.85,39.0863,8.025186,2.832876,0.9351,0.9942,0.2083,6.3173,36.671,13.995155,3.74101,0.8987,0.9849,0.4366,0.4366,0.4366,8.2778,145.0386,51.5467,145.0386,51.5467,0.0896,36.671,0.8987,13.995155,3.74101,-2.4152,-0.0093,-0.2282,-1.9604
/kaggle/input/datasets/duc24kdl/sub-x-ray/sub_X-Ray/sub_chest/IM-0473-0001.jpeg,,sub_chest,IM-0473-0001.jpeg,ok,779x589 -> 1558x1178,2,1,10.39,39.7431,6.898782,2.626553,0.943,0.9949,0.1889,6.1722,37.0848,12.723384,3.566985,0.9104,0.9867,0.3875,0.3875,0.3875,8.0544,131.9251,61.3838,131.9251,61.3838,0.1296,37.0848,0.9104,12.723384,3.566985,-2.6583,-0.0082,-0.1986,-1.8822
/kaggle/input/datasets/duc24kdl/sub-x-ray/sub_X-Ray/sub_chest/IM-0474-0001.jpeg,,sub_chest,IM-0474-0001.jpeg,ok,736x506 -> 1472x1012,2,1,8.32,38.0596,10.165294,3.188306,0.9189,0.993,0.203,5.4887,35.9286,16.604463,4.074857,0.8777,0.9826,0.3999,0.3999,0.3999,8.4817,132.8761,67.0003,132.8761,67.0003,0.0845,35.9286,0.8777,16.604463,4.074857,-2.131,-0.0105,-0.1969,-2.993
/kaggle/input/datasets/duc24kdl/sub-x-ray/sub_X-Ray/sub_chest/IM-0475-0001.jpeg,,sub_chest,IM-0475-0001.jpeg,ok,868x672 -> 1736x1344,2,1,12.41,40.0953,6.361323,2.522166,0.9485,0.9953,0.1778,6.0489,37.8027,10.784696,3.284006,0.9213,0.9884,0.3779,0.3779,0.3779,8.3819,125.9805,61.5871,125.9805,61.5871,0.039,37.8027,0.9213,10.784696,3.284006,-2.2926,-0.007,-0.2001,-2.333
/kaggle/input/datasets/duc24kdl/sub-x-ray/sub_X-Ray/sub_chest/IM-0476-0001.jpeg,,sub_chest,IM-0476-0001.jpeg,ok,779x524 -> 1558x1048,2,1,9.21,39.7497,6.888227,2.624543,0.9451,0.9951,0.1776,5.7752,37.4475,11.703883,3.421094,0.9158,0.9877,0.3839,0.3839,0.3839,8.3098,126.0258,65.3492,126.0258,65.3492,0.1444,37.4475,0.9158,11.703883,3.421094,-2.3022,-0.0074,-0.2063,-2.5346
/kaggle/input/datasets/duc24kdl/sub-x-ray/sub_X-Ray/sub_chest/IM-0477-0001.jpeg,,sub_chest,IM-0477-0001.jpeg,ok,833x768 -> 1666x1536,2,1,13.6,40.8883,5.299628,2.302092,0.9513,0.9956,0.1713,6.2372,38.6235,8.927518,2.987895,0.9262,0.9891,0.3882,0.3882,0.3882,8.5659,125.7975,62.9365,125.7975,62.9365,0.0714,38.6235,0.9262,8.927518,2.987895,-2.2649,-0.0064,-0.2169,-2.3287
/kaggle/input/datasets/duc24kdl/sub-x-ray/sub_X-Ray/sub_chest/IM-0478-0001.jpeg,,sub_chest,IM-0478-0001.jpeg,ok,838x780 -> 1676x1560,2,1,13.67,39.943,6.588338,2.566776,0.9394,0.9946,0.1953,5.9379,37.9192,10.499413,3.24028,0.9113,0.9871,0.4008,0.4008,0.4008,8.7378,128.5107,59.5043,128.5107,59.5043,0.0821,37.9192,0.9113,10.499413,3.24028,-2.0239,-0.0075,-0.2054,-2.7999
/kaggle/input/datasets/duc24kdl/sub-x-ray/sub_X-Ray/sub_chest/IM-0479-0001.jpeg,,sub_chest,IM-0479-0001.jpeg,ok,719x463 -> 1438x926,2,1,7.96,38.6511,8.870964,2.978416,0.933,0.9941,0.1856,5.7767,36.5675,14.332697,3.785855,0.9011,0.9857,0.3819,0.3819,0.3819,8.9509,126.7952,69.4823,126.7952,69.4823,0.0303,36.5675,0.9011,14.332697,3.785855,-2.0836,-0.0084,-0.1964,-3.1741
/kaggle/input/datasets/duc24kdl/sub-x-ray/sub_X-Ray/sub_chest/IM-0480-0001.jpeg,,sub_chest,IM-0480-0001.jpeg,ok,1109x1091 -> 2218x2182,2,1,24.61,41.3328,4.784054,2.187248,0.956,0.9958,0.1642,5.8412,39.0438,8.104098,2.84677,0.9326,0.9896,0.3443,0.3443,0.3443,8.0414,99.0094,60.5647,99.0094,60.5647,0.1322,39.0438,0.9326,8.104098,2.84677,-2.2891,-0.0062,-0.1801,-2.2002
/kaggle/input/datasets/duc24kdl/sub-x-ray/sub_X-Ray/sub_chest/IM-0481-0001.jpeg,,sub_chest,IM-0481-0001.jpeg,ok,611x485 -> 1222x970,2,1,7.34,39.7499,6.888006,2.624501,0.9436,0.9951,0.1877,6.1,37.3275,12.031808,3.46869,0.9127,0.9877,0.4045,0.4045,0.4045,7.7928,111.0918,54.508,111.0918,54.508,0.0813,37.3275,0.9127,12.031808,3.46869,-2.4224,-0.0074,-0.2168,-1.6929
/kaggle/input/datasets/duc24kdl/sub-x-ray/sub_X-Ray/sub_chest/IM-0482-0001.jpeg,,sub_chest,IM-0482-0001.jpeg,ok,626x514 -> 1252x1028,2,1,7.93,39.7663,6.861922,2.619527,0.9435,0.9951,0.1902,6.2706,37.15,12.533611,3.540284,0.9103,0.9872,0.4223,0.4223,0.4223,7.9214,117.7756,56.6214,117.7756,56.6214,0.0984,37.15,0.9103,12.533611,3.540284,-2.6163,-0.0078,-0.2321,-1.6509
/kaggle/input/datasets/duc24kdl/sub-x-ray/sub_X-Ray/sub_chest/IM-0483-0001.jpeg,,sub_chest,IM-0483-0001.jpeg,ok,845x583 -> 1690x1166,2,1,11.32,39.4742,7.339348,2.709123,0.9383,0.9944,0.1907,6.2441,37.3238,12.042177,3.470184,0.9082,0.9864,0.4146,0.4146,0.4146,8.7344,135.5347,58.438,135.5347,58.438,0.0819,37.3238,0.9082,12.042177,3.470184,-2.1505,-0.008,-0.2239,-2.4903
/kaggle/input/datasets/duc24kdl/sub-x-ray/sub_X-Ray/sub_chest/IM-0484-0001.jpeg,,sub_chest,IM-0484-0001.jpeg,ok,753x560 -> 1506x1120,2,1,9.49,39.4349,7.406032,2.721402,0.9402,0.9946,0.1913,6.312,37.2159,12.345009,3.513546,0.9095,0.9868,0.4013,0.4013,0.4013,8.5685,125.5767,62.2199,125.5767,62.2199,0.037,37.2159,0.9095,12.345009,3.513546,-2.2191,-0.0078,-0.2101,-2.2564
/kaggle/input/datasets/duc24kdl/sub-x-ray/sub_X-Ray/sub_chest/IM-0485-0001.jpeg,,sub_chest,IM-0485-0001.jpeg,ok,702x529 -> 1404x1058,2,1,8.57,38.269,9.686702,3.112347,0.9188,0.993,0.2251,6.1496,36.0788,16.039778,4.004969,0.8779,0.9826,0.4316,0.4316,0.4316,8.2551,130.2527,54.6956,130.2527,54.6956,0.0322,36.0788,0.8779,16.039778,4.004969,-2.1902,-0.0104,-0.2065,-2.1055
/kaggle/input/datasets/duc24kdl/sub-x-ray/sub_X-Ray/sub_chest/IM-0486-0001.jpeg,,sub_chest,IM-0486-0001.jpeg,ok,904x744 -> 1808x1488,2,1,13.91,40.0971,6.358666,2.52164,0.9433,0.995,0.1787,5.8545,37.9391,10.451225,3.232835,0.9145,0.9876,0.3797,0.3797,0.3797,8.5564,121.01,66.8959,121.01,66.8959,0.1322,37.9391,0.9145,10.451225,3.232835,-2.158,-0.0074,-0.201,-2.7019
/kaggle/input/datasets/duc24kdl/sub-x-ray/sub_X-Ray/sub_chest/IM-0487-0001.jpeg,,sub_chest,IM-0487-0001.jpeg,ok,889x730 -> 1778x1460,2,1,13.87,37.3214,12.048741,3.47113,0.893,0.9911,0.2328,5.4614,35.4217,18.660027,4.319725,0.8463,0.979,0.4351,0.4351,0.4351,8.1047,134.9955,68.536,134.9955,68.536,0.1009,35.4217,0.8463,18.660027,4.319725,-1.8997,-0.0121,-0.2023,-2.6433
/kaggle/input/datasets/duc24kdl/sub-x-ray/sub_X-Ray/sub_chest/IM-0488-0001.jpeg,,sub_chest,IM-0488-0001.jpeg,ok,640x454 -> 1280x908,2,1,6.78,39.1431,7.920819,2.814395,0.9381,0.9946,0.1928,6.0659,37.0156,12.927625,3.595501,0.9077,0.987,0.4089,0.4089,0.4089,8.7245,121.131,59.9827,121.131,59.9827,0.0794,37.0156,0.9077,12.927625,3.595501,-2.1275,-0.0076,-0.216,-2.6586
/kaggle/input/datasets/duc24kdl/sub-x-ray/sub_X-Ray/sub_chest/IM-0489-0001.jpeg,,sub_chest,IM-0489-0001.jpeg,ok,655x574 -> 1310x1148,2,1,8.81,39.0985,8.002615,2.828889,0.9253,0.9934,0.2068,6.2545,36.763,13.701872,3.701604,0.8876,0.9837,0.4241,0.4241,0.4241,8.1224,144.6115,57.5267,144.6115,57.5267,0.1102,36.763,0.8876,13.701872,3.701604,-2.3355,-0.0098,-0.2173,-1.8678
/kaggle/input/datasets/duc24kdl/sub-x-ray/sub_X-Ray/sub_chest/IM-0490-0001.jpeg,,sub_chest,IM-0490-0001.jpeg,ok,1113x1006 -> 2226x2012,2,1,23.27,39.7271,6.924157,2.631379,0.9357,0.9941,0.1981,6.0095,37.7949,10.804116,3.286961,0.9078,0.9863,0.403,0.403,0.403,8.6563,126.7166,57.213,126.7166,57.213,0.0415,37.7949,0.9078,10.804116,3.286961,-1.9322,-0.0078,-0.2049,-2.6469
/kaggle/input/datasets/duc24kdl/sub-x-ray/sub_X-Ray/sub_chest/IM-0491-0001-0001.jpeg,,sub_chest,IM-0491-0001-0001.jpeg,ok,792x647 -> 1584x1294,2,1,10.57,39.9625,6.558862,2.561027,0.9439,0.995,0.1813,6.0194,37.6838,11.083973,3.32926,0.9146,0.9875,0.4035,0.4035,0.4035,8.595,129.9006,63.8734,129.9006,63.8734,0.1152,37.6838,0.9146,11.083973,3.32926,-2.2787,-0.0074,-0.2222,-2.5756
/kaggle/input/datasets/duc24kdl/sub-x-ray/sub_X-Ray/sub_chest/IM-0491-0001-0002.jpeg,,sub_chest,IM-0491-0001-0002.jpeg,ok,802x707 -> 1604x1414,2,1,12.3,36.3015,15.238198,3.903613,0.9427,0.9949,0.1818,5.9505,34.7831,21.615992,4.6493,0.9167,0.9881,0.3695,0.3695,0.3695,8.6403,130.0896,74.4815,130.0896,74.4815,0.1466,34.7831,0.9167,21.615992,4.6493,-1.5184,-0.0068,-0.1877,-2.6898
/kaggle/input/datasets/duc24kdl/sub-x-ray/sub_X-Ray/sub_chest/IM-0491-0001.jpeg,,sub_chest,IM-0491-0001.jpeg,ok,1152x1043 -> 2304x2086,2,1,23.07,40.4937,5.803755,2.409098,0.9655,0.9967,0.1564,6.5339,38.043,10.204149,3.194393,0.9474,0.992,0.3633,0.3633,0.3633,8.6211,105.2392,60.1455,105.2392,60.1455,0.0042,38.043,0.9474,10.204149,3.194393,-2.4507,-0.0047,-0.2069,-2.0872
/kaggle/input/datasets/duc24kdl/sub-x-ray/sub_X-Ray/sub_chest/IM-0492-0001.jpeg,,sub_chest,IM-0492-0001.jpeg,ok,818x734 -> 1636x1468,2,1,12.91,40.3274,6.03028,2.455663,0.9452,0.995,0.179,6.1885,38.0097,10.282776,3.206677,0.9175,0.9877,0.3896,0.3896,0.3896,8.3837,137.3821,61.264,137.3821,61.264,0.0523,38.0097,0.9175,10.282776,3.206677,-2.3177,-0.0073,-0.2106,-2.1951
/kaggle/input/datasets/duc24kdl/sub-x-ray/sub_X-Ray/sub_chest/IM-0493-0001.jpeg,,sub_chest,IM-0493-0001.jpeg,ok,1130x1118 -> 2260x2236,2,1,25.83,42.0458,4.059775,2.014888,0.9592,0.9961,0.1678,6.3107,39.926,6.614277,2.571824,0.9393,0.9907,0.3605,0.3605,0.3605,8.6661,93.3648,55.5981,93.3648,55.5981,0.1442,39.926,0.9393,6.614277,2.571824,-2.1198,-0.0054,-0.1926,-2.3554
/kaggle/input/datasets/duc24kdl/sub-x-ray/sub_X-Ray/sub_chest/IM-0494-0001.jpeg,,sub_chest,IM-0494-0001.jpeg,ok,846x651 -> 1692x1302,2,1,12.04,39.4304,7.413763,2.722823,0.9327,0.994,0.1995,6.1543,37.3236,12.04264,3.470251,0.9003,0.9853,0.4233,0.4233,0.4233,8.6555,143.6193,58.4866,143.6193,58.4866,0.0809,37.3236,0.9003,12.04264,3.470251,-2.1068,-0.0086,-0.2238,-2.5012
/kaggle/input/datasets/duc24kdl/sub-x-ray/sub_X-Ray/sub_chest/IM-0495-0001.jpeg,,sub_chest,IM-0495-0001.jpeg,ok,1032x875 -> 2064x1750,2,1,17.6,40.5632,5.711691,2.389914,0.9473,0.9952,0.1768,5.611,38.3051,9.606541,3.099442,0.9194,0.988,0.3711,0.3711,0.3711,8.1816,122.109,68.1665,122.109,68.1665,0.1266,38.3051,0.9194,9.606541,3.099442,-2.258,-0.0072,-0.1942,-2.5706
/kaggle/input/datasets/duc24kdl/sub-x-ray/sub_X-Ray/sub_chest/IM-0496-0001.jpeg,,sub_chest,IM-0496-0001.jpeg,ok,912x713 -> 1824x1426,2,1,13.04,39.6621,7.028697,2.651169,0.9332,0.9939,0.2001,6.4563,37.6097,11.274834,3.357802,0.9031,0.9856,0.4212,0.4212,0.4212,8.4227,150.2785,53.7,150.2785,53.7,0.1353,37.6097,0.9031,11.274834,3.357802,-2.0524,-0.0084,-0.2211,-1.9664
/kaggle/input/datasets/duc24kdl/sub-x-ray/sub_X-Ray/sub_chest/IM-0497-0001-0001.jpeg,,sub_chest,IM-0497-0001-0001.jpeg,ok,642x506 -> 1284x1012,2,1,7.75,39.2072,7.804855,2.793717,0.9416,0.9948,0.1859,6.083,36.9096,13.246958,3.639637,0.9122,0.9875,0.4055,0.4055,0.4055,8.1546,131.0932,56.9702,131.0932,56.9702,0.0796,36.9096,0.9122,13.246958,3.639637,-2.2975,-0.0074,-0.2197,-2.0716
/kaggle/input/datasets/duc24kdl/sub-x-ray/sub_X-Ray/sub_chest/IM-0497-0001-0002.jpeg,,sub_chest,IM-0497-0001-0002.jpeg,ok,966x780 -> 1932x1560,2,1,15.51,40.4202,5.902813,2.429571,0.9458,0.9951,0.186,5.9541,38.2158,9.806254,3.131494,0.9187,0.988,0.3966,0.3966,0.3966,8.6219,118.5157,60.2317,118.5157,60.2317,0.1401,38.2158,0.9187,9.806254,3.131494,-2.2044,-0.0071,-0.2106,-2.6678
/kaggle/input/datasets/duc24kdl/sub-x-ray/sub_X-Ray/sub_chest/IM-0497-0001.jpeg,,sub_chest,IM-0497-0001.jpeg,ok,669x597 -> 1338x1194,2,1,9.21,39.5695,7.180067,2.679565,0.9402,0.9947,0.1978,6.5046,37.0812,12.733731,3.568435,0.9074,0.9865,0.4188,0.4188,0.4188,8.2203,131.1698,55.0777,131.1698,55.0777,0.1102,37.0812,0.9074,12.733731,3.568435,-2.4883,-0.0082,-0.221,-1.7158
/kaggle/input/datasets/duc24kdl/sub-x-ray/sub_X-Ray/sub_chest/IM-0499-0001-0001.jpeg,,sub_chest,IM-0499-0001-0001.jpeg,ok,791x528 -> 1582x1056,2,1,9.36,39.289,7.65921,2.767528,0.9395,0.9946,0.1881,5.7136,36.8928,13.298496,3.64671,0.9059,0.9862,0.3826,0.3826,0.3826,8.068,117.216,62.8527,117.216,62.8527,0.0714,36.8928,0.9059,13.298496,3.64671,-2.3962,-0.0084,-0.1945,-2.3544
/kaggle/input/datasets/duc24kdl/sub-x-ray/sub_X-Ray/sub_chest/IM-0499-0001-0002.jpeg,,sub_chest,IM-0499-0001-0002.jpeg,ok,723x695 -> 1446x1390,2,1,11.19,39.8102,6.792966,2.606332,0.9462,0.9952,0.1852,6.2073,37.2742,12.180233,3.490019,0.9149,0.9874,0.4074,0.4074,0.4074,8.1961,126.3389,59.8663,126.3389,59.8663,0.0206,37.2742,0.9149,12.180233,3.490019,-2.536,-0.0077,-0.2222,-1.9888
/kaggle/input/datasets/duc24kdl/sub-x-ray/sub_X-Ray/sub_chest/IM-0499-0001.jpeg,,sub_chest,IM-0499-0001.jpeg,ok,837x746 -> 1674x1492,2,1,13.53,40.4317,5.887228,2.426361,0.9431,0.9948,0.1905,6.706,38.377,9.448952,3.073915,0.9185,0.9883,0.4173,0.4173,0.4173,8.933,132.5687,58.5047,132.5687,58.5047,0.0481,38.377,0.9185,9.448952,3.073915,-2.0547,-0.0066,-0.2268,-2.227
/kaggle/input/datasets/duc24kdl/sub-x-ray/sub_X-Ray/sub_chest/IM-0500-0001.jpeg,,sub_chest,IM-0500-0001.jpeg,ok,700x619 -> 1400x1238,2,1,9.54,40.9721,5.19839,2.279998,0.9587,0.9962,0.1575,6.338,38.3723,9.459183,3.075578,0.9345,0.9903,0.3667,0.3667,0.3667,8.7228,127.2565,69.5968,127.2565,69.5968,0.1639,38.3723,0.9345,9.459183,3.075578,-2.5998,-0.0059,-0.2092,-2.3848
/kaggle/input/datasets/duc24kdl/sub-x-ray/sub_X-Ray/sub_chest/IM-0501-0001-0001.jpeg,,sub_chest,IM-0501-0001-0001.jpeg,ok,682x525 -> 1364x1050,2,1,8.22,39.167,7.877339,2.80666,0.9409,0.9948,0.1824,5.7064,36.9239,13.203625,3.633679,0.9098,0.9872,0.3973,0.3973,0.3973,8.3219,123.5017,64.6115,123.5017,64.6115,0.0278,36.9239,0.9098,13.203625,3.633679,-2.2431,-0.0076,-0.2148,-2.6155
/kaggle/input/datasets/duc24kdl/sub-x-ray/sub_X-Ray/sub_chest/IM-0501-0001-0002.jpeg,,sub_chest,IM-0501-0001-0002.jpeg,ok,781x529 -> 1562x1058,2,1,9.56,40.0053,6.494542,2.548439,0.9522,0.9956,0.187,6.4384,37.6484,11.174747,3.342865,0.9256,0.989,0.3891,0.3891,0.3891,8.2136,100.1815,48.132,100.1815,48.132,0.0674,37.6484,0.9256,11.174747,3.342865,-2.3569,-0.0066,-0.2021,-1.7752
/kaggle/input/datasets/duc24kdl/sub-x-ray/sub_X-Ray/sub_chest/IM-0501-0001.jpeg,,sub_chest,IM-0501-0001.jpeg,ok,935x952 -> 1870x1904,2,1,18.24,40.9902,5.17674,2.275245,0.9491,0.9953,0.1863,6.0792,38.8682,8.438389,2.904891,0.9248,0.9889,0.3988,0.3988,0.3988,8.4933,122.4994,58.4322,122.4994,58.4322,0.0296,38.8682,0.9248,8.438389,2.904891,-2.122,-0.0065,-0.2125,-2.414
/kaggle/input/datasets/duc24kdl/sub-x-ray/sub_X-Ray/sub_chest/IM-0502-0001.jpeg,,sub_chest,IM-0502-0001.jpeg,ok,1078x968 -> 2156x1936,2,1,21.03,39.7784,6.842936,2.615901,0.9275,0.9935,0.2015,6.2758,37.8807,10.592705,3.254644,0.8975,0.985,0.4227,0.4227,0.4227,8.4245,159.6155,64.7884,159.6155,64.7884,0.0618,37.8807,0.8975,10.592705,3.254644,-1.8976,-0.0085,-0.2212,-2.1487
/kaggle/input/datasets/duc24kdl/sub-x-ray/sub_X-Ray/sub_chest/IM-0503-0001.jpeg,,sub_chest,IM-0503-0001.jpeg,ok,752x585 -> 1504x1170,2,1,9.56,38.6444,8.884651,2.980713,0.9272,0.9936,0.202,5.829,36.5244,14.475882,3.804718,0.8914,0.9843,0.409,0.409,0.409,8.7606,122.78,60.4935,122.78,60.4935,0.0377,36.5244,0.8914,14.475882,3.804718,-2.12,-0.0093,-0.207,-2.9316
/kaggle/input/datasets/duc24kdl/sub-x-ray/sub_X-Ray/sub_chest/IM-0504-0001.jpeg,,sub_chest,IM-0504-0001.jpeg,ok,777x724 -> 1554x1448,2,1,12.36,40.807,5.399803,2.323748,0.9515,0.9957,0.1695,5.7404,38.3457,9.517122,3.084983,0.9241,0.989,0.3588,0.3588,0.3588,8.1303,110.8815,68.154,110.8815,68.154,0.0856,38.3457,0.9241,9.517122,3.084983,-2.4613,-0.0067,-0.1892,-2.3899
/kaggle/input/datasets/duc24kdl/sub-x-ray/sub_X-Ray/sub_chest/IM-0505-0001-0001.jpeg,,sub_chest,IM-0505-0001-0001.jpeg,ok,700x610 -> 1400x1220,2,1,9.45,39.1087,7.983803,2.825562,0.9379,0.9945,0.1928,6.1858,36.8871,13.315818,3.649085,0.9062,0.9865,0.4162,0.4162,0.4162,8.4699,132.369,62.229,132.369,62.229,0.0384,36.8871,0.9062,13.315818,3.649085,-2.2216,-0.008,-0.2234,-2.2842
/kaggle/input/datasets/duc24kdl/sub-x-ray/sub_X-Ray/sub_chest/IM-0505-0001-0002.jpeg,,sub_chest,IM-0505-0001-0002.jpeg,ok,657x585 -> 1314x1170,2,1,8.98,40.6789,5.561481,2.358279,0.9592,0.9962,0.1683,6.8082,38.2493,9.730937,3.119445,0.9373,0.9907,0.3747,0.3747,0.3747,8.5472,103.8715,51.9368,103.8715,51.9368,0.043,38.2493,0.9373,9.730937,3.119445,-2.4296,-0.0055,-0.2065,-1.739
/kaggle/input/datasets/duc24kdl/sub-x-ray/sub_X-Ray/sub_chest/IM-0505-0001.jpeg,,sub_chest,IM-0505-0001.jpeg,ok,848x665 -> 1696x1330,2,1,11.67,39.8388,6.748324,2.597754,0.9409,0.9947,0.1914,6.1098,37.6329,11.214673,3.348832,0.9118,0.987,0.3922,0.3922,0.3922,8.5983,132.3999,61.3234,132.3999,61.3234,0.0826,37.6329,0.9118,11.214673,3.348832,-2.2059,-0.0076,-0.2008,-2.4885
/kaggle/input/datasets/duc24kdl/sub-x-ray/sub_X-Ray/sub_chest/IM-0506-0001.jpeg,,sub_chest,IM-0506-0001.jpeg,ok,850x684 -> 1700x1368,2,1,12.6,39.7257,6.92651,2.631826,0.9372,0.9945,0.1965,6.1196,37.4089,11.808414,3.436337,0.9031,0.9859,0.398,0.398,0.398,8.226,122.056,59.2575,122.056,59.2575,0.0993,37.4089,0.9031,11.808414,3.436337,-2.3168,-0.0086,-0.2015,-2.1064
/kaggle/input/datasets/duc24kdl/sub-x-ray/sub_X-Ray/sub_chest/IM-0507-0001.jpeg,,sub_chest,IM-0507-0001.jpeg,ok,876x692 -> 1752x1384,2,1,12.64,40.2213,6.179416,2.485843,0.9529,0.9958,0.17,5.7596,37.8578,10.64888,3.263262,0.9273,0.9894,0.3703,0.3703,0.3703,8.0084,112.6068,63.8756,112.6068,63.8756,0.0347,37.8578,0.9273,10.64888,3.263262,-2.3636,-0.0063,-0.2003,-2.2488
/kaggle/input/datasets/duc24kdl/sub-x-ray/sub_X-Ray/sub_chest/IM-0508-0001.jpeg,,sub_chest,IM-0508-0001.jpeg,ok,968x834 -> 1936x1668,2,1,16.02,40.513,5.778081,2.403764,0.9515,0.9956,0.1665,5.7663,38.1728,9.903866,3.147041,0.9244,0.9887,0.369,0.369,0.369,8.4673,115.4007,66.8284,115.4007,66.8284,0.04,38.1728,0.9244,9.903866,3.147041,-2.3402,-0.0068,-0.2025,-2.701
/kaggle/input/datasets/duc24kdl/sub-x-ray/sub_X-Ray/sub_chest/IM-0509-0001-0001.jpeg,,sub_chest,IM-0509-0001-0001.jpeg,ok,717x562 -> 1434x1124,2,1,9.28,39.7594,6.872831,2.621608,0.9427,0.9949,0.1722,6.0046,37.4511,11.694277,3.41969,0.9124,0.9871,0.3679,0.3679,0.3679,8.303,129.0505,66.2568,129.0505,66.2568,0.1553,37.4511,0.9124,11.694277,3.41969,-2.3084,-0.0078,-0.1957,-2.2984
/kaggle/input/datasets/duc24kdl/sub-x-ray/sub_X-Ray/sub_chest/IM-0509-0001-0002.jpeg,,sub_chest,IM-0509-0001-0002.jpeg,ok,653x460 -> 1306x920,2,1,7.35,38.9594,8.263099,2.874561,0.9264,0.9936,0.1994,5.9954,36.5081,14.53002,3.811826,0.8881,0.9839,0.4151,0.4151,0.4151,8.2169,140.0666,60.3418,140.0666,60.3418,0.1308,36.5081,0.8881,14.53002,3.811826,-2.4512,-0.0097,-0.2157,-2.2215
/kaggle/input/datasets/duc24kdl/sub-x-ray/sub_X-Ray/sub_chest/IM-0509-0001.jpeg,,sub_chest,IM-0509-0001.jpeg,ok,624x522 -> 1248x1044,2,1,7.26,37.2532,12.239452,3.498493,0.9059,0.9921,0.2145,5.2893,34.923,20.930621,4.575,0.8553,0.9795,0.3951,0.3951,0.3951,7.933,126.0432,69.3498,126.0432,69.3498,0.0796,34.923,0.8553,20.930621,4.575,-2.3302,-0.0126,-0.1806,-2.6437
/kaggle/input/datasets/duc24kdl/sub-x-ray/sub_X-Ray/sub_chest/IM-0510-0001.jpeg,,sub_chest,IM-0510-0001.jpeg,ok,808x573 -> 1616x1146,2,1,9.92,39.663,7.02713,2.650873,0.9431,0.9949,0.1736,5.7406,37.4431,11.715868,3.422845,0.9141,0.9874,0.3614,0.3614,0.3614,8.1084,120.5522,71.0967,120.5522,71.0967,0.0949,37.4431,0.9141,11.715868,3.422845,-2.22,-0.0075,-0.1878,-2.3678
/kaggle/input/datasets/duc24kdl/sub-x-ray/sub_X-Ray/sub_chest/IM-0511-0001-0001.jpeg,,sub_chest,IM-0511-0001-0001.jpeg,ok,651x593 -> 1302x1186,2,1,9.07,39.655,7.040123,2.653323,0.9343,0.9941,0.214,6.5919,37.4494,11.698807,3.420352,0.901,0.9855,0.4225,0.4225,0.4225,8.3552,120.1796,51.7112,120.1796,51.7112,0.1223,37.4494,0.901,11.698807,3.420352,-2.2056,-0.0087,-0.2085,-1.7632
/kaggle/input/datasets/duc24kdl/sub-x-ray/sub_X-Ray/sub_chest/IM-0511-0001-0002.jpeg,,sub_chest,IM-0511-0001-0002.jpeg,ok,935x747 -> 1870x1494,2,1,14.88,40.8442,5.353739,2.313815,0.9533,0.9957,0.1732,6.0947,38.4242,9.34669,3.057236,0.9277,0.9891,0.3607,0.3607,0.3607,8.4494,112.5573,60.1617,112.5573,60.1617,0.0567,38.4242,0.9277,9.34669,3.057236,-2.42,-0.0065,-0.1875,-2.3547
/kaggle/input/datasets/duc24kdl/sub-x-ray/sub_X-Ray/sub_chest/IM-0511-0001.jpeg,,sub_chest,IM-0511-0001.jpeg,ok,1030x919 -> 2060x1838,2,1,20.32,40.8925,5.294625,2.301005,0.9497,0.9954,0.1727,5.7611,38.6554,8.862262,2.976955,0.9243,0.9888,0.3779,0.3779,0.3779,8.4418,119.8987,67.8489,119.8987,67.8489,0.1297,38.6554,0.9243,8.862262,2.976955,-2.2371,-0.0066,-0.2051,-2.6807
/kaggle/input/datasets/duc24kdl/sub-x-ray/sub_X-Ray/sub_chest/IM-0512-0001.jpeg,,sub_chest,IM-0512-0001.jpeg,ok,779x639 -> 1558x1278,2,1,11.1,37.2674,12.199502,3.492779,0.8984,0.9913,0.2181,5.4994,35.2638,19.350794,4.398954,0.8494,0.9783,0.4137,0.4137,0.4137,8.7957,130.9064,68.3192,130.9064,68.3192,0.1039,35.2638,0.8494,19.350794,4.398954,-2.0036,-0.013,-0.1956,-3.2963
/kaggle/input/datasets/duc24kdl/sub-x-ray/sub_X-Ray/sub_chest/IM-0513-0001.jpeg,,sub_chest,IM-0513-0001.jpeg,ok,746x512 -> 1492x1024,2,1,8.6,39.7095,6.952399,2.63674,0.9473,0.9953,0.1783,5.872,37.5262,11.49363,3.390226,0.9206,0.9886,0.3862,0.3862,0.3862,8.4134,112.4269,62.1145,112.4269,62.1145,0.091,37.5262,0.9206,11.49363,3.390226,-2.1832,-0.0067,-0.2078,-2.5414
/kaggle/input/datasets/duc24kdl/sub-x-ray/sub_X-Ray/sub_chest/IM-0514-0001.jpeg,,sub_chest,IM-0514-0001.jpeg,ok,933x651 -> 1866x1302,2,1,13.32,39.6203,7.09655,2.663935,0.9418,0.9948,0.1737,5.3995,37.4535,11.68781,3.418744,0.9129,0.9873,0.3622,0.3622,0.3622,8.2101,119.7793,72.1359,119.7793,72.1359,0.0322,37.4535,0.9129,11.68781,3.418744,-2.1669,-0.0075,-0.1885,-2.8106
/kaggle/input/datasets/duc24kdl/sub-x-ray/sub_X-Ray/sub_chest/IM-0515-0001.jpeg,,sub_chest,IM-0515-0001.jpeg,ok,822x583 -> 1644x1166,2,1,10.74,39.7522,6.884235,2.623782,0.9459,0.9951,0.1841,5.693,37.4748,11.630643,3.410373,0.9167,0.9878,0.3735,0.3735,0.3735,8.2105,102.8102,60.2736,102.8102,60.2736,0.0877,37.4748,0.9167,11.630643,3.410373,-2.2775,-0.0073,-0.1894,-2.5175
/kaggle/input/datasets/duc24kdl/sub-x-ray/sub_X-Ray/sub_chest/IM-0516-0001.jpeg,,sub_chest,IM-0516-0001.jpeg,ok,748x490 -> 1496x980,2,1,8.42,38.0951,10.082564,3.175305,0.9247,0.9936,0.1873,5.0136,35.8956,16.730944,4.090348,0.8853,0.9839,0.3672,0.3672,0.3672,8.187,106.5671,71.3491,106.5671,71.3491,0.0948,35.8956,0.8853,16.730944,4.090348,-2.1995,-0.0098,-0.1799,-3.1735
/kaggle/input/datasets/duc24kdl/sub-x-ray/sub_X-Ray/sub_chest/IM-0517-0001-0001.jpeg,,sub_chest,IM-0517-0001-0001.jpeg,ok,1051x827 -> 2102x1654,2,1,18.27,40.1114,6.337883,2.517515,0.9439,0.9949,0.1861,6.1248,37.9691,10.379454,3.221716,0.9179,0.9879,0.4027,0.4027,0.4027,8.5423,138.8927,61.2688,138.8927,61.2688,0.0442,37.9691,0.9179,10.379454,3.221716,-2.1423,-0.007,-0.2165,-2.4175
/kaggle/input/datasets/duc24kdl/sub-x-ray/sub_X-Ray/sub_chest/IM-0517-0001.jpeg,,sub_chest,IM-0517-0001.jpeg,ok,1422x1033 -> 2844x2066,2,1,29.49,38.344,9.520983,3.085609,0.9041,0.9918,0.2284,5.5217,36.6674,14.006718,3.742555,0.867,0.9815,0.4068,0.4068,0.4068,8.683,120.6298,64.3059,120.6298,64.3059,0.0889,36.6674,0.867,14.006718,3.742555,-1.6765,-0.0103,-0.1784,-3.1612
/kaggle/input/datasets/duc24kdl/sub-x-ray/sub_X-Ray/sub_chest/IM-0519-0001-0001.jpeg,,sub_chest,IM-0519-0001-0001.jpeg,ok,871x661 -> 1742x1322,2,1,12.54,40.0079,6.490647,2.547675,0.946,0.9951,0.1927,6.2642,37.8281,10.721927,3.274435,0.9196,0.9883,0.4139,0.4139,0.4139,8.3821,127.8944,54.7442,127.8944,54.7442,0.0264,37.8281,0.9196,10.721927,3.274435,-2.1798,-0.0068,-0.2212,-2.1179
/kaggle/input/datasets/duc24kdl/sub-x-ray/sub_X-Ray/sub_chest/IM-0519-0001-0002.jpeg,,sub_chest,IM-0519-0001-0002.jpeg,ok,1007x788 -> 2014x1576,2,1,16.33,40.8533,5.342512,2.311387,0.9535,0.9958,0.1686,5.9417,38.5427,9.095249,3.015833,0.9292,0.9897,0.3706,0.3706,0.3706,8.4185,113.7446,67.9889,113.7446,67.9889,0.0677,38.5427,0.9292,9.095249,3.015833,-2.3107,-0.0061,-0.202,-2.4768
/kaggle/input/datasets/duc24kdl/sub-x-ray/sub_X-Ray/sub_chest/IM-0519-0001.jpeg,,sub_chest,IM-0519-0001.jpeg,ok,911x852 -> 1822x1704,2,1,16.14,40.6645,5.579972,2.362196,0.949,0.9953,0.1771,6.2051,38.4433,9.305686,3.050522,0.9242,0.9889,0.4027,0.4027,0.4027,8.6959,131.3399,64.1358,131.3399,64.1358,0.0259,38.4433,0.9242,9.305686,3.050522,-2.2212,-0.0065,-0.2257,-2.4908
/kaggle/input/datasets/duc24kdl/sub-x-ray/sub_X-Ray/sub_chest/IM-0520-0001.jpeg,,sub_chest,IM-0520-0001.jpeg,ok,821x772 -> 1642x1544,2,1,13.54,40.6306,5.623741,2.371443,0.9539,0.9958,0.1667,5.852,38.2466,9.736839,3.120391,0.9276,0.9895,0.378,0.378,0.378,8.4728,107.3304,64.8464,107.3304,64.8464,0.0869,38.2466,0.9276,9.736839,3.120391,-2.3839,-0.0064,-0.2112,-2.6207
/kaggle/input/datasets/duc24kdl/sub-x-ray/sub_X-Ray/sub_chest/IM-0521-0001.jpeg,,sub_chest,IM-0521-0001.jpeg,ok,1445x1267 -> 2890x2534,2,1,37.34,41.0429,5.114338,2.26149,0.9445,0.9947,0.1908,6.2913,39.1125,7.976914,2.824343,0.9206,0.9878,0.4025,0.4025,0.4025,9.1478,135.468,58.7764,135.468,58.7764,0.0878,39.1125,0.9206,7.976914,2.824343,-1.9305,-0.0069,-0.2117,-2.8565
/kaggle/input/datasets/duc24kdl/sub-x-ray/sub_X-Ray/sub_chest/IM-0522-0001.jpeg,,sub_chest,IM-0522-0001.jpeg,ok,818x537 -> 1636x1074,2,1,9.78,39.5047,7.28798,2.699626,0.9457,0.9952,0.1666,5.2266,37.2699,12.192478,3.491773,0.9175,0.988,0.3445,0.3445,0.3445,7.7732,108.3961,70.1578,108.3961,70.1578,0.0247,37.2699,0.9175,12.192478,3.491773,-2.2348,-0.0072,-0.1779,-2.5465
/kaggle/input/datasets/duc24kdl/sub-x-ray/sub_X-Ray/sub_chest/IM-0523-0001-0001.jpeg,,sub_chest,IM-0523-0001-0001.jpeg,ok,671x529 -> 1342x1058,2,1,8.33,38.8614,8.451721,2.907184,0.9304,0.9939,0.2036,6.2115,36.4745,14.643088,3.826629,0.8918,0.9843,0.4071,0.4071,0.4071,7.9149,125.397,58.1945,125.397,58.1945,0.0328,36.4745,0.8918,14.643088,3.826629,-2.3869,-0.0096,-0.2036,-1.7034
/kaggle/input/datasets/duc24kdl/sub-x-ray/sub_X-Ray/sub_chest/IM-0523-0001-0002.jpeg,,sub_chest,IM-0523-0001-0002.jpeg,ok,881x740 -> 1762x1480,2,1,13.96,40.2916,6.08023,2.465812,0.948,0.9953,0.1836,6.2787,38.0179,10.263464,3.203664,0.9208,0.9883,0.3984,0.3984,0.3984,8.5091,121.3825,60.3557,121.3825,60.3557,0.0315,38.0179,0.9208,10.263464,3.203664,-2.2737,-0.007,-0.2148,-2.2304
/kaggle/input/datasets/duc24kdl/sub-x-ray/sub_X-Ray/sub_chest/IM-0523-0001-0003.jpeg,,sub_chest,IM-0523-0001-0003.jpeg,ok,814x583 -> 1628x1166,2,1,10.55,37.3319,12.019554,3.466923,0.8964,0.9911,0.2386,5.6508,35.3032,19.175913,4.379031,0.8471,0.9779,0.4312,0.4312,0.4312,8.5227,129.9561,61.1012,129.9561,61.1012,0.1079,35.3032,0.8471,19.175913,4.379031,-2.0287,-0.0131,-0.1927,-2.8718
/kaggle/input/datasets/duc24kdl/sub-x-ray/sub_X-Ray/sub_chest/IM-0523-0001.jpeg,,sub_chest,IM-0523-0001.jpeg,ok,746x553 -> 1492x1106,2,1,9.42,39.0354,8.119624,2.849495,0.9349,0.9943,0.1963,5.9513,36.7676,13.687416,3.699651,0.9,0.9854,0.4139,0.4139,0.4139,8.6535,141.0445,61.7268,141.0445,61.7268,0.0959,36.7676,0.9,13.687416,3.699651,-2.2679,-0.0088,-0.2176,-2.7022
/kaggle/input/datasets/duc24kdl/sub-x-ray/sub_X-Ray/sub_chest/IM-0524-0001.jpeg,,sub_chest,IM-0524-0001.jpeg,ok,982x805 -> 1964x1610,2,1,16.21,39.9896,6.518087,2.553054,0.9429,0.9948,0.1885,6.1761,37.8304,10.716106,3.273546,0.9154,0.9874,0.4135,0.4135,0.4135,8.8336,140.031,61.1667,140.031,61.1667,-0.0067,37.8304,0.9154,10.716106,3.273546,-2.1592,-0.0074,-0.2249,-2.6574
/kaggle/input/datasets/duc24kdl/sub-x-ray/sub_X-Ray/sub_chest/IM-0525-0001-0001.jpeg,,sub_chest,IM-0525-0001-0001.jpeg,ok,634x508 -> 1268x1016,2,1,7.58,39.5396,7.229686,2.688808,0.9402,0.9947,0.2028,6.5705,37.1462,12.544746,3.541856,0.9078,0.9867,0.4239,0.4239,0.4239,8.1746,132.8223,49.5633,132.8223,49.5633,0.0676,37.1462,0.9078,12.544746,3.541856,-2.3934,-0.008,-0.2211,-1.6041
/kaggle/input/datasets/duc24kdl/sub-x-ray/sub_X-Ray/sub_chest/IM-0525-0001-0002.jpeg,,sub_chest,IM-0525-0001-0002.jpeg,ok,705x485 -> 1410x970,2,1,8.1,39.3229,7.599617,2.75674,0.9471,0.9953,0.1804,6.1295,36.9919,12.998425,3.605333,0.9183,0.9884,0.3794,0.3794,0.3794,8.2064,115.5478,64.899,115.5478,64.899,0.0196,36.9919,0.9183,12.998425,3.605333,-2.331,-0.007,-0.1989,-2.0769
/kaggle/input/datasets/duc24kdl/sub-x-ray/sub_X-Ray/sub_chest/IM-0525-0001.jpeg,,sub_chest,IM-0525-0001.jpeg,ok,709x512 -> 1418x1024,2,1,8.4,40.2589,6.126128,2.475102,0.9499,0.9954,0.1821,6.5154,37.9845,10.342664,3.216001,0.9242,0.9888,0.3973,0.3973,0.3973,8.6541,116.4347,48.7185,116.4347,48.7185,0.178,37.9845,0.9242,10.342664,3.216001,-2.2745,-0.0066,-0.2152,-2.1387
/kaggle/input/datasets/duc24kdl/sub-x-ray/sub_X-Ray/sub_chest/IM-0526-0001.jpeg,,sub_chest,IM-0526-0001.jpeg,ok,788x697 -> 1576x1394,2,1,11.7,40.2843,6.090447,2.467883,0.9487,0.9954,0.1644,5.663,38.001,10.303409,3.209892,0.9206,0.9885,0.3664,0.3664,0.3664,8.6061,118.3944,69.4465,118.3944,69.4465,0.1189,38.001,0.9206,10.303409,3.209892,-2.2833,-0.007,-0.202,-2.9432
/kaggle/input/datasets/duc24kdl/sub-x-ray/sub_X-Ray/sub_chest/IM-0527-0001.jpeg,,sub_chest,IM-0527-0001.jpeg,ok,864x587 -> 1728x1174,2,1,10.9,40.0987,6.356392,2.521189,0.9505,0.9956,0.1638,5.3633,37.6769,11.101631,3.331911,0.9218,0.9886,0.3551,0.3551,0.3551,8.0213,108.2386,67.7445,108.2386,67.7445,0.1418,37.6769,0.9218,11.101631,3.331911,-2.4218,-0.007,-0.1913,-2.658
/kaggle/input/datasets/duc24kdl/sub-x-ray/sub_X-Ray/sub_chest/IM-0528-0001.jpeg,,sub_chest,IM-0528-0001.jpeg,ok,713x564 -> 1426x1128,2,1,9.15,39.7739,6.849961,2.617243,0.9439,0.995,0.1835,5.8963,37.466,11.654034,3.413801,0.9152,0.9879,0.3939,0.3939,0.3939,8.4227,114.4956,61.747,114.4956,61.747,0.1287,37.466,0.9152,11.654034,3.413801,-2.3079,-0.0071,-0.2104,-2.5263
/kaggle/input/datasets/duc24kdl/sub-x-ray/sub_X-Ray/sub_chest/IM-0529-0001.jpeg,,sub_chest,IM-0529-0001.jpeg,ok,742x633 -> 1484x1266,2,1,10.49,39.5393,7.230231,2.688909,0.9396,0.9946,0.2029,6.2159,37.2215,12.328929,3.511258,0.9069,0.9864,0.405,0.405,0.405,8.1548,121.391,57.6935,121.391,57.6935,0.0971,37.2215,0.9069,12.328929,3.511258,-2.3177,-0.0082,-0.2021,-1.939
/kaggle/input/datasets/duc24kdl/sub-x-ray/sub_X-Ray/sub_chest/IM-0530-0001.jpeg,,sub_chest,IM-0530-0001.jpeg,ok,729x564 -> 1458x1128,2,1,9.48,38.6159,8.943152,2.99051,0.9282,0.9937,0.2083,6.1167,36.4999,14.557582,3.81544,0.8932,0.9847,0.4244,0.4244,0.4244,8.7148,128.738,57.4749,128.738,57.4749,0.0175,36.4999,0.8932,14.557582,3.81544,-2.116,-0.009,-0.216,-2.598
/kaggle/input/datasets/duc24kdl/sub-x-ray/sub_X-Ray/sub_chest/IM-0531-0001-0001.jpeg,,sub_chest,IM-0531-0001-0001.jpeg,ok,941x676 -> 1882x1352,2,1,13.69,40.1356,6.302617,2.510501,0.9484,0.9954,0.171,5.7233,37.8958,10.556086,3.249013,0.9222,0.9888,0.3708,0.3708,0.3708,8.3833,114.8603,67.1517,114.8603,67.1517,0.0312,37.8958,0.9222,10.556086,3.249013,-2.2398,-0.0066,-0.1998,-2.66
/kaggle/input/datasets/duc24kdl/sub-x-ray/sub_X-Ray/sub_chest/IM-0531-0001.jpeg,,sub_chest,IM-0531-0001.jpeg,ok,813x800 -> 1626x1600,2,1,13.81,40.4594,5.849727,2.418621,0.9448,0.995,0.1888,6.2791,38.1551,9.944261,3.153452,0.9161,0.9877,0.4025,0.4025,0.4025,8.6445,130.3042,59.7019,130.3042,59.7019,0.1309,38.1551,0.9161,9.944261,3.153452,-2.3044,-0.0074,-0.2137,-2.3654
/kaggle/input/datasets/duc24kdl/sub-x-ray/sub_X-Ray/sub_chest/IM-0532-0001.jpeg,,sub_chest,IM-0532-0001.jpeg,ok,733x570 -> 1466x1140,2,1,9.47,39.7304,6.91898,2.630395,0.9472,0.9952,0.1729,6.066,37.3667,11.923747,3.453078,0.9182,0.988,0.3656,0.3656,0.3656,8.3389,122.5501,65.0442,122.5501,65.0442,0.0701,37.3667,0.9182,11.923747,3.453078,-2.3637,-0.0073,-0.1927,-2.2729
/kaggle/input/datasets/duc24kdl/sub-x-ray/sub_X-Ray/sub_chest/IM-0533-0001-0001.jpeg,,sub_chest,IM-0533-0001-0001.jpeg,ok,954x738 -> 1908x1476,2,1,14.69,40.3281,6.029404,2.455484,0.9482,0.9953,0.1778,6.0696,38.2043,9.832105,3.135619,0.9233,0.9888,0.3669,0.3669,0.3669,8.3881,112.8545,60.3359,112.8545,60.3359,0.0373,38.2043,0.9233,9.832105,3.135619,-2.1237,-0.0065,-0.1891,-2.3186
/kaggle/input/datasets/duc24kdl/sub-x-ray/sub_X-Ray/sub_chest/IM-0533-0001-0002.jpeg,,sub_chest,IM-0533-0001-0002.jpeg,ok,878x742 -> 1756x1484,2,1,13.67,38.5772,9.023129,3.003852,0.9197,0.993,0.214,5.7727,36.387,14.94114,3.865377,0.8795,0.9826,0.409,0.409,0.409,8.0812,135.69,62.6443,135.69,62.6443,0.042,36.387,0.8795,14.94114,3.865377,-2.1903,-0.0105,-0.195,-2.3086
/kaggle/input/datasets/duc24kdl/sub-x-ray/sub_X-Ray/sub_chest/IM-0533-0001.jpeg,,sub_chest,IM-0533-0001.jpeg,ok,1259x1182 -> 2518x2364,2,1,30.13,38.6552,8.862518,2.976998,0.909,0.9919,0.2303,5.8831,36.8045,13.571584,3.683963,0.8697,0.9807,0.4097,0.4097,0.4097,8.6821,130.9109,59.7717,130.9109,59.7717,0.0591,36.8045,0.8697,13.571584,3.683963,-1.8507,-0.0112,-0.1794,-2.799
/kaggle/input/datasets/duc24kdl/sub-x-ray/sub_X-Ray/sub_chest/IM-0534-0001.jpeg,,sub_chest,IM-0534-0001.jpeg,ok,812x687 -> 1624x1374,2,1,11.87,39.6529,7.043519,2.653963,0.9391,0.9945,0.1988,5.9248,37.0986,12.683073,3.56133,0.9013,0.9852,0.3925,0.3925,0.3925,7.8943,105.3347,59.795,105.3347,59.795,0.0971,37.0986,0.9013,12.683073,3.56133,-2.5543,-0.0094,-0.1937,-1.9695
/kaggle/input/datasets/duc24kdl/sub-x-ray/sub_X-Ray/sub_chest/IM-0535-0001.jpeg,,sub_chest,IM-0535-0001.jpeg,ok,761x554 -> 1522x1108,2,1,9.57,38.0612,10.161486,3.187709,0.9183,0.993,0.2157,5.6888,35.8657,16.84665,4.104467,0.8759,0.9822,0.4127,0.4127,0.4127,8.2324,134.982,63.7769,134.982,63.7769,0.0525,35.8657,0.8759,16.84665,4.104467,-2.1956,-0.0108,-0.197,-2.5436
/kaggle/input/datasets/duc24kdl/sub-x-ray/sub_X-Ray/sub_chest/IM-0536-0001.jpeg,,sub_chest,IM-0536-0001.jpeg,ok,835x672 -> 1670x1344,2,1,12.07,40.1375,6.299859,2.509952,0.947,0.9953,0.168,5.6059,37.9676,10.382851,3.222243,0.9216,0.9886,0.3705,0.3705,0.3705,8.5598,118.5705,72.9729,118.5705,72.9729,0.0794,37.9676,0.9216,10.382851,3.222243,-2.1699,-0.0066,-0.2025,-2.954
/kaggle/input/datasets/duc24kdl/sub-x-ray/sub_X-Ray/sub_chest/IM-0537-0001.jpeg,,sub_chest,IM-0537-0001.jpeg,ok,775x529 -> 1550x1058,2,1,9.43,39.6014,7.127621,2.669761,0.9456,0.9951,0.1822,6.1436,37.4044,11.820619,3.438113,0.9181,0.988,0.4004,0.4004,0.4004,8.8449,134.4232,62.5589,134.4232,62.5589,0.0244,37.4044,0.9181,11.820619,3.438113,-2.197,-0.0071,-0.2182,-2.7013
/kaggle/input/datasets/duc24kdl/sub-x-ray/sub_X-Ray/sub_chest/IM-0538-0001.jpeg,,sub_chest,IM-0538-0001.jpeg,ok,951x797 -> 1902x1594,2,1,15.96,39.9944,6.510897,2.551646,0.95,0.9955,0.1781,6.063,37.6744,11.108053,3.332875,0.9241,0.9889,0.3924,0.3924,0.3924,8.6151,121.8841,63.9336,121.8841,63.9336,0.0455,37.6744,0.9241,11.108053,3.332875,-2.32,-0.0066,-0.2143,-2.5521
/kaggle/input/datasets/duc24kdl/sub-x-ray/sub_X-Ray/sub_chest/IM-0539-0001-0001.jpeg,,sub_chest,IM-0539-0001-0001.jpeg,ok,1055x850 -> 2110x1700,2,1,18.71,40.4096,5.917299,2.43255,0.9441,0.9949,0.1921,6.2765,38.3726,9.458392,3.07545,0.9179,0.9878,0.3908,0.3908,0.3908,8.6416,114.898,57.616,114.898,57.616,0.1067,38.3726,0.9179,9.458392,3.07545,-2.0369,-0.0071,-0.1987,-2.3651
/kaggle/input/datasets/duc24kdl/sub-x-ray/sub_X-Ray/sub_chest/IM-0539-0001-0002.jpeg,,sub_chest,IM-0539-0001-0002.jpeg,ok,763x597 -> 1526x1194,2,1,10.39,39.9362,6.598697,2.568793,0.9497,0.9955,0.1785,6.57,37.3453,11.982674,3.4616,0.9215,0.9886,0.3968,0.3968,0.3968,8.8133,127.1796,54.999,127.1796,54.999,0.034,37.3453,0.9215,11.982674,3.4616,-2.591,-0.0069,-0.2183,-2.2433
/kaggle/input/datasets/duc24kdl/sub-x-ray/sub_X-Ray/sub_chest/IM-0539-0001.jpeg,,sub_chest,IM-0539-0001.jpeg,ok,862x738 -> 1724x1476,2,1,13.71,40.1025,6.350866,2.520092,0.9437,0.9949,0.1884,6.3426,37.8315,10.713418,3.273136,0.9151,0.9876,0.4039,0.4039,0.4039,8.4476,130.8076,61.8975,130.8076,61.8975,0.1326,37.8315,0.9151,10.713418,3.273136,-2.271,-0.0073,-0.2155,-2.105
/kaggle/input/datasets/duc24kdl/sub-x-ray/sub_X-Ray/sub_chest/IM-0540-0001.jpeg,,sub_chest,IM-0540-0001.jpeg,ok,748x666 -> 1496x1332,2,1,10.61,39.8691,6.701505,2.588726,0.9445,0.995,0.176,5.8396,37.5721,11.372812,3.37236,0.9161,0.9878,0.3844,0.3844,0.3844,8.1108,125.2812,66.0922,125.2812,66.0922,0.0872,37.5721,0.9161,11.372812,3.37236,-2.297,-0.0072,-0.2084,-2.2712
/kaggle/input/datasets/duc24kdl/sub-x-ray/sub_X-Ray/sub_chest/IM-0541-0001.jpeg,,sub_chest,IM-0541-0001.jpeg,ok,970x761 -> 1940x1522,2,1,15.54,40.3155,6.046865,2.459037,0.9505,0.9956,0.161,5.0707,38.077,10.124544,3.181909,0.9249,0.989,0.3419,0.3419,0.3419,7.9194,108.9678,72.3681,108.9678,72.3681,0.037,38.077,0.9249,10.124544,3.181909,-2.2385,-0.0065,-0.1809,-2.8487
/kaggle/input/datasets/duc24kdl/sub-x-ray/sub_X-Ray/sub_chest/IM-0542-0001.jpeg,,sub_chest,IM-0542-0001.jpeg,ok,943x703 -> 1886x1406,2,1,14.4,39.2802,7.67461,2.770309,0.9321,0.994,0.2018,6.2411,37.2402,12.27606,3.503721,0.9002,0.9854,0.4153,0.4153,0.4153,8.6367,130.7055,61.3189,130.7055,61.3189,0.0414,37.2402,0.9002,12.27606,3.503721,-2.04,-0.0085,-0.2135,-2.3956
/kaggle/input/datasets/duc24kdl/sub-x-ray/sub_X-Ray/sub_chest/IM-0543-0001-0002.jpeg,,sub_chest,IM-0543-0001-0002.jpeg,ok,820x705 -> 1640x1410,2,1,12.27,39.4082,7.451717,2.729783,0.9435,0.995,0.1942,6.3819,37.1578,12.511242,3.537123,0.9149,0.9877,0.4232,0.4232,0.4232,8.619,123.3284,55.9196,123.3284,55.9196,0.0877,37.1578,0.9149,12.511242,3.537123,-2.2504,-0.0073,-0.2289,-2.2371
/kaggle/input/datasets/duc24kdl/sub-x-ray/sub_X-Ray/sub_chest/IM-0543-0001.jpeg,,sub_chest,IM-0543-0001.jpeg,ok,889x659 -> 1778x1318,2,1,12.83,40.3691,5.972633,2.443897,0.9487,0.9954,0.172,5.6765,37.8044,10.78055,3.283375,0.9215,0.9885,0.3669,0.3669,0.3669,8.2078,112.3388,62.6016,112.3388,62.6016,0.1294,37.8044,0.9215,10.78055,3.283375,-2.5648,-0.0069,-0.1949,-2.5314
/kaggle/input/datasets/duc24kdl/sub-x-ray/sub_X-Ray/sub_chest/IM-0544-0001.jpeg,,sub_chest,IM-0544-0001.jpeg,ok,771x643 -> 1542x1286,2,1,11.04,39.6957,6.974468,2.640922,0.9417,0.9948,0.19,6.1929,37.3165,12.062334,3.473087,0.9081,0.9863,0.3979,0.3979,0.3979,8.3171,119.9511,58.2234,119.9511,58.2234,0.1312,37.3165,0.9081,12.062334,3.473087,-2.3792,-0.0084,-0.2079,-2.1242
/kaggle/input/datasets/duc24kdl/sub-x-ray/sub_X-Ray/sub_chest/IM-0545-0001-0001.jpeg,,sub_chest,IM-0545-0001-0001.jpeg,ok,962x790 -> 1924x1580,2,1,15.81,41.0095,5.153848,2.270209,0.9529,0.9958,0.1681,5.9104,38.6395,8.894725,2.982403,0.9276,0.9894,0.3707,0.3707,0.3707,8.3781,116.63,64.9672,116.63,64.9672,0.1366,38.6395,0.9276,8.894725,2.982403,-2.37,-0.0064,-0.2026,-2.4676
/kaggle/input/datasets/duc24kdl/sub-x-ray/sub_X-Ray/sub_chest/IM-0545-0001-0002.jpeg,,sub_chest,IM-0545-0001-0002.jpeg,ok,970x751 -> 1940x1502,2,1,15.26,40.0027,6.498493,2.549214,0.9444,0.995,0.1807,5.7104,37.8754,10.605606,3.256625,0.9172,0.9879,0.382,0.382,0.382,8.4637,121.0542,63.7803,121.0542,63.7803,0.0328,37.8754,0.9172,10.605606,3.256625,-2.1272,-0.0071,-0.2014,-2.7533
/kaggle/input/datasets/duc24kdl/sub-x-ray/sub_X-Ray/sub_chest/IM-0545-0001.jpeg,,sub_chest,IM-0545-0001.jpeg,ok,829x591 -> 1658x1182,2,1,10.97,37.8753,10.605926,3.256674,0.9126,0.9924,0.2032,4.8266,35.8718,16.822764,4.101556,0.8701,0.9812,0.374,0.374,0.374,8.4688,106.6314,69.716,106.6314,69.716,0.0784,35.8718,0.8701,16.822764,4.101556,-2.0035,-0.0112,-0.1708,-3.6422
/kaggle/input/datasets/duc24kdl/sub-x-ray/sub_X-Ray/sub_chest/IM-0546-0001.jpeg,,sub_chest,IM-0546-0001.jpeg,ok,927x728 -> 1854x1456,2,1,14.3,40.2536,6.133681,2.476627,0.9519,0.9957,0.1672,5.6133,37.7735,10.857607,3.295088,0.9245,0.989,0.3592,0.3592,0.3592,7.8581,108.4392,69.8399,108.4392,69.8399,0.0383,37.7735,0.9245,10.857607,3.295088,-2.4801,-0.0067,-0.192,-2.2448
/kaggle/input/datasets/duc24kdl/sub-x-ray/sub_X-Ray/sub_chest/IM-0547-0001.jpeg,,sub_chest,IM-0547-0001.jpeg,ok,648x537 -> 1296x1074,2,1,7.7,38.1506,9.954562,3.155085,0.9119,0.9925,0.2093,5.9637,35.8089,17.068394,4.131391,0.8669,0.981,0.4228,0.4228,0.4228,8.3453,159.0863,60.2359,159.0863,60.2359,0.1075,35.8089,0.8669,17.068394,4.131391,-2.3417,-0.0115,-0.2135,-2.3815
/kaggle/input/datasets/duc24kdl/sub-x-ray/sub_X-Ray/sub_chest/IM-0548-0001.jpeg,,sub_chest,IM-0548-0001.jpeg,ok,895x566 -> 1790x1132,2,1,11.4,39.6954,6.974861,2.640996,0.9453,0.9951,0.1661,5.299,37.5168,11.518561,3.3939,0.9183,0.9881,0.3485,0.3485,0.3485,8.3378,117.9183,75.21,117.9183,75.21,0.0401,37.5168,0.9183,11.518561,3.3939,-2.1786,-0.007,-0.1824,-3.0388
/kaggle/input/datasets/duc24kdl/sub-x-ray/sub_X-Ray/sub_chest/IM-0549-0001-0001.jpeg,,sub_chest,IM-0549-0001-0001.jpeg,ok,848x674 -> 1696x1348,2,1,11.74,39.7756,6.847275,2.61673,0.943,0.9949,0.185,5.9394,37.4866,11.599076,3.405742,0.912,0.9871,0.3851,0.3851,0.3851,8.2781,125.7403,62.6799,125.7403,62.6799,0.083,37.4866,0.912,11.599076,3.405742,-2.2891,-0.0078,-0.2,-2.3387
/kaggle/input/datasets/duc24kdl/sub-x-ray/sub_X-Ray/sub_chest/IM-0549-0001-0002.jpeg,,sub_chest,IM-0549-0001-0002.jpeg,ok,956x854 -> 1912x1708,2,1,16.53,40.3227,6.036797,2.456989,0.9463,0.9952,0.1839,5.9211,38.136,9.987985,3.160377,0.9194,0.9882,0.398,0.398,0.398,8.4683,126.3888,64.279,126.3888,64.279,0.0451,38.136,0.9194,9.987985,3.160377,-2.1867,-0.007,-0.2141,-2.5472
/kaggle/input/datasets/duc24kdl/sub-x-ray/sub_X-Ray/sub_chest/IM-0549-0001.jpeg,,sub_chest,IM-0549-0001.jpeg,ok,636x508 -> 1272x1016,2,1,7.65,39.4471,7.385288,2.717589,0.9377,0.9946,0.1986,5.8397,36.9522,13.117897,3.621864,0.9025,0.9862,0.4066,0.4066,0.4066,8.1003,115.3511,57.0199,115.3511,57.0199,0.0693,36.9522,0.9025,13.117897,3.621864,-2.495,-0.0084,-0.208,-2.2606
/kaggle/input/datasets/duc24kdl/sub-x-ray/sub_X-Ray/sub_chest/IM-0551-0001-0001.jpeg,,sub_chest,IM-0551-0001-0001.jpeg,ok,839x578 -> 1678x1156,2,1,10.87,40.1495,6.282407,2.506473,0.9504,0.9955,0.1722,6.0679,37.8549,10.655864,3.264332,0.9243,0.9887,0.3634,0.3634,0.3634,8.2839,116.6139,64.8858,116.6139,64.8858,0.09,37.8549,0.9243,10.655864,3.264332,-2.2946,-0.0067,-0.1912,-2.216
/kaggle/input/datasets/duc24kdl/sub-x-ray/sub_X-Ray/sub_chest/IM-0551-0001.jpeg,,sub_chest,IM-0551-0001.jpeg,ok,972x873 -> 1944x1746,2,1,17.25,39.3025,7.6353,2.763205,0.9349,0.9941,0.2121,6.7645,37.2257,12.317128,3.509577,0.9053,0.9859,0.4387,0.4387,0.4387,8.5569,146.4211,45.3696,146.4211,45.3696,0.0403,37.2257,0.9053,12.317128,3.509577,-2.0768,-0.0082,-0.2265,-1.7924
