source_path,saved_path,dataset,filename,status,resolution,scale_factor,patches_count,latency_ms,psnr_bicubic_db,mse_bicubic,rmse_bicubic,ssim_bicubic,msssim_bicubic,lpips_bicubic,niqe_bicubic,psnr_fpga_db,mse_fpga,rmse_fpga,ssim_fpga,msssim_fpga,lpips_fpga,lpips,lpips_srgan,niqe_fpga,mean_fpga,std_fpga,mean,std,epi,psnr_model_db,ssim_model,mse_model,rmse_model,psnr_gain_db,msssim_gain,lpips_gain,niqe_gain
/kaggle/input/datasets/duc24kdl/sub-x-ray/sub_X-Ray/sub_NIH/00000001_002.png,,sub_NIH,00000001_002.png,ok,512x512 -> 1024x1024,2,1,287.88,37.7985,10.795194,3.285604,0.9879,0.9985,0.0515,6.4592,34.8679,21.197645,4.60409,0.9828,0.9962,0.1368,0.1368,0.1368,6.5176,166.7334,67.6354,166.7334,67.6354,0.1629,34.8679,0.9828,21.197645,4.60409,-2.9306,-0.0023,-0.0852,-0.0584
/kaggle/input/datasets/duc24kdl/sub-x-ray/sub_X-Ray/sub_NIH/00000002_000.png,,sub_NIH,00000002_000.png,ok,512x512 -> 1024x1024,2,1,308.62,45.26,1.936776,1.391681,0.982,0.998,0.0671,6.7641,41.4712,4.634083,2.152692,0.9724,0.9951,0.18,0.18,0.18,6.0942,180.2079,47.612,180.2079,47.612,0.1916,41.4712,0.9724,4.634083,2.152692,-3.7888,-0.0029,-0.1129,0.6699
/kaggle/input/datasets/duc24kdl/sub-x-ray/sub_X-Ray/sub_NIH/00000003_003.png,,sub_NIH,00000003_003.png,ok,512x512 -> 1024x1024,2,1,286.62,38.6789,8.814395,2.968905,0.961,0.9965,0.1455,6.6467,34.9716,20.697638,4.549466,0.9456,0.9925,0.2834,0.2834,0.2834,6.3079,139.1775,68.0207,139.1775,68.0207,0.263,34.9716,0.9456,20.697638,4.549466,-3.7073,-0.0039,-0.1379,0.3388
/kaggle/input/datasets/duc24kdl/sub-x-ray/sub_X-Ray/sub_NIH/00000003_006.png,,sub_NIH,00000003_006.png,ok,512x512 -> 1024x1024,2,1,286.04,41.5393,4.561945,2.135871,0.9675,0.997,0.1187,6.3813,38.7468,8.677525,2.945764,0.947,0.9933,0.232,0.232,0.232,6.5844,108.731,76.149,108.731,76.149,0.246,38.7468,0.947,8.677525,2.945764,-2.7925,-0.0038,-0.1133,-0.2031
/kaggle/input/datasets/duc24kdl/sub-x-ray/sub_X-Ray/sub_NIH/00000005_000.png,,sub_NIH,00000005_000.png,ok,512x512 -> 1024x1024,2,1,286.55,36.9756,13.047206,3.612092,0.9862,0.9984,0.0559,6.2528,32.9466,32.992695,5.743927,0.9783,0.9954,0.1609,0.1609,0.1609,5.9712,169.9164,60.7722,169.9164,60.7722,0.1831,32.9466,0.9783,32.992695,5.743927,-4.029,-0.003,-0.105,0.2816
/kaggle/input/datasets/duc24kdl/sub-x-ray/sub_X-Ray/sub_NIH/00000011_000.png,,sub_NIH,00000011_000.png,ok,512x512 -> 1024x1024,2,1,286.14,41.8782,4.219494,2.054141,0.9538,0.9959,0.1661,6.8442,39.826,6.768253,2.601587,0.9372,0.9916,0.3329,0.3329,0.3329,7.0752,122.465,65.7386,122.465,65.7386,0.1636,39.826,0.9372,6.768253,2.601587,-2.0522,-0.0043,-0.1668,-0.2309
/kaggle/input/datasets/duc24kdl/sub-x-ray/sub_X-Ray/sub_NIH/00000011_001.png,,sub_NIH,00000011_001.png,ok,512x512 -> 1024x1024,2,1,286.13,37.7921,10.81121,3.28804,0.9855,0.9983,0.0636,6.9561,35.4009,18.749591,4.33008,0.9777,0.996,0.167,0.167,0.167,6.5077,172.7343,61.4194,172.7343,61.4194,0.2067,35.4009,0.9777,18.749591,4.33008,-2.3912,-0.0024,-0.1034,0.4485
/kaggle/input/datasets/duc24kdl/sub-x-ray/sub_X-Ray/sub_NIH/00000011_002.png,,sub_NIH,00000011_002.png,ok,512x512 -> 1024x1024,2,1,287.0,42.1792,3.936918,1.984167,0.9603,0.9965,0.1539,6.9713,39.7298,6.91995,2.63058,0.9451,0.9929,0.313,0.313,0.313,6.8877,123.4031,65.8103,123.4031,65.8103,0.1322,39.7298,0.9451,6.91995,2.63058,-2.4495,-0.0036,-0.1591,0.0837
/kaggle/input/datasets/duc24kdl/sub-x-ray/sub_X-Ray/sub_NIH/00000011_008.png,,sub_NIH,00000011_008.png,ok,512x512 -> 1024x1024,2,1,287.22,42.4984,3.657941,1.912574,0.9635,0.9968,0.1493,6.9928,40.3417,6.010437,2.451619,0.9477,0.9933,0.3032,0.3032,0.3032,7.0378,121.7685,67.6856,121.7685,67.6856,0.1919,40.3417,0.9477,6.010437,2.451619,-2.1567,-0.0034,-0.1539,-0.0449
/kaggle/input/datasets/duc24kdl/sub-x-ray/sub_X-Ray/sub_NIH/00000013_008.png,,sub_NIH,00000013_008.png,ok,512x512 -> 1024x1024,2,1,287.89,37.2449,12.262752,3.501821,0.9683,0.9969,0.1189,6.2448,33.9517,26.176638,5.116311,0.9495,0.9922,0.2439,0.2439,0.2439,6.3248,132.942,61.0097,132.942,61.0097,0.3144,33.9517,0.9495,26.176638,5.116311,-3.2933,-0.0047,-0.125,-0.08
/kaggle/input/datasets/duc24kdl/sub-x-ray/sub_X-Ray/sub_NIH/00000013_010.png,,sub_NIH,00000013_010.png,ok,512x512 -> 1024x1024,2,1,287.66,37.1525,12.526658,3.539302,0.9673,0.9969,0.1197,6.3905,34.1551,24.978995,4.997899,0.9458,0.9919,0.2402,0.2402,0.2402,6.1992,112.4037,56.4115,112.4037,56.4115,0.3203,34.1551,0.9458,24.978995,4.997899,-2.9974,-0.005,-0.1205,0.1913
/kaggle/input/datasets/duc24kdl/sub-x-ray/sub_X-Ray/sub_NIH/00000013_012.png,,sub_NIH,00000013_012.png,ok,512x512 -> 1024x1024,2,1,288.1,37.6838,11.084048,3.329271,0.9671,0.9968,0.1181,6.2972,34.5182,22.975466,4.793273,0.9459,0.9922,0.2418,0.2418,0.2418,6.4712,116.8255,56.1114,116.8255,56.1114,0.3147,34.5182,0.9459,22.975466,4.793273,-3.1657,-0.0046,-0.1237,-0.174
/kaggle/input/datasets/duc24kdl/sub-x-ray/sub_X-Ray/sub_NIH/00000013_014.png,,sub_NIH,00000013_014.png,ok,512x512 -> 1024x1024,2,1,288.02,44.7205,2.192935,1.480856,0.9756,0.9974,0.0911,6.7136,42.5521,3.613061,1.900805,0.9649,0.9948,0.2109,0.2109,0.2109,6.3741,112.1605,29.3406,112.1605,29.3406,0.2151,42.5521,0.9649,3.613061,1.900805,-2.1685,-0.0026,-0.1199,0.3395
/kaggle/input/datasets/duc24kdl/sub-x-ray/sub_X-Ray/sub_NIH/00000013_015.png,,sub_NIH,00000013_015.png,ok,512x512 -> 1024x1024,2,1,289.77,44.7679,2.16917,1.47281,0.9774,0.9975,0.083,6.4632,42.8782,3.351666,1.830755,0.9696,0.9953,0.1989,0.1989,0.1989,6.5214,111.9683,29.7588,111.9683,29.7588,0.218,42.8782,0.9696,3.351666,1.830755,-1.8897,-0.0023,-0.1159,-0.0582
/kaggle/input/datasets/duc24kdl/sub-x-ray/sub_X-Ray/sub_NIH/00000013_017.png,,sub_NIH,00000013_017.png,ok,512x512 -> 1024x1024,2,1,287.83,44.0812,2.540718,1.593963,0.9775,0.9976,0.0835,6.7561,42.3514,3.783942,1.945236,0.97,0.9952,0.1961,0.1961,0.1961,6.6997,110.4006,33.0992,110.4006,33.0992,0.2756,42.3514,0.97,3.783942,1.945236,-1.7299,-0.0023,-0.1127,0.0564
/kaggle/input/datasets/duc24kdl/sub-x-ray/sub_X-Ray/sub_NIH/00000013_022.png,,sub_NIH,00000013_022.png,ok,512x512 -> 1024x1024,2,1,288.21,40.2026,6.20613,2.491211,0.9619,0.9966,0.1256,6.136,38.1666,9.917845,3.149261,0.9427,0.9921,0.2556,0.2556,0.2556,6.2668,101.7501,67.3688,101.7501,67.3688,0.2508,38.1666,0.9427,9.917845,3.149261,-2.036,-0.0045,-0.1299,-0.1309
/kaggle/input/datasets/duc24kdl/sub-x-ray/sub_X-Ray/sub_NIH/00000013_023.png,,sub_NIH,00000013_023.png,ok,512x512 -> 1024x1024,2,1,288.19,36.9847,13.019915,3.608312,0.9818,0.9979,0.0871,6.7905,34.8467,21.301641,4.61537,0.9731,0.9951,0.2024,0.2024,0.2024,7.0239,115.9667,46.5795,115.9667,46.5795,0.2502,34.8467,0.9731,21.301641,4.61537,-2.138,-0.0028,-0.1153,-0.2334
/kaggle/input/datasets/duc24kdl/sub-x-ray/sub_X-Ray/sub_NIH/00000013_027.png,,sub_NIH,00000013_027.png,ok,512x512 -> 1024x1024,2,1,289.35,38.2801,9.662133,3.108397,0.9834,0.9981,0.0778,7.1204,36.1923,15.625914,3.952963,0.976,0.9961,0.1832,0.1832,0.1832,6.999,117.1238,47.7519,117.1238,47.7519,0.2448,36.1923,0.976,15.625914,3.952963,-2.0877,-0.002,-0.1054,0.1214
/kaggle/input/datasets/duc24kdl/sub-x-ray/sub_X-Ray/sub_NIH/00000013_037.png,,sub_NIH,00000013_037.png,ok,512x512 -> 1024x1024,2,1,288.19,39.9512,6.576023,2.564376,0.9617,0.9965,0.1292,5.7507,37.7538,10.906831,3.302549,0.9423,0.9916,0.2621,0.2621,0.2621,6.0469,102.1919,68.2161,102.1919,68.2161,0.201,37.7538,0.9423,10.906831,3.302549,-2.1974,-0.0049,-0.133,-0.2962
/kaggle/input/datasets/duc24kdl/sub-x-ray/sub_X-Ray/sub_NIH/00000013_039.png,,sub_NIH,00000013_039.png,ok,512x512 -> 1024x1024,2,1,289.1,40.0654,6.40529,2.530868,0.9631,0.9966,0.122,5.7283,37.99,10.329564,3.213964,0.9454,0.9921,0.2517,0.2517,0.2517,6.127,98.0403,66.7151,98.0403,66.7151,0.223,37.99,0.9454,10.329564,3.213964,-2.0754,-0.0045,-0.1297,-0.3987
/kaggle/input/datasets/duc24kdl/sub-x-ray/sub_X-Ray/sub_NIH/00000013_040.png,,sub_NIH,00000013_040.png,ok,512x512 -> 1024x1024,2,1,289.31,40.3315,6.024574,2.454501,0.9553,0.9959,0.1469,5.773,37.8912,10.567244,3.25073,0.936,0.9907,0.2945,0.2945,0.2945,6.1693,111.7307,64.478,111.7307,64.478,0.2156,37.8912,0.936,10.567244,3.25073,-2.4404,-0.0052,-0.1476,-0.3963
/kaggle/input/datasets/duc24kdl/sub-x-ray/sub_X-Ray/sub_NIH/00000018_000.png,,sub_NIH,00000018_000.png,ok,512x512 -> 1024x1024,2,1,290.83,37.1618,12.499819,3.535508,0.9863,0.9984,0.0597,6.6845,34.753,21.765969,4.665401,0.9811,0.9964,0.1612,0.1612,0.1612,6.5146,172.3774,58.7449,172.3774,58.7449,0.1538,34.753,0.9811,21.765969,4.665401,-2.4087,-0.002,-0.1014,0.1698
/kaggle/input/datasets/duc24kdl/sub-x-ray/sub_X-Ray/sub_NIH/00000019_000.png,,sub_NIH,00000019_000.png,ok,512x512 -> 1024x1024,2,1,289.27,41.5117,4.591062,2.142676,0.9627,0.9966,0.1311,6.2173,39.202,7.814125,2.795376,0.9474,0.9924,0.2567,0.2567,0.2567,6.1209,120.6891,66.3481,120.6891,66.3481,0.2092,39.202,0.9474,7.814125,2.795376,-2.3097,-0.0041,-0.1256,0.0963
/kaggle/input/datasets/duc24kdl/sub-x-ray/sub_X-Ray/sub_NIH/00000020_000.png,,sub_NIH,00000020_000.png,ok,512x512 -> 1024x1024,2,1,289.57,41.1903,4.94372,2.223448,0.9634,0.9968,0.121,6.1922,38.5628,9.053221,3.008857,0.9441,0.9924,0.2491,0.2491,0.2491,6.2244,105.3518,75.7995,105.3518,75.7995,0.1404,38.5628,0.9441,9.053221,3.008857,-2.6275,-0.0044,-0.1281,-0.0322
/kaggle/input/datasets/duc24kdl/sub-x-ray/sub_X-Ray/sub_NIH/00000020_001.png,,sub_NIH,00000020_001.png,ok,512x512 -> 1024x1024,2,1,290.43,41.3693,4.744038,2.178081,0.9619,0.9966,0.1255,6.1988,38.2933,9.632699,3.103659,0.938,0.992,0.2541,0.2541,0.2541,6.4584,103.5226,75.7119,103.5226,75.7119,0.2131,38.2933,0.938,9.632699,3.103659,-3.076,-0.0046,-0.1286,-0.2597
/kaggle/input/datasets/duc24kdl/sub-x-ray/sub_X-Ray/sub_NIH/00000021_001.png,,sub_NIH,00000021_001.png,ok,512x512 -> 1024x1024,2,1,289.95,36.8577,13.406206,3.661449,0.9778,0.9977,0.0916,6.3985,34.8857,21.11093,4.594663,0.9643,0.9945,0.2061,0.2061,0.2061,5.8658,161.2515,59.7563,161.2515,59.7563,0.2921,34.8857,0.9643,21.11093,4.594663,-1.972,-0.0032,-0.1146,0.5327
/kaggle/input/datasets/duc24kdl/sub-x-ray/sub_X-Ray/sub_NIH/00000022_000.png,,sub_NIH,00000022_000.png,ok,512x512 -> 1024x1024,2,1,289.47,44.4525,2.332532,1.527263,0.9851,0.9983,0.0736,6.8739,41.5156,4.58694,2.141714,0.9767,0.9961,0.1884,0.1884,0.1884,6.4133,165.807,41.3965,165.807,41.3965,0.3667,41.5156,0.9767,4.58694,2.141714,-2.937,-0.0021,-0.1148,0.4606
/kaggle/input/datasets/duc24kdl/sub-x-ray/sub_X-Ray/sub_NIH/00000028_000.png,,sub_NIH,00000028_000.png,ok,512x512 -> 1024x1024,2,1,291.55,37.923,10.490079,3.238839,0.9834,0.9982,0.0639,6.7239,35.8662,16.844431,4.104197,0.9761,0.9958,0.1714,0.1714,0.1714,6.3192,166.346,53.0306,166.346,53.0306,0.1149,35.8662,0.9761,16.844431,4.104197,-2.0568,-0.0023,-0.1076,0.4047
/kaggle/input/datasets/duc24kdl/sub-x-ray/sub_X-Ray/sub_NIH/00000032_011.png,,sub_NIH,00000032_011.png,ok,512x512 -> 1024x1024,2,1,290.67,37.9312,10.470387,3.235798,0.976,0.9976,0.1122,7.3121,35.8077,17.07311,4.131962,0.9686,0.9955,0.2259,0.2259,0.2259,6.8643,157.5918,51.9024,157.5918,51.9024,0.144,35.8077,0.9686,17.07311,4.131962,-2.1235,-0.0021,-0.1137,0.4478
/kaggle/input/datasets/duc24kdl/sub-x-ray/sub_X-Ray/sub_NIH/00000032_015.png,,sub_NIH,00000032_015.png,ok,512x512 -> 1024x1024,2,1,290.19,38.2981,9.622059,3.101944,0.9853,0.9983,0.0609,7.2204,36.1951,15.616157,3.951728,0.9803,0.9969,0.1475,0.1475,0.1475,6.73,158.3828,56.3314,158.3828,56.3314,0.1933,36.1951,0.9803,15.616157,3.951728,-2.1031,-0.0014,-0.0866,0.4904
/kaggle/input/datasets/duc24kdl/sub-x-ray/sub_X-Ray/sub_NIH/00000032_019.png,,sub_NIH,00000032_019.png,ok,512x512 -> 1024x1024,2,1,289.25,38.5842,9.00858,3.00143,0.9881,0.9985,0.0506,8.2682,36.5572,14.366736,3.790348,0.9852,0.9976,0.1291,0.1291,0.1291,6.8229,154.14,59.5101,154.14,59.5101,0.1476,36.5572,0.9852,14.366736,3.790348,-2.027,-0.0009,-0.0785,1.4453
/kaggle/input/datasets/duc24kdl/sub-x-ray/sub_X-Ray/sub_NIH/00000032_023.png,,sub_NIH,00000032_023.png,ok,512x512 -> 1024x1024,2,1,290.96,38.4588,9.272629,3.045099,0.9867,0.9984,0.0566,7.6145,36.4777,14.632243,3.825211,0.9832,0.9973,0.1384,0.1384,0.1384,6.9789,151.9749,60.9678,151.9749,60.9678,0.1786,36.4777,0.9832,14.632243,3.825211,-1.9811,-0.0011,-0.0817,0.6356
/kaggle/input/datasets/duc24kdl/sub-x-ray/sub_X-Ray/sub_NIH/00000032_024.png,,sub_NIH,00000032_024.png,ok,512x512 -> 1024x1024,2,1,291.8,48.1301,1.000151,1.000075,0.9899,0.9986,0.0385,9.5266,43.6825,2.78505,1.668847,0.9867,0.9976,0.1123,0.1123,0.1123,7.5605,168.4311,49.9843,168.4311,49.9843,0.2006,43.6825,0.9867,2.78505,1.668847,-4.4477,-0.0009,-0.0738,1.9661
/kaggle/input/datasets/duc24kdl/sub-x-ray/sub_X-Ray/sub_NIH/00000032_031.png,,sub_NIH,00000032_031.png,ok,512x512 -> 1024x1024,2,1,291.5,39.0799,8.036907,2.834944,0.99,0.9986,0.0552,8.8137,37.1314,12.587447,3.547879,0.9879,0.998,0.14,0.14,0.14,8.4887,155.9562,44.858,155.9562,44.858,0.1194,37.1314,0.9879,12.587447,3.547879,-1.9485,-0.0006,-0.0849,0.325
/kaggle/input/datasets/duc24kdl/sub-x-ray/sub_X-Ray/sub_NIH/00000032_035.png,,sub_NIH,00000032_035.png,ok,512x512 -> 1024x1024,2,1,291.85,40.2591,6.125967,2.475069,0.9815,0.998,0.0982,7.8902,38.4768,9.234262,3.038793,0.9753,0.9963,0.2193,0.2193,0.2193,7.6851,116.6763,53.1856,116.6763,53.1856,0.147,38.4768,0.9753,9.234262,3.038793,-1.7823,-0.0017,-0.1211,0.205
/kaggle/input/datasets/duc24kdl/sub-x-ray/sub_X-Ray/sub_NIH/00000032_040.png,,sub_NIH,00000032_040.png,ok,512x512 -> 1024x1024,2,1,290.81,38.2832,9.655118,3.107269,0.9871,0.9984,0.0592,7.6153,36.1966,15.610721,3.951041,0.9829,0.9972,0.1468,0.1468,0.1468,7.1035,158.813,50.0819,158.813,50.0819,0.1516,36.1966,0.9829,15.610721,3.951041,-2.0867,-0.0012,-0.0876,0.5118
/kaggle/input/datasets/duc24kdl/sub-x-ray/sub_X-Ray/sub_NIH/00000032_047.png,,sub_NIH,00000032_047.png,ok,512x512 -> 1024x1024,2,1,291.37,39.1454,7.916674,2.813659,0.9851,0.9983,0.0792,7.6292,37.4386,11.727904,3.424603,0.9804,0.9969,0.1853,0.1853,0.1853,7.1147,116.1959,52.9388,116.1959,52.9388,0.1337,37.4386,0.9804,11.727904,3.424603,-1.7068,-0.0013,-0.1061,0.5145
/kaggle/input/datasets/duc24kdl/sub-x-ray/sub_X-Ray/sub_NIH/00000032_050.png,,sub_NIH,00000032_050.png,ok,512x512 -> 1024x1024,2,1,290.48,40.4266,5.894179,2.427793,0.9836,0.9981,0.0834,7.521,38.4262,9.342527,3.056555,0.977,0.9962,0.1916,0.1916,0.1916,7.2168,112.7722,59.4968,112.7722,59.4968,0.1723,38.4262,0.977,9.342527,3.056555,-2.0004,-0.0019,-0.1082,0.3042
/kaggle/input/datasets/duc24kdl/sub-x-ray/sub_X-Ray/sub_NIH/00000035_000.png,,sub_NIH,00000035_000.png,ok,512x512 -> 1024x1024,2,1,291.95,42.0611,4.04548,2.011338,0.9656,0.9969,0.123,6.2264,39.4675,7.350691,2.711216,0.9496,0.9931,0.2556,0.2556,0.2556,6.3285,109.9336,70.2718,109.9336,70.2718,0.214,39.4675,0.9496,7.350691,2.711216,-2.5936,-0.0038,-0.1326,-0.1021
/kaggle/input/datasets/duc24kdl/sub-x-ray/sub_X-Ray/sub_NIH/00000036_000.png,,sub_NIH,00000036_000.png,ok,512x512 -> 1024x1024,2,1,291.98,41.7067,4.389438,2.095099,0.9628,0.9967,0.1361,6.6928,39.2133,7.793842,2.791745,0.9439,0.9928,0.2774,0.2774,0.2774,6.5761,116.9861,70.4136,116.9861,70.4136,0.1732,39.2133,0.9439,7.793842,2.791745,-2.4934,-0.0039,-0.1413,0.1168
/kaggle/input/datasets/duc24kdl/sub-x-ray/sub_X-Ray/sub_NIH/00000040_003.png,,sub_NIH,00000040_003.png,ok,512x512 -> 1024x1024,2,1,293.08,36.1405,15.813739,3.976649,0.9825,0.9981,0.076,6.4847,33.7096,27.677118,5.260905,0.9745,0.9951,0.1908,0.1908,0.1908,6.0706,177.8338,47.9439,177.8338,47.9439,0.0883,33.7096,0.9745,27.677118,5.260905,-2.4309,-0.003,-0.1147,0.4142
/kaggle/input/datasets/duc24kdl/sub-x-ray/sub_X-Ray/sub_NIH/00000042_004.png,,sub_NIH,00000042_004.png,ok,512x512 -> 1024x1024,2,1,293.5,35.6802,17.58187,4.193074,0.9727,0.9972,0.1053,6.3836,32.5741,35.947509,5.995624,0.9496,0.9928,0.2298,0.2298,0.2298,5.9689,132.639,55.4032,132.639,55.4032,0.4174,32.5741,0.9496,35.947509,5.995624,-3.106,-0.0045,-0.1245,0.4146
/kaggle/input/datasets/duc24kdl/sub-x-ray/sub_X-Ray/sub_NIH/00000042_007.png,,sub_NIH,00000042_007.png,ok,512x512 -> 1024x1024,2,1,290.42,41.9902,4.112022,2.027812,0.9652,0.9968,0.1254,6.1961,39.3683,7.520646,2.74238,0.9491,0.993,0.2537,0.2537,0.2537,6.083,131.5084,67.5388,131.5084,67.5388,0.1841,39.3683,0.9491,7.520646,2.74238,-2.622,-0.0038,-0.1283,0.1131
/kaggle/input/datasets/duc24kdl/sub-x-ray/sub_X-Ray/sub_NIH/00000044_000.png,,sub_NIH,00000044_000.png,ok,512x512 -> 1024x1024,2,1,294.0,44.8444,2.131262,1.459884,0.978,0.9976,0.0807,6.5397,42.789,3.421204,1.84965,0.9674,0.9952,0.1953,0.1953,0.1953,6.4744,109.0771,35.0526,109.0771,35.0526,0.2349,42.789,0.9674,3.421204,1.84965,-2.0554,-0.0024,-0.1146,0.0653
/kaggle/input/datasets/duc24kdl/sub-x-ray/sub_X-Ray/sub_NIH/00000044_001.png,,sub_NIH,00000044_001.png,ok,512x512 -> 1024x1024,2,1,294.56,36.0613,16.104574,4.013051,0.9721,0.9972,0.1115,6.3848,33.3805,29.856081,5.464072,0.9557,0.9933,0.2474,0.2474,0.2474,6.0663,144.1303,50.7965,144.1303,50.7965,0.3522,33.3805,0.9557,29.856081,5.464072,-2.6808,-0.0038,-0.1358,0.3185
/kaggle/input/datasets/duc24kdl/sub-x-ray/sub_X-Ray/sub_NIH/00000047_000.png,,sub_NIH,00000047_000.png,ok,512x512 -> 1024x1024,2,1,292.76,36.8116,13.549411,3.680952,0.9859,0.9984,0.0491,6.2539,33.7375,27.500149,5.244058,0.9775,0.9949,0.1296,0.1296,0.1296,6.0403,190.0264,57.1989,190.0264,57.1989,0.2367,33.7375,0.9775,27.500149,5.244058,-3.0741,-0.0034,-0.0805,0.2136
/kaggle/input/datasets/duc24kdl/sub-x-ray/sub_X-Ray/sub_NIH/00000049_001.png,,sub_NIH,00000049_001.png,ok,512x512 -> 1024x1024,2,1,293.78,41.8362,4.260513,2.064101,0.9628,0.9966,0.1244,6.2037,39.3076,7.62633,2.761581,0.9449,0.9923,0.2545,0.2545,0.2545,6.516,98.2799,67.8104,98.2799,67.8104,0.1768,39.3076,0.9449,7.62633,2.761581,-2.5285,-0.0044,-0.1302,-0.3123
/kaggle/input/datasets/duc24kdl/sub-x-ray/sub_X-Ray/sub_NIH/00000051_000.png,,sub_NIH,00000051_000.png,ok,512x512 -> 1024x1024,2,1,293.6,35.3448,18.99326,4.358126,0.9777,0.9978,0.0817,6.3663,34.9437,20.830917,4.56409,0.9599,0.9947,0.1669,0.1669,0.1669,5.9917,128.5084,65.0144,128.5084,65.0144,0.5912,34.9437,0.9599,20.830917,4.56409,-0.4011,-0.0031,-0.0852,0.3746
/kaggle/input/datasets/duc24kdl/sub-x-ray/sub_X-Ray/sub_NIH/00000053_001.png,,sub_NIH,00000053_001.png,ok,512x512 -> 1024x1024,2,1,294.24,35.9957,16.349832,4.043493,0.9676,0.9968,0.1037,5.8309,32.1796,39.366177,6.274247,0.9413,0.9918,0.2248,0.2248,0.2248,5.9566,125.9828,68.7014,125.9828,68.7014,0.3837,32.1796,0.9413,39.366177,6.274247,-3.8161,-0.005,-0.1211,-0.1257
/kaggle/input/datasets/duc24kdl/sub-x-ray/sub_X-Ray/sub_NIH/00000054_007.png,,sub_NIH,00000054_007.png,ok,512x512 -> 1024x1024,2,1,292.77,40.8463,5.351174,2.313261,0.9617,0.9966,0.1428,6.2259,39.092,8.014509,2.830991,0.9418,0.9929,0.2764,0.2764,0.2764,6.6776,129.226,72.8089,129.226,72.8089,0.1862,39.092,0.9418,8.014509,2.830991,-1.7543,-0.0036,-0.1335,-0.4517
/kaggle/input/datasets/duc24kdl/sub-x-ray/sub_X-Ray/sub_NIH/00000057_000.png,,sub_NIH,00000057_000.png,ok,512x512 -> 1024x1024,2,1,293.91,40.0479,6.431186,2.535978,0.9806,0.9979,0.0757,6.4796,38.2334,9.766566,3.125151,0.9648,0.9949,0.1697,0.1697,0.1697,6.0805,140.7647,67.4475,140.7647,67.4475,0.4423,38.2334,0.9648,9.766566,3.125151,-1.8145,-0.003,-0.0939,0.3991
/kaggle/input/datasets/duc24kdl/sub-x-ray/sub_X-Ray/sub_NIH/00000057_002.png,,sub_NIH,00000057_002.png,ok,512x512 -> 1024x1024,2,1,295.6,41.0006,5.164455,2.272544,0.9566,0.9961,0.1558,6.5434,39.2807,7.673718,2.770148,0.9385,0.9922,0.3055,0.3055,0.3055,6.7664,130.9506,70.654,130.9506,70.654,0.1541,39.2807,0.9385,7.673718,2.770148,-1.7198,-0.0039,-0.1496,-0.223
/kaggle/input/datasets/duc24kdl/sub-x-ray/sub_X-Ray/sub_NIH/00000061_001.png,,sub_NIH,00000061_001.png,ok,512x512 -> 1024x1024,2,1,294.91,40.3323,6.023495,2.454281,0.9539,0.9958,0.1591,6.1818,37.9961,10.314971,3.211693,0.933,0.9909,0.3186,0.3186,0.3186,6.4038,128.4563,61.9313,128.4563,61.9313,0.1584,37.9961,0.933,10.314971,3.211693,-2.3362,-0.0049,-0.1594,-0.222
/kaggle/input/datasets/duc24kdl/sub-x-ray/sub_X-Ray/sub_NIH/00000061_005.png,,sub_NIH,00000061_005.png,ok,512x512 -> 1024x1024,2,1,295.19,39.181,7.852086,2.802157,0.9637,0.9964,0.1345,6.4301,35.8457,16.924465,4.113936,0.9442,0.9918,0.264,0.264,0.264,5.8019,131.8263,61.7289,131.8263,61.7289,0.2783,35.8457,0.9442,16.924465,4.113936,-3.3353,-0.0046,-0.1295,0.6281
/kaggle/input/datasets/duc24kdl/sub-x-ray/sub_X-Ray/sub_NIH/00000061_012.png,,sub_NIH,00000061_012.png,ok,512x512 -> 1024x1024,2,1,295.65,36.9837,13.023096,3.608753,0.9733,0.9973,0.0987,6.1207,33.7286,27.55613,5.249393,0.9575,0.9937,0.2185,0.2185,0.2185,6.1172,128.3598,61.5738,128.3598,61.5738,0.3296,33.7286,0.9575,27.55613,5.249393,-3.255,-0.0035,-0.1198,0.0035
/kaggle/input/datasets/duc24kdl/sub-x-ray/sub_X-Ray/sub_NIH/00000061_016.png,,sub_NIH,00000061_016.png,ok,512x512 -> 1024x1024,2,1,296.84,35.5805,17.989941,4.241455,0.9655,0.9966,0.1282,6.0298,32.2625,38.621707,6.214637,0.9473,0.992,0.2578,0.2578,0.2578,5.9437,135.108,57.9743,135.108,57.9743,0.4001,32.2625,0.9473,38.621707,6.214637,-3.318,-0.0046,-0.1296,0.0861
/kaggle/input/datasets/duc24kdl/sub-x-ray/sub_X-Ray/sub_NIH/00000062_000.png,,sub_NIH,00000062_000.png,ok,512x512 -> 1024x1024,2,1,295.21,40.6391,5.612625,2.369098,0.9642,0.9968,0.129,6.3653,38.9263,8.326286,2.88553,0.947,0.9929,0.2629,0.2629,0.2629,6.2973,123.0116,73.8664,123.0116,73.8664,0.1751,38.9263,0.947,8.326286,2.88553,-1.7129,-0.0039,-0.1339,0.068
/kaggle/input/datasets/duc24kdl/sub-x-ray/sub_X-Ray/sub_NIH/00000069_000.png,,sub_NIH,00000069_000.png,ok,512x512 -> 1024x1024,2,1,297.18,42.0728,4.034582,2.008627,0.9701,0.9971,0.1135,6.4103,38.7548,8.661555,2.943052,0.9576,0.9936,0.2313,0.2313,0.2313,6.3674,121.6119,67.5663,121.6119,67.5663,0.2095,38.7548,0.9576,8.661555,2.943052,-3.318,-0.0035,-0.1178,0.0429
/kaggle/input/datasets/duc24kdl/sub-x-ray/sub_X-Ray/sub_NIH/00000075_000.png,,sub_NIH,00000075_000.png,ok,512x512 -> 1024x1024,2,1,297.12,39.934,6.602027,2.569441,0.963,0.9966,0.105,5.9863,36.9193,13.21757,3.635598,0.9432,0.9915,0.2143,0.2143,0.2143,6.1073,94.1744,70.2462,94.1744,70.2462,0.2399,36.9193,0.9432,13.21757,3.635598,-3.0147,-0.0051,-0.1093,-0.121
/kaggle/input/datasets/duc24kdl/sub-x-ray/sub_X-Ray/sub_NIH/00000077_000.png,,sub_NIH,00000077_000.png,ok,512x512 -> 1024x1024,2,1,298.23,44.9782,2.066604,1.437569,0.9792,0.9978,0.0897,6.849,41.9464,4.153753,2.038076,0.9698,0.9953,0.2156,0.2156,0.2156,6.2892,162.648,47.3202,162.648,47.3202,0.2662,41.9464,0.9698,4.153753,2.038076,-3.0318,-0.0025,-0.1259,0.5598
/kaggle/input/datasets/duc24kdl/sub-x-ray/sub_X-Ray/sub_NIH/00000078_000.png,,sub_NIH,00000078_000.png,ok,512x512 -> 1024x1024,2,1,297.57,41.4848,4.619531,2.149309,0.9652,0.9969,0.121,6.2079,37.9242,10.487295,3.238409,0.9404,0.9928,0.2517,0.2517,0.2517,6.3051,101.2854,76.2281,101.2854,76.2281,0.1916,37.9242,0.9404,10.487295,3.238409,-3.5607,-0.0041,-0.1308,-0.0973
/kaggle/input/datasets/duc24kdl/sub-x-ray/sub_X-Ray/sub_NIH/00000079_000.png,,sub_NIH,00000079_000.png,ok,512x512 -> 1024x1024,2,1,297.6,45.511,1.82801,1.352039,0.9818,0.998,0.0673,6.8162,42.0152,4.08844,2.021989,0.972,0.9949,0.1787,0.1787,0.1787,6.4067,170.0571,49.535,170.0571,49.535,0.2425,42.0152,0.972,4.08844,2.021989,-3.4958,-0.003,-0.1114,0.4094
/kaggle/input/datasets/duc24kdl/sub-x-ray/sub_X-Ray/sub_NIH/00000080_003.png,,sub_NIH,00000080_003.png,ok,512x512 -> 1024x1024,2,1,297.82,35.9506,16.520433,4.064534,0.977,0.9976,0.081,5.6989,33.2668,30.647738,5.53604,0.9605,0.9938,0.1867,0.1867,0.1867,5.9933,112.456,58.6796,112.456,58.6796,0.3224,33.2668,0.9605,30.647738,5.53604,-2.6838,-0.0038,-0.1057,-0.2944
/kaggle/input/datasets/duc24kdl/sub-x-ray/sub_X-Ray/sub_NIH/00000080_005.png,,sub_NIH,00000080_005.png,ok,512x512 -> 1024x1024,2,1,296.46,45.5547,1.809708,1.345254,0.9779,0.9976,0.0854,7.356,43.6302,2.818783,1.678923,0.9713,0.9955,0.1987,0.1987,0.1987,6.4379,100.3907,40.868,100.3907,40.868,0.2143,43.6302,0.9713,2.818783,1.678923,-1.9245,-0.0021,-0.1133,0.9181
/kaggle/input/datasets/duc24kdl/sub-x-ray/sub_X-Ray/sub_NIH/00000082_000.png,,sub_NIH,00000082_000.png,ok,512x512 -> 1024x1024,2,1,296.84,41.495,4.608715,2.146792,0.9716,0.9974,0.1111,6.447,39.7001,6.967416,2.639586,0.962,0.9948,0.2362,0.2362,0.2362,6.8182,109.4227,61.5104,109.4227,61.5104,0.1341,39.7001,0.962,6.967416,2.639586,-1.7949,-0.0025,-0.1252,-0.3712
/kaggle/input/datasets/duc24kdl/sub-x-ray/sub_X-Ray/sub_NIH/00000087_000.png,,sub_NIH,00000087_000.png,ok,512x512 -> 1024x1024,2,1,297.85,36.3517,15.062913,3.881097,0.9665,0.9967,0.125,6.205,33.2898,30.486098,5.521422,0.9454,0.9921,0.2529,0.2529,0.2529,6.5236,120.1849,51.3282,120.1849,51.3282,0.292,33.2898,0.9454,30.486098,5.521422,-3.0619,-0.0046,-0.1279,-0.3186
/kaggle/input/datasets/duc24kdl/sub-x-ray/sub_X-Ray/sub_NIH/00000090_000.png,,sub_NIH,00000090_000.png,ok,512x512 -> 1024x1024,2,1,297.2,41.0432,5.113965,2.261408,0.9652,0.9968,0.1339,6.3554,38.3942,9.411489,3.067815,0.949,0.993,0.2696,0.2696,0.2696,6.4248,117.4162,66.6977,117.4162,66.6977,0.2535,38.3942,0.949,9.411489,3.067815,-2.649,-0.0037,-0.1357,-0.0695
/kaggle/input/datasets/duc24kdl/sub-x-ray/sub_X-Ray/sub_NIH/00000090_001.png,,sub_NIH,00000090_001.png,ok,512x512 -> 1024x1024,2,1,298.23,34.6338,22.371698,4.729873,0.986,0.9982,0.0601,6.5878,32.3177,38.134175,6.175287,0.9792,0.9952,0.1499,0.1499,0.1499,6.3885,147.2965,57.8772,147.2965,57.8772,0.3022,32.3177,0.9792,38.134175,6.175287,-2.3162,-0.003,-0.0898,0.1994
/kaggle/input/datasets/duc24kdl/sub-x-ray/sub_X-Ray/sub_NIH/00000090_005.png,,sub_NIH,00000090_005.png,ok,512x512 -> 1024x1024,2,1,298.6,37.4255,11.763362,3.429776,0.9801,0.9979,0.0787,6.7978,35.4061,18.727239,4.327498,0.9668,0.9955,0.1698,0.1698,0.1698,6.4737,111.5748,63.4692,111.5748,63.4692,0.3728,35.4061,0.9668,18.727239,4.327498,-2.0194,-0.0024,-0.091,0.3241
/kaggle/input/datasets/duc24kdl/sub-x-ray/sub_X-Ray/sub_NIH/00000090_006.png,,sub_NIH,00000090_006.png,ok,512x512 -> 1024x1024,2,1,299.2,41.669,4.427728,2.104217,0.9648,0.9968,0.1233,6.2099,39.5669,7.184471,2.680386,0.9419,0.9927,0.2494,0.2494,0.2494,6.5018,101.3467,80.1871,101.3467,80.1871,0.2642,39.5669,0.9419,7.184471,2.680386,-2.1021,-0.0041,-0.1262,-0.2918
/kaggle/input/datasets/duc24kdl/sub-x-ray/sub_X-Ray/sub_NIH/00000090_007.png,,sub_NIH,00000090_007.png,ok,512x512 -> 1024x1024,2,1,297.86,39.6706,7.014836,2.648554,0.9865,0.9984,0.0548,7.1657,37.5361,11.467514,3.386372,0.9819,0.9971,0.1409,0.1409,0.1409,6.574,141.3983,65.1956,141.3983,65.1956,0.1573,37.5361,0.9819,11.467514,3.386372,-2.1345,-0.0013,-0.0861,0.5917
/kaggle/input/datasets/duc24kdl/sub-x-ray/sub_X-Ray/sub_NIH/00000090_010.png,,sub_NIH,00000090_010.png,ok,512x512 -> 1024x1024,2,1,298.53,40.8907,5.296772,2.301472,0.9623,0.9966,0.1285,6.2422,38.007,10.289055,3.207656,0.9438,0.9923,0.2581,0.2581,0.2581,6.2434,110.0658,74.7643,110.0658,74.7643,0.2226,38.007,0.9438,10.289055,3.207656,-2.8836,-0.0043,-0.1296,-0.0012
/kaggle/input/datasets/duc24kdl/sub-x-ray/sub_X-Ray/sub_NIH/00000091_008.png,,sub_NIH,00000091_008.png,ok,512x512 -> 1024x1024,2,1,299.3,36.306,15.222436,3.901594,0.9842,0.9982,0.0686,6.5601,34.3809,23.713068,4.869607,0.9739,0.9962,0.1612,0.1612,0.1612,6.5599,114.2529,70.4484,114.2529,70.4484,0.3929,34.3809,0.9739,23.713068,4.869607,-1.925,-0.002,-0.0926,0.0003
/kaggle/input/datasets/duc24kdl/sub-x-ray/sub_X-Ray/sub_NIH/00000091_009.png,,sub_NIH,00000091_009.png,ok,512x512 -> 1024x1024,2,1,297.51,35.52,18.242388,4.271111,0.9846,0.9981,0.0707,6.999,33.3646,29.9652,5.474048,0.9762,0.9956,0.1642,0.1642,0.1642,6.7853,113.0404,60.0521,113.0404,60.0521,0.3179,33.3646,0.9762,29.9652,5.474048,-2.1554,-0.0026,-0.0935,0.2137
/kaggle/input/datasets/duc24kdl/sub-x-ray/sub_X-Ray/sub_NIH/00000093_001.png,,sub_NIH,00000093_001.png,ok,512x512 -> 1024x1024,2,1,298.23,37.1404,12.561362,3.544201,0.9832,0.9982,0.0642,6.0879,34.877,21.15346,4.599289,0.9744,0.9952,0.1649,0.1649,0.1649,6.1894,172.0191,55.6006,172.0191,55.6006,0.2337,34.877,0.9744,21.15346,4.599289,-2.2634,-0.003,-0.1006,-0.1015
/kaggle/input/datasets/duc24kdl/sub-x-ray/sub_X-Ray/sub_NIH/00000096_002.png,,sub_NIH,00000096_002.png,ok,512x512 -> 1024x1024,2,1,302.99,43.0439,3.226217,1.796167,0.9704,0.9972,0.1053,6.2664,40.5707,5.701798,2.387844,0.9556,0.9935,0.2111,0.2111,0.2111,6.7239,95.9599,76.4296,95.9599,76.4296,0.1789,40.5707,0.9556,5.701798,2.387844,-2.4732,-0.0038,-0.1058,-0.4575
/kaggle/input/datasets/duc24kdl/sub-x-ray/sub_X-Ray/sub_NIH/00000096_003.png,,sub_NIH,00000096_003.png,ok,512x512 -> 1024x1024,2,1,298.92,42.8564,3.368543,1.835359,0.9651,0.9967,0.1316,6.8183,40.7337,5.491759,2.34345,0.9515,0.9929,0.2612,0.2612,0.2612,6.848,120.4373,71.028,120.4373,71.028,0.186,40.7337,0.9515,5.491759,2.34345,-2.1227,-0.0038,-0.1296,-0.0297
/kaggle/input/datasets/duc24kdl/sub-x-ray/sub_X-Ray/sub_NIH/00000097_000.png,,sub_NIH,00000097_000.png,ok,512x512 -> 1024x1024,2,1,298.81,47.2255,1.231762,1.109848,0.9843,0.9981,0.0635,7.7698,45.5862,1.796631,1.340385,0.9801,0.9967,0.1575,0.1575,0.1575,6.9533,104.5075,36.8824,104.5075,36.8824,0.2348,45.5862,0.9801,1.796631,1.340385,-1.6393,-0.0014,-0.094,0.8165
/kaggle/input/datasets/duc24kdl/sub-x-ray/sub_X-Ray/sub_NIH/00000099_003.png,,sub_NIH,00000099_003.png,ok,512x512 -> 1024x1024,2,1,299.26,41.3285,4.788802,2.188333,0.9627,0.9967,0.1286,6.2817,38.4679,9.253181,3.041904,0.9429,0.9925,0.2555,0.2555,0.2555,6.3546,108.8538,74.7864,108.8538,74.7864,0.2489,38.4679,0.9429,9.253181,3.041904,-2.8606,-0.0042,-0.127,-0.0729
/kaggle/input/datasets/duc24kdl/sub-x-ray/sub_X-Ray/sub_NIH/00000099_013.png,,sub_NIH,00000099_013.png,ok,512x512 -> 1024x1024,2,1,299.56,39.7946,6.81748,2.611031,0.9525,0.9957,0.1541,6.3403,37.491,11.587254,3.404006,0.9305,0.9905,0.3071,0.3071,0.3071,6.2849,115.5519,73.1223,115.5519,73.1223,0.3044,37.491,0.9305,11.587254,3.404006,-2.3036,-0.0052,-0.153,0.0554
/kaggle/input/datasets/duc24kdl/sub-x-ray/sub_X-Ray/sub_NIH/00000100_000.png,,sub_NIH,00000100_000.png,ok,512x512 -> 1024x1024,2,1,300.59,43.2756,3.058604,1.748886,0.9829,0.9981,0.0661,6.1686,40.3286,6.028709,2.455343,0.9731,0.9954,0.1662,0.1662,0.1662,5.934,175.0544,50.5356,175.0544,50.5356,0.2735,40.3286,0.9731,6.028709,2.455343,-2.947,-0.0027,-0.1001,0.2346
/kaggle/input/datasets/duc24kdl/sub-x-ray/sub_X-Ray/sub_NIH/00000103_000.png,,sub_NIH,00000103_000.png,ok,512x512 -> 1024x1024,2,1,299.87,42.6549,3.528538,1.87844,0.9645,0.9968,0.1266,6.537,40.1532,6.277076,2.505409,0.95,0.9933,0.2565,0.2565,0.2565,6.4824,123.1631,69.4062,123.1631,69.4062,0.1621,40.1532,0.95,6.277076,2.505409,-2.5016,-0.0035,-0.1298,0.0546
/kaggle/input/datasets/duc24kdl/sub-x-ray/sub_X-Ray/sub_NIH/00000103_008.png,,sub_NIH,00000103_008.png,ok,512x512 -> 1024x1024,2,1,300.24,41.4401,4.667362,2.160408,0.9595,0.9963,0.1369,6.367,39.1114,7.978782,2.824674,0.9446,0.9924,0.2761,0.2761,0.2761,6.3519,129.9203,62.1158,129.9203,62.1158,0.1837,39.1114,0.9446,7.978782,2.824674,-2.3287,-0.0039,-0.1392,0.0151
/kaggle/input/datasets/duc24kdl/sub-x-ray/sub_X-Ray/sub_NIH/00000105_000.png,,sub_NIH,00000105_000.png,ok,512x512 -> 1024x1024,2,1,300.67,45.961,1.648078,1.283775,0.9778,0.9976,0.0874,7.579,44.3729,2.375669,1.541321,0.9713,0.9956,0.2102,0.2102,0.2102,6.9366,111.7619,27.8718,111.7619,27.8718,0.178,44.3729,0.9713,2.375669,1.541321,-1.5881,-0.002,-0.1229,0.6424
/kaggle/input/datasets/duc24kdl/sub-x-ray/sub_X-Ray/sub_NIH/00000105_002.png,,sub_NIH,00000105_002.png,ok,512x512 -> 1024x1024,2,1,302.19,38.3822,9.437554,3.07206,0.9828,0.9981,0.0835,7.1564,36.5985,14.230961,3.772395,0.9763,0.9964,0.2021,0.2021,0.2021,6.6448,145.1021,43.3078,145.1021,43.3078,0.2274,36.5985,0.9763,14.230961,3.772395,-1.7837,-0.0017,-0.1186,0.5116
/kaggle/input/datasets/duc24kdl/sub-x-ray/sub_X-Ray/sub_NIH/00000109_000.png,,sub_NIH,00000109_000.png,ok,512x512 -> 1024x1024,2,1,301.01,37.1693,12.478059,3.53243,0.9716,0.9971,0.1224,6.6015,33.9507,26.182722,5.116905,0.9594,0.9936,0.2491,0.2491,0.2491,6.4838,123.1844,47.4565,123.1844,47.4565,0.3256,33.9507,0.9594,26.182722,5.116905,-3.2187,-0.0035,-0.1267,0.1177
/kaggle/input/datasets/duc24kdl/sub-x-ray/sub_X-Ray/sub_NIH/00000109_003.png,,sub_NIH,00000109_003.png,ok,512x512 -> 1024x1024,2,1,301.11,41.5798,4.519643,2.125945,0.9651,0.9968,0.1343,7.1143,40.1248,6.318269,2.513617,0.9506,0.9938,0.2662,0.2662,0.2662,6.7989,120.0792,63.0886,120.0792,63.0886,0.1991,40.1248,0.9506,6.318269,2.513617,-1.4549,-0.0031,-0.132,0.3154
/kaggle/input/datasets/duc24kdl/sub-x-ray/sub_X-Ray/sub_NIH/00000112_001.png,,sub_NIH,00000112_001.png,ok,512x512 -> 1024x1024,2,1,301.87,38.9228,8.332966,2.886688,0.9828,0.9981,0.0872,8.4271,36.3457,15.083731,3.883778,0.977,0.9965,0.2089,0.2089,0.2089,7.0124,135.9726,43.7322,135.9726,43.7322,0.1487,36.3457,0.977,15.083731,3.883778,-2.5771,-0.0015,-0.1217,1.4147
/kaggle/input/datasets/duc24kdl/sub-x-ray/sub_X-Ray/sub_NIH/00000116_000.png,,sub_NIH,00000116_000.png,ok,512x512 -> 1024x1024,2,1,301.87,37.9854,10.34051,3.215666,0.9834,0.9981,0.0577,6.4385,35.8473,16.91818,4.113172,0.9734,0.9948,0.1611,0.1611,0.1611,6.2315,154.5121,67.271,154.5121,67.271,0.1742,35.8473,0.9734,16.91818,4.113172,-2.1381,-0.0033,-0.1033,0.207
/kaggle/input/datasets/duc24kdl/sub-x-ray/sub_X-Ray/sub_NIH/00000116_001.png,,sub_NIH,00000116_001.png,ok,512x512 -> 1024x1024,2,1,301.18,38.8286,8.515619,2.918153,0.9887,0.9985,0.0588,7.3833,36.8459,13.442848,3.666449,0.9854,0.9975,0.1376,0.1376,0.1376,6.8937,154.9231,50.091,154.9231,50.091,0.1333,36.8459,0.9854,13.442848,3.666449,-1.9828,-0.001,-0.0788,0.4895
/kaggle/input/datasets/duc24kdl/sub-x-ray/sub_X-Ray/sub_NIH/00000116_004.png,,sub_NIH,00000116_004.png,ok,512x512 -> 1024x1024,2,1,301.89,38.9211,8.336263,2.887259,0.9895,0.9986,0.0489,7.6856,36.912,13.239784,3.638651,0.9864,0.9976,0.1226,0.1226,0.1226,7.0362,158.9687,50.0198,158.9687,50.0198,0.1064,36.912,0.9864,13.239784,3.638651,-2.0091,-0.0009,-0.0737,0.6494
/kaggle/input/datasets/duc24kdl/sub-x-ray/sub_X-Ray/sub_NIH/00000116_006.png,,sub_NIH,00000116_006.png,ok,512x512 -> 1024x1024,2,1,301.85,37.9113,10.518516,3.243226,0.9887,0.9985,0.0552,7.9486,35.9574,16.494387,4.061328,0.9857,0.9976,0.1339,0.1339,0.1339,7.2784,163.2944,46.0625,163.2944,46.0625,0.1041,35.9574,0.9857,16.494387,4.061328,-1.9538,-0.0009,-0.0788,0.6702
/kaggle/input/datasets/duc24kdl/sub-x-ray/sub_X-Ray/sub_NIH/00000116_013.png,,sub_NIH,00000116_013.png,ok,512x512 -> 1024x1024,2,1,302.83,36.513,14.513706,3.809686,0.9831,0.9981,0.0683,6.921,34.49,23.124993,4.808845,0.9693,0.9958,0.1512,0.1512,0.1512,6.5071,148.9509,61.8667,148.9509,61.8667,0.3686,34.49,0.9693,23.124993,4.808845,-2.023,-0.0023,-0.0829,0.4139
/kaggle/input/datasets/duc24kdl/sub-x-ray/sub_X-Ray/sub_NIH/00000116_016.png,,sub_NIH,00000116_016.png,ok,512x512 -> 1024x1024,2,1,301.95,38.7377,8.695741,2.948854,0.987,0.9984,0.0613,7.0565,36.6081,14.199462,3.768217,0.9824,0.9971,0.1438,0.1438,0.1438,6.5963,151.6408,52.4385,151.6408,52.4385,0.156,36.6081,0.9824,14.199462,3.768217,-2.1297,-0.0013,-0.0825,0.4602
/kaggle/input/datasets/duc24kdl/sub-x-ray/sub_X-Ray/sub_NIH/00000116_023.png,,sub_NIH,00000116_023.png,ok,512x512 -> 1024x1024,2,1,301.3,38.8936,8.389229,2.896417,0.9875,0.9984,0.054,8.1865,36.6677,14.005744,3.742425,0.9842,0.9974,0.1373,0.1373,0.1373,7.4896,155.4565,59.2068,155.4565,59.2068,0.2067,36.6677,0.9842,14.005744,3.742425,-2.2258,-0.0011,-0.0833,0.6969
/kaggle/input/datasets/duc24kdl/sub-x-ray/sub_X-Ray/sub_NIH/00000116_033.png,,sub_NIH,00000116_033.png,ok,512x512 -> 1024x1024,2,1,303.2,37.6127,11.267097,3.35665,0.9881,0.9984,0.0601,7.1791,35.4355,18.600656,4.312848,0.9844,0.9972,0.1528,0.1528,0.1528,7.1958,153.8066,56.9537,153.8066,56.9537,0.0772,35.4355,0.9844,18.600656,4.312848,-2.1772,-0.0012,-0.0928,-0.0167
/kaggle/input/datasets/duc24kdl/sub-x-ray/sub_X-Ray/sub_NIH/00000116_037.png,,sub_NIH,00000116_037.png,ok,512x512 -> 1024x1024,2,1,301.53,37.7633,10.882919,3.298927,0.9872,0.9984,0.0547,7.1711,35.6516,17.697703,4.206864,0.9826,0.9971,0.1336,0.1336,0.1336,6.7116,157.4308,50.7343,157.4308,50.7343,0.1512,35.6516,0.9826,17.697703,4.206864,-2.1117,-0.0013,-0.0789,0.4595
/kaggle/input/datasets/duc24kdl/sub-x-ray/sub_X-Ray/sub_NIH/00000116_038.png,,sub_NIH,00000116_038.png,ok,512x512 -> 1024x1024,2,1,302.6,37.728,10.971743,3.312362,0.982,0.998,0.0758,7.12,35.6865,17.55635,4.19003,0.9687,0.9959,0.1607,0.1607,0.1607,6.8361,147.262,57.9493,147.262,57.9493,0.2922,35.6865,0.9687,17.55635,4.19003,-2.0416,-0.0021,-0.0849,0.2839
/kaggle/input/datasets/duc24kdl/sub-x-ray/sub_X-Ray/sub_NIH/00000117_000.png,,sub_NIH,00000117_000.png,ok,512x512 -> 1024x1024,2,1,303.34,45.0684,2.02416,1.42273,0.9822,0.9981,0.0645,6.5133,41.282,4.840435,2.200099,0.9727,0.9956,0.1659,0.1659,0.1659,6.1987,148.991,64.7006,148.991,64.7006,0.2324,41.282,0.9727,4.840435,2.200099,-3.7864,-0.0025,-0.1014,0.3146
/kaggle/input/datasets/duc24kdl/sub-x-ray/sub_X-Ray/sub_NIH/00000118_001.png,,sub_NIH,00000118_001.png,ok,512x512 -> 1024x1024,2,1,303.43,40.4154,5.909349,2.430915,0.9589,0.9964,0.1378,6.3469,37.9443,10.438813,3.230915,0.9401,0.9921,0.2861,0.2861,0.2861,6.6116,125.494,64.5752,125.494,64.5752,0.1415,37.9443,0.9401,10.438813,3.230915,-2.4711,-0.0042,-0.1482,-0.2646
/kaggle/input/datasets/duc24kdl/sub-x-ray/sub_X-Ray/sub_NIH/00000118_003.png,,sub_NIH,00000118_003.png,ok,512x512 -> 1024x1024,2,1,302.5,40.0975,6.358159,2.521539,0.9591,0.9964,0.1355,6.5762,38.101,10.068955,3.173162,0.9413,0.9923,0.2761,0.2761,0.2761,6.5667,122.0675,66.1005,122.0675,66.1005,0.1761,38.101,0.9413,10.068955,3.173162,-1.9965,-0.0041,-0.1405,0.0094
/kaggle/input/datasets/duc24kdl/sub-x-ray/sub_X-Ray/sub_NIH/00000118_014.png,,sub_NIH,00000118_014.png,ok,512x512 -> 1024x1024,2,1,302.82,40.4957,5.801149,2.408558,0.9548,0.996,0.1521,6.2375,38.3709,9.462133,3.076058,0.9348,0.9916,0.3034,0.3034,0.3034,6.6386,121.115,65.0861,121.115,65.0861,0.1426,38.3709,0.9348,9.462133,3.076058,-2.1247,-0.0044,-0.1513,-0.4012
/kaggle/input/datasets/duc24kdl/sub-x-ray/sub_X-Ray/sub_NIH/00000125_000.png,,sub_NIH,00000125_000.png,ok,512x512 -> 1024x1024,2,1,303.72,46.7147,1.385516,1.17708,0.9847,0.9982,0.0577,6.564,43.8801,2.661126,1.631296,0.9776,0.9963,0.1525,0.1525,0.1525,6.1813,156.6974,61.0563,156.6974,61.0563,0.2258,43.8801,0.9776,2.661126,1.631296,-2.8345,-0.002,-0.0948,0.3827
/kaggle/input/datasets/duc24kdl/sub-x-ray/sub_X-Ray/sub_NIH/00000127_005.png,,sub_NIH,00000127_005.png,ok,512x512 -> 1024x1024,2,1,302.3,37.9023,10.540254,3.246576,0.9853,0.9983,0.0686,7.9378,35.839,16.950583,4.117109,0.9814,0.9971,0.1674,0.1674,0.1674,7.5127,110.2933,61.9416,110.2933,61.9416,0.3597,35.839,0.9814,16.950583,4.117109,-2.0633,-0.0012,-0.0987,0.4251
/kaggle/input/datasets/duc24kdl/sub-x-ray/sub_X-Ray/sub_NIH/00000133_002.png,,sub_NIH,00000133_002.png,ok,512x512 -> 1024x1024,2,1,303.63,35.1495,19.867017,4.457243,0.9695,0.997,0.1018,6.1852,31.7215,43.745565,6.614043,0.951,0.9928,0.2251,0.2251,0.2251,6.0742,135.8607,59.2359,135.8607,59.2359,0.4263,31.7215,0.951,43.745565,6.614043,-3.428,-0.0042,-0.1232,0.111
/kaggle/input/datasets/duc24kdl/sub-x-ray/sub_X-Ray/sub_NIH/00000134_000.png,,sub_NIH,00000134_000.png,ok,512x512 -> 1024x1024,2,1,307.97,38.9018,8.373404,2.893683,0.9889,0.9986,0.0536,6.8492,36.9606,13.092302,3.618329,0.9852,0.9975,0.1354,0.1354,0.1354,6.3761,149.167,57.7415,149.167,57.7415,0.1178,36.9606,0.9852,13.092302,3.618329,-1.9411,-0.0011,-0.0818,0.4731
/kaggle/input/datasets/duc24kdl/sub-x-ray/sub_X-Ray/sub_NIH/00000135_000.png,,sub_NIH,00000135_000.png,ok,512x512 -> 1024x1024,2,1,304.27,37.1173,12.628517,3.553662,0.9833,0.9981,0.0692,6.612,34.9493,20.804311,4.561174,0.9762,0.9959,0.1717,0.1717,0.1717,6.2548,166.3117,56.4086,166.3117,56.4086,0.1221,34.9493,0.9762,20.804311,4.561174,-2.168,-0.0023,-0.1025,0.3572
/kaggle/input/datasets/duc24kdl/sub-x-ray/sub_X-Ray/sub_NIH/00000137_000.png,,sub_NIH,00000137_000.png,ok,512x512 -> 1024x1024,2,1,304.12,42.1967,3.921164,1.980193,0.9647,0.9968,0.131,6.3518,39.5899,7.146408,2.673277,0.9483,0.993,0.2732,0.2732,0.2732,6.6122,115.4843,67.7179,115.4843,67.7179,0.148,39.5899,0.9483,7.146408,2.673277,-2.6067,-0.0038,-0.1422,-0.2605
/kaggle/input/datasets/duc24kdl/sub-x-ray/sub_X-Ray/sub_NIH/00000139_001.png,,sub_NIH,00000139_001.png,ok,512x512 -> 1024x1024,2,1,304.96,44.6954,2.205681,1.485154,0.9861,0.9983,0.0539,6.4949,41.1943,4.939131,2.222415,0.9775,0.996,0.1482,0.1482,0.1482,6.1824,156.4661,59.1706,156.4661,59.1706,0.3456,41.1943,0.9775,4.939131,2.222415,-3.5011,-0.0023,-0.0943,0.3125
/kaggle/input/datasets/duc24kdl/sub-x-ray/sub_X-Ray/sub_NIH/00000141_000.png,,sub_NIH,00000141_000.png,ok,512x512 -> 1024x1024,2,1,304.61,42.1988,3.919211,1.9797,0.9774,0.9977,0.107,6.8979,40.0938,6.363516,2.522601,0.9677,0.9951,0.223,0.223,0.223,6.4835,162.9105,56.4187,162.9105,56.4187,0.1618,40.0938,0.9677,6.363516,2.522601,-2.105,-0.0026,-0.1159,0.4145
/kaggle/input/datasets/duc24kdl/sub-x-ray/sub_X-Ray/sub_NIH/00000142_000.png,,sub_NIH,00000142_000.png,ok,512x512 -> 1024x1024,2,1,305.06,47.1443,1.255023,1.120278,0.9896,0.9987,0.044,6.9951,40.8875,5.300718,2.302329,0.9841,0.9963,0.134,0.134,0.134,6.6582,167.082,65.0929,167.082,65.0929,0.315,40.8875,0.9841,5.300718,2.302329,-6.2568,-0.0023,-0.09,0.3369
/kaggle/input/datasets/duc24kdl/sub-x-ray/sub_X-Ray/sub_NIH/00000143_003.png,,sub_NIH,00000143_003.png,ok,512x512 -> 1024x1024,2,1,306.4,40.4567,5.853399,2.41938,0.9582,0.9962,0.1523,6.3515,38.1422,9.973801,3.158133,0.9397,0.992,0.3054,0.3054,0.3054,6.6624,118.4175,65.4307,118.4175,65.4307,0.2201,38.1422,0.9397,9.973801,3.158133,-2.3145,-0.0042,-0.1531,-0.3109
/kaggle/input/datasets/duc24kdl/sub-x-ray/sub_X-Ray/sub_NIH/00000143_006.png,,sub_NIH,00000143_006.png,ok,512x512 -> 1024x1024,2,1,291.0,41.5147,4.587817,2.141919,0.957,0.9961,0.1501,6.3773,39.4093,7.44996,2.729462,0.9371,0.9919,0.3008,0.3008,0.3008,6.6505,115.0677,69.1301,115.0677,69.1301,0.1579,39.4093,0.9371,7.44996,2.729462,-2.1055,-0.0042,-0.1507,-0.2733
/kaggle/input/datasets/duc24kdl/sub-x-ray/sub_X-Ray/sub_NIH/00000143_010.png,,sub_NIH,00000143_010.png,ok,512x512 -> 1024x1024,2,1,305.4,37.4276,11.757743,3.428957,0.9811,0.9981,0.0715,6.4061,35.5108,18.281218,4.275654,0.969,0.9952,0.171,0.171,0.171,6.0372,148.0009,66.6432,148.0009,66.6432,0.3773,35.5108,0.969,18.281218,4.275654,-1.9168,-0.0029,-0.0995,0.369
/kaggle/input/datasets/duc24kdl/sub-x-ray/sub_X-Ray/sub_NIH/00000143_011.png,,sub_NIH,00000143_011.png,ok,512x512 -> 1024x1024,2,1,305.17,41.8841,4.213761,2.052745,0.9667,0.997,0.125,6.1833,39.0326,8.124945,2.850429,0.9513,0.9934,0.2626,0.2626,0.2626,6.3827,109.1018,66.5701,109.1018,66.5701,0.1967,39.0326,0.9513,8.124945,2.850429,-2.8515,-0.0036,-0.1376,-0.1993
/kaggle/input/datasets/duc24kdl/sub-x-ray/sub_X-Ray/sub_NIH/00000144_001.png,,sub_NIH,00000144_001.png,ok,512x512 -> 1024x1024,2,1,307.36,37.0444,12.842172,3.583598,0.9848,0.9983,0.0686,7.7299,35.0529,20.313548,4.507055,0.9807,0.997,0.171,0.171,0.171,6.7608,163.8962,45.3803,163.8962,45.3803,0.0895,35.0529,0.9807,20.313548,4.507055,-1.9915,-0.0012,-0.1024,0.9691
/kaggle/input/datasets/duc24kdl/sub-x-ray/sub_X-Ray/sub_NIH/00000147_001.png,,sub_NIH,00000147_001.png,ok,512x512 -> 1024x1024,2,1,307.38,39.0347,8.120939,2.849726,0.9668,0.997,0.1317,6.6082,36.5415,14.418999,3.797236,0.9518,0.9937,0.2656,0.2656,0.2656,6.4924,122.7392,68.6749,122.7392,68.6749,0.3678,36.5415,0.9518,14.418999,3.797236,-2.4933,-0.0032,-0.134,0.1158
/kaggle/input/datasets/duc24kdl/sub-x-ray/sub_X-Ray/sub_NIH/00000148_003.png,,sub_NIH,00000148_003.png,ok,512x512 -> 1024x1024,2,1,308.12,41.8309,4.265678,2.065352,0.9529,0.9958,0.1593,6.3454,39.8535,6.725665,2.593389,0.9343,0.9911,0.3165,0.3165,0.3165,6.4104,130.0092,66.9346,130.0092,66.9346,0.184,39.8535,0.9343,6.725665,2.593389,-1.9775,-0.0046,-0.1572,-0.065
/kaggle/input/datasets/duc24kdl/sub-x-ray/sub_X-Ray/sub_NIH/00000149_004.png,,sub_NIH,00000149_004.png,ok,512x512 -> 1024x1024,2,1,306.09,41.9998,4.102955,2.025575,0.96,0.9965,0.1578,6.8717,40.3193,6.041566,2.45796,0.9445,0.9927,0.3168,0.3168,0.3168,6.7664,125.7095,69.6369,125.7095,69.6369,0.1353,40.3193,0.9445,6.041566,2.45796,-1.6805,-0.0038,-0.159,0.1053
/kaggle/input/datasets/duc24kdl/sub-x-ray/sub_X-Ray/sub_NIH/00000149_008.png,,sub_NIH,00000149_008.png,ok,512x512 -> 1024x1024,2,1,307.13,41.8723,4.22527,2.055546,0.9583,0.9963,0.1663,7.0087,39.2584,7.713303,2.777283,0.9428,0.9925,0.3384,0.3384,0.3384,6.9526,132.6855,64.0752,132.6855,64.0752,0.1341,39.2584,0.9428,7.713303,2.777283,-2.6139,-0.0038,-0.1722,0.0561
/kaggle/input/datasets/duc24kdl/sub-x-ray/sub_X-Ray/sub_NIH/00000150_005.png,,sub_NIH,00000150_005.png,ok,512x512 -> 1024x1024,2,1,306.76,36.571,14.321175,3.784333,0.9746,0.9975,0.0802,5.718,34.1543,24.983461,4.998346,0.9546,0.993,0.1858,0.1858,0.1858,5.8804,109.8647,60.3261,109.8647,60.3261,0.474,34.1543,0.9546,24.983461,4.998346,-2.4167,-0.0045,-0.1056,-0.1624
/kaggle/input/datasets/duc24kdl/sub-x-ray/sub_X-Ray/sub_NIH/00000151_002.png,,sub_NIH,00000151_002.png,ok,512x512 -> 1024x1024,2,1,308.22,41.5761,4.523487,2.126849,0.9584,0.9962,0.1453,6.4841,39.2401,7.745868,2.78314,0.9412,0.9925,0.2859,0.2859,0.2859,6.6783,118.8576,64.2751,118.8576,64.2751,0.1624,39.2401,0.9412,7.745868,2.78314,-2.336,-0.0037,-0.1406,-0.1942
/kaggle/input/datasets/duc24kdl/sub-x-ray/sub_X-Ray/sub_NIH/00000153_001.png,,sub_NIH,00000153_001.png,ok,512x512 -> 1024x1024,2,1,307.2,46.0011,1.632927,1.27786,0.9786,0.9977,0.0858,7.3799,43.7522,2.740724,1.655513,0.9687,0.9955,0.2104,0.2104,0.2104,6.9639,107.4456,37.2325,107.4456,37.2325,0.187,43.7522,0.9687,2.740724,1.655513,-2.249,-0.0022,-0.1246,0.416
/kaggle/input/datasets/duc24kdl/sub-x-ray/sub_X-Ray/sub_NIH/00000154_000.png,,sub_NIH,00000154_000.png,ok,512x512 -> 1024x1024,2,1,307.07,42.9467,3.299229,1.816378,0.9649,0.9969,0.1352,6.3699,40.9396,5.237417,2.28854,0.946,0.9938,0.2797,0.2797,0.2797,6.7361,109.916,69.5892,109.916,69.5892,0.1291,40.9396,0.946,5.237417,2.28854,-2.007,-0.0031,-0.1444,-0.3663
/kaggle/input/datasets/duc24kdl/sub-x-ray/sub_X-Ray/sub_NIH/00000157_000.png,,sub_NIH,00000157_000.png,ok,512x512 -> 1024x1024,2,1,309.19,40.0322,6.454486,2.540568,0.9788,0.9978,0.0765,6.5813,37.5761,11.362443,3.370822,0.9648,0.9944,0.1891,0.1891,0.1891,5.961,131.5502,70.7147,131.5502,70.7147,0.2734,37.5761,0.9648,11.362443,3.370822,-2.4561,-0.0034,-0.1126,0.6203
/kaggle/input/datasets/duc24kdl/sub-x-ray/sub_X-Ray/sub_NIH/00000165_003.png,,sub_NIH,00000165_003.png,ok,512x512 -> 1024x1024,2,1,309.01,41.2836,4.83863,2.199689,0.9571,0.9962,0.1559,6.6912,39.2198,7.782141,2.789649,0.9409,0.9922,0.3044,0.3044,0.3044,6.6366,145.3286,62.326,145.3286,62.326,0.1372,39.2198,0.9409,7.782141,2.789649,-2.0638,-0.004,-0.1485,0.0546
/kaggle/input/datasets/duc24kdl/sub-x-ray/sub_X-Ray/sub_NIH/00000165_004.png,,sub_NIH,00000165_004.png,ok,512x512 -> 1024x1024,2,1,307.7,40.8005,5.407956,2.325501,0.9582,0.9963,0.1492,6.6074,39.1472,7.913431,2.813082,0.9418,0.9924,0.2971,0.2971,0.2971,6.532,133.8967,65.578,133.8967,65.578,0.1513,39.1472,0.9418,7.913431,2.813082,-1.6533,-0.0039,-0.1479,0.0755
/kaggle/input/datasets/duc24kdl/sub-x-ray/sub_X-Ray/sub_NIH/00000165_007.png,,sub_NIH,00000165_007.png,ok,512x512 -> 1024x1024,2,1,309.31,40.6062,5.655308,2.378089,0.9582,0.9963,0.1436,6.4883,38.9615,8.258966,2.873842,0.9422,0.9923,0.2894,0.2894,0.2894,6.813,122.0101,66.8573,122.0101,66.8573,0.1642,38.9615,0.9422,8.258966,2.873842,-1.6447,-0.004,-0.1458,-0.3246
/kaggle/input/datasets/duc24kdl/sub-x-ray/sub_X-Ray/sub_NIH/00000170_000.png,,sub_NIH,00000170_000.png,ok,512x512 -> 1024x1024,2,1,309.16,41.3395,4.77677,2.185582,0.9668,0.9969,0.1284,5.9897,38.5534,9.072677,3.012088,0.9539,0.9935,0.2629,0.2629,0.2629,6.3837,127.6537,65.6764,127.6537,65.6764,0.2256,38.5534,0.9539,9.072677,3.012088,-2.786,-0.0035,-0.1345,-0.3939
/kaggle/input/datasets/duc24kdl/sub-x-ray/sub_X-Ray/sub_NIH/00000172_004.png,,sub_NIH,00000172_004.png,ok,512x512 -> 1024x1024,2,1,307.77,42.151,3.9626,1.990628,0.962,0.9966,0.1318,6.2472,39.4164,7.43769,2.727213,0.9401,0.9921,0.2682,0.2682,0.2682,6.6385,105.6876,74.2784,105.6876,74.2784,0.2288,39.4164,0.9401,7.43769,2.727213,-2.7346,-0.0045,-0.1364,-0.3912
/kaggle/input/datasets/duc24kdl/sub-x-ray/sub_X-Ray/sub_NIH/00000173_000.png,,sub_NIH,00000173_000.png,ok,512x512 -> 1024x1024,2,1,308.69,37.6784,11.098015,3.331368,0.9834,0.9981,0.0645,7.0253,35.6776,17.592029,4.194285,0.9774,0.9962,0.1618,0.1618,0.1618,6.333,162.4503,62.0483,162.4503,62.0483,0.1356,35.6776,0.9774,17.592029,4.194285,-2.0007,-0.0019,-0.0972,0.6923
/kaggle/input/datasets/duc24kdl/sub-x-ray/sub_X-Ray/sub_NIH/00000174_003.png,,sub_NIH,00000174_003.png,ok,512x512 -> 1024x1024,2,1,310.88,42.5407,3.622538,1.903297,0.9646,0.9968,0.1253,5.92,39.3574,7.539386,2.745794,0.9493,0.9931,0.2569,0.2569,0.2569,6.323,119.8865,69.5738,119.8865,69.5738,0.15,39.3574,0.9493,7.539386,2.745794,-3.1832,-0.0037,-0.1316,-0.403
/kaggle/input/datasets/duc24kdl/sub-x-ray/sub_X-Ray/sub_NIH/00000175_002.png,,sub_NIH,00000175_002.png,ok,512x512 -> 1024x1024,2,1,309.93,37.6735,11.110525,3.333245,0.9753,0.9974,0.1149,7.3104,34.4847,23.153323,4.81179,0.965,0.9945,0.2475,0.2475,0.2475,6.9022,123.6139,35.3058,123.6139,35.3058,0.3336,34.4847,0.965,23.153323,4.81179,-3.1888,-0.0028,-0.1327,0.4082
/kaggle/input/datasets/duc24kdl/sub-x-ray/sub_X-Ray/sub_NIH/00000177_002.png,,sub_NIH,00000177_002.png,ok,512x512 -> 1024x1024,2,1,310.89,46.487,1.460097,1.208345,0.9801,0.9978,0.0797,7.7234,44.6756,2.21574,1.488536,0.9737,0.9959,0.1986,0.1986,0.1986,6.621,109.0077,34.7685,109.0077,34.7685,0.1793,44.6756,0.9737,2.21574,1.488536,-1.8114,-0.0019,-0.119,1.1024
/kaggle/input/datasets/duc24kdl/sub-x-ray/sub_X-Ray/sub_NIH/00000177_003.png,,sub_NIH,00000177_003.png,ok,512x512 -> 1024x1024,2,1,310.27,46.5004,1.455582,1.206475,0.984,0.9982,0.0677,7.0811,43.6112,2.831118,1.682593,0.9774,0.9962,0.1706,0.1706,0.1706,6.5435,170.2864,40.3212,170.2864,40.3212,0.2103,43.6112,0.9774,2.831118,1.682593,-2.8892,-0.0019,-0.1029,0.5376
/kaggle/input/datasets/duc24kdl/sub-x-ray/sub_X-Ray/sub_NIH/00000177_004.png,,sub_NIH,00000177_004.png,ok,512x512 -> 1024x1024,2,1,311.04,36.1975,15.607235,3.950599,0.9833,0.9982,0.0658,6.2525,34.1613,24.942945,4.994291,0.975,0.9949,0.1646,0.1646,0.1646,6.1715,175.4721,56.6409,175.4721,56.6409,0.2675,34.1613,0.975,24.942945,4.994291,-2.0362,-0.0032,-0.0988,0.081
/kaggle/input/datasets/duc24kdl/sub-x-ray/sub_X-Ray/sub_NIH/00000179_003.png,,sub_NIH,00000179_003.png,ok,512x512 -> 1024x1024,2,1,312.54,39.7208,6.934272,2.633301,0.9868,0.9984,0.0649,7.4812,37.965,10.389067,3.223208,0.9821,0.9973,0.1637,0.1637,0.1637,7.2507,120.1998,52.7964,120.1998,52.7964,0.1079,37.965,0.9821,10.389067,3.223208,-1.7558,-0.0011,-0.0988,0.2305
/kaggle/input/datasets/duc24kdl/sub-x-ray/sub_X-Ray/sub_NIH/00000179_006.png,,sub_NIH,00000179_006.png,ok,512x512 -> 1024x1024,2,1,310.27,40.8944,5.292283,2.300496,0.986,0.9983,0.0653,7.2042,39.0114,8.16464,2.857383,0.9799,0.997,0.1668,0.1668,0.1668,7.1961,112.8459,56.0034,112.8459,56.0034,0.1741,39.0114,0.9799,8.16464,2.857383,-1.8829,-0.0013,-0.1015,0.0081
/kaggle/input/datasets/duc24kdl/sub-x-ray/sub_X-Ray/sub_NIH/00000180_002.png,,sub_NIH,00000180_002.png,ok,512x512 -> 1024x1024,2,1,310.72,45.2369,1.947115,1.395391,0.9771,0.9976,0.0892,7.4455,42.5137,3.645142,1.909226,0.9668,0.9954,0.2136,0.2136,0.2136,6.7321,108.4668,33.5173,108.4668,33.5173,0.1892,42.5137,0.9668,3.645142,1.909226,-2.7232,-0.0021,-0.1243,0.7134
/kaggle/input/datasets/duc24kdl/sub-x-ray/sub_X-Ray/sub_NIH/00000181_000.png,,sub_NIH,00000181_000.png,ok,512x512 -> 1024x1024,2,1,311.76,43.7339,2.752286,1.659002,0.9855,0.9983,0.0525,7.0473,40.7851,5.427138,2.329622,0.9793,0.9966,0.1529,0.1529,0.1529,6.356,159.5158,57.8979,159.5158,57.8979,0.2567,40.7851,0.9793,5.427138,2.329622,-2.9488,-0.0017,-0.1004,0.6912
/kaggle/input/datasets/duc24kdl/sub-x-ray/sub_X-Ray/sub_NIH/00000181_009.png,,sub_NIH,00000181_009.png,ok,512x512 -> 1024x1024,2,1,311.67,40.8209,5.382606,2.320044,0.9817,0.9979,0.0843,6.8884,38.8604,8.453635,2.907514,0.9736,0.9953,0.2059,0.2059,0.2059,7.1907,111.4085,46.4374,111.4085,46.4374,0.1937,38.8604,0.9736,8.453635,2.907514,-1.9605,-0.0026,-0.1216,-0.3023
/kaggle/input/datasets/duc24kdl/sub-x-ray/sub_X-Ray/sub_NIH/00000181_014.png,,sub_NIH,00000181_014.png,ok,512x512 -> 1024x1024,2,1,310.93,37.1896,12.419839,3.524179,0.9865,0.9984,0.0711,7.0925,35.1271,19.969521,4.468727,0.9696,0.9958,0.1783,0.1783,0.1783,7.1065,106.7301,61.7881,106.7301,61.7881,0.3324,35.1271,0.9696,19.969521,4.468727,-2.0625,-0.0026,-0.1071,-0.0139
/kaggle/input/datasets/duc24kdl/sub-x-ray/sub_X-Ray/sub_NIH/00000181_017.png,,sub_NIH,00000181_017.png,ok,512x512 -> 1024x1024,2,1,312.43,38.2245,9.786557,3.128347,0.9824,0.9979,0.0729,6.1671,36.0906,15.996344,3.999543,0.973,0.9951,0.183,0.183,0.183,6.4759,113.2602,50.7187,113.2602,50.7187,0.4151,36.0906,0.973,15.996344,3.999543,-2.1339,-0.0028,-0.1101,-0.3088
/kaggle/input/datasets/duc24kdl/sub-x-ray/sub_X-Ray/sub_NIH/00000181_020.png,,sub_NIH,00000181_020.png,ok,512x512 -> 1024x1024,2,1,312.63,38.8737,8.427674,2.903046,0.9843,0.9982,0.0847,7.9673,36.9752,13.048473,3.612267,0.9796,0.9969,0.1984,0.1984,0.1984,7.9405,123.4802,55.2266,123.4802,55.2266,0.106,36.9752,0.9796,13.048473,3.612267,-1.8985,-0.0013,-0.1137,0.0268
/kaggle/input/datasets/duc24kdl/sub-x-ray/sub_X-Ray/sub_NIH/00000181_022.png,,sub_NIH,00000181_022.png,ok,512x512 -> 1024x1024,2,1,312.15,36.8889,13.310514,3.648358,0.9841,0.9981,0.0748,6.8946,34.8745,21.165553,4.600604,0.9757,0.9954,0.1717,0.1717,0.1717,6.9907,117.2457,56.683,117.2457,56.683,0.32,34.8745,0.9757,21.165553,4.600604,-2.0143,-0.0026,-0.097,-0.0962
/kaggle/input/datasets/duc24kdl/sub-x-ray/sub_X-Ray/sub_NIH/00000181_037.png,,sub_NIH,00000181_037.png,ok,512x512 -> 1024x1024,2,1,314.26,40.5091,5.783192,2.404827,0.9853,0.9982,0.0677,7.1509,38.7456,8.679914,2.946169,0.9802,0.9969,0.1683,0.1683,0.1683,7.2949,119.5998,46.4605,119.5998,46.4605,0.1406,38.7456,0.9802,8.679914,2.946169,-1.7635,-0.0013,-0.1007,-0.144
/kaggle/input/datasets/duc24kdl/sub-x-ray/sub_X-Ray/sub_NIH/00000181_039.png,,sub_NIH,00000181_039.png,ok,512x512 -> 1024x1024,2,1,312.57,40.3621,5.982261,2.445866,0.9867,0.9983,0.066,7.276,38.4741,9.239875,3.039716,0.9754,0.9965,0.1635,0.1635,0.1635,7.5161,112.5302,54.3855,112.5302,54.3855,0.2334,38.4741,0.9754,9.239875,3.039716,-1.888,-0.0018,-0.0975,-0.24
/kaggle/input/datasets/duc24kdl/sub-x-ray/sub_X-Ray/sub_NIH/00000181_048.png,,sub_NIH,00000181_048.png,ok,512x512 -> 1024x1024,2,1,313.9,40.3991,5.931566,2.435481,0.985,0.9983,0.077,7.8649,38.4517,9.287844,3.047597,0.9723,0.9963,0.1855,0.1855,0.1855,7.3325,103.2916,58.7265,103.2916,58.7265,0.2023,38.4517,0.9723,9.287844,3.047597,-1.9475,-0.002,-0.1085,0.5324
/kaggle/input/datasets/duc24kdl/sub-x-ray/sub_X-Ray/sub_NIH/00000184_001.png,,sub_NIH,00000184_001.png,ok,512x512 -> 1024x1024,2,1,314.0,34.9237,20.927252,4.574631,0.9858,0.9984,0.0622,6.7545,32.0888,40.197921,6.340183,0.9797,0.9961,0.1599,0.1599,0.1599,6.5687,171.897,50.8133,171.897,50.8133,0.2051,32.0888,0.9797,40.197921,6.340183,-2.8349,-0.0022,-0.0977,0.1858
/kaggle/input/datasets/duc24kdl/sub-x-ray/sub_X-Ray/sub_NIH/00000185_000.png,,sub_NIH,00000185_000.png,ok,512x512 -> 1024x1024,2,1,315.06,35.6574,17.674418,4.204095,0.9803,0.9978,0.0837,6.3375,32.6568,35.269931,5.938849,0.9667,0.9949,0.1868,0.1868,0.1868,6.0035,135.1778,49.8751,135.1778,49.8751,0.4217,32.6568,0.9667,35.269931,5.938849,-3.0006,-0.0029,-0.1031,0.334
/kaggle/input/datasets/duc24kdl/sub-x-ray/sub_X-Ray/sub_NIH/00000187_002.png,,sub_NIH,00000187_002.png,ok,512x512 -> 1024x1024,2,1,318.1,36.5816,14.286319,3.779725,0.9809,0.998,0.0835,7.0075,34.4423,23.38042,4.83533,0.973,0.9955,0.2031,0.2031,0.2031,6.4196,164.8338,52.0699,164.8338,52.0699,0.105,34.4423,0.973,23.38042,4.83533,-2.1393,-0.0025,-0.1196,0.5879
/kaggle/input/datasets/duc24kdl/sub-x-ray/sub_X-Ray/sub_NIH/00000188_000.png,,sub_NIH,00000188_000.png,ok,512x512 -> 1024x1024,2,1,314.74,37.631,11.219612,3.349569,0.9783,0.9978,0.0804,6.6747,33.9526,26.170964,5.115756,0.9677,0.9949,0.2014,0.2014,0.2014,6.4995,150.6811,55.3202,150.6811,55.3202,0.246,33.9526,0.9677,26.170964,5.115756,-3.6784,-0.0028,-0.1211,0.1752
/kaggle/input/datasets/duc24kdl/sub-x-ray/sub_X-Ray/sub_NIH/00000193_019.png,,sub_NIH,00000193_019.png,ok,512x512 -> 1024x1024,2,1,314.17,38.2897,9.640694,3.104947,0.9894,0.9986,0.0538,7.4748,36.29,15.278626,3.908788,0.9867,0.9977,0.1417,0.1417,0.1417,7.3541,152.3988,56.8695,152.3988,56.8695,0.1496,36.29,0.9867,15.278626,3.908788,-1.9998,-0.0009,-0.088,0.1207
/kaggle/input/datasets/duc24kdl/sub-x-ray/sub_X-Ray/sub_NIH/00000196_000.png,,sub_NIH,00000196_000.png,ok,512x512 -> 1024x1024,2,1,315.45,42.6927,3.497962,1.870284,0.9659,0.9969,0.1274,6.6821,40.0545,6.42143,2.534054,0.951,0.9937,0.263,0.263,0.263,6.391,103.6504,69.643,103.6504,69.643,0.1728,40.0545,0.951,6.42143,2.534054,-2.6382,-0.0032,-0.1356,0.2911
/kaggle/input/datasets/duc24kdl/sub-x-ray/sub_X-Ray/sub_NIH/00000199_004.png,,sub_NIH,00000199_004.png,ok,512x512 -> 1024x1024,2,1,314.81,42.0891,4.019519,2.004874,0.9616,0.9966,0.1324,6.6307,39.6678,7.019401,2.649415,0.9376,0.9925,0.2686,0.2686,0.2686,6.7198,104.7045,69.0711,104.7045,69.0711,0.1788,39.6678,0.9376,7.019401,2.649415,-2.4213,-0.0041,-0.1362,-0.0891
/kaggle/input/datasets/duc24kdl/sub-x-ray/sub_X-Ray/sub_NIH/00000206_000.png,,sub_NIH,00000206_000.png,ok,512x512 -> 1024x1024,2,1,316.16,44.6516,2.228004,1.49265,0.9806,0.9979,0.0793,6.9091,41.3296,4.787678,2.188076,0.9715,0.9954,0.2047,0.2047,0.2047,6.3923,156.0556,53.1834,156.0556,53.1834,0.2494,41.3296,0.9715,4.787678,2.188076,-3.3221,-0.0025,-0.1254,0.5168
/kaggle/input/datasets/duc24kdl/sub-x-ray/sub_X-Ray/sub_NIH/00000210_000.png,,sub_NIH,00000210_000.png,ok,512x512 -> 1024x1024,2,1,317.89,44.646,2.230904,1.493621,0.9876,0.9984,0.0564,7.4497,42.4222,3.722718,1.929435,0.9828,0.9971,0.1454,0.1454,0.1454,6.8007,165.8444,39.6716,165.8444,39.6716,0.4496,42.4222,0.9828,3.722718,1.929435,-2.2238,-0.0013,-0.089,0.649
/kaggle/input/datasets/duc24kdl/sub-x-ray/sub_X-Ray/sub_NIH/00000211_001.png,,sub_NIH,00000211_001.png,ok,512x512 -> 1024x1024,2,1,315.98,39.0905,8.017253,2.831475,0.9868,0.9985,0.0541,6.4022,35.2605,19.365529,4.400628,0.9802,0.9965,0.1468,0.1468,0.1468,6.296,152.9246,69.5096,152.9246,69.5096,0.1717,35.2605,0.9802,19.365529,4.400628,-3.83,-0.002,-0.0927,0.1062
/kaggle/input/datasets/duc24kdl/sub-x-ray/sub_X-Ray/sub_NIH/00000211_005.png,,sub_NIH,00000211_005.png,ok,512x512 -> 1024x1024,2,1,317.11,40.9146,5.26765,2.295136,0.9543,0.9959,0.1473,6.4286,37.6124,11.267725,3.356743,0.9301,0.9907,0.2984,0.2984,0.2984,6.3653,111.4327,75.1702,111.4327,75.1702,0.2017,37.6124,0.9301,11.267725,3.356743,-3.3022,-0.0052,-0.151,0.0633
/kaggle/input/datasets/duc24kdl/sub-x-ray/sub_X-Ray/sub_NIH/00000211_010.png,,sub_NIH,00000211_010.png,ok,512x512 -> 1024x1024,2,1,313.66,42.0161,4.087621,2.021787,0.9648,0.9969,0.1128,5.8591,39.3911,7.481196,2.735178,0.9307,0.9923,0.2371,0.2371,0.2371,6.4706,90.4074,78.5963,90.4074,78.5963,0.2144,39.3911,0.9307,7.481196,2.735178,-2.625,-0.0046,-0.1243,-0.6115
/kaggle/input/datasets/duc24kdl/sub-x-ray/sub_X-Ray/sub_NIH/00000211_016.png,,sub_NIH,00000211_016.png,ok,512x512 -> 1024x1024,2,1,316.42,39.9326,6.604156,2.569855,0.9835,0.9982,0.0682,6.9063,37.5533,11.422086,3.379658,0.9729,0.9958,0.1605,0.1605,0.1605,6.6781,113.8231,65.6363,113.8231,65.6363,0.1689,37.5533,0.9729,11.422086,3.379658,-2.3793,-0.0024,-0.0923,0.2283
/kaggle/input/datasets/duc24kdl/sub-x-ray/sub_X-Ray/sub_NIH/00000211_018.png,,sub_NIH,00000211_018.png,ok,512x512 -> 1024x1024,2,1,315.4,38.9706,8.241819,2.870857,0.9857,0.9984,0.0649,6.6317,36.9363,13.165973,3.628495,0.9688,0.9959,0.1518,0.1518,0.1518,6.665,94.5031,61.7583,94.5031,61.7583,0.3205,36.9363,0.9688,13.165973,3.628495,-2.0343,-0.0024,-0.087,-0.0333
/kaggle/input/datasets/duc24kdl/sub-x-ray/sub_X-Ray/sub_NIH/00000211_021.png,,sub_NIH,00000211_021.png,ok,512x512 -> 1024x1024,2,1,316.95,42.0578,4.048525,2.012095,0.9624,0.9967,0.1245,6.3077,39.1238,7.956115,2.820659,0.9385,0.9923,0.2566,0.2566,0.2566,6.5178,100.754,72.8512,100.754,72.8512,0.2012,39.1238,0.9385,7.956115,2.820659,-2.934,-0.0043,-0.1321,-0.2102
/kaggle/input/datasets/duc24kdl/sub-x-ray/sub_X-Ray/sub_NIH/00000211_036.png,,sub_NIH,00000211_036.png,ok,512x512 -> 1024x1024,2,1,315.82,41.1685,4.968542,2.229023,0.9435,0.9949,0.1656,6.3931,39.431,7.412852,2.722655,0.9162,0.989,0.3305,0.3305,0.3305,6.5451,117.3436,73.8732,117.3436,73.8732,0.1622,39.431,0.9162,7.412852,2.722655,-1.7376,-0.0059,-0.1649,-0.152
/kaggle/input/datasets/duc24kdl/sub-x-ray/sub_X-Ray/sub_NIH/00000211_038.png,,sub_NIH,00000211_038.png,ok,512x512 -> 1024x1024,2,1,319.46,39.0174,8.15338,2.855412,0.9846,0.9982,0.0693,6.9654,36.6319,14.121834,3.757903,0.9747,0.996,0.1656,0.1656,0.1656,6.8028,108.1266,64.0585,108.1266,64.0585,0.3539,36.6319,0.9747,14.121834,3.757903,-2.3855,-0.0023,-0.0963,0.1625
/kaggle/input/datasets/duc24kdl/sub-x-ray/sub_X-Ray/sub_NIH/00000211_039.png,,sub_NIH,00000211_039.png,ok,512x512 -> 1024x1024,2,1,317.5,35.2684,19.330233,4.396616,0.9811,0.998,0.0907,7.1867,32.7596,34.444826,5.868971,0.9724,0.9955,0.2026,0.2026,0.2026,6.9632,111.637,60.725,111.637,60.725,0.3355,32.7596,0.9724,34.444826,5.868971,-2.5089,-0.0025,-0.1119,0.2234
/kaggle/input/datasets/duc24kdl/sub-x-ray/sub_X-Ray/sub_NIH/00000211_040.png,,sub_NIH,00000211_040.png,ok,512x512 -> 1024x1024,2,1,316.55,38.2461,9.737988,3.120575,0.984,0.9982,0.0761,7.1853,35.9076,16.684747,4.084697,0.9714,0.9958,0.1801,0.1801,0.1801,6.8087,102.4101,57.9627,102.4101,57.9627,0.2902,35.9076,0.9714,16.684747,4.084697,-2.3385,-0.0024,-0.104,0.3766
/kaggle/input/datasets/duc24kdl/sub-x-ray/sub_X-Ray/sub_NIH/00000213_003.png,,sub_NIH,00000213_003.png,ok,512x512 -> 1024x1024,2,1,319.58,36.0045,16.316486,4.039367,0.9835,0.998,0.0837,7.0501,33.9015,26.480499,5.145921,0.9781,0.9957,0.2018,0.2018,0.2018,7.053,126.1143,47.8432,126.1143,47.8432,0.2336,33.9015,0.9781,26.480499,5.145921,-2.103,-0.0023,-0.1181,-0.0028
/kaggle/input/datasets/duc24kdl/sub-x-ray/sub_X-Ray/sub_NIH/00000217_000.png,,sub_NIH,00000217_000.png,ok,512x512 -> 1024x1024,2,1,318.12,41.5259,4.576085,2.139179,0.96,0.9964,0.1425,6.6355,38.8331,8.506867,2.916653,0.9458,0.9926,0.2859,0.2859,0.2859,6.438,128.3622,64.6711,128.3622,64.6711,0.1508,38.8331,0.9458,8.506867,2.916653,-2.6928,-0.0038,-0.1434,0.1975
/kaggle/input/datasets/duc24kdl/sub-x-ray/sub_X-Ray/sub_NIH/00000218_000.png,,sub_NIH,00000218_000.png,ok,512x512 -> 1024x1024,2,1,320.44,46.177,1.568128,1.252249,0.9843,0.9983,0.0603,6.7171,42.4251,3.720251,1.928795,0.9751,0.9957,0.163,0.163,0.163,6.3135,160.7878,60.9378,160.7878,60.9378,0.2188,42.4251,0.9751,3.720251,1.928795,-3.7519,-0.0026,-0.1027,0.4036
/kaggle/input/datasets/duc24kdl/sub-x-ray/sub_X-Ray/sub_NIH/00000218_003.png,,sub_NIH,00000218_003.png,ok,512x512 -> 1024x1024,2,1,319.51,45.2609,1.936358,1.391531,0.9827,0.9981,0.0697,6.4095,41.9835,4.118427,2.029391,0.9732,0.9957,0.1833,0.1833,0.1833,6.0598,150.644,60.9111,150.644,60.9111,0.2648,41.9835,0.9732,4.118427,2.029391,-3.2775,-0.0025,-0.1137,0.3497
/kaggle/input/datasets/duc24kdl/sub-x-ray/sub_X-Ray/sub_NIH/00000218_006.png,,sub_NIH,00000218_006.png,ok,512x512 -> 1024x1024,2,1,319.47,45.7687,1.722698,1.312516,0.984,0.9982,0.0613,6.6885,42.4317,3.714582,1.927325,0.9751,0.9958,0.1598,0.1598,0.1598,6.4193,160.9538,60.3215,160.9538,60.3215,0.2122,42.4317,0.9751,3.714582,1.927325,-3.337,-0.0025,-0.0985,0.2693
/kaggle/input/datasets/duc24kdl/sub-x-ray/sub_X-Ray/sub_NIH/00000218_007.png,,sub_NIH,00000218_007.png,ok,512x512 -> 1024x1024,2,1,319.36,46.6389,1.409923,1.187402,0.9873,0.9984,0.0509,6.8648,43.5397,2.878142,1.696509,0.9812,0.9967,0.1402,0.1402,0.1402,6.5551,159.0903,59.9297,159.0903,59.9297,0.315,43.5397,0.9812,2.878142,1.696509,-3.0992,-0.0017,-0.0893,0.3098
/kaggle/input/datasets/duc24kdl/sub-x-ray/sub_X-Ray/sub_NIH/00000218_008.png,,sub_NIH,00000218_008.png,ok,512x512 -> 1024x1024,2,1,320.27,44.7166,2.194924,1.481527,0.986,0.9984,0.051,6.5306,40.6865,5.551799,2.356226,0.9775,0.996,0.1388,0.1388,0.1388,6.207,165.8864,62.2313,165.8864,62.2313,0.3018,40.6865,0.9775,5.551799,2.356226,-4.0301,-0.0024,-0.0878,0.3236
/kaggle/input/datasets/duc24kdl/sub-x-ray/sub_X-Ray/sub_NIH/00000222_000.png,,sub_NIH,00000222_000.png,ok,512x512 -> 1024x1024,2,1,320.79,38.4236,9.34809,3.057465,0.9842,0.9983,0.0604,6.6548,36.3246,15.157261,3.893233,0.9657,0.9949,0.1553,0.1553,0.1553,6.2742,150.9813,74.3525,150.9813,74.3525,0.3544,36.3246,0.9657,15.157261,3.893233,-2.099,-0.0034,-0.0949,0.3806
/kaggle/input/datasets/duc24kdl/sub-x-ray/sub_X-Ray/sub_NIH/00000230_006.png,,sub_NIH,00000230_006.png,ok,512x512 -> 1024x1024,2,1,320.28,36.1926,15.624842,3.952827,0.9781,0.9977,0.0996,6.7525,32.8221,33.952756,5.826899,0.968,0.995,0.2245,0.2245,0.2245,6.3487,134.6607,59.017,134.6607,59.017,0.3945,32.8221,0.968,33.952756,5.826899,-3.3706,-0.0027,-0.1248,0.4038
/kaggle/input/datasets/duc24kdl/sub-x-ray/sub_X-Ray/sub_NIH/00000231_000.png,,sub_NIH,00000231_000.png,ok,512x512 -> 1024x1024,2,1,319.92,36.2059,15.577215,3.946798,0.976,0.9976,0.0952,5.891,32.316,38.149175,6.176502,0.9487,0.9932,0.2063,0.2063,0.2063,6.1557,113.9382,63.7113,113.9382,63.7113,0.3106,32.316,0.9487,38.149175,6.176502,-3.89,-0.0044,-0.1111,-0.2646
/kaggle/input/datasets/duc24kdl/sub-x-ray/sub_X-Ray/sub_NIH/00000231_005.png,,sub_NIH,00000231_005.png,ok,512x512 -> 1024x1024,2,1,324.18,40.501,5.794055,2.407084,0.9478,0.9953,0.1682,6.5471,38.7699,8.631547,2.937949,0.9257,0.9894,0.3343,0.3343,0.3343,6.7794,121.1399,69.8601,121.1399,69.8601,0.2002,38.7699,0.9257,8.631547,2.937949,-1.7311,-0.0059,-0.1662,-0.2323
/kaggle/input/datasets/duc24kdl/sub-x-ray/sub_X-Ray/sub_NIH/00000237_000.png,,sub_NIH,00000237_000.png,ok,512x512 -> 1024x1024,2,1,322.36,39.1685,7.874623,2.806176,0.9865,0.9984,0.0581,7.0258,36.9338,13.173532,3.629536,0.9805,0.9965,0.1531,0.1531,0.1531,6.7074,170.5348,58.0563,170.5348,58.0563,0.389,36.9338,0.9805,13.173532,3.629536,-2.2347,-0.0019,-0.095,0.3184
/kaggle/input/datasets/duc24kdl/sub-x-ray/sub_X-Ray/sub_NIH/00000238_002.png,,sub_NIH,00000238_002.png,ok,512x512 -> 1024x1024,2,1,324.05,37.6657,11.130342,3.336217,0.9843,0.9982,0.0645,6.955,34.8704,21.185549,4.602776,0.9777,0.9963,0.1612,0.1612,0.1612,6.6115,166.2843,53.7268,166.2843,53.7268,0.317,34.8704,0.9777,21.185549,4.602776,-2.7953,-0.0019,-0.0967,0.3435
/kaggle/input/datasets/duc24kdl/sub-x-ray/sub_X-Ray/sub_NIH/00000239_001.png,,sub_NIH,00000239_001.png,ok,512x512 -> 1024x1024,2,1,322.64,41.8842,4.213634,2.052714,0.9603,0.9965,0.1372,6.589,38.765,8.641264,2.939603,0.941,0.9924,0.2828,0.2828,0.2828,6.6457,113.0339,70.9067,113.0339,70.9067,0.1909,38.765,0.941,8.641264,2.939603,-3.1192,-0.0041,-0.1456,-0.0567
/kaggle/input/datasets/duc24kdl/sub-x-ray/sub_X-Ray/sub_NIH/00000240_000.png,,sub_NIH,00000240_000.png,ok,512x512 -> 1024x1024,2,1,323.41,44.8823,2.112775,1.453539,0.9837,0.9981,0.0624,6.6881,42.143,3.969882,1.992456,0.9755,0.9957,0.1686,0.1686,0.1686,6.3432,160.0975,55.0409,160.0975,55.0409,0.3434,42.143,0.9755,3.969882,1.992456,-2.7392,-0.0024,-0.1062,0.3449
/kaggle/input/datasets/duc24kdl/sub-x-ray/sub_X-Ray/sub_NIH/00000242_003.png,,sub_NIH,00000242_003.png,ok,512x512 -> 1024x1024,2,1,322.47,37.2614,12.216188,3.495166,0.9847,0.9983,0.0678,6.563,35.1371,19.923764,4.463604,0.978,0.9963,0.1618,0.1618,0.1618,6.3167,168.454,56.013,168.454,56.013,0.1265,35.1371,0.978,19.923764,4.463604,-2.1244,-0.002,-0.094,0.2464
/kaggle/input/datasets/duc24kdl/sub-x-ray/sub_X-Ray/sub_NIH/00000243_001.png,,sub_NIH,00000243_001.png,ok,512x512 -> 1024x1024,2,1,324.99,36.831,13.489109,3.672752,0.9823,0.9981,0.0691,6.4994,35.1443,19.890671,4.459896,0.9742,0.9956,0.1694,0.1694,0.1694,6.3234,171.5614,54.1183,171.5614,54.1183,0.3117,35.1443,0.9742,19.890671,4.459896,-1.6867,-0.0025,-0.1003,0.176
/kaggle/input/datasets/duc24kdl/sub-x-ray/sub_X-Ray/sub_NIH/00000246_004.png,,sub_NIH,00000246_004.png,ok,512x512 -> 1024x1024,2,1,323.6,38.1779,9.892126,3.145175,0.97,0.997,0.1151,6.5835,34.6542,22.266902,4.718782,0.9538,0.9929,0.232,0.232,0.232,5.9624,137.9808,50.5418,137.9808,50.5418,0.2827,34.6542,0.9538,22.266902,4.718782,-3.5237,-0.0041,-0.1169,0.6211
/kaggle/input/datasets/duc24kdl/sub-x-ray/sub_X-Ray/sub_NIH/00000246_008.png,,sub_NIH,00000246_008.png,ok,512x512 -> 1024x1024,2,1,324.51,35.6135,17.853834,4.22538,0.9753,0.9974,0.1055,7.1334,32.6543,35.289715,5.940515,0.9632,0.9943,0.231,0.231,0.231,6.4902,143.4459,55.0746,143.4459,55.0746,0.287,32.6543,0.9632,35.289715,5.940515,-2.9592,-0.0031,-0.1255,0.6432
/kaggle/input/datasets/duc24kdl/sub-x-ray/sub_X-Ray/sub_NIH/00000246_014.png,,sub_NIH,00000246_014.png,ok,512x512 -> 1024x1024,2,1,324.9,40.2681,6.113268,2.472502,0.975,0.9973,0.1047,7.1805,36.5775,14.299806,3.781508,0.9622,0.9942,0.2266,0.2266,0.2266,6.1993,143.2333,52.6003,143.2333,52.6003,0.5255,36.5775,0.9622,14.299806,3.781508,-3.6906,-0.0032,-0.1219,0.9812
/kaggle/input/datasets/duc24kdl/sub-x-ray/sub_X-Ray/sub_NIH/00000246_015.png,,sub_NIH,00000246_015.png,ok,512x512 -> 1024x1024,2,1,325.6,39.268,7.696293,2.774219,0.9744,0.9973,0.11,7.4547,36.4826,14.615831,3.823066,0.9593,0.9942,0.2249,0.2249,0.2249,6.3647,139.5982,56.185,139.5982,56.185,0.4906,36.4826,0.9593,14.615831,3.823066,-2.7854,-0.0032,-0.1149,1.09
/kaggle/input/datasets/duc24kdl/sub-x-ray/sub_X-Ray/sub_NIH/00000247_000.png,,sub_NIH,00000247_000.png,ok,512x512 -> 1024x1024,2,1,325.34,46.5293,1.445946,1.202475,0.9849,0.9982,0.061,7.2632,43.4583,2.932576,1.712477,0.9782,0.9964,0.1588,0.1588,0.1588,6.3624,165.0504,44.2119,165.0504,44.2119,0.2302,43.4583,0.9782,2.932576,1.712477,-3.071,-0.0019,-0.0978,0.9008
/kaggle/input/datasets/duc24kdl/sub-x-ray/sub_X-Ray/sub_NIH/00000248_000.png,,sub_NIH,00000248_000.png,ok,512x512 -> 1024x1024,2,1,324.69,42.5038,3.653409,1.911389,0.967,0.997,0.1215,6.1986,39.7595,6.872728,2.621589,0.952,0.9935,0.2523,0.2523,0.2523,6.3426,111.888,69.445,111.888,69.445,0.1828,39.7595,0.952,6.872728,2.621589,-2.7443,-0.0035,-0.1308,-0.144
/kaggle/input/datasets/duc24kdl/sub-x-ray/sub_X-Ray/sub_NIH/00000248_001.png,,sub_NIH,00000248_001.png,ok,512x512 -> 1024x1024,2,1,324.07,36.1119,15.917891,3.989723,0.9827,0.998,0.0795,7.1433,34.1647,24.923792,4.992373,0.9682,0.9951,0.1871,0.1871,0.1871,6.9041,107.286,50.6123,107.286,50.6123,0.387,34.1647,0.9682,24.923792,4.992373,-1.9473,-0.0029,-0.1076,0.2393
/kaggle/input/datasets/duc24kdl/sub-x-ray/sub_X-Ray/sub_NIH/00000248_003.png,,sub_NIH,00000248_003.png,ok,512x512 -> 1024x1024,2,1,325.9,36.8007,13.583503,3.68558,0.9823,0.998,0.087,7.1439,34.9429,20.834689,4.564503,0.9743,0.9958,0.2028,0.2028,0.2028,7.0764,114.2958,46.533,114.2958,46.533,0.3802,34.9429,0.9743,20.834689,4.564503,-1.8578,-0.0022,-0.1158,0.0674
/kaggle/input/datasets/duc24kdl/sub-x-ray/sub_X-Ray/sub_NIH/00000248_009.png,,sub_NIH,00000248_009.png,ok,512x512 -> 1024x1024,2,1,326.52,37.3358,12.008907,3.465387,0.9833,0.9981,0.0743,6.789,35.2399,19.45764,4.411081,0.9759,0.9957,0.1801,0.1801,0.1801,6.7986,123.93,58.3755,123.93,58.3755,0.2991,35.2399,0.9759,19.45764,4.411081,-2.0959,-0.0024,-0.1058,-0.0096
/kaggle/input/datasets/duc24kdl/sub-x-ray/sub_X-Ray/sub_NIH/00000248_020.png,,sub_NIH,00000248_020.png,ok,512x512 -> 1024x1024,2,1,327.16,36.1228,15.878102,3.984734,0.9861,0.9983,0.0615,8.6724,34.5027,23.057446,4.801817,0.9777,0.9967,0.154,0.154,0.154,7.2305,152.4347,56.2923,152.4347,56.2923,0.4066,34.5027,0.9777,23.057446,4.801817,-1.6201,-0.0016,-0.0925,1.4419
/kaggle/input/datasets/duc24kdl/sub-x-ray/sub_X-Ray/sub_NIH/00000248_021.png,,sub_NIH,00000248_021.png,ok,512x512 -> 1024x1024,2,1,329.02,38.1936,9.856546,3.139514,0.9815,0.998,0.0847,7.1897,36.4598,14.692573,3.833089,0.9743,0.9959,0.196,0.196,0.196,7.0275,120.6749,51.1648,120.6749,51.1648,0.2986,36.4598,0.9743,14.692573,3.833089,-1.7337,-0.0021,-0.1113,0.1622
/kaggle/input/datasets/duc24kdl/sub-x-ray/sub_X-Ray/sub_NIH/00000248_023.png,,sub_NIH,00000248_023.png,ok,512x512 -> 1024x1024,2,1,327.94,35.196,19.655343,4.433435,0.9833,0.9982,0.0815,7.4109,33.0751,32.030809,5.659577,0.9761,0.9963,0.1857,0.1857,0.1857,7.0815,111.5165,57.551,111.5165,57.551,0.372,33.0751,0.9761,32.030809,5.659577,-2.1209,-0.0018,-0.1041,0.3295
/kaggle/input/datasets/duc24kdl/sub-x-ray/sub_X-Ray/sub_NIH/00000248_025.png,,sub_NIH,00000248_025.png,ok,512x512 -> 1024x1024,2,1,327.45,42.6965,3.494889,1.869462,0.9662,0.9969,0.1362,6.7639,40.1603,6.266834,2.503364,0.9543,0.9938,0.27,0.27,0.27,6.924,122.0256,68.8536,122.0256,68.8536,0.1734,40.1603,0.9543,6.266834,2.503364,-2.5361,-0.0032,-0.1338,-0.1601
/kaggle/input/datasets/duc24kdl/sub-x-ray/sub_X-Ray/sub_NIH/00000250_001.png,,sub_NIH,00000250_001.png,ok,512x512 -> 1024x1024,2,1,330.4,41.5473,4.553588,2.133914,0.9817,0.998,0.0942,7.3339,39.8314,6.759868,2.599975,0.9766,0.9965,0.2145,0.2145,0.2145,7.3642,108.4591,52.8124,108.4591,52.8124,0.1589,39.8314,0.9766,6.759868,2.599975,-1.7158,-0.0015,-0.1203,-0.0304
/kaggle/input/datasets/duc24kdl/sub-x-ray/sub_X-Ray/sub_NIH/00000250_002.png,,sub_NIH,00000250_002.png,ok,512x512 -> 1024x1024,2,1,327.96,41.8611,4.236101,2.058179,0.9602,0.9964,0.1426,6.828,39.0144,8.159064,2.856407,0.9412,0.9927,0.283,0.283,0.283,6.5796,118.5779,68.464,118.5779,68.464,0.2365,39.0144,0.9412,8.159064,2.856407,-2.8467,-0.0037,-0.1404,0.2484
/kaggle/input/datasets/duc24kdl/sub-x-ray/sub_X-Ray/sub_NIH/00000250_007.png,,sub_NIH,00000250_007.png,ok,512x512 -> 1024x1024,2,1,328.45,38.8171,8.538187,2.922018,0.9884,0.9985,0.0541,7.6777,36.8331,13.482382,3.671836,0.9858,0.9976,0.1365,0.1365,0.1365,7.1525,151.6767,55.0703,151.6767,55.0703,0.1764,36.8331,0.9858,13.482382,3.671836,-1.984,-0.0009,-0.0824,0.5252
/kaggle/input/datasets/duc24kdl/sub-x-ray/sub_X-Ray/sub_NIH/00000250_008.png,,sub_NIH,00000250_008.png,ok,512x512 -> 1024x1024,2,1,327.23,41.0673,5.08566,2.255141,0.9861,0.9984,0.0686,8.6345,39.196,7.824853,2.797294,0.9803,0.9973,0.1713,0.1713,0.1713,7.9561,104.9818,59.7082,104.9818,59.7082,0.1389,39.196,0.9803,7.824853,2.797294,-1.8713,-0.0011,-0.1026,0.6784
/kaggle/input/datasets/duc24kdl/sub-x-ray/sub_X-Ray/sub_NIH/00000250_011.png,,sub_NIH,00000250_011.png,ok,512x512 -> 1024x1024,2,1,328.52,42.2649,3.860064,1.964704,0.9623,0.9966,0.137,6.4871,39.0221,8.144621,2.853878,0.9433,0.9928,0.2688,0.2688,0.2688,6.364,121.3513,73.0102,121.3513,73.0102,0.1788,39.0221,0.9433,8.144621,2.853878,-3.2428,-0.0038,-0.1319,0.1231
/kaggle/input/datasets/duc24kdl/sub-x-ray/sub_X-Ray/sub_NIH/00000250_014.png,,sub_NIH,00000250_014.png,ok,512x512 -> 1024x1024,2,1,328.86,41.5365,4.564927,2.136569,0.9615,0.9965,0.1367,6.6108,39.2727,7.687929,2.772711,0.9441,0.9928,0.2751,0.2751,0.2751,6.6199,125.2309,66.2098,125.2309,66.2098,0.1906,39.2727,0.9441,7.687929,2.772711,-2.2638,-0.0037,-0.1383,-0.009
/kaggle/input/datasets/duc24kdl/sub-x-ray/sub_X-Ray/sub_NIH/00000250_016.png,,sub_NIH,00000250_016.png,ok,512x512 -> 1024x1024,2,1,329.26,37.5447,11.444755,3.38301,0.9845,0.9982,0.0666,6.9926,35.2353,19.478421,4.413436,0.9783,0.996,0.1779,0.1779,0.1779,6.5368,175.1042,48.1964,175.1042,48.1964,0.1215,35.2353,0.9783,19.478421,4.413436,-2.3095,-0.0022,-0.1113,0.4558
/kaggle/input/datasets/duc24kdl/sub-x-ray/sub_X-Ray/sub_NIH/00000255_000.png,,sub_NIH,00000255_000.png,ok,512x512 -> 1024x1024,2,1,329.52,38.9662,8.250073,2.872294,0.9865,0.9984,0.0531,6.4697,36.5849,14.275363,3.778275,0.9799,0.9963,0.1429,0.1429,0.1429,5.9208,154.0561,61.9069,154.0561,61.9069,0.0804,36.5849,0.9799,14.275363,3.778275,-2.3813,-0.0022,-0.0898,0.5489
/kaggle/input/datasets/duc24kdl/sub-x-ray/sub_X-Ray/sub_NIH/00000261_000.png,,sub_NIH,00000261_000.png,ok,512x512 -> 1024x1024,2,1,330.08,42.3075,3.822368,1.955088,0.9706,0.9973,0.1168,6.0681,38.7772,8.617121,2.935493,0.9556,0.9941,0.2463,0.2463,0.2463,6.1763,105.3411,67.7075,105.3411,67.7075,0.2529,38.7772,0.9556,8.617121,2.935493,-3.5303,-0.0032,-0.1295,-0.1082
/kaggle/input/datasets/duc24kdl/sub-x-ray/sub_X-Ray/sub_NIH/00000265_002.png,,sub_NIH,00000265_002.png,ok,512x512 -> 1024x1024,2,1,329.39,35.36,18.926991,4.350516,0.9832,0.9981,0.0681,6.7806,32.8203,33.966453,5.828075,0.9758,0.9955,0.1735,0.1735,0.1735,6.3538,156.9264,73.0806,156.9264,73.0806,0.131,32.8203,0.9758,33.966453,5.828075,-2.5397,-0.0026,-0.1054,0.4267
/kaggle/input/datasets/duc24kdl/sub-x-ray/sub_X-Ray/sub_NIH/00000268_002.png,,sub_NIH,00000268_002.png,ok,512x512 -> 1024x1024,2,1,330.55,35.6193,17.830085,4.222569,0.9891,0.9985,0.0523,7.3351,33.3806,29.855307,5.464001,0.9846,0.9967,0.1381,0.1381,0.1381,6.9563,155.8169,54.5056,155.8169,54.5056,0.2577,33.3806,0.9846,29.855307,5.464001,-2.2387,-0.0018,-0.0859,0.3789
/kaggle/input/datasets/duc24kdl/sub-x-ray/sub_X-Ray/sub_NIH/00000270_001.png,,sub_NIH,00000270_001.png,ok,512x512 -> 1024x1024,2,1,327.66,37.19,12.418728,3.524022,0.9836,0.9982,0.0579,6.1798,35.0421,20.364477,4.512702,0.9714,0.9954,0.1525,0.1525,0.1525,5.9853,163.3051,67.572,163.3051,67.572,0.1894,35.0421,0.9714,20.364477,4.512702,-2.148,-0.0028,-0.0945,0.1945
/kaggle/input/datasets/duc24kdl/sub-x-ray/sub_X-Ray/sub_NIH/00000271_004.png,,sub_NIH,00000271_004.png,ok,512x512 -> 1024x1024,2,1,329.02,41.9014,4.196978,2.048653,0.9621,0.9965,0.1176,5.9653,39.0363,8.118,2.84921,0.936,0.9914,0.2365,0.2365,0.2365,6.4782,87.3967,68.3444,87.3967,68.3444,0.2169,39.0363,0.936,8.118,2.84921,-2.8651,-0.005,-0.119,-0.5129
/kaggle/input/datasets/duc24kdl/sub-x-ray/sub_X-Ray/sub_NIH/00000272_000.png,,sub_NIH,00000272_000.png,ok,512x512 -> 1024x1024,2,1,329.14,44.5847,2.262598,1.504194,0.9853,0.9983,0.0559,7.0405,41.3401,4.776057,2.185419,0.9774,0.9961,0.1564,0.1564,0.1564,6.5095,148.4697,57.1983,148.4697,57.1983,0.2872,41.3401,0.9774,4.776057,2.185419,-3.2446,-0.0022,-0.1005,0.5311
/kaggle/input/datasets/duc24kdl/sub-x-ray/sub_X-Ray/sub_NIH/00000272_001.png,,sub_NIH,00000272_001.png,ok,512x512 -> 1024x1024,2,1,329.45,37.4479,11.702793,3.420935,0.9838,0.9982,0.0643,6.9501,35.2134,19.576934,4.424583,0.9712,0.9958,0.1679,0.1679,0.1679,6.1926,154.7702,67.5468,154.7702,67.5468,0.1302,35.2134,0.9712,19.576934,4.424583,-2.2346,-0.0025,-0.1036,0.7575
/kaggle/input/datasets/duc24kdl/sub-x-ray/sub_X-Ray/sub_NIH/00000272_002.png,,sub_NIH,00000272_002.png,ok,512x512 -> 1024x1024,2,1,326.63,36.8774,13.345676,3.653173,0.9828,0.9982,0.0668,6.9482,36.1582,15.749182,3.968524,0.9646,0.9957,0.1547,0.1547,0.1547,6.4062,133.5545,77.6315,133.5545,77.6315,0.4746,36.1582,0.9646,15.749182,3.968524,-0.7192,-0.0025,-0.0879,0.542
/kaggle/input/datasets/duc24kdl/sub-x-ray/sub_X-Ray/sub_NIH/00000272_006.png,,sub_NIH,00000272_006.png,ok,512x512 -> 1024x1024,2,1,330.15,36.4508,14.723076,3.837066,0.977,0.9977,0.0836,6.7108,34.8037,21.513276,4.638241,0.9581,0.9945,0.18,0.18,0.18,6.2782,127.489,70.5079,127.489,70.5079,0.5138,34.8037,0.9581,21.513276,4.638241,-1.6471,-0.0032,-0.0964,0.4326
/kaggle/input/datasets/duc24kdl/sub-x-ray/sub_X-Ray/sub_NIH/00000273_004.png,,sub_NIH,00000273_004.png,ok,512x512 -> 1024x1024,2,1,328.7,44.9491,2.080536,1.442406,0.9833,0.9981,0.0641,7.3989,42.1744,3.941268,1.985263,0.9763,0.9959,0.1742,0.1742,0.1742,6.435,167.3876,52.4645,167.3876,52.4645,0.1839,42.1744,0.9763,3.941268,1.985263,-2.7746,-0.0022,-0.1102,0.964
/kaggle/input/datasets/duc24kdl/sub-x-ray/sub_X-Ray/sub_NIH/00000274_000.png,,sub_NIH,00000274_000.png,ok,512x512 -> 1024x1024,2,1,329.09,37.0798,12.737989,3.569032,0.9846,0.9982,0.0605,6.6303,34.5679,22.71407,4.765928,0.9779,0.9958,0.1563,0.1563,0.1563,6.2925,154.1328,72.9007,154.1328,72.9007,0.1319,34.5679,0.9779,22.71407,4.765928,-2.5119,-0.0024,-0.0959,0.3378
/kaggle/input/datasets/duc24kdl/sub-x-ray/sub_X-Ray/sub_NIH/00000275_000.png,,sub_NIH,00000275_000.png,ok,512x512 -> 1024x1024,2,1,329.07,36.0137,16.28206,4.035104,0.9751,0.9975,0.0974,6.1621,32.59,35.816618,5.984699,0.9616,0.9937,0.2257,0.2257,0.2257,5.8992,149.2939,72.4351,149.2939,72.4351,0.2733,32.59,0.9616,35.816618,5.984699,-3.4238,-0.0038,-0.1283,0.2629
/kaggle/input/datasets/duc24kdl/sub-x-ray/sub_X-Ray/sub_NIH/00000275_001.png,,sub_NIH,00000275_001.png,ok,512x512 -> 1024x1024,2,1,330.46,35.544,18.141909,4.259332,0.9728,0.9971,0.1121,6.3103,32.689,35.009397,5.916874,0.9545,0.993,0.2324,0.2324,0.2324,6.1339,120.5832,50.3767,120.5832,50.3767,0.3682,32.689,0.9545,35.009397,5.916874,-2.855,-0.0042,-0.1203,0.1764
/kaggle/input/datasets/duc24kdl/sub-x-ray/sub_X-Ray/sub_NIH/00000275_004.png,,sub_NIH,00000275_004.png,ok,512x512 -> 1024x1024,2,1,328.21,41.5103,4.592529,2.143019,0.9608,0.9965,0.1436,6.5992,39.2988,7.641822,2.764385,0.9467,0.9929,0.2819,0.2819,0.2819,6.9064,138.867,68.3926,138.867,68.3926,0.2273,39.2988,0.9467,7.641822,2.764385,-2.2115,-0.0036,-0.1383,-0.3072
/kaggle/input/datasets/duc24kdl/sub-x-ray/sub_X-Ray/sub_NIH/00000278_001.png,,sub_NIH,00000278_001.png,ok,512x512 -> 1024x1024,2,1,328.03,46.5103,1.452294,1.205111,0.9834,0.9981,0.0755,7.1243,44.0892,2.536077,1.592507,0.9769,0.9962,0.1945,0.1945,0.1945,6.7134,161.0729,40.4511,161.0729,40.4511,0.2284,44.0892,0.9769,2.536077,1.592507,-2.4211,-0.0019,-0.1189,0.4109
/kaggle/input/datasets/duc24kdl/sub-x-ray/sub_X-Ray/sub_NIH/00000278_004.png,,sub_NIH,00000278_004.png,ok,512x512 -> 1024x1024,2,1,327.07,38.2191,9.79867,3.130283,0.9848,0.9983,0.0675,7.0018,36.0698,16.073273,4.009149,0.9789,0.9964,0.176,0.176,0.176,6.6403,173.2219,47.0437,173.2219,47.0437,0.1237,36.0698,0.9789,16.073273,4.009149,-2.1494,-0.0019,-0.1084,0.3616
/kaggle/input/datasets/duc24kdl/sub-x-ray/sub_X-Ray/sub_NIH/00000283_000.png,,sub_NIH,00000283_000.png,ok,512x512 -> 1024x1024,2,1,328.59,45.8124,1.705474,1.305938,0.977,0.9975,0.0883,7.1453,44.2837,2.425001,1.557241,0.9693,0.9954,0.2084,0.2084,0.2084,6.8333,112.6796,30.1463,112.6796,30.1463,0.1869,44.2837,0.9693,2.425001,1.557241,-1.5287,-0.0021,-0.12,0.312
/kaggle/input/datasets/duc24kdl/sub-x-ray/sub_X-Ray/sub_NIH/00000284_002.png,,sub_NIH,00000284_002.png,ok,512x512 -> 1024x1024,2,1,327.37,36.4401,14.759393,3.841795,0.9818,0.9981,0.069,6.3911,34.5333,22.895293,4.784903,0.9714,0.9956,0.1606,0.1606,0.1606,5.8399,152.7749,70.383,152.7749,70.383,0.2759,34.5333,0.9714,22.895293,4.784903,-1.9068,-0.0026,-0.0916,0.5512
/kaggle/input/datasets/duc24kdl/sub-x-ray/sub_X-Ray/sub_NIH/00000285_004.png,,sub_NIH,00000285_004.png,ok,512x512 -> 1024x1024,2,1,326.3,41.2066,4.925211,2.219282,0.9542,0.9959,0.1636,6.5808,39.6699,7.016077,2.648788,0.9379,0.992,0.319,0.319,0.319,6.7729,126.4686,63.9859,126.4686,63.9859,0.1491,39.6699,0.9379,7.016077,2.648788,-1.5367,-0.004,-0.1554,-0.1922
/kaggle/input/datasets/duc24kdl/sub-x-ray/sub_X-Ray/sub_NIH/00000288_001.png,,sub_NIH,00000288_001.png,ok,512x512 -> 1024x1024,2,1,325.54,37.9927,10.323006,3.212943,0.983,0.9981,0.0638,6.8195,35.8516,16.901398,4.111131,0.9739,0.9959,0.151,0.151,0.151,6.2246,153.6471,66.1001,153.6471,66.1001,0.4454,35.8516,0.9739,16.901398,4.111131,-2.1412,-0.0022,-0.0872,0.5949
/kaggle/input/datasets/duc24kdl/sub-x-ray/sub_X-Ray/sub_NIH/00000288_004.png,,sub_NIH,00000288_004.png,ok,512x512 -> 1024x1024,2,1,324.43,42.0825,4.025635,2.006398,0.9611,0.9965,0.1338,6.7444,40.0103,6.487099,2.546978,0.9419,0.9928,0.2666,0.2666,0.2666,7.0273,102.9601,63.9021,102.9601,63.9021,0.2133,40.0103,0.9419,6.487099,2.546978,-2.0722,-0.0037,-0.1328,-0.2829
/kaggle/input/datasets/duc24kdl/sub-x-ray/sub_X-Ray/sub_NIH/00000289_000.png,,sub_NIH,00000289_000.png,ok,512x512 -> 1024x1024,2,1,325.95,40.756,5.463628,2.337441,0.9622,0.9965,0.148,7.0153,39.2127,7.794879,2.791931,0.9495,0.993,0.2949,0.2949,0.2949,6.5667,131.7938,67.8734,131.7938,67.8734,0.1428,39.2127,0.9495,7.794879,2.791931,-1.5433,-0.0035,-0.1468,0.4486
/kaggle/input/datasets/duc24kdl/sub-x-ray/sub_X-Ray/sub_NIH/00000289_002.png,,sub_NIH,00000289_002.png,ok,512x512 -> 1024x1024,2,1,324.15,45.8886,1.675775,1.294517,0.9805,0.9978,0.075,7.2247,43.586,2.847587,1.687479,0.9732,0.9958,0.1852,0.1852,0.1852,6.5528,105.6729,38.7826,105.6729,38.7826,0.2165,43.586,0.9732,2.847587,1.687479,-2.3026,-0.002,-0.1102,0.6719
/kaggle/input/datasets/duc24kdl/sub-x-ray/sub_X-Ray/sub_NIH/00000296_002.png,,sub_NIH,00000296_002.png,ok,512x512 -> 1024x1024,2,1,324.2,45.1485,1.987137,1.409658,0.9765,0.9974,0.0841,6.8889,43.4093,2.965884,1.722174,0.9679,0.9948,0.1997,0.1997,0.1997,6.4433,104.6762,38.1082,104.6762,38.1082,0.2387,43.4093,0.9679,2.965884,1.722174,-1.7393,-0.0026,-0.1156,0.4456
/kaggle/input/datasets/duc24kdl/sub-x-ray/sub_X-Ray/sub_NIH/00000301_001.png,,sub_NIH,00000301_001.png,ok,512x512 -> 1024x1024,2,1,325.06,42.1672,3.947857,1.986922,0.9655,0.9968,0.1426,7.0278,39.2402,7.745774,2.783123,0.9526,0.9933,0.2974,0.2974,0.2974,6.7606,136.9589,52.6879,136.9589,52.6879,0.1814,39.2402,0.9526,7.745774,2.783123,-2.927,-0.0035,-0.1548,0.2671
/kaggle/input/datasets/duc24kdl/sub-x-ray/sub_X-Ray/sub_NIH/00000303_000.png,,sub_NIH,00000303_000.png,ok,512x512 -> 1024x1024,2,1,324.46,38.238,9.75609,3.123474,0.9827,0.9982,0.0691,6.3861,35.4321,18.615244,4.314539,0.972,0.9953,0.1718,0.1718,0.1718,6.2711,150.1906,68.8,150.1906,68.8,0.2161,35.4321,0.972,18.615244,4.314539,-2.8059,-0.0029,-0.1027,0.115
/kaggle/input/datasets/duc24kdl/sub-x-ray/sub_X-Ray/sub_NIH/00000304_000.png,,sub_NIH,00000304_000.png,ok,512x512 -> 1024x1024,2,1,323.97,44.5667,2.271987,1.507311,0.9832,0.9981,0.0634,6.7854,41.3016,4.818557,2.195121,0.9735,0.9953,0.1712,0.1712,0.1712,6.4431,159.9462,44.9474,159.9462,44.9474,0.3295,41.3016,0.9735,4.818557,2.195121,-3.2651,-0.0028,-0.1078,0.3423
/kaggle/input/datasets/duc24kdl/sub-x-ray/sub_X-Ray/sub_NIH/00000304_002.png,,sub_NIH,00000304_002.png,ok,512x512 -> 1024x1024,2,1,322.86,42.1912,3.926111,1.981442,0.9624,0.9966,0.1316,6.7438,40.1524,6.27825,2.505644,0.9407,0.9926,0.2555,0.2555,0.2555,6.8178,95.158,62.9111,95.158,62.9111,0.1662,40.1524,0.9407,6.27825,2.505644,-2.0388,-0.004,-0.1239,-0.074
/kaggle/input/datasets/duc24kdl/sub-x-ray/sub_X-Ray/sub_NIH/00000305_000.png,,sub_NIH,00000305_000.png,ok,512x512 -> 1024x1024,2,1,323.38,42.8264,3.391859,1.8417,0.9669,0.997,0.1264,6.1335,40.2079,6.198547,2.489688,0.9526,0.9937,0.2604,0.2604,0.2604,6.3492,121.5723,69.0903,121.5723,69.0903,0.195,40.2079,0.9526,6.198547,2.489688,-2.6185,-0.0032,-0.134,-0.2157
/kaggle/input/datasets/duc24kdl/sub-x-ray/sub_X-Ray/sub_NIH/00000305_002.png,,sub_NIH,00000305_002.png,ok,512x512 -> 1024x1024,2,1,321.93,37.0134,12.934187,3.596413,0.9846,0.9982,0.0768,7.1168,35.1878,19.692604,4.437635,0.9776,0.9964,0.1883,0.1883,0.1883,6.8538,121.726,48.507,121.726,48.507,0.3798,35.1878,0.9776,19.692604,4.437635,-1.8256,-0.0018,-0.1115,0.263
/kaggle/input/datasets/duc24kdl/sub-x-ray/sub_X-Ray/sub_NIH/00000307_000.png,,sub_NIH,00000307_000.png,ok,512x512 -> 1024x1024,2,1,323.64,41.6047,4.493766,2.11985,0.9543,0.9958,0.1585,6.8564,39.7194,6.936514,2.633726,0.9379,0.9916,0.3064,0.3064,0.3064,6.9534,120.5533,64.3057,120.5533,64.3057,0.2225,39.7194,0.9379,6.936514,2.633726,-1.8853,-0.0042,-0.1479,-0.0971
/kaggle/input/datasets/duc24kdl/sub-x-ray/sub_X-Ray/sub_NIH/00000310_005.png,,sub_NIH,00000310_005.png,ok,512x512 -> 1024x1024,2,1,324.25,37.7761,10.850959,3.294079,0.9883,0.9985,0.0643,7.709,35.9495,16.524562,4.065041,0.983,0.9972,0.1485,0.1485,0.1485,6.8702,151.9931,52.2289,151.9931,52.2289,0.2551,35.9495,0.983,16.524562,4.065041,-1.8266,-0.0013,-0.0843,0.8388
/kaggle/input/datasets/duc24kdl/sub-x-ray/sub_X-Ray/sub_NIH/00000310_006.png,,sub_NIH,00000310_006.png,ok,512x512 -> 1024x1024,2,1,322.35,48.6364,0.890094,0.943448,0.9879,0.9984,0.0567,7.9426,46.4962,1.456988,1.207057,0.9849,0.9975,0.148,0.148,0.148,7.0867,154.5831,40.6569,154.5831,40.6569,0.1623,46.4962,0.9849,1.456988,1.207057,-2.1402,-0.0009,-0.0913,0.8559
/kaggle/input/datasets/duc24kdl/sub-x-ray/sub_X-Ray/sub_NIH/00000311_001.png,,sub_NIH,00000311_001.png,ok,512x512 -> 1024x1024,2,1,322.31,36.0232,16.246497,4.030694,0.9811,0.998,0.0744,6.39,34.5931,22.582605,4.752116,0.9723,0.9952,0.1818,0.1818,0.1818,6.3805,172.0189,49.8585,172.0189,49.8585,0.2634,34.5931,0.9723,22.582605,4.752116,-1.4301,-0.0029,-0.1074,0.0095
/kaggle/input/datasets/duc24kdl/sub-x-ray/sub_X-Ray/sub_NIH/00000315_004.png,,sub_NIH,00000315_004.png,ok,512x512 -> 1024x1024,2,1,322.05,42.2588,3.865425,1.966068,0.9632,0.9967,0.1267,6.1649,40.1876,6.227631,2.495522,0.9433,0.9927,0.2568,0.2568,0.2568,6.3268,108.1554,73.8838,108.1554,73.8838,0.1801,40.1876,0.9433,6.227631,2.495522,-2.0713,-0.004,-0.13,-0.1619
/kaggle/input/datasets/duc24kdl/sub-x-ray/sub_X-Ray/sub_NIH/00000317_001.png,,sub_NIH,00000317_001.png,ok,512x512 -> 1024x1024,2,1,321.75,44.3087,2.41109,1.552768,0.9859,0.9984,0.0506,6.5882,40.086,6.375039,2.524884,0.9747,0.9954,0.1431,0.1431,0.1431,5.8672,159.4517,55.112,159.4517,55.112,0.3531,40.086,0.9747,6.375039,2.524884,-4.2227,-0.003,-0.0925,0.721
/kaggle/input/datasets/duc24kdl/sub-x-ray/sub_X-Ray/sub_NIH/00000317_002.png,,sub_NIH,00000317_002.png,ok,512x512 -> 1024x1024,2,1,321.76,36.395,14.913487,3.861798,0.9812,0.9981,0.068,6.2656,33.9452,26.215339,5.120092,0.9587,0.9921,0.1589,0.1589,0.1589,5.8872,141.2883,75.5961,141.2883,75.5961,0.4382,33.9452,0.9587,26.215339,5.120092,-2.4498,-0.006,-0.0908,0.3784
/kaggle/input/datasets/duc24kdl/sub-x-ray/sub_X-Ray/sub_NIH/00000318_001.png,,sub_NIH,00000318_001.png,ok,512x512 -> 1024x1024,2,1,321.87,41.6766,4.419951,2.102368,0.9596,0.9964,0.1375,6.4337,38.4313,9.331485,3.054748,0.9372,0.9918,0.2839,0.2839,0.2839,6.7214,104.9866,70.3329,104.9866,70.3329,0.1399,38.4313,0.9372,9.331485,3.054748,-3.2453,-0.0046,-0.1464,-0.2876
/kaggle/input/datasets/duc24kdl/sub-x-ray/sub_X-Ray/sub_NIH/00000318_008.png,,sub_NIH,00000318_008.png,ok,512x512 -> 1024x1024,2,1,321.85,40.9954,5.170545,2.273883,0.9652,0.9968,0.1403,6.517,38.1921,9.859892,3.140046,0.9507,0.9933,0.2888,0.2888,0.2888,6.9617,116.1391,58.2882,116.1391,58.2882,0.163,38.1921,0.9507,9.859892,3.140046,-2.8034,-0.0035,-0.1486,-0.4447
/kaggle/input/datasets/duc24kdl/sub-x-ray/sub_X-Ray/sub_NIH/00000324_002.png,,sub_NIH,00000324_002.png,ok,512x512 -> 1024x1024,2,1,321.35,42.6742,3.512822,1.874252,0.9609,0.9965,0.1486,6.6474,40.8438,5.354236,2.313922,0.9465,0.9931,0.2933,0.2933,0.2933,6.7479,134.4092,69.1828,134.4092,69.1828,0.1269,40.8438,0.9465,5.354236,2.313922,-1.8304,-0.0034,-0.1447,-0.1005
/kaggle/input/datasets/duc24kdl/sub-x-ray/sub_X-Ray/sub_NIH/00000324_003.png,,sub_NIH,00000324_003.png,ok,512x512 -> 1024x1024,2,1,320.35,43.0364,3.231773,1.797713,0.9626,0.9966,0.1387,6.4786,41.1698,4.96704,2.228686,0.9492,0.9933,0.2783,0.2783,0.2783,6.7925,123.854,72.1275,123.854,72.1275,0.1161,41.1698,0.9492,4.96704,2.228686,-1.8666,-0.0033,-0.1395,-0.3139
/kaggle/input/datasets/duc24kdl/sub-x-ray/sub_X-Ray/sub_NIH/00000324_004.png,,sub_NIH,00000324_004.png,ok,512x512 -> 1024x1024,2,1,321.15,42.6549,3.528484,1.878426,0.9616,0.9966,0.1467,6.6611,40.8783,5.311908,2.304758,0.9477,0.9933,0.2979,0.2979,0.2979,6.869,131.1844,65.1408,131.1844,65.1408,0.1566,40.8783,0.9477,5.311908,2.304758,-1.7766,-0.0033,-0.1512,-0.2079
/kaggle/input/datasets/duc24kdl/sub-x-ray/sub_X-Ray/sub_NIH/00000324_005.png,,sub_NIH,00000324_005.png,ok,512x512 -> 1024x1024,2,1,320.75,39.0414,8.108552,2.847552,0.9869,0.9984,0.0697,8.5558,37.1788,12.450923,3.528587,0.9837,0.9975,0.1758,0.1758,0.1758,7.6962,118.948,57.1796,118.948,57.1796,0.1503,37.1788,0.9837,12.450923,3.528587,-1.8626,-0.0009,-0.1061,0.8597
/kaggle/input/datasets/duc24kdl/sub-x-ray/sub_X-Ray/sub_NIH/00000324_008.png,,sub_NIH,00000324_008.png,ok,512x512 -> 1024x1024,2,1,320.66,37.2997,12.10904,3.479805,0.9836,0.9981,0.0809,7.2921,34.7183,21.940756,4.684096,0.9778,0.9964,0.2034,0.2034,0.2034,7.4851,119.607,46.3341,119.607,46.3341,0.269,34.7183,0.9778,21.940756,4.684096,-2.5814,-0.0017,-0.1225,-0.193
/kaggle/input/datasets/duc24kdl/sub-x-ray/sub_X-Ray/sub_NIH/00000324_012.png,,sub_NIH,00000324_012.png,ok,512x512 -> 1024x1024,2,1,321.59,41.8371,4.25958,2.063875,0.9586,0.9963,0.1537,6.7113,39.9073,6.642853,2.577373,0.9412,0.9929,0.3018,0.3018,0.3018,6.8863,132.9842,67.9589,132.9842,67.9589,0.1102,39.9073,0.9412,6.642853,2.577373,-1.9299,-0.0034,-0.1481,-0.175
/kaggle/input/datasets/duc24kdl/sub-x-ray/sub_X-Ray/sub_NIH/00000327_001.png,,sub_NIH,00000327_001.png,ok,512x512 -> 1024x1024,2,1,320.82,42.2258,3.894931,1.973558,0.9637,0.9967,0.1284,6.6528,38.9796,8.22474,2.867881,0.9462,0.9929,0.2588,0.2588,0.2588,6.472,104.3323,67.6783,104.3323,67.6783,0.1293,38.9796,0.9462,8.22474,2.867881,-3.2462,-0.0038,-0.1303,0.1808
/kaggle/input/datasets/duc24kdl/sub-x-ray/sub_X-Ray/sub_NIH/00000331_002.png,,sub_NIH,00000331_002.png,ok,512x512 -> 1024x1024,2,1,319.93,42.1369,3.975503,1.993866,0.9622,0.9966,0.1387,6.7198,39.3453,7.560417,2.749621,0.9423,0.993,0.2824,0.2824,0.2824,6.6771,114.9997,69.8544,114.9997,69.8544,0.1736,39.3453,0.9423,7.560417,2.749621,-2.7915,-0.0036,-0.1437,0.0428
/kaggle/input/datasets/duc24kdl/sub-x-ray/sub_X-Ray/sub_NIH/00000334_001.png,,sub_NIH,00000334_001.png,ok,512x512 -> 1024x1024,2,1,318.97,44.3486,2.389025,1.545647,0.9829,0.9981,0.0669,6.734,41.0991,5.048579,2.246904,0.9734,0.9954,0.1791,0.1791,0.1791,6.4321,159.7678,50.6806,159.7678,50.6806,0.3591,41.0991,0.9734,5.048579,2.246904,-3.2495,-0.0026,-0.1122,0.3019
/kaggle/input/datasets/duc24kdl/sub-x-ray/sub_X-Ray/sub_NIH/00000339_000.png,,sub_NIH,00000339_000.png,ok,512x512 -> 1024x1024,2,1,319.28,42.3463,3.78836,1.946371,0.9681,0.9971,0.1132,5.9486,39.8426,6.742534,2.596639,0.9532,0.9937,0.2367,0.2367,0.2367,6.011,108.6578,69.7364,108.6578,69.7364,0.2203,39.8426,0.9532,6.742534,2.596639,-2.5037,-0.0035,-0.1235,-0.0624
/kaggle/input/datasets/duc24kdl/sub-x-ray/sub_X-Ray/sub_NIH/00000340_000.png,,sub_NIH,00000340_000.png,ok,512x512 -> 1024x1024,2,1,318.37,45.3383,1.902169,1.379192,0.982,0.998,0.064,6.7396,42.336,3.797315,1.94867,0.9734,0.9956,0.1643,0.1643,0.1643,6.1466,159.6128,62.9185,159.6128,62.9185,0.2667,42.336,0.9734,3.797315,1.94867,-3.0023,-0.0025,-0.1003,0.593
/kaggle/input/datasets/duc24kdl/sub-x-ray/sub_X-Ray/sub_NIH/00000340_002.png,,sub_NIH,00000340_002.png,ok,512x512 -> 1024x1024,2,1,318.89,36.2785,15.319051,3.913956,0.983,0.9982,0.0601,6.456,34.5088,23.025032,4.798441,0.9745,0.9957,0.1475,0.1475,0.1475,6.1732,149.4313,72.1928,149.4313,72.1928,0.1815,34.5088,0.9745,23.025032,4.798441,-1.7697,-0.0025,-0.0875,0.2828
/kaggle/input/datasets/duc24kdl/sub-x-ray/sub_X-Ray/sub_NIH/00000341_000.png,,sub_NIH,00000341_000.png,ok,512x512 -> 1024x1024,2,1,321.23,46.1479,1.578677,1.256454,0.9839,0.9981,0.0712,6.9713,43.025,3.240299,1.800083,0.9761,0.996,0.183,0.183,0.183,6.5497,162.9909,40.9177,162.9909,40.9177,0.2332,43.025,0.9761,3.240299,1.800083,-3.1229,-0.0021,-0.1118,0.4216
/kaggle/input/datasets/duc24kdl/sub-x-ray/sub_X-Ray/sub_NIH/00000348_002.png,,sub_NIH,00000348_002.png,ok,512x512 -> 1024x1024,2,1,318.07,44.2075,2.467912,1.570959,0.9876,0.9983,0.0497,8.1286,40.296,6.074066,2.464562,0.9843,0.9973,0.1391,0.1391,0.1391,7.1719,165.9235,32.7979,165.9235,32.7979,0.1947,40.296,0.9843,6.074066,2.464562,-3.9115,-0.001,-0.0895,0.9566
/kaggle/input/datasets/duc24kdl/sub-x-ray/sub_X-Ray/sub_NIH/00000348_008.png,,sub_NIH,00000348_008.png,ok,512x512 -> 1024x1024,2,1,317.42,40.5199,5.768912,2.401856,0.9543,0.9958,0.165,6.8009,38.8388,8.495816,2.914758,0.9373,0.9918,0.3148,0.3148,0.3148,6.7342,127.6104,67.6167,127.6104,67.6167,0.1037,38.8388,0.9373,8.495816,2.914758,-1.6811,-0.004,-0.1498,0.0667
/kaggle/input/datasets/duc24kdl/sub-x-ray/sub_X-Ray/sub_NIH/00000351_000.png,,sub_NIH,00000351_000.png,ok,512x512 -> 1024x1024,2,1,318.0,38.7487,8.673844,2.945139,0.9849,0.9983,0.0566,7.3867,36.7955,13.599647,3.68777,0.9775,0.9963,0.1556,0.1556,0.1556,6.3738,154.3638,54.538,154.3638,54.538,0.1585,36.7955,0.9775,13.599647,3.68777,-1.9532,-0.002,-0.0991,1.0129
/kaggle/input/datasets/duc24kdl/sub-x-ray/sub_X-Ray/sub_NIH/00000354_000.png,,sub_NIH,00000354_000.png,ok,512x512 -> 1024x1024,2,1,318.29,39.2235,7.775622,2.78848,0.9902,0.9987,0.0495,7.9504,37.2865,12.145847,3.485089,0.9874,0.9978,0.1294,0.1294,0.1294,7.4111,140.0593,57.7585,140.0593,57.7585,0.1608,37.2865,0.9874,12.145847,3.485089,-1.9369,-0.0009,-0.0799,0.5393
/kaggle/input/datasets/duc24kdl/sub-x-ray/sub_X-Ray/sub_NIH/00000358_000.png,,sub_NIH,00000358_000.png,ok,512x512 -> 1024x1024,2,1,318.78,45.529,1.820466,1.349247,0.9885,0.9985,0.0471,6.9091,41.8261,4.270418,2.066499,0.9826,0.997,0.1333,0.1333,0.1333,6.4397,160.7554,58.5765,160.7554,58.5765,0.3112,41.8261,0.9826,4.270418,2.066499,-3.7029,-0.0016,-0.0862,0.4693
/kaggle/input/datasets/duc24kdl/sub-x-ray/sub_X-Ray/sub_NIH/00000358_001.png,,sub_NIH,00000358_001.png,ok,512x512 -> 1024x1024,2,1,317.56,41.7348,4.361128,2.088331,0.9605,0.9965,0.1391,6.1539,39.9822,6.529276,2.555245,0.943,0.9925,0.2758,0.2758,0.2758,6.5335,121.3085,69.0466,121.3085,69.0466,0.2412,39.9822,0.943,6.529276,2.555245,-1.7527,-0.0039,-0.1367,-0.3796
/kaggle/input/datasets/duc24kdl/sub-x-ray/sub_X-Ray/sub_NIH/00000360_001.png,,sub_NIH,00000360_001.png,ok,512x512 -> 1024x1024,2,1,317.94,44.8764,2.115627,1.45452,0.9812,0.9979,0.0793,6.7065,41.6292,4.468492,2.113881,0.9715,0.995,0.2021,0.2021,0.2021,6.4828,157.6452,64.9912,157.6452,64.9912,0.2729,41.6292,0.9715,4.468492,2.113881,-3.2472,-0.0029,-0.1228,0.2238
/kaggle/input/datasets/duc24kdl/sub-x-ray/sub_X-Ray/sub_NIH/00000360_002.png,,sub_NIH,00000360_002.png,ok,512x512 -> 1024x1024,2,1,317.44,37.7211,10.989198,3.314996,0.9797,0.9979,0.0808,6.9503,36.0953,15.979088,3.997385,0.969,0.995,0.1926,0.1926,0.1926,6.4191,165.5961,60.3632,165.5961,60.3632,0.3179,36.0953,0.969,15.979088,3.997385,-1.6259,-0.0028,-0.1118,0.5312
/kaggle/input/datasets/duc24kdl/sub-x-ray/sub_X-Ray/sub_NIH/00000360_003.png,,sub_NIH,00000360_003.png,ok,512x512 -> 1024x1024,2,1,317.99,38.6895,8.792953,2.965291,0.9885,0.9985,0.0514,7.836,36.642,14.088879,3.753516,0.9853,0.9976,0.1315,0.1315,0.1315,7.2123,157.227,52.1866,157.227,52.1866,0.1629,36.642,0.9853,14.088879,3.753516,-2.0474,-0.0009,-0.0801,0.6237
/kaggle/input/datasets/duc24kdl/sub-x-ray/sub_X-Ray/sub_NIH/00000360_007.png,,sub_NIH,00000360_007.png,ok,512x512 -> 1024x1024,2,1,316.9,38.26,9.706976,3.115602,0.9837,0.9982,0.0643,6.5581,34.7536,21.763123,4.665096,0.9758,0.996,0.1677,0.1677,0.1677,6.4981,154.6819,64.6025,154.6819,64.6025,0.2279,34.7536,0.9758,21.763123,4.665096,-3.5064,-0.0022,-0.1034,0.06
/kaggle/input/datasets/duc24kdl/sub-x-ray/sub_X-Ray/sub_NIH/00000362_001.png,,sub_NIH,00000362_001.png,ok,512x512 -> 1024x1024,2,1,317.13,40.7791,5.434578,2.331218,0.959,0.9964,0.1486,6.766,38.8297,8.513558,2.9178,0.941,0.9926,0.3014,0.3014,0.3014,6.6897,124.3543,63.7771,124.3543,63.7771,0.1303,38.8297,0.941,8.513558,2.9178,-1.9495,-0.0039,-0.1528,0.0764
/kaggle/input/datasets/duc24kdl/sub-x-ray/sub_X-Ray/sub_NIH/00000362_002.png,,sub_NIH,00000362_002.png,ok,512x512 -> 1024x1024,2,1,317.15,41.76,4.335956,2.082296,0.9646,0.9969,0.1358,6.7326,39.3414,7.567205,2.750855,0.9498,0.9936,0.2789,0.2789,0.2789,6.7829,122.8897,62.5603,122.8897,62.5603,0.2118,39.3414,0.9498,7.567205,2.750855,-2.4185,-0.0033,-0.1431,-0.0503
/kaggle/input/datasets/duc24kdl/sub-x-ray/sub_X-Ray/sub_NIH/00000368_003.png,,sub_NIH,00000368_003.png,ok,512x512 -> 1024x1024,2,1,319.83,37.6252,11.234614,3.351808,0.9735,0.9973,0.1045,6.1721,34.678,22.145447,4.705895,0.9608,0.9938,0.2262,0.2262,0.2262,6.0219,115.6484,50.6322,115.6484,50.6322,0.3182,34.678,0.9608,22.145447,4.705895,-2.9473,-0.0035,-0.1217,0.1502
/kaggle/input/datasets/duc24kdl/sub-x-ray/sub_X-Ray/sub_NIH/00000369_000.png,,sub_NIH,00000369_000.png,ok,512x512 -> 1024x1024,2,1,318.15,41.5656,4.534411,2.129416,0.9652,0.9968,0.1332,6.1494,39.2962,7.646414,2.765215,0.9489,0.9935,0.2696,0.2696,0.2696,6.3014,123.8285,67.6119,123.8285,67.6119,0.1312,39.2962,0.9489,7.646414,2.765215,-2.2694,-0.0034,-0.1365,-0.152
/kaggle/input/datasets/duc24kdl/sub-x-ray/sub_X-Ray/sub_NIH/00000370_001.png,,sub_NIH,00000370_001.png,ok,512x512 -> 1024x1024,2,1,317.7,37.5946,11.314147,3.363651,0.9747,0.9975,0.1022,6.5213,36.3467,15.080336,3.883341,0.9578,0.9943,0.2175,0.2175,0.2175,6.2597,128.244,65.6319,128.244,65.6319,0.3365,36.3467,0.9578,15.080336,3.883341,-1.2479,-0.0032,-0.1153,0.2616
/kaggle/input/datasets/duc24kdl/sub-x-ray/sub_X-Ray/sub_NIH/00000370_007.png,,sub_NIH,00000370_007.png,ok,512x512 -> 1024x1024,2,1,317.93,42.5299,3.631514,1.905653,0.9701,0.9972,0.1182,6.7177,40.0683,6.401063,2.530032,0.9596,0.9941,0.2462,0.2462,0.2462,6.5493,120.084,62.8824,120.084,62.8824,0.1918,40.0683,0.9596,6.401063,2.530032,-2.4616,-0.0031,-0.128,0.1684
/kaggle/input/datasets/duc24kdl/sub-x-ray/sub_X-Ray/sub_NIH/00000370_010.png,,sub_NIH,00000370_010.png,ok,512x512 -> 1024x1024,2,1,317.66,39.9972,6.50666,2.550816,0.9561,0.996,0.1582,6.6514,37.9785,10.356947,3.218221,0.9383,0.9918,0.3084,0.3084,0.3084,6.6994,118.9996,67.0622,118.9996,67.0622,0.1697,37.9785,0.9383,10.356947,3.218221,-2.0187,-0.0042,-0.1501,-0.0479
/kaggle/input/datasets/duc24kdl/sub-x-ray/sub_X-Ray/sub_NIH/00000371_000.png,,sub_NIH,00000371_000.png,ok,512x512 -> 1024x1024,2,1,316.48,44.6534,2.227109,1.49235,0.975,0.9974,0.0923,6.8846,42.8588,3.366704,1.834858,0.966,0.9947,0.2172,0.2172,0.2172,6.7868,111.5781,31.7306,111.5781,31.7306,0.2425,42.8588,0.966,3.366704,1.834858,-1.7946,-0.0026,-0.1249,0.0978
/kaggle/input/datasets/duc24kdl/sub-x-ray/sub_X-Ray/sub_NIH/00000372_001.png,,sub_NIH,00000372_001.png,ok,512x512 -> 1024x1024,2,1,315.5,38.8147,8.542961,2.922834,0.9888,0.9985,0.0564,8.0645,36.7111,13.866719,3.723804,0.9836,0.9972,0.1385,0.1385,0.1385,7.0374,151.1693,55.3837,151.1693,55.3837,0.2381,36.7111,0.9836,13.866719,3.723804,-2.1037,-0.0014,-0.0821,1.0271
/kaggle/input/datasets/duc24kdl/sub-x-ray/sub_X-Ray/sub_NIH/00000372_003.png,,sub_NIH,00000372_003.png,ok,512x512 -> 1024x1024,2,1,316.57,38.5518,9.076168,3.012668,0.9838,0.9983,0.0706,6.4681,36.5313,14.452706,3.801672,0.9745,0.9957,0.1804,0.1804,0.1804,6.7753,153.7874,63.7845,153.7874,63.7845,0.1682,36.5313,0.9745,14.452706,3.801672,-2.0205,-0.0026,-0.1098,-0.3073
/kaggle/input/datasets/duc24kdl/sub-x-ray/sub_X-Ray/sub_NIH/00000372_006.png,,sub_NIH,00000372_006.png,ok,512x512 -> 1024x1024,2,1,316.77,38.685,8.80201,2.966818,0.985,0.9983,0.057,6.5865,36.633,14.118216,3.757421,0.9788,0.9964,0.1554,0.1554,0.1554,6.3265,161.9365,59.6264,161.9365,59.6264,0.1242,36.633,0.9788,14.118216,3.757421,-2.052,-0.0019,-0.0984,0.26
/kaggle/input/datasets/duc24kdl/sub-x-ray/sub_X-Ray/sub_NIH/00000372_009.png,,sub_NIH,00000372_009.png,ok,512x512 -> 1024x1024,2,1,315.65,40.0312,6.455975,2.540861,0.9899,0.9986,0.0487,7.4651,38.0344,10.224474,3.197573,0.987,0.9977,0.1275,0.1275,0.1275,7.1047,146.2331,56.0038,146.2331,56.0038,0.1302,38.0344,0.987,10.224474,3.197573,-1.9968,-0.0009,-0.0788,0.3604
/kaggle/input/datasets/duc24kdl/sub-x-ray/sub_X-Ray/sub_NIH/00000372_012.png,,sub_NIH,00000372_012.png,ok,512x512 -> 1024x1024,2,1,317.74,38.0795,10.118856,3.181015,0.983,0.9982,0.0658,6.89,36.479,14.627742,3.824623,0.9672,0.9955,0.168,0.168,0.168,6.357,148.1466,71.3199,148.1466,71.3199,0.3872,36.479,0.9672,14.627742,3.824623,-1.6005,-0.0026,-0.1022,0.533
/kaggle/input/datasets/duc24kdl/sub-x-ray/sub_X-Ray/sub_NIH/00000372_014.png,,sub_NIH,00000372_014.png,ok,512x512 -> 1024x1024,2,1,317.92,38.5854,9.006171,3.001028,0.9838,0.9982,0.0671,6.7812,36.3351,15.120743,3.88854,0.9758,0.9961,0.171,0.171,0.171,6.791,153.5236,60.7458,153.5236,60.7458,0.2982,36.3351,0.9758,15.120743,3.88854,-2.2503,-0.0021,-0.1039,-0.0098
/kaggle/input/datasets/duc24kdl/sub-x-ray/sub_X-Ray/sub_NIH/00000373_000.png,,sub_NIH,00000373_000.png,ok,512x512 -> 1024x1024,2,1,318.05,43.0128,3.249351,1.802596,0.9789,0.9978,0.0806,6.7356,39.7299,6.919812,2.630554,0.9681,0.9947,0.2,0.2,0.2,6.2584,162.5799,63.4817,162.5799,63.4817,0.3724,39.7299,0.9681,6.919812,2.630554,-3.283,-0.0031,-0.1194,0.4772
/kaggle/input/datasets/duc24kdl/sub-x-ray/sub_X-Ray/sub_NIH/00000376_000.png,,sub_NIH,00000376_000.png,ok,512x512 -> 1024x1024,2,1,316.62,45.71,1.746161,1.321424,0.9802,0.9979,0.084,6.7708,42.9465,3.299384,1.816421,0.9706,0.9952,0.2044,0.2044,0.2044,6.3125,171.6796,43.5094,171.6796,43.5094,0.2147,42.9465,0.9706,3.299384,1.816421,-2.7635,-0.0027,-0.1204,0.4584
/kaggle/input/datasets/duc24kdl/sub-x-ray/sub_X-Ray/sub_NIH/00000376_002.png,,sub_NIH,00000376_002.png,ok,512x512 -> 1024x1024,2,1,317.31,42.2894,3.838338,1.959168,0.9617,0.9966,0.1429,6.7533,40.158,6.270174,2.504031,0.9464,0.9928,0.2896,0.2896,0.2896,6.5612,136.8326,68.2005,136.8326,68.2005,0.1431,40.158,0.9464,6.270174,2.504031,-2.1314,-0.0038,-0.1467,0.192
/kaggle/input/datasets/duc24kdl/sub-x-ray/sub_X-Ray/sub_NIH/00000376_005.png,,sub_NIH,00000376_005.png,ok,512x512 -> 1024x1024,2,1,318.01,34.9571,20.766825,4.557063,0.9822,0.9977,0.0803,6.7141,32.9269,33.143166,5.75701,0.9731,0.9937,0.1842,0.1842,0.1842,6.4413,119.7841,50.4827,119.7841,50.4827,0.2725,32.9269,0.9731,33.143166,5.75701,-2.0302,-0.004,-0.1039,0.2728
/kaggle/input/datasets/duc24kdl/sub-x-ray/sub_X-Ray/sub_NIH/00000376_009.png,,sub_NIH,00000376_009.png,ok,512x512 -> 1024x1024,2,1,316.63,35.8559,16.884489,4.109074,0.9865,0.9982,0.0579,6.9161,33.6143,28.291253,5.318952,0.9808,0.9959,0.1415,0.1415,0.1415,6.55,159.0447,51.0008,159.0447,51.0008,0.2703,33.6143,0.9808,28.291253,5.318952,-2.2416,-0.0023,-0.0836,0.3661
/kaggle/input/datasets/duc24kdl/sub-x-ray/sub_X-Ray/sub_NIH/00000376_011.png,,sub_NIH,00000376_011.png,ok,512x512 -> 1024x1024,2,1,316.97,36.6,14.225981,3.771734,0.9849,0.9983,0.0596,6.4271,33.7319,27.535646,5.247442,0.9778,0.9956,0.1595,0.1595,0.1595,6.3805,180.2331,55.1097,180.2331,55.1097,0.154,33.7319,0.9778,27.535646,5.247442,-2.8681,-0.0027,-0.0999,0.0467
/kaggle/input/datasets/duc24kdl/sub-x-ray/sub_X-Ray/sub_NIH/00000377_003.png,,sub_NIH,00000377_003.png,ok,512x512 -> 1024x1024,2,1,317.14,42.7096,3.484305,1.866629,0.9657,0.9969,0.112,6.3126,39.5268,7.251107,2.692788,0.9481,0.9928,0.2389,0.2389,0.2389,6.5828,119.5215,71.4453,119.5215,71.4453,0.1642,39.5268,0.9481,7.251107,2.692788,-3.1829,-0.0041,-0.1269,-0.2702
/kaggle/input/datasets/duc24kdl/sub-x-ray/sub_X-Ray/sub_NIH/00000379_000.png,,sub_NIH,00000379_000.png,ok,512x512 -> 1024x1024,2,1,316.67,40.8043,5.403161,2.32447,0.9588,0.9963,0.1428,6.307,38.6313,8.911448,2.985205,0.9393,0.9923,0.2808,0.2808,0.2808,6.6147,105.0702,66.5201,105.0702,66.5201,0.2713,38.6313,0.9393,8.911448,2.985205,-2.173,-0.004,-0.138,-0.3076
/kaggle/input/datasets/duc24kdl/sub-x-ray/sub_X-Ray/sub_NIH/00000381_000.png,,sub_NIH,00000381_000.png,ok,512x512 -> 1024x1024,2,1,317.98,39.4538,7.373955,2.715503,0.9838,0.9981,0.0819,7.9387,37.6883,11.0726,3.327552,0.979,0.9967,0.1923,0.1923,0.1923,7.5533,132.7761,45.0312,132.7761,45.0312,0.1389,37.6883,0.979,11.0726,3.327552,-1.7655,-0.0014,-0.1104,0.3854
/kaggle/input/datasets/duc24kdl/sub-x-ray/sub_X-Ray/sub_NIH/00000381_003.png,,sub_NIH,00000381_003.png,ok,512x512 -> 1024x1024,2,1,316.69,35.428,18.632846,4.316578,0.9555,0.9957,0.1667,6.6181,32.1841,39.324986,6.270964,0.9357,0.9906,0.309,0.309,0.309,5.9996,142.8505,58.8686,142.8505,58.8686,0.2919,32.1841,0.9357,39.324986,6.270964,-3.2439,-0.0052,-0.1422,0.6185
/kaggle/input/datasets/duc24kdl/sub-x-ray/sub_X-Ray/sub_NIH/00000385_004.png,,sub_NIH,00000385_004.png,ok,512x512 -> 1024x1024,2,1,318.19,41.3492,4.766072,2.183133,0.9645,0.9968,0.132,6.5622,39.2833,7.669236,2.769339,0.9467,0.9933,0.2601,0.2601,0.2601,6.5325,116.1131,75.2148,116.1131,75.2148,0.1876,39.2833,0.9467,7.669236,2.769339,-2.0659,-0.0035,-0.1282,0.0297
/kaggle/input/datasets/duc24kdl/sub-x-ray/sub_X-Ray/sub_NIH/00000386_000.png,,sub_NIH,00000386_000.png,ok,512x512 -> 1024x1024,2,1,316.58,45.4241,1.864966,1.365638,0.9855,0.9983,0.0633,6.8659,42.3735,3.764729,1.940291,0.9773,0.9962,0.164,0.164,0.164,6.3959,161.3755,51.6058,161.3755,51.6058,0.3495,42.3735,0.9773,3.764729,1.940291,-3.0506,-0.0021,-0.1006,0.4699
/kaggle/input/datasets/duc24kdl/sub-x-ray/sub_X-Ray/sub_NIH/00000388_000.png,,sub_NIH,00000388_000.png,ok,512x512 -> 1024x1024,2,1,316.55,43.7454,2.745007,1.656806,0.9743,0.9976,0.0988,6.3542,40.2146,6.188951,2.48776,0.9629,0.9948,0.2176,0.2176,0.2176,6.7267,104.2126,65.403,104.2126,65.403,0.1625,40.2146,0.9629,6.188951,2.48776,-3.5307,-0.0028,-0.1188,-0.3725
/kaggle/input/datasets/duc24kdl/sub-x-ray/sub_X-Ray/sub_NIH/00000390_001.png,,sub_NIH,00000390_001.png,ok,512x512 -> 1024x1024,2,1,317.74,40.7824,5.43055,2.330354,0.9692,0.9971,0.12,6.7625,38.4714,9.245807,3.040692,0.9584,0.9941,0.2515,0.2515,0.2515,6.6408,135.6627,63.0132,135.6627,63.0132,0.1869,38.4714,0.9584,9.245807,3.040692,-2.311,-0.0031,-0.1315,0.1217
/kaggle/input/datasets/duc24kdl/sub-x-ray/sub_X-Ray/sub_NIH/00000391_001.png,,sub_NIH,00000391_001.png,ok,512x512 -> 1024x1024,2,1,317.31,45.1817,1.972015,1.404285,0.9815,0.998,0.0736,6.6362,41.9474,4.15283,2.037849,0.9718,0.9953,0.1879,0.1879,0.1879,6.4684,152.5236,54.3239,152.5236,54.3239,0.2563,41.9474,0.9718,4.15283,2.037849,-3.2343,-0.0027,-0.1143,0.1677
/kaggle/input/datasets/duc24kdl/sub-x-ray/sub_X-Ray/sub_NIH/00000391_003.png,,sub_NIH,00000391_003.png,ok,512x512 -> 1024x1024,2,1,316.67,41.699,4.397209,2.096952,0.9644,0.9967,0.1399,6.7953,38.3565,9.493649,3.081177,0.9493,0.993,0.2869,0.2869,0.2869,6.958,120.5338,62.5732,120.5338,62.5732,0.1809,38.3565,0.9493,9.493649,3.081177,-3.3426,-0.0038,-0.147,-0.1627
/kaggle/input/datasets/duc24kdl/sub-x-ray/sub_X-Ray/sub_NIH/00000391_007.png,,sub_NIH,00000391_007.png,ok,512x512 -> 1024x1024,2,1,317.8,41.8961,4.202185,2.049923,0.9664,0.9969,0.1366,6.5087,38.9463,8.288104,2.878907,0.9533,0.9933,0.2774,0.2774,0.2774,6.9878,118.4661,60.9239,118.4661,60.9239,0.2062,38.9463,0.9533,8.288104,2.878907,-2.9498,-0.0036,-0.1408,-0.479
/kaggle/input/datasets/duc24kdl/sub-x-ray/sub_X-Ray/sub_NIH/00000397_000.png,,sub_NIH,00000397_000.png,ok,512x512 -> 1024x1024,2,1,318.89,43.8265,2.69422,1.641408,0.9855,0.9982,0.0599,6.5035,40.5665,5.707232,2.388981,0.9784,0.9962,0.162,0.162,0.162,6.5744,160.4392,51.6382,160.4392,51.6382,0.2869,40.5665,0.9784,5.707232,2.388981,-3.2599,-0.0021,-0.1021,-0.0709
/kaggle/input/datasets/duc24kdl/sub-x-ray/sub_X-Ray/sub_NIH/00000398_000.png,,sub_NIH,00000398_000.png,ok,512x512 -> 1024x1024,2,1,318.23,42.3061,3.823554,1.955391,0.9833,0.9982,0.0634,6.4551,41.1196,5.024794,2.241605,0.9758,0.9961,0.1644,0.1644,0.1644,6.3823,160.4019,58.3354,160.4019,58.3354,0.2706,41.1196,0.9758,5.024794,2.241605,-1.1865,-0.0021,-0.101,0.0728
/kaggle/input/datasets/duc24kdl/sub-x-ray/sub_X-Ray/sub_NIH/00000402_003.png,,sub_NIH,00000402_003.png,ok,512x512 -> 1024x1024,2,1,317.51,36.5189,14.493933,3.80709,0.983,0.998,0.0859,6.4785,34.3939,23.642555,4.862361,0.975,0.9952,0.1951,0.1951,0.1951,6.5948,117.6365,46.8832,117.6365,46.8832,0.285,34.3939,0.975,23.642555,4.862361,-2.1251,-0.0028,-0.1092,-0.1164
/kaggle/input/datasets/duc24kdl/sub-x-ray/sub_X-Ray/sub_NIH/00000402_010.png,,sub_NIH,00000402_010.png,ok,512x512 -> 1024x1024,2,1,317.81,38.5744,9.029096,3.004845,0.9847,0.9982,0.082,7.4359,36.559,14.360981,3.789588,0.9775,0.9964,0.195,0.195,0.195,7.4627,113.0597,43.5671,113.0597,43.5671,0.269,36.559,0.9775,14.360981,3.789588,-2.0154,-0.0018,-0.113,-0.0268
/kaggle/input/datasets/duc24kdl/sub-x-ray/sub_X-Ray/sub_NIH/00000406_000.png,,sub_NIH,00000406_000.png,ok,512x512 -> 1024x1024,2,1,319.71,46.704,1.388935,1.178531,0.9832,0.9981,0.0711,7.2123,44.1593,2.495478,1.579708,0.9768,0.9962,0.1723,0.1723,0.1723,6.648,171.869,40.4186,171.869,40.4186,0.2289,44.1593,0.9768,2.495478,1.579708,-2.5447,-0.0019,-0.1013,0.5643
/kaggle/input/datasets/duc24kdl/sub-x-ray/sub_X-Ray/sub_NIH/00000410_000.png,,sub_NIH,00000410_000.png,ok,512x512 -> 1024x1024,2,1,317.43,40.1942,6.218091,2.49361,0.9565,0.9961,0.1363,6.2018,37.4945,11.577839,3.402622,0.9354,0.9912,0.271,0.271,0.271,6.4104,104.9507,61.7004,104.9507,61.7004,0.221,37.4945,0.9354,11.577839,3.402622,-2.6997,-0.0049,-0.1347,-0.2085
/kaggle/input/datasets/duc24kdl/sub-x-ray/sub_X-Ray/sub_NIH/00000410_001.png,,sub_NIH,00000410_001.png,ok,512x512 -> 1024x1024,2,1,320.02,40.7615,5.456703,2.335959,0.9642,0.9968,0.1197,5.7414,38.1993,9.843433,3.137425,0.948,0.9927,0.247,0.247,0.247,6.2532,98.5805,66.1866,98.5805,66.1866,0.2187,38.1993,0.948,9.843433,3.137425,-2.5622,-0.0041,-0.1273,-0.5117
/kaggle/input/datasets/duc24kdl/sub-x-ray/sub_X-Ray/sub_NIH/00000412_000.png,,sub_NIH,00000412_000.png,ok,512x512 -> 1024x1024,2,1,317.6,45.3016,1.918333,1.385039,0.986,0.9983,0.0498,6.764,42.3431,3.791125,1.947081,0.979,0.9962,0.1432,0.1432,0.1432,6.1523,178.1399,46.5262,178.1399,46.5262,0.3896,42.3431,0.979,3.791125,1.947081,-2.9584,-0.002,-0.0934,0.6117
/kaggle/input/datasets/duc24kdl/sub-x-ray/sub_X-Ray/sub_NIH/00000412_003.png,,sub_NIH,00000412_003.png,ok,512x512 -> 1024x1024,2,1,316.7,37.7199,10.99237,3.315474,0.9838,0.9982,0.0649,6.4847,33.7806,27.228211,5.218066,0.9755,0.9957,0.1761,0.1761,0.1761,6.1814,163.9963,57.2378,163.9963,57.2378,0.2955,33.7806,0.9755,27.228211,5.218066,-3.9393,-0.0025,-0.1113,0.3034
/kaggle/input/datasets/duc24kdl/sub-x-ray/sub_X-Ray/sub_NIH/00000414_000.png,,sub_NIH,00000414_000.png,ok,512x512 -> 1024x1024,2,1,320.51,37.7385,10.945394,3.308382,0.9845,0.9982,0.061,6.5827,35.6137,17.852954,4.225276,0.9777,0.996,0.1586,0.1586,0.1586,6.3851,171.1149,57.6515,171.1149,57.6515,0.1266,35.6137,0.9777,17.852954,4.225276,-2.1248,-0.0023,-0.0976,0.1976
/kaggle/input/datasets/duc24kdl/sub-x-ray/sub_X-Ray/sub_NIH/00000415_001.png,,sub_NIH,00000415_001.png,ok,512x512 -> 1024x1024,2,1,317.2,37.825,10.729506,3.275592,0.9699,0.9971,0.0901,5.9132,34.5768,22.667475,4.761037,0.9521,0.9925,0.206,0.206,0.206,5.6874,146.8813,60.0177,146.8813,60.0177,0.3864,34.5768,0.9521,22.667475,4.761037,-3.2482,-0.0046,-0.1159,0.2257
/kaggle/input/datasets/duc24kdl/sub-x-ray/sub_X-Ray/sub_NIH/00000416_001.png,,sub_NIH,00000416_001.png,ok,512x512 -> 1024x1024,2,1,317.93,37.3998,11.833015,3.439915,0.9832,0.9981,0.0681,6.4224,35.2455,19.432763,4.408261,0.976,0.9958,0.174,0.174,0.174,6.2836,173.553,54.076,173.553,54.076,0.0852,35.2455,0.976,19.432763,4.408261,-2.1544,-0.0024,-0.1059,0.1388
/kaggle/input/datasets/duc24kdl/sub-x-ray/sub_X-Ray/sub_NIH/00000416_003.png,,sub_NIH,00000416_003.png,ok,512x512 -> 1024x1024,2,1,317.5,41.7669,4.329026,2.080631,0.9576,0.9962,0.1396,6.339,38.6971,8.777515,2.962687,0.9404,0.9918,0.2879,0.2879,0.2879,6.194,137.6776,65.1115,137.6776,65.1115,0.165,38.6971,0.9404,8.777515,2.962687,-3.0698,-0.0044,-0.1483,0.145
/kaggle/input/datasets/duc24kdl/sub-x-ray/sub_X-Ray/sub_NIH/00000416_006.png,,sub_NIH,00000416_006.png,ok,512x512 -> 1024x1024,2,1,319.87,37.797,10.798941,3.286174,0.9824,0.9981,0.0629,6.2014,35.551,18.112613,4.255892,0.9724,0.9954,0.1585,0.1585,0.1585,6.1749,154.9496,64.2489,154.9496,64.2489,0.2299,35.551,0.9724,18.112613,4.255892,-2.246,-0.0027,-0.0957,0.0264
/kaggle/input/datasets/duc24kdl/sub-x-ray/sub_X-Ray/sub_NIH/00000416_007.png,,sub_NIH,00000416_007.png,ok,512x512 -> 1024x1024,2,1,319.12,37.3756,11.899401,3.449551,0.9797,0.9979,0.0748,6.9874,35.3231,19.08852,4.369041,0.9665,0.995,0.1865,0.1865,0.1865,6.2443,168.0259,62.8758,168.0259,62.8758,0.1522,35.3231,0.9665,19.08852,4.369041,-2.0525,-0.003,-0.1117,0.7431
/kaggle/input/datasets/duc24kdl/sub-x-ray/sub_X-Ray/sub_NIH/00000417_000.png,,sub_NIH,00000417_000.png,ok,512x512 -> 1024x1024,2,1,319.33,35.7278,17.390005,4.170133,0.9867,0.9983,0.0601,7.1576,33.2551,30.730305,5.543492,0.9803,0.9965,0.1446,0.1446,0.1446,6.4209,148.2239,56.447,148.2239,56.447,0.3661,33.2551,0.9803,30.730305,5.543492,-2.4727,-0.0018,-0.0845,0.7367
/kaggle/input/datasets/duc24kdl/sub-x-ray/sub_X-Ray/sub_NIH/00000418_000.png,,sub_NIH,00000418_000.png,ok,512x512 -> 1024x1024,2,1,318.63,39.0095,8.168216,2.858009,0.9825,0.998,0.0778,7.0457,36.5333,14.446242,3.800821,0.9747,0.9955,0.1855,0.1855,0.1855,6.7728,121.7476,55.0128,121.7476,55.0128,0.3359,36.5333,0.9747,14.446242,3.800821,-2.4763,-0.0025,-0.1076,0.2728
/kaggle/input/datasets/duc24kdl/sub-x-ray/sub_X-Ray/sub_NIH/00000420_000.png,,sub_NIH,00000420_000.png,ok,512x512 -> 1024x1024,2,1,317.88,36.6185,14.165585,3.76372,0.9755,0.9975,0.1031,6.5538,33.9724,26.05174,5.10409,0.9613,0.9944,0.2264,0.2264,0.2264,6.3477,130.3162,59.3537,130.3162,59.3537,0.2842,33.9724,0.9613,26.05174,5.10409,-2.646,-0.0031,-0.1233,0.2062
/kaggle/input/datasets/duc24kdl/sub-x-ray/sub_X-Ray/sub_NIH/00000422_004.png,,sub_NIH,00000422_004.png,ok,512x512 -> 1024x1024,2,1,318.61,42.5009,3.655826,1.912021,0.9678,0.997,0.1177,6.3481,39.7315,6.917273,2.630071,0.9525,0.9935,0.2392,0.2392,0.2392,6.4084,109.3861,70.6517,109.3861,70.6517,0.1792,39.7315,0.9525,6.917273,2.630071,-2.7695,-0.0035,-0.1215,-0.0603
/kaggle/input/datasets/duc24kdl/sub-x-ray/sub_X-Ray/sub_NIH/00000426_002.png,,sub_NIH,00000426_002.png,ok,512x512 -> 1024x1024,2,1,319.21,40.6288,5.625946,2.371908,0.9588,0.9963,0.1519,6.3736,38.3293,9.553299,3.090841,0.9425,0.9922,0.3052,0.3052,0.3052,6.3794,136.4145,62.5279,136.4145,62.5279,0.1385,38.3293,0.9425,9.553299,3.090841,-2.2996,-0.0041,-0.1534,-0.0058
/kaggle/input/datasets/duc24kdl/sub-x-ray/sub_X-Ray/sub_NIH/00000430_000.png,,sub_NIH,00000430_000.png,ok,512x512 -> 1024x1024,2,1,318.3,44.1757,2.486072,1.576728,0.982,0.998,0.0667,6.9734,41.9917,4.110655,2.027475,0.9739,0.9958,0.1726,0.1726,0.1726,6.2571,158.9667,49.5295,158.9667,49.5295,0.2107,41.9917,0.9739,4.110655,2.027475,-2.184,-0.0022,-0.106,0.7164
/kaggle/input/datasets/duc24kdl/sub-x-ray/sub_X-Ray/sub_NIH/00000431_002.png,,sub_NIH,00000431_002.png,ok,512x512 -> 1024x1024,2,1,318.89,43.3104,3.034205,1.741897,0.9658,0.997,0.1349,6.8464,40.5757,5.695246,2.386471,0.9478,0.9936,0.2663,0.2663,0.2663,6.8389,125.3664,73.8028,125.3664,73.8028,0.1285,40.5757,0.9478,5.695246,2.386471,-2.7347,-0.0034,-0.1313,0.0075
/kaggle/input/datasets/duc24kdl/sub-x-ray/sub_X-Ray/sub_NIH/00000431_003.png,,sub_NIH,00000431_003.png,ok,512x512 -> 1024x1024,2,1,317.15,41.8212,4.275205,2.067657,0.9675,0.9971,0.1248,6.4883,39.9184,6.625763,2.574056,0.9486,0.9941,0.2399,0.2399,0.2399,6.8807,120.8709,76.2403,120.8709,76.2403,0.1358,39.9184,0.9486,6.625763,2.574056,-1.9028,-0.003,-0.1151,-0.3924
/kaggle/input/datasets/duc24kdl/sub-x-ray/sub_X-Ray/sub_NIH/00000432_000.png,,sub_NIH,00000432_000.png,ok,512x512 -> 1024x1024,2,1,319.12,45.5755,1.801079,1.342043,0.9824,0.998,0.0672,6.7373,42.1923,3.925055,1.981175,0.9746,0.9958,0.1747,0.1747,0.1747,6.257,159.618,46.9764,159.618,46.9764,0.2322,42.1923,0.9746,3.925055,1.981175,-3.3831,-0.0022,-0.1075,0.4803
/kaggle/input/datasets/duc24kdl/sub-x-ray/sub_X-Ray/sub_NIH/00000434_000.png,,sub_NIH,00000434_000.png,ok,512x512 -> 1024x1024,2,1,318.91,41.3948,4.716248,2.171692,0.9532,0.9959,0.161,6.3152,39.7086,6.953772,2.637001,0.9326,0.9918,0.3136,0.3136,0.3136,6.5918,121.0241,66.4557,121.0241,66.4557,0.1182,39.7086,0.9326,6.953772,2.637001,-1.6862,-0.0041,-0.1526,-0.2765
/kaggle/input/datasets/duc24kdl/sub-x-ray/sub_X-Ray/sub_NIH/00000437_000.png,,sub_NIH,00000437_000.png,ok,512x512 -> 1024x1024,2,1,319.58,41.5367,4.56471,2.136518,0.9501,0.9955,0.1705,6.884,39.9892,6.518666,2.553168,0.9324,0.991,0.3325,0.3325,0.3325,7.0176,129.3748,62.1652,129.3748,62.1652,0.2448,39.9892,0.9324,6.518666,2.553168,-1.5475,-0.0045,-0.162,-0.1336
/kaggle/input/datasets/duc24kdl/sub-x-ray/sub_X-Ray/sub_NIH/00000441_000.png,,sub_NIH,00000441_000.png,ok,512x512 -> 1024x1024,2,1,322.63,41.7631,4.332772,2.081531,0.9614,0.9965,0.1483,6.6636,39.1512,7.905986,2.811759,0.9471,0.9927,0.2926,0.2926,0.2926,6.3343,136.1637,62.9211,136.1637,62.9211,0.1575,39.1512,0.9471,7.905986,2.811759,-2.6119,-0.0038,-0.1442,0.3293
/kaggle/input/datasets/duc24kdl/sub-x-ray/sub_X-Ray/sub_NIH/00000442_001.png,,sub_NIH,00000442_001.png,ok,512x512 -> 1024x1024,2,1,319.0,41.1563,4.982511,2.232154,0.9642,0.9967,0.1397,6.8155,39.447,7.385509,2.717629,0.9512,0.9932,0.2798,0.2798,0.2798,6.5356,116.739,67.5091,116.739,67.5091,0.1458,39.447,0.9512,7.385509,2.717629,-1.7093,-0.0035,-0.1402,0.2799
/kaggle/input/datasets/duc24kdl/sub-x-ray/sub_X-Ray/sub_NIH/00000443_005.png,,sub_NIH,00000443_005.png,ok,512x512 -> 1024x1024,2,1,319.59,37.0544,12.81271,3.579485,0.9819,0.998,0.09,7.7064,35.0253,20.443302,4.521427,0.973,0.996,0.2122,0.2122,0.2122,7.4241,121.8411,44.0877,121.8411,44.0877,0.3818,35.0253,0.973,20.443302,4.521427,-2.0291,-0.002,-0.1221,0.2823
/kaggle/input/datasets/duc24kdl/sub-x-ray/sub_X-Ray/sub_NIH/00000446_001.png,,sub_NIH,00000446_001.png,ok,512x512 -> 1024x1024,2,1,318.93,40.5878,5.679325,2.383133,0.9595,0.9964,0.1459,6.3004,38.4806,9.226121,3.037453,0.9404,0.9926,0.2902,0.2902,0.2902,6.4969,126.8224,68.2455,126.8224,68.2455,0.1231,38.4806,0.9404,9.226121,3.037453,-2.1072,-0.0038,-0.1443,-0.1965
/kaggle/input/datasets/duc24kdl/sub-x-ray/sub_X-Ray/sub_NIH/00000447_001.png,,sub_NIH,00000447_001.png,ok,512x512 -> 1024x1024,2,1,319.4,41.394,4.717125,2.171894,0.9612,0.9964,0.1383,6.6107,38.2929,9.633582,3.103801,0.9453,0.9925,0.277,0.277,0.277,6.4904,109.4295,59.1582,109.4295,59.1582,0.1809,38.2929,0.9453,9.633582,3.103801,-3.1011,-0.004,-0.1386,0.1203
/kaggle/input/datasets/duc24kdl/sub-x-ray/sub_X-Ray/sub_NIH/00000447_003.png,,sub_NIH,00000447_003.png,ok,512x512 -> 1024x1024,2,1,318.84,42.0522,4.053785,2.013401,0.9669,0.997,0.1107,5.8934,38.8599,8.454487,2.90766,0.9511,0.9932,0.2332,0.2332,0.2332,6.1551,99.6542,70.2762,99.6542,70.2762,0.2211,38.8599,0.9511,8.454487,2.90766,-3.1923,-0.0038,-0.1225,-0.2616
/kaggle/input/datasets/duc24kdl/sub-x-ray/sub_X-Ray/sub_NIH/00000450_002.png,,sub_NIH,00000450_002.png,ok,512x512 -> 1024x1024,2,1,321.71,35.9826,16.399169,4.049589,0.9768,0.9976,0.0843,5.8353,32.7909,34.197082,5.847827,0.9614,0.9937,0.1964,0.1964,0.1964,5.7947,125.9747,51.6229,125.9747,51.6229,0.3827,32.7909,0.9614,34.197082,5.847827,-3.1917,-0.0039,-0.1121,0.0406
/kaggle/input/datasets/duc24kdl/sub-x-ray/sub_X-Ray/sub_NIH/00000450_003.png,,sub_NIH,00000450_003.png,ok,512x512 -> 1024x1024,2,1,320.84,36.516,14.503739,3.808377,0.9725,0.9973,0.0977,6.3267,33.3727,29.909612,5.468968,0.954,0.9925,0.2158,0.2158,0.2158,5.8409,121.8608,54.3395,121.8608,54.3395,0.3864,33.3727,0.954,29.909612,5.468968,-3.1433,-0.0048,-0.1181,0.4858
/kaggle/input/datasets/duc24kdl/sub-x-ray/sub_X-Ray/sub_NIH/00000450_004.png,,sub_NIH,00000450_004.png,ok,512x512 -> 1024x1024,2,1,318.9,36.3052,15.225057,3.90193,0.9782,0.9977,0.0824,6.2238,32.5063,36.513193,6.042615,0.962,0.9939,0.1928,0.1928,0.1928,5.9006,128.0259,50.8736,128.0259,50.8736,0.3302,32.5063,0.962,36.513193,6.042615,-3.7989,-0.0038,-0.1104,0.3232
/kaggle/input/datasets/duc24kdl/sub-x-ray/sub_X-Ray/sub_NIH/00000455_000.png,,sub_NIH,00000455_000.png,ok,512x512 -> 1024x1024,2,1,320.6,36.7372,13.783579,3.712624,0.9851,0.9983,0.0548,6.582,33.9131,26.410146,5.13908,0.9757,0.9952,0.1488,0.1488,0.1488,6.2614,168.8443,60.617,168.8443,60.617,0.197,33.9131,0.9757,26.410146,5.13908,-2.8241,-0.003,-0.094,0.3206
/kaggle/input/datasets/duc24kdl/sub-x-ray/sub_X-Ray/sub_NIH/00000457_000.png,,sub_NIH,00000457_000.png,ok,512x512 -> 1024x1024,2,1,322.29,43.252,3.07523,1.753633,0.968,0.997,0.1168,6.4185,40.8961,5.290188,2.300041,0.9555,0.9938,0.2406,0.2406,0.2406,6.5258,113.9585,70.0503,113.9585,70.0503,0.188,40.8961,0.9555,5.290188,2.300041,-2.3559,-0.0032,-0.1238,-0.1072
/kaggle/input/datasets/duc24kdl/sub-x-ray/sub_X-Ray/sub_NIH/00000457_003.png,,sub_NIH,00000457_003.png,ok,512x512 -> 1024x1024,2,1,320.23,42.5948,3.577668,1.891473,0.9629,0.9966,0.1323,6.4818,40.3273,6.030439,2.455695,0.9437,0.9926,0.2577,0.2577,0.2577,6.5714,112.5585,72.2105,112.5585,72.2105,0.1755,40.3273,0.9437,6.030439,2.455695,-2.2675,-0.004,-0.1255,-0.0896
/kaggle/input/datasets/duc24kdl/sub-x-ray/sub_X-Ray/sub_NIH/00000459_008.png,,sub_NIH,00000459_008.png,ok,512x512 -> 1024x1024,2,1,319.87,36.3712,14.995526,3.872406,0.9777,0.9977,0.0862,6.4194,32.8144,34.012494,5.832023,0.9628,0.9942,0.201,0.201,0.201,6.1332,131.9872,55.8308,131.9872,55.8308,0.3104,32.8144,0.9628,34.012494,5.832023,-3.5568,-0.0035,-0.1148,0.2862
/kaggle/input/datasets/duc24kdl/sub-x-ray/sub_X-Ray/sub_NIH/00000459_010.png,,sub_NIH,00000459_010.png,ok,512x512 -> 1024x1024,2,1,321.4,36.7517,13.737596,3.706426,0.9776,0.9976,0.1044,6.7761,34.0613,25.524108,5.052139,0.9637,0.9944,0.2219,0.2219,0.2219,6.5917,110.2676,50.8707,110.2676,50.8707,0.4337,34.0613,0.9637,25.524108,5.052139,-2.6904,-0.0032,-0.1176,0.1843
/kaggle/input/datasets/duc24kdl/sub-x-ray/sub_X-Ray/sub_NIH/00000459_014.png,,sub_NIH,00000459_014.png,ok,512x512 -> 1024x1024,2,1,320.46,43.696,2.776391,1.666251,0.9674,0.997,0.1346,7.107,41.6495,4.447659,2.108947,0.9541,0.994,0.2739,0.2739,0.2739,7.1091,108.09,70.1656,108.09,70.1656,0.1227,41.6495,0.9541,4.447659,2.108947,-2.0465,-0.003,-0.1393,-0.0021
/kaggle/input/datasets/duc24kdl/sub-x-ray/sub_X-Ray/sub_NIH/00000459_016.png,,sub_NIH,00000459_016.png,ok,512x512 -> 1024x1024,2,1,320.36,42.4233,3.72177,1.929189,0.964,0.9968,0.138,6.6479,40.0947,6.362278,2.522356,0.9448,0.9933,0.2819,0.2819,0.2819,6.7434,110.2802,75.6765,110.2802,75.6765,0.1812,40.0947,0.9448,6.362278,2.522356,-2.3286,-0.0035,-0.1439,-0.0956
/kaggle/input/datasets/duc24kdl/sub-x-ray/sub_X-Ray/sub_NIH/00000459_021.png,,sub_NIH,00000459_021.png,ok,512x512 -> 1024x1024,2,1,320.48,43.7026,2.772198,1.664992,0.9717,0.9973,0.1154,6.7852,41.4761,4.628768,2.151457,0.9625,0.9947,0.2395,0.2395,0.2395,6.6444,115.1921,71.8945,115.1921,71.8945,0.1627,41.4761,0.9625,4.628768,2.151457,-2.2264,-0.0026,-0.1241,0.1409
/kaggle/input/datasets/duc24kdl/sub-x-ray/sub_X-Ray/sub_NIH/00000459_029.png,,sub_NIH,00000459_029.png,ok,512x512 -> 1024x1024,2,1,320.91,41.0011,5.163755,2.27239,0.9682,0.9971,0.1325,6.9181,38.2013,9.838904,3.136703,0.9565,0.9939,0.273,0.273,0.273,6.8599,118.4096,64.6084,118.4096,64.6084,0.234,38.2013,0.9565,9.838904,3.136703,-2.7998,-0.0032,-0.1405,0.0582
/kaggle/input/datasets/duc24kdl/sub-x-ray/sub_X-Ray/sub_NIH/00000459_032.png,,sub_NIH,00000459_032.png,ok,512x512 -> 1024x1024,2,1,321.03,35.7625,17.251483,4.153491,0.9736,0.9973,0.1167,6.8187,32.4455,37.027773,6.085045,0.9598,0.9939,0.2388,0.2388,0.2388,6.3422,128.4224,63.8968,128.4224,63.8968,0.4062,32.4455,0.9598,37.027773,6.085045,-3.317,-0.0034,-0.1221,0.4765
/kaggle/input/datasets/duc24kdl/sub-x-ray/sub_X-Ray/sub_NIH/00000459_035.png,,sub_NIH,00000459_035.png,ok,512x512 -> 1024x1024,2,1,321.52,36.489,14.59415,3.820229,0.9764,0.9975,0.1008,6.5636,33.5569,28.667689,5.354222,0.9622,0.9943,0.2255,0.2255,0.2255,6.3074,113.7423,54.3614,113.7423,54.3614,0.3363,33.5569,0.9622,28.667689,5.354222,-2.9321,-0.0032,-0.1247,0.2563
/kaggle/input/datasets/duc24kdl/sub-x-ray/sub_X-Ray/sub_NIH/00000459_037.png,,sub_NIH,00000459_037.png,ok,512x512 -> 1024x1024,2,1,319.06,37.7584,10.895289,3.300801,0.9807,0.9979,0.0841,6.5363,34.3972,23.624572,4.860512,0.9652,0.995,0.1963,0.1963,0.1963,6.0906,101.1801,57.6672,101.1801,57.6672,0.3425,34.3972,0.9652,23.624572,4.860512,-3.3613,-0.0029,-0.1122,0.4457
/kaggle/input/datasets/duc24kdl/sub-x-ray/sub_X-Ray/sub_NIH/00000459_040.png,,sub_NIH,00000459_040.png,ok,512x512 -> 1024x1024,2,1,321.6,38.139,9.981138,3.159294,0.9799,0.9978,0.0872,6.7107,34.8965,21.058524,4.588957,0.9657,0.995,0.2044,0.2044,0.2044,6.3955,107.4752,58.4629,107.4752,58.4629,0.3544,34.8965,0.9657,21.058524,4.588957,-3.2425,-0.0028,-0.1172,0.3152
/kaggle/input/datasets/duc24kdl/sub-x-ray/sub_X-Ray/sub_NIH/00000459_048.png,,sub_NIH,00000459_048.png,ok,512x512 -> 1024x1024,2,1,320.42,35.0611,20.275407,4.502822,0.9713,0.9971,0.1128,6.162,32.0852,40.230994,6.342791,0.9467,0.9929,0.2331,0.2331,0.2331,6.3464,107.5072,68.6524,107.5072,68.6524,0.4398,32.0852,0.9467,40.230994,6.342791,-2.9759,-0.0042,-0.1203,-0.1844
/kaggle/input/datasets/duc24kdl/sub-x-ray/sub_X-Ray/sub_NIH/00000459_053.png,,sub_NIH,00000459_053.png,ok,512x512 -> 1024x1024,2,1,322.34,41.0577,5.096934,2.257639,0.9445,0.9949,0.1743,6.2973,39.6144,7.106243,2.665754,0.9197,0.9893,0.3325,0.3325,0.3325,6.4907,113.1913,73.4487,113.1913,73.4487,0.2278,39.6144,0.9197,7.106243,2.665754,-1.4433,-0.0056,-0.1582,-0.1935
/kaggle/input/datasets/duc24kdl/sub-x-ray/sub_X-Ray/sub_NIH/00000459_056.png,,sub_NIH,00000459_056.png,ok,512x512 -> 1024x1024,2,1,324.17,36.0925,15.989457,3.998682,0.9744,0.9973,0.1089,6.8204,32.823,33.945273,5.826257,0.9618,0.9941,0.2335,0.2335,0.2335,6.245,120.553,61.0877,120.553,61.0877,0.324,32.823,0.9618,33.945273,5.826257,-3.2695,-0.0033,-0.1247,0.5754
/kaggle/input/datasets/duc24kdl/sub-x-ray/sub_X-Ray/sub_NIH/00000466_004.png,,sub_NIH,00000466_004.png,ok,512x512 -> 1024x1024,2,1,321.67,37.6553,11.157067,3.34022,0.9501,0.9955,0.1588,6.4262,34.456,23.306508,4.827681,0.9244,0.9899,0.3161,0.3161,0.3161,6.3579,120.0231,68.664,120.0231,68.664,0.2707,34.456,0.9244,23.306508,4.827681,-3.1993,-0.0056,-0.1573,0.0682
/kaggle/input/datasets/duc24kdl/sub-x-ray/sub_X-Ray/sub_NIH/00000467_005.png,,sub_NIH,00000467_005.png,ok,512x512 -> 1024x1024,2,1,323.25,37.8431,10.684792,3.26876,0.9783,0.9977,0.1023,6.6578,34.9072,21.006611,4.583297,0.9662,0.9949,0.2291,0.2291,0.2291,6.5796,119.1913,53.6297,119.1913,53.6297,0.358,34.9072,0.9662,21.006611,4.583297,-2.9359,-0.0027,-0.1268,0.0783
/kaggle/input/datasets/duc24kdl/sub-x-ray/sub_X-Ray/sub_NIH/00000467_006.png,,sub_NIH,00000467_006.png,ok,512x512 -> 1024x1024,2,1,321.57,37.5994,11.301484,3.361768,0.9785,0.9977,0.0986,6.6454,34.6314,22.383937,4.731167,0.9672,0.995,0.2243,0.2243,0.2243,6.6631,126.5916,52.1228,126.5916,52.1228,0.3228,34.6314,0.9672,22.383937,4.731167,-2.968,-0.0027,-0.1257,-0.0177
/kaggle/input/datasets/duc24kdl/sub-x-ray/sub_X-Ray/sub_NIH/00000467_007.png,,sub_NIH,00000467_007.png,ok,512x512 -> 1024x1024,2,1,321.87,34.995,20.586532,4.537238,0.9772,0.9976,0.0963,6.0208,31.7377,43.582445,6.6017,0.9568,0.9935,0.2113,0.2113,0.2113,5.9161,131.5361,62.0736,131.5361,62.0736,0.3213,31.7377,0.9568,43.582445,6.6017,-3.2573,-0.0041,-0.115,0.1047
/kaggle/input/datasets/duc24kdl/sub-x-ray/sub_X-Ray/sub_NIH/00000467_012.png,,sub_NIH,00000467_012.png,ok,512x512 -> 1024x1024,2,1,322.44,36.1056,15.941078,3.992628,0.9759,0.9975,0.0983,6.3212,32.3471,37.876776,6.154411,0.961,0.994,0.231,0.231,0.231,6.1825,150.6013,56.2548,150.6013,56.2548,0.3952,32.3471,0.961,37.876776,6.154411,-3.7586,-0.0036,-0.1327,0.1387
/kaggle/input/datasets/duc24kdl/sub-x-ray/sub_X-Ray/sub_NIH/00000468_003.png,,sub_NIH,00000468_003.png,ok,512x512 -> 1024x1024,2,1,322.48,35.8162,17.039596,4.127905,0.9706,0.997,0.1184,6.6175,33.4403,29.44785,5.426587,0.9459,0.993,0.2289,0.2289,0.2289,6.6221,101.8246,61.0247,101.8246,61.0247,0.4437,33.4403,0.9459,29.44785,5.426587,-2.3759,-0.004,-0.1105,-0.0047
/kaggle/input/datasets/duc24kdl/sub-x-ray/sub_X-Ray/sub_NIH/00000468_027.png,,sub_NIH,00000468_027.png,ok,512x512 -> 1024x1024,2,1,322.51,37.3289,12.027982,3.468138,0.9763,0.9975,0.0918,5.9997,34.1695,24.895904,4.98958,0.963,0.9941,0.2004,0.2004,0.2004,6.0209,110.2472,54.9262,110.2472,54.9262,0.3488,34.1695,0.963,24.895904,4.98958,-3.1594,-0.0034,-0.1085,-0.0211
/kaggle/input/datasets/duc24kdl/sub-x-ray/sub_X-Ray/sub_NIH/00000468_033.png,,sub_NIH,00000468_033.png,ok,512x512 -> 1024x1024,2,1,321.81,41.7273,4.368725,2.090149,0.9529,0.9958,0.1433,5.911,39.6741,7.009197,2.647489,0.9259,0.9906,0.2914,0.2914,0.2914,6.5486,100.0522,69.1981,100.0522,69.1981,0.1666,39.6741,0.9259,7.009197,2.647489,-2.0531,-0.0052,-0.1481,-0.6376
/kaggle/input/datasets/duc24kdl/sub-x-ray/sub_X-Ray/sub_NIH/00000468_040.png,,sub_NIH,00000468_040.png,ok,512x512 -> 1024x1024,2,1,320.5,42.9429,3.302121,1.817174,0.9683,0.9972,0.1134,6.2086,40.6747,5.56683,2.359413,0.9395,0.9934,0.2376,0.2376,0.2376,6.825,88.9589,71.8193,88.9589,71.8193,0.1452,40.6747,0.9395,5.56683,2.359413,-2.2681,-0.0038,-0.1242,-0.6164
/kaggle/input/datasets/duc24kdl/sub-x-ray/sub_X-Ray/sub_NIH/00000468_043.png,,sub_NIH,00000468_043.png,ok,512x512 -> 1024x1024,2,1,322.52,39.3439,7.562956,2.750083,0.987,0.9984,0.0679,7.7474,37.4595,11.671731,3.416392,0.9827,0.9971,0.1601,0.1601,0.1601,7.1749,134.8607,51.3721,134.8607,51.3721,0.2234,37.4595,0.9827,11.671731,3.416392,-1.8844,-0.0013,-0.0922,0.5726
/kaggle/input/datasets/duc24kdl/sub-x-ray/sub_X-Ray/sub_NIH/00000468_046.png,,sub_NIH,00000468_046.png,ok,512x512 -> 1024x1024,2,1,322.54,40.3716,5.969219,2.443198,0.9828,0.9981,0.0726,7.3462,38.1567,9.940466,3.15285,0.9745,0.9961,0.1799,0.1799,0.1799,6.9261,137.2909,50.6076,137.2909,50.6076,0.2726,38.1567,0.9745,9.940466,3.15285,-2.2149,-0.002,-0.1073,0.4201
/kaggle/input/datasets/duc24kdl/sub-x-ray/sub_X-Ray/sub_NIH/00000468_053.png,,sub_NIH,00000468_053.png,ok,512x512 -> 1024x1024,2,1,323.2,39.2372,7.751084,2.784077,0.9901,0.9987,0.0437,8.2518,37.3739,11.904056,3.450226,0.9878,0.9979,0.1189,0.1189,0.1189,7.288,147.998,57.612,147.998,57.612,0.1022,37.3739,0.9878,11.904056,3.450226,-1.8633,-0.0007,-0.0752,0.9638
/kaggle/input/datasets/duc24kdl/sub-x-ray/sub_X-Ray/sub_NIH/00000468_054.png,,sub_NIH,00000468_054.png,ok,512x512 -> 1024x1024,2,1,321.81,34.6906,22.081091,4.699052,0.9832,0.9981,0.0713,6.8408,31.4676,46.37895,6.810209,0.973,0.9957,0.1739,0.1739,0.1739,6.7138,115.2461,65.4047,115.2461,65.4047,0.3035,31.4676,0.973,46.37895,6.810209,-3.223,-0.0024,-0.1026,0.127
/kaggle/input/datasets/duc24kdl/sub-x-ray/sub_X-Ray/sub_NIH/00000468_055.png,,sub_NIH,00000468_055.png,ok,512x512 -> 1024x1024,2,1,322.12,40.3774,5.961328,2.441583,0.9849,0.9983,0.0773,7.3864,38.09,10.094512,3.177186,0.977,0.9965,0.1851,0.1851,0.1851,7.1267,109.9182,53.7539,109.9182,53.7539,0.2348,38.09,0.977,10.094512,3.177186,-2.2874,-0.0018,-0.1079,0.2598
/kaggle/input/datasets/duc24kdl/sub-x-ray/sub_X-Ray/sub_NIH/00000468_058.png,,sub_NIH,00000468_058.png,ok,512x512 -> 1024x1024,2,1,322.5,35.0725,20.222282,4.496919,0.9861,0.9982,0.0673,7.6643,33.0327,32.345055,5.687271,0.9772,0.9951,0.1641,0.1641,0.1641,6.9303,156.6031,49.2048,156.6031,49.2048,0.3265,33.0327,0.9772,32.345055,5.687271,-2.0398,-0.003,-0.0968,0.734
/kaggle/input/datasets/duc24kdl/sub-x-ray/sub_X-Ray/sub_NIH/00000475_000.png,,sub_NIH,00000475_000.png,ok,512x512 -> 1024x1024,2,1,322.32,37.7942,10.805873,3.287229,0.9846,0.9983,0.0571,6.7057,35.4017,18.745989,4.329664,0.9763,0.9955,0.1485,0.1485,0.1485,6.0472,168.9406,64.1332,168.9406,64.1332,0.2646,35.4017,0.9763,18.745989,4.329664,-2.3925,-0.0027,-0.0914,0.6585
/kaggle/input/datasets/duc24kdl/sub-x-ray/sub_X-Ray/sub_NIH/00000476_000.png,,sub_NIH,00000476_000.png,ok,512x512 -> 1024x1024,2,1,323.82,41.7933,4.302803,2.07432,0.9639,0.9968,0.1283,6.1778,39.4002,7.465441,2.732296,0.9428,0.9931,0.2614,0.2614,0.2614,6.6877,105.675,68.2325,105.675,68.2325,0.2045,39.4002,0.9428,7.465441,2.732296,-2.393,-0.0037,-0.1331,-0.5099
/kaggle/input/datasets/duc24kdl/sub-x-ray/sub_X-Ray/sub_NIH/00000477_000.png,,sub_NIH,00000477_000.png,ok,512x512 -> 1024x1024,2,1,324.09,36.8815,13.333144,3.651458,0.9816,0.9981,0.0715,6.9913,36.1695,15.708441,3.963388,0.9747,0.9962,0.1727,0.1727,0.1727,6.4727,162.7519,59.6454,162.7519,59.6454,0.3326,36.1695,0.9747,15.708441,3.963388,-0.712,-0.0019,-0.1012,0.5187
/kaggle/input/datasets/duc24kdl/sub-x-ray/sub_X-Ray/sub_NIH/00000478_002.png,,sub_NIH,00000478_002.png,ok,512x512 -> 1024x1024,2,1,323.15,40.4013,5.928598,2.434871,0.9595,0.9963,0.1484,6.2601,38.4732,9.241851,3.040041,0.9407,0.992,0.2905,0.2905,0.2905,6.4971,112.1129,69.4087,112.1129,69.4087,0.1837,38.4732,0.9407,9.241851,3.040041,-1.9281,-0.0043,-0.1421,-0.237
/kaggle/input/datasets/duc24kdl/sub-x-ray/sub_X-Ray/sub_NIH/00000479_000.png,,sub_NIH,00000479_000.png,ok,512x512 -> 1024x1024,2,1,324.41,40.3325,6.023272,2.454235,0.9687,0.997,0.1187,6.4201,37.8868,10.577809,3.252354,0.9567,0.9934,0.2413,0.2413,0.2413,6.0379,130.1051,68.1163,130.1051,68.1163,0.2012,37.8868,0.9567,10.577809,3.252354,-2.4456,-0.0036,-0.1226,0.3822
/kaggle/input/datasets/duc24kdl/sub-x-ray/sub_X-Ray/sub_NIH/00000483_000.png,,sub_NIH,00000483_000.png,ok,512x512 -> 1024x1024,2,1,322.32,42.4117,3.731774,1.93178,0.9747,0.9974,0.1101,7.023,36.509,14.527072,3.81144,0.9626,0.9944,0.2381,0.2381,0.2381,6.3356,138.9845,46.7077,138.9845,46.7077,0.2104,36.509,0.9626,14.527072,3.81144,-5.9026,-0.003,-0.1279,0.6874
/kaggle/input/datasets/duc24kdl/sub-x-ray/sub_X-Ray/sub_NIH/00000488_000.png,,sub_NIH,00000488_000.png,ok,512x512 -> 1024x1024,2,1,321.49,39.8365,6.7519,2.598442,0.986,0.9983,0.0696,7.9669,36.6116,14.188036,3.766701,0.9807,0.9969,0.174,0.174,0.174,6.9745,133.3632,49.9024,133.3632,49.9024,0.1806,36.6116,0.9807,14.188036,3.766701,-3.225,-0.0014,-0.1044,0.9923
/kaggle/input/datasets/duc24kdl/sub-x-ray/sub_X-Ray/sub_NIH/00000489_000.png,,sub_NIH,00000489_000.png,ok,512x512 -> 1024x1024,2,1,323.3,33.8902,26.549959,5.152665,0.9794,0.998,0.0838,6.8857,32.4421,37.057428,6.087481,0.9691,0.9956,0.1936,0.1936,0.1936,6.7167,163.0715,56.5246,163.0715,56.5246,0.2813,32.4421,0.9691,37.057428,6.087481,-1.4481,-0.0024,-0.1098,0.169
/kaggle/input/datasets/duc24kdl/sub-x-ray/sub_X-Ray/sub_NIH/00000490_000.png,,sub_NIH,00000490_000.png,ok,512x512 -> 1024x1024,2,1,323.06,41.6266,4.471115,2.114501,0.9534,0.9959,0.1533,6.4536,39.7767,6.845579,2.616406,0.9328,0.9912,0.3042,0.3042,0.3042,6.7001,115.0692,62.9648,115.0692,62.9648,0.151,39.7767,0.9328,6.845579,2.616406,-1.8499,-0.0046,-0.1509,-0.2465
/kaggle/input/datasets/duc24kdl/sub-x-ray/sub_X-Ray/sub_NIH/00000490_005.png,,sub_NIH,00000490_005.png,ok,512x512 -> 1024x1024,2,1,325.25,34.6654,22.20956,4.712702,0.9866,0.9982,0.0646,6.8206,32.3924,37.483905,6.12241,0.9809,0.9957,0.1603,0.1603,0.1603,6.5096,164.6836,37.6634,164.6836,37.6634,0.234,32.3924,0.9809,37.483905,6.12241,-2.273,-0.0025,-0.0957,0.311
/kaggle/input/datasets/duc24kdl/sub-x-ray/sub_X-Ray/sub_NIH/00000491_001.png,,sub_NIH,00000491_001.png,ok,512x512 -> 1024x1024,2,1,323.03,37.5527,11.423885,3.379924,0.9731,0.9974,0.1083,5.8922,35.1206,19.999463,4.472076,0.955,0.9934,0.2363,0.2363,0.2363,6.0904,103.401,53.266,103.401,53.266,0.2754,35.1206,0.955,19.999463,4.472076,-2.432,-0.004,-0.1279,-0.1982
/kaggle/input/datasets/duc24kdl/sub-x-ray/sub_X-Ray/sub_NIH/00000491_003.png,,sub_NIH,00000491_003.png,ok,512x512 -> 1024x1024,2,1,323.11,43.8248,2.695229,1.641715,0.9749,0.9974,0.0935,6.8837,40.7472,5.474686,2.339805,0.9593,0.9938,0.2262,0.2262,0.2262,6.4707,89.1614,50.1765,89.1614,50.1765,0.244,40.7472,0.9593,5.474686,2.339805,-3.0776,-0.0036,-0.1327,0.413
/kaggle/input/datasets/duc24kdl/sub-x-ray/sub_X-Ray/sub_NIH/00000491_004.png,,sub_NIH,00000491_004.png,ok,512x512 -> 1024x1024,2,1,321.76,34.312,24.092338,4.908395,0.9747,0.9974,0.1056,5.9199,32.3977,37.437816,6.118645,0.9421,0.9925,0.2101,0.2101,0.2101,6.123,86.8945,64.1767,86.8945,64.1767,0.4025,32.3977,0.9421,37.437816,6.118645,-1.9143,-0.005,-0.1045,-0.2031
/kaggle/input/datasets/duc24kdl/sub-x-ray/sub_X-Ray/sub_NIH/00000491_021.png,,sub_NIH,00000491_021.png,ok,512x512 -> 1024x1024,2,1,322.19,36.8606,13.397281,3.66023,0.985,0.9983,0.0703,7.2378,34.7949,21.557184,4.642971,0.9802,0.9968,0.1841,0.1841,0.1841,7.2263,162.613,46.2139,162.613,46.2139,0.0954,34.7949,0.9802,21.557184,4.642971,-2.0658,-0.0015,-0.1138,0.0115
/kaggle/input/datasets/duc24kdl/sub-x-ray/sub_X-Ray/sub_NIH/00000491_024.png,,sub_NIH,00000491_024.png,ok,512x512 -> 1024x1024,2,1,322.96,37.5095,11.538012,3.396765,0.9864,0.9984,0.0662,6.9776,35.6762,17.598068,4.195005,0.9712,0.9962,0.1591,0.1591,0.1591,7.0159,95.4163,64.7971,95.4163,64.7971,0.4276,35.6762,0.9712,17.598068,4.195005,-1.8333,-0.0023,-0.0929,-0.0383
/kaggle/input/datasets/duc24kdl/sub-x-ray/sub_X-Ray/sub_NIH/00000492_000.png,,sub_NIH,00000492_000.png,ok,512x512 -> 1024x1024,2,1,322.66,41.466,4.639546,2.153961,0.9632,0.9966,0.1215,6.1974,38.9739,8.235515,2.869759,0.9467,0.9928,0.2482,0.2482,0.2482,6.4009,99.892,61.7433,99.892,61.7433,0.2856,38.9739,0.9467,8.235515,2.869759,-2.4922,-0.0038,-0.1267,-0.2035
/kaggle/input/datasets/duc24kdl/sub-x-ray/sub_X-Ray/sub_NIH/00000492_001.png,,sub_NIH,00000492_001.png,ok,512x512 -> 1024x1024,2,1,322.38,39.4444,7.389868,2.718431,0.9884,0.9985,0.0483,6.7652,37.3756,11.899308,3.449537,0.9839,0.9972,0.1264,0.1264,0.1264,6.4121,150.7277,54.4644,150.7277,54.4644,0.0962,37.3756,0.9839,11.899308,3.449537,-2.0688,-0.0013,-0.078,0.353
/kaggle/input/datasets/duc24kdl/sub-x-ray/sub_X-Ray/sub_NIH/00000493_000.png,,sub_NIH,00000493_000.png,ok,512x512 -> 1024x1024,2,1,322.54,38.4408,9.310987,3.051391,0.9901,0.9986,0.0499,7.6297,36.5189,14.493974,3.807095,0.9877,0.9979,0.1318,0.1318,0.1318,7.2539,161.4287,45.1906,161.4287,45.1906,0.1038,36.5189,0.9877,14.493974,3.807095,-1.9219,-0.0007,-0.0819,0.3758
/kaggle/input/datasets/duc24kdl/sub-x-ray/sub_X-Ray/sub_NIH/00000494_003.png,,sub_NIH,00000494_003.png,ok,512x512 -> 1024x1024,2,1,322.85,36.9327,13.176749,3.629979,0.9823,0.998,0.0663,6.4502,34.8951,21.065482,4.589715,0.9733,0.995,0.1563,0.1563,0.1563,6.1149,154.526,69.1709,154.526,69.1709,0.4216,34.8951,0.9733,21.065482,4.589715,-2.0376,-0.003,-0.09,0.3353
/kaggle/input/datasets/duc24kdl/sub-x-ray/sub_X-Ray/sub_NIH/00000494_004.png,,sub_NIH,00000494_004.png,ok,512x512 -> 1024x1024,2,1,323.4,41.0029,5.161657,2.271928,0.9616,0.9965,0.1409,6.5883,38.1289,10.004357,3.162966,0.9438,0.9925,0.2807,0.2807,0.2807,6.3787,129.4302,70.1412,129.4302,70.1412,0.2257,38.1289,0.9438,10.004357,3.162966,-2.874,-0.004,-0.1398,0.2096
/kaggle/input/datasets/duc24kdl/sub-x-ray/sub_X-Ray/sub_NIH/00000494_006.png,,sub_NIH,00000494_006.png,ok,512x512 -> 1024x1024,2,1,322.24,41.0995,5.048098,2.246797,0.9626,0.9966,0.1288,6.3258,38.4688,9.25122,3.041582,0.9412,0.9923,0.2624,0.2624,0.2624,6.3813,105.3833,73.7674,105.3833,73.7674,0.2181,38.4688,0.9412,9.25122,3.041582,-2.6307,-0.0043,-0.1336,-0.0555
/kaggle/input/datasets/duc24kdl/sub-x-ray/sub_X-Ray/sub_NIH/00000494_007.png,,sub_NIH,00000494_007.png,ok,512x512 -> 1024x1024,2,1,321.62,39.8725,6.696214,2.587704,0.956,0.996,0.1442,6.7812,37.0804,12.736322,3.568798,0.936,0.9911,0.2913,0.2913,0.2913,6.5603,113.8976,64.7073,113.8976,64.7073,0.2094,37.0804,0.936,12.736322,3.568798,-2.7921,-0.0049,-0.1471,0.2209
/kaggle/input/datasets/duc24kdl/sub-x-ray/sub_X-Ray/sub_NIH/00000495_000.png,,sub_NIH,00000495_000.png,ok,512x512 -> 1024x1024,2,1,321.98,36.3495,15.070446,3.882067,0.9817,0.998,0.0724,6.4582,34.8194,21.435912,4.629893,0.974,0.996,0.1649,0.1649,0.1649,6.3916,164.7817,52.3929,164.7817,52.3929,0.2132,34.8194,0.974,21.435912,4.629893,-1.5302,-0.0021,-0.0925,0.0666
/kaggle/input/datasets/duc24kdl/sub-x-ray/sub_X-Ray/sub_NIH/00000498_001.png,,sub_NIH,00000498_001.png,ok,512x512 -> 1024x1024,2,1,324.01,44.3903,2.366198,1.538245,0.9702,0.9969,0.1052,7.1117,42.403,3.739246,1.933713,0.9575,0.9937,0.2282,0.2282,0.2282,6.996,111.238,31.6028,111.238,31.6028,0.1966,42.403,0.9575,3.739246,1.933713,-1.9873,-0.0032,-0.123,0.1157
/kaggle/input/datasets/duc24kdl/sub-x-ray/sub_X-Ray/sub_NIH/00000499_001.png,,sub_NIH,00000499_001.png,ok,512x512 -> 1024x1024,2,1,322.77,39.5219,7.259241,2.694298,0.989,0.9986,0.0502,8.2243,37.626,11.232581,3.351504,0.9859,0.9976,0.1344,0.1344,0.1344,7.2173,147.1318,56.2679,147.1318,56.2679,0.1364,37.626,0.9859,11.232581,3.351504,-1.8959,-0.0009,-0.0842,1.007
/kaggle/input/datasets/duc24kdl/sub-x-ray/sub_X-Ray/sub_NIH/00000499_010.png,,sub_NIH,00000499_010.png,ok,512x512 -> 1024x1024,2,1,321.89,43.7651,2.732537,1.653039,0.9744,0.9976,0.0995,6.7123,41.0988,5.048899,2.246976,0.9652,0.9951,0.2082,0.2082,0.2082,6.501,96.8989,65.1225,96.8989,65.1225,0.1729,41.0988,0.9652,5.048899,2.246976,-2.6663,-0.0025,-0.1087,0.2113
/kaggle/input/datasets/duc24kdl/sub-x-ray/sub_X-Ray/sub_NIH/00000499_012.png,,sub_NIH,00000499_012.png,ok,512x512 -> 1024x1024,2,1,322.14,36.4524,14.717872,3.836388,0.9853,0.9982,0.0562,7.0994,33.355,30.031968,5.480143,0.9739,0.9961,0.146,0.146,0.146,6.5386,142.3138,61.1554,142.3138,61.1554,0.384,33.355,0.9739,30.031968,5.480143,-3.0974,-0.0022,-0.0898,0.5608
/kaggle/input/datasets/duc24kdl/sub-x-ray/sub_X-Ray/sub_NIH/00000500_006.png,,sub_NIH,00000500_006.png,ok,512x512 -> 1024x1024,2,1,323.04,41.9539,4.146591,2.036318,0.963,0.9967,0.1364,6.3934,39.3881,7.486308,2.736112,0.9461,0.993,0.2756,0.2756,0.2756,6.264,132.3409,66.6006,132.3409,66.6006,0.1752,39.3881,0.9461,7.486308,2.736112,-2.5658,-0.0036,-0.1392,0.1293
/kaggle/input/datasets/duc24kdl/sub-x-ray/sub_X-Ray/sub_NIH/00000500_007.png,,sub_NIH,00000500_007.png,ok,512x512 -> 1024x1024,2,1,323.8,39.846,6.737253,2.595622,0.9591,0.9963,0.1492,6.6589,38.1844,9.877431,3.142838,0.9431,0.9925,0.2902,0.2902,0.2902,6.3303,137.1131,68.8999,137.1131,68.8999,0.1979,38.1844,0.9431,9.877431,3.142838,-1.6616,-0.0038,-0.1409,0.3285
/kaggle/input/datasets/duc24kdl/sub-x-ray/sub_X-Ray/sub_NIH/00000502_000.png,,sub_NIH,00000502_000.png,ok,512x512 -> 1024x1024,2,1,323.08,43.3447,3.010333,1.735031,0.9857,0.9983,0.0608,6.7273,39.9427,6.588821,2.56687,0.9793,0.9966,0.1664,0.1664,0.1664,6.5807,162.842,49.3842,162.842,49.3842,0.2142,39.9427,0.9793,6.588821,2.56687,-3.4019,-0.0018,-0.1056,0.1465
/kaggle/input/datasets/duc24kdl/sub-x-ray/sub_X-Ray/sub_NIH/00000502_013.png,,sub_NIH,00000502_013.png,ok,512x512 -> 1024x1024,2,1,323.22,39.3,7.639804,2.76402,0.9835,0.9981,0.0818,7.6828,35.2189,19.552137,4.42178,0.9769,0.9963,0.1951,0.1951,0.1951,6.8082,135.991,41.3119,135.991,41.3119,0.1058,35.2189,0.9769,19.552137,4.42178,-4.0811,-0.0018,-0.1133,0.8745
/kaggle/input/datasets/duc24kdl/sub-x-ray/sub_X-Ray/sub_NIH/00000506_006.png,,sub_NIH,00000506_006.png,ok,512x512 -> 1024x1024,2,1,322.73,39.5722,7.175688,2.678748,0.9837,0.9982,0.0736,7.8425,36.7075,13.878085,3.72533,0.9767,0.9963,0.1697,0.1697,0.1697,6.904,125.8045,56.0348,125.8045,56.0348,0.1448,36.7075,0.9767,13.878085,3.72533,-2.8647,-0.0018,-0.0961,0.9385
/kaggle/input/datasets/duc24kdl/sub-x-ray/sub_X-Ray/sub_NIH/00000506_013.png,,sub_NIH,00000506_013.png,ok,512x512 -> 1024x1024,2,1,320.53,35.9985,16.339119,4.042168,0.9877,0.9983,0.0516,7.6456,33.7645,27.329146,5.227729,0.9826,0.9962,0.1342,0.1342,0.1342,6.8716,149.9326,57.048,149.9326,57.048,0.2853,33.7645,0.9826,27.329146,5.227729,-2.234,-0.0022,-0.0826,0.774
/kaggle/input/datasets/duc24kdl/sub-x-ray/sub_X-Ray/sub_NIH/00000506_016.png,,sub_NIH,00000506_016.png,ok,512x512 -> 1024x1024,2,1,321.03,38.0972,10.077686,3.174537,0.9842,0.9981,0.0754,8.0967,36.4945,14.575783,3.817824,0.9791,0.9966,0.1914,0.1914,0.1914,7.9188,111.9172,47.341,111.9172,47.341,0.3877,36.4945,0.9791,14.575783,3.817824,-1.6027,-0.0015,-0.116,0.1779
/kaggle/input/datasets/duc24kdl/sub-x-ray/sub_X-Ray/sub_NIH/00000506_017.png,,sub_NIH,00000506_017.png,ok,512x512 -> 1024x1024,2,1,322.86,42.1991,3.918951,1.979634,0.9626,0.9966,0.1273,6.2585,39.4772,7.334382,2.708206,0.9465,0.9927,0.2595,0.2595,0.2595,6.8637,100.4075,72.7628,100.4075,72.7628,0.1817,39.4772,0.9465,7.334382,2.708206,-2.7219,-0.004,-0.1322,-0.6052
/kaggle/input/datasets/duc24kdl/sub-x-ray/sub_X-Ray/sub_NIH/00000506_018.png,,sub_NIH,00000506_018.png,ok,512x512 -> 1024x1024,2,1,321.52,43.8024,2.709182,1.645959,0.9675,0.997,0.1218,6.6638,41.5139,4.588682,2.142121,0.943,0.993,0.253,0.253,0.253,7.3243,79.1872,68.0487,79.1872,68.0487,0.1608,41.5139,0.943,4.588682,2.142121,-2.2885,-0.004,-0.1312,-0.6605
/kaggle/input/datasets/duc24kdl/sub-x-ray/sub_X-Ray/sub_NIH/00000506_019.png,,sub_NIH,00000506_019.png,ok,512x512 -> 1024x1024,2,1,321.5,39.2427,7.741262,2.782312,0.9854,0.9983,0.0591,6.5933,37.4058,11.81671,3.437544,0.9757,0.9956,0.1391,0.1391,0.1391,6.3725,136.1112,76.9216,136.1112,76.9216,0.5333,37.4058,0.9757,11.81671,3.437544,-1.8368,-0.0026,-0.08,0.2208
/kaggle/input/datasets/duc24kdl/sub-x-ray/sub_X-Ray/sub_NIH/00000506_021.png,,sub_NIH,00000506_021.png,ok,512x512 -> 1024x1024,2,1,320.81,37.3805,11.885955,3.447601,0.9852,0.9982,0.0676,7.4629,35.4014,18.747378,4.329824,0.9763,0.9963,0.166,0.166,0.166,6.9413,122.8287,60.1401,122.8287,60.1401,0.3356,35.4014,0.9763,18.747378,4.329824,-1.9791,-0.0019,-0.0984,0.5216
/kaggle/input/datasets/duc24kdl/sub-x-ray/sub_X-Ray/sub_NIH/00000506_024.png,,sub_NIH,00000506_024.png,ok,512x512 -> 1024x1024,2,1,321.43,36.0397,16.18488,4.023044,0.9869,0.9984,0.0603,7.3108,34.0093,25.831471,5.082467,0.9789,0.9966,0.1494,0.1494,0.1494,7.067,113.7138,63.9865,113.7138,63.9865,0.3549,34.0093,0.9789,25.831471,5.082467,-2.0304,-0.0018,-0.0891,0.2437
/kaggle/input/datasets/duc24kdl/sub-x-ray/sub_X-Ray/sub_NIH/00000506_028.png,,sub_NIH,00000506_028.png,ok,512x512 -> 1024x1024,2,1,321.25,37.8428,10.685561,3.268878,0.984,0.9981,0.0734,7.8013,35.9228,16.626364,4.077544,0.9771,0.9964,0.1775,0.1775,0.1775,7.5866,113.9667,58.4911,113.9667,58.4911,0.3609,35.9228,0.9771,16.626364,4.077544,-1.92,-0.0018,-0.1042,0.2147
/kaggle/input/datasets/duc24kdl/sub-x-ray/sub_X-Ray/sub_NIH/00000506_031.png,,sub_NIH,00000506_031.png,ok,512x512 -> 1024x1024,2,1,321.13,39.4363,7.403766,2.720986,0.9863,0.9984,0.0644,8.2883,37.6584,11.149051,3.339019,0.9751,0.9968,0.1585,0.1585,0.1585,7.7817,111.0342,64.3543,111.0342,64.3543,0.3284,37.6584,0.9751,11.149051,3.339019,-1.7779,-0.0016,-0.0942,0.5066
/kaggle/input/datasets/duc24kdl/sub-x-ray/sub_X-Ray/sub_NIH/00000510_000.png,,sub_NIH,00000510_000.png,ok,512x512 -> 1024x1024,2,1,324.06,38.4195,9.356903,3.058905,0.9845,0.9983,0.0608,6.5726,34.8176,21.444559,4.630827,0.9764,0.9959,0.16,0.16,0.16,6.2119,157.4465,60.8755,157.4465,60.8755,0.1768,34.8176,0.9764,21.444559,4.630827,-3.6018,-0.0024,-0.0991,0.3607
/kaggle/input/datasets/duc24kdl/sub-x-ray/sub_X-Ray/sub_NIH/00000511_000.png,,sub_NIH,00000511_000.png,ok,512x512 -> 1024x1024,2,1,319.92,41.6541,4.442967,2.107835,0.9639,0.9967,0.1343,6.8192,38.9506,8.279869,2.877476,0.9498,0.9931,0.2764,0.2764,0.2764,6.4662,128.3356,63.3794,128.3356,63.3794,0.1832,38.9506,0.9498,8.279869,2.877476,-2.7035,-0.0036,-0.142,0.353
/kaggle/input/datasets/duc24kdl/sub-x-ray/sub_X-Ray/sub_NIH/00000511_001.png,,sub_NIH,00000511_001.png,ok,512x512 -> 1024x1024,2,1,321.05,42.3418,3.792321,1.947388,0.9658,0.9969,0.1278,6.5777,39.6888,6.985484,2.643007,0.9498,0.9934,0.2611,0.2611,0.2611,6.5452,120.6353,69.632,120.6353,69.632,0.2003,39.6888,0.9498,6.985484,2.643007,-2.6529,-0.0035,-0.1333,0.0325
/kaggle/input/datasets/duc24kdl/sub-x-ray/sub_X-Ray/sub_NIH/00000514_005.png,,sub_NIH,00000514_005.png,ok,512x512 -> 1024x1024,2,1,321.7,41.2199,4.910153,2.215886,0.9631,0.9967,0.1219,6.3901,37.7327,10.960076,3.3106,0.9409,0.9921,0.2537,0.2537,0.2537,6.2065,95.1315,64.8493,95.1315,64.8493,0.2645,37.7327,0.9409,10.960076,3.3106,-3.4872,-0.0045,-0.1318,0.1836
/kaggle/input/datasets/duc24kdl/sub-x-ray/sub_X-Ray/sub_NIH/00000515_000.png,,sub_NIH,00000515_000.png,ok,512x512 -> 1024x1024,2,1,322.49,42.4128,3.730758,1.931517,0.9641,0.9967,0.1317,6.1856,39.9566,6.567874,2.562786,0.9467,0.9931,0.2697,0.2697,0.2697,6.152,126.5558,67.7453,126.5558,67.7453,0.1642,39.9566,0.9467,6.567874,2.562786,-2.4563,-0.0037,-0.1381,0.0336
/kaggle/input/datasets/duc24kdl/sub-x-ray/sub_X-Ray/sub_NIH/00000516_000.png,,sub_NIH,00000516_000.png,ok,512x512 -> 1024x1024,2,1,319.78,38.4693,9.250272,3.041426,0.9849,0.9983,0.0608,6.6179,36.3475,15.077489,3.882974,0.9786,0.9963,0.1563,0.1563,0.1563,6.1888,163.7437,62.0739,163.7437,62.0739,0.1285,36.3475,0.9786,15.077489,3.882974,-2.1217,-0.002,-0.0955,0.4291
/kaggle/input/datasets/duc24kdl/sub-x-ray/sub_X-Ray/sub_NIH/00000517_002.png,,sub_NIH,00000517_002.png,ok,512x512 -> 1024x1024,2,1,320.68,41.4567,4.649527,2.156276,0.9658,0.9968,0.1301,6.398,38.9252,8.328396,2.885896,0.9533,0.9931,0.2697,0.2697,0.2697,6.3665,129.4005,57.6264,129.4005,57.6264,0.1891,38.9252,0.9533,8.328396,2.885896,-2.5315,-0.0037,-0.1396,0.0315
/kaggle/input/datasets/duc24kdl/sub-x-ray/sub_X-Ray/sub_NIH/00000517_006.png,,sub_NIH,00000517_006.png,ok,512x512 -> 1024x1024,2,1,322.34,39.6062,7.119603,2.668258,0.953,0.9957,0.1693,6.418,37.854,10.658215,3.264692,0.9351,0.9912,0.336,0.336,0.336,6.697,132.3012,66.0173,132.3012,66.0173,0.1603,37.854,0.9351,10.658215,3.264692,-1.7523,-0.0046,-0.1667,-0.279
/kaggle/input/datasets/duc24kdl/sub-x-ray/sub_X-Ray/sub_NIH/00000522_000.png,,sub_NIH,00000522_000.png,ok,512x512 -> 1024x1024,2,1,319.94,45.0536,2.031032,1.425143,0.991,0.9987,0.0307,7.768,40.3921,5.941108,2.437439,0.9861,0.9972,0.0845,0.0845,0.0845,7.03,158.4288,72.7078,158.4288,72.7078,0.4423,40.3921,0.9861,5.941108,2.437439,-4.6615,-0.0015,-0.0537,0.738
/kaggle/input/datasets/duc24kdl/sub-x-ray/sub_X-Ray/sub_NIH/00000522_005.png,,sub_NIH,00000522_005.png,ok,512x512 -> 1024x1024,2,1,320.43,39.6203,7.096539,2.663933,0.9899,0.9986,0.0431,8.0927,37.5867,11.334835,3.366725,0.9873,0.9979,0.1179,0.1179,0.1179,7.1761,146.888,60.5896,146.888,60.5896,0.1067,37.5867,0.9873,11.334835,3.366725,-2.0337,-0.0008,-0.0747,0.9166
/kaggle/input/datasets/duc24kdl/sub-x-ray/sub_X-Ray/sub_NIH/00000524_002.png,,sub_NIH,00000524_002.png,ok,512x512 -> 1024x1024,2,1,319.65,35.291,19.230056,4.385209,0.9873,0.9984,0.0527,6.4522,32.012,40.914715,6.396461,0.9812,0.9965,0.1443,0.1443,0.1443,6.3321,184.1954,53.7661,184.1954,53.7661,0.1512,32.012,0.9812,40.914715,6.396461,-3.279,-0.002,-0.0916,0.1201
/kaggle/input/datasets/duc24kdl/sub-x-ray/sub_X-Ray/sub_NIH/00000531_006.png,,sub_NIH,00000531_006.png,ok,512x512 -> 1024x1024,2,1,319.29,41.2008,4.93172,2.220748,0.9618,0.9966,0.1411,6.6986,38.8217,8.52915,2.920471,0.9433,0.9927,0.2909,0.2909,0.2909,6.7435,117.247,65.1808,117.247,65.1808,0.195,38.8217,0.9433,8.52915,2.920471,-2.3791,-0.0039,-0.1498,-0.045
/kaggle/input/datasets/duc24kdl/sub-x-ray/sub_X-Ray/sub_NIH/00000533_004.png,,sub_NIH,00000533_004.png,ok,512x512 -> 1024x1024,2,1,321.16,40.0304,6.457209,2.541104,0.9688,0.9971,0.1162,5.9458,38.473,9.242282,3.040112,0.9528,0.9939,0.23,0.23,0.23,6.2386,85.4894,59.6754,85.4894,59.6754,0.438,38.473,0.9528,9.242282,3.040112,-1.5573,-0.0032,-0.1138,-0.2928
/kaggle/input/datasets/duc24kdl/sub-x-ray/sub_X-Ray/sub_NIH/00000538_001.png,,sub_NIH,00000538_001.png,ok,512x512 -> 1024x1024,2,1,320.16,41.2603,4.864599,2.205584,0.9574,0.9962,0.1532,6.6173,39.0645,8.065483,2.839979,0.9411,0.9921,0.303,0.303,0.303,6.6144,126.8835,65.2286,126.8835,65.2286,0.1505,39.0645,0.9411,8.065483,2.839979,-2.1958,-0.0041,-0.1498,0.0028
/kaggle/input/datasets/duc24kdl/sub-x-ray/sub_X-Ray/sub_NIH/00000538_005.png,,sub_NIH,00000538_005.png,ok,512x512 -> 1024x1024,2,1,321.48,40.0359,6.448982,2.539485,0.9563,0.996,0.1644,6.9767,38.0011,10.303271,3.209871,0.9394,0.9918,0.3197,0.3197,0.3197,6.5646,131.8548,68.7694,131.8548,68.7694,0.1866,38.0011,0.9394,10.303271,3.209871,-2.0348,-0.0043,-0.1553,0.4122
/kaggle/input/datasets/duc24kdl/sub-x-ray/sub_X-Ray/sub_NIH/00000539_000.png,,sub_NIH,00000539_000.png,ok,512x512 -> 1024x1024,2,1,320.39,43.2585,3.070661,1.75233,0.9702,0.9973,0.1093,6.5817,40.3327,6.022952,2.45417,0.956,0.994,0.2344,0.2344,0.2344,6.4744,102.4657,63.4538,102.4657,63.4538,0.1504,40.3327,0.956,6.022952,2.45417,-2.9258,-0.0032,-0.1251,0.1073
/kaggle/input/datasets/duc24kdl/sub-x-ray/sub_X-Ray/sub_NIH/00000540_001.png,,sub_NIH,00000540_001.png,ok,512x512 -> 1024x1024,2,1,320.36,35.6157,17.844593,4.224286,0.9745,0.9974,0.1024,6.3627,32.5819,35.882953,5.990238,0.9558,0.9935,0.212,0.212,0.212,5.7911,119.7165,56.2646,119.7165,56.2646,0.4057,32.5819,0.9558,35.882953,5.990238,-3.0338,-0.0039,-0.1096,0.5716
/kaggle/input/datasets/duc24kdl/sub-x-ray/sub_X-Ray/sub_NIH/00000540_002.png,,sub_NIH,00000540_002.png,ok,512x512 -> 1024x1024,2,1,319.83,35.4869,18.381939,4.287416,0.9765,0.9976,0.0841,6.101,32.4883,36.665008,6.055164,0.9622,0.994,0.1951,0.1951,0.1951,5.8523,136.8761,60.1097,136.8761,60.1097,0.4065,32.4883,0.9622,36.665008,6.055164,-2.9986,-0.0035,-0.111,0.2487
/kaggle/input/datasets/duc24kdl/sub-x-ray/sub_X-Ray/sub_NIH/00000541_004.png,,sub_NIH,00000541_004.png,ok,512x512 -> 1024x1024,2,1,319.28,41.7653,4.330596,2.081008,0.963,0.9967,0.1252,6.5814,39.5526,7.208085,2.684788,0.9432,0.9928,0.2491,0.2491,0.2491,6.6468,100.1493,62.9794,100.1493,62.9794,0.2137,39.5526,0.9432,7.208085,2.684788,-2.2127,-0.0038,-0.1238,-0.0655
/kaggle/input/datasets/duc24kdl/sub-x-ray/sub_X-Ray/sub_NIH/00000544_000.png,,sub_NIH,00000544_000.png,ok,512x512 -> 1024x1024,2,1,320.71,43.2155,3.101234,1.761032,0.9647,0.9968,0.1327,6.616,40.6116,5.648363,2.376628,0.9506,0.9932,0.2702,0.2702,0.2702,6.5436,113.1419,69.115,113.1419,69.115,0.1344,40.6116,0.9506,5.648363,2.376628,-2.6039,-0.0036,-0.1375,0.0724
/kaggle/input/datasets/duc24kdl/sub-x-ray/sub_X-Ray/sub_NIH/00000545_000.png,,sub_NIH,00000545_000.png,ok,512x512 -> 1024x1024,2,1,321.24,42.0516,4.054349,2.013541,0.962,0.9966,0.1473,6.6527,39.9891,6.518889,2.553212,0.9467,0.9931,0.2936,0.2936,0.2936,6.4804,145.2436,64.6928,145.2436,64.6928,0.113,39.9891,0.9467,6.518889,2.553212,-2.0625,-0.0035,-0.1463,0.1723
/kaggle/input/datasets/duc24kdl/sub-x-ray/sub_X-Ray/sub_NIH/00000545_004.png,,sub_NIH,00000545_004.png,ok,512x512 -> 1024x1024,2,1,319.71,37.0824,12.730265,3.56795,0.9833,0.9982,0.0712,6.7439,34.853,21.270526,4.611998,0.9755,0.9958,0.1818,0.1818,0.1818,6.3925,165.9185,52.219,165.9185,52.219,0.1265,34.853,0.9755,21.270526,4.611998,-2.2294,-0.0024,-0.1106,0.3514
/kaggle/input/datasets/duc24kdl/sub-x-ray/sub_X-Ray/sub_NIH/00000547_001.png,,sub_NIH,00000547_001.png,ok,512x512 -> 1024x1024,2,1,318.54,47.9321,1.046827,1.023146,0.987,0.9984,0.0586,7.5303,45.3034,1.917518,1.384745,0.9829,0.9971,0.1559,0.1559,0.1559,6.6532,168.7433,42.3758,168.7433,42.3758,0.2071,45.3034,0.9829,1.917518,1.384745,-2.6286,-0.0013,-0.0973,0.8771
/kaggle/input/datasets/duc24kdl/sub-x-ray/sub_X-Ray/sub_NIH/00000547_003.png,,sub_NIH,00000547_003.png,ok,512x512 -> 1024x1024,2,1,319.81,38.2409,9.749782,3.122464,0.9854,0.9983,0.067,6.456,36.1935,15.621936,3.95246,0.9799,0.9967,0.1626,0.1626,0.1626,6.5632,162.9655,56.5574,162.9655,56.5574,0.1409,36.1935,0.9799,15.621936,3.95246,-2.0474,-0.0017,-0.0956,-0.1072
/kaggle/input/datasets/duc24kdl/sub-x-ray/sub_X-Ray/sub_NIH/00000547_006.png,,sub_NIH,00000547_006.png,ok,512x512 -> 1024x1024,2,1,320.78,42.2043,3.914255,1.978448,0.9598,0.9964,0.1542,6.7024,39.8589,6.717205,2.591757,0.9419,0.9928,0.3058,0.3058,0.3058,6.7847,125.6581,68.0812,125.6581,68.0812,0.147,39.8589,0.9419,6.717205,2.591757,-2.3454,-0.0036,-0.1516,-0.0823
/kaggle/input/datasets/duc24kdl/sub-x-ray/sub_X-Ray/sub_NIH/00000547_009.png,,sub_NIH,00000547_009.png,ok,512x512 -> 1024x1024,2,1,319.59,42.1835,3.933093,1.983203,0.9604,0.9964,0.155,6.6193,39.9178,6.626817,2.57426,0.945,0.9928,0.3052,0.3052,0.3052,6.6259,126.2946,73.857,126.2946,73.857,0.1554,39.9178,0.945,6.626817,2.57426,-2.2657,-0.0036,-0.1502,-0.0066
/kaggle/input/datasets/duc24kdl/sub-x-ray/sub_X-Ray/sub_NIH/00000549_003.png,,sub_NIH,00000549_003.png,ok,512x512 -> 1024x1024,2,1,321.12,40.6206,5.636634,2.37416,0.9582,0.9962,0.1577,6.3922,38.6965,8.778714,2.96289,0.9429,0.9925,0.3101,0.3101,0.3101,6.4561,144.0668,64.8357,144.0668,64.8357,0.1346,38.6965,0.9429,8.778714,2.96289,-1.9241,-0.0038,-0.1524,-0.0639
/kaggle/input/datasets/duc24kdl/sub-x-ray/sub_X-Ray/sub_NIH/00000555_000.png,,sub_NIH,00000555_000.png,ok,512x512 -> 1024x1024,2,1,320.51,44.2311,2.454537,1.566696,0.983,0.9981,0.0642,6.67,41.2918,4.829533,2.19762,0.9736,0.9953,0.1737,0.1737,0.1737,6.1197,165.7075,52.2698,165.7075,52.2698,0.3931,41.2918,0.9736,4.829533,2.19762,-2.9394,-0.0028,-0.1095,0.5503
/kaggle/input/datasets/duc24kdl/sub-x-ray/sub_X-Ray/sub_NIH/00000560_002.png,,sub_NIH,00000560_002.png,ok,512x512 -> 1024x1024,2,1,319.07,38.4723,9.243827,3.040366,0.9837,0.9981,0.0823,6.933,36.4465,14.737728,3.838975,0.9779,0.9964,0.1961,0.1961,0.1961,7.0902,123.8421,43.5197,123.8421,43.5197,0.2622,36.4465,0.9779,14.737728,3.838975,-2.0258,-0.0017,-0.1139,-0.1571
/kaggle/input/datasets/duc24kdl/sub-x-ray/sub_X-Ray/sub_NIH/00000561_000.png,,sub_NIH,00000561_000.png,ok,512x512 -> 1024x1024,2,1,319.53,41.1001,5.047455,2.246654,0.9781,0.9977,0.0875,6.2501,37.2137,12.351226,3.514431,0.9661,0.9946,0.2008,0.2008,0.2008,6.0639,128.3849,57.6316,128.3849,57.6316,0.3134,37.2137,0.9661,12.351226,3.514431,-3.8864,-0.0031,-0.1133,0.1861
/kaggle/input/datasets/duc24kdl/sub-x-ray/sub_X-Ray/sub_NIH/00000561_001.png,,sub_NIH,00000561_001.png,ok,512x512 -> 1024x1024,2,1,318.67,40.7376,5.486847,2.342402,0.976,0.9976,0.0953,6.613,35.8555,16.88622,4.109285,0.9624,0.9945,0.2131,0.2131,0.2131,6.2032,126.8565,54.3902,126.8565,54.3902,0.158,35.8555,0.9624,16.88622,4.109285,-4.8821,-0.003,-0.1178,0.4099
/kaggle/input/datasets/duc24kdl/sub-x-ray/sub_X-Ray/sub_NIH/00000561_002.png,,sub_NIH,00000561_002.png,ok,512x512 -> 1024x1024,2,1,319.76,42.1107,3.999533,1.999883,0.9621,0.9966,0.1368,6.4563,39.5866,7.151913,2.674306,0.9477,0.9929,0.2759,0.2759,0.2759,6.5579,125.0245,63.4961,125.0245,63.4961,0.1392,39.5866,0.9477,7.151913,2.674306,-2.5241,-0.0036,-0.1391,-0.1016
/kaggle/input/datasets/duc24kdl/sub-x-ray/sub_X-Ray/sub_NIH/00000564_000.png,,sub_NIH,00000564_000.png,ok,512x512 -> 1024x1024,2,1,320.47,45.8571,1.687992,1.299228,0.9868,0.9984,0.0555,7.0757,41.8262,4.270315,2.066474,0.9803,0.9965,0.1523,0.1523,0.1523,6.7372,154.3332,51.3934,154.3332,51.3934,0.3245,41.8262,0.9803,4.270315,2.066474,-4.0309,-0.0019,-0.0968,0.3384
/kaggle/input/datasets/duc24kdl/sub-x-ray/sub_X-Ray/sub_NIH/00000566_001.png,,sub_NIH,00000566_001.png,ok,512x512 -> 1024x1024,2,1,319.51,36.6452,14.078754,3.752167,0.9815,0.9981,0.0784,6.4327,34.9497,20.802246,4.560948,0.9734,0.996,0.1748,0.1748,0.1748,6.5506,158.9904,69.4576,158.9904,69.4576,0.33,34.9497,0.9734,20.802246,4.560948,-1.6955,-0.0021,-0.0963,-0.1179
/kaggle/input/datasets/duc24kdl/sub-x-ray/sub_X-Ray/sub_NIH/00000566_004.png,,sub_NIH,00000566_004.png,ok,512x512 -> 1024x1024,2,1,318.87,36.7189,13.841693,3.720443,0.985,0.9983,0.0649,6.9883,33.9885,25.955403,5.094645,0.9788,0.9965,0.1605,0.1605,0.1605,6.3852,162.4206,65.0116,162.4206,65.0116,0.1587,33.9885,0.9788,25.955403,5.094645,-2.7304,-0.0017,-0.0956,0.6031
/kaggle/input/datasets/duc24kdl/sub-x-ray/sub_X-Ray/sub_NIH/00000567_000.png,,sub_NIH,00000567_000.png,ok,512x512 -> 1024x1024,2,1,319.71,35.1323,19.94567,4.466058,0.9791,0.9978,0.0873,6.6902,31.6432,44.540776,6.673888,0.9657,0.995,0.2031,0.2031,0.2031,6.0671,150.9075,52.8417,150.9075,52.8417,0.3537,31.6432,0.9657,44.540776,6.673888,-3.4891,-0.0028,-0.1158,0.6231
/kaggle/input/datasets/duc24kdl/sub-x-ray/sub_X-Ray/sub_NIH/00000568_000.png,,sub_NIH,00000568_000.png,ok,512x512 -> 1024x1024,2,1,320.91,36.9057,13.25913,3.641309,0.9865,0.9983,0.0619,7.5467,34.8614,21.229747,4.607575,0.9829,0.9973,0.1581,0.1581,0.1581,6.8889,167.1074,37.5333,167.1074,37.5333,0.1795,34.8614,0.9829,21.229747,4.607575,-2.0443,-0.0011,-0.0962,0.6577
/kaggle/input/datasets/duc24kdl/sub-x-ray/sub_X-Ray/sub_NIH/00000569_004.png,,sub_NIH,00000569_004.png,ok,512x512 -> 1024x1024,2,1,317.86,41.2431,4.883933,2.209962,0.9655,0.9969,0.1265,6.4002,38.8743,8.42659,2.902859,0.9439,0.9929,0.2596,0.2596,0.2596,6.5533,99.1322,67.0822,99.1322,67.0822,0.191,38.8743,0.9439,8.42659,2.902859,-2.3688,-0.004,-0.1331,-0.1531
/kaggle/input/datasets/duc24kdl/sub-x-ray/sub_X-Ray/sub_NIH/00000571_003.png,,sub_NIH,00000571_003.png,ok,512x512 -> 1024x1024,2,1,318.82,42.0208,4.083182,2.020689,0.9628,0.9967,0.142,6.6033,39.4622,7.359769,2.71289,0.9473,0.9929,0.2831,0.2831,0.2831,6.4572,140.2566,67.6419,140.2566,67.6419,0.1663,39.4622,0.9473,7.359769,2.71289,-2.5587,-0.0037,-0.1411,0.1461
/kaggle/input/datasets/duc24kdl/sub-x-ray/sub_X-Ray/sub_NIH/00000571_005.png,,sub_NIH,00000571_005.png,ok,512x512 -> 1024x1024,2,1,320.04,40.5451,5.735501,2.394891,0.9586,0.9963,0.1516,6.6907,37.7592,10.893299,3.3005,0.9399,0.9922,0.2986,0.2986,0.2986,6.4423,138.2874,72.0891,138.2874,72.0891,0.1587,37.7592,0.9399,10.893299,3.3005,-2.7859,-0.0041,-0.147,0.2484
/kaggle/input/datasets/duc24kdl/sub-x-ray/sub_X-Ray/sub_NIH/00000572_000.png,,sub_NIH,00000572_000.png,ok,512x512 -> 1024x1024,2,1,321.56,36.9987,12.978133,3.602518,0.9832,0.9981,0.0676,6.6155,31.7678,43.281253,6.578849,0.9746,0.9954,0.1854,0.1854,0.1854,6.4291,173.6527,46.8152,173.6527,46.8152,0.3108,31.7678,0.9746,43.281253,6.578849,-5.2309,-0.0027,-0.1178,0.1864
/kaggle/input/datasets/duc24kdl/sub-x-ray/sub_X-Ray/sub_NIH/00000579_001.png,,sub_NIH,00000579_001.png,ok,512x512 -> 1024x1024,2,1,318.51,36.6272,14.137189,3.759945,0.952,0.9957,0.1719,7.1431,33.2595,30.699746,5.540735,0.9347,0.9913,0.3262,0.3262,0.3262,6.7988,135.4499,70.2848,135.4499,70.2848,0.3764,33.2595,0.9347,30.699746,5.540735,-3.3677,-0.0044,-0.1544,0.3443
/kaggle/input/datasets/duc24kdl/sub-x-ray/sub_X-Ray/sub_NIH/00000580_005.png,,sub_NIH,00000580_005.png,ok,512x512 -> 1024x1024,2,1,318.53,41.002,5.162695,2.272156,0.9625,0.9966,0.1359,6.0899,38.3916,9.417172,3.068741,0.9443,0.9927,0.2669,0.2669,0.2669,6.4065,119.1792,74.4057,119.1792,74.4057,0.1961,38.3916,0.9443,9.417172,3.068741,-2.6104,-0.0038,-0.131,-0.3167
/kaggle/input/datasets/duc24kdl/sub-x-ray/sub_X-Ray/sub_NIH/00000580_008.png,,sub_NIH,00000580_008.png,ok,512x512 -> 1024x1024,2,1,319.38,40.9367,5.240966,2.289316,0.964,0.9967,0.1288,6.241,38.7273,8.716688,2.952404,0.9481,0.9926,0.2524,0.2524,0.2524,6.5495,117.4839,73.2141,117.4839,73.2141,0.1617,38.7273,0.9481,8.716688,2.952404,-2.2094,-0.0041,-0.1236,-0.3085
/kaggle/input/datasets/duc24kdl/sub-x-ray/sub_X-Ray/sub_NIH/00000582_000.png,,sub_NIH,00000582_000.png,ok,512x512 -> 1024x1024,2,1,320.28,41.1493,4.990575,2.233959,0.9569,0.9962,0.149,6.6052,39.1869,7.84141,2.800252,0.9378,0.9921,0.2971,0.2971,0.2971,6.8682,115.9693,65.7641,115.9693,65.7641,0.1409,39.1869,0.9378,7.84141,2.800252,-1.9624,-0.0041,-0.148,-0.263
/kaggle/input/datasets/duc24kdl/sub-x-ray/sub_X-Ray/sub_NIH/00000583_004.png,,sub_NIH,00000583_004.png,ok,512x512 -> 1024x1024,2,1,318.4,41.7498,4.346124,2.084736,0.962,0.9966,0.1508,6.8641,39.6659,7.022409,2.649983,0.9465,0.9931,0.2871,0.2871,0.2871,6.785,148.9097,73.308,148.9097,73.308,0.1285,39.6659,0.9465,7.022409,2.649983,-2.0838,-0.0035,-0.1363,0.0791
/kaggle/input/datasets/duc24kdl/sub-x-ray/sub_X-Ray/sub_NIH/00000583_009.png,,sub_NIH,00000583_009.png,ok,512x512 -> 1024x1024,2,1,318.39,38.8719,8.431239,2.90366,0.9855,0.9983,0.0749,9.5759,37.1096,12.650936,3.556815,0.9826,0.9973,0.185,0.185,0.185,8.3239,122.0182,51.3476,122.0182,51.3476,0.1487,37.1096,0.9826,12.650936,3.556815,-1.7623,-0.0009,-0.1101,1.252
/kaggle/input/datasets/duc24kdl/sub-x-ray/sub_X-Ray/sub_NIH/00000583_010.png,,sub_NIH,00000583_010.png,ok,512x512 -> 1024x1024,2,1,320.27,36.3332,15.127267,3.889379,0.9889,0.9985,0.0527,9.5498,34.4207,23.496868,4.847357,0.9864,0.9978,0.1348,0.1348,0.1348,8.295,128.6303,58.353,128.6303,58.353,0.3703,34.4207,0.9864,23.496868,4.847357,-1.9125,-0.0007,-0.0822,1.2548
/kaggle/input/datasets/duc24kdl/sub-x-ray/sub_X-Ray/sub_NIH/00000583_011.png,,sub_NIH,00000583_011.png,ok,512x512 -> 1024x1024,2,1,318.78,38.2907,9.638607,3.104611,0.9823,0.998,0.0883,9.5624,36.2527,15.410266,3.925591,0.9785,0.9968,0.1946,0.1946,0.1946,8.6306,139.8266,51.3726,139.8266,51.3726,0.1222,36.2527,0.9785,15.410266,3.925591,-2.038,-0.0012,-0.1063,0.9318
/kaggle/input/datasets/duc24kdl/sub-x-ray/sub_X-Ray/sub_NIH/00000583_016.png,,sub_NIH,00000583_016.png,ok,512x512 -> 1024x1024,2,1,317.85,38.484,9.219,3.036281,0.9884,0.9985,0.0596,8.9986,36.5505,14.389123,3.7933,0.9854,0.9977,0.1521,0.1521,0.1521,8.1167,123.3259,57.939,123.3259,57.939,0.1143,36.5505,0.9854,14.389123,3.7933,-1.9335,-0.0008,-0.0925,0.8819
/kaggle/input/datasets/duc24kdl/sub-x-ray/sub_X-Ray/sub_NIH/00000583_023.png,,sub_NIH,00000583_023.png,ok,512x512 -> 1024x1024,2,1,317.46,39.4966,7.301605,2.702148,0.9797,0.9979,0.1062,9.0015,37.7368,10.94968,3.30903,0.9755,0.9965,0.2322,0.2322,0.2322,8.1993,120.3547,56.9001,120.3547,56.9001,0.1203,37.7368,0.9755,10.94968,3.30903,-1.7598,-0.0014,-0.1259,0.8021
/kaggle/input/datasets/duc24kdl/sub-x-ray/sub_X-Ray/sub_NIH/00000583_025.png,,sub_NIH,00000583_025.png,ok,512x512 -> 1024x1024,2,1,318.71,38.1286,10.00502,3.163071,0.9783,0.9978,0.1122,8.899,36.4649,14.675327,3.830839,0.9738,0.9963,0.2468,0.2468,0.2468,8.3517,122.1613,51.7361,122.1613,51.7361,0.1218,36.4649,0.9738,14.675327,3.830839,-1.6637,-0.0015,-0.1346,0.5473
/kaggle/input/datasets/duc24kdl/sub-x-ray/sub_X-Ray/sub_NIH/00000583_029.png,,sub_NIH,00000583_029.png,ok,512x512 -> 1024x1024,2,1,318.01,38.7101,8.751321,2.958263,0.9864,0.9984,0.0629,8.6071,36.6866,13.945134,3.734318,0.9789,0.9973,0.156,0.156,0.156,7.8752,113.1882,65.0513,113.1882,65.0513,0.1631,36.6866,0.9789,13.945134,3.734318,-2.0235,-0.001,-0.093,0.7319
/kaggle/input/datasets/duc24kdl/sub-x-ray/sub_X-Ray/sub_NIH/00000583_030.png,,sub_NIH,00000583_030.png,ok,512x512 -> 1024x1024,2,1,318.68,39.2602,7.710027,2.776694,0.9864,0.9984,0.0706,8.7842,37.5263,11.493446,3.390198,0.9843,0.9976,0.171,0.171,0.171,8.1933,116.6869,59.1476,116.6869,59.1476,0.1336,37.5263,0.9843,11.493446,3.390198,-1.7339,-0.0007,-0.1004,0.5909
/kaggle/input/datasets/duc24kdl/sub-x-ray/sub_X-Ray/sub_NIH/00000583_035.png,,sub_NIH,00000583_035.png,ok,512x512 -> 1024x1024,2,1,319.81,37.9037,10.536952,3.246067,0.9565,0.9959,0.1737,8.1347,36.4138,14.849073,3.85345,0.9464,0.9926,0.3284,0.3284,0.3284,8.7797,117.8109,43.5573,117.8109,43.5573,0.1212,36.4138,0.9464,14.849073,3.85345,-1.4898,-0.0032,-0.1547,-0.645
/kaggle/input/datasets/duc24kdl/sub-x-ray/sub_X-Ray/sub_NIH/00000583_038.png,,sub_NIH,00000583_038.png,ok,512x512 -> 1024x1024,2,1,317.73,39.1077,7.985664,2.825892,0.99,0.9986,0.0509,8.6383,37.2818,12.158969,3.486971,0.9885,0.9981,0.133,0.133,0.133,7.9816,119.1238,57.4518,119.1238,57.4518,0.1439,37.2818,0.9885,12.158969,3.486971,-1.8259,-0.0005,-0.082,0.6567
/kaggle/input/datasets/duc24kdl/sub-x-ray/sub_X-Ray/sub_NIH/00000583_039.png,,sub_NIH,00000583_039.png,ok,512x512 -> 1024x1024,2,1,318.81,38.8041,8.563843,2.926404,0.9891,0.9985,0.0551,8.874,37.0272,12.893071,3.590692,0.9877,0.998,0.1422,0.1422,0.1422,8.4324,119.6027,58.2325,119.6027,58.2325,0.1362,37.0272,0.9877,12.893071,3.590692,-1.7769,-0.0005,-0.0871,0.4416
/kaggle/input/datasets/duc24kdl/sub-x-ray/sub_X-Ray/sub_NIH/00000583_041.png,,sub_NIH,00000583_041.png,ok,512x512 -> 1024x1024,2,1,317.9,38.6019,8.971984,2.995327,0.9879,0.9985,0.0594,8.5595,36.7696,13.68109,3.698796,0.9854,0.9978,0.1558,0.1558,0.1558,8.0884,118.5966,52.7759,118.5966,52.7759,0.1125,36.7696,0.9854,13.68109,3.698796,-1.8323,-0.0007,-0.0964,0.4711
/kaggle/input/datasets/duc24kdl/sub-x-ray/sub_X-Ray/sub_NIH/00000583_049.png,,sub_NIH,00000583_049.png,ok,512x512 -> 1024x1024,2,1,317.99,43.8439,2.683418,1.638114,0.9675,0.997,0.1326,7.029,41.5271,4.574825,2.138884,0.9523,0.994,0.2655,0.2655,0.2655,7.3222,121.9604,76.2377,121.9604,76.2377,0.1438,41.5271,0.9523,4.574825,2.138884,-2.3169,-0.003,-0.1328,-0.2932
/kaggle/input/datasets/duc24kdl/sub-x-ray/sub_X-Ray/sub_NIH/00000583_055.png,,sub_NIH,00000583_055.png,ok,512x512 -> 1024x1024,2,1,317.96,35.9031,16.702192,4.086832,0.978,0.9976,0.1067,8.1433,33.9409,26.241322,5.122628,0.965,0.9949,0.231,0.231,0.231,8.0665,113.8886,52.9324,113.8886,52.9324,0.3608,33.9409,0.965,26.241322,5.122628,-1.9621,-0.0027,-0.1242,0.0768
/kaggle/input/datasets/duc24kdl/sub-x-ray/sub_X-Ray/sub_NIH/00000583_059.png,,sub_NIH,00000583_059.png,ok,512x512 -> 1024x1024,2,1,317.82,36.0986,15.96695,3.995867,0.9557,0.9958,0.1585,6.4848,34.2724,24.31318,4.93084,0.9319,0.9908,0.294,0.294,0.294,6.2351,123.874,67.3022,123.874,67.3022,0.4789,34.2724,0.9319,24.31318,4.93084,-1.8262,-0.0049,-0.1355,0.2497
/kaggle/input/datasets/duc24kdl/sub-x-ray/sub_X-Ray/sub_NIH/00000586_001.png,,sub_NIH,00000586_001.png,ok,512x512 -> 1024x1024,2,1,318.37,42.2368,3.885103,1.971066,0.9646,0.9968,0.1292,6.7363,39.3984,7.468583,2.732871,0.9493,0.9935,0.2606,0.2606,0.2606,6.4031,128.8028,70.4261,128.8028,70.4261,0.1696,39.3984,0.9493,7.468583,2.732871,-2.8384,-0.0033,-0.1313,0.3332
/kaggle/input/datasets/duc24kdl/sub-x-ray/sub_X-Ray/sub_NIH/00000588_004.png,,sub_NIH,00000588_004.png,ok,512x512 -> 1024x1024,2,1,319.08,38.7883,8.59502,2.931726,0.9861,0.9984,0.0691,7.606,36.1091,15.928228,3.991018,0.9792,0.9967,0.1681,0.1681,0.1681,6.5712,128.4951,51.5961,128.4951,51.5961,0.1761,36.1091,0.9792,15.928228,3.991018,-2.6792,-0.0017,-0.099,1.0349
/kaggle/input/datasets/duc24kdl/sub-x-ray/sub_X-Ray/sub_NIH/00000590_000.png,,sub_NIH,00000590_000.png,ok,512x512 -> 1024x1024,2,1,319.61,40.7928,5.417513,2.327555,0.9853,0.9983,0.0522,6.6107,36.2402,15.454698,3.931246,0.9783,0.9958,0.1425,0.1425,0.1425,6.2054,159.4708,64.25,159.4708,64.25,0.194,36.2402,0.9783,15.454698,3.931246,-4.5526,-0.0025,-0.0902,0.4053
/kaggle/input/datasets/duc24kdl/sub-x-ray/sub_X-Ray/sub_NIH/00000591_000.png,,sub_NIH,00000591_000.png,ok,512x512 -> 1024x1024,2,1,318.07,37.4601,11.670101,3.416153,0.9866,0.9984,0.0618,8.1777,35.4039,18.736472,4.328565,0.984,0.9975,0.1615,0.1615,0.1615,7.5198,157.6896,45.6751,157.6896,45.6751,0.1499,35.4039,0.984,18.736472,4.328565,-2.0561,-0.0008,-0.0997,0.6579
/kaggle/input/datasets/duc24kdl/sub-x-ray/sub_X-Ray/sub_NIH/00000591_001.png,,sub_NIH,00000591_001.png,ok,512x512 -> 1024x1024,2,1,317.85,36.7,13.902057,3.728546,0.9855,0.9983,0.0718,6.8682,34.5134,23.000661,4.7959,0.9808,0.9967,0.1783,0.1783,0.1783,6.5717,164.1931,51.5644,164.1931,51.5644,0.1133,34.5134,0.9808,23.000661,4.7959,-2.1866,-0.0016,-0.1065,0.2965
/kaggle/input/datasets/duc24kdl/sub-x-ray/sub_X-Ray/sub_NIH/00000591_003.png,,sub_NIH,00000591_003.png,ok,512x512 -> 1024x1024,2,1,318.64,36.963,13.085181,3.617344,0.9903,0.9987,0.0459,8.1272,34.1669,24.911146,4.991107,0.9869,0.9981,0.1374,0.1374,0.1374,7.8297,140.1522,71.2282,140.1522,71.2282,-0.074,34.1669,0.9869,24.911146,4.991107,-2.7961,-0.0006,-0.0915,0.2974
/kaggle/input/datasets/duc24kdl/sub-x-ray/sub_X-Ray/sub_NIH/00000591_009.png,,sub_NIH,00000591_009.png,ok,512x512 -> 1024x1024,2,1,316.59,42.798,3.414167,1.847746,0.9642,0.9968,0.1356,6.5768,40.8151,5.389784,2.321591,0.9457,0.9934,0.2725,0.2725,0.2725,6.7958,116.1589,70.1832,116.1589,70.1832,0.1113,40.8151,0.9457,5.389784,2.321591,-1.9829,-0.0034,-0.1369,-0.219
/kaggle/input/datasets/duc24kdl/sub-x-ray/sub_X-Ray/sub_NIH/00000591_014.png,,sub_NIH,00000591_014.png,ok,512x512 -> 1024x1024,2,1,317.99,43.4343,2.948855,1.717223,0.964,0.9968,0.1458,6.8529,41.6185,4.479492,2.116481,0.947,0.9936,0.2915,0.2915,0.2915,7.1029,112.0654,71.365,112.0654,71.365,0.1384,41.6185,0.947,4.479492,2.116481,-1.8158,-0.0032,-0.1457,-0.25
/kaggle/input/datasets/duc24kdl/sub-x-ray/sub_X-Ray/sub_NIH/00000592_001.png,,sub_NIH,00000592_001.png,ok,512x512 -> 1024x1024,2,1,318.46,42.647,3.534935,1.880142,0.9627,0.9966,0.1503,7.2217,40.5102,5.781699,2.404516,0.948,0.9931,0.2989,0.2989,0.2989,7.221,114.6868,64.4023,114.6868,64.4023,0.184,40.5102,0.948,5.781699,2.404516,-2.1367,-0.0034,-0.1486,0.0007
/kaggle/input/datasets/duc24kdl/sub-x-ray/sub_X-Ray/sub_NIH/00000593_000.png,,sub_NIH,00000593_000.png,ok,512x512 -> 1024x1024,2,1,319.75,44.4284,2.34555,1.531519,0.9805,0.9979,0.0809,6.6515,41.4172,4.692015,2.166106,0.9697,0.9949,0.2094,0.2094,0.2094,6.4033,172.9647,44.4385,172.9647,44.4385,0.239,41.4172,0.9697,4.692015,2.166106,-3.0111,-0.003,-0.1286,0.2482
/kaggle/input/datasets/duc24kdl/sub-x-ray/sub_X-Ray/sub_NIH/00000598_000.png,,sub_NIH,00000598_000.png,ok,512x512 -> 1024x1024,2,1,318.73,39.1805,7.852883,2.8023,0.9838,0.9982,0.0637,6.4285,36.5929,14.249254,3.774818,0.9742,0.9956,0.1544,0.1544,0.1544,6.2824,132.936,71.1236,132.936,71.1236,0.4005,36.5929,0.9742,14.249254,3.774818,-2.5876,-0.0026,-0.0906,0.1461
/kaggle/input/datasets/duc24kdl/sub-x-ray/sub_X-Ray/sub_NIH/00000602_000.png,,sub_NIH,00000602_000.png,ok,512x512 -> 1024x1024,2,1,318.86,42.0782,4.029613,2.00739,0.9597,0.9964,0.1456,6.8263,39.755,6.87982,2.622941,0.9438,0.9928,0.29,0.29,0.29,6.5681,132.1909,64.8768,132.1909,64.8768,0.139,39.755,0.9438,6.87982,2.622941,-2.3231,-0.0036,-0.1444,0.2582
/kaggle/input/datasets/duc24kdl/sub-x-ray/sub_X-Ray/sub_NIH/00000603_000.png,,sub_NIH,00000603_000.png,ok,512x512 -> 1024x1024,2,1,320.53,44.4351,2.341907,1.530329,0.9828,0.9981,0.0687,6.487,41.6499,4.447257,2.108852,0.974,0.9957,0.1848,0.1848,0.1848,6.3926,144.503,61.901,144.503,61.901,0.3538,41.6499,0.974,4.447257,2.108852,-2.7852,-0.0024,-0.1161,0.0944
/kaggle/input/datasets/duc24kdl/sub-x-ray/sub_X-Ray/sub_NIH/00000605_000.png,,sub_NIH,00000605_000.png,ok,512x512 -> 1024x1024,2,1,317.18,38.7393,8.692538,2.948311,0.9899,0.9987,0.0582,7.1418,36.6339,14.115161,3.757015,0.9844,0.9973,0.1365,0.1365,0.1365,6.7682,138.3208,67.1863,138.3208,67.1863,0.2485,36.6339,0.9844,14.115161,3.757015,-2.1054,-0.0014,-0.0783,0.3736
/kaggle/input/datasets/duc24kdl/sub-x-ray/sub_X-Ray/sub_NIH/00000606_000.png,,sub_NIH,00000606_000.png,ok,512x512 -> 1024x1024,2,1,320.07,37.7839,10.831543,3.291131,0.984,0.9982,0.066,6.9912,35.6741,17.606503,4.19601,0.9706,0.9956,0.1634,0.1634,0.1634,6.3503,161.5423,63.5629,161.5423,63.5629,0.3191,35.6741,0.9706,17.606503,4.19601,-2.1098,-0.0026,-0.0974,0.6409
/kaggle/input/datasets/duc24kdl/sub-x-ray/sub_X-Ray/sub_NIH/00000608_001.png,,sub_NIH,00000608_001.png,ok,512x512 -> 1024x1024,2,1,318.21,46.5876,1.42667,1.194433,0.9806,0.9978,0.0794,6.9152,44.7601,2.173035,1.474122,0.9699,0.9959,0.1943,0.1943,0.1943,7.0496,107.291,38.4449,107.291,38.4449,0.1946,44.7601,0.9699,2.173035,1.474122,-1.8274,-0.0019,-0.1149,-0.1343
/kaggle/input/datasets/duc24kdl/sub-x-ray/sub_X-Ray/sub_NIH/00000608_002.png,,sub_NIH,00000608_002.png,ok,512x512 -> 1024x1024,2,1,319.23,35.8508,16.904267,4.11148,0.9736,0.9973,0.1017,6.2605,32.7829,34.260026,5.853206,0.9578,0.9934,0.2277,0.2277,0.2277,6.2531,116.3464,48.4846,116.3464,48.4846,0.362,32.7829,0.9578,34.260026,5.853206,-3.0679,-0.0039,-0.126,0.0074
/kaggle/input/datasets/duc24kdl/sub-x-ray/sub_X-Ray/sub_NIH/00000608_003.png,,sub_NIH,00000608_003.png,ok,512x512 -> 1024x1024,2,1,318.23,37.9887,10.332708,3.214453,0.9752,0.9975,0.1065,6.6027,34.8073,21.495476,4.636321,0.962,0.9943,0.2291,0.2291,0.2291,6.6165,103.0752,48.6435,103.0752,48.6435,0.3526,34.8073,0.962,21.495476,4.636321,-3.1813,-0.0032,-0.1226,-0.0138
/kaggle/input/datasets/duc24kdl/sub-x-ray/sub_X-Ray/sub_NIH/00000609_000.png,,sub_NIH,00000609_000.png,ok,512x512 -> 1024x1024,2,1,318.66,42.9566,3.291708,1.814306,0.9752,0.9976,0.0949,6.1676,40.0371,6.447142,2.539122,0.9633,0.9942,0.2148,0.2148,0.2148,6.0624,160.8523,67.8612,160.8523,67.8612,0.3513,40.0371,0.9633,6.447142,2.539122,-2.9195,-0.0034,-0.1199,0.1052
/kaggle/input/datasets/duc24kdl/sub-x-ray/sub_X-Ray/sub_NIH/00000610_001.png,,sub_NIH,00000610_001.png,ok,512x512 -> 1024x1024,2,1,319.47,36.3446,15.087734,3.884293,0.9807,0.9979,0.0802,6.627,33.8569,26.753949,5.172422,0.97,0.9955,0.1911,0.1911,0.1911,6.1997,142.5328,61.665,142.5328,61.665,0.389,33.8569,0.97,26.753949,5.172422,-2.4876,-0.0024,-0.1108,0.4272
/kaggle/input/datasets/duc24kdl/sub-x-ray/sub_X-Ray/sub_NIH/00000613_002.png,,sub_NIH,00000613_002.png,ok,512x512 -> 1024x1024,2,1,319.76,36.187,15.645187,3.9554,0.9755,0.9975,0.0874,6.0124,34.7823,21.619925,4.649723,0.958,0.9942,0.177,0.177,0.177,5.6566,156.8445,68.1205,156.8445,68.1205,0.5354,34.7823,0.958,21.619925,4.649723,-1.4047,-0.0033,-0.0896,0.3558
/kaggle/input/datasets/duc24kdl/sub-x-ray/sub_X-Ray/sub_NIH/00000617_000.png,,sub_NIH,00000617_000.png,ok,512x512 -> 1024x1024,2,1,320.8,36.643,14.085899,3.753119,0.9823,0.998,0.0677,6.8797,33.5483,28.724575,5.359531,0.9723,0.9953,0.1658,0.1658,0.1658,6.3173,150.8748,71.6239,150.8748,71.6239,0.5412,33.5483,0.9723,28.724575,5.359531,-3.0947,-0.0027,-0.0981,0.5623
/kaggle/input/datasets/duc24kdl/sub-x-ray/sub_X-Ray/sub_NIH/00000618_001.png,,sub_NIH,00000618_001.png,ok,512x512 -> 1024x1024,2,1,319.63,40.87,5.322034,2.306953,0.9693,0.9971,0.1207,6.3974,38.4293,9.335701,3.055438,0.9577,0.9939,0.2441,0.2441,0.2441,6.2144,123.541,64.0294,123.541,64.0294,0.2613,38.4293,0.9577,9.335701,3.055438,-2.4407,-0.0032,-0.1234,0.1831
/kaggle/input/datasets/duc24kdl/sub-x-ray/sub_X-Ray/sub_NIH/00000618_007.png,,sub_NIH,00000618_007.png,ok,512x512 -> 1024x1024,2,1,320.8,37.6624,11.138759,3.337478,0.974,0.9973,0.0893,6.1206,35.0329,20.40743,4.517458,0.9527,0.9928,0.1999,0.1999,0.1999,5.5854,123.1566,68.2674,123.1566,68.2674,0.4528,35.0329,0.9527,20.40743,4.517458,-2.6295,-0.0045,-0.1106,0.5351
/kaggle/input/datasets/duc24kdl/sub-x-ray/sub_X-Ray/sub_NIH/00000618_008.png,,sub_NIH,00000618_008.png,ok,512x512 -> 1024x1024,2,1,319.71,41.6584,4.438571,2.106792,0.9699,0.9972,0.1176,6.0679,38.7502,8.670862,2.944633,0.9569,0.9936,0.2437,0.2437,0.2437,6.3941,120.2032,64.9983,120.2032,64.9983,0.2347,38.7502,0.9569,8.670862,2.944633,-2.9082,-0.0035,-0.1262,-0.3262
/kaggle/input/datasets/duc24kdl/sub-x-ray/sub_X-Ray/sub_NIH/00000619_000.png,,sub_NIH,00000619_000.png,ok,512x512 -> 1024x1024,2,1,320.11,41.4283,4.680028,2.163337,0.9604,0.9965,0.149,6.725,39.3078,7.625999,2.761521,0.9466,0.9928,0.2963,0.2963,0.2963,6.3161,144.9068,60.3658,144.9068,60.3658,0.15,39.3078,0.9466,7.625999,2.761521,-2.1205,-0.0036,-0.1473,0.4089
/kaggle/input/datasets/duc24kdl/sub-x-ray/sub_X-Ray/sub_NIH/00000621_001.png,,sub_NIH,00000621_001.png,ok,512x512 -> 1024x1024,2,1,318.81,42.5793,3.590499,1.894861,0.9677,0.997,0.1181,6.5027,39.171,7.870021,2.805356,0.9526,0.9935,0.2452,0.2452,0.2452,6.2766,106.5251,63.4018,106.5251,63.4018,0.1664,39.171,0.9526,7.870021,2.805356,-3.4082,-0.0036,-0.1271,0.2261
/kaggle/input/datasets/duc24kdl/sub-x-ray/sub_X-Ray/sub_NIH/00000623_000.png,,sub_NIH,00000623_000.png,ok,512x512 -> 1024x1024,2,1,319.17,40.8054,5.401851,2.324188,0.9619,0.9966,0.1366,6.6757,38.9274,8.324164,2.885163,0.9419,0.9928,0.2792,0.2792,0.2792,6.7722,105.9117,66.6566,105.9117,66.6566,0.1523,38.9274,0.9419,8.324164,2.885163,-1.878,-0.0038,-0.1426,-0.0965
/kaggle/input/datasets/duc24kdl/sub-x-ray/sub_X-Ray/sub_NIH/00000623_004.png,,sub_NIH,00000623_004.png,ok,512x512 -> 1024x1024,2,1,318.94,37.6375,11.20298,3.347085,0.9811,0.9981,0.074,6.789,35.2575,19.379062,4.402166,0.9678,0.9945,0.1821,0.1821,0.1821,6.3072,157.6578,63.3088,157.6578,63.3088,0.287,35.2575,0.9678,19.379062,4.402166,-2.38,-0.0036,-0.1081,0.4818
/kaggle/input/datasets/duc24kdl/sub-x-ray/sub_X-Ray/sub_NIH/00000623_008.png,,sub_NIH,00000623_008.png,ok,512x512 -> 1024x1024,2,1,320.08,43.5436,2.875524,1.695737,0.9726,0.9975,0.1054,6.1932,39.676,7.006129,2.646909,0.9597,0.9945,0.2244,0.2244,0.2244,6.31,98.7405,65.3395,98.7405,65.3395,0.1509,39.676,0.9597,7.006129,2.646909,-3.8676,-0.003,-0.119,-0.1168
/kaggle/input/datasets/duc24kdl/sub-x-ray/sub_X-Ray/sub_NIH/00000625_001.png,,sub_NIH,00000625_001.png,ok,512x512 -> 1024x1024,2,1,320.11,36.8517,13.424833,3.663991,0.9838,0.9982,0.0688,6.6136,34.2042,24.697928,4.969701,0.9768,0.9957,0.1745,0.1745,0.1745,6.3369,183.4982,50.2194,183.4982,50.2194,0.1279,34.2042,0.9768,24.697928,4.969701,-2.6475,-0.0025,-0.1057,0.2767
/kaggle/input/datasets/duc24kdl/sub-x-ray/sub_X-Ray/sub_NIH/00000626_000.png,,sub_NIH,00000626_000.png,ok,512x512 -> 1024x1024,2,1,317.79,46.5811,1.428797,1.195323,0.9852,0.9982,0.0655,7.0244,43.5813,2.850718,1.688407,0.9785,0.9963,0.168,0.168,0.168,6.5293,163.5315,42.0634,163.5315,42.0634,0.2655,43.5813,0.9785,2.850718,1.688407,-2.9998,-0.0019,-0.1025,0.4951
/kaggle/input/datasets/duc24kdl/sub-x-ray/sub_X-Ray/sub_NIH/00000627_005.png,,sub_NIH,00000627_005.png,ok,512x512 -> 1024x1024,2,1,318.57,39.0692,8.056729,2.838438,0.9871,0.9984,0.0643,8.3126,37.0833,12.72763,3.56758,0.9844,0.9975,0.1614,0.1614,0.1614,7.1889,156.2216,45.2467,156.2216,45.2467,0.1454,37.0833,0.9844,12.72763,3.56758,-1.9859,-0.0009,-0.0972,1.1237
/kaggle/input/datasets/duc24kdl/sub-x-ray/sub_X-Ray/sub_NIH/00000627_006.png,,sub_NIH,00000627_006.png,ok,512x512 -> 1024x1024,2,1,317.49,38.5597,9.059547,3.009908,0.9872,0.9984,0.062,8.3048,36.7461,13.755417,3.70883,0.9845,0.9975,0.1586,0.1586,0.1586,7.1409,158.5534,44.5969,158.5534,44.5969,0.1187,36.7461,0.9845,13.755417,3.70883,-1.8137,-0.0009,-0.0966,1.1639
/kaggle/input/datasets/duc24kdl/sub-x-ray/sub_X-Ray/sub_NIH/00000627_009.png,,sub_NIH,00000627_009.png,ok,512x512 -> 1024x1024,2,1,319.28,38.559,9.061061,3.01016,0.9878,0.9985,0.0577,7.8565,36.6368,14.105739,3.755761,0.9849,0.9976,0.147,0.147,0.147,7.0237,157.7541,46.2725,157.7541,46.2725,0.1267,36.6368,0.9849,14.105739,3.755761,-1.9222,-0.0009,-0.0894,0.8328
/kaggle/input/datasets/duc24kdl/sub-x-ray/sub_X-Ray/sub_NIH/00000627_011.png,,sub_NIH,00000627_011.png,ok,512x512 -> 1024x1024,2,1,319.03,38.6669,8.838683,2.972992,0.9882,0.9985,0.0572,7.7146,36.865,13.383678,3.658371,0.9853,0.9976,0.1471,0.1471,0.1471,7.1753,160.9849,37.4359,160.9849,37.4359,0.1198,36.865,0.9853,13.383678,3.658371,-1.8019,-0.0009,-0.0899,0.5393
/kaggle/input/datasets/duc24kdl/sub-x-ray/sub_X-Ray/sub_NIH/00000627_025.png,,sub_NIH,00000627_025.png,ok,512x512 -> 1024x1024,2,1,319.71,37.6254,11.234198,3.351746,0.9865,0.9984,0.061,7.5088,35.6608,17.660533,4.202444,0.9824,0.997,0.1563,0.1563,0.1563,6.8946,159.1321,52.0616,159.1321,52.0616,0.1319,35.6608,0.9824,17.660533,4.202444,-1.9646,-0.0013,-0.0953,0.6142
/kaggle/input/datasets/duc24kdl/sub-x-ray/sub_X-Ray/sub_NIH/00000627_027.png,,sub_NIH,00000627_027.png,ok,512x512 -> 1024x1024,2,1,320.32,38.6132,8.948726,2.991442,0.9879,0.9985,0.0587,7.5024,36.5282,14.463006,3.803026,0.9839,0.9973,0.149,0.149,0.149,6.9024,150.7902,54.2026,150.7902,54.2026,0.138,36.5282,0.9839,14.463006,3.803026,-2.085,-0.0011,-0.0904,0.6
/kaggle/input/datasets/duc24kdl/sub-x-ray/sub_X-Ray/sub_NIH/00000627_029.png,,sub_NIH,00000627_029.png,ok,512x512 -> 1024x1024,2,1,319.89,39.1876,7.84004,2.800007,0.9853,0.9983,0.0827,8.0086,37.372,11.909024,3.450945,0.9814,0.9971,0.1976,0.1976,0.1976,7.7419,116.9346,41.6213,116.9346,41.6213,0.1527,37.372,0.9814,11.909024,3.450945,-1.8156,-0.0012,-0.1149,0.2666
/kaggle/input/datasets/duc24kdl/sub-x-ray/sub_X-Ray/sub_NIH/00000627_033.png,,sub_NIH,00000627_033.png,ok,512x512 -> 1024x1024,2,1,318.18,39.824,6.771377,2.602187,0.9858,0.9983,0.0747,7.3002,37.869,10.621328,3.259038,0.9782,0.9967,0.1767,0.1767,0.1767,7.1236,105.5105,56.941,105.5105,56.941,0.1745,37.869,0.9782,10.621328,3.259038,-1.955,-0.0017,-0.102,0.1766
/kaggle/input/datasets/duc24kdl/sub-x-ray/sub_X-Ray/sub_NIH/00000627_035.png,,sub_NIH,00000627_035.png,ok,512x512 -> 1024x1024,2,1,318.94,38.8939,8.38858,2.896305,0.9864,0.9984,0.0756,7.1462,37.0718,12.761378,3.572307,0.9814,0.9972,0.185,0.185,0.185,6.9749,116.5916,48.1676,116.5916,48.1676,0.12,37.0718,0.9814,12.761378,3.572307,-1.8221,-0.0012,-0.1093,0.1713
/kaggle/input/datasets/duc24kdl/sub-x-ray/sub_X-Ray/sub_NIH/00000627_036.png,,sub_NIH,00000627_036.png,ok,512x512 -> 1024x1024,2,1,320.6,39.6247,7.089334,2.66258,0.9844,0.9982,0.0803,7.8273,37.65,11.17058,3.342242,0.9696,0.9962,0.1909,0.1909,0.1909,7.1107,107.1853,58.7363,107.1853,58.7363,0.1858,37.65,0.9696,11.17058,3.342242,-1.9747,-0.0021,-0.1106,0.7166
/kaggle/input/datasets/duc24kdl/sub-x-ray/sub_X-Ray/sub_NIH/00000629_000.png,,sub_NIH,00000629_000.png,ok,512x512 -> 1024x1024,2,1,314.65,39.3094,7.623329,2.761038,0.9891,0.9988,0.0554,6.3381,38.2135,9.811377,3.132312,0.9803,0.9962,0.1206,0.1206,0.1206,6.7956,92.2627,88.9524,92.2627,88.9524,0.613,38.2135,0.9803,9.811377,3.132312,-1.0959,-0.0026,-0.0652,-0.4575
/kaggle/input/datasets/duc24kdl/sub-x-ray/sub_X-Ray/sub_NIH/00000631_005.png,,sub_NIH,00000631_005.png,ok,512x512 -> 1024x1024,2,1,318.75,35.4116,18.703405,4.324743,0.9773,0.9976,0.1003,6.5988,33.2017,31.111024,5.577726,0.9655,0.994,0.2217,0.2217,0.2217,6.7802,113.3062,56.1154,113.3062,56.1154,0.2798,33.2017,0.9655,31.111024,5.577726,-2.2099,-0.0036,-0.1214,-0.1814
/kaggle/input/datasets/duc24kdl/sub-x-ray/sub_X-Ray/sub_NIH/00000632_002.png,,sub_NIH,00000632_002.png,ok,512x512 -> 1024x1024,2,1,320.42,46.07,1.607226,1.267764,0.9854,0.9982,0.0609,7.1101,42.9873,3.268535,1.807909,0.9781,0.9963,0.1656,0.1656,0.1656,6.8087,168.6222,44.2896,168.6222,44.2896,0.3024,42.9873,0.9781,3.268535,1.807909,-3.0828,-0.002,-0.1047,0.3014
/kaggle/input/datasets/duc24kdl/sub-x-ray/sub_X-Ray/sub_NIH/00000632_008.png,,sub_NIH,00000632_008.png,ok,512x512 -> 1024x1024,2,1,317.17,35.7007,17.498804,4.183157,0.9841,0.9982,0.0808,6.3656,33.315,30.30978,5.505432,0.9622,0.9951,0.182,0.182,0.182,7.0073,95.7527,61.0308,95.7527,61.0308,0.3221,33.315,0.9622,30.30978,5.505432,-2.3857,-0.0031,-0.1012,-0.6417
/kaggle/input/datasets/duc24kdl/sub-x-ray/sub_X-Ray/sub_NIH/00000632_009.png,,sub_NIH,00000632_009.png,ok,512x512 -> 1024x1024,2,1,320.15,34.6909,22.079456,4.698878,0.9845,0.998,0.0806,6.546,32.4518,36.974632,6.080677,0.9768,0.9944,0.1861,0.1861,0.1861,6.6776,118.5575,54.0789,118.5575,54.0789,0.2709,32.4518,0.9768,36.974632,6.080677,-2.2392,-0.0037,-0.1055,-0.1316
/kaggle/input/datasets/duc24kdl/sub-x-ray/sub_X-Ray/sub_NIH/00000632_011.png,,sub_NIH,00000632_011.png,ok,512x512 -> 1024x1024,2,1,322.58,41.5309,4.570819,2.137947,0.9578,0.9962,0.1457,6.5386,39.7773,6.844625,2.616223,0.9404,0.9921,0.3017,0.3017,0.3017,6.4884,128.7384,67.2938,128.7384,67.2938,0.1417,39.7773,0.9404,6.844625,2.616223,-1.7536,-0.0042,-0.156,0.0501
/kaggle/input/datasets/duc24kdl/sub-x-ray/sub_X-Ray/sub_NIH/00000634_006.png,,sub_NIH,00000634_006.png,ok,512x512 -> 1024x1024,2,1,318.85,41.1454,4.995007,2.234951,0.9682,0.997,0.1311,6.8101,39.1694,7.872948,2.805877,0.9531,0.9935,0.2723,0.2723,0.2723,6.5757,154.1052,65.4563,154.1052,65.4563,0.1426,39.1694,0.9531,7.872948,2.805877,-1.976,-0.0035,-0.1412,0.2344
/kaggle/input/datasets/duc24kdl/sub-x-ray/sub_X-Ray/sub_NIH/00000635_001.png,,sub_NIH,00000635_001.png,ok,512x512 -> 1024x1024,2,1,320.03,41.7827,4.313276,2.076843,0.9618,0.9965,0.1414,6.8032,39.6084,7.116073,2.667597,0.9465,0.9931,0.2828,0.2828,0.2828,6.662,123.0477,64.7602,123.0477,64.7602,0.2746,39.6084,0.9465,7.116073,2.667597,-2.1743,-0.0034,-0.1414,0.1412
/kaggle/input/datasets/duc24kdl/sub-x-ray/sub_X-Ray/sub_NIH/00000643_002.png,,sub_NIH,00000643_002.png,ok,512x512 -> 1024x1024,2,1,320.75,39.6456,7.055331,2.656187,0.959,0.9963,0.1499,6.7908,36.7377,13.781893,3.712397,0.944,0.9922,0.3082,0.3082,0.3082,6.3027,141.9918,60.7228,141.9918,60.7228,0.116,36.7377,0.944,13.781893,3.712397,-2.9079,-0.0041,-0.1583,0.4881
/kaggle/input/datasets/duc24kdl/sub-x-ray/sub_X-Ray/sub_NIH/00000643_003.png,,sub_NIH,00000643_003.png,ok,512x512 -> 1024x1024,2,1,319.86,41.5217,4.580429,2.140194,0.9627,0.9967,0.1342,6.5694,39.0767,8.042802,2.835983,0.9423,0.9927,0.2815,0.2815,0.2815,6.5266,120.6073,76.9221,120.6073,76.9221,0.2009,39.0767,0.9423,8.042802,2.835983,-2.445,-0.004,-0.1473,0.0428
/kaggle/input/datasets/duc24kdl/sub-x-ray/sub_X-Ray/sub_NIH/00000643_008.png,,sub_NIH,00000643_008.png,ok,512x512 -> 1024x1024,2,1,320.08,39.1293,7.945974,2.81886,0.9574,0.9962,0.1424,6.194,36.171,15.702976,3.962698,0.9334,0.9916,0.2856,0.2856,0.2856,6.5682,120.7179,73.2393,120.7179,73.2393,0.2149,36.171,0.9334,15.702976,3.962698,-2.9583,-0.0046,-0.1433,-0.3742
/kaggle/input/datasets/duc24kdl/sub-x-ray/sub_X-Ray/sub_NIH/00000645_001.png,,sub_NIH,00000645_001.png,ok,512x512 -> 1024x1024,2,1,319.88,41.1405,5.000735,2.236232,0.9588,0.9963,0.1503,6.721,38.7374,8.696343,2.948956,0.9414,0.9924,0.2968,0.2968,0.2968,6.5773,129.6524,68.0857,129.6524,68.0857,0.2301,38.7374,0.9414,8.696343,2.948956,-2.403,-0.004,-0.1465,0.1437
/kaggle/input/datasets/duc24kdl/sub-x-ray/sub_X-Ray/sub_NIH/00000646_001.png,,sub_NIH,00000646_001.png,ok,512x512 -> 1024x1024,2,1,321.73,39.671,7.014286,2.64845,0.9755,0.9974,0.1014,6.7595,36.8844,13.324169,3.650229,0.959,0.9939,0.2178,0.2178,0.2178,6.1157,129.6522,55.4992,129.6522,55.4992,0.5288,36.8844,0.959,13.324169,3.650229,-2.7866,-0.0035,-0.1164,0.6438
/kaggle/input/datasets/duc24kdl/sub-x-ray/sub_X-Ray/sub_NIH/00000646_004.png,,sub_NIH,00000646_004.png,ok,512x512 -> 1024x1024,2,1,319.66,38.4879,9.210653,3.034906,0.9857,0.9983,0.0548,6.6491,36.2444,15.439823,3.929354,0.9775,0.9958,0.1495,0.1495,0.1495,6.169,153.9567,64.5313,153.9567,64.5313,0.1842,36.2444,0.9775,15.439823,3.929354,-2.2435,-0.0025,-0.0947,0.4801
/kaggle/input/datasets/duc24kdl/sub-x-ray/sub_X-Ray/sub_NIH/00000646_006.png,,sub_NIH,00000646_006.png,ok,512x512 -> 1024x1024,2,1,319.81,42.6128,3.562897,1.887564,0.9712,0.9973,0.1111,6.6008,39.6664,7.02165,2.64984,0.9588,0.9942,0.2297,0.2297,0.2297,6.617,110.5134,65.0461,110.5134,65.0461,0.1877,39.6664,0.9588,7.02165,2.64984,-2.9464,-0.0031,-0.1186,-0.0161
/kaggle/input/datasets/duc24kdl/sub-x-ray/sub_X-Ray/sub_NIH/00000646_007.png,,sub_NIH,00000646_007.png,ok,512x512 -> 1024x1024,2,1,319.64,36.6763,13.978327,3.73876,0.9781,0.9977,0.0773,6.438,35.7344,17.363626,4.166968,0.9601,0.9945,0.1669,0.1669,0.1669,6.2845,133.5569,70.301,133.5569,70.301,0.6236,35.7344,0.9601,17.363626,4.166968,-0.9419,-0.0032,-0.0896,0.1535
/kaggle/input/datasets/duc24kdl/sub-x-ray/sub_X-Ray/sub_NIH/00000648_001.png,,sub_NIH,00000648_001.png,ok,512x512 -> 1024x1024,2,1,320.13,41.9008,4.197627,2.048811,0.9636,0.9968,0.1335,6.4893,39.2534,7.722262,2.778896,0.9414,0.9933,0.2735,0.2735,0.2735,6.7302,110.6964,69.2867,110.6964,69.2867,0.1386,39.2534,0.9414,7.722262,2.778896,-2.6474,-0.0035,-0.14,-0.2409
/kaggle/input/datasets/duc24kdl/sub-x-ray/sub_X-Ray/sub_NIH/00000651_000.png,,sub_NIH,00000651_000.png,ok,512x512 -> 1024x1024,2,1,321.58,38.0913,10.09126,3.176674,0.975,0.9976,0.1001,6.5287,36.1657,15.722005,3.965098,0.956,0.9939,0.2222,0.2222,0.2222,6.2832,127.0932,57.0994,127.0932,57.0994,0.2941,36.1657,0.956,15.722005,3.965098,-1.9256,-0.0037,-0.122,0.2455
/kaggle/input/datasets/duc24kdl/sub-x-ray/sub_X-Ray/sub_NIH/00000652_001.png,,sub_NIH,00000652_001.png,ok,512x512 -> 1024x1024,2,1,320.78,37.5479,11.436514,3.381792,0.979,0.9978,0.0823,6.8404,35.2676,19.333738,4.397015,0.9661,0.9949,0.189,0.189,0.189,5.9873,159.104,67.474,159.104,67.474,0.3386,35.2676,0.9661,19.333738,4.397015,-2.2802,-0.0029,-0.1067,0.8531
/kaggle/input/datasets/duc24kdl/sub-x-ray/sub_X-Ray/sub_NIH/00000652_012.png,,sub_NIH,00000652_012.png,ok,512x512 -> 1024x1024,2,1,318.35,41.8523,4.244779,2.060286,0.9669,0.997,0.1247,6.2457,38.4684,9.252182,3.04174,0.951,0.9934,0.2594,0.2594,0.2594,6.3217,112.8287,68.7331,112.8287,68.7331,0.2075,38.4684,0.951,9.252182,3.04174,-3.3839,-0.0036,-0.1347,-0.076
/kaggle/input/datasets/duc24kdl/sub-x-ray/sub_X-Ray/sub_NIH/00000652_017.png,,sub_NIH,00000652_017.png,ok,512x512 -> 1024x1024,2,1,320.33,34.9882,20.618873,4.540801,0.9851,0.9982,0.0626,6.8823,32.5131,36.456033,6.037883,0.9787,0.9962,0.1601,0.1601,0.1601,6.5053,153.0272,50.4816,153.0272,50.4816,0.2729,32.5131,0.9787,36.456033,6.037883,-2.475,-0.002,-0.0975,0.377
/kaggle/input/datasets/duc24kdl/sub-x-ray/sub_X-Ray/sub_NIH/00000652_018.png,,sub_NIH,00000652_018.png,ok,512x512 -> 1024x1024,2,1,319.43,34.6447,22.315857,4.723966,0.9853,0.9982,0.0651,6.2641,32.0439,40.615776,6.373051,0.9645,0.9949,0.1479,0.1479,0.1479,6.6723,130.1504,73.587,130.1504,73.587,0.2945,32.0439,0.9645,40.615776,6.373051,-2.6008,-0.0033,-0.0829,-0.4082
/kaggle/input/datasets/duc24kdl/sub-x-ray/sub_X-Ray/sub_NIH/00000652_024.png,,sub_NIH,00000652_024.png,ok,512x512 -> 1024x1024,2,1,321.2,39.9636,6.557276,2.560718,0.9838,0.9981,0.0573,6.5637,36.144,15.800794,3.975021,0.9739,0.9954,0.1466,0.1466,0.1466,6.0223,151.968,65.7315,151.968,65.7315,0.4721,36.144,0.9739,15.800794,3.975021,-3.8196,-0.0027,-0.0894,0.5414
/kaggle/input/datasets/duc24kdl/sub-x-ray/sub_X-Ray/sub_NIH/00000655_003.png,,sub_NIH,00000655_003.png,ok,512x512 -> 1024x1024,2,1,320.24,37.3222,12.046579,3.470818,0.9797,0.9978,0.0951,7.3909,35.1553,19.840435,4.45426,0.9727,0.9954,0.2111,0.2111,0.2111,7.1995,113.33,58.9988,113.33,58.9988,0.2704,35.1553,0.9727,19.840435,4.45426,-2.1669,-0.0024,-0.1159,0.1914
/kaggle/input/datasets/duc24kdl/sub-x-ray/sub_X-Ray/sub_NIH/00000658_000.png,,sub_NIH,00000658_000.png,ok,512x512 -> 1024x1024,2,1,321.76,43.4077,2.966981,1.722493,0.978,0.9977,0.0927,7.245,40.7929,5.41742,2.327535,0.9666,0.9956,0.2211,0.2211,0.2211,7.131,105.8419,35.6634,105.8419,35.6634,0.3573,40.7929,0.9666,5.41742,2.327535,-2.6148,-0.002,-0.1284,0.114
/kaggle/input/datasets/duc24kdl/sub-x-ray/sub_X-Ray/sub_NIH/00000659_000.png,,sub_NIH,00000659_000.png,ok,512x512 -> 1024x1024,2,1,319.91,45.9977,1.63422,1.278366,0.9867,0.9983,0.0568,7.6456,43.7163,2.763454,1.662364,0.9817,0.997,0.1495,0.1495,0.1495,6.6764,173.1668,38.0651,173.1668,38.0651,0.2096,43.7163,0.9817,2.763454,1.662364,-2.2814,-0.0014,-0.0927,0.9693
/kaggle/input/datasets/duc24kdl/sub-x-ray/sub_X-Ray/sub_NIH/00000662_005.png,,sub_NIH,00000662_005.png,ok,512x512 -> 1024x1024,2,1,320.26,41.8868,4.211174,2.052114,0.9603,0.9964,0.1473,6.7611,39.7028,6.963077,2.638764,0.9445,0.9929,0.2909,0.2909,0.2909,6.4159,131.3866,66.3627,131.3866,66.3627,0.1547,39.7028,0.9445,6.963077,2.638764,-2.184,-0.0035,-0.1436,0.3452
/kaggle/input/datasets/duc24kdl/sub-x-ray/sub_X-Ray/sub_NIH/00000669_000.png,,sub_NIH,00000669_000.png,ok,512x512 -> 1024x1024,2,1,321.31,39.2811,7.673093,2.770035,0.9847,0.9983,0.0576,6.7268,37.2184,12.337797,3.51252,0.9781,0.9963,0.1557,0.1557,0.1557,6.5158,163.4496,54.9058,163.4496,54.9058,0.1254,37.2184,0.9781,12.337797,3.51252,-2.0627,-0.0019,-0.0981,0.2111
/kaggle/input/datasets/duc24kdl/sub-x-ray/sub_X-Ray/sub_NIH/00000679_000.png,,sub_NIH,00000679_000.png,ok,512x512 -> 1024x1024,2,1,320.34,41.9041,4.194402,2.048024,0.9607,0.9966,0.1524,6.7086,38.6875,8.796841,2.965947,0.9431,0.993,0.3079,0.3079,0.3079,6.7667,126.3818,67.6201,126.3818,67.6201,0.1665,38.6875,0.9431,8.796841,2.965947,-3.2166,-0.0036,-0.1555,-0.0581
/kaggle/input/datasets/duc24kdl/sub-x-ray/sub_X-Ray/sub_NIH/00000683_004.png,,sub_NIH,00000683_004.png,ok,512x512 -> 1024x1024,2,1,321.88,36.2974,15.25265,3.905464,0.9841,0.9982,0.0564,6.6757,31.8162,42.801143,6.542258,0.9755,0.9952,0.1537,0.1537,0.1537,6.207,170.4915,65.9091,170.4915,65.9091,0.2318,31.8162,0.9755,42.801143,6.542258,-4.4811,-0.003,-0.0973,0.4686
/kaggle/input/datasets/duc24kdl/sub-x-ray/sub_X-Ray/sub_NIH/00000686_000.png,,sub_NIH,00000686_000.png,ok,512x512 -> 1024x1024,2,1,319.99,42.2124,3.907017,1.976617,0.9649,0.9968,0.1206,6.1403,38.9374,8.30498,2.881836,0.9482,0.993,0.2477,0.2477,0.2477,6.4003,112.0149,68.9034,112.0149,68.9034,0.1393,38.9374,0.9482,8.30498,2.881836,-3.2749,-0.0038,-0.1271,-0.2601
/kaggle/input/datasets/duc24kdl/sub-x-ray/sub_X-Ray/sub_NIH/00000688_000.png,,sub_NIH,00000688_000.png,ok,512x512 -> 1024x1024,2,1,321.49,46.7417,1.37693,1.173427,0.9857,0.9983,0.0655,7.3951,44.0066,2.584754,1.607717,0.9808,0.9968,0.1565,0.1565,0.1565,6.5942,159.2392,54.2589,159.2392,54.2589,0.2556,44.0066,0.9808,2.584754,1.607717,-2.7351,-0.0015,-0.091,0.8009
/kaggle/input/datasets/duc24kdl/sub-x-ray/sub_X-Ray/sub_NIH/00000688_001.png,,sub_NIH,00000688_001.png,ok,512x512 -> 1024x1024,2,1,320.19,42.8158,3.40013,1.843944,0.9698,0.9972,0.1196,7.1249,40.8276,5.374284,2.31825,0.9527,0.9943,0.239,0.239,0.239,6.8762,130.5844,77.8271,130.5844,77.8271,0.0897,40.8276,0.9527,5.374284,2.31825,-1.9883,-0.0029,-0.1194,0.2486
/kaggle/input/datasets/duc24kdl/sub-x-ray/sub_X-Ray/sub_NIH/00000688_002.png,,sub_NIH,00000688_002.png,ok,512x512 -> 1024x1024,2,1,319.37,41.575,4.524608,2.127113,0.9598,0.9964,0.1604,7.2416,40.0453,6.435044,2.536739,0.9432,0.9928,0.2999,0.2999,0.2999,7.0492,140.3926,74.655,140.3926,74.655,0.1876,40.0453,0.9432,6.435044,2.536739,-1.5297,-0.0036,-0.1395,0.1925
/kaggle/input/datasets/duc24kdl/sub-x-ray/sub_X-Ray/sub_NIH/00000694_002.png,,sub_NIH,00000694_002.png,ok,512x512 -> 1024x1024,2,1,322.18,41.8029,4.293243,2.072014,0.9649,0.9969,0.1295,6.7009,39.3531,7.546965,2.747174,0.9495,0.9933,0.269,0.269,0.269,6.8236,121.5042,67.5859,121.5042,67.5859,0.1363,39.3531,0.9495,7.546965,2.747174,-2.4499,-0.0035,-0.1395,-0.1227
/kaggle/input/datasets/duc24kdl/sub-x-ray/sub_X-Ray/sub_NIH/00000696_000.png,,sub_NIH,00000696_000.png,ok,512x512 -> 1024x1024,2,1,320.48,37.3781,11.892481,3.448548,0.9831,0.9983,0.0704,6.8481,35.7583,17.268353,4.155521,0.9724,0.9953,0.1692,0.1692,0.1692,6.5574,145.2533,70.4547,145.2533,70.4547,0.4137,35.7583,0.9724,17.268353,4.155521,-1.6198,-0.0031,-0.0988,0.2907
/kaggle/input/datasets/duc24kdl/sub-x-ray/sub_X-Ray/sub_NIH/00000698_000.png,,sub_NIH,00000698_000.png,ok,512x512 -> 1024x1024,2,1,320.83,37.6524,11.164599,3.341347,0.9832,0.9981,0.0688,7.2741,35.5266,18.21476,4.267875,0.9729,0.9958,0.174,0.174,0.174,6.4029,162.182,61.9493,162.182,61.9493,0.1661,35.5266,0.9729,18.21476,4.267875,-2.1258,-0.0023,-0.1053,0.8713
/kaggle/input/datasets/duc24kdl/sub-x-ray/sub_X-Ray/sub_NIH/00000699_001.png,,sub_NIH,00000699_001.png,ok,512x512 -> 1024x1024,2,1,320.66,41.2924,4.828826,2.197459,0.9638,0.9967,0.1353,6.5339,38.8694,8.436087,2.904494,0.9499,0.9934,0.2813,0.2813,0.2813,6.7453,131.5745,57.1366,131.5745,57.1366,0.1731,38.8694,0.9499,8.436087,2.904494,-2.423,-0.0033,-0.1459,-0.2114
/kaggle/input/datasets/duc24kdl/sub-x-ray/sub_X-Ray/sub_NIH/00000702_003.png,,sub_NIH,00000702_003.png,ok,512x512 -> 1024x1024,2,1,319.29,41.3606,4.753607,2.180277,0.9594,0.9964,0.1559,6.7504,38.933,8.31349,2.883312,0.9406,0.9928,0.3063,0.3063,0.3063,6.9932,123.5142,70.1476,123.5142,70.1476,0.1212,38.933,0.9406,8.31349,2.883312,-2.4276,-0.0036,-0.1504,-0.2428
/kaggle/input/datasets/duc24kdl/sub-x-ray/sub_X-Ray/sub_NIH/00000705_001.png,,sub_NIH,00000705_001.png,ok,512x512 -> 1024x1024,2,1,322.57,35.6066,17.882244,4.22874,0.9728,0.9972,0.1128,6.6147,32.755,34.481245,5.872073,0.9585,0.9935,0.2369,0.2369,0.2369,6.1603,144.1252,66.6005,144.1252,66.6005,0.3606,32.755,0.9585,34.481245,5.872073,-2.8516,-0.0037,-0.1241,0.4545
/kaggle/input/datasets/duc24kdl/sub-x-ray/sub_X-Ray/sub_NIH/00000705_002.png,,sub_NIH,00000705_002.png,ok,512x512 -> 1024x1024,2,1,322.71,45.7303,1.738008,1.318335,0.9815,0.9979,0.0754,7.2814,43.8251,2.695053,1.641662,0.9746,0.9962,0.186,0.186,0.186,6.9824,107.3599,36.3322,107.3599,36.3322,0.2485,43.8251,0.9746,2.695053,1.641662,-1.9052,-0.0017,-0.1106,0.299
/kaggle/input/datasets/duc24kdl/sub-x-ray/sub_X-Ray/sub_NIH/00000709_006.png,,sub_NIH,00000709_006.png,ok,512x512 -> 1024x1024,2,1,321.49,43.0132,3.249111,1.802529,0.9622,0.9966,0.1415,6.872,40.2867,6.087052,2.467195,0.9449,0.9927,0.281,0.281,0.281,6.604,122.3743,79.3272,122.3743,79.3272,0.1366,40.2867,0.9449,6.087052,2.467195,-2.7264,-0.0039,-0.1395,0.268
/kaggle/input/datasets/duc24kdl/sub-x-ray/sub_X-Ray/sub_NIH/00000711_003.png,,sub_NIH,00000711_003.png,ok,512x512 -> 1024x1024,2,1,321.38,35.1932,19.668043,4.434867,0.9731,0.9972,0.1147,6.5535,32.2319,38.895004,6.236586,0.9588,0.9938,0.239,0.239,0.239,6.3638,117.5539,66.8417,117.5539,66.8417,0.4244,32.2319,0.9588,38.895004,6.236586,-2.9613,-0.0035,-0.1243,0.1897
/kaggle/input/datasets/duc24kdl/sub-x-ray/sub_X-Ray/sub_NIH/00000711_007.png,,sub_NIH,00000711_007.png,ok,512x512 -> 1024x1024,2,1,320.02,38.1218,10.020785,3.165562,0.9881,0.9985,0.0468,6.7013,36.0993,15.964437,3.995552,0.9839,0.9972,0.1342,0.1342,0.1342,6.0694,171.0531,48.4966,171.0531,48.4966,0.1447,36.0993,0.9839,15.964437,3.995552,-2.0225,-0.0013,-0.0873,0.6319
/kaggle/input/datasets/duc24kdl/sub-x-ray/sub_X-Ray/sub_NIH/00000711_010.png,,sub_NIH,00000711_010.png,ok,512x512 -> 1024x1024,2,1,324.55,38.3591,9.487877,3.08024,0.9873,0.9985,0.0562,7.8937,36.1886,15.639384,3.954666,0.983,0.9973,0.1403,0.1403,0.1403,7.0474,142.0623,68.7503,142.0623,68.7503,0.1903,36.1886,0.983,15.639384,3.954666,-2.1705,-0.0012,-0.0841,0.8464
/kaggle/input/datasets/duc24kdl/sub-x-ray/sub_X-Ray/sub_NIH/00000712_000.png,,sub_NIH,00000712_000.png,ok,512x512 -> 1024x1024,2,1,321.37,41.9176,4.181434,2.044856,0.9596,0.9964,0.1446,6.6336,39.3804,7.499689,2.738556,0.9428,0.9925,0.2865,0.2865,0.2865,6.4671,123.6568,66.7682,123.6568,66.7682,0.2422,39.3804,0.9428,7.499689,2.738556,-2.5372,-0.0039,-0.1419,0.1665
/kaggle/input/datasets/duc24kdl/sub-x-ray/sub_X-Ray/sub_NIH/00000714_000.png,,sub_NIH,00000714_000.png,ok,512x512 -> 1024x1024,2,1,322.14,45.5236,1.822722,1.350082,0.9843,0.9982,0.0622,6.8167,42.7144,3.480515,1.865614,0.9768,0.9961,0.1698,0.1698,0.1698,6.4629,159.5457,49.6028,159.5457,49.6028,0.2894,42.7144,0.9768,3.480515,1.865614,-2.8092,-0.002,-0.1076,0.3539
/kaggle/input/datasets/duc24kdl/sub-x-ray/sub_X-Ray/sub_NIH/00000714_001.png,,sub_NIH,00000714_001.png,ok,512x512 -> 1024x1024,2,1,320.35,38.1643,9.923256,3.15012,0.9803,0.998,0.0719,6.7522,36.0508,16.143563,4.017905,0.9661,0.995,0.184,0.184,0.184,6.2576,161.3607,62.2101,161.3607,62.2101,0.2897,36.0508,0.9661,16.143563,4.017905,-2.1135,-0.003,-0.1121,0.4946
/kaggle/input/datasets/duc24kdl/sub-x-ray/sub_X-Ray/sub_NIH/00000720_001.png,,sub_NIH,00000720_001.png,ok,512x512 -> 1024x1024,2,1,320.14,41.7289,4.367048,2.089748,0.9617,0.9966,0.1419,6.6107,40.1962,6.215256,2.493042,0.9421,0.9932,0.2805,0.2805,0.2805,6.8,119.1725,71.0745,119.1725,71.0745,0.2508,40.1962,0.9421,6.215256,2.493042,-1.5327,-0.0034,-0.1385,-0.1892
/kaggle/input/datasets/duc24kdl/sub-x-ray/sub_X-Ray/sub_NIH/00000720_004.png,,sub_NIH,00000720_004.png,ok,512x512 -> 1024x1024,2,1,320.85,35.146,19.882711,4.459003,0.9748,0.9974,0.1149,7.0523,31.8229,42.735221,6.537218,0.9612,0.9944,0.2346,0.2346,0.2346,6.5556,129.8256,61.0808,129.8256,61.0808,0.476,31.8229,0.9612,42.735221,6.537218,-3.3231,-0.003,-0.1197,0.4966
/kaggle/input/datasets/duc24kdl/sub-x-ray/sub_X-Ray/sub_NIH/00000721_000.png,,sub_NIH,00000721_000.png,ok,512x512 -> 1024x1024,2,1,321.32,44.0842,2.538978,1.593417,0.9832,0.9981,0.0709,6.9372,41.4004,4.710239,2.170308,0.974,0.9956,0.1824,0.1824,0.1824,6.5746,163.5021,52.4974,163.5021,52.4974,0.4019,41.4004,0.974,4.710239,2.170308,-2.6838,-0.0026,-0.1116,0.3626
/kaggle/input/datasets/duc24kdl/sub-x-ray/sub_X-Ray/sub_NIH/00000721_001.png,,sub_NIH,00000721_001.png,ok,512x512 -> 1024x1024,2,1,321.18,35.4335,18.609315,4.313851,0.9798,0.998,0.0836,6.5998,33.8172,26.999494,5.196104,0.9687,0.995,0.1975,0.1975,0.1975,6.4975,161.5481,59.3328,161.5481,59.3328,0.2609,33.8172,0.9687,26.999494,5.196104,-1.6163,-0.003,-0.1139,0.1022
/kaggle/input/datasets/duc24kdl/sub-x-ray/sub_X-Ray/sub_NIH/00000725_000.png,,sub_NIH,00000725_000.png,ok,512x512 -> 1024x1024,2,1,321.75,37.1906,12.417245,3.523811,0.9829,0.9983,0.0653,6.7184,35.0703,20.232759,4.498084,0.9711,0.9952,0.1626,0.1626,0.1626,6.2927,170.7422,58.9672,170.7422,58.9672,0.2969,35.0703,0.9711,20.232759,4.498084,-2.1203,-0.003,-0.0973,0.4257
/kaggle/input/datasets/duc24kdl/sub-x-ray/sub_X-Ray/sub_NIH/00000727_000.png,,sub_NIH,00000727_000.png,ok,512x512 -> 1024x1024,2,1,321.44,43.9441,2.622235,1.619332,0.9814,0.998,0.0752,6.7072,40.9435,5.232727,2.287515,0.9721,0.9955,0.1925,0.1925,0.1925,6.1899,156.9667,54.7712,156.9667,54.7712,0.3448,40.9435,0.9721,5.232727,2.287515,-3.0006,-0.0025,-0.1173,0.5174
/kaggle/input/datasets/duc24kdl/sub-x-ray/sub_X-Ray/sub_NIH/00000727_003.png,,sub_NIH,00000727_003.png,ok,512x512 -> 1024x1024,2,1,321.66,41.1877,4.946678,2.224113,0.9645,0.9968,0.1288,6.2241,38.1905,9.863549,3.140629,0.9438,0.9932,0.2681,0.2681,0.2681,6.4967,102.997,69.7707,102.997,69.7707,0.2356,38.1905,0.9438,9.863549,3.140629,-2.9972,-0.0036,-0.1393,-0.2726
/kaggle/input/datasets/duc24kdl/sub-x-ray/sub_X-Ray/sub_NIH/00000727_009.png,,sub_NIH,00000727_009.png,ok,512x512 -> 1024x1024,2,1,321.7,43.486,2.913944,1.707028,0.9756,0.9977,0.0955,6.4251,40.0428,6.438803,2.53748,0.9653,0.9951,0.201,0.201,0.201,6.474,106.264,70.0004,106.264,70.0004,0.204,40.0428,0.9653,6.438803,2.53748,-3.4432,-0.0026,-0.1055,-0.0489
/kaggle/input/datasets/duc24kdl/sub-x-ray/sub_X-Ray/sub_NIH/00000732_006.png,,sub_NIH,00000732_006.png,ok,512x512 -> 1024x1024,2,1,320.64,41.8182,4.278236,2.06839,0.9607,0.9964,0.1373,6.2568,39.2735,7.686468,2.772448,0.9439,0.9921,0.2753,0.2753,0.2753,6.382,110.068,69.5027,110.068,69.5027,0.1984,39.2735,0.9439,7.686468,2.772448,-2.5446,-0.0043,-0.138,-0.1252
/kaggle/input/datasets/duc24kdl/sub-x-ray/sub_X-Ray/sub_NIH/00000733_000.png,,sub_NIH,00000733_000.png,ok,512x512 -> 1024x1024,2,1,321.99,46.9881,1.300994,1.140611,0.9844,0.9982,0.0614,6.913,43.9422,2.623397,1.61969,0.9775,0.9962,0.1597,0.1597,0.1597,6.6239,172.2163,46.0482,172.2163,46.0482,0.214,43.9422,0.9775,2.623397,1.61969,-3.0459,-0.002,-0.0983,0.2891
/kaggle/input/datasets/duc24kdl/sub-x-ray/sub_X-Ray/sub_NIH/00000733_003.png,,sub_NIH,00000733_003.png,ok,512x512 -> 1024x1024,2,1,322.08,40.7774,5.436763,2.331687,0.9593,0.9964,0.1471,6.4062,38.8985,8.379701,2.894771,0.9399,0.992,0.309,0.309,0.309,6.6175,120.4475,71.789,120.4475,71.789,0.1736,38.8985,0.9399,8.379701,2.894771,-1.8789,-0.0044,-0.1619,-0.2113
/kaggle/input/datasets/duc24kdl/sub-x-ray/sub_X-Ray/sub_NIH/00000739_000.png,,sub_NIH,00000739_000.png,ok,512x512 -> 1024x1024,2,1,319.92,41.4295,4.67878,2.163049,0.9659,0.9969,0.1221,6.5114,39.2895,7.658266,2.767357,0.9498,0.9935,0.252,0.252,0.252,6.5656,106.2696,59.8019,106.2696,59.8019,0.1421,39.2895,0.9498,7.658266,2.767357,-2.14,-0.0034,-0.1298,-0.0542
/kaggle/input/datasets/duc24kdl/sub-x-ray/sub_X-Ray/sub_NIH/00000740_001.png,,sub_NIH,00000740_001.png,ok,512x512 -> 1024x1024,2,1,319.61,39.2671,7.697905,2.77451,0.9852,0.9982,0.0709,7.1662,35.9815,16.403103,4.050074,0.9786,0.9965,0.1746,0.1746,0.1746,6.7036,130.4478,45.9686,130.4478,45.9686,0.2022,35.9815,0.9786,16.403103,4.050074,-3.2855,-0.0017,-0.1036,0.4625
/kaggle/input/datasets/duc24kdl/sub-x-ray/sub_X-Ray/sub_NIH/00000741_000.png,,sub_NIH,00000741_000.png,ok,512x512 -> 1024x1024,2,1,320.96,41.3343,4.782433,2.186877,0.9584,0.9962,0.1558,6.794,39.1555,7.898261,2.810385,0.9424,0.9923,0.3006,0.3006,0.3006,6.5277,127.2514,69.0111,127.2514,69.0111,0.1622,39.1555,0.9424,7.898261,2.810385,-2.1788,-0.0039,-0.1448,0.2663
/kaggle/input/datasets/duc24kdl/sub-x-ray/sub_X-Ray/sub_NIH/00000741_004.png,,sub_NIH,00000741_004.png,ok,512x512 -> 1024x1024,2,1,320.45,42.1693,3.945931,1.986437,0.964,0.9967,0.1404,6.694,40.1348,6.303751,2.510727,0.952,0.9934,0.2771,0.2771,0.2771,6.4968,122.0708,66.6182,122.0708,66.6182,0.1842,40.1348,0.952,6.303751,2.510727,-2.0345,-0.0033,-0.1367,0.1972
/kaggle/input/datasets/duc24kdl/sub-x-ray/sub_X-Ray/sub_NIH/00000742_002.png,,sub_NIH,00000742_002.png,ok,512x512 -> 1024x1024,2,1,319.56,47.044,1.284351,1.133292,0.9851,0.9982,0.0619,6.8807,44.1804,2.483392,1.575878,0.9784,0.9963,0.161,0.161,0.161,6.613,166.4707,42.8077,166.4707,42.8077,0.2303,44.1804,0.9784,2.483392,1.575878,-2.8636,-0.002,-0.0991,0.2677
/kaggle/input/datasets/duc24kdl/sub-x-ray/sub_X-Ray/sub_NIH/00000744_005.png,,sub_NIH,00000744_005.png,ok,512x512 -> 1024x1024,2,1,320.64,41.2028,4.929451,2.220237,0.9589,0.9964,0.1468,6.7105,38.847,8.479747,2.912,0.9389,0.9922,0.2952,0.2952,0.2952,6.6636,124.9217,64.5351,124.9217,64.5351,0.193,38.847,0.9389,8.479747,2.912,-2.3558,-0.0041,-0.1483,0.0469
/kaggle/input/datasets/duc24kdl/sub-x-ray/sub_X-Ray/sub_NIH/00000744_011.png,,sub_NIH,00000744_011.png,ok,512x512 -> 1024x1024,2,1,319.91,41.6888,4.40755,2.099416,0.9603,0.9965,0.142,6.485,39.3612,7.532806,2.744596,0.9415,0.9925,0.293,0.293,0.293,6.7189,118.202,66.576,118.202,66.576,0.2209,39.3612,0.9415,7.532806,2.744596,-2.3276,-0.004,-0.151,-0.234
/kaggle/input/datasets/duc24kdl/sub-x-ray/sub_X-Ray/sub_NIH/00000746_000.png,,sub_NIH,00000746_000.png,ok,512x512 -> 1024x1024,2,1,321.08,43.7543,2.739375,1.655106,0.9659,0.9969,0.1341,7.2331,41.558,4.542305,2.131268,0.9554,0.9941,0.2733,0.2733,0.2733,6.7792,124.1958,60.7733,124.1958,60.7733,0.1405,41.558,0.9554,4.542305,2.131268,-2.1962,-0.0028,-0.1392,0.4539
/kaggle/input/datasets/duc24kdl/sub-x-ray/sub_X-Ray/sub_NIH/00000754_001.png,,sub_NIH,00000754_001.png,ok,512x512 -> 1024x1024,2,1,322.39,36.0759,16.05054,4.006313,0.9762,0.9975,0.0857,6.1007,32.7889,34.213145,5.8492,0.9576,0.9936,0.1927,0.1927,0.1927,5.9036,128.9653,48.6761,128.9653,48.6761,0.4037,32.7889,0.9576,34.213145,5.8492,-3.287,-0.0039,-0.107,0.1971
/kaggle/input/datasets/duc24kdl/sub-x-ray/sub_X-Ray/sub_NIH/00000756_004.png,,sub_NIH,00000756_004.png,ok,512x512 -> 1024x1024,2,1,321.23,36.9104,13.244662,3.639322,0.9814,0.998,0.0819,6.8183,35.1722,19.763498,4.445616,0.9728,0.9956,0.1901,0.1901,0.1901,6.2679,165.9352,52.0408,165.9352,52.0408,0.4439,35.1722,0.9728,19.763498,4.445616,-1.7382,-0.0024,-0.1082,0.5504
/kaggle/input/datasets/duc24kdl/sub-x-ray/sub_X-Ray/sub_NIH/00000756_005.png,,sub_NIH,00000756_005.png,ok,512x512 -> 1024x1024,2,1,319.83,37.1626,12.497286,3.53515,0.9852,0.9983,0.0663,7.7008,35.1367,19.925581,4.463808,0.9815,0.9971,0.1641,0.1641,0.1641,6.6944,172.897,37.4475,172.897,37.4475,0.1056,35.1367,0.9815,19.925581,4.463808,-2.026,-0.0012,-0.0978,1.0064
/kaggle/input/datasets/duc24kdl/sub-x-ray/sub_X-Ray/sub_NIH/00000761_003.png,,sub_NIH,00000761_003.png,ok,512x512 -> 1024x1024,2,1,322.86,36.1662,15.720226,3.964874,0.9774,0.9976,0.0953,6.0594,33.6791,27.87228,5.27942,0.9618,0.9941,0.2137,0.2137,0.2137,5.9447,111.5355,62.8045,111.5355,62.8045,0.3877,33.6791,0.9618,27.87228,5.27942,-2.4871,-0.0035,-0.1184,0.1147
/kaggle/input/datasets/duc24kdl/sub-x-ray/sub_X-Ray/sub_NIH/00000761_006.png,,sub_NIH,00000761_006.png,ok,512x512 -> 1024x1024,2,1,322.13,36.4396,14.761066,3.842013,0.9751,0.9974,0.0968,6.391,33.7441,27.457837,5.240023,0.9591,0.9937,0.2174,0.2174,0.2174,6.1868,96.4298,55.2442,96.4298,55.2442,0.4168,33.7441,0.9591,27.457837,5.240023,-2.6955,-0.0037,-0.1205,0.2042
/kaggle/input/datasets/duc24kdl/sub-x-ray/sub_X-Ray/sub_NIH/00000761_011.png,,sub_NIH,00000761_011.png,ok,512x512 -> 1024x1024,2,1,321.11,39.2379,7.749761,2.783839,0.9847,0.9982,0.0688,7.1732,37.405,11.818951,3.43787,0.9752,0.996,0.1667,0.1667,0.1667,6.9429,109.8847,70.5322,109.8847,70.5322,0.3175,37.405,0.9752,11.818951,3.43787,-1.8329,-0.0022,-0.0979,0.2303
/kaggle/input/datasets/duc24kdl/sub-x-ray/sub_X-Ray/sub_NIH/00000764_000.png,,sub_NIH,00000764_000.png,ok,512x512 -> 1024x1024,2,1,319.68,46.6596,1.403207,1.18457,0.9845,0.9982,0.0673,7.301,43.8233,2.696185,1.642007,0.9783,0.9963,0.1733,0.1733,0.1733,6.7272,173.788,40.9171,173.788,40.9171,0.2423,43.8233,0.9783,2.696185,1.642007,-2.8363,-0.0019,-0.106,0.5738
/kaggle/input/datasets/duc24kdl/sub-x-ray/sub_X-Ray/sub_NIH/00000766_000.png,,sub_NIH,00000766_000.png,ok,512x512 -> 1024x1024,2,1,321.2,41.5452,4.555711,2.134411,0.9826,0.998,0.0612,6.4001,40.3233,6.036058,2.456839,0.9741,0.9956,0.163,0.163,0.163,6.1342,169.0169,51.7053,169.0169,51.7053,0.3237,40.3233,0.9741,6.036058,2.456839,-1.222,-0.0024,-0.1019,0.2659
/kaggle/input/datasets/duc24kdl/sub-x-ray/sub_X-Ray/sub_NIH/00000766_011.png,,sub_NIH,00000766_011.png,ok,512x512 -> 1024x1024,2,1,322.88,42.0891,4.019519,2.004874,0.959,0.9963,0.1486,6.3547,39.6105,7.112596,2.666945,0.9429,0.9919,0.2969,0.2969,0.2969,6.4821,122.539,74.0839,122.539,74.0839,0.1769,39.6105,0.9429,7.112596,2.666945,-2.4785,-0.0044,-0.1483,-0.1274
/kaggle/input/datasets/duc24kdl/sub-x-ray/sub_X-Ray/sub_NIH/00000766_013.png,,sub_NIH,00000766_013.png,ok,512x512 -> 1024x1024,2,1,319.01,35.2461,19.430038,4.407952,0.982,0.9981,0.0812,6.8745,32.7072,34.862658,5.904461,0.9722,0.9959,0.1854,0.1854,0.1854,6.7477,112.1811,62.5984,112.1811,62.5984,0.3268,32.7072,0.9722,34.862658,5.904461,-2.5389,-0.0022,-0.1042,0.1268
/kaggle/input/datasets/duc24kdl/sub-x-ray/sub_X-Ray/sub_NIH/00000766_021.png,,sub_NIH,00000766_021.png,ok,512x512 -> 1024x1024,2,1,322.49,38.5726,9.032672,3.00544,0.9846,0.9982,0.0688,6.1151,36.4087,14.866719,3.855738,0.976,0.9959,0.168,0.168,0.168,6.4856,111.8554,56.3702,111.8554,56.3702,0.2759,36.4087,0.976,14.866719,3.855738,-2.164,-0.0023,-0.0992,-0.3704
/kaggle/input/datasets/duc24kdl/sub-x-ray/sub_X-Ray/sub_NIH/00000766_022.png,,sub_NIH,00000766_022.png,ok,512x512 -> 1024x1024,2,1,322.5,38.2408,9.749936,3.122489,0.9838,0.9981,0.068,5.9528,36.1684,15.712429,3.963891,0.9752,0.9955,0.161,0.161,0.161,6.1873,113.5638,54.4636,113.5638,54.4636,0.2745,36.1684,0.9752,15.712429,3.963891,-2.0724,-0.0025,-0.093,-0.2345
/kaggle/input/datasets/duc24kdl/sub-x-ray/sub_X-Ray/sub_NIH/00000772_000.png,,sub_NIH,00000772_000.png,ok,512x512 -> 1024x1024,2,1,320.5,41.8657,4.23166,2.0571,0.9642,0.9968,0.1485,6.7097,39.7474,6.891926,2.625248,0.9504,0.9934,0.3038,0.3038,0.3038,6.6649,138.7882,66.4123,138.7882,66.4123,0.1545,39.7474,0.9504,6.891926,2.625248,-2.1183,-0.0034,-0.1553,0.0447
/kaggle/input/datasets/duc24kdl/sub-x-ray/sub_X-Ray/sub_NIH/00000772_003.png,,sub_NIH,00000772_003.png,ok,512x512 -> 1024x1024,2,1,321.21,41.7192,4.37685,2.092092,0.9637,0.9968,0.1447,6.8026,39.483,7.324483,2.706378,0.9474,0.9934,0.286,0.286,0.286,6.754,132.234,73.5812,132.234,73.5812,0.1257,39.483,0.9474,7.324483,2.706378,-2.2362,-0.0033,-0.1413,0.0486
/kaggle/input/datasets/duc24kdl/sub-x-ray/sub_X-Ray/sub_NIH/00000772_005.png,,sub_NIH,00000772_005.png,ok,512x512 -> 1024x1024,2,1,321.23,37.9706,10.375701,3.221133,0.9768,0.9975,0.1098,6.9725,34.8398,21.335535,4.61904,0.9676,0.9949,0.2444,0.2444,0.2444,6.4762,127.0373,42.4575,127.0373,42.4575,0.3469,34.8398,0.9676,21.335535,4.61904,-3.1309,-0.0026,-0.1346,0.4963
/kaggle/input/datasets/duc24kdl/sub-x-ray/sub_X-Ray/sub_NIH/00000772_009.png,,sub_NIH,00000772_009.png,ok,512x512 -> 1024x1024,2,1,319.27,35.4905,18.36647,4.285612,0.9692,0.997,0.1343,6.7306,32.2033,39.151941,6.257151,0.9551,0.9938,0.2615,0.2615,0.2615,6.4607,125.6539,66.3504,125.6539,66.3504,0.4171,32.2033,0.9551,39.151941,6.257151,-3.2873,-0.0032,-0.1273,0.2699
/kaggle/input/datasets/duc24kdl/sub-x-ray/sub_X-Ray/sub_NIH/00000773_000.png,,sub_NIH,00000773_000.png,ok,512x512 -> 1024x1024,2,1,319.04,43.8124,2.702959,1.644068,0.9846,0.9981,0.0519,6.3968,36.6617,14.025235,3.745028,0.9741,0.9924,0.1562,0.1562,0.1562,6.1606,214.6093,32.5482,214.6093,32.5482,0.4598,36.6617,0.9741,14.025235,3.745028,-7.1507,-0.0057,-0.1043,0.2362
/kaggle/input/datasets/duc24kdl/sub-x-ray/sub_X-Ray/sub_NIH/00000776_000.png,,sub_NIH,00000776_000.png,ok,512x512 -> 1024x1024,2,1,321.34,36.2898,15.279264,3.90887,0.9772,0.9977,0.0842,6.2786,33.9026,26.473944,5.145284,0.9632,0.9943,0.1929,0.1929,0.1929,6.0466,157.4621,58.6563,157.4621,58.6563,0.4022,33.9026,0.9632,26.473944,5.145284,-2.3872,-0.0034,-0.1087,0.232
/kaggle/input/datasets/duc24kdl/sub-x-ray/sub_X-Ray/sub_NIH/00000781_004.png,,sub_NIH,00000781_004.png,ok,512x512 -> 1024x1024,2,1,319.7,36.7571,13.720439,3.704111,0.9832,0.9982,0.0656,6.7967,33.7171,27.629043,5.256334,0.9751,0.9952,0.1684,0.1684,0.1684,6.1077,166.9652,61.9103,166.9652,61.9103,0.1136,33.7171,0.9751,27.629043,5.256334,-3.04,-0.003,-0.1029,0.689
/kaggle/input/datasets/duc24kdl/sub-x-ray/sub_X-Ray/sub_NIH/00000781_005.png,,sub_NIH,00000781_005.png,ok,512x512 -> 1024x1024,2,1,320.88,41.7786,4.317352,2.077824,0.9592,0.9963,0.1434,6.7276,39.6521,7.044816,2.654207,0.9413,0.9925,0.2877,0.2877,0.2877,6.6504,118.217,68.0924,118.217,68.0924,0.1368,39.6521,0.9413,7.044816,2.654207,-2.1265,-0.0039,-0.1443,0.0771
/kaggle/input/datasets/duc24kdl/sub-x-ray/sub_X-Ray/sub_NIH/00000781_006.png,,sub_NIH,00000781_006.png,ok,512x512 -> 1024x1024,2,1,321.28,41.6902,4.40612,2.099076,0.9671,0.997,0.13,6.287,39.0365,8.117581,2.849137,0.9542,0.9936,0.2659,0.2659,0.2659,6.6499,130.7017,61.9846,130.7017,61.9846,0.1993,39.0365,0.9542,8.117581,2.849137,-2.6537,-0.0034,-0.1358,-0.3629
/kaggle/input/datasets/duc24kdl/sub-x-ray/sub_X-Ray/sub_NIH/00000783_000.png,,sub_NIH,00000783_000.png,ok,512x512 -> 1024x1024,2,1,320.68,36.2351,15.472807,3.933549,0.9759,0.9975,0.0831,5.5592,32.4061,37.365235,6.112711,0.9609,0.9937,0.2043,0.2043,0.2043,5.8723,129.1376,57.4548,129.1376,57.4548,0.3276,32.4061,0.9609,37.365235,6.112711,-3.829,-0.0038,-0.1213,-0.3131
/kaggle/input/datasets/duc24kdl/sub-x-ray/sub_X-Ray/sub_NIH/00000783_001.png,,sub_NIH,00000783_001.png,ok,512x512 -> 1024x1024,2,1,320.8,41.932,4.167563,2.041461,0.9694,0.9972,0.1164,6.4315,38.9116,8.354402,2.890398,0.9564,0.9939,0.2445,0.2445,0.2445,6.5204,111.3004,65.815,111.3004,65.815,0.2592,38.9116,0.9564,8.354402,2.890398,-3.0203,-0.0033,-0.1282,-0.0889
/kaggle/input/datasets/duc24kdl/sub-x-ray/sub_X-Ray/sub_NIH/00000783_002.png,,sub_NIH,00000783_002.png,ok,512x512 -> 1024x1024,2,1,321.11,35.6603,17.662429,4.202669,0.9681,0.9969,0.1042,6.139,32.375,37.633785,6.134638,0.9518,0.9927,0.2258,0.2258,0.2258,5.8428,143.0369,58.1141,143.0369,58.1141,0.404,32.375,0.9518,37.633785,6.134638,-3.2853,-0.0042,-0.1216,0.2962
/kaggle/input/datasets/duc24kdl/sub-x-ray/sub_X-Ray/sub_NIH/00000786_000.png,,sub_NIH,00000786_000.png,ok,512x512 -> 1024x1024,2,1,319.69,41.8168,4.279544,2.068706,0.9628,0.9966,0.1366,6.5443,39.4074,7.45321,2.730057,0.9483,0.993,0.28,0.28,0.28,6.6319,127.1789,65.6718,127.1789,65.6718,0.1818,39.4074,0.9483,7.45321,2.730057,-2.4095,-0.0036,-0.1434,-0.0876
/kaggle/input/datasets/duc24kdl/sub-x-ray/sub_X-Ray/sub_NIH/00000787_003.png,,sub_NIH,00000787_003.png,ok,512x512 -> 1024x1024,2,1,321.23,35.6099,17.868457,4.22711,0.9878,0.9984,0.0552,8.7923,33.575,28.548068,5.343039,0.9844,0.9973,0.1367,0.1367,0.1367,7.4838,160.3709,57.9337,160.3709,57.9337,0.3081,33.575,0.9844,28.548068,5.343039,-2.0349,-0.0011,-0.0816,1.3085
/kaggle/input/datasets/duc24kdl/sub-x-ray/sub_X-Ray/sub_NIH/00000787_004.png,,sub_NIH,00000787_004.png,ok,512x512 -> 1024x1024,2,1,320.0,33.1754,31.299685,5.594612,0.9816,0.9978,0.0769,8.5866,30.8805,53.091701,7.286405,0.9758,0.9941,0.186,0.186,0.186,7.1461,172.645,33.1147,172.645,33.1147,0.2349,30.8805,0.9758,53.091701,7.286405,-2.2949,-0.0036,-0.1091,1.4405
/kaggle/input/datasets/duc24kdl/sub-x-ray/sub_X-Ray/sub_NIH/00000789_000.png,,sub_NIH,00000789_000.png,ok,512x512 -> 1024x1024,2,1,320.14,45.7205,1.741923,1.319819,0.9853,0.9983,0.054,6.6657,42.6155,3.56067,1.886974,0.9776,0.9962,0.1556,0.1556,0.1556,6.1893,157.792,64.8903,157.792,64.8903,0.2826,42.6155,0.9776,3.56067,1.886974,-3.105,-0.0021,-0.1015,0.4765
/kaggle/input/datasets/duc24kdl/sub-x-ray/sub_X-Ray/sub_NIH/00000792_001.png,,sub_NIH,00000792_001.png,ok,512x512 -> 1024x1024,2,1,319.32,42.1878,3.929192,1.982219,0.9661,0.9969,0.1264,6.4003,39.6347,7.073188,2.659547,0.9517,0.9936,0.2489,0.2489,0.2489,6.2408,133.0203,66.0724,133.0203,66.0724,0.1823,39.6347,0.9517,7.073188,2.659547,-2.5531,-0.0033,-0.1226,0.1594
/kaggle/input/datasets/duc24kdl/sub-x-ray/sub_X-Ray/sub_NIH/00000796_000.png,,sub_NIH,00000796_000.png,ok,512x512 -> 1024x1024,2,1,322.05,40.7427,5.480374,2.34102,0.953,0.9958,0.1598,6.3585,38.5176,9.147938,3.024556,0.9309,0.9907,0.3165,0.3165,0.3165,6.3736,128.6684,72.1931,128.6684,72.1931,0.1603,38.5176,0.9309,9.147938,3.024556,-2.2251,-0.005,-0.1567,-0.015
/kaggle/input/datasets/duc24kdl/sub-x-ray/sub_X-Ray/sub_NIH/00000796_005.png,,sub_NIH,00000796_005.png,ok,512x512 -> 1024x1024,2,1,320.04,35.0978,20.10485,4.483843,0.9842,0.9982,0.0578,6.2599,31.5769,45.226239,6.725046,0.9765,0.9958,0.1577,0.1577,0.1577,6.2583,150.9624,69.9291,150.9624,69.9291,0.2616,31.5769,0.9765,45.226239,6.725046,-3.5209,-0.0024,-0.0999,0.0016
/kaggle/input/datasets/duc24kdl/sub-x-ray/sub_X-Ray/sub_NIH/00000797_003.png,,sub_NIH,00000797_003.png,ok,512x512 -> 1024x1024,2,1,320.56,36.3017,15.237283,3.903496,0.9763,0.9975,0.1136,6.668,33.2266,30.932571,5.561706,0.9658,0.9944,0.2307,0.2307,0.2307,6.6363,118.4263,57.1503,118.4263,57.1503,0.3761,33.2266,0.9658,30.932571,5.561706,-3.0751,-0.003,-0.1171,0.0318
/kaggle/input/datasets/duc24kdl/sub-x-ray/sub_X-Ray/sub_NIH/00000797_004.png,,sub_NIH,00000797_004.png,ok,512x512 -> 1024x1024,2,1,320.97,36.2014,15.593509,3.948862,0.9736,0.9973,0.1183,6.8058,32.6915,34.989144,5.915162,0.9548,0.9939,0.2341,0.2341,0.2341,6.6961,114.1616,52.3949,114.1616,52.3949,0.3597,32.6915,0.9548,34.989144,5.915162,-3.5099,-0.0034,-0.1158,0.1097
/kaggle/input/datasets/duc24kdl/sub-x-ray/sub_X-Ray/sub_NIH/00000798_001.png,,sub_NIH,00000798_001.png,ok,512x512 -> 1024x1024,2,1,322.62,38.7942,8.583502,2.929761,0.9821,0.9981,0.0699,6.4318,35.8196,17.026269,4.12629,0.9715,0.995,0.1764,0.1764,0.1764,6.2212,156.9062,60.9976,156.9062,60.9976,0.1984,35.8196,0.9715,17.026269,4.12629,-2.9746,-0.0031,-0.1064,0.2107
/kaggle/input/datasets/duc24kdl/sub-x-ray/sub_X-Ray/sub_NIH/00000798_005.png,,sub_NIH,00000798_005.png,ok,512x512 -> 1024x1024,2,1,320.12,41.1525,4.98684,2.233123,0.9659,0.9969,0.1228,6.297,38.0941,10.084979,3.175686,0.9499,0.9931,0.2523,0.2523,0.2523,6.1888,108.2539,68.2015,108.2539,68.2015,0.2759,38.0941,0.9499,10.084979,3.175686,-3.0585,-0.0038,-0.1294,0.1082
/kaggle/input/datasets/duc24kdl/sub-x-ray/sub_X-Ray/sub_NIH/00000798_022.png,,sub_NIH,00000798_022.png,ok,512x512 -> 1024x1024,2,1,320.01,35.8623,16.859597,4.106044,0.9812,0.9977,0.0797,6.3565,33.6479,28.072857,5.298383,0.9682,0.9938,0.177,0.177,0.177,6.7404,116.3619,48.6998,116.3619,48.6998,0.3218,33.6479,0.9682,28.072857,5.298383,-2.2144,-0.0039,-0.0972,-0.3839
/kaggle/input/datasets/duc24kdl/sub-x-ray/sub_X-Ray/sub_NIH/00000798_023.png,,sub_NIH,00000798_023.png,ok,512x512 -> 1024x1024,2,1,321.06,36.4156,14.843055,3.852669,0.9817,0.9979,0.0772,6.2702,34.2367,24.513836,4.951145,0.972,0.9949,0.1782,0.1782,0.1782,6.3272,112.0106,54.9704,112.0106,54.9704,0.3078,34.2367,0.972,24.513836,4.951145,-2.1789,-0.003,-0.1009,-0.057
/kaggle/input/datasets/duc24kdl/sub-x-ray/sub_X-Ray/sub_NIH/00000798_028.png,,sub_NIH,00000798_028.png,ok,512x512 -> 1024x1024,2,1,319.8,38.3368,9.536805,3.088172,0.9829,0.998,0.076,6.4585,36.2703,15.347863,3.917635,0.9741,0.9955,0.1812,0.1812,0.1812,6.716,120.2851,50.3482,120.2851,50.3482,0.2687,36.2703,0.9741,15.347863,3.917635,-2.0664,-0.0025,-0.1052,-0.2575
/kaggle/input/datasets/duc24kdl/sub-x-ray/sub_X-Ray/sub_NIH/00000798_034.png,,sub_NIH,00000798_034.png,ok,512x512 -> 1024x1024,2,1,321.72,36.7941,13.604268,3.688396,0.9829,0.998,0.0803,6.2905,34.7794,21.634247,4.651263,0.975,0.9957,0.1852,0.1852,0.1852,6.5186,124.018,44.6388,124.018,44.6388,0.264,34.7794,0.975,21.634247,4.651263,-2.0147,-0.0024,-0.1049,-0.2281
/kaggle/input/datasets/duc24kdl/sub-x-ray/sub_X-Ray/sub_NIH/00000798_036.png,,sub_NIH,00000798_036.png,ok,512x512 -> 1024x1024,2,1,320.46,36.5571,14.367228,3.790413,0.9806,0.9979,0.0878,6.4086,34.6878,22.095137,4.700546,0.9706,0.9956,0.1905,0.1905,0.1905,6.8368,118.1624,50.2177,118.1624,50.2177,0.3505,34.6878,0.9706,22.095137,4.700546,-1.8692,-0.0023,-0.1027,-0.4282
/kaggle/input/datasets/duc24kdl/sub-x-ray/sub_X-Ray/sub_NIH/00000798_040.png,,sub_NIH,00000798_040.png,ok,512x512 -> 1024x1024,2,1,319.06,36.4632,14.68109,3.831591,0.9829,0.998,0.0777,6.0495,34.2933,24.196161,4.918959,0.9661,0.9947,0.1789,0.1789,0.1789,6.1926,108.6439,56.6973,108.6439,56.6973,0.3549,34.2933,0.9661,24.196161,4.918959,-2.1699,-0.0033,-0.1012,-0.1431
/kaggle/input/datasets/duc24kdl/sub-x-ray/sub_X-Ray/sub_NIH/00000805_000.png,,sub_NIH,00000805_000.png,ok,512x512 -> 1024x1024,2,1,320.73,41.4884,4.61573,2.148425,0.9619,0.9966,0.1378,6.6187,38.8208,8.530964,2.920781,0.9429,0.9926,0.2821,0.2821,0.2821,6.7332,114.0611,67.9703,114.0611,67.9703,0.1741,38.8208,0.9429,8.530964,2.920781,-2.6676,-0.004,-0.1443,-0.1146
/kaggle/input/datasets/duc24kdl/sub-x-ray/sub_X-Ray/sub_NIH/00000805_001.png,,sub_NIH,00000805_001.png,ok,512x512 -> 1024x1024,2,1,319.19,45.0833,2.017185,1.420277,0.9778,0.9977,0.0971,7.5587,43.6345,2.816002,1.678095,0.969,0.9959,0.227,0.227,0.227,7.2305,106.2705,35.4998,106.2705,35.4998,0.2354,43.6345,0.969,2.816002,1.678095,-1.4489,-0.0017,-0.1299,0.3282
/kaggle/input/datasets/duc24kdl/sub-x-ray/sub_X-Ray/sub_NIH/00000805_002.png,,sub_NIH,00000805_002.png,ok,512x512 -> 1024x1024,2,1,320.49,41.8154,4.280999,2.069058,0.9602,0.9964,0.145,7.211,39.1375,7.930957,2.816195,0.9438,0.9925,0.2996,0.2996,0.2996,6.7014,124.6488,62.6229,124.6488,62.6229,0.1699,39.1375,0.9438,7.930957,2.816195,-2.6778,-0.0039,-0.1546,0.5097
/kaggle/input/datasets/duc24kdl/sub-x-ray/sub_X-Ray/sub_NIH/00000806_000.png,,sub_NIH,00000806_000.png,ok,512x512 -> 1024x1024,2,1,319.71,48.0239,1.024928,1.012387,0.9902,0.9986,0.0416,9.1008,45.4872,1.83806,1.355751,0.9881,0.9979,0.1232,0.1232,0.1232,8.0004,169.5315,39.819,169.5315,39.819,0.3497,45.4872,0.9881,1.83806,1.355751,-2.5367,-0.0007,-0.0816,1.1005
/kaggle/input/datasets/duc24kdl/sub-x-ray/sub_X-Ray/sub_NIH/00000807_000.png,,sub_NIH,00000807_000.png,ok,512x512 -> 1024x1024,2,1,320.57,47.3859,1.187119,1.08955,0.986,0.9983,0.0526,7.2486,44.6375,2.235269,1.495082,0.9806,0.9966,0.1473,0.1473,0.1473,6.4126,168.2446,45.4933,168.2446,45.4933,0.1935,44.6375,0.9806,2.235269,1.495082,-2.7484,-0.0017,-0.0947,0.8361
/kaggle/input/datasets/duc24kdl/sub-x-ray/sub_X-Ray/sub_NIH/00000808_007.png,,sub_NIH,00000808_007.png,ok,512x512 -> 1024x1024,2,1,319.22,36.0294,16.223329,4.027819,0.9857,0.9983,0.0645,7.0766,33.5178,28.926503,5.378336,0.9796,0.9965,0.1646,0.1646,0.1646,7.0271,122.1239,52.9597,122.1239,52.9597,0.2801,33.5178,0.9796,28.926503,5.378336,-2.5116,-0.0018,-0.1001,0.0495
/kaggle/input/datasets/duc24kdl/sub-x-ray/sub_X-Ray/sub_NIH/00000808_008.png,,sub_NIH,00000808_008.png,ok,512x512 -> 1024x1024,2,1,321.89,40.0508,6.426814,2.535116,0.9879,0.9985,0.0615,7.6385,38.1189,10.027439,3.166613,0.9835,0.9975,0.1592,0.1592,0.1592,7.2887,121.7501,49.3852,121.7501,49.3852,0.1506,38.1189,0.9835,10.027439,3.166613,-1.9319,-0.001,-0.0977,0.3497
/kaggle/input/datasets/duc24kdl/sub-x-ray/sub_X-Ray/sub_NIH/00000808_009.png,,sub_NIH,00000808_009.png,ok,512x512 -> 1024x1024,2,1,319.67,37.7501,10.916179,3.303964,0.985,0.9981,0.0668,6.7667,35.6475,17.714637,4.208876,0.9786,0.9962,0.1652,0.1652,0.1652,6.7736,113.0671,50.0509,113.0671,50.0509,0.2765,35.6475,0.9786,17.714637,4.208876,-2.1026,-0.002,-0.0984,-0.0068
/kaggle/input/datasets/duc24kdl/sub-x-ray/sub_X-Ray/sub_NIH/00000808_010.png,,sub_NIH,00000808_010.png,ok,512x512 -> 1024x1024,2,1,320.56,37.0685,12.771259,3.57369,0.9826,0.9981,0.0802,7.6152,35.0657,20.253909,4.500434,0.9754,0.9964,0.19,0.19,0.19,7.1134,112.9884,51.9483,112.9884,51.9483,0.3522,35.0657,0.9754,20.253909,4.500434,-2.0028,-0.0016,-0.1098,0.5018
/kaggle/input/datasets/duc24kdl/sub-x-ray/sub_X-Ray/sub_NIH/00000808_013.png,,sub_NIH,00000808_013.png,ok,512x512 -> 1024x1024,2,1,321.23,35.8438,16.931886,4.114837,0.9851,0.9981,0.0613,6.7069,33.6439,28.098671,5.300818,0.9793,0.9957,0.1565,0.1565,0.1565,6.6148,159.732,45.3463,159.732,45.3463,0.2486,33.6439,0.9793,28.098671,5.300818,-2.1998,-0.0024,-0.0952,0.0921
/kaggle/input/datasets/duc24kdl/sub-x-ray/sub_X-Ray/sub_NIH/00000809_000.png,,sub_NIH,00000809_000.png,ok,512x512 -> 1024x1024,2,1,320.29,41.6172,4.480836,2.116798,0.961,0.9965,0.1368,6.8912,39.7018,6.964725,2.639077,0.9443,0.9926,0.2824,0.2824,0.2824,6.8692,114.2889,61.1249,114.2889,61.1249,0.1442,39.7018,0.9443,6.964725,2.639077,-1.9154,-0.0038,-0.1456,0.022
/kaggle/input/datasets/duc24kdl/sub-x-ray/sub_X-Ray/sub_NIH/00000809_004.png,,sub_NIH,00000809_004.png,ok,512x512 -> 1024x1024,2,1,321.83,41.5968,4.501954,2.121781,0.9636,0.9967,0.1343,6.5938,38.6285,8.917174,2.986164,0.9457,0.9927,0.2766,0.2766,0.2766,6.4261,121.5313,64.0675,121.5313,64.0675,0.1551,38.6285,0.9457,8.917174,2.986164,-2.9683,-0.004,-0.1423,0.1677
/kaggle/input/datasets/duc24kdl/sub-x-ray/sub_X-Ray/sub_NIH/00000812_000.png,,sub_NIH,00000812_000.png,ok,512x512 -> 1024x1024,2,1,322.43,42.733,3.46558,1.861607,0.9686,0.9972,0.1151,5.9655,39.3445,7.561815,2.749876,0.9511,0.9935,0.2354,0.2354,0.2354,5.9218,101.6504,70.4086,101.6504,70.4086,0.1846,39.3445,0.9511,7.561815,2.749876,-3.3885,-0.0037,-0.1203,0.0437
/kaggle/input/datasets/duc24kdl/sub-x-ray/sub_X-Ray/sub_NIH/00000817_001.png,,sub_NIH,00000817_001.png,ok,512x512 -> 1024x1024,2,1,322.06,42.1257,3.985726,1.996428,0.9594,0.9964,0.1507,6.8545,39.7048,6.959902,2.638163,0.9402,0.9927,0.292,0.292,0.292,6.8312,122.8591,69.2293,122.8591,69.2293,0.176,39.7048,0.9402,6.959902,2.638163,-2.421,-0.0037,-0.1413,0.0233
/kaggle/input/datasets/duc24kdl/sub-x-ray/sub_X-Ray/sub_NIH/00000820_000.png,,sub_NIH,00000820_000.png,ok,512x512 -> 1024x1024,2,1,321.07,38.0022,10.300519,3.209442,0.986,0.9983,0.0761,7.0016,34.9564,20.770301,4.557445,0.9792,0.9965,0.1871,0.1871,0.1871,6.7761,141.4577,50.0695,141.4577,50.0695,0.1583,34.9564,0.9792,20.770301,4.557445,-3.0458,-0.0018,-0.111,0.2255
/kaggle/input/datasets/duc24kdl/sub-x-ray/sub_X-Ray/sub_NIH/00000820_002.png,,sub_NIH,00000820_002.png,ok,512x512 -> 1024x1024,2,1,320.37,38.8028,8.566501,2.926859,0.9864,0.9983,0.0748,7.1358,35.6483,17.711134,4.20846,0.9793,0.9966,0.1847,0.1847,0.1847,6.7324,143.896,41.2571,143.896,41.2571,0.1195,35.6483,0.9793,17.711134,4.20846,-3.1544,-0.0018,-0.11,0.4034
/kaggle/input/datasets/duc24kdl/sub-x-ray/sub_X-Ray/sub_NIH/00000820_003.png,,sub_NIH,00000820_003.png,ok,512x512 -> 1024x1024,2,1,319.82,38.1334,9.994129,3.161349,0.9842,0.9982,0.078,7.0603,35.4067,18.724633,4.327197,0.9777,0.9964,0.1895,0.1895,0.1895,6.6526,147.2324,45.4347,147.2324,45.4347,0.2453,35.4067,0.9777,18.724633,4.327197,-2.7267,-0.0018,-0.1115,0.4077
/kaggle/input/datasets/duc24kdl/sub-x-ray/sub_X-Ray/sub_NIH/00000820_004.png,,sub_NIH,00000820_004.png,ok,512x512 -> 1024x1024,2,1,320.52,38.3812,9.439751,3.072418,0.9808,0.9979,0.0869,6.8878,36.0938,15.984584,3.998073,0.9709,0.9954,0.2089,0.2089,0.2089,6.4193,141.9695,44.8536,141.9695,44.8536,0.2412,36.0938,0.9709,15.984584,3.998073,-2.2874,-0.0025,-0.122,0.4685
/kaggle/input/datasets/duc24kdl/sub-x-ray/sub_X-Ray/sub_NIH/00000820_015.png,,sub_NIH,00000820_015.png,ok,512x512 -> 1024x1024,2,1,320.82,34.7602,21.729859,4.66153,0.9832,0.9982,0.0772,6.7984,32.312,38.184227,6.179339,0.9725,0.9956,0.1819,0.1819,0.1819,6.6286,113.9374,55.0416,113.9374,55.0416,0.3555,32.312,0.9725,38.184227,6.179339,-2.4483,-0.0025,-0.1047,0.1698
/kaggle/input/datasets/duc24kdl/sub-x-ray/sub_X-Ray/sub_NIH/00000820_020.png,,sub_NIH,00000820_020.png,ok,512x512 -> 1024x1024,2,1,320.34,42.2239,3.896681,1.974001,0.9604,0.9964,0.1407,6.4833,40.1635,6.262278,2.502454,0.9415,0.9919,0.2906,0.2906,0.2906,6.5076,104.2155,67.683,104.2155,67.683,0.1627,40.1635,0.9415,6.262278,2.502454,-2.0604,-0.0045,-0.15,-0.0244
/kaggle/input/datasets/duc24kdl/sub-x-ray/sub_X-Ray/sub_NIH/00000820_023.png,,sub_NIH,00000820_023.png,ok,512x512 -> 1024x1024,2,1,319.1,37.62,11.248071,3.353814,0.9861,0.9983,0.0674,6.7439,35.4806,18.408597,4.290524,0.9798,0.9966,0.1716,0.1716,0.1716,6.4464,156.2669,47.2083,156.2669,47.2083,0.2208,35.4806,0.9798,18.408597,4.290524,-2.1394,-0.0018,-0.1042,0.2976
/kaggle/input/datasets/duc24kdl/sub-x-ray/sub_X-Ray/sub_NIH/00000820_024.png,,sub_NIH,00000820_024.png,ok,512x512 -> 1024x1024,2,1,318.67,36.1472,15.789275,3.973572,0.9857,0.9983,0.0698,6.7028,32.5642,36.029631,6.002469,0.9784,0.9964,0.1772,0.1772,0.1772,6.7124,155.224,48.3409,155.224,48.3409,0.3149,32.5642,0.9784,36.029631,6.002469,-3.583,-0.0019,-0.1074,-0.0096
/kaggle/input/datasets/duc24kdl/sub-x-ray/sub_X-Ray/sub_NIH/00000820_029.png,,sub_NIH,00000820_029.png,ok,512x512 -> 1024x1024,2,1,320.56,37.9954,10.316617,3.211949,0.9846,0.9982,0.0876,6.6896,36.0291,16.224406,4.027953,0.9775,0.9962,0.2103,0.2103,0.2103,6.8513,118.3898,38.6216,118.3898,38.6216,0.2497,36.0291,0.9775,16.224406,4.027953,-1.9663,-0.002,-0.1227,-0.1618
/kaggle/input/datasets/duc24kdl/sub-x-ray/sub_X-Ray/sub_NIH/00000822_000.png,,sub_NIH,00000822_000.png,ok,512x512 -> 1024x1024,2,1,319.96,46.9109,1.324297,1.150781,0.9875,0.9984,0.0455,7.4508,42.8513,3.372486,1.836433,0.9823,0.997,0.1185,0.1185,0.1185,6.8359,169.7614,67.4902,169.7614,67.4902,0.2344,42.8513,0.9823,3.372486,1.836433,-4.0596,-0.0014,-0.073,0.6149
/kaggle/input/datasets/duc24kdl/sub-x-ray/sub_X-Ray/sub_NIH/00000823_004.png,,sub_NIH,00000823_004.png,ok,512x512 -> 1024x1024,2,1,319.29,43.3423,3.011979,1.735505,0.9702,0.9973,0.1259,6.5189,40.325,6.03366,2.456351,0.9574,0.9945,0.2572,0.2572,0.2572,6.7018,110.3437,72.1742,110.3437,72.1742,0.2326,40.325,0.9574,6.03366,2.456351,-3.0173,-0.0028,-0.1313,-0.1828
/kaggle/input/datasets/duc24kdl/sub-x-ray/sub_X-Ray/sub_NIH/00000827_001.png,,sub_NIH,00000827_001.png,ok,512x512 -> 1024x1024,2,1,319.28,42.4527,3.6967,1.92268,0.9644,0.9968,0.1388,6.8897,39.8354,6.753735,2.598795,0.9517,0.9936,0.2891,0.2891,0.2891,6.9652,113.9918,61.3878,113.9918,61.3878,0.194,39.8354,0.9517,6.753735,2.598795,-2.6173,-0.0031,-0.1503,-0.0755
/kaggle/input/datasets/duc24kdl/sub-x-ray/sub_X-Ray/sub_NIH/00000827_004.png,,sub_NIH,00000827_004.png,ok,512x512 -> 1024x1024,2,1,320.16,36.4052,14.878676,3.857289,0.9863,0.9982,0.0571,7.5716,34.2765,24.29041,4.92853,0.9746,0.9962,0.1337,0.1337,0.1337,6.6976,142.1655,63.2095,142.1655,63.2095,0.4353,34.2765,0.9746,24.29041,4.92853,-2.1287,-0.002,-0.0765,0.8741
/kaggle/input/datasets/duc24kdl/sub-x-ray/sub_X-Ray/sub_NIH/00000827_005.png,,sub_NIH,00000827_005.png,ok,512x512 -> 1024x1024,2,1,318.5,41.3859,4.725921,2.173918,0.9678,0.9971,0.1252,6.7844,39.076,8.044138,2.836219,0.9545,0.9938,0.2602,0.2602,0.2602,6.6125,110.3356,71.2119,110.3356,71.2119,0.3174,39.076,0.9545,8.044138,2.836219,-2.3099,-0.0033,-0.135,0.1719
/kaggle/input/datasets/duc24kdl/sub-x-ray/sub_X-Ray/sub_NIH/00000827_015.png,,sub_NIH,00000827_015.png,ok,512x512 -> 1024x1024,2,1,319.14,41.4511,4.655578,2.157679,0.9591,0.9963,0.1432,6.7375,38.5754,9.026918,3.004483,0.942,0.9921,0.2909,0.2909,0.2909,6.6392,119.9115,68.1387,119.9115,68.1387,0.174,38.5754,0.942,9.026918,3.004483,-2.8757,-0.0042,-0.1477,0.0983
/kaggle/input/datasets/duc24kdl/sub-x-ray/sub_X-Ray/sub_NIH/00000827_017.png,,sub_NIH,00000827_017.png,ok,512x512 -> 1024x1024,2,1,319.57,41.8158,4.280522,2.068942,0.9609,0.9965,0.1373,6.64,38.7585,8.654329,2.941824,0.9402,0.9924,0.2844,0.2844,0.2844,6.8198,107.6788,70.1717,107.6788,70.1717,0.1673,38.7585,0.9402,8.654329,2.941824,-3.0574,-0.0042,-0.1471,-0.1798
/kaggle/input/datasets/duc24kdl/sub-x-ray/sub_X-Ray/sub_NIH/00000827_019.png,,sub_NIH,00000827_019.png,ok,512x512 -> 1024x1024,2,1,320.0,41.404,4.706316,2.169405,0.9609,0.9965,0.1429,6.8362,38.3444,9.520023,3.085453,0.9455,0.9926,0.2974,0.2974,0.2974,6.8526,122.4268,65.7854,122.4268,65.7854,0.2056,38.3444,0.9455,9.520023,3.085453,-3.0596,-0.0039,-0.1545,-0.0164
/kaggle/input/datasets/duc24kdl/sub-x-ray/sub_X-Ray/sub_NIH/00000827_020.png,,sub_NIH,00000827_020.png,ok,512x512 -> 1024x1024,2,1,319.13,41.5748,4.524771,2.127151,0.9617,0.9966,0.1338,6.5225,38.2382,9.755794,3.123427,0.9444,0.9925,0.2812,0.2812,0.2812,6.6805,114.1996,67.6452,114.1996,67.6452,0.1876,38.2382,0.9444,9.755794,3.123427,-3.3367,-0.0041,-0.1474,-0.158
/kaggle/input/datasets/duc24kdl/sub-x-ray/sub_X-Ray/sub_NIH/00000830_002.png,,sub_NIH,00000830_002.png,ok,512x512 -> 1024x1024,2,1,318.81,35.585,17.971389,4.239268,0.9788,0.9977,0.1057,7.6569,31.6739,44.227284,6.65036,0.9712,0.9955,0.2253,0.2253,0.2253,7.1442,123.8589,66.4823,123.8589,66.4823,0.4006,31.6739,0.9712,44.227284,6.65036,-3.9111,-0.0023,-0.1197,0.5127
/kaggle/input/datasets/duc24kdl/sub-x-ray/sub_X-Ray/sub_NIH/00000832_007.png,,sub_NIH,00000832_007.png,ok,512x512 -> 1024x1024,2,1,319.44,43.6179,2.82677,1.6813,0.9832,0.9982,0.0678,6.8161,41.6334,4.464188,2.112862,0.9756,0.9961,0.1721,0.1721,0.1721,6.3588,152.8159,53.5081,152.8159,53.5081,0.2724,41.6334,0.9756,4.464188,2.112862,-1.9845,-0.0021,-0.1043,0.4573
/kaggle/input/datasets/duc24kdl/sub-x-ray/sub_X-Ray/sub_NIH/00000832_010.png,,sub_NIH,00000832_010.png,ok,512x512 -> 1024x1024,2,1,318.48,42.3734,3.764823,1.940315,0.9679,0.9971,0.1238,6.1488,39.4953,7.303795,2.702553,0.9549,0.994,0.2543,0.2543,0.2543,6.5875,108.7602,69.3404,108.7602,69.3404,0.1844,39.4953,0.9549,7.303795,2.702553,-2.878,-0.0031,-0.1306,-0.4387
/kaggle/input/datasets/duc24kdl/sub-x-ray/sub_X-Ray/sub_NIH/00000833_001.png,,sub_NIH,00000833_001.png,ok,512x512 -> 1024x1024,2,1,318.9,36.9443,13.141645,3.625141,0.9843,0.9982,0.0685,6.459,34.7903,21.580058,4.645434,0.9776,0.9962,0.1789,0.1789,0.1789,6.3558,162.9711,57.7374,162.9711,57.7374,0.155,34.7903,0.9776,21.580058,4.645434,-2.154,-0.0021,-0.1104,0.1032
/kaggle/input/datasets/duc24kdl/sub-x-ray/sub_X-Ray/sub_NIH/00000834_001.png,,sub_NIH,00000834_001.png,ok,512x512 -> 1024x1024,2,1,320.7,45.543,1.814603,1.347072,0.9757,0.9974,0.0957,7.6947,43.8165,2.700419,1.643295,0.9673,0.9951,0.2178,0.2178,0.2178,6.9592,110.645,30.3978,110.645,30.3978,0.1794,43.8165,0.9673,2.700419,1.643295,-1.7265,-0.0023,-0.1221,0.7355
/kaggle/input/datasets/duc24kdl/sub-x-ray/sub_X-Ray/sub_NIH/00000840_000.png,,sub_NIH,00000840_000.png,ok,512x512 -> 1024x1024,2,1,318.98,37.2005,12.38874,3.519764,0.981,0.998,0.0778,6.7947,35.6683,17.629801,4.198786,0.9664,0.9951,0.188,0.188,0.188,6.5486,158.4611,62.0383,158.4611,62.0383,0.4247,35.6683,0.9664,17.629801,4.198786,-1.5322,-0.0029,-0.1101,0.2461
/kaggle/input/datasets/duc24kdl/sub-x-ray/sub_X-Ray/sub_NIH/00000842_000.png,,sub_NIH,00000842_000.png,ok,512x512 -> 1024x1024,2,1,319.16,39.5282,7.248645,2.692331,0.9859,0.9983,0.0582,6.4128,36.4221,14.820835,3.849784,0.9788,0.9956,0.1556,0.1556,0.1556,6.1793,173.6775,56.4775,173.6775,56.4775,0.0762,36.4221,0.9788,14.820835,3.849784,-3.1062,-0.0027,-0.0974,0.2335
/kaggle/input/datasets/duc24kdl/sub-x-ray/sub_X-Ray/sub_NIH/00000843_000.png,,sub_NIH,00000843_000.png,ok,512x512 -> 1024x1024,2,1,319.22,45.0528,2.031431,1.425283,0.9793,0.9978,0.1041,6.9431,42.5355,3.626871,1.904435,0.9704,0.9954,0.232,0.232,0.232,6.5409,161.9415,48.8349,161.9415,48.8349,0.2679,42.5355,0.9704,3.626871,1.904435,-2.5173,-0.0025,-0.1278,0.4023
/kaggle/input/datasets/duc24kdl/sub-x-ray/sub_X-Ray/sub_NIH/00000844_000.png,,sub_NIH,00000844_000.png,ok,512x512 -> 1024x1024,2,1,321.66,37.3924,11.853245,3.442854,0.9821,0.9981,0.0869,7.9901,35.4404,18.579932,4.310445,0.9775,0.9967,0.2062,0.2062,0.2062,7.2384,123.5254,55.2288,123.5254,55.2288,0.0882,35.4404,0.9775,18.579932,4.310445,-1.9521,-0.0014,-0.1194,0.7517
/kaggle/input/datasets/duc24kdl/sub-x-ray/sub_X-Ray/sub_NIH/00000845_001.png,,sub_NIH,00000845_001.png,ok,512x512 -> 1024x1024,2,1,319.56,46.0169,1.627019,1.275547,0.9784,0.9977,0.0886,7.4898,43.9337,2.628505,1.621266,0.9683,0.9957,0.2191,0.2191,0.2191,7.0882,107.0965,34.7905,107.0965,34.7905,0.179,43.9337,0.9683,2.628505,1.621266,-2.0832,-0.002,-0.1305,0.4017
/kaggle/input/datasets/duc24kdl/sub-x-ray/sub_X-Ray/sub_NIH/00000847_001.png,,sub_NIH,00000847_001.png,ok,512x512 -> 1024x1024,2,1,318.72,37.8901,10.56981,3.251124,0.9838,0.9982,0.0671,6.4141,35.8217,17.018156,4.125307,0.9763,0.9959,0.1669,0.1669,0.1669,6.4494,167.0853,57.9954,167.0853,57.9954,0.369,35.8217,0.9763,17.018156,4.125307,-2.0685,-0.0023,-0.0998,-0.0353
/kaggle/input/datasets/duc24kdl/sub-x-ray/sub_X-Ray/sub_NIH/00000857_001.png,,sub_NIH,00000857_001.png,ok,512x512 -> 1024x1024,2,1,321.43,37.3496,11.970848,3.459891,0.988,0.9985,0.0602,8.0307,35.1924,19.671709,4.43528,0.9851,0.9976,0.1573,0.1573,0.1573,7.2385,160.0624,45.4265,160.0624,45.4265,0.1684,35.1924,0.9851,19.671709,4.43528,-2.1572,-0.0009,-0.0971,0.7923
/kaggle/input/datasets/duc24kdl/sub-x-ray/sub_X-Ray/sub_NIH/00000857_003.png,,sub_NIH,00000857_003.png,ok,512x512 -> 1024x1024,2,1,319.95,42.1303,3.981541,1.99538,0.9608,0.9965,0.1426,6.79,39.888,6.672356,2.58309,0.9396,0.9928,0.2826,0.2826,0.2826,6.5903,126.654,71.4336,126.654,71.4336,0.1226,39.888,0.9396,6.672356,2.58309,-2.2423,-0.0037,-0.1399,0.1997
/kaggle/input/datasets/duc24kdl/sub-x-ray/sub_X-Ray/sub_NIH/00000857_009.png,,sub_NIH,00000857_009.png,ok,512x512 -> 1024x1024,2,1,320.45,35.8672,16.840875,4.103763,0.9655,0.9966,0.1385,6.476,32.4995,36.570668,6.047369,0.9496,0.9927,0.2793,0.2793,0.2793,6.2278,142.7472,51.0635,142.7472,51.0635,0.3338,32.4995,0.9496,36.570668,6.047369,-3.3677,-0.004,-0.1408,0.2482
/kaggle/input/datasets/duc24kdl/sub-x-ray/sub_X-Ray/sub_NIH/00000859_001.png,,sub_NIH,00000859_001.png,ok,512x512 -> 1024x1024,2,1,321.01,38.1323,9.996628,3.161744,0.9838,0.9982,0.0657,6.7407,36.3026,15.234099,3.903088,0.9728,0.9955,0.1444,0.1444,0.1444,6.5734,153.7699,62.769,153.7699,62.769,0.3654,36.3026,0.9728,15.234099,3.903088,-1.8296,-0.0027,-0.0787,0.1673
/kaggle/input/datasets/duc24kdl/sub-x-ray/sub_X-Ray/sub_NIH/00000860_001.png,,sub_NIH,00000860_001.png,ok,512x512 -> 1024x1024,2,1,319.69,37.0044,12.960949,3.600132,0.9847,0.9982,0.0649,6.3584,33.1885,31.205355,5.586175,0.9767,0.9957,0.1789,0.1789,0.1789,6.2457,171.0869,51.5699,171.0869,51.5699,0.2977,33.1885,0.9767,31.205355,5.586175,-3.8159,-0.0025,-0.114,0.1127
/kaggle/input/datasets/duc24kdl/sub-x-ray/sub_X-Ray/sub_NIH/00000865_000.png,,sub_NIH,00000865_000.png,ok,512x512 -> 1024x1024,2,1,321.58,35.513,18.27189,4.274563,0.9791,0.9978,0.0916,6.5941,32.0487,40.570046,6.369462,0.964,0.9945,0.2171,0.2171,0.2171,6.4021,131.3373,54.6494,131.3373,54.6494,0.4174,32.0487,0.964,40.570046,6.369462,-3.4642,-0.0033,-0.1255,0.192
/kaggle/input/datasets/duc24kdl/sub-x-ray/sub_X-Ray/sub_NIH/00000865_009.png,,sub_NIH,00000865_009.png,ok,512x512 -> 1024x1024,2,1,318.73,36.4939,14.577845,3.818094,0.9853,0.9983,0.064,6.6316,31.2752,48.479633,6.962732,0.9785,0.9959,0.1744,0.1744,0.1744,6.3987,176.632,54.1031,176.632,54.1031,0.2943,31.2752,0.9785,48.479633,6.962732,-5.2187,-0.0024,-0.1103,0.2329
/kaggle/input/datasets/duc24kdl/sub-x-ray/sub_X-Ray/sub_NIH/00000865_011.png,,sub_NIH,00000865_011.png,ok,512x512 -> 1024x1024,2,1,320.1,40.672,5.570328,2.360154,0.9599,0.9964,0.1549,6.6618,38.6239,8.926706,2.987759,0.9428,0.9929,0.3078,0.3078,0.3078,6.6524,137.1186,64.8976,137.1186,64.8976,0.1519,38.6239,0.9428,8.926706,2.987759,-2.0481,-0.0036,-0.1529,0.0094
/kaggle/input/datasets/duc24kdl/sub-x-ray/sub_X-Ray/sub_NIH/00000869_004.png,,sub_NIH,00000869_004.png,ok,512x512 -> 1024x1024,2,1,318.03,42.3384,3.795219,1.948132,0.964,0.9968,0.1338,6.4823,39.3488,7.554459,2.748538,0.9442,0.9932,0.2777,0.2777,0.2777,6.6174,111.8022,71.6203,111.8022,71.6203,0.1385,39.3488,0.9442,7.554459,2.748538,-2.9897,-0.0036,-0.1439,-0.1351
/kaggle/input/datasets/duc24kdl/sub-x-ray/sub_X-Ray/sub_NIH/00000869_005.png,,sub_NIH,00000869_005.png,ok,512x512 -> 1024x1024,2,1,318.88,42.2463,3.876583,1.968904,0.9624,0.9967,0.1359,6.6,40.2269,6.17153,2.484256,0.9438,0.993,0.2848,0.2848,0.2848,6.6777,112.8183,67.8006,112.8183,67.8006,0.2337,40.2269,0.9438,6.17153,2.484256,-2.0194,-0.0036,-0.1488,-0.0777
/kaggle/input/datasets/duc24kdl/sub-x-ray/sub_X-Ray/sub_NIH/00000870_008.png,,sub_NIH,00000870_008.png,ok,512x512 -> 1024x1024,2,1,319.04,35.6784,17.589139,4.193941,0.97,0.997,0.117,6.4653,32.6656,35.198565,5.932838,0.953,0.9931,0.2462,0.2462,0.2462,6.1066,121.3175,54.7567,121.3175,54.7567,0.3426,32.6656,0.953,35.198565,5.932838,-3.0128,-0.0039,-0.1291,0.3587
/kaggle/input/datasets/duc24kdl/sub-x-ray/sub_X-Ray/sub_NIH/00000870_011.png,,sub_NIH,00000870_011.png,ok,512x512 -> 1024x1024,2,1,319.27,40.4753,5.828434,2.414215,0.9845,0.9982,0.082,8.23,38.7652,8.640981,2.939555,0.9801,0.9967,0.203,0.203,0.203,7.6184,112.0961,47.5304,112.0961,47.5304,0.142,38.7652,0.9801,8.640981,2.939555,-1.7101,-0.0015,-0.121,0.6116
/kaggle/input/datasets/duc24kdl/sub-x-ray/sub_X-Ray/sub_NIH/00000871_000.png,,sub_NIH,00000871_000.png,ok,512x512 -> 1024x1024,2,1,320.48,37.4664,11.652965,3.413644,0.9854,0.9984,0.067,7.0072,33.9342,26.282249,5.126622,0.9788,0.9961,0.1797,0.1797,0.1797,6.6776,173.1165,49.0244,173.1165,49.0244,0.2161,33.9342,0.9788,26.282249,5.126622,-3.5323,-0.0023,-0.1126,0.3296
/kaggle/input/datasets/duc24kdl/sub-x-ray/sub_X-Ray/sub_NIH/00000872_002.png,,sub_NIH,00000872_002.png,ok,512x512 -> 1024x1024,2,1,321.11,38.804,8.564158,2.926458,0.9866,0.9985,0.0573,6.6902,36.6156,14.174952,3.764964,0.9801,0.9964,0.1559,0.1559,0.1559,6.4274,153.3231,64.4916,153.3231,64.4916,0.1358,36.6156,0.9801,14.174952,3.764964,-2.1884,-0.0021,-0.0986,0.2628
/kaggle/input/datasets/duc24kdl/sub-x-ray/sub_X-Ray/sub_NIH/00000872_003.png,,sub_NIH,00000872_003.png,ok,512x512 -> 1024x1024,2,1,319.67,41.7481,4.347824,2.085144,0.9619,0.9966,0.1347,6.4033,39.1719,7.868535,2.805091,0.9448,0.9929,0.2693,0.2693,0.2693,6.3695,110.8434,60.7781,110.8434,60.7781,0.1918,39.1719,0.9448,7.868535,2.805091,-2.5762,-0.0037,-0.1346,0.0338
/kaggle/input/datasets/duc24kdl/sub-x-ray/sub_X-Ray/sub_NIH/00000872_004.png,,sub_NIH,00000872_004.png,ok,512x512 -> 1024x1024,2,1,318.96,41.6077,4.490692,2.119125,0.9583,0.9963,0.1467,6.6748,37.7747,10.854502,3.294617,0.9366,0.9918,0.2962,0.2962,0.2962,6.5625,112.8616,66.119,112.8616,66.119,0.2101,37.7747,0.9366,10.854502,3.294617,-3.833,-0.0045,-0.1496,0.1123
/kaggle/input/datasets/duc24kdl/sub-x-ray/sub_X-Ray/sub_NIH/00000873_000.png,,sub_NIH,00000873_000.png,ok,512x512 -> 1024x1024,2,1,318.87,41.2453,4.881482,2.209408,0.9594,0.9963,0.1439,6.7214,38.7043,8.762854,2.960212,0.9419,0.9923,0.2892,0.2892,0.2892,6.8861,118.6771,61.6382,118.6771,61.6382,0.1471,38.7043,0.9419,8.762854,2.960212,-2.5409,-0.004,-0.1453,-0.1647
/kaggle/input/datasets/duc24kdl/sub-x-ray/sub_X-Ray/sub_NIH/00000873_001.png,,sub_NIH,00000873_001.png,ok,512x512 -> 1024x1024,2,1,322.13,37.7646,10.879806,3.298455,0.9828,0.998,0.0704,6.4486,35.8258,17.001991,4.123347,0.9722,0.9951,0.1705,0.1705,0.1705,6.26,167.915,52.9325,167.915,52.9325,0.5865,35.8258,0.9722,17.001991,4.123347,-1.9388,-0.0029,-0.1002,0.1886
/kaggle/input/datasets/duc24kdl/sub-x-ray/sub_X-Ray/sub_NIH/00000873_002.png,,sub_NIH,00000873_002.png,ok,512x512 -> 1024x1024,2,1,319.34,34.858,21.24604,4.609343,0.9758,0.9975,0.0894,6.6531,31.7973,42.988722,6.556579,0.96,0.9938,0.2048,0.2048,0.2048,6.0626,161.1126,57.7931,161.1126,57.7931,0.2828,31.7973,0.96,42.988722,6.556579,-3.0608,-0.0037,-0.1155,0.5905
/kaggle/input/datasets/duc24kdl/sub-x-ray/sub_X-Ray/sub_NIH/00000877_003.png,,sub_NIH,00000877_003.png,ok,512x512 -> 1024x1024,2,1,321.19,40.5179,5.771467,2.402388,0.9861,0.9983,0.0724,8.389,38.7776,8.616346,2.935361,0.9805,0.997,0.18,0.18,0.18,7.7544,113.3279,51.7769,113.3279,51.7769,0.1354,38.7776,0.9805,8.616346,2.935361,-1.7404,-0.0013,-0.1076,0.6346
/kaggle/input/datasets/duc24kdl/sub-x-ray/sub_X-Ray/sub_NIH/00000877_005.png,,sub_NIH,00000877_005.png,ok,512x512 -> 1024x1024,2,1,318.83,37.71,11.017343,3.319238,0.9785,0.9978,0.1009,6.9543,35.5615,18.068787,4.25074,0.9701,0.9954,0.2172,0.2172,0.2172,7.1035,108.9915,56.9244,108.9915,56.9244,0.2828,35.5615,0.9701,18.068787,4.25074,-2.1485,-0.0023,-0.1163,-0.1492
/kaggle/input/datasets/duc24kdl/sub-x-ray/sub_X-Ray/sub_NIH/00000877_025.png,,sub_NIH,00000877_025.png,ok,512x512 -> 1024x1024,2,1,320.48,38.2608,9.705084,3.115298,0.9862,0.9983,0.0683,7.4961,36.088,16.005952,4.000744,0.9783,0.9962,0.166,0.166,0.166,6.8535,111.7403,52.2218,111.7403,52.2218,0.2363,36.088,0.9783,16.005952,4.000744,-2.1728,-0.0022,-0.0977,0.6426
/kaggle/input/datasets/duc24kdl/sub-x-ray/sub_X-Ray/sub_NIH/00000877_027.png,,sub_NIH,00000877_027.png,ok,512x512 -> 1024x1024,2,1,318.88,36.208,15.56956,3.945828,0.9839,0.9981,0.081,6.7447,34.1035,25.27709,5.027633,0.9765,0.9961,0.1939,0.1939,0.1939,6.7846,114.1445,45.4209,114.1445,45.4209,0.3333,34.1035,0.9765,25.27709,5.027633,-2.1045,-0.0021,-0.113,-0.0399
/kaggle/input/datasets/duc24kdl/sub-x-ray/sub_X-Ray/sub_NIH/00000878_000.png,,sub_NIH,00000878_000.png,ok,512x512 -> 1024x1024,2,1,319.98,41.4089,4.701015,2.168183,0.9621,0.9966,0.1388,6.8103,38.7143,8.742857,2.956832,0.9476,0.9929,0.287,0.287,0.287,6.685,132.6943,59.5294,132.6943,59.5294,0.1325,38.7143,0.9476,8.742857,2.956832,-2.6946,-0.0037,-0.1482,0.1253
/kaggle/input/datasets/duc24kdl/sub-x-ray/sub_X-Ray/sub_NIH/00000882_000.png,,sub_NIH,00000882_000.png,ok,512x512 -> 1024x1024,2,1,320.92,40.3752,5.964351,2.442202,0.9581,0.9962,0.1391,6.65,38.2052,9.830203,3.135315,0.9344,0.9918,0.2785,0.2785,0.2785,6.9119,99.8352,64.3134,99.8352,64.3134,0.1568,38.2052,0.9344,9.830203,3.135315,-2.17,-0.0045,-0.1394,-0.2619
/kaggle/input/datasets/duc24kdl/sub-x-ray/sub_X-Ray/sub_NIH/00000882_005.png,,sub_NIH,00000882_005.png,ok,512x512 -> 1024x1024,2,1,322.51,38.6484,8.876407,2.97933,0.9868,0.9984,0.0716,6.932,35.5982,17.916674,4.232809,0.9807,0.9968,0.1716,0.1716,0.1716,6.769,132.5302,49.2072,132.5302,49.2072,0.1809,35.5982,0.9807,17.916674,4.232809,-3.0502,-0.0016,-0.1,0.163
/kaggle/input/datasets/duc24kdl/sub-x-ray/sub_X-Ray/sub_NIH/00000882_007.png,,sub_NIH,00000882_007.png,ok,512x512 -> 1024x1024,2,1,322.3,39.2786,7.677475,2.770826,0.9676,0.997,0.1241,6.5737,37.1556,12.517574,3.538018,0.955,0.9935,0.2511,0.2511,0.2511,6.734,114.209,59.7608,114.209,59.7608,0.2801,37.1556,0.955,12.517574,3.538018,-2.123,-0.0034,-0.127,-0.1603
/kaggle/input/datasets/duc24kdl/sub-x-ray/sub_X-Ray/sub_NIH/00000887_001.png,,sub_NIH,00000887_001.png,ok,512x512 -> 1024x1024,2,1,321.3,42.2788,3.847656,1.961544,0.9616,0.9965,0.1449,6.6005,39.6349,7.072855,2.659484,0.9429,0.993,0.2856,0.2856,0.2856,6.6124,125.5418,72.4336,125.5418,72.4336,0.1384,39.6349,0.9429,7.072855,2.659484,-2.644,-0.0036,-0.1407,-0.0119
/kaggle/input/datasets/duc24kdl/sub-x-ray/sub_X-Ray/sub_NIH/00000888_000.png,,sub_NIH,00000888_000.png,ok,512x512 -> 1024x1024,2,1,320.71,47.4223,1.177192,1.084985,0.9877,0.9984,0.0501,8.0782,44.819,2.143795,1.464171,0.9841,0.9973,0.1344,0.1344,0.1344,7.1304,171.6689,28.8971,171.6689,28.8971,0.2302,44.819,0.9841,2.143795,1.464171,-2.6034,-0.0011,-0.0842,0.9479
/kaggle/input/datasets/duc24kdl/sub-x-ray/sub_X-Ray/sub_NIH/00000894_002.png,,sub_NIH,00000894_002.png,ok,512x512 -> 1024x1024,2,1,320.26,36.1431,15.804151,3.975444,0.9813,0.998,0.0701,6.3853,33.6366,28.146149,5.305294,0.9724,0.9949,0.1816,0.1816,0.1816,6.0659,176.8844,52.2574,176.8844,52.2574,0.09,33.6366,0.9724,28.146149,5.305294,-2.5065,-0.0031,-0.1115,0.3194
/kaggle/input/datasets/duc24kdl/sub-x-ray/sub_X-Ray/sub_NIH/00000894_004.png,,sub_NIH,00000894_004.png,ok,512x512 -> 1024x1024,2,1,322.38,38.713,8.745386,2.95726,0.9582,0.9963,0.1391,6.4359,34.7152,21.956244,4.685749,0.9365,0.9921,0.2824,0.2824,0.2824,6.079,116.1145,69.4309,116.1145,69.4309,0.1968,34.7152,0.9365,21.956244,4.685749,-3.9978,-0.0042,-0.1433,0.3569
/kaggle/input/datasets/duc24kdl/sub-x-ray/sub_X-Ray/sub_NIH/00000895_000.png,,sub_NIH,00000895_000.png,ok,512x512 -> 1024x1024,2,1,321.83,42.6922,3.49835,1.870388,0.9629,0.9966,0.1267,6.791,40.0573,6.417222,2.533224,0.9451,0.9926,0.2584,0.2584,0.2584,6.9139,97.0553,62.3098,97.0553,62.3098,0.1438,40.0573,0.9451,6.417222,2.533224,-2.6348,-0.004,-0.1316,-0.1229
/kaggle/input/datasets/duc24kdl/sub-x-ray/sub_X-Ray/sub_NIH/00000898_001.png,,sub_NIH,00000898_001.png,ok,512x512 -> 1024x1024,2,1,320.39,37.3718,11.909683,3.451041,0.9826,0.9981,0.0674,6.7266,33.3496,30.069339,5.483552,0.9733,0.9955,0.1784,0.1784,0.1784,6.404,166.8951,49.2669,166.8951,49.2669,0.1638,33.3496,0.9733,30.069339,5.483552,-4.0222,-0.0026,-0.1109,0.3226
/kaggle/input/datasets/duc24kdl/sub-x-ray/sub_X-Ray/sub_NIH/00000901_002.png,,sub_NIH,00000901_002.png,ok,512x512 -> 1024x1024,2,1,320.48,40.626,5.629648,2.372688,0.9603,0.9964,0.1482,6.6688,38.4202,9.355409,3.058661,0.9438,0.9923,0.2942,0.2942,0.2942,6.2738,138.2782,68.0762,138.2782,68.0762,0.1965,38.4202,0.9438,9.355409,3.058661,-2.2058,-0.004,-0.146,0.3949
/kaggle/input/datasets/duc24kdl/sub-x-ray/sub_X-Ray/sub_NIH/00000902_000.png,,sub_NIH,00000902_000.png,ok,512x512 -> 1024x1024,2,1,319.09,41.2074,4.924295,2.219075,0.9566,0.9961,0.1598,6.5404,39.3272,7.592118,2.75538,0.9389,0.9924,0.3093,0.3093,0.3093,6.7544,131.1071,68.8053,131.1071,68.8053,0.2433,39.3272,0.9389,7.592118,2.75538,-1.8802,-0.0038,-0.1495,-0.214
/kaggle/input/datasets/duc24kdl/sub-x-ray/sub_X-Ray/sub_NIH/00000905_000.png,,sub_NIH,00000905_000.png,ok,512x512 -> 1024x1024,2,1,319.35,36.9617,13.089066,3.617881,0.9847,0.9983,0.0694,6.5842,34.7841,21.61083,4.648745,0.978,0.9962,0.1812,0.1812,0.1812,6.8308,164.9464,54.017,164.9464,54.017,0.131,34.7841,0.978,21.61083,4.648745,-2.1776,-0.0021,-0.1119,-0.2467
/kaggle/input/datasets/duc24kdl/sub-x-ray/sub_X-Ray/sub_NIH/00000907_000.png,,sub_NIH,00000907_000.png,ok,512x512 -> 1024x1024,2,1,320.89,41.7737,4.322229,2.078997,0.9573,0.9961,0.1471,6.3551,39.5843,7.15562,2.674999,0.9386,0.9921,0.2961,0.2961,0.2961,6.5578,117.8587,66.3079,117.8587,66.3079,0.1798,39.5843,0.9386,7.15562,2.674999,-2.1894,-0.004,-0.1491,-0.2027
/kaggle/input/datasets/duc24kdl/sub-x-ray/sub_X-Ray/sub_NIH/00000907_001.png,,sub_NIH,00000907_001.png,ok,512x512 -> 1024x1024,2,1,320.32,41.7714,4.324547,2.079555,0.9634,0.9967,0.137,6.5426,39.4616,7.360756,2.713071,0.9464,0.9929,0.2789,0.2789,0.2789,6.6802,114.9441,67.1382,114.9441,67.1382,0.194,39.4616,0.9464,7.360756,2.713071,-2.3098,-0.0037,-0.1419,-0.1375
/kaggle/input/datasets/duc24kdl/sub-x-ray/sub_X-Ray/sub_NIH/00000909_000.png,,sub_NIH,00000909_000.png,ok,512x512 -> 1024x1024,2,1,319.47,42.6398,3.540819,1.881707,0.9647,0.9968,0.1241,6.5658,39.9705,6.54678,2.558668,0.9472,0.9932,0.2543,0.2543,0.2543,6.1638,112.7934,69.9827,112.7934,69.9827,0.1391,39.9705,0.9472,6.54678,2.558668,-2.6692,-0.0037,-0.1302,0.402
/kaggle/input/datasets/duc24kdl/sub-x-ray/sub_X-Ray/sub_NIH/00000909_002.png,,sub_NIH,00000909_002.png,ok,512x512 -> 1024x1024,2,1,320.5,38.3064,9.603811,3.099002,0.9872,0.9985,0.0659,7.35,36.4947,14.57512,3.817738,0.9797,0.9972,0.1602,0.1602,0.1602,7.5746,109.5742,53.8093,109.5742,53.8093,0.3655,36.4947,0.9797,14.57512,3.817738,-1.8117,-0.0013,-0.0943,-0.2246
/kaggle/input/datasets/duc24kdl/sub-x-ray/sub_X-Ray/sub_NIH/00000914_004.png,,sub_NIH,00000914_004.png,ok,512x512 -> 1024x1024,2,1,320.17,37.4735,11.633957,3.410859,0.9854,0.9983,0.0613,6.6446,35.1178,20.012646,4.47355,0.9786,0.9961,0.1652,0.1652,0.1652,6.5122,173.9359,50.7669,173.9359,50.7669,0.1584,35.1178,0.9786,20.012646,4.47355,-2.3558,-0.0022,-0.1039,0.1323
/kaggle/input/datasets/duc24kdl/sub-x-ray/sub_X-Ray/sub_NIH/00000914_005.png,,sub_NIH,00000914_005.png,ok,512x512 -> 1024x1024,2,1,322.82,42.3507,3.784495,1.945378,0.9643,0.9968,0.1353,6.5192,40.2373,6.156782,2.481286,0.9519,0.9934,0.2686,0.2686,0.2686,6.5964,122.1385,67.1985,122.1385,67.1985,0.1718,40.2373,0.9519,6.156782,2.481286,-2.1135,-0.0034,-0.1333,-0.0771
/kaggle/input/datasets/duc24kdl/sub-x-ray/sub_X-Ray/sub_NIH/00000915_001.png,,sub_NIH,00000915_001.png,ok,512x512 -> 1024x1024,2,1,319.44,39.4566,7.369164,2.71462,0.9826,0.9981,0.0715,6.2953,37.1484,12.538272,3.540942,0.9717,0.9953,0.1657,0.1657,0.1657,6.5088,116.6273,71.8539,116.6273,71.8539,0.3164,37.1484,0.9717,12.538272,3.540942,-2.3082,-0.0028,-0.0942,-0.2134
/kaggle/input/datasets/duc24kdl/sub-x-ray/sub_X-Ray/sub_NIH/00000915_005.png,,sub_NIH,00000915_005.png,ok,512x512 -> 1024x1024,2,1,320.88,42.7154,3.479708,1.865397,0.9816,0.9981,0.0644,6.424,39.7075,6.955568,2.637341,0.9713,0.9953,0.1678,0.1678,0.1678,6.2097,157.2541,61.1048,157.2541,61.1048,0.3165,39.7075,0.9713,6.955568,2.637341,-3.0079,-0.0028,-0.1034,0.2144
/kaggle/input/datasets/duc24kdl/sub-x-ray/sub_X-Ray/sub_NIH/00000916_000.png,,sub_NIH,00000916_000.png,ok,512x512 -> 1024x1024,2,1,320.79,42.7202,3.475834,1.864359,0.9836,0.9982,0.0613,6.8301,40.8649,5.328267,2.308304,0.9757,0.996,0.1608,0.1608,0.1608,6.1918,167.8684,51.8024,167.8684,51.8024,0.2769,40.8649,0.9757,5.328267,2.308304,-1.8553,-0.0022,-0.0996,0.6383
/kaggle/input/datasets/duc24kdl/sub-x-ray/sub_X-Ray/sub_NIH/00000917_000.png,,sub_NIH,00000917_000.png,ok,512x512 -> 1024x1024,2,1,320.69,44.5569,2.277131,1.509017,0.9842,0.9983,0.0593,6.8235,40.759,5.459801,2.336622,0.9749,0.9957,0.1646,0.1646,0.1646,6.414,160.725,55.3495,160.725,55.3495,0.3174,40.759,0.9749,5.459801,2.336622,-3.7979,-0.0026,-0.1052,0.4095
/kaggle/input/datasets/duc24kdl/sub-x-ray/sub_X-Ray/sub_NIH/00000920_001.png,,sub_NIH,00000920_001.png,ok,512x512 -> 1024x1024,2,1,319.72,43.9644,2.609999,1.615549,0.9751,0.9974,0.0955,6.8957,41.9135,4.185384,2.045821,0.9619,0.995,0.2198,0.2198,0.2198,6.8235,106.7764,36.7589,106.7764,36.7589,0.2907,41.9135,0.9619,4.185384,2.045821,-2.0509,-0.0025,-0.1243,0.0722
/kaggle/input/datasets/duc24kdl/sub-x-ray/sub_X-Ray/sub_NIH/00000922_000.png,,sub_NIH,00000922_000.png,ok,512x512 -> 1024x1024,2,1,317.97,38.7962,8.579406,2.929062,0.9847,0.9982,0.0589,6.4196,35.9253,16.616949,4.076389,0.9635,0.9958,0.1372,0.1372,0.1372,6.1203,126.2416,79.5608,126.2416,79.5608,0.5589,35.9253,0.9635,16.616949,4.076389,-2.8709,-0.0024,-0.0783,0.2993
/kaggle/input/datasets/duc24kdl/sub-x-ray/sub_X-Ray/sub_NIH/00000924_000.png,,sub_NIH,00000924_000.png,ok,512x512 -> 1024x1024,2,1,320.86,37.5011,11.560453,3.400067,0.9815,0.998,0.0683,6.8306,35.3398,19.014984,4.360617,0.9681,0.9948,0.174,0.174,0.174,6.0844,161.5706,67.1617,161.5706,67.1617,0.3268,35.3398,0.9681,19.014984,4.360617,-2.1612,-0.0032,-0.1058,0.7462
/kaggle/input/datasets/duc24kdl/sub-x-ray/sub_X-Ray/sub_NIH/00000930_002.png,,sub_NIH,00000930_002.png,ok,512x512 -> 1024x1024,2,1,320.1,41.6302,4.467484,2.113642,0.9501,0.9955,0.1713,6.5746,39.3998,7.466227,2.73244,0.9326,0.9909,0.3311,0.3311,0.3311,6.6276,135.3055,62.39,135.3055,62.39,0.1852,39.3998,0.9326,7.466227,2.73244,-2.2304,-0.0046,-0.1598,-0.053
/kaggle/input/datasets/duc24kdl/sub-x-ray/sub_X-Ray/sub_NIH/00000936_000.png,,sub_NIH,00000936_000.png,ok,512x512 -> 1024x1024,2,1,319.63,42.4094,3.733739,1.932289,0.9674,0.997,0.1153,6.4348,40.1327,6.306845,2.511343,0.9507,0.9936,0.2389,0.2389,0.2389,6.509,93.5385,61.5638,93.5385,61.5638,0.1954,40.1327,0.9507,6.306845,2.511343,-2.2767,-0.0034,-0.1236,-0.0741
/kaggle/input/datasets/duc24kdl/sub-x-ray/sub_X-Ray/sub_NIH/00000937_005.png,,sub_NIH,00000937_005.png,ok,512x512 -> 1024x1024,2,1,319.38,40.4118,5.914295,2.431932,0.9762,0.9977,0.0952,6.5704,38.0537,10.179143,3.190477,0.9609,0.9943,0.2114,0.2114,0.2114,5.9752,146.9944,63.5126,146.9944,63.5126,0.4339,38.0537,0.9609,10.179143,3.190477,-2.3581,-0.0034,-0.1162,0.5952
/kaggle/input/datasets/duc24kdl/sub-x-ray/sub_X-Ray/sub_NIH/00000937_007.png,,sub_NIH,00000937_007.png,ok,512x512 -> 1024x1024,2,1,319.88,35.6836,17.567989,4.191418,0.9752,0.9975,0.0929,6.3362,32.6941,34.968194,5.913391,0.9621,0.9939,0.2015,0.2015,0.2015,5.7447,120.2441,66.7442,120.2441,66.7442,0.4008,32.6941,0.9621,34.968194,5.913391,-2.9895,-0.0036,-0.1087,0.5916
/kaggle/input/datasets/duc24kdl/sub-x-ray/sub_X-Ray/sub_NIH/00000938_005.png,,sub_NIH,00000938_005.png,ok,512x512 -> 1024x1024,2,1,319.27,37.7257,10.977799,3.313276,0.9837,0.9981,0.0616,6.1929,34.6718,22.176779,4.709223,0.9743,0.9956,0.1518,0.1518,0.1518,5.8331,121.1661,55.3656,121.1661,55.3656,0.3354,34.6718,0.9743,22.176779,4.709223,-3.0538,-0.0025,-0.0902,0.3598
/kaggle/input/datasets/duc24kdl/sub-x-ray/sub_X-Ray/sub_NIH/00000939_000.png,,sub_NIH,00000939_000.png,ok,512x512 -> 1024x1024,2,1,320.46,45.8601,1.686815,1.298775,0.9834,0.9982,0.0792,6.8331,43.2101,3.105092,1.762127,0.9766,0.9962,0.1971,0.1971,0.1971,6.5835,148.8872,62.8316,148.8872,62.8316,0.3105,43.2101,0.9766,3.105092,1.762127,-2.6501,-0.0019,-0.118,0.2496
/kaggle/input/datasets/duc24kdl/sub-x-ray/sub_X-Ray/sub_NIH/00000945_000.png,,sub_NIH,00000945_000.png,ok,512x512 -> 1024x1024,2,1,320.01,35.8213,17.019746,4.125499,0.9776,0.9977,0.1007,6.8804,33.6692,27.935524,5.285407,0.9688,0.9949,0.2267,0.2267,0.2267,6.175,168.8607,57.6216,168.8607,57.6216,0.0905,33.6692,0.9688,27.935524,5.285407,-2.152,-0.0028,-0.126,0.7054
/kaggle/input/datasets/duc24kdl/sub-x-ray/sub_X-Ray/sub_NIH/00000947_002.png,,sub_NIH,00000947_002.png,ok,512x512 -> 1024x1024,2,1,320.02,37.3939,11.849135,3.442257,0.9825,0.9981,0.0722,6.774,36.3593,15.036759,3.877726,0.9639,0.9954,0.1573,0.1573,0.1573,6.4274,139.6217,75.4201,139.6217,75.4201,0.5587,36.3593,0.9639,15.036759,3.877726,-1.0347,-0.0028,-0.0851,0.3465
/kaggle/input/datasets/duc24kdl/sub-x-ray/sub_X-Ray/sub_NIH/00000949_000.png,,sub_NIH,00000949_000.png,ok,512x512 -> 1024x1024,2,1,320.56,38.8014,8.569144,2.92731,0.9886,0.9985,0.0547,7.0729,36.7941,13.60399,3.688359,0.9846,0.9974,0.1401,0.1401,0.1401,6.8435,154.0142,52.6105,154.0142,52.6105,0.1033,36.7941,0.9846,13.60399,3.688359,-2.0073,-0.0012,-0.0854,0.2294
/kaggle/input/datasets/duc24kdl/sub-x-ray/sub_X-Ray/sub_NIH/00000949_009.png,,sub_NIH,00000949_009.png,ok,512x512 -> 1024x1024,2,1,320.91,41.918,4.18096,2.04474,0.9664,0.997,0.1194,6.32,39.5434,7.2233,2.68762,0.9497,0.9931,0.2479,0.2479,0.2479,6.4528,110.3184,72.3304,110.3184,72.3304,0.2242,39.5434,0.9497,7.2233,2.68762,-2.3746,-0.0038,-0.1285,-0.1328
/kaggle/input/datasets/duc24kdl/sub-x-ray/sub_X-Ray/sub_NIH/00000954_004.png,,sub_NIH,00000954_004.png,ok,512x512 -> 1024x1024,2,1,319.75,38.3117,9.592105,3.097112,0.9837,0.9982,0.0751,6.7362,36.3579,15.041607,3.878351,0.9738,0.9958,0.1749,0.1749,0.1749,6.4835,158.8308,59.1442,158.8308,59.1442,0.3772,36.3579,0.9738,15.041607,3.878351,-1.9538,-0.0024,-0.0998,0.2527
/kaggle/input/datasets/duc24kdl/sub-x-ray/sub_X-Ray/sub_NIH/00000955_005.png,,sub_NIH,00000955_005.png,ok,512x512 -> 1024x1024,2,1,320.35,38.7742,8.623051,2.936503,0.9873,0.9984,0.0655,7.6014,36.1229,15.877695,3.984683,0.9826,0.9971,0.1612,0.1612,0.1612,6.7039,136.2822,46.5303,136.2822,46.5303,0.1745,36.1229,0.9826,15.877695,3.984683,-2.6513,-0.0013,-0.0957,0.8975
/kaggle/input/datasets/duc24kdl/sub-x-ray/sub_X-Ray/sub_NIH/00000958_000.png,,sub_NIH,00000958_000.png,ok,512x512 -> 1024x1024,2,1,320.66,38.361,9.483781,3.079575,0.9852,0.9983,0.0568,6.6348,36.5311,14.453263,3.801745,0.9753,0.9955,0.1421,0.1421,0.1421,6.2218,148.3547,72.4427,148.3547,72.4427,0.369,36.5311,0.9753,14.453263,3.801745,-1.8298,-0.0027,-0.0853,0.413
/kaggle/input/datasets/duc24kdl/sub-x-ray/sub_X-Ray/sub_NIH/00000960_000.png,,sub_NIH,00000960_000.png,ok,512x512 -> 1024x1024,2,1,321.03,44.6335,2.237329,1.49577,0.9865,0.9984,0.0523,7.0606,41.7751,4.320879,2.078672,0.9799,0.9966,0.1449,0.1449,0.1449,6.5398,161.1874,51.0305,161.1874,51.0305,0.2373,41.7751,0.9799,4.320879,2.078672,-2.8584,-0.0018,-0.0926,0.5208
/kaggle/input/datasets/duc24kdl/sub-x-ray/sub_X-Ray/sub_NIH/00000963_002.png,,sub_NIH,00000963_002.png,ok,512x512 -> 1024x1024,2,1,320.84,35.5443,18.14065,4.259184,0.9744,0.9974,0.0867,5.779,33.8873,26.56737,5.154354,0.9489,0.9927,0.1839,0.1839,0.1839,5.9084,99.5017,64.9606,99.5017,64.9606,0.557,33.8873,0.9489,26.56737,5.154354,-1.657,-0.0047,-0.0972,-0.1294
/kaggle/input/datasets/duc24kdl/sub-x-ray/sub_X-Ray/sub_NIH/00000963_007.png,,sub_NIH,00000963_007.png,ok,512x512 -> 1024x1024,2,1,320.52,38.1151,10.03621,3.167998,0.9805,0.998,0.0707,6.5952,36.7451,13.758391,3.70923,0.9648,0.9949,0.1723,0.1723,0.1723,6.0926,153.9109,65.7722,153.9109,65.7722,0.3587,36.7451,0.9648,13.758391,3.70923,-1.37,-0.0031,-0.1015,0.5026
/kaggle/input/datasets/duc24kdl/sub-x-ray/sub_X-Ray/sub_NIH/00000963_012.png,,sub_NIH,00000963_012.png,ok,512x512 -> 1024x1024,2,1,318.89,35.1165,20.018623,4.474218,0.9825,0.9982,0.0762,6.779,33.0024,32.572005,5.707189,0.9661,0.9955,0.1726,0.1726,0.1726,6.6592,100.3966,61.368,100.3966,61.368,0.3659,33.0024,0.9661,32.572005,5.707189,-2.1141,-0.0027,-0.0965,0.1198
/kaggle/input/datasets/duc24kdl/sub-x-ray/sub_X-Ray/sub_NIH/00000963_014.png,,sub_NIH,00000963_014.png,ok,512x512 -> 1024x1024,2,1,320.4,34.8867,21.106106,4.594138,0.9859,0.9982,0.0601,6.421,32.5817,35.884812,5.990393,0.9782,0.9956,0.1529,0.1529,0.1529,6.5396,149.8335,59.9305,149.8335,59.9305,0.2683,32.5817,0.9782,35.884812,5.990393,-2.305,-0.0027,-0.0928,-0.1186
/kaggle/input/datasets/duc24kdl/sub-x-ray/sub_X-Ray/sub_NIH/00000963_020.png,,sub_NIH,00000963_020.png,ok,512x512 -> 1024x1024,2,1,319.15,42.3121,3.81829,1.954044,0.9666,0.9969,0.118,6.0905,38.9764,8.230715,2.868922,0.9509,0.9931,0.2437,0.2437,0.2437,6.3535,107.9126,70.3924,107.9126,70.3924,0.1763,38.9764,0.9509,8.230715,2.868922,-3.3357,-0.0038,-0.1257,-0.263
/kaggle/input/datasets/duc24kdl/sub-x-ray/sub_X-Ray/sub_NIH/00000963_026.png,,sub_NIH,00000963_026.png,ok,512x512 -> 1024x1024,2,1,319.5,42.0915,4.017308,2.004322,0.9649,0.9968,0.1318,6.1985,39.5451,7.220583,2.687114,0.9505,0.9933,0.2613,0.2613,0.2613,6.2827,113.5077,68.476,113.5077,68.476,0.1921,39.5451,0.9505,7.220583,2.687114,-2.5464,-0.0035,-0.1294,-0.0842
/kaggle/input/datasets/duc24kdl/sub-x-ray/sub_X-Ray/sub_NIH/00000965_000.png,,sub_NIH,00000965_000.png,ok,512x512 -> 1024x1024,2,1,320.51,41.3102,4.809008,2.192945,0.9595,0.9964,0.1411,6.7455,39.4988,7.29791,2.701464,0.9397,0.9928,0.2836,0.2836,0.2836,6.8275,116.0682,66.2008,116.0682,66.2008,0.1497,39.4988,0.9397,7.29791,2.701464,-1.8114,-0.0036,-0.1424,-0.082
/kaggle/input/datasets/duc24kdl/sub-x-ray/sub_X-Ray/sub_NIH/00000971_000.png,,sub_NIH,00000971_000.png,ok,512x512 -> 1024x1024,2,1,319.89,45.8377,1.695568,1.30214,0.9823,0.9981,0.0654,6.7536,42.1241,3.987185,1.996794,0.9736,0.9955,0.1769,0.1769,0.1769,6.4876,170.7223,51.7839,170.7223,51.7839,0.2126,42.1241,0.9736,3.987185,1.996794,-3.7135,-0.0026,-0.1116,0.2661
/kaggle/input/datasets/duc24kdl/sub-x-ray/sub_X-Ray/sub_NIH/00000971_003.png,,sub_NIH,00000971_003.png,ok,512x512 -> 1024x1024,2,1,322.86,41.8617,4.235552,2.058046,0.966,0.9969,0.124,6.8296,39.9617,6.560158,2.561281,0.9542,0.9938,0.2577,0.2577,0.2577,7.0404,116.1148,60.3382,116.1148,60.3382,0.226,39.9617,0.9542,6.560158,2.561281,-1.9,-0.0031,-0.1337,-0.2108
/kaggle/input/datasets/duc24kdl/sub-x-ray/sub_X-Ray/sub_NIH/00000974_006.png,,sub_NIH,00000974_006.png,ok,512x512 -> 1024x1024,2,1,321.67,37.6948,11.056063,3.325066,0.9845,0.9982,0.0725,6.5205,35.7486,17.306804,4.160145,0.9776,0.9964,0.167,0.167,0.167,6.3564,114.1047,50.8449,114.1047,50.8449,0.1658,35.7486,0.9776,17.306804,4.160145,-1.9462,-0.0019,-0.0945,0.164
/kaggle/input/datasets/duc24kdl/sub-x-ray/sub_X-Ray/sub_NIH/00000974_008.png,,sub_NIH,00000974_008.png,ok,512x512 -> 1024x1024,2,1,319.9,42.4948,3.660995,1.913373,0.9629,0.9966,0.133,6.6732,39.9756,6.53915,2.557176,0.947,0.9929,0.2638,0.2638,0.2638,6.3388,116.7116,71.2072,116.7116,71.2072,0.1852,39.9756,0.947,6.53915,2.557176,-2.5192,-0.0037,-0.1308,0.3344
/kaggle/input/datasets/duc24kdl/sub-x-ray/sub_X-Ray/sub_NIH/00000974_009.png,,sub_NIH,00000974_009.png,ok,512x512 -> 1024x1024,2,1,321.06,41.7515,4.344448,2.084334,0.9618,0.9965,0.1333,6.4104,39.1763,7.860446,2.803649,0.9434,0.9925,0.2625,0.2625,0.2625,6.191,117.4803,72.1306,117.4803,72.1306,0.2165,39.1763,0.9434,7.860446,2.803649,-2.5751,-0.0041,-0.1292,0.2193
/kaggle/input/datasets/duc24kdl/sub-x-ray/sub_X-Ray/sub_NIH/00000974_010.png,,sub_NIH,00000974_010.png,ok,512x512 -> 1024x1024,2,1,320.57,42.9549,3.292988,1.814659,0.9659,0.9969,0.1285,6.5393,39.3381,7.573049,2.751917,0.9439,0.9936,0.261,0.261,0.261,6.5555,112.823,75.0959,112.823,75.0959,0.1658,39.3381,0.9439,7.573049,2.751917,-3.6168,-0.0033,-0.1325,-0.0161
/kaggle/input/datasets/duc24kdl/sub-x-ray/sub_X-Ray/sub_NIH/00000976_005.png,,sub_NIH,00000976_005.png,ok,512x512 -> 1024x1024,2,1,320.78,41.1132,5.032257,2.243269,0.9618,0.9966,0.1406,6.3734,39.3204,7.604022,2.757539,0.9426,0.993,0.285,0.285,0.285,6.7078,111.7602,67.6593,111.7602,67.6593,0.1817,39.3204,0.9426,7.604022,2.757539,-1.7928,-0.0036,-0.1443,-0.3344
/kaggle/input/datasets/duc24kdl/sub-x-ray/sub_X-Ray/sub_NIH/00000978_000.png,,sub_NIH,00000978_000.png,ok,512x512 -> 1024x1024,2,1,321.27,36.1579,15.750434,3.968682,0.9737,0.9974,0.1005,6.1036,32.8511,33.726347,5.807439,0.9579,0.9936,0.2262,0.2262,0.2262,6.1103,134.1679,55.0224,134.1679,55.0224,0.3683,32.8511,0.9579,33.726347,5.807439,-3.3068,-0.0038,-0.1257,-0.0067
/kaggle/input/datasets/duc24kdl/sub-x-ray/sub_X-Ray/sub_NIH/00000979_006.png,,sub_NIH,00000979_006.png,ok,512x512 -> 1024x1024,2,1,319.02,41.1799,4.955529,2.226102,0.9445,0.995,0.174,6.4964,39.6249,7.089096,2.662536,0.9219,0.9895,0.3338,0.3338,0.3338,6.7728,117.5786,67.0756,117.5786,67.0756,0.2249,39.6249,0.9219,7.089096,2.662536,-1.555,-0.0055,-0.1598,-0.2765
/kaggle/input/datasets/duc24kdl/sub-x-ray/sub_X-Ray/sub_NIH/00000981_000.png,,sub_NIH,00000981_000.png,ok,512x512 -> 1024x1024,2,1,320.93,41.6506,4.446567,2.108688,0.9596,0.9964,0.1307,6.3171,39.2253,7.772361,2.787895,0.9341,0.9923,0.2706,0.2706,0.2706,6.6446,103.1086,67.2536,103.1086,67.2536,0.2682,39.2253,0.9341,7.772361,2.787895,-2.4253,-0.0041,-0.1398,-0.3275
/kaggle/input/datasets/duc24kdl/sub-x-ray/sub_X-Ray/sub_NIH/00000982_000.png,,sub_NIH,00000982_000.png,ok,512x512 -> 1024x1024,2,1,320.95,38.2962,9.626331,3.102633,0.9868,0.9984,0.0572,8.3594,36.6326,14.119618,3.757608,0.9826,0.9972,0.1499,0.1499,0.1499,7.139,155.4532,46.8489,155.4532,46.8489,0.4287,36.6326,0.9826,14.119618,3.757608,-1.6636,-0.0011,-0.0927,1.2204
/kaggle/input/datasets/duc24kdl/sub-x-ray/sub_X-Ray/sub_NIH/00000983_000.png,,sub_NIH,00000983_000.png,ok,512x512 -> 1024x1024,2,1,320.17,40.6822,5.5572,2.357371,0.9451,0.9951,0.1788,6.7369,39.0829,8.031327,2.83396,0.9264,0.9903,0.3471,0.3471,0.3471,6.9878,122.82,60.6876,122.82,60.6876,0.1188,39.0829,0.9264,8.031327,2.83396,-1.5993,-0.0048,-0.1683,-0.2509
/kaggle/input/datasets/duc24kdl/sub-x-ray/sub_X-Ray/sub_NIH/00000988_000.png,,sub_NIH,00000988_000.png,ok,512x512 -> 1024x1024,2,1,320.68,43.2695,3.062906,1.750116,0.9831,0.9981,0.0713,6.8875,40.9655,5.206335,2.281739,0.9763,0.9961,0.1757,0.1757,0.1757,6.3749,178.6954,36.9275,178.6954,36.9275,0.0976,40.9655,0.9763,5.206335,2.281739,-2.304,-0.0019,-0.1044,0.5127
/kaggle/input/datasets/duc24kdl/sub-x-ray/sub_X-Ray/sub_NIH/00000992_001.png,,sub_NIH,00000992_001.png,ok,512x512 -> 1024x1024,2,1,320.27,43.9664,2.608795,1.615176,0.985,0.9983,0.0641,6.8451,41.9246,4.174651,2.043196,0.9785,0.9965,0.1748,0.1748,0.1748,6.5013,153.6372,46.3972,153.6372,46.3972,0.236,41.9246,0.9785,4.174651,2.043196,-2.0418,-0.0018,-0.1107,0.3439
/kaggle/input/datasets/duc24kdl/sub-x-ray/sub_X-Ray/sub_NIH/00000996_002.png,,sub_NIH,00000996_002.png,ok,512x512 -> 1024x1024,2,1,319.7,43.9642,2.610115,1.615585,0.9725,0.9972,0.1061,6.9712,42.3489,3.786064,1.945781,0.9582,0.9944,0.235,0.235,0.235,7.1237,105.361,37.8896,105.361,37.8896,0.2601,42.3489,0.9582,3.786064,1.945781,-1.6153,-0.0028,-0.129,-0.1525
/kaggle/input/datasets/duc24kdl/sub-x-ray/sub_X-Ray/sub_NIH/00000996_005.png,,sub_NIH,00000996_005.png,ok,512x512 -> 1024x1024,2,1,320.03,40.5918,5.674182,2.382054,0.9574,0.9963,0.1413,6.3265,37.1955,12.403245,3.521824,0.9367,0.9921,0.2889,0.2889,0.2889,6.7742,116.9833,69.0186,116.9833,69.0186,0.1489,37.1955,0.9367,12.403245,3.521824,-3.3963,-0.0042,-0.1476,-0.4477
/kaggle/input/datasets/duc24kdl/sub-x-ray/sub_X-Ray/sub_NIH/00000997_002.png,,sub_NIH,00000997_002.png,ok,512x512 -> 1024x1024,2,1,321.96,42.1043,4.005479,2.001369,0.9673,0.997,0.1218,6.248,39.4939,7.306117,2.702983,0.9528,0.9937,0.2608,0.2608,0.2608,6.5528,108.6663,67.3754,108.6663,67.3754,0.2196,39.4939,0.9528,7.306117,2.702983,-2.6103,-0.0033,-0.139,-0.3047
/kaggle/input/datasets/duc24kdl/sub-x-ray/sub_X-Ray/sub_NIH/00000997_003.png,,sub_NIH,00000997_003.png,ok,512x512 -> 1024x1024,2,1,319.87,41.0722,5.079958,2.253876,0.9616,0.9966,0.1329,6.196,38.9152,8.347582,2.889218,0.9407,0.9926,0.2762,0.2762,0.2762,6.7276,102.3429,71.1921,102.3429,71.1921,0.1933,38.9152,0.9407,8.347582,2.889218,-2.157,-0.004,-0.1433,-0.5316
/kaggle/input/datasets/duc24kdl/sub-x-ray/sub_X-Ray/sub_NIH/00000997_004.png,,sub_NIH,00000997_004.png,ok,512x512 -> 1024x1024,2,1,319.47,36.1437,15.802068,3.975181,0.9835,0.9982,0.0773,6.6053,33.7323,27.532853,5.247176,0.9756,0.9957,0.1955,0.1955,0.1955,6.6903,166.7144,51.6012,166.7144,51.6012,0.0616,33.7323,0.9756,27.532853,5.247176,-2.4114,-0.0025,-0.1183,-0.085
/kaggle/input/datasets/duc24kdl/sub-x-ray/sub_X-Ray/sub_NIH/00001000_001.png,,sub_NIH,00001000_001.png,ok,512x512 -> 1024x1024,2,1,320.3,40.1844,6.232169,2.496431,0.9545,0.996,0.1529,6.4141,38.2374,9.7575,3.1237,0.9325,0.9915,0.3077,0.3077,0.3077,6.64,114.7704,69.8756,114.7704,69.8756,0.1973,38.2374,0.9325,9.7575,3.1237,-1.947,-0.0045,-0.1548,-0.2259
/kaggle/input/datasets/duc24kdl/sub-x-ray/sub_X-Ray/sub_NIH/00001005_002.png,,sub_NIH,00001005_002.png,ok,512x512 -> 1024x1024,2,1,320.64,39.4658,7.353662,2.711764,0.9772,0.9977,0.0795,6.4202,37.3531,11.960995,3.458467,0.9571,0.994,0.1838,0.1838,0.1838,5.9526,128.7721,67.6754,128.7721,67.6754,0.4814,37.3531,0.9571,11.960995,3.458467,-2.1126,-0.0036,-0.1043,0.4676
/kaggle/input/datasets/duc24kdl/sub-x-ray/sub_X-Ray/sub_NIH/00001006_002.png,,sub_NIH,00001006_002.png,ok,512x512 -> 1024x1024,2,1,321.6,41.8237,4.272785,2.067072,0.9538,0.9959,0.1494,6.3192,39.9,6.654032,2.579541,0.9308,0.9911,0.302,0.302,0.302,6.7953,102.3679,68.6033,102.3679,68.6033,0.1661,39.9,0.9308,6.654032,2.579541,-1.9237,-0.0048,-0.1527,-0.4761
/kaggle/input/datasets/duc24kdl/sub-x-ray/sub_X-Ray/sub_NIH/00001006_003.png,,sub_NIH,00001006_003.png,ok,512x512 -> 1024x1024,2,1,320.66,36.8402,13.460541,3.668861,0.9773,0.9977,0.0854,6.1725,34.8423,21.322961,4.617679,0.9642,0.9944,0.1965,0.1965,0.1965,5.8175,113.7742,60.4928,113.7742,60.4928,0.472,34.8423,0.9642,21.322961,4.617679,-1.9979,-0.0033,-0.1112,0.355
/kaggle/input/datasets/duc24kdl/sub-x-ray/sub_X-Ray/sub_NIH/00001006_009.png,,sub_NIH,00001006_009.png,ok,512x512 -> 1024x1024,2,1,320.29,37.3773,11.894741,3.448875,0.9855,0.9983,0.0581,6.7641,34.0857,25.380881,5.037944,0.979,0.9958,0.1578,0.1578,0.1578,6.3446,162.5969,59.8831,162.5969,59.8831,0.1607,34.0857,0.979,25.380881,5.037944,-3.2915,-0.0025,-0.0997,0.4196
/kaggle/input/datasets/duc24kdl/sub-x-ray/sub_X-Ray/sub_NIH/00001006_010.png,,sub_NIH,00001006_010.png,ok,512x512 -> 1024x1024,2,1,318.31,40.8787,5.311466,2.304662,0.9851,0.9984,0.0764,7.0783,38.8787,8.41805,2.901388,0.9637,0.9962,0.1736,0.1736,0.1736,7.2435,87.9888,61.1501,87.9888,61.1501,0.2402,38.8787,0.9637,8.41805,2.901388,-2.0,-0.0022,-0.0972,-0.1652
/kaggle/input/datasets/duc24kdl/sub-x-ray/sub_X-Ray/sub_NIH/00001006_014.png,,sub_NIH,00001006_014.png,ok,512x512 -> 1024x1024,2,1,320.18,41.8177,4.27872,2.068507,0.9608,0.9964,0.1424,6.679,39.4195,7.432389,2.726241,0.9421,0.9926,0.283,0.283,0.283,6.909,101.6917,60.3343,101.6917,60.3343,0.211,39.4195,0.9421,7.432389,2.726241,-2.3981,-0.0038,-0.1406,-0.23
/kaggle/input/datasets/duc24kdl/sub-x-ray/sub_X-Ray/sub_NIH/00001006_016.png,,sub_NIH,00001006_016.png,ok,512x512 -> 1024x1024,2,1,322.1,41.3475,4.767929,2.183559,0.9626,0.9965,0.1331,6.3311,38.6615,8.84973,2.97485,0.944,0.9925,0.2669,0.2669,0.2669,6.454,94.8788,58.8945,94.8788,58.8945,0.2433,38.6615,0.944,8.84973,2.97485,-2.686,-0.004,-0.1338,-0.1229
/kaggle/input/datasets/duc24kdl/sub-x-ray/sub_X-Ray/sub_NIH/00001006_018.png,,sub_NIH,00001006_018.png,ok,512x512 -> 1024x1024,2,1,319.08,42.8834,3.34766,1.829661,0.9677,0.997,0.1191,6.4338,40.2812,6.09481,2.468767,0.9496,0.9936,0.2442,0.2442,0.2442,6.8195,85.8266,59.5484,85.8266,59.5484,0.1769,40.2812,0.9496,6.09481,2.468767,-2.6022,-0.0034,-0.125,-0.3857
/kaggle/input/datasets/duc24kdl/sub-x-ray/sub_X-Ray/sub_NIH/00001006_020.png,,sub_NIH,00001006_020.png,ok,512x512 -> 1024x1024,2,1,320.36,43.1947,3.116058,1.765236,0.9685,0.997,0.1218,6.5727,40.4933,5.804373,2.409227,0.9548,0.9939,0.2548,0.2548,0.2548,6.4963,90.9478,52.1563,90.9478,52.1563,0.1772,40.4933,0.9548,5.804373,2.409227,-2.7015,-0.0032,-0.1329,0.0764
/kaggle/input/datasets/duc24kdl/sub-x-ray/sub_X-Ray/sub_NIH/00001006_021.png,,sub_NIH,00001006_021.png,ok,512x512 -> 1024x1024,2,1,321.77,41.7383,4.357648,2.087498,0.9649,0.9969,0.1154,6.098,38.8783,8.418811,2.901519,0.9438,0.9928,0.2347,0.2347,0.2347,6.1566,90.9754,68.8324,90.9754,68.8324,0.2645,38.8783,0.9438,8.418811,2.901519,-2.86,-0.0041,-0.1193,-0.0586
/kaggle/input/datasets/duc24kdl/sub-x-ray/sub_X-Ray/sub_NIH/00001007_002.png,,sub_NIH,00001007_002.png,ok,512x512 -> 1024x1024,2,1,320.1,35.8342,16.969031,4.119348,0.9745,0.9974,0.1165,6.693,33.5739,28.555477,5.343732,0.953,0.9936,0.2319,0.2319,0.2319,6.7606,114.3206,55.9329,114.3206,55.9329,0.4385,33.5739,0.953,28.555477,5.343732,-2.2603,-0.0038,-0.1153,-0.0676
/kaggle/input/datasets/duc24kdl/sub-x-ray/sub_X-Ray/sub_NIH/00001007_003.png,,sub_NIH,00001007_003.png,ok,512x512 -> 1024x1024,2,1,320.83,35.9792,16.412019,4.051175,0.9838,0.9982,0.0673,6.9329,33.1879,31.209539,5.58655,0.9759,0.9959,0.1754,0.1754,0.1754,6.5384,163.2949,67.6622,163.2949,67.6622,0.0926,33.1879,0.9759,31.209539,5.58655,-2.7913,-0.0024,-0.1082,0.3945
/kaggle/input/datasets/duc24kdl/sub-x-ray/sub_X-Ray/sub_NIH/00001018_000.png,,sub_NIH,00001018_000.png,ok,512x512 -> 1024x1024,2,1,320.22,42.0924,4.016418,2.0041,0.9612,0.9965,0.1357,6.5453,39.8759,6.691047,2.586706,0.9453,0.9926,0.2793,0.2793,0.2793,6.4134,119.888,65.0496,119.888,65.0496,0.1632,39.8759,0.9453,6.691047,2.586706,-2.2166,-0.0039,-0.1437,0.1319
/kaggle/input/datasets/duc24kdl/sub-x-ray/sub_X-Ray/sub_NIH/00001019_000.png,,sub_NIH,00001019_000.png,ok,512x512 -> 1024x1024,2,1,322.6,42.1902,3.92697,1.981658,0.9671,0.997,0.1272,6.6069,39.8719,6.697181,2.587891,0.9506,0.9937,0.2558,0.2558,0.2558,6.6292,120.4854,74.015,120.4854,74.015,0.1866,39.8719,0.9506,6.697181,2.587891,-2.3183,-0.0033,-0.1287,-0.0223
/kaggle/input/datasets/duc24kdl/sub-x-ray/sub_X-Ray/sub_NIH/00001019_002.png,,sub_NIH,00001019_002.png,ok,512x512 -> 1024x1024,2,1,320.62,36.7767,13.658772,3.695778,0.9844,0.9983,0.0654,7.0038,35.0265,20.437791,4.520818,0.9767,0.9958,0.1627,0.1627,0.1627,6.5207,171.7123,54.7731,171.7123,54.7731,0.2702,35.0265,0.9767,20.437791,4.520818,-1.7502,-0.0025,-0.0973,0.4831
/kaggle/input/datasets/duc24kdl/sub-x-ray/sub_X-Ray/sub_NIH/00001021_001.png,,sub_NIH,00001021_001.png,ok,512x512 -> 1024x1024,2,1,318.11,42.2088,3.91021,1.977425,0.9645,0.9969,0.1201,6.159,40.1749,6.245882,2.499176,0.9386,0.9932,0.2488,0.2488,0.2488,6.8023,94.7877,70.7078,94.7877,70.7078,0.1394,40.1749,0.9386,6.245882,2.499176,-2.0339,-0.0037,-0.1286,-0.6432
/kaggle/input/datasets/duc24kdl/sub-x-ray/sub_X-Ray/sub_NIH/00001021_002.png,,sub_NIH,00001021_002.png,ok,512x512 -> 1024x1024,2,1,319.35,38.5779,9.021843,3.003638,0.9767,0.9977,0.0985,6.6124,36.8088,13.55805,3.682126,0.9578,0.9943,0.2148,0.2148,0.2148,6.5245,122.6449,60.4758,122.6449,60.4758,0.3928,36.8088,0.9578,13.55805,3.682126,-1.769,-0.0034,-0.1163,0.0879
/kaggle/input/datasets/duc24kdl/sub-x-ray/sub_X-Ray/sub_NIH/00001021_004.png,,sub_NIH,00001021_004.png,ok,512x512 -> 1024x1024,2,1,319.84,41.8482,4.248696,2.061237,0.964,0.9968,0.1219,6.151,39.1776,7.858211,2.80325,0.9456,0.9929,0.2545,0.2545,0.2545,6.2751,111.4849,67.2108,111.4849,67.2108,0.1416,39.1776,0.9456,7.858211,2.80325,-2.6707,-0.0039,-0.1326,-0.1241
/kaggle/input/datasets/duc24kdl/sub-x-ray/sub_X-Ray/sub_NIH/00001029_001.png,,sub_NIH,00001029_001.png,ok,512x512 -> 1024x1024,2,1,319.77,35.4303,18.622867,4.315422,0.9716,0.9971,0.1113,5.9805,32.9521,32.951151,5.740309,0.9532,0.9929,0.2368,0.2368,0.2368,5.976,115.2052,56.2066,115.2052,56.2066,0.4837,32.9521,0.9532,32.951151,5.740309,-2.4782,-0.0043,-0.1255,0.0045
/kaggle/input/datasets/duc24kdl/sub-x-ray/sub_X-Ray/sub_NIH/00001029_003.png,,sub_NIH,00001029_003.png,ok,512x512 -> 1024x1024,2,1,320.85,38.214,9.810223,3.132128,0.9864,0.9983,0.0736,7.8798,36.2867,15.290192,3.910267,0.9819,0.997,0.1804,0.1804,0.1804,7.2303,127.4775,59.103,127.4775,59.103,0.2073,36.2867,0.9819,15.290192,3.910267,-1.9273,-0.0013,-0.1069,0.6495
/kaggle/input/datasets/duc24kdl/sub-x-ray/sub_X-Ray/sub_NIH/00001029_015.png,,sub_NIH,00001029_015.png,ok,512x512 -> 1024x1024,2,1,323.37,41.1413,4.999805,2.236024,0.9617,0.9966,0.1353,6.5814,38.73,8.711323,2.951495,0.9426,0.9927,0.2794,0.2794,0.2794,6.7638,101.0033,65.0846,101.0033,65.0846,0.1709,38.73,0.9426,8.711323,2.951495,-2.4113,-0.0038,-0.1441,-0.1824
/kaggle/input/datasets/duc24kdl/sub-x-ray/sub_X-Ray/sub_NIH/00001029_016.png,,sub_NIH,00001029_016.png,ok,512x512 -> 1024x1024,2,1,321.61,36.1783,15.676552,3.959363,0.9783,0.9977,0.0811,6.0829,32.883,33.47972,5.786166,0.9658,0.9945,0.1942,0.1942,0.1942,6.1537,112.1181,60.5153,112.1181,60.5153,0.3961,32.883,0.9658,33.47972,5.786166,-3.2953,-0.0032,-0.1132,-0.0708
/kaggle/input/datasets/duc24kdl/sub-x-ray/sub_X-Ray/sub_NIH/00001031_002.png,,sub_NIH,00001031_002.png,ok,512x512 -> 1024x1024,2,1,319.99,39.7128,6.947041,2.635724,0.953,0.9958,0.1718,6.5808,35.5922,17.941564,4.235748,0.9329,0.9914,0.3366,0.3366,0.3366,6.6003,139.9973,68.8984,139.9973,68.8984,0.1492,35.5922,0.9329,17.941564,4.235748,-4.1206,-0.0045,-0.1647,-0.0196
/kaggle/input/datasets/duc24kdl/sub-x-ray/sub_X-Ray/sub_NIH/00001033_000.png,,sub_NIH,00001033_000.png,ok,512x512 -> 1024x1024,2,1,320.55,47.3678,1.192065,1.091817,0.9846,0.9982,0.0703,7.968,44.8586,2.124304,1.457499,0.98,0.9968,0.1678,0.1678,0.1678,7.0313,175.4454,34.6613,175.4454,34.6613,0.1562,44.8586,0.98,2.124304,1.457499,-2.5092,-0.0013,-0.0975,0.9367
/kaggle/input/datasets/duc24kdl/sub-x-ray/sub_X-Ray/sub_NIH/00001039_004.png,,sub_NIH,00001039_004.png,ok,512x512 -> 1024x1024,2,1,320.34,42.7343,3.464608,1.861346,0.9742,0.9976,0.1065,6.2838,39.3963,7.472226,2.733537,0.9631,0.9947,0.2256,0.2256,0.2256,6.2703,107.7278,64.8493,107.7278,64.8493,0.2441,39.3963,0.9631,7.472226,2.733537,-3.338,-0.0029,-0.1191,0.0135
/kaggle/input/datasets/duc24kdl/sub-x-ray/sub_X-Ray/sub_NIH/00001040_000.png,,sub_NIH,00001040_000.png,ok,512x512 -> 1024x1024,2,1,322.54,47.4392,1.172616,1.082874,0.986,0.9983,0.0559,7.0357,44.2599,2.438335,1.561517,0.9799,0.9966,0.1509,0.1509,0.1509,6.6092,149.7697,55.8673,149.7697,55.8673,0.2054,44.2599,0.9799,2.438335,1.561517,-3.1794,-0.0017,-0.095,0.4265
/kaggle/input/datasets/duc24kdl/sub-x-ray/sub_X-Ray/sub_NIH/00001040_001.png,,sub_NIH,00001040_001.png,ok,512x512 -> 1024x1024,2,1,320.12,41.3464,4.769191,2.183848,0.9572,0.9962,0.135,6.2387,38.6337,8.906468,2.984371,0.9315,0.9916,0.2726,0.2726,0.2726,6.6186,107.6906,69.486,107.6906,69.486,0.2121,38.6337,0.9315,8.906468,2.984371,-2.7126,-0.0046,-0.1376,-0.3798
/kaggle/input/datasets/duc24kdl/sub-x-ray/sub_X-Ray/sub_NIH/00001042_000.png,,sub_NIH,00001042_000.png,ok,512x512 -> 1024x1024,2,1,319.59,46.5194,1.44924,1.203844,0.9859,0.9983,0.0599,7.0317,43.3771,2.987933,1.728564,0.9795,0.9966,0.1592,0.1592,0.1592,6.4954,166.1783,47.1965,166.1783,47.1965,0.2312,43.3771,0.9795,2.987933,1.728564,-3.1423,-0.0017,-0.0993,0.5363
/kaggle/input/datasets/duc24kdl/sub-x-ray/sub_X-Ray/sub_NIH/00001043_000.png,,sub_NIH,00001043_000.png,ok,512x512 -> 1024x1024,2,1,319.62,37.4279,11.756938,3.428839,0.9846,0.9983,0.0584,6.2999,34.8857,21.111248,4.594698,0.9772,0.9955,0.1601,0.1601,0.1601,6.053,176.9171,51.6295,176.9171,51.6295,0.1023,34.8857,0.9772,21.111248,4.594698,-2.5422,-0.0027,-0.1017,0.2469
/kaggle/input/datasets/duc24kdl/sub-x-ray/sub_X-Ray/sub_NIH/00001045_003.png,,sub_NIH,00001045_003.png,ok,512x512 -> 1024x1024,2,1,320.93,37.0274,12.892629,3.590631,0.9821,0.9981,0.076,6.4111,32.6592,35.249802,5.937154,0.9725,0.9954,0.1895,0.1895,0.1895,6.3452,166.6447,51.3968,166.6447,51.3968,0.2546,32.6592,0.9725,35.249802,5.937154,-4.3682,-0.0027,-0.1134,0.0658
/kaggle/input/datasets/duc24kdl/sub-x-ray/sub_X-Ray/sub_NIH/00001045_004.png,,sub_NIH,00001045_004.png,ok,512x512 -> 1024x1024,2,1,323.19,35.579,17.996264,4.2422,0.9679,0.9969,0.1231,6.347,31.9401,41.597861,6.44964,0.9513,0.9929,0.2554,0.2554,0.2554,6.193,142.4146,58.4919,142.4146,58.4919,0.3603,31.9401,0.9513,41.597861,6.44964,-3.6389,-0.0039,-0.1323,0.154
/kaggle/input/datasets/duc24kdl/sub-x-ray/sub_X-Ray/sub_NIH/00001048_000.png,,sub_NIH,00001048_000.png,ok,512x512 -> 1024x1024,2,1,321.37,46.5003,1.455642,1.2065,0.9853,0.9982,0.0613,6.948,43.6326,2.817231,1.678461,0.9786,0.9963,0.1635,0.1635,0.1635,6.5113,173.38,41.7514,173.38,41.7514,0.1954,43.6326,0.9786,2.817231,1.678461,-2.8677,-0.002,-0.1022,0.4367
/kaggle/input/datasets/duc24kdl/sub-x-ray/sub_X-Ray/sub_NIH/00001049_000.png,,sub_NIH,00001049_000.png,ok,512x512 -> 1024x1024,2,1,321.26,44.6254,2.241515,1.497169,0.9717,0.9972,0.1191,6.8513,42.5901,3.581554,1.892499,0.9631,0.9948,0.2627,0.2627,0.2627,6.7392,108.5742,29.1631,108.5742,29.1631,0.183,42.5901,0.9631,3.581554,1.892499,-2.0353,-0.0024,-0.1436,0.1121
/kaggle/input/datasets/duc24kdl/sub-x-ray/sub_X-Ray/sub_NIH/00001052_002.png,,sub_NIH,00001052_002.png,ok,512x512 -> 1024x1024,2,1,320.34,41.3311,4.785977,2.187688,0.9611,0.9965,0.1448,6.7101,38.2216,9.793203,3.129409,0.9439,0.9928,0.3011,0.3011,0.3011,6.7995,117.5619,68.1156,117.5619,68.1156,0.1666,38.2216,0.9439,9.793203,3.129409,-3.1095,-0.0038,-0.1563,-0.0895
/kaggle/input/datasets/duc24kdl/sub-x-ray/sub_X-Ray/sub_NIH/00001054_004.png,,sub_NIH,00001054_004.png,ok,512x512 -> 1024x1024,2,1,323.02,38.3591,9.488005,3.080261,0.9884,0.9986,0.0504,6.8416,36.2726,15.339798,3.916605,0.9843,0.9973,0.1388,0.1388,0.1388,6.5727,162.4361,56.1641,162.4361,56.1641,0.0777,36.2726,0.9843,15.339798,3.916605,-2.0864,-0.0013,-0.0884,0.2689
/kaggle/input/datasets/duc24kdl/sub-x-ray/sub_X-Ray/sub_NIH/00001055_006.png,,sub_NIH,00001055_006.png,ok,512x512 -> 1024x1024,2,1,320.8,37.0005,12.972721,3.601766,0.987,0.9985,0.0544,6.5822,33.4706,29.24266,5.407648,0.9816,0.9956,0.1452,0.1452,0.1452,6.3161,166.9675,67.665,166.9675,67.665,0.1514,33.4706,0.9816,29.24266,5.407648,-3.5299,-0.0029,-0.0908,0.2661
/kaggle/input/datasets/duc24kdl/sub-x-ray/sub_X-Ray/sub_NIH/00001055_007.png,,sub_NIH,00001055_007.png,ok,512x512 -> 1024x1024,2,1,320.66,40.1808,6.237414,2.497481,0.9526,0.9958,0.1524,6.4811,38.4916,9.20282,3.033615,0.9286,0.9912,0.3015,0.3015,0.3015,6.7998,105.1428,69.7,105.1428,69.7,0.2123,38.4916,0.9286,9.20282,3.033615,-1.6892,-0.0046,-0.1491,-0.3186
/kaggle/input/datasets/duc24kdl/sub-x-ray/sub_X-Ray/sub_NIH/00001056_000.png,,sub_NIH,00001056_000.png,ok,512x512 -> 1024x1024,2,1,319.0,41.2051,4.926915,2.219666,0.9649,0.9968,0.1331,6.5532,39.1855,7.84391,2.800698,0.9464,0.9934,0.2585,0.2585,0.2585,6.7209,130.1482,75.082,130.1482,75.082,0.119,39.1855,0.9464,7.84391,2.800698,-2.0196,-0.0034,-0.1253,-0.1676
/kaggle/input/datasets/duc24kdl/sub-x-ray/sub_X-Ray/sub_NIH/00001059_001.png,,sub_NIH,00001059_001.png,ok,512x512 -> 1024x1024,2,1,320.67,35.7561,17.277263,4.156593,0.9622,0.9966,0.1413,6.4152,33.5575,28.663299,5.353812,0.9415,0.9922,0.27,0.27,0.27,6.1508,112.6061,68.4204,112.6061,68.4204,0.4938,33.5575,0.9415,28.663299,5.353812,-2.1985,-0.0044,-0.1287,0.2645
/kaggle/input/datasets/duc24kdl/sub-x-ray/sub_X-Ray/sub_NIH/00001059_004.png,,sub_NIH,00001059_004.png,ok,512x512 -> 1024x1024,2,1,320.01,41.0952,5.053159,2.247923,0.9657,0.9969,0.1228,6.2472,38.3892,9.422481,3.069606,0.9425,0.993,0.2469,0.2469,0.2469,6.5435,101.7508,73.0426,101.7508,73.0426,0.2553,38.3892,0.9425,9.422481,3.069606,-2.706,-0.0039,-0.124,-0.2963
/kaggle/input/datasets/duc24kdl/sub-x-ray/sub_X-Ray/sub_NIH/00001068_003.png,,sub_NIH,00001068_003.png,ok,512x512 -> 1024x1024,2,1,320.21,40.6616,5.583658,2.362976,0.9581,0.9963,0.161,6.8388,38.7028,8.765941,2.960733,0.9408,0.9926,0.3069,0.3069,0.3069,6.6432,137.5393,72.0481,137.5393,72.0481,0.1124,38.7028,0.9408,8.765941,2.960733,-1.9588,-0.0037,-0.1458,0.1955
/kaggle/input/datasets/duc24kdl/sub-x-ray/sub_X-Ray/sub_NIH/00001071_000.png,,sub_NIH,00001071_000.png,ok,512x512 -> 1024x1024,2,1,320.74,43.4917,2.910118,1.705907,0.9708,0.9974,0.1122,6.4112,39.5027,7.291307,2.700242,0.956,0.9942,0.2391,0.2391,0.2391,6.8439,106.4648,68.2702,106.4648,68.2702,0.1553,39.5027,0.956,7.291307,2.700242,-3.9889,-0.0032,-0.1269,-0.4327
/kaggle/input/datasets/duc24kdl/sub-x-ray/sub_X-Ray/sub_NIH/00001075_005.png,,sub_NIH,00001075_005.png,ok,512x512 -> 1024x1024,2,1,318.95,35.5828,17.980486,4.24034,0.9782,0.9977,0.0975,6.5033,32.3257,38.063298,6.169546,0.9537,0.9944,0.2006,0.2006,0.2006,6.2822,111.2065,67.5755,111.2065,67.5755,0.4067,32.3257,0.9537,38.063298,6.169546,-3.257,-0.0033,-0.1031,0.2211
/kaggle/input/datasets/duc24kdl/sub-x-ray/sub_X-Ray/sub_NIH/00001075_015.png,,sub_NIH,00001075_015.png,ok,512x512 -> 1024x1024,2,1,318.78,38.0918,10.090137,3.176498,0.9797,0.9977,0.0871,6.5339,34.7084,21.990918,4.689448,0.9688,0.9947,0.1936,0.1936,0.1936,6.595,99.6103,48.2007,99.6103,48.2007,0.3817,34.7084,0.9688,21.990918,4.689448,-3.3835,-0.003,-0.1065,-0.061
/kaggle/input/datasets/duc24kdl/sub-x-ray/sub_X-Ray/sub_NIH/00001075_020.png,,sub_NIH,00001075_020.png,ok,512x512 -> 1024x1024,2,1,321.83,38.3377,9.534859,3.087857,0.9774,0.9975,0.0995,6.8438,35.4095,18.712449,4.325789,0.968,0.9949,0.2082,0.2082,0.2082,6.6767,103.1758,44.2518,103.1758,44.2518,0.346,35.4095,0.968,18.712449,4.325789,-2.9282,-0.0027,-0.1087,0.1671
/kaggle/input/datasets/duc24kdl/sub-x-ray/sub_X-Ray/sub_NIH/00001075_022.png,,sub_NIH,00001075_022.png,ok,512x512 -> 1024x1024,2,1,320.03,42.7455,3.455617,1.858929,0.9692,0.9972,0.12,6.4976,40.9094,5.274055,2.296531,0.9512,0.9938,0.2381,0.2381,0.2381,6.7228,100.7642,81.4206,100.7642,81.4206,0.1364,40.9094,0.9512,5.274055,2.296531,-1.8362,-0.0034,-0.1181,-0.2252
/kaggle/input/datasets/duc24kdl/sub-x-ray/sub_X-Ray/sub_NIH/00001075_024.png,,sub_NIH,00001075_024.png,ok,512x512 -> 1024x1024,2,1,320.95,42.3543,3.781412,1.944585,0.9546,0.9958,0.1729,6.9122,40.64,5.611473,2.368855,0.9402,0.9913,0.3302,0.3302,0.3302,7.1842,125.9665,72.3554,125.9665,72.3554,0.2112,40.64,0.9402,5.611473,2.368855,-1.7142,-0.0045,-0.1573,-0.272
/kaggle/input/datasets/duc24kdl/sub-x-ray/sub_X-Ray/sub_NIH/00001075_026.png,,sub_NIH,00001075_026.png,ok,512x512 -> 1024x1024,2,1,319.44,35.7211,17.417003,4.173368,0.9731,0.9973,0.1022,6.1667,32.469,36.828404,6.068641,0.9581,0.9935,0.2181,0.2181,0.2181,6.0541,123.9339,53.4225,123.9339,53.4225,0.4185,32.469,0.9581,36.828404,6.068641,-3.2521,-0.0038,-0.1159,0.1126
/kaggle/input/datasets/duc24kdl/sub-x-ray/sub_X-Ray/sub_NIH/00001075_028.png,,sub_NIH,00001075_028.png,ok,512x512 -> 1024x1024,2,1,319.82,34.9442,20.828677,4.563845,0.9718,0.9972,0.0993,6.1023,31.4857,46.186481,6.796064,0.9527,0.9923,0.2178,0.2178,0.2178,5.7484,129.282,63.676,129.282,63.676,0.4015,31.4857,0.9527,46.186481,6.796064,-3.4585,-0.005,-0.1186,0.3539
/kaggle/input/datasets/duc24kdl/sub-x-ray/sub_X-Ray/sub_NIH/00001075_030.png,,sub_NIH,00001075_030.png,ok,512x512 -> 1024x1024,2,1,318.71,35.877,16.80256,4.099093,0.972,0.9972,0.1069,6.2276,32.5146,36.443255,6.036825,0.9562,0.9932,0.2242,0.2242,0.2242,6.1549,123.4669,54.0116,123.4669,54.0116,0.3721,32.5146,0.9562,36.443255,6.036825,-3.3624,-0.004,-0.1173,0.0727
/kaggle/input/datasets/duc24kdl/sub-x-ray/sub_X-Ray/sub_NIH/00001075_038.png,,sub_NIH,00001075_038.png,ok,512x512 -> 1024x1024,2,1,320.21,47.2871,1.214425,1.10201,0.9866,0.9984,0.0549,7.109,44.0813,2.5407,1.593957,0.9812,0.9968,0.1445,0.1445,0.1445,6.5267,169.3475,46.6237,169.3475,46.6237,0.2193,44.0813,0.9812,2.5407,1.593957,-3.2058,-0.0016,-0.0896,0.5823
/kaggle/input/datasets/duc24kdl/sub-x-ray/sub_X-Ray/sub_NIH/00001077_002.png,,sub_NIH,00001077_002.png,ok,512x512 -> 1024x1024,2,1,319.67,38.3283,9.555336,3.091171,0.9835,0.9982,0.0633,6.4379,36.4243,14.813101,3.848779,0.9754,0.9959,0.1508,0.1508,0.1508,6.4854,142.079,71.9145,142.079,71.9145,0.3564,36.4243,0.9754,14.813101,3.848779,-1.904,-0.0024,-0.0875,-0.0475
/kaggle/input/datasets/duc24kdl/sub-x-ray/sub_X-Ray/sub_NIH/00001078_000.png,,sub_NIH,00001078_000.png,ok,512x512 -> 1024x1024,2,1,320.28,35.1185,20.009125,4.473156,0.9673,0.9967,0.1212,6.0792,32.0456,40.599819,6.371799,0.9486,0.9914,0.2435,0.2435,0.2435,5.9366,121.8766,54.5924,121.8766,54.5924,0.3768,32.0456,0.9486,40.599819,6.371799,-3.073,-0.0053,-0.1224,0.1426
/kaggle/input/datasets/duc24kdl/sub-x-ray/sub_X-Ray/sub_NIH/00001078_002.png,,sub_NIH,00001078_002.png,ok,512x512 -> 1024x1024,2,1,321.74,40.8397,5.359289,2.315014,0.9552,0.996,0.156,6.5418,39.154,7.900972,2.810867,0.9379,0.9922,0.3116,0.3116,0.3116,6.6765,134.9665,65.612,134.9665,65.612,0.1085,39.154,0.9379,7.900972,2.810867,-1.6857,-0.0039,-0.1556,-0.1347
/kaggle/input/datasets/duc24kdl/sub-x-ray/sub_X-Ray/sub_NIH/00001081_002.png,,sub_NIH,00001081_002.png,ok,512x512 -> 1024x1024,2,1,320.01,41.77,4.325937,2.079889,0.9665,0.9969,0.1319,6.7208,39.765,6.864107,2.619944,0.9558,0.9936,0.2615,0.2615,0.2615,6.1626,130.0303,65.4608,130.0303,65.4608,0.1791,39.765,0.9558,6.864107,2.619944,-2.005,-0.0033,-0.1296,0.5582
/kaggle/input/datasets/duc24kdl/sub-x-ray/sub_X-Ray/sub_NIH/00001082_006.png,,sub_NIH,00001082_006.png,ok,512x512 -> 1024x1024,2,1,319.4,41.4212,4.687656,2.1651,0.9578,0.9963,0.1542,6.8111,39.924,6.617233,2.572398,0.9417,0.9925,0.3127,0.3127,0.3127,6.9764,116.1839,62.6205,116.1839,62.6205,0.2387,39.924,0.9417,6.617233,2.572398,-1.4972,-0.0038,-0.1585,-0.1653
/kaggle/input/datasets/duc24kdl/sub-x-ray/sub_X-Ray/sub_NIH/00001085_001.png,,sub_NIH,00001085_001.png,ok,512x512 -> 1024x1024,2,1,320.12,37.2212,12.329795,3.511381,0.981,0.998,0.0756,6.6323,35.4004,18.751816,4.330337,0.9681,0.9949,0.1854,0.1854,0.1854,6.185,160.333,61.1781,160.333,61.1781,0.3727,35.4004,0.9681,18.751816,4.330337,-1.8209,-0.003,-0.1098,0.4474
/kaggle/input/datasets/duc24kdl/sub-x-ray/sub_X-Ray/sub_NIH/00001086_001.png,,sub_NIH,00001086_001.png,ok,512x512 -> 1024x1024,2,1,319.36,38.4223,9.350802,3.057908,0.9544,0.9959,0.1604,6.6567,36.3787,14.96955,3.86905,0.9351,0.9914,0.3165,0.3165,0.3165,6.595,126.388,69.019,126.388,69.019,0.1797,36.3787,0.9351,14.96955,3.86905,-2.0436,-0.0045,-0.1561,0.0618
/kaggle/input/datasets/duc24kdl/sub-x-ray/sub_X-Ray/sub_NIH/00001088_006.png,,sub_NIH,00001088_006.png,ok,512x512 -> 1024x1024,2,1,321.27,37.0357,12.867849,3.587178,0.9843,0.9982,0.0689,6.5548,34.867,21.202399,4.604606,0.978,0.9962,0.1706,0.1706,0.1706,6.3412,169.177,57.2877,169.177,57.2877,0.1399,34.867,0.978,21.202399,4.604606,-2.1688,-0.0021,-0.1016,0.2136
/kaggle/input/datasets/duc24kdl/sub-x-ray/sub_X-Ray/sub_NIH/00001088_008.png,,sub_NIH,00001088_008.png,ok,512x512 -> 1024x1024,2,1,320.61,41.6728,4.423861,2.103298,0.9605,0.9965,0.1517,6.9159,39.5046,7.288152,2.699658,0.9434,0.9928,0.2973,0.2973,0.2973,6.4727,135.801,65.9662,135.801,65.9662,0.1536,39.5046,0.9434,7.288152,2.699658,-2.1682,-0.0036,-0.1455,0.4432
/kaggle/input/datasets/duc24kdl/sub-x-ray/sub_X-Ray/sub_NIH/00001088_018.png,,sub_NIH,00001088_018.png,ok,512x512 -> 1024x1024,2,1,320.61,37.0853,12.721813,3.566765,0.9795,0.9978,0.1017,7.4694,34.9043,21.020914,4.584857,0.9736,0.9956,0.2187,0.2187,0.2187,7.3534,126.2678,53.1252,126.2678,53.1252,0.2501,34.9043,0.9736,21.020914,4.584857,-2.181,-0.0021,-0.117,0.116
/kaggle/input/datasets/duc24kdl/sub-x-ray/sub_X-Ray/sub_NIH/00001088_023.png,,sub_NIH,00001088_023.png,ok,512x512 -> 1024x1024,2,1,322.51,42.1336,3.978467,1.99461,0.9595,0.9964,0.154,6.6758,39.9876,6.521056,2.553636,0.9432,0.9927,0.3011,0.3011,0.3011,6.4569,138.2767,65.6771,138.2767,65.6771,0.1305,39.9876,0.9432,6.521056,2.553636,-2.146,-0.0037,-0.1472,0.2189
/kaggle/input/datasets/duc24kdl/sub-x-ray/sub_X-Ray/sub_NIH/00001093_001.png,,sub_NIH,00001093_001.png,ok,512x512 -> 1024x1024,2,1,323.32,41.1639,4.973804,2.230203,0.9582,0.9963,0.1365,6.2072,38.9342,8.311083,2.882895,0.9354,0.9915,0.284,0.284,0.284,6.3118,104.1827,70.3433,104.1827,70.3433,0.1814,38.9342,0.9354,8.311083,2.882895,-2.2297,-0.0048,-0.1474,-0.1046
/kaggle/input/datasets/duc24kdl/sub-x-ray/sub_X-Ray/sub_NIH/00001093_002.png,,sub_NIH,00001093_002.png,ok,512x512 -> 1024x1024,2,1,319.77,41.1733,4.963115,2.227805,0.9586,0.9963,0.137,6.2342,38.6375,8.898682,2.983066,0.9354,0.9914,0.285,0.285,0.285,6.4134,102.6399,69.7878,102.6399,69.7878,0.1782,38.6375,0.9354,8.898682,2.983066,-2.5357,-0.0049,-0.148,-0.1793
/kaggle/input/datasets/duc24kdl/sub-x-ray/sub_X-Ray/sub_NIH/00001093_004.png,,sub_NIH,00001093_004.png,ok,512x512 -> 1024x1024,2,1,320.92,44.4475,2.335249,1.528152,0.9772,0.9975,0.0845,6.9287,42.1567,3.957404,1.989322,0.9684,0.9948,0.1939,0.1939,0.1939,6.6186,103.4828,38.533,103.4828,38.533,0.2304,42.1567,0.9684,3.957404,1.989322,-2.2908,-0.0026,-0.1094,0.3101
/kaggle/input/datasets/duc24kdl/sub-x-ray/sub_X-Ray/sub_NIH/00001098_000.png,,sub_NIH,00001098_000.png,ok,512x512 -> 1024x1024,2,1,322.72,35.754,17.285323,4.157562,0.9816,0.9981,0.0677,6.7474,33.4884,29.122981,5.396571,0.9726,0.9946,0.1672,0.1672,0.1672,6.1144,170.4716,66.8756,170.4716,66.8756,0.2227,33.4884,0.9726,29.122981,5.396571,-2.2656,-0.0034,-0.0996,0.633
/kaggle/input/datasets/duc24kdl/sub-x-ray/sub_X-Ray/sub_NIH/00001100_001.png,,sub_NIH,00001100_001.png,ok,512x512 -> 1024x1024,2,1,320.54,41.2555,4.869993,2.206806,0.9549,0.9959,0.1604,6.6093,39.2749,7.683981,2.771999,0.9367,0.9916,0.3101,0.3101,0.3101,6.4834,136.4321,61.8326,136.4321,61.8326,0.1512,39.2749,0.9367,7.683981,2.771999,-1.9806,-0.0043,-0.1497,0.1259
/kaggle/input/datasets/duc24kdl/sub-x-ray/sub_X-Ray/sub_NIH/00001100_002.png,,sub_NIH,00001100_002.png,ok,512x512 -> 1024x1024,2,1,322.27,35.4805,18.408854,4.290554,0.976,0.9976,0.0838,6.6973,32.4884,36.663955,6.055077,0.96,0.9942,0.193,0.193,0.193,6.0488,149.6767,57.2498,149.6767,57.2498,0.3789,32.4884,0.96,36.663955,6.055077,-2.9921,-0.0034,-0.1092,0.6485
/kaggle/input/datasets/duc24kdl/sub-x-ray/sub_X-Ray/sub_NIH/00001101_002.png,,sub_NIH,00001101_002.png,ok,512x512 -> 1024x1024,2,1,320.74,37.2563,12.230629,3.497232,0.9741,0.9974,0.11,6.3112,34.1315,25.114584,5.011445,0.9594,0.9935,0.2366,0.2366,0.2366,6.0124,115.592,49.6385,115.592,49.6385,0.2976,34.1315,0.9594,25.114584,5.011445,-3.1248,-0.0039,-0.1266,0.2988
/kaggle/input/datasets/duc24kdl/sub-x-ray/sub_X-Ray/sub_NIH/00001101_009.png,,sub_NIH,00001101_009.png,ok,512x512 -> 1024x1024,2,1,322.05,38.701,8.769542,2.961341,0.9626,0.9967,0.1464,6.641,36.2053,15.579475,3.947084,0.9447,0.9931,0.2889,0.2889,0.2889,6.2896,128.5845,70.9688,128.5845,70.9688,0.3877,36.2053,0.9447,15.579475,3.947084,-2.4958,-0.0037,-0.1426,0.3515
/kaggle/input/datasets/duc24kdl/sub-x-ray/sub_X-Ray/sub_NIH/00001101_012.png,,sub_NIH,00001101_012.png,ok,512x512 -> 1024x1024,2,1,321.34,35.2129,19.579055,4.424823,0.9819,0.998,0.0908,6.972,32.707,34.864002,5.904575,0.9744,0.9957,0.2077,0.2077,0.2077,6.8833,111.9836,53.9543,111.9836,53.9543,0.2892,32.707,0.9744,34.864002,5.904575,-2.5059,-0.0023,-0.1169,0.0887
/kaggle/input/datasets/duc24kdl/sub-x-ray/sub_X-Ray/sub_NIH/00001101_013.png,,sub_NIH,00001101_013.png,ok,512x512 -> 1024x1024,2,1,320.21,40.2596,6.125198,2.474914,0.9638,0.9968,0.1374,6.8114,38.4853,9.21627,3.035831,0.9454,0.993,0.2768,0.2768,0.2768,6.5398,120.0614,69.7373,120.0614,69.7373,0.2037,38.4853,0.9454,9.21627,3.035831,-1.7744,-0.0038,-0.1395,0.2716
/kaggle/input/datasets/duc24kdl/sub-x-ray/sub_X-Ray/sub_NIH/00001101_015.png,,sub_NIH,00001101_015.png,ok,512x512 -> 1024x1024,2,1,319.32,33.799,27.113376,5.207051,0.9883,0.9985,0.0555,6.8359,31.6147,44.834322,6.695844,0.9827,0.9966,0.1371,0.1371,0.1371,6.8664,166.5813,47.7506,166.5813,47.7506,0.2367,31.6147,0.9827,44.834322,6.695844,-2.1843,-0.0018,-0.0816,-0.0305
/kaggle/input/datasets/duc24kdl/sub-x-ray/sub_X-Ray/sub_NIH/00001101_018.png,,sub_NIH,00001101_018.png,ok,512x512 -> 1024x1024,2,1,321.84,35.1517,19.856731,4.456089,0.9622,0.9964,0.1443,6.739,31.561,45.392542,6.737399,0.9406,0.9916,0.2839,0.2839,0.2839,6.1625,130.8959,61.217,130.8959,61.217,0.2984,31.561,0.9406,45.392542,6.737399,-3.5908,-0.0048,-0.1396,0.5765
/kaggle/input/datasets/duc24kdl/sub-x-ray/sub_X-Ray/sub_NIH/00001103_003.png,,sub_NIH,00001103_003.png,ok,512x512 -> 1024x1024,2,1,321.55,42.4209,3.723865,1.929732,0.961,0.9965,0.1332,6.5109,39.748,6.890939,2.62506,0.9432,0.9927,0.2724,0.2724,0.2724,6.8274,115.5671,65.3292,115.5671,65.3292,0.1926,39.748,0.9432,6.890939,2.62506,-2.6728,-0.0037,-0.1392,-0.3165
/kaggle/input/datasets/duc24kdl/sub-x-ray/sub_X-Ray/sub_NIH/00001104_000.png,,sub_NIH,00001104_000.png,ok,512x512 -> 1024x1024,2,1,320.03,37.8657,10.62945,3.260284,0.9817,0.9981,0.0728,6.6535,35.7117,17.45444,4.177851,0.9679,0.9949,0.1761,0.1761,0.1761,6.4762,161.402,60.4316,161.402,60.4316,0.3747,35.7117,0.9679,17.45444,4.177851,-2.154,-0.0031,-0.1033,0.1772
/kaggle/input/datasets/duc24kdl/sub-x-ray/sub_X-Ray/sub_NIH/00001104_016.png,,sub_NIH,00001104_016.png,ok,512x512 -> 1024x1024,2,1,319.24,42.2046,3.913989,1.97838,0.9635,0.9967,0.1317,6.266,39.154,7.900889,2.810852,0.9453,0.9927,0.2698,0.2698,0.2698,6.3296,118.6988,72.5328,118.6988,72.5328,0.1969,39.154,0.9453,7.900889,2.810852,-3.0506,-0.004,-0.1381,-0.0635
/kaggle/input/datasets/duc24kdl/sub-x-ray/sub_X-Ray/sub_NIH/00001104_020.png,,sub_NIH,00001104_020.png,ok,512x512 -> 1024x1024,2,1,320.58,42.582,3.588203,1.894255,0.9666,0.997,0.122,5.982,39.8153,6.784998,2.604803,0.9502,0.9932,0.2529,0.2529,0.2529,6.2684,120.3654,69.586,120.3654,69.586,0.1681,39.8153,0.9502,6.784998,2.604803,-2.7667,-0.0037,-0.1309,-0.2863
/kaggle/input/datasets/duc24kdl/sub-x-ray/sub_X-Ray/sub_NIH/00001104_021.png,,sub_NIH,00001104_021.png,ok,512x512 -> 1024x1024,2,1,320.72,42.5699,3.598239,1.896902,0.9682,0.9971,0.1205,6.2842,39.5186,7.264777,2.695325,0.9525,0.9936,0.2484,0.2484,0.2484,6.641,112.5331,69.8039,112.5331,69.8039,0.1599,39.5186,0.9525,7.264777,2.695325,-3.0513,-0.0034,-0.1279,-0.3567
/kaggle/input/datasets/duc24kdl/sub-x-ray/sub_X-Ray/sub_NIH/00001107_004.png,,sub_NIH,00001107_004.png,ok,512x512 -> 1024x1024,2,1,319.9,41.4907,4.613261,2.14785,0.9613,0.9965,0.1475,6.4906,39.2882,7.660645,2.767787,0.9454,0.9929,0.2932,0.2932,0.2932,6.3411,139.2004,64.7798,139.2004,64.7798,0.1587,39.2882,0.9454,7.660645,2.767787,-2.2026,-0.0037,-0.1456,0.1496
/kaggle/input/datasets/duc24kdl/sub-x-ray/sub_X-Ray/sub_NIH/00001107_007.png,,sub_NIH,00001107_007.png,ok,512x512 -> 1024x1024,2,1,321.03,41.3816,4.730648,2.175005,0.9597,0.9964,0.1471,6.5164,39.643,7.059671,2.657004,0.943,0.9927,0.2944,0.2944,0.2944,6.5325,126.8265,67.595,126.8265,67.595,0.1369,39.643,0.943,7.059671,2.657004,-1.7386,-0.0037,-0.1473,-0.0161
/kaggle/input/datasets/duc24kdl/sub-x-ray/sub_X-Ray/sub_NIH/00001107_008.png,,sub_NIH,00001107_008.png,ok,512x512 -> 1024x1024,2,1,321.15,36.913,13.236791,3.63824,0.9874,0.9984,0.0567,7.8518,33.2478,30.782494,5.548197,0.9826,0.9971,0.1572,0.1572,0.1572,7.3017,157.0392,39.8708,157.0392,39.8708,0.2922,33.2478,0.9826,30.782494,5.548197,-3.6652,-0.0012,-0.1005,0.5501
/kaggle/input/datasets/duc24kdl/sub-x-ray/sub_X-Ray/sub_NIH/00001107_010.png,,sub_NIH,00001107_010.png,ok,512x512 -> 1024x1024,2,1,320.1,36.5352,14.439859,3.799981,0.9812,0.9979,0.0964,7.2813,34.7537,21.762497,4.665029,0.9742,0.9957,0.2177,0.2177,0.2177,7.3128,111.4139,50.4575,111.4139,50.4575,0.381,34.7537,0.9742,21.762497,4.665029,-1.7815,-0.0022,-0.1213,-0.0314
/kaggle/input/datasets/duc24kdl/sub-x-ray/sub_X-Ray/sub_NIH/00001108_001.png,,sub_NIH,00001108_001.png,ok,512x512 -> 1024x1024,2,1,320.11,44.1621,2.493826,1.579185,0.97,0.997,0.1259,7.059,41.0617,5.09223,2.256597,0.9613,0.9946,0.2816,0.2816,0.2816,6.7699,107.9402,27.5712,107.9402,27.5712,0.1706,41.0617,0.9613,5.09223,2.256597,-3.1004,-0.0024,-0.1556,0.2891
/kaggle/input/datasets/duc24kdl/sub-x-ray/sub_X-Ray/sub_NIH/00001108_002.png,,sub_NIH,00001108_002.png,ok,512x512 -> 1024x1024,2,1,321.92,44.593,2.258313,1.502769,0.9754,0.9974,0.1026,7.1843,43.2491,3.077275,1.754216,0.9672,0.9953,0.2336,0.2336,0.2336,6.9968,110.0987,31.579,110.0987,31.579,0.282,43.2491,0.9672,3.077275,1.754216,-1.3438,-0.0021,-0.1309,0.1874
/kaggle/input/datasets/duc24kdl/sub-x-ray/sub_X-Ray/sub_NIH/00001108_003.png,,sub_NIH,00001108_003.png,ok,512x512 -> 1024x1024,2,1,320.69,36.4796,14.62589,3.824381,0.9822,0.998,0.0943,7.0569,33.8507,26.792597,5.176157,0.9737,0.9957,0.2181,0.2181,0.2181,6.7089,102.1041,42.5183,102.1041,42.5183,0.3298,33.8507,0.9737,26.792597,5.176157,-2.6289,-0.0023,-0.1238,0.3479
/kaggle/input/datasets/duc24kdl/sub-x-ray/sub_X-Ray/sub_NIH/00001111_000.png,,sub_NIH,00001111_000.png,ok,512x512 -> 1024x1024,2,1,321.02,42.1494,3.964039,1.990989,0.9624,0.9966,0.1356,6.3529,39.5063,7.285429,2.699153,0.9411,0.9928,0.2777,0.2777,0.2777,6.7066,116.2992,72.8338,116.2992,72.8338,0.1515,39.5063,0.9411,7.285429,2.699153,-2.6432,-0.0039,-0.142,-0.3537
/kaggle/input/datasets/duc24kdl/sub-x-ray/sub_X-Ray/sub_NIH/00001114_000.png,,sub_NIH,00001114_000.png,ok,512x512 -> 1024x1024,2,1,321.01,45.8842,1.677497,1.295182,0.9833,0.9981,0.0687,6.996,42.6872,3.502346,1.871456,0.9749,0.9957,0.1764,0.1764,0.1764,6.5588,172.3487,41.4093,172.3487,41.4093,0.2038,42.6872,0.9749,3.502346,1.871456,-3.197,-0.0024,-0.1077,0.4373
/kaggle/input/datasets/duc24kdl/sub-x-ray/sub_X-Ray/sub_NIH/00001117_000.png,,sub_NIH,00001117_000.png,ok,512x512 -> 1024x1024,2,1,319.26,42.8931,3.340151,1.827608,0.9643,0.9967,0.1284,6.2529,40.2034,6.20492,2.490968,0.949,0.9932,0.2611,0.2611,0.2611,6.2567,119.8676,69.4212,119.8676,69.4212,0.1435,40.2034,0.949,6.20492,2.490968,-2.6897,-0.0035,-0.1327,-0.0038
/kaggle/input/datasets/duc24kdl/sub-x-ray/sub_X-Ray/sub_NIH/00001120_001.png,,sub_NIH,00001120_001.png,ok,512x512 -> 1024x1024,2,1,322.18,41.3467,4.768806,2.18376,0.9598,0.9964,0.1481,6.8717,39.2755,7.682913,2.771807,0.9448,0.9927,0.2991,0.2991,0.2991,6.8051,117.1323,60.4882,117.1323,60.4882,0.2071,39.2755,0.9448,7.682913,2.771807,-2.0712,-0.0037,-0.151,0.0666
/kaggle/input/datasets/duc24kdl/sub-x-ray/sub_X-Ray/sub_NIH/00001120_002.png,,sub_NIH,00001120_002.png,ok,512x512 -> 1024x1024,2,1,321.24,41.9892,4.113034,2.028062,0.9634,0.9967,0.1362,6.3621,39.5665,7.185136,2.68051,0.9473,0.9932,0.2776,0.2776,0.2776,6.5658,121.8684,64.9928,121.8684,64.9928,0.1843,39.5665,0.9473,7.185136,2.68051,-2.4227,-0.0036,-0.1415,-0.2037
/kaggle/input/datasets/duc24kdl/sub-x-ray/sub_X-Ray/sub_NIH/00001122_003.png,,sub_NIH,00001122_003.png,ok,512x512 -> 1024x1024,2,1,318.47,42.0264,4.077917,2.019385,0.9617,0.9966,0.1372,6.1184,40.1047,6.347631,2.519451,0.9414,0.9931,0.2709,0.2709,0.2709,6.6421,115.3045,72.8303,115.3045,72.8303,0.1459,40.1047,0.9414,6.347631,2.519451,-1.9217,-0.0035,-0.1337,-0.5237
/kaggle/input/datasets/duc24kdl/sub-x-ray/sub_X-Ray/sub_NIH/00001122_005.png,,sub_NIH,00001122_005.png,ok,512x512 -> 1024x1024,2,1,322.13,37.3064,12.090377,3.477122,0.9844,0.9981,0.0713,7.6422,35.1959,19.655633,4.433467,0.9771,0.9961,0.1729,0.1729,0.1729,7.0075,111.6837,49.6139,111.6837,49.6139,0.3026,35.1959,0.9771,19.655633,4.433467,-2.1105,-0.002,-0.1015,0.6347
/kaggle/input/datasets/duc24kdl/sub-x-ray/sub_X-Ray/sub_NIH/00001122_006.png,,sub_NIH,00001122_006.png,ok,512x512 -> 1024x1024,2,1,318.65,37.0692,12.769049,3.573381,0.9826,0.9981,0.0821,7.5151,35.1856,19.702365,4.438735,0.9776,0.9965,0.1863,0.1863,0.1863,7.2328,108.7783,63.6195,108.7783,63.6195,0.3909,35.1856,0.9776,19.702365,4.438735,-1.8836,-0.0016,-0.1042,0.2823
/kaggle/input/datasets/duc24kdl/sub-x-ray/sub_X-Ray/sub_NIH/00001128_000.png,,sub_NIH,00001128_000.png,ok,512x512 -> 1024x1024,2,1,320.62,39.4286,7.416878,2.723395,0.9866,0.9984,0.0623,6.9994,37.3593,11.944025,3.456013,0.9808,0.9967,0.1531,0.1531,0.1531,6.6696,145.3016,52.8155,145.3016,52.8155,0.1629,37.3593,0.9808,11.944025,3.456013,-2.0693,-0.0017,-0.0909,0.3297
/kaggle/input/datasets/duc24kdl/sub-x-ray/sub_X-Ray/sub_NIH/00001129_000.png,,sub_NIH,00001129_000.png,ok,512x512 -> 1024x1024,2,1,319.49,44.7551,2.175569,1.474981,0.9788,0.9977,0.0825,7.4643,43.0467,3.224078,1.795572,0.9681,0.9955,0.1965,0.1965,0.1965,6.5678,100.2733,43.4501,100.2733,43.4501,0.2607,43.0467,0.9681,3.224078,1.795572,-1.7083,-0.0022,-0.114,0.8965
/kaggle/input/datasets/duc24kdl/sub-x-ray/sub_X-Ray/sub_NIH/00001131_000.png,,sub_NIH,00001131_000.png,ok,512x512 -> 1024x1024,2,1,320.26,42.4242,3.721018,1.928994,0.9642,0.9968,0.1441,6.7099,39.6083,7.116224,2.667625,0.9475,0.9933,0.2885,0.2885,0.2885,6.5698,132.5981,70.1866,132.5981,70.1866,0.1413,39.6083,0.9475,7.116224,2.667625,-2.8159,-0.0035,-0.1444,0.1402
/kaggle/input/datasets/duc24kdl/sub-x-ray/sub_X-Ray/sub_NIH/00001133_000.png,,sub_NIH,00001133_000.png,ok,512x512 -> 1024x1024,2,1,320.08,35.7808,17.178962,4.144751,0.9857,0.9984,0.0569,6.3946,33.0438,32.262358,5.679996,0.9788,0.9961,0.1549,0.1549,0.1549,6.3354,157.5404,64.3979,157.5404,64.3979,0.2155,33.0438,0.9788,32.262358,5.679996,-2.737,-0.0023,-0.098,0.0592
/kaggle/input/datasets/duc24kdl/sub-x-ray/sub_X-Ray/sub_NIH/00001136_002.png,,sub_NIH,00001136_002.png,ok,512x512 -> 1024x1024,2,1,320.06,39.2932,7.651776,2.766184,0.9881,0.9985,0.0486,7.243,37.1962,12.400966,3.5215,0.9794,0.9964,0.1362,0.1362,0.1362,6.5264,141.7878,72.6227,141.7878,72.6227,0.4096,37.1962,0.9794,12.400966,3.5215,-2.0969,-0.0021,-0.0875,0.7167
/kaggle/input/datasets/duc24kdl/sub-x-ray/sub_X-Ray/sub_NIH/00001137_001.png,,sub_NIH,00001137_001.png,ok,512x512 -> 1024x1024,2,1,320.57,39.1845,7.845622,2.801004,0.9858,0.9984,0.0513,6.7176,36.1497,15.779962,3.9724,0.9772,0.9962,0.1435,0.1435,0.1435,6.3358,150.889,64.1324,150.889,64.1324,0.1231,36.1497,0.9772,15.779962,3.9724,-3.0348,-0.0022,-0.0922,0.3818
/kaggle/input/datasets/duc24kdl/sub-x-ray/sub_X-Ray/sub_NIH/00001139_000.png,,sub_NIH,00001139_000.png,ok,512x512 -> 1024x1024,2,1,319.47,43.031,3.235815,1.798837,0.9823,0.9981,0.0699,6.5697,41.0406,5.117059,2.262092,0.9731,0.9956,0.1826,0.1826,0.1826,6.2921,162.3933,56.6134,162.3933,56.6134,0.2761,41.0406,0.9731,5.117059,2.262092,-1.9904,-0.0025,-0.1127,0.2776
/kaggle/input/datasets/duc24kdl/sub-x-ray/sub_X-Ray/sub_NIH/00001143_000.png,,sub_NIH,00001143_000.png,ok,512x512 -> 1024x1024,2,1,321.45,43.6216,2.824383,1.68059,0.976,0.9975,0.1036,6.9864,38.8455,8.482533,2.912479,0.9631,0.9945,0.2262,0.2262,0.2262,5.8752,141.207,58.1562,141.207,58.1562,0.2372,38.8455,0.9631,8.482533,2.912479,-4.776,-0.003,-0.1226,1.1112
/kaggle/input/datasets/duc24kdl/sub-x-ray/sub_X-Ray/sub_NIH/00001144_000.png,,sub_NIH,00001144_000.png,ok,512x512 -> 1024x1024,2,1,320.61,33.8482,26.807678,5.177613,0.9838,0.9982,0.0707,6.3771,30.7378,54.86609,7.407165,0.9746,0.9946,0.1691,0.1691,0.1691,6.0815,179.0005,55.1756,179.0005,55.1756,0.3237,30.7378,0.9746,54.86609,7.407165,-3.1104,-0.0036,-0.0984,0.2956
/kaggle/input/datasets/duc24kdl/sub-x-ray/sub_X-Ray/sub_NIH/00001146_000.png,,sub_NIH,00001146_000.png,ok,512x512 -> 1024x1024,2,1,321.41,43.0608,3.213667,1.79267,0.9815,0.998,0.0782,6.9213,40.7074,5.525092,2.350552,0.9719,0.9953,0.1997,0.1997,0.1997,6.5615,173.318,41.6575,173.318,41.6575,0.1882,40.7074,0.9719,5.525092,2.350552,-2.3534,-0.0027,-0.1215,0.3598
/kaggle/input/datasets/duc24kdl/sub-x-ray/sub_X-Ray/sub_NIH/00001148_002.png,,sub_NIH,00001148_002.png,ok,512x512 -> 1024x1024,2,1,319.36,38.7423,8.686653,2.947313,0.9857,0.9984,0.0658,7.0029,36.0069,16.307671,4.038276,0.9774,0.9961,0.1698,0.1698,0.1698,6.5266,153.9382,60.5482,153.9382,60.5482,0.3276,36.0069,0.9774,16.307671,4.038276,-2.7354,-0.0023,-0.104,0.4763
/kaggle/input/datasets/duc24kdl/sub-x-ray/sub_X-Ray/sub_NIH/00001148_004.png,,sub_NIH,00001148_004.png,ok,512x512 -> 1024x1024,2,1,322.23,40.991,5.175878,2.275056,0.9569,0.9962,0.1579,6.6509,37.9713,10.374042,3.220876,0.9359,0.9921,0.316,0.316,0.316,6.8762,113.9087,67.4838,113.9087,67.4838,0.1926,37.9713,0.9359,10.374042,3.220876,-3.0196,-0.0041,-0.1581,-0.2253
/kaggle/input/datasets/duc24kdl/sub-x-ray/sub_X-Ray/sub_NIH/00001149_001.png,,sub_NIH,00001149_001.png,ok,512x512 -> 1024x1024,2,1,320.2,44.0628,2.551542,1.597355,0.9846,0.9983,0.0658,6.8119,41.9504,4.149959,2.037145,0.977,0.9962,0.1834,0.1834,0.1834,6.4727,153.7351,51.4042,153.7351,51.4042,0.2413,41.9504,0.977,4.149959,2.037145,-2.1124,-0.0021,-0.1175,0.3392
/kaggle/input/datasets/duc24kdl/sub-x-ray/sub_X-Ray/sub_NIH/00001151_003.png,,sub_NIH,00001151_003.png,ok,512x512 -> 1024x1024,2,1,320.53,37.0582,12.801364,3.577899,0.984,0.998,0.085,6.9355,34.9846,20.635873,4.542672,0.9776,0.9951,0.2005,0.2005,0.2005,7.2753,116.6344,40.5384,116.6344,40.5384,0.2536,34.9846,0.9776,20.635873,4.542672,-2.0737,-0.0029,-0.1155,-0.3398
/kaggle/input/datasets/duc24kdl/sub-x-ray/sub_X-Ray/sub_NIH/00001151_006.png,,sub_NIH,00001151_006.png,ok,512x512 -> 1024x1024,2,1,321.13,37.652,11.16564,3.341503,0.9826,0.998,0.0822,7.1727,35.5455,18.13541,4.258569,0.9758,0.996,0.1923,0.1923,0.1923,7.3215,113.3134,54.0549,113.3134,54.0549,0.2983,35.5455,0.9758,18.13541,4.258569,-2.1064,-0.002,-0.1101,-0.1489
/kaggle/input/datasets/duc24kdl/sub-x-ray/sub_X-Ray/sub_NIH/00001153_002.png,,sub_NIH,00001153_002.png,ok,512x512 -> 1024x1024,2,1,319.14,37.6277,11.228274,3.350862,0.9806,0.998,0.0808,7.1963,36.0433,16.171636,4.021397,0.9643,0.9951,0.1855,0.1855,0.1855,6.5882,149.4,72.2152,149.4,72.2152,0.3815,36.0433,0.9643,16.171636,4.021397,-1.5844,-0.0029,-0.1047,0.6081
/kaggle/input/datasets/duc24kdl/sub-x-ray/sub_X-Ray/sub_NIH/00001154_002.png,,sub_NIH,00001154_002.png,ok,512x512 -> 1024x1024,2,1,319.19,36.9342,13.172203,3.629353,0.9835,0.9982,0.0637,6.6223,34.6886,22.091415,4.70015,0.9754,0.9958,0.1668,0.1668,0.1668,6.2061,154.5471,67.0903,154.5471,67.0903,0.1493,34.6886,0.9754,22.091415,4.70015,-2.2457,-0.0024,-0.1031,0.4162
/kaggle/input/datasets/duc24kdl/sub-x-ray/sub_X-Ray/sub_NIH/00001154_003.png,,sub_NIH,00001154_003.png,ok,512x512 -> 1024x1024,2,1,320.9,41.4756,4.629401,2.151604,0.9686,0.997,0.1195,6.6971,39.3105,7.621314,2.760673,0.9581,0.9939,0.2415,0.2415,0.2415,5.9634,133.449,66.2252,133.449,66.2252,0.1574,39.3105,0.9581,7.621314,2.760673,-2.1651,-0.0031,-0.122,0.7337
/kaggle/input/datasets/duc24kdl/sub-x-ray/sub_X-Ray/sub_NIH/00001154_006.png,,sub_NIH,00001154_006.png,ok,512x512 -> 1024x1024,2,1,319.76,36.5645,14.342626,3.787166,0.9777,0.9978,0.0829,6.5708,35.8828,16.78017,4.096361,0.9607,0.9946,0.1818,0.1818,0.1818,6.1046,136.9801,72.5714,136.9801,72.5714,0.5343,35.8828,0.9607,16.78017,4.096361,-0.6817,-0.0031,-0.0989,0.4662
/kaggle/input/datasets/duc24kdl/sub-x-ray/sub_X-Ray/sub_NIH/00001157_002.png,,sub_NIH,00001157_002.png,ok,512x512 -> 1024x1024,2,1,320.46,36.83,13.492084,3.673157,0.9899,0.9986,0.0523,7.9999,34.6926,22.070679,4.697944,0.9869,0.9976,0.1414,0.1414,0.1414,7.3517,159.0989,53.2214,159.0989,53.2214,0.2289,34.6926,0.9869,22.070679,4.697944,-2.1374,-0.001,-0.0891,0.6482
/kaggle/input/datasets/duc24kdl/sub-x-ray/sub_X-Ray/sub_NIH/00001159_000.png,,sub_NIH,00001159_000.png,ok,512x512 -> 1024x1024,2,1,321.0,41.7505,4.345402,2.084563,0.9647,0.9968,0.1264,6.1041,38.6719,8.828573,2.971291,0.9481,0.9931,0.2622,0.2622,0.2622,6.5134,127.5992,66.1721,127.5992,66.1721,0.1972,38.6719,0.9481,8.828573,2.971291,-3.0786,-0.0037,-0.1359,-0.4093
/kaggle/input/datasets/duc24kdl/sub-x-ray/sub_X-Ray/sub_NIH/00001166_000.png,,sub_NIH,00001166_000.png,ok,512x512 -> 1024x1024,2,1,320.11,45.4918,1.836134,1.35504,0.979,0.9977,0.0858,7.286,43.3389,3.014307,1.736176,0.9672,0.9957,0.2135,0.2135,0.2135,7.1022,105.4894,37.1104,105.4894,37.1104,0.2308,43.3389,0.9672,3.014307,1.736176,-2.1528,-0.0021,-0.1277,0.1838
/kaggle/input/datasets/duc24kdl/sub-x-ray/sub_X-Ray/sub_NIH/00001167_000.png,,sub_NIH,00001167_000.png,ok,512x512 -> 1024x1024,2,1,320.17,41.2851,4.836971,2.199312,0.9643,0.9969,0.1202,6.2882,38.7953,8.581193,2.929367,0.9459,0.993,0.2496,0.2496,0.2496,6.1498,103.106,63.0962,103.106,63.0962,0.2362,38.7953,0.9459,8.581193,2.929367,-2.4897,-0.0039,-0.1294,0.1384
/kaggle/input/datasets/duc24kdl/sub-x-ray/sub_X-Ray/sub_NIH/00001170_003.png,,sub_NIH,00001170_003.png,ok,512x512 -> 1024x1024,2,1,321.0,44.6965,2.205113,1.484962,0.9849,0.9983,0.0635,6.8128,40.7172,5.512649,2.347903,0.9772,0.9963,0.1701,0.1701,0.1701,6.638,156.9701,59.3322,156.9701,59.3322,0.2297,40.7172,0.9772,5.512649,2.347903,-3.9793,-0.0021,-0.1066,0.1749
/kaggle/input/datasets/duc24kdl/sub-x-ray/sub_X-Ray/sub_NIH/00001170_024.png,,sub_NIH,00001170_024.png,ok,512x512 -> 1024x1024,2,1,321.0,39.1905,7.834881,2.799086,0.9885,0.9986,0.0519,7.7409,37.1355,12.575734,3.546228,0.9842,0.9974,0.1317,0.1317,0.1317,6.89,145.8848,58.2344,145.8848,58.2344,0.1662,37.1355,0.9842,12.575734,3.546228,-2.055,-0.0012,-0.0797,0.8509
/kaggle/input/datasets/duc24kdl/sub-x-ray/sub_X-Ray/sub_NIH/00001170_025.png,,sub_NIH,00001170_025.png,ok,512x512 -> 1024x1024,2,1,319.6,38.5714,9.035325,3.005882,0.9864,0.9984,0.0646,7.78,36.8209,13.520502,3.677023,0.9744,0.9968,0.1453,0.1453,0.1453,7.2733,145.981,66.3397,145.981,66.3397,0.2739,36.8209,0.9744,13.520502,3.677023,-1.7505,-0.0016,-0.0807,0.5067
/kaggle/input/datasets/duc24kdl/sub-x-ray/sub_X-Ray/sub_NIH/00001170_026.png,,sub_NIH,00001170_026.png,ok,512x512 -> 1024x1024,2,1,320.7,38.9436,8.293126,2.879779,0.9882,0.9985,0.0563,7.4586,36.7297,13.807353,3.715825,0.9833,0.9972,0.1389,0.1389,0.1389,6.7803,148.8732,58.637,148.8732,58.637,0.1643,36.7297,0.9833,13.807353,3.715825,-2.2139,-0.0014,-0.0826,0.6784
/kaggle/input/datasets/duc24kdl/sub-x-ray/sub_X-Ray/sub_NIH/00001170_032.png,,sub_NIH,00001170_032.png,ok,512x512 -> 1024x1024,2,1,321.39,37.937,10.456401,3.233636,0.9865,0.9984,0.0573,6.4089,35.059,20.285129,4.503902,0.9777,0.9962,0.1501,0.1501,0.1501,6.5531,156.8317,57.1714,156.8317,57.1714,0.2996,35.059,0.9777,20.285129,4.503902,-2.878,-0.0022,-0.0928,-0.1442
/kaggle/input/datasets/duc24kdl/sub-x-ray/sub_X-Ray/sub_NIH/00001170_034.png,,sub_NIH,00001170_034.png,ok,512x512 -> 1024x1024,2,1,319.84,38.1109,10.046039,3.169549,0.9826,0.9981,0.0727,6.579,36.447,14.736067,3.838759,0.9687,0.995,0.1876,0.1876,0.1876,6.4496,159.3805,64.3107,159.3805,64.3107,0.297,36.447,0.9687,14.736067,3.838759,-1.6639,-0.0032,-0.1148,0.1294
/kaggle/input/datasets/duc24kdl/sub-x-ray/sub_X-Ray/sub_NIH/00001170_038.png,,sub_NIH,00001170_038.png,ok,512x512 -> 1024x1024,2,1,320.14,37.552,11.425712,3.380194,0.9805,0.9981,0.071,6.5912,35.9517,16.516392,4.064036,0.9663,0.9949,0.1817,0.1817,0.1817,6.3237,155.7983,64.3512,155.7983,64.3512,0.2679,35.9517,0.9663,16.516392,4.064036,-1.6003,-0.0032,-0.1107,0.2676
/kaggle/input/datasets/duc24kdl/sub-x-ray/sub_X-Ray/sub_NIH/00001170_041.png,,sub_NIH,00001170_041.png,ok,512x512 -> 1024x1024,2,1,319.75,38.0511,10.185146,3.191418,0.9879,0.9985,0.0637,7.0594,36.263,15.373627,3.920922,0.9736,0.9971,0.1439,0.1439,0.1439,6.9499,139.8371,68.4783,139.8371,68.4783,0.2477,36.263,0.9736,15.373627,3.920922,-1.7881,-0.0015,-0.0802,0.1095
/kaggle/input/datasets/duc24kdl/sub-x-ray/sub_X-Ray/sub_NIH/00001170_050.png,,sub_NIH,00001170_050.png,ok,512x512 -> 1024x1024,2,1,318.93,43.2754,3.058717,1.748919,0.9721,0.9974,0.1021,6.1529,40.8987,5.287066,2.299362,0.9597,0.9944,0.2104,0.2104,0.2104,6.3259,79.6679,54.624,79.6679,54.624,0.2209,40.8987,0.9597,5.287066,2.299362,-2.3768,-0.0029,-0.1083,-0.173
/kaggle/input/datasets/duc24kdl/sub-x-ray/sub_X-Ray/sub_NIH/00001174_000.png,,sub_NIH,00001174_000.png,ok,512x512 -> 1024x1024,2,1,321.43,41.2583,4.86684,2.206092,0.9589,0.9963,0.1449,6.4396,37.9976,10.311521,3.211156,0.9404,0.9919,0.2931,0.2931,0.2931,6.5536,117.2144,65.1465,117.2144,65.1465,0.1752,37.9976,0.9404,10.311521,3.211156,-3.2608,-0.0044,-0.1482,-0.114
/kaggle/input/datasets/duc24kdl/sub-x-ray/sub_X-Ray/sub_NIH/00001177_000.png,,sub_NIH,00001177_000.png,ok,512x512 -> 1024x1024,2,1,321.79,41.5542,4.546311,2.132208,0.9586,0.9963,0.1571,6.8759,39.289,7.659113,2.76751,0.9457,0.9929,0.3094,0.3094,0.3094,6.5245,141.8813,57.7735,141.8813,57.7735,0.1154,39.289,0.9457,7.659113,2.76751,-2.2652,-0.0034,-0.1523,0.3514
/kaggle/input/datasets/duc24kdl/sub-x-ray/sub_X-Ray/sub_NIH/00001182_010.png,,sub_NIH,00001182_010.png,ok,512x512 -> 1024x1024,2,1,319.63,35.9448,16.542581,4.067257,0.9856,0.9984,0.068,6.6735,34.4656,23.25507,4.822351,0.9805,0.9965,0.1502,0.1502,0.1502,6.7622,172.1188,63.0316,172.1188,63.0316,0.3179,34.4656,0.9805,23.25507,4.822351,-1.4791,-0.0019,-0.0822,-0.0887
/kaggle/input/datasets/duc24kdl/sub-x-ray/sub_X-Ray/sub_NIH/00001184_000.png,,sub_NIH,00001184_000.png,ok,512x512 -> 1024x1024,2,1,320.27,41.9842,4.117731,2.029219,0.9589,0.9963,0.1428,6.7382,39.4,7.465803,2.732362,0.9419,0.9924,0.2928,0.2928,0.2928,6.4102,120.4165,66.003,120.4165,66.003,0.1567,39.4,0.9419,7.465803,2.732362,-2.5842,-0.0039,-0.15,0.3281
/kaggle/input/datasets/duc24kdl/sub-x-ray/sub_X-Ray/sub_NIH/00001186_000.png,,sub_NIH,00001186_000.png,ok,512x512 -> 1024x1024,2,1,319.75,37.8349,10.705144,3.271872,0.9885,0.9985,0.0522,6.8545,35.8286,16.991135,4.12203,0.9848,0.9974,0.1362,0.1362,0.1362,6.4014,156.9036,49.9004,156.9036,49.9004,0.1148,35.8286,0.9848,16.991135,4.12203,-2.0063,-0.0011,-0.084,0.4531
/kaggle/input/datasets/duc24kdl/sub-x-ray/sub_X-Ray/sub_NIH/00001187_001.png,,sub_NIH,00001187_001.png,ok,512x512 -> 1024x1024,2,1,318.75,37.7891,10.818505,3.28915,0.9848,0.9983,0.0606,6.7028,35.7167,17.434482,4.175462,0.9787,0.9963,0.1618,0.1618,0.1618,6.3275,157.5907,69.3145,157.5907,69.3145,0.1489,35.7167,0.9787,17.434482,4.175462,-2.0724,-0.002,-0.1012,0.3754
/kaggle/input/datasets/duc24kdl/sub-x-ray/sub_X-Ray/sub_NIH/00001187_002.png,,sub_NIH,00001187_002.png,ok,512x512 -> 1024x1024,2,1,318.86,38.0107,10.280371,3.206302,0.9839,0.9982,0.063,6.9013,35.8835,16.77773,4.096063,0.9768,0.996,0.1609,0.1609,0.1609,6.3429,168.1043,63.0316,168.1043,63.0316,0.1725,35.8835,0.9768,16.77773,4.096063,-2.1272,-0.0022,-0.0979,0.5584
/kaggle/input/datasets/duc24kdl/sub-x-ray/sub_X-Ray/sub_NIH/00001188_000.png,,sub_NIH,00001188_000.png,ok,512x512 -> 1024x1024,2,1,322.11,41.0813,5.069299,2.25151,0.956,0.996,0.1653,7.0761,39.3825,7.496067,2.737895,0.9414,0.9924,0.3253,0.3253,0.3253,7.012,131.5068,65.6723,131.5068,65.6723,0.1955,39.3825,0.9414,7.496067,2.737895,-1.6989,-0.0036,-0.16,0.0642
/kaggle/input/datasets/duc24kdl/sub-x-ray/sub_X-Ray/sub_NIH/00001194_001.png,,sub_NIH,00001194_001.png,ok,512x512 -> 1024x1024,2,1,318.91,38.4942,9.197396,3.032721,0.988,0.9985,0.0569,7.1231,36.5415,14.418929,3.797226,0.9839,0.9973,0.1401,0.1401,0.1401,6.9297,150.2791,50.7427,150.2791,50.7427,0.1737,36.5415,0.9839,14.418929,3.797226,-1.9527,-0.0012,-0.0832,0.1934
/kaggle/input/datasets/duc24kdl/sub-x-ray/sub_X-Ray/sub_NIH/00001194_004.png,,sub_NIH,00001194_004.png,ok,512x512 -> 1024x1024,2,1,319.09,42.4808,3.672797,1.916454,0.9685,0.9971,0.1076,6.4465,39.1412,7.924241,2.815003,0.9513,0.9937,0.2204,0.2204,0.2204,6.2145,91.3883,66.4393,91.3883,66.4393,0.2062,39.1412,0.9513,7.924241,2.815003,-3.3396,-0.0035,-0.1127,0.232
/kaggle/input/datasets/duc24kdl/sub-x-ray/sub_X-Ray/sub_NIH/00001195_000.png,,sub_NIH,00001195_000.png,ok,512x512 -> 1024x1024,2,1,320.5,41.2301,4.898593,2.213277,0.961,0.9965,0.1432,6.4014,38.7627,8.645968,2.940403,0.9447,0.9929,0.2986,0.2986,0.2986,6.8734,125.4195,64.0248,125.4195,64.0248,0.1358,38.7627,0.9447,8.645968,2.940403,-2.4674,-0.0037,-0.1554,-0.472
/kaggle/input/datasets/duc24kdl/sub-x-ray/sub_X-Ray/sub_NIH/00001199_001.png,,sub_NIH,00001199_001.png,ok,512x512 -> 1024x1024,2,1,320.37,37.6309,11.219842,3.349603,0.9853,0.9983,0.0667,6.9876,35.4336,18.609089,4.313825,0.9799,0.9965,0.1679,0.1679,0.1679,6.842,169.7925,53.4433,169.7925,53.4433,0.1307,35.4336,0.9799,18.609089,4.313825,-2.1974,-0.0018,-0.1012,0.1456
/kaggle/input/datasets/duc24kdl/sub-x-ray/sub_X-Ray/sub_NIH/00001199_006.png,,sub_NIH,00001199_006.png,ok,512x512 -> 1024x1024,2,1,318.82,37.1459,12.545487,3.541961,0.9831,0.9982,0.0727,6.7864,35.0477,20.33812,4.509781,0.9754,0.9953,0.1958,0.1958,0.1958,6.3912,163.8905,60.7351,163.8905,60.7351,0.0922,35.0477,0.9754,20.33812,4.509781,-2.0982,-0.0029,-0.1231,0.3952
/kaggle/input/datasets/duc24kdl/sub-x-ray/sub_X-Ray/sub_NIH/00001200_006.png,,sub_NIH,00001200_006.png,ok,512x512 -> 1024x1024,2,1,317.58,39.1835,7.847563,2.80135,0.985,0.9982,0.0707,7.1225,34.8886,21.096776,4.593123,0.9781,0.9965,0.1759,0.1759,0.1759,6.5719,138.5325,46.1644,138.5325,46.1644,0.2061,34.8886,0.9781,21.096776,4.593123,-4.2948,-0.0017,-0.1053,0.5506
/kaggle/input/datasets/duc24kdl/sub-x-ray/sub_X-Ray/sub_NIH/00001200_012.png,,sub_NIH,00001200_012.png,ok,512x512 -> 1024x1024,2,1,319.94,37.4054,11.817772,3.437699,0.9838,0.9981,0.0784,8.2164,35.3921,18.787567,4.334463,0.9804,0.997,0.1957,0.1957,0.1957,7.8232,163.26,32.3519,163.26,32.3519,0.1182,35.3921,0.9804,18.787567,4.334463,-2.0133,-0.0011,-0.1173,0.3932
/kaggle/input/datasets/duc24kdl/sub-x-ray/sub_X-Ray/sub_NIH/00001200_014.png,,sub_NIH,00001200_014.png,ok,512x512 -> 1024x1024,2,1,318.55,48.0657,1.015101,1.007522,0.9872,0.9984,0.0654,8.2754,45.8792,1.679423,1.295925,0.9837,0.9974,0.1628,0.1628,0.1628,7.8271,123.1994,51.8369,123.1994,51.8369,0.1799,45.8792,0.9837,1.679423,1.295925,-2.1865,-0.001,-0.0974,0.4483
/kaggle/input/datasets/duc24kdl/sub-x-ray/sub_X-Ray/sub_NIH/00001200_020.png,,sub_NIH,00001200_020.png,ok,512x512 -> 1024x1024,2,1,319.53,38.1463,9.964271,3.156623,0.9886,0.9985,0.0566,7.9312,36.0633,16.097209,4.012133,0.9852,0.9975,0.146,0.146,0.146,7.23,157.6615,46.1761,157.6615,46.1761,0.1402,36.0633,0.9852,16.097209,4.012133,-2.0831,-0.001,-0.0893,0.7012
/kaggle/input/datasets/duc24kdl/sub-x-ray/sub_X-Ray/sub_NIH/00001202_002.png,,sub_NIH,00001202_002.png,ok,512x512 -> 1024x1024,2,1,319.64,38.4965,9.192368,3.031892,0.9836,0.9981,0.0645,6.6166,36.6244,14.146139,3.761135,0.9688,0.9953,0.1714,0.1714,0.1714,6.2833,143.9646,70.5715,143.9646,70.5715,0.3616,36.6244,0.9688,14.146139,3.761135,-1.8721,-0.0029,-0.1069,0.3333
/kaggle/input/datasets/duc24kdl/sub-x-ray/sub_X-Ray/sub_NIH/00001203_004.png,,sub_NIH,00001203_004.png,ok,512x512 -> 1024x1024,2,1,320.14,36.0403,16.18276,4.02278,0.9732,0.9974,0.1141,6.8321,33.6223,28.239157,5.314053,0.9604,0.9943,0.2419,0.2419,0.2419,6.3268,137.4648,53.1324,137.4648,53.1324,0.2599,33.6223,0.9604,28.239157,5.314053,-2.418,-0.0031,-0.1278,0.5053
/kaggle/input/datasets/duc24kdl/sub-x-ray/sub_X-Ray/sub_NIH/00001203_005.png,,sub_NIH,00001203_005.png,ok,512x512 -> 1024x1024,2,1,318.64,41.407,4.703093,2.168662,0.9586,0.9964,0.1466,6.7761,38.6591,8.854569,2.975663,0.9368,0.9924,0.3006,0.3006,0.3006,6.8504,117.4866,69.3502,117.4866,69.3502,0.2057,38.6591,0.9368,8.854569,2.975663,-2.7478,-0.004,-0.1541,-0.0743
/kaggle/input/datasets/duc24kdl/sub-x-ray/sub_X-Ray/sub_NIH/00001203_007.png,,sub_NIH,00001203_007.png,ok,512x512 -> 1024x1024,2,1,320.65,41.9071,4.191475,2.047309,0.9593,0.9964,0.148,6.5971,40.3506,5.998235,2.449129,0.9401,0.9927,0.2964,0.2964,0.2964,6.8358,108.9194,67.3117,108.9194,67.3117,0.2687,40.3506,0.9401,5.998235,2.449129,-1.5566,-0.0037,-0.1484,-0.2387
/kaggle/input/datasets/duc24kdl/sub-x-ray/sub_X-Ray/sub_NIH/00001203_017.png,,sub_NIH,00001203_017.png,ok,512x512 -> 1024x1024,2,1,319.18,41.6315,4.46617,2.113332,0.9641,0.9968,0.1323,6.5867,38.8744,8.426299,2.902809,0.9497,0.9931,0.277,0.277,0.277,6.8199,126.4758,65.468,126.4758,65.468,0.2437,38.8744,0.9497,8.426299,2.902809,-2.757,-0.0036,-0.1447,-0.2332
/kaggle/input/datasets/duc24kdl/sub-x-ray/sub_X-Ray/sub_NIH/00001205_001.png,,sub_NIH,00001205_001.png,ok,512x512 -> 1024x1024,2,1,321.52,41.6079,4.490434,2.119064,0.9602,0.9964,0.1433,6.5105,39.8083,6.795903,2.606895,0.9427,0.9925,0.2811,0.2811,0.2811,6.4466,125.7705,69.5986,125.7705,69.5986,0.2647,39.8083,0.9427,6.795903,2.606895,-1.7996,-0.0039,-0.1378,0.0639
/kaggle/input/datasets/duc24kdl/sub-x-ray/sub_X-Ray/sub_NIH/00001205_002.png,,sub_NIH,00001205_002.png,ok,512x512 -> 1024x1024,2,1,319.86,35.2452,19.4338,4.408378,0.9705,0.9971,0.1213,6.8645,33.1713,31.32953,5.597279,0.9563,0.9936,0.2488,0.2488,0.2488,6.3539,144.7225,54.8777,144.7225,54.8777,0.2464,33.1713,0.9563,31.32953,5.597279,-2.074,-0.0035,-0.1275,0.5106
/kaggle/input/datasets/duc24kdl/sub-x-ray/sub_X-Ray/sub_NIH/00001205_006.png,,sub_NIH,00001205_006.png,ok,512x512 -> 1024x1024,2,1,320.74,42.003,4.099967,2.024838,0.9669,0.997,0.1258,6.1802,39.3201,7.604415,2.75761,0.9529,0.9936,0.2569,0.2569,0.2569,6.2139,123.7553,68.3881,123.7553,68.3881,0.186,39.3201,0.9529,7.604415,2.75761,-2.6829,-0.0034,-0.1311,-0.0337
/kaggle/input/datasets/duc24kdl/sub-x-ray/sub_X-Ray/sub_NIH/00001206_001.png,,sub_NIH,00001206_001.png,ok,512x512 -> 1024x1024,2,1,318.99,38.7949,8.582029,2.92951,0.9814,0.998,0.0883,8.0242,36.4459,14.739716,3.839234,0.9756,0.9963,0.1985,0.1985,0.1985,6.7592,137.8556,48.3097,137.8556,48.3097,0.124,36.4459,0.9756,14.739716,3.839234,-2.349,-0.0017,-0.1102,1.265
/kaggle/input/datasets/duc24kdl/sub-x-ray/sub_X-Ray/sub_NIH/00001206_006.png,,sub_NIH,00001206_006.png,ok,512x512 -> 1024x1024,2,1,320.92,44.2149,2.463698,1.569617,0.9803,0.9979,0.0799,6.6532,41.3128,4.806153,2.192294,0.9702,0.995,0.216,0.216,0.216,6.2169,159.4174,57.7268,159.4174,57.7268,0.2425,41.3128,0.9702,4.806153,2.192294,-2.9021,-0.0029,-0.1361,0.4363
/kaggle/input/datasets/duc24kdl/sub-x-ray/sub_X-Ray/sub_NIH/00001210_005.png,,sub_NIH,00001210_005.png,ok,512x512 -> 1024x1024,2,1,320.68,41.933,4.166633,2.041233,0.9654,0.9969,0.1288,6.7456,39.4398,7.397814,2.719892,0.95,0.9933,0.2628,0.2628,0.2628,6.5624,116.5613,69.0789,116.5613,69.0789,0.1451,39.4398,0.95,7.397814,2.719892,-2.4932,-0.0036,-0.134,0.1833
/kaggle/input/datasets/duc24kdl/sub-x-ray/sub_X-Ray/sub_NIH/00001213_000.png,,sub_NIH,00001213_000.png,ok,512x512 -> 1024x1024,2,1,319.7,45.5567,1.80889,1.34495,0.9858,0.9983,0.0574,6.87,42.6615,3.52314,1.877003,0.9789,0.9964,0.1603,0.1603,0.1603,6.4391,152.5208,50.2875,152.5208,50.2875,0.3,42.6615,0.9789,3.52314,1.877003,-2.8952,-0.0019,-0.1029,0.4309
/kaggle/input/datasets/duc24kdl/sub-x-ray/sub_X-Ray/sub_NIH/00001213_002.png,,sub_NIH,00001213_002.png,ok,512x512 -> 1024x1024,2,1,321.35,42.3157,3.815114,1.953232,0.9687,0.9972,0.1096,6.1886,38.8186,8.535398,2.92154,0.9531,0.9937,0.2312,0.2312,0.2312,6.4784,101.65,68.0303,101.65,68.0303,0.1939,38.8186,0.9531,8.535398,2.92154,-3.4972,-0.0035,-0.1216,-0.2899
/kaggle/input/datasets/duc24kdl/sub-x-ray/sub_X-Ray/sub_NIH/00001215_000.png,,sub_NIH,00001215_000.png,ok,512x512 -> 1024x1024,2,1,322.07,42.1711,3.944297,1.986025,0.9795,0.9979,0.0814,6.6138,40.478,5.824748,2.413451,0.9688,0.995,0.2034,0.2034,0.2034,6.3003,168.8541,43.0401,168.8541,43.0401,0.2558,40.478,0.9688,5.824748,2.413451,-1.6931,-0.0028,-0.122,0.3135
/kaggle/input/datasets/duc24kdl/sub-x-ray/sub_X-Ray/sub_NIH/00001215_001.png,,sub_NIH,00001215_001.png,ok,512x512 -> 1024x1024,2,1,319.14,40.6545,5.592824,2.364915,0.9619,0.9965,0.14,6.5251,38.8895,8.397118,2.897778,0.9488,0.993,0.2889,0.2889,0.2889,6.9257,116.1243,64.1363,116.1243,64.1363,0.1707,38.8895,0.9488,8.397118,2.897778,-1.765,-0.0036,-0.1489,-0.4006
/kaggle/input/datasets/duc24kdl/sub-x-ray/sub_X-Ray/sub_NIH/00001220_001.png,,sub_NIH,00001220_001.png,ok,512x512 -> 1024x1024,2,1,320.55,38.4076,9.382489,3.063085,0.9859,0.9983,0.0548,6.4973,36.2842,15.299061,3.911401,0.9782,0.9961,0.1379,0.1379,0.1379,6.3167,160.3719,62.3313,160.3719,62.3313,0.4796,36.2842,0.9782,15.299061,3.911401,-2.1235,-0.0022,-0.0831,0.1806
/kaggle/input/datasets/duc24kdl/sub-x-ray/sub_X-Ray/sub_NIH/00001221_001.png,,sub_NIH,00001221_001.png,ok,512x512 -> 1024x1024,2,1,319.7,38.8151,8.54217,2.922699,0.9894,0.9986,0.0508,7.6228,36.8437,13.449776,3.667394,0.9866,0.9978,0.1309,0.1309,0.1309,7.0459,157.3393,43.9824,157.3393,43.9824,0.1398,36.8437,0.9866,13.449776,3.667394,-1.9715,-0.0008,-0.0801,0.5769
/kaggle/input/datasets/duc24kdl/sub-x-ray/sub_X-Ray/sub_NIH/00001222_003.png,,sub_NIH,00001222_003.png,ok,512x512 -> 1024x1024,2,1,321.84,44.8776,2.115034,1.454316,0.9747,0.9973,0.095,7.3453,42.9592,3.289744,1.813765,0.9665,0.9948,0.2178,0.2178,0.2178,7.0535,109.9339,33.6649,109.9339,33.6649,0.2145,42.9592,0.9665,3.289744,1.813765,-1.9184,-0.0025,-0.1228,0.2918
/kaggle/input/datasets/duc24kdl/sub-x-ray/sub_X-Ray/sub_NIH/00001222_005.png,,sub_NIH,00001222_005.png,ok,512x512 -> 1024x1024,2,1,319.17,44.5499,2.280841,1.510245,0.9834,0.9981,0.0697,7.1016,40.0522,6.424833,2.534725,0.9754,0.9958,0.1791,0.1791,0.1791,6.4347,173.0203,37.0589,173.0203,37.0589,0.1382,40.0522,0.9754,6.424833,2.534725,-4.4977,-0.0023,-0.1094,0.6669
/kaggle/input/datasets/duc24kdl/sub-x-ray/sub_X-Ray/sub_NIH/00001222_009.png,,sub_NIH,00001222_009.png,ok,512x512 -> 1024x1024,2,1,318.95,36.3056,15.223743,3.901762,0.9849,0.9982,0.0826,6.9288,34.2624,24.369086,4.936505,0.9785,0.9959,0.2009,0.2009,0.2009,7.0852,121.3488,42.6661,121.3488,42.6661,0.191,34.2624,0.9785,24.369086,4.936505,-2.0432,-0.0023,-0.1183,-0.1563
/kaggle/input/datasets/duc24kdl/sub-x-ray/sub_X-Ray/sub_NIH/00001223_000.png,,sub_NIH,00001223_000.png,ok,512x512 -> 1024x1024,2,1,318.18,38.5441,9.092183,3.015325,0.9823,0.9982,0.0731,6.766,36.6969,13.912006,3.72988,0.9539,0.9949,0.1511,0.1511,0.1511,6.7324,97.6558,86.1074,97.6558,86.1074,0.5089,36.6969,0.9539,13.912006,3.72988,-1.8472,-0.0033,-0.0781,0.0336
/kaggle/input/datasets/duc24kdl/sub-x-ray/sub_X-Ray/sub_NIH/00001226_000.png,,sub_NIH,00001226_000.png,ok,512x512 -> 1024x1024,2,1,320.27,38.0945,10.083852,3.175508,0.9816,0.998,0.0913,7.4385,36.092,15.991213,3.998902,0.9759,0.9963,0.1992,0.1992,0.1992,6.8889,137.2341,50.0776,137.2341,50.0776,0.1682,36.092,0.9759,15.991213,3.998902,-2.0025,-0.0016,-0.1079,0.5495
/kaggle/input/datasets/duc24kdl/sub-x-ray/sub_X-Ray/sub_NIH/00001232_002.png,,sub_NIH,00001232_002.png,ok,512x512 -> 1024x1024,2,1,319.33,38.6721,8.828133,2.971217,0.9873,0.9984,0.0572,8.963,36.3881,14.937301,3.86488,0.9792,0.9969,0.1536,0.1536,0.1536,7.3611,148.3478,58.5354,148.3478,58.5354,0.2408,36.3881,0.9792,14.937301,3.86488,-2.284,-0.0015,-0.0964,1.6019
/kaggle/input/datasets/duc24kdl/sub-x-ray/sub_X-Ray/sub_NIH/00001242_000.png,,sub_NIH,00001242_000.png,ok,512x512 -> 1024x1024,2,1,321.09,43.7924,2.715461,1.647866,0.9838,0.9982,0.0657,6.9151,42.1663,3.948699,1.987133,0.9766,0.9962,0.1701,0.1701,0.1701,6.4605,153.3195,50.8743,153.3195,50.8743,0.2216,42.1663,0.9766,3.948699,1.987133,-1.6261,-0.002,-0.1044,0.4546
/kaggle/input/datasets/duc24kdl/sub-x-ray/sub_X-Ray/sub_NIH/00001247_003.png,,sub_NIH,00001247_003.png,ok,512x512 -> 1024x1024,2,1,317.27,37.5768,11.360487,3.370532,0.9821,0.9981,0.0805,6.8125,35.5131,18.271392,4.274505,0.9753,0.9962,0.1826,0.1826,0.1826,6.8207,114.2003,59.0491,114.2003,59.0491,0.3396,35.5131,0.9753,18.271392,4.274505,-2.0637,-0.0018,-0.1021,-0.0082
/kaggle/input/datasets/duc24kdl/sub-x-ray/sub_X-Ray/sub_NIH/00001247_005.png,,sub_NIH,00001247_005.png,ok,512x512 -> 1024x1024,2,1,321.09,42.5549,3.610729,1.900192,0.9641,0.9968,0.128,6.5258,39.6471,7.052959,2.655741,0.9498,0.9931,0.2573,0.2573,0.2573,6.3953,114.4446,70.6929,114.4446,70.6929,0.1811,39.6471,0.9498,7.052959,2.655741,-2.9078,-0.0037,-0.1294,0.1306
/kaggle/input/datasets/duc24kdl/sub-x-ray/sub_X-Ray/sub_NIH/00001247_009.png,,sub_NIH,00001247_009.png,ok,512x512 -> 1024x1024,2,1,319.58,42.5489,3.615724,1.901506,0.9599,0.9964,0.1463,6.5727,40.363,5.981058,2.44562,0.9452,0.9924,0.2949,0.2949,0.2949,6.4533,125.5481,69.1055,125.5481,69.1055,0.1597,40.363,0.9452,5.981058,2.44562,-2.1858,-0.004,-0.1486,0.1194
/kaggle/input/datasets/duc24kdl/sub-x-ray/sub_X-Ray/sub_NIH/00001247_012.png,,sub_NIH,00001247_012.png,ok,512x512 -> 1024x1024,2,1,321.78,42.3042,3.825231,1.95582,0.9622,0.9966,0.1343,6.4201,39.3498,7.552619,2.748203,0.9448,0.9926,0.2703,0.2703,0.2703,6.4075,118.1116,73.0251,118.1116,73.0251,0.1646,39.3498,0.9448,7.552619,2.748203,-2.9544,-0.004,-0.136,0.0125
/kaggle/input/datasets/duc24kdl/sub-x-ray/sub_X-Ray/sub_NIH/00001248_000.png,,sub_NIH,00001248_000.png,ok,512x512 -> 1024x1024,2,1,319.55,46.0187,1.626344,1.275282,0.9786,0.9977,0.0922,7.5807,44.4811,2.31726,1.522255,0.9725,0.9957,0.2162,0.2162,0.2162,7.2067,112.0765,29.6569,112.0765,29.6569,0.1916,44.4811,0.9725,2.31726,1.522255,-1.5376,-0.002,-0.1241,0.374
/kaggle/input/datasets/duc24kdl/sub-x-ray/sub_X-Ray/sub_NIH/00001248_002.png,,sub_NIH,00001248_002.png,ok,512x512 -> 1024x1024,2,1,319.1,43.6861,2.78274,1.668155,0.9775,0.9976,0.0856,6.8963,41.3807,4.73158,2.17522,0.9642,0.995,0.2023,0.2023,0.2023,6.9232,106.1003,37.2152,106.1003,37.2152,0.2686,41.3807,0.9642,4.73158,2.17522,-2.3053,-0.0025,-0.1167,-0.0269
/kaggle/input/datasets/duc24kdl/sub-x-ray/sub_X-Ray/sub_NIH/00001248_014.png,,sub_NIH,00001248_014.png,ok,512x512 -> 1024x1024,2,1,320.01,45.9863,1.638511,1.280043,0.9802,0.9978,0.0804,7.4011,43.8234,2.696132,1.64199,0.9718,0.9958,0.1975,0.1975,0.1975,6.8799,109.3687,33.7689,109.3687,33.7689,0.2036,43.8234,0.9718,2.696132,1.64199,-2.1629,-0.002,-0.1171,0.5211
/kaggle/input/datasets/duc24kdl/sub-x-ray/sub_X-Ray/sub_NIH/00001248_015.png,,sub_NIH,00001248_015.png,ok,512x512 -> 1024x1024,2,1,319.42,44.7054,2.200618,1.483448,0.979,0.9977,0.0881,7.0285,43.0236,3.241305,1.800363,0.9677,0.9957,0.209,0.209,0.209,6.9464,105.7563,37.8186,105.7563,37.8186,0.281,43.0236,0.9677,3.241305,1.800363,-1.6818,-0.0021,-0.1209,0.0821
/kaggle/input/datasets/duc24kdl/sub-x-ray/sub_X-Ray/sub_NIH/00001248_017.png,,sub_NIH,00001248_017.png,ok,512x512 -> 1024x1024,2,1,319.5,46.1681,1.571336,1.253529,0.9798,0.9978,0.0805,7.4127,43.9279,2.632008,1.622346,0.972,0.9959,0.1998,0.1998,0.1998,6.9174,111.2957,29.8546,111.2957,29.8546,0.1935,43.9279,0.972,2.632008,1.622346,-2.2402,-0.0018,-0.1193,0.4953
/kaggle/input/datasets/duc24kdl/sub-x-ray/sub_X-Ray/sub_NIH/00001248_021.png,,sub_NIH,00001248_021.png,ok,512x512 -> 1024x1024,2,1,321.16,40.5551,5.722342,2.392142,0.9582,0.9962,0.1524,6.6138,38.3565,9.493517,3.081155,0.9399,0.9919,0.3022,0.3022,0.3022,6.2316,123.8005,66.9458,123.8005,66.9458,0.1747,38.3565,0.9399,9.493517,3.081155,-2.1985,-0.0043,-0.1498,0.3822
/kaggle/input/datasets/duc24kdl/sub-x-ray/sub_X-Ray/sub_NIH/00001248_026.png,,sub_NIH,00001248_026.png,ok,512x512 -> 1024x1024,2,1,319.24,42.0255,4.078815,2.019608,0.9641,0.9967,0.1302,6.3528,39.7524,6.884067,2.623751,0.9421,0.9923,0.265,0.265,0.265,6.5666,94.6508,68.5048,94.6508,68.5048,0.1937,39.7524,0.9421,6.884067,2.623751,-2.2731,-0.0044,-0.1348,-0.2139
/kaggle/input/datasets/duc24kdl/sub-x-ray/sub_X-Ray/sub_NIH/00001248_029.png,,sub_NIH,00001248_029.png,ok,512x512 -> 1024x1024,2,1,319.95,33.9831,25.988139,5.097856,0.988,0.9982,0.0576,7.2883,31.635,44.625491,6.680231,0.9819,0.9953,0.1405,0.1405,0.1405,6.3191,151.0731,56.2871,151.0731,56.2871,0.2749,31.635,0.9819,44.625491,6.680231,-2.3481,-0.0029,-0.0829,0.9692
/kaggle/input/datasets/duc24kdl/sub-x-ray/sub_X-Ray/sub_NIH/00001248_034.png,,sub_NIH,00001248_034.png,ok,512x512 -> 1024x1024,2,1,319.98,40.9789,5.190246,2.278211,0.9571,0.9961,0.1536,6.2354,38.4998,9.185471,3.030754,0.9374,0.9916,0.31,0.31,0.31,6.2759,119.9133,66.4925,119.9133,66.4925,0.168,38.4998,0.9374,9.185471,3.030754,-2.4791,-0.0045,-0.1564,-0.0405
/kaggle/input/datasets/duc24kdl/sub-x-ray/sub_X-Ray/sub_NIH/00001248_035.png,,sub_NIH,00001248_035.png,ok,512x512 -> 1024x1024,2,1,319.76,40.9172,5.26456,2.294463,0.9575,0.9962,0.1532,6.3607,38.0605,10.163201,3.187978,0.9364,0.9916,0.3127,0.3127,0.3127,6.4311,116.4288,69.5516,116.4288,69.5516,0.1968,38.0605,0.9364,10.163201,3.187978,-2.8567,-0.0046,-0.1595,-0.0704
/kaggle/input/datasets/duc24kdl/sub-x-ray/sub_X-Ray/sub_NIH/00001248_037.png,,sub_NIH,00001248_037.png,ok,512x512 -> 1024x1024,2,1,320.89,42.416,3.728062,1.930819,0.9652,0.9968,0.1333,6.4154,39.8366,6.751871,2.598436,0.9506,0.9935,0.2723,0.2723,0.2723,6.4138,119.5894,67.7724,119.5894,67.7724,0.1702,39.8366,0.9506,6.751871,2.598436,-2.5794,-0.0033,-0.139,0.0016
/kaggle/input/datasets/duc24kdl/sub-x-ray/sub_X-Ray/sub_NIH/00001250_004.png,,sub_NIH,00001250_004.png,ok,512x512 -> 1024x1024,2,1,320.01,42.2061,3.912679,1.978049,0.9593,0.9964,0.1399,6.2399,39.4893,7.313888,2.70442,0.9387,0.9922,0.2856,0.2856,0.2856,6.29,117.0028,69.0721,117.0028,69.0721,0.1495,39.4893,0.9387,7.313888,2.70442,-2.7167,-0.0041,-0.1457,-0.0501
/kaggle/input/datasets/duc24kdl/sub-x-ray/sub_X-Ray/sub_NIH/00001250_006.png,,sub_NIH,00001250_006.png,ok,512x512 -> 1024x1024,2,1,320.52,40.0343,6.451384,2.539957,0.9841,0.9982,0.0696,6.865,37.7976,10.797509,3.285956,0.976,0.9963,0.1737,0.1737,0.1737,6.6271,122.3467,53.9066,122.3467,53.9066,0.204,37.7976,0.976,10.797509,3.285956,-2.2367,-0.0019,-0.1041,0.2379
/kaggle/input/datasets/duc24kdl/sub-x-ray/sub_X-Ray/sub_NIH/00001250_009.png,,sub_NIH,00001250_009.png,ok,512x512 -> 1024x1024,2,1,319.96,39.9395,6.593791,2.567838,0.9798,0.9979,0.0897,6.9253,37.8501,10.667712,3.266146,0.9704,0.9958,0.2055,0.2055,0.2055,6.6841,119.8489,50.0473,119.8489,50.0473,0.202,37.8501,0.9704,10.667712,3.266146,-2.0894,-0.002,-0.1159,0.2412
/kaggle/input/datasets/duc24kdl/sub-x-ray/sub_X-Ray/sub_NIH/00001250_014.png,,sub_NIH,00001250_014.png,ok,512x512 -> 1024x1024,2,1,320.43,39.8975,6.657805,2.580272,0.9841,0.9982,0.0745,7.6173,37.4809,11.614225,3.407965,0.9718,0.9958,0.1824,0.1824,0.1824,6.8799,109.1514,53.3102,109.1514,53.3102,0.2599,37.4809,0.9718,11.614225,3.407965,-2.4166,-0.0023,-0.1079,0.7375
/kaggle/input/datasets/duc24kdl/sub-x-ray/sub_X-Ray/sub_NIH/00001250_015.png,,sub_NIH,00001250_015.png,ok,512x512 -> 1024x1024,2,1,319.7,37.1298,12.592194,3.548548,0.9885,0.9985,0.0611,6.8996,35.023,20.454055,4.522616,0.9845,0.9974,0.1475,0.1475,0.1475,6.5595,162.3312,41.5334,162.3312,41.5334,0.1053,35.023,0.9845,20.454055,4.522616,-2.1068,-0.0011,-0.0864,0.3401
/kaggle/input/datasets/duc24kdl/sub-x-ray/sub_X-Ray/sub_NIH/00001250_017.png,,sub_NIH,00001250_017.png,ok,512x512 -> 1024x1024,2,1,318.33,39.9495,6.578517,2.564862,0.9855,0.9983,0.0708,6.8752,37.932,10.468373,3.235487,0.9781,0.9962,0.1724,0.1724,0.1724,6.9163,107.593,50.5433,107.593,50.5433,0.2026,37.932,0.9781,10.468373,3.235487,-2.0175,-0.002,-0.1016,-0.0411
/kaggle/input/datasets/duc24kdl/sub-x-ray/sub_X-Ray/sub_NIH/00001255_012.png,,sub_NIH,00001255_012.png,ok,512x512 -> 1024x1024,2,1,315.62,37.3114,12.076355,3.475105,0.9822,0.998,0.0743,6.0406,34.8256,21.405445,4.626602,0.9693,0.9947,0.152,0.152,0.152,6.142,96.3412,74.4119,96.3412,74.4119,0.362,34.8256,0.9693,21.405445,4.626602,-2.4859,-0.0033,-0.0777,-0.1014
/kaggle/input/datasets/duc24kdl/sub-x-ray/sub_X-Ray/sub_NIH/00001255_013.png,,sub_NIH,00001255_013.png,ok,512x512 -> 1024x1024,2,1,319.13,39.3801,7.500122,2.738635,0.9838,0.9982,0.0723,6.3972,35.8313,16.98063,4.120756,0.9723,0.9955,0.1621,0.1621,0.1621,5.9681,106.0633,69.795,106.0633,69.795,0.2624,35.8313,0.9723,16.98063,4.120756,-3.5489,-0.0027,-0.0898,0.4292
/kaggle/input/datasets/duc24kdl/sub-x-ray/sub_X-Ray/sub_NIH/00001255_017.png,,sub_NIH,00001255_017.png,ok,512x512 -> 1024x1024,2,1,316.35,38.4165,9.363274,3.059947,0.9821,0.9981,0.0826,5.313,35.1018,20.086427,4.481788,0.9552,0.9947,0.1763,0.1763,0.1763,5.9347,99.3668,69.4276,99.3668,69.4276,0.4548,35.1018,0.9552,20.086427,4.481788,-3.3147,-0.0034,-0.0937,-0.6217
/kaggle/input/datasets/duc24kdl/sub-x-ray/sub_X-Ray/sub_NIH/00001255_033.png,,sub_NIH,00001255_033.png,ok,512x512 -> 1024x1024,2,1,317.56,37.9384,10.452987,3.233108,0.982,0.998,0.0812,5.9927,35.2699,19.323783,4.395883,0.9675,0.9943,0.1738,0.1738,0.1738,5.6757,100.5321,72.3171,100.5321,72.3171,0.3249,35.2699,0.9675,19.323783,4.395883,-2.6685,-0.0037,-0.0926,0.317
/kaggle/input/datasets/duc24kdl/sub-x-ray/sub_X-Ray/sub_NIH/00001255_034.png,,sub_NIH,00001255_034.png,ok,512x512 -> 1024x1024,2,1,321.24,39.7918,6.821753,2.611849,0.9824,0.9981,0.0793,6.0964,36.5571,14.367088,3.790394,0.9708,0.9953,0.178,0.178,0.178,5.9161,113.7534,64.1809,113.7534,64.1809,0.2172,36.5571,0.9708,14.367088,3.790394,-3.2347,-0.0028,-0.0987,0.1803
/kaggle/input/datasets/duc24kdl/sub-x-ray/sub_X-Ray/sub_NIH/00001255_035.png,,sub_NIH,00001255_035.png,ok,512x512 -> 1024x1024,2,1,318.83,38.6296,8.914998,2.985799,0.9825,0.9981,0.0852,6.3999,36.7871,13.626141,3.69136,0.97,0.9952,0.1717,0.1717,0.1717,6.2392,109.1585,67.3886,109.1585,67.3886,0.3517,36.7871,0.97,13.626141,3.69136,-1.8425,-0.0029,-0.0866,0.1607
/kaggle/input/datasets/duc24kdl/sub-x-ray/sub_X-Ray/sub_NIH/00001256_004.png,,sub_NIH,00001256_004.png,ok,512x512 -> 1024x1024,2,1,319.7,37.52,11.510217,3.392671,0.9845,0.9981,0.0819,7.7396,35.5171,18.254367,4.272513,0.9793,0.9963,0.1993,0.1993,0.1993,7.6373,116.5432,45.5677,116.5432,45.5677,0.2898,35.5171,0.9793,18.254367,4.272513,-2.0028,-0.0018,-0.1174,0.1023
/kaggle/input/datasets/duc24kdl/sub-x-ray/sub_X-Ray/sub_NIH/00001256_005.png,,sub_NIH,00001256_005.png,ok,512x512 -> 1024x1024,2,1,319.87,41.17,4.966791,2.22863,0.9541,0.9959,0.1682,6.8068,38.7958,8.580279,2.929211,0.9376,0.9916,0.3284,0.3284,0.3284,6.9152,117.5175,63.272,117.5175,63.272,0.2196,38.7958,0.9376,8.580279,2.929211,-2.3743,-0.0043,-0.1602,-0.1083
/kaggle/input/datasets/duc24kdl/sub-x-ray/sub_X-Ray/sub_NIH/00001256_008.png,,sub_NIH,00001256_008.png,ok,512x512 -> 1024x1024,2,1,320.34,42.0378,4.067263,2.016746,0.9614,0.9965,0.1486,6.5775,40.0102,6.487177,2.546994,0.9446,0.993,0.2991,0.2991,0.2991,6.5977,118.7485,66.2938,118.7485,66.2938,0.1919,40.0102,0.9446,6.487177,2.546994,-2.0275,-0.0035,-0.1505,-0.0202
/kaggle/input/datasets/duc24kdl/sub-x-ray/sub_X-Ray/sub_NIH/00001256_010.png,,sub_NIH,00001256_010.png,ok,512x512 -> 1024x1024,2,1,320.77,42.5157,3.643423,1.908775,0.9614,0.9966,0.1479,6.4762,40.2453,6.145463,2.479004,0.943,0.9929,0.2971,0.2971,0.2971,6.689,116.763,67.4862,116.763,67.4862,0.1242,40.2453,0.943,6.145463,2.479004,-2.2704,-0.0036,-0.1491,-0.2128
/kaggle/input/datasets/duc24kdl/sub-x-ray/sub_X-Ray/sub_NIH/00001259_000.png,,sub_NIH,00001259_000.png,ok,512x512 -> 1024x1024,2,1,320.53,46.5233,1.447936,1.203302,0.9869,0.9984,0.0585,7.2052,42.7284,3.469249,1.862592,0.9804,0.9967,0.154,0.154,0.154,6.5557,161.3562,52.1673,161.3562,52.1673,0.2157,42.7284,0.9804,3.469249,1.862592,-3.7949,-0.0017,-0.0955,0.6496
/kaggle/input/datasets/duc24kdl/sub-x-ray/sub_X-Ray/sub_NIH/00001263_000.png,,sub_NIH,00001263_000.png,ok,512x512 -> 1024x1024,2,1,320.72,44.7501,2.178083,1.475833,0.9849,0.9983,0.0593,6.5599,41.3331,4.78374,2.187176,0.9764,0.996,0.1563,0.1563,0.1563,6.2625,155.4036,52.9088,155.4036,52.9088,0.2276,41.3331,0.9764,4.78374,2.187176,-3.4169,-0.0023,-0.0971,0.2974
/kaggle/input/datasets/duc24kdl/sub-x-ray/sub_X-Ray/sub_NIH/00001266_000.png,,sub_NIH,00001266_000.png,ok,512x512 -> 1024x1024,2,1,319.02,41.7581,4.337809,2.082741,0.9623,0.9967,0.1301,6.5256,39.6161,7.103473,2.665234,0.9403,0.993,0.2674,0.2674,0.2674,6.6664,116.7459,72.0564,116.7459,72.0564,0.1898,39.6161,0.9403,7.103473,2.665234,-2.142,-0.0036,-0.1373,-0.1408
/kaggle/input/datasets/duc24kdl/sub-x-ray/sub_X-Ray/sub_NIH/00001267_000.png,,sub_NIH,00001267_000.png,ok,512x512 -> 1024x1024,2,1,320.0,45.6028,1.789791,1.337831,0.9856,0.9984,0.0519,7.3742,39.9865,6.522804,2.553978,0.9771,0.9955,0.1444,0.1444,0.1444,6.6801,166.0663,67.4768,166.0663,67.4768,0.2987,39.9865,0.9771,6.522804,2.553978,-5.6163,-0.0028,-0.0925,0.6941
/kaggle/input/datasets/duc24kdl/sub-x-ray/sub_X-Ray/sub_NIH/00001268_000.png,,sub_NIH,00001268_000.png,ok,512x512 -> 1024x1024,2,1,320.53,36.8205,13.52179,3.677199,0.9819,0.998,0.0737,6.6182,34.5261,22.933603,4.788904,0.9739,0.9952,0.1852,0.1852,0.1852,6.2104,179.1106,47.7318,179.1106,47.7318,0.137,34.5261,0.9739,22.933603,4.788904,-2.2944,-0.0028,-0.1115,0.4078
/kaggle/input/datasets/duc24kdl/sub-x-ray/sub_X-Ray/sub_NIH/00001268_006.png,,sub_NIH,00001268_006.png,ok,512x512 -> 1024x1024,2,1,320.13,37.5708,11.37632,3.37288,0.987,0.9984,0.0606,7.4646,35.5851,17.970912,4.239211,0.9838,0.9974,0.1566,0.1566,0.1566,7.0098,155.8573,46.7116,155.8573,46.7116,0.1074,35.5851,0.9838,17.970912,4.239211,-1.9857,-0.001,-0.096,0.4548
/kaggle/input/datasets/duc24kdl/sub-x-ray/sub_X-Ray/sub_NIH/00001269_000.png,,sub_NIH,00001269_000.png,ok,512x512 -> 1024x1024,2,1,322.76,47.1468,1.25431,1.11996,0.9856,0.9983,0.0622,6.8726,44.3318,2.398286,1.54864,0.9791,0.9965,0.1718,0.1718,0.1718,6.4956,155.8505,47.9762,155.8505,47.9762,0.231,44.3318,0.9791,2.398286,1.54864,-2.815,-0.0018,-0.1096,0.377
/kaggle/input/datasets/duc24kdl/sub-x-ray/sub_X-Ray/sub_NIH/00001270_004.png,,sub_NIH,00001270_004.png,ok,512x512 -> 1024x1024,2,1,320.97,41.2066,4.925185,2.219276,0.9505,0.9956,0.1481,6.4699,38.3997,9.399672,3.065888,0.9241,0.9902,0.2966,0.2966,0.2966,6.8401,109.8459,72.2274,109.8459,72.2274,0.1526,38.3997,0.9241,9.399672,3.065888,-2.8069,-0.0054,-0.1485,-0.3702
/kaggle/input/datasets/duc24kdl/sub-x-ray/sub_X-Ray/sub_NIH/00001273_000.png,,sub_NIH,00001273_000.png,ok,512x512 -> 1024x1024,2,1,320.29,41.1232,5.020704,2.240693,0.9598,0.9964,0.1423,6.2093,39.4083,7.451689,2.729778,0.9413,0.9924,0.285,0.285,0.285,6.694,111.7937,69.1868,111.7937,69.1868,0.179,39.4083,0.9413,7.451689,2.729778,-1.7149,-0.004,-0.1427,-0.4847
/kaggle/input/datasets/duc24kdl/sub-x-ray/sub_X-Ray/sub_NIH/00001274_000.png,,sub_NIH,00001274_000.png,ok,512x512 -> 1024x1024,2,1,322.41,43.6591,2.800072,1.673342,0.9826,0.998,0.0645,6.8446,41.091,5.05799,2.248998,0.974,0.9953,0.173,0.173,0.173,6.1331,173.8358,48.1452,173.8358,48.1452,0.121,41.091,0.974,5.05799,2.248998,-2.5681,-0.0027,-0.1085,0.7114
/kaggle/input/datasets/duc24kdl/sub-x-ray/sub_X-Ray/sub_NIH/00001274_001.png,,sub_NIH,00001274_001.png,ok,512x512 -> 1024x1024,2,1,319.9,43.9123,2.641528,1.625278,0.9771,0.9976,0.0942,6.5903,40.9351,5.242928,2.289744,0.9664,0.9946,0.2363,0.2363,0.2363,6.224,155.5984,54.1184,155.5984,54.1184,0.2529,40.9351,0.9664,5.242928,2.289744,-2.9772,-0.003,-0.142,0.3663
/kaggle/input/datasets/duc24kdl/sub-x-ray/sub_X-Ray/sub_NIH/00001277_000.png,,sub_NIH,00001277_000.png,ok,512x512 -> 1024x1024,2,1,314.51,39.0526,8.087676,2.843884,0.9878,0.9987,0.0582,6.5803,37.0352,12.869371,3.587391,0.9555,0.9956,0.1397,0.1397,0.1397,6.6348,71.7833,69.2184,71.7833,69.2184,0.3896,37.0352,0.9555,12.869371,3.587391,-2.0173,-0.0031,-0.0815,-0.0545
/kaggle/input/datasets/duc24kdl/sub-x-ray/sub_X-Ray/sub_NIH/00001278_006.png,,sub_NIH,00001278_006.png,ok,512x512 -> 1024x1024,2,1,320.58,36.8001,13.585183,3.685808,0.9855,0.9983,0.0683,6.9458,34.6385,22.347662,4.727331,0.9724,0.9959,0.1623,0.1623,0.1623,6.5841,142.9695,66.3198,142.9695,66.3198,0.3535,34.6385,0.9724,22.347662,4.727331,-2.1617,-0.0024,-0.094,0.3617
/kaggle/input/datasets/duc24kdl/sub-x-ray/sub_X-Ray/sub_NIH/00001278_009.png,,sub_NIH,00001278_009.png,ok,512x512 -> 1024x1024,2,1,321.74,39.2728,7.687804,2.772689,0.9872,0.9984,0.0654,7.1207,37.1899,12.419036,3.524065,0.9806,0.9969,0.1696,0.1696,0.1696,7.0813,117.0733,55.3393,117.0733,55.3393,0.2778,37.1899,0.9806,12.419036,3.524065,-2.0829,-0.0015,-0.1042,0.0394
/kaggle/input/datasets/duc24kdl/sub-x-ray/sub_X-Ray/sub_NIH/00001278_011.png,,sub_NIH,00001278_011.png,ok,512x512 -> 1024x1024,2,1,321.28,36.6402,14.094691,3.75429,0.9842,0.9981,0.0751,7.4113,34.8593,21.239821,4.608668,0.9768,0.9964,0.1808,0.1808,0.1808,7.3562,113.7769,51.2864,113.7769,51.2864,0.4457,34.8593,0.9768,21.239821,4.608668,-1.781,-0.0017,-0.1057,0.0551
/kaggle/input/datasets/duc24kdl/sub-x-ray/sub_X-Ray/sub_NIH/00001279_001.png,,sub_NIH,00001279_001.png,ok,512x512 -> 1024x1024,2,1,315.35,40.2395,6.153607,2.480646,0.9873,0.9985,0.053,6.6662,38.3281,9.555932,3.091267,0.9782,0.9963,0.1151,0.1151,0.1151,6.2969,107.153,83.1869,107.153,83.1869,0.593,38.3281,0.9782,9.555932,3.091267,-1.9114,-0.0022,-0.0621,0.3693
/kaggle/input/datasets/duc24kdl/sub-x-ray/sub_X-Ray/sub_NIH/00001286_000.png,,sub_NIH,00001286_000.png,ok,512x512 -> 1024x1024,2,1,317.4,36.8889,13.310497,3.648355,0.9835,0.9981,0.0774,6.7504,34.6271,22.406204,4.733519,0.9628,0.9953,0.1797,0.1797,0.1797,6.9536,94.7494,64.2797,94.7494,64.2797,0.4346,34.6271,0.9628,22.406204,4.733519,-2.2617,-0.0028,-0.1023,-0.2032
/kaggle/input/datasets/duc24kdl/sub-x-ray/sub_X-Ray/sub_NIH/00001286_004.png,,sub_NIH,00001286_004.png,ok,512x512 -> 1024x1024,2,1,320.54,36.7373,13.783304,3.712587,0.9837,0.9982,0.0827,6.7793,34.5454,22.83206,4.77829,0.9705,0.9957,0.1843,0.1843,0.1843,6.7147,104.1568,57.0904,104.1568,57.0904,0.3406,34.5454,0.9705,22.83206,4.77829,-2.1919,-0.0025,-0.1016,0.0646
/kaggle/input/datasets/duc24kdl/sub-x-ray/sub_X-Ray/sub_NIH/00001286_005.png,,sub_NIH,00001286_005.png,ok,512x512 -> 1024x1024,2,1,320.0,39.3051,7.630774,2.762386,0.9857,0.9984,0.0745,7.576,37.2063,12.372283,3.517426,0.9736,0.9965,0.1767,0.1767,0.1767,7.2246,104.0361,59.6573,104.0361,59.6573,0.2351,37.2063,0.9736,12.372283,3.517426,-2.0988,-0.0019,-0.1022,0.3514
/kaggle/input/datasets/duc24kdl/sub-x-ray/sub_X-Ray/sub_NIH/00001286_007.png,,sub_NIH,00001286_007.png,ok,512x512 -> 1024x1024,2,1,320.78,36.7946,13.602561,3.688165,0.9842,0.9981,0.0765,6.8684,34.5834,22.632718,4.757386,0.9699,0.9952,0.18,0.18,0.18,6.8425,101.4748,59.6127,101.4748,59.6127,0.3349,34.5834,0.9699,22.632718,4.757386,-2.2112,-0.0029,-0.1035,0.0259
/kaggle/input/datasets/duc24kdl/sub-x-ray/sub_X-Ray/sub_NIH/00001289_000.png,,sub_NIH,00001289_000.png,ok,512x512 -> 1024x1024,2,1,320.9,36.1621,15.734966,3.966732,0.9844,0.9982,0.0706,6.8068,33.8745,26.646051,5.161981,0.9784,0.9961,0.1803,0.1803,0.1803,6.6442,168.5549,57.2428,168.5549,57.2428,0.1416,33.8745,0.9784,26.646051,5.161981,-2.2877,-0.0022,-0.1097,0.1625
/kaggle/input/datasets/duc24kdl/sub-x-ray/sub_X-Ray/sub_NIH/00001295_000.png,,sub_NIH,00001295_000.png,ok,512x512 -> 1024x1024,2,1,322.16,42.5421,3.621345,1.902983,0.9649,0.9969,0.1313,6.8816,39.254,7.721065,2.77868,0.9492,0.9934,0.2724,0.2724,0.2724,7.0558,108.4187,63.5536,108.4187,63.5536,0.1692,39.254,0.9492,7.721065,2.77868,-3.2881,-0.0035,-0.1411,-0.1742
/kaggle/input/datasets/duc24kdl/sub-x-ray/sub_X-Ray/sub_NIH/00001298_006.png,,sub_NIH,00001298_006.png,ok,512x512 -> 1024x1024,2,1,320.64,37.3485,11.973861,3.460327,0.9849,0.9982,0.0735,6.4391,35.3124,19.135304,4.374392,0.9779,0.9963,0.1814,0.1814,0.1814,6.4741,116.5023,48.0132,116.5023,48.0132,0.2138,35.3124,0.9779,19.135304,4.374392,-2.036,-0.002,-0.1079,-0.035
/kaggle/input/datasets/duc24kdl/sub-x-ray/sub_X-Ray/sub_NIH/00001299_000.png,,sub_NIH,00001299_000.png,ok,512x512 -> 1024x1024,2,1,320.45,36.625,14.144133,3.760869,0.9856,0.9983,0.0677,7.0012,34.9647,20.730715,4.553099,0.9772,0.9957,0.159,0.159,0.159,6.5501,169.1408,63.0229,169.1408,63.0229,0.4064,34.9647,0.9772,20.730715,4.553099,-1.6604,-0.0026,-0.0913,0.4511
/kaggle/input/datasets/duc24kdl/sub-x-ray/sub_X-Ray/sub_NIH/00001301_012.png,,sub_NIH,00001301_012.png,ok,512x512 -> 1024x1024,2,1,320.18,38.2368,9.758947,3.123931,0.984,0.9981,0.081,7.7077,36.3514,15.064105,3.88125,0.9789,0.9965,0.1923,0.1923,0.1923,7.1731,117.4214,50.4835,117.4214,50.4835,0.2629,36.3514,0.9789,15.064105,3.88125,-1.8854,-0.0016,-0.1113,0.5346
/kaggle/input/datasets/duc24kdl/sub-x-ray/sub_X-Ray/sub_NIH/00001301_013.png,,sub_NIH,00001301_013.png,ok,512x512 -> 1024x1024,2,1,319.27,38.2325,9.768555,3.125469,0.9854,0.9982,0.0766,8.3183,36.3528,15.05924,3.880624,0.9815,0.9969,0.1879,0.1879,0.1879,7.5509,119.4173,45.2081,119.4173,45.2081,0.2543,36.3528,0.9815,15.05924,3.880624,-1.8797,-0.0013,-0.1114,0.7674
/kaggle/input/datasets/duc24kdl/sub-x-ray/sub_X-Ray/sub_NIH/00001301_015.png,,sub_NIH,00001301_015.png,ok,512x512 -> 1024x1024,2,1,318.89,40.0833,6.378908,2.52565,0.9863,0.9983,0.0701,9.3306,38.2714,9.681445,3.111502,0.9835,0.9974,0.176,0.176,0.176,8.1792,120.805,52.0433,120.805,52.0433,0.1347,38.2714,0.9835,9.681445,3.111502,-1.8119,-0.0009,-0.1059,1.1514
/kaggle/input/datasets/duc24kdl/sub-x-ray/sub_X-Ray/sub_NIH/00001301_023.png,,sub_NIH,00001301_023.png,ok,512x512 -> 1024x1024,2,1,319.77,35.2805,19.276458,4.390496,0.9845,0.9979,0.0715,7.5067,33.2025,31.104662,5.577155,0.9762,0.9947,0.1734,0.1734,0.1734,6.8819,112.9749,58.1436,112.9749,58.1436,0.2957,33.2025,0.9762,31.104662,5.577155,-2.078,-0.0032,-0.1019,0.6248
/kaggle/input/datasets/duc24kdl/sub-x-ray/sub_X-Ray/sub_NIH/00001301_030.png,,sub_NIH,00001301_030.png,ok,512x512 -> 1024x1024,2,1,320.5,37.9703,10.376443,3.221249,0.9856,0.9983,0.0682,7.2741,35.9815,16.403431,4.050115,0.9785,0.9966,0.1587,0.1587,0.1587,7.0017,109.8205,58.144,109.8205,58.144,0.3544,35.9815,0.9785,16.403431,4.050115,-1.9889,-0.0017,-0.0906,0.2724
/kaggle/input/datasets/duc24kdl/sub-x-ray/sub_X-Ray/sub_NIH/00001301_035.png,,sub_NIH,00001301_035.png,ok,512x512 -> 1024x1024,2,1,319.88,36.1927,15.62463,3.9528,0.985,0.9981,0.0712,7.3815,34.3007,24.155174,4.914791,0.9785,0.9959,0.165,0.165,0.165,6.8232,114.896,52.8102,114.896,52.8102,0.358,34.3007,0.9785,24.155174,4.914791,-1.892,-0.0022,-0.0938,0.5583
/kaggle/input/datasets/duc24kdl/sub-x-ray/sub_X-Ray/sub_NIH/00001301_041.png,,sub_NIH,00001301_041.png,ok,512x512 -> 1024x1024,2,1,320.11,37.0875,12.715485,3.565878,0.9856,0.9983,0.0655,7.0428,35.0831,20.172898,4.491425,0.9783,0.9964,0.1582,0.1582,0.1582,6.854,111.2617,55.6042,111.2617,55.6042,0.3944,35.0831,0.9783,20.172898,4.491425,-2.0044,-0.0019,-0.0928,0.1888
/kaggle/input/datasets/duc24kdl/sub-x-ray/sub_X-Ray/sub_NIH/00001301_042.png,,sub_NIH,00001301_042.png,ok,512x512 -> 1024x1024,2,1,319.8,38.1,10.071145,3.173507,0.9883,0.9985,0.0515,8.0205,33.9605,26.123376,5.111103,0.9811,0.997,0.1228,0.1228,0.1228,6.9278,148.1315,62.2588,148.1315,62.2588,0.3528,33.9605,0.9811,26.123376,5.111103,-4.1395,-0.0015,-0.0713,1.0927
/kaggle/input/datasets/duc24kdl/sub-x-ray/sub_X-Ray/sub_NIH/00001301_043.png,,sub_NIH,00001301_043.png,ok,512x512 -> 1024x1024,2,1,319.71,35.9131,16.663813,4.082133,0.9869,0.9983,0.0496,7.2204,32.7462,34.551195,5.878026,0.9792,0.9955,0.1339,0.1339,0.1339,6.5568,152.1133,56.1919,152.1133,56.1919,0.1911,32.7462,0.9792,34.551195,5.878026,-3.1669,-0.0028,-0.0843,0.6636
/kaggle/input/datasets/duc24kdl/sub-x-ray/sub_X-Ray/sub_NIH/00001301_046.png,,sub_NIH,00001301_046.png,ok,512x512 -> 1024x1024,2,1,320.38,37.298,12.113799,3.480488,0.9842,0.9982,0.0762,7.6595,35.1559,19.83756,4.453938,0.9776,0.9966,0.1737,0.1737,0.1737,7.1789,112.3279,58.6392,112.3279,58.6392,0.2824,35.1559,0.9776,19.83756,4.453938,-2.1421,-0.0017,-0.0975,0.4806
/kaggle/input/datasets/duc24kdl/sub-x-ray/sub_X-Ray/sub_NIH/00001303_003.png,,sub_NIH,00001303_003.png,ok,512x512 -> 1024x1024,2,1,316.77,36.6781,13.972317,3.737956,0.9775,0.9977,0.0814,5.1976,33.9525,26.171846,5.115843,0.9398,0.9931,0.1672,0.1672,0.1672,5.4637,93.9788,75.7707,93.9788,75.7707,0.4412,33.9525,0.9398,26.171846,5.115843,-2.7257,-0.0046,-0.0858,-0.2661
/kaggle/input/datasets/duc24kdl/sub-x-ray/sub_X-Ray/sub_NIH/00001305_001.png,,sub_NIH,00001305_001.png,ok,512x512 -> 1024x1024,2,1,321.27,45.4554,1.851562,1.360721,0.9879,0.9984,0.042,7.588,43.0227,3.241999,1.800555,0.9836,0.9972,0.1157,0.1157,0.1157,6.8508,171.8534,45.3612,171.8534,45.3612,0.4445,43.0227,0.9836,3.241999,1.800555,-2.4327,-0.0012,-0.0737,0.7373
/kaggle/input/datasets/duc24kdl/sub-x-ray/sub_X-Ray/sub_NIH/00001310_000.png,,sub_NIH,00001310_000.png,ok,512x512 -> 1024x1024,2,1,321.62,38.0222,10.253184,3.202059,0.9839,0.9982,0.0654,6.5726,35.7282,17.388313,4.16993,0.9758,0.9956,0.1722,0.1722,0.1722,6.2858,162.9426,57.9358,162.9426,57.9358,0.1315,35.7282,0.9758,17.388313,4.16993,-2.294,-0.0026,-0.1068,0.2868
/kaggle/input/datasets/duc24kdl/sub-x-ray/sub_X-Ray/sub_NIH/00001311_000.png,,sub_NIH,00001311_000.png,ok,512x512 -> 1024x1024,2,1,320.56,42.7437,3.457096,1.859327,0.9731,0.9976,0.0978,6.4453,39.3298,7.5875,2.754542,0.9585,0.9944,0.2022,0.2022,0.2022,6.5217,73.7758,61.4686,73.7758,61.4686,0.2309,39.3298,0.9585,7.5875,2.754542,-3.4139,-0.0032,-0.1044,-0.0764
/kaggle/input/datasets/duc24kdl/sub-x-ray/sub_X-Ray/sub_NIH/00001314_000.png,,sub_NIH,00001314_000.png,ok,512x512 -> 1024x1024,2,1,319.99,44.0075,2.584247,1.607559,0.9874,0.9985,0.0505,6.5845,41.4022,4.708222,2.169844,0.9801,0.9965,0.1366,0.1366,0.1366,6.3995,160.7005,61.0013,160.7005,61.0013,0.4431,41.4022,0.9801,4.708222,2.169844,-2.6052,-0.002,-0.0861,0.185
/kaggle/input/datasets/duc24kdl/sub-x-ray/sub_X-Ray/sub_NIH/00001315_003.png,,sub_NIH,00001315_003.png,ok,512x512 -> 1024x1024,2,1,320.68,35.0008,20.558933,4.534196,0.9848,0.9981,0.0766,6.8549,32.6831,35.056713,5.920871,0.9779,0.9958,0.1938,0.1938,0.1938,6.7497,125.0689,45.294,125.0689,45.294,0.2585,32.6831,0.9779,35.056713,5.920871,-2.3177,-0.0023,-0.1172,0.1052
/kaggle/input/datasets/duc24kdl/sub-x-ray/sub_X-Ray/sub_NIH/00001317_001.png,,sub_NIH,00001317_001.png,ok,512x512 -> 1024x1024,2,1,320.41,42.1493,3.96417,1.991022,0.9606,0.9964,0.1497,6.6648,39.9739,6.541764,2.557687,0.9466,0.9927,0.3017,0.3017,0.3017,6.6407,130.9875,63.1834,130.9875,63.1834,0.1246,39.9739,0.9466,6.541764,2.557687,-2.1754,-0.0037,-0.152,0.0241
/kaggle/input/datasets/duc24kdl/sub-x-ray/sub_X-Ray/sub_NIH/00001317_005.png,,sub_NIH,00001317_005.png,ok,512x512 -> 1024x1024,2,1,320.84,39.5137,7.273024,2.696854,0.985,0.9983,0.0827,7.3225,37.661,11.142323,3.338012,0.9781,0.9968,0.1989,0.1989,0.1989,7.0176,113.9028,47.2196,113.9028,47.2196,0.1663,37.661,0.9781,11.142323,3.338012,-1.8526,-0.0015,-0.1162,0.3049
/kaggle/input/datasets/duc24kdl/sub-x-ray/sub_X-Ray/sub_NIH/00001317_006.png,,sub_NIH,00001317_006.png,ok,512x512 -> 1024x1024,2,1,320.86,38.5771,9.023379,3.003894,0.9867,0.9984,0.0712,7.5779,36.6447,14.08019,3.752358,0.9813,0.9971,0.1733,0.1733,0.1733,7.5352,118.8352,48.6171,118.8352,48.6171,0.1273,36.6447,0.9813,14.08019,3.752358,-1.9324,-0.0013,-0.102,0.0427
/kaggle/input/datasets/duc24kdl/sub-x-ray/sub_X-Ray/sub_NIH/00001319_000.png,,sub_NIH,00001319_000.png,ok,512x512 -> 1024x1024,2,1,319.94,45.5737,1.801828,1.342322,0.9834,0.9982,0.0827,6.7305,42.6283,3.550194,1.884196,0.9752,0.996,0.1983,0.1983,0.1983,6.4198,152.9496,53.9098,152.9496,53.9098,0.3021,42.6283,0.9752,3.550194,1.884196,-2.9454,-0.0021,-0.1156,0.3108
/kaggle/input/datasets/duc24kdl/sub-x-ray/sub_X-Ray/sub_NIH/00001319_002.png,,sub_NIH,00001319_002.png,ok,512x512 -> 1024x1024,2,1,320.88,41.805,4.291183,2.071517,0.9615,0.9966,0.1439,6.8847,39.7285,6.921933,2.630957,0.9451,0.9929,0.289,0.289,0.289,6.8659,114.2135,64.4854,114.2135,64.4854,0.1571,39.7285,0.9451,6.921933,2.630957,-2.0765,-0.0036,-0.1451,0.0187
/kaggle/input/datasets/duc24kdl/sub-x-ray/sub_X-Ray/sub_NIH/00001322_002.png,,sub_NIH,00001322_002.png,ok,512x512 -> 1024x1024,2,1,322.74,41.3665,4.747167,2.178799,0.9632,0.9966,0.1334,6.6875,39.5074,7.283555,2.698806,0.95,0.9931,0.2632,0.2632,0.2632,6.5101,95.0608,63.6253,95.0608,63.6253,0.3138,39.5074,0.95,7.283555,2.698806,-1.8591,-0.0035,-0.1298,0.1775
/kaggle/input/datasets/duc24kdl/sub-x-ray/sub_X-Ray/sub_NIH/00001324_000.png,,sub_NIH,00001324_000.png,ok,512x512 -> 1024x1024,2,1,320.93,44.7139,2.196283,1.481986,0.9808,0.998,0.0861,6.9439,41.9424,4.157576,2.039014,0.9711,0.9953,0.2129,0.2129,0.2129,6.5414,172.9093,42.8852,172.9093,42.8852,0.1971,41.9424,0.9711,4.157576,2.039014,-2.7715,-0.0026,-0.1268,0.4025
/kaggle/input/datasets/duc24kdl/sub-x-ray/sub_X-Ray/sub_NIH/00001326_002.png,,sub_NIH,00001326_002.png,ok,512x512 -> 1024x1024,2,1,320.83,38.2595,9.708103,3.115783,0.9869,0.9984,0.0655,7.4807,36.2836,15.301135,3.911667,0.9816,0.9971,0.1612,0.1612,0.1612,6.8351,145.4792,58.9204,145.4792,58.9204,0.1946,36.2836,0.9816,15.301135,3.911667,-1.9759,-0.0014,-0.0957,0.6456
/kaggle/input/datasets/duc24kdl/sub-x-ray/sub_X-Ray/sub_NIH/00001326_005.png,,sub_NIH,00001326_005.png,ok,512x512 -> 1024x1024,2,1,322.07,40.8172,5.38711,2.321015,0.9592,0.9963,0.1456,6.7067,37.9185,10.501069,3.240535,0.944,0.9922,0.2931,0.2931,0.2931,6.5213,131.1794,57.8652,131.1794,57.8652,0.2488,37.9185,0.944,10.501069,3.240535,-2.8988,-0.0041,-0.1475,0.1854
/kaggle/input/datasets/duc24kdl/sub-x-ray/sub_X-Ray/sub_NIH/00001327_003.png,,sub_NIH,00001327_003.png,ok,512x512 -> 1024x1024,2,1,319.23,40.778,5.435982,2.331519,0.9534,0.9959,0.1411,6.3133,37.8962,10.55508,3.248858,0.9294,0.9909,0.2841,0.2841,0.2841,6.4215,115.3611,66.5452,115.3611,66.5452,0.2047,37.8962,0.9294,10.55508,3.248858,-2.8818,-0.005,-0.1429,-0.1082
/kaggle/input/datasets/duc24kdl/sub-x-ray/sub_X-Ray/sub_NIH/00001330_001.png,,sub_NIH,00001330_001.png,ok,512x512 -> 1024x1024,2,1,321.8,35.7837,17.16756,4.143375,0.9762,0.9976,0.0881,6.0994,32.3402,37.936964,6.159299,0.9543,0.9936,0.2005,0.2005,0.2005,6.2474,113.6349,66.5881,113.6349,66.5881,0.382,32.3402,0.9543,37.936964,6.159299,-3.4435,-0.004,-0.1124,-0.1481
/kaggle/input/datasets/duc24kdl/sub-x-ray/sub_X-Ray/sub_NIH/00001330_003.png,,sub_NIH,00001330_003.png,ok,512x512 -> 1024x1024,2,1,321.32,40.1026,6.350628,2.520045,0.9606,0.9965,0.1308,5.8938,37.3977,11.838837,3.440761,0.9307,0.9917,0.2629,0.2629,0.2629,6.2352,103.39,75.4461,103.39,75.4461,0.1726,37.3977,0.9307,11.838837,3.440761,-2.7049,-0.0048,-0.1321,-0.3413
/kaggle/input/datasets/duc24kdl/sub-x-ray/sub_X-Ray/sub_NIH/00001332_000.png,,sub_NIH,00001332_000.png,ok,512x512 -> 1024x1024,2,1,319.16,38.8426,8.488328,2.913474,0.9872,0.9984,0.0531,7.467,35.2628,19.355206,4.399455,0.9772,0.9965,0.1403,0.1403,0.1403,6.6088,138.9534,70.8508,138.9534,70.8508,0.2026,35.2628,0.9772,19.355206,4.399455,-3.5798,-0.002,-0.0872,0.8582
/kaggle/input/datasets/duc24kdl/sub-x-ray/sub_X-Ray/sub_NIH/00001332_003.png,,sub_NIH,00001332_003.png,ok,512x512 -> 1024x1024,2,1,321.32,37.0991,12.681516,3.561112,0.9855,0.9982,0.0736,7.253,35.1676,19.784247,4.447949,0.977,0.9962,0.18,0.18,0.18,7.4714,105.5118,52.5131,105.5118,52.5131,0.3831,35.1676,0.977,19.784247,4.447949,-1.9315,-0.0021,-0.1064,-0.2184
/kaggle/input/datasets/duc24kdl/sub-x-ray/sub_X-Ray/sub_NIH/00001335_002.png,,sub_NIH,00001335_002.png,ok,512x512 -> 1024x1024,2,1,320.35,36.7945,13.602988,3.688223,0.9854,0.9983,0.0604,6.7147,33.7677,27.30933,5.225833,0.979,0.9956,0.162,0.162,0.162,6.3085,171.8948,53.3149,171.8948,53.3149,0.135,33.7677,0.979,27.30933,5.225833,-3.0268,-0.0028,-0.1016,0.4062
/kaggle/input/datasets/duc24kdl/sub-x-ray/sub_X-Ray/sub_NIH/00001336_000.png,,sub_NIH,00001336_000.png,ok,512x512 -> 1024x1024,2,1,320.37,43.2902,3.048316,1.745943,0.9831,0.9982,0.0616,6.8424,41.7485,4.347452,2.085054,0.9749,0.9959,0.1604,0.1604,0.1604,6.2726,156.1023,58.9282,156.1023,58.9282,0.2299,41.7485,0.9749,4.347452,2.085054,-1.5417,-0.0023,-0.0988,0.5698
/kaggle/input/datasets/duc24kdl/sub-x-ray/sub_X-Ray/sub_NIH/00001337_000.png,,sub_NIH,00001337_000.png,ok,512x512 -> 1024x1024,2,1,320.86,41.8512,4.245782,2.06053,0.9624,0.9966,0.1406,6.7473,40.2035,6.204821,2.490948,0.9485,0.9933,0.278,0.278,0.278,6.6468,131.5844,70.5673,131.5844,70.5673,0.1141,40.2035,0.9485,6.204821,2.490948,-1.6477,-0.0033,-0.1374,0.1004
/kaggle/input/datasets/duc24kdl/sub-x-ray/sub_X-Ray/sub_NIH/00001338_000.png,,sub_NIH,00001338_000.png,ok,512x512 -> 1024x1024,2,1,322.07,41.5191,4.583245,2.140851,0.9615,0.9965,0.1399,6.5252,39.2376,7.750373,2.783949,0.9423,0.9926,0.2774,0.2774,0.2774,6.4851,119.9993,65.6175,119.9993,65.6175,0.1801,39.2376,0.9423,7.750373,2.783949,-2.2815,-0.0039,-0.1375,0.0401
/kaggle/input/datasets/duc24kdl/sub-x-ray/sub_X-Ray/sub_NIH/00001338_001.png,,sub_NIH,00001338_001.png,ok,512x512 -> 1024x1024,2,1,318.68,35.88,16.791104,4.097695,0.9779,0.9977,0.0881,6.1048,32.4719,36.803211,6.066565,0.9635,0.9947,0.2009,0.2009,0.2009,6.2286,132.9267,63.4591,132.9267,63.4591,0.4141,32.4719,0.9635,36.803211,6.066565,-3.4081,-0.003,-0.1127,-0.1238
/kaggle/input/datasets/duc24kdl/sub-x-ray/sub_X-Ray/sub_NIH/00001338_002.png,,sub_NIH,00001338_002.png,ok,512x512 -> 1024x1024,2,1,318.02,35.2872,19.247073,4.387149,0.9801,0.9978,0.0928,5.6725,32.1914,39.259298,6.265724,0.9594,0.9944,0.196,0.196,0.196,6.5659,112.4163,67.394,112.4163,67.394,0.3431,32.1914,0.9594,39.259298,6.265724,-3.0958,-0.0034,-0.1032,-0.8935
/kaggle/input/datasets/duc24kdl/sub-x-ray/sub_X-Ray/sub_NIH/00001338_003.png,,sub_NIH,00001338_003.png,ok,512x512 -> 1024x1024,2,1,321.38,45.5934,1.79366,1.339276,0.9764,0.9975,0.0919,7.0513,43.6542,2.803215,1.674281,0.9672,0.9953,0.2191,0.2191,0.2191,6.6473,111.1106,30.2117,111.1106,30.2117,0.189,43.6542,0.9672,2.803215,1.674281,-1.9392,-0.0023,-0.1272,0.404
/kaggle/input/datasets/duc24kdl/sub-x-ray/sub_X-Ray/sub_NIH/00001339_000.png,,sub_NIH,00001339_000.png,ok,512x512 -> 1024x1024,2,1,321.1,41.2654,4.858947,2.204302,0.9645,0.9968,0.1322,6.5156,38.9053,8.366589,2.892506,0.9495,0.9934,0.2667,0.2667,0.2667,6.6418,122.7565,63.2378,122.7565,63.2378,0.2417,38.9053,0.9495,8.366589,2.892506,-2.3601,-0.0034,-0.1345,-0.1262
/kaggle/input/datasets/duc24kdl/sub-x-ray/sub_X-Ray/sub_NIH/00001340_000.png,,sub_NIH,00001340_000.png,ok,512x512 -> 1024x1024,2,1,321.48,41.36,4.754265,2.180428,0.9685,0.9971,0.1149,6.8685,38.9434,8.293464,2.879838,0.956,0.9943,0.2426,0.2426,0.2426,6.941,146.4844,64.2098,146.4844,64.2098,0.1099,38.9434,0.956,8.293464,2.879838,-2.4165,-0.0029,-0.1277,-0.0724
/kaggle/input/datasets/duc24kdl/sub-x-ray/sub_X-Ray/sub_NIH/00001341_000.png,,sub_NIH,00001341_000.png,ok,512x512 -> 1024x1024,2,1,320.75,40.6257,5.629968,2.372755,0.9647,0.9969,0.1255,6.7326,38.0412,10.208543,3.195081,0.9478,0.9932,0.2553,0.2553,0.2553,6.3927,102.3907,63.2201,102.3907,63.2201,0.2213,38.0412,0.9478,10.208543,3.195081,-2.5846,-0.0037,-0.1298,0.34
/kaggle/input/datasets/duc24kdl/sub-x-ray/sub_X-Ray/sub_NIH/00001342_000.png,,sub_NIH,00001342_000.png,ok,512x512 -> 1024x1024,2,1,320.99,44.2807,2.426682,1.557781,0.983,0.9981,0.0688,6.6101,41.274,4.8493,2.202113,0.9739,0.9958,0.1616,0.1616,0.1616,6.3969,145.9685,44.4351,145.9685,44.4351,0.3778,41.274,0.9739,4.8493,2.202113,-3.0067,-0.0023,-0.0928,0.2131
/kaggle/input/datasets/duc24kdl/sub-x-ray/sub_X-Ray/sub_NIH/00001342_001.png,,sub_NIH,00001342_001.png,ok,512x512 -> 1024x1024,2,1,321.71,45.7494,1.730393,1.315444,0.9822,0.998,0.0616,6.4802,42.0164,4.087379,2.021727,0.9724,0.9951,0.1638,0.1638,0.1638,6.1554,158.1104,60.8173,158.1104,60.8173,0.2271,42.0164,0.9724,4.087379,2.021727,-3.733,-0.003,-0.1022,0.3248
/kaggle/input/datasets/duc24kdl/sub-x-ray/sub_X-Ray/sub_NIH/00001343_000.png,,sub_NIH,00001343_000.png,ok,512x512 -> 1024x1024,2,1,318.78,42.5448,3.619139,1.902403,0.9637,0.9967,0.1434,6.7696,40.4031,5.926072,2.434353,0.9513,0.9934,0.2882,0.2882,0.2882,6.5383,131.6705,66.809,131.6705,66.809,0.1587,40.4031,0.9513,5.926072,2.434353,-2.1416,-0.0033,-0.1448,0.2312
/kaggle/input/datasets/duc24kdl/sub-x-ray/sub_X-Ray/sub_NIH/00001344_000.png,,sub_NIH,00001344_000.png,ok,512x512 -> 1024x1024,2,1,321.88,46.5855,1.42734,1.194713,0.9849,0.9982,0.0624,7.1509,43.5523,2.869822,1.694055,0.9789,0.9965,0.1618,0.1618,0.1618,6.5442,171.0136,46.113,171.0136,46.113,0.2251,43.5523,0.9789,2.869822,1.694055,-3.0333,-0.0018,-0.0993,0.6067
/kaggle/input/datasets/duc24kdl/sub-x-ray/sub_X-Ray/sub_NIH/00001345_000.png,,sub_NIH,00001345_000.png,ok,512x512 -> 1024x1024,2,1,322.69,41.4123,4.697353,2.167338,0.9646,0.9968,0.1433,7.4299,39.2086,7.802289,2.793258,0.9541,0.9938,0.2835,0.2835,0.2835,7.0789,145.3823,58.7362,145.3823,58.7362,0.1693,39.2086,0.9541,7.802289,2.793258,-2.2037,-0.0029,-0.1403,0.351
/kaggle/input/datasets/duc24kdl/sub-x-ray/sub_X-Ray/sub_NIH/00001346_000.png,,sub_NIH,00001346_000.png,ok,512x512 -> 1024x1024,2,1,320.86,41.8686,4.228808,2.056407,0.9624,0.9966,0.1317,6.3111,38.8615,8.451401,2.907129,0.9409,0.9928,0.2639,0.2639,0.2639,6.5587,109.8824,70.3045,109.8824,70.3045,0.1887,38.8615,0.9409,8.451401,2.907129,-3.0071,-0.0038,-0.1322,-0.2476
/kaggle/input/datasets/duc24kdl/sub-x-ray/sub_X-Ray/sub_NIH/00001347_000.png,,sub_NIH,00001347_000.png,ok,512x512 -> 1024x1024,2,1,321.5,41.9917,4.110633,2.02747,0.9638,0.9968,0.1269,6.2827,38.7031,8.765387,2.96064,0.9443,0.9925,0.2631,0.2631,0.2631,6.246,103.7078,69.8294,103.7078,69.8294,0.1293,38.7031,0.9443,8.765387,2.96064,-3.2886,-0.0042,-0.1362,0.0368
/kaggle/input/datasets/duc24kdl/sub-x-ray/sub_X-Ray/sub_NIH/00001347_001.png,,sub_NIH,00001347_001.png,ok,512x512 -> 1024x1024,2,1,320.67,38.0801,10.117431,3.180791,0.9805,0.9979,0.0699,6.2069,35.9751,16.427363,4.053068,0.97,0.9948,0.1804,0.1804,0.1804,5.8919,157.2936,56.4733,157.2936,56.4733,0.1324,35.9751,0.97,16.427363,4.053068,-2.105,-0.0031,-0.1106,0.315
/kaggle/input/datasets/duc24kdl/sub-x-ray/sub_X-Ray/sub_NIH/00001347_002.png,,sub_NIH,00001347_002.png,ok,512x512 -> 1024x1024,2,1,319.17,40.6862,5.552079,2.356285,0.9596,0.9964,0.142,6.291,38.7808,8.60989,2.934261,0.9371,0.9921,0.2857,0.2857,0.2857,6.63,107.9392,68.9809,107.9392,68.9809,0.1905,38.7808,0.9371,8.60989,2.934261,-1.9054,-0.0043,-0.1437,-0.339
/kaggle/input/datasets/duc24kdl/sub-x-ray/sub_X-Ray/sub_NIH/00001348_000.png,,sub_NIH,00001348_000.png,ok,512x512 -> 1024x1024,2,1,318.97,42.0017,4.10122,2.025147,0.9607,0.9965,0.1303,6.1396,39.6696,7.016442,2.648857,0.9345,0.9923,0.2654,0.2654,0.2654,6.5909,105.4951,71.5715,105.4951,71.5715,0.1797,39.6696,0.9345,7.016442,2.648857,-2.332,-0.0042,-0.1351,-0.4513
/kaggle/input/datasets/duc24kdl/sub-x-ray/sub_X-Ray/sub_NIH/00001349_000.png,,sub_NIH,00001349_000.png,ok,512x512 -> 1024x1024,2,1,320.38,46.0085,1.630175,1.276783,0.9838,0.9982,0.0748,7.0394,42.806,3.407866,1.846041,0.9752,0.9959,0.1909,0.1909,0.1909,6.6578,165.7478,44.4491,165.7478,44.4491,0.2521,42.806,0.9752,3.407866,1.846041,-3.2025,-0.0022,-0.1161,0.3816
/kaggle/input/datasets/duc24kdl/sub-x-ray/sub_X-Ray/sub_NIH/00001350_000.png,,sub_NIH,00001350_000.png,ok,512x512 -> 1024x1024,2,1,323.36,38.2901,9.639797,3.104802,0.9842,0.9982,0.061,6.787,35.782,17.174452,4.144207,0.9765,0.996,0.1601,0.1601,0.1601,6.1819,159.1369,63.3611,159.1369,63.3611,0.1947,35.782,0.9765,17.174452,4.144207,-2.5082,-0.0022,-0.0991,0.6051
/kaggle/input/datasets/duc24kdl/sub-x-ray/sub_X-Ray/sub_NIH/00001351_000.png,,sub_NIH,00001351_000.png,ok,512x512 -> 1024x1024,2,1,320.78,45.0155,2.048959,1.431419,0.977,0.9975,0.095,7.0304,43.113,3.175287,1.781933,0.9672,0.9954,0.2205,0.2205,0.2205,6.7942,108.3705,32.8635,108.3705,32.8635,0.1866,43.113,0.9672,3.175287,1.781933,-1.9025,-0.0021,-0.1255,0.2362
/kaggle/input/datasets/duc24kdl/sub-x-ray/sub_X-Ray/sub_NIH/00001352_000.png,,sub_NIH,00001352_000.png,ok,512x512 -> 1024x1024,2,1,321.09,41.2222,4.907473,2.215282,0.9548,0.996,0.154,6.7744,39.0104,8.166612,2.857728,0.9348,0.9917,0.3122,0.3122,0.3122,6.6676,127.0818,66.6797,127.0818,66.6797,0.1264,39.0104,0.9348,8.166612,2.857728,-2.2118,-0.0043,-0.1582,0.1068
/kaggle/input/datasets/duc24kdl/sub-x-ray/sub_X-Ray/sub_NIH/00001353_000.png,,sub_NIH,00001353_000.png,ok,512x512 -> 1024x1024,2,1,321.58,36.4781,14.631007,3.82505,0.9816,0.998,0.0728,6.7864,34.2678,24.338784,4.933435,0.9725,0.9955,0.1866,0.1866,0.1866,6.1991,164.9079,52.3097,164.9079,52.3097,0.1042,34.2678,0.9725,24.338784,4.933435,-2.2102,-0.0026,-0.1138,0.5873
/kaggle/input/datasets/duc24kdl/sub-x-ray/sub_X-Ray/sub_NIH/00001354_000.png,,sub_NIH,00001354_000.png,ok,512x512 -> 1024x1024,2,1,319.53,41.5616,4.538634,2.130407,0.9592,0.9964,0.1498,6.6154,39.3918,7.479908,2.734942,0.9401,0.9926,0.2995,0.2995,0.2995,6.6687,121.8832,68.2171,121.8832,68.2171,0.1793,39.3918,0.9401,7.479908,2.734942,-2.1697,-0.0038,-0.1497,-0.0534
/kaggle/input/datasets/duc24kdl/sub-x-ray/sub_X-Ray/sub_NIH/00001355_000.png,,sub_NIH,00001355_000.png,ok,512x512 -> 1024x1024,2,1,321.55,34.8801,21.138547,4.597668,0.9814,0.9979,0.0675,6.0365,32.2052,39.134516,6.255759,0.9688,0.9944,0.1606,0.1606,0.1606,5.9781,158.2372,70.4455,158.2372,70.4455,0.409,32.2052,0.9688,39.134516,6.255759,-2.6748,-0.0035,-0.0931,0.0584
/kaggle/input/datasets/duc24kdl/sub-x-ray/sub_X-Ray/sub_NIH/00001355_001.png,,sub_NIH,00001355_001.png,ok,512x512 -> 1024x1024,2,1,322.3,36.9645,13.080789,3.616737,0.9813,0.9979,0.0901,8.3139,33.2775,30.572774,5.529265,0.973,0.9958,0.2076,0.2076,0.2076,7.6216,120.1172,55.5101,120.1172,55.5101,0.2842,33.2775,0.973,30.572774,5.529265,-3.687,-0.0021,-0.1175,0.6923
/kaggle/input/datasets/duc24kdl/sub-x-ray/sub_X-Ray/sub_NIH/00001355_002.png,,sub_NIH,00001355_002.png,ok,512x512 -> 1024x1024,2,1,322.98,35.4465,18.553785,4.307411,0.9791,0.9977,0.0991,6.8591,32.1666,39.48417,6.283643,0.9695,0.9951,0.2119,0.2119,0.2119,6.5971,123.5972,63.2819,123.5972,63.2819,0.4068,32.1666,0.9695,39.48417,6.283643,-3.2799,-0.0026,-0.1128,0.262
/kaggle/input/datasets/duc24kdl/sub-x-ray/sub_X-Ray/sub_NIH/00001355_003.png,,sub_NIH,00001355_003.png,ok,512x512 -> 1024x1024,2,1,320.31,46.0329,1.621041,1.273201,0.9799,0.9978,0.086,7.8739,44.0031,2.586873,1.608376,0.9731,0.9962,0.2123,0.2123,0.2123,7.3297,110.6303,31.0067,110.6303,31.0067,0.1804,44.0031,0.9731,2.586873,1.608376,-2.0298,-0.0016,-0.1263,0.5442
/kaggle/input/datasets/duc24kdl/sub-x-ray/sub_X-Ray/sub_NIH/00001355_004.png,,sub_NIH,00001355_004.png,ok,512x512 -> 1024x1024,2,1,321.59,35.2344,19.482104,4.413854,0.9765,0.9975,0.1077,6.6584,32.3601,37.763201,6.145177,0.9661,0.9945,0.2298,0.2298,0.2298,6.6179,116.8799,48.0261,116.8799,48.0261,0.2807,32.3601,0.9661,37.763201,6.145177,-2.8743,-0.003,-0.122,0.0405
/kaggle/input/datasets/duc24kdl/sub-x-ray/sub_X-Ray/sub_NIH/00001355_005.png,,sub_NIH,00001355_005.png,ok,512x512 -> 1024x1024,2,1,321.54,36.5096,14.524995,3.811167,0.9733,0.9973,0.1253,7.2087,32.7551,34.480367,5.871999,0.9627,0.9942,0.2602,0.2602,0.2602,6.6162,148.7893,44.9118,148.7893,44.9118,0.2904,32.7551,0.9627,34.480367,5.871999,-3.7546,-0.0031,-0.1349,0.5925
/kaggle/input/datasets/duc24kdl/sub-x-ray/sub_X-Ray/sub_NIH/00001355_006.png,,sub_NIH,00001355_006.png,ok,512x512 -> 1024x1024,2,1,320.51,36.474,14.644637,3.826831,0.973,0.9972,0.1273,7.2172,32.8289,33.899104,5.822294,0.9623,0.9942,0.2526,0.2526,0.2526,6.8093,133.317,57.3299,133.317,57.3299,0.2882,32.8289,0.9623,33.899104,5.822294,-3.6451,-0.003,-0.1253,0.4079
/kaggle/input/datasets/duc24kdl/sub-x-ray/sub_X-Ray/sub_NIH/00001355_007.png,,sub_NIH,00001355_007.png,ok,512x512 -> 1024x1024,2,1,320.19,41.6379,4.459568,2.111769,0.9632,0.9967,0.1449,6.6979,39.4746,7.338656,2.708995,0.9471,0.9933,0.2892,0.2892,0.2892,6.5355,136.0242,69.6035,136.0242,69.6035,0.1387,39.4746,0.9471,7.338656,2.708995,-2.1632,-0.0034,-0.1444,0.1623
/kaggle/input/datasets/duc24kdl/sub-x-ray/sub_X-Ray/sub_NIH/00001355_008.png,,sub_NIH,00001355_008.png,ok,512x512 -> 1024x1024,2,1,320.26,42.039,4.066107,2.016459,0.963,0.9967,0.1437,6.9186,39.947,6.582287,2.565597,0.9477,0.9934,0.2861,0.2861,0.2861,6.4746,143.9595,67.1668,143.9595,67.1668,0.1195,39.947,0.9477,6.582287,2.565597,-2.092,-0.0033,-0.1424,0.444
/kaggle/input/datasets/duc24kdl/sub-x-ray/sub_X-Ray/sub_NIH/00001355_009.png,,sub_NIH,00001355_009.png,ok,512x512 -> 1024x1024,2,1,320.42,41.8036,4.29257,2.071852,0.9635,0.9967,0.1471,6.5788,39.9274,6.61219,2.571418,0.9502,0.9937,0.2912,0.2912,0.2912,6.6538,133.3133,70.9892,133.3133,70.9892,0.1371,39.9274,0.9502,6.61219,2.571418,-1.8763,-0.0031,-0.144,-0.075
/kaggle/input/datasets/duc24kdl/sub-x-ray/sub_X-Ray/sub_NIH/00001355_010.png,,sub_NIH,00001355_010.png,ok,512x512 -> 1024x1024,2,1,322.67,41.5496,4.551165,2.133346,0.9618,0.9966,0.1449,6.5293,39.1808,7.852367,2.802208,0.9423,0.9925,0.2913,0.2913,0.2913,6.5348,126.7752,77.6968,126.7752,77.6968,0.121,39.1808,0.9423,7.852367,2.802208,-2.3688,-0.0041,-0.1464,-0.0055
/kaggle/input/datasets/duc24kdl/sub-x-ray/sub_X-Ray/sub_NIH/00001355_011.png,,sub_NIH,00001355_011.png,ok,512x512 -> 1024x1024,2,1,321.32,42.4077,3.7352,1.932667,0.9638,0.9968,0.1395,6.8698,39.6041,7.1232,2.668932,0.947,0.9935,0.2805,0.2805,0.2805,6.499,131.0699,69.4063,131.0699,69.4063,0.1459,39.6041,0.947,7.1232,2.668932,-2.8036,-0.0033,-0.1411,0.3708
/kaggle/input/datasets/duc24kdl/sub-x-ray/sub_X-Ray/sub_NIH/00001355_012.png,,sub_NIH,00001355_012.png,ok,512x512 -> 1024x1024,2,1,319.83,42.1493,3.964191,1.991028,0.9624,0.9966,0.1479,6.8302,40.5559,5.721253,2.391914,0.9489,0.9935,0.2927,0.2927,0.2927,6.5232,134.4195,71.4372,134.4195,71.4372,0.1129,40.5559,0.9489,5.721253,2.391914,-1.5934,-0.0032,-0.1448,0.307
/kaggle/input/datasets/duc24kdl/sub-x-ray/sub_X-Ray/sub_NIH/00001356_000.png,,sub_NIH,00001356_000.png,ok,512x512 -> 1024x1024,2,1,320.14,41.63,4.467622,2.113675,0.9622,0.9966,0.1376,6.6051,39.1479,7.912161,2.812856,0.9452,0.9929,0.2833,0.2833,0.2833,6.7274,124.182,62.571,124.182,62.571,0.1525,39.1479,0.9452,7.912161,2.812856,-2.4822,-0.0037,-0.1457,-0.1223
/kaggle/input/datasets/duc24kdl/sub-x-ray/sub_X-Ray/sub_NIH/00001357_000.png,,sub_NIH,00001357_000.png,ok,512x512 -> 1024x1024,2,1,321.65,44.4508,2.333479,1.527573,0.9848,0.9983,0.0677,7.2961,42.211,3.908231,1.976925,0.9778,0.9964,0.1708,0.1708,0.1708,6.6803,153.645,49.565,153.645,49.565,0.2494,42.211,0.9778,3.908231,1.976925,-2.2398,-0.0019,-0.1031,0.6158
/kaggle/input/datasets/duc24kdl/sub-x-ray/sub_X-Ray/sub_NIH/00001358_000.png,,sub_NIH,00001358_000.png,ok,512x512 -> 1024x1024,2,1,321.05,41.9417,4.15823,2.039174,0.962,0.9966,0.1479,6.971,39.8968,6.658867,2.580478,0.9494,0.9932,0.3005,0.3005,0.3005,6.8411,132.3245,71.7952,132.3245,71.7952,0.1158,39.8968,0.9494,6.658867,2.580478,-2.0449,-0.0034,-0.1526,0.1299
/kaggle/input/datasets/duc24kdl/sub-x-ray/sub_X-Ray/sub_NIH/00001358_001.png,,sub_NIH,00001358_001.png,ok,512x512 -> 1024x1024,2,1,320.84,40.6125,5.647176,2.376379,0.9562,0.9961,0.1645,7.1127,38.2512,9.726548,3.118741,0.9409,0.9922,0.3299,0.3299,0.3299,6.7924,137.75,67.2703,137.75,67.2703,0.2157,38.2512,0.9409,9.726548,3.118741,-2.3613,-0.0039,-0.1654,0.3202
/kaggle/input/datasets/duc24kdl/sub-x-ray/sub_X-Ray/sub_NIH/00001359_000.png,,sub_NIH,00001359_000.png,ok,512x512 -> 1024x1024,2,1,321.92,42.4945,3.66126,1.913442,0.9637,0.9967,0.1254,6.7036,39.6706,7.014853,2.648557,0.9465,0.9927,0.2659,0.2659,0.2659,6.6278,101.3316,68.2314,101.3316,68.2314,0.1604,39.6706,0.9465,7.014853,2.648557,-2.8239,-0.0041,-0.1405,0.0759
/kaggle/input/datasets/duc24kdl/sub-x-ray/sub_X-Ray/sub_NIH/00001360_000.png,,sub_NIH,00001360_000.png,ok,512x512 -> 1024x1024,2,1,321.91,44.7354,2.185432,1.478321,0.9731,0.9972,0.1044,7.3503,42.6777,3.510022,1.873505,0.962,0.9944,0.232,0.232,0.232,6.9614,109.6936,34.943,109.6936,34.943,0.215,42.6777,0.962,3.510022,1.873505,-2.0577,-0.0028,-0.1276,0.389
/kaggle/input/datasets/duc24kdl/sub-x-ray/sub_X-Ray/sub_NIH/00001361_000.png,,sub_NIH,00001361_000.png,ok,512x512 -> 1024x1024,2,1,319.75,35.5968,17.922499,4.233497,0.9745,0.9975,0.1038,6.7723,33.0898,31.922681,5.650016,0.9609,0.9943,0.225,0.225,0.225,6.0366,145.0516,53.7884,145.0516,53.7884,0.2666,33.0898,0.9609,31.922681,5.650016,-2.507,-0.0032,-0.1212,0.7358
/kaggle/input/datasets/duc24kdl/sub-x-ray/sub_X-Ray/sub_NIH/00001362_000.png,,sub_NIH,00001362_000.png,ok,512x512 -> 1024x1024,2,1,320.0,35.9989,16.337843,4.04201,0.9833,0.9982,0.069,6.6907,33.3598,29.998627,5.4771,0.9765,0.9952,0.1841,0.1841,0.1841,6.3944,166.3044,70.6607,166.3044,70.6607,0.1074,33.3598,0.9765,29.998627,5.4771,-2.6391,-0.003,-0.1151,0.2963
/kaggle/input/datasets/duc24kdl/sub-x-ray/sub_X-Ray/sub_NIH/00001362_001.png,,sub_NIH,00001362_001.png,ok,512x512 -> 1024x1024,2,1,320.29,38.4137,9.369462,3.060958,0.9898,0.9986,0.0463,9.2431,36.5136,14.511714,3.809424,0.9881,0.998,0.1241,0.1241,0.1241,7.7311,164.4076,42.6384,164.4076,42.6384,0.1472,36.5136,0.9881,14.511714,3.809424,-1.9,-0.0006,-0.0778,1.512
/kaggle/input/datasets/duc24kdl/sub-x-ray/sub_X-Ray/sub_NIH/00001362_002.png,,sub_NIH,00001362_002.png,ok,512x512 -> 1024x1024,2,1,318.9,37.3861,11.870603,3.445374,0.983,0.9981,0.0761,7.9731,35.6005,17.907331,4.231705,0.9677,0.9962,0.1662,0.1662,0.1662,6.7753,143.9898,65.6933,143.9898,65.6933,0.3121,35.6005,0.9677,17.907331,4.231705,-1.7856,-0.0019,-0.0902,1.1977
/kaggle/input/datasets/duc24kdl/sub-x-ray/sub_X-Ray/sub_NIH/00001362_003.png,,sub_NIH,00001362_003.png,ok,512x512 -> 1024x1024,2,1,320.32,37.2991,12.11083,3.480062,0.9816,0.9981,0.076,6.9123,35.1387,19.91638,4.462777,0.9728,0.9954,0.1742,0.1742,0.1742,6.2573,168.711,62.0447,168.711,62.0447,0.1876,35.1387,0.9728,19.91638,4.462777,-2.1604,-0.0026,-0.0982,0.6551
/kaggle/input/datasets/duc24kdl/sub-x-ray/sub_X-Ray/sub_NIH/00001362_004.png,,sub_NIH,00001362_004.png,ok,512x512 -> 1024x1024,2,1,318.88,38.1924,9.859217,3.139939,0.9878,0.9984,0.0574,8.5109,36.361,15.030828,3.876961,0.9856,0.9977,0.1473,0.1473,0.1473,7.4993,160.3587,38.708,160.3587,38.708,0.1094,36.361,0.9856,15.030828,3.876961,-1.8314,-0.0007,-0.0899,1.0116
/kaggle/input/datasets/duc24kdl/sub-x-ray/sub_X-Ray/sub_NIH/00001362_005.png,,sub_NIH,00001362_005.png,ok,512x512 -> 1024x1024,2,1,320.19,36.7666,13.690586,3.700079,0.9882,0.9984,0.0591,8.0979,34.6684,22.193993,4.71105,0.9846,0.9974,0.1459,0.1459,0.1459,7.3197,161.7456,39.8624,161.7456,39.8624,0.2191,34.6684,0.9846,22.193993,4.71105,-2.0981,-0.0011,-0.0868,0.7781
/kaggle/input/datasets/duc24kdl/sub-x-ray/sub_X-Ray/sub_NIH/00001362_006.png,,sub_NIH,00001362_006.png,ok,512x512 -> 1024x1024,2,1,320.68,37.5507,11.429181,3.380707,0.9885,0.9985,0.0558,8.346,35.5694,18.036076,4.24689,0.9861,0.9978,0.1393,0.1393,0.1393,7.1044,162.5176,42.5229,162.5176,42.5229,0.1378,35.5694,0.9861,18.036076,4.24689,-1.9813,-0.0007,-0.0835,1.2416
/kaggle/input/datasets/duc24kdl/sub-x-ray/sub_X-Ray/sub_NIH/00001362_007.png,,sub_NIH,00001362_007.png,ok,512x512 -> 1024x1024,2,1,321.28,38.8375,8.498176,2.915163,0.9863,0.9983,0.0642,8.4184,36.9657,13.077156,3.616235,0.9829,0.9974,0.1695,0.1695,0.1695,7.5662,158.6571,36.1137,158.6571,36.1137,0.1302,36.9657,0.9829,13.077156,3.616235,-1.8719,-0.0009,-0.1053,0.8522
/kaggle/input/datasets/duc24kdl/sub-x-ray/sub_X-Ray/sub_NIH/00001362_008.png,,sub_NIH,00001362_008.png,ok,512x512 -> 1024x1024,2,1,321.2,39.0215,8.145671,2.854062,0.9862,0.9983,0.0682,7.9347,36.8952,13.291058,3.64569,0.9799,0.9969,0.1672,0.1672,0.1672,7.1455,118.5484,57.219,118.5484,57.219,0.1784,36.8952,0.9799,13.291058,3.64569,-2.1263,-0.0014,-0.099,0.7892
/kaggle/input/datasets/duc24kdl/sub-x-ray/sub_X-Ray/sub_NIH/00001362_009.png,,sub_NIH,00001362_009.png,ok,512x512 -> 1024x1024,2,1,319.78,43.1191,3.170792,1.780672,0.9625,0.9966,0.1411,6.5728,40.9739,5.196309,2.279541,0.946,0.9929,0.297,0.297,0.297,6.839,126.9988,73.9406,126.9988,73.9406,0.1256,40.9739,0.946,5.196309,2.279541,-2.1453,-0.0037,-0.1559,-0.2662
/kaggle/input/datasets/duc24kdl/sub-x-ray/sub_X-Ray/sub_NIH/00001362_010.png,,sub_NIH,00001362_010.png,ok,512x512 -> 1024x1024,2,1,320.59,41.3056,4.814172,2.194122,0.9559,0.9961,0.1611,6.4208,39.4256,7.42206,2.724346,0.9387,0.9919,0.3256,0.3256,0.3256,6.8962,136.0558,71.7599,136.0558,71.7599,0.1462,39.4256,0.9387,7.42206,2.724346,-1.88,-0.0042,-0.1644,-0.4754
/kaggle/input/datasets/duc24kdl/sub-x-ray/sub_X-Ray/sub_NIH/00001362_011.png,,sub_NIH,00001362_011.png,ok,512x512 -> 1024x1024,2,1,320.02,36.4334,14.78241,3.84479,0.9824,0.9979,0.0874,7.3069,34.356,23.849554,4.8836,0.9766,0.9953,0.2044,0.2044,0.2044,7.2574,123.9571,44.4284,123.9571,44.4284,0.2742,34.356,0.9766,23.849554,4.8836,-2.0774,-0.0025,-0.117,0.0496
/kaggle/input/datasets/duc24kdl/sub-x-ray/sub_X-Ray/sub_NIH/00001362_012.png,,sub_NIH,00001362_012.png,ok,512x512 -> 1024x1024,2,1,320.93,37.8964,10.554485,3.248767,0.9852,0.9982,0.0728,7.9728,36.0132,16.283856,4.035326,0.9809,0.9969,0.185,0.185,0.185,7.3455,123.2135,52.6978,123.2135,52.6978,0.2416,36.0132,0.9809,16.283856,4.035326,-1.8832,-0.0013,-0.1122,0.6274
/kaggle/input/datasets/duc24kdl/sub-x-ray/sub_X-Ray/sub_NIH/00001362_013.png,,sub_NIH,00001362_013.png,ok,512x512 -> 1024x1024,2,1,320.66,41.7999,4.296258,2.072742,0.9625,0.9966,0.1444,6.6738,39.3185,7.607256,2.758125,0.9464,0.993,0.2863,0.2863,0.2863,6.4244,136.8556,71.7935,136.8556,71.7935,0.1213,39.3185,0.9464,7.607256,2.758125,-2.4814,-0.0037,-0.1419,0.2494
/kaggle/input/datasets/duc24kdl/sub-x-ray/sub_X-Ray/sub_NIH/00001362_014.png,,sub_NIH,00001362_014.png,ok,512x512 -> 1024x1024,2,1,320.56,36.6558,14.044248,3.747566,0.9873,0.9983,0.0641,7.8705,34.4643,23.26232,4.823103,0.9788,0.9962,0.149,0.149,0.149,6.9152,110.6669,56.4137,110.6669,56.4137,0.2962,34.4643,0.9788,23.26232,4.823103,-2.1915,-0.0021,-0.0849,0.9553
/kaggle/input/datasets/duc24kdl/sub-x-ray/sub_X-Ray/sub_NIH/00001362_015.png,,sub_NIH,00001362_015.png,ok,512x512 -> 1024x1024,2,1,320.63,38.1441,9.969504,3.157452,0.9864,0.9983,0.0666,7.9087,36.2554,15.400594,3.924359,0.9822,0.9971,0.1686,0.1686,0.1686,7.4227,117.8187,54.0329,117.8187,54.0329,0.2573,36.2554,0.9822,15.400594,3.924359,-1.8886,-0.0012,-0.1019,0.486
/kaggle/input/datasets/duc24kdl/sub-x-ray/sub_X-Ray/sub_NIH/00001362_016.png,,sub_NIH,00001362_016.png,ok,512x512 -> 1024x1024,2,1,318.98,42.3631,3.773691,1.942599,0.9637,0.9967,0.1365,6.4671,39.1857,7.843469,2.800619,0.9484,0.993,0.2773,0.2773,0.2773,6.5664,128.6752,76.1615,128.6752,76.1615,0.1503,39.1857,0.9484,7.843469,2.800619,-3.1774,-0.0038,-0.1408,-0.0993
/kaggle/input/datasets/duc24kdl/sub-x-ray/sub_X-Ray/sub_NIH/00001362_017.png,,sub_NIH,00001362_017.png,ok,512x512 -> 1024x1024,2,1,320.04,35.1753,19.749278,4.444016,0.9873,0.9982,0.055,7.1562,32.7923,34.186465,5.846919,0.9815,0.9948,0.1413,0.1413,0.1413,6.831,157.8305,48.4069,157.8305,48.4069,0.2612,32.7923,0.9815,34.186465,5.846919,-2.383,-0.0034,-0.0863,0.3252
/kaggle/input/datasets/duc24kdl/sub-x-ray/sub_X-Ray/sub_NIH/00001363_000.png,,sub_NIH,00001363_000.png,ok,512x512 -> 1024x1024,2,1,319.69,42.395,3.746083,1.93548,0.9625,0.9967,0.1373,6.4563,40.2112,6.193779,2.48873,0.9436,0.9931,0.2741,0.2741,0.2741,6.6392,104.504,66.7219,104.504,66.7219,0.1432,40.2112,0.9436,6.193779,2.48873,-2.1838,-0.0035,-0.1368,-0.183
/kaggle/input/datasets/duc24kdl/sub-x-ray/sub_X-Ray/sub_NIH/00001364_000.png,,sub_NIH,00001364_000.png,ok,512x512 -> 1024x1024,2,1,321.9,44.5541,2.278601,1.509504,0.9745,0.9973,0.0911,7.0736,42.9484,3.297928,1.81602,0.9655,0.9946,0.2019,0.2019,0.2019,7.131,106.1429,34.8324,106.1429,34.8324,0.2548,42.9484,0.9655,3.297928,1.81602,-1.6057,-0.0027,-0.1108,-0.0574
/kaggle/input/datasets/duc24kdl/sub-x-ray/sub_X-Ray/sub_NIH/00001364_001.png,,sub_NIH,00001364_001.png,ok,512x512 -> 1024x1024,2,1,319.12,41.5172,4.585248,2.141319,0.9693,0.9972,0.1124,6.4019,38.4018,9.395075,3.065139,0.9551,0.9939,0.2357,0.2357,0.2357,6.4471,101.033,60.4887,101.033,60.4887,0.228,38.4018,0.9551,9.395075,3.065139,-3.1154,-0.0033,-0.1234,-0.0452
/kaggle/input/datasets/duc24kdl/sub-x-ray/sub_X-Ray/sub_NIH/00001364_002.png,,sub_NIH,00001364_002.png,ok,512x512 -> 1024x1024,2,1,321.52,36.5988,14.229711,3.772229,0.984,0.998,0.0763,6.779,34.4011,23.603252,4.858318,0.9754,0.9945,0.1774,0.1774,0.1774,6.5581,109.7102,53.0229,109.7102,53.0229,0.2905,34.4011,0.9754,23.603252,4.858318,-2.1978,-0.0036,-0.1011,0.2209
/kaggle/input/datasets/duc24kdl/sub-x-ray/sub_X-Ray/sub_NIH/00001364_003.png,,sub_NIH,00001364_003.png,ok,512x512 -> 1024x1024,2,1,322.41,38.5649,9.048722,3.008109,0.9845,0.9982,0.0701,7.0179,36.5641,14.343943,3.78734,0.9771,0.9961,0.1661,0.1661,0.1661,6.6879,107.3861,54.9026,107.3861,54.9026,0.2813,36.5641,0.9771,14.343943,3.78734,-2.0008,-0.0021,-0.096,0.33
/kaggle/input/datasets/duc24kdl/sub-x-ray/sub_X-Ray/sub_NIH/00001364_004.png,,sub_NIH,00001364_004.png,ok,512x512 -> 1024x1024,2,1,321.84,41.4774,4.627437,2.151148,0.9677,0.997,0.1139,6.2642,37.9928,10.322979,3.212939,0.9517,0.9931,0.2363,0.2363,0.2363,6.1447,99.4756,69.1835,99.4756,69.1835,0.219,37.9928,0.9517,10.322979,3.212939,-3.4846,-0.004,-0.1224,0.1195
/kaggle/input/datasets/duc24kdl/sub-x-ray/sub_X-Ray/sub_NIH/00001364_005.png,,sub_NIH,00001364_005.png,ok,512x512 -> 1024x1024,2,1,321.36,38.2856,9.649889,3.106427,0.9835,0.9982,0.0633,6.3543,35.0765,20.203832,4.494867,0.9731,0.9951,0.1502,0.1502,0.1502,6.149,161.0701,61.5805,161.0701,61.5805,0.3708,35.0765,0.9731,20.203832,4.494867,-3.2091,-0.0031,-0.0869,0.2053
/kaggle/input/datasets/duc24kdl/sub-x-ray/sub_X-Ray/sub_NIH/00001364_006.png,,sub_NIH,00001364_006.png,ok,512x512 -> 1024x1024,2,1,320.64,37.5689,11.381371,3.373629,0.9822,0.998,0.0638,6.3443,35.9584,16.490659,4.060869,0.9722,0.9948,0.1538,0.1538,0.1538,5.9412,162.4183,63.3989,162.4183,63.3989,0.4942,35.9584,0.9722,16.490659,4.060869,-1.6104,-0.0032,-0.0899,0.4031
/kaggle/input/datasets/duc24kdl/sub-x-ray/sub_X-Ray/sub_NIH/00001365_000.png,,sub_NIH,00001365_000.png,ok,512x512 -> 1024x1024,2,1,320.86,42.5687,3.599256,1.897171,0.9867,0.9984,0.0492,6.6914,37.7364,10.950622,3.309172,0.9789,0.9959,0.1408,0.1408,0.1408,6.2565,173.1965,58.4184,173.1965,58.4184,0.5247,37.7364,0.9789,10.950622,3.309172,-4.8323,-0.0026,-0.0916,0.4349
/kaggle/input/datasets/duc24kdl/sub-x-ray/sub_X-Ray/sub_NIH/00001365_001.png,,sub_NIH,00001365_001.png,ok,512x512 -> 1024x1024,2,1,319.22,46.0779,1.604332,1.266622,0.9873,0.9985,0.0478,6.9159,42.1223,3.988837,1.997207,0.9802,0.9966,0.1443,0.1443,0.1443,6.5592,154.9177,66.343,154.9177,66.343,0.2158,42.1223,0.9802,3.988837,1.997207,-3.9555,-0.0019,-0.0965,0.3568
/kaggle/input/datasets/duc24kdl/sub-x-ray/sub_X-Ray/sub_NIH/00001365_002.png,,sub_NIH,00001365_002.png,ok,512x512 -> 1024x1024,2,1,320.71,45.1016,2.008746,1.417302,0.986,0.9984,0.0566,6.9378,41.1404,5.000858,2.23626,0.977,0.9961,0.1676,0.1676,0.1676,6.6868,153.878,60.8188,153.878,60.8188,0.29,41.1404,0.977,5.000858,2.23626,-3.9612,-0.0023,-0.1109,0.251
/kaggle/input/datasets/duc24kdl/sub-x-ray/sub_X-Ray/sub_NIH/00001366_000.png,,sub_NIH,00001366_000.png,ok,512x512 -> 1024x1024,2,1,321.77,36.3286,15.143179,3.891424,0.9792,0.9978,0.0782,6.8194,34.0737,25.451403,5.044938,0.9665,0.9946,0.198,0.198,0.198,5.9799,161.4836,60.7476,161.4836,60.7476,0.1873,34.0737,0.9665,25.451403,5.044938,-2.2549,-0.0033,-0.1197,0.8395
/kaggle/input/datasets/duc24kdl/sub-x-ray/sub_X-Ray/sub_NIH/00001367_000.png,,sub_NIH,00001367_000.png,ok,512x512 -> 1024x1024,2,1,321.15,41.4196,4.689454,2.165515,0.9645,0.9968,0.1391,6.756,39.6238,7.090866,2.662868,0.9495,0.9933,0.2818,0.2818,0.2818,6.6684,127.043,70.7554,127.043,70.7554,0.1435,39.6238,0.9495,7.090866,2.662868,-1.7958,-0.0036,-0.1427,0.0876
/kaggle/input/datasets/duc24kdl/sub-x-ray/sub_X-Ray/sub_NIH/00001367_001.png,,sub_NIH,00001367_001.png,ok,512x512 -> 1024x1024,2,1,320.27,43.0366,3.231606,1.797667,0.9642,0.9968,0.1376,6.6224,40.0296,6.458284,2.541315,0.945,0.993,0.2761,0.2761,0.2761,6.7447,121.9094,75.4062,121.9094,75.4062,0.1479,40.0296,0.945,6.458284,2.541315,-3.007,-0.0038,-0.1386,-0.1223
/kaggle/input/datasets/duc24kdl/sub-x-ray/sub_X-Ray/sub_NIH/00001367_002.png,,sub_NIH,00001367_002.png,ok,512x512 -> 1024x1024,2,1,321.84,43.2792,3.056079,1.748164,0.9767,0.9976,0.1045,6.9265,39.0511,8.090477,2.844376,0.964,0.9947,0.2254,0.2254,0.2254,6.4517,140.1677,57.4248,140.1677,57.4248,0.2697,39.0511,0.964,8.090477,2.844376,-4.2281,-0.0029,-0.1209,0.4748
/kaggle/input/datasets/duc24kdl/sub-x-ray/sub_X-Ray/sub_NIH/00001367_003.png,,sub_NIH,00001367_003.png,ok,512x512 -> 1024x1024,2,1,319.33,45.8446,1.692875,1.301105,0.9816,0.9979,0.0737,7.1353,43.6988,2.774577,1.665706,0.974,0.9963,0.1864,0.1864,0.1864,7.0578,110.9008,31.4308,110.9008,31.4308,0.2252,43.6988,0.974,2.774577,1.665706,-2.1457,-0.0016,-0.1127,0.0775
/kaggle/input/datasets/duc24kdl/sub-x-ray/sub_X-Ray/sub_NIH/00001367_004.png,,sub_NIH,00001367_004.png,ok,512x512 -> 1024x1024,2,1,318.91,36.5808,14.288871,3.780062,0.9863,0.9984,0.0615,6.5283,34.1315,25.114578,5.011445,0.9799,0.9961,0.1604,0.1604,0.1604,6.4853,172.3227,61.4031,172.3227,61.4031,0.1436,34.1315,0.9799,25.114578,5.011445,-2.4493,-0.0023,-0.0989,0.0431
/kaggle/input/datasets/duc24kdl/sub-x-ray/sub_X-Ray/sub_NIH/00001367_005.png,,sub_NIH,00001367_005.png,ok,512x512 -> 1024x1024,2,1,320.15,42.3939,3.747087,1.935739,0.964,0.9968,0.1377,6.6688,40.1543,6.27558,2.505111,0.9469,0.9933,0.2737,0.2737,0.2737,6.59,133.561,73.3941,133.561,73.3941,0.1408,40.1543,0.9469,6.27558,2.505111,-2.2396,-0.0035,-0.136,0.0787
/kaggle/input/datasets/duc24kdl/sub-x-ray/sub_X-Ray/sub_NIH/00001367_006.png,,sub_NIH,00001367_006.png,ok,512x512 -> 1024x1024,2,1,318.48,36.3338,15.125042,3.889093,0.9866,0.9984,0.0575,6.446,33.5749,28.549039,5.34313,0.9805,0.9961,0.1494,0.1494,0.1494,6.3819,171.9583,65.7692,171.9583,65.7692,0.1328,33.5749,0.9805,28.549039,5.34313,-2.7589,-0.0023,-0.0919,0.064
/kaggle/input/datasets/duc24kdl/sub-x-ray/sub_X-Ray/sub_NIH/00001367_007.png,,sub_NIH,00001367_007.png,ok,512x512 -> 1024x1024,2,1,321.21,42.2,3.918131,1.979427,0.9646,0.9968,0.137,6.6977,39.9564,6.568076,2.562826,0.947,0.9932,0.273,0.273,0.273,6.5722,129.7721,73.869,129.7721,73.869,0.1242,39.9564,0.947,6.568076,2.562826,-2.2436,-0.0037,-0.136,0.1255
/kaggle/input/datasets/duc24kdl/sub-x-ray/sub_X-Ray/sub_NIH/00001367_008.png,,sub_NIH,00001367_008.png,ok,512x512 -> 1024x1024,2,1,320.5,41.9981,4.104602,2.025982,0.9645,0.9968,0.139,6.8548,39.8871,6.673769,2.583364,0.9489,0.9935,0.2778,0.2778,0.2778,6.6035,133.6418,66.9079,133.6418,66.9079,0.1629,39.8871,0.9489,6.673769,2.583364,-2.111,-0.0033,-0.1388,0.2513
/kaggle/input/datasets/duc24kdl/sub-x-ray/sub_X-Ray/sub_NIH/00001367_009.png,,sub_NIH,00001367_009.png,ok,512x512 -> 1024x1024,2,1,320.86,42.8057,3.408052,1.846091,0.9648,0.9968,0.1379,6.804,40.8834,5.305676,2.303405,0.9483,0.9933,0.2715,0.2715,0.2715,6.6746,127.4934,71.9652,127.4934,71.9652,0.1282,40.8834,0.9483,5.305676,2.303405,-1.9223,-0.0035,-0.1336,0.1294
/kaggle/input/datasets/duc24kdl/sub-x-ray/sub_X-Ray/sub_NIH/00001367_010.png,,sub_NIH,00001367_010.png,ok,512x512 -> 1024x1024,2,1,320.11,38.4946,9.196435,3.032562,0.9838,0.9982,0.068,6.5108,35.7681,17.229523,4.150846,0.9751,0.9958,0.1629,0.1629,0.1629,6.0253,154.988,63.3905,154.988,63.3905,0.0487,35.7681,0.9751,17.229523,4.150846,-2.7265,-0.0024,-0.095,0.4856
/kaggle/input/datasets/duc24kdl/sub-x-ray/sub_X-Ray/sub_NIH/00001368_000.png,,sub_NIH,00001368_000.png,ok,512x512 -> 1024x1024,2,1,320.22,37.8801,10.594317,3.254891,0.9867,0.9984,0.0582,6.7406,35.6581,17.671246,4.203718,0.9817,0.9967,0.1488,0.1488,0.1488,6.087,160.9873,61.7149,160.9873,61.7149,0.1282,35.6581,0.9817,17.671246,4.203718,-2.2219,-0.0017,-0.0905,0.6536
/kaggle/input/datasets/duc24kdl/sub-x-ray/sub_X-Ray/sub_NIH/00001368_001.png,,sub_NIH,00001368_001.png,ok,512x512 -> 1024x1024,2,1,319.83,41.4294,4.678915,2.16308,0.962,0.9966,0.1396,6.6742,39.2435,7.739884,2.782065,0.9438,0.993,0.2749,0.2749,0.2749,6.477,114.115,64.7114,114.115,64.7114,0.2795,39.2435,0.9438,7.739884,2.782065,-2.1859,-0.0036,-0.1353,0.1972
/kaggle/input/datasets/duc24kdl/sub-x-ray/sub_X-Ray/sub_NIH/00001369_000.png,,sub_NIH,00001369_000.png,ok,512x512 -> 1024x1024,2,1,319.4,44.7016,2.202527,1.484091,0.9847,0.9982,0.0524,7.1775,41.4606,4.645357,2.155309,0.9779,0.996,0.1378,0.1378,0.1378,6.3439,186.586,52.114,186.586,52.114,0.3841,41.4606,0.9779,4.645357,2.155309,-3.241,-0.0022,-0.0855,0.8336
/kaggle/input/datasets/duc24kdl/sub-x-ray/sub_X-Ray/sub_NIH/00001370_000.png,,sub_NIH,00001370_000.png,ok,512x512 -> 1024x1024,2,1,319.31,46.8144,1.354059,1.16364,0.9833,0.9981,0.0649,7.0179,44.1621,2.493831,1.579187,0.9761,0.996,0.1699,0.1699,0.1699,6.5227,173.2009,39.7489,173.2009,39.7489,0.2123,44.1621,0.9761,2.493831,1.579187,-2.6523,-0.0021,-0.105,0.4951
/kaggle/input/datasets/duc24kdl/sub-x-ray/sub_X-Ray/sub_NIH/00001371_000.png,,sub_NIH,00001371_000.png,ok,512x512 -> 1024x1024,2,1,320.05,45.3569,1.894055,1.376247,0.9844,0.9982,0.0686,7.1981,42.6631,3.521864,1.876663,0.9783,0.9965,0.1745,0.1745,0.1745,6.4684,172.0259,41.3802,172.0259,41.3802,0.1973,42.6631,0.9783,3.521864,1.876663,-2.6938,-0.0017,-0.1059,0.7296
/kaggle/input/datasets/duc24kdl/sub-x-ray/sub_X-Ray/sub_NIH/00001371_001.png,,sub_NIH,00001371_001.png,ok,512x512 -> 1024x1024,2,1,320.51,38.2457,9.7388,3.120705,0.9903,0.9986,0.0458,7.8372,36.1368,15.82714,3.978334,0.988,0.9979,0.1255,0.1255,0.1255,6.9233,161.3871,45.1313,161.3871,45.1313,0.1066,36.1368,0.988,15.82714,3.978334,-2.109,-0.0008,-0.0797,0.9139
/kaggle/input/datasets/duc24kdl/sub-x-ray/sub_X-Ray/sub_NIH/00001371_002.png,,sub_NIH,00001371_002.png,ok,512x512 -> 1024x1024,2,1,319.58,36.6136,14.181402,3.76582,0.9897,0.9986,0.049,7.9252,34.5945,22.574971,4.751313,0.9875,0.9978,0.1342,0.1342,0.1342,7.0188,172.8408,38.8613,172.8408,38.8613,0.0927,34.5945,0.9875,22.574971,4.751313,-2.0191,-0.0008,-0.0852,0.9064
/kaggle/input/datasets/duc24kdl/sub-x-ray/sub_X-Ray/sub_NIH/00001371_003.png,,sub_NIH,00001371_003.png,ok,512x512 -> 1024x1024,2,1,319.78,36.8895,13.308595,3.648095,0.9886,0.9985,0.0537,7.055,34.8235,21.415492,4.627688,0.9855,0.9976,0.1393,0.1393,0.1393,6.9473,161.2026,48.2573,161.2026,48.2573,0.0893,34.8235,0.9855,21.415492,4.627688,-2.066,-0.001,-0.0856,0.1076
/kaggle/input/datasets/duc24kdl/sub-x-ray/sub_X-Ray/sub_NIH/00001371_004.png,,sub_NIH,00001371_004.png,ok,512x512 -> 1024x1024,2,1,320.89,37.0556,12.809203,3.578995,0.9869,0.9984,0.0613,7.5673,34.94,20.848868,4.566056,0.9833,0.9973,0.1539,0.1539,0.1539,6.9297,158.5682,47.585,158.5682,47.585,0.1501,34.94,0.9833,20.848868,4.566056,-2.1156,-0.0011,-0.0926,0.6376
/kaggle/input/datasets/duc24kdl/sub-x-ray/sub_X-Ray/sub_NIH/00001371_005.png,,sub_NIH,00001371_005.png,ok,512x512 -> 1024x1024,2,1,319.5,42.1644,3.950395,1.98756,0.9602,0.9965,0.1466,6.3679,40.3743,5.965511,2.44244,0.9432,0.9931,0.2883,0.2883,0.2883,6.3686,124.8285,67.3464,124.8285,67.3464,0.1722,40.3743,0.9432,5.965511,2.44244,-1.7901,-0.0034,-0.1417,-0.0007
/kaggle/input/datasets/duc24kdl/sub-x-ray/sub_X-Ray/sub_NIH/00001372_000.png,,sub_NIH,00001372_000.png,ok,512x512 -> 1024x1024,2,1,321.29,41.2767,4.846334,2.201439,0.9596,0.9964,0.1461,6.5285,39.7141,6.944978,2.635333,0.9417,0.9929,0.286,0.286,0.286,6.5807,126.4561,71.5256,126.4561,71.5256,0.1493,39.7141,0.9417,6.944978,2.635333,-1.5626,-0.0035,-0.1399,-0.0522
/kaggle/input/datasets/duc24kdl/sub-x-ray/sub_X-Ray/sub_NIH/00001373_000.png,,sub_NIH,00001373_000.png,ok,512x512 -> 1024x1024,2,1,320.48,38.1128,10.04143,3.168821,0.9878,0.9985,0.0569,7.523,35.9018,16.706918,4.08741,0.9836,0.9972,0.1431,0.1431,0.1431,6.8215,157.3836,50.4517,157.3836,50.4517,0.1763,35.9018,0.9836,16.706918,4.08741,-2.211,-0.0012,-0.0862,0.7015
/kaggle/input/datasets/duc24kdl/sub-x-ray/sub_X-Ray/sub_NIH/00001373_001.png,,sub_NIH,00001373_001.png,ok,512x512 -> 1024x1024,2,1,321.54,38.3423,9.524773,3.086223,0.9853,0.9983,0.0808,7.498,36.3413,15.099109,3.885757,0.9807,0.997,0.1917,0.1917,0.1917,7.3931,121.5264,43.2049,121.5264,43.2049,0.1557,36.3413,0.9807,15.099109,3.885757,-2.001,-0.0013,-0.1109,0.105
/kaggle/input/datasets/duc24kdl/sub-x-ray/sub_X-Ray/sub_NIH/00001373_002.png,,sub_NIH,00001373_002.png,ok,512x512 -> 1024x1024,2,1,320.17,37.6266,11.231133,3.351288,0.9779,0.9978,0.1084,7.1491,35.6613,17.658173,4.202163,0.9713,0.9959,0.2401,0.2401,0.2401,7.2504,120.5228,57.9544,120.5228,57.9544,0.1439,35.6613,0.9713,17.658173,4.202163,-1.9652,-0.0019,-0.1317,-0.1013
/kaggle/input/datasets/duc24kdl/sub-x-ray/sub_X-Ray/sub_NIH/00001373_003.png,,sub_NIH,00001373_003.png,ok,512x512 -> 1024x1024,2,1,319.29,38.3031,9.61105,3.100169,0.9818,0.9981,0.0942,7.3003,36.3079,15.215786,3.900742,0.9767,0.9966,0.2164,0.2164,0.2164,7.2223,120.5993,53.9444,120.5993,53.9444,0.1452,36.3079,0.9767,15.215786,3.900742,-1.9952,-0.0015,-0.1221,0.078
/kaggle/input/datasets/duc24kdl/sub-x-ray/sub_X-Ray/sub_NIH/00001373_004.png,,sub_NIH,00001373_004.png,ok,512x512 -> 1024x1024,2,1,321.19,42.356,3.779912,1.9442,0.9564,0.9961,0.1579,6.6955,40.4332,5.885255,2.425955,0.9408,0.9922,0.3147,0.3147,0.3147,6.6984,122.9939,63.9006,122.9939,63.9006,0.1705,40.4332,0.9408,5.885255,2.425955,-1.9228,-0.0039,-0.1567,-0.0029
/kaggle/input/datasets/duc24kdl/sub-x-ray/sub_X-Ray/sub_NIH/00001373_005.png,,sub_NIH,00001373_005.png,ok,512x512 -> 1024x1024,2,1,320.47,42.3089,3.821115,1.954767,0.9658,0.9969,0.1309,6.672,40.1234,6.320362,2.514033,0.9508,0.9938,0.2677,0.2677,0.2677,6.5807,121.9474,65.1258,121.9474,65.1258,0.1596,40.1234,0.9508,6.320362,2.514033,-2.1855,-0.0032,-0.1368,0.0913
/kaggle/input/datasets/duc24kdl/sub-x-ray/sub_X-Ray/sub_NIH/00001373_006.png,,sub_NIH,00001373_006.png,ok,512x512 -> 1024x1024,2,1,321.12,42.6767,3.510856,1.873728,0.9658,0.9969,0.1307,6.6718,40.3149,6.04768,2.459203,0.9489,0.9937,0.2646,0.2646,0.2646,6.6668,119.9529,67.5863,119.9529,67.5863,0.196,40.3149,0.9489,6.04768,2.459203,-2.3618,-0.0033,-0.1339,0.005
/kaggle/input/datasets/duc24kdl/sub-x-ray/sub_X-Ray/sub_NIH/00001373_007.png,,sub_NIH,00001373_007.png,ok,512x512 -> 1024x1024,2,1,319.2,43.0522,3.220028,1.794444,0.9651,0.9969,0.1296,6.2974,41.0171,5.144848,2.268226,0.9442,0.9934,0.2555,0.2555,0.2555,6.4946,108.6597,70.9327,108.6597,70.9327,0.1606,41.0171,0.9442,5.144848,2.268226,-2.0351,-0.0035,-0.1259,-0.1972
/kaggle/input/datasets/duc24kdl/sub-x-ray/sub_X-Ray/sub_NIH/00001373_008.png,,sub_NIH,00001373_008.png,ok,512x512 -> 1024x1024,2,1,320.34,37.3893,11.861796,3.444096,0.9867,0.9984,0.0563,6.6589,31.4599,46.461008,6.816231,0.9785,0.9955,0.1556,0.1556,0.1556,6.72,180.477,53.3998,180.477,53.3998,0.47,31.4599,0.9785,46.461008,6.816231,-5.9294,-0.0029,-0.0993,-0.061
/kaggle/input/datasets/duc24kdl/sub-x-ray/sub_X-Ray/sub_NIH/00001373_009.png,,sub_NIH,00001373_009.png,ok,512x512 -> 1024x1024,2,1,321.06,37.7398,10.942041,3.307876,0.986,0.9983,0.0678,7.5502,35.6659,17.639721,4.199967,0.9822,0.9972,0.1714,0.1714,0.1714,7.0115,161.4275,47.4815,161.4275,47.4815,0.1239,35.6659,0.9822,17.639721,4.199967,-2.0739,-0.0011,-0.1036,0.5386
/kaggle/input/datasets/duc24kdl/sub-x-ray/sub_X-Ray/sub_NIH/00001373_010.png,,sub_NIH,00001373_010.png,ok,512x512 -> 1024x1024,2,1,318.8,38.1004,10.0703,3.173374,0.9682,0.9969,0.1127,6.0986,35.2251,19.52393,4.418589,0.9513,0.993,0.2353,0.2353,0.2353,5.9527,143.5597,65.2928,143.5597,65.2928,0.4413,35.2251,0.9513,19.52393,4.418589,-2.8752,-0.0039,-0.1225,0.1459
/kaggle/input/datasets/duc24kdl/sub-x-ray/sub_X-Ray/sub_NIH/00001373_011.png,,sub_NIH,00001373_011.png,ok,512x512 -> 1024x1024,2,1,319.23,34.9177,20.956108,4.577784,0.9767,0.9976,0.0942,6.6695,31.5125,45.901966,6.775099,0.9622,0.9944,0.2147,0.2147,0.2147,6.5703,122.6753,62.7183,122.6753,62.7183,0.4003,31.5125,0.9622,45.901966,6.775099,-3.4052,-0.0032,-0.1205,0.0992
/kaggle/input/datasets/duc24kdl/sub-x-ray/sub_X-Ray/sub_NIH/00001373_012.png,,sub_NIH,00001373_012.png,ok,512x512 -> 1024x1024,2,1,320.58,35.0431,20.359659,4.512168,0.9653,0.9967,0.1376,6.3525,31.599,44.996473,6.707941,0.9488,0.9925,0.2677,0.2677,0.2677,5.9021,141.6629,60.4269,141.6629,60.4269,0.3197,31.599,0.9488,44.996473,6.707941,-3.4441,-0.0042,-0.1301,0.4503
/kaggle/input/datasets/duc24kdl/sub-x-ray/sub_X-Ray/sub_NIH/00001373_013.png,,sub_NIH,00001373_013.png,ok,512x512 -> 1024x1024,2,1,318.74,34.1596,24.952887,4.995286,0.9498,0.9954,0.1574,6.0102,30.4649,58.424287,7.643578,0.9277,0.9894,0.3099,0.3099,0.3099,5.7128,155.6464,62.7508,155.6464,62.7508,0.3536,30.4649,0.9277,58.424287,7.643578,-3.6947,-0.006,-0.1524,0.2974
/kaggle/input/datasets/duc24kdl/sub-x-ray/sub_X-Ray/sub_NIH/00001373_014.png,,sub_NIH,00001373_014.png,ok,512x512 -> 1024x1024,2,1,318.64,35.192,19.673632,4.435497,0.9663,0.9967,0.141,7.01,31.4915,46.12409,6.791472,0.9494,0.9929,0.2845,0.2845,0.2845,6.2882,127.9339,61.6087,127.9339,61.6087,0.3321,31.4915,0.9494,46.12409,6.791472,-3.7004,-0.0038,-0.1435,0.7217
/kaggle/input/datasets/duc24kdl/sub-x-ray/sub_X-Ray/sub_NIH/00001373_015.png,,sub_NIH,00001373_015.png,ok,512x512 -> 1024x1024,2,1,321.56,35.0816,20.179875,4.492202,0.9737,0.9973,0.1042,6.6833,31.6231,44.747472,6.689355,0.9606,0.9939,0.2241,0.2241,0.2241,6.1405,141.5694,58.9738,141.5694,58.9738,0.407,31.6231,0.9606,44.747472,6.689355,-3.4585,-0.0035,-0.1199,0.5428
/kaggle/input/datasets/duc24kdl/sub-x-ray/sub_X-Ray/sub_NIH/00001373_016.png,,sub_NIH,00001373_016.png,ok,512x512 -> 1024x1024,2,1,321.14,35.3941,18.77907,4.333482,0.9787,0.9977,0.0854,6.5785,31.7341,43.618338,6.604418,0.9647,0.9946,0.2007,0.2007,0.2007,6.2439,128.706,63.205,128.706,63.205,0.37,31.7341,0.9647,43.618338,6.604418,-3.66,-0.0031,-0.1153,0.3346
/kaggle/input/datasets/duc24kdl/sub-x-ray/sub_X-Ray/sub_NIH/00001373_017.png,,sub_NIH,00001373_017.png,ok,512x512 -> 1024x1024,2,1,319.21,35.6087,17.873461,4.227702,0.9812,0.9979,0.0763,6.4766,32.2365,38.853074,6.233223,0.9703,0.9953,0.1796,0.1796,0.1796,6.3002,115.0858,65.3653,115.0858,65.3653,0.4217,32.2365,0.9703,38.853074,6.233223,-3.3722,-0.0026,-0.1033,0.1764
/kaggle/input/datasets/duc24kdl/sub-x-ray/sub_X-Ray/sub_NIH/00001373_018.png,,sub_NIH,00001373_018.png,ok,512x512 -> 1024x1024,2,1,319.89,42.5677,3.600086,1.897389,0.9691,0.9972,0.1188,6.3897,39.9107,6.63766,2.576366,0.9554,0.994,0.2389,0.2389,0.2389,6.3461,127.2855,72.2454,127.2855,72.2454,0.2228,39.9107,0.9554,6.63766,2.576366,-2.657,-0.0032,-0.1201,0.0436
/kaggle/input/datasets/duc24kdl/sub-x-ray/sub_X-Ray/sub_NIH/00001373_019.png,,sub_NIH,00001373_019.png,ok,512x512 -> 1024x1024,2,1,319.46,35.8436,16.932349,4.114894,0.9806,0.9979,0.0777,5.9838,32.3493,37.857484,6.152844,0.9693,0.9948,0.1876,0.1876,0.1876,5.7451,123.758,61.9062,123.758,61.9062,0.3321,32.3493,0.9693,37.857484,6.152844,-3.4943,-0.0031,-0.1099,0.2387
/kaggle/input/datasets/duc24kdl/sub-x-ray/sub_X-Ray/sub_NIH/00001373_020.png,,sub_NIH,00001373_020.png,ok,512x512 -> 1024x1024,2,1,319.67,36.6089,14.196898,3.767877,0.9806,0.9978,0.08,6.4719,32.6232,35.543818,5.961864,0.9706,0.9951,0.1832,0.1832,0.1832,6.0827,119.0598,62.6802,119.0598,62.6802,0.3685,32.6232,0.9706,35.543818,5.961864,-3.9857,-0.0027,-0.1032,0.3892
/kaggle/input/datasets/duc24kdl/sub-x-ray/sub_X-Ray/sub_NIH/00001373_021.png,,sub_NIH,00001373_021.png,ok,512x512 -> 1024x1024,2,1,319.65,35.3937,18.780832,4.333686,0.9818,0.9979,0.0737,6.3918,31.6941,44.022256,6.634927,0.9713,0.995,0.1764,0.1764,0.1764,6.0998,121.7384,62.0418,121.7384,62.0418,0.3733,31.6941,0.9713,44.022256,6.634927,-3.6996,-0.0029,-0.1027,0.292
/kaggle/input/datasets/duc24kdl/sub-x-ray/sub_X-Ray/sub_NIH/00001373_022.png,,sub_NIH,00001373_022.png,ok,512x512 -> 1024x1024,2,1,318.67,37.0368,12.864657,3.586734,0.9828,0.9981,0.078,6.4137,33.728,27.560129,5.249774,0.9737,0.9956,0.1894,0.1894,0.1894,6.4736,113.3058,62.202,113.3058,62.202,0.3611,33.728,0.9737,27.560129,5.249774,-3.3088,-0.0024,-0.1114,-0.0599
/kaggle/input/datasets/duc24kdl/sub-x-ray/sub_X-Ray/sub_NIH/00001373_023.png,,sub_NIH,00001373_023.png,ok,512x512 -> 1024x1024,2,1,320.57,35.3219,19.093582,4.36962,0.9789,0.9977,0.0814,6.1874,32.1664,39.486141,6.2838,0.9666,0.9943,0.1893,0.1893,0.1893,5.9904,122.451,61.6253,122.451,61.6253,0.4048,32.1664,0.9666,39.486141,6.2838,-3.1556,-0.0034,-0.1079,0.197
/kaggle/input/datasets/duc24kdl/sub-x-ray/sub_X-Ray/sub_NIH/00001373_024.png,,sub_NIH,00001373_024.png,ok,512x512 -> 1024x1024,2,1,322.03,36.5159,14.504175,3.808435,0.9799,0.9978,0.0811,6.562,33.0291,32.371792,5.689621,0.9686,0.9949,0.197,0.197,0.197,6.402,120.827,58.2291,120.827,58.2291,0.352,33.0291,0.9686,32.371792,5.689621,-3.4867,-0.0029,-0.1159,0.16
/kaggle/input/datasets/duc24kdl/sub-x-ray/sub_X-Ray/sub_NIH/00001373_025.png,,sub_NIH,00001373_025.png,ok,512x512 -> 1024x1024,2,1,321.37,36.8138,13.542679,3.680038,0.9801,0.9978,0.0876,6.6809,33.3521,30.052049,5.481975,0.9698,0.9953,0.2059,0.2059,0.2059,6.1997,117.5846,56.7936,117.5846,56.7936,0.3517,33.3521,0.9698,30.052049,5.481975,-3.4617,-0.0026,-0.1183,0.4812
/kaggle/input/datasets/duc24kdl/sub-x-ray/sub_X-Ray/sub_NIH/00001373_026.png,,sub_NIH,00001373_026.png,ok,512x512 -> 1024x1024,2,1,320.4,38.4437,9.304882,3.05039,0.9818,0.998,0.0908,7.379,36.5957,14.240105,3.773606,0.9758,0.9961,0.2081,0.2081,0.2081,7.1011,115.6806,51.2256,115.6806,51.2256,0.2693,36.5957,0.9758,14.240105,3.773606,-1.848,-0.0019,-0.1173,0.278
/kaggle/input/datasets/duc24kdl/sub-x-ray/sub_X-Ray/sub_NIH/00001373_027.png,,sub_NIH,00001373_027.png,ok,512x512 -> 1024x1024,2,1,319.33,38.377,9.448808,3.073891,0.9815,0.998,0.0953,7.1779,36.5331,14.44687,3.800904,0.9757,0.9961,0.215,0.215,0.215,7.1999,114.4128,50.4721,114.4128,50.4721,0.2849,36.5331,0.9757,14.44687,3.800904,-1.844,-0.0018,-0.1197,-0.022
/kaggle/input/datasets/duc24kdl/sub-x-ray/sub_X-Ray/sub_NIH/00001373_028.png,,sub_NIH,00001373_028.png,ok,512x512 -> 1024x1024,2,1,320.19,36.6377,14.102883,3.755381,0.9802,0.9978,0.0801,6.1822,32.8615,33.645819,5.800502,0.9696,0.995,0.1894,0.1894,0.1894,6.0852,115.8768,59.9586,115.8768,59.9586,0.3566,32.8615,0.9696,33.645819,5.800502,-3.7762,-0.0028,-0.1093,0.097
/kaggle/input/datasets/duc24kdl/sub-x-ray/sub_X-Ray/sub_NIH/00001373_029.png,,sub_NIH,00001373_029.png,ok,512x512 -> 1024x1024,2,1,319.26,36.3097,15.209471,3.899932,0.982,0.998,0.0705,6.3345,32.5274,36.336228,6.027954,0.9719,0.9954,0.1773,0.1773,0.1773,6.0267,127.5273,63.7553,127.5273,63.7553,0.364,32.5274,0.9719,36.336228,6.027954,-3.7823,-0.0026,-0.1068,0.3078
/kaggle/input/datasets/duc24kdl/sub-x-ray/sub_X-Ray/sub_NIH/00001373_030.png,,sub_NIH,00001373_030.png,ok,512x512 -> 1024x1024,2,1,320.13,35.4873,18.380406,4.287238,0.9735,0.9973,0.1078,6.1426,31.9868,41.152463,6.415019,0.9603,0.9935,0.2324,0.2324,0.2324,6.142,129.3379,61.768,129.3379,61.768,0.3444,31.9868,0.9603,41.152463,6.415019,-3.5004,-0.0038,-0.1246,0.0006
/kaggle/input/datasets/duc24kdl/sub-x-ray/sub_X-Ray/sub_NIH/00001373_031.png,,sub_NIH,00001373_031.png,ok,512x512 -> 1024x1024,2,1,320.46,36.498,14.56383,3.816259,0.9799,0.9978,0.0791,6.317,32.5039,36.533677,6.04431,0.9697,0.9952,0.1848,0.1848,0.1848,6.0844,126.1531,62.091,126.1531,62.091,0.3687,32.5039,0.9697,36.533677,6.04431,-3.9942,-0.0026,-0.1056,0.2326
/kaggle/input/datasets/duc24kdl/sub-x-ray/sub_X-Ray/sub_NIH/00001373_032.png,,sub_NIH,00001373_032.png,ok,512x512 -> 1024x1024,2,1,320.44,35.8859,16.768395,4.094923,0.9796,0.9978,0.076,6.2872,32.0345,40.702913,6.379883,0.9687,0.9948,0.1859,0.1859,0.1859,6.1101,128.4831,60.95,128.4831,60.95,0.3827,32.0345,0.9687,40.702913,6.379883,-3.8513,-0.003,-0.11,0.177
/kaggle/input/datasets/duc24kdl/sub-x-ray/sub_X-Ray/sub_NIH/00001373_033.png,,sub_NIH,00001373_033.png,ok,512x512 -> 1024x1024,2,1,318.9,36.1076,15.933956,3.991736,0.9774,0.9976,0.0846,6.1983,32.4311,37.151158,6.095175,0.9651,0.9945,0.1969,0.1969,0.1969,5.9894,132.6487,59.9335,132.6487,59.9335,0.3443,32.4311,0.9651,37.151158,6.095175,-3.6765,-0.0031,-0.1123,0.2088
/kaggle/input/datasets/duc24kdl/sub-x-ray/sub_X-Ray/sub_NIH/00001373_034.png,,sub_NIH,00001373_034.png,ok,512x512 -> 1024x1024,2,1,321.16,34.5012,23.065153,4.802619,0.9713,0.9971,0.1109,6.5615,31.0018,51.629479,7.185366,0.9547,0.9931,0.2353,0.2353,0.2353,6.0755,128.6929,69.0156,128.6929,69.0156,0.3913,31.0018,0.9547,51.629479,7.185366,-3.4994,-0.004,-0.1244,0.486
/kaggle/input/datasets/duc24kdl/sub-x-ray/sub_X-Ray/sub_NIH/00001373_035.png,,sub_NIH,00001373_035.png,ok,512x512 -> 1024x1024,2,1,322.56,36.3184,15.178923,3.896014,0.9796,0.9977,0.0902,6.962,32.5822,35.880754,5.990055,0.9712,0.9953,0.2119,0.2119,0.2119,6.3073,122.5413,57.9967,122.5413,57.9967,0.3801,32.5822,0.9712,35.880754,5.990055,-3.7362,-0.0024,-0.1217,0.6547
/kaggle/input/datasets/duc24kdl/sub-x-ray/sub_X-Ray/sub_NIH/00001373_036.png,,sub_NIH,00001373_036.png,ok,512x512 -> 1024x1024,2,1,321.44,36.299,15.246728,3.904706,0.9748,0.9973,0.1014,6.4594,32.6059,35.685666,5.973748,0.9627,0.9941,0.2281,0.2281,0.2281,6.1758,133.9722,53.5586,133.9722,53.5586,0.3479,32.6059,0.9627,35.685666,5.973748,-3.6932,-0.0032,-0.1266,0.2836
/kaggle/input/datasets/duc24kdl/sub-x-ray/sub_X-Ray/sub_NIH/00001373_037.png,,sub_NIH,00001373_037.png,ok,512x512 -> 1024x1024,2,1,320.12,36.7071,13.879533,3.725525,0.9802,0.9978,0.0801,6.4018,33.1141,31.744393,5.634216,0.9701,0.995,0.1991,0.1991,0.1991,6.3376,122.3657,61.4545,122.3657,61.4545,0.3677,33.1141,0.9701,31.744393,5.634216,-3.5929,-0.0028,-0.1189,0.0642
/kaggle/input/datasets/duc24kdl/sub-x-ray/sub_X-Ray/sub_NIH/00001373_038.png,,sub_NIH,00001373_038.png,ok,512x512 -> 1024x1024,2,1,320.01,33.3406,30.131475,5.489214,0.9702,0.997,0.1082,6.0528,29.7888,68.265589,8.262299,0.9548,0.9928,0.2418,0.2418,0.2418,6.0756,145.422,51.3448,145.422,51.3448,0.2625,29.7888,0.9548,68.265589,8.262299,-3.5518,-0.0042,-0.1336,-0.0228
/kaggle/input/datasets/duc24kdl/sub-x-ray/sub_X-Ray/sub_NIH/00001373_039.png,,sub_NIH,00001373_039.png,ok,512x512 -> 1024x1024,2,1,319.78,36.4544,14.710841,3.835471,0.9752,0.9974,0.0956,6.6324,32.785,34.243713,5.851813,0.9612,0.9939,0.2143,0.2143,0.2143,6.1804,128.0424,61.8202,128.0424,61.8202,0.3586,32.785,0.9612,34.243713,5.851813,-3.6694,-0.0034,-0.1187,0.452
/kaggle/input/datasets/duc24kdl/sub-x-ray/sub_X-Ray/sub_NIH/00001373_040.png,,sub_NIH,00001373_040.png,ok,512x512 -> 1024x1024,2,1,321.15,36.2569,15.395467,3.923706,0.9697,0.997,0.1218,6.9007,32.6713,35.152298,5.928937,0.9579,0.9936,0.256,0.256,0.256,6.3355,135.045,56.465,135.045,56.465,0.3697,32.6713,0.9579,35.152298,5.928937,-3.5856,-0.0033,-0.1342,0.5652
/kaggle/input/datasets/duc24kdl/sub-x-ray/sub_X-Ray/sub_NIH/00001373_041.png,,sub_NIH,00001373_041.png,ok,512x512 -> 1024x1024,2,1,320.18,35.5549,18.096391,4.253985,0.9726,0.9972,0.1035,6.193,32.2529,38.706717,6.221472,0.9555,0.993,0.2299,0.2299,0.2299,6.0906,128.19,67.9166,128.19,67.9166,0.3946,32.2529,0.9555,38.706717,6.221472,-3.3019,-0.0042,-0.1264,0.1024
/kaggle/input/datasets/duc24kdl/sub-x-ray/sub_X-Ray/sub_NIH/00001373_042.png,,sub_NIH,00001373_042.png,ok,512x512 -> 1024x1024,2,1,320.75,36.6897,13.935107,3.732976,0.9722,0.9972,0.1194,6.5835,33.4682,29.259261,5.409183,0.9609,0.9941,0.2513,0.2513,0.2513,6.5702,124.1484,62.7224,124.1484,62.7224,0.3469,33.4682,0.9609,29.259261,5.409183,-3.2215,-0.0031,-0.1319,0.0133
/kaggle/input/datasets/duc24kdl/sub-x-ray/sub_X-Ray/sub_NIH/00001373_043.png,,sub_NIH,00001373_043.png,ok,512x512 -> 1024x1024,2,1,320.28,36.5475,14.39894,3.794594,0.9721,0.9972,0.1165,7.1227,33.1709,31.332287,5.597525,0.9607,0.9941,0.247,0.247,0.247,6.8173,129.3153,61.5832,129.3153,61.5832,0.3672,33.1709,0.9607,31.332287,5.597525,-3.3766,-0.0031,-0.1305,0.3054
/kaggle/input/datasets/duc24kdl/sub-x-ray/sub_X-Ray/sub_NIH/00001373_044.png,,sub_NIH,00001373_044.png,ok,512x512 -> 1024x1024,2,1,319.13,36.1893,15.636919,3.954354,0.9713,0.9971,0.1243,6.8985,32.6821,35.064737,5.921549,0.9604,0.9941,0.2597,0.2597,0.2597,6.6414,142.0393,60.2408,142.0393,60.2408,0.3552,32.6821,0.9604,35.064737,5.921549,-3.5072,-0.0031,-0.1354,0.2571
/kaggle/input/datasets/duc24kdl/sub-x-ray/sub_X-Ray/sub_NIH/00001373_045.png,,sub_NIH,00001373_045.png,ok,512x512 -> 1024x1024,2,1,320.64,36.3561,15.047818,3.879152,0.977,0.9976,0.0964,6.5056,32.9438,33.014053,5.745786,0.9669,0.9946,0.2132,0.2132,0.2132,6.3023,130.0157,62.6495,130.0157,62.6495,0.3704,32.9438,0.9669,33.014053,5.745786,-3.4123,-0.0029,-0.1168,0.2033
/kaggle/input/datasets/duc24kdl/sub-x-ray/sub_X-Ray/sub_NIH/00001373_046.png,,sub_NIH,00001373_046.png,ok,512x512 -> 1024x1024,2,1,321.52,36.1998,15.599281,3.949593,0.966,0.9967,0.1336,6.4317,32.7733,34.336308,5.859719,0.9515,0.9928,0.2701,0.2701,0.2701,6.5418,130.4719,60.9072,130.4719,60.9072,0.343,32.7733,0.9515,34.336308,5.859719,-3.4265,-0.0039,-0.1366,-0.1101
/kaggle/input/datasets/duc24kdl/sub-x-ray/sub_X-Ray/sub_NIH/00001373_047.png,,sub_NIH,00001373_047.png,ok,512x512 -> 1024x1024,2,1,321.23,36.1063,15.93843,3.992296,0.9763,0.9975,0.0918,6.3105,32.4865,36.679833,6.056388,0.9654,0.9945,0.2043,0.2043,0.2043,6.1188,132.5823,62.6905,132.5823,62.6905,0.368,32.4865,0.9654,36.679833,6.056388,-3.6198,-0.003,-0.1124,0.1917
/kaggle/input/datasets/duc24kdl/sub-x-ray/sub_X-Ray/sub_NIH/00001373_048.png,,sub_NIH,00001373_048.png,ok,512x512 -> 1024x1024,2,1,318.45,36.8236,13.512127,3.675884,0.9748,0.9974,0.1009,6.8025,32.9049,33.311085,5.771576,0.9637,0.9945,0.2178,0.2178,0.2178,6.198,135.2495,62.4741,135.2495,62.4741,0.3337,32.9049,0.9637,33.311085,5.771576,-3.9187,-0.003,-0.117,0.6045
/kaggle/input/datasets/duc24kdl/sub-x-ray/sub_X-Ray/sub_NIH/00001373_049.png,,sub_NIH,00001373_049.png,ok,512x512 -> 1024x1024,2,1,320.69,34.469,23.237241,4.820502,0.9706,0.997,0.1121,6.2114,31.0043,51.599812,7.183301,0.9558,0.993,0.2336,0.2336,0.2336,5.8479,140.9204,64.1536,140.9204,64.1536,0.4123,31.0043,0.9558,51.599812,7.183301,-3.4646,-0.004,-0.1215,0.3635
/kaggle/input/datasets/duc24kdl/sub-x-ray/sub_X-Ray/sub_NIH/00001373_050.png,,sub_NIH,00001373_050.png,ok,512x512 -> 1024x1024,2,1,320.01,40.3338,6.021448,2.453864,0.9702,0.997,0.1267,6.881,36.7594,13.713383,3.703159,0.9584,0.9938,0.2562,0.2562,0.2562,6.5582,132.9619,63.4756,132.9619,63.4756,0.2591,36.7594,0.9584,13.713383,3.703159,-3.5744,-0.0033,-0.1295,0.3228
/kaggle/input/datasets/duc24kdl/sub-x-ray/sub_X-Ray/sub_NIH/00001373_051.png,,sub_NIH,00001373_051.png,ok,512x512 -> 1024x1024,2,1,320.44,36.0993,15.96444,3.995553,0.9714,0.9972,0.1047,6.5177,32.2304,38.90785,6.237616,0.9576,0.9935,0.2265,0.2265,0.2265,5.9957,139.6934,62.0031,139.6934,62.0031,0.3619,32.2304,0.9576,38.90785,6.237616,-3.8688,-0.0037,-0.1219,0.522
/kaggle/input/datasets/duc24kdl/sub-x-ray/sub_X-Ray/sub_NIH/00001373_052.png,,sub_NIH,00001373_052.png,ok,512x512 -> 1024x1024,2,1,320.71,34.44,23.392591,4.836589,0.9726,0.9972,0.0943,6.1054,31.1729,49.635111,7.045219,0.9568,0.9931,0.2113,0.2113,0.2113,6.0274,138.1128,63.8509,138.1128,63.8509,0.3999,31.1729,0.9568,49.635111,7.045219,-3.2671,-0.0041,-0.1171,0.078
/kaggle/input/datasets/duc24kdl/sub-x-ray/sub_X-Ray/sub_NIH/00001373_053.png,,sub_NIH,00001373_053.png,ok,512x512 -> 1024x1024,2,1,322.2,35.9417,16.554149,4.068679,0.9764,0.9975,0.0847,6.1483,32.0459,40.597018,6.371579,0.9635,0.994,0.1945,0.1945,0.1945,6.0488,141.4157,61.703,141.4157,61.703,0.3401,32.0459,0.9635,40.597018,6.371579,-3.8959,-0.0035,-0.1097,0.0995
/kaggle/input/datasets/duc24kdl/sub-x-ray/sub_X-Ray/sub_NIH/00001373_054.png,,sub_NIH,00001373_054.png,ok,512x512 -> 1024x1024,2,1,318.82,35.2871,19.247369,4.387182,0.9737,0.9973,0.0949,5.7965,31.9107,41.880158,6.471488,0.961,0.9935,0.1993,0.1993,0.1993,5.9618,139.8693,68.1229,139.8693,68.1229,0.3457,31.9107,0.961,41.880158,6.471488,-3.3764,-0.0038,-0.1044,-0.1652
/kaggle/input/datasets/duc24kdl/sub-x-ray/sub_X-Ray/sub_NIH/00001373_055.png,,sub_NIH,00001373_055.png,ok,512x512 -> 1024x1024,2,1,320.53,35.8935,16.739156,4.091351,0.9689,0.9969,0.1225,6.5675,32.0016,41.013124,6.404149,0.9558,0.9931,0.2471,0.2471,0.2471,6.0279,129.8162,68.1556,129.8162,68.1556,0.367,32.0016,0.9558,41.013124,6.404149,-3.8919,-0.0038,-0.1246,0.5396
/kaggle/input/datasets/duc24kdl/sub-x-ray/sub_X-Ray/sub_NIH/00001374_000.png,,sub_NIH,00001374_000.png,ok,512x512 -> 1024x1024,2,1,319.13,46.4708,1.465544,1.210596,0.9867,0.9984,0.0606,7.4009,43.6246,2.822417,1.680005,0.982,0.9969,0.1597,0.1597,0.1597,6.9578,155.0059,50.9495,155.0059,50.9495,0.3353,43.6246,0.982,2.822417,1.680005,-2.8462,-0.0015,-0.0991,0.4431
/kaggle/input/datasets/duc24kdl/sub-x-ray/sub_X-Ray/sub_NIH/00001375_000.png,,sub_NIH,00001375_000.png,ok,512x512 -> 1024x1024,2,1,321.66,39.6588,7.033909,2.652152,0.9709,0.997,0.1228,6.9544,37.1268,12.601006,3.54979,0.9539,0.9934,0.2443,0.2443,0.2443,6.5276,139.0927,50.7181,139.0927,50.7181,0.4743,37.1268,0.9539,12.601006,3.54979,-2.5321,-0.0036,-0.1215,0.4269
/kaggle/input/datasets/duc24kdl/sub-x-ray/sub_X-Ray/sub_NIH/00001376_000.png,,sub_NIH,00001376_000.png,ok,512x512 -> 1024x1024,2,1,319.89,39.0754,8.045253,2.836416,0.9841,0.9982,0.0762,6.9936,37.2202,12.33274,3.5118,0.9788,0.9966,0.1778,0.1778,0.1778,6.8232,126.0947,49.923,126.0947,49.923,0.2067,37.2202,0.9788,12.33274,3.5118,-1.8552,-0.0016,-0.1016,0.1704
/kaggle/input/datasets/duc24kdl/sub-x-ray/sub_X-Ray/sub_NIH/00001376_001.png,,sub_NIH,00001376_001.png,ok,512x512 -> 1024x1024,2,1,319.93,38.1612,9.93036,3.151247,0.9869,0.9985,0.0576,6.906,36.3004,15.241941,3.904093,0.9806,0.9969,0.1387,0.1387,0.1387,6.469,160.0993,55.406,160.0993,55.406,0.1845,36.3004,0.9806,15.241941,3.904093,-1.8608,-0.0016,-0.0811,0.437
/kaggle/input/datasets/duc24kdl/sub-x-ray/sub_X-Ray/sub_NIH/00001376_002.png,,sub_NIH,00001376_002.png,ok,512x512 -> 1024x1024,2,1,320.23,38.8858,8.404189,2.898998,0.9864,0.9984,0.0519,6.7139,36.8992,13.278723,3.643998,0.9783,0.9961,0.1361,0.1361,0.1361,6.466,156.2287,60.5075,156.2287,60.5075,0.3441,36.8992,0.9783,13.278723,3.643998,-1.9866,-0.0022,-0.0842,0.2478
/kaggle/input/datasets/duc24kdl/sub-x-ray/sub_X-Ray/sub_NIH/00001376_003.png,,sub_NIH,00001376_003.png,ok,512x512 -> 1024x1024,2,1,320.98,38.1431,9.97179,3.157814,0.9835,0.9982,0.0629,6.383,34.4911,23.119113,4.808234,0.971,0.9951,0.1627,0.1627,0.1627,6.1121,161.7794,64.2886,161.7794,64.2886,0.2443,34.4911,0.971,23.119113,4.808234,-3.652,-0.0031,-0.0998,0.2709
/kaggle/input/datasets/duc24kdl/sub-x-ray/sub_X-Ray/sub_NIH/00001376_004.png,,sub_NIH,00001376_004.png,ok,512x512 -> 1024x1024,2,1,321.44,38.2619,9.702716,3.114918,0.987,0.9985,0.0518,6.5225,35.7892,17.14597,4.140769,0.9813,0.9964,0.139,0.139,0.139,6.3695,168.8537,59.9933,168.8537,59.9933,0.1577,35.7892,0.9813,17.14597,4.140769,-2.4727,-0.002,-0.0872,0.153
/kaggle/input/datasets/duc24kdl/sub-x-ray/sub_X-Ray/sub_NIH/00001376_005.png,,sub_NIH,00001376_005.png,ok,512x512 -> 1024x1024,2,1,320.12,36.948,13.13046,3.623598,0.9831,0.9982,0.0735,6.9741,34.3676,23.786061,4.877096,0.9691,0.9959,0.1747,0.1747,0.1747,6.5614,103.047,66.2201,103.047,66.2201,0.2622,34.3676,0.9691,23.786061,4.877096,-2.5804,-0.0023,-0.1012,0.4126
/kaggle/input/datasets/duc24kdl/sub-x-ray/sub_X-Ray/sub_NIH/00001376_006.png,,sub_NIH,00001376_006.png,ok,512x512 -> 1024x1024,2,1,318.8,43.2544,3.073519,1.753145,0.9701,0.9973,0.1112,6.0987,40.6407,5.610583,2.368667,0.9543,0.9938,0.234,0.234,0.234,6.3963,102.2046,75.0109,102.2046,75.0109,0.1727,40.6407,0.9543,5.610583,2.368667,-2.6137,-0.0035,-0.1228,-0.2976
/kaggle/input/datasets/duc24kdl/sub-x-ray/sub_X-Ray/sub_NIH/00001376_007.png,,sub_NIH,00001376_007.png,ok,512x512 -> 1024x1024,2,1,322.87,42.3682,3.769283,1.941464,0.9672,0.997,0.1196,6.3939,39.9125,6.634769,2.575805,0.9492,0.9933,0.2445,0.2445,0.2445,6.3948,101.3414,71.828,101.3414,71.828,0.2546,39.9125,0.9492,6.634769,2.575805,-2.4557,-0.0037,-0.1248,-0.0009
/kaggle/input/datasets/duc24kdl/sub-x-ray/sub_X-Ray/sub_NIH/00001376_008.png,,sub_NIH,00001376_008.png,ok,512x512 -> 1024x1024,2,1,321.14,38.6694,8.833583,2.972134,0.9858,0.9984,0.0565,6.8526,36.4198,14.828749,3.850811,0.9793,0.9966,0.1422,0.1422,0.1422,6.2619,145.219,62.4424,145.219,62.4424,0.1764,36.4198,0.9793,14.828749,3.850811,-2.2497,-0.0018,-0.0857,0.5907
/kaggle/input/datasets/duc24kdl/sub-x-ray/sub_X-Ray/sub_NIH/00001376_009.png,,sub_NIH,00001376_009.png,ok,512x512 -> 1024x1024,2,1,319.65,39.2597,7.710925,2.776855,0.9859,0.9984,0.0623,6.8278,37.2255,12.317593,3.509643,0.9795,0.9967,0.1504,0.1504,0.1504,6.6278,112.7224,58.8663,112.7224,58.8663,0.2205,37.2255,0.9795,12.317593,3.509643,-2.0342,-0.0017,-0.0882,0.2
/kaggle/input/datasets/duc24kdl/sub-x-ray/sub_X-Ray/sub_NIH/00001376_010.png,,sub_NIH,00001376_010.png,ok,512x512 -> 1024x1024,2,1,319.43,39.6583,7.034708,2.652302,0.9833,0.9981,0.0766,7.1896,37.7983,10.795575,3.285662,0.9758,0.9962,0.1802,0.1802,0.1802,7.1933,110.8611,51.8537,110.8611,51.8537,0.1501,37.7983,0.9758,10.795575,3.285662,-1.86,-0.0019,-0.1036,-0.0037
/kaggle/input/datasets/duc24kdl/sub-x-ray/sub_X-Ray/sub_NIH/00001377_000.png,,sub_NIH,00001377_000.png,ok,512x512 -> 1024x1024,2,1,321.18,40.1483,6.284174,2.506826,0.9848,0.9982,0.0622,7.0808,37.6125,11.267645,3.356731,0.9785,0.9964,0.1612,0.1612,0.1612,6.6042,129.9701,54.139,129.9701,54.139,0.1454,37.6125,0.9785,11.267645,3.356731,-2.5358,-0.0018,-0.099,0.4766
/kaggle/input/datasets/duc24kdl/sub-x-ray/sub_X-Ray/sub_NIH/00001377_001.png,,sub_NIH,00001377_001.png,ok,512x512 -> 1024x1024,2,1,320.47,39.0144,8.158979,2.856393,0.9833,0.9981,0.0662,6.5182,36.9033,13.266403,3.642307,0.9757,0.9962,0.1552,0.1552,0.1552,6.5767,130.7521,58.2256,130.7521,58.2256,0.1824,36.9033,0.9757,13.266403,3.642307,-2.1112,-0.002,-0.089,-0.0585
/kaggle/input/datasets/duc24kdl/sub-x-ray/sub_X-Ray/sub_NIH/00001377_002.png,,sub_NIH,00001377_002.png,ok,512x512 -> 1024x1024,2,1,319.42,39.4509,7.378875,2.716408,0.9861,0.9983,0.062,6.9971,37.5112,11.53352,3.396104,0.9805,0.9967,0.1478,0.1478,0.1478,6.5437,120.087,58.4066,120.087,58.4066,0.2675,37.5112,0.9805,11.53352,3.396104,-1.9397,-0.0016,-0.0858,0.4534
/kaggle/input/datasets/duc24kdl/sub-x-ray/sub_X-Ray/sub_NIH/00001377_003.png,,sub_NIH,00001377_003.png,ok,512x512 -> 1024x1024,2,1,319.19,44.5852,2.262346,1.50411,0.9852,0.9983,0.0551,6.8755,42.3106,3.819617,1.954384,0.9781,0.9964,0.1452,0.1452,0.1452,6.1552,146.2029,55.6578,146.2029,55.6578,0.2154,42.3106,0.9781,3.819617,1.954384,-2.2746,-0.0019,-0.0901,0.7203
/kaggle/input/datasets/duc24kdl/sub-x-ray/sub_X-Ray/sub_NIH/00001377_004.png,,sub_NIH,00001377_004.png,ok,512x512 -> 1024x1024,2,1,322.06,47.1808,1.244513,1.115577,0.9846,0.9982,0.0552,7.219,44.7254,2.190487,1.480029,0.9788,0.9965,0.1464,0.1464,0.1464,6.2441,160.2007,45.6304,160.2007,45.6304,0.2135,44.7254,0.9788,2.190487,1.480029,-2.4554,-0.0017,-0.0912,0.9749
/kaggle/input/datasets/duc24kdl/sub-x-ray/sub_X-Ray/sub_NIH/00001377_005.png,,sub_NIH,00001377_005.png,ok,512x512 -> 1024x1024,2,1,319.11,45.191,1.967806,1.402785,0.984,0.9982,0.0616,6.9901,42.1925,3.924875,1.98113,0.9762,0.996,0.1641,0.1641,0.1641,6.2763,156.2216,46.8389,156.2216,46.8389,0.2935,42.1925,0.9762,3.924875,1.98113,-2.9984,-0.0021,-0.1025,0.7138
/kaggle/input/datasets/duc24kdl/sub-x-ray/sub_X-Ray/sub_NIH/00001378_000.png,,sub_NIH,00001378_000.png,ok,512x512 -> 1024x1024,2,1,321.8,38.9491,8.282607,2.877952,0.9847,0.9982,0.061,6.702,36.86,13.399207,3.660493,0.9785,0.9963,0.1568,0.1568,0.1568,6.3804,165.0733,57.508,165.0733,57.508,0.1304,36.86,0.9785,13.399207,3.660493,-2.0891,-0.0019,-0.0958,0.3216
/kaggle/input/datasets/duc24kdl/sub-x-ray/sub_X-Ray/sub_NIH/00001378_001.png,,sub_NIH,00001378_001.png,ok,512x512 -> 1024x1024,2,1,321.11,38.6549,8.863121,2.977099,0.984,0.9982,0.06,6.3023,35.84,16.946329,4.116592,0.9753,0.9957,0.1592,0.1592,0.1592,6.0909,156.6483,66.9573,156.6483,66.9573,0.1734,35.84,0.9753,16.946329,4.116592,-2.8149,-0.0025,-0.0992,0.2114
/kaggle/input/datasets/duc24kdl/sub-x-ray/sub_X-Ray/sub_NIH/00001378_002.png,,sub_NIH,00001378_002.png,ok,512x512 -> 1024x1024,2,1,318.99,41.5999,4.498763,2.121029,0.9671,0.997,0.1201,6.3429,39.035,8.120515,2.849652,0.9486,0.9932,0.2533,0.2533,0.2533,6.5295,99.8359,76.7669,99.8359,76.7669,0.2492,39.035,0.9486,8.120515,2.849652,-2.5649,-0.0038,-0.1332,-0.1866
/kaggle/input/datasets/duc24kdl/sub-x-ray/sub_X-Ray/sub_NIH/00001378_003.png,,sub_NIH,00001378_003.png,ok,512x512 -> 1024x1024,2,1,320.28,41.8636,4.23369,2.057593,0.9668,0.9969,0.1278,6.266,38.9515,8.278015,2.877154,0.9521,0.9931,0.2649,0.2649,0.2649,6.2028,108.1227,68.7688,108.1227,68.7688,0.2126,38.9515,0.9521,8.278015,2.877154,-2.9121,-0.0038,-0.1371,0.0632
/kaggle/input/datasets/duc24kdl/sub-x-ray/sub_X-Ray/sub_NIH/00001378_004.png,,sub_NIH,00001378_004.png,ok,512x512 -> 1024x1024,2,1,320.64,41.6085,4.489791,2.118913,0.9699,0.9971,0.1208,5.9847,38.7359,8.699334,2.949463,0.9567,0.9933,0.2466,0.2466,0.2466,6.4577,118.0816,70.3728,118.0816,70.3728,0.2048,38.7359,0.9567,8.699334,2.949463,-2.8726,-0.0038,-0.1257,-0.473
/kaggle/input/datasets/duc24kdl/sub-x-ray/sub_X-Ray/sub_NIH/00001379_000.png,,sub_NIH,00001379_000.png,ok,512x512 -> 1024x1024,2,1,320.5,41.6975,4.398751,2.09732,0.961,0.9965,0.1392,6.2879,39.2848,7.666551,2.768854,0.94,0.9925,0.2842,0.2842,0.2842,6.6573,112.1417,66.0405,112.1417,66.0405,0.1464,39.2848,0.94,7.666551,2.768854,-2.4127,-0.0039,-0.1449,-0.3694
/kaggle/input/datasets/duc24kdl/sub-x-ray/sub_X-Ray/sub_NIH/00001380_000.png,,sub_NIH,00001380_000.png,ok,512x512 -> 1024x1024,2,1,320.06,44.2961,2.418082,1.555018,0.9761,0.9975,0.0961,7.0484,42.4122,3.731313,1.931661,0.9622,0.9951,0.2215,0.2215,0.2215,6.9942,105.5242,39.3178,105.5242,39.3178,0.2555,42.4122,0.9622,3.731313,1.931661,-1.8839,-0.0024,-0.1255,0.0543
/kaggle/input/datasets/duc24kdl/sub-x-ray/sub_X-Ray/sub_NIH/00001381_000.png,,sub_NIH,00001381_000.png,ok,512x512 -> 1024x1024,2,1,322.55,42.3598,3.776566,1.943339,0.9644,0.9968,0.1286,6.1131,39.3011,7.637824,2.763661,0.9466,0.9929,0.264,0.264,0.264,6.3647,102.8559,67.573,102.8559,67.573,0.1704,39.3011,0.9466,7.637824,2.763661,-3.0587,-0.0039,-0.1354,-0.2515
/kaggle/input/datasets/duc24kdl/sub-x-ray/sub_X-Ray/sub_NIH/00001381_001.png,,sub_NIH,00001381_001.png,ok,512x512 -> 1024x1024,2,1,319.59,41.3194,4.798937,2.190648,0.9635,0.9967,0.1369,6.3815,39.0224,8.144137,2.853793,0.9474,0.993,0.2725,0.2725,0.2725,6.2312,109.9047,64.7771,109.9047,64.7771,0.2259,39.0224,0.9474,8.144137,2.853793,-2.297,-0.0037,-0.1356,0.1503
/kaggle/input/datasets/duc24kdl/sub-x-ray/sub_X-Ray/sub_NIH/00001381_002.png,,sub_NIH,00001381_002.png,ok,512x512 -> 1024x1024,2,1,321.24,35.349,18.974897,4.356019,0.981,0.9979,0.0925,7.078,33.0464,32.24363,5.678347,0.9697,0.995,0.2193,0.2193,0.2193,6.9147,108.3545,46.2587,108.3545,46.2587,0.3089,33.0464,0.9697,32.24363,5.678347,-2.3026,-0.0029,-0.1269,0.1633
/kaggle/input/datasets/duc24kdl/sub-x-ray/sub_X-Ray/sub_NIH/00001381_003.png,,sub_NIH,00001381_003.png,ok,512x512 -> 1024x1024,2,1,319.51,36.6187,14.164767,3.763611,0.9851,0.9982,0.0786,7.3743,34.4622,23.273683,4.824281,0.9786,0.9968,0.1936,0.1936,0.1936,7.1302,108.5467,49.4913,108.5467,49.4913,0.2978,34.4622,0.9786,23.273683,4.824281,-2.1566,-0.0015,-0.115,0.2441
/kaggle/input/datasets/duc24kdl/sub-x-ray/sub_X-Ray/sub_NIH/00001381_004.png,,sub_NIH,00001381_004.png,ok,512x512 -> 1024x1024,2,1,322.5,42.2518,3.871706,1.967665,0.9656,0.9969,0.1258,6.2435,39.7916,6.82206,2.611907,0.9488,0.9933,0.2565,0.2565,0.2565,6.5524,101.6675,66.1488,101.6675,66.1488,0.1641,39.7916,0.9488,6.82206,2.611907,-2.4601,-0.0036,-0.1306,-0.3089
/kaggle/input/datasets/duc24kdl/sub-x-ray/sub_X-Ray/sub_NIH/00001381_005.png,,sub_NIH,00001381_005.png,ok,512x512 -> 1024x1024,2,1,319.98,38.349,9.509929,3.083817,0.9842,0.9981,0.0855,7.8637,36.3767,14.976611,3.869963,0.9742,0.9964,0.1965,0.1965,0.1965,7.4923,108.2841,44.9155,108.2841,44.9155,0.3004,36.3767,0.9742,14.976611,3.869963,-1.9724,-0.0017,-0.111,0.3714
/kaggle/input/datasets/duc24kdl/sub-x-ray/sub_X-Ray/sub_NIH/00001381_006.png,,sub_NIH,00001381_006.png,ok,512x512 -> 1024x1024,2,1,320.06,37.702,11.037751,3.322311,0.9835,0.9982,0.0799,6.9028,35.5925,17.940212,4.235589,0.9722,0.996,0.1835,0.1835,0.1835,6.7526,106.8527,60.872,106.8527,60.872,0.3666,35.5925,0.9722,17.940212,4.235589,-2.1095,-0.0022,-0.1036,0.1503
/kaggle/input/datasets/duc24kdl/sub-x-ray/sub_X-Ray/sub_NIH/00001381_007.png,,sub_NIH,00001381_007.png,ok,512x512 -> 1024x1024,2,1,321.78,37.0207,12.912504,3.593397,0.9813,0.9979,0.0855,6.7523,34.8058,21.503142,4.637148,0.9664,0.9952,0.1962,0.1962,0.1962,6.7735,103.2638,59.0139,103.2638,59.0139,0.3161,34.8058,0.9664,21.503142,4.637148,-2.2149,-0.0028,-0.1107,-0.0212
/kaggle/input/datasets/duc24kdl/sub-x-ray/sub_X-Ray/sub_NIH/00001381_008.png,,sub_NIH,00001381_008.png,ok,512x512 -> 1024x1024,2,1,320.24,37.3828,11.879507,3.446666,0.983,0.998,0.0858,6.6211,35.2621,19.358238,4.3998,0.9745,0.9957,0.2022,0.2022,0.2022,6.7898,108.0525,53.9856,108.0525,53.9856,0.2701,35.2621,0.9745,19.358238,4.3998,-2.1207,-0.0023,-0.1164,-0.1687
/kaggle/input/datasets/duc24kdl/sub-x-ray/sub_X-Ray/sub_NIH/00001381_009.png,,sub_NIH,00001381_009.png,ok,512x512 -> 1024x1024,2,1,320.95,37.1774,12.45481,3.529137,0.9846,0.9982,0.0853,6.653,35.1304,19.954617,4.467059,0.9761,0.996,0.1932,0.1932,0.1932,6.711,117.4257,51.5278,117.4257,51.5278,0.3337,35.1304,0.9761,19.954617,4.467059,-2.0471,-0.0022,-0.1079,-0.058
/kaggle/input/datasets/duc24kdl/sub-x-ray/sub_X-Ray/sub_NIH/00001381_010.png,,sub_NIH,00001381_010.png,ok,512x512 -> 1024x1024,2,1,321.46,42.6483,3.533859,1.879856,0.9655,0.9969,0.1317,6.239,39.9428,6.588679,2.566842,0.9488,0.9932,0.2684,0.2684,0.2684,6.2512,105.4107,68.3897,105.4107,68.3897,0.2014,39.9428,0.9488,6.588679,2.566842,-2.7055,-0.0037,-0.1367,-0.0121
/kaggle/input/datasets/duc24kdl/sub-x-ray/sub_X-Ray/sub_NIH/00001381_011.png,,sub_NIH,00001381_011.png,ok,512x512 -> 1024x1024,2,1,319.98,35.6997,17.502935,4.183651,0.9809,0.9979,0.0954,6.5627,33.503,29.025655,5.387546,0.9743,0.9956,0.2186,0.2186,0.2186,6.8812,124.4626,58.1497,124.4626,58.1497,0.2085,33.503,0.9743,29.025655,5.387546,-2.1967,-0.0023,-0.1233,-0.3185
/kaggle/input/datasets/duc24kdl/sub-x-ray/sub_X-Ray/sub_NIH/00001381_012.png,,sub_NIH,00001381_012.png,ok,512x512 -> 1024x1024,2,1,321.51,42.3753,3.763123,1.939877,0.9651,0.9968,0.1351,6.0981,39.8087,6.795296,2.606779,0.9511,0.9934,0.2723,0.2723,0.2723,6.479,119.4452,67.9647,119.4452,67.9647,0.1967,39.8087,0.9511,6.795296,2.606779,-2.5666,-0.0034,-0.1372,-0.3808
/kaggle/input/datasets/duc24kdl/sub-x-ray/sub_X-Ray/sub_NIH/00001381_013.png,,sub_NIH,00001381_013.png,ok,512x512 -> 1024x1024,2,1,321.19,42.2392,3.88291,1.97051,0.9615,0.9965,0.149,6.0436,39.5439,7.222567,2.687483,0.9467,0.9929,0.2981,0.2981,0.2981,6.4292,124.9015,67.3356,124.9015,67.3356,0.1583,39.5439,0.9467,7.222567,2.687483,-2.6953,-0.0036,-0.1492,-0.3856
/kaggle/input/datasets/duc24kdl/sub-x-ray/sub_X-Ray/sub_NIH/00001382_000.png,,sub_NIH,00001382_000.png,ok,512x512 -> 1024x1024,2,1,323.21,38.7166,8.738152,2.956037,0.9855,0.9983,0.0588,7.0554,36.4943,14.576384,3.817903,0.9747,0.995,0.1543,0.1543,0.1543,6.4615,142.3771,75.553,142.3771,75.553,0.3459,36.4943,0.9747,14.576384,3.817903,-2.2223,-0.0033,-0.0955,0.5939
/kaggle/input/datasets/duc24kdl/sub-x-ray/sub_X-Ray/sub_NIH/00001382_001.png,,sub_NIH,00001382_001.png,ok,512x512 -> 1024x1024,2,1,321.25,39.6954,6.974915,2.641006,0.9885,0.9985,0.057,7.5266,37.5642,11.393491,3.375425,0.9812,0.9973,0.1441,0.1441,0.1441,6.9132,142.6028,61.7624,142.6028,61.7624,0.1211,37.5642,0.9812,11.393491,3.375425,-2.1312,-0.0013,-0.0871,0.6134
/kaggle/input/datasets/duc24kdl/sub-x-ray/sub_X-Ray/sub_NIH/00001382_002.png,,sub_NIH,00001382_002.png,ok,512x512 -> 1024x1024,2,1,320.46,39.5309,7.244244,2.691513,0.9857,0.9984,0.0605,6.5141,37.6656,11.130595,3.336255,0.9787,0.9963,0.1515,0.1515,0.1515,6.1936,136.2721,74.3395,136.2721,74.3395,0.4642,37.6656,0.9787,11.130595,3.336255,-1.8653,-0.0021,-0.091,0.3206
/kaggle/input/datasets/duc24kdl/sub-x-ray/sub_X-Ray/sub_NIH/00001382_003.png,,sub_NIH,00001382_003.png,ok,512x512 -> 1024x1024,2,1,320.64,37.984,10.343715,3.216165,0.9873,0.9984,0.0606,6.9014,35.5816,17.98556,4.240939,0.9804,0.9966,0.1557,0.1557,0.1557,6.7846,143.1634,61.8843,143.1634,61.8843,0.2119,35.5816,0.9804,17.98556,4.240939,-2.4025,-0.0018,-0.0951,0.1167
/kaggle/input/datasets/duc24kdl/sub-x-ray/sub_X-Ray/sub_NIH/00001382_004.png,,sub_NIH,00001382_004.png,ok,512x512 -> 1024x1024,2,1,323.04,38.8435,8.486489,2.913158,0.9865,0.9983,0.0601,6.869,36.523,14.480247,3.805292,0.9739,0.9961,0.1509,0.1509,0.1509,6.5817,137.5914,67.7805,137.5914,67.7805,0.3585,36.523,0.9739,14.480247,3.805292,-2.3205,-0.0022,-0.0908,0.2873
/kaggle/input/datasets/duc24kdl/sub-x-ray/sub_X-Ray/sub_NIH/00001383_000.png,,sub_NIH,00001383_000.png,ok,512x512 -> 1024x1024,2,1,321.62,41.9495,4.150822,2.037357,0.9622,0.9965,0.1375,6.4881,39.5735,7.17345,2.67833,0.9439,0.9926,0.2778,0.2778,0.2778,6.422,114.2993,67.2052,114.2993,67.2052,0.1975,39.5735,0.9439,7.17345,2.67833,-2.3759,-0.004,-0.1403,0.0661
/kaggle/input/datasets/duc24kdl/sub-x-ray/sub_X-Ray/sub_NIH/00001383_001.png,,sub_NIH,00001383_001.png,ok,512x512 -> 1024x1024,2,1,322.13,41.5939,4.504905,2.122476,0.9568,0.9961,0.1487,6.6395,40.0046,6.495556,2.548638,0.9398,0.9917,0.295,0.295,0.295,6.7987,108.5187,62.3947,108.5187,62.3947,0.2281,40.0046,0.9398,6.495556,2.548638,-1.5893,-0.0044,-0.1463,-0.1593
/kaggle/input/datasets/duc24kdl/sub-x-ray/sub_X-Ray/sub_NIH/00001384_000.png,,sub_NIH,00001384_000.png,ok,512x512 -> 1024x1024,2,1,322.24,44.9724,2.069357,1.438526,0.9744,0.9973,0.103,6.9823,43.0927,3.190171,1.786105,0.9634,0.9948,0.2417,0.2417,0.2417,7.0761,108.9066,33.4936,108.9066,33.4936,0.2177,43.0927,0.9634,3.190171,1.786105,-1.8798,-0.0025,-0.1387,-0.0938
/kaggle/input/datasets/duc24kdl/sub-x-ray/sub_X-Ray/sub_NIH/00001384_001.png,,sub_NIH,00001384_001.png,ok,512x512 -> 1024x1024,2,1,319.78,42.5842,3.586443,1.893791,0.9623,0.9966,0.1298,6.17,39.755,6.879871,2.622951,0.9382,0.9927,0.2734,0.2734,0.2734,6.3375,107.903,72.6131,107.903,72.6131,0.1621,39.755,0.9382,6.879871,2.622951,-2.8292,-0.004,-0.1436,-0.1675
/kaggle/input/datasets/duc24kdl/sub-x-ray/sub_X-Ray/sub_NIH/00001385_000.png,,sub_NIH,00001385_000.png,ok,512x512 -> 1024x1024,2,1,320.67,47.2642,1.220848,1.10492,0.9884,0.9984,0.0407,8.561,44.1241,2.51574,1.586108,0.9851,0.9975,0.1152,0.1152,0.1152,6.9142,172.2693,32.9546,172.2693,32.9546,0.2041,44.1241,0.9851,2.51574,1.586108,-3.14,-0.0009,-0.0745,1.6468
/kaggle/input/datasets/duc24kdl/sub-x-ray/sub_X-Ray/sub_NIH/00001385_001.png,,sub_NIH,00001385_001.png,ok,512x512 -> 1024x1024,2,1,320.82,38.4623,9.265208,3.04388,0.9862,0.9983,0.0702,7.5937,35.8458,16.923706,4.113843,0.9815,0.997,0.1691,0.1691,0.1691,6.665,138.059,43.2876,138.059,43.2876,0.1434,35.8458,0.9815,16.923706,4.113843,-2.6164,-0.0013,-0.0989,0.9287
/kaggle/input/datasets/duc24kdl/sub-x-ray/sub_X-Ray/sub_NIH/00001385_002.png,,sub_NIH,00001385_002.png,ok,512x512 -> 1024x1024,2,1,320.34,38.0145,10.271413,3.204904,0.9852,0.9982,0.0744,7.8804,35.1363,19.927383,4.46401,0.9797,0.9968,0.1834,0.1834,0.1834,6.9779,140.2938,39.8129,140.2938,39.8129,0.0834,35.1363,0.9797,19.927383,4.46401,-2.8782,-0.0014,-0.1091,0.9025
/kaggle/input/datasets/duc24kdl/sub-x-ray/sub_X-Ray/sub_NIH/00001385_003.png,,sub_NIH,00001385_003.png,ok,512x512 -> 1024x1024,2,1,322.38,37.531,11.481048,3.38837,0.9851,0.9982,0.0764,7.3242,35.722,17.413421,4.172939,0.9789,0.9964,0.1816,0.1816,0.1816,6.9136,130.3618,52.5923,130.3618,52.5923,0.3106,35.722,0.9789,17.413421,4.172939,-1.809,-0.0018,-0.1052,0.4106
/kaggle/input/datasets/duc24kdl/sub-x-ray/sub_X-Ray/sub_NIH/00001385_004.png,,sub_NIH,00001385_004.png,ok,512x512 -> 1024x1024,2,1,322.58,37.9816,10.349561,3.217073,0.9859,0.9983,0.0732,7.8942,34.9873,20.623052,4.541261,0.9812,0.997,0.1782,0.1782,0.1782,7.1496,138.5497,42.495,138.5497,42.495,0.0782,34.9873,0.9812,20.623052,4.541261,-2.9943,-0.0013,-0.105,0.7446
/kaggle/input/datasets/duc24kdl/sub-x-ray/sub_X-Ray/sub_NIH/00001385_005.png,,sub_NIH,00001385_005.png,ok,512x512 -> 1024x1024,2,1,318.84,39.5207,7.261231,2.694667,0.9855,0.9983,0.0718,8.116,37.0633,12.78634,3.575799,0.9801,0.9969,0.182,0.182,0.182,7.1872,136.3523,41.3109,136.3523,41.3109,0.1416,37.0633,0.9801,12.78634,3.575799,-2.4574,-0.0013,-0.1102,0.9288
/kaggle/input/datasets/duc24kdl/sub-x-ray/sub_X-Ray/sub_NIH/00001385_006.png,,sub_NIH,00001385_006.png,ok,512x512 -> 1024x1024,2,1,322.62,37.7971,10.798626,3.286126,0.9854,0.9983,0.0798,7.5829,35.8856,16.769613,4.095072,0.9811,0.997,0.1943,0.1943,0.1943,7.2836,139.3034,47.5878,139.3034,47.5878,0.2016,35.8856,0.9811,16.769613,4.095072,-1.9115,-0.0013,-0.1145,0.2993
/kaggle/input/datasets/duc24kdl/sub-x-ray/sub_X-Ray/sub_NIH/00001385_007.png,,sub_NIH,00001385_007.png,ok,512x512 -> 1024x1024,2,1,321.99,36.9624,13.087109,3.617611,0.9836,0.9982,0.0602,6.8877,34.1871,24.795436,4.979502,0.9744,0.9956,0.1598,0.1598,0.1598,6.5236,167.5039,57.5098,167.5039,57.5098,0.2194,34.1871,0.9744,24.795436,4.979502,-2.7753,-0.0026,-0.0996,0.3641
/kaggle/input/datasets/duc24kdl/sub-x-ray/sub_X-Ray/sub_NIH/00001385_008.png,,sub_NIH,00001385_008.png,ok,512x512 -> 1024x1024,2,1,320.12,37.8433,10.68443,3.268705,0.9857,0.9983,0.073,8.0077,35.1195,20.004836,4.472677,0.9804,0.9969,0.1834,0.1834,0.1834,6.9674,143.5136,41.2683,143.5136,41.2683,0.1193,35.1195,0.9804,20.004836,4.472677,-2.7238,-0.0014,-0.1104,1.0403
/kaggle/input/datasets/duc24kdl/sub-x-ray/sub_X-Ray/sub_NIH/00001385_009.png,,sub_NIH,00001385_009.png,ok,512x512 -> 1024x1024,2,1,321.5,37.913,10.51419,3.242559,0.984,0.9982,0.0809,7.5248,35.397,18.766479,4.332029,0.9784,0.9966,0.1926,0.1926,0.1926,6.8682,137.8549,45.1718,137.8549,45.1718,0.0871,35.397,0.9784,18.766479,4.332029,-2.5161,-0.0015,-0.1117,0.6566
/kaggle/input/datasets/duc24kdl/sub-x-ray/sub_X-Ray/sub_NIH/00001385_010.png,,sub_NIH,00001385_010.png,ok,512x512 -> 1024x1024,2,1,321.15,38.9327,8.314064,2.883412,0.9852,0.9983,0.0743,7.7145,36.3813,14.960565,3.867889,0.98,0.9969,0.1805,0.1805,0.1805,6.9231,133.2592,43.3713,133.2592,43.3713,0.1218,36.3813,0.98,14.960565,3.867889,-2.5513,-0.0014,-0.1062,0.7914
/kaggle/input/datasets/duc24kdl/sub-x-ray/sub_X-Ray/sub_NIH/00001385_011.png,,sub_NIH,00001385_011.png,ok,512x512 -> 1024x1024,2,1,319.42,38.6758,8.820551,2.969941,0.986,0.9983,0.0745,8.1462,35.8548,16.889055,4.10963,0.9813,0.997,0.1821,0.1821,0.1821,7.1992,136.9179,36.2846,136.9179,36.2846,0.1205,35.8548,0.9813,16.889055,4.10963,-2.8211,-0.0012,-0.1076,0.947
/kaggle/input/datasets/duc24kdl/sub-x-ray/sub_X-Ray/sub_NIH/00001385_012.png,,sub_NIH,00001385_012.png,ok,512x512 -> 1024x1024,2,1,321.84,38.4372,9.318785,3.052668,0.988,0.9985,0.0572,7.3723,36.4321,14.786558,3.845329,0.9843,0.9974,0.1462,0.1462,0.1462,6.6722,153.1795,48.7419,153.1795,48.7419,0.1559,36.4321,0.9843,14.786558,3.845329,-2.0051,-0.001,-0.0891,0.7001
/kaggle/input/datasets/duc24kdl/sub-x-ray/sub_X-Ray/sub_NIH/00001385_013.png,,sub_NIH,00001385_013.png,ok,512x512 -> 1024x1024,2,1,321.73,41.6875,4.408909,2.09974,0.956,0.9961,0.1514,6.6772,38.7005,8.770575,2.961516,0.9382,0.992,0.3032,0.3032,0.3032,6.4386,129.433,65.8311,129.433,65.8311,0.132,38.7005,0.9382,8.770575,2.961516,-2.987,-0.0041,-0.1518,0.2387
/kaggle/input/datasets/duc24kdl/sub-x-ray/sub_X-Ray/sub_NIH/00001385_014.png,,sub_NIH,00001385_014.png,ok,512x512 -> 1024x1024,2,1,320.07,41.0277,5.132268,2.265451,0.9537,0.9958,0.1575,6.6172,38.7422,8.686716,2.947324,0.9351,0.9915,0.3148,0.3148,0.3148,6.5707,130.5646,68.5534,130.5646,68.5534,0.1642,38.7422,0.9351,8.686716,2.947324,-2.2855,-0.0044,-0.1572,0.0465
/kaggle/input/datasets/duc24kdl/sub-x-ray/sub_X-Ray/sub_NIH/00001385_015.png,,sub_NIH,00001385_015.png,ok,512x512 -> 1024x1024,2,1,320.31,41.6301,4.467598,2.113669,0.9547,0.996,0.1563,6.5087,39.5557,7.202912,2.683824,0.9364,0.9917,0.3103,0.3103,0.3103,6.549,129.4373,68.4246,129.4373,68.4246,0.1671,39.5557,0.9364,7.202912,2.683824,-2.0743,-0.0042,-0.154,-0.0403
/kaggle/input/datasets/duc24kdl/sub-x-ray/sub_X-Ray/sub_NIH/00001385_016.png,,sub_NIH,00001385_016.png,ok,512x512 -> 1024x1024,2,1,322.05,34.1635,24.930553,4.993051,0.9824,0.9981,0.0714,6.7345,31.7923,43.037832,6.560323,0.9753,0.9957,0.1789,0.1789,0.1789,6.0855,165.5164,62.8725,165.5164,62.8725,0.1731,31.7923,0.9753,43.037832,6.560323,-2.3712,-0.0024,-0.1075,0.6491
/kaggle/input/datasets/duc24kdl/sub-x-ray/sub_X-Ray/sub_NIH/00001385_017.png,,sub_NIH,00001385_017.png,ok,512x512 -> 1024x1024,2,1,319.59,42.0276,4.076766,2.0191,0.9619,0.9966,0.1366,6.2478,39.9023,6.650452,2.578847,0.9403,0.9929,0.2736,0.2736,0.2736,6.4798,116.2753,70.7947,116.2753,70.7947,0.1805,39.9023,0.9403,6.650452,2.578847,-2.1254,-0.0037,-0.137,-0.232
/kaggle/input/datasets/duc24kdl/sub-x-ray/sub_X-Ray/sub_NIH/00001385_018.png,,sub_NIH,00001385_018.png,ok,512x512 -> 1024x1024,2,1,319.71,34.904,21.022483,4.585028,0.983,0.998,0.0756,6.8111,32.7875,34.224088,5.850136,0.9759,0.9956,0.1834,0.1834,0.1834,7.0206,122.7964,49.9476,122.7964,49.9476,0.2677,32.7875,0.9759,34.224088,5.850136,-2.1165,-0.0024,-0.1078,-0.2095
/kaggle/input/datasets/duc24kdl/sub-x-ray/sub_X-Ray/sub_NIH/00001385_019.png,,sub_NIH,00001385_019.png,ok,512x512 -> 1024x1024,2,1,321.53,42.9582,3.290468,1.813965,0.9642,0.9968,0.1312,6.3816,40.8167,5.387799,2.321163,0.9477,0.9934,0.2704,0.2704,0.2704,6.6613,108.331,68.6239,108.331,68.6239,0.1478,40.8167,0.9477,5.387799,2.321163,-2.1415,-0.0034,-0.1392,-0.2797
/kaggle/input/datasets/duc24kdl/sub-x-ray/sub_X-Ray/sub_NIH/00001385_020.png,,sub_NIH,00001385_020.png,ok,512x512 -> 1024x1024,2,1,322.03,36.193,15.623401,3.952645,0.9855,0.9982,0.0729,7.6416,34.008,25.839553,5.083262,0.9771,0.9961,0.1831,0.1831,0.1831,7.1557,120.1028,51.5638,120.1028,51.5638,0.2987,34.008,0.9771,25.839553,5.083262,-2.1851,-0.0021,-0.1102,0.4859
/kaggle/input/datasets/duc24kdl/sub-x-ray/sub_X-Ray/sub_NIH/00001386_000.png,,sub_NIH,00001386_000.png,ok,512x512 -> 1024x1024,2,1,321.15,42.6566,3.527152,1.878071,0.9652,0.9968,0.1289,6.7056,40.3567,5.989737,2.447394,0.9494,0.9935,0.2635,0.2635,0.2635,6.7174,116.0589,71.1939,116.0589,71.1939,0.1649,40.3567,0.9494,5.989737,2.447394,-2.2998,-0.0034,-0.1345,-0.0118
/kaggle/input/datasets/duc24kdl/sub-x-ray/sub_X-Ray/sub_NIH/00001387_000.png,,sub_NIH,00001387_000.png,ok,512x512 -> 1024x1024,2,1,320.93,44.7905,2.157917,1.468985,0.9747,0.9974,0.0989,6.9949,42.501,3.655812,1.912018,0.9579,0.9946,0.2241,0.2241,0.2241,6.7848,103.0923,40.0986,103.0923,40.0986,0.2183,42.501,0.9579,3.655812,1.912018,-2.2895,-0.0028,-0.1252,0.2101
/kaggle/input/datasets/duc24kdl/sub-x-ray/sub_X-Ray/sub_NIH/00001388_000.png,,sub_NIH,00001388_000.png,ok,512x512 -> 1024x1024,2,1,320.47,45.4141,1.869268,1.367212,0.9859,0.9984,0.0522,6.5699,42.385,3.754734,1.937714,0.9784,0.9963,0.1487,0.1487,0.1487,6.2661,154.5158,57.2471,154.5158,57.2471,0.2187,42.385,0.9784,3.754734,1.937714,-3.0291,-0.002,-0.0965,0.3038
/kaggle/input/datasets/duc24kdl/sub-x-ray/sub_X-Ray/sub_NIH/00001389_000.png,,sub_NIH,00001389_000.png,ok,512x512 -> 1024x1024,2,1,320.91,45.6968,1.751448,1.323423,0.9829,0.9981,0.0643,6.6425,41.1949,4.938427,2.222257,0.9733,0.9949,0.1683,0.1683,0.1683,6.2375,168.1397,54.6644,168.1397,54.6644,0.2634,41.1949,0.9733,4.938427,2.222257,-4.5019,-0.0032,-0.104,0.405
/kaggle/input/datasets/duc24kdl/sub-x-ray/sub_X-Ray/sub_NIH/00001389_001.png,,sub_NIH,00001389_001.png,ok,512x512 -> 1024x1024,2,1,320.63,37.6302,11.22167,3.349876,0.9886,0.9985,0.0582,7.0142,35.6428,17.733599,4.211128,0.985,0.9975,0.1474,0.1474,0.1474,6.8346,157.6218,45.13,157.6218,45.13,0.0941,35.6428,0.985,17.733599,4.211128,-1.9874,-0.0011,-0.0892,0.1796
/kaggle/input/datasets/duc24kdl/sub-x-ray/sub_X-Ray/sub_NIH/00001389_002.png,,sub_NIH,00001389_002.png,ok,512x512 -> 1024x1024,2,1,319.26,38.2414,9.748487,3.122257,0.9889,0.9986,0.0552,7.0946,36.2506,15.417581,3.926523,0.9852,0.9975,0.1416,0.1416,0.1416,6.8503,158.8876,46.2395,158.8876,46.2395,0.1096,36.2506,0.9852,15.417581,3.926523,-1.9908,-0.001,-0.0864,0.2443
/kaggle/input/datasets/duc24kdl/sub-x-ray/sub_X-Ray/sub_NIH/00001389_003.png,,sub_NIH,00001389_003.png,ok,512x512 -> 1024x1024,2,1,320.15,38.2637,9.698727,3.114278,0.9888,0.9985,0.0566,7.0432,36.2286,15.496013,3.936498,0.9852,0.9975,0.1452,0.1452,0.1452,6.8813,157.4404,43.8472,157.4404,43.8472,0.108,36.2286,0.9852,15.496013,3.936498,-2.0351,-0.001,-0.0886,0.1619
/kaggle/input/datasets/duc24kdl/sub-x-ray/sub_X-Ray/sub_NIH/00001389_004.png,,sub_NIH,00001389_004.png,ok,512x512 -> 1024x1024,2,1,322.15,42.1672,3.947885,1.986929,0.963,0.9967,0.1348,6.6665,38.9293,8.320472,2.884523,0.9449,0.9929,0.2753,0.2753,0.2753,6.587,119.0773,71.2684,119.0773,71.2684,0.1725,38.9293,0.9449,8.320472,2.884523,-3.2378,-0.0038,-0.1405,0.0795
/kaggle/input/datasets/duc24kdl/sub-x-ray/sub_X-Ray/sub_NIH/00001389_005.png,,sub_NIH,00001389_005.png,ok,512x512 -> 1024x1024,2,1,321.36,42.8538,3.37052,1.835898,0.9671,0.997,0.1219,6.5165,40.4555,5.85511,2.419733,0.9529,0.9936,0.2533,0.2533,0.2533,6.5765,111.6786,69.4097,111.6786,69.4097,0.1786,40.4555,0.9529,5.85511,2.419733,-2.3984,-0.0034,-0.1314,-0.06
/kaggle/input/datasets/duc24kdl/sub-x-ray/sub_X-Ray/sub_NIH/00001390_000.png,,sub_NIH,00001390_000.png,ok,512x512 -> 1024x1024,2,1,320.69,37.0077,12.951348,3.598798,0.9845,0.9983,0.06,6.8976,35.306,19.163814,4.377649,0.9761,0.9959,0.1571,0.1571,0.1571,6.5327,164.6058,57.8255,164.6058,57.8255,0.2886,35.306,0.9761,19.163814,4.377649,-1.7017,-0.0024,-0.0972,0.3649
/kaggle/input/datasets/duc24kdl/sub-x-ray/sub_X-Ray/sub_NIH/00001391_000.png,,sub_NIH,00001391_000.png,ok,512x512 -> 1024x1024,2,1,319.68,47.3346,1.201223,1.096003,0.9874,0.9985,0.0457,7.0166,38.506,9.172407,3.028598,0.9803,0.9955,0.1365,0.1365,0.1365,6.7033,173.9862,56.2647,173.9862,56.2647,0.2212,38.506,0.9803,9.172407,3.028598,-8.8286,-0.0031,-0.0908,0.3132
/kaggle/input/datasets/duc24kdl/sub-x-ray/sub_X-Ray/sub_NIH/00001392_000.png,,sub_NIH,00001392_000.png,ok,512x512 -> 1024x1024,2,1,320.22,45.6671,1.763496,1.327967,0.9837,0.9982,0.0716,6.9738,42.8049,3.408694,1.846265,0.9765,0.9962,0.1808,0.1808,0.1808,6.4631,159.3527,51.0012,159.3527,51.0012,0.288,42.8049,0.9765,3.408694,1.846265,-2.8621,-0.002,-0.1092,0.5107
/kaggle/input/datasets/duc24kdl/sub-x-ray/sub_X-Ray/sub_NIH/00001393_000.png,,sub_NIH,00001393_000.png,ok,512x512 -> 1024x1024,2,1,321.12,37.172,12.470368,3.531341,0.9833,0.9981,0.0729,6.9941,34.9859,20.629736,4.541997,0.977,0.9961,0.1808,0.1808,0.1808,6.4378,174.4607,50.7979,174.4607,50.7979,0.1223,34.9859,0.977,20.629736,4.541997,-2.1861,-0.0021,-0.1078,0.5563
/kaggle/input/datasets/duc24kdl/sub-x-ray/sub_X-Ray/sub_NIH/00001394_000.png,,sub_NIH,00001394_000.png,ok,512x512 -> 1024x1024,2,1,320.75,42.5649,3.60236,1.897988,0.9708,0.9972,0.119,6.9126,39.2921,7.653762,2.766543,0.9595,0.9942,0.2505,0.2505,0.2505,6.7206,112.4968,64.0871,112.4968,64.0871,0.2051,39.2921,0.9595,7.653762,2.766543,-3.2729,-0.0031,-0.1315,0.192
/kaggle/input/datasets/duc24kdl/sub-x-ray/sub_X-Ray/sub_NIH/00001394_001.png,,sub_NIH,00001394_001.png,ok,512x512 -> 1024x1024,2,1,319.78,39.2034,7.811614,2.794927,0.9843,0.9982,0.0625,6.7212,37.3222,12.046445,3.470799,0.9745,0.9956,0.1546,0.1546,0.1546,6.2396,145.635,72.0373,145.635,72.0373,0.4958,37.3222,0.9745,12.046445,3.470799,-1.8812,-0.0026,-0.0921,0.4816
/kaggle/input/datasets/duc24kdl/sub-x-ray/sub_X-Ray/sub_NIH/00001395_000.png,,sub_NIH,00001395_000.png,ok,512x512 -> 1024x1024,2,1,319.52,45.4106,1.870766,1.367759,0.9754,0.9974,0.0976,7.158,43.4327,2.949893,1.717525,0.9648,0.995,0.2249,0.2249,0.2249,6.923,110.1135,33.6632,110.1135,33.6632,0.187,43.4327,0.9648,2.949893,1.717525,-1.9779,-0.0024,-0.1273,0.235
/kaggle/input/datasets/duc24kdl/sub-x-ray/sub_X-Ray/sub_NIH/00001395_001.png,,sub_NIH,00001395_001.png,ok,512x512 -> 1024x1024,2,1,319.26,45.5328,1.818861,1.348652,0.9753,0.9974,0.101,7.3468,43.8459,2.6822,1.637742,0.9666,0.9951,0.2336,0.2336,0.2336,6.9256,111.4089,29.901,111.4089,29.901,0.1744,43.8459,0.9666,2.6822,1.637742,-1.6869,-0.0023,-0.1326,0.4212
/kaggle/input/datasets/duc24kdl/sub-x-ray/sub_X-Ray/sub_NIH/00001395_002.png,,sub_NIH,00001395_002.png,ok,512x512 -> 1024x1024,2,1,320.23,35.3753,18.860444,4.342861,0.9747,0.9974,0.1046,6.4914,32.2558,38.681237,6.219424,0.957,0.994,0.2215,0.2215,0.2215,6.2124,131.6747,60.7331,131.6747,60.7331,0.4306,32.2558,0.957,38.681237,6.219424,-3.1195,-0.0035,-0.1169,0.279
/kaggle/input/datasets/duc24kdl/sub-x-ray/sub_X-Ray/sub_NIH/00001395_003.png,,sub_NIH,00001395_003.png,ok,512x512 -> 1024x1024,2,1,322.34,45.0373,2.038708,1.427833,0.9755,0.9974,0.0961,7.2541,42.1954,3.922284,1.980476,0.9628,0.9948,0.2197,0.2197,0.2197,6.8722,110.0561,33.7186,110.0561,33.7186,0.1851,42.1954,0.9628,3.922284,1.980476,-2.8418,-0.0026,-0.1235,0.3819
/kaggle/input/datasets/duc24kdl/sub-x-ray/sub_X-Ray/sub_NIH/00001395_004.png,,sub_NIH,00001395_004.png,ok,512x512 -> 1024x1024,2,1,320.04,45.4397,1.858285,1.363189,0.9756,0.9974,0.0998,7.0923,43.5267,2.886732,1.699039,0.9649,0.9951,0.232,0.232,0.232,6.9679,108.9965,33.4027,108.9965,33.4027,0.1774,43.5267,0.9649,2.886732,1.699039,-1.9129,-0.0023,-0.1321,0.1243
/kaggle/input/datasets/duc24kdl/sub-x-ray/sub_X-Ray/sub_NIH/00001395_005.png,,sub_NIH,00001395_005.png,ok,512x512 -> 1024x1024,2,1,320.07,45.4953,1.834647,1.354491,0.9773,0.9976,0.0941,7.2837,43.453,2.936179,1.713528,0.9672,0.9954,0.2207,0.2207,0.2207,6.9921,108.9891,33.9811,108.9891,33.9811,0.1954,43.453,0.9672,2.936179,1.713528,-2.0423,-0.0021,-0.1265,0.2916
/kaggle/input/datasets/duc24kdl/sub-x-ray/sub_X-Ray/sub_NIH/00001395_006.png,,sub_NIH,00001395_006.png,ok,512x512 -> 1024x1024,2,1,320.88,41.8805,4.217285,2.053603,0.9748,0.9974,0.1036,6.7487,35.9748,16.428731,4.053237,0.9632,0.9944,0.2345,0.2345,0.2345,6.1382,142.2227,47.1518,142.2227,47.1518,0.2552,35.9748,0.9632,16.428731,4.053237,-5.9057,-0.003,-0.1309,0.6105
/kaggle/input/datasets/duc24kdl/sub-x-ray/sub_X-Ray/sub_NIH/00001395_007.png,,sub_NIH,00001395_007.png,ok,512x512 -> 1024x1024,2,1,320.24,38.3714,9.461117,3.075893,0.9854,0.9983,0.0713,7.3353,35.3125,19.13487,4.374342,0.9791,0.9966,0.1719,0.1719,0.1719,6.5796,139.6802,48.767,139.6802,48.767,0.2009,35.3125,0.9791,19.13487,4.374342,-3.0588,-0.0017,-0.1006,0.7557
/kaggle/input/datasets/duc24kdl/sub-x-ray/sub_X-Ray/sub_NIH/00001395_008.png,,sub_NIH,00001395_008.png,ok,512x512 -> 1024x1024,2,1,319.27,38.2481,9.733502,3.119856,0.9887,0.9985,0.0598,7.7119,36.3505,15.06725,3.881656,0.9853,0.9975,0.1583,0.1583,0.1583,7.0433,154.3729,48.6156,154.3729,48.6156,0.13,36.3505,0.9853,15.06725,3.881656,-1.8976,-0.0011,-0.0985,0.6687
/kaggle/input/datasets/duc24kdl/sub-x-ray/sub_X-Ray/sub_NIH/00001395_009.png,,sub_NIH,00001395_009.png,ok,512x512 -> 1024x1024,2,1,320.23,35.8774,16.801032,4.098906,0.9868,0.9985,0.0605,6.9606,34.4523,23.326583,4.82976,0.9825,0.9973,0.1491,0.1491,0.1491,6.9555,160.2694,48.56,160.2694,48.56,0.1826,34.4523,0.9825,23.326583,4.82976,-1.4252,-0.0012,-0.0886,0.0051
/kaggle/input/datasets/duc24kdl/sub-x-ray/sub_X-Ray/sub_NIH/00001395_010.png,,sub_NIH,00001395_010.png,ok,512x512 -> 1024x1024,2,1,320.74,42.1744,3.941313,1.985274,0.961,0.9965,0.1428,6.6403,38.8359,8.501447,2.915724,0.9419,0.9928,0.2905,0.2905,0.2905,6.4176,125.3284,68.8168,125.3284,68.8168,0.1512,38.8359,0.9419,8.501447,2.915724,-3.3385,-0.0038,-0.1477,0.2227
/kaggle/input/datasets/duc24kdl/sub-x-ray/sub_X-Ray/sub_NIH/00001395_011.png,,sub_NIH,00001395_011.png,ok,512x512 -> 1024x1024,2,1,320.23,36.7508,13.740427,3.706808,0.9854,0.9982,0.0787,6.5514,34.5392,22.864605,4.781695,0.9793,0.9959,0.1891,0.1891,0.1891,6.8293,121.603,43.6976,121.603,43.6976,0.2289,34.5392,0.9793,22.864605,4.781695,-2.2116,-0.0023,-0.1104,-0.2779
/kaggle/input/datasets/duc24kdl/sub-x-ray/sub_X-Ray/sub_NIH/00001395_012.png,,sub_NIH,00001395_012.png,ok,512x512 -> 1024x1024,2,1,319.73,42.0785,4.029338,2.007321,0.9628,0.9967,0.1306,6.367,39.4752,7.337764,2.708831,0.9438,0.9931,0.2626,0.2626,0.2626,6.6165,111.8263,69.503,111.8263,69.503,0.2073,39.4752,0.9438,7.337764,2.708831,-2.6033,-0.0036,-0.1319,-0.2495
/kaggle/input/datasets/duc24kdl/sub-x-ray/sub_X-Ray/sub_NIH/00001395_013.png,,sub_NIH,00001395_013.png,ok,512x512 -> 1024x1024,2,1,320.31,42.2764,3.849807,1.962093,0.9613,0.9965,0.1393,6.6961,39.8524,6.727239,2.593692,0.9436,0.9929,0.279,0.279,0.279,6.7165,124.6975,68.4216,124.6975,68.4216,0.1695,39.8524,0.9436,6.727239,2.593692,-2.424,-0.0036,-0.1397,-0.0204
/kaggle/input/datasets/duc24kdl/sub-x-ray/sub_X-Ray/sub_NIH/00001395_014.png,,sub_NIH,00001395_014.png,ok,512x512 -> 1024x1024,2,1,320.01,41.3605,4.753705,2.180299,0.9621,0.9966,0.1305,6.6773,37.5026,11.55642,3.399473,0.9401,0.9929,0.2688,0.2688,0.2688,6.8121,105.5295,67.3206,105.5295,67.3206,0.1638,37.5026,0.9401,11.55642,3.399473,-3.8579,-0.0037,-0.1383,-0.1348
/kaggle/input/datasets/duc24kdl/sub-x-ray/sub_X-Ray/sub_NIH/00001396_000.png,,sub_NIH,00001396_000.png,ok,512x512 -> 1024x1024,2,1,320.95,46.1661,1.572053,1.253815,0.9813,0.998,0.0772,6.9013,43.3424,3.01192,1.735488,0.9732,0.9957,0.1896,0.1896,0.1896,6.3584,164.8544,45.6105,164.8544,45.6105,0.2095,43.3424,0.9732,3.01192,1.735488,-2.8238,-0.0023,-0.1124,0.5429
/kaggle/input/datasets/duc24kdl/sub-x-ray/sub_X-Ray/sub_NIH/00001397_000.png,,sub_NIH,00001397_000.png,ok,512x512 -> 1024x1024,2,1,320.19,38.8692,8.436434,2.904554,0.9792,0.9978,0.1057,7.228,36.5992,14.228549,3.772075,0.971,0.9957,0.2374,0.2374,0.2374,6.6108,147.9355,38.242,147.9355,38.242,0.217,36.5992,0.971,14.228549,3.772075,-2.27,-0.0021,-0.1317,0.6172
/kaggle/input/datasets/duc24kdl/sub-x-ray/sub_X-Ray/sub_NIH/00001397_001.png,,sub_NIH,00001397_001.png,ok,512x512 -> 1024x1024,2,1,319.89,46.8254,1.350652,1.162175,0.9823,0.9981,0.0748,7.2968,41.5166,4.585811,2.141451,0.9748,0.9953,0.1953,0.1953,0.1953,6.6389,191.8623,40.6143,191.8623,40.6143,0.1532,41.5166,0.9748,4.585811,2.141451,-5.3087,-0.0027,-0.1205,0.6579
/kaggle/input/datasets/duc24kdl/sub-x-ray/sub_X-Ray/sub_NIH/00001397_002.png,,sub_NIH,00001397_002.png,ok,512x512 -> 1024x1024,2,1,320.05,36.4911,14.587054,3.8193,0.9859,0.9983,0.0649,6.5959,34.014,25.803562,5.079721,0.9795,0.9963,0.1691,0.1691,0.1691,6.5138,173.1003,52.9534,173.1003,52.9534,0.3484,34.014,0.9795,25.803562,5.079721,-2.4771,-0.002,-0.1042,0.0821
/kaggle/input/datasets/duc24kdl/sub-x-ray/sub_X-Ray/sub_NIH/00001397_003.png,,sub_NIH,00001397_003.png,ok,512x512 -> 1024x1024,2,1,318.49,37.1095,12.65121,3.556854,0.9803,0.9979,0.0922,8.0075,35.0515,20.320405,4.507816,0.9755,0.9964,0.214,0.214,0.214,7.1736,168.825,38.4996,168.825,38.4996,0.0762,35.0515,0.9755,20.320405,4.507816,-2.058,-0.0015,-0.1218,0.8339
/kaggle/input/datasets/duc24kdl/sub-x-ray/sub_X-Ray/sub_NIH/00001397_004.png,,sub_NIH,00001397_004.png,ok,512x512 -> 1024x1024,2,1,321.91,48.3715,0.946093,0.972673,0.9876,0.9984,0.0571,7.3487,45.7348,1.736195,1.317647,0.9835,0.9972,0.1571,0.1571,0.1571,6.8128,174.4002,35.4248,174.4002,35.4248,0.187,45.7348,0.9835,1.736195,1.317647,-2.6366,-0.0012,-0.1,0.5359
/kaggle/input/datasets/duc24kdl/sub-x-ray/sub_X-Ray/sub_NIH/00001397_005.png,,sub_NIH,00001397_005.png,ok,512x512 -> 1024x1024,2,1,319.47,41.7755,4.320487,2.078578,0.961,0.9965,0.141,6.5756,39.5592,7.197159,2.682752,0.9443,0.993,0.2814,0.2814,0.2814,6.6123,125.6983,65.2777,125.6983,65.2777,0.1712,39.5592,0.9443,7.197159,2.682752,-2.2163,-0.0035,-0.1404,-0.0367
/kaggle/input/datasets/duc24kdl/sub-x-ray/sub_X-Ray/sub_NIH/00001397_006.png,,sub_NIH,00001397_006.png,ok,512x512 -> 1024x1024,2,1,320.32,40.905,5.279315,2.297676,0.9564,0.9961,0.1564,6.8814,39.2864,7.663773,2.768352,0.9417,0.9924,0.3064,0.3064,0.3064,6.6398,130.3466,58.7523,130.3466,58.7523,0.1842,39.2864,0.9417,7.663773,2.768352,-1.6187,-0.0037,-0.15,0.2416
/kaggle/input/datasets/duc24kdl/sub-x-ray/sub_X-Ray/sub_NIH/00001397_007.png,,sub_NIH,00001397_007.png,ok,512x512 -> 1024x1024,2,1,320.19,36.8728,13.359779,3.655103,0.984,0.998,0.0858,7.6177,34.895,21.0658,4.589749,0.9792,0.9956,0.2072,0.2072,0.2072,7.5819,119.9921,37.5014,119.9921,37.5014,0.2482,34.895,0.9792,21.0658,4.589749,-1.9778,-0.0025,-0.1214,0.0358
/kaggle/input/datasets/duc24kdl/sub-x-ray/sub_X-Ray/sub_NIH/00001397_008.png,,sub_NIH,00001397_008.png,ok,512x512 -> 1024x1024,2,1,320.04,40.8303,5.370999,2.317542,0.9565,0.9961,0.1489,6.1418,39.2946,7.649234,2.765725,0.9391,0.9922,0.2903,0.2903,0.2903,6.5022,123.7752,61.8228,123.7752,61.8228,0.2,39.2946,0.9391,7.649234,2.765725,-1.5356,-0.004,-0.1414,-0.3604
/kaggle/input/datasets/duc24kdl/sub-x-ray/sub_X-Ray/sub_NIH/00001397_009.png,,sub_NIH,00001397_009.png,ok,512x512 -> 1024x1024,2,1,320.01,35.341,19.009982,4.360044,0.9859,0.9981,0.0617,6.9765,33.1622,31.395146,5.603137,0.9809,0.9955,0.1598,0.1598,0.1598,6.615,164.7523,33.1765,164.7523,33.1765,0.2438,33.1622,0.9809,31.395146,5.603137,-2.1788,-0.0026,-0.0981,0.3614
/kaggle/input/datasets/duc24kdl/sub-x-ray/sub_X-Ray/sub_NIH/00001397_010.png,,sub_NIH,00001397_010.png,ok,512x512 -> 1024x1024,2,1,320.12,35.0938,20.123283,4.485898,0.9848,0.9981,0.0658,6.7528,32.8709,33.572758,5.7942,0.9791,0.9958,0.1622,0.1622,0.1622,6.5094,173.7128,37.086,173.7128,37.086,0.2401,32.8709,0.9791,33.572758,5.7942,-2.2229,-0.0023,-0.0964,0.2434
/kaggle/input/datasets/duc24kdl/sub-x-ray/sub_X-Ray/sub_NIH/00001397_011.png,,sub_NIH,00001397_011.png,ok,512x512 -> 1024x1024,2,1,322.18,36.6717,13.992947,3.740715,0.9821,0.998,0.0876,7.2618,34.8095,21.48455,4.635143,0.9762,0.9962,0.2107,0.2107,0.2107,7.1729,128.2804,40.6015,128.2804,40.6015,0.3097,34.8095,0.9762,21.48455,4.635143,-1.8622,-0.0018,-0.1231,0.0888
/kaggle/input/datasets/duc24kdl/sub-x-ray/sub_X-Ray/sub_NIH/00001397_012.png,,sub_NIH,00001397_012.png,ok,512x512 -> 1024x1024,2,1,321.16,35.5669,18.04657,4.248125,0.9802,0.9979,0.0969,7.5099,33.6074,28.335999,5.323157,0.9735,0.9958,0.2229,0.2229,0.2229,7.3212,127.1469,47.1904,127.1469,47.1904,0.3169,33.6074,0.9735,28.335999,5.323157,-1.9594,-0.0021,-0.126,0.1887
/kaggle/input/datasets/duc24kdl/sub-x-ray/sub_X-Ray/sub_NIH/00001397_013.png,,sub_NIH,00001397_013.png,ok,512x512 -> 1024x1024,2,1,320.39,41.4966,4.607048,2.146404,0.9609,0.9965,0.1434,6.7397,39.8204,6.777034,2.603274,0.9468,0.9932,0.2886,0.2886,0.2886,6.8423,124.8288,62.2095,124.8288,62.2095,0.1501,39.8204,0.9468,6.777034,2.603274,-1.6762,-0.0033,-0.1452,-0.1026
/kaggle/input/datasets/duc24kdl/sub-x-ray/sub_X-Ray/sub_NIH/00001398_000.png,,sub_NIH,00001398_000.png,ok,512x512 -> 1024x1024,2,1,319.74,45.5126,1.827345,1.351793,0.9847,0.9982,0.0614,6.8715,41.482,4.622553,2.150012,0.9774,0.9959,0.1616,0.1616,0.1616,6.333,165.7566,56.7143,165.7566,56.7143,0.3079,41.482,0.9774,4.622553,2.150012,-4.0306,-0.0023,-0.1002,0.5385
/kaggle/input/datasets/duc24kdl/sub-x-ray/sub_X-Ray/sub_NIH/00001398_001.png,,sub_NIH,00001398_001.png,ok,512x512 -> 1024x1024,2,1,322.97,45.2906,1.923161,1.386781,0.982,0.998,0.0701,6.5025,42.5876,3.58364,1.893051,0.9734,0.9956,0.1815,0.1815,0.1815,6.1391,157.8114,58.0006,157.8114,58.0006,0.2154,42.5876,0.9734,3.58364,1.893051,-2.7031,-0.0024,-0.1114,0.3634
/kaggle/input/datasets/duc24kdl/sub-x-ray/sub_X-Ray/sub_NIH/00001398_002.png,,sub_NIH,00001398_002.png,ok,512x512 -> 1024x1024,2,1,319.02,35.8246,17.006519,4.123896,0.984,0.9982,0.0606,6.7944,33.1426,31.536926,5.615775,0.9745,0.9955,0.1596,0.1596,0.1596,5.9879,159.473,70.1134,159.473,70.1134,0.0797,33.1426,0.9745,31.536926,5.615775,-2.682,-0.0027,-0.099,0.8065
/kaggle/input/datasets/duc24kdl/sub-x-ray/sub_X-Ray/sub_NIH/00001398_003.png,,sub_NIH,00001398_003.png,ok,512x512 -> 1024x1024,2,1,319.67,42.181,3.93532,1.983764,0.9605,0.9964,0.1281,6.0408,40.0973,6.358401,2.521587,0.9367,0.9921,0.2572,0.2572,0.2572,6.6654,105.1407,70.0261,105.1407,70.0261,0.1538,40.0973,0.9367,6.358401,2.521587,-2.0837,-0.0044,-0.1291,-0.6246
/kaggle/input/datasets/duc24kdl/sub-x-ray/sub_X-Ray/sub_NIH/00001398_004.png,,sub_NIH,00001398_004.png,ok,512x512 -> 1024x1024,2,1,321.08,41.9613,4.139494,2.034575,0.9612,0.9965,0.1329,6.5634,39.4506,7.379335,2.716493,0.9411,0.9928,0.266,0.266,0.266,6.7729,117.0559,70.7868,117.0559,70.7868,0.1782,39.4506,0.9411,7.379335,2.716493,-2.5107,-0.0037,-0.1331,-0.2095
/kaggle/input/datasets/duc24kdl/sub-x-ray/sub_X-Ray/sub_NIH/00001399_000.png,,sub_NIH,00001399_000.png,ok,512x512 -> 1024x1024,2,1,319.68,43.5577,2.866199,1.692985,0.9886,0.9986,0.0381,7.3486,40.2775,6.100063,2.469831,0.982,0.9968,0.1152,0.1152,0.1152,6.9502,145.5995,64.7237,145.5995,64.7237,0.2816,40.2775,0.982,6.100063,2.469831,-3.2803,-0.0018,-0.0771,0.3984
/kaggle/input/datasets/duc24kdl/sub-x-ray/sub_X-Ray/sub_NIH/00001403_000.png,,sub_NIH,00001403_000.png,ok,512x512 -> 1024x1024,2,1,320.57,36.7415,13.769932,3.710786,0.9763,0.9976,0.0942,6.502,33.9829,25.988893,5.09793,0.9619,0.9945,0.211,0.211,0.211,6.2426,134.2871,61.4862,134.2871,61.4862,0.2558,33.9829,0.9619,25.988893,5.09793,-2.7586,-0.0031,-0.1167,0.2593
/kaggle/input/datasets/duc24kdl/sub-x-ray/sub_X-Ray/sub_NIH/00001403_002.png,,sub_NIH,00001403_002.png,ok,512x512 -> 1024x1024,2,1,318.88,37.6097,11.274768,3.357792,0.9854,0.9983,0.0599,6.5184,35.5022,18.317228,4.279863,0.9766,0.9953,0.1491,0.1491,0.1491,6.2095,154.0148,69.8488,154.0148,69.8488,0.3199,35.5022,0.9766,18.317228,4.279863,-2.1075,-0.003,-0.0892,0.3089
/kaggle/input/datasets/duc24kdl/sub-x-ray/sub_X-Ray/sub_NIH/00001403_003.png,,sub_NIH,00001403_003.png,ok,512x512 -> 1024x1024,2,1,319.04,41.8183,4.278062,2.068348,0.966,0.9969,0.1197,6.0184,38.619,8.936788,2.989446,0.9474,0.9928,0.2449,0.2449,0.2449,6.3228,101.6422,72.2052,101.6422,72.2052,0.1354,38.619,0.9474,8.936788,2.989446,-3.1993,-0.0041,-0.1252,-0.3044
/kaggle/input/datasets/duc24kdl/sub-x-ray/sub_X-Ray/sub_NIH/00001404_000.png,,sub_NIH,00001404_000.png,ok,512x512 -> 1024x1024,2,1,321.39,43.9881,2.595783,1.611143,0.9818,0.998,0.0702,6.6492,40.9517,5.222902,2.285367,0.971,0.9952,0.1842,0.1842,0.1842,6.2919,166.1739,48.258,166.1739,48.258,0.3878,40.9517,0.971,5.222902,2.285367,-3.0364,-0.0028,-0.114,0.3574
/kaggle/input/datasets/duc24kdl/sub-x-ray/sub_X-Ray/sub_NIH/00001404_001.png,,sub_NIH,00001404_001.png,ok,512x512 -> 1024x1024,2,1,321.06,46.4696,1.465964,1.21077,0.9866,0.9984,0.0574,7.6313,43.7712,2.728748,1.651892,0.9816,0.997,0.1553,0.1553,0.1553,7.0622,165.0251,48.4698,165.0251,48.4698,0.2898,43.7712,0.9816,2.728748,1.651892,-2.6984,-0.0014,-0.098,0.5691
/kaggle/input/datasets/duc24kdl/sub-x-ray/sub_X-Ray/sub_NIH/00001404_002.png,,sub_NIH,00001404_002.png,ok,512x512 -> 1024x1024,2,1,321.04,47.0343,1.287209,1.134552,0.9874,0.9984,0.0527,7.159,43.6794,2.787049,1.669446,0.9813,0.9968,0.1464,0.1464,0.1464,6.8292,158.776,53.5711,158.776,53.5711,0.2556,43.6794,0.9813,2.787049,1.669446,-3.355,-0.0017,-0.0936,0.3298
/kaggle/input/datasets/duc24kdl/sub-x-ray/sub_X-Ray/sub_NIH/00001404_003.png,,sub_NIH,00001404_003.png,ok,512x512 -> 1024x1024,2,1,319.51,46.8323,1.348485,1.161243,0.9851,0.9983,0.0656,7.1046,44.0786,2.542234,1.594439,0.9788,0.9965,0.1733,0.1733,0.1733,6.8088,157.1651,47.251,157.1651,47.251,0.2149,44.0786,0.9788,2.542234,1.594439,-2.7537,-0.0018,-0.1077,0.2958
/kaggle/input/datasets/duc24kdl/sub-x-ray/sub_X-Ray/sub_NIH/00001404_004.png,,sub_NIH,00001404_004.png,ok,512x512 -> 1024x1024,2,1,321.75,47.1295,1.259289,1.12218,0.9856,0.9983,0.0583,7.0214,44.3788,2.372446,1.540275,0.9795,0.9965,0.1657,0.1657,0.1657,6.7319,162.548,44.0646,162.548,44.0646,0.2302,44.3788,0.9795,2.372446,1.540275,-2.7507,-0.0018,-0.1074,0.2895
/kaggle/input/datasets/duc24kdl/sub-x-ray/sub_X-Ray/sub_NIH/00001404_005.png,,sub_NIH,00001404_005.png,ok,512x512 -> 1024x1024,2,1,320.07,42.7751,3.432208,1.852622,0.9818,0.9981,0.0769,6.8703,40.9604,5.212444,2.283078,0.9725,0.9955,0.1937,0.1937,0.1937,6.6249,158.7315,51.3539,158.7315,51.3539,0.2563,40.9604,0.9725,5.212444,2.283078,-1.8147,-0.0025,-0.1169,0.2454
/kaggle/input/datasets/duc24kdl/sub-x-ray/sub_X-Ray/sub_NIH/00001404_006.png,,sub_NIH,00001404_006.png,ok,512x512 -> 1024x1024,2,1,319.91,46.5213,1.448594,1.203576,0.9856,0.9983,0.0629,7.0184,43.1259,3.165833,1.779279,0.9787,0.9964,0.1686,0.1686,0.1686,6.7187,160.6008,48.9438,160.6008,48.9438,0.1966,43.1259,0.9787,3.165833,1.779279,-3.3954,-0.0019,-0.1057,0.2996
/kaggle/input/datasets/duc24kdl/sub-x-ray/sub_X-Ray/sub_NIH/00001404_007.png,,sub_NIH,00001404_007.png,ok,512x512 -> 1024x1024,2,1,320.72,37.4333,11.742111,3.426676,0.9824,0.998,0.0751,6.8288,35.338,19.022879,4.361523,0.9711,0.9952,0.1875,0.1875,0.1875,6.6208,162.5099,60.2269,162.5099,60.2269,0.3046,35.338,0.9711,19.022879,4.361523,-2.0953,-0.0028,-0.1124,0.2081
/kaggle/input/datasets/duc24kdl/sub-x-ray/sub_X-Ray/sub_NIH/00001404_008.png,,sub_NIH,00001404_008.png,ok,512x512 -> 1024x1024,2,1,321.09,36.9261,13.196883,3.632751,0.982,0.998,0.0773,6.5091,34.858,21.245953,4.609333,0.9731,0.9955,0.1831,0.1831,0.1831,6.45,164.801,55.7715,164.801,55.7715,0.2941,34.858,0.9731,21.245953,4.609333,-2.068,-0.0026,-0.1059,0.0591
/kaggle/input/datasets/duc24kdl/sub-x-ray/sub_X-Ray/sub_NIH/00001405_000.png,,sub_NIH,00001405_000.png,ok,512x512 -> 1024x1024,2,1,319.96,44.8262,2.140244,1.462957,0.974,0.9973,0.1001,7.188,42.5646,3.6026,1.898052,0.96,0.9946,0.2248,0.2248,0.2248,6.9467,107.5847,36.6838,107.5847,36.6838,0.2114,42.5646,0.96,3.6026,1.898052,-2.2615,-0.0028,-0.1247,0.2412
/kaggle/input/datasets/duc24kdl/sub-x-ray/sub_X-Ray/sub_NIH/00001406_000.png,,sub_NIH,00001406_000.png,ok,512x512 -> 1024x1024,2,1,319.77,44.7634,2.171419,1.473574,0.9719,0.9972,0.1065,7.1099,42.7052,3.487898,1.867592,0.9605,0.9945,0.2438,0.2438,0.2438,6.6489,109.4283,31.4576,109.4283,31.4576,0.175,42.7052,0.9605,3.487898,1.867592,-2.0582,-0.0027,-0.1373,0.4611
/kaggle/input/datasets/duc24kdl/sub-x-ray/sub_X-Ray/sub_NIH/00001406_001.png,,sub_NIH,00001406_001.png,ok,512x512 -> 1024x1024,2,1,322.61,37.0283,12.889933,3.590255,0.9847,0.9983,0.0628,6.8644,35.4514,18.532819,4.304976,0.9775,0.996,0.161,0.161,0.161,6.4541,168.394,56.1668,168.394,56.1668,0.2435,35.4514,0.9775,18.532819,4.304976,-1.5769,-0.0023,-0.0983,0.4103
/kaggle/input/datasets/duc24kdl/sub-x-ray/sub_X-Ray/sub_NIH/00001407_000.png,,sub_NIH,00001407_000.png,ok,512x512 -> 1024x1024,2,1,321.3,42.1266,3.98495,1.996234,0.9666,0.997,0.1262,6.4638,39.577,7.1677,2.677256,0.9528,0.9936,0.2539,0.2539,0.2539,6.4827,127.2856,67.897,127.2856,67.897,0.1705,39.577,0.9528,7.1677,2.677256,-2.5496,-0.0034,-0.1277,-0.0189
/kaggle/input/datasets/duc24kdl/sub-x-ray/sub_X-Ray/sub_NIH/00001408_000.png,,sub_NIH,00001408_000.png,ok,512x512 -> 1024x1024,2,1,321.26,46.4711,1.465446,1.210556,0.9856,0.9983,0.0564,7.4535,43.7535,2.739888,1.655261,0.9805,0.9966,0.1513,0.1513,0.1513,6.7283,171.4985,48.2877,171.4985,48.2877,0.3058,43.7535,0.9805,2.739888,1.655261,-2.7176,-0.0017,-0.0949,0.7252
/kaggle/input/datasets/duc24kdl/sub-x-ray/sub_X-Ray/sub_NIH/00001409_000.png,,sub_NIH,00001409_000.png,ok,512x512 -> 1024x1024,2,1,322.5,42.5689,3.599055,1.897117,0.9769,0.9976,0.0984,6.9775,36.266,15.363085,3.919577,0.9655,0.9946,0.2289,0.2289,0.2289,6.3362,152.6175,45.3994,152.6175,45.3994,0.1761,36.266,0.9655,15.363085,3.919577,-6.3029,-0.0029,-0.1305,0.6414
/kaggle/input/datasets/duc24kdl/sub-x-ray/sub_X-Ray/sub_NIH/00001409_001.png,,sub_NIH,00001409_001.png,ok,512x512 -> 1024x1024,2,1,319.09,42.0087,4.094617,2.023516,0.9596,0.9964,0.1444,6.7194,39.5012,7.293917,2.700725,0.942,0.9928,0.2898,0.2898,0.2898,6.6831,131.5852,62.9344,131.5852,62.9344,0.1336,39.5012,0.942,7.293917,2.700725,-2.5075,-0.0036,-0.1454,0.0363
/kaggle/input/datasets/duc24kdl/sub-x-ray/sub_X-Ray/sub_NIH/00001409_002.png,,sub_NIH,00001409_002.png,ok,512x512 -> 1024x1024,2,1,321.99,41.9824,4.11942,2.029635,0.9767,0.9976,0.0973,6.7716,37.2268,12.314105,3.509146,0.9646,0.9947,0.2234,0.2234,0.2234,6.1865,149.394,46.0306,149.394,46.0306,0.4013,37.2268,0.9646,12.314105,3.509146,-4.7557,-0.0029,-0.1261,0.5851
/kaggle/input/datasets/duc24kdl/sub-x-ray/sub_X-Ray/sub_NIH/00001409_003.png,,sub_NIH,00001409_003.png,ok,512x512 -> 1024x1024,2,1,320.75,46.272,1.534207,1.238631,0.9784,0.9977,0.0916,7.5479,44.9661,2.072376,1.439575,0.9724,0.996,0.2145,0.2145,0.2145,6.9845,111.5331,27.1643,111.5331,27.1643,0.1652,44.9661,0.9724,2.072376,1.439575,-1.3058,-0.0017,-0.1228,0.5634
/kaggle/input/datasets/duc24kdl/sub-x-ray/sub_X-Ray/sub_NIH/00001409_004.png,,sub_NIH,00001409_004.png,ok,512x512 -> 1024x1024,2,1,321.3,45.2245,1.952679,1.397383,0.9832,0.9981,0.0776,6.9379,41.9553,4.145246,2.035988,0.975,0.9959,0.1973,0.1973,0.1973,6.6111,168.1459,43.8611,168.1459,43.8611,0.2689,41.9553,0.975,4.145246,2.035988,-3.2692,-0.0023,-0.1197,0.3269
/kaggle/input/datasets/duc24kdl/sub-x-ray/sub_X-Ray/sub_NIH/00001409_005.png,,sub_NIH,00001409_005.png,ok,512x512 -> 1024x1024,2,1,320.47,37.2177,12.339744,3.512797,0.9849,0.9983,0.0649,7.2512,35.2967,19.204731,4.38232,0.9785,0.9963,0.1646,0.1646,0.1646,6.6355,177.6141,49.6063,177.6141,49.6063,0.3759,35.2967,0.9785,19.204731,4.38232,-1.921,-0.002,-0.0997,0.6157
/kaggle/input/datasets/duc24kdl/sub-x-ray/sub_X-Ray/sub_NIH/00001409_006.png,,sub_NIH,00001409_006.png,ok,512x512 -> 1024x1024,2,1,321.14,42.207,3.911802,1.977827,0.9648,0.9968,0.1336,7.006,39.921,6.62192,2.573309,0.9532,0.9937,0.2775,0.2775,0.2775,6.614,140.6745,61.9617,140.6745,61.9617,0.1962,39.921,0.9532,6.62192,2.573309,-2.2861,-0.0032,-0.1438,0.392
/kaggle/input/datasets/duc24kdl/sub-x-ray/sub_X-Ray/sub_NIH/00001409_007.png,,sub_NIH,00001409_007.png,ok,512x512 -> 1024x1024,2,1,319.99,41.3483,4.767012,2.183349,0.9581,0.9963,0.1515,6.8397,38.8745,8.426129,2.90278,0.9409,0.9925,0.3031,0.3031,0.3031,6.7329,139.9842,61.8491,139.9842,61.8491,0.1622,38.8745,0.9409,8.426129,2.90278,-2.4738,-0.0038,-0.1516,0.1068
/kaggle/input/datasets/duc24kdl/sub-x-ray/sub_X-Ray/sub_NIH/00001409_008.png,,sub_NIH,00001409_008.png,ok,512x512 -> 1024x1024,2,1,319.94,41.7513,4.344628,2.084377,0.9613,0.9965,0.14,7.0329,40.0122,6.484256,2.54642,0.9468,0.9931,0.2814,0.2814,0.2814,6.9212,130.7708,63.601,130.7708,63.601,0.1653,40.0122,0.9468,6.484256,2.54642,-1.7391,-0.0034,-0.1414,0.1117
/kaggle/input/datasets/duc24kdl/sub-x-ray/sub_X-Ray/sub_NIH/00001409_009.png,,sub_NIH,00001409_009.png,ok,512x512 -> 1024x1024,2,1,320.59,42.0111,4.092304,2.022944,0.9594,0.9964,0.1442,6.8522,39.9682,6.550294,2.559354,0.9413,0.9928,0.2875,0.2875,0.2875,6.7349,127.9867,63.7378,127.9867,63.7378,0.1501,39.9682,0.9413,6.550294,2.559354,-2.0429,-0.0036,-0.1433,0.1173
/kaggle/input/datasets/duc24kdl/sub-x-ray/sub_X-Ray/sub_NIH/00001409_010.png,,sub_NIH,00001409_010.png,ok,512x512 -> 1024x1024,2,1,320.59,41.5251,4.576918,2.139373,0.9586,0.9963,0.1489,6.8506,39.5758,7.169715,2.677632,0.9424,0.9928,0.2965,0.2965,0.2965,6.7676,135.0532,63.3019,135.0532,63.3019,0.1775,39.5758,0.9424,7.169715,2.677632,-1.9493,-0.0035,-0.1477,0.0829
/kaggle/input/datasets/duc24kdl/sub-x-ray/sub_X-Ray/sub_NIH/00001409_011.png,,sub_NIH,00001409_011.png,ok,512x512 -> 1024x1024,2,1,320.45,41.1096,5.0364,2.244193,0.9627,0.9967,0.1383,6.6988,38.9662,8.250188,2.872314,0.9497,0.9934,0.28,0.28,0.28,6.6265,141.2124,57.2379,141.2124,57.2379,0.1772,38.9662,0.9497,8.250188,2.872314,-2.1434,-0.0032,-0.1416,0.0723
/kaggle/input/datasets/duc24kdl/sub-x-ray/sub_X-Ray/sub_NIH/00001409_012.png,,sub_NIH,00001409_012.png,ok,512x512 -> 1024x1024,2,1,320.32,36.5797,14.292592,3.780555,0.9824,0.998,0.0764,6.6584,32.8947,33.389399,5.778356,0.9722,0.9955,0.1946,0.1946,0.1946,6.4234,120.5556,39.1241,120.5556,39.1241,0.3749,32.8947,0.9722,33.389399,5.778356,-3.685,-0.0025,-0.1182,0.2351
/kaggle/input/datasets/duc24kdl/sub-x-ray/sub_X-Ray/sub_NIH/00001409_013.png,,sub_NIH,00001409_013.png,ok,512x512 -> 1024x1024,2,1,321.62,36.9439,13.142942,3.62532,0.981,0.998,0.0791,6.7417,35.2254,19.522841,4.418466,0.9676,0.9953,0.1768,0.1768,0.1768,6.453,151.3191,59.73,151.3191,59.73,0.4548,35.2254,0.9676,19.522841,4.418466,-1.7185,-0.0027,-0.0977,0.2886
/kaggle/input/datasets/duc24kdl/sub-x-ray/sub_X-Ray/sub_NIH/00001410_000.png,,sub_NIH,00001410_000.png,ok,512x512 -> 1024x1024,2,1,320.29,38.2716,9.680979,3.111427,0.9827,0.9982,0.0652,6.7778,36.5772,14.300832,3.781644,0.9683,0.9953,0.1675,0.1675,0.1675,6.2641,146.4383,71.6873,146.4383,71.6873,0.3293,36.5772,0.9683,14.300832,3.781644,-1.6944,-0.0029,-0.1023,0.5138
/kaggle/input/datasets/duc24kdl/sub-x-ray/sub_X-Ray/sub_NIH/00001410_001.png,,sub_NIH,00001410_001.png,ok,512x512 -> 1024x1024,2,1,321.01,39.4427,7.392867,2.718983,0.9857,0.9984,0.0613,6.9432,37.415,11.791714,3.433907,0.98,0.9966,0.167,0.167,0.167,6.5614,157.262,59.0985,157.262,59.0985,0.096,37.415,0.98,11.791714,3.433907,-2.0276,-0.0018,-0.1057,0.3819
/kaggle/input/datasets/duc24kdl/sub-x-ray/sub_X-Ray/sub_NIH/00001410_002.png,,sub_NIH,00001410_002.png,ok,512x512 -> 1024x1024,2,1,320.9,46.6218,1.415473,1.189737,0.9867,0.9984,0.0548,7.5655,42.8128,3.402527,1.844594,0.9815,0.9969,0.1469,0.1469,0.1469,6.9439,157.7312,52.5364,157.7312,52.5364,0.2671,42.8128,0.9815,3.402527,1.844594,-3.809,-0.0015,-0.092,0.6216
/kaggle/input/datasets/duc24kdl/sub-x-ray/sub_X-Ray/sub_NIH/00001410_003.png,,sub_NIH,00001410_003.png,ok,512x512 -> 1024x1024,2,1,319.37,38.3725,9.458732,3.075505,0.9869,0.9984,0.0547,6.9312,36.3978,14.903862,3.860552,0.9801,0.9961,0.153,0.153,0.153,6.7476,175.3217,56.6134,175.3217,56.6134,0.4269,36.3978,0.9801,14.903862,3.860552,-1.9747,-0.0023,-0.0983,0.1837
/kaggle/input/datasets/duc24kdl/sub-x-ray/sub_X-Ray/sub_NIH/00001410_004.png,,sub_NIH,00001410_004.png,ok,512x512 -> 1024x1024,2,1,319.09,37.5355,11.469012,3.386593,0.9858,0.9983,0.0584,6.9696,35.9948,16.352947,4.043878,0.9779,0.9959,0.1453,0.1453,0.1453,6.5001,158.8478,70.934,158.8478,70.934,0.4592,35.9948,0.9779,16.352947,4.043878,-1.5407,-0.0025,-0.087,0.4695
/kaggle/input/datasets/duc24kdl/sub-x-ray/sub_X-Ray/sub_NIH/00001411_000.png,,sub_NIH,00001411_000.png,ok,512x512 -> 1024x1024,2,1,321.45,39.4944,7.305325,2.702836,0.959,0.9963,0.1588,6.8022,37.1628,12.496702,3.535067,0.9426,0.9924,0.2977,0.2977,0.2977,6.4633,151.1046,72.5134,151.1046,72.5134,0.1659,37.1628,0.9426,12.496702,3.535067,-2.3316,-0.0039,-0.139,0.3389
/kaggle/input/datasets/duc24kdl/sub-x-ray/sub_X-Ray/sub_NIH/00001412_000.png,,sub_NIH,00001412_000.png,ok,512x512 -> 1024x1024,2,1,321.08,46.3033,1.523165,1.234166,0.983,0.9981,0.0612,6.8925,42.538,3.624795,1.903889,0.9756,0.9958,0.1632,0.1632,0.1632,6.5904,164.538,65.0622,164.538,65.0622,0.1981,42.538,0.9756,3.624795,1.903889,-3.7654,-0.0023,-0.1021,0.3021
/kaggle/input/datasets/duc24kdl/sub-x-ray/sub_X-Ray/sub_NIH/00001413_000.png,,sub_NIH,00001413_000.png,ok,512x512 -> 1024x1024,2,1,320.28,42.1447,3.968349,1.992071,0.9647,0.9968,0.1256,6.3868,39.923,6.618838,2.57271,0.9474,0.9931,0.2544,0.2544,0.2544,6.2866,111.6666,68.5003,111.6666,68.5003,0.2234,39.923,0.9474,6.618838,2.57271,-2.2217,-0.0037,-0.1288,0.1002
/kaggle/input/datasets/duc24kdl/sub-x-ray/sub_X-Ray/sub_NIH/00001413_001.png,,sub_NIH,00001413_001.png,ok,512x512 -> 1024x1024,2,1,320.83,42.1792,3.93693,1.98417,0.9634,0.9967,0.1293,6.5935,38.9897,8.205682,2.864556,0.946,0.9928,0.2662,0.2662,0.2662,6.5044,108.522,68.9435,108.522,68.9435,0.1938,38.9897,0.946,8.205682,2.864556,-3.1896,-0.0039,-0.1369,0.0891
/kaggle/input/datasets/duc24kdl/sub-x-ray/sub_X-Ray/sub_NIH/00001414_000.png,,sub_NIH,00001414_000.png,ok,512x512 -> 1024x1024,2,1,319.68,41.1929,4.940702,2.222769,0.9618,0.9966,0.1401,6.803,39.3576,7.539172,2.745755,0.9445,0.9931,0.2817,0.2817,0.2817,6.6181,116.562,66.1745,116.562,66.1745,0.1796,39.3576,0.9445,7.539172,2.745755,-1.8354,-0.0035,-0.1415,0.1849
/kaggle/input/datasets/duc24kdl/sub-x-ray/sub_X-Ray/sub_NIH/00001415_000.png,,sub_NIH,00001415_000.png,ok,512x512 -> 1024x1024,2,1,320.64,39.2944,7.649686,2.765806,0.983,0.9982,0.0557,6.5605,36.2275,15.500008,3.937005,0.9718,0.9954,0.1482,0.1482,0.1482,6.1015,152.6853,64.9543,152.6853,64.9543,0.2146,36.2275,0.9718,15.500008,3.937005,-3.0669,-0.0028,-0.0925,0.459
/kaggle/input/datasets/duc24kdl/sub-x-ray/sub_X-Ray/sub_NIH/00001415_001.png,,sub_NIH,00001415_001.png,ok,512x512 -> 1024x1024,2,1,319.89,36.075,16.053761,4.006715,0.9834,0.9982,0.0614,6.3699,35.1731,19.75925,4.445138,0.9767,0.9961,0.1457,0.1457,0.1457,6.0449,150.3662,66.2857,150.3662,66.2857,0.3622,35.1731,0.9767,19.75925,4.445138,-0.9019,-0.0022,-0.0843,0.325
/kaggle/input/datasets/duc24kdl/sub-x-ray/sub_X-Ray/sub_NIH/00001415_002.png,,sub_NIH,00001415_002.png,ok,512x512 -> 1024x1024,2,1,319.65,40.2472,6.142774,2.478462,0.9504,0.9955,0.1676,6.3859,38.1923,9.859407,3.139969,0.9299,0.9905,0.3258,0.3258,0.3258,6.6272,115.2911,63.9827,115.2911,63.9827,0.1927,38.1923,0.9299,9.859407,3.139969,-2.0549,-0.005,-0.1582,-0.2413
/kaggle/input/datasets/duc24kdl/sub-x-ray/sub_X-Ray/sub_NIH/00001415_003.png,,sub_NIH,00001415_003.png,ok,512x512 -> 1024x1024,2,1,319.45,43.3368,3.015754,1.736593,0.9697,0.9973,0.1127,6.1222,39.8411,6.744809,2.597077,0.9495,0.9939,0.2245,0.2245,0.2245,6.3283,98.4218,76.864,98.4218,76.864,0.1521,39.8411,0.9495,6.744809,2.597077,-3.4957,-0.0034,-0.1118,-0.2062
/kaggle/input/datasets/duc24kdl/sub-x-ray/sub_X-Ray/sub_NIH/00001416_000.png,,sub_NIH,00001416_000.png,ok,512x512 -> 1024x1024,2,1,320.28,46.2537,1.540681,1.241242,0.9851,0.9983,0.0638,7.158,43.2462,3.079372,1.754814,0.9783,0.9964,0.1626,0.1626,0.1626,6.541,162.5099,44.8035,162.5099,44.8035,0.2257,43.2462,0.9783,3.079372,1.754814,-3.0075,-0.0019,-0.0989,0.6171
/kaggle/input/datasets/duc24kdl/sub-x-ray/sub_X-Ray/sub_NIH/00001416_001.png,,sub_NIH,00001416_001.png,ok,512x512 -> 1024x1024,2,1,321.47,41.6155,4.48265,2.117227,0.9812,0.998,0.0821,7.0575,40.1352,6.303224,2.510622,0.9734,0.9957,0.1983,0.1983,0.1983,6.4391,142.2998,48.8783,142.2998,48.8783,0.2222,40.1352,0.9734,6.303224,2.510622,-1.4803,-0.0023,-0.1162,0.6184
/kaggle/input/datasets/duc24kdl/sub-x-ray/sub_X-Ray/sub_NIH/00001416_002.png,,sub_NIH,00001416_002.png,ok,512x512 -> 1024x1024,2,1,320.95,45.4107,1.870726,1.367745,0.9835,0.9981,0.0694,6.8277,42.6037,3.570374,1.889543,0.9759,0.996,0.175,0.175,0.175,6.1823,157.3446,45.4526,157.3446,45.4526,0.219,42.6037,0.9759,3.570374,1.889543,-2.807,-0.0022,-0.1056,0.6454
/kaggle/input/datasets/duc24kdl/sub-x-ray/sub_X-Ray/sub_NIH/00001416_003.png,,sub_NIH,00001416_003.png,ok,512x512 -> 1024x1024,2,1,319.12,45.5649,1.80546,1.343674,0.9843,0.9982,0.066,6.9438,42.4952,3.660672,1.913288,0.9771,0.9962,0.1688,0.1688,0.1688,6.4858,157.0461,44.7774,157.0461,44.7774,0.2321,42.4952,0.9771,3.660672,1.913288,-3.0697,-0.002,-0.1028,0.458
/kaggle/input/datasets/duc24kdl/sub-x-ray/sub_X-Ray/sub_NIH/00001417_000.png,,sub_NIH,00001417_000.png,ok,512x512 -> 1024x1024,2,1,320.02,43.1478,3.149945,1.774809,0.9676,0.9971,0.1245,6.8243,40.5924,5.673421,2.381895,0.9465,0.9938,0.252,0.252,0.252,7.175,98.6448,73.2903,98.6448,73.2903,0.1777,40.5924,0.9465,5.673421,2.381895,-2.5554,-0.0033,-0.1275,-0.3506
/kaggle/input/datasets/duc24kdl/sub-x-ray/sub_X-Ray/sub_NIH/00001418_000.png,,sub_NIH,00001418_000.png,ok,512x512 -> 1024x1024,2,1,322.16,40.4702,5.835284,2.415633,0.9558,0.996,0.1487,6.7808,38.3628,9.479891,3.078943,0.9405,0.9919,0.2994,0.2994,0.2994,6.6839,120.6142,55.9769,120.6142,55.9769,0.23,38.3628,0.9405,9.479891,3.078943,-2.1074,-0.0042,-0.1507,0.0969
/kaggle/input/datasets/duc24kdl/sub-x-ray/sub_X-Ray/sub_NIH/00001419_000.png,,sub_NIH,00001419_000.png,ok,512x512 -> 1024x1024,2,1,320.81,37.1691,12.478728,3.532524,0.9828,0.9981,0.0744,6.6235,35.1852,19.704436,4.438968,0.9736,0.9955,0.1846,0.1846,0.1846,6.4566,165.05,53.1248,165.05,53.1248,0.389,35.1852,0.9736,19.704436,4.438968,-1.9839,-0.0026,-0.1102,0.1669
/kaggle/input/datasets/duc24kdl/sub-x-ray/sub_X-Ray/sub_NIH/00001420_000.png,,sub_NIH,00001420_000.png,ok,512x512 -> 1024x1024,2,1,320.02,46.381,1.496151,1.223173,0.986,0.9983,0.0564,6.6433,43.3697,2.993042,1.730041,0.9798,0.9965,0.1489,0.1489,0.1489,6.1973,158.3824,44.1132,158.3824,44.1132,0.2869,43.3697,0.9798,2.993042,1.730041,-3.0114,-0.0018,-0.0925,0.4461
/kaggle/input/datasets/duc24kdl/sub-x-ray/sub_X-Ray/sub_NIH/00001421_000.png,,sub_NIH,00001421_000.png,ok,512x512 -> 1024x1024,2,1,319.46,36.0259,16.236529,4.029458,0.9806,0.998,0.0933,7.1369,33.7051,27.706024,5.263651,0.9735,0.9956,0.2117,0.2117,0.2117,6.545,172.1298,57.6554,172.1298,57.6554,0.1324,33.7051,0.9735,27.706024,5.263651,-2.3208,-0.0024,-0.1184,0.5919
/kaggle/input/datasets/duc24kdl/sub-x-ray/sub_X-Ray/sub_NIH/00001421_001.png,,sub_NIH,00001421_001.png,ok,512x512 -> 1024x1024,2,1,321.45,41.6804,4.416143,2.101462,0.9606,0.9965,0.1534,6.7038,39.8111,6.791596,2.606069,0.9477,0.9932,0.2975,0.2975,0.2975,6.5339,149.3151,66.7841,149.3151,66.7841,0.1121,39.8111,0.9477,6.791596,2.606069,-1.8693,-0.0033,-0.1441,0.1699
/kaggle/input/datasets/duc24kdl/sub-x-ray/sub_X-Ray/sub_NIH/00001422_000.png,,sub_NIH,00001422_000.png,ok,512x512 -> 1024x1024,2,1,319.07,46.3928,1.492105,1.221517,0.9846,0.9982,0.064,7.1673,43.5587,2.865589,1.692805,0.9785,0.9965,0.168,0.168,0.168,6.464,159.2549,48.4391,159.2549,48.4391,0.2241,43.5587,0.9785,2.865589,1.692805,-2.8341,-0.0018,-0.1041,0.7034
/kaggle/input/datasets/duc24kdl/sub-x-ray/sub_X-Ray/sub_NIH/00001423_000.png,,sub_NIH,00001423_000.png,ok,512x512 -> 1024x1024,2,1,319.25,44.0219,2.575655,1.604885,0.9855,0.9984,0.0636,7.017,41.7227,4.373321,2.091249,0.9786,0.9965,0.173,0.173,0.173,6.6783,152.9482,54.6661,152.9482,54.6661,0.273,41.7227,0.9786,4.373321,2.091249,-2.2992,-0.0018,-0.1095,0.3387
/kaggle/input/datasets/duc24kdl/sub-x-ray/sub_X-Ray/sub_NIH/00001423_001.png,,sub_NIH,00001423_001.png,ok,512x512 -> 1024x1024,2,1,320.18,38.062,10.159637,3.187419,0.9849,0.9984,0.0669,7.0987,36.1417,15.809052,3.97606,0.9706,0.9958,0.1647,0.1647,0.1647,6.757,152.929,67.9737,152.929,67.9737,0.3546,36.1417,0.9706,15.809052,3.97606,-1.9203,-0.0025,-0.0979,0.3417
/kaggle/input/datasets/duc24kdl/sub-x-ray/sub_X-Ray/sub_NIH/00001424_000.png,,sub_NIH,00001424_000.png,ok,512x512 -> 1024x1024,2,1,320.48,38.5036,9.177474,3.029435,0.9851,0.9983,0.0544,6.1795,36.1069,15.93646,3.99205,0.9764,0.9959,0.1505,0.1505,0.1505,6.1358,154.1005,65.0715,154.1005,65.0715,0.4449,36.1069,0.9764,15.93646,3.99205,-2.3967,-0.0024,-0.0961,0.0436
/kaggle/input/datasets/duc24kdl/sub-x-ray/sub_X-Ray/sub_NIH/00001425_000.png,,sub_NIH,00001425_000.png,ok,512x512 -> 1024x1024,2,1,322.41,42.1976,3.920343,1.979986,0.9626,0.9966,0.1362,6.4895,39.7248,6.927927,2.632096,0.9461,0.993,0.2683,0.2683,0.2683,6.3461,127.2001,68.6222,127.2001,68.6222,0.1503,39.7248,0.9461,6.927927,2.632096,-2.4728,-0.0036,-0.1321,0.1435
/kaggle/input/datasets/duc24kdl/sub-x-ray/sub_X-Ray/sub_NIH/00001426_000.png,,sub_NIH,00001426_000.png,ok,512x512 -> 1024x1024,2,1,320.65,37.4417,11.719428,3.423365,0.9867,0.9984,0.0543,6.7961,35.0277,20.432093,4.520187,0.9791,0.9959,0.1417,0.1417,0.1417,6.3466,174.2381,61.8326,174.2381,61.8326,0.2804,35.0277,0.9791,20.432093,4.520187,-2.4141,-0.0026,-0.0874,0.4495
/kaggle/input/datasets/duc24kdl/sub-x-ray/sub_X-Ray/sub_NIH/00001426_001.png,,sub_NIH,00001426_001.png,ok,512x512 -> 1024x1024,2,1,320.16,42.7554,3.447751,1.856812,0.9643,0.9968,0.1308,5.9491,40.2161,6.186848,2.487338,0.9406,0.9933,0.2654,0.2654,0.2654,6.4943,108.9321,72.9243,108.9321,72.9243,0.1732,40.2161,0.9406,6.186848,2.487338,-2.5393,-0.0036,-0.1346,-0.5451
/kaggle/input/datasets/duc24kdl/sub-x-ray/sub_X-Ray/sub_NIH/00001427_000.png,,sub_NIH,00001427_000.png,ok,512x512 -> 1024x1024,2,1,321.59,38.5044,9.175688,3.02914,0.9852,0.9983,0.0574,6.3014,36.3167,15.184806,3.896769,0.9774,0.9961,0.16,0.16,0.16,6.1482,154.3182,61.0099,154.3182,61.0099,0.1506,36.3167,0.9774,15.184806,3.896769,-2.1877,-0.0023,-0.1025,0.1532
/kaggle/input/datasets/duc24kdl/sub-x-ray/sub_X-Ray/sub_NIH/00001428_000.png,,sub_NIH,00001428_000.png,ok,512x512 -> 1024x1024,2,1,319.4,46.5219,1.44841,1.203499,0.9843,0.9982,0.0648,6.6581,43.1207,3.169635,1.780347,0.9758,0.9959,0.171,0.171,0.171,6.6669,154.4639,51.3017,154.4639,51.3017,0.225,43.1207,0.9758,3.169635,1.780347,-3.4012,-0.0023,-0.1062,-0.0088
/kaggle/input/datasets/duc24kdl/sub-x-ray/sub_X-Ray/sub_NIH/00001429_000.png,,sub_NIH,00001429_000.png,ok,512x512 -> 1024x1024,2,1,320.28,41.7657,4.330201,2.080914,0.9645,0.9968,0.1017,5.8591,38.1323,9.996456,3.161717,0.944,0.9922,0.2141,0.2141,0.2141,6.0807,88.1613,66.4772,88.1613,66.4772,0.227,38.1323,0.944,9.996456,3.161717,-3.6334,-0.0046,-0.1123,-0.2216
/kaggle/input/datasets/duc24kdl/sub-x-ray/sub_X-Ray/sub_NIH/00001429_001.png,,sub_NIH,00001429_001.png,ok,512x512 -> 1024x1024,2,1,320.76,41.1098,5.036223,2.244153,0.9594,0.9964,0.1239,6.1151,38.4304,9.333495,3.055077,0.9376,0.9915,0.2548,0.2548,0.2548,6.4129,89.7175,66.0719,89.7175,66.0719,0.2592,38.4304,0.9376,9.333495,3.055077,-2.6794,-0.0048,-0.1309,-0.2979
/kaggle/input/datasets/duc24kdl/sub-x-ray/sub_X-Ray/sub_NIH/00001429_002.png,,sub_NIH,00001429_002.png,ok,512x512 -> 1024x1024,2,1,320.22,36.2798,15.314585,3.913385,0.981,0.9979,0.0779,6.5802,33.9677,26.079998,5.106858,0.9679,0.9945,0.174,0.174,0.174,6.4983,112.5448,52.1646,112.5448,52.1646,0.32,33.9677,0.9679,26.079998,5.106858,-2.312,-0.0034,-0.0961,0.0819
/kaggle/input/datasets/duc24kdl/sub-x-ray/sub_X-Ray/sub_NIH/00001430_001.png,,sub_NIH,00001430_001.png,ok,512x512 -> 1024x1024,2,1,322.29,44.5859,2.261982,1.503989,0.9779,0.9977,0.0868,6.4514,41.7363,4.359621,2.08797,0.9673,0.9948,0.2187,0.2187,0.2187,6.1933,162.3771,56.2235,162.3771,56.2235,0.2257,41.7363,0.9673,4.359621,2.08797,-2.8496,-0.003,-0.132,0.2581
/kaggle/input/datasets/duc24kdl/sub-x-ray/sub_X-Ray/sub_NIH/00001433_001.png,,sub_NIH,00001433_001.png,ok,512x512 -> 1024x1024,2,1,320.39,43.9795,2.600944,1.612744,0.9866,0.9983,0.0474,7.0842,40.9203,5.260753,2.293633,0.9809,0.9966,0.1303,0.1303,0.1303,6.454,182.1918,46.5388,182.1918,46.5388,0.13,40.9203,0.9809,5.260753,2.293633,-3.0592,-0.0017,-0.0828,0.6302
/kaggle/input/datasets/duc24kdl/sub-x-ray/sub_X-Ray/sub_NIH/00001437_002.png,,sub_NIH,00001437_002.png,ok,512x512 -> 1024x1024,2,1,320.6,38.5925,8.99154,2.99859,0.9757,0.9975,0.0966,6.6232,35.7831,17.169929,4.143661,0.9527,0.9936,0.2047,0.2047,0.2047,6.362,116.9716,63.8346,116.9716,63.8346,0.3863,35.7831,0.9527,17.169929,4.143661,-2.8093,-0.0039,-0.1081,0.2612
/kaggle/input/datasets/duc24kdl/sub-x-ray/sub_X-Ray/sub_NIH/00001437_004.png,,sub_NIH,00001437_004.png,ok,512x512 -> 1024x1024,2,1,321.58,36.1214,15.883166,3.985369,0.9783,0.9976,0.0867,6.2267,33.558,28.660125,5.353515,0.9635,0.994,0.1951,0.1951,0.1951,6.1506,112.2571,62.7053,112.2571,62.7053,0.4171,33.558,0.9635,28.660125,5.353515,-2.5634,-0.0036,-0.1084,0.0761
/kaggle/input/datasets/duc24kdl/sub-x-ray/sub_X-Ray/sub_NIH/00001437_005.png,,sub_NIH,00001437_005.png,ok,512x512 -> 1024x1024,2,1,320.35,38.1633,9.925396,3.15046,0.9822,0.9979,0.072,6.4011,34.9457,20.821374,4.563044,0.9716,0.9948,0.172,0.172,0.172,6.1272,100.6823,62.5244,100.6823,62.5244,0.3552,34.9457,0.9716,20.821374,4.563044,-3.2176,-0.0031,-0.1,0.2738
/kaggle/input/datasets/duc24kdl/sub-x-ray/sub_X-Ray/sub_NIH/00001437_008.png,,sub_NIH,00001437_008.png,ok,512x512 -> 1024x1024,2,1,320.86,35.5273,18.2118,4.267529,0.9718,0.9971,0.1091,6.1739,33.1625,31.392763,5.602924,0.954,0.9926,0.2342,0.2342,0.2342,6.2567,116.5407,59.9507,116.5407,59.9507,0.2888,33.1625,0.954,31.392763,5.602924,-2.3648,-0.0045,-0.1251,-0.0828
/kaggle/input/datasets/duc24kdl/sub-x-ray/sub_X-Ray/sub_NIH/00001437_016.png,,sub_NIH,00001437_016.png,ok,512x512 -> 1024x1024,2,1,321.01,35.7914,17.137365,4.13973,0.9581,0.9963,0.1473,6.5466,32.8878,33.442438,5.782944,0.9375,0.992,0.2787,0.2787,0.2787,6.3927,115.9388,68.215,115.9388,68.215,0.4241,32.8878,0.9375,33.442438,5.782944,-2.9035,-0.0043,-0.1314,0.1539
/kaggle/input/datasets/duc24kdl/sub-x-ray/sub_X-Ray/sub_NIH/00001437_019.png,,sub_NIH,00001437_019.png,ok,512x512 -> 1024x1024,2,1,319.04,35.05,20.327151,4.508564,0.9711,0.9972,0.103,6.4314,32.1941,39.234764,6.263766,0.9484,0.993,0.2128,0.2128,0.2128,6.0631,122.296,72.8335,122.296,72.8335,0.4454,32.1941,0.9484,39.234764,6.263766,-2.8559,-0.0041,-0.1098,0.3683
/kaggle/input/datasets/duc24kdl/sub-x-ray/sub_X-Ray/sub_NIH/00001437_022.png,,sub_NIH,00001437_022.png,ok,512x512 -> 1024x1024,2,1,321.76,35.4488,18.544056,4.306281,0.969,0.997,0.1105,6.2441,31.7181,43.779327,6.616595,0.9531,0.9929,0.2322,0.2322,0.2322,6.1123,130.7516,65.9599,130.7516,65.9599,0.4314,31.7181,0.9531,43.779327,6.616595,-3.7306,-0.004,-0.1216,0.1319
/kaggle/input/datasets/duc24kdl/sub-x-ray/sub_X-Ray/sub_NIH/00001437_025.png,,sub_NIH,00001437_025.png,ok,512x512 -> 1024x1024,2,1,319.75,40.2506,6.137888,2.477476,0.9524,0.9957,0.1619,6.6407,37.6419,11.191669,3.345395,0.9287,0.9909,0.3126,0.3126,0.3126,6.6707,124.6557,73.0113,124.6557,73.0113,0.1355,37.6419,0.9287,11.191669,3.345395,-2.6088,-0.0048,-0.1507,-0.03
/kaggle/input/datasets/duc24kdl/sub-x-ray/sub_X-Ray/sub_NIH/00001437_041.png,,sub_NIH,00001437_041.png,ok,512x512 -> 1024x1024,2,1,320.21,36.1103,15.92379,3.990462,0.9745,0.9973,0.0974,6.3876,33.5968,28.405133,5.329647,0.9558,0.9935,0.203,0.203,0.203,6.742,101.6791,63.2159,101.6791,63.2159,0.4431,33.5968,0.9558,28.405133,5.329647,-2.5135,-0.0039,-0.1057,-0.3544
/kaggle/input/datasets/duc24kdl/sub-x-ray/sub_X-Ray/sub_NIH/00001437_042.png,,sub_NIH,00001437_042.png,ok,512x512 -> 1024x1024,2,1,321.67,36.4635,14.68028,3.831485,0.981,0.9979,0.0801,6.7023,34.4518,23.329414,4.830053,0.9629,0.9948,0.172,0.172,0.172,6.6388,112.0872,62.2984,112.0872,62.2984,0.3738,34.4518,0.9629,23.329414,4.830053,-2.0117,-0.0031,-0.0919,0.0635
/kaggle/input/datasets/duc24kdl/sub-x-ray/sub_X-Ray/sub_NIH/00001437_045.png,,sub_NIH,00001437_045.png,ok,512x512 -> 1024x1024,2,1,320.56,38.3531,9.500916,3.082356,0.982,0.9981,0.0837,6.9467,36.3164,15.18577,3.896892,0.965,0.9953,0.1776,0.1776,0.1776,6.8558,106.3055,71.3268,106.3055,71.3268,0.2659,36.3164,0.965,15.18577,3.896892,-2.0367,-0.0028,-0.0939,0.0909
/kaggle/input/datasets/duc24kdl/sub-x-ray/sub_X-Ray/sub_NIH/00001437_051.png,,sub_NIH,00001437_051.png,ok,512x512 -> 1024x1024,2,1,321.24,36.7942,13.60396,3.688355,0.9795,0.9978,0.08,6.7195,34.4684,23.240472,4.820837,0.9635,0.9942,0.1902,0.1902,0.1902,6.6823,103.1839,61.808,103.1839,61.808,0.4541,34.4684,0.9635,23.240472,4.820837,-2.3258,-0.0036,-0.1102,0.0372
/kaggle/input/datasets/duc24kdl/sub-x-ray/sub_X-Ray/sub_NIH/00001444_000.png,,sub_NIH,00001444_000.png,ok,512x512 -> 1024x1024,2,1,322.45,43.4842,2.915161,1.707384,0.9818,0.998,0.067,6.4445,40.9446,5.231475,2.287242,0.9717,0.9951,0.1804,0.1804,0.1804,6.1001,156.7021,52.2813,156.7021,52.2813,0.222,40.9446,0.9717,5.231475,2.287242,-2.5396,-0.0028,-0.1134,0.3444
/kaggle/input/datasets/duc24kdl/sub-x-ray/sub_X-Ray/sub_NIH/00001445_001.png,,sub_NIH,00001445_001.png,ok,512x512 -> 1024x1024,2,1,318.68,39.1178,7.96715,2.822614,0.9834,0.9982,0.0622,6.859,36.7424,13.767164,3.710413,0.9679,0.9954,0.1561,0.1561,0.1561,6.3776,145.9122,69.6211,145.9122,69.6211,0.2996,36.7424,0.9679,13.767164,3.710413,-2.3754,-0.0028,-0.0939,0.4815
/kaggle/input/datasets/duc24kdl/sub-x-ray/sub_X-Ray/sub_NIH/00001445_002.png,,sub_NIH,00001445_002.png,ok,512x512 -> 1024x1024,2,1,319.12,37.606,11.284477,3.359238,0.9846,0.9983,0.0566,6.8422,36.9668,13.073766,3.615766,0.9755,0.9956,0.1252,0.1252,0.1252,6.274,137.2092,83.4539,137.2092,83.4539,0.5902,36.9668,0.9755,13.073766,3.615766,-0.6392,-0.0027,-0.0686,0.5682
/kaggle/input/datasets/duc24kdl/sub-x-ray/sub_X-Ray/sub_NIH/00001447_000.png,,sub_NIH,00001447_000.png,ok,512x512 -> 1024x1024,2,1,320.52,37.0279,12.89119,3.59043,0.9835,0.9982,0.0644,6.2231,34.5005,23.069259,4.803047,0.9757,0.9958,0.1555,0.1555,0.1555,5.9893,144.9696,76.409,144.9696,76.409,0.1309,34.5005,0.9757,23.069259,4.803047,-2.5274,-0.0025,-0.0911,0.2337
/kaggle/input/datasets/duc24kdl/sub-x-ray/sub_X-Ray/sub_NIH/00001449_000.png,,sub_NIH,00001449_000.png,ok,512x512 -> 1024x1024,2,1,321.24,46.282,1.530655,1.237196,0.9861,0.9983,0.0562,6.9833,42.9308,3.311311,1.819701,0.9789,0.9963,0.1606,0.1606,0.1606,6.6829,161.3289,49.7701,161.3289,49.7701,0.2448,42.9308,0.9789,3.311311,1.819701,-3.3512,-0.002,-0.1043,0.3003
/kaggle/input/datasets/duc24kdl/sub-x-ray/sub_X-Ray/sub_NIH/00001456_000.png,,sub_NIH,00001456_000.png,ok,512x512 -> 1024x1024,2,1,320.54,41.2692,4.854702,2.203339,0.957,0.9962,0.1538,6.7769,38.9462,8.288215,2.878926,0.9392,0.9921,0.3074,0.3074,0.3074,6.8057,126.3166,61.4145,126.3166,61.4145,0.1911,38.9462,0.9392,8.288215,2.878926,-2.323,-0.0041,-0.1536,-0.0289
/kaggle/input/datasets/duc24kdl/sub-x-ray/sub_X-Ray/sub_NIH/00001457_001.png,,sub_NIH,00001457_001.png,ok,512x512 -> 1024x1024,2,1,320.92,36.132,15.844565,3.980523,0.9727,0.9973,0.0857,5.9802,32.3138,38.168209,6.178043,0.954,0.9928,0.1968,0.1968,0.1968,5.6851,129.8491,56.5123,129.8491,56.5123,0.3413,32.3138,0.954,38.168209,6.178043,-3.8182,-0.0045,-0.1111,0.2952
/kaggle/input/datasets/duc24kdl/sub-x-ray/sub_X-Ray/sub_NIH/00001459_001.png,,sub_NIH,00001459_001.png,ok,512x512 -> 1024x1024,2,1,320.26,42.9687,3.282534,1.811776,0.9657,0.9969,0.1371,7.0022,40.5104,5.781436,2.404462,0.9529,0.9937,0.2731,0.2731,0.2731,6.7766,130.9311,68.7802,130.9311,68.7802,0.1909,40.5104,0.9529,5.781436,2.404462,-2.4583,-0.0031,-0.136,0.2256
/kaggle/input/datasets/duc24kdl/sub-x-ray/sub_X-Ray/sub_NIH/00001460_001.png,,sub_NIH,00001460_001.png,ok,512x512 -> 1024x1024,2,1,323.08,40.858,5.33685,2.310162,0.9865,0.9984,0.0529,6.5806,38.5278,9.126498,3.021009,0.9796,0.9963,0.14,0.14,0.14,6.3538,154.7798,54.471,154.7798,54.471,0.4513,38.5278,0.9796,9.126498,3.021009,-2.3302,-0.0021,-0.0871,0.2268
/kaggle/input/datasets/duc24kdl/sub-x-ray/sub_X-Ray/sub_NIH/00001460_003.png,,sub_NIH,00001460_003.png,ok,512x512 -> 1024x1024,2,1,322.29,41.9217,4.177476,2.043888,0.9693,0.9972,0.115,6.5785,39.5385,7.231475,2.68914,0.9512,0.9935,0.2326,0.2326,0.2326,6.1583,86.715,64.619,86.715,64.619,0.2142,39.5385,0.9512,7.231475,2.68914,-2.3831,-0.0037,-0.1175,0.4202
/kaggle/input/datasets/duc24kdl/sub-x-ray/sub_X-Ray/sub_NIH/00001461_003.png,,sub_NIH,00001461_003.png,ok,512x512 -> 1024x1024,2,1,321.28,38.3115,9.592471,3.097171,0.9848,0.9982,0.0757,6.9849,36.1691,15.709681,3.963544,0.9785,0.9965,0.1759,0.1759,0.1759,6.4376,132.7483,40.7048,132.7483,40.7048,0.15,36.1691,0.9785,15.709681,3.963544,-2.1424,-0.0017,-0.1002,0.5473
/kaggle/input/datasets/duc24kdl/sub-x-ray/sub_X-Ray/sub_NIH/00001462_000.png,,sub_NIH,00001462_000.png,ok,512x512 -> 1024x1024,2,1,318.17,41.5733,4.526381,2.127529,0.9609,0.9965,0.1319,6.3573,38.8863,8.403238,2.898834,0.9333,0.9925,0.2611,0.2611,0.2611,6.8011,101.5763,69.6737,101.5763,69.6737,0.1898,38.8863,0.9333,8.403238,2.898834,-2.687,-0.004,-0.1292,-0.4438
/kaggle/input/datasets/duc24kdl/sub-x-ray/sub_X-Ray/sub_NIH/00001462_001.png,,sub_NIH,00001462_001.png,ok,512x512 -> 1024x1024,2,1,323.24,41.9451,4.15504,2.038391,0.9622,0.9966,0.1374,6.5665,39.2722,7.688827,2.772873,0.9425,0.9929,0.2707,0.2707,0.2707,6.7784,112.4305,66.7154,112.4305,66.7154,0.2184,39.2722,0.9425,7.688827,2.772873,-2.6728,-0.0037,-0.1332,-0.212
/kaggle/input/datasets/duc24kdl/sub-x-ray/sub_X-Ray/sub_NIH/00001464_000.png,,sub_NIH,00001464_000.png,ok,512x512 -> 1024x1024,2,1,321.14,38.771,8.629388,2.937582,0.9878,0.9985,0.0614,7.0555,36.7027,13.893585,3.72741,0.9833,0.9974,0.1535,0.1535,0.1535,7.0228,152.2392,54.2104,152.2392,54.2104,0.135,36.7027,0.9833,13.893585,3.72741,-2.0683,-0.0012,-0.0921,0.0327
/kaggle/input/datasets/duc24kdl/sub-x-ray/sub_X-Ray/sub_NIH/00001464_002.png,,sub_NIH,00001464_002.png,ok,512x512 -> 1024x1024,2,1,321.25,41.7041,4.39212,2.095738,0.9632,0.9968,0.1366,6.4582,38.9685,8.245817,2.871553,0.943,0.9931,0.282,0.282,0.282,6.7996,112.6059,67.7765,112.6059,67.7765,0.1838,38.9685,0.943,8.245817,2.871553,-2.7356,-0.0037,-0.1454,-0.3414
/kaggle/input/datasets/duc24kdl/sub-x-ray/sub_X-Ray/sub_NIH/00001464_004.png,,sub_NIH,00001464_004.png,ok,512x512 -> 1024x1024,2,1,321.69,40.8615,5.332549,2.309231,0.957,0.9963,0.1554,6.6155,37.6463,11.180331,3.3437,0.9331,0.9921,0.3143,0.3143,0.3143,6.7963,117.3696,70.1371,117.3696,70.1371,0.1686,37.6463,0.9331,11.180331,3.3437,-3.2152,-0.0042,-0.1589,-0.1809
/kaggle/input/datasets/duc24kdl/sub-x-ray/sub_X-Ray/sub_NIH/00001470_003.png,,sub_NIH,00001470_003.png,ok,512x512 -> 1024x1024,2,1,318.72,37.7811,10.838519,3.292191,0.9885,0.9985,0.0577,7.3795,35.8356,16.963812,4.118715,0.9854,0.9976,0.1451,0.1451,0.1451,6.7629,159.0128,43.9944,159.0128,43.9944,0.2359,35.8356,0.9854,16.963812,4.118715,-1.9455,-0.0009,-0.0874,0.6166
/kaggle/input/datasets/duc24kdl/sub-x-ray/sub_X-Ray/sub_NIH/00001471_002.png,,sub_NIH,00001471_002.png,ok,512x512 -> 1024x1024,2,1,322.33,42.423,3.72203,1.929256,0.9655,0.9969,0.127,6.5121,40.0951,6.361599,2.522221,0.9495,0.9932,0.2646,0.2646,0.2646,6.3121,107.1233,66.1565,107.1233,66.1565,0.1957,40.0951,0.9495,6.361599,2.522221,-2.3279,-0.0037,-0.1376,0.2
/kaggle/input/datasets/duc24kdl/sub-x-ray/sub_X-Ray/sub_NIH/00001472_000.png,,sub_NIH,00001472_000.png,ok,512x512 -> 1024x1024,2,1,320.77,41.9962,4.106358,2.026415,0.9616,0.9966,0.1407,6.2854,39.5188,7.264394,2.695254,0.9453,0.9929,0.2831,0.2831,0.2831,6.3891,133.4748,62.4036,133.4748,62.4036,0.1329,39.5188,0.9453,7.264394,2.695254,-2.4774,-0.0037,-0.1425,-0.1037
/kaggle/input/datasets/duc24kdl/sub-x-ray/sub_X-Ray/sub_NIH/00001473_001.png,,sub_NIH,00001473_001.png,ok,512x512 -> 1024x1024,2,1,322.22,42.8703,3.357752,1.832417,0.9636,0.9967,0.1389,6.8083,40.5871,5.680319,2.383342,0.9491,0.9932,0.2752,0.2752,0.2752,6.7738,118.1112,70.4287,118.1112,70.4287,0.1641,40.5871,0.9491,5.680319,2.383342,-2.2832,-0.0034,-0.1363,0.0344
/kaggle/input/datasets/duc24kdl/sub-x-ray/sub_X-Ray/sub_NIH/00001478_000.png,,sub_NIH,00001478_000.png,ok,512x512 -> 1024x1024,2,1,324.24,40.7215,5.50721,2.346745,0.9811,0.9978,0.0722,6.6424,38.0686,10.144257,3.185005,0.9647,0.9946,0.1776,0.1776,0.1776,6.1559,136.757,57.6752,136.757,57.6752,0.6006,38.0686,0.9647,10.144257,3.185005,-2.6529,-0.0033,-0.1054,0.4865
/kaggle/input/datasets/duc24kdl/sub-x-ray/sub_X-Ray/sub_NIH/00001480_000.png,,sub_NIH,00001480_000.png,ok,512x512 -> 1024x1024,2,1,321.98,45.3885,1.880303,1.371242,0.987,0.9985,0.0457,6.5843,41.143,4.997804,2.235577,0.9796,0.9965,0.137,0.137,0.137,6.21,145.6081,67.2334,145.6081,67.2334,0.2907,41.143,0.9796,4.997804,2.235577,-4.2455,-0.0019,-0.0913,0.3743
/kaggle/input/datasets/duc24kdl/sub-x-ray/sub_X-Ray/sub_NIH/00001483_000.png,,sub_NIH,00001483_000.png,ok,512x512 -> 1024x1024,2,1,319.78,42.2789,3.84758,1.961525,0.9626,0.9966,0.1405,6.4267,40.3194,6.041432,2.457932,0.9408,0.9929,0.2844,0.2844,0.2844,6.6165,111.9171,73.6355,111.9171,73.6355,0.1713,40.3194,0.9408,6.041432,2.457932,-1.9595,-0.0037,-0.1438,-0.1898
/kaggle/input/datasets/duc24kdl/sub-x-ray/sub_X-Ray/sub_NIH/00001483_002.png,,sub_NIH,00001483_002.png,ok,512x512 -> 1024x1024,2,1,320.1,41.0588,5.095699,2.257365,0.9625,0.9966,0.1307,6.0383,39.5943,7.139198,2.671928,0.9396,0.9928,0.2667,0.2667,0.2667,6.7442,106.7615,71.5997,106.7615,71.5997,0.2788,39.5943,0.9396,7.139198,2.671928,-1.4645,-0.0039,-0.1359,-0.706
/kaggle/input/datasets/duc24kdl/sub-x-ray/sub_X-Ray/sub_NIH/00001483_004.png,,sub_NIH,00001483_004.png,ok,512x512 -> 1024x1024,2,1,321.81,40.9428,5.233576,2.287701,0.9815,0.998,0.0928,7.9845,39.038,8.114818,2.848652,0.9761,0.9965,0.2097,0.2097,0.2097,7.5205,110.7844,54.556,110.7844,54.556,0.1537,39.038,0.9761,8.114818,2.848652,-1.9048,-0.0015,-0.1169,0.4639
/kaggle/input/datasets/duc24kdl/sub-x-ray/sub_X-Ray/sub_NIH/00001483_007.png,,sub_NIH,00001483_007.png,ok,512x512 -> 1024x1024,2,1,319.98,42.5868,3.584295,1.893223,0.9647,0.9968,0.1335,6.1105,40.5885,5.678514,2.382963,0.9471,0.9931,0.265,0.265,0.265,6.6261,112.0168,76.3914,112.0168,76.3914,0.1567,40.5885,0.9471,5.678514,2.382963,-1.9983,-0.0037,-0.1315,-0.5156
/kaggle/input/datasets/duc24kdl/sub-x-ray/sub_X-Ray/sub_NIH/00001483_009.png,,sub_NIH,00001483_009.png,ok,512x512 -> 1024x1024,2,1,318.84,42.4092,3.733918,1.932335,0.9625,0.9966,0.1374,6.2495,40.3002,6.068237,2.463379,0.9393,0.9928,0.2776,0.2776,0.2776,6.4809,110.5635,74.7588,110.5635,74.7588,0.1724,40.3002,0.9393,6.068237,2.463379,-2.109,-0.0038,-0.1402,-0.2314
/kaggle/input/datasets/duc24kdl/sub-x-ray/sub_X-Ray/sub_NIH/00001483_015.png,,sub_NIH,00001483_015.png,ok,512x512 -> 1024x1024,2,1,321.48,41.0228,5.138079,2.266733,0.9544,0.9959,0.1617,6.5454,39.256,7.717649,2.778066,0.9356,0.9917,0.3171,0.3171,0.3171,6.7155,123.3058,67.3116,123.3058,67.3116,0.1596,39.256,0.9356,7.717649,2.778066,-1.7668,-0.0042,-0.1554,-0.1701
/kaggle/input/datasets/duc24kdl/sub-x-ray/sub_X-Ray/sub_NIH/00001483_021.png,,sub_NIH,00001483_021.png,ok,512x512 -> 1024x1024,2,1,320.2,39.6059,7.12009,2.66835,0.9871,0.9984,0.0625,7.6404,37.6798,11.094363,3.33082,0.982,0.997,0.1619,0.1619,0.1619,7.0859,119.634,49.7909,119.634,49.7909,0.3061,37.6798,0.982,11.094363,3.33082,-1.9262,-0.0013,-0.0995,0.5544
/kaggle/input/datasets/duc24kdl/sub-x-ray/sub_X-Ray/sub_NIH/00001483_023.png,,sub_NIH,00001483_023.png,ok,512x512 -> 1024x1024,2,1,319.8,37.8677,10.624479,3.259521,0.9836,0.9982,0.0767,7.7567,35.6962,17.516879,4.185317,0.9695,0.9962,0.1767,0.1767,0.1767,7.2452,109.9705,65.5454,109.9705,65.5454,0.3665,35.6962,0.9695,17.516879,4.185317,-2.1715,-0.002,-0.1,0.5115
/kaggle/input/datasets/duc24kdl/sub-x-ray/sub_X-Ray/sub_NIH/00001484_001.png,,sub_NIH,00001484_001.png,ok,512x512 -> 1024x1024,2,1,321.88,41.9423,4.157677,2.039038,0.9555,0.9961,0.1495,6.5315,39.9044,6.647222,2.578221,0.9337,0.9913,0.3122,0.3122,0.3122,6.6208,122.5486,74.6919,122.5486,74.6919,0.1501,39.9044,0.9337,6.647222,2.578221,-2.0379,-0.0047,-0.1627,-0.0894
/kaggle/input/datasets/duc24kdl/sub-x-ray/sub_X-Ray/sub_NIH/00001485_001.png,,sub_NIH,00001485_001.png,ok,512x512 -> 1024x1024,2,1,321.18,43.3511,3.005875,1.733746,0.9868,0.9985,0.0493,6.909,39.4862,7.319085,2.705381,0.9779,0.9963,0.1364,0.1364,0.1364,6.3062,147.4405,57.04,147.4405,57.04,0.4039,39.4862,0.9779,7.319085,2.705381,-3.8649,-0.0022,-0.0872,0.6028
/kaggle/input/datasets/duc24kdl/sub-x-ray/sub_X-Ray/sub_NIH/00001486_000.png,,sub_NIH,00001486_000.png,ok,512x512 -> 1024x1024,2,1,320.95,46.8475,1.343784,1.159217,0.9836,0.9981,0.0691,7.0048,43.6454,2.808941,1.67599,0.9762,0.996,0.1837,0.1837,0.1837,6.5601,171.3116,40.4603,171.3116,40.4603,0.1985,43.6454,0.9762,2.808941,1.67599,-3.2021,-0.0022,-0.1145,0.4447
/kaggle/input/datasets/duc24kdl/sub-x-ray/sub_X-Ray/sub_NIH/00001491_000.png,,sub_NIH,00001491_000.png,ok,512x512 -> 1024x1024,2,1,320.78,45.335,1.903638,1.379724,0.9827,0.9981,0.0712,6.869,41.76,4.335864,2.082274,0.973,0.9955,0.1933,0.1933,0.1933,6.4315,165.609,47.157,165.609,47.157,0.266,41.76,0.973,4.335864,2.082274,-3.5749,-0.0026,-0.1221,0.4375
/kaggle/input/datasets/duc24kdl/sub-x-ray/sub_X-Ray/sub_NIH/00001495_002.png,,sub_NIH,00001495_002.png,ok,512x512 -> 1024x1024,2,1,321.41,41.9675,4.133635,2.033134,0.9663,0.9969,0.1298,6.4683,39.4261,7.421165,2.724182,0.9469,0.9935,0.2618,0.2618,0.2618,6.6853,107.8412,72.8848,107.8412,72.8848,0.1468,39.4261,0.9469,7.421165,2.724182,-2.5414,-0.0035,-0.132,-0.217
/kaggle/input/datasets/duc24kdl/sub-x-ray/sub_X-Ray/sub_NIH/00001496_002.png,,sub_NIH,00001496_002.png,ok,512x512 -> 1024x1024,2,1,322.5,38.0826,10.111717,3.179893,0.9859,0.9984,0.0592,6.6276,35.7542,17.284609,4.157476,0.9796,0.9962,0.1546,0.1546,0.1546,6.3319,168.9949,56.4791,168.9949,56.4791,0.1251,35.7542,0.9796,17.284609,4.157476,-2.3283,-0.0022,-0.0954,0.2957
/kaggle/input/datasets/duc24kdl/sub-x-ray/sub_X-Ray/sub_NIH/00001498_000.png,,sub_NIH,00001498_000.png,ok,512x512 -> 1024x1024,2,1,318.55,42.6954,3.495773,1.869699,0.9586,0.9963,0.1464,6.5106,40.8873,5.300938,2.302377,0.9387,0.9926,0.2941,0.2941,0.2941,6.5744,125.1166,72.3896,125.1166,72.3896,0.1387,40.8873,0.9387,5.300938,2.302377,-1.8081,-0.0037,-0.1477,-0.0638
/kaggle/input/datasets/duc24kdl/sub-x-ray/sub_X-Ray/sub_NIH/00001499_000.png,,sub_NIH,00001499_000.png,ok,512x512 -> 1024x1024,2,1,321.22,43.5398,2.878096,1.696495,0.9843,0.9982,0.0568,6.5127,40.0323,6.454343,2.54054,0.9744,0.9958,0.1571,0.1571,0.1571,6.1918,148.0111,63.3094,148.0111,63.3094,0.3174,40.0323,0.9744,6.454343,2.54054,-3.5075,-0.0025,-0.1003,0.3209
/kaggle/input/datasets/duc24kdl/sub-x-ray/sub_X-Ray/sub_NIH/00001500_002.png,,sub_NIH,00001500_002.png,ok,512x512 -> 1024x1024,2,1,318.96,42.698,3.493629,1.869125,0.9586,0.9963,0.1669,6.9368,40.4051,5.923341,2.433791,0.9448,0.9926,0.3375,0.3375,0.3375,6.7901,136.9899,61.111,136.9899,61.111,0.145,40.4051,0.9448,5.923341,2.433791,-2.2929,-0.0037,-0.1706,0.1468
/kaggle/input/datasets/duc24kdl/sub-x-ray/sub_X-Ray/sub_NIH/00001501_007.png,,sub_NIH,00001501_007.png,ok,512x512 -> 1024x1024,2,1,319.17,46.8917,1.330189,1.153338,0.9862,0.9983,0.0602,7.3233,43.7333,2.752658,1.659114,0.9807,0.9968,0.154,0.154,0.154,6.6797,162.3367,51.2278,162.3367,51.2278,0.2597,43.7333,0.9807,2.752658,1.659114,-3.1584,-0.0015,-0.0938,0.6437
/kaggle/input/datasets/duc24kdl/sub-x-ray/sub_X-Ray/sub_NIH/00001504_007.png,,sub_NIH,00001504_007.png,ok,512x512 -> 1024x1024,2,1,320.0,42.0629,4.043763,2.010911,0.9611,0.9965,0.1388,6.3765,40.1007,6.35342,2.520599,0.9417,0.9927,0.2732,0.2732,0.2732,6.4953,117.2554,67.1571,117.2554,67.1571,0.1692,40.1007,0.9417,6.35342,2.520599,-1.9622,-0.0038,-0.1344,-0.1188
/kaggle/input/datasets/duc24kdl/sub-x-ray/sub_X-Ray/sub_NIH/00001504_010.png,,sub_NIH,00001504_010.png,ok,512x512 -> 1024x1024,2,1,321.14,42.7285,3.469224,1.862585,0.9624,0.9966,0.139,6.5288,40.1267,6.315559,2.513078,0.9472,0.9929,0.2841,0.2841,0.2841,6.2291,133.3726,63.156,133.3726,63.156,0.1468,40.1267,0.9472,6.315559,2.513078,-2.6018,-0.0037,-0.1451,0.2997
/kaggle/input/datasets/duc24kdl/sub-x-ray/sub_X-Ray/sub_NIH/00001504_012.png,,sub_NIH,00001504_012.png,ok,512x512 -> 1024x1024,2,1,319.82,42.7512,3.451105,1.857715,0.9635,0.9967,0.1355,6.6317,40.1147,6.332995,2.516544,0.9489,0.9933,0.2702,0.2702,0.2702,6.3579,130.7262,63.4212,130.7262,63.4212,0.1425,40.1147,0.9489,6.332995,2.516544,-2.6365,-0.0034,-0.1347,0.2738
/kaggle/input/datasets/duc24kdl/sub-x-ray/sub_X-Ray/sub_NIH/00001504_015.png,,sub_NIH,00001504_015.png,ok,512x512 -> 1024x1024,2,1,321.22,42.4873,3.667372,1.915038,0.9613,0.9965,0.1404,6.5099,40.6131,5.646446,2.376225,0.9445,0.9929,0.2793,0.2793,0.2793,6.5701,113.0117,65.4863,113.0117,65.4863,0.1498,40.6131,0.9445,5.646446,2.376225,-1.8742,-0.0036,-0.139,-0.0601
/kaggle/input/datasets/duc24kdl/sub-x-ray/sub_X-Ray/sub_NIH/00001515_000.png,,sub_NIH,00001515_000.png,ok,512x512 -> 1024x1024,2,1,318.2,36.0851,16.016504,4.002063,0.9793,0.9979,0.0816,6.7242,33.8756,26.639401,5.161337,0.9705,0.9947,0.2046,0.2046,0.2046,6.1224,171.7852,59.9893,171.7852,59.9893,0.1083,33.8756,0.9705,26.639401,5.161337,-2.2096,-0.0031,-0.123,0.6018
/kaggle/input/datasets/duc24kdl/sub-x-ray/sub_X-Ray/sub_NIH/00001517_004.png,,sub_NIH,00001517_004.png,ok,512x512 -> 1024x1024,2,1,321.15,37.5627,11.397594,3.376032,0.9866,0.9985,0.0571,7.7222,36.0472,16.156871,4.019561,0.9796,0.9973,0.1376,0.1376,0.1376,7.0595,144.5599,67.4595,144.5599,67.4595,0.2454,36.0472,0.9796,16.156871,4.019561,-1.5154,-0.0013,-0.0805,0.6627
/kaggle/input/datasets/duc24kdl/sub-x-ray/sub_X-Ray/sub_NIH/00001517_011.png,,sub_NIH,00001517_011.png,ok,512x512 -> 1024x1024,2,1,319.82,36.7983,13.591004,3.686598,0.9831,0.9981,0.0628,6.0438,33.5635,28.623737,5.350116,0.9676,0.9949,0.1644,0.1644,0.1644,5.8362,134.0869,60.9941,134.0869,60.9941,0.1902,33.5635,0.9676,28.623737,5.350116,-3.2347,-0.0032,-0.1017,0.2076
/kaggle/input/datasets/duc24kdl/sub-x-ray/sub_X-Ray/sub_NIH/00001517_013.png,,sub_NIH,00001517_013.png,ok,512x512 -> 1024x1024,2,1,318.6,35.7241,17.404721,4.171897,0.9848,0.9982,0.0726,6.8974,34.0018,25.876411,5.086886,0.9755,0.9962,0.1523,0.1523,0.1523,6.614,145.867,59.9124,145.867,59.9124,0.3921,34.0018,0.9755,25.876411,5.086886,-1.7224,-0.002,-0.0798,0.2834
/kaggle/input/datasets/duc24kdl/sub-x-ray/sub_X-Ray/sub_NIH/00001525_001.png,,sub_NIH,00001525_001.png,ok,512x512 -> 1024x1024,2,1,319.23,37.5378,11.46298,3.385702,0.9835,0.9982,0.072,7.2559,35.6821,17.573924,4.192126,0.9776,0.9966,0.166,0.166,0.166,6.5108,166.8247,51.3046,166.8247,51.3046,0.2294,35.6821,0.9776,17.573924,4.192126,-1.8557,-0.0016,-0.094,0.7451
/kaggle/input/datasets/duc24kdl/sub-x-ray/sub_X-Ray/sub_NIH/00001526_000.png,,sub_NIH,00001526_000.png,ok,512x512 -> 1024x1024,2,1,319.11,46.8986,1.328055,1.152413,0.9889,0.9985,0.0466,8.1936,44.1052,2.526721,1.589566,0.9857,0.9975,0.1271,0.1271,0.1271,7.3791,153.9955,53.3858,153.9955,53.3858,0.3065,44.1052,0.9857,2.526721,1.589566,-2.7934,-0.001,-0.0805,0.8145
/kaggle/input/datasets/duc24kdl/sub-x-ray/sub_X-Ray/sub_NIH/00001526_008.png,,sub_NIH,00001526_008.png,ok,512x512 -> 1024x1024,2,1,321.65,39.3912,7.481089,2.735158,0.9872,0.9984,0.0429,6.7802,36.6811,13.96257,3.736652,0.9799,0.9964,0.1185,0.1185,0.1185,6.5509,150.1535,63.2763,150.1535,63.2763,0.4934,36.6811,0.9799,13.96257,3.736652,-2.71,-0.002,-0.0756,0.2293
/kaggle/input/datasets/duc24kdl/sub-x-ray/sub_X-Ray/sub_NIH/00001528_000.png,,sub_NIH,00001528_000.png,ok,512x512 -> 1024x1024,2,1,319.72,39.0712,8.053025,2.837785,0.9795,0.9978,0.0961,8.138,35.9655,16.463944,4.057579,0.9726,0.9958,0.2134,0.2134,0.2134,7.7117,133.1373,38.8887,133.1373,38.8887,0.1765,35.9655,0.9726,16.463944,4.057579,-3.1057,-0.002,-0.1173,0.4263
/kaggle/input/datasets/duc24kdl/sub-x-ray/sub_X-Ray/sub_NIH/00001528_002.png,,sub_NIH,00001528_002.png,ok,512x512 -> 1024x1024,2,1,320.06,39.2868,7.662955,2.768204,0.9835,0.9981,0.081,7.8766,35.991,16.367527,4.04568,0.9775,0.9965,0.19,0.19,0.19,7.0184,137.7255,43.9671,137.7255,43.9671,0.1194,35.991,0.9775,16.367527,4.04568,-3.2959,-0.0016,-0.109,0.8582
/kaggle/input/datasets/duc24kdl/sub-x-ray/sub_X-Ray/sub_NIH/00001528_004.png,,sub_NIH,00001528_004.png,ok,512x512 -> 1024x1024,2,1,321.18,38.0005,10.304531,3.210067,0.9879,0.9984,0.0632,7.7348,36.2249,15.509394,3.938197,0.9846,0.9975,0.1596,0.1596,0.1596,7.5163,156.376,39.1363,156.376,39.1363,0.1272,36.2249,0.9846,15.509394,3.938197,-1.7757,-0.001,-0.0965,0.2185
/kaggle/input/datasets/duc24kdl/sub-x-ray/sub_X-Ray/sub_NIH/00001532_000.png,,sub_NIH,00001532_000.png,ok,512x512 -> 1024x1024,2,1,321.33,45.5705,1.803129,1.342807,0.9846,0.9983,0.0673,7.1761,42.4279,3.717851,1.928173,0.9771,0.9962,0.1707,0.1707,0.1707,6.6954,159.6432,53.7916,159.6432,53.7916,0.3192,42.4279,0.9771,3.717851,1.928173,-3.1427,-0.0021,-0.1034,0.4807
/kaggle/input/datasets/duc24kdl/sub-x-ray/sub_X-Ray/sub_NIH/00001534_006.png,,sub_NIH,00001534_006.png,ok,512x512 -> 1024x1024,2,1,320.26,42.0368,4.068157,2.016967,0.9554,0.9959,0.1628,6.866,40.109,6.341362,2.518206,0.9381,0.9918,0.3229,0.3229,0.3229,6.5854,128.497,67.992,128.497,67.992,0.1533,40.109,0.9381,6.341362,2.518206,-1.9278,-0.0041,-0.1601,0.2807
/kaggle/input/datasets/duc24kdl/sub-x-ray/sub_X-Ray/sub_NIH/00001540_000.png,,sub_NIH,00001540_000.png,ok,512x512 -> 1024x1024,2,1,321.18,46.257,1.539516,1.240772,0.9844,0.9982,0.0633,6.8087,42.8069,3.407154,1.845848,0.9752,0.9958,0.1712,0.1712,0.1712,6.4336,159.9588,53.3843,159.9588,53.3843,0.2205,42.8069,0.9752,3.407154,1.845848,-3.4501,-0.0025,-0.1079,0.3751
/kaggle/input/datasets/duc24kdl/sub-x-ray/sub_X-Ray/sub_NIH/00001540_001.png,,sub_NIH,00001540_001.png,ok,512x512 -> 1024x1024,2,1,322.9,47.2379,1.22826,1.108269,0.9852,0.9983,0.0643,7.0466,44.4223,2.348836,1.532591,0.9784,0.9964,0.1668,0.1668,0.1668,6.7553,155.4886,46.8778,155.4886,46.8778,0.2202,44.4223,0.9784,2.348836,1.532591,-2.8156,-0.0019,-0.1025,0.2913
/kaggle/input/datasets/duc24kdl/sub-x-ray/sub_X-Ray/sub_NIH/00001543_007.png,,sub_NIH,00001543_007.png,ok,512x512 -> 1024x1024,2,1,321.15,35.6329,17.774337,4.215962,0.9888,0.9985,0.0485,6.7678,33.4696,29.249685,5.408298,0.984,0.9965,0.1229,0.1229,0.1229,6.5158,152.9816,59.763,152.9816,59.763,0.2912,33.4696,0.984,29.249685,5.408298,-2.1633,-0.002,-0.0744,0.252
/kaggle/input/datasets/duc24kdl/sub-x-ray/sub_X-Ray/sub_NIH/00001543_008.png,,sub_NIH,00001543_008.png,ok,512x512 -> 1024x1024,2,1,319.82,41.1817,4.953451,2.225635,0.9546,0.9959,0.1578,6.7226,38.4577,9.274992,3.045487,0.9366,0.9916,0.3123,0.3123,0.3123,6.7291,129.0545,65.7487,129.0545,65.7487,0.1986,38.4577,0.9366,9.274992,3.045487,-2.7241,-0.0043,-0.1545,-0.0066
/kaggle/input/datasets/duc24kdl/sub-x-ray/sub_X-Ray/sub_NIH/00001545_000.png,,sub_NIH,00001545_000.png,ok,512x512 -> 1024x1024,2,1,319.62,46.5202,1.448981,1.203736,0.9853,0.9982,0.0592,6.9056,43.0267,3.238964,1.799712,0.9791,0.9964,0.1623,0.1623,0.1623,6.5722,148.5036,55.4346,148.5036,55.4346,0.2601,43.0267,0.9791,3.238964,1.799712,-3.4934,-0.0018,-0.1031,0.3334
/kaggle/input/datasets/duc24kdl/sub-x-ray/sub_X-Ray/sub_NIH/00001547_001.png,,sub_NIH,00001547_001.png,ok,512x512 -> 1024x1024,2,1,321.19,42.695,3.496112,1.869789,0.9695,0.9972,0.1113,6.0929,39.7259,6.926119,2.631752,0.9541,0.994,0.2327,0.2327,0.2327,6.2509,117.2977,71.6021,117.2977,71.6021,0.1599,39.7259,0.9541,6.926119,2.631752,-2.969,-0.0032,-0.1214,-0.158
/kaggle/input/datasets/duc24kdl/sub-x-ray/sub_X-Ray/sub_NIH/00001547_003.png,,sub_NIH,00001547_003.png,ok,512x512 -> 1024x1024,2,1,323.03,38.0917,10.090469,3.17655,0.986,0.9984,0.0547,6.5056,35.7204,17.419656,4.173686,0.9795,0.9961,0.1444,0.1444,0.1444,6.3549,170.3943,61.848,170.3943,61.848,0.1276,35.7204,0.9795,17.419656,4.173686,-2.3713,-0.0023,-0.0897,0.1507
/kaggle/input/datasets/duc24kdl/sub-x-ray/sub_X-Ray/sub_NIH/00001549_002.png,,sub_NIH,00001549_002.png,ok,512x512 -> 1024x1024,2,1,320.44,36.4714,14.653486,3.827987,0.9857,0.9982,0.0704,6.9371,32.4668,36.846496,6.070131,0.9787,0.9962,0.175,0.175,0.175,6.6917,107.3742,57.2461,107.3742,57.2461,0.3687,32.4668,0.9787,36.846496,6.070131,-4.0046,-0.002,-0.1046,0.2454
/kaggle/input/datasets/duc24kdl/sub-x-ray/sub_X-Ray/sub_NIH/00001549_006.png,,sub_NIH,00001549_006.png,ok,512x512 -> 1024x1024,2,1,320.35,35.4224,18.657118,4.319389,0.9759,0.9974,0.1137,6.8356,31.656,44.409593,6.664052,0.9652,0.9944,0.2429,0.2429,0.2429,6.7236,126.962,46.7161,126.962,46.7161,0.355,31.656,0.9652,44.409593,6.664052,-3.7663,-0.003,-0.1291,0.112
/kaggle/input/datasets/duc24kdl/sub-x-ray/sub_X-Ray/sub_NIH/00001549_018.png,,sub_NIH,00001549_018.png,ok,512x512 -> 1024x1024,2,1,320.11,36.6316,14.122623,3.758008,0.9827,0.998,0.0921,7.9443,32.4822,36.716407,6.059407,0.9759,0.9959,0.2176,0.2176,0.2176,7.427,106.801,54.1592,106.801,54.1592,0.4062,32.4822,0.9759,36.716407,6.059407,-4.1494,-0.002,-0.1255,0.5173
/kaggle/input/datasets/duc24kdl/sub-x-ray/sub_X-Ray/sub_NIH/00001549_023.png,,sub_NIH,00001549_023.png,ok,512x512 -> 1024x1024,2,1,321.35,34.7314,21.874804,4.677051,0.9732,0.9971,0.116,6.214,31.6826,44.13906,6.643723,0.9591,0.9928,0.2532,0.2532,0.2532,6.2166,118.5074,46.6624,118.5074,46.6624,0.2315,31.6826,0.9591,44.13906,6.643723,-3.0488,-0.0043,-0.1371,-0.0025
/kaggle/input/datasets/duc24kdl/sub-x-ray/sub_X-Ray/sub_NIH/00001549_024.png,,sub_NIH,00001549_024.png,ok,512x512 -> 1024x1024,2,1,320.29,35.4663,18.469129,4.297572,0.9713,0.9971,0.1142,6.2742,32.2008,39.174538,6.258957,0.9558,0.9932,0.2506,0.2506,0.2506,6.3357,121.824,51.0805,121.824,51.0805,0.3042,32.2008,0.9558,39.174538,6.258957,-3.2656,-0.0039,-0.1364,-0.0615
/kaggle/input/datasets/duc24kdl/sub-x-ray/sub_X-Ray/sub_NIH/00001551_000.png,,sub_NIH,00001551_000.png,ok,512x512 -> 1024x1024,2,1,318.77,38.8211,8.530342,2.920675,0.9864,0.9985,0.0528,6.1154,37.0261,12.896448,3.591163,0.9766,0.9963,0.1294,0.1294,0.1294,6.2001,114.7243,81.5108,114.7243,81.5108,0.4949,37.0261,0.9766,12.896448,3.591163,-1.795,-0.0023,-0.0766,-0.0847
/kaggle/input/datasets/duc24kdl/sub-x-ray/sub_X-Ray/sub_NIH/00001551_001.png,,sub_NIH,00001551_001.png,ok,512x512 -> 1024x1024,2,1,322.52,43.0426,3.227146,1.796426,0.9735,0.9975,0.1019,6.4373,40.0036,6.497161,2.548953,0.9636,0.9949,0.2149,0.2149,0.2149,6.2206,93.0553,58.7373,93.0553,58.7373,0.2324,40.0036,0.9636,6.497161,2.548953,-3.0391,-0.0027,-0.1131,0.2167
/kaggle/input/datasets/duc24kdl/sub-x-ray/sub_X-Ray/sub_NIH/00001555_000.png,,sub_NIH,00001555_000.png,ok,512x512 -> 1024x1024,2,1,320.8,39.9423,6.589461,2.566995,0.9619,0.9965,0.1282,6.4181,38.1637,9.92444,3.150308,0.9411,0.992,0.2616,0.2616,0.2616,6.3765,88.2386,64.587,88.2386,64.587,0.1921,38.1637,0.9411,9.92444,3.150308,-1.7786,-0.0045,-0.1334,0.0416
/kaggle/input/datasets/duc24kdl/sub-x-ray/sub_X-Ray/sub_NIH/00001555_002.png,,sub_NIH,00001555_002.png,ok,512x512 -> 1024x1024,2,1,320.95,43.7059,2.770078,1.664355,0.9735,0.9972,0.0941,6.9235,42.1359,3.976384,1.994087,0.9638,0.9943,0.2126,0.2126,0.2126,6.8343,104.2386,37.0195,104.2386,37.0195,0.2835,42.1359,0.9638,3.976384,1.994087,-1.57,-0.0029,-0.1186,0.0892
/kaggle/input/datasets/duc24kdl/sub-x-ray/sub_X-Ray/sub_NIH/00001555_004.png,,sub_NIH,00001555_004.png,ok,512x512 -> 1024x1024,2,1,321.19,36.8543,13.41672,3.662884,0.9669,0.997,0.1164,6.2059,32.6312,35.478281,5.956365,0.9493,0.993,0.2386,0.2386,0.2386,6.1746,93.2336,65.0971,93.2336,65.0971,0.3089,32.6312,0.9493,35.478281,5.956365,-4.2232,-0.004,-0.1222,0.0313
/kaggle/input/datasets/duc24kdl/sub-x-ray/sub_X-Ray/sub_NIH/00001558_008.png,,sub_NIH,00001558_008.png,ok,512x512 -> 1024x1024,2,1,319.67,37.2599,12.220557,3.495791,0.9833,0.998,0.0781,6.7499,35.1982,19.645156,4.432286,0.9781,0.996,0.1823,0.1823,0.1823,6.9997,122.0805,52.6656,122.0805,52.6656,0.2669,35.1982,0.9781,19.645156,4.432286,-2.0616,-0.002,-0.1042,-0.2498
/kaggle/input/datasets/duc24kdl/sub-x-ray/sub_X-Ray/sub_NIH/00001558_011.png,,sub_NIH,00001558_011.png,ok,512x512 -> 1024x1024,2,1,321.21,34.8807,21.135411,4.597327,0.9809,0.9977,0.0937,7.3644,32.5108,36.475022,6.039455,0.973,0.9938,0.2083,0.2083,0.2083,7.4569,118.4273,39.9025,118.4273,39.9025,0.2922,32.5108,0.973,36.475022,6.039455,-2.3698,-0.0039,-0.1147,-0.0925
/kaggle/input/datasets/duc24kdl/sub-x-ray/sub_X-Ray/sub_NIH/00001558_019.png,,sub_NIH,00001558_019.png,ok,512x512 -> 1024x1024,2,1,321.57,36.316,15.187332,3.897093,0.9863,0.9982,0.0625,6.8893,34.3008,24.154532,4.914726,0.9801,0.9961,0.1503,0.1503,0.1503,7.0734,121.5576,53.1762,121.5576,53.1762,0.3172,34.3008,0.9801,24.154532,4.914726,-2.0152,-0.0022,-0.0878,-0.1842
/kaggle/input/datasets/duc24kdl/sub-x-ray/sub_X-Ray/sub_NIH/00001558_023.png,,sub_NIH,00001558_023.png,ok,512x512 -> 1024x1024,2,1,321.9,36.8638,13.387637,3.658912,0.9849,0.9981,0.0713,7.7519,34.9185,20.952193,4.577357,0.9801,0.9966,0.1749,0.1749,0.1749,7.6354,115.1975,50.5636,115.1975,50.5636,0.3623,34.9185,0.9801,20.952193,4.577357,-1.9453,-0.0016,-0.1036,0.1165
/kaggle/input/datasets/duc24kdl/sub-x-ray/sub_X-Ray/sub_NIH/00001558_028.png,,sub_NIH,00001558_028.png,ok,512x512 -> 1024x1024,2,1,321.3,34.4525,23.325236,4.829621,0.9848,0.9981,0.0715,7.2966,32.0601,40.464117,6.361141,0.9779,0.9961,0.167,0.167,0.167,7.2232,121.8437,58.2095,121.8437,58.2095,0.3257,32.0601,0.9779,40.464117,6.361141,-2.3924,-0.0021,-0.0955,0.0734
/kaggle/input/datasets/duc24kdl/sub-x-ray/sub_X-Ray/sub_NIH/00001558_030.png,,sub_NIH,00001558_030.png,ok,512x512 -> 1024x1024,2,1,320.57,35.326,19.075842,4.36759,0.985,0.9982,0.0746,6.6508,33.2604,30.693411,5.540163,0.9785,0.9954,0.1743,0.1743,0.1743,6.7209,112.9509,62.4323,112.9509,62.4323,0.3174,33.2604,0.9785,30.693411,5.540163,-2.0656,-0.0028,-0.0997,-0.0701
/kaggle/input/datasets/duc24kdl/sub-x-ray/sub_X-Ray/sub_NIH/00001558_038.png,,sub_NIH,00001558_038.png,ok,512x512 -> 1024x1024,2,1,321.78,35.1494,19.867596,4.457308,0.9834,0.9981,0.0781,7.2724,32.8254,33.926791,5.824671,0.9763,0.9958,0.187,0.187,0.187,6.9875,121.2459,53.3901,121.2459,53.3901,0.2968,32.8254,0.9763,33.926791,5.824671,-2.324,-0.0023,-0.1089,0.2849
/kaggle/input/datasets/duc24kdl/sub-x-ray/sub_X-Ray/sub_NIH/00001559_001.png,,sub_NIH,00001559_001.png,ok,512x512 -> 1024x1024,2,1,319.67,41.4649,4.640769,2.154244,0.961,0.9965,0.1485,6.6319,39.4901,7.312647,2.704191,0.9448,0.9933,0.296,0.296,0.296,6.6187,134.0522,69.6792,134.0522,69.6792,0.1313,39.4901,0.9448,7.312647,2.704191,-1.9748,-0.0033,-0.1475,0.0132
/kaggle/input/datasets/duc24kdl/sub-x-ray/sub_X-Ray/sub_NIH/00001561_003.png,,sub_NIH,00001561_003.png,ok,512x512 -> 1024x1024,2,1,321.33,43.4676,2.92631,1.710646,0.9851,0.9983,0.0543,6.0569,39.849,6.732502,2.594707,0.9746,0.9953,0.1572,0.1572,0.1572,6.0125,147.741,62.0891,147.741,62.0891,0.3023,39.849,0.9746,6.732502,2.594707,-3.6186,-0.003,-0.1029,0.0444
/kaggle/input/datasets/duc24kdl/sub-x-ray/sub_X-Ray/sub_NIH/00001567_001.png,,sub_NIH,00001567_001.png,ok,512x512 -> 1024x1024,2,1,321.75,46.064,1.609467,1.268648,0.9834,0.9981,0.0675,6.9784,43.3582,3.000981,1.732334,0.9762,0.9961,0.1759,0.1759,0.1759,6.4537,153.48,50.8212,153.48,50.8212,0.2424,43.3582,0.9762,3.000981,1.732334,-2.7058,-0.002,-0.1084,0.5247
/kaggle/input/datasets/duc24kdl/sub-x-ray/sub_X-Ray/sub_NIH/00001568_001.png,,sub_NIH,00001568_001.png,ok,512x512 -> 1024x1024,2,1,320.01,37.9555,10.411927,3.226752,0.9913,0.9987,0.0425,8.3772,35.887,16.764,4.094386,0.9897,0.9982,0.1142,0.1142,0.1142,7.5409,155.3988,52.0051,155.3988,52.0051,0.1299,35.887,0.9897,16.764,4.094386,-2.0685,-0.0005,-0.0717,0.8363
/kaggle/input/datasets/duc24kdl/sub-x-ray/sub_X-Ray/sub_NIH/00001568_003.png,,sub_NIH,00001568_003.png,ok,512x512 -> 1024x1024,2,1,318.59,37.1399,12.56278,3.544401,0.9905,0.9986,0.0458,9.059,35.0388,20.379594,4.514376,0.9894,0.9982,0.1273,0.1273,0.1273,7.7168,166.0998,45.0513,166.0998,45.0513,0.1255,35.0388,0.9894,20.379594,4.514376,-2.1011,-0.0004,-0.0815,1.3421
/kaggle/input/datasets/duc24kdl/sub-x-ray/sub_X-Ray/sub_NIH/00001568_006.png,,sub_NIH,00001568_006.png,ok,512x512 -> 1024x1024,2,1,322.06,38.9426,8.295096,2.880121,0.9848,0.9983,0.074,7.7586,36.5568,14.36815,3.790534,0.9804,0.9969,0.1757,0.1757,0.1757,7.388,112.1857,60.3947,112.1857,60.3947,0.156,36.5568,0.9804,14.36815,3.790534,-2.3858,-0.0013,-0.1017,0.3706
/kaggle/input/datasets/duc24kdl/sub-x-ray/sub_X-Ray/sub_NIH/00001569_000.png,,sub_NIH,00001569_000.png,ok,512x512 -> 1024x1024,2,1,321.84,36.3748,14.982944,3.870781,0.9754,0.9975,0.1024,6.7943,33.7389,27.490711,5.243158,0.9611,0.9943,0.2282,0.2282,0.2282,6.5191,133.1447,55.3015,133.1447,55.3015,0.2765,33.7389,0.9611,27.490711,5.243158,-2.6359,-0.0032,-0.1258,0.2753
/kaggle/input/datasets/duc24kdl/sub-x-ray/sub_X-Ray/sub_NIH/00001569_001.png,,sub_NIH,00001569_001.png,ok,512x512 -> 1024x1024,2,1,323.14,44.759,2.173613,1.474318,0.9768,0.9975,0.0867,7.0576,42.7351,3.463919,1.861161,0.9691,0.9952,0.2012,0.2012,0.2012,6.9125,105.8528,37.017,105.8528,37.017,0.2458,42.7351,0.9691,3.463919,1.861161,-2.0239,-0.0023,-0.1146,0.1451
/kaggle/input/datasets/duc24kdl/sub-x-ray/sub_X-Ray/sub_NIH/00001569_002.png,,sub_NIH,00001569_002.png,ok,512x512 -> 1024x1024,2,1,319.23,42.2034,3.915053,1.978649,0.9632,0.9967,0.1409,6.8357,39.6774,7.003951,2.646498,0.9447,0.9933,0.2787,0.2787,0.2787,7.0583,109.7131,68.7299,109.7131,68.7299,0.1513,39.6774,0.9447,7.003951,2.646498,-2.5261,-0.0034,-0.1378,-0.2227
/kaggle/input/datasets/duc24kdl/sub-x-ray/sub_X-Ray/sub_NIH/00001574_000.png,,sub_NIH,00001574_000.png,ok,512x512 -> 1024x1024,2,1,322.61,46.537,1.443384,1.201409,0.9886,0.9986,0.0394,6.9445,41.4737,4.631389,2.152066,0.9813,0.9966,0.1139,0.1139,0.1139,6.6398,162.6458,58.3668,162.6458,58.3668,0.2887,41.4737,0.9813,4.631389,2.152066,-5.0633,-0.002,-0.0745,0.3047
/kaggle/input/datasets/duc24kdl/sub-x-ray/sub_X-Ray/sub_NIH/00001577_000.png,,sub_NIH,00001577_000.png,ok,512x512 -> 1024x1024,2,1,321.14,44.9446,2.082673,1.443147,0.9794,0.9978,0.091,7.1761,41.7723,4.323674,2.079345,0.9646,0.9959,0.2201,0.2201,0.2201,7.0504,102.1764,41.3669,102.1764,41.3669,0.2231,41.7723,0.9646,4.323674,2.079345,-3.1723,-0.002,-0.129,0.1257
/kaggle/input/datasets/duc24kdl/sub-x-ray/sub_X-Ray/sub_NIH/00001578_000.png,,sub_NIH,00001578_000.png,ok,512x512 -> 1024x1024,2,1,322.65,41.4751,4.629864,2.151712,0.9621,0.9966,0.1341,6.3803,39.4011,7.463921,2.732018,0.9428,0.9928,0.2682,0.2682,0.2682,6.2112,134.0567,68.7545,134.0567,68.7545,0.2452,39.4011,0.9428,7.463921,2.732018,-2.074,-0.0038,-0.1342,0.1691
/kaggle/input/datasets/duc24kdl/sub-x-ray/sub_X-Ray/sub_NIH/00001581_000.png,,sub_NIH,00001581_000.png,ok,512x512 -> 1024x1024,2,1,322.32,41.925,4.174297,2.04311,0.9839,0.9982,0.064,6.882,41.5546,4.545918,2.132116,0.9768,0.9961,0.1628,0.1628,0.1628,6.5371,176.7799,41.956,176.7799,41.956,0.3718,41.5546,0.9768,4.545918,2.132116,-0.3704,-0.0021,-0.0988,0.3449
/kaggle/input/datasets/duc24kdl/sub-x-ray/sub_X-Ray/sub_NIH/00001581_001.png,,sub_NIH,00001581_001.png,ok,512x512 -> 1024x1024,2,1,320.84,36.5884,14.264056,3.776778,0.9848,0.9982,0.069,6.2458,34.0492,25.595363,5.059186,0.9787,0.9958,0.1734,0.1734,0.1734,6.1177,179.1215,48.8918,179.1215,48.8918,0.0946,34.0492,0.9787,25.595363,5.059186,-2.5392,-0.0024,-0.1044,0.1281
/kaggle/input/datasets/duc24kdl/sub-x-ray/sub_X-Ray/sub_NIH/00001582_000.png,,sub_NIH,00001582_000.png,ok,512x512 -> 1024x1024,2,1,320.73,39.1098,7.981848,2.825217,0.9845,0.9982,0.0723,7.5706,36.2962,15.256554,3.905964,0.9755,0.9962,0.17,0.17,0.17,6.7902,134.6445,51.9019,134.6445,51.9019,0.3003,36.2962,0.9755,15.256554,3.905964,-2.8135,-0.0021,-0.0977,0.7804
/kaggle/input/datasets/duc24kdl/sub-x-ray/sub_X-Ray/sub_NIH/00001582_010.png,,sub_NIH,00001582_010.png,ok,512x512 -> 1024x1024,2,1,321.79,38.7445,8.682293,2.946573,0.9841,0.9982,0.0754,7.0088,35.427,18.637374,4.317103,0.9756,0.9962,0.1764,0.1764,0.1764,6.607,143.7391,39.8388,143.7391,39.8388,0.2099,35.427,0.9756,18.637374,4.317103,-3.3175,-0.002,-0.101,0.4018
/kaggle/input/datasets/duc24kdl/sub-x-ray/sub_X-Ray/sub_NIH/00001582_019.png,,sub_NIH,00001582_019.png,ok,512x512 -> 1024x1024,2,1,321.64,41.7582,4.337673,2.082708,0.9656,0.9969,0.1209,6.4874,39.5758,7.169715,2.677632,0.9479,0.9934,0.2492,0.2492,0.2492,6.453,97.0067,66.0459,97.0067,66.0459,0.2859,39.5758,0.9479,7.169715,2.677632,-2.1825,-0.0035,-0.1282,0.0345
/kaggle/input/datasets/duc24kdl/sub-x-ray/sub_X-Ray/sub_NIH/00001582_020.png,,sub_NIH,00001582_020.png,ok,512x512 -> 1024x1024,2,1,319.63,42.6784,3.509425,1.873346,0.9705,0.9972,0.1159,6.8603,40.1197,6.325778,2.51511,0.9603,0.9944,0.2417,0.2417,0.2417,7.1826,97.8343,55.5955,97.8343,55.5955,0.2795,40.1197,0.9603,6.325778,2.51511,-2.5588,-0.0028,-0.1259,-0.3222
/kaggle/input/datasets/duc24kdl/sub-x-ray/sub_X-Ray/sub_NIH/00001583_002.png,,sub_NIH,00001583_002.png,ok,512x512 -> 1024x1024,2,1,320.69,37.3846,11.874745,3.445975,0.9841,0.9982,0.0735,7.2975,35.4238,18.651136,4.318696,0.9738,0.9953,0.1891,0.1891,0.1891,6.832,113.243,52.813,113.243,52.813,0.292,35.4238,0.9738,18.651136,4.318696,-1.9608,-0.0029,-0.1156,0.4655
/kaggle/input/datasets/duc24kdl/sub-x-ray/sub_X-Ray/sub_NIH/00001583_011.png,,sub_NIH,00001583_011.png,ok,512x512 -> 1024x1024,2,1,321.04,38.3016,9.614464,3.10072,0.9671,0.9969,0.1278,6.4468,36.2908,15.275564,3.908397,0.9519,0.9938,0.2532,0.2532,0.2532,6.6762,98.5235,57.935,98.5235,57.935,0.4169,36.2908,0.9519,15.275564,3.908397,-2.0107,-0.0032,-0.1254,-0.2294
/kaggle/input/datasets/duc24kdl/sub-x-ray/sub_X-Ray/sub_NIH/00001584_002.png,,sub_NIH,00001584_002.png,ok,512x512 -> 1024x1024,2,1,322.62,43.4507,2.937697,1.713971,0.9776,0.9977,0.0886,6.6872,40.9116,5.271361,2.295944,0.9657,0.9946,0.2126,0.2126,0.2126,6.4336,153.2026,49.5848,153.2026,49.5848,0.3725,40.9116,0.9657,5.271361,2.295944,-2.5392,-0.0031,-0.124,0.2536
/kaggle/input/datasets/duc24kdl/sub-x-ray/sub_X-Ray/sub_NIH/00001587_000.png,,sub_NIH,00001587_000.png,ok,512x512 -> 1024x1024,2,1,320.48,41.9525,4.147936,2.036648,0.9646,0.9968,0.1301,6.6011,39.0382,8.114516,2.848599,0.949,0.9932,0.2716,0.2716,0.2716,6.4525,121.2627,62.0151,121.2627,62.0151,0.1805,39.0382,0.949,8.114516,2.848599,-2.9143,-0.0036,-0.1415,0.1486
/kaggle/input/datasets/duc24kdl/sub-x-ray/sub_X-Ray/sub_NIH/00001589_001.png,,sub_NIH,00001589_001.png,ok,512x512 -> 1024x1024,2,1,321.93,41.6289,4.468843,2.113964,0.9799,0.9978,0.0776,6.5197,39.0268,8.135759,2.852325,0.9707,0.995,0.1913,0.1913,0.1913,6.0928,170.84,47.0373,170.84,47.0373,0.3417,39.0268,0.9707,8.135759,2.852325,-2.602,-0.0028,-0.1137,0.4268
/kaggle/input/datasets/duc24kdl/sub-x-ray/sub_X-Ray/sub_NIH/00001599_000.png,,sub_NIH,00001599_000.png,ok,512x512 -> 1024x1024,2,1,321.64,37.1447,12.549023,3.54246,0.981,0.998,0.0754,6.6768,35.6269,17.798966,4.218882,0.9712,0.9953,0.1822,0.1822,0.1822,6.19,166.7066,59.4395,166.7066,59.4395,0.2822,35.6269,0.9712,17.798966,4.218882,-1.5178,-0.0028,-0.1068,0.4868
/kaggle/input/datasets/duc24kdl/sub-x-ray/sub_X-Ray/sub_NIH/00001600_001.png,,sub_NIH,00001600_001.png,ok,512x512 -> 1024x1024,2,1,321.1,38.4049,9.388428,3.064054,0.9836,0.9981,0.0801,7.3031,34.5241,22.944288,4.79002,0.9764,0.9963,0.2001,0.2001,0.2001,6.6456,144.9126,43.6372,144.9126,43.6372,0.1423,34.5241,0.9764,22.944288,4.79002,-3.8808,-0.0018,-0.1201,0.6576
/kaggle/input/datasets/duc24kdl/sub-x-ray/sub_X-Ray/sub_NIH/00001601_002.png,,sub_NIH,00001601_002.png,ok,512x512 -> 1024x1024,2,1,322.68,45.352,1.89618,1.377019,0.9808,0.9978,0.0784,7.6475,43.0883,3.193356,1.786996,0.9723,0.9959,0.1956,0.1956,0.1956,6.8886,105.8457,39.1426,105.8457,39.1426,0.2591,43.0883,0.9723,3.193356,1.786996,-2.2637,-0.002,-0.1172,0.759
/kaggle/input/datasets/duc24kdl/sub-x-ray/sub_X-Ray/sub_NIH/00001601_006.png,,sub_NIH,00001601_006.png,ok,512x512 -> 1024x1024,2,1,319.22,37.3736,11.904705,3.45032,0.9833,0.998,0.0866,7.317,35.2236,19.530896,4.419377,0.9744,0.9955,0.2056,0.2056,0.2056,6.7995,116.0091,43.5258,116.0091,43.5258,0.3211,35.2236,0.9744,19.530896,4.419377,-2.15,-0.0025,-0.119,0.5175
/kaggle/input/datasets/duc24kdl/sub-x-ray/sub_X-Ray/sub_NIH/00001601_011.png,,sub_NIH,00001601_011.png,ok,512x512 -> 1024x1024,2,1,321.01,36.1418,15.808824,3.976031,0.9777,0.9975,0.0897,6.6087,32.7017,34.906435,5.908167,0.9654,0.994,0.21,0.21,0.21,6.7752,114.1238,46.1858,114.1238,46.1858,0.3128,32.7017,0.9654,34.906435,5.908167,-3.4401,-0.0036,-0.1203,-0.1666
/kaggle/input/datasets/duc24kdl/sub-x-ray/sub_X-Ray/sub_NIH/00001603_001.png,,sub_NIH,00001603_001.png,ok,512x512 -> 1024x1024,2,1,321.03,42.5349,3.627361,1.904563,0.9633,0.9967,0.1363,6.5645,39.9845,6.525804,2.554565,0.9475,0.9933,0.27,0.27,0.27,6.3073,123.575,65.0215,123.575,65.0215,0.152,39.9845,0.9475,6.525804,2.554565,-2.5504,-0.0035,-0.1337,0.2572
/kaggle/input/datasets/duc24kdl/sub-x-ray/sub_X-Ray/sub_NIH/00001606_002.png,,sub_NIH,00001606_002.png,ok,512x512 -> 1024x1024,2,1,320.38,44.8511,2.127973,1.458757,0.9781,0.9976,0.0885,7.4278,43.1698,3.134017,1.770315,0.9706,0.9958,0.2118,0.2118,0.2118,6.9238,111.1579,30.6358,111.1579,30.6358,0.2685,43.1698,0.9706,3.134017,1.770315,-1.6814,-0.0018,-0.1233,0.5041
/kaggle/input/datasets/duc24kdl/sub-x-ray/sub_X-Ray/sub_NIH/00001613_003.png,,sub_NIH,00001613_003.png,ok,512x512 -> 1024x1024,2,1,321.8,38.6648,8.84299,2.973717,0.987,0.9984,0.0596,7.9924,36.9412,13.150984,3.626429,0.9814,0.9973,0.1466,0.1466,0.1466,7.5302,112.3964,64.2698,112.3964,64.2698,0.385,36.9412,0.9814,13.150984,3.626429,-1.7236,-0.0011,-0.087,0.4623
/kaggle/input/datasets/duc24kdl/sub-x-ray/sub_X-Ray/sub_NIH/00001615_001.png,,sub_NIH,00001615_001.png,ok,512x512 -> 1024x1024,2,1,321.05,35.1935,19.666732,4.434719,0.9863,0.9981,0.0623,6.9765,32.9013,33.338465,5.773947,0.9796,0.9947,0.1554,0.1554,0.1554,6.5793,156.8304,48.2014,156.8304,48.2014,0.2816,32.9013,0.9796,33.338465,5.773947,-2.2921,-0.0034,-0.0932,0.3972
/kaggle/input/datasets/duc24kdl/sub-x-ray/sub_X-Ray/sub_NIH/00001615_003.png,,sub_NIH,00001615_003.png,ok,512x512 -> 1024x1024,2,1,321.93,42.0321,4.072543,2.018054,0.962,0.9966,0.134,6.3777,39.8058,6.799915,2.607665,0.9454,0.9925,0.2789,0.2789,0.2789,6.8315,116.469,69.343,116.469,69.343,0.1461,39.8058,0.9454,6.799915,2.607665,-2.2264,-0.004,-0.145,-0.4538
/kaggle/input/datasets/duc24kdl/sub-x-ray/sub_X-Ray/sub_NIH/00001616_002.png,,sub_NIH,00001616_002.png,ok,512x512 -> 1024x1024,2,1,321.44,35.2263,19.518801,4.418009,0.9691,0.9968,0.1288,6.4655,32.0939,40.1502,6.336419,0.9541,0.9927,0.2599,0.2599,0.2599,6.1446,128.015,48.1415,128.015,48.1415,0.3727,32.0939,0.9541,40.1502,6.336419,-3.1323,-0.0041,-0.1311,0.3209
/kaggle/input/datasets/duc24kdl/sub-x-ray/sub_X-Ray/sub_NIH/00001616_010.png,,sub_NIH,00001616_010.png,ok,512x512 -> 1024x1024,2,1,321.24,40.808,5.398561,2.32348,0.9577,0.9963,0.1568,6.8868,39.0917,8.015061,2.831088,0.9401,0.9923,0.3105,0.3105,0.3105,6.5482,136.8503,73.5379,136.8503,73.5379,0.1541,39.0917,0.9401,8.015061,2.831088,-1.7163,-0.0039,-0.1537,0.3387
/kaggle/input/datasets/duc24kdl/sub-x-ray/sub_X-Ray/sub_NIH/00001616_012.png,,sub_NIH,00001616_012.png,ok,512x512 -> 1024x1024,2,1,321.24,39.18,7.853758,2.802456,0.9841,0.9982,0.0675,7.0926,35.2358,19.475828,4.413143,0.9762,0.9951,0.162,0.162,0.162,6.1993,167.6957,67.2309,167.6957,67.2309,0.1989,35.2358,0.9762,19.475828,4.413143,-3.9442,-0.0032,-0.0944,0.8933
/kaggle/input/datasets/duc24kdl/sub-x-ray/sub_X-Ray/sub_NIH/00001618_001.png,,sub_NIH,00001618_001.png,ok,512x512 -> 1024x1024,2,1,321.0,45.7924,1.713347,1.308949,0.9856,0.9983,0.065,7.1112,43.1168,3.172498,1.781151,0.9792,0.9965,0.1611,0.1611,0.1611,6.4548,167.0096,44.7934,167.0096,44.7934,0.2925,43.1168,0.9792,3.172498,1.781151,-2.6756,-0.0018,-0.0961,0.6564
/kaggle/input/datasets/duc24kdl/sub-x-ray/sub_X-Ray/sub_NIH/00001619_000.png,,sub_NIH,00001619_000.png,ok,512x512 -> 1024x1024,2,1,321.09,40.0794,6.384657,2.526788,0.9539,0.9959,0.1698,6.8548,37.9673,10.383552,3.222352,0.9365,0.9917,0.3297,0.3297,0.3297,6.7663,140.3533,63.6745,140.3533,63.6745,0.1736,37.9673,0.9365,10.383552,3.222352,-2.1121,-0.0042,-0.1599,0.0885
/kaggle/input/datasets/duc24kdl/sub-x-ray/sub_X-Ray/sub_NIH/00001622_000.png,,sub_NIH,00001622_000.png,ok,512x512 -> 1024x1024,2,1,319.21,46.5237,1.447805,1.203248,0.9841,0.9981,0.0688,7.0996,43.1714,3.132851,1.769986,0.9772,0.9961,0.1741,0.1741,0.1741,6.61,169.9309,38.1298,169.9309,38.1298,0.1971,43.1714,0.9772,3.132851,1.769986,-3.3523,-0.002,-0.1053,0.4896
/kaggle/input/datasets/duc24kdl/sub-x-ray/sub_X-Ray/sub_NIH/00001622_001.png,,sub_NIH,00001622_001.png,ok,512x512 -> 1024x1024,2,1,321.05,45.6281,1.779375,1.333932,0.9812,0.9979,0.0828,6.7735,42.7106,3.483541,1.866425,0.9719,0.9954,0.2065,0.2065,0.2065,6.5302,162.6115,43.2916,162.6115,43.2916,0.2483,42.7106,0.9719,3.483541,1.866425,-2.9175,-0.0025,-0.1237,0.2433
/kaggle/input/datasets/duc24kdl/sub-x-ray/sub_X-Ray/sub_NIH/00001626_000.png,,sub_NIH,00001626_000.png,ok,512x512 -> 1024x1024,2,1,319.68,49.6162,0.710336,0.842814,0.9896,0.9985,0.0358,9.1653,47.7762,1.085077,1.04167,0.9883,0.998,0.0996,0.0996,0.0996,7.7601,172.1142,27.068,172.1142,27.068,0.112,47.7762,0.9883,1.085077,1.04167,-1.84,-0.0005,-0.0638,1.4052
/kaggle/input/datasets/duc24kdl/sub-x-ray/sub_X-Ray/sub_NIH/00001629_001.png,,sub_NIH,00001629_001.png,ok,512x512 -> 1024x1024,2,1,318.19,36.5205,14.488596,3.806389,0.9856,0.9983,0.0754,9.1608,34.766,21.701142,4.658449,0.9781,0.997,0.177,0.177,0.177,8.0966,118.1202,62.3972,118.1202,62.3972,0.3744,34.766,0.9781,21.701142,4.658449,-1.7546,-0.0012,-0.1016,1.0643
/kaggle/input/datasets/duc24kdl/sub-x-ray/sub_X-Ray/sub_NIH/00001629_003.png,,sub_NIH,00001629_003.png,ok,512x512 -> 1024x1024,2,1,319.29,34.2715,24.317995,4.931328,0.9814,0.9978,0.0852,7.6694,32.0212,40.82832,6.389704,0.9758,0.9949,0.1994,0.1994,0.1994,6.6375,166.2341,40.277,166.2341,40.277,0.241,32.0212,0.9758,40.82832,6.389704,-2.2503,-0.0029,-0.1143,1.0319
/kaggle/input/datasets/duc24kdl/sub-x-ray/sub_X-Ray/sub_NIH/00001629_006.png,,sub_NIH,00001629_006.png,ok,512x512 -> 1024x1024,2,1,318.46,41.4596,4.646451,2.155563,0.9545,0.996,0.1731,7.0022,39.753,6.883098,2.623566,0.9377,0.9919,0.3359,0.3359,0.3359,6.7909,138.8516,74.6985,138.8516,74.6985,0.1054,39.753,0.9377,6.883098,2.623566,-1.7066,-0.004,-0.1629,0.2113
/kaggle/input/datasets/duc24kdl/sub-x-ray/sub_X-Ray/sub_NIH/00001629_009.png,,sub_NIH,00001629_009.png,ok,512x512 -> 1024x1024,2,1,320.4,37.6842,11.083171,3.32914,0.9809,0.998,0.0981,8.1725,35.7481,17.308755,4.160379,0.9737,0.9963,0.2187,0.2187,0.2187,7.8204,114.863,58.0592,114.863,58.0592,0.3415,35.7481,0.9737,17.308755,4.160379,-1.936,-0.0017,-0.1206,0.3522
/kaggle/input/datasets/duc24kdl/sub-x-ray/sub_X-Ray/sub_NIH/00001634_010.png,,sub_NIH,00001634_010.png,ok,512x512 -> 1024x1024,2,1,319.09,39.48,7.329595,2.707322,0.9546,0.9959,0.1739,6.789,37.7943,10.805719,3.287205,0.9374,0.9918,0.3466,0.3466,0.3466,6.574,132.6773,65.2255,132.6773,65.2255,0.1585,37.7943,0.9374,10.805719,3.287205,-1.6857,-0.0042,-0.1727,0.215
/kaggle/input/datasets/duc24kdl/sub-x-ray/sub_X-Ray/sub_NIH/00001637_002.png,,sub_NIH,00001637_002.png,ok,512x512 -> 1024x1024,2,1,319.35,37.7482,10.920845,3.30467,0.9746,0.9975,0.1005,6.8325,35.4689,18.458433,4.296328,0.9597,0.9944,0.2272,0.2272,0.2272,6.4361,127.1635,53.8717,127.1635,53.8717,0.2347,35.4689,0.9597,18.458433,4.296328,-2.2794,-0.0031,-0.1267,0.3965
/kaggle/input/datasets/duc24kdl/sub-x-ray/sub_X-Ray/sub_NIH/00001637_006.png,,sub_NIH,00001637_006.png,ok,512x512 -> 1024x1024,2,1,311.93,37.4826,11.609725,3.407305,0.9855,0.9985,0.0648,5.1875,35.1693,19.776361,4.447062,0.9427,0.9933,0.1345,0.1345,0.1345,6.3383,57.4541,64.2617,57.4541,64.2617,0.3975,35.1693,0.9427,19.776361,4.447062,-2.3132,-0.0052,-0.0697,-1.1509
/kaggle/input/datasets/duc24kdl/sub-x-ray/sub_X-Ray/sub_NIH/00001637_008.png,,sub_NIH,00001637_008.png,ok,512x512 -> 1024x1024,2,1,321.51,42.1367,3.975676,1.99391,0.9633,0.9966,0.1286,6.7606,39.9217,6.620791,2.57309,0.9465,0.9927,0.2566,0.2566,0.2566,6.7924,88.8249,60.1385,88.8249,60.1385,0.2757,39.9217,0.9465,6.620791,2.57309,-2.215,-0.0038,-0.128,-0.0317
/kaggle/input/datasets/duc24kdl/sub-x-ray/sub_X-Ray/sub_NIH/00001637_010.png,,sub_NIH,00001637_010.png,ok,512x512 -> 1024x1024,2,1,319.65,40.9035,5.281232,2.298093,0.9606,0.9963,0.1366,6.3983,38.4999,9.185152,3.030702,0.9436,0.9922,0.2698,0.2698,0.2698,6.8401,102.8774,60.1467,102.8774,60.1467,0.2163,38.4999,0.9436,9.185152,3.030702,-2.4035,-0.0041,-0.1332,-0.4418
/kaggle/input/datasets/duc24kdl/sub-x-ray/sub_X-Ray/sub_NIH/00001637_011.png,,sub_NIH,00001637_011.png,ok,512x512 -> 1024x1024,2,1,320.13,35.2035,19.621547,4.429622,0.9843,0.9983,0.0725,6.8871,32.695,34.960901,5.912774,0.9637,0.9953,0.1698,0.1698,0.1698,6.7011,90.8704,68.613,90.8704,68.613,0.3888,32.695,0.9637,34.960901,5.912774,-2.5085,-0.003,-0.0973,0.1859
/kaggle/input/datasets/duc24kdl/sub-x-ray/sub_X-Ray/sub_NIH/00001641_000.png,,sub_NIH,00001641_000.png,ok,512x512 -> 1024x1024,2,1,320.67,36.0113,16.290917,4.036201,0.9723,0.9973,0.0988,6.096,33.1355,31.58895,5.620405,0.955,0.9929,0.2214,0.2214,0.2214,5.7495,124.968,54.3448,124.968,54.3448,0.3728,33.1355,0.955,31.58895,5.620405,-2.8759,-0.0044,-0.1226,0.3465
/kaggle/input/datasets/duc24kdl/sub-x-ray/sub_X-Ray/sub_NIH/00001641_001.png,,sub_NIH,00001641_001.png,ok,512x512 -> 1024x1024,2,1,320.97,35.7898,17.143559,4.140478,0.9798,0.9979,0.077,6.264,32.6962,34.951423,5.911973,0.9663,0.9946,0.1758,0.1758,0.1758,5.8277,124.409,71.382,124.409,71.382,0.3698,32.6962,0.9663,34.951423,5.911973,-3.0936,-0.0034,-0.0989,0.4362
/kaggle/input/datasets/duc24kdl/sub-x-ray/sub_X-Ray/sub_NIH/00001641_005.png,,sub_NIH,00001641_005.png,ok,512x512 -> 1024x1024,2,1,321.18,44.0781,2.542551,1.594538,0.9857,0.9983,0.0566,6.4177,40.4219,5.900478,2.42909,0.9773,0.996,0.1573,0.1573,0.1573,6.1542,147.2397,54.3516,147.2397,54.3516,0.3347,40.4219,0.9773,5.900478,2.42909,-3.6562,-0.0023,-0.1008,0.2636
/kaggle/input/datasets/duc24kdl/sub-x-ray/sub_X-Ray/sub_NIH/00001641_006.png,,sub_NIH,00001641_006.png,ok,512x512 -> 1024x1024,2,1,319.56,38.0823,10.112197,3.179968,0.9832,0.9982,0.0656,6.855,36.5324,14.449021,3.801187,0.9678,0.9953,0.16,0.16,0.16,6.166,145.8618,72.9663,145.8618,72.9663,0.4145,36.5324,0.9678,14.449021,3.801187,-1.5499,-0.0029,-0.0945,0.6889
/kaggle/input/datasets/duc24kdl/sub-x-ray/sub_X-Ray/sub_NIH/00001642_000.png,,sub_NIH,00001642_000.png,ok,512x512 -> 1024x1024,2,1,319.09,37.3498,11.970095,3.459783,0.984,0.9981,0.067,6.3665,34.8073,21.495744,4.63635,0.9745,0.9952,0.1606,0.1606,0.1606,6.3817,179.3991,50.5464,179.3991,50.5464,0.481,34.8073,0.9745,21.495744,4.63635,-2.5425,-0.0029,-0.0936,-0.0152
/kaggle/input/datasets/duc24kdl/sub-x-ray/sub_X-Ray/sub_NIH/00001649_001.png,,sub_NIH,00001649_001.png,ok,512x512 -> 1024x1024,2,1,320.87,35.4136,18.694807,4.323749,0.9748,0.9974,0.1093,6.8542,30.8809,53.087234,7.286099,0.9643,0.9945,0.2395,0.2395,0.2395,6.5056,143.6936,56.7946,143.6936,56.7946,0.3483,30.8809,0.9643,53.087234,7.286099,-4.5327,-0.0029,-0.1303,0.3486
/kaggle/input/datasets/duc24kdl/sub-x-ray/sub_X-Ray/sub_NIH/00001649_002.png,,sub_NIH,00001649_002.png,ok,512x512 -> 1024x1024,2,1,321.38,44.5957,2.256915,1.502303,0.9757,0.9975,0.094,7.1347,42.4674,3.684139,1.919411,0.9623,0.9951,0.2176,0.2176,0.2176,6.8426,107.4348,35.7877,107.4348,35.7877,0.2478,42.4674,0.9623,3.684139,1.919411,-2.1282,-0.0024,-0.1236,0.2922
/kaggle/input/datasets/duc24kdl/sub-x-ray/sub_X-Ray/sub_NIH/00001650_000.png,,sub_NIH,00001650_000.png,ok,512x512 -> 1024x1024,2,1,320.91,36.86,13.399207,3.660493,0.9888,0.9985,0.0556,7.4898,34.8637,21.218234,4.606325,0.9865,0.9977,0.1427,0.1427,0.1427,6.6261,177.9861,32.766,177.9861,32.766,0.0911,34.8637,0.9865,21.218234,4.606325,-1.9963,-0.0008,-0.0871,0.8637
/kaggle/input/datasets/duc24kdl/sub-x-ray/sub_X-Ray/sub_NIH/00001650_002.png,,sub_NIH,00001650_002.png,ok,512x512 -> 1024x1024,2,1,319.42,39.5315,7.243212,2.691322,0.9867,0.9983,0.0771,8.1727,37.7618,10.886808,3.299516,0.9837,0.9975,0.1942,0.1942,0.1942,7.9773,118.8675,39.0654,118.8675,39.0654,0.1321,37.7618,0.9837,10.886808,3.299516,-1.7697,-0.0009,-0.1171,0.1954
/kaggle/input/datasets/duc24kdl/sub-x-ray/sub_X-Ray/sub_NIH/00001650_009.png,,sub_NIH,00001650_009.png,ok,512x512 -> 1024x1024,2,1,321.78,42.0985,4.010748,2.002685,0.9615,0.9965,0.1414,6.6679,40.2403,6.152505,2.480424,0.9465,0.9929,0.2775,0.2775,0.2775,6.7297,113.8655,65.2401,113.8655,65.2401,0.1757,40.2403,0.9465,6.152505,2.480424,-1.8583,-0.0036,-0.1361,-0.0617
/kaggle/input/datasets/duc24kdl/sub-x-ray/sub_X-Ray/sub_NIH/00001660_000.png,,sub_NIH,00001660_000.png,ok,512x512 -> 1024x1024,2,1,319.54,42.0427,4.062705,2.015615,0.9826,0.9981,0.0605,6.4957,40.3433,6.008307,2.451185,0.973,0.9953,0.168,0.168,0.168,6.0203,169.7197,50.0663,169.7197,50.0663,0.2754,40.3433,0.973,6.008307,2.451185,-1.6994,-0.0028,-0.1075,0.4754
/kaggle/input/datasets/duc24kdl/sub-x-ray/sub_X-Ray/sub_NIH/00001664_000.png,,sub_NIH,00001664_000.png,ok,512x512 -> 1024x1024,2,1,320.06,37.3059,12.091834,3.477331,0.985,0.9983,0.0603,6.5484,35.0818,20.179247,4.492132,0.9778,0.9957,0.1624,0.1624,0.1624,6.2694,172.8273,51.4971,172.8273,51.4971,0.103,35.0818,0.9778,20.179247,4.492132,-2.2241,-0.0026,-0.1021,0.279
/kaggle/input/datasets/duc24kdl/sub-x-ray/sub_X-Ray/sub_NIH/00001665_000.png,,sub_NIH,00001665_000.png,ok,512x512 -> 1024x1024,2,1,319.57,38.4865,9.213687,3.035406,0.985,0.9983,0.0635,6.9351,36.3901,14.930379,3.863985,0.9791,0.9965,0.1715,0.1715,0.1715,6.4062,162.4301,50.9955,162.4301,50.9955,0.0951,36.3901,0.9791,14.930379,3.863985,-2.0964,-0.0018,-0.108,0.5289
/kaggle/input/datasets/duc24kdl/sub-x-ray/sub_X-Ray/sub_NIH/00001668_000.png,,sub_NIH,00001668_000.png,ok,512x512 -> 1024x1024,2,1,319.55,42.3231,3.808662,1.951579,0.9624,0.9966,0.1366,6.4848,40.1248,6.318309,2.513625,0.9454,0.9933,0.2685,0.2685,0.2685,6.5489,118.2468,66.371,118.2468,66.371,0.1662,40.1248,0.9454,6.318309,2.513625,-2.1983,-0.0033,-0.1319,-0.0641
/kaggle/input/datasets/duc24kdl/sub-x-ray/sub_X-Ray/sub_NIH/00001671_000.png,,sub_NIH,00001671_000.png,ok,512x512 -> 1024x1024,2,1,320.7,44.5874,2.261208,1.503731,0.9764,0.9975,0.0924,6.9744,42.0578,4.048586,2.01211,0.9651,0.9953,0.2168,0.2168,0.2168,6.8209,108.3153,34.8624,108.3153,34.8624,0.2428,42.0578,0.9651,4.048586,2.01211,-2.5296,-0.0022,-0.1244,0.1535
/kaggle/input/datasets/duc24kdl/sub-x-ray/sub_X-Ray/sub_NIH/00001672_000.png,,sub_NIH,00001672_000.png,ok,512x512 -> 1024x1024,2,1,320.55,42.0359,4.069022,2.017182,0.9682,0.9972,0.1152,6.2783,39.4629,7.358588,2.712672,0.946,0.9938,0.2404,0.2404,0.2404,6.748,96.5355,71.07,96.5355,71.07,0.1514,39.4629,0.946,7.358588,2.712672,-2.573,-0.0034,-0.1252,-0.4698
/kaggle/input/datasets/duc24kdl/sub-x-ray/sub_X-Ray/sub_NIH/00001673_013.png,,sub_NIH,00001673_013.png,ok,512x512 -> 1024x1024,2,1,319.49,39.0338,8.122634,2.850024,0.9834,0.9981,0.0844,7.837,37.4281,11.756173,3.428728,0.9777,0.9967,0.1969,0.1969,0.1969,7.7466,116.1828,58.5344,116.1828,58.5344,0.3096,37.4281,0.9777,11.756173,3.428728,-1.6057,-0.0015,-0.1125,0.0905
/kaggle/input/datasets/duc24kdl/sub-x-ray/sub_X-Ray/sub_NIH/00001673_014.png,,sub_NIH,00001673_014.png,ok,512x512 -> 1024x1024,2,1,317.91,42.9902,3.266328,1.807299,0.9691,0.9973,0.1121,5.8562,40.7926,5.417789,2.327614,0.9412,0.9939,0.231,0.231,0.231,6.4715,89.1883,74.0961,89.1883,74.0961,0.1417,40.7926,0.9412,5.417789,2.327614,-2.1976,-0.0034,-0.1189,-0.6152
/kaggle/input/datasets/duc24kdl/sub-x-ray/sub_X-Ray/sub_NIH/00001673_015.png,,sub_NIH,00001673_015.png,ok,512x512 -> 1024x1024,2,1,320.17,36.7464,13.754504,3.708706,0.9748,0.9974,0.0928,5.9243,33.6131,28.298919,5.319673,0.9521,0.9932,0.2079,0.2079,0.2079,6.0254,109.4892,59.5739,109.4892,59.5739,0.2798,33.6131,0.9521,28.298919,5.319673,-3.1332,-0.0042,-0.1151,-0.1011
/kaggle/input/datasets/duc24kdl/sub-x-ray/sub_X-Ray/sub_NIH/00001673_017.png,,sub_NIH,00001673_017.png,ok,512x512 -> 1024x1024,2,1,322.16,36.3257,15.153306,3.892725,0.9747,0.9974,0.0978,6.1132,33.494,29.085872,5.393132,0.9598,0.9938,0.2174,0.2174,0.2174,5.8414,120.1287,56.3297,120.1287,56.3297,0.4034,33.494,0.9598,29.085872,5.393132,-2.8317,-0.0035,-0.1196,0.2718
/kaggle/input/datasets/duc24kdl/sub-x-ray/sub_X-Ray/sub_NIH/00001674_001.png,,sub_NIH,00001674_001.png,ok,512x512 -> 1024x1024,2,1,319.88,38.3691,9.466035,3.076692,0.9836,0.9982,0.0624,6.5432,35.4817,18.403733,4.289957,0.975,0.9957,0.1574,0.1574,0.1574,6.1637,157.6401,61.564,157.6401,61.564,0.2771,35.4817,0.975,18.403733,4.289957,-2.8874,-0.0024,-0.095,0.3795
/kaggle/input/datasets/duc24kdl/sub-x-ray/sub_X-Ray/sub_NIH/00001675_000.png,,sub_NIH,00001675_000.png,ok,512x512 -> 1024x1024,2,1,319.43,47.4556,1.168217,1.080841,0.9869,0.9984,0.0551,7.1917,44.0691,2.547829,1.596192,0.9806,0.9967,0.1475,0.1475,0.1475,6.669,170.2371,47.5334,170.2371,47.5334,0.2082,44.0691,0.9806,2.547829,1.596192,-3.3865,-0.0017,-0.0925,0.5227
/kaggle/input/datasets/duc24kdl/sub-x-ray/sub_X-Ray/sub_NIH/00001679_000.png,,sub_NIH,00001679_000.png,ok,512x512 -> 1024x1024,2,1,320.52,40.7686,5.447758,2.334043,0.9629,0.9967,0.1323,6.413,38.4208,9.354075,3.058443,0.9437,0.9928,0.2733,0.2733,0.2733,6.4591,116.378,72.2646,116.378,72.2646,0.2068,38.4208,0.9437,9.354075,3.058443,-2.3478,-0.0039,-0.1411,-0.0462
/kaggle/input/datasets/duc24kdl/sub-x-ray/sub_X-Ray/sub_NIH/00001680_000.png,,sub_NIH,00001680_000.png,ok,512x512 -> 1024x1024,2,1,316.94,36.898,13.282452,3.64451,0.9774,0.9978,0.0913,5.938,36.2742,15.334231,3.915895,0.9501,0.9946,0.1825,0.1825,0.1825,6.5198,102.5735,68.2517,102.5735,68.2517,0.591,36.2742,0.9501,15.334231,3.915895,-0.6238,-0.0032,-0.0912,-0.5819
/kaggle/input/datasets/duc24kdl/sub-x-ray/sub_X-Ray/sub_NIH/00001684_002.png,,sub_NIH,00001684_002.png,ok,512x512 -> 1024x1024,2,1,319.77,37.6741,11.108906,3.333002,0.9862,0.9983,0.0679,7.4761,35.7287,17.386604,4.169725,0.9827,0.9973,0.1606,0.1606,0.1606,6.8497,153.0557,50.3571,153.0557,50.3571,0.1469,35.7287,0.9827,17.386604,4.169725,-1.9454,-0.0011,-0.0927,0.6265
/kaggle/input/datasets/duc24kdl/sub-x-ray/sub_X-Ray/sub_NIH/00001684_017.png,,sub_NIH,00001684_017.png,ok,512x512 -> 1024x1024,2,1,319.86,36.1797,15.67147,3.958721,0.9859,0.9983,0.0732,6.8222,34.0,25.887049,5.087932,0.9811,0.9968,0.178,0.178,0.178,6.8406,161.4554,50.0091,161.4554,50.0091,0.0919,34.0,0.9811,25.887049,5.087932,-2.1797,-0.0015,-0.1048,-0.0184
/kaggle/input/datasets/duc24kdl/sub-x-ray/sub_X-Ray/sub_NIH/00001684_027.png,,sub_NIH,00001684_027.png,ok,512x512 -> 1024x1024,2,1,319.47,38.7031,8.765358,2.960635,0.9826,0.9981,0.0825,7.0925,36.4261,14.80704,3.847992,0.9746,0.9959,0.1824,0.1824,0.1824,6.5932,128.4793,59.8929,128.4793,59.8929,0.1895,36.4261,0.9746,14.80704,3.847992,-2.277,-0.0022,-0.0999,0.4993
/kaggle/input/datasets/duc24kdl/sub-x-ray/sub_X-Ray/sub_NIH/00001685_000.png,,sub_NIH,00001685_000.png,ok,512x512 -> 1024x1024,2,1,321.78,36.5778,14.298747,3.781368,0.9774,0.9976,0.0953,6.4987,33.6931,27.782205,5.270883,0.9636,0.9944,0.2132,0.2132,0.2132,6.3567,117.5239,51.7364,117.5239,51.7364,0.4161,33.6931,0.9636,27.782205,5.270883,-2.8847,-0.0032,-0.1178,0.1419
/kaggle/input/datasets/duc24kdl/sub-x-ray/sub_X-Ray/sub_NIH/00001688_000.png,,sub_NIH,00001688_000.png,ok,512x512 -> 1024x1024,2,1,320.14,37.8767,10.602467,3.256143,0.9852,0.9982,0.0615,6.521,35.3254,19.078272,4.367868,0.9753,0.9955,0.1675,0.1675,0.1675,6.3594,166.0525,57.1553,166.0525,57.1553,0.2157,35.3254,0.9753,19.078272,4.367868,-2.5513,-0.0027,-0.106,0.1616
/kaggle/input/datasets/duc24kdl/sub-x-ray/sub_X-Ray/sub_NIH/00001690_002.png,,sub_NIH,00001690_002.png,ok,512x512 -> 1024x1024,2,1,319.94,36.2351,15.472839,3.933553,0.9802,0.9977,0.0938,7.1518,33.9935,25.925551,5.091714,0.9703,0.9948,0.2169,0.2169,0.2169,7.0606,116.8042,46.8358,116.8042,46.8358,0.3348,33.9935,0.9703,25.925551,5.091714,-2.2416,-0.003,-0.123,0.0912
/kaggle/input/datasets/duc24kdl/sub-x-ray/sub_X-Ray/sub_NIH/00001692_000.png,,sub_NIH,00001692_000.png,ok,512x512 -> 1024x1024,2,1,320.24,44.2582,2.439294,1.561824,0.9732,0.9972,0.0997,7.4347,41.3833,4.728826,2.174586,0.9624,0.9942,0.2242,0.2242,0.2242,6.7686,102.3951,41.7707,102.3951,41.7707,0.2128,41.3833,0.9624,4.728826,2.174586,-2.8749,-0.003,-0.1245,0.6661
/kaggle/input/datasets/duc24kdl/sub-x-ray/sub_X-Ray/sub_NIH/00001697_004.png,,sub_NIH,00001697_004.png,ok,512x512 -> 1024x1024,2,1,318.93,38.1445,9.968567,3.157304,0.9866,0.9983,0.0632,8.8599,36.1863,15.647548,3.955698,0.984,0.9976,0.161,0.161,0.161,7.8856,157.3516,38.735,157.3516,38.735,0.0959,36.1863,0.984,15.647548,3.955698,-1.9581,-0.0008,-0.0977,0.9743
/kaggle/input/datasets/duc24kdl/sub-x-ray/sub_X-Ray/sub_NIH/00001697_006.png,,sub_NIH,00001697_006.png,ok,512x512 -> 1024x1024,2,1,321.11,37.4438,11.713938,3.422563,0.9901,0.9986,0.0514,8.6965,35.469,18.457958,4.296273,0.9888,0.9981,0.1374,0.1374,0.1374,7.6091,162.6847,35.3266,162.6847,35.3266,0.1232,35.469,0.9888,18.457958,4.296273,-1.9748,-0.0005,-0.086,1.0874
/kaggle/input/datasets/duc24kdl/sub-x-ray/sub_X-Ray/sub_NIH/00001697_013.png,,sub_NIH,00001697_013.png,ok,512x512 -> 1024x1024,2,1,319.48,38.0264,10.243202,3.2005,0.9862,0.9983,0.0661,8.1019,36.1238,15.874411,3.984271,0.9829,0.9973,0.1677,0.1677,0.1677,7.2117,163.4236,38.5861,163.4236,38.5861,0.1144,36.1238,0.9829,15.874411,3.984271,-1.9026,-0.001,-0.1017,0.8902
/kaggle/input/datasets/duc24kdl/sub-x-ray/sub_X-Ray/sub_NIH/00001697_015.png,,sub_NIH,00001697_015.png,ok,512x512 -> 1024x1024,2,1,318.82,39.3496,7.552947,2.748263,0.9877,0.9985,0.0722,8.3866,37.6378,11.202085,3.346952,0.9851,0.9977,0.1765,0.1765,0.1765,7.6807,112.3098,51.8498,112.3098,51.8498,0.1381,37.6378,0.9851,11.202085,3.346952,-1.7118,-0.0008,-0.1043,0.7059
/kaggle/input/datasets/duc24kdl/sub-x-ray/sub_X-Ray/sub_NIH/00001697_016.png,,sub_NIH,00001697_016.png,ok,512x512 -> 1024x1024,2,1,321.35,39.4881,7.315901,2.704792,0.9859,0.9983,0.0843,8.5138,37.7824,10.83517,3.291682,0.9834,0.9975,0.1986,0.1986,0.1986,7.8221,112.2959,48.7288,112.2959,48.7288,0.1212,37.7824,0.9834,10.83517,3.291682,-1.7057,-0.0009,-0.1143,0.6917
/kaggle/input/datasets/duc24kdl/sub-x-ray/sub_X-Ray/sub_NIH/00001698_001.png,,sub_NIH,00001698_001.png,ok,512x512 -> 1024x1024,2,1,320.31,49.0441,0.81034,0.900189,0.9879,0.9984,0.0498,7.9918,48.0705,1.013974,1.006963,0.9858,0.9977,0.1323,0.1323,0.1323,7.8509,113.3424,28.4727,113.3424,28.4727,0.1353,48.0705,0.9858,1.013974,1.006963,-0.9736,-0.0007,-0.0825,0.1409
/kaggle/input/datasets/duc24kdl/sub-x-ray/sub_X-Ray/sub_NIH/00001698_011.png,,sub_NIH,00001698_011.png,ok,512x512 -> 1024x1024,2,1,320.55,35.5323,18.190663,4.265051,0.9844,0.9981,0.0706,6.8735,32.1848,39.318809,6.270471,0.9762,0.9957,0.1676,0.1676,0.1676,6.3352,119.2421,53.764,119.2421,53.764,0.4071,32.1848,0.9762,39.318809,6.270471,-3.3475,-0.0024,-0.097,0.5383
/kaggle/input/datasets/duc24kdl/sub-x-ray/sub_X-Ray/sub_NIH/00001698_012.png,,sub_NIH,00001698_012.png,ok,512x512 -> 1024x1024,2,1,321.18,34.6275,22.404243,4.733312,0.9767,0.9976,0.1064,6.6639,31.1924,49.412624,7.029411,0.9652,0.9945,0.2245,0.2245,0.2245,6.6277,144.0715,67.7498,144.0715,67.7498,0.143,31.1924,0.9652,49.412624,7.029411,-3.4351,-0.0031,-0.118,0.0362
/kaggle/input/datasets/duc24kdl/sub-x-ray/sub_X-Ray/sub_NIH/00001698_017.png,,sub_NIH,00001698_017.png,ok,512x512 -> 1024x1024,2,1,319.62,41.8615,4.235798,2.058105,0.9617,0.9965,0.1477,7.0444,40.2841,6.090763,2.467947,0.9476,0.9928,0.2868,0.2868,0.2868,6.8386,133.8863,71.0295,133.8863,71.0295,0.2538,40.2841,0.9476,6.090763,2.467947,-1.5774,-0.0037,-0.1391,0.2058
/kaggle/input/datasets/duc24kdl/sub-x-ray/sub_X-Ray/sub_NIH/00001698_019.png,,sub_NIH,00001698_019.png,ok,512x512 -> 1024x1024,2,1,319.32,42.3142,3.81646,1.953576,0.9616,0.9965,0.1466,6.706,40.4758,5.827758,2.414075,0.9457,0.993,0.2849,0.2849,0.2849,6.623,133.9259,73.2036,133.9259,73.2036,0.1138,40.4758,0.9457,5.827758,2.414075,-1.8384,-0.0035,-0.1383,0.0831
/kaggle/input/datasets/duc24kdl/sub-x-ray/sub_X-Ray/sub_NIH/00001700_002.png,,sub_NIH,00001700_002.png,ok,512x512 -> 1024x1024,2,1,319.67,36.9196,13.216678,3.635475,0.9847,0.9982,0.071,9.767,34.935,20.872902,4.568687,0.9812,0.997,0.1738,0.1738,0.1738,7.7842,141.0363,52.5232,141.0363,52.5232,0.2203,34.935,0.9812,20.872902,4.568687,-1.9846,-0.0012,-0.1028,1.9828
/kaggle/input/datasets/duc24kdl/sub-x-ray/sub_X-Ray/sub_NIH/00001700_005.png,,sub_NIH,00001700_005.png,ok,512x512 -> 1024x1024,2,1,320.05,41.7043,4.391922,2.095691,0.9616,0.9965,0.147,6.805,39.5644,7.18861,2.681158,0.9476,0.993,0.2931,0.2931,0.2931,6.3947,155.275,62.7895,155.275,62.7895,0.1052,39.5644,0.9476,7.18861,2.681158,-2.1399,-0.0035,-0.1461,0.4103
/kaggle/input/datasets/duc24kdl/sub-x-ray/sub_X-Ray/sub_NIH/00001700_006.png,,sub_NIH,00001700_006.png,ok,512x512 -> 1024x1024,2,1,321.33,36.264,15.370292,3.920496,0.9633,0.9965,0.1478,6.6789,34.0578,25.54473,5.054179,0.9496,0.9923,0.2999,0.2999,0.2999,6.3784,138.8531,76.9181,138.8531,76.9181,0.2673,34.0578,0.9496,25.54473,5.054179,-2.2062,-0.0042,-0.1521,0.3005
/kaggle/input/datasets/duc24kdl/sub-x-ray/sub_X-Ray/sub_NIH/00001702_000.png,,sub_NIH,00001702_000.png,ok,512x512 -> 1024x1024,2,1,318.53,44.9765,2.067434,1.437857,0.9809,0.9979,0.0684,6.2037,42.1769,3.939009,1.984694,0.9714,0.9952,0.1829,0.1829,0.1829,6.0486,150.5639,54.9187,150.5639,54.9187,0.2995,42.1769,0.9714,3.939009,1.984694,-2.7996,-0.0027,-0.1145,0.1551
/kaggle/input/datasets/duc24kdl/sub-x-ray/sub_X-Ray/sub_NIH/00001706_000.png,,sub_NIH,00001706_000.png,ok,512x512 -> 1024x1024,2,1,320.34,36.9845,13.020483,3.608391,0.9793,0.9979,0.0773,6.8513,35.6173,17.838038,4.22351,0.9658,0.9949,0.1842,0.1842,0.1842,6.1753,155.7597,61.8772,155.7597,61.8772,0.4301,35.6173,0.9658,17.838038,4.22351,-1.3672,-0.0031,-0.1069,0.6761
/kaggle/input/datasets/duc24kdl/sub-x-ray/sub_X-Ray/sub_NIH/00001710_000.png,,sub_NIH,00001710_000.png,ok,512x512 -> 1024x1024,2,1,318.56,46.7695,1.368133,1.169672,0.9895,0.9986,0.0501,7.739,43.9501,2.618605,1.61821,0.9851,0.9973,0.1439,0.1439,0.1439,6.8751,165.6177,47.509,165.6177,47.509,0.3744,43.9501,0.9851,2.618605,1.61821,-2.8194,-0.0013,-0.0937,0.8639
/kaggle/input/datasets/duc24kdl/sub-x-ray/sub_X-Ray/sub_NIH/00001713_000.png,,sub_NIH,00001713_000.png,ok,512x512 -> 1024x1024,2,1,319.34,42.452,3.697305,1.922838,0.9617,0.9966,0.1457,7.104,40.4252,5.896032,2.428175,0.9468,0.9934,0.2882,0.2882,0.2882,6.7168,130.5952,62.8721,130.5952,62.8721,0.1275,40.4252,0.9468,5.896032,2.428175,-2.0267,-0.0032,-0.1426,0.3872
/kaggle/input/datasets/duc24kdl/sub-x-ray/sub_X-Ray/sub_NIH/00001718_005.png,,sub_NIH,00001718_005.png,ok,512x512 -> 1024x1024,2,1,319.33,37.9267,10.48111,3.237454,0.9846,0.9982,0.0638,6.6493,35.7479,17.309603,4.160481,0.9777,0.996,0.1769,0.1769,0.1769,6.4799,171.7018,47.1597,171.7018,47.1597,0.0998,35.7479,0.9777,17.309603,4.160481,-2.1788,-0.0022,-0.1131,0.1694
/kaggle/input/datasets/duc24kdl/sub-x-ray/sub_X-Ray/sub_NIH/00001718_010.png,,sub_NIH,00001718_010.png,ok,512x512 -> 1024x1024,2,1,319.54,41.5095,4.593307,2.1432,0.9632,0.9967,0.1249,6.1441,39.409,7.450392,2.729541,0.941,0.9929,0.2574,0.2574,0.2574,6.6464,96.5147,67.2616,96.5147,67.2616,0.2303,39.409,0.941,7.450392,2.729541,-2.1005,-0.0039,-0.1325,-0.5023
/kaggle/input/datasets/duc24kdl/sub-x-ray/sub_X-Ray/sub_NIH/00001719_010.png,,sub_NIH,00001719_010.png,ok,512x512 -> 1024x1024,2,1,321.01,36.8912,13.303477,3.647393,0.9808,0.9978,0.0839,6.4055,33.753,27.40209,5.234701,0.9703,0.9941,0.1997,0.1997,0.1997,6.338,139.3415,45.842,139.3415,45.842,0.214,33.753,0.9703,27.40209,5.234701,-3.1382,-0.0036,-0.1158,0.0676
/kaggle/input/datasets/duc24kdl/sub-x-ray/sub_X-Ray/sub_NIH/00001721_000.png,,sub_NIH,00001721_000.png,ok,512x512 -> 1024x1024,2,1,317.74,43.0967,3.187184,1.785269,0.9668,0.997,0.117,6.6351,40.3661,5.976878,2.444765,0.9474,0.9935,0.2386,0.2386,0.2386,6.5112,112.7893,77.5281,112.7893,77.5281,0.161,40.3661,0.9474,5.976878,2.444765,-2.7307,-0.0035,-0.1216,0.1239
/kaggle/input/datasets/duc24kdl/sub-x-ray/sub_X-Ray/sub_NIH/00001722_000.png,,sub_NIH,00001722_000.png,ok,512x512 -> 1024x1024,2,1,320.57,44.8251,2.140789,1.463144,0.981,0.9978,0.0706,6.6985,42.3168,3.814146,1.952984,0.9734,0.9955,0.1666,0.1666,0.1666,6.3365,152.4379,56.6216,152.4379,56.6216,0.2843,42.3168,0.9734,3.814146,1.952984,-2.5082,-0.0023,-0.0959,0.362
/kaggle/input/datasets/duc24kdl/sub-x-ray/sub_X-Ray/sub_NIH/00001723_002.png,,sub_NIH,00001723_002.png,ok,512x512 -> 1024x1024,2,1,320.17,37.3167,12.061734,3.473001,0.9815,0.9981,0.0732,6.5668,35.3779,18.849002,4.341544,0.9709,0.9954,0.1824,0.1824,0.1824,5.9604,156.2345,67.6818,156.2345,67.6818,0.1717,35.3779,0.9709,18.849002,4.341544,-1.9388,-0.0027,-0.1092,0.6064
/kaggle/input/datasets/duc24kdl/sub-x-ray/sub_X-Ray/sub_NIH/00001723_004.png,,sub_NIH,00001723_004.png,ok,512x512 -> 1024x1024,2,1,320.48,40.9252,5.254819,2.292339,0.9671,0.997,0.1227,5.9266,38.0869,10.101566,3.178296,0.9514,0.9933,0.2545,0.2545,0.2545,6.1702,124.8674,70.3639,124.8674,70.3639,0.2528,38.0869,0.9514,10.101566,3.178296,-2.8383,-0.0037,-0.1318,-0.2435
/kaggle/input/datasets/duc24kdl/sub-x-ray/sub_X-Ray/sub_NIH/00001724_005.png,,sub_NIH,00001724_005.png,ok,512x512 -> 1024x1024,2,1,319.07,36.9063,13.257162,3.641039,0.9819,0.9982,0.0714,6.3182,35.6872,17.553383,4.189676,0.9652,0.9955,0.1623,0.1623,0.1623,6.2097,144.3725,74.0823,144.3725,74.0823,0.4112,35.6872,0.9652,17.553383,4.189676,-1.2191,-0.0026,-0.0909,0.1085
/kaggle/input/datasets/duc24kdl/sub-x-ray/sub_X-Ray/sub_NIH/00001724_009.png,,sub_NIH,00001724_009.png,ok,512x512 -> 1024x1024,2,1,320.18,42.9624,3.287327,1.813099,0.9683,0.9971,0.1193,6.37,39.8089,6.79507,2.606735,0.9548,0.994,0.2467,0.2467,0.2467,6.5232,119.7168,66.0453,119.7168,66.0453,0.1433,39.8089,0.9548,6.79507,2.606735,-3.1535,-0.0031,-0.1274,-0.1531
/kaggle/input/datasets/duc24kdl/sub-x-ray/sub_X-Ray/sub_NIH/00001726_000.png,,sub_NIH,00001726_000.png,ok,512x512 -> 1024x1024,2,1,319.29,37.4971,11.570945,3.401609,0.9848,0.9982,0.0661,6.3631,35.3063,19.162238,4.377469,0.9762,0.9957,0.1601,0.1601,0.1601,6.2714,165.9469,57.9197,165.9469,57.9197,0.3724,35.3063,0.9762,19.162238,4.377469,-2.1908,-0.0026,-0.094,0.0917
/kaggle/input/datasets/duc24kdl/sub-x-ray/sub_X-Ray/sub_NIH/00001727_000.png,,sub_NIH,00001727_000.png,ok,512x512 -> 1024x1024,2,1,319.03,45.5826,1.798108,1.340936,0.9865,0.9984,0.0535,7.1041,42.7487,3.453129,1.85826,0.9808,0.9967,0.1486,0.1486,0.1486,6.4104,150.3773,54.8206,150.3773,54.8206,0.3645,42.7487,0.9808,3.453129,1.85826,-2.834,-0.0016,-0.0951,0.6937
/kaggle/input/datasets/duc24kdl/sub-x-ray/sub_X-Ray/sub_NIH/00001728_000.png,,sub_NIH,00001728_000.png,ok,512x512 -> 1024x1024,2,1,319.68,38.5352,9.110985,3.018441,0.9839,0.9982,0.0637,6.3429,36.4505,14.724085,3.837198,0.9762,0.9959,0.1709,0.1709,0.1709,6.2433,155.2461,60.77,155.2461,60.77,0.1843,36.4505,0.9762,14.724085,3.837198,-2.0846,-0.0023,-0.1073,0.0996
/kaggle/input/datasets/duc24kdl/sub-x-ray/sub_X-Ray/sub_NIH/00001730_000.png,,sub_NIH,00001730_000.png,ok,512x512 -> 1024x1024,2,1,319.12,45.6637,1.764871,1.328484,0.9773,0.9976,0.0919,7.1344,43.736,2.750936,1.658594,0.9679,0.9955,0.2144,0.2144,0.2144,6.8311,109.4964,33.3824,109.4964,33.3824,0.1872,43.736,0.9679,2.750936,1.658594,-1.9277,-0.0021,-0.1225,0.3033
/kaggle/input/datasets/duc24kdl/sub-x-ray/sub_X-Ray/sub_NIH/00001730_004.png,,sub_NIH,00001730_004.png,ok,512x512 -> 1024x1024,2,1,320.23,41.503,4.600235,2.144816,0.9604,0.9964,0.1499,6.3915,39.2822,7.671199,2.769693,0.9434,0.9926,0.291,0.291,0.291,6.3406,135.4083,67.3677,135.4083,67.3677,0.1659,39.2822,0.9434,7.671199,2.769693,-2.2208,-0.0038,-0.141,0.0509
/kaggle/input/datasets/duc24kdl/sub-x-ray/sub_X-Ray/sub_NIH/00001731_000.png,,sub_NIH,00001731_000.png,ok,512x512 -> 1024x1024,2,1,319.71,42.2757,3.850479,1.962264,0.9624,0.9967,0.14,6.8324,40.1156,6.331771,2.516301,0.9492,0.9933,0.279,0.279,0.279,6.458,140.6227,63.416,140.6227,63.416,0.13,40.1156,0.9492,6.331771,2.516301,-2.1601,-0.0033,-0.139,0.3744
/kaggle/input/datasets/duc24kdl/sub-x-ray/sub_X-Ray/sub_NIH/00001736_007.png,,sub_NIH,00001736_007.png,ok,512x512 -> 1024x1024,2,1,318.08,36.2886,15.283359,3.909394,0.9857,0.9981,0.0649,7.5341,34.1971,24.738287,4.97376,0.9809,0.9962,0.1565,0.1565,0.1565,7.549,124.4447,52.3004,124.4447,52.3004,0.3046,34.1971,0.9809,24.738287,4.97376,-2.0915,-0.0019,-0.0917,-0.0149
/kaggle/input/datasets/duc24kdl/sub-x-ray/sub_X-Ray/sub_NIH/00001736_011.png,,sub_NIH,00001736_011.png,ok,512x512 -> 1024x1024,2,1,318.71,35.6116,17.861508,4.226288,0.98,0.9978,0.093,7.0781,33.493,29.092503,5.393747,0.9734,0.9951,0.2064,0.2064,0.2064,7.0158,130.2247,46.3196,130.2247,46.3196,0.2068,33.493,0.9734,29.092503,5.393747,-2.1186,-0.0026,-0.1134,0.0623
/kaggle/input/datasets/duc24kdl/sub-x-ray/sub_X-Ray/sub_NIH/00001736_016.png,,sub_NIH,00001736_016.png,ok,512x512 -> 1024x1024,2,1,318.6,37.9775,10.359409,3.218604,0.984,0.9981,0.0778,10.4598,36.1889,15.638473,3.954551,0.9804,0.9969,0.1954,0.1954,0.1954,9.5549,123.5566,44.8069,123.5566,44.8069,0.237,36.1889,0.9804,15.638473,3.954551,-1.7886,-0.0012,-0.1176,0.9049
/kaggle/input/datasets/duc24kdl/sub-x-ray/sub_X-Ray/sub_NIH/00001736_022.png,,sub_NIH,00001736_022.png,ok,512x512 -> 1024x1024,2,1,319.16,36.0391,16.187079,4.023317,0.9866,0.9982,0.0661,8.6219,33.7761,27.256477,5.220774,0.9828,0.9962,0.1696,0.1696,0.1696,7.8728,114.7484,59.4277,114.7484,59.4277,0.2869,33.7761,0.9828,27.256477,5.220774,-2.263,-0.002,-0.1034,0.749
/kaggle/input/datasets/duc24kdl/sub-x-ray/sub_X-Ray/sub_NIH/00001736_024.png,,sub_NIH,00001736_024.png,ok,512x512 -> 1024x1024,2,1,318.57,37.2788,12.167572,3.488205,0.9859,0.9983,0.0708,8.3748,35.2656,19.343003,4.398068,0.9827,0.9972,0.1727,0.1727,0.1727,7.5101,118.2121,60.086,118.2121,60.086,0.319,35.2656,0.9827,19.343003,4.398068,-2.0132,-0.0011,-0.1019,0.8647
/kaggle/input/datasets/duc24kdl/sub-x-ray/sub_X-Ray/sub_NIH/00001737_001.png,,sub_NIH,00001737_001.png,ok,512x512 -> 1024x1024,2,1,318.85,35.9789,16.41313,4.051312,0.9759,0.9974,0.0851,5.8162,32.8585,33.668956,5.802496,0.9547,0.993,0.1949,0.1949,0.1949,6.0616,119.1329,63.9415,119.1329,63.9415,0.3352,32.8585,0.9547,33.668956,5.802496,-3.1204,-0.0044,-0.1097,-0.2454
/kaggle/input/datasets/duc24kdl/sub-x-ray/sub_X-Ray/sub_NIH/00001738_000.png,,sub_NIH,00001738_000.png,ok,512x512 -> 1024x1024,2,1,320.44,35.481,18.406988,4.290337,0.972,0.9973,0.1191,6.6289,31.889,42.089886,6.487672,0.9563,0.9936,0.2482,0.2482,0.2482,6.263,140.3117,70.2277,140.3117,70.2277,0.3896,31.889,0.9563,42.089886,6.487672,-3.592,-0.0037,-0.1291,0.3659
/kaggle/input/datasets/duc24kdl/sub-x-ray/sub_X-Ray/sub_NIH/00001738_004.png,,sub_NIH,00001738_004.png,ok,512x512 -> 1024x1024,2,1,318.88,45.7018,1.74944,1.322664,0.9859,0.9984,0.0584,6.6575,42.2129,3.906515,1.976491,0.979,0.9965,0.1614,0.1614,0.1614,6.4042,151.9065,53.9702,151.9065,53.9702,0.2528,42.2129,0.979,3.906515,1.976491,-3.4889,-0.0019,-0.103,0.2533
/kaggle/input/datasets/duc24kdl/sub-x-ray/sub_X-Ray/sub_NIH/00001741_001.png,,sub_NIH,00001741_001.png,ok,512x512 -> 1024x1024,2,1,319.92,38.2971,9.624235,3.102295,0.9839,0.9982,0.0627,6.5675,36.4176,14.836134,3.85177,0.9763,0.996,0.162,0.162,0.162,6.3838,165.3418,58.948,165.3418,58.948,0.3015,36.4176,0.9763,14.836134,3.85177,-1.8795,-0.0022,-0.0993,0.1837
/kaggle/input/datasets/duc24kdl/sub-x-ray/sub_X-Ray/sub_NIH/00001742_001.png,,sub_NIH,00001742_001.png,ok,512x512 -> 1024x1024,2,1,319.59,35.2153,19.568249,4.423601,0.9716,0.997,0.1264,6.8159,31.4297,46.785919,6.840023,0.959,0.9931,0.2574,0.2574,0.2574,6.2536,142.05,49.8913,142.05,49.8913,0.3188,31.4297,0.959,46.785919,6.840023,-3.7856,-0.0039,-0.131,0.5623
/kaggle/input/datasets/duc24kdl/sub-x-ray/sub_X-Ray/sub_NIH/00001744_000.png,,sub_NIH,00001744_000.png,ok,512x512 -> 1024x1024,2,1,318.45,43.7381,2.749595,1.65819,0.9828,0.9981,0.0575,6.416,40.0399,6.442983,2.538303,0.9716,0.995,0.1633,0.1633,0.1633,5.9629,158.6248,60.2314,158.6248,60.2314,0.2117,40.0399,0.9716,6.442983,2.538303,-3.6982,-0.0031,-0.1057,0.4531
/kaggle/input/datasets/duc24kdl/sub-x-ray/sub_X-Ray/sub_NIH/00001747_001.png,,sub_NIH,00001747_001.png,ok,512x512 -> 1024x1024,2,1,321.16,41.4229,4.685904,2.164695,0.9648,0.9968,0.1375,6.3864,39.2101,7.799612,2.792779,0.9524,0.9935,0.278,0.278,0.278,6.6568,127.6974,62.3963,127.6974,62.3963,0.175,39.2101,0.9524,7.799612,2.792779,-2.2128,-0.0033,-0.1405,-0.2704
/kaggle/input/datasets/duc24kdl/sub-x-ray/sub_X-Ray/sub_NIH/00001748_002.png,,sub_NIH,00001748_002.png,ok,512x512 -> 1024x1024,2,1,321.32,46.1683,1.571254,1.253497,0.9845,0.9982,0.0656,7.1182,43.188,3.120933,1.766616,0.9775,0.9962,0.1722,0.1722,0.1722,6.5175,169.306,41.8496,169.306,41.8496,0.1978,43.188,0.9775,3.120933,1.766616,-2.9804,-0.002,-0.1066,0.6007
/kaggle/input/datasets/duc24kdl/sub-x-ray/sub_X-Ray/sub_NIH/00001748_004.png,,sub_NIH,00001748_004.png,ok,512x512 -> 1024x1024,2,1,320.77,36.6947,13.919129,3.730835,0.9813,0.998,0.0748,6.4214,33.6938,27.777994,5.270483,0.9722,0.9955,0.1838,0.1838,0.1838,6.3034,165.911,54.3922,165.911,54.3922,0.0962,33.6938,0.9722,27.777994,5.270483,-3.0009,-0.0025,-0.109,0.1181
/kaggle/input/datasets/duc24kdl/sub-x-ray/sub_X-Ray/sub_NIH/00001748_007.png,,sub_NIH,00001748_007.png,ok,512x512 -> 1024x1024,2,1,319.54,35.2506,19.409573,4.40563,0.9831,0.9981,0.0643,6.3278,31.9002,41.981345,6.479301,0.9741,0.9948,0.1706,0.1706,0.1706,6.1462,180.4597,50.1366,180.4597,50.1366,0.1688,31.9002,0.9741,41.981345,6.479301,-3.3504,-0.0033,-0.1063,0.1815
/kaggle/input/datasets/duc24kdl/sub-x-ray/sub_X-Ray/sub_NIH/00001756_003.png,,sub_NIH,00001756_003.png,ok,512x512 -> 1024x1024,2,1,319.25,45.2291,1.950616,1.396645,0.986,0.9983,0.0539,6.7119,42.9162,3.32249,1.82277,0.9796,0.9965,0.1478,0.1478,0.1478,6.2666,159.5226,52.2495,159.5226,52.2495,0.2352,42.9162,0.9796,3.32249,1.82277,-2.3129,-0.0018,-0.0939,0.4453
/kaggle/input/datasets/duc24kdl/sub-x-ray/sub_X-Ray/sub_NIH/00001756_007.png,,sub_NIH,00001756_007.png,ok,512x512 -> 1024x1024,2,1,318.55,37.5823,11.346199,3.368412,0.9836,0.9982,0.0602,6.4357,35.9098,16.676341,4.083668,0.9752,0.9958,0.1534,0.1534,0.1534,6.1318,161.9601,64.4354,161.9601,64.4354,0.2018,35.9098,0.9752,16.676341,4.083668,-1.6725,-0.0025,-0.0932,0.3039
/kaggle/input/datasets/duc24kdl/sub-x-ray/sub_X-Ray/sub_NIH/00001756_012.png,,sub_NIH,00001756_012.png,ok,512x512 -> 1024x1024,2,1,319.57,43.3501,3.006564,1.733945,0.9727,0.9975,0.1019,6.2252,41.485,4.619305,2.149257,0.9623,0.9949,0.2161,0.2161,0.2161,6.6105,102.5209,68.5373,102.5209,68.5373,0.1339,41.485,0.9623,4.619305,2.149257,-1.8651,-0.0025,-0.1142,-0.3853
/kaggle/input/datasets/duc24kdl/sub-x-ray/sub_X-Ray/sub_NIH/00001756_015.png,,sub_NIH,00001756_015.png,ok,512x512 -> 1024x1024,2,1,318.92,41.3913,4.720062,2.17257,0.9629,0.9966,0.1343,6.5485,39.0647,8.06516,2.839923,0.946,0.993,0.2737,0.2737,0.2737,6.4973,119.2881,66.351,119.2881,66.351,0.2606,39.0647,0.946,8.06516,2.839923,-2.3267,-0.0036,-0.1394,0.0512
/kaggle/input/datasets/duc24kdl/sub-x-ray/sub_X-Ray/sub_NIH/00001758_000.png,,sub_NIH,00001758_000.png,ok,512x512 -> 1024x1024,2,1,318.97,45.8464,1.692175,1.300836,0.9859,0.9983,0.0626,6.9654,42.6464,3.535388,1.880263,0.9794,0.9965,0.1645,0.1645,0.1645,6.4268,163.1858,45.5903,163.1858,45.5903,0.2727,42.6464,0.9794,3.535388,1.880263,-3.1999,-0.0018,-0.1019,0.5386
/kaggle/input/datasets/duc24kdl/sub-x-ray/sub_X-Ray/sub_NIH/00001759_000.png,,sub_NIH,00001759_000.png,ok,512x512 -> 1024x1024,2,1,315.56,38.1187,10.027876,3.166682,0.9852,0.9985,0.0651,5.9121,34.8017,21.523223,4.639313,0.9527,0.9949,0.1371,0.1371,0.1371,5.8313,105.3836,85.7194,105.3836,85.7194,0.5006,34.8017,0.9527,21.523223,4.639313,-3.317,-0.0035,-0.072,0.0808
/kaggle/input/datasets/duc24kdl/sub-x-ray/sub_X-Ray/sub_NIH/00001761_000.png,,sub_NIH,00001761_000.png,ok,512x512 -> 1024x1024,2,1,319.85,40.8326,5.368132,2.316923,0.9638,0.9968,0.131,6.3957,36.9955,12.987789,3.603858,0.9456,0.9931,0.2669,0.2669,0.2669,6.3211,118.6921,66.47,118.6921,66.47,0.1985,36.9955,0.9456,12.987789,3.603858,-3.8371,-0.0037,-0.136,0.0746
/kaggle/input/datasets/duc24kdl/sub-x-ray/sub_X-Ray/sub_NIH/00001762_003.png,,sub_NIH,00001762_003.png,ok,512x512 -> 1024x1024,2,1,320.16,42.6854,3.503815,1.871848,0.9653,0.9969,0.1256,6.3052,39.4801,7.329477,2.707301,0.9435,0.9933,0.2583,0.2583,0.2583,6.468,115.4384,74.9129,115.4384,74.9129,0.1489,39.4801,0.9435,7.329477,2.707301,-3.2053,-0.0036,-0.1327,-0.1628
/kaggle/input/datasets/duc24kdl/sub-x-ray/sub_X-Ray/sub_NIH/00001768_000.png,,sub_NIH,00001768_000.png,ok,512x512 -> 1024x1024,2,1,322.61,37.1479,12.539921,3.541175,0.984,0.9983,0.0676,6.7866,33.8328,26.902809,5.186792,0.9753,0.9955,0.1743,0.1743,0.1743,6.2497,152.8915,70.5186,152.8915,70.5186,0.1548,33.8328,0.9753,26.902809,5.186792,-3.315,-0.0028,-0.1066,0.5369
/kaggle/input/datasets/duc24kdl/sub-x-ray/sub_X-Ray/sub_NIH/00001770_000.png,,sub_NIH,00001770_000.png,ok,512x512 -> 1024x1024,2,1,320.56,45.7107,1.745876,1.321316,0.9815,0.998,0.0747,6.6554,42.3507,3.784506,1.945381,0.9714,0.9952,0.1867,0.1867,0.1867,6.2557,169.2661,47.3234,169.2661,47.3234,0.2266,42.3507,0.9714,3.784506,1.945381,-3.36,-0.0028,-0.112,0.3997
/kaggle/input/datasets/duc24kdl/sub-x-ray/sub_X-Ray/sub_NIH/00001770_002.png,,sub_NIH,00001770_002.png,ok,512x512 -> 1024x1024,2,1,320.56,37.6844,11.082559,3.329048,0.9843,0.9983,0.0608,6.4898,35.1838,19.710776,4.439682,0.9753,0.9956,0.1592,0.1592,0.1592,6.1842,165.466,60.6568,165.466,60.6568,0.2693,35.1838,0.9753,19.710776,4.439682,-2.5006,-0.0027,-0.0985,0.3056
/kaggle/input/datasets/duc24kdl/sub-x-ray/sub_X-Ray/sub_NIH/00001771_003.png,,sub_NIH,00001771_003.png,ok,512x512 -> 1024x1024,2,1,321.02,42.7935,3.417685,1.848698,0.9791,0.9977,0.0809,6.8277,39.4676,7.350501,2.711181,0.972,0.9956,0.1924,0.1924,0.1924,6.5862,101.9045,38.982,101.9045,38.982,0.2039,39.4676,0.972,7.350501,2.711181,-3.3258,-0.0021,-0.1115,0.2416
/kaggle/input/datasets/duc24kdl/sub-x-ray/sub_X-Ray/sub_NIH/00001772_002.png,,sub_NIH,00001772_002.png,ok,512x512 -> 1024x1024,2,1,319.55,42.1391,3.973446,1.99335,0.9646,0.9968,0.1377,6.751,40.2904,6.081912,2.466153,0.9507,0.9936,0.2752,0.2752,0.2752,6.5184,120.5488,65.8073,120.5488,65.8073,0.2607,40.2904,0.9507,6.081912,2.466153,-1.8487,-0.0032,-0.1375,0.2326
/kaggle/input/datasets/duc24kdl/sub-x-ray/sub_X-Ray/sub_NIH/00001772_006.png,,sub_NIH,00001772_006.png,ok,512x512 -> 1024x1024,2,1,319.11,41.6776,4.419012,2.102145,0.9577,0.9963,0.153,6.7022,39.9631,6.557953,2.56085,0.9381,0.9924,0.3002,0.3002,0.3002,6.7949,120.6482,68.4824,120.6482,68.4824,0.1509,39.9631,0.9381,6.557953,2.56085,-1.7144,-0.0038,-0.1472,-0.0927
/kaggle/input/datasets/duc24kdl/sub-x-ray/sub_X-Ray/sub_NIH/00001772_009.png,,sub_NIH,00001772_009.png,ok,512x512 -> 1024x1024,2,1,322.31,42.2926,3.835514,1.958447,0.9731,0.9975,0.1059,6.7308,39.8421,6.743223,2.596772,0.9637,0.9949,0.2233,0.2233,0.2233,6.4365,127.7581,68.8651,127.7581,68.8651,0.1777,39.8421,0.9637,6.743223,2.596772,-2.4504,-0.0025,-0.1174,0.2943
/kaggle/input/datasets/duc24kdl/sub-x-ray/sub_X-Ray/sub_NIH/00001774_000.png,,sub_NIH,00001774_000.png,ok,512x512 -> 1024x1024,2,1,318.08,45.2757,1.929806,1.389175,0.9762,0.9975,0.0953,6.7759,43.1261,3.165731,1.77925,0.9621,0.9949,0.2164,0.2164,0.2164,6.7425,106.1067,37.362,106.1067,37.362,0.2166,43.1261,0.9621,3.165731,1.77925,-2.1496,-0.0026,-0.121,0.0335
/kaggle/input/datasets/duc24kdl/sub-x-ray/sub_X-Ray/sub_NIH/00001775_000.png,,sub_NIH,00001775_000.png,ok,512x512 -> 1024x1024,2,1,318.96,39.1894,7.836853,2.799438,0.9838,0.9982,0.0567,6.6083,36.6759,13.979307,3.738891,0.9732,0.9955,0.1577,0.1577,0.1577,6.0959,154.3174,68.0706,154.3174,68.0706,0.2231,36.6759,0.9732,13.979307,3.738891,-2.5134,-0.0027,-0.101,0.5124
/kaggle/input/datasets/duc24kdl/sub-x-ray/sub_X-Ray/sub_NIH/00001775_004.png,,sub_NIH,00001775_004.png,ok,512x512 -> 1024x1024,2,1,320.21,42.1091,4.001022,2.000255,0.9568,0.9961,0.1578,6.3157,40.2465,6.143705,2.47865,0.9371,0.9916,0.3126,0.3126,0.3126,6.6555,116.899,72.4542,116.899,72.4542,0.1777,40.2465,0.9371,6.143705,2.47865,-1.8626,-0.0045,-0.1548,-0.3399
/kaggle/input/datasets/duc24kdl/sub-x-ray/sub_X-Ray/sub_NIH/00001777_001.png,,sub_NIH,00001777_001.png,ok,512x512 -> 1024x1024,2,1,319.56,47.1483,1.253856,1.119757,0.9846,0.9982,0.0587,6.9953,44.5036,2.305267,1.518311,0.9782,0.9963,0.1635,0.1635,0.1635,6.5563,159.0606,48.7111,159.0606,48.7111,0.2103,44.5036,0.9782,2.305267,1.518311,-2.6447,-0.0019,-0.1048,0.439
/kaggle/input/datasets/duc24kdl/sub-x-ray/sub_X-Ray/sub_NIH/00001777_003.png,,sub_NIH,00001777_003.png,ok,512x512 -> 1024x1024,2,1,318.98,37.7203,10.991276,3.315309,0.9824,0.9981,0.068,6.8002,35.7376,17.350729,4.165421,0.9699,0.9952,0.1694,0.1694,0.1694,6.2735,156.8428,65.576,156.8428,65.576,0.3107,35.7376,0.9699,17.350729,4.165421,-1.9827,-0.0029,-0.1014,0.5267
/kaggle/input/datasets/duc24kdl/sub-x-ray/sub_X-Ray/sub_NIH/00001779_000.png,,sub_NIH,00001779_000.png,ok,512x512 -> 1024x1024,2,1,321.82,37.4256,11.763006,3.429724,0.9855,0.9984,0.0653,6.5855,35.205,19.614435,4.428819,0.9791,0.9962,0.1666,0.1666,0.1666,6.306,173.2103,50.3771,173.2103,50.3771,0.1221,35.205,0.9791,19.614435,4.428819,-2.2206,-0.0022,-0.1013,0.2795
/kaggle/input/datasets/duc24kdl/sub-x-ray/sub_X-Ray/sub_NIH/00001780_000.png,,sub_NIH,00001780_000.png,ok,512x512 -> 1024x1024,2,1,319.18,46.3036,1.52308,1.234131,0.9846,0.9982,0.0679,7.1869,43.1553,3.144487,1.77327,0.9777,0.9963,0.1742,0.1742,0.1742,6.4129,175.8014,32.6632,175.8014,32.6632,0.2307,43.1553,0.9777,3.144487,1.77327,-3.1483,-0.0018,-0.1062,0.774
/kaggle/input/datasets/duc24kdl/sub-x-ray/sub_X-Ray/sub_NIH/00001782_000.png,,sub_NIH,00001782_000.png,ok,512x512 -> 1024x1024,2,1,319.49,44.7421,2.182071,1.477183,0.9862,0.9984,0.0493,6.8335,41.8039,4.292301,2.071787,0.9794,0.9966,0.1424,0.1424,0.1424,6.2751,157.0931,58.8152,157.0931,58.8152,0.2793,41.8039,0.9794,4.292301,2.071787,-2.9382,-0.0018,-0.0931,0.5584
/kaggle/input/datasets/duc24kdl/sub-x-ray/sub_X-Ray/sub_NIH/00001783_001.png,,sub_NIH,00001783_001.png,ok,512x512 -> 1024x1024,2,1,320.88,41.6116,4.486615,2.118163,0.964,0.9967,0.1297,6.6655,38.8208,8.53107,2.920799,0.9478,0.9928,0.2759,0.2759,0.2759,6.6296,105.4953,59.1196,105.4953,59.1196,0.2445,38.8208,0.9478,8.53107,2.920799,-2.7908,-0.0039,-0.1462,0.0359
/kaggle/input/datasets/duc24kdl/sub-x-ray/sub_X-Ray/sub_NIH/00001787_000.png,,sub_NIH,00001787_000.png,ok,512x512 -> 1024x1024,2,1,320.25,38.1546,9.945352,3.153625,0.9778,0.9978,0.0858,6.6097,37.4453,11.709803,3.421959,0.9663,0.9951,0.1864,0.1864,0.1864,6.1173,136.1498,68.2921,136.1498,68.2921,0.5494,37.4453,0.9663,11.709803,3.421959,-0.7093,-0.0027,-0.1006,0.4923
/kaggle/input/datasets/duc24kdl/sub-x-ray/sub_X-Ray/sub_NIH/00001787_005.png,,sub_NIH,00001787_005.png,ok,512x512 -> 1024x1024,2,1,319.17,37.4823,11.6104,3.407404,0.9777,0.9975,0.105,7.3437,33.9172,26.385117,5.136644,0.9687,0.9949,0.2287,0.2287,0.2287,6.8402,114.7115,51.4087,114.7115,51.4087,0.3545,33.9172,0.9687,26.385117,5.136644,-3.5651,-0.0026,-0.1237,0.5035
/kaggle/input/datasets/duc24kdl/sub-x-ray/sub_X-Ray/sub_NIH/00001787_007.png,,sub_NIH,00001787_007.png,ok,512x512 -> 1024x1024,2,1,318.69,36.3309,15.135248,3.890405,0.9692,0.9969,0.1301,6.9087,33.0381,32.305317,5.683777,0.9579,0.9935,0.2555,0.2555,0.2555,6.5778,128.4975,57.4793,128.4975,57.4793,0.3855,33.0381,0.9579,32.305317,5.683777,-3.2928,-0.0033,-0.1254,0.3309
/kaggle/input/datasets/duc24kdl/sub-x-ray/sub_X-Ray/sub_NIH/00001787_013.png,,sub_NIH,00001787_013.png,ok,512x512 -> 1024x1024,2,1,319.51,33.8627,26.71859,5.169003,0.9864,0.9982,0.0626,7.575,31.4075,47.025439,6.85751,0.9764,0.9953,0.1552,0.1552,0.1552,6.7854,153.1146,55.0823,153.1146,55.0823,0.3491,31.4075,0.9764,47.025439,6.85751,-2.4552,-0.0029,-0.0926,0.7896
/kaggle/input/datasets/duc24kdl/sub-x-ray/sub_X-Ray/sub_NIH/00001787_014.png,,sub_NIH,00001787_014.png,ok,512x512 -> 1024x1024,2,1,319.8,35.9914,16.366064,4.045499,0.9881,0.9983,0.055,7.334,33.8144,27.01717,5.197804,0.9839,0.9958,0.146,0.146,0.146,6.9514,148.3482,49.2445,148.3482,49.2445,0.2259,33.8144,0.9839,27.01717,5.197804,-2.177,-0.0025,-0.091,0.3826
/kaggle/input/datasets/duc24kdl/sub-x-ray/sub_X-Ray/sub_NIH/00001788_003.png,,sub_NIH,00001788_003.png,ok,512x512 -> 1024x1024,2,1,319.07,39.2492,7.729599,2.780216,0.9754,0.9975,0.1172,8.3934,37.3397,11.998069,3.463823,0.9696,0.9957,0.2424,0.2424,0.2424,7.9046,119.494,62.6563,119.494,62.6563,0.1485,37.3397,0.9696,11.998069,3.463823,-1.9095,-0.0019,-0.1252,0.4888
/kaggle/input/datasets/duc24kdl/sub-x-ray/sub_X-Ray/sub_NIH/00001788_006.png,,sub_NIH,00001788_006.png,ok,512x512 -> 1024x1024,2,1,320.0,42.2645,3.860368,1.964782,0.9633,0.9967,0.1365,6.4909,40.0199,6.472789,2.544168,0.9484,0.9932,0.2751,0.2751,0.2751,6.2583,142.0665,64.5274,142.0665,64.5274,0.165,40.0199,0.9484,6.472789,2.544168,-2.2446,-0.0035,-0.1387,0.2326
/kaggle/input/datasets/duc24kdl/sub-x-ray/sub_X-Ray/sub_NIH/00001792_002.png,,sub_NIH,00001792_002.png,ok,512x512 -> 1024x1024,2,1,319.22,41.7762,4.319766,2.078405,0.9604,0.9964,0.1619,7.1547,39.9864,6.522821,2.553981,0.9468,0.993,0.3125,0.3125,0.3125,6.7941,135.4981,65.9216,135.4981,65.9216,0.1347,39.9864,0.9468,6.522821,2.553981,-1.7898,-0.0034,-0.1506,0.3606
/kaggle/input/datasets/duc24kdl/sub-x-ray/sub_X-Ray/sub_NIH/00001796_005.png,,sub_NIH,00001796_005.png,ok,512x512 -> 1024x1024,2,1,319.28,34.116,25.204775,5.020436,0.988,0.9985,0.0487,6.636,30.4303,58.890593,7.674021,0.9828,0.9961,0.1292,0.1292,0.1292,6.2517,194.4392,50.4789,194.4392,50.4789,0.2292,30.4303,0.9828,58.890593,7.674021,-3.6856,-0.0024,-0.0805,0.3843
/kaggle/input/datasets/duc24kdl/sub-x-ray/sub_X-Ray/sub_NIH/00001796_008.png,,sub_NIH,00001796_008.png,ok,512x512 -> 1024x1024,2,1,318.86,36.748,13.749334,3.708009,0.9844,0.9982,0.0584,6.7095,34.2652,24.353636,4.93494,0.9764,0.9958,0.1539,0.1539,0.1539,6.1399,162.9186,71.4553,162.9186,71.4553,0.1592,34.2652,0.9764,24.353636,4.93494,-2.4828,-0.0024,-0.0955,0.5695
/kaggle/input/datasets/duc24kdl/sub-x-ray/sub_X-Ray/sub_NIH/00001799_000.png,,sub_NIH,00001799_000.png,ok,512x512 -> 1024x1024,2,1,319.58,37.7276,10.972789,3.31252,0.9846,0.9982,0.0637,6.7326,35.4049,18.732151,4.328066,0.9741,0.9957,0.1638,0.1638,0.1638,6.3838,161.1168,60.6072,161.1168,60.6072,0.2475,35.4049,0.9741,18.732151,4.328066,-2.3227,-0.0025,-0.1001,0.3488
/kaggle/input/datasets/duc24kdl/sub-x-ray/sub_X-Ray/sub_NIH/00001800_000.png,,sub_NIH,00001800_000.png,ok,512x512 -> 1024x1024,2,1,319.35,36.9707,13.061879,3.614122,0.985,0.9982,0.0653,6.6869,34.7925,21.56879,4.644221,0.9794,0.9964,0.172,0.172,0.172,6.8695,168.0069,55.8711,168.0069,55.8711,0.1401,34.7925,0.9794,21.56879,4.644221,-2.1782,-0.0019,-0.1067,-0.1826
/kaggle/input/datasets/duc24kdl/sub-x-ray/sub_X-Ray/sub_NIH/00001803_005.png,,sub_NIH,00001803_005.png,ok,512x512 -> 1024x1024,2,1,320.21,36.4527,14.716559,3.836217,0.9844,0.9981,0.0801,8.4208,34.2414,24.487148,4.948449,0.9786,0.9955,0.2012,0.2012,0.2012,7.7748,111.9552,49.9567,111.9552,49.9567,0.2731,34.2414,0.9786,24.487148,4.948449,-2.2113,-0.0026,-0.1211,0.646
/kaggle/input/datasets/duc24kdl/sub-x-ray/sub_X-Ray/sub_NIH/00001803_006.png,,sub_NIH,00001803_006.png,ok,512x512 -> 1024x1024,2,1,320.51,40.5234,5.764168,2.400868,0.9535,0.9959,0.1622,6.7338,38.6583,8.856313,2.975956,0.9349,0.9917,0.3168,0.3168,0.3168,6.9444,126.7468,65.485,126.7468,65.485,0.156,38.6583,0.9349,8.856313,2.975956,-1.8652,-0.0042,-0.1547,-0.2106
/kaggle/input/datasets/duc24kdl/sub-x-ray/sub_X-Ray/sub_NIH/00001804_000.png,,sub_NIH,00001804_000.png,ok,512x512 -> 1024x1024,2,1,319.1,43.7689,2.730196,1.65233,0.9885,0.9986,0.0393,6.995,39.7646,6.864635,2.620045,0.9823,0.9965,0.1095,0.1095,0.1095,6.3578,170.7969,58.4387,170.7969,58.4387,0.5163,39.7646,0.9823,6.864635,2.620045,-4.0042,-0.002,-0.0702,0.6372
/kaggle/input/datasets/duc24kdl/sub-x-ray/sub_X-Ray/sub_NIH/00001806_004.png,,sub_NIH,00001806_004.png,ok,512x512 -> 1024x1024,2,1,319.21,42.6021,3.571658,1.889883,0.9637,0.9967,0.1425,6.8483,40.2903,6.082088,2.466189,0.9507,0.9933,0.2889,0.2889,0.2889,6.653,141.453,65.0124,141.453,65.0124,0.1573,40.2903,0.9507,6.082088,2.466189,-2.3118,-0.0034,-0.1464,0.1953
/kaggle/input/datasets/duc24kdl/sub-x-ray/sub_X-Ray/sub_NIH/00001809_002.png,,sub_NIH,00001809_002.png,ok,512x512 -> 1024x1024,2,1,320.02,41.7668,4.329128,2.080656,0.9559,0.9961,0.1596,6.8264,39.6419,7.061326,2.657316,0.9405,0.9923,0.3155,0.3155,0.3155,6.664,135.522,63.4297,135.522,63.4297,0.1403,39.6419,0.9405,7.061326,2.657316,-2.1249,-0.0038,-0.1559,0.1624
/kaggle/input/datasets/duc24kdl/sub-x-ray/sub_X-Ray/sub_NIH/00001809_003.png,,sub_NIH,00001809_003.png,ok,512x512 -> 1024x1024,2,1,318.8,40.7546,5.465345,2.337808,0.9506,0.9956,0.1665,6.5563,38.4053,9.387591,3.063918,0.9305,0.9911,0.3267,0.3267,0.3267,6.6481,130.612,67.848,130.612,67.848,0.128,38.4053,0.9305,9.387591,3.063918,-2.3494,-0.0045,-0.1602,-0.0918
/kaggle/input/datasets/duc24kdl/sub-x-ray/sub_X-Ray/sub_NIH/00001809_005.png,,sub_NIH,00001809_005.png,ok,512x512 -> 1024x1024,2,1,319.03,40.324,6.035061,2.456636,0.9549,0.996,0.1523,6.2534,38.6469,8.879628,2.97987,0.9327,0.9918,0.2959,0.2959,0.2959,6.8216,116.8145,69.3916,116.8145,69.3916,0.1686,38.6469,0.9327,8.879628,2.97987,-1.6771,-0.0042,-0.1436,-0.5682
/kaggle/input/datasets/duc24kdl/sub-x-ray/sub_X-Ray/sub_NIH/00001814_004.png,,sub_NIH,00001814_004.png,ok,512x512 -> 1024x1024,2,1,316.93,39.4101,7.448584,2.729209,0.9872,0.9985,0.0636,7.0186,37.7335,10.958001,3.310287,0.9648,0.9963,0.1465,0.1465,0.1465,6.8925,112.7327,76.5476,112.7327,76.5476,0.438,37.7335,0.9648,10.958001,3.310287,-1.6766,-0.0023,-0.0829,0.1261
/kaggle/input/datasets/duc24kdl/sub-x-ray/sub_X-Ray/sub_NIH/00001818_003.png,,sub_NIH,00001818_003.png,ok,512x512 -> 1024x1024,2,1,319.22,42.5723,3.596256,1.89638,0.9674,0.9971,0.1172,6.2679,39.7443,6.896831,2.626182,0.9512,0.9934,0.2462,0.2462,0.2462,6.4673,100.7872,71.981,100.7872,71.981,0.1964,39.7443,0.9512,6.896831,2.626182,-2.828,-0.0036,-0.129,-0.1994
/kaggle/input/datasets/duc24kdl/sub-x-ray/sub_X-Ray/sub_NIH/00001819_002.png,,sub_NIH,00001819_002.png,ok,512x512 -> 1024x1024,2,1,320.0,37.8146,10.755276,3.279524,0.9781,0.9977,0.0738,6.493,36.4206,14.82597,3.850451,0.9593,0.994,0.1703,0.1703,0.1703,6.084,156.5055,71.6029,156.5055,71.6029,0.6456,36.4206,0.9593,14.82597,3.850451,-1.394,-0.0037,-0.0965,0.409
/kaggle/input/datasets/duc24kdl/sub-x-ray/sub_X-Ray/sub_NIH/00001819_004.png,,sub_NIH,00001819_004.png,ok,512x512 -> 1024x1024,2,1,321.66,43.1869,3.121662,1.766823,0.9764,0.9975,0.0964,6.8527,37.3336,12.014897,3.466251,0.9654,0.9947,0.2154,0.2154,0.2154,6.1066,134.6002,50.8193,134.6002,50.8193,0.1718,37.3336,0.9654,12.014897,3.466251,-5.8533,-0.0029,-0.119,0.7461
/kaggle/input/datasets/duc24kdl/sub-x-ray/sub_X-Ray/sub_NIH/00001819_006.png,,sub_NIH,00001819_006.png,ok,512x512 -> 1024x1024,2,1,321.44,39.4001,7.465644,2.732333,0.9853,0.9982,0.0735,7.1502,36.5644,14.342863,3.787197,0.9801,0.9968,0.1826,0.1826,0.1826,6.708,136.1774,38.98,136.1774,38.98,0.1464,36.5644,0.9801,14.342863,3.787197,-2.8357,-0.0014,-0.1091,0.4421
/kaggle/input/datasets/duc24kdl/sub-x-ray/sub_X-Ray/sub_NIH/00001820_003.png,,sub_NIH,00001820_003.png,ok,512x512 -> 1024x1024,2,1,320.7,39.2202,7.781534,2.78954,0.9873,0.9984,0.0636,7.3365,36.0279,16.229082,4.028534,0.9812,0.9969,0.1616,0.1616,0.1616,6.7817,139.2179,48.8645,139.2179,48.8645,0.1361,36.0279,0.9812,16.229082,4.028534,-3.1923,-0.0015,-0.0979,0.5548
/kaggle/input/datasets/duc24kdl/sub-x-ray/sub_X-Ray/sub_NIH/00001820_005.png,,sub_NIH,00001820_005.png,ok,512x512 -> 1024x1024,2,1,321.67,37.6495,11.171893,3.342438,0.9843,0.9983,0.0635,6.5719,34.8768,21.1543,4.59938,0.9764,0.9959,0.1706,0.1706,0.1706,6.4224,158.6519,59.4207,158.6519,59.4207,0.0938,34.8768,0.9764,21.1543,4.59938,-2.7727,-0.0023,-0.1071,0.1495
/kaggle/input/datasets/duc24kdl/sub-x-ray/sub_X-Ray/sub_NIH/00001821_000.png,,sub_NIH,00001821_000.png,ok,512x512 -> 1024x1024,2,1,321.39,40.7179,5.511812,2.347725,0.9552,0.996,0.1596,6.7217,39.2776,7.679196,2.771136,0.9383,0.9917,0.3155,0.3155,0.3155,6.9039,111.6818,62.3374,111.6818,62.3374,0.2049,39.2776,0.9383,7.679196,2.771136,-1.4402,-0.0042,-0.156,-0.1823
/kaggle/input/datasets/duc24kdl/sub-x-ray/sub_X-Ray/sub_NIH/00001823_000.png,,sub_NIH,00001823_000.png,ok,512x512 -> 1024x1024,2,1,320.18,37.2169,12.342227,3.513151,0.9854,0.9982,0.0582,6.9695,35.3111,19.141432,4.375092,0.9769,0.9958,0.1503,0.1503,0.1503,6.4374,160.7709,66.5878,160.7709,66.5878,0.3599,35.3111,0.9769,19.141432,4.375092,-1.9058,-0.0024,-0.0921,0.5322
/kaggle/input/datasets/duc24kdl/sub-x-ray/sub_X-Ray/sub_NIH/00001829_000.png,,sub_NIH,00001829_000.png,ok,512x512 -> 1024x1024,2,1,319.74,37.9996,10.306688,3.210403,0.9859,0.9984,0.0542,6.8604,36.0417,16.177601,4.022139,0.9793,0.9965,0.1459,0.1459,0.1459,6.4086,158.752,64.4392,158.752,64.4392,0.1969,36.0417,0.9793,16.177601,4.022139,-1.958,-0.0019,-0.0917,0.4518
/kaggle/input/datasets/duc24kdl/sub-x-ray/sub_X-Ray/sub_NIH/00001832_000.png,,sub_NIH,00001832_000.png,ok,512x512 -> 1024x1024,2,1,319.52,38.1454,9.96645,3.156968,0.9851,0.9983,0.0695,6.9254,36.0316,16.215298,4.026822,0.9787,0.9965,0.179,0.179,0.179,6.7691,161.7194,50.9986,161.7194,50.9986,0.13,36.0316,0.9787,16.215298,4.026822,-2.1138,-0.0018,-0.1095,0.1563
/kaggle/input/datasets/duc24kdl/sub-x-ray/sub_X-Ray/sub_NIH/00001833_003.png,,sub_NIH,00001833_003.png,ok,512x512 -> 1024x1024,2,1,321.7,38.0901,10.094224,3.177141,0.9865,0.9984,0.0618,7.4815,36.0376,16.192864,4.024036,0.9824,0.9972,0.1548,0.1548,0.1548,6.9204,161.1245,45.3148,161.1245,45.3148,0.1324,36.0376,0.9824,16.192864,4.024036,-2.0525,-0.0012,-0.093,0.5611
/kaggle/input/datasets/duc24kdl/sub-x-ray/sub_X-Ray/sub_NIH/00001833_004.png,,sub_NIH,00001833_004.png,ok,512x512 -> 1024x1024,2,1,321.44,39.105,7.990674,2.826778,0.9875,0.9984,0.0588,7.6053,36.9789,13.037298,3.61072,0.9832,0.9972,0.1475,0.1475,0.1475,7.1816,150.9997,50.6036,150.9997,50.6036,0.1349,36.9789,0.9832,13.037298,3.61072,-2.126,-0.0012,-0.0887,0.4237
/kaggle/input/datasets/duc24kdl/sub-x-ray/sub_X-Ray/sub_NIH/00001833_013.png,,sub_NIH,00001833_013.png,ok,512x512 -> 1024x1024,2,1,323.59,42.7751,3.432156,1.852608,0.9637,0.9967,0.142,6.6339,40.4287,5.891344,2.427209,0.9508,0.9932,0.2825,0.2825,0.2825,6.6377,122.0117,65.8515,122.0117,65.8515,0.1702,40.4287,0.9508,5.891344,2.427209,-2.3465,-0.0034,-0.1405,-0.0038
/kaggle/input/datasets/duc24kdl/sub-x-ray/sub_X-Ray/sub_NIH/00001836_003.png,,sub_NIH,00001836_003.png,ok,512x512 -> 1024x1024,2,1,319.39,36.5698,14.325083,3.784849,0.9826,0.998,0.0827,6.5579,33.6249,28.222371,5.312473,0.971,0.9947,0.2054,0.2054,0.2054,6.5075,113.4247,59.6337,113.4247,59.6337,0.2269,33.6249,0.971,28.222371,5.312473,-2.945,-0.0033,-0.1227,0.0504
/kaggle/input/datasets/duc24kdl/sub-x-ray/sub_X-Ray/sub_NIH/00001836_008.png,,sub_NIH,00001836_008.png,ok,512x512 -> 1024x1024,2,1,321.19,37.2422,12.270324,3.502902,0.9802,0.9977,0.0675,5.8349,34.5719,22.692944,4.763711,0.9697,0.9943,0.1612,0.1612,0.1612,5.7919,150.9648,60.5076,150.9648,60.5076,0.2788,34.5719,0.9697,22.692944,4.763711,-2.6703,-0.0034,-0.0937,0.043
/kaggle/input/datasets/duc24kdl/sub-x-ray/sub_X-Ray/sub_NIH/00001836_013.png,,sub_NIH,00001836_013.png,ok,512x512 -> 1024x1024,2,1,322.0,39.2138,7.792882,2.791573,0.9832,0.998,0.0798,6.9251,37.135,12.576996,3.546406,0.9749,0.9958,0.1907,0.1907,0.1907,6.7327,111.1647,50.6437,111.1647,50.6437,0.2878,37.135,0.9749,12.576996,3.546406,-2.0788,-0.0023,-0.1108,0.1924
/kaggle/input/datasets/duc24kdl/sub-x-ray/sub_X-Ray/sub_NIH/00001836_015.png,,sub_NIH,00001836_015.png,ok,512x512 -> 1024x1024,2,1,321.57,36.1943,15.619063,3.952096,0.9821,0.9979,0.0819,5.8744,34.1974,24.736709,4.973601,0.9671,0.9947,0.1851,0.1851,0.1851,6.3371,108.6232,55.2359,108.6232,55.2359,0.3583,34.1974,0.9671,24.736709,4.973601,-1.9969,-0.0031,-0.1032,-0.4628
/kaggle/input/datasets/duc24kdl/sub-x-ray/sub_X-Ray/sub_NIH/00001836_027.png,,sub_NIH,00001836_027.png,ok,512x512 -> 1024x1024,2,1,320.72,38.6687,8.835067,2.972384,0.9813,0.9979,0.0818,6.5835,36.5092,14.526369,3.811347,0.9723,0.9954,0.1861,0.1861,0.1861,6.5544,115.4752,49.6462,115.4752,49.6462,0.2833,36.5092,0.9723,14.526369,3.811347,-2.1595,-0.0025,-0.1043,0.0291
/kaggle/input/datasets/duc24kdl/sub-x-ray/sub_X-Ray/sub_NIH/00001836_035.png,,sub_NIH,00001836_035.png,ok,512x512 -> 1024x1024,2,1,320.72,39.0288,8.132016,2.851669,0.9822,0.998,0.0794,6.3665,37.0024,12.96699,3.600971,0.9729,0.9954,0.1885,0.1885,0.1885,6.4171,109.7582,48.0158,109.7582,48.0158,0.3014,37.0024,0.9729,12.96699,3.600971,-2.0264,-0.0025,-0.1091,-0.0506
/kaggle/input/datasets/duc24kdl/sub-x-ray/sub_X-Ray/sub_NIH/00001836_042.png,,sub_NIH,00001836_042.png,ok,512x512 -> 1024x1024,2,1,320.38,34.987,20.624386,4.541408,0.9838,0.9981,0.0758,6.1666,32.4545,36.951627,6.078785,0.968,0.9949,0.1767,0.1767,0.1767,6.293,106.0702,59.1114,106.0702,59.1114,0.3436,32.4545,0.968,36.951627,6.078785,-2.5325,-0.0032,-0.1009,-0.1264
/kaggle/input/datasets/duc24kdl/sub-x-ray/sub_X-Ray/sub_NIH/00001836_043.png,,sub_NIH,00001836_043.png,ok,512x512 -> 1024x1024,2,1,320.87,37.1197,12.621503,3.552676,0.9813,0.9979,0.0827,6.0609,35.0229,20.454515,4.522667,0.9704,0.9951,0.1869,0.1869,0.1869,6.1691,108.8659,49.5769,108.8659,49.5769,0.3763,35.0229,0.9704,20.454515,4.522667,-2.0968,-0.0028,-0.1041,-0.1082
/kaggle/input/datasets/duc24kdl/sub-x-ray/sub_X-Ray/sub_NIH/00001836_046.png,,sub_NIH,00001836_046.png,ok,512x512 -> 1024x1024,2,1,320.56,39.4653,7.35438,2.711896,0.9837,0.9981,0.076,6.8753,37.4796,11.617785,3.408487,0.9751,0.9953,0.1832,0.1832,0.1832,6.8185,113.537,51.6702,113.537,51.6702,0.3106,37.4796,0.9751,11.617785,3.408487,-1.9858,-0.0028,-0.1072,0.0568
/kaggle/input/datasets/duc24kdl/sub-x-ray/sub_X-Ray/sub_NIH/00001836_049.png,,sub_NIH,00001836_049.png,ok,512x512 -> 1024x1024,2,1,321.24,40.4575,5.85234,2.419161,0.9831,0.9981,0.0792,6.4024,38.2582,9.711001,3.116248,0.9738,0.9957,0.1824,0.1824,0.1824,6.8013,109.9006,49.3468,109.9006,49.3468,0.1934,38.2582,0.9738,9.711001,3.116248,-2.1993,-0.0024,-0.1031,-0.3989
/kaggle/input/datasets/duc24kdl/sub-x-ray/sub_X-Ray/sub_NIH/00001836_053.png,,sub_NIH,00001836_053.png,ok,512x512 -> 1024x1024,2,1,320.66,38.3032,9.610771,3.100124,0.9822,0.998,0.0809,6.3872,36.0803,16.034271,4.004282,0.9649,0.995,0.1802,0.1802,0.1802,6.4057,99.4892,57.4649,99.4892,57.4649,0.3248,36.0803,0.9649,16.034271,4.004282,-2.2229,-0.003,-0.0993,-0.0185
/kaggle/input/datasets/duc24kdl/sub-x-ray/sub_X-Ray/sub_NIH/00001836_055.png,,sub_NIH,00001836_055.png,ok,512x512 -> 1024x1024,2,1,320.95,39.1143,7.973515,2.823741,0.9786,0.9977,0.085,6.1767,36.8824,13.330457,3.65109,0.9611,0.9942,0.1875,0.1875,0.1875,6.2645,104.7272,57.6781,104.7272,57.6781,0.2669,36.8824,0.9611,13.330457,3.65109,-2.232,-0.0035,-0.1026,-0.0877
/kaggle/input/datasets/duc24kdl/sub-x-ray/sub_X-Ray/sub_NIH/00001836_060.png,,sub_NIH,00001836_060.png,ok,512x512 -> 1024x1024,2,1,321.26,37.6227,11.241094,3.352774,0.9822,0.998,0.0803,6.4572,35.5626,18.064262,4.250207,0.9728,0.9955,0.1827,0.1827,0.1827,6.5835,100.4442,52.6342,100.4442,52.6342,0.341,35.5626,0.9728,18.064262,4.250207,-2.0601,-0.0024,-0.1024,-0.1263
/kaggle/input/datasets/duc24kdl/sub-x-ray/sub_X-Ray/sub_NIH/00001836_067.png,,sub_NIH,00001836_067.png,ok,512x512 -> 1024x1024,2,1,321.95,40.5807,5.688644,2.385088,0.9834,0.9981,0.0747,6.5139,38.5082,9.167755,3.02783,0.9755,0.9959,0.1753,0.1753,0.1753,6.6448,110.5254,53.8482,110.5254,53.8482,0.1958,38.5082,0.9755,9.167755,3.02783,-2.0725,-0.0022,-0.1007,-0.1309
/kaggle/input/datasets/duc24kdl/sub-x-ray/sub_X-Ray/sub_NIH/00001836_073.png,,sub_NIH,00001836_073.png,ok,512x512 -> 1024x1024,2,1,320.05,37.4895,11.591279,3.404597,0.9836,0.9981,0.0772,6.25,35.4622,18.486748,4.299622,0.9747,0.9955,0.1814,0.1814,0.1814,6.2375,115.6955,55.1321,115.6955,55.1321,0.3311,35.4622,0.9747,18.486748,4.299622,-2.0273,-0.0026,-0.1041,0.0125
/kaggle/input/datasets/duc24kdl/sub-x-ray/sub_X-Ray/sub_NIH/00001836_074.png,,sub_NIH,00001836_074.png,ok,512x512 -> 1024x1024,2,1,321.64,36.7186,13.842565,3.72056,0.9826,0.998,0.0728,6.6136,34.3257,24.016417,4.900655,0.973,0.9953,0.1774,0.1774,0.1774,6.6733,114.1806,53.3356,114.1806,53.3356,0.2992,34.3257,0.973,24.016417,4.900655,-2.3929,-0.0027,-0.1046,-0.0596
/kaggle/input/datasets/duc24kdl/sub-x-ray/sub_X-Ray/sub_NIH/00001836_092.png,,sub_NIH,00001836_092.png,ok,512x512 -> 1024x1024,2,1,321.53,39.1257,7.952586,2.820033,0.9831,0.9981,0.0751,6.4369,37.2683,12.196814,3.492394,0.974,0.9953,0.181,0.181,0.181,6.4279,106.271,57.9227,106.271,57.9227,0.3056,37.2683,0.974,12.196814,3.492394,-1.8574,-0.0027,-0.1058,0.009
/kaggle/input/datasets/duc24kdl/sub-x-ray/sub_X-Ray/sub_NIH/00001836_105.png,,sub_NIH,00001836_105.png,ok,512x512 -> 1024x1024,2,1,320.69,36.9656,13.077386,3.616267,0.9796,0.9979,0.0863,6.0718,34.9068,21.008844,4.583541,0.9567,0.9945,0.1877,0.1877,0.1877,6.2297,105.9815,59.2561,105.9815,59.2561,0.3658,34.9068,0.9567,21.008844,4.583541,-2.0588,-0.0034,-0.1014,-0.1579
/kaggle/input/datasets/duc24kdl/sub-x-ray/sub_X-Ray/sub_NIH/00001836_106.png,,sub_NIH,00001836_106.png,ok,512x512 -> 1024x1024,2,1,319.3,38.6585,8.855903,2.975887,0.9814,0.9979,0.0805,6.169,36.4946,14.575267,3.817757,0.9717,0.9953,0.1847,0.1847,0.1847,6.3056,115.623,48.3172,115.623,48.3172,0.2822,36.4946,0.9717,14.575267,3.817757,-2.1638,-0.0026,-0.1042,-0.1366
/kaggle/input/datasets/duc24kdl/sub-x-ray/sub_X-Ray/sub_NIH/00001836_107.png,,sub_NIH,00001836_107.png,ok,512x512 -> 1024x1024,2,1,321.3,39.9689,6.549231,2.559147,0.9826,0.998,0.0781,6.3892,36.081,16.031665,4.003956,0.9731,0.9956,0.1877,0.1877,0.1877,6.5137,110.5983,47.6386,110.5983,47.6386,0.264,36.081,0.9731,16.031665,4.003956,-3.8879,-0.0025,-0.1096,-0.1245
/kaggle/input/datasets/duc24kdl/sub-x-ray/sub_X-Ray/sub_NIH/00001836_118.png,,sub_NIH,00001836_118.png,ok,512x512 -> 1024x1024,2,1,318.69,38.2912,9.637417,3.104419,0.9828,0.998,0.0738,6.1006,36.1215,15.883087,3.985359,0.9735,0.9954,0.1808,0.1808,0.1808,6.1952,112.1035,55.1515,112.1035,55.1515,0.2549,36.1215,0.9735,15.883087,3.985359,-2.1697,-0.0026,-0.107,-0.0946
/kaggle/input/datasets/duc24kdl/sub-x-ray/sub_X-Ray/sub_NIH/00001836_122.png,,sub_NIH,00001836_122.png,ok,512x512 -> 1024x1024,2,1,322.09,37.9866,10.337685,3.215227,0.9819,0.998,0.0802,6.2469,35.6899,17.542429,4.188368,0.9717,0.9954,0.1887,0.1887,0.1887,6.3174,106.7874,49.1882,106.7874,49.1882,0.2384,35.6899,0.9717,17.542429,4.188368,-2.2967,-0.0026,-0.1084,-0.0705
/kaggle/input/datasets/duc24kdl/sub-x-ray/sub_X-Ray/sub_NIH/00001836_123.png,,sub_NIH,00001836_123.png,ok,512x512 -> 1024x1024,2,1,323.0,36.3463,15.081714,3.883518,0.9804,0.9978,0.0824,6.1134,33.8964,26.511818,5.148963,0.9661,0.9946,0.1989,0.1989,0.1989,6.1124,111.0131,51.4566,111.0131,51.4566,0.2667,33.8964,0.9661,26.511818,5.148963,-2.4499,-0.0033,-0.1165,0.001
/kaggle/input/datasets/duc24kdl/sub-x-ray/sub_X-Ray/sub_NIH/00001836_126.png,,sub_NIH,00001836_126.png,ok,512x512 -> 1024x1024,2,1,319.21,36.5307,14.454604,3.801921,0.9804,0.9978,0.0853,6.117,34.6768,22.151452,4.706533,0.9693,0.9947,0.1978,0.1978,0.1978,6.045,111.0981,52.466,111.0981,52.466,0.3996,34.6768,0.9693,22.151452,4.706533,-1.854,-0.0031,-0.1125,0.072
/kaggle/input/datasets/duc24kdl/sub-x-ray/sub_X-Ray/sub_NIH/00001837_000.png,,sub_NIH,00001837_000.png,ok,512x512 -> 1024x1024,2,1,321.67,44.3875,2.367695,1.538732,0.9832,0.9981,0.065,6.5238,41.7876,4.308421,2.075674,0.9738,0.9953,0.1701,0.1701,0.1701,6.1472,173.9754,48.7469,173.9754,48.7469,0.396,41.7876,0.9738,4.308421,2.075674,-2.5999,-0.0028,-0.1051,0.3766
/kaggle/input/datasets/duc24kdl/sub-x-ray/sub_X-Ray/sub_NIH/00001839_002.png,,sub_NIH,00001839_002.png,ok,512x512 -> 1024x1024,2,1,322.15,42.3679,3.769586,1.941542,0.9628,0.9966,0.1366,6.7082,39.64,7.064479,2.657909,0.9436,0.9929,0.278,0.278,0.278,6.8838,115.4464,68.6202,115.4464,68.6202,0.1407,39.64,0.9436,7.064479,2.657909,-2.7279,-0.0038,-0.1414,-0.1756
/kaggle/input/datasets/duc24kdl/sub-x-ray/sub_X-Ray/sub_NIH/00001841_000.png,,sub_NIH,00001841_000.png,ok,512x512 -> 1024x1024,2,1,319.13,36.3787,14.969654,3.869064,0.9851,0.9982,0.0704,6.7925,33.9684,26.07589,5.106456,0.972,0.9953,0.1757,0.1757,0.1757,6.5499,113.1322,54.0542,113.1322,54.0542,0.3274,33.9684,0.972,26.07589,5.106456,-2.4103,-0.0029,-0.1053,0.2426
/kaggle/input/datasets/duc24kdl/sub-x-ray/sub_X-Ray/sub_NIH/00001845_001.png,,sub_NIH,00001845_001.png,ok,512x512 -> 1024x1024,2,1,319.8,39.1007,7.998499,2.828162,0.9829,0.9981,0.0883,7.5815,37.3964,11.842312,3.441266,0.9784,0.9967,0.2168,0.2168,0.2168,7.1217,140.865,36.8054,140.865,36.8054,0.1214,37.3964,0.9784,11.842312,3.441266,-1.7043,-0.0014,-0.1284,0.4598
/kaggle/input/datasets/duc24kdl/sub-x-ray/sub_X-Ray/sub_NIH/00001847_003.png,,sub_NIH,00001847_003.png,ok,512x512 -> 1024x1024,2,1,318.47,39.3426,7.565226,2.750496,0.9856,0.9984,0.0599,6.5248,37.9925,10.323581,3.213033,0.9768,0.996,0.1371,0.1371,0.1371,6.1799,130.8957,74.661,130.8957,74.661,0.5265,37.9925,0.9768,10.323581,3.213033,-1.3501,-0.0023,-0.0772,0.3449
/kaggle/input/datasets/duc24kdl/sub-x-ray/sub_X-Ray/sub_NIH/00001847_004.png,,sub_NIH,00001847_004.png,ok,512x512 -> 1024x1024,2,1,319.9,38.1324,9.996277,3.161689,0.9853,0.9984,0.0662,6.6547,36.4916,14.58549,3.819095,0.975,0.9968,0.1474,0.1474,0.1474,6.5395,146.3743,58.539,146.3743,58.539,0.1875,36.4916,0.975,14.58549,3.819095,-1.6408,-0.0016,-0.0812,0.1152
/kaggle/input/datasets/duc24kdl/sub-x-ray/sub_X-Ray/sub_NIH/00001847_006.png,,sub_NIH,00001847_006.png,ok,512x512 -> 1024x1024,2,1,320.16,39.1634,7.883925,2.807833,0.9887,0.9985,0.0535,7.2845,37.0043,12.961438,3.6002,0.9843,0.9973,0.1328,0.1328,0.1328,6.7948,150.9459,55.3149,150.9459,55.3149,0.14,37.0043,0.9843,12.961438,3.6002,-2.1591,-0.0012,-0.0793,0.4896
/kaggle/input/datasets/duc24kdl/sub-x-ray/sub_X-Ray/sub_NIH/00001847_007.png,,sub_NIH,00001847_007.png,ok,512x512 -> 1024x1024,2,1,321.42,38.6757,8.820803,2.969984,0.9866,0.9984,0.056,7.3495,36.5539,14.377779,3.791804,0.9817,0.9971,0.1336,0.1336,0.1336,6.6497,151.2032,52.4611,151.2032,52.4611,0.1587,36.5539,0.9817,14.377779,3.791804,-2.1218,-0.0014,-0.0775,0.6998
/kaggle/input/datasets/duc24kdl/sub-x-ray/sub_X-Ray/sub_NIH/00001851_003.png,,sub_NIH,00001851_003.png,ok,512x512 -> 1024x1024,2,1,319.36,36.7911,13.613417,3.689636,0.9773,0.9976,0.1093,7.1154,35.0173,20.480911,4.525584,0.9698,0.9954,0.2415,0.2415,0.2415,6.9227,122.7533,44.9051,122.7533,44.9051,0.3648,35.0173,0.9698,20.480911,4.525584,-1.7738,-0.0022,-0.1322,0.1926
/kaggle/input/datasets/duc24kdl/sub-x-ray/sub_X-Ray/sub_NIH/00001854_000.png,,sub_NIH,00001854_000.png,ok,512x512 -> 1024x1024,2,1,315.84,37.1018,12.67352,3.559989,0.9857,0.9985,0.0669,6.0178,35.2926,19.222782,4.384379,0.947,0.9955,0.1316,0.1316,0.1316,7.1115,64.3983,72.8187,64.3983,72.8187,0.5281,35.2926,0.947,19.222782,4.384379,-1.8092,-0.003,-0.0647,-1.0938
/kaggle/input/datasets/duc24kdl/sub-x-ray/sub_X-Ray/sub_NIH/00001855_001.png,,sub_NIH,00001855_001.png,ok,512x512 -> 1024x1024,2,1,312.56,39.7324,6.91583,2.629797,0.9892,0.9988,0.051,6.3447,38.1807,9.88577,3.144164,0.95,0.9955,0.1041,0.1041,0.1041,6.9022,79.1448,83.4906,79.1448,83.4906,0.5497,38.1807,0.95,9.88577,3.144164,-1.5517,-0.0033,-0.053,-0.5574
/kaggle/input/datasets/duc24kdl/sub-x-ray/sub_X-Ray/sub_NIH/00001855_004.png,,sub_NIH,00001855_004.png,ok,512x512 -> 1024x1024,2,1,322.87,46.8845,1.3324,1.154296,0.9888,0.9986,0.0393,6.8469,38.2207,9.795219,3.129732,0.983,0.9961,0.1216,0.1216,0.1216,6.7319,164.3346,74.0604,164.3346,74.0604,0.2914,38.2207,0.983,9.795219,3.129732,-8.6638,-0.0025,-0.0823,0.115
/kaggle/input/datasets/duc24kdl/sub-x-ray/sub_X-Ray/sub_NIH/00001855_012.png,,sub_NIH,00001855_012.png,ok,512x512 -> 1024x1024,2,1,315.89,38.6553,8.862288,2.97696,0.989,0.9987,0.0465,6.1592,36.548,14.3972,3.794364,0.9588,0.9958,0.1048,0.1048,0.1048,6.2726,90.7957,82.4099,90.7957,82.4099,0.3799,36.548,0.9588,14.3972,3.794364,-2.1073,-0.0029,-0.0583,-0.1134
/kaggle/input/datasets/duc24kdl/sub-x-ray/sub_X-Ray/sub_NIH/00001855_013.png,,sub_NIH,00001855_013.png,ok,512x512 -> 1024x1024,2,1,315.5,39.929,6.609753,2.570944,0.9878,0.9985,0.0508,6.841,37.784,10.831406,3.29111,0.9575,0.9962,0.1221,0.1221,0.1221,6.7573,99.3451,86.6519,99.3451,86.6519,0.545,37.784,0.9575,10.831406,3.29111,-2.145,-0.0023,-0.0713,0.0837
/kaggle/input/datasets/duc24kdl/sub-x-ray/sub_X-Ray/sub_NIH/00001855_015.png,,sub_NIH,00001855_015.png,ok,512x512 -> 1024x1024,2,1,317.45,39.6358,7.071346,2.6592,0.9903,0.9987,0.0425,7.4907,37.5105,11.535318,3.396368,0.9777,0.9968,0.0952,0.0952,0.0952,7.2492,107.0855,82.6735,107.0855,82.6735,0.568,37.5105,0.9777,11.535318,3.396368,-2.1253,-0.0019,-0.0527,0.2415
/kaggle/input/datasets/duc24kdl/sub-x-ray/sub_X-Ray/sub_NIH/00001855_024.png,,sub_NIH,00001855_024.png,ok,512x512 -> 1024x1024,2,1,321.3,38.2031,9.834893,3.136063,0.9887,0.9986,0.047,7.6913,35.9085,16.681485,4.084297,0.9825,0.997,0.1091,0.1091,0.1091,7.2073,131.5392,70.2044,131.5392,70.2044,0.2442,35.9085,0.9825,16.681485,4.084297,-2.2947,-0.0016,-0.0621,0.484
/kaggle/input/datasets/duc24kdl/sub-x-ray/sub_X-Ray/sub_NIH/00001855_026.png,,sub_NIH,00001855_026.png,ok,512x512 -> 1024x1024,2,1,316.3,40.0461,6.433792,2.536492,0.9909,0.9988,0.0397,7.3998,38.1555,9.943381,3.153313,0.9848,0.9973,0.0904,0.0904,0.0904,7.1507,103.6638,85.7726,103.6638,85.7726,0.3528,38.1555,0.9848,9.943381,3.153313,-1.8907,-0.0015,-0.0507,0.249
/kaggle/input/datasets/duc24kdl/sub-x-ray/sub_X-Ray/sub_NIH/00001855_029.png,,sub_NIH,00001855_029.png,ok,512x512 -> 1024x1024,2,1,319.43,37.3311,12.021794,3.467246,0.9863,0.9984,0.0536,6.391,34.8061,21.501532,4.636974,0.9781,0.9956,0.1543,0.1543,0.1543,6.4111,127.7374,70.6677,127.7374,70.6677,0.2341,34.8061,0.9781,21.501532,4.636974,-2.525,-0.0027,-0.1007,-0.0201
/kaggle/input/datasets/duc24kdl/sub-x-ray/sub_X-Ray/sub_NIH/00001857_000.png,,sub_NIH,00001857_000.png,ok,512x512 -> 1024x1024,2,1,320.88,43.8019,2.709527,1.646064,0.985,0.9982,0.0508,6.633,42.0199,4.084036,2.0209,0.9784,0.9964,0.1396,0.1396,0.1396,6.1634,168.7238,43.6454,168.7238,43.6454,0.2243,42.0199,0.9784,4.084036,2.0209,-1.782,-0.0018,-0.0888,0.4696
/kaggle/input/datasets/duc24kdl/sub-x-ray/sub_X-Ray/sub_NIH/00001857_001.png,,sub_NIH,00001857_001.png,ok,512x512 -> 1024x1024,2,1,320.86,48.4803,0.922672,0.960558,0.988,0.9984,0.0525,8.2036,45.5478,1.812607,1.346331,0.9856,0.9974,0.142,0.142,0.142,7.1109,169.2526,34.0524,169.2526,34.0524,0.1554,45.5478,0.9856,1.812607,1.346331,-2.9326,-0.001,-0.0895,1.0927
/kaggle/input/datasets/duc24kdl/sub-x-ray/sub_X-Ray/sub_NIH/00001860_001.png,,sub_NIH,00001860_001.png,ok,512x512 -> 1024x1024,2,1,320.43,34.9922,20.599566,4.538674,0.9817,0.998,0.0692,6.1609,32.306,38.236369,6.183556,0.9726,0.9952,0.1838,0.1838,0.1838,5.953,156.9199,64.0488,156.9199,64.0488,0.1537,32.306,0.9726,38.236369,6.183556,-2.6862,-0.0028,-0.1147,0.2079
/kaggle/input/datasets/duc24kdl/sub-x-ray/sub_X-Ray/sub_NIH/00001860_002.png,,sub_NIH,00001860_002.png,ok,512x512 -> 1024x1024,2,1,320.03,41.0659,5.087283,2.255501,0.9571,0.9961,0.1491,6.5163,38.5313,9.119001,3.019768,0.9369,0.9916,0.2989,0.2989,0.2989,6.2942,128.3398,67.0791,128.3398,67.0791,0.1678,38.5313,0.9369,9.119001,3.019768,-2.5346,-0.0045,-0.1498,0.2221
/kaggle/input/datasets/duc24kdl/sub-x-ray/sub_X-Ray/sub_NIH/00001862_005.png,,sub_NIH,00001862_005.png,ok,512x512 -> 1024x1024,2,1,319.39,38.2278,9.779087,3.127153,0.9778,0.9977,0.1122,7.6315,36.6065,14.204685,3.76891,0.9713,0.9958,0.2382,0.2382,0.2382,7.24,138.8387,39.927,138.8387,39.927,0.2155,36.6065,0.9713,14.204685,3.76891,-1.6213,-0.0019,-0.126,0.3915
/kaggle/input/datasets/duc24kdl/sub-x-ray/sub_X-Ray/sub_NIH/00001867_000.png,,sub_NIH,00001867_000.png,ok,512x512 -> 1024x1024,2,1,318.71,43.4753,2.921158,1.70914,0.9654,0.9969,0.1334,6.4924,41.7943,4.301811,2.074081,0.9469,0.9938,0.2629,0.2629,0.2629,6.6927,115.2704,72.7828,115.2704,72.7828,0.1241,41.7943,0.9469,4.301811,2.074081,-1.681,-0.0031,-0.1295,-0.2003
/kaggle/input/datasets/duc24kdl/sub-x-ray/sub_X-Ray/sub_NIH/00001869_000.png,,sub_NIH,00001869_000.png,ok,512x512 -> 1024x1024,2,1,320.33,47.1895,1.242024,1.114461,0.9877,0.9984,0.0546,7.268,43.5961,2.841022,1.685533,0.982,0.9969,0.1461,0.1461,0.1461,6.5584,166.7662,43.0489,166.7662,43.0489,0.2123,43.5961,0.982,2.841022,1.685533,-3.5934,-0.0015,-0.0915,0.7096
/kaggle/input/datasets/duc24kdl/sub-x-ray/sub_X-Ray/sub_NIH/00001872_001.png,,sub_NIH,00001872_001.png,ok,512x512 -> 1024x1024,2,1,321.81,45.7663,1.723658,1.312882,0.9779,0.9976,0.0871,7.1018,43.4063,2.967907,1.722761,0.9646,0.9954,0.2127,0.2127,0.2127,6.8662,105.7878,37.2765,105.7878,37.2765,0.2127,43.4063,0.9646,2.967907,1.722761,-2.36,-0.0023,-0.1255,0.2356
/kaggle/input/datasets/duc24kdl/sub-x-ray/sub_X-Ray/sub_NIH/00001872_002.png,,sub_NIH,00001872_002.png,ok,512x512 -> 1024x1024,2,1,318.91,45.749,1.73053,1.315496,0.977,0.9975,0.0911,7.3786,43.8188,2.698954,1.642849,0.9681,0.9955,0.2209,0.2209,0.2209,6.8854,108.9331,31.1624,108.9331,31.1624,0.1821,43.8188,0.9681,2.698954,1.642849,-1.9302,-0.0021,-0.1298,0.4932
/kaggle/input/datasets/duc24kdl/sub-x-ray/sub_X-Ray/sub_NIH/00001872_005.png,,sub_NIH,00001872_005.png,ok,512x512 -> 1024x1024,2,1,321.33,37.8964,10.554639,3.24879,0.9814,0.998,0.072,6.5006,35.7713,17.216548,4.149283,0.9694,0.9951,0.1804,0.1804,0.1804,6.1134,163.6735,60.8774,163.6735,60.8774,0.3055,35.7713,0.9694,17.216548,4.149283,-2.125,-0.003,-0.1084,0.3872
/kaggle/input/datasets/duc24kdl/sub-x-ray/sub_X-Ray/sub_NIH/00001872_011.png,,sub_NIH,00001872_011.png,ok,512x512 -> 1024x1024,2,1,320.7,37.4205,11.776933,3.431754,0.9813,0.998,0.0696,6.6811,35.3877,18.806418,4.336637,0.9662,0.9946,0.1731,0.1731,0.1731,6.0934,166.5618,62.5828,166.5618,62.5828,0.354,35.3877,0.9662,18.806418,4.336637,-2.0327,-0.0035,-0.1034,0.5876
/kaggle/input/datasets/duc24kdl/sub-x-ray/sub_X-Ray/sub_NIH/00001874_000.png,,sub_NIH,00001874_000.png,ok,512x512 -> 1024x1024,2,1,321.14,37.4177,11.784553,3.432864,0.985,0.9983,0.0685,6.4908,35.2111,19.587074,4.425729,0.9783,0.9963,0.1825,0.1825,0.1825,6.5566,163.2901,54.7875,163.2901,54.7875,0.094,35.2111,0.9783,19.587074,4.425729,-2.2066,-0.0021,-0.1141,-0.0658
/kaggle/input/datasets/duc24kdl/sub-x-ray/sub_X-Ray/sub_NIH/00001880_001.png,,sub_NIH,00001880_001.png,ok,512x512 -> 1024x1024,2,1,318.12,39.4218,7.428496,2.725527,0.9853,0.9984,0.0609,6.5973,37.2733,12.183,3.490415,0.9774,0.9963,0.1585,0.1585,0.1585,6.5577,115.1544,66.6379,115.1544,66.6379,0.2022,37.2733,0.9774,12.183,3.490415,-2.1485,-0.0021,-0.0975,0.0396
/kaggle/input/datasets/duc24kdl/sub-x-ray/sub_X-Ray/sub_NIH/00001880_003.png,,sub_NIH,00001880_003.png,ok,512x512 -> 1024x1024,2,1,317.28,39.1533,7.902235,2.811091,0.9842,0.9983,0.0684,6.3321,36.8002,13.584899,3.68577,0.974,0.9958,0.1664,0.1664,0.1664,6.4021,114.1569,67.0726,114.1569,67.0726,0.3287,36.8002,0.974,13.584899,3.68577,-2.3531,-0.0025,-0.098,-0.07
/kaggle/input/datasets/duc24kdl/sub-x-ray/sub_X-Ray/sub_NIH/00001880_006.png,,sub_NIH,00001880_006.png,ok,512x512 -> 1024x1024,2,1,320.77,38.5038,9.177042,3.029363,0.9585,0.9964,0.1468,6.6161,34.5816,22.642428,4.758406,0.9392,0.9923,0.289,0.289,0.289,6.5145,117.4871,62.9513,117.4871,62.9513,0.2514,34.5816,0.9392,22.642428,4.758406,-3.9222,-0.004,-0.1422,0.1016
/kaggle/input/datasets/duc24kdl/sub-x-ray/sub_X-Ray/sub_NIH/00001881_000.png,,sub_NIH,00001881_000.png,ok,512x512 -> 1024x1024,2,1,319.86,36.9294,13.186902,3.631377,0.9858,0.9983,0.0578,6.2355,34.4728,23.216772,4.818379,0.9792,0.996,0.1512,0.1512,0.1512,6.0689,174.805,53.4436,174.805,53.4436,0.1175,34.4728,0.9792,23.216772,4.818379,-2.4566,-0.0024,-0.0935,0.1666
/kaggle/input/datasets/duc24kdl/sub-x-ray/sub_X-Ray/sub_NIH/00001882_001.png,,sub_NIH,00001882_001.png,ok,512x512 -> 1024x1024,2,1,320.12,43.5714,2.857182,1.69032,0.9841,0.9981,0.0622,7.0873,42.0016,4.101283,2.025162,0.977,0.9961,0.1683,0.1683,0.1683,6.3367,170.1911,41.3619,170.1911,41.3619,0.2512,42.0016,0.977,4.101283,2.025162,-1.5698,-0.002,-0.1061,0.7506
/kaggle/input/datasets/duc24kdl/sub-x-ray/sub_X-Ray/sub_NIH/00001882_002.png,,sub_NIH,00001882_002.png,ok,512x512 -> 1024x1024,2,1,319.22,34.8983,21.050032,4.588031,0.9842,0.998,0.0676,6.5272,32.6755,35.118294,5.926069,0.977,0.9952,0.1697,0.1697,0.1697,6.3531,160.8868,45.3945,160.8868,45.3945,0.2622,32.6755,0.977,35.118294,5.926069,-2.2228,-0.0029,-0.1021,0.1741
/kaggle/input/datasets/duc24kdl/sub-x-ray/sub_X-Ray/sub_NIH/00001887_001.png,,sub_NIH,00001887_001.png,ok,512x512 -> 1024x1024,2,1,319.53,43.6339,2.816377,1.678206,0.9696,0.9969,0.1079,7.1006,41.4893,4.614737,2.148194,0.9591,0.9938,0.2317,0.2317,0.2317,6.8627,103.7445,37.5574,103.7445,37.5574,0.2894,41.4893,0.9591,4.614737,2.148194,-2.1446,-0.0031,-0.1237,0.2379
/kaggle/input/datasets/duc24kdl/sub-x-ray/sub_X-Ray/sub_NIH/00001889_000.png,,sub_NIH,00001889_000.png,ok,512x512 -> 1024x1024,2,1,320.61,46.5998,1.422666,1.192756,0.9857,0.9983,0.0587,6.8526,43.1845,3.123388,1.767311,0.9783,0.9963,0.1625,0.1625,0.1625,6.537,175.0892,46.0683,175.0892,46.0683,0.2141,43.1845,0.9783,3.123388,1.767311,-3.4152,-0.002,-0.1038,0.3156
/kaggle/input/datasets/duc24kdl/sub-x-ray/sub_X-Ray/sub_NIH/00001890_001.png,,sub_NIH,00001890_001.png,ok,512x512 -> 1024x1024,2,1,319.91,45.822,1.701709,1.304496,0.9852,0.9983,0.0634,6.9065,42.7302,3.467828,1.862211,0.9776,0.9962,0.1658,0.1658,0.1658,6.5137,169.5061,46.261,169.5061,46.261,0.3294,42.7302,0.9776,3.467828,1.862211,-3.0917,-0.0021,-0.1025,0.3928
/kaggle/input/datasets/duc24kdl/sub-x-ray/sub_X-Ray/sub_NIH/00001892_009.png,,sub_NIH,00001892_009.png,ok,512x512 -> 1024x1024,2,1,321.17,41.6628,4.434074,2.105724,0.9595,0.9964,0.1399,6.4926,39.8909,6.667973,2.582242,0.9414,0.9926,0.277,0.277,0.277,6.5947,124.8372,68.9689,124.8372,68.9689,0.1512,39.8909,0.9414,6.667973,2.582242,-1.7719,-0.0038,-0.137,-0.1021
/kaggle/input/datasets/duc24kdl/sub-x-ray/sub_X-Ray/sub_NIH/00001893_000.png,,sub_NIH,00001893_000.png,ok,512x512 -> 1024x1024,2,1,321.18,42.2771,3.849203,1.961939,0.9615,0.9965,0.1424,6.751,39.5437,7.222842,2.687535,0.9454,0.9928,0.2844,0.2844,0.2844,6.3248,134.769,67.1823,134.769,67.1823,0.1507,39.5437,0.9454,7.222842,2.687535,-2.7334,-0.0037,-0.142,0.4262
/kaggle/input/datasets/duc24kdl/sub-x-ray/sub_X-Ray/sub_NIH/00001894_003.png,,sub_NIH,00001894_003.png,ok,512x512 -> 1024x1024,2,1,320.29,42.1467,3.966509,1.99161,0.9656,0.997,0.1145,6.298,39.3641,7.527762,2.743677,0.9413,0.9928,0.2442,0.2442,0.2442,6.3558,98.9892,70.9096,98.9892,70.9096,0.199,39.3641,0.9413,7.527762,2.743677,-2.7826,-0.0042,-0.1297,-0.0578
/kaggle/input/datasets/duc24kdl/sub-x-ray/sub_X-Ray/sub_NIH/00001895_000.png,,sub_NIH,00001895_000.png,ok,512x512 -> 1024x1024,2,1,319.99,36.6448,14.080051,3.752339,0.9852,0.9983,0.0646,6.8443,34.9552,20.776094,4.55808,0.9771,0.9956,0.1465,0.1465,0.1465,6.2113,173.1129,63.0506,173.1129,63.0506,0.4275,34.9552,0.9771,20.776094,4.55808,-1.6896,-0.0027,-0.0818,0.633
/kaggle/input/datasets/duc24kdl/sub-x-ray/sub_X-Ray/sub_NIH/00001895_003.png,,sub_NIH,00001895_003.png,ok,512x512 -> 1024x1024,2,1,319.18,41.9129,4.185943,2.045958,0.9596,0.9963,0.1454,6.5927,39.7273,6.923901,2.631331,0.9422,0.9924,0.2883,0.2883,0.2883,6.5459,132.8333,64.6236,132.8333,64.6236,0.1325,39.7273,0.9422,6.923901,2.631331,-2.1856,-0.0039,-0.1428,0.0468
/kaggle/input/datasets/duc24kdl/sub-x-ray/sub_X-Ray/sub_NIH/00001896_001.png,,sub_NIH,00001896_001.png,ok,512x512 -> 1024x1024,2,1,319.06,38.2165,9.804539,3.13122,0.983,0.9981,0.068,6.5783,35.1418,19.902084,4.461175,0.9739,0.9956,0.1702,0.1702,0.1702,6.1083,159.0768,63.4445,159.0768,63.4445,0.2421,35.1418,0.9739,19.902084,4.461175,-3.0747,-0.0026,-0.1023,0.47
/kaggle/input/datasets/duc24kdl/sub-x-ray/sub_X-Ray/sub_NIH/00001900_000.png,,sub_NIH,00001900_000.png,ok,512x512 -> 1024x1024,2,1,320.35,39.9442,6.586645,2.566446,0.9816,0.998,0.0941,7.7994,38.2172,9.803102,3.130991,0.9764,0.9964,0.211,0.211,0.211,7.147,136.9965,38.109,136.9965,38.109,0.142,38.2172,0.9764,9.803102,3.130991,-1.727,-0.0015,-0.1169,0.6524
/kaggle/input/datasets/duc24kdl/sub-x-ray/sub_X-Ray/sub_NIH/00001900_013.png,,sub_NIH,00001900_013.png,ok,512x512 -> 1024x1024,2,1,320.34,37.8781,10.599237,3.255647,0.9751,0.9975,0.1206,7.1224,35.891,16.748789,4.092528,0.9671,0.9952,0.2507,0.2507,0.2507,7.1067,116.6142,52.4832,116.6142,52.4832,0.311,35.891,0.9671,16.748789,4.092528,-1.9871,-0.0023,-0.1301,0.0157
/kaggle/input/datasets/duc24kdl/sub-x-ray/sub_X-Ray/sub_NIH/00001900_015.png,,sub_NIH,00001900_015.png,ok,512x512 -> 1024x1024,2,1,320.08,36.7916,13.611907,3.689432,0.9766,0.9975,0.11,6.5427,34.5247,22.940917,4.789668,0.9681,0.9947,0.2342,0.2342,0.2342,6.6435,116.9261,52.501,116.9261,52.501,0.245,34.5247,0.9681,22.940917,4.789668,-2.2669,-0.0029,-0.1242,-0.1008
/kaggle/input/datasets/duc24kdl/sub-x-ray/sub_X-Ray/sub_NIH/00001900_021.png,,sub_NIH,00001900_021.png,ok,512x512 -> 1024x1024,2,1,319.68,41.4216,4.687284,2.165014,0.9572,0.9962,0.1594,6.688,38.9308,8.317722,2.884046,0.9412,0.992,0.3294,0.3294,0.3294,6.676,142.5128,56.2887,142.5128,56.2887,0.2084,38.9308,0.9412,8.317722,2.884046,-2.4908,-0.0042,-0.17,0.012
/kaggle/input/datasets/duc24kdl/sub-x-ray/sub_X-Ray/sub_NIH/00001900_026.png,,sub_NIH,00001900_026.png,ok,512x512 -> 1024x1024,2,1,318.75,41.1191,5.025352,2.24173,0.954,0.9959,0.1508,6.1306,38.9048,8.367678,2.892694,0.9301,0.991,0.2954,0.2954,0.2954,6.6381,124.4187,68.2657,124.4187,68.2657,0.172,38.9048,0.9301,8.367678,2.892694,-2.2144,-0.0049,-0.1446,-0.5075
/kaggle/input/datasets/duc24kdl/sub-x-ray/sub_X-Ray/sub_NIH/00001900_029.png,,sub_NIH,00001900_029.png,ok,512x512 -> 1024x1024,2,1,320.93,41.2491,4.877181,2.208434,0.9561,0.9961,0.1527,6.629,39.0943,8.010288,2.830245,0.9381,0.9916,0.3011,0.3011,0.3011,6.5613,132.036,67.8567,132.036,67.8567,0.189,39.0943,0.9381,8.010288,2.830245,-2.1548,-0.0044,-0.1483,0.0677
/kaggle/input/datasets/duc24kdl/sub-x-ray/sub_X-Ray/sub_NIH/00001900_033.png,,sub_NIH,00001900_033.png,ok,512x512 -> 1024x1024,2,1,321.28,35.2428,19.444463,4.409588,0.9767,0.9975,0.1062,7.703,33.0924,31.903908,5.648354,0.9682,0.9946,0.2336,0.2336,0.2336,7.4449,120.2878,49.1335,120.2878,49.1335,0.3278,33.0924,0.9682,31.903908,5.648354,-2.1505,-0.0028,-0.1273,0.258
/kaggle/input/datasets/duc24kdl/sub-x-ray/sub_X-Ray/sub_NIH/00001900_035.png,,sub_NIH,00001900_035.png,ok,512x512 -> 1024x1024,2,1,319.0,37.5763,11.361763,3.370721,0.9891,0.9985,0.0535,8.1492,35.6363,17.760505,4.214321,0.9859,0.9977,0.14,0.14,0.14,7.3857,155.0958,50.8535,155.0958,50.8535,0.1103,35.6363,0.9859,17.760505,4.214321,-1.9401,-0.0008,-0.0865,0.7635
/kaggle/input/datasets/duc24kdl/sub-x-ray/sub_X-Ray/sub_NIH/00001900_036.png,,sub_NIH,00001900_036.png,ok,512x512 -> 1024x1024,2,1,322.67,41.1944,4.939011,2.222389,0.9531,0.9958,0.1596,6.3655,38.7205,8.730373,2.95472,0.9336,0.9912,0.316,0.316,0.316,6.4962,130.4167,67.7587,130.4167,67.7587,0.1692,38.7205,0.9336,8.730373,2.95472,-2.4739,-0.0046,-0.1564,-0.1307
/kaggle/input/datasets/duc24kdl/sub-x-ray/sub_X-Ray/sub_NIH/00001901_000.png,,sub_NIH,00001901_000.png,ok,512x512 -> 1024x1024,2,1,319.16,40.9091,5.274365,2.296599,0.9625,0.9966,0.128,6.2499,38.0959,10.080651,3.175004,0.9373,0.9924,0.2571,0.2571,0.2571,6.2641,107.8604,70.1158,107.8604,70.1158,0.2214,38.0959,0.9373,10.080651,3.175004,-2.8132,-0.0042,-0.1291,-0.0143
/kaggle/input/datasets/duc24kdl/sub-x-ray/sub_X-Ray/sub_NIH/00001901_002.png,,sub_NIH,00001901_002.png,ok,512x512 -> 1024x1024,2,1,318.83,45.9162,1.665179,1.290418,0.9818,0.9979,0.0651,6.7455,43.251,3.075941,1.753836,0.9736,0.9956,0.1633,0.1633,0.1633,6.227,164.2753,43.2138,164.2753,43.2138,0.2478,43.251,0.9736,3.075941,1.753836,-2.6652,-0.0024,-0.0982,0.5185
/kaggle/input/datasets/duc24kdl/sub-x-ray/sub_X-Ray/sub_NIH/00001901_005.png,,sub_NIH,00001901_005.png,ok,512x512 -> 1024x1024,2,1,320.47,41.0624,5.091447,2.256424,0.9617,0.9965,0.1323,6.2792,38.5078,9.168531,3.027958,0.9439,0.9925,0.2682,0.2682,0.2682,6.1415,128.0368,66.3882,128.0368,66.3882,0.1737,38.5078,0.9439,9.168531,3.027958,-2.5546,-0.004,-0.1359,0.1377
/kaggle/input/datasets/duc24kdl/sub-x-ray/sub_X-Ray/sub_NIH/00001901_006.png,,sub_NIH,00001901_006.png,ok,512x512 -> 1024x1024,2,1,319.01,41.504,4.599211,2.144577,0.9635,0.9967,0.1226,5.9482,39.374,7.510743,2.740573,0.9412,0.9929,0.2477,0.2477,0.2477,6.4631,108.7261,71.1055,108.7261,71.1055,0.166,39.374,0.9412,7.510743,2.740573,-2.13,-0.0038,-0.125,-0.5148
/kaggle/input/datasets/duc24kdl/sub-x-ray/sub_X-Ray/sub_NIH/00001903_000.png,,sub_NIH,00001903_000.png,ok,512x512 -> 1024x1024,2,1,320.79,38.5303,9.121069,3.020111,0.9819,0.998,0.0839,7.1756,36.3151,15.190319,3.897476,0.9723,0.9955,0.1907,0.1907,0.1907,6.7543,128.3081,50.2633,128.3081,50.2633,0.2569,36.3151,0.9723,15.190319,3.897476,-2.2152,-0.0024,-0.1069,0.4213
/kaggle/input/datasets/duc24kdl/sub-x-ray/sub_X-Ray/sub_NIH/00001906_001.png,,sub_NIH,00001906_001.png,ok,512x512 -> 1024x1024,2,1,320.2,41.8519,4.245104,2.060365,0.9642,0.9968,0.1309,6.4158,39.5188,7.264393,2.695254,0.9483,0.9932,0.267,0.267,0.267,6.4503,130.589,64.5877,130.589,64.5877,0.1339,39.5188,0.9483,7.264393,2.695254,-2.3331,-0.0036,-0.1362,-0.0345
/kaggle/input/datasets/duc24kdl/sub-x-ray/sub_X-Ray/sub_NIH/00001906_003.png,,sub_NIH,00001906_003.png,ok,512x512 -> 1024x1024,2,1,320.21,41.0985,5.049318,2.247069,0.9745,0.9974,0.1034,6.7914,34.9623,20.742111,4.554351,0.9622,0.9942,0.2346,0.2346,0.2346,6.4092,141.7512,45.3328,141.7512,45.3328,0.2944,34.9623,0.9622,20.742111,4.554351,-6.1362,-0.0031,-0.1312,0.3822
/kaggle/input/datasets/duc24kdl/sub-x-ray/sub_X-Ray/sub_NIH/00001906_007.png,,sub_NIH,00001906_007.png,ok,512x512 -> 1024x1024,2,1,321.19,45.2726,1.931175,1.389667,0.9816,0.998,0.0797,6.8595,42.4615,3.689186,1.920725,0.9719,0.9955,0.1988,0.1988,0.1988,6.5393,159.8026,46.1348,159.8026,46.1348,0.3158,42.4615,0.9719,3.689186,1.920725,-2.8111,-0.0025,-0.1191,0.3202
/kaggle/input/datasets/duc24kdl/sub-x-ray/sub_X-Ray/sub_NIH/00001906_008.png,,sub_NIH,00001906_008.png,ok,512x512 -> 1024x1024,2,1,319.17,36.1722,15.698426,3.962124,0.9789,0.9979,0.0886,6.9255,34.8346,21.360758,4.62177,0.965,0.9948,0.1985,0.1985,0.1985,6.4988,161.1887,59.719,161.1887,59.719,0.4215,34.8346,0.965,21.360758,4.62177,-1.3376,-0.0031,-0.1099,0.4267
/kaggle/input/datasets/duc24kdl/sub-x-ray/sub_X-Ray/sub_NIH/00001909_000.png,,sub_NIH,00001909_000.png,ok,512x512 -> 1024x1024,2,1,320.4,36.067,16.083375,4.010408,0.9851,0.9984,0.0749,7.0876,33.617,28.27384,5.317315,0.9777,0.9966,0.1781,0.1781,0.1781,6.7582,122.0035,54.1816,122.0035,54.1816,0.2287,33.617,0.9777,28.27384,5.317315,-2.4501,-0.0017,-0.1031,0.3294
/kaggle/input/datasets/duc24kdl/sub-x-ray/sub_X-Ray/sub_NIH/00001910_000.png,,sub_NIH,00001910_000.png,ok,512x512 -> 1024x1024,2,1,320.25,42.0065,4.096627,2.024012,0.9571,0.9961,0.1498,6.9873,39.7605,6.871198,2.621297,0.9422,0.9923,0.3001,0.3001,0.3001,6.9033,131.4299,55.9157,131.4299,55.9157,0.1682,39.7605,0.9422,6.871198,2.621297,-2.2461,-0.0038,-0.1503,0.084
/kaggle/input/datasets/duc24kdl/sub-x-ray/sub_X-Ray/sub_NIH/00001911_004.png,,sub_NIH,00001911_004.png,ok,512x512 -> 1024x1024,2,1,320.13,36.7574,13.719421,3.703974,0.9651,0.9966,0.1205,5.968,34.575,22.676531,4.761988,0.9339,0.9911,0.2352,0.2352,0.2352,5.9421,115.636,72.505,115.636,72.505,0.4486,34.575,0.9339,22.676531,4.761988,-2.1824,-0.0055,-0.1147,0.0259
/kaggle/input/datasets/duc24kdl/sub-x-ray/sub_X-Ray/sub_NIH/00001911_006.png,,sub_NIH,00001911_006.png,ok,512x512 -> 1024x1024,2,1,320.17,41.1668,4.970559,2.229475,0.9579,0.9961,0.1477,6.3469,38.5139,9.155695,3.025838,0.9357,0.9915,0.2943,0.2943,0.2943,6.4936,112.2866,75.2026,112.2866,75.2026,0.1741,38.5139,0.9357,9.155695,3.025838,-2.6529,-0.0046,-0.1466,-0.1466
/kaggle/input/datasets/duc24kdl/sub-x-ray/sub_X-Ray/sub_NIH/00001911_007.png,,sub_NIH,00001911_007.png,ok,512x512 -> 1024x1024,2,1,319.62,38.171,9.907895,3.147681,0.9783,0.9977,0.0752,6.1678,36.2446,15.438963,3.929245,0.9616,0.9943,0.1744,0.1744,0.1744,5.8788,133.0484,76.1569,133.0484,76.1569,0.488,36.2446,0.9616,15.438963,3.929245,-1.9264,-0.0034,-0.0992,0.289
/kaggle/input/datasets/duc24kdl/sub-x-ray/sub_X-Ray/sub_NIH/00001911_008.png,,sub_NIH,00001911_008.png,ok,512x512 -> 1024x1024,2,1,319.23,41.4356,4.672144,2.161514,0.9579,0.9961,0.144,6.2659,38.5401,9.100667,3.016731,0.936,0.9914,0.2939,0.2939,0.2939,6.3778,118.0322,73.329,118.0322,73.329,0.1913,38.5401,0.936,9.100667,3.016731,-2.8956,-0.0047,-0.1499,-0.112
/kaggle/input/datasets/duc24kdl/sub-x-ray/sub_X-Ray/sub_NIH/00001911_011.png,,sub_NIH,00001911_011.png,ok,512x512 -> 1024x1024,2,1,319.42,41.7618,4.334109,2.081852,0.9675,0.9969,0.13,6.6513,39.4516,7.377627,2.716179,0.9558,0.9935,0.2634,0.2634,0.2634,6.3967,125.4813,67.3796,125.4813,67.3796,0.1624,39.4516,0.9558,7.377627,2.716179,-2.3102,-0.0035,-0.1334,0.2546
/kaggle/input/datasets/duc24kdl/sub-x-ray/sub_X-Ray/sub_NIH/00001911_012.png,,sub_NIH,00001911_012.png,ok,512x512 -> 1024x1024,2,1,319.78,37.7068,11.025561,3.320476,0.9774,0.9977,0.086,6.3228,36.6676,14.006101,3.742473,0.962,0.9946,0.186,0.186,0.186,6.2022,134.428,70.7597,134.428,70.7597,0.3996,36.6676,0.962,14.006101,3.742473,-1.0392,-0.0031,-0.1,0.1206
/kaggle/input/datasets/duc24kdl/sub-x-ray/sub_X-Ray/sub_NIH/00001912_000.png,,sub_NIH,00001912_000.png,ok,512x512 -> 1024x1024,2,1,319.52,43.8107,2.704054,1.644401,0.9822,0.998,0.0671,7.0037,42.1981,3.919849,1.979861,0.9753,0.9959,0.1671,0.1671,0.1671,6.239,171.0042,44.4442,171.0042,44.4442,0.2193,42.1981,0.9753,3.919849,1.979861,-1.6125,-0.0021,-0.0999,0.7648
/kaggle/input/datasets/duc24kdl/sub-x-ray/sub_X-Ray/sub_NIH/00001912_004.png,,sub_NIH,00001912_004.png,ok,512x512 -> 1024x1024,2,1,318.93,42.9313,3.310908,1.81959,0.9586,0.9963,0.152,6.74,41.1937,4.939839,2.222575,0.944,0.9927,0.2995,0.2995,0.2995,6.4489,134.0039,64.058,134.0039,64.058,0.1454,41.1937,0.944,4.939839,2.222575,-1.7377,-0.0036,-0.1475,0.2911
/kaggle/input/datasets/duc24kdl/sub-x-ray/sub_X-Ray/sub_NIH/00001912_005.png,,sub_NIH,00001912_005.png,ok,512x512 -> 1024x1024,2,1,319.96,42.5049,3.652498,1.911151,0.9622,0.9966,0.1399,6.6156,39.9069,6.643434,2.577486,0.9459,0.993,0.279,0.279,0.279,6.6168,121.7304,67.1241,121.7304,67.1241,0.1379,39.9069,0.9459,6.643434,2.577486,-2.598,-0.0035,-0.1391,-0.0012
/kaggle/input/datasets/duc24kdl/sub-x-ray/sub_X-Ray/sub_NIH/00001912_006.png,,sub_NIH,00001912_006.png,ok,512x512 -> 1024x1024,2,1,320.82,40.7373,5.48724,2.342486,0.9574,0.9962,0.1556,6.4058,38.9965,8.192849,2.862315,0.9401,0.9923,0.3018,0.3018,0.3018,6.3068,136.1196,68.8899,136.1196,68.8899,0.1327,38.9965,0.9401,8.192849,2.862315,-1.7408,-0.0039,-0.1462,0.099
/kaggle/input/datasets/duc24kdl/sub-x-ray/sub_X-Ray/sub_NIH/00001914_001.png,,sub_NIH,00001914_001.png,ok,512x512 -> 1024x1024,2,1,318.99,42.244,3.878668,1.969433,0.9623,0.9967,0.1434,6.4628,40.4142,5.910976,2.43125,0.9429,0.9931,0.2883,0.2883,0.2883,6.7786,113.8772,67.2032,113.8772,67.2032,0.1486,40.4142,0.9429,5.910976,2.43125,-1.8298,-0.0036,-0.1449,-0.3158
/kaggle/input/datasets/duc24kdl/sub-x-ray/sub_X-Ray/sub_NIH/00001917_004.png,,sub_NIH,00001917_004.png,ok,512x512 -> 1024x1024,2,1,319.64,41.2051,4.926915,2.219666,0.965,0.9969,0.1295,6.384,38.5436,9.093323,3.015514,0.947,0.9932,0.2626,0.2626,0.2626,6.3237,119.3878,73.3951,119.3878,73.3951,0.176,38.5436,0.947,9.093323,3.015514,-2.6615,-0.0037,-0.133,0.0604
/kaggle/input/datasets/duc24kdl/sub-x-ray/sub_X-Ray/sub_NIH/00001918_000.png,,sub_NIH,00001918_000.png,ok,512x512 -> 1024x1024,2,1,314.63,40.9088,5.274759,2.296684,0.9814,0.998,0.0773,5.8448,37.9334,10.465085,3.234978,0.9533,0.9944,0.17,0.17,0.17,6.14,102.066,70.2128,102.066,70.2128,0.4947,37.9334,0.9533,10.465085,3.234978,-2.9754,-0.0036,-0.0927,-0.2951
/kaggle/input/datasets/duc24kdl/sub-x-ray/sub_X-Ray/sub_NIH/00001920_000.png,,sub_NIH,00001920_000.png,ok,512x512 -> 1024x1024,2,1,320.09,43.3168,3.029699,1.740603,0.9821,0.9981,0.0684,6.8801,41.3737,4.739226,2.176976,0.9733,0.9956,0.1751,0.1751,0.1751,6.1886,163.8519,56.0541,163.8519,56.0541,0.467,41.3737,0.9733,4.739226,2.176976,-1.9431,-0.0025,-0.1066,0.6914
/kaggle/input/datasets/duc24kdl/sub-x-ray/sub_X-Ray/sub_NIH/00001920_001.png,,sub_NIH,00001920_001.png,ok,512x512 -> 1024x1024,2,1,321.86,47.4383,1.172865,1.082989,0.9855,0.9983,0.0625,7.6035,44.6506,2.228531,1.492826,0.98,0.9966,0.1637,0.1637,0.1637,6.737,171.6588,45.0804,171.6588,45.0804,0.1939,44.6506,0.98,2.228531,1.492826,-2.7877,-0.0017,-0.1012,0.8665
/kaggle/input/datasets/duc24kdl/sub-x-ray/sub_X-Ray/sub_NIH/00001921_002.png,,sub_NIH,00001921_002.png,ok,512x512 -> 1024x1024,2,1,320.82,38.4356,9.322224,3.053232,0.9883,0.9985,0.0589,7.7319,36.5571,14.367249,3.790415,0.9857,0.9977,0.1539,0.1539,0.1539,7.3286,162.4362,36.776,162.4362,36.776,0.1153,36.5571,0.9857,14.367249,3.790415,-1.8785,-0.0007,-0.095,0.4034
/kaggle/input/datasets/duc24kdl/sub-x-ray/sub_X-Ray/sub_NIH/00001921_005.png,,sub_NIH,00001921_005.png,ok,512x512 -> 1024x1024,2,1,318.96,38.3644,9.476436,3.078382,0.9865,0.9983,0.075,7.771,36.6728,13.989306,3.740228,0.9831,0.9972,0.1803,0.1803,0.1803,7.2829,142.1409,36.9366,142.1409,36.9366,0.1294,36.6728,0.9831,13.989306,3.740228,-1.6915,-0.0011,-0.1053,0.4881
/kaggle/input/datasets/duc24kdl/sub-x-ray/sub_X-Ray/sub_NIH/00001922_002.png,,sub_NIH,00001922_002.png,ok,512x512 -> 1024x1024,2,1,319.71,42.5307,3.630862,1.905482,0.9626,0.9967,0.1351,6.5671,40.6147,5.644352,2.375785,0.9449,0.9931,0.2709,0.2709,0.2709,6.4914,111.6498,69.3526,111.6498,69.3526,0.1619,40.6147,0.9449,5.644352,2.375785,-1.916,-0.0036,-0.1358,0.0757
/kaggle/input/datasets/duc24kdl/sub-x-ray/sub_X-Ray/sub_NIH/00001923_000.png,,sub_NIH,00001923_000.png,ok,512x512 -> 1024x1024,2,1,319.83,46.6061,1.42061,1.191893,0.9864,0.9984,0.0606,7.3353,44.1298,2.512468,1.585077,0.9813,0.9969,0.1567,0.1567,0.1567,6.5564,172.2691,37.4792,172.2691,37.4792,0.1854,44.1298,0.9813,2.512468,1.585077,-2.4763,-0.0015,-0.0961,0.7788
/kaggle/input/datasets/duc24kdl/sub-x-ray/sub_X-Ray/sub_NIH/00001924_000.png,,sub_NIH,00001924_000.png,ok,512x512 -> 1024x1024,2,1,319.98,45.8814,1.678568,1.295596,0.9824,0.9981,0.0682,6.673,42.7381,3.461588,1.860534,0.9737,0.9956,0.188,0.188,0.188,6.1943,153.1404,53.0063,153.1404,53.0063,0.2458,42.7381,0.9737,3.461588,1.860534,-3.1434,-0.0025,-0.1198,0.4787
/kaggle/input/datasets/duc24kdl/sub-x-ray/sub_X-Ray/sub_NIH/00001926_000.png,,sub_NIH,00001926_000.png,ok,512x512 -> 1024x1024,2,1,321.25,35.5982,17.916666,4.232808,0.9846,0.9982,0.0745,7.4836,33.4331,29.49681,5.431097,0.9753,0.9962,0.19,0.19,0.19,7.3378,117.5033,49.9487,117.5033,49.9487,0.3707,33.4331,0.9753,29.49681,5.431097,-2.1652,-0.002,-0.1155,0.1458
/kaggle/input/datasets/duc24kdl/sub-x-ray/sub_X-Ray/sub_NIH/00001928_000.png,,sub_NIH,00001928_000.png,ok,512x512 -> 1024x1024,2,1,320.99,36.6097,14.194261,3.767527,0.9831,0.9982,0.0743,6.3516,34.1702,24.891786,4.989167,0.9749,0.9953,0.183,0.183,0.183,6.2323,176.243,54.0996,176.243,54.0996,0.1354,34.1702,0.9749,24.891786,4.989167,-2.4394,-0.0028,-0.1087,0.1193
/kaggle/input/datasets/duc24kdl/sub-x-ray/sub_X-Ray/sub_NIH/00001930_000.png,,sub_NIH,00001930_000.png,ok,512x512 -> 1024x1024,2,1,319.64,40.0182,6.475357,2.544672,0.9473,0.9952,0.1801,6.8008,38.2668,9.691625,3.113138,0.9296,0.9903,0.3486,0.3486,0.3486,6.6518,140.0594,63.2788,140.0594,63.2788,0.1113,38.2668,0.9296,9.691625,3.113138,-1.7513,-0.005,-0.1684,0.1489
/kaggle/input/datasets/duc24kdl/sub-x-ray/sub_X-Ray/sub_NIH/00001930_001.png,,sub_NIH,00001930_001.png,ok,512x512 -> 1024x1024,2,1,321.1,38.3539,9.499305,3.082094,0.985,0.9983,0.0621,6.542,36.0674,16.081901,4.010225,0.9779,0.9961,0.165,0.165,0.165,6.4324,155.2121,63.8317,155.2121,63.8317,0.1326,36.0674,0.9779,16.081901,4.010225,-2.2865,-0.0022,-0.1029,0.1096
/kaggle/input/datasets/duc24kdl/sub-x-ray/sub_X-Ray/sub_NIH/00001931_012.png,,sub_NIH,00001931_012.png,ok,512x512 -> 1024x1024,2,1,320.65,38.287,9.646839,3.105936,0.9811,0.9979,0.085,7.0114,36.0747,16.054895,4.006856,0.9731,0.9958,0.1932,0.1932,0.1932,6.3879,129.4934,48.9501,129.4934,48.9501,0.1777,36.0747,0.9731,16.054895,4.006856,-2.2122,-0.0021,-0.1082,0.6235
/kaggle/input/datasets/duc24kdl/sub-x-ray/sub_X-Ray/sub_NIH/00001932_000.png,,sub_NIH,00001932_000.png,ok,512x512 -> 1024x1024,2,1,319.5,36.9083,13.251144,3.640212,0.9857,0.9983,0.0632,6.5116,33.4551,29.347647,5.417347,0.9796,0.9961,0.1644,0.1644,0.1644,6.3908,171.7283,55.9277,171.7283,55.9277,0.1522,33.4551,0.9796,29.347647,5.417347,-3.4532,-0.0023,-0.1012,0.1207
/kaggle/input/datasets/duc24kdl/sub-x-ray/sub_X-Ray/sub_NIH/00001934_000.png,,sub_NIH,00001934_000.png,ok,512x512 -> 1024x1024,2,1,320.04,42.6953,3.495839,1.869716,0.9666,0.997,0.1227,6.6549,40.3189,6.042146,2.458078,0.9525,0.9936,0.2604,0.2604,0.2604,6.7693,107.8487,69.1131,107.8487,69.1131,0.196,40.3189,0.9525,6.042146,2.458078,-2.3764,-0.0034,-0.1377,-0.1144
/kaggle/input/datasets/duc24kdl/sub-x-ray/sub_X-Ray/sub_NIH/00001935_001.png,,sub_NIH,00001935_001.png,ok,512x512 -> 1024x1024,2,1,321.42,41.9116,4.187138,2.04625,0.9571,0.9962,0.168,7.1533,40.0253,6.464747,2.542587,0.9445,0.9925,0.3333,0.3333,0.3333,6.9529,140.7712,63.1868,140.7712,63.1868,0.107,40.0253,0.9445,6.464747,2.542587,-1.8863,-0.0037,-0.1653,0.2004
/kaggle/input/datasets/duc24kdl/sub-x-ray/sub_X-Ray/sub_NIH/00001938_002.png,,sub_NIH,00001938_002.png,ok,512x512 -> 1024x1024,2,1,321.3,40.2855,6.088787,2.467547,0.9575,0.9962,0.1584,6.4832,38.3096,9.596747,3.097862,0.9408,0.9919,0.3241,0.3241,0.3241,6.738,130.106,66.1363,130.106,66.1363,0.1737,38.3096,0.9408,9.596747,3.097862,-1.9759,-0.0043,-0.1657,-0.2548
/kaggle/input/datasets/duc24kdl/sub-x-ray/sub_X-Ray/sub_NIH/00001941_007.png,,sub_NIH,00001941_007.png,ok,512x512 -> 1024x1024,2,1,319.01,37.3481,11.974784,3.46046,0.9819,0.9981,0.0614,6.9335,34.8903,21.088762,4.59225,0.9714,0.9953,0.147,0.147,0.147,6.3335,164.4129,66.3481,164.4129,66.3481,0.5574,34.8903,0.9714,21.088762,4.59225,-2.4578,-0.0027,-0.0856,0.6001
/kaggle/input/datasets/duc24kdl/sub-x-ray/sub_X-Ray/sub_NIH/00001943_000.png,,sub_NIH,00001943_000.png,ok,512x512 -> 1024x1024,2,1,319.35,41.6169,4.481141,2.116871,0.9609,0.9965,0.1344,6.2474,38.6248,8.924836,2.987446,0.9374,0.9924,0.2774,0.2774,0.2774,6.6695,108.1918,68.6207,108.1918,68.6207,0.1871,38.6248,0.9374,8.924836,2.987446,-2.9921,-0.0041,-0.143,-0.4221
/kaggle/input/datasets/duc24kdl/sub-x-ray/sub_X-Ray/sub_NIH/00001944_000.png,,sub_NIH,00001944_000.png,ok,512x512 -> 1024x1024,2,1,319.33,37.7778,10.84687,3.293459,0.9797,0.9979,0.0767,6.6703,35.9174,16.647274,4.080107,0.9664,0.9946,0.1843,0.1843,0.1843,6.3834,159.3115,62.5298,159.3115,62.5298,0.4039,35.9174,0.9664,16.647274,4.080107,-1.8604,-0.0034,-0.1076,0.287
/kaggle/input/datasets/duc24kdl/sub-x-ray/sub_X-Ray/sub_NIH/00001946_002.png,,sub_NIH,00001946_002.png,ok,512x512 -> 1024x1024,2,1,315.52,38.6051,8.965356,2.99422,0.9882,0.9987,0.056,6.4804,37.0272,12.893269,3.59072,0.9581,0.9963,0.1164,0.1164,0.1164,6.7227,102.946,82.9141,102.946,82.9141,0.4811,37.0272,0.9581,12.893269,3.59072,-1.578,-0.0023,-0.0604,-0.2423
/kaggle/input/datasets/duc24kdl/sub-x-ray/sub_X-Ray/sub_NIH/00001946_004.png,,sub_NIH,00001946_004.png,ok,512x512 -> 1024x1024,2,1,313.23,38.1199,10.025133,3.166249,0.9852,0.9985,0.076,6.3851,36.4394,14.761967,3.842131,0.9518,0.9958,0.142,0.142,0.142,7.1455,96.9874,80.339,96.9874,80.339,0.482,36.4394,0.9518,14.761967,3.842131,-1.6805,-0.0027,-0.066,-0.7604
/kaggle/input/datasets/duc24kdl/sub-x-ray/sub_X-Ray/sub_NIH/00001946_005.png,,sub_NIH,00001946_005.png,ok,512x512 -> 1024x1024,2,1,318.03,38.9894,8.206136,2.864635,0.9884,0.9986,0.0569,7.0648,36.9985,12.978531,3.602573,0.9789,0.9967,0.1222,0.1222,0.1222,7.3507,116.6416,77.9605,116.6416,77.9605,0.3496,36.9985,0.9789,12.978531,3.602573,-1.9909,-0.002,-0.0653,-0.2858
/kaggle/input/datasets/duc24kdl/sub-x-ray/sub_X-Ray/sub_NIH/00001946_008.png,,sub_NIH,00001946_008.png,ok,512x512 -> 1024x1024,2,1,318.21,42.4139,3.729878,1.931289,0.9683,0.9972,0.1093,5.8146,38.6607,8.851284,2.975111,0.9503,0.9935,0.2222,0.2222,0.2222,6.4362,84.9561,71.075,84.9561,71.075,0.181,38.6607,0.9503,8.851284,2.975111,-3.7531,-0.0037,-0.1129,-0.6216
/kaggle/input/datasets/duc24kdl/sub-x-ray/sub_X-Ray/sub_NIH/00001946_009.png,,sub_NIH,00001946_009.png,ok,512x512 -> 1024x1024,2,1,317.1,38.1383,9.982741,3.159548,0.9857,0.9984,0.0586,6.6749,34.4871,23.14017,4.810423,0.9749,0.9959,0.1496,0.1496,0.1496,6.3827,131.4727,75.6494,131.4727,75.6494,0.3511,34.4871,0.9749,23.14017,4.810423,-3.6512,-0.0026,-0.091,0.2922
/kaggle/input/datasets/duc24kdl/sub-x-ray/sub_X-Ray/sub_NIH/00001946_010.png,,sub_NIH,00001946_010.png,ok,512x512 -> 1024x1024,2,1,321.29,37.2682,12.197332,3.492468,0.986,0.9984,0.0518,6.7721,34.1125,25.224782,5.022428,0.9769,0.9962,0.1515,0.1515,0.1515,6.2488,145.1345,67.9488,145.1345,67.9488,0.3156,34.1125,0.9769,25.224782,5.022428,-3.1556,-0.0022,-0.0997,0.5233
/kaggle/input/datasets/duc24kdl/sub-x-ray/sub_X-Ray/sub_chest/IM-0001-0001.jpeg,,sub_chest,IM-0001-0001.jpeg,ok,928x658 -> 1856x1316,2,1,761.64,38.7326,8.706034,2.950599,0.937,0.9933,0.1842,5.6925,36.8837,13.326194,3.650506,0.9027,0.9835,0.3536,0.3536,0.3536,6.2324,131.2578,57.143,131.2578,57.143,0.2162,36.8837,0.9027,13.326194,3.650506,-1.8489,-0.0098,-0.1694,-0.5399
/kaggle/input/datasets/duc24kdl/sub-x-ray/sub_X-Ray/sub_chest/IM-0003-0001.jpeg,,sub_chest,IM-0003-0001.jpeg,ok,1055x754 -> 2110x1508,2,1,1062.19,39.4525,7.376088,2.715895,0.9341,0.9929,0.193,5.6824,37.2349,12.290951,3.505845,0.8967,0.9813,0.3595,0.3595,0.3595,6.2598,142.7373,60.6488,142.7373,60.6488,0.2139,37.2349,0.8967,12.290951,3.505845,-2.2176,-0.0116,-0.1665,-0.5774
/kaggle/input/datasets/duc24kdl/sub-x-ray/sub_X-Ray/sub_chest/IM-0005-0001.jpeg,,sub_chest,IM-0005-0001.jpeg,ok,1015x918 -> 2030x1836,2,1,1242.13,38.0641,10.154796,3.186659,0.9229,0.992,0.2104,5.6575,36.3132,15.196989,3.898332,0.8838,0.9805,0.372,0.372,0.372,6.3382,136.5707,55.4664,136.5707,55.4664,0.1896,36.3132,0.8838,15.196989,3.898332,-1.7509,-0.0116,-0.1616,-0.6807
/kaggle/input/datasets/duc24kdl/sub-x-ray/sub_X-Ray/sub_chest/IM-0006-0001.jpeg,,sub_chest,IM-0006-0001.jpeg,ok,831x663 -> 1662x1326,2,1,721.83,38.3247,9.563426,3.092479,0.92,0.9918,0.224,6.2603,36.3975,14.904804,3.860674,0.8793,0.9802,0.3988,0.3988,0.3988,6.9266,149.1319,42.2747,149.1319,42.2747,0.1524,36.3975,0.8793,14.904804,3.860674,-1.9271,-0.0116,-0.1748,-0.6663
/kaggle/input/datasets/duc24kdl/sub-x-ray/sub_X-Ray/sub_chest/IM-0007-0001.jpeg,,sub_chest,IM-0007-0001.jpeg,ok,1026x909 -> 2052x1818,2,1,1243.18,38.5606,9.057815,3.00962,0.9263,0.9924,0.2056,5.7188,36.6588,14.034455,3.746259,0.8876,0.9809,0.3781,0.3781,0.3781,6.4599,137.9852,53.9369,137.9852,53.9369,0.1827,36.6588,0.8876,14.034455,3.746259,-1.9017,-0.0115,-0.1725,-0.7411
/kaggle/input/datasets/duc24kdl/sub-x-ray/sub_X-Ray/sub_chest/IM-0009-0001.jpeg,,sub_chest,IM-0009-0001.jpeg,ok,926x721 -> 1852x1442,2,1,887.79,34.9896,20.611905,4.540034,0.8444,0.9881,0.2465,6.2212,32.3388,37.949273,6.160298,0.8117,0.978,0.3931,0.3931,0.3931,6.854,144.1074,48.9558,144.1074,48.9558,0.282,32.3388,0.8117,37.949273,6.160298,-2.6509,-0.0101,-0.1466,-0.6328
/kaggle/input/datasets/duc24kdl/sub-x-ray/sub_X-Ray/sub_chest/IM-0010-0001.jpeg,,sub_chest,IM-0010-0001.jpeg,ok,936x739 -> 1872x1478,2,1,873.85,38.126,10.011081,3.164029,0.9209,0.9917,0.2033,5.8417,36.4306,14.791667,3.845994,0.8782,0.9797,0.3624,0.3624,0.3624,6.4265,132.9769,58.8534,132.9769,58.8534,0.2235,36.4306,0.8782,14.791667,3.845994,-1.6954,-0.012,-0.1591,-0.5849
/kaggle/input/datasets/duc24kdl/sub-x-ray/sub_X-Ray/sub_chest/IM-0011-0001-0001.jpeg,,sub_chest,IM-0011-0001-0001.jpeg,ok,1072x958 -> 2144x1916,2,1,1296.55,37.9624,10.39536,3.224184,0.9219,0.9916,0.2125,6.0562,35.972,16.439072,4.054512,0.8815,0.9798,0.3731,0.3731,0.3731,6.5606,137.3866,53.0538,137.3866,53.0538,0.1423,35.972,0.8815,16.439072,4.054512,-1.9904,-0.0118,-0.1606,-0.5044
/kaggle/input/datasets/duc24kdl/sub-x-ray/sub_X-Ray/sub_chest/IM-0011-0001-0002.jpeg,,sub_chest,IM-0011-0001-0002.jpeg,ok,1107x972 -> 2214x1944,2,1,1443.02,39.1128,7.97631,2.824236,0.9428,0.9938,0.177,6.0275,37.1135,12.639502,3.555208,0.9109,0.9844,0.345,0.345,0.345,6.1721,133.6675,58.0722,133.6675,58.0722,0.1873,37.1135,0.9109,12.639502,3.555208,-1.9993,-0.0094,-0.168,-0.1447
/kaggle/input/datasets/duc24kdl/sub-x-ray/sub_X-Ray/sub_chest/IM-0011-0001.jpeg,,sub_chest,IM-0011-0001.jpeg,ok,931x892 -> 1862x1784,2,1,1106.03,36.5207,14.488039,3.806316,0.8809,0.9887,0.2565,5.689,35.1273,19.968811,4.468648,0.8359,0.9749,0.4133,0.4133,0.4133,6.4512,126.5164,52.8493,126.5164,52.8493,0.1992,35.1273,0.8359,19.968811,4.468648,-1.3934,-0.0137,-0.1569,-0.7622
/kaggle/input/datasets/duc24kdl/sub-x-ray/sub_X-Ray/sub_chest/IM-0013-0001.jpeg,,sub_chest,IM-0013-0001.jpeg,ok,1222x1077 -> 2444x2154,2,1,1780.05,37.6126,11.267317,3.356682,0.9183,0.9914,0.2118,5.8504,35.7225,17.411311,4.172686,0.8753,0.9785,0.3794,0.3794,0.3794,6.7315,136.3146,56.2037,136.3146,56.2037,0.1847,35.7225,0.8753,17.411311,4.172686,-1.8901,-0.0129,-0.1676,-0.8811
/kaggle/input/datasets/duc24kdl/sub-x-ray/sub_X-Ray/sub_chest/IM-0015-0001.jpeg,,sub_chest,IM-0015-0001.jpeg,ok,901x619 -> 1802x1238,2,1,744.36,38.0534,10.17979,3.190578,0.9172,0.9918,0.2276,5.9205,36.2725,15.340082,3.916642,0.878,0.9807,0.4003,0.4003,0.4003,6.8321,137.0,47.5609,137.0,47.5609,0.1921,36.2725,0.878,15.340082,3.916642,-1.7809,-0.0111,-0.1726,-0.9116
/kaggle/input/datasets/duc24kdl/sub-x-ray/sub_X-Ray/sub_chest/IM-0016-0001.jpeg,,sub_chest,IM-0016-0001.jpeg,ok,1249x1028 -> 2498x2056,2,1,1743.08,38.3429,9.523434,3.086006,0.9248,0.9921,0.2028,5.5363,36.5108,14.520967,3.810639,0.8854,0.9801,0.367,0.367,0.367,6.1264,134.3959,62.3799,134.3959,62.3799,0.2009,36.5108,0.8854,14.520967,3.810639,-1.832,-0.0119,-0.1642,-0.5901
/kaggle/input/datasets/duc24kdl/sub-x-ray/sub_X-Ray/sub_chest/IM-0017-0001.jpeg,,sub_chest,IM-0017-0001.jpeg,ok,992x779 -> 1984x1558,2,1,975.34,37.2523,12.241817,3.498831,0.9109,0.9906,0.2245,6.1256,35.365,18.905235,4.348015,0.8676,0.9778,0.3863,0.3863,0.3863,6.9792,139.6178,48.2268,139.6178,48.2268,0.1281,35.365,0.8676,18.905235,4.348015,-1.8874,-0.0128,-0.1618,-0.8536
/kaggle/input/datasets/duc24kdl/sub-x-ray/sub_X-Ray/sub_chest/IM-0019-0001.jpeg,,sub_chest,IM-0019-0001.jpeg,ok,958x716 -> 1916x1432,2,1,895.45,39.2656,7.700498,2.774977,0.9327,0.9927,0.1993,5.8285,37.3097,12.081203,3.475803,0.8975,0.9826,0.3694,0.3694,0.3694,6.6357,135.2765,51.7589,135.2765,51.7589,0.1642,37.3097,0.8975,12.081203,3.475803,-1.9559,-0.0102,-0.1702,-0.8072
/kaggle/input/datasets/duc24kdl/sub-x-ray/sub_X-Ray/sub_chest/IM-0021-0001.jpeg,,sub_chest,IM-0021-0001.jpeg,ok,1312x946 -> 2624x1892,2,1,1601.07,37.7887,10.819536,3.289306,0.9356,0.9927,0.2118,6.6105,35.921,16.633421,4.078409,0.9021,0.9827,0.3632,0.3632,0.3632,7.0718,151.8179,44.3154,151.8179,44.3154,0.1546,35.921,0.9021,16.633421,4.078409,-1.8677,-0.01,-0.1514,-0.4613
/kaggle/input/datasets/duc24kdl/sub-x-ray/sub_X-Ray/sub_chest/IM-0022-0001.jpeg,,sub_chest,IM-0022-0001.jpeg,ok,650x308 -> 1300x616,2,1,264.98,37.5109,11.534303,3.396219,0.919,0.9915,0.2621,6.3067,36.1569,15.75406,3.969138,0.8831,0.9816,0.3985,0.3985,0.3985,6.8613,86.4051,32.786,86.4051,32.786,0.2245,36.1569,0.8831,15.75406,3.969138,-1.354,-0.0099,-0.1365,-0.5546
/kaggle/input/datasets/duc24kdl/sub-x-ray/sub_X-Ray/sub_chest/IM-0023-0001.jpeg,,sub_chest,IM-0023-0001.jpeg,ok,1011x692 -> 2022x1384,2,1,932.32,37.2926,12.128736,3.482633,0.9159,0.9915,0.225,5.9245,35.6655,17.641106,4.200132,0.8759,0.98,0.3843,0.3843,0.3843,6.6205,132.9893,54.5484,132.9893,54.5484,0.2295,35.6655,0.8759,17.641106,4.200132,-1.6271,-0.0115,-0.1593,-0.696
/kaggle/input/datasets/duc24kdl/sub-x-ray/sub_X-Ray/sub_chest/IM-0025-0001.jpeg,,sub_chest,IM-0025-0001.jpeg,ok,1360x1229 -> 2720x2458,2,1,2312.11,38.4819,9.223303,3.036989,0.9255,0.992,0.1915,6.0464,36.6041,14.212625,3.769964,0.882,0.9797,0.3444,0.3444,0.3444,6.4498,133.4568,66.6122,133.4568,66.6122,0.2038,36.6041,0.882,14.212625,3.769964,-1.8779,-0.0123,-0.1529,-0.4034
/kaggle/input/datasets/duc24kdl/sub-x-ray/sub_X-Ray/sub_chest/IM-0027-0001.jpeg,,sub_chest,IM-0027-0001.jpeg,ok,1135x913 -> 2270x1826,2,1,1398.13,38.1528,9.949488,3.154281,0.919,0.9915,0.2152,6.1861,36.4218,14.821942,3.849928,0.8758,0.9791,0.3681,0.3681,0.3681,6.9136,143.3724,53.746,143.3724,53.746,0.2419,36.4218,0.8758,14.821942,3.849928,-1.731,-0.0124,-0.1529,-0.7274
/kaggle/input/datasets/duc24kdl/sub-x-ray/sub_X-Ray/sub_chest/IM-0028-0001.jpeg,,sub_chest,IM-0028-0001.jpeg,ok,1261x1062 -> 2522x2124,2,1,1830.13,38.3676,9.469289,3.077221,0.9239,0.9919,0.2145,5.6739,36.5517,14.385023,3.792759,0.8857,0.9804,0.3709,0.3709,0.3709,6.3861,127.9898,59.2813,127.9898,59.2813,0.1915,36.5517,0.8857,14.385023,3.792759,-1.8159,-0.0115,-0.1564,-0.7122
/kaggle/input/datasets/duc24kdl/sub-x-ray/sub_X-Ray/sub_chest/IM-0029-0001.jpeg,,sub_chest,IM-0029-0001.jpeg,ok,1171x1069 -> 2342x2138,2,1,1712.07,37.3165,12.062332,3.473087,0.9078,0.9905,0.2335,6.1831,35.5048,18.306338,4.278591,0.8609,0.9766,0.3983,0.3983,0.3983,6.9749,150.0821,45.835,150.0821,45.835,0.1804,35.5048,0.8609,18.306338,4.278591,-1.8117,-0.0138,-0.1648,-0.7919
/kaggle/input/datasets/duc24kdl/sub-x-ray/sub_X-Ray/sub_chest/IM-0030-0001.jpeg,,sub_chest,IM-0030-0001.jpeg,ok,823x657 -> 1646x1314,2,1,712.41,37.5986,11.303735,3.362103,0.9105,0.991,0.2262,5.6501,36.0733,16.060141,4.007511,0.8644,0.9789,0.3971,0.3971,0.3971,6.5616,109.9085,51.0592,109.9085,51.0592,0.2358,36.0733,0.8644,16.060141,4.007511,-1.5253,-0.0121,-0.1709,-0.9114
/kaggle/input/datasets/duc24kdl/sub-x-ray/sub_X-Ray/sub_chest/IM-0031-0001.jpeg,,sub_chest,IM-0031-0001.jpeg,ok,974x816 -> 1948x1632,2,1,1033.55,39.1445,7.918241,2.813937,0.9277,0.9925,0.1985,5.6517,37.109,12.65253,3.557039,0.8904,0.9813,0.367,0.367,0.367,6.0279,138.8529,58.2056,138.8529,58.2056,0.1566,37.109,0.8904,12.65253,3.557039,-2.0355,-0.0112,-0.1686,-0.3763
/kaggle/input/datasets/duc24kdl/sub-x-ray/sub_X-Ray/sub_chest/IM-0033-0001-0001.jpeg,,sub_chest,IM-0033-0001-0001.jpeg,ok,1085x976 -> 2170x1952,2,1,1396.5,37.334,12.013731,3.466083,0.9099,0.991,0.2172,5.5695,35.5439,18.142257,4.259373,0.8647,0.9761,0.3947,0.3947,0.3947,6.0028,151.9801,65.347,151.9801,65.347,0.2424,35.5439,0.8647,18.142257,4.259373,-1.7901,-0.0149,-0.1775,-0.4333
/kaggle/input/datasets/duc24kdl/sub-x-ray/sub_X-Ray/sub_chest/IM-0033-0001-0002.jpeg,,sub_chest,IM-0033-0001-0002.jpeg,ok,1012x918 -> 2024x1836,2,1,1210.84,37.8747,10.607418,3.256903,0.9234,0.9919,0.2037,5.9998,35.6176,17.837044,4.223392,0.8801,0.9785,0.3846,0.3846,0.3846,6.2953,147.7904,54.8385,147.7904,54.8385,0.1269,35.6176,0.8801,17.837044,4.223392,-2.2571,-0.0135,-0.1809,-0.2954
/kaggle/input/datasets/duc24kdl/sub-x-ray/sub_X-Ray/sub_chest/IM-0033-0001.jpeg,,sub_chest,IM-0033-0001.jpeg,ok,829x767 -> 1658x1534,2,1,841.76,37.266,12.203428,3.493341,0.9265,0.9927,0.2052,5.9572,35.2611,19.362679,4.400304,0.8877,0.9813,0.3849,0.3849,0.3849,6.6552,143.6726,51.7789,143.6726,51.7789,0.1599,35.2611,0.8877,19.362679,4.400304,-2.0048,-0.0114,-0.1797,-0.698
/kaggle/input/datasets/duc24kdl/sub-x-ray/sub_X-Ray/sub_chest/IM-0035-0001.jpeg,,sub_chest,IM-0035-0001.jpeg,ok,1240x1164 -> 2480x2328,2,1,1857.54,37.7868,10.824293,3.290029,0.9106,0.9908,0.2381,5.6653,36.0403,16.182567,4.022756,0.8702,0.9783,0.3888,0.3888,0.3888,6.5759,131.0293,58.7751,131.0293,58.7751,0.1646,36.0403,0.8702,16.182567,4.022756,-1.7465,-0.0125,-0.1507,-0.9106
/kaggle/input/datasets/duc24kdl/sub-x-ray/sub_X-Ray/sub_chest/IM-0036-0001.jpeg,,sub_chest,IM-0036-0001.jpeg,ok,1048x854 -> 2096x1708,2,1,1137.26,37.9948,10.318096,3.212179,0.9343,0.9932,0.1827,5.571,35.231,19.497588,4.415607,0.8949,0.9776,0.3744,0.3744,0.3744,5.7741,153.7448,69.2726,153.7448,69.2726,0.2901,35.231,0.8949,19.497588,4.415607,-2.7638,-0.0156,-0.1917,-0.2031
/kaggle/input/datasets/duc24kdl/sub-x-ray/sub_X-Ray/sub_chest/IM-0037-0001.jpeg,,sub_chest,IM-0037-0001.jpeg,ok,870x752 -> 1740x1504,2,1,852.17,37.7678,10.871757,3.297235,0.9207,0.9917,0.2106,5.8851,36.0373,16.193746,4.024145,0.8801,0.98,0.3844,0.3844,0.3844,6.6567,140.6639,49.3652,140.6639,49.3652,0.2457,36.0373,0.8801,16.193746,4.024145,-1.7305,-0.0117,-0.1737,-0.7716
/kaggle/input/datasets/duc24kdl/sub-x-ray/sub_X-Ray/sub_chest/IM-0039-0001.jpeg,,sub_chest,IM-0039-0001.jpeg,ok,1076x896 -> 2152x1792,2,1,1266.97,39.0372,8.116307,2.848913,0.9349,0.993,0.1918,5.6268,37.2847,12.150933,3.485819,0.9,0.9828,0.367,0.367,0.367,6.3697,134.4947,57.5203,134.4947,57.5203,0.2117,37.2847,0.9,12.150933,3.485819,-1.7525,-0.0102,-0.1753,-0.7429
/kaggle/input/datasets/duc24kdl/sub-x-ray/sub_X-Ray/sub_chest/IM-0041-0001.jpeg,,sub_chest,IM-0041-0001.jpeg,ok,1011x1035 -> 2022x2070,2,1,1411.6,37.3849,11.873952,3.44586,0.9068,0.9905,0.2317,5.7723,35.6686,17.628574,4.19864,0.8604,0.9775,0.4027,0.4027,0.4027,6.627,108.0554,53.897,108.0554,53.897,0.1967,35.6686,0.8604,17.628574,4.19864,-1.7162,-0.013,-0.171,-0.8548
/kaggle/input/datasets/duc24kdl/sub-x-ray/sub_X-Ray/sub_chest/IM-0043-0001.jpeg,,sub_chest,IM-0043-0001.jpeg,ok,1148x1016 -> 2296x2032,2,1,1522.13,37.9944,10.31914,3.212342,0.9103,0.9904,0.226,6.1661,36.1018,15.955008,3.994372,0.8648,0.9767,0.3873,0.3873,0.3873,6.9615,143.8739,49.9054,143.8739,49.9054,0.1589,36.1018,0.8648,15.955008,3.994372,-1.8925,-0.0137,-0.1613,-0.7953
/kaggle/input/datasets/duc24kdl/sub-x-ray/sub_X-Ray/sub_chest/IM-0045-0001.jpeg,,sub_chest,IM-0045-0001.jpeg,ok,1373x1191 -> 2746x2382,2,1,2240.82,37.9148,10.509824,3.241886,0.9181,0.9915,0.2059,5.8745,35.937,16.572372,4.070918,0.8733,0.9776,0.3737,0.3737,0.3737,6.5967,145.3665,58.5189,145.3665,58.5189,0.1458,35.937,0.8733,16.572372,4.070918,-1.9779,-0.0139,-0.1679,-0.7222
/kaggle/input/datasets/duc24kdl/sub-x-ray/sub_X-Ray/sub_chest/IM-0046-0001.jpeg,,sub_chest,IM-0046-0001.jpeg,ok,1000x862 -> 2000x1724,2,1,1093.91,37.82,10.741896,3.277483,0.9208,0.9916,0.211,5.9854,36.0442,16.1683,4.020982,0.8793,0.9795,0.3824,0.3824,0.3824,6.8492,142.8962,49.8278,142.8962,49.8278,0.2062,36.0442,0.8793,16.1683,4.020982,-1.7758,-0.0121,-0.1713,-0.8638
/kaggle/input/datasets/duc24kdl/sub-x-ray/sub_X-Ray/sub_chest/IM-0049-0001.jpeg,,sub_chest,IM-0049-0001.jpeg,ok,881x530 -> 1762x1060,2,1,625.58,42.075,4.032564,2.008124,0.9621,0.9957,0.1164,5.8651,39.3617,7.53196,2.744442,0.9343,0.9881,0.2628,0.2628,0.2628,6.2692,120.9247,59.3816,120.9247,59.3816,0.2233,39.3617,0.9343,7.53196,2.744442,-2.7133,-0.0075,-0.1464,-0.4041
/kaggle/input/datasets/duc24kdl/sub-x-ray/sub_X-Ray/sub_chest/IM-0050-0001.jpeg,,sub_chest,IM-0050-0001.jpeg,ok,1376x941 -> 2752x1882,2,1,1672.15,40.0572,6.417355,2.53325,0.9412,0.9933,0.1473,5.7818,37.8338,10.707879,3.27229,0.904,0.9825,0.2972,0.2972,0.2972,6.4215,131.7457,54.2803,131.7457,54.2803,0.2447,37.8338,0.904,10.707879,3.27229,-2.2235,-0.0108,-0.1499,-0.6397
/kaggle/input/datasets/duc24kdl/sub-x-ray/sub_X-Ray/sub_chest/IM-0059-0001.jpeg,,sub_chest,IM-0059-0001.jpeg,ok,808x520 -> 1616x1040,2,1,526.78,42.1393,3.973335,1.993323,0.975,0.9968,0.0976,6.5771,39.6642,7.025229,2.650515,0.9521,0.9909,0.2285,0.2285,0.2285,6.6991,139.4539,62.4409,139.4539,62.4409,0.2346,39.6642,0.9521,7.025229,2.650515,-2.4751,-0.0059,-0.1309,-0.122
/kaggle/input/datasets/duc24kdl/sub-x-ray/sub_X-Ray/sub_chest/IM-0061-0001.jpeg,,sub_chest,IM-0061-0001.jpeg,ok,877x659 -> 1754x1318,2,1,772.73,42.4648,3.686355,1.919988,0.9778,0.9973,0.0936,6.3869,38.1159,10.034327,3.167701,0.9551,0.9874,0.2565,0.2565,0.2565,6.4989,138.0576,72.3474,138.0576,72.3474,0.2498,38.1159,0.9551,10.034327,3.167701,-4.3489,-0.0098,-0.1629,-0.112
/kaggle/input/datasets/duc24kdl/sub-x-ray/sub_X-Ray/sub_chest/IM-0063-0001.jpeg,,sub_chest,IM-0063-0001.jpeg,ok,1017x880 -> 2034x1760,2,1,1175.78,43.5109,2.897248,1.702131,0.9805,0.9974,0.0901,6.5704,41.8618,4.235472,2.058026,0.9632,0.9934,0.2143,0.2143,0.2143,6.7507,113.6931,59.4391,113.6931,59.4391,0.3647,41.8618,0.9632,4.235472,2.058026,-1.6492,-0.004,-0.1242,-0.1803
/kaggle/input/datasets/duc24kdl/sub-x-ray/sub_X-Ray/sub_chest/IM-0065-0001.jpeg,,sub_chest,IM-0065-0001.jpeg,ok,781x510 -> 1562x1020,2,1,525.57,45.2494,1.941513,1.393382,0.9777,0.9972,0.0884,6.3712,42.1981,3.919827,1.979855,0.9554,0.9922,0.224,0.224,0.224,6.4279,106.6128,63.7825,106.6128,63.7825,0.2333,42.1981,0.9554,3.919827,1.979855,-3.0513,-0.005,-0.1355,-0.0567
/kaggle/input/datasets/duc24kdl/sub-x-ray/sub_X-Ray/sub_chest/IM-0067-0001.jpeg,,sub_chest,IM-0067-0001.jpeg,ok,786x562 -> 1572x1124,2,1,579.25,42.4952,3.660644,1.913281,0.9785,0.9972,0.0858,6.3407,40.265,6.117528,2.473364,0.9574,0.9922,0.2078,0.2078,0.2078,6.4216,109.2419,61.7591,109.2419,61.7591,0.2594,40.265,0.9574,6.117528,2.473364,-2.2302,-0.005,-0.122,-0.0809
/kaggle/input/datasets/duc24kdl/sub-x-ray/sub_X-Ray/sub_chest/IM-0069-0001.jpeg,,sub_chest,IM-0069-0001.jpeg,ok,987x613 -> 1974x1226,2,1,807.74,42.3201,3.811277,1.952249,0.978,0.9972,0.0949,6.5545,40.5491,5.730183,2.39378,0.96,0.9924,0.223,0.223,0.223,6.6135,124.9801,64.4068,124.9801,64.4068,0.3105,40.5491,0.96,5.730183,2.39378,-1.771,-0.0048,-0.1281,-0.0591
/kaggle/input/datasets/duc24kdl/sub-x-ray/sub_X-Ray/sub_chest/IM-0070-0001.jpeg,,sub_chest,IM-0070-0001.jpeg,ok,1017x696 -> 2034x1392,2,1,923.08,45.9671,1.645775,1.282878,0.9807,0.9975,0.0833,6.1888,42.6698,3.516448,1.875219,0.9586,0.9932,0.1961,0.1961,0.1961,6.471,105.7932,64.3887,105.7932,64.3887,0.2206,42.6698,0.9586,3.516448,1.875219,-3.2973,-0.0043,-0.1128,-0.2822
/kaggle/input/datasets/duc24kdl/sub-x-ray/sub_X-Ray/sub_chest/IM-0071-0001.jpeg,,sub_chest,IM-0071-0001.jpeg,ok,1030x779 -> 2060x1558,2,1,1065.82,42.2538,3.869864,1.967197,0.9745,0.9968,0.1024,6.106,40.2584,6.126899,2.475257,0.9508,0.9915,0.2312,0.2312,0.2312,6.7945,130.5666,60.1624,130.5666,60.1624,0.3287,40.2584,0.9508,6.126899,2.475257,-1.9955,-0.0054,-0.1288,-0.6885
/kaggle/input/datasets/duc24kdl/sub-x-ray/sub_X-Ray/sub_chest/IM-0073-0001.jpeg,,sub_chest,IM-0073-0001.jpeg,ok,661x325 -> 1322x650,2,1,286.05,41.3136,4.805309,2.192101,0.9657,0.9962,0.1184,6.167,38.5897,8.997204,2.999534,0.9358,0.9895,0.2691,0.2691,0.2691,6.4821,132.0242,53.8583,132.0242,53.8583,0.1874,38.5897,0.9358,8.997204,2.999534,-2.7239,-0.0067,-0.1508,-0.3151
/kaggle/input/datasets/duc24kdl/sub-x-ray/sub_X-Ray/sub_chest/IM-0075-0001.jpeg,,sub_chest,IM-0075-0001.jpeg,ok,893x534 -> 1786x1068,2,1,626.05,42.749,3.452882,1.858193,0.9725,0.9967,0.1042,5.7753,40.0568,6.417983,2.533374,0.9462,0.9909,0.2357,0.2357,0.2357,6.7611,132.1214,59.1937,132.1214,59.1937,0.1828,40.0568,0.9462,6.417983,2.533374,-2.6922,-0.0059,-0.1315,-0.9858
/kaggle/input/datasets/duc24kdl/sub-x-ray/sub_X-Ray/sub_chest/IM-0077-0001.jpeg,,sub_chest,IM-0077-0001.jpeg,ok,870x623 -> 1740x1246,2,1,717.58,42.4537,3.69581,1.922449,0.9844,0.9978,0.0752,6.9234,40.6262,5.629381,2.372632,0.974,0.9946,0.1877,0.1877,0.1877,6.9224,130.3219,57.5294,130.3219,57.5294,0.2757,40.6262,0.974,5.629381,2.372632,-1.8275,-0.0031,-0.1125,0.001
/kaggle/input/datasets/duc24kdl/sub-x-ray/sub_X-Ray/sub_chest/IM-0079-0001.jpeg,,sub_chest,IM-0079-0001.jpeg,ok,887x615 -> 1774x1230,2,1,725.7,43.1844,3.1235,1.767343,0.9752,0.9969,0.0966,6.5348,40.1049,6.347277,2.51938,0.9527,0.9908,0.2313,0.2313,0.2313,6.402,137.8476,60.8983,137.8476,60.8983,0.2303,40.1049,0.9527,6.347277,2.51938,-3.0795,-0.0061,-0.1348,0.1328
/kaggle/input/datasets/duc24kdl/sub-x-ray/sub_X-Ray/sub_chest/IM-0081-0001.jpeg,,sub_chest,IM-0081-0001.jpeg,ok,630x383 -> 1260x766,2,1,322.03,42.3287,3.803726,1.950314,0.977,0.9971,0.0911,6.5395,39.5525,7.208287,2.684825,0.9569,0.9919,0.2159,0.2159,0.2159,6.7405,124.187,58.0239,124.187,58.0239,0.2554,39.5525,0.9569,7.208287,2.684825,-2.7762,-0.0052,-0.1248,-0.2011
/kaggle/input/datasets/duc24kdl/sub-x-ray/sub_X-Ray/sub_chest/IM-0083-0001.jpeg,,sub_chest,IM-0083-0001.jpeg,ok,620x462 -> 1240x924,2,1,372.73,42.1445,3.968509,1.992112,0.9738,0.9968,0.1044,6.5175,39.8749,6.692539,2.586994,0.9487,0.9916,0.2344,0.2344,0.2344,6.9283,128.3213,55.5606,128.3213,55.5606,0.3071,39.8749,0.9487,6.692539,2.586994,-2.2696,-0.0051,-0.1299,-0.4108
/kaggle/input/datasets/duc24kdl/sub-x-ray/sub_X-Ray/sub_chest/IM-0084-0001.jpeg,,sub_chest,IM-0084-0001.jpeg,ok,877x593 -> 1754x1186,2,1,692.02,42.4507,3.698368,1.923114,0.9769,0.9971,0.0991,6.5088,40.1119,6.337117,2.517363,0.9575,0.9916,0.237,0.237,0.237,6.6371,130.0271,64.5769,130.0271,64.5769,0.2208,40.1119,0.9575,6.337117,2.517363,-2.3388,-0.0055,-0.138,-0.1283
/kaggle/input/datasets/duc24kdl/sub-x-ray/sub_X-Ray/sub_chest/IM-0085-0001.jpeg,,sub_chest,IM-0085-0001.jpeg,ok,779x507 -> 1558x1014,2,1,523.54,41.9518,4.14856,2.036802,0.9754,0.9971,0.1005,6.0541,39.5809,7.161224,2.676046,0.9528,0.9918,0.2399,0.2399,0.2399,6.6858,128.216,57.4365,128.216,57.4365,0.2275,39.5809,0.9528,7.161224,2.676046,-2.3709,-0.0053,-0.1395,-0.6317
/kaggle/input/datasets/duc24kdl/sub-x-ray/sub_X-Ray/sub_chest/IM-0086-0001.jpeg,,sub_chest,IM-0086-0001.jpeg,ok,1003x730 -> 2006x1460,2,1,972.52,42.3709,3.766931,1.940858,0.9756,0.997,0.0992,6.0534,40.7037,5.529839,2.351561,0.9522,0.9918,0.2313,0.2313,0.2313,6.8954,109.1179,64.8338,109.1179,64.8338,0.3592,40.7037,0.9522,5.529839,2.351561,-1.6672,-0.0051,-0.1322,-0.842
/kaggle/input/datasets/duc24kdl/sub-x-ray/sub_X-Ray/sub_chest/IM-0087-0001.jpeg,,sub_chest,IM-0087-0001.jpeg,ok,945x678 -> 1890x1356,2,1,853.42,45.2,1.96373,1.401331,0.9766,0.9971,0.0961,6.0164,42.2645,3.860402,1.96479,0.9522,0.9921,0.218,0.218,0.218,6.8128,117.936,63.8945,117.936,63.8945,0.2355,42.2645,0.9522,3.860402,1.96479,-2.9355,-0.005,-0.1219,-0.7964
/kaggle/input/datasets/duc24kdl/sub-x-ray/sub_X-Ray/sub_chest/IM-0089-0001.jpeg,,sub_chest,IM-0089-0001.jpeg,ok,1213x1038 -> 2426x2076,2,1,1712.52,43.9918,2.59357,1.610456,0.9802,0.9973,0.0915,6.7855,42.0406,4.064608,2.016087,0.9665,0.9929,0.2206,0.2206,0.2206,6.7467,136.5056,62.0746,136.5056,62.0746,0.3466,42.0406,0.9665,4.064608,2.016087,-1.9512,-0.0044,-0.1291,0.0387
/kaggle/input/datasets/duc24kdl/sub-x-ray/sub_X-Ray/sub_chest/IM-0091-0001.jpeg,,sub_chest,IM-0091-0001.jpeg,ok,877x518 -> 1754x1036,2,1,604.34,42.5609,3.605744,1.89888,0.9771,0.9972,0.0938,6.2956,39.8978,6.657288,2.580172,0.9544,0.9918,0.2308,0.2308,0.2308,6.5216,119.7648,60.517,119.7648,60.517,0.3044,39.8978,0.9544,6.657288,2.580172,-2.663,-0.0054,-0.137,-0.2261
/kaggle/input/datasets/duc24kdl/sub-x-ray/sub_X-Ray/sub_chest/IM-0093-0001.jpeg,,sub_chest,IM-0093-0001.jpeg,ok,894x641 -> 1788x1282,2,1,755.13,45.9947,1.635343,1.278805,0.9857,0.9979,0.0712,7.2005,42.8839,3.347247,1.829548,0.9755,0.9946,0.1955,0.1955,0.1955,7.0127,148.56,55.1073,148.56,55.1073,0.2515,42.8839,0.9755,3.347247,1.829548,-3.1108,-0.0033,-0.1243,0.1878
/kaggle/input/datasets/duc24kdl/sub-x-ray/sub_X-Ray/sub_chest/IM-0095-0001.jpeg,,sub_chest,IM-0095-0001.jpeg,ok,933x655 -> 1866x1310,2,1,819.29,45.2681,1.933154,1.390379,0.978,0.9972,0.0824,6.5241,42.1475,3.965832,1.99144,0.957,0.992,0.2025,0.2025,0.2025,6.6369,119.8788,69.2528,119.8788,69.2528,0.2197,42.1475,0.957,3.965832,1.99144,-3.1207,-0.0052,-0.1201,-0.1127
/kaggle/input/datasets/duc24kdl/sub-x-ray/sub_X-Ray/sub_chest/IM-0097-0001.jpeg,,sub_chest,IM-0097-0001.jpeg,ok,779x462 -> 1558x924,2,1,476.27,41.8543,4.242754,2.059795,0.9774,0.9972,0.093,6.3392,39.5499,7.212646,2.685637,0.9569,0.9918,0.2236,0.2236,0.2236,6.3357,122.4238,68.3215,122.4238,68.3215,0.207,39.5499,0.9569,7.212646,2.685637,-2.3045,-0.0054,-0.1306,0.0035
/kaggle/input/datasets/duc24kdl/sub-x-ray/sub_X-Ray/sub_chest/IM-0099-0001.jpeg,,sub_chest,IM-0099-0001.jpeg,ok,931x663 -> 1862x1326,2,1,827.8,44.3128,2.408822,1.552038,0.9773,0.9972,0.0896,6.1365,41.6728,4.423829,2.10329,0.9523,0.9923,0.2044,0.2044,0.2044,6.4953,109.9586,64.1433,109.9586,64.1433,0.2307,41.6728,0.9523,4.423829,2.10329,-2.6399,-0.005,-0.1148,-0.3588
/kaggle/input/datasets/duc24kdl/sub-x-ray/sub_X-Ray/sub_chest/IM-0101-0001.jpeg,,sub_chest,IM-0101-0001.jpeg,ok,730x453 -> 1460x906,2,1,434.61,41.1102,5.035708,2.244038,0.9691,0.9966,0.1125,5.4576,38.7129,8.745673,2.957308,0.9383,0.9903,0.2627,0.2627,0.2627,6.291,101.1829,62.174,101.1829,62.174,0.3283,38.7129,0.9383,8.745673,2.957308,-2.3973,-0.0063,-0.1502,-0.8334
/kaggle/input/datasets/duc24kdl/sub-x-ray/sub_X-Ray/sub_chest/IM-0102-0001.jpeg,,sub_chest,IM-0102-0001.jpeg,ok,736x431 -> 1472x862,2,1,391.7,40.4963,5.800245,2.40837,0.9682,0.9964,0.1166,5.7285,38.944,8.292355,2.879645,0.9381,0.9905,0.2594,0.2594,0.2594,6.3347,93.6209,55.1811,93.6209,55.1811,0.3528,38.944,0.9381,8.292355,2.879645,-1.5523,-0.0059,-0.1428,-0.6062
/kaggle/input/datasets/duc24kdl/sub-x-ray/sub_X-Ray/sub_chest/IM-0103-0001.jpeg,,sub_chest,IM-0103-0001.jpeg,ok,985x1042 -> 1970x2084,2,1,1369.5,43.0954,3.188151,1.785539,0.9793,0.9972,0.0902,6.7035,41.4019,4.708558,2.169921,0.9625,0.9926,0.2136,0.2136,0.2136,6.8286,134.4539,62.2973,134.4539,62.2973,0.3346,41.4019,0.9625,4.708558,2.169921,-1.6935,-0.0046,-0.1234,-0.1251
/kaggle/input/datasets/duc24kdl/sub-x-ray/sub_X-Ray/sub_chest/IM-0105-0001.jpeg,,sub_chest,IM-0105-0001.jpeg,ok,1011x649 -> 2022x1298,2,1,882.12,43.0619,3.212815,1.792433,0.9786,0.9972,0.0906,6.5453,40.5325,5.752212,2.398377,0.9602,0.9923,0.2192,0.2192,0.2192,6.5388,131.7098,64.1013,131.7098,64.1013,0.2593,40.5325,0.9602,5.752212,2.398377,-2.5295,-0.005,-0.1286,0.0065
/kaggle/input/datasets/duc24kdl/sub-x-ray/sub_X-Ray/sub_chest/IM-0107-0001.jpeg,,sub_chest,IM-0107-0001.jpeg,ok,912x562 -> 1824x1124,2,1,643.65,42.3356,3.797709,1.948771,0.9781,0.9972,0.0933,6.0408,40.118,6.328154,2.515582,0.9549,0.9922,0.2187,0.2187,0.2187,6.4937,120.2565,65.8779,120.2565,65.8779,0.2476,40.118,0.9549,6.328154,2.515582,-2.2176,-0.005,-0.1255,-0.4529
/kaggle/input/datasets/duc24kdl/sub-x-ray/sub_X-Ray/sub_chest/IM-0109-0001.jpeg,,sub_chest,IM-0109-0001.jpeg,ok,901x555 -> 1802x1110,2,1,669.62,43.6883,2.781299,1.667723,0.9753,0.9969,0.0974,6.2762,40.7901,5.420919,2.328287,0.955,0.9912,0.233,0.233,0.233,6.5557,127.2583,67.7944,127.2583,67.7944,0.1848,40.7901,0.955,5.420919,2.328287,-2.8983,-0.0057,-0.1355,-0.2795
/kaggle/input/datasets/duc24kdl/sub-x-ray/sub_X-Ray/sub_chest/IM-0110-0001.jpeg,,sub_chest,IM-0110-0001.jpeg,ok,771x435 -> 1542x870,2,1,445.69,41.9428,4.15716,2.038911,0.9755,0.9971,0.0968,6.1995,39.1726,7.86725,2.804862,0.9481,0.9907,0.2409,0.2409,0.2409,6.455,123.2271,64.3446,123.2271,64.3446,0.2606,39.1726,0.9481,7.86725,2.804862,-2.7703,-0.0064,-0.1442,-0.2555
/kaggle/input/datasets/duc24kdl/sub-x-ray/sub_X-Ray/sub_chest/IM-0111-0001.jpeg,,sub_chest,IM-0111-0001.jpeg,ok,955x651 -> 1910x1302,2,1,829.81,44.0553,2.555954,1.598735,0.9785,0.9972,0.093,6.448,41.4828,4.621669,2.149807,0.9599,0.9929,0.2145,0.2145,0.2145,6.8728,128.0584,57.1456,128.0584,57.1456,0.2386,41.4828,0.9599,4.621669,2.149807,-2.5725,-0.0044,-0.1216,-0.4247
/kaggle/input/datasets/duc24kdl/sub-x-ray/sub_X-Ray/sub_chest/IM-0115-0001.jpeg,,sub_chest,IM-0115-0001.jpeg,ok,1045x929 -> 2090x1858,2,1,1279.77,41.6167,4.481382,2.116927,0.9572,0.996,0.1625,6.7804,40.2329,6.163033,2.482546,0.9424,0.9916,0.3174,0.3174,0.3174,6.8085,129.1565,62.5064,129.1565,62.5064,0.2517,40.2329,0.9424,6.163033,2.482546,-1.3838,-0.0044,-0.1549,-0.0281
/kaggle/input/datasets/duc24kdl/sub-x-ray/sub_X-Ray/sub_chest/IM-0117-0001.jpeg,,sub_chest,IM-0117-0001.jpeg,ok,711x576 -> 1422x1152,2,1,532.86,40.0884,6.371522,2.524187,0.9499,0.9955,0.1809,5.9481,38.5274,9.127208,3.021127,0.9252,0.9902,0.3351,0.3351,0.3351,6.5183,100.8342,59.8871,100.8342,59.8871,0.1917,38.5274,0.9252,9.127208,3.021127,-1.5609,-0.0053,-0.1542,-0.5703
/kaggle/input/datasets/duc24kdl/sub-x-ray/sub_X-Ray/sub_chest/IM-0119-0001.jpeg,,sub_chest,IM-0119-0001.jpeg,ok,905x717 -> 1810x1434,2,1,862.91,40.8468,5.350606,2.313138,0.9522,0.9957,0.1625,6.2129,39.515,7.270802,2.696442,0.9266,0.9905,0.3082,0.3082,0.3082,6.863,122.3058,68.9315,122.3058,68.9315,0.2965,39.515,0.9266,7.270802,2.696442,-1.3318,-0.0052,-0.1457,-0.6501
/kaggle/input/datasets/duc24kdl/sub-x-ray/sub_X-Ray/sub_chest/IM-0122-0001.jpeg,,sub_chest,IM-0122-0001.jpeg,ok,809x639 -> 1618x1278,2,1,684.71,41.0608,5.093271,2.256828,0.9545,0.9957,0.164,6.8181,39.3117,7.6193,2.760308,0.9356,0.9906,0.3163,0.3163,0.3163,6.9116,133.2751,65.1926,133.2751,65.1926,0.1662,39.3117,0.9356,7.6193,2.760308,-1.7492,-0.0051,-0.1523,-0.0935
/kaggle/input/datasets/duc24kdl/sub-x-ray/sub_X-Ray/sub_chest/IM-0125-0001.jpeg,,sub_chest,IM-0125-0001.jpeg,ok,800x562 -> 1600x1124,2,1,558.33,39.701,6.965871,2.639294,0.9447,0.9951,0.1805,5.4816,38.0213,10.255368,3.2024,0.9143,0.989,0.3309,0.3309,0.3309,6.4494,106.4617,65.1361,106.4617,65.1361,0.2074,38.0213,0.9143,10.255368,3.2024,-1.6798,-0.0061,-0.1504,-0.9678
/kaggle/input/datasets/duc24kdl/sub-x-ray/sub_X-Ray/sub_chest/IM-0127-0001.jpeg,,sub_chest,IM-0127-0001.jpeg,ok,987x653 -> 1974x1306,2,1,860.76,39.5823,7.158958,2.675623,0.9333,0.994,0.2052,6.072,38.178,9.891867,3.145134,0.9081,0.9877,0.3592,0.3592,0.3592,6.629,130.704,57.1435,130.704,57.1435,0.1661,38.178,0.9081,9.891867,3.145134,-1.4043,-0.0062,-0.154,-0.5571
/kaggle/input/datasets/duc24kdl/sub-x-ray/sub_X-Ray/sub_chest/IM-0128-0001.jpeg,,sub_chest,IM-0128-0001.jpeg,ok,764x506 -> 1528x1012,2,1,494.22,38.7967,8.578491,2.928906,0.9351,0.9943,0.1941,5.6481,37.7362,10.951139,3.309251,0.9039,0.988,0.3469,0.3469,0.3469,6.583,97.4047,58.7597,97.4047,58.7597,0.2564,37.7362,0.9039,10.951139,3.309251,-1.0605,-0.0063,-0.1528,-0.9349
/kaggle/input/datasets/duc24kdl/sub-x-ray/sub_X-Ray/sub_chest/IM-0129-0001.jpeg,,sub_chest,IM-0129-0001.jpeg,ok,692x583 -> 1384x1166,2,1,522.93,39.6628,7.027561,2.650955,0.9394,0.9947,0.1935,5.7425,38.0048,10.294387,3.208487,0.9102,0.9885,0.3578,0.3578,0.3578,6.7992,115.9008,62.5404,115.9008,62.5404,0.2167,38.0048,0.9102,10.294387,3.208487,-1.658,-0.0062,-0.1643,-1.0566
/kaggle/input/datasets/duc24kdl/sub-x-ray/sub_X-Ray/sub_chest/IM-0131-0001.jpeg,,sub_chest,IM-0131-0001.jpeg,ok,725x572 -> 1450x1144,2,1,546.02,38.5234,9.135589,3.022514,0.9246,0.9935,0.2173,5.6557,37.1425,12.55541,3.543361,0.8952,0.9871,0.3702,0.3702,0.3702,6.6229,109.8018,55.0073,109.8018,55.0073,0.2045,37.1425,0.8952,12.55541,3.543361,-1.3809,-0.0064,-0.1529,-0.9672
/kaggle/input/datasets/duc24kdl/sub-x-ray/sub_X-Ray/sub_chest/IM-0133-0001.jpeg,,sub_chest,IM-0133-0001.jpeg,ok,734x496 -> 1468x992,2,1,467.02,39.8737,6.694365,2.587347,0.9279,0.9936,0.1979,5.2365,38.3073,9.601665,3.098655,0.8934,0.9863,0.3516,0.3516,0.3516,6.4331,109.944,64.7341,109.944,64.7341,0.1362,38.3073,0.8934,9.601665,3.098655,-1.5664,-0.0073,-0.1537,-1.1965
/kaggle/input/datasets/duc24kdl/sub-x-ray/sub_X-Ray/sub_chest/IM-0135-0001.jpeg,,sub_chest,IM-0135-0001.jpeg,ok,862x790 -> 1724x1580,2,1,889.98,39.1866,7.841836,2.800328,0.9332,0.9941,0.1917,5.7324,37.7222,10.986405,3.314575,0.9013,0.9869,0.3499,0.3499,0.3499,6.4757,120.5857,66.4307,120.5857,66.4307,0.2379,37.7222,0.9013,10.986405,3.314575,-1.4644,-0.0073,-0.1581,-0.7433
/kaggle/input/datasets/duc24kdl/sub-x-ray/sub_X-Ray/sub_chest/IM-0137-0001.jpeg,,sub_chest,IM-0137-0001.jpeg,ok,673x522 -> 1346x1044,2,1,464.98,38.328,9.555983,3.091275,0.9197,0.9931,0.2208,6.1194,36.7682,13.68543,3.699382,0.8896,0.9856,0.3957,0.3957,0.3957,6.6423,128.0458,52.7088,128.0458,52.7088,0.1376,36.7682,0.8896,13.68543,3.699382,-1.5598,-0.0075,-0.175,-0.5229
/kaggle/input/datasets/duc24kdl/sub-x-ray/sub_X-Ray/sub_chest/IM-0140-0001.jpeg,,sub_chest,IM-0140-0001.jpeg,ok,578x618 -> 1156x1236,2,1,469.86,36.9502,13.123863,3.622687,0.8894,0.9907,0.2459,5.6993,35.1601,19.81827,4.451772,0.8468,0.9784,0.4503,0.4503,0.4503,6.2647,149.1899,52.4631,149.1899,52.4631,0.1237,35.1601,0.8468,19.81827,4.451772,-1.79,-0.0124,-0.2043,-0.5653
/kaggle/input/datasets/duc24kdl/sub-x-ray/sub_X-Ray/sub_chest/IM-0141-0001.jpeg,,sub_chest,IM-0141-0001.jpeg,ok,870x726 -> 1740x1452,2,1,826.26,39.3338,7.580629,2.753294,0.9354,0.9943,0.1981,5.6833,37.911,10.519139,3.243322,0.9065,0.9878,0.3638,0.3638,0.3638,6.6396,118.4233,63.0922,118.4233,63.0922,0.1721,37.911,0.9065,10.519139,3.243322,-1.4227,-0.0065,-0.1657,-0.9563
/kaggle/input/datasets/duc24kdl/sub-x-ray/sub_X-Ray/sub_chest/IM-0143-0001.jpeg,,sub_chest,IM-0143-0001.jpeg,ok,1069x964 -> 2138x1928,2,1,1361.0,38.9361,8.307472,2.882268,0.9278,0.9937,0.2006,5.4914,37.6254,11.234219,3.351749,0.8941,0.9861,0.3553,0.3553,0.3553,6.6188,126.8028,69.4694,126.8028,69.4694,0.199,37.6254,0.8941,11.234219,3.351749,-1.3107,-0.0076,-0.1547,-1.1274
/kaggle/input/datasets/duc24kdl/sub-x-ray/sub_X-Ray/sub_chest/IM-0145-0001.jpeg,,sub_chest,IM-0145-0001.jpeg,ok,798x578 -> 1596x1156,2,1,605.25,38.7041,8.763372,2.960299,0.9293,0.9939,0.2092,5.72,37.4529,11.689265,3.418957,0.8983,0.9872,0.3742,0.3742,0.3742,6.739,119.7987,60.4598,119.7987,60.4598,0.2378,37.4529,0.8983,11.689265,3.418957,-1.2512,-0.0067,-0.165,-1.0189
/kaggle/input/datasets/duc24kdl/sub-x-ray/sub_X-Ray/sub_chest/IM-0147-0001.jpeg,,sub_chest,IM-0147-0001.jpeg,ok,1051x987 -> 2102x1974,2,1,1387.7,39.858,6.718682,2.592042,0.9369,0.9944,0.2023,5.898,38.5601,9.058842,3.009791,0.9088,0.988,0.3656,0.3656,0.3656,6.662,117.303,65.1057,117.303,65.1057,0.2276,38.5601,0.9088,9.058842,3.009791,-1.2979,-0.0064,-0.1633,-0.764
/kaggle/input/datasets/duc24kdl/sub-x-ray/sub_X-Ray/sub_chest/IM-0149-0001.jpeg,,sub_chest,IM-0149-0001.jpeg,ok,771x576 -> 1542x1152,2,1,574.98,39.4909,7.311289,2.70394,0.9403,0.9948,0.1823,5.5845,37.0818,12.732053,3.5682,0.9096,0.9882,0.3411,0.3411,0.3411,6.2488,119.7938,66.5153,119.7938,66.5153,0.1746,37.0818,0.9096,12.732053,3.5682,-2.409,-0.0065,-0.1588,-0.6644
/kaggle/input/datasets/duc24kdl/sub-x-ray/sub_X-Ray/sub_chest/IM-0151-0001.jpeg,,sub_chest,IM-0151-0001.jpeg,ok,759x578 -> 1518x1156,2,1,576.64,39.4772,7.334305,2.708192,0.9394,0.9947,0.1791,5.375,38.1584,9.936772,3.152265,0.9073,0.9887,0.3258,0.3258,0.3258,6.6231,102.1202,66.9866,102.1202,66.9866,0.2698,38.1584,0.9073,9.936772,3.152265,-1.3189,-0.006,-0.1467,-1.2482
/kaggle/input/datasets/duc24kdl/sub-x-ray/sub_X-Ray/sub_chest/IM-0152-0001.jpeg,,sub_chest,IM-0152-0001.jpeg,ok,806x566 -> 1612x1132,2,1,602.99,39.7116,6.948895,2.636076,0.9382,0.9945,0.1922,6.3037,37.9484,10.428875,3.229377,0.9142,0.9881,0.367,0.367,0.367,6.412,129.2896,59.5801,129.2896,59.5801,0.171,37.9484,0.9142,10.428875,3.229377,-1.7632,-0.0064,-0.1748,-0.1083
/kaggle/input/datasets/duc24kdl/sub-x-ray/sub_X-Ray/sub_chest/IM-0154-0001.jpeg,,sub_chest,IM-0154-0001.jpeg,ok,922x719 -> 1844x1438,2,1,872.06,40.5513,5.727308,2.39318,0.9543,0.9959,0.1696,5.8111,39.2484,7.731096,2.780485,0.9273,0.9909,0.3214,0.3214,0.3214,6.6821,110.3695,65.626,110.3695,65.626,0.2465,39.2484,0.9273,7.731096,2.780485,-1.3029,-0.005,-0.1518,-0.871
/kaggle/input/datasets/duc24kdl/sub-x-ray/sub_X-Ray/sub_chest/IM-0156-0001.jpeg,,sub_chest,IM-0156-0001.jpeg,ok,744x604 -> 1488x1208,2,1,558.23,39.1631,7.884441,2.807925,0.9316,0.994,0.2105,5.9101,37.6907,11.066377,3.326616,0.9045,0.9877,0.3701,0.3701,0.3701,6.6864,112.5761,52.2129,112.5761,52.2129,0.193,37.6907,0.9045,11.066377,3.326616,-1.4723,-0.0063,-0.1596,-0.7763
/kaggle/input/datasets/duc24kdl/sub-x-ray/sub_X-Ray/sub_chest/IM-0158-0001.jpeg,,sub_chest,IM-0158-0001.jpeg,ok,497x379 -> 994x758,2,1,253.28,38.3585,9.489288,3.080469,0.9279,0.994,0.2032,6.1999,36.8132,13.544449,3.680278,0.8963,0.9877,0.3747,0.3747,0.3747,6.6688,105.8262,56.4448,105.8262,56.4448,0.1227,36.8132,0.8963,13.544449,3.680278,-1.5453,-0.0063,-0.1715,-0.4689
/kaggle/input/datasets/duc24kdl/sub-x-ray/sub_X-Ray/sub_chest/IM-0160-0001.jpeg,,sub_chest,IM-0160-0001.jpeg,ok,875x657 -> 1750x1314,2,1,765.18,39.7025,6.963568,2.638857,0.9375,0.9945,0.1932,6.2581,38.1957,9.851714,3.138744,0.9138,0.9888,0.3563,0.3563,0.3563,6.6428,128.8775,54.8121,128.8775,54.8121,0.1534,38.1957,0.9138,9.851714,3.138744,-1.5068,-0.0057,-0.1632,-0.3847
/kaggle/input/datasets/duc24kdl/sub-x-ray/sub_X-Ray/sub_chest/IM-0162-0001.jpeg,,sub_chest,IM-0162-0001.jpeg,ok,881x715 -> 1762x1430,2,1,840.65,39.1287,7.947192,2.819077,0.9333,0.9942,0.2108,6.0186,38.0464,10.196349,3.193172,0.908,0.9882,0.3861,0.3861,0.3861,6.8273,116.8475,55.832,116.8475,55.832,0.2126,38.0464,0.908,10.196349,3.193172,-1.0823,-0.006,-0.1753,-0.8087
/kaggle/input/datasets/duc24kdl/sub-x-ray/sub_X-Ray/sub_chest/IM-0164-0001.jpeg,,sub_chest,IM-0164-0001.jpeg,ok,601x404 -> 1202x808,2,1,321.07,39.6559,7.038586,2.653033,0.9387,0.9946,0.1946,6.569,37.8926,10.563848,3.250207,0.9147,0.9885,0.3629,0.3629,0.3629,6.7298,132.8719,51.2432,132.8719,51.2432,0.1625,37.8926,0.9147,10.563848,3.250207,-1.7634,-0.0061,-0.1684,-0.1608
/kaggle/input/datasets/duc24kdl/sub-x-ray/sub_X-Ray/sub_chest/IM-0166-0001.jpeg,,sub_chest,IM-0166-0001.jpeg,ok,986x859 -> 1972x1718,2,1,1122.56,39.8034,6.803696,2.60839,0.938,0.9945,0.1878,5.8928,38.4354,9.322578,3.05329,0.9087,0.9882,0.3474,0.3474,0.3474,6.6899,118.7742,66.4334,118.7742,66.4334,0.2212,38.4354,0.9087,9.322578,3.05329,-1.3679,-0.0063,-0.1596,-0.7971
/kaggle/input/datasets/duc24kdl/sub-x-ray/sub_X-Ray/sub_chest/IM-0168-0001.jpeg,,sub_chest,IM-0168-0001.jpeg,ok,767x593 -> 1534x1186,2,1,597.74,38.8786,8.418141,2.901403,0.9286,0.9938,0.1896,5.6397,37.33,12.024868,3.467689,0.8934,0.9863,0.3511,0.3511,0.3511,6.4907,119.5662,68.1271,119.5662,68.1271,0.1616,37.33,0.8934,12.024868,3.467689,-1.5486,-0.0075,-0.1615,-0.851
/kaggle/input/datasets/duc24kdl/sub-x-ray/sub_X-Ray/sub_chest/IM-0170-0001.jpeg,,sub_chest,IM-0170-0001.jpeg,ok,1074x748 -> 2148x1496,2,1,1060.64,39.7285,6.921908,2.630952,0.9298,0.9936,0.1997,6.188,38.0728,10.134523,3.183477,0.902,0.9856,0.3566,0.3566,0.3566,6.6964,149.387,59.9703,149.387,59.9703,0.1664,38.0728,0.902,10.134523,3.183477,-1.6558,-0.008,-0.1569,-0.5084
/kaggle/input/datasets/duc24kdl/sub-x-ray/sub_X-Ray/sub_chest/IM-0172-0001.jpeg,,sub_chest,IM-0172-0001.jpeg,ok,938x946 -> 1876x1892,2,1,1180.11,40.3451,6.005732,2.45066,0.9636,0.9964,0.1615,6.6728,38.7477,8.67574,2.945461,0.9453,0.9918,0.3185,0.3185,0.3185,6.7569,141.3288,57.5445,141.3288,57.5445,0.2768,38.7477,0.9453,8.67574,2.945461,-1.5974,-0.0046,-0.157,-0.0841
/kaggle/input/datasets/duc24kdl/sub-x-ray/sub_X-Ray/sub_chest/IM-0176-0001.jpeg,,sub_chest,IM-0176-0001.jpeg,ok,840x778 -> 1680x1556,2,1,819.43,39.5082,7.282243,2.698563,0.927,0.9935,0.2069,6.1761,37.8771,10.601569,3.256005,0.8987,0.9852,0.3846,0.3846,0.3846,6.8083,155.2565,52.0858,155.2565,52.0858,0.158,37.8771,0.8987,10.601569,3.256005,-1.631,-0.0082,-0.1777,-0.6321
/kaggle/input/datasets/duc24kdl/sub-x-ray/sub_X-Ray/sub_chest/IM-0177-0001.jpeg,,sub_chest,IM-0177-0001.jpeg,ok,1086x807 -> 2172x1614,2,1,1153.99,42.0004,4.10238,2.025433,0.955,0.9961,0.145,5.0493,39.8018,6.806102,2.608851,0.9205,0.9896,0.2752,0.2752,0.2752,6.4269,90.3971,71.19,90.3971,71.19,0.1389,39.8018,0.9205,6.806102,2.608851,-2.1986,-0.0065,-0.1302,-1.3776
/kaggle/input/datasets/duc24kdl/sub-x-ray/sub_X-Ray/sub_chest/IM-0178-0001.jpeg,,sub_chest,IM-0178-0001.jpeg,ok,823x562 -> 1646x1124,2,1,609.88,41.0896,5.059591,2.249354,0.9398,0.9946,0.1838,6.0672,39.2893,7.658611,2.76742,0.9131,0.9879,0.3469,0.3469,0.3469,6.8813,142.583,58.9773,142.583,58.9773,0.1253,39.2893,0.9131,7.658611,2.76742,-1.8003,-0.0067,-0.163,-0.8141
/kaggle/input/datasets/duc24kdl/sub-x-ray/sub_X-Ray/sub_chest/IM-0180-0001.jpeg,,sub_chest,IM-0180-0001.jpeg,ok,1068x825 -> 2136x1650,2,1,1158.22,39.6683,7.018542,2.649253,0.9315,0.9939,0.2088,6.1176,38.0153,10.269449,3.204598,0.9039,0.9866,0.3818,0.3818,0.3818,6.4721,138.7445,58.9066,138.7445,58.9066,0.1747,38.0153,0.9039,10.269449,3.204598,-1.653,-0.0073,-0.173,-0.3544
/kaggle/input/datasets/duc24kdl/sub-x-ray/sub_X-Ray/sub_chest/IM-0182-0001.jpeg,,sub_chest,IM-0182-0001.jpeg,ok,686x502 -> 1372x1004,2,1,445.14,39.6062,7.119599,2.668258,0.9382,0.9946,0.1832,5.8178,37.755,10.90387,3.302101,0.9052,0.9874,0.338,0.338,0.338,6.5269,136.2701,67.3263,136.2701,67.3263,0.2181,37.755,0.9052,10.90387,3.302101,-1.8513,-0.0071,-0.1547,-0.7091
/kaggle/input/datasets/duc24kdl/sub-x-ray/sub_X-Ray/sub_chest/IM-0183-0001.jpeg,,sub_chest,IM-0183-0001.jpeg,ok,1169x1012 -> 2338x2024,2,1,1595.8,41.0835,5.066725,2.250939,0.9522,0.9955,0.173,6.0953,39.6598,7.032415,2.65187,0.9285,0.9903,0.3227,0.3227,0.3227,6.792,119.5358,66.6861,119.5358,66.6861,0.2411,39.6598,0.9285,7.032415,2.65187,-1.4238,-0.0053,-0.1497,-0.6967
/kaggle/input/datasets/duc24kdl/sub-x-ray/sub_X-Ray/sub_chest/IM-0185-0001.jpeg,,sub_chest,IM-0185-0001.jpeg,ok,729x595 -> 1458x1190,2,1,574.16,39.9347,6.600972,2.569236,0.9442,0.995,0.1756,6.1369,38.4313,9.331443,3.054741,0.9154,0.9887,0.3312,0.3312,0.3312,6.7421,130.0324,65.5402,130.0324,65.5402,0.2827,38.4313,0.9154,9.331443,3.054741,-1.5034,-0.0063,-0.1556,-0.6051
/kaggle/input/datasets/duc24kdl/sub-x-ray/sub_X-Ray/sub_chest/IM-0187-0001.jpeg,,sub_chest,IM-0187-0001.jpeg,ok,927x786 -> 1854x1572,2,1,966.75,40.1106,6.338987,2.517734,0.9434,0.9949,0.1903,6.102,38.9874,8.209877,2.865288,0.9192,0.9895,0.343,0.343,0.343,6.9295,125.9871,60.05,125.9871,60.05,0.228,38.9874,0.9192,8.209877,2.865288,-1.1232,-0.0054,-0.1527,-0.8275
/kaggle/input/datasets/duc24kdl/sub-x-ray/sub_X-Ray/sub_chest/IM-0189-0001.jpeg,,sub_chest,IM-0189-0001.jpeg,ok,733x554 -> 1466x1108,2,1,538.17,39.6541,7.041566,2.653595,0.944,0.995,0.1875,6.068,38.3461,9.5163,3.08485,0.9191,0.9892,0.3442,0.3442,0.3442,6.7158,123.2938,61.049,123.2938,61.049,0.266,38.3461,0.9191,9.5163,3.08485,-1.308,-0.0057,-0.1566,-0.6478
/kaggle/input/datasets/duc24kdl/sub-x-ray/sub_X-Ray/sub_chest/IM-0191-0001.jpeg,,sub_chest,IM-0191-0001.jpeg,ok,1082x873 -> 2164x1746,2,1,1263.19,39.8417,6.743854,2.596893,0.9384,0.9944,0.1895,5.871,38.2088,9.822112,3.134025,0.9113,0.9875,0.3478,0.3478,0.3478,6.6053,136.1527,62.9185,136.1527,62.9185,0.1573,38.2088,0.9113,9.822112,3.134025,-1.633,-0.0069,-0.1583,-0.7343
/kaggle/input/datasets/duc24kdl/sub-x-ray/sub_X-Ray/sub_chest/IM-0193-0001.jpeg,,sub_chest,IM-0193-0001.jpeg,ok,1005x873 -> 2010x1746,2,1,1171.88,40.2076,6.199048,2.489789,0.9407,0.9946,0.1862,5.7392,38.9407,8.298659,2.880739,0.9136,0.9888,0.3346,0.3346,0.3346,6.7251,112.2405,61.6283,112.2405,61.6283,0.2275,38.9407,0.9136,8.298659,2.880739,-1.2668,-0.0058,-0.1484,-0.9859
/kaggle/input/datasets/duc24kdl/sub-x-ray/sub_X-Ray/sub_chest/IM-0195-0001.jpeg,,sub_chest,IM-0195-0001.jpeg,ok,887x773 -> 1774x1546,2,1,916.07,40.2287,6.168929,2.483733,0.9432,0.9949,0.1916,6.3491,38.7916,8.588631,2.930637,0.9194,0.9888,0.3625,0.3625,0.3625,6.9436,132.0268,60.9391,132.0268,60.9391,0.2699,38.7916,0.9194,8.588631,2.930637,-1.4371,-0.0061,-0.1709,-0.5945
/kaggle/input/datasets/duc24kdl/sub-x-ray/sub_X-Ray/sub_chest/IM-0199-0001.jpeg,,sub_chest,IM-0199-0001.jpeg,ok,753x416 -> 1506x832,2,1,409.09,38.8154,8.541633,2.922607,0.9339,0.9943,0.1833,5.7758,37.5616,11.400461,3.376457,0.9017,0.988,0.3473,0.3473,0.3473,6.8632,121.6871,64.3752,121.6871,64.3752,0.2826,37.5616,0.9017,11.400461,3.376457,-1.2538,-0.0063,-0.164,-1.0874
/kaggle/input/datasets/duc24kdl/sub-x-ray/sub_X-Ray/sub_chest/IM-0201-0001.jpeg,,sub_chest,IM-0201-0001.jpeg,ok,723x655 -> 1446x1310,2,1,619.0,39.4493,7.381672,2.716923,0.9372,0.9946,0.1896,5.4128,37.8342,10.706798,3.272124,0.9061,0.9882,0.3513,0.3513,0.3513,6.4048,103.1418,62.2089,103.1418,62.2089,0.2216,37.8342,0.9061,10.706798,3.272124,-1.615,-0.0064,-0.1616,-0.9921
/kaggle/input/datasets/duc24kdl/sub-x-ray/sub_X-Ray/sub_chest/IM-0203-0001.jpeg,,sub_chest,IM-0203-0001.jpeg,ok,717x630 -> 1434x1260,2,1,595.76,39.3038,7.633073,2.762802,0.9333,0.9941,0.1966,5.7193,37.8275,10.723402,3.274661,0.9038,0.9875,0.3619,0.3619,0.3619,6.7365,121.8368,61.5232,121.8368,61.5232,0.2278,37.8275,0.9038,10.723402,3.274661,-1.4763,-0.0066,-0.1653,-1.0172
/kaggle/input/datasets/duc24kdl/sub-x-ray/sub_X-Ray/sub_chest/IM-0205-0001.jpeg,,sub_chest,IM-0205-0001.jpeg,ok,777x537 -> 1554x1074,2,1,550.91,37.7556,10.902467,3.301888,0.9134,0.9925,0.2084,5.0559,36.7003,13.901096,3.728417,0.8747,0.9844,0.3598,0.3598,0.3598,6.3969,105.0319,63.0332,105.0319,63.0332,0.2181,36.7003,0.8747,13.901096,3.728417,-1.0552,-0.0082,-0.1514,-1.341
/kaggle/input/datasets/duc24kdl/sub-x-ray/sub_X-Ray/sub_chest/IM-0206-0001.jpeg,,sub_chest,IM-0206-0001.jpeg,ok,520x373 -> 1040x746,2,1,242.39,37.2347,12.291559,3.505932,0.8986,0.9916,0.2271,5.8881,35.6045,17.890804,4.229752,0.8598,0.9826,0.4166,0.4166,0.4166,6.3335,117.6054,54.3649,117.6054,54.3649,0.1755,35.6045,0.8598,17.890804,4.229752,-1.6302,-0.009,-0.1895,-0.4454
/kaggle/input/datasets/duc24kdl/sub-x-ray/sub_X-Ray/sub_chest/IM-0207-0001.jpeg,,sub_chest,IM-0207-0001.jpeg,ok,713x524 -> 1426x1048,2,1,493.74,38.0882,10.098489,3.177812,0.9311,0.9942,0.2004,5.6488,36.5801,14.291415,3.780399,0.8982,0.9873,0.3776,0.3776,0.3776,6.622,113.1054,59.9258,113.1054,59.9258,0.2463,36.5801,0.8982,14.291415,3.780399,-1.5082,-0.0069,-0.1772,-0.9732
/kaggle/input/datasets/duc24kdl/sub-x-ray/sub_X-Ray/sub_chest/IM-0209-0001.jpeg,,sub_chest,IM-0209-0001.jpeg,ok,582x510 -> 1164x1020,2,1,392.34,39.5028,7.291255,2.700232,0.9367,0.9945,0.1885,6.2823,37.8531,10.660331,3.265016,0.9092,0.9882,0.3566,0.3566,0.3566,6.6764,126.6233,58.0597,126.6233,58.0597,0.1732,37.8531,0.9092,10.660331,3.265016,-1.6497,-0.0063,-0.1681,-0.3941
/kaggle/input/datasets/duc24kdl/sub-x-ray/sub_X-Ray/sub_chest/IM-0210-0001.jpeg,,sub_chest,IM-0210-0001.jpeg,ok,844x552 -> 1688x1104,2,1,592.44,39.1593,7.891255,2.809138,0.9372,0.9945,0.1877,5.3024,37.9184,10.501219,3.240558,0.9051,0.9882,0.338,0.338,0.338,6.5277,111.1018,66.5625,111.1018,66.5625,0.2543,37.9184,0.9051,10.501219,3.240558,-1.2409,-0.0063,-0.1503,-1.2252
/kaggle/input/datasets/duc24kdl/sub-x-ray/sub_X-Ray/sub_chest/IM-0211-0001.jpeg,,sub_chest,IM-0211-0001.jpeg,ok,821x622 -> 1642x1244,2,1,679.38,40.0659,6.404587,2.530729,0.9437,0.995,0.1811,6.2984,38.2062,9.82785,3.13494,0.9217,0.9892,0.3463,0.3463,0.3463,6.4702,122.4471,59.4504,122.4471,59.4504,0.1767,38.2062,0.9217,9.82785,3.13494,-1.8597,-0.0058,-0.1652,-0.1718
/kaggle/input/datasets/duc24kdl/sub-x-ray/sub_X-Ray/sub_chest/IM-0213-0001.jpeg,,sub_chest,IM-0213-0001.jpeg,ok,964x651 -> 1928x1302,2,1,823.22,40.8809,5.308676,2.304057,0.9542,0.9959,0.1672,5.7295,39.1808,7.852385,2.802211,0.9306,0.9909,0.3225,0.3225,0.3225,6.4549,120.7109,63.1644,120.7109,63.1644,0.1649,39.1808,0.9306,7.852385,2.802211,-1.7002,-0.0049,-0.1553,-0.7254
/kaggle/input/datasets/duc24kdl/sub-x-ray/sub_X-Ray/sub_chest/IM-0214-0001.jpeg,,sub_chest,IM-0214-0001.jpeg,ok,761x610 -> 1522x1220,2,1,609.31,40.9781,5.191226,2.278426,0.954,0.9958,0.1738,6.461,38.9997,8.186635,2.86123,0.9316,0.9902,0.3363,0.3363,0.3363,6.7587,129.4561,58.326,129.4561,58.326,0.2121,38.9997,0.9316,8.186635,2.86123,-1.9784,-0.0056,-0.1626,-0.2977
/kaggle/input/datasets/duc24kdl/sub-x-ray/sub_X-Ray/sub_chest/IM-0215-0001.jpeg,,sub_chest,IM-0215-0001.jpeg,ok,833x604 -> 1666x1208,2,1,663.87,39.125,7.953844,2.820256,0.9354,0.9944,0.1925,5.4837,37.3368,12.006093,3.464981,0.9014,0.987,0.3526,0.3526,0.3526,6.1305,109.9234,66.0495,109.9234,66.0495,0.1851,37.3368,0.9014,12.006093,3.464981,-1.7882,-0.0074,-0.1602,-0.6468
/kaggle/input/datasets/duc24kdl/sub-x-ray/sub_X-Ray/sub_chest/IM-0216-0001.jpeg,,sub_chest,IM-0216-0001.jpeg,ok,972x683 -> 1944x1366,2,1,860.28,40.2963,6.073689,2.464485,0.9491,0.9954,0.1687,5.4956,38.9289,8.321337,2.884673,0.9206,0.9896,0.3115,0.3115,0.3115,6.6191,108.4734,69.4084,108.4734,69.4084,0.2971,38.9289,0.9206,8.321337,2.884673,-1.3674,-0.0058,-0.1428,-1.1234
/kaggle/input/datasets/duc24kdl/sub-x-ray/sub_X-Ray/sub_chest/IM-0217-0001.jpeg,,sub_chest,IM-0217-0001.jpeg,ok,827x637 -> 1654x1274,2,1,696.97,40.9741,5.196066,2.279488,0.9606,0.9963,0.1448,6.6282,39.7356,6.910698,2.628821,0.9407,0.9917,0.2959,0.2959,0.2959,6.5878,98.7271,66.863,98.7271,66.863,0.2876,39.7356,0.9407,6.910698,2.628821,-1.2385,-0.0046,-0.151,0.0404
/kaggle/input/datasets/duc24kdl/sub-x-ray/sub_X-Ray/sub_chest/IM-0218-0001.jpeg,,sub_chest,IM-0218-0001.jpeg,ok,839x827 -> 1678x1654,2,1,923.48,41.1063,5.04023,2.245046,0.9529,0.9957,0.1675,6.4795,39.4381,7.400689,2.720421,0.9322,0.9907,0.3174,0.3174,0.3174,6.7774,125.1473,57.914,125.1473,57.914,0.2005,39.4381,0.9322,7.400689,2.720421,-1.6682,-0.005,-0.1498,-0.2979
/kaggle/input/datasets/duc24kdl/sub-x-ray/sub_X-Ray/sub_chest/IM-0219-0001.jpeg,,sub_chest,IM-0219-0001.jpeg,ok,796x636 -> 1592x1272,2,1,647.34,40.4483,5.864703,2.421715,0.951,0.9956,0.1812,6.2474,38.5932,8.989924,2.99832,0.9266,0.9898,0.3465,0.3465,0.3465,6.7616,134.9877,55.7318,134.9877,55.7318,0.1707,38.5932,0.9266,8.989924,2.99832,-1.8551,-0.0058,-0.1653,-0.5142
/kaggle/input/datasets/duc24kdl/sub-x-ray/sub_X-Ray/sub_chest/IM-0220-0001.jpeg,,sub_chest,IM-0220-0001.jpeg,ok,742x699 -> 1484x1398,2,1,679.16,39.2285,7.766605,2.786863,0.9335,0.9942,0.1925,5.6318,37.8782,10.598862,3.255589,0.9007,0.9871,0.3416,0.3416,0.3416,6.7798,123.2263,66.2944,123.2263,66.2944,0.2351,37.8782,0.9007,10.598862,3.255589,-1.3503,-0.007,-0.1491,-1.148
/kaggle/input/datasets/duc24kdl/sub-x-ray/sub_X-Ray/sub_chest/IM-0221-0001.jpeg,,sub_chest,IM-0221-0001.jpeg,ok,902x740 -> 1804x1480,2,1,874.27,41.1647,4.972868,2.229993,0.9535,0.9957,0.1726,6.9507,39.5713,7.177074,2.679006,0.9372,0.991,0.3336,0.3336,0.3336,6.8521,138.263,63.4886,138.263,63.4886,0.1544,39.5713,0.9372,7.177074,2.679006,-1.5934,-0.0047,-0.161,0.0986
/kaggle/input/datasets/duc24kdl/sub-x-ray/sub_X-Ray/sub_chest/IM-0222-0001.jpeg,,sub_chest,IM-0222-0001.jpeg,ok,802x589 -> 1604x1178,2,1,614.84,39.3139,7.615386,2.759599,0.9415,0.9949,0.1718,5.0733,37.924,10.487809,3.238489,0.9063,0.9879,0.3109,0.3109,0.3109,6.4349,109.7872,75.4062,109.7872,75.4062,0.2481,37.924,0.9063,10.487809,3.238489,-1.3899,-0.0071,-0.1391,-1.3616
/kaggle/input/datasets/duc24kdl/sub-x-ray/sub_X-Ray/sub_chest/IM-0223-0001.jpeg,,sub_chest,IM-0223-0001.jpeg,ok,926x716 -> 1852x1432,2,1,863.55,40.7063,5.526549,2.350861,0.9582,0.9961,0.1588,6.1574,38.7725,8.626445,2.937081,0.9353,0.9913,0.3034,0.3034,0.3034,6.3005,111.241,63.3551,111.241,63.3551,0.2061,38.7725,0.9353,8.626445,2.937081,-1.9338,-0.0048,-0.1447,-0.1431
/kaggle/input/datasets/duc24kdl/sub-x-ray/sub_X-Ray/sub_chest/IM-0224-0001.jpeg,,sub_chest,IM-0224-0001.jpeg,ok,883x643 -> 1766x1286,2,1,758.05,38.4942,9.197254,3.032697,0.9233,0.9932,0.2143,6.5838,36.8875,13.314627,3.648921,0.8993,0.9859,0.3774,0.3774,0.3774,6.7228,157.8767,43.976,157.8767,43.976,0.1691,36.8875,0.8993,13.314627,3.648921,-1.6067,-0.0073,-0.163,-0.139
/kaggle/input/datasets/duc24kdl/sub-x-ray/sub_X-Ray/sub_chest/IM-0225-0001.jpeg,,sub_chest,IM-0225-0001.jpeg,ok,1107x987 -> 2214x1974,2,1,1476.32,42.0745,4.033058,2.008248,0.9618,0.9964,0.1524,6.9619,40.8181,5.386062,2.320789,0.9477,0.9925,0.3038,0.3038,0.3038,6.5399,114.6251,63.709,114.6251,63.709,0.2837,40.8181,0.9477,5.386062,2.320789,-1.2564,-0.0039,-0.1514,0.422
/kaggle/input/datasets/duc24kdl/sub-x-ray/sub_X-Ray/sub_chest/IM-0226-0001.jpeg,,sub_chest,IM-0226-0001.jpeg,ok,885x693 -> 1770x1386,2,1,809.82,40.7614,5.45677,2.335973,0.9608,0.9965,0.1447,5.2455,39.4014,7.463405,2.731923,0.9315,0.9914,0.2701,0.2701,0.2701,6.3243,83.9665,66.278,83.9665,66.278,0.2595,39.4014,0.9315,7.463405,2.731923,-1.36,-0.0051,-0.1255,-1.0788
/kaggle/input/datasets/duc24kdl/sub-x-ray/sub_X-Ray/sub_chest/IM-0227-0001.jpeg,,sub_chest,IM-0227-0001.jpeg,ok,935x806 -> 1870x1612,2,1,999.87,40.5345,5.749472,2.397806,0.9449,0.9951,0.1829,5.8502,39.4598,7.363756,2.713624,0.9211,0.9903,0.3226,0.3226,0.3226,6.8686,114.6492,61.4157,114.6492,61.4157,0.2788,39.4598,0.9211,7.363756,2.713624,-1.0747,-0.0048,-0.1397,-1.0184
/kaggle/input/datasets/duc24kdl/sub-x-ray/sub_X-Ray/sub_chest/IM-0228-0001.jpeg,,sub_chest,IM-0228-0001.jpeg,ok,804x587 -> 1608x1174,2,1,609.74,39.0597,8.07431,2.841533,0.9422,0.9951,0.1674,5.2403,34.9106,20.99051,4.58154,0.9034,0.9831,0.339,0.339,0.339,5.7046,120.5477,81.6478,120.5477,81.6478,0.2354,34.9106,0.9034,20.99051,4.58154,-4.1492,-0.012,-0.1716,-0.4643
/kaggle/input/datasets/duc24kdl/sub-x-ray/sub_X-Ray/sub_chest/IM-0229-0001.jpeg,,sub_chest,IM-0229-0001.jpeg,ok,721x550 -> 1442x1100,2,1,526.09,40.8475,5.349715,2.312945,0.9556,0.9959,0.1573,6.3039,39.2633,7.704662,2.775727,0.933,0.9912,0.3031,0.3031,0.3031,6.4005,115.925,63.6717,115.925,63.6717,0.237,39.2633,0.933,7.704662,2.775727,-1.5842,-0.0047,-0.1458,-0.0965
/kaggle/input/datasets/duc24kdl/sub-x-ray/sub_X-Ray/sub_chest/IM-0230-0001.jpeg,,sub_chest,IM-0230-0001.jpeg,ok,812x628 -> 1624x1256,2,1,651.03,38.7799,8.611687,2.934568,0.9309,0.9939,0.1992,5.6126,37.1273,12.599437,3.549569,0.8989,0.9865,0.3599,0.3599,0.3599,6.3365,124.904,63.0538,124.904,63.0538,0.1549,37.1273,0.8989,12.599437,3.549569,-1.6526,-0.0074,-0.1608,-0.724
/kaggle/input/datasets/duc24kdl/sub-x-ray/sub_X-Ray/sub_chest/IM-0231-0001.jpeg,,sub_chest,IM-0231-0001.jpeg,ok,825x718 -> 1650x1436,2,1,782.89,41.0007,5.164303,2.27251,0.9514,0.9955,0.1831,6.8722,39.4319,7.411249,2.722361,0.9318,0.9909,0.3366,0.3366,0.3366,6.8721,132.7061,54.287,132.7061,54.287,0.1915,39.4319,0.9318,7.411249,2.722361,-1.5688,-0.0046,-0.1535,0.0001
/kaggle/input/datasets/duc24kdl/sub-x-ray/sub_X-Ray/sub_chest/IM-0234-0001.jpeg,,sub_chest,IM-0234-0001.jpeg,ok,775x537 -> 1550x1074,2,1,548.6,39.2511,7.726284,2.779619,0.9409,0.9949,0.1804,4.9319,37.7801,10.840955,3.29256,0.9063,0.9882,0.3253,0.3253,0.3253,6.2172,104.4088,70.0238,104.4088,70.0238,0.2697,37.7801,0.9063,10.840955,3.29256,-1.471,-0.0066,-0.145,-1.2852
/kaggle/input/datasets/duc24kdl/sub-x-ray/sub_X-Ray/sub_chest/IM-0235-0001.jpeg,,sub_chest,IM-0235-0001.jpeg,ok,908x750 -> 1816x1500,2,1,877.24,41.2747,4.848555,2.201943,0.9575,0.996,0.1576,6.6046,39.9946,6.510591,2.551586,0.9377,0.9914,0.3016,0.3016,0.3016,6.8242,115.5901,64.1758,115.5901,64.1758,0.3055,39.9946,0.9377,6.510591,2.551586,-1.2801,-0.0047,-0.144,-0.2196
/kaggle/input/datasets/duc24kdl/sub-x-ray/sub_X-Ray/sub_chest/IM-0236-0001.jpeg,,sub_chest,IM-0236-0001.jpeg,ok,721x487 -> 1442x974,2,1,462.47,39.4018,7.46274,2.731802,0.9478,0.9955,0.1726,5.2215,37.7162,11.00161,3.316867,0.9153,0.9891,0.3287,0.3287,0.3287,6.515,100.3446,65.6437,100.3446,65.6437,0.276,37.7162,0.9153,11.00161,3.316867,-1.6856,-0.0064,-0.1561,-1.2935
/kaggle/input/datasets/duc24kdl/sub-x-ray/sub_X-Ray/sub_chest/IM-0237-0001.jpeg,,sub_chest,IM-0237-0001.jpeg,ok,895x570 -> 1790x1140,2,1,669.69,39.6188,7.099074,2.664409,0.9426,0.995,0.1815,5.2909,37.8603,10.642762,3.262325,0.9096,0.9884,0.3339,0.3339,0.3339,6.262,110.2753,68.5004,110.2753,68.5004,0.164,37.8603,0.9096,10.642762,3.262325,-1.7585,-0.0065,-0.1524,-0.9711
/kaggle/input/datasets/duc24kdl/sub-x-ray/sub_X-Ray/sub_chest/IM-0238-0001.jpeg,,sub_chest,IM-0238-0001.jpeg,ok,732x525 -> 1464x1050,2,1,497.9,38.7122,8.747077,2.957546,0.9335,0.9943,0.2036,5.6213,36.9265,13.195712,3.63259,0.8995,0.9872,0.3751,0.3751,0.3751,6.2315,110.6297,57.8581,110.6297,57.8581,0.2035,36.9265,0.8995,13.195712,3.63259,-1.7857,-0.0072,-0.1714,-0.6102
/kaggle/input/datasets/duc24kdl/sub-x-ray/sub_X-Ray/sub_chest/IM-0239-0001.jpeg,,sub_chest,IM-0239-0001.jpeg,ok,845x657 -> 1690x1314,2,1,731.33,40.3641,5.979543,2.44531,0.9536,0.9958,0.1613,5.5116,39.0217,8.145411,2.854017,0.9273,0.9907,0.3009,0.3009,0.3009,6.4087,93.1011,64.7913,93.1011,64.7913,0.2796,39.0217,0.9273,8.145411,2.854017,-1.3425,-0.0051,-0.1395,-0.8972
/kaggle/input/datasets/duc24kdl/sub-x-ray/sub_X-Ray/sub_chest/IM-0240-0001.jpeg,,sub_chest,IM-0240-0001.jpeg,ok,972x854 -> 1944x1708,2,1,1069.11,40.9964,5.169363,2.273623,0.9519,0.9956,0.1679,6.1082,39.5351,7.23719,2.690203,0.9285,0.9908,0.3081,0.3081,0.3081,6.7446,120.6124,62.5477,120.6124,62.5477,0.1748,39.5351,0.9285,7.23719,2.690203,-1.4613,-0.0048,-0.1402,-0.6363
/kaggle/input/datasets/duc24kdl/sub-x-ray/sub_X-Ray/sub_chest/IM-0241-0001.jpeg,,sub_chest,IM-0241-0001.jpeg,ok,903x696 -> 1806x1392,2,1,821.86,40.1584,6.26965,2.503927,0.9455,0.9951,0.1765,6.0986,38.6934,8.785006,2.963951,0.9205,0.9897,0.3243,0.3243,0.3243,6.8048,119.9712,62.4612,119.9712,62.4612,0.1623,38.6934,0.9205,8.785006,2.963951,-1.465,-0.0054,-0.1477,-0.7062
/kaggle/input/datasets/duc24kdl/sub-x-ray/sub_X-Ray/sub_chest/IM-0242-0001.jpeg,,sub_chest,IM-0242-0001.jpeg,ok,922x734 -> 1844x1468,2,1,890.98,41.2176,4.912706,2.216463,0.958,0.9961,0.1715,6.7697,39.596,7.136361,2.671397,0.9408,0.9918,0.3284,0.3284,0.3284,6.802,133.5941,55.8045,133.5941,55.8045,0.1758,39.596,0.9408,7.136361,2.671397,-1.6216,-0.0043,-0.1569,-0.0323
/kaggle/input/datasets/duc24kdl/sub-x-ray/sub_X-Ray/sub_chest/IM-0243-0001.jpeg,,sub_chest,IM-0243-0001.jpeg,ok,968x838 -> 1936x1676,2,1,1025.57,41.1752,4.960878,2.227303,0.9577,0.9961,0.1607,6.7792,39.8201,6.777589,2.60338,0.9419,0.9917,0.3193,0.3193,0.3193,6.679,117.3404,66.1734,117.3404,66.1734,0.2747,39.8201,0.9419,6.777589,2.60338,-1.3552,-0.0044,-0.1587,0.1002
/kaggle/input/datasets/duc24kdl/sub-x-ray/sub_X-Ray/sub_chest/IM-0244-0001.jpeg,,sub_chest,IM-0244-0001.jpeg,ok,677x512 -> 1354x1024,2,1,450.13,39.6052,7.12137,2.66859,0.9492,0.9954,0.1641,5.7532,38.3872,9.426612,3.070279,0.9208,0.9901,0.3055,0.3055,0.3055,6.631,111.1684,63.9665,111.1684,63.9665,0.2359,38.3872,0.9208,9.426612,3.070279,-1.2179,-0.0053,-0.1414,-0.8777
/kaggle/input/datasets/duc24kdl/sub-x-ray/sub_X-Ray/sub_chest/IM-0245-0001.jpeg,,sub_chest,IM-0245-0001.jpeg,ok,862x740 -> 1724x1480,2,1,828.55,40.1063,6.345306,2.518989,0.9511,0.9956,0.1828,6.4781,38.9623,8.257467,2.873581,0.93,0.9911,0.3325,0.3325,0.3325,6.9177,126.2457,57.6485,126.2457,57.6485,0.2384,38.9623,0.93,8.257467,2.873581,-1.1439,-0.0045,-0.1496,-0.4396
/kaggle/input/datasets/duc24kdl/sub-x-ray/sub_X-Ray/sub_chest/IM-0248-0001.jpeg,,sub_chest,IM-0248-0001.jpeg,ok,804x614 -> 1608x1228,2,1,621.22,36.5336,14.445211,3.800686,0.9361,0.9945,0.1919,5.336,34.9423,20.83755,4.564817,0.8964,0.9875,0.3418,0.3418,0.3418,6.1382,87.5297,60.0033,87.5297,60.0033,0.2803,34.9423,0.8964,20.83755,4.564817,-1.5912,-0.007,-0.1499,-0.8022
/kaggle/input/datasets/duc24kdl/sub-x-ray/sub_X-Ray/sub_chest/IM-0249-0001.jpeg,,sub_chest,IM-0249-0001.jpeg,ok,1198x995 -> 2396x1990,2,1,1602.14,41.2083,4.923188,2.218826,0.9533,0.9957,0.1568,6.5271,40.0211,6.470951,2.543806,0.9331,0.9907,0.3111,0.3111,0.3111,6.7375,118.8381,71.8952,118.8381,71.8952,0.2528,40.0211,0.9331,6.470951,2.543806,-1.1872,-0.005,-0.1543,-0.2104
/kaggle/input/datasets/duc24kdl/sub-x-ray/sub_X-Ray/sub_chest/IM-0250-0001.jpeg,,sub_chest,IM-0250-0001.jpeg,ok,775x684 -> 1550x1368,2,1,698.07,38.8868,8.402376,2.898685,0.924,0.9933,0.223,6.3251,37.4736,11.633815,3.410838,0.8973,0.9861,0.4008,0.4008,0.4008,6.6406,126.1593,53.6198,126.1593,53.6198,0.1581,37.4736,0.8973,11.633815,3.410838,-1.4132,-0.0072,-0.1778,-0.3154
/kaggle/input/datasets/duc24kdl/sub-x-ray/sub_X-Ray/sub_chest/IM-0251-0001.jpeg,,sub_chest,IM-0251-0001.jpeg,ok,906x603 -> 1812x1206,2,1,718.33,40.9509,5.223821,2.285568,0.9576,0.9961,0.1656,6.6248,39.3416,7.566862,2.750793,0.9365,0.9916,0.3177,0.3177,0.3177,6.7385,126.785,62.3293,126.785,62.3293,0.1844,39.3416,0.9365,7.566862,2.750793,-1.6093,-0.0045,-0.1521,-0.1137
/kaggle/input/datasets/duc24kdl/sub-x-ray/sub_X-Ray/sub_chest/IM-0253-0001.jpeg,,sub_chest,IM-0253-0001.jpeg,ok,860x653 -> 1720x1306,2,1,723.22,40.4,5.930368,2.435235,0.9489,0.9954,0.1669,5.8669,38.6758,8.820704,2.969967,0.9199,0.9895,0.3125,0.3125,0.3125,6.8037,122.0892,68.7336,122.0892,68.7336,0.1763,38.6758,0.9199,8.820704,2.969967,-1.7242,-0.0059,-0.1456,-0.9368
/kaggle/input/datasets/duc24kdl/sub-x-ray/sub_X-Ray/sub_chest/IM-0255-0001.jpeg,,sub_chest,IM-0255-0001.jpeg,ok,756x585 -> 1512x1170,2,1,568.71,39.5722,7.17559,2.678729,0.9479,0.9954,0.1757,5.6076,38.2075,9.824861,3.134463,0.9192,0.9897,0.3251,0.3251,0.3251,6.592,106.3319,66.3152,106.3319,66.3152,0.2421,38.2075,0.9192,9.824861,3.134463,-1.3647,-0.0057,-0.1493,-0.9845
/kaggle/input/datasets/duc24kdl/sub-x-ray/sub_X-Ray/sub_chest/IM-0256-0001.jpeg,,sub_chest,IM-0256-0001.jpeg,ok,781x543 -> 1562x1086,2,1,553.13,39.1279,7.948614,2.819329,0.9415,0.9949,0.1755,5.1397,37.8127,10.759863,3.280223,0.9085,0.9886,0.3189,0.3189,0.3189,6.4064,103.0424,67.9298,103.0424,67.9298,0.2511,37.8127,0.9085,10.759863,3.280223,-1.3152,-0.0063,-0.1434,-1.2667
/kaggle/input/datasets/duc24kdl/sub-x-ray/sub_X-Ray/sub_chest/IM-0257-0001.jpeg,,sub_chest,IM-0257-0001.jpeg,ok,841x709 -> 1682x1418,2,1,791.61,41.3374,4.779041,2.186102,0.9597,0.9963,0.1577,6.7433,39.6663,7.02179,2.649866,0.9414,0.9917,0.3037,0.3037,0.3037,6.6071,115.7635,63.0675,115.7635,63.0675,0.2214,39.6663,0.9414,7.02179,2.649866,-1.6711,-0.0045,-0.146,0.1362
/kaggle/input/datasets/duc24kdl/sub-x-ray/sub_X-Ray/sub_chest/IM-0261-0001.jpeg,,sub_chest,IM-0261-0001.jpeg,ok,798x665 -> 1596x1330,2,1,693.02,40.6412,5.610003,2.368545,0.9527,0.9957,0.1756,6.6488,39.1009,7.998111,2.828093,0.9305,0.9906,0.3306,0.3306,0.3306,6.9665,133.8216,57.7124,133.8216,57.7124,0.2169,39.1009,0.9305,7.998111,2.828093,-1.5402,-0.0051,-0.155,-0.3177
/kaggle/input/datasets/duc24kdl/sub-x-ray/sub_X-Ray/sub_chest/IM-0262-0001.jpeg,,sub_chest,IM-0262-0001.jpeg,ok,845x769 -> 1690x1538,2,1,858.16,40.0226,6.468776,2.543379,0.9414,0.9948,0.1922,6.5165,38.5487,9.082541,3.013725,0.9187,0.9892,0.3537,0.3537,0.3537,6.7804,135.3942,56.8391,135.3942,56.8391,0.1874,38.5487,0.9187,9.082541,3.013725,-1.4739,-0.0056,-0.1615,-0.2639
/kaggle/input/datasets/duc24kdl/sub-x-ray/sub_X-Ray/sub_chest/IM-0264-0001.jpeg,,sub_chest,IM-0264-0001.jpeg,ok,905x772 -> 1810x1544,2,1,909.03,40.8005,5.407951,2.3255,0.957,0.9961,0.1442,5.0557,39.226,7.771096,2.787669,0.9248,0.9901,0.2666,0.2666,0.2666,6.5821,98.8177,73.9333,98.8177,73.9333,0.2457,39.226,0.9248,7.771096,2.787669,-1.5745,-0.006,-0.1224,-1.5265
/kaggle/input/datasets/duc24kdl/sub-x-ray/sub_X-Ray/sub_chest/IM-0265-0001.jpeg,,sub_chest,IM-0265-0001.jpeg,ok,808x554 -> 1616x1108,2,1,555.33,39.9653,6.5547,2.560215,0.955,0.996,0.1687,5.376,38.0218,10.254201,3.202218,0.9223,0.9898,0.3126,0.3126,0.3126,6.3448,90.4707,64.1819,90.4707,64.1819,0.2376,38.0218,0.9223,10.254201,3.202218,-1.9435,-0.0063,-0.1439,-0.9688
/kaggle/input/datasets/duc24kdl/sub-x-ray/sub_X-Ray/sub_chest/IM-0266-0001.jpeg,,sub_chest,IM-0266-0001.jpeg,ok,924x747 -> 1848x1494,2,1,891.98,40.2471,6.142875,2.478482,0.9505,0.9955,0.1743,5.719,38.9678,8.247086,2.871774,0.9251,0.9899,0.3235,0.3235,0.3235,6.5306,114.0811,68.1536,114.0811,68.1536,0.2436,38.9678,0.9251,8.247086,2.871774,-1.2793,-0.0057,-0.1492,-0.8116
/kaggle/input/datasets/duc24kdl/sub-x-ray/sub_X-Ray/sub_chest/IM-0268-0001.jpeg,,sub_chest,IM-0268-0001.jpeg,ok,810x678 -> 1620x1356,2,1,713.31,40.3903,5.943671,2.437965,0.9491,0.9953,0.1754,6.5001,38.7084,8.75466,2.958827,0.9271,0.9891,0.3389,0.3389,0.3389,6.7531,143.1015,60.1688,143.1015,60.1688,0.1632,38.7084,0.9271,8.75466,2.958827,-1.6818,-0.0062,-0.1635,-0.253
/kaggle/input/datasets/duc24kdl/sub-x-ray/sub_X-Ray/sub_chest/IM-0269-0001.jpeg,,sub_chest,IM-0269-0001.jpeg,ok,1001x893 -> 2002x1786,2,1,1216.46,42.5703,3.597931,1.896821,0.9748,0.9974,0.1473,7.295,41.0562,5.098699,2.25803,0.9654,0.9943,0.3114,0.3114,0.3114,7.1852,147.9194,56.4292,147.9194,56.4292,0.2539,41.0562,0.9654,5.098699,2.25803,-1.5141,-0.0031,-0.164,0.1098
/kaggle/input/datasets/duc24kdl/sub-x-ray/sub_X-Ray/sub_chest/IM-0270-0001.jpeg,,sub_chest,IM-0270-0001.jpeg,ok,673x554 -> 1346x1108,2,1,493.56,38.8273,8.518155,2.918588,0.9285,0.9938,0.2106,6.0032,37.2127,12.354206,3.514855,0.899,0.9867,0.3849,0.3849,0.3849,6.5858,123.0781,55.688,123.0781,55.688,0.1593,37.2127,0.899,12.354206,3.514855,-1.6147,-0.0071,-0.1743,-0.5825
/kaggle/input/datasets/duc24kdl/sub-x-ray/sub_X-Ray/sub_chest/IM-0272-0001.jpeg,,sub_chest,IM-0272-0001.jpeg,ok,791x577 -> 1582x1154,2,1,607.77,39.6041,7.123154,2.668924,0.9522,0.9956,0.1724,6.4269,37.6971,11.050156,3.324177,0.929,0.9897,0.3371,0.3371,0.3371,6.6541,130.5356,56.0875,130.5356,56.0875,0.1758,37.6971,0.929,11.050156,3.324177,-1.907,-0.0059,-0.1648,-0.2272
/kaggle/input/datasets/duc24kdl/sub-x-ray/sub_X-Ray/sub_chest/IM-0273-0001.jpeg,,sub_chest,IM-0273-0001.jpeg,ok,761x546 -> 1522x1092,2,1,546.65,38.6662,8.840101,2.973231,0.927,0.9937,0.2103,5.6337,37.0162,12.926033,3.595279,0.8956,0.9861,0.3803,0.3803,0.3803,6.3511,114.1384,57.6909,114.1384,57.6909,0.174,37.0162,0.8956,12.926033,3.595279,-1.6501,-0.0076,-0.17,-0.7174
/kaggle/input/datasets/duc24kdl/sub-x-ray/sub_X-Ray/sub_chest/IM-0274-0001.jpeg,,sub_chest,IM-0274-0001.jpeg,ok,852x724 -> 1704x1448,2,1,794.82,41.4504,4.656328,2.157853,0.957,0.996,0.1687,6.9026,39.8351,6.754187,2.598882,0.9399,0.9916,0.3232,0.3232,0.3232,7.0823,134.2536,55.6106,134.2536,55.6106,0.2083,39.8351,0.9399,6.754187,2.598882,-1.6153,-0.0044,-0.1544,-0.1797
/kaggle/input/datasets/duc24kdl/sub-x-ray/sub_X-Ray/sub_chest/IM-0275-0001.jpeg,,sub_chest,IM-0275-0001.jpeg,ok,933x797 -> 1866x1594,2,1,993.86,41.6359,4.461616,2.112254,0.964,0.9966,0.1447,6.4503,40.3011,6.067005,2.463129,0.945,0.9925,0.2873,0.2873,0.2873,6.6005,106.0601,65.018,106.0601,65.018,0.2519,40.3011,0.945,6.067005,2.463129,-1.3348,-0.0041,-0.1426,-0.1501
/kaggle/input/datasets/duc24kdl/sub-x-ray/sub_X-Ray/sub_chest/IM-0276-0001.jpeg,,sub_chest,IM-0276-0001.jpeg,ok,914x827 -> 1828x1654,2,1,999.34,40.7335,5.491977,2.343497,0.9481,0.9953,0.1808,6.4335,39.4084,7.45145,2.729734,0.9255,0.9899,0.3368,0.3368,0.3368,6.838,139.78,61.1765,139.78,61.1765,0.2686,39.4084,0.9255,7.45145,2.729734,-1.3251,-0.0054,-0.156,-0.4045
/kaggle/input/datasets/duc24kdl/sub-x-ray/sub_X-Ray/sub_chest/IM-0277-0001.jpeg,,sub_chest,IM-0277-0001.jpeg,ok,804x672 -> 1608x1344,2,1,692.53,40.9372,5.240335,2.289178,0.9554,0.9958,0.1634,6.6839,39.2563,7.716986,2.777946,0.937,0.991,0.3192,0.3192,0.3192,6.7384,129.1645,61.0081,129.1645,61.0081,0.1804,39.2563,0.937,7.716986,2.777946,-1.6809,-0.0049,-0.1558,-0.0545
/kaggle/input/datasets/duc24kdl/sub-x-ray/sub_X-Ray/sub_chest/IM-0278-0001.jpeg,,sub_chest,IM-0278-0001.jpeg,ok,883x751 -> 1766x1502,2,1,880.4,40.194,6.218421,2.493676,0.953,0.9957,0.1725,6.3158,38.9192,8.339896,2.887888,0.93,0.9907,0.3187,0.3187,0.3187,6.6393,130.3153,60.4553,130.3153,60.4553,0.2247,38.9192,0.93,8.339896,2.887888,-1.2748,-0.0049,-0.1462,-0.3236
/kaggle/input/datasets/duc24kdl/sub-x-ray/sub_X-Ray/sub_chest/IM-0279-0001.jpeg,,sub_chest,IM-0279-0001.jpeg,ok,808x560 -> 1616x1120,2,1,557.61,39.8876,6.672921,2.5832,0.9461,0.9952,0.171,5.3796,37.6678,11.125036,3.335421,0.9129,0.989,0.3125,0.3125,0.3125,6.407,116.3484,71.0593,116.3484,71.0593,0.199,37.6678,0.9129,11.125036,3.335421,-2.2199,-0.0062,-0.1415,-1.0273
/kaggle/input/datasets/duc24kdl/sub-x-ray/sub_X-Ray/sub_chest/IM-0280-0001.jpeg,,sub_chest,IM-0280-0001.jpeg,ok,864x611 -> 1728x1222,2,1,650.08,40.8916,5.295698,2.301238,0.9574,0.9961,0.1496,5.7591,39.7823,6.836772,2.614722,0.93,0.9914,0.2757,0.2757,0.2757,6.8047,103.009,64.8992,103.009,64.8992,0.3325,39.7823,0.93,6.836772,2.614722,-1.1093,-0.0047,-0.1261,-1.0456
/kaggle/input/datasets/duc24kdl/sub-x-ray/sub_X-Ray/sub_chest/IM-0282-0001.jpeg,,sub_chest,IM-0282-0001.jpeg,ok,794x686 -> 1588x1372,2,1,706.58,40.5819,5.687116,2.384767,0.949,0.9954,0.176,6.1168,39.1361,7.933564,2.816658,0.9234,0.9905,0.3142,0.3142,0.3142,6.7327,116.042,59.2122,116.042,59.2122,0.191,39.1361,0.9234,7.933564,2.816658,-1.4458,-0.0049,-0.1382,-0.6159
/kaggle/input/datasets/duc24kdl/sub-x-ray/sub_X-Ray/sub_chest/IM-0283-0001.jpeg,,sub_chest,IM-0283-0001.jpeg,ok,968x806 -> 1936x1612,2,1,983.09,41.7889,4.307109,2.075358,0.9614,0.9964,0.1561,6.4711,40.1108,6.338654,2.517668,0.9429,0.9925,0.3062,0.3062,0.3062,6.645,110.3103,57.6475,110.3103,57.6475,0.2442,40.1108,0.9429,6.338654,2.517668,-1.6781,-0.0039,-0.1501,-0.1738
/kaggle/input/datasets/duc24kdl/sub-x-ray/sub_X-Ray/sub_chest/IM-0285-0001.jpeg,,sub_chest,IM-0285-0001.jpeg,ok,713x550 -> 1426x1100,2,1,518.13,38.843,8.487514,2.913334,0.9268,0.9936,0.205,5.7453,37.1573,12.51269,3.537328,0.8946,0.9855,0.3716,0.3716,0.3716,6.5168,127.0792,60.9261,127.0792,60.9261,0.2059,37.1573,0.8946,12.51269,3.537328,-1.6857,-0.0081,-0.1667,-0.7715
/kaggle/input/datasets/duc24kdl/sub-x-ray/sub_X-Ray/sub_chest/IM-0286-0001.jpeg,,sub_chest,IM-0286-0001.jpeg,ok,991x902 -> 1982x1804,2,1,1207.34,41.5852,4.514011,2.12462,0.9568,0.996,0.1625,6.7976,39.9291,6.609462,2.570887,0.9406,0.9914,0.3224,0.3224,0.3224,6.5437,126.3165,63.524,126.3165,63.524,0.1786,39.9291,0.9406,6.609462,2.570887,-1.656,-0.0046,-0.16,0.2539
/kaggle/input/datasets/duc24kdl/sub-x-ray/sub_X-Ray/sub_chest/IM-0288-0001.jpeg,,sub_chest,IM-0288-0001.jpeg,ok,719x570 -> 1438x1140,2,1,540.03,39.3159,7.611867,2.758961,0.9365,0.9943,0.2022,6.1181,37.4577,11.676327,3.417064,0.909,0.9876,0.3689,0.3689,0.3689,6.5742,128.0137,56.5882,128.0137,56.5882,0.1843,37.4577,0.909,11.676327,3.417064,-1.8582,-0.0067,-0.1668,-0.4561
/kaggle/input/datasets/duc24kdl/sub-x-ray/sub_X-Ray/sub_chest/IM-0289-0001.jpeg,,sub_chest,IM-0289-0001.jpeg,ok,1140x1033 -> 2280x2066,2,1,1557.62,41.1226,5.021297,2.240825,0.9489,0.9954,0.1789,6.0139,39.5982,7.132868,2.670743,0.9264,0.9902,0.3314,0.3314,0.3314,6.7068,116.1335,63.0321,116.1335,63.0321,0.203,39.5982,0.9264,7.132868,2.670743,-1.5245,-0.0052,-0.1525,-0.6929
/kaggle/input/datasets/duc24kdl/sub-x-ray/sub_X-Ray/sub_chest/IM-0290-0001.jpeg,,sub_chest,IM-0290-0001.jpeg,ok,854x717 -> 1708x1434,2,1,803.96,40.3501,5.998861,2.449257,0.953,0.9958,0.1619,5.3494,38.9046,8.368019,2.892753,0.9233,0.9903,0.3023,0.3023,0.3023,6.4896,92.1515,67.5643,92.1515,67.5643,0.274,38.9046,0.9233,8.368019,2.892753,-1.4455,-0.0056,-0.1404,-1.1403
/kaggle/input/datasets/duc24kdl/sub-x-ray/sub_X-Ray/sub_chest/IM-0291-0001.jpeg,,sub_chest,IM-0291-0001.jpeg,ok,759x502 -> 1518x1004,2,1,499.66,39.0565,8.080399,2.842604,0.9388,0.9947,0.1845,5.2874,37.5578,11.410445,3.377935,0.9052,0.9881,0.3302,0.3302,0.3302,6.3849,107.0769,69.1959,107.0769,69.1959,0.1987,37.5578,0.9052,11.410445,3.377935,-1.4987,-0.0066,-0.1458,-1.0974
/kaggle/input/datasets/duc24kdl/sub-x-ray/sub_X-Ray/sub_chest/IM-0292-0001.jpeg,,sub_chest,IM-0292-0001.jpeg,ok,929x750 -> 1858x1500,2,1,927.75,41.2991,4.821395,2.195768,0.9595,0.9962,0.1562,6.7804,39.9408,6.591749,2.56744,0.943,0.9919,0.3034,0.3034,0.3034,6.5979,120.877,61.8758,120.877,61.8758,0.2168,39.9408,0.943,6.591749,2.56744,-1.3583,-0.0043,-0.1472,0.1825
/kaggle/input/datasets/duc24kdl/sub-x-ray/sub_X-Ray/sub_chest/IM-0293-0001.jpeg,,sub_chest,IM-0293-0001.jpeg,ok,719x529 -> 1438x1058,2,1,503.18,40.1401,6.296104,2.509204,0.9476,0.9953,0.1848,6.4758,38.7034,8.764711,2.960525,0.9249,0.9901,0.346,0.346,0.346,6.8543,115.1797,55.7153,115.1797,55.7153,0.278,38.7034,0.9249,8.764711,2.960525,-1.4367,-0.0052,-0.1612,-0.3786
/kaggle/input/datasets/duc24kdl/sub-x-ray/sub_X-Ray/sub_chest/IM-0294-0001.jpeg,,sub_chest,IM-0294-0001.jpeg,ok,850x691 -> 1700x1382,2,1,778.04,40.7152,5.51515,2.348436,0.9527,0.9957,0.1666,6.6165,39.2665,7.698845,2.774679,0.9313,0.9901,0.3242,0.3242,0.3242,6.8216,134.9711,63.998,134.9711,63.998,0.248,39.2665,0.9313,7.698845,2.774679,-1.4487,-0.0056,-0.1576,-0.2052
/kaggle/input/datasets/duc24kdl/sub-x-ray/sub_X-Ray/sub_chest/IM-0295-0001.jpeg,,sub_chest,IM-0295-0001.jpeg,ok,914x755 -> 1828x1510,2,1,909.4,40.5205,5.76802,2.40167,0.9471,0.9952,0.181,5.6993,38.8956,8.385261,2.895731,0.9201,0.9896,0.3252,0.3252,0.3252,6.4574,108.3634,59.5495,108.3634,59.5495,0.1573,38.8956,0.9201,8.385261,2.895731,-1.6249,-0.0056,-0.1442,-0.7581
/kaggle/input/datasets/duc24kdl/sub-x-ray/sub_X-Ray/sub_chest/IM-0297-0001.jpeg,,sub_chest,IM-0297-0001.jpeg,ok,854x707 -> 1708x1414,2,1,800.55,40.7375,5.486982,2.342431,0.9506,0.9955,0.1755,6.5662,39.0268,8.135852,2.852342,0.9338,0.9901,0.346,0.346,0.346,6.827,143.4455,61.2759,143.4455,61.2759,0.1946,39.0268,0.9338,8.135852,2.852342,-1.7107,-0.0054,-0.1705,-0.2608
/kaggle/input/datasets/duc24kdl/sub-x-ray/sub_X-Ray/sub_chest/IM-0298-0001.jpeg,,sub_chest,IM-0298-0001.jpeg,ok,852x743 -> 1704x1486,2,1,824.86,40.1957,6.216051,2.493201,0.9405,0.9946,0.1911,6.6327,38.6612,8.85029,2.974944,0.9172,0.9885,0.3527,0.3527,0.3527,6.8779,138.8085,56.1984,138.8085,56.1984,0.1695,38.6612,0.9172,8.85029,2.974944,-1.5344,-0.0061,-0.1615,-0.2453
/kaggle/input/datasets/duc24kdl/sub-x-ray/sub_X-Ray/sub_chest/IM-0299-0001.jpeg,,sub_chest,IM-0299-0001.jpeg,ok,900x751 -> 1800x1502,2,1,884.98,39.9181,6.626323,2.574164,0.9353,0.9943,0.2037,6.3193,38.3312,9.549063,3.090156,0.9109,0.9881,0.3705,0.3705,0.3705,6.604,132.8056,58.043,132.8056,58.043,0.1879,38.3312,0.9109,9.549063,3.090156,-1.5869,-0.0062,-0.1668,-0.2847
/kaggle/input/datasets/duc24kdl/sub-x-ray/sub_X-Ray/sub_chest/IM-0300-0001.jpeg,,sub_chest,IM-0300-0001.jpeg,ok,1010x782 -> 2020x1564,2,1,1037.95,40.9667,5.204867,2.281418,0.958,0.9961,0.1576,5.6136,39.7084,6.954155,2.637073,0.9328,0.9911,0.2987,0.2987,0.2987,6.488,100.9822,69.401,100.9822,69.401,0.2807,39.7084,0.9328,6.954155,2.637073,-1.2583,-0.005,-0.1412,-0.8744
/kaggle/input/datasets/duc24kdl/sub-x-ray/sub_X-Ray/sub_chest/IM-0301-0001.jpeg,,sub_chest,IM-0301-0001.jpeg,ok,854x633 -> 1708x1266,2,1,709.98,40.3569,5.989443,2.447334,0.951,0.9956,0.171,5.6482,38.7059,8.75972,2.959682,0.9244,0.9902,0.3265,0.3265,0.3265,6.4225,102.694,61.019,102.694,61.019,0.2244,38.7059,0.9244,8.75972,2.959682,-1.651,-0.0054,-0.1554,-0.7743
/kaggle/input/datasets/duc24kdl/sub-x-ray/sub_X-Ray/sub_chest/IM-0302-0001.jpeg,,sub_chest,IM-0302-0001.jpeg,ok,715x564 -> 1430x1128,2,1,530.91,39.8095,6.794009,2.606532,0.9463,0.9951,0.1827,6.7255,38.5581,9.062983,3.010479,0.9236,0.9894,0.3405,0.3405,0.3405,6.9893,142.7223,55.9713,142.7223,55.9713,0.2418,38.5581,0.9236,9.062983,3.010479,-1.2515,-0.0057,-0.1578,-0.2638
/kaggle/input/datasets/duc24kdl/sub-x-ray/sub_X-Ray/sub_chest/IM-0303-0001.jpeg,,sub_chest,IM-0303-0001.jpeg,ok,881x632 -> 1762x1264,2,1,724.11,38.6143,8.946388,2.991051,0.9316,0.9942,0.1837,4.7507,37.2852,12.14955,3.48562,0.8944,0.9864,0.3374,0.3374,0.3374,5.9927,99.5248,71.2872,99.5248,71.2872,0.2064,37.2852,0.8944,12.14955,3.48562,-1.3291,-0.0078,-0.1536,-1.2419
/kaggle/input/datasets/duc24kdl/sub-x-ray/sub_X-Ray/sub_chest/IM-0304-0001.jpeg,,sub_chest,IM-0304-0001.jpeg,ok,736x489 -> 1472x978,2,1,443.89,37.9817,10.349263,3.217027,0.9175,0.993,0.2126,5.033,36.6154,14.175496,3.765036,0.8792,0.9852,0.3748,0.3748,0.3748,6.3457,99.6782,61.6589,99.6782,61.6589,0.2105,36.6154,0.8792,14.175496,3.765036,-1.3663,-0.0077,-0.1622,-1.3127
/kaggle/input/datasets/duc24kdl/sub-x-ray/sub_X-Ray/sub_chest/IM-0305-0001.jpeg,,sub_chest,IM-0305-0001.jpeg,ok,652x548 -> 1304x1096,2,1,456.87,39.3024,7.635618,2.763262,0.9336,0.9942,0.2054,6.1844,37.7337,10.957456,3.310205,0.906,0.9878,0.3818,0.3818,0.3818,6.8639,121.0996,57.7394,121.0996,57.7394,0.246,37.7337,0.906,10.957456,3.310205,-1.5687,-0.0064,-0.1764,-0.6795
/kaggle/input/datasets/duc24kdl/sub-x-ray/sub_X-Ray/sub_chest/IM-0306-0001.jpeg,,sub_chest,IM-0306-0001.jpeg,ok,690x520 -> 1380x1040,2,1,466.77,38.7708,8.629736,2.937641,0.9242,0.9935,0.2074,6.1578,37.2431,12.267768,3.502537,0.8962,0.9868,0.3762,0.3762,0.3762,6.7313,129.6421,52.3177,129.6421,52.3177,0.137,37.2431,0.8962,12.267768,3.502537,-1.5277,-0.0067,-0.1688,-0.5735
/kaggle/input/datasets/duc24kdl/sub-x-ray/sub_X-Ray/sub_chest/IM-0307-0001.jpeg,,sub_chest,IM-0307-0001.jpeg,ok,883x778 -> 1766x1556,2,1,918.05,39.9548,6.570572,2.563313,0.9374,0.9945,0.1923,6.3283,38.4481,9.295367,3.04883,0.9147,0.9885,0.3623,0.3623,0.3623,6.7013,126.8635,62.3335,126.8635,62.3335,0.1333,38.4481,0.9147,9.295367,3.04883,-1.5066,-0.006,-0.1699,-0.373
/kaggle/input/datasets/duc24kdl/sub-x-ray/sub_X-Ray/sub_chest/IM-0308-0001.jpeg,,sub_chest,IM-0308-0001.jpeg,ok,827x684 -> 1654x1368,2,1,742.48,39.2749,7.683996,2.772002,0.9361,0.9945,0.1936,6.0014,37.8846,10.583252,3.253191,0.9093,0.9877,0.3725,0.3725,0.3725,6.5888,126.9612,61.2881,126.9612,61.2881,0.2266,37.8846,0.9093,10.583252,3.253191,-1.3903,-0.0068,-0.179,-0.5874
/kaggle/input/datasets/duc24kdl/sub-x-ray/sub_X-Ray/sub_chest/IM-0309-0001.jpeg,,sub_chest,IM-0309-0001.jpeg,ok,1072x902 -> 2144x1804,2,1,1227.67,39.0085,8.170105,2.85834,0.9233,0.9933,0.2136,5.509,37.8887,10.573201,3.251646,0.8928,0.9862,0.3682,0.3682,0.3682,6.5985,120.0865,60.5676,120.0865,60.5676,0.2116,37.8887,0.8928,10.573201,3.251646,-1.1198,-0.0071,-0.1546,-1.0895
/kaggle/input/datasets/duc24kdl/sub-x-ray/sub_X-Ray/sub_chest/IM-0311-0001.jpeg,,sub_chest,IM-0311-0001.jpeg,ok,634x442 -> 1268x884,2,1,366.52,38.3805,9.441263,3.072664,0.9227,0.9934,0.1958,5.1993,36.7303,13.805481,3.715573,0.8859,0.9856,0.3637,0.3637,0.3637,6.4393,118.8313,64.9419,118.8313,64.9419,0.1734,36.7303,0.8859,13.805481,3.715573,-1.6502,-0.0078,-0.1679,-1.24
/kaggle/input/datasets/duc24kdl/sub-x-ray/sub_X-Ray/sub_chest/IM-0312-0001.jpeg,,sub_chest,IM-0312-0001.jpeg,ok,754x546 -> 1508x1092,2,1,538.07,38.6369,8.900026,2.983291,0.93,0.9939,0.1956,5.8776,37.54,11.457321,3.384866,0.8976,0.9872,0.3451,0.3451,0.3451,6.8121,113.1164,62.7769,113.1164,62.7769,0.2285,37.54,0.8976,11.457321,3.384866,-1.0969,-0.0066,-0.1495,-0.9344
/kaggle/input/datasets/duc24kdl/sub-x-ray/sub_X-Ray/sub_chest/IM-0313-0001.jpeg,,sub_chest,IM-0313-0001.jpeg,ok,848x649 -> 1696x1298,2,1,688.14,39.5398,7.229378,2.68875,0.937,0.9945,0.2017,5.819,37.9554,10.412046,3.22677,0.9106,0.9883,0.373,0.373,0.373,6.4525,108.2636,55.532,108.2636,55.532,0.1883,37.9554,0.9106,10.412046,3.22677,-1.5844,-0.0061,-0.1712,-0.6336
/kaggle/input/datasets/duc24kdl/sub-x-ray/sub_X-Ray/sub_chest/IM-0314-0001.jpeg,,sub_chest,IM-0314-0001.jpeg,ok,507x423 -> 1014x846,2,1,283.95,36.2105,15.560704,3.944706,0.8771,0.9898,0.2411,5.4853,34.3303,23.991115,4.898073,0.8288,0.9775,0.446,0.446,0.446,6.0603,132.036,58.1575,132.036,58.1575,0.1283,34.3303,0.8288,23.991115,4.898073,-1.8802,-0.0123,-0.2048,-0.575
/kaggle/input/datasets/duc24kdl/sub-x-ray/sub_X-Ray/sub_chest/IM-0315-0001.jpeg,,sub_chest,IM-0315-0001.jpeg,ok,634x479 -> 1268x958,2,1,399.46,37.3547,11.956784,3.457858,0.8911,0.991,0.2417,6.2141,35.9718,16.440063,4.054635,0.8596,0.9824,0.4272,0.4272,0.4272,6.4455,138.4284,49.0836,138.4284,49.0836,0.1333,35.9718,0.8596,16.440063,4.054635,-1.3829,-0.0086,-0.1855,-0.2314
/kaggle/input/datasets/duc24kdl/sub-x-ray/sub_X-Ray/sub_chest/IM-0316-0001.jpeg,,sub_chest,IM-0316-0001.jpeg,ok,684x504 -> 1368x1008,2,1,439.35,38.5077,9.168791,3.028001,0.9279,0.9938,0.2062,6.0636,37.4849,11.60341,3.406378,0.9011,0.9877,0.3743,0.3743,0.3743,6.9651,120.5205,51.6757,120.5205,51.6757,0.2286,37.4849,0.9011,11.60341,3.406378,-1.0227,-0.0061,-0.1681,-0.9016
/kaggle/input/datasets/duc24kdl/sub-x-ray/sub_X-Ray/sub_chest/IM-0317-0001.jpeg,,sub_chest,IM-0317-0001.jpeg,ok,1053x859 -> 2106x1718,2,1,1227.15,39.4733,7.340904,2.70941,0.9347,0.9942,0.1908,5.4648,37.8571,10.650465,3.263505,0.9023,0.9872,0.3428,0.3428,0.3428,6.1523,116.5332,67.1454,116.5332,67.1454,0.1507,37.8571,0.9023,10.650465,3.263505,-1.6162,-0.0071,-0.1521,-0.6875
/kaggle/input/datasets/duc24kdl/sub-x-ray/sub_X-Ray/sub_chest/IM-0318-0001.jpeg,,sub_chest,IM-0318-0001.jpeg,ok,817x605 -> 1634x1210,2,1,655.4,38.5479,9.084293,3.014016,0.9261,0.9936,0.2093,5.6459,37.3471,11.977482,3.46085,0.8954,0.9864,0.378,0.378,0.378,6.5119,129.9772,60.5249,129.9772,60.5249,0.2039,37.3471,0.8954,11.977482,3.46085,-1.2007,-0.0071,-0.1687,-0.8659
/kaggle/input/datasets/duc24kdl/sub-x-ray/sub_X-Ray/sub_chest/IM-0319-0001.jpeg,,sub_chest,IM-0319-0001.jpeg,ok,646x612 -> 1292x1224,2,1,516.28,39.3153,7.612915,2.759151,0.9343,0.9943,0.2067,6.1766,37.7196,10.993219,3.315602,0.9094,0.9883,0.3766,0.3766,0.3766,6.5231,124.8508,51.1067,124.8508,51.1067,0.1883,37.7196,0.9094,10.993219,3.315602,-1.5957,-0.006,-0.17,-0.3466
/kaggle/input/datasets/duc24kdl/sub-x-ray/sub_X-Ray/sub_chest/IM-0320-0001.jpeg,,sub_chest,IM-0320-0001.jpeg,ok,850x635 -> 1700x1270,2,1,715.63,39.0272,8.135078,2.852206,0.9317,0.994,0.2008,5.6761,37.5389,11.46021,3.385293,0.9019,0.9871,0.367,0.367,0.367,6.4574,112.8083,62.9849,112.8083,62.9849,0.2144,37.5389,0.9019,11.46021,3.385293,-1.4883,-0.007,-0.1662,-0.7813
/kaggle/input/datasets/duc24kdl/sub-x-ray/sub_X-Ray/sub_chest/IM-0323-0001.jpeg,,sub_chest,IM-0323-0001.jpeg,ok,912x715 -> 1824x1430,2,1,818.12,39.0559,8.081498,2.842797,0.9286,0.9937,0.2077,6.0874,37.883,10.587267,3.253808,0.9022,0.9871,0.373,0.373,0.373,6.8769,132.1246,55.6568,132.1246,55.6568,0.2092,37.883,0.9022,10.587267,3.253808,-1.1729,-0.0066,-0.1653,-0.7895
/kaggle/input/datasets/duc24kdl/sub-x-ray/sub_X-Ray/sub_chest/IM-0324-0001.jpeg,,sub_chest,IM-0324-0001.jpeg,ok,599x465 -> 1198x930,2,1,373.24,39.9612,6.560893,2.561424,0.9433,0.9949,0.1755,6.3079,38.1934,9.85691,3.139572,0.9182,0.989,0.3314,0.3314,0.3314,6.7131,117.7081,57.2524,117.7081,57.2524,0.1753,38.1934,0.9182,9.85691,3.139572,-1.7678,-0.006,-0.1559,-0.4052
/kaggle/input/datasets/duc24kdl/sub-x-ray/sub_X-Ray/sub_chest/IM-0325-0001.jpeg,,sub_chest,IM-0325-0001.jpeg,ok,752x587 -> 1504x1174,2,1,547.42,39.1858,7.843388,2.800605,0.9342,0.9943,0.1911,6.0934,37.873,10.611509,3.257531,0.9045,0.9877,0.3566,0.3566,0.3566,6.5369,119.2102,65.4948,119.2102,65.4948,0.2435,37.873,0.9045,10.611509,3.257531,-1.3127,-0.0066,-0.1655,-0.4435
/kaggle/input/datasets/duc24kdl/sub-x-ray/sub_X-Ray/sub_chest/IM-0326-0001.jpeg,,sub_chest,IM-0326-0001.jpeg,ok,760x653 -> 1520x1306,2,1,616.95,37.6546,11.158952,3.340502,0.9091,0.9922,0.2398,5.708,36.1416,15.809633,3.976133,0.874,0.9839,0.4256,0.4256,0.4256,6.5416,119.7881,53.4423,119.7881,53.4423,0.2128,36.1416,0.874,15.809633,3.976133,-1.513,-0.0083,-0.1858,-0.8336
/kaggle/input/datasets/duc24kdl/sub-x-ray/sub_X-Ray/sub_chest/IM-0327-0001.jpeg,,sub_chest,IM-0327-0001.jpeg,ok,904x753 -> 1808x1506,2,1,860.79,39.1429,7.921265,2.814474,0.9274,0.9936,0.2123,6.0934,37.8247,10.730263,3.275708,0.9,0.9865,0.3828,0.3828,0.3828,6.6886,127.6604,56.0576,127.6604,56.0576,0.239,37.8247,0.9,10.730263,3.275708,-1.3182,-0.0071,-0.1705,-0.5952
/kaggle/input/datasets/duc24kdl/sub-x-ray/sub_X-Ray/sub_chest/IM-0329-0001.jpeg,,sub_chest,IM-0329-0001.jpeg,ok,598x487 -> 1196x974,2,1,385.54,37.4525,11.690308,3.419109,0.907,0.9922,0.2253,5.989,35.9042,16.697673,4.086279,0.8764,0.9843,0.4042,0.4042,0.4042,6.4932,127.4622,47.9191,127.4622,47.9191,0.1476,35.9042,0.8764,16.697673,4.086279,-1.5483,-0.0079,-0.1789,-0.5042
/kaggle/input/datasets/duc24kdl/sub-x-ray/sub_X-Ray/sub_chest/IM-0330-0001.jpeg,,sub_chest,IM-0330-0001.jpeg,ok,711x595 -> 1422x1190,2,1,559.64,39.3097,7.622643,2.760913,0.9364,0.9945,0.1908,6.0481,37.5569,11.412672,3.378265,0.9082,0.9873,0.3614,0.3614,0.3614,6.6787,129.3239,61.0102,129.3239,61.0102,0.1554,37.5569,0.9082,11.412672,3.378265,-1.7528,-0.0072,-0.1707,-0.6306
/kaggle/input/datasets/duc24kdl/sub-x-ray/sub_X-Ray/sub_chest/IM-0331-0001.jpeg,,sub_chest,IM-0331-0001.jpeg,ok,680x670 -> 1360x1340,2,1,566.24,39.3727,7.512897,2.740966,0.9364,0.9946,0.1885,5.7312,36.2138,15.548767,3.943193,0.8998,0.9828,0.3774,0.3774,0.3774,6.5161,130.6303,71.8684,130.6303,71.8684,0.1827,36.2138,0.8998,15.548767,3.943193,-3.1589,-0.0118,-0.1889,-0.7849
/kaggle/input/datasets/duc24kdl/sub-x-ray/sub_X-Ray/sub_chest/IM-0332-0001.jpeg,,sub_chest,IM-0332-0001.jpeg,ok,756x601 -> 1512x1202,2,1,589.89,38.7956,8.5807,2.929283,0.9273,0.9937,0.2146,5.8894,37.0334,12.874673,3.58813,0.8978,0.9865,0.3929,0.3929,0.3929,6.5018,128.8349,55.6639,128.8349,55.6639,0.1857,37.0334,0.8978,12.874673,3.58813,-1.7621,-0.0072,-0.1783,-0.6124
/kaggle/input/datasets/duc24kdl/sub-x-ray/sub_X-Ray/sub_chest/IM-0333-0001.jpeg,,sub_chest,IM-0333-0001.jpeg,ok,557x421 -> 1114x842,2,1,312.42,40.7229,5.505375,2.346353,0.9615,0.9964,0.1686,6.7891,38.9163,8.345424,2.888845,0.9469,0.9924,0.3378,0.3378,0.3378,6.7529,117.3875,52.8253,117.3875,52.8253,0.1713,38.9163,0.9469,8.345424,2.888845,-1.8066,-0.0041,-0.1692,0.0362
/kaggle/input/datasets/duc24kdl/sub-x-ray/sub_X-Ray/sub_chest/IM-0335-0001.jpeg,,sub_chest,IM-0335-0001.jpeg,ok,1269x948 -> 2538x1896,2,1,1622.27,40.0452,6.435179,2.536765,0.9419,0.9949,0.1654,5.0725,38.837,8.499261,2.915349,0.9078,0.9877,0.2946,0.2946,0.2946,6.5532,99.5847,74.4059,99.5847,74.4059,0.2109,38.837,0.9078,8.499261,2.915349,-1.2082,-0.0071,-0.1292,-1.4807
/kaggle/input/datasets/duc24kdl/sub-x-ray/sub_X-Ray/sub_chest/IM-0337-0001.jpeg,,sub_chest,IM-0337-0001.jpeg,ok,792x618 -> 1584x1236,2,1,610.86,39.7394,6.904582,2.627657,0.9381,0.9945,0.1815,6.2128,38.2222,9.791709,3.129171,0.916,0.9884,0.3495,0.3495,0.3495,6.6136,128.2044,60.5182,128.2044,60.5182,0.1709,38.2222,0.916,9.791709,3.129171,-1.5172,-0.0061,-0.168,-0.4008
/kaggle/input/datasets/duc24kdl/sub-x-ray/sub_X-Ray/sub_chest/IM-0338-0001.jpeg,,sub_chest,IM-0338-0001.jpeg,ok,873x696 -> 1746x1392,2,1,790.3,39.5773,7.167273,2.677176,0.9419,0.9949,0.1871,5.5557,38.5185,9.14595,3.024227,0.9138,0.9894,0.3396,0.3396,0.3396,6.5178,102.696,61.5675,102.696,61.5675,0.2227,38.5185,0.9138,9.14595,3.024227,-1.0587,-0.0055,-0.1525,-0.9621
/kaggle/input/datasets/duc24kdl/sub-x-ray/sub_X-Ray/sub_chest/IM-0339-0001.jpeg,,sub_chest,IM-0339-0001.jpeg,ok,896x811 -> 1792x1622,2,1,910.65,39.7837,6.834611,2.614309,0.939,0.9947,0.1975,6.4243,38.488,9.210528,3.034885,0.9149,0.9892,0.3596,0.3596,0.3596,7.0684,128.4458,58.8741,128.4458,58.8741,0.1976,38.488,0.9149,9.210528,3.034885,-1.2957,-0.0055,-0.1621,-0.6441
/kaggle/input/datasets/duc24kdl/sub-x-ray/sub_X-Ray/sub_chest/IM-0340-0001.jpeg,,sub_chest,IM-0340-0001.jpeg,ok,920x740 -> 1840x1480,2,1,852.31,38.6568,8.859305,2.976459,0.9332,0.9942,0.1945,5.311,37.1831,12.438521,3.526829,0.9015,0.9869,0.3525,0.3525,0.3525,6.498,119.2899,68.2062,119.2899,68.2062,0.2184,37.1831,0.9015,12.438521,3.526829,-1.4737,-0.0072,-0.158,-1.1869
/kaggle/input/datasets/duc24kdl/sub-x-ray/sub_X-Ray/sub_chest/IM-0341-0001.jpeg,,sub_chest,IM-0341-0001.jpeg,ok,827x682 -> 1654x1364,2,1,743.74,38.9629,8.256383,2.873392,0.9266,0.9935,0.2052,6.0059,37.5837,11.342609,3.367879,0.8982,0.9867,0.3639,0.3639,0.3639,6.7584,123.3975,58.3673,123.3975,58.3673,0.1894,37.5837,0.8982,11.342609,3.367879,-1.3792,-0.0069,-0.1586,-0.7525
/kaggle/input/datasets/duc24kdl/sub-x-ray/sub_X-Ray/sub_chest/IM-0343-0001.jpeg,,sub_chest,IM-0343-0001.jpeg,ok,794x608 -> 1588x1216,2,1,623.83,40.02,6.472617,2.544134,0.9417,0.9947,0.1834,6.2083,38.3591,9.488001,3.08026,0.919,0.9889,0.3395,0.3395,0.3395,6.4454,118.3944,56.7516,118.3944,56.7516,0.1728,38.3591,0.919,9.488001,3.08026,-1.6609,-0.0058,-0.1561,-0.2371
/kaggle/input/datasets/duc24kdl/sub-x-ray/sub_X-Ray/sub_chest/IM-0345-0001.jpeg,,sub_chest,IM-0345-0001.jpeg,ok,655x535 -> 1310x1070,2,1,461.93,39.2703,7.692219,2.773485,0.9366,0.9944,0.1932,6.1569,37.7515,10.912687,3.303436,0.9097,0.9881,0.3536,0.3536,0.3536,6.7248,134.9074,53.0448,134.9074,53.0448,0.1937,37.7515,0.9097,10.912687,3.303436,-1.5188,-0.0064,-0.1604,-0.5679
/kaggle/input/datasets/duc24kdl/sub-x-ray/sub_X-Ray/sub_chest/IM-0346-0001.jpeg,,sub_chest,IM-0346-0001.jpeg,ok,796x705 -> 1592x1410,2,1,722.2,38.9617,8.258692,2.873794,0.9362,0.9944,0.1997,5.5848,37.5134,11.527608,3.395233,0.9064,0.9881,0.3583,0.3583,0.3583,6.5829,115.2118,62.9814,115.2118,62.9814,0.2252,37.5134,0.9064,11.527608,3.395233,-1.4483,-0.0064,-0.1586,-0.9981
/kaggle/input/datasets/duc24kdl/sub-x-ray/sub_X-Ray/sub_chest/IM-0347-0001.jpeg,,sub_chest,IM-0347-0001.jpeg,ok,819x584 -> 1638x1168,2,1,618.42,39.3067,7.628075,2.761897,0.9399,0.9947,0.1831,5.417,38.345,9.518857,3.085265,0.9111,0.9892,0.3297,0.3297,0.3297,6.6847,103.6489,59.2397,103.6489,59.2397,0.2332,38.345,0.9111,9.518857,3.085265,-0.9617,-0.0055,-0.1466,-1.2677
/kaggle/input/datasets/duc24kdl/sub-x-ray/sub_X-Ray/sub_chest/IM-0348-0001.jpeg,,sub_chest,IM-0348-0001.jpeg,ok,694x531 -> 1388x1062,2,1,484.7,37.5236,11.500486,3.391237,0.9032,0.9917,0.2239,5.7362,36.0485,16.15218,4.018977,0.8661,0.9821,0.4035,0.4035,0.4035,6.527,133.5583,58.8605,133.5583,58.8605,0.2079,36.0485,0.8661,16.15218,4.018977,-1.4751,-0.0096,-0.1797,-0.7908
/kaggle/input/datasets/duc24kdl/sub-x-ray/sub_X-Ray/sub_chest/IM-0349-0001.jpeg,,sub_chest,IM-0349-0001.jpeg,ok,796x664 -> 1592x1328,2,1,671.28,38.9251,8.328474,2.88591,0.9274,0.9937,0.1967,5.6406,36.995,12.989116,3.604042,0.8928,0.9848,0.3684,0.3684,0.3684,6.4295,125.3218,66.715,125.3218,66.715,0.1557,36.995,0.8928,12.989116,3.604042,-1.9301,-0.0089,-0.1718,-0.7889
/kaggle/input/datasets/duc24kdl/sub-x-ray/sub_X-Ray/sub_chest/IM-0350-0001.jpeg,,sub_chest,IM-0350-0001.jpeg,ok,696x499 -> 1392x998,2,1,430.81,38.4959,9.193689,3.03211,0.9384,0.9948,0.1728,5.6239,35.996,16.348541,4.043333,0.8967,0.984,0.3424,0.3424,0.3424,6.2176,120.0564,76.6398,120.0564,76.6398,0.2172,35.996,0.8967,16.348541,4.043333,-2.4999,-0.0108,-0.1697,-0.5937
/kaggle/input/datasets/duc24kdl/sub-x-ray/sub_X-Ray/sub_chest/IM-0351-0001.jpeg,,sub_chest,IM-0351-0001.jpeg,ok,887x794 -> 1774x1588,2,1,936.85,38.9289,8.321294,2.884665,0.9279,0.9937,0.2096,5.7951,37.7028,11.035654,3.321996,0.8987,0.9868,0.3778,0.3778,0.3778,6.6221,121.712,62.188,121.712,62.188,0.1949,37.7028,0.8987,11.035654,3.321996,-1.2261,-0.0069,-0.1682,-0.8269
/kaggle/input/datasets/duc24kdl/sub-x-ray/sub_X-Ray/sub_chest/IM-0353-0001.jpeg,,sub_chest,IM-0353-0001.jpeg,ok,810x575 -> 1620x1150,2,1,610.16,39.2346,7.755719,2.784909,0.9395,0.9946,0.1843,6.2036,38.124,10.015781,3.164772,0.9134,0.9884,0.3423,0.3423,0.3423,6.5007,111.4943,61.0225,111.4943,61.0225,0.2478,38.124,0.9134,10.015781,3.164772,-1.1106,-0.0062,-0.1581,-0.2971
/kaggle/input/datasets/duc24kdl/sub-x-ray/sub_X-Ray/sub_chest/IM-0354-0001.jpeg,,sub_chest,IM-0354-0001.jpeg,ok,769x493 -> 1538x986,2,1,498.89,38.55,9.079814,3.013273,0.9279,0.9938,0.1829,4.8223,37.1652,12.489843,3.534097,0.8896,0.9861,0.327,0.327,0.327,6.443,113.3926,72.8296,113.3926,72.8296,0.2463,37.1652,0.8896,12.489843,3.534097,-1.3848,-0.0077,-0.1441,-1.6207
/kaggle/input/datasets/duc24kdl/sub-x-ray/sub_X-Ray/sub_chest/IM-0355-0001.jpeg,,sub_chest,IM-0355-0001.jpeg,ok,686x554 -> 1372x1108,2,1,495.82,40.1815,6.236316,2.497262,0.9433,0.995,0.1863,6.4644,38.3288,9.554322,3.091007,0.9195,0.9893,0.3548,0.3548,0.3548,6.7862,123.0966,54.5147,123.0966,54.5147,0.1965,38.3288,0.9195,9.554322,3.091007,-1.8527,-0.0057,-0.1685,-0.3218
/kaggle/input/datasets/duc24kdl/sub-x-ray/sub_X-Ray/sub_chest/IM-0356-0001.jpeg,,sub_chest,IM-0356-0001.jpeg,ok,650x487 -> 1300x974,2,1,415.4,39.2331,7.75844,2.785398,0.9377,0.9946,0.1963,5.8423,38.036,10.220708,3.196984,0.9114,0.9891,0.352,0.352,0.352,6.7632,104.0485,51.0451,104.0485,51.0451,0.271,38.036,0.9114,10.220708,3.196984,-1.1971,-0.0055,-0.1558,-0.9209
/kaggle/input/datasets/duc24kdl/sub-x-ray/sub_X-Ray/sub_chest/IM-0357-0001.jpeg,,sub_chest,IM-0357-0001.jpeg,ok,1032x975 -> 2064x1950,2,1,1277.98,39.3462,7.558955,2.749355,0.9352,0.9943,0.2008,5.8059,37.796,10.801334,3.286538,0.9059,0.9876,0.3627,0.3627,0.3627,6.6008,122.2293,62.2844,122.2293,62.2844,0.1998,37.796,0.9059,10.801334,3.286538,-1.5502,-0.0067,-0.1619,-0.7949
/kaggle/input/datasets/duc24kdl/sub-x-ray/sub_X-Ray/sub_chest/IM-0358-0001.jpeg,,sub_chest,IM-0358-0001.jpeg,ok,823x649 -> 1646x1298,2,1,702.72,39.4886,7.315037,2.704633,0.9427,0.995,0.1885,5.7179,38.1906,9.863227,3.140578,0.9159,0.9895,0.3556,0.3556,0.3556,6.5678,110.0902,58.9006,110.0902,58.9006,0.2552,38.1906,0.9159,9.863227,3.140578,-1.298,-0.0055,-0.1671,-0.85
/kaggle/input/datasets/duc24kdl/sub-x-ray/sub_X-Ray/sub_chest/IM-0359-0001.jpeg,,sub_chest,IM-0359-0001.jpeg,ok,817x636 -> 1634x1272,2,1,686.09,39.4107,7.447574,2.729024,0.9378,0.9945,0.1826,6.0887,38.2731,9.677626,3.110888,0.9137,0.9882,0.3468,0.3468,0.3468,6.6237,118.388,64.5501,118.388,64.5501,0.2131,38.2731,0.9137,9.677626,3.110888,-1.1375,-0.0063,-0.1642,-0.535
/kaggle/input/datasets/duc24kdl/sub-x-ray/sub_X-Ray/sub_chest/IM-0361-0001.jpeg,,sub_chest,IM-0361-0001.jpeg,ok,785x578 -> 1570x1156,2,1,602.73,39.3013,7.63743,2.76359,0.9369,0.9944,0.1833,5.8716,37.695,11.055485,3.324979,0.9089,0.9872,0.3524,0.3524,0.3524,6.5514,121.6219,65.9058,121.6219,65.9058,0.1788,37.695,0.9089,11.055485,3.324979,-1.6063,-0.0072,-0.1691,-0.6797
/kaggle/input/datasets/duc24kdl/sub-x-ray/sub_X-Ray/sub_chest/IM-0362-0001.jpeg,,sub_chest,IM-0362-0001.jpeg,ok,791x591 -> 1582x1182,2,1,617.06,38.6587,8.85539,2.975801,0.9287,0.9938,0.2042,5.8001,37.2931,12.127375,3.482438,0.8977,0.9867,0.3692,0.3692,0.3692,6.4912,125.7914,61.9772,125.7914,61.9772,0.229,37.2931,0.8977,12.127375,3.482438,-1.3656,-0.0072,-0.165,-0.6911
/kaggle/input/datasets/duc24kdl/sub-x-ray/sub_X-Ray/sub_chest/IM-0363-0001.jpeg,,sub_chest,IM-0363-0001.jpeg,ok,790x701 -> 1580x1402,2,1,718.71,39.6594,7.032961,2.651973,0.9393,0.9946,0.1825,5.4685,38.2682,9.688634,3.112657,0.9077,0.9883,0.3347,0.3347,0.3347,6.5776,108.6511,65.6002,108.6511,65.6002,0.2443,38.2682,0.9077,9.688634,3.112657,-1.3912,-0.0063,-0.1522,-1.1091
/kaggle/input/datasets/duc24kdl/sub-x-ray/sub_X-Ray/sub_chest/IM-0364-0001.jpeg,,sub_chest,IM-0364-0001.jpeg,ok,698x500 -> 1396x1000,2,1,450.88,38.1123,10.042635,3.169012,0.9252,0.9936,0.2026,5.5545,36.883,13.328465,3.650817,0.8898,0.9865,0.3663,0.3663,0.3663,6.6804,118.8542,64.9781,118.8542,64.9781,0.2057,36.883,0.8898,13.328465,3.650817,-1.2293,-0.0071,-0.1637,-1.1259
/kaggle/input/datasets/duc24kdl/sub-x-ray/sub_X-Ray/sub_chest/IM-0365-0001.jpeg,,sub_chest,IM-0365-0001.jpeg,ok,800x614 -> 1600x1228,2,1,610.04,39.2186,7.784396,2.790053,0.9313,0.994,0.1998,5.9471,37.742,10.936568,3.307048,0.9035,0.9876,0.3676,0.3676,0.3676,6.6581,116.5684,59.4142,116.5684,59.4142,0.1908,37.742,0.9035,10.936568,3.307048,-1.4766,-0.0064,-0.1678,-0.711
/kaggle/input/datasets/duc24kdl/sub-x-ray/sub_X-Ray/sub_chest/IM-0367-0001.jpeg,,sub_chest,IM-0367-0001.jpeg,ok,736x585 -> 1472x1170,2,1,532.94,39.0552,8.082722,2.843013,0.934,0.9943,0.1865,5.6465,36.8306,13.490325,3.672918,0.8993,0.9873,0.3342,0.3342,0.3342,6.4033,121.3626,67.608,121.3626,67.608,0.2228,36.8306,0.8993,13.490325,3.672918,-2.2246,-0.007,-0.1477,-0.7568
/kaggle/input/datasets/duc24kdl/sub-x-ray/sub_X-Ray/sub_chest/IM-0368-0001.jpeg,,sub_chest,IM-0368-0001.jpeg,ok,713x582 -> 1426x1164,2,1,544.04,38.5632,9.052411,3.008722,0.9234,0.9934,0.2172,5.7433,37.1288,12.595068,3.548953,0.8935,0.9862,0.3883,0.3883,0.3883,6.6457,123.0388,57.9467,123.0388,57.9467,0.1756,37.1288,0.8935,12.595068,3.548953,-1.4344,-0.0072,-0.1711,-0.9023
/kaggle/input/datasets/duc24kdl/sub-x-ray/sub_X-Ray/sub_chest/IM-0369-0001.jpeg,,sub_chest,IM-0369-0001.jpeg,ok,698x512 -> 1396x1024,2,1,461.71,39.1856,7.843742,2.800668,0.9318,0.994,0.1958,6.1479,37.602,11.294737,3.360764,0.9039,0.9872,0.3576,0.3576,0.3576,6.6085,135.4534,57.9213,135.4534,57.9213,0.2231,37.602,0.9039,11.294737,3.360764,-1.5835,-0.0068,-0.1618,-0.4606
/kaggle/input/datasets/duc24kdl/sub-x-ray/sub_X-Ray/sub_chest/IM-0370-0001.jpeg,,sub_chest,IM-0370-0001.jpeg,ok,557x416 -> 1114x832,2,1,309.27,36.141,15.811844,3.976411,0.8857,0.9905,0.2334,5.5811,34.1187,25.189009,5.018865,0.8421,0.9802,0.4336,0.4336,0.4336,6.1576,125.191,54.8895,125.191,54.8895,0.121,34.1187,0.8421,25.189009,5.018865,-2.0223,-0.0104,-0.2002,-0.5765
/kaggle/input/datasets/duc24kdl/sub-x-ray/sub_X-Ray/sub_chest/IM-0371-0001.jpeg,,sub_chest,IM-0371-0001.jpeg,ok,1012x1018 -> 2024x2036,2,1,1325.62,39.8704,6.699502,2.58834,0.9345,0.9943,0.202,6.2765,38.5576,9.064057,3.010657,0.9106,0.9877,0.3765,0.3765,0.3765,6.7702,139.2608,60.8637,139.2608,60.8637,0.1996,38.5576,0.9106,9.064057,3.010657,-1.3128,-0.0065,-0.1745,-0.4937
/kaggle/input/datasets/duc24kdl/sub-x-ray/sub_X-Ray/sub_chest/IM-0372-0001.jpeg,,sub_chest,IM-0372-0001.jpeg,ok,895x827 -> 1790x1654,2,1,981.59,39.4646,7.355597,2.71212,0.9349,0.9942,0.2076,6.1678,37.9642,10.391088,3.223521,0.9097,0.9881,0.3682,0.3682,0.3682,6.9282,129.9341,56.7519,129.9341,56.7519,0.1991,37.9642,0.9097,10.391088,3.223521,-1.5004,-0.0061,-0.1607,-0.7604
/kaggle/input/datasets/duc24kdl/sub-x-ray/sub_X-Ray/sub_chest/IM-0374-0001.jpeg,,sub_chest,IM-0374-0001.jpeg,ok,872x701 -> 1744x1402,2,1,768.39,39.6084,7.116103,2.667603,0.9379,0.9945,0.1906,6.1775,36.1107,15.922444,3.990294,0.905,0.9828,0.3869,0.3869,0.3869,6.3577,153.4959,65.501,153.4959,65.501,0.1486,36.1107,0.905,15.922444,3.990294,-3.4977,-0.0117,-0.1963,-0.1801
/kaggle/input/datasets/duc24kdl/sub-x-ray/sub_X-Ray/sub_chest/IM-0375-0001.jpeg,,sub_chest,IM-0375-0001.jpeg,ok,908x813 -> 1816x1626,2,1,959.39,39.6954,6.975,2.641023,0.9364,0.9944,0.1989,5.7408,38.3678,9.469014,3.077176,0.9082,0.9884,0.3616,0.3616,0.3616,6.7197,113.4481,60.0385,113.4481,60.0385,0.2498,38.3678,0.9082,9.469014,3.077176,-1.3276,-0.006,-0.1627,-0.9789
/kaggle/input/datasets/duc24kdl/sub-x-ray/sub_X-Ray/sub_chest/IM-0377-0001.jpeg,,sub_chest,IM-0377-0001.jpeg,ok,719x553 -> 1438x1106,2,1,527.17,37.7645,10.880031,3.298489,0.9114,0.9925,0.2252,5.3608,36.0453,16.164015,4.02045,0.8742,0.9834,0.4122,0.4122,0.4122,6.2913,135.7256,59.5082,135.7256,59.5082,0.1589,36.0453,0.8742,16.164015,4.02045,-1.7192,-0.0091,-0.187,-0.9305
/kaggle/input/datasets/duc24kdl/sub-x-ray/sub_X-Ray/sub_chest/IM-0379-0001.jpeg,,sub_chest,IM-0379-0001.jpeg,ok,862x697 -> 1724x1394,2,1,791.89,39.9516,6.575443,2.564263,0.9411,0.9949,0.1882,6.1409,38.5401,9.10055,3.016712,0.915,0.9895,0.347,0.347,0.347,6.6458,115.3402,60.3155,115.3402,60.3155,0.172,38.5401,0.915,9.10055,3.016712,-1.4114,-0.0054,-0.1588,-0.505
/kaggle/input/datasets/duc24kdl/sub-x-ray/sub_X-Ray/sub_chest/IM-0381-0001.jpeg,,sub_chest,IM-0381-0001.jpeg,ok,872x694 -> 1744x1388,2,1,755.19,40.0258,6.464025,2.542445,0.9389,0.9947,0.1906,6.214,38.559,9.061173,3.010178,0.9136,0.989,0.3495,0.3495,0.3495,6.5404,119.3253,60.4754,119.3253,60.4754,0.2189,38.559,0.9136,9.061173,3.010178,-1.4668,-0.0056,-0.1589,-0.3265
/kaggle/input/datasets/duc24kdl/sub-x-ray/sub_X-Ray/sub_chest/IM-0382-0001.jpeg,,sub_chest,IM-0382-0001.jpeg,ok,736x612 -> 1472x1224,2,1,553.97,37.7237,10.982676,3.314012,0.9063,0.9921,0.2245,5.4845,36.3936,14.918445,3.86244,0.87,0.984,0.3924,0.3924,0.3924,6.2135,106.356,59.4772,106.356,59.4772,0.1631,36.3936,0.87,14.918445,3.86244,-1.3302,-0.0081,-0.1679,-0.729
/kaggle/input/datasets/duc24kdl/sub-x-ray/sub_X-Ray/sub_chest/IM-0383-0001.jpeg,,sub_chest,IM-0383-0001.jpeg,ok,736x659 -> 1472x1318,2,1,602.0,39.6227,7.092711,2.663214,0.9363,0.9944,0.1879,6.018,37.7483,10.920733,3.304653,0.9087,0.987,0.3695,0.3695,0.3695,6.4034,128.9942,64.8595,128.9942,64.8595,0.1537,37.7483,0.9087,10.920733,3.304653,-1.8744,-0.0074,-0.1816,-0.3854
/kaggle/input/datasets/duc24kdl/sub-x-ray/sub_X-Ray/sub_chest/IM-0384-0001.jpeg,,sub_chest,IM-0384-0001.jpeg,ok,804x613 -> 1608x1226,2,1,634.11,37.6911,11.065501,3.326485,0.916,0.993,0.199,5.4371,35.0223,20.457392,4.522985,0.871,0.9795,0.398,0.398,0.398,6.0925,131.2519,72.6734,131.2519,72.6734,0.1939,35.0223,0.871,20.457392,4.522985,-2.6688,-0.0134,-0.199,-0.6554
/kaggle/input/datasets/duc24kdl/sub-x-ray/sub_X-Ray/sub_chest/IM-0385-0001.jpeg,,sub_chest,IM-0385-0001.jpeg,ok,856x665 -> 1712x1330,2,1,716.53,39.8356,6.753359,2.598723,0.9401,0.9948,0.1862,6.1907,38.183,9.880602,3.143343,0.9135,0.9886,0.3497,0.3497,0.3497,6.537,121.659,64.0755,121.659,64.0755,0.1628,38.183,0.9135,9.880602,3.143343,-1.6526,-0.0062,-0.1635,-0.3463
/kaggle/input/datasets/duc24kdl/sub-x-ray/sub_X-Ray/sub_chest/IM-0386-0001.jpeg,,sub_chest,IM-0386-0001.jpeg,ok,775x651 -> 1550x1302,2,1,667.38,39.7648,6.864314,2.619984,0.9423,0.9949,0.179,5.9961,38.2035,9.833991,3.135919,0.9153,0.9887,0.3379,0.3379,0.3379,6.5805,118.206,61.3395,118.206,61.3395,0.1799,38.2035,0.9153,9.833991,3.135919,-1.5613,-0.0062,-0.159,-0.5845
/kaggle/input/datasets/duc24kdl/sub-x-ray/sub_X-Ray/sub_chest/IM-0387-0001.jpeg,,sub_chest,IM-0387-0001.jpeg,ok,960x900 -> 1920x1800,2,1,1085.52,39.4601,7.363324,2.713544,0.9332,0.9942,0.2029,5.5731,37.8307,10.715453,3.273447,0.9031,0.9871,0.3678,0.3678,0.3678,6.4286,120.4272,63.1992,120.4272,63.1992,0.1606,37.8307,0.9031,10.715453,3.273447,-1.6294,-0.007,-0.1649,-0.8555
/kaggle/input/datasets/duc24kdl/sub-x-ray/sub_X-Ray/sub_chest/IM-0388-0001.jpeg,,sub_chest,IM-0388-0001.jpeg,ok,840x676 -> 1680x1352,2,1,706.99,39.9107,6.637559,2.576346,0.9423,0.9949,0.1863,6.2202,38.829,8.514914,2.918033,0.9193,0.9899,0.3417,0.3417,0.3417,6.8601,119.6227,57.6777,119.6227,57.6777,0.2516,38.829,0.9193,8.514914,2.918033,-1.0817,-0.005,-0.1554,-0.6398
/kaggle/input/datasets/duc24kdl/sub-x-ray/sub_X-Ray/sub_chest/IM-0389-0001.jpeg,,sub_chest,IM-0389-0001.jpeg,ok,765x514 -> 1530x1028,2,1,519.43,39.1219,7.959644,2.821284,0.9337,0.9942,0.187,5.9233,37.617,11.255991,3.354995,0.9054,0.9868,0.3523,0.3523,0.3523,6.5798,131.105,67.4313,131.105,67.4313,0.2453,37.617,0.9054,11.255991,3.354995,-1.5049,-0.0074,-0.1653,-0.6565
/kaggle/input/datasets/duc24kdl/sub-x-ray/sub_X-Ray/sub_chest/IM-0391-0001.jpeg,,sub_chest,IM-0391-0001.jpeg,ok,1111x834 -> 2222x1668,2,1,1236.5,39.4703,7.346031,2.710356,0.933,0.9941,0.1901,5.1512,38.1662,9.918938,3.149435,0.8999,0.9869,0.3382,0.3382,0.3382,6.4672,120.672,70.7809,120.672,70.7809,0.2306,38.1662,0.8999,9.918938,3.149435,-1.3041,-0.0073,-0.148,-1.316
/kaggle/input/datasets/duc24kdl/sub-x-ray/sub_X-Ray/sub_chest/IM-0392-0001.jpeg,,sub_chest,IM-0392-0001.jpeg,ok,721x529 -> 1442x1058,2,1,502.04,38.2457,9.738868,3.120716,0.9224,0.9934,0.1974,4.8947,36.9804,13.032816,3.610099,0.886,0.986,0.3559,0.3559,0.3559,6.3714,102.2796,62.0666,102.2796,62.0666,0.2563,36.9804,0.886,13.032816,3.610099,-1.2653,-0.0074,-0.1585,-1.4767
/kaggle/input/datasets/duc24kdl/sub-x-ray/sub_X-Ray/sub_chest/IM-0393-0001.jpeg,,sub_chest,IM-0393-0001.jpeg,ok,877x610 -> 1754x1220,2,1,696.55,39.2726,7.688126,2.772747,0.9397,0.9948,0.1646,4.5941,37.829,10.719564,3.274074,0.8989,0.9869,0.2952,0.2952,0.2952,6.4683,91.962,74.2445,91.962,74.2445,0.2763,37.829,0.8989,10.719564,3.274074,-1.4436,-0.0079,-0.1307,-1.8742
/kaggle/input/datasets/duc24kdl/sub-x-ray/sub_X-Ray/sub_chest/IM-0394-0001.jpeg,,sub_chest,IM-0394-0001.jpeg,ok,833x666 -> 1666x1332,2,1,736.36,39.5904,7.145668,2.673138,0.9412,0.9948,0.1897,5.9226,37.9592,10.403129,3.225388,0.9126,0.9888,0.3513,0.3513,0.3513,6.648,113.6931,61.6193,113.6931,61.6193,0.2186,37.9592,0.9126,10.403129,3.225388,-1.6312,-0.0061,-0.1616,-0.7254
/kaggle/input/datasets/duc24kdl/sub-x-ray/sub_X-Ray/sub_chest/IM-0395-0001.jpeg,,sub_chest,IM-0395-0001.jpeg,ok,744x637 -> 1488x1274,2,1,590.02,39.8977,6.657517,2.580217,0.9405,0.9947,0.1877,6.2996,38.2833,9.65504,3.107256,0.9163,0.9887,0.347,0.347,0.347,6.7276,125.6958,57.4657,125.6958,57.4657,0.1699,38.2833,0.9163,9.65504,3.107256,-1.6144,-0.006,-0.1593,-0.4281
/kaggle/input/datasets/duc24kdl/sub-x-ray/sub_X-Ray/sub_chest/IM-0399-0001.jpeg,,sub_chest,IM-0399-0001.jpeg,ok,582x543 -> 1164x1086,2,1,413.76,38.5156,9.152067,3.025238,0.9193,0.9931,0.2315,6.1173,36.7651,13.695264,3.700711,0.8887,0.9854,0.4196,0.4196,0.4196,6.567,124.6487,52.7256,124.6487,52.7256,0.1554,36.7651,0.8887,13.695264,3.700711,-1.7505,-0.0077,-0.188,-0.4496
/kaggle/input/datasets/duc24kdl/sub-x-ray/sub_X-Ray/sub_chest/IM-0400-0001.jpeg,,sub_chest,IM-0400-0001.jpeg,ok,723x541 -> 1446x1082,2,1,518.04,37.4155,11.790345,3.433707,0.9072,0.9921,0.2181,4.8281,35.9452,16.540779,4.067036,0.8661,0.9832,0.3872,0.3872,0.3872,6.0498,114.9457,64.4201,114.9457,64.4201,0.2146,35.9452,0.8661,16.540779,4.067036,-1.4703,-0.0089,-0.1692,-1.2218
/kaggle/input/datasets/duc24kdl/sub-x-ray/sub_X-Ray/sub_chest/IM-0401-0001.jpeg,,sub_chest,IM-0401-0001.jpeg,ok,910x835 -> 1820x1670,2,1,1004.09,41.3777,4.734854,2.175972,0.9558,0.9959,0.1882,6.5594,39.4452,7.388583,2.718195,0.9343,0.9909,0.3571,0.3571,0.3571,6.8277,136.1742,57.1726,136.1742,57.1726,0.2319,39.4452,0.9343,7.388583,2.718195,-1.9325,-0.005,-0.1689,-0.2683
/kaggle/input/datasets/duc24kdl/sub-x-ray/sub_X-Ray/sub_chest/IM-0403-0001.jpeg,,sub_chest,IM-0403-0001.jpeg,ok,887x806 -> 1774x1612,2,1,953.39,41.7079,4.388268,2.094819,0.9636,0.9965,0.16,6.8497,39.9956,6.509145,2.551303,0.9492,0.9922,0.3252,0.3252,0.3252,7.0751,136.2629,61.7869,136.2629,61.7869,0.2082,39.9956,0.9492,6.509145,2.551303,-1.7123,-0.0043,-0.1652,-0.2254
/kaggle/input/datasets/duc24kdl/sub-x-ray/sub_X-Ray/sub_chest/IM-0404-0001.jpeg,,sub_chest,IM-0404-0001.jpeg,ok,847x591 -> 1694x1182,2,1,662.23,39.0822,8.032642,2.834192,0.9322,0.994,0.205,6.0054,37.938,10.453992,3.233263,0.9061,0.9879,0.3702,0.3702,0.3702,6.8379,121.8173,53.9864,121.8173,53.9864,0.2504,37.938,0.9061,10.453992,3.233263,-1.1442,-0.0061,-0.1652,-0.8325
/kaggle/input/datasets/duc24kdl/sub-x-ray/sub_X-Ray/sub_chest/IM-0405-0001.jpeg,,sub_chest,IM-0405-0001.jpeg,ok,976x809 -> 1952x1618,2,1,997.05,39.738,6.906864,2.628091,0.9425,0.9949,0.1885,6.2215,38.1405,9.977733,3.158755,0.92,0.989,0.3551,0.3551,0.3551,6.4937,123.5921,64.4307,123.5921,64.4307,0.1252,38.1405,0.92,9.977733,3.158755,-1.5975,-0.0059,-0.1666,-0.2723
/kaggle/input/datasets/duc24kdl/sub-x-ray/sub_X-Ray/sub_chest/IM-0408-0001.jpeg,,sub_chest,IM-0408-0001.jpeg,ok,721x574 -> 1442x1148,2,1,549.96,37.4959,11.574168,3.402083,0.9034,0.9918,0.2378,5.7009,35.7447,17.322389,4.162017,0.8652,0.9817,0.4295,0.4295,0.4295,6.3055,131.9469,58.7458,131.9469,58.7458,0.1577,35.7447,0.8652,17.322389,4.162017,-1.7512,-0.0101,-0.1917,-0.6046
/kaggle/input/datasets/duc24kdl/sub-x-ray/sub_X-Ray/sub_chest/IM-0409-0001.jpeg,,sub_chest,IM-0409-0001.jpeg,ok,545x396 -> 1090x792,2,1,287.36,37.353,11.961361,3.45852,0.8974,0.9914,0.2329,6.0742,35.6663,17.637961,4.199757,0.8616,0.9818,0.4294,0.4294,0.4294,6.4514,144.9535,47.7139,144.9535,47.7139,0.1424,35.6663,0.8616,17.637961,4.199757,-1.6867,-0.0096,-0.1965,-0.3772
/kaggle/input/datasets/duc24kdl/sub-x-ray/sub_X-Ray/sub_chest/IM-0410-0001.jpeg,,sub_chest,IM-0410-0001.jpeg,ok,816x687 -> 1632x1374,2,1,695.39,39.2875,7.661874,2.768009,0.9322,0.9941,0.2046,5.814,37.8592,10.645354,3.262722,0.9045,0.9874,0.3733,0.3733,0.3733,6.8121,126.3895,60.9908,126.3895,60.9908,0.2201,37.8592,0.9045,10.645354,3.262722,-1.4283,-0.0067,-0.1688,-0.9981
/kaggle/input/datasets/duc24kdl/sub-x-ray/sub_X-Ray/sub_chest/IM-0411-0001.jpeg,,sub_chest,IM-0411-0001.jpeg,ok,864x759 -> 1728x1518,2,1,815.38,39.2805,7.674169,2.770229,0.9346,0.9943,0.1918,5.5898,38.0163,10.267222,3.204251,0.9038,0.9878,0.343,0.343,0.343,6.5873,113.3815,67.0646,113.3815,67.0646,0.2067,38.0163,0.9038,10.267222,3.204251,-1.2642,-0.0065,-0.1512,-0.9975
/kaggle/input/datasets/duc24kdl/sub-x-ray/sub_X-Ray/sub_chest/IM-0413-0001.jpeg,,sub_chest,IM-0413-0001.jpeg,ok,1159x1205 -> 2318x2410,2,1,1899.91,40.6899,5.547391,2.35529,0.9463,0.9952,0.1818,6.3276,39.2566,7.71652,2.777862,0.9248,0.9899,0.3463,0.3463,0.3463,6.527,115.3394,62.4783,115.3394,62.4783,0.1958,39.2566,0.9248,7.71652,2.777862,-1.4333,-0.0053,-0.1645,-0.1994
/kaggle/input/datasets/duc24kdl/sub-x-ray/sub_X-Ray/sub_chest/IM-0414-0001.jpeg,,sub_chest,IM-0414-0001.jpeg,ok,725x643 -> 1450x1286,2,1,612.55,38.0826,10.111695,3.179889,0.9287,0.9939,0.2079,5.8339,36.3903,14.92968,3.863894,0.8967,0.9868,0.378,0.378,0.378,6.4842,118.9731,58.362,118.9731,58.362,0.1358,36.3903,0.8967,14.92968,3.863894,-1.6923,-0.0071,-0.1701,-0.6503
/kaggle/input/datasets/duc24kdl/sub-x-ray/sub_X-Ray/sub_chest/IM-0416-0001.jpeg,,sub_chest,IM-0416-0001.jpeg,ok,904x709 -> 1808x1418,2,1,803.46,38.9355,8.308692,2.88248,0.9235,0.9933,0.2208,6.0422,37.842,10.687724,3.269208,0.8978,0.9867,0.3897,0.3897,0.3897,6.9028,128.64,51.9309,128.64,51.9309,0.2489,37.842,0.8978,10.687724,3.269208,-1.0935,-0.0066,-0.1689,-0.8606
/kaggle/input/datasets/duc24kdl/sub-x-ray/sub_X-Ray/sub_chest/IM-0417-0001.jpeg,,sub_chest,IM-0417-0001.jpeg,ok,893x750 -> 1786x1500,2,1,887.67,39.5032,7.290488,2.70009,0.9389,0.9946,0.1921,5.8855,38.2105,9.818104,3.133385,0.9101,0.9885,0.346,0.346,0.346,6.7801,114.3502,65.7523,114.3502,65.7523,0.208,38.2105,0.9101,9.818104,3.133385,-1.2927,-0.0061,-0.1539,-0.8946
/kaggle/input/datasets/duc24kdl/sub-x-ray/sub_X-Ray/sub_chest/IM-0419-0001.jpeg,,sub_chest,IM-0419-0001.jpeg,ok,1059x761 -> 2118x1522,2,1,1084.69,35.6517,17.697239,4.206809,0.8597,0.9878,0.2565,5.1149,34.4089,23.560851,4.853952,0.8111,0.9742,0.4474,0.4474,0.4474,6.1917,138.1973,62.2137,138.1973,62.2137,0.1606,34.4089,0.8111,23.560851,4.853952,-1.2429,-0.0137,-0.1908,-1.0769
/kaggle/input/datasets/duc24kdl/sub-x-ray/sub_X-Ray/sub_chest/IM-0420-0001.jpeg,,sub_chest,IM-0420-0001.jpeg,ok,779x676 -> 1558x1352,2,1,691.87,38.5031,9.178482,3.029601,0.9245,0.9934,0.227,6.1935,37.3539,11.95885,3.458157,0.8976,0.9867,0.4007,0.4007,0.4007,6.8538,119.5323,49.5303,119.5323,49.5303,0.2032,37.3539,0.8976,11.95885,3.458157,-1.1492,-0.0067,-0.1737,-0.6603
/kaggle/input/datasets/duc24kdl/sub-x-ray/sub_X-Ray/sub_chest/IM-0421-0001.jpeg,,sub_chest,IM-0421-0001.jpeg,ok,787x564 -> 1574x1128,2,1,577.19,38.5457,9.088915,3.014783,0.9246,0.9935,0.2038,5.9001,37.6178,11.253743,3.35466,0.893,0.9871,0.3426,0.3426,0.3426,6.5975,107.4804,59.0003,107.4804,59.0003,0.2239,37.6178,0.893,11.253743,3.35466,-0.9278,-0.0064,-0.1388,-0.6974
/kaggle/input/datasets/duc24kdl/sub-x-ray/sub_X-Ray/sub_chest/IM-0423-0001.jpeg,,sub_chest,IM-0423-0001.jpeg,ok,740x668 -> 1480x1336,2,1,634.3,39.7277,6.923322,2.631221,0.9405,0.9947,0.1888,6.1096,38.3147,9.585511,3.096048,0.9179,0.9886,0.355,0.355,0.355,6.5984,126.3653,59.3751,126.3653,59.3751,0.2227,38.3147,0.9179,9.585511,3.096048,-1.413,-0.0061,-0.1661,-0.4888
/kaggle/input/datasets/duc24kdl/sub-x-ray/sub_X-Ray/sub_chest/IM-0424-0001.jpeg,,sub_chest,IM-0424-0001.jpeg,ok,684x539 -> 1368x1078,2,1,472.02,38.4242,9.346786,3.057251,0.9238,0.9935,0.2048,5.521,36.9836,13.02335,3.608788,0.8896,0.9857,0.3746,0.3746,0.3746,6.6307,127.0021,64.5875,127.0021,64.5875,0.2463,36.9836,0.8896,13.02335,3.608788,-1.4406,-0.0077,-0.1698,-1.1097
/kaggle/input/datasets/duc24kdl/sub-x-ray/sub_X-Ray/sub_chest/IM-0425-0001.jpeg,,sub_chest,IM-0425-0001.jpeg,ok,925x657 -> 1850x1314,2,1,803.53,40.6023,5.660392,2.379158,0.9533,0.9958,0.1698,5.6587,39.3513,7.549998,2.747726,0.9284,0.9912,0.3152,0.3152,0.3152,6.6168,106.6086,61.9014,106.6086,61.9014,0.2981,39.3513,0.9284,7.549998,2.747726,-1.251,-0.0046,-0.1453,-0.9581
/kaggle/input/datasets/duc24kdl/sub-x-ray/sub_X-Ray/sub_chest/IM-0427-0001.jpeg,,sub_chest,IM-0427-0001.jpeg,ok,914x678 -> 1828x1356,2,1,819.03,40.0888,6.370921,2.524068,0.9475,0.9952,0.1842,6.0753,38.7218,8.727657,2.954261,0.9216,0.9892,0.3379,0.3379,0.3379,6.908,134.2973,65.4699,134.2973,65.4699,0.232,38.7218,0.9216,8.727657,2.954261,-1.367,-0.0061,-0.1537,-0.8326
/kaggle/input/datasets/duc24kdl/sub-x-ray/sub_X-Ray/sub_chest/IM-0428-0001.jpeg,,sub_chest,IM-0428-0001.jpeg,ok,781x674 -> 1562x1348,2,1,690.77,38.1881,9.868929,3.141485,0.9212,0.9931,0.2088,5.7361,36.7109,13.867146,3.723862,0.8873,0.9842,0.3802,0.3802,0.3802,6.6156,148.1018,61.8148,148.1018,61.8148,0.2042,36.7109,0.8873,13.867146,3.723862,-1.4772,-0.0089,-0.1715,-0.8795
/kaggle/input/datasets/duc24kdl/sub-x-ray/sub_X-Ray/sub_chest/IM-0429-0001-0001.jpeg,,sub_chest,IM-0429-0001-0001.jpeg,ok,959x784 -> 1918x1568,2,1,978.04,41.6402,4.457188,2.111205,0.9609,0.9963,0.16,6.5135,40.3855,5.95024,2.439311,0.9386,0.9919,0.3016,0.3016,0.3016,6.9923,123.2679,64.4954,123.2679,64.4954,0.3298,40.3855,0.9386,5.95024,2.439311,-1.2547,-0.0044,-0.1416,-0.4788
/kaggle/input/datasets/duc24kdl/sub-x-ray/sub_X-Ray/sub_chest/IM-0429-0001-0002.jpeg,,sub_chest,IM-0429-0001-0002.jpeg,ok,929x690 -> 1858x1380,2,1,853.24,39.7517,6.885134,2.623954,0.9433,0.995,0.1812,5.7601,38.621,8.932602,2.988746,0.9165,0.9893,0.331,0.331,0.331,6.7178,120.7035,63.2884,120.7035,63.2884,0.234,38.621,0.9165,8.932602,2.988746,-1.1307,-0.0057,-0.1498,-0.9576
/kaggle/input/datasets/duc24kdl/sub-x-ray/sub_X-Ray/sub_chest/IM-0429-0001.jpeg,,sub_chest,IM-0429-0001.jpeg,ok,982x846 -> 1964x1692,2,1,1093.35,40.363,5.981125,2.445634,0.9486,0.9953,0.1897,6.2385,39.386,7.489909,2.73677,0.9278,0.9906,0.3429,0.3429,0.3429,7.0435,113.6871,54.6601,113.6871,54.6601,0.205,39.386,0.9278,7.489909,2.73677,-0.9769,-0.0047,-0.1532,-0.805
/kaggle/input/datasets/duc24kdl/sub-x-ray/sub_X-Ray/sub_chest/IM-0430-0001.jpeg,,sub_chest,IM-0430-0001.jpeg,ok,719x541 -> 1438x1082,2,1,511.76,37.7257,10.977714,3.313263,0.9068,0.992,0.224,5.6877,36.0732,16.060489,4.007554,0.8683,0.9823,0.3999,0.3999,0.3999,6.3423,127.1068,62.3721,127.1068,62.3721,0.1462,36.0732,0.8683,16.060489,4.007554,-1.6525,-0.0097,-0.176,-0.6546
/kaggle/input/datasets/duc24kdl/sub-x-ray/sub_X-Ray/sub_chest/IM-0431-0001.jpeg,,sub_chest,IM-0431-0001.jpeg,ok,839x707 -> 1678x1414,2,1,785.29,39.2048,7.809095,2.794476,0.9312,0.994,0.2023,6.0394,37.6544,11.159297,3.340553,0.9032,0.9869,0.3681,0.3681,0.3681,6.8073,126.0907,61.1784,126.0907,61.1784,0.1907,37.6544,0.9032,11.159297,3.340553,-1.5504,-0.007,-0.1658,-0.7678
/kaggle/input/datasets/duc24kdl/sub-x-ray/sub_X-Ray/sub_chest/IM-0432-0001.jpeg,,sub_chest,IM-0432-0001.jpeg,ok,740x614 -> 1480x1228,2,1,581.56,39.5695,7.180163,2.679583,0.9376,0.9944,0.1814,5.9336,38.095,10.08276,3.175336,0.9062,0.9871,0.3329,0.3329,0.3329,6.9048,136.379,67.7124,136.379,67.7124,0.2303,38.095,0.9062,10.08276,3.175336,-1.4745,-0.0072,-0.1515,-0.9712
/kaggle/input/datasets/duc24kdl/sub-x-ray/sub_X-Ray/sub_chest/IM-0433-0001.jpeg,,sub_chest,IM-0433-0001.jpeg,ok,958x838 -> 1916x1676,2,1,1051.41,40.9401,5.2369,2.288427,0.957,0.9961,0.161,6.2137,39.6658,7.022594,2.650018,0.9306,0.9912,0.2997,0.2997,0.2997,6.8741,108.5444,69.4613,108.5444,69.4613,0.2444,39.6658,0.9306,7.022594,2.650018,-1.2742,-0.0049,-0.1387,-0.6604
/kaggle/input/datasets/duc24kdl/sub-x-ray/sub_X-Ray/sub_chest/IM-0434-0001.jpeg,,sub_chest,IM-0434-0001.jpeg,ok,1107x857 -> 2214x1714,2,1,1255.05,41.5083,4.594654,2.143514,0.9574,0.996,0.1692,7.027,40.1734,6.24798,2.499596,0.9443,0.992,0.3298,0.3298,0.3298,6.7304,134.5582,58.6948,134.5582,58.6948,0.186,40.1734,0.9443,6.24798,2.499596,-1.3349,-0.004,-0.1606,0.2966
/kaggle/input/datasets/duc24kdl/sub-x-ray/sub_X-Ray/sub_chest/IM-0435-0001-0001.jpeg,,sub_chest,IM-0435-0001-0001.jpeg,ok,756x604 -> 1512x1208,2,1,582.76,41.7461,4.349831,2.085625,0.967,0.9968,0.1511,6.4207,39.2105,7.798809,2.792635,0.946,0.9931,0.2826,0.2826,0.2826,6.739,90.824,57.0172,90.824,57.0172,0.2592,39.2105,0.946,7.798809,2.792635,-2.5356,-0.0037,-0.1314,-0.3183
/kaggle/input/datasets/duc24kdl/sub-x-ray/sub_X-Ray/sub_chest/IM-0435-0001.jpeg,,sub_chest,IM-0435-0001.jpeg,ok,565x415 -> 1130x830,2,1,311.21,39.4985,7.298522,2.701578,0.9447,0.995,0.1874,6.5109,38.3077,9.60091,3.098534,0.9209,0.9898,0.3494,0.3494,0.3494,7.123,125.6503,54.9077,125.6503,54.9077,0.3043,38.3077,0.9209,9.60091,3.098534,-1.1908,-0.0052,-0.162,-0.6121
/kaggle/input/datasets/duc24kdl/sub-x-ray/sub_X-Ray/sub_chest/IM-0437-0001-0001.jpeg,,sub_chest,IM-0437-0001-0001.jpeg,ok,1011x722 -> 2022x1444,2,1,976.13,39.1364,7.933073,2.816571,0.9215,0.993,0.2143,6.0458,37.6416,11.192433,3.345509,0.8933,0.9856,0.3726,0.3726,0.3726,6.6511,134.7891,57.8861,134.7891,57.8861,0.162,37.6416,0.8933,11.192433,3.345509,-1.4948,-0.0074,-0.1582,-0.6053
/kaggle/input/datasets/duc24kdl/sub-x-ray/sub_X-Ray/sub_chest/IM-0437-0001-0002.jpeg,,sub_chest,IM-0437-0001-0002.jpeg,ok,754x576 -> 1508x1152,2,1,558.26,39.627,7.085676,2.661893,0.9426,0.9949,0.1773,6.0647,37.713,11.009897,3.318116,0.9141,0.9892,0.3218,0.3218,0.3218,6.6492,127.9916,62.4502,127.9916,62.4502,0.1575,37.713,0.9141,11.009897,3.318116,-1.914,-0.0057,-0.1445,-0.5844
/kaggle/input/datasets/duc24kdl/sub-x-ray/sub_X-Ray/sub_chest/IM-0437-0001.jpeg,,sub_chest,IM-0437-0001.jpeg,ok,705x589 -> 1410x1178,2,1,549.44,38.7944,8.583068,2.929687,0.9257,0.9934,0.212,5.9258,37.6325,11.215727,3.348989,0.8965,0.9867,0.3633,0.3633,0.3633,6.914,107.3532,53.4302,107.3532,53.4302,0.1942,37.6325,0.8965,11.215727,3.348989,-1.1618,-0.0067,-0.1513,-0.9881
/kaggle/input/datasets/duc24kdl/sub-x-ray/sub_X-Ray/sub_chest/IM-0438-0001.jpeg,,sub_chest,IM-0438-0001.jpeg,ok,952x711 -> 1904x1422,2,1,855.21,40.8091,5.397178,2.323183,0.95,0.9954,0.1685,6.3275,39.2663,7.699239,2.77475,0.9253,0.99,0.3082,0.3082,0.3082,6.9165,126.8312,64.9075,126.8312,64.9075,0.2495,39.2663,0.9253,7.699239,2.77475,-1.5428,-0.0054,-0.1397,-0.589
/kaggle/input/datasets/duc24kdl/sub-x-ray/sub_X-Ray/sub_chest/IM-0439-0001-0001.jpeg,,sub_chest,IM-0439-0001-0001.jpeg,ok,883x690 -> 1766x1380,2,1,810.96,40.7284,5.498437,2.344875,0.9491,0.9954,0.1761,5.9315,39.0812,8.034533,2.834525,0.9259,0.99,0.3339,0.3339,0.3339,6.7599,129.2221,61.5062,129.2221,61.5062,0.2318,39.0812,0.9259,8.034533,2.834525,-1.6472,-0.0054,-0.1579,-0.8284
/kaggle/input/datasets/duc24kdl/sub-x-ray/sub_X-Ray/sub_chest/IM-0439-0001-0002.jpeg,,sub_chest,IM-0439-0001-0002.jpeg,ok,684x516 -> 1368x1032,2,1,452.68,38.318,9.57809,3.094849,0.923,0.9933,0.2074,5.785,37.096,12.690619,3.562389,0.8904,0.9858,0.3644,0.3644,0.3644,6.6116,118.0188,62.2854,118.0188,62.2854,0.2038,37.096,0.8904,12.690619,3.562389,-1.222,-0.0075,-0.157,-0.8267
/kaggle/input/datasets/duc24kdl/sub-x-ray/sub_X-Ray/sub_chest/IM-0439-0001.jpeg,,sub_chest,IM-0439-0001.jpeg,ok,908x779 -> 1816x1558,2,1,920.82,40.0388,6.444653,2.538632,0.9407,0.9947,0.1893,6.2412,38.4971,9.19121,3.031701,0.9147,0.9883,0.3574,0.3574,0.3574,6.9101,136.6719,61.1139,136.6719,61.1139,0.1674,38.4971,0.9147,9.19121,3.031701,-1.5417,-0.0064,-0.1681,-0.6689
/kaggle/input/datasets/duc24kdl/sub-x-ray/sub_X-Ray/sub_chest/IM-0440-0001.jpeg,,sub_chest,IM-0440-0001.jpeg,ok,845x732 -> 1690x1464,2,1,817.22,40.51,5.781981,2.404575,0.952,0.9957,0.1692,6.147,39.1716,7.869075,2.805187,0.9267,0.9905,0.3221,0.3221,0.3221,6.961,120.6892,63.2699,120.6892,63.2699,0.2491,39.1716,0.9267,7.869075,2.805187,-1.3385,-0.0051,-0.1529,-0.814
/kaggle/input/datasets/duc24kdl/sub-x-ray/sub_X-Ray/sub_chest/IM-0441-0001.jpeg,,sub_chest,IM-0441-0001.jpeg,ok,736x585 -> 1472x1170,2,1,528.48,39.8994,6.654842,2.579698,0.9477,0.9953,0.1782,5.7157,38.8253,8.522113,2.919266,0.9213,0.9902,0.3152,0.3152,0.3152,6.997,110.6805,63.4669,110.6805,63.4669,0.2587,38.8253,0.9213,8.522113,2.919266,-1.0741,-0.0051,-0.137,-1.2814
/kaggle/input/datasets/duc24kdl/sub-x-ray/sub_X-Ray/sub_chest/IM-0442-0001.jpeg,,sub_chest,IM-0442-0001.jpeg,ok,755x676 -> 1510x1352,2,1,672.85,38.5815,9.014171,3.002361,0.9179,0.9928,0.2128,6.0616,36.8875,13.314633,3.648922,0.8838,0.9841,0.3746,0.3746,0.3746,6.4412,136.1374,60.9338,136.1374,60.9338,0.1547,36.8875,0.8838,13.314633,3.648922,-1.694,-0.0087,-0.1618,-0.3796
/kaggle/input/datasets/duc24kdl/sub-x-ray/sub_X-Ray/sub_chest/IM-0444-0001.jpeg,,sub_chest,IM-0444-0001.jpeg,ok,964x877 -> 1928x1754,2,1,1106.41,41.0161,5.146022,2.268484,0.956,0.996,0.1726,6.2557,39.763,6.867173,2.620529,0.9338,0.9914,0.3262,0.3262,0.3262,7.0183,110.9723,62.6393,110.9723,62.6393,0.2423,39.763,0.9338,6.867173,2.620529,-1.2531,-0.0046,-0.1536,-0.7626
/kaggle/input/datasets/duc24kdl/sub-x-ray/sub_X-Ray/sub_chest/IM-0445-0001.jpeg,,sub_chest,IM-0445-0001.jpeg,ok,881x753 -> 1762x1506,2,1,886.84,40.3104,6.054036,2.460495,0.9487,0.9954,0.1796,6.1607,39.1584,7.893037,2.809455,0.9255,0.9901,0.3388,0.3388,0.3388,7.1175,126.1446,61.2421,126.1446,61.2421,0.2173,39.1584,0.9255,7.893037,2.809455,-1.152,-0.0053,-0.1592,-0.9569
/kaggle/input/datasets/duc24kdl/sub-x-ray/sub_X-Ray/sub_chest/IM-0446-0001.jpeg,,sub_chest,IM-0446-0001.jpeg,ok,908x830 -> 1816x1660,2,1,968.27,40.4812,5.820516,2.412574,0.9495,0.9954,0.1787,6.3217,39.3539,7.545614,2.746928,0.9268,0.9904,0.331,0.331,0.331,7.0504,126.3642,61.4181,126.3642,61.4181,0.2203,39.3539,0.9268,7.545614,2.746928,-1.1273,-0.005,-0.1524,-0.7287
/kaggle/input/datasets/duc24kdl/sub-x-ray/sub_X-Ray/sub_chest/IM-0447-0001.jpeg,,sub_chest,IM-0447-0001.jpeg,ok,920x749 -> 1840x1498,2,1,871.94,40.8791,5.310986,2.304558,0.9547,0.9959,0.1743,6.0051,39.4372,7.40213,2.720686,0.9322,0.9912,0.3218,0.3218,0.3218,6.9212,116.9477,61.7944,116.9477,61.7944,0.301,39.4372,0.9322,7.40213,2.720686,-1.4418,-0.0046,-0.1474,-0.916
/kaggle/input/datasets/duc24kdl/sub-x-ray/sub_X-Ray/sub_chest/IM-0448-0001.jpeg,,sub_chest,IM-0448-0001.jpeg,ok,977x639 -> 1954x1278,2,1,829.8,40.5262,5.760549,2.400114,0.9536,0.9958,0.1733,5.7616,39.5715,7.17682,2.678959,0.9291,0.9913,0.3087,0.3087,0.3087,6.8753,98.7382,60.0138,98.7382,60.0138,0.29,39.5715,0.9291,7.17682,2.678959,-0.9547,-0.0045,-0.1354,-1.1137
/kaggle/input/datasets/duc24kdl/sub-x-ray/sub_X-Ray/sub_chest/IM-0449-0001.jpeg,,sub_chest,IM-0449-0001.jpeg,ok,819x618 -> 1638x1236,2,1,670.46,40.6116,5.648375,2.376631,0.949,0.9953,0.1759,6.3829,38.8105,8.551357,2.92427,0.924,0.9899,0.3276,0.3276,0.3276,6.8387,129.4437,60.7867,129.4437,60.7867,0.2222,38.8105,0.924,8.551357,2.92427,-1.8011,-0.0054,-0.1517,-0.4559
/kaggle/input/datasets/duc24kdl/sub-x-ray/sub_X-Ray/sub_chest/IM-0450-0001.jpeg,,sub_chest,IM-0450-0001.jpeg,ok,839x740 -> 1678x1480,2,1,821.76,38.4508,9.289666,3.047895,0.9238,0.9934,0.2149,5.7194,36.9186,13.219653,3.635884,0.8924,0.9863,0.3775,0.3775,0.3775,6.5613,118.4896,60.0317,118.4896,60.0317,0.165,36.9186,0.8924,13.219653,3.635884,-1.5322,-0.0071,-0.1626,-0.8418
/kaggle/input/datasets/duc24kdl/sub-x-ray/sub_X-Ray/sub_chest/IM-0451-0001.jpeg,,sub_chest,IM-0451-0001.jpeg,ok,925x873 -> 1850x1746,2,1,1077.39,40.5252,5.761811,2.400377,0.9491,0.9954,0.1855,6.31,39.2479,7.732012,2.78065,0.926,0.9901,0.3467,0.3467,0.3467,6.8858,113.6119,61.0126,113.6119,61.0126,0.219,39.2479,0.926,7.732012,2.78065,-1.2773,-0.0053,-0.1612,-0.5757
/kaggle/input/datasets/duc24kdl/sub-x-ray/sub_X-Ray/sub_chest/IM-0452-0001.jpeg,,sub_chest,IM-0452-0001.jpeg,ok,924x794 -> 1848x1588,2,1,943.34,40.4627,5.8454,2.417726,0.9469,0.9952,0.1763,5.6777,39.1237,7.956205,2.820675,0.9191,0.9895,0.3165,0.3165,0.3165,6.7418,115.461,65.9478,115.461,65.9478,0.2793,39.1237,0.9191,7.956205,2.820675,-1.3389,-0.0057,-0.1401,-1.0641
/kaggle/input/datasets/duc24kdl/sub-x-ray/sub_X-Ray/sub_chest/IM-0453-0001-0002.jpeg,,sub_chest,IM-0453-0001-0002.jpeg,ok,1044x1037 -> 2088x2074,2,1,1415.91,40.9904,5.176564,2.275206,0.9494,0.9953,0.1795,6.0856,39.6858,6.990309,2.643919,0.9253,0.9901,0.3327,0.3327,0.3327,7.0193,122.2601,64.0941,122.2601,64.0941,0.2637,39.6858,0.9253,6.990309,2.643919,-1.3045,-0.0052,-0.1532,-0.9337
/kaggle/input/datasets/duc24kdl/sub-x-ray/sub_X-Ray/sub_chest/IM-0453-0001.jpeg,,sub_chest,IM-0453-0001.jpeg,ok,881x857 -> 1762x1714,2,1,1000.61,40.9438,5.232341,2.287431,0.9557,0.996,0.1568,5.3422,38.9453,8.289985,2.879233,0.9254,0.9903,0.3002,0.3002,0.3002,6.2636,90.4772,68.2556,90.4772,68.2556,0.2181,38.9453,0.9254,8.289985,2.879233,-1.9986,-0.0058,-0.1434,-0.9214
/kaggle/input/datasets/duc24kdl/sub-x-ray/sub_X-Ray/sub_chest/IM-0455-0001.jpeg,,sub_chest,IM-0455-0001.jpeg,ok,682x574 -> 1364x1148,2,1,510.96,38.4322,9.329479,3.05442,0.9237,0.9934,0.2076,6.0035,36.9261,13.196821,3.632743,0.8929,0.9855,0.3824,0.3824,0.3824,6.5208,135.0493,57.0391,135.0493,57.0391,0.1874,36.9261,0.8929,13.196821,3.632743,-1.5061,-0.0079,-0.1747,-0.5173
/kaggle/input/datasets/duc24kdl/sub-x-ray/sub_X-Ray/sub_chest/IM-0456-0001.jpeg,,sub_chest,IM-0456-0001.jpeg,ok,906x846 -> 1812x1692,2,1,1008.58,39.6546,7.040847,2.653459,0.9291,0.9937,0.2197,6.1941,38.3193,9.575265,3.094393,0.9046,0.9874,0.3761,0.3761,0.3761,6.8707,113.9668,53.0402,113.9668,53.0402,0.1981,38.3193,0.9046,9.575265,3.094393,-1.3353,-0.0062,-0.1564,-0.6766
/kaggle/input/datasets/duc24kdl/sub-x-ray/sub_X-Ray/sub_chest/IM-0457-0001.jpeg,,sub_chest,IM-0457-0001.jpeg,ok,1045x892 -> 2090x1784,2,1,1237.56,40.4106,5.915847,2.432251,0.946,0.9951,0.1822,6.0991,39.261,7.708745,2.776463,0.9207,0.9893,0.3385,0.3385,0.3385,6.9653,126.4512,65.9806,126.4512,65.9806,0.2316,39.261,0.9207,7.708745,2.776463,-1.1497,-0.0057,-0.1563,-0.8663
/kaggle/input/datasets/duc24kdl/sub-x-ray/sub_X-Ray/sub_chest/IM-0458-0001.jpeg,,sub_chest,IM-0458-0001.jpeg,ok,613x477 -> 1226x954,2,1,390.95,39.333,7.581924,2.753529,0.9424,0.9949,0.1898,6.2649,38.1719,9.905867,3.147359,0.9161,0.9891,0.3429,0.3429,0.3429,7.0206,123.8853,59.6912,123.8853,59.6912,0.2794,38.1719,0.9161,9.905867,3.147359,-1.1611,-0.0057,-0.1531,-0.7557
/kaggle/input/datasets/duc24kdl/sub-x-ray/sub_X-Ray/sub_chest/IM-0459-0001.jpeg,,sub_chest,IM-0459-0001.jpeg,ok,1169x985 -> 2338x1970,2,1,1560.17,40.7181,5.511469,2.347652,0.9448,0.9949,0.1777,6.1301,39.3492,7.553781,2.748414,0.9197,0.9888,0.3251,0.3251,0.3251,6.8326,136.4517,64.3359,136.4517,64.3359,0.2606,39.3492,0.9197,7.553781,2.748414,-1.369,-0.0061,-0.1474,-0.7025
/kaggle/input/datasets/duc24kdl/sub-x-ray/sub_X-Ray/sub_chest/IM-0460-0001.jpeg,,sub_chest,IM-0460-0001.jpeg,ok,827x629 -> 1654x1258,2,1,688.05,39.9485,6.58005,2.565161,0.9446,0.995,0.1874,6.2205,38.8079,8.556296,2.925115,0.921,0.9896,0.3375,0.3375,0.3375,6.9892,124.025,58.9307,124.025,58.9307,0.2504,38.8079,0.921,8.556296,2.925115,-1.1406,-0.0054,-0.1501,-0.7687
/kaggle/input/datasets/duc24kdl/sub-x-ray/sub_X-Ray/sub_chest/IM-0461-0001.jpeg,,sub_chest,IM-0461-0001.jpeg,ok,852x670 -> 1704x1340,2,1,729.42,40.0086,6.489656,2.54748,0.9461,0.9951,0.1714,5.5333,38.6017,8.972533,2.995419,0.9157,0.9892,0.3145,0.3145,0.3145,6.5685,118.8864,65.3115,118.8864,65.3115,0.2614,38.6017,0.9157,8.972533,2.995419,-1.4069,-0.0059,-0.143,-1.0352
/kaggle/input/datasets/duc24kdl/sub-x-ray/sub_X-Ray/sub_chest/IM-0463-0001.jpeg,,sub_chest,IM-0463-0001.jpeg,ok,902x879 -> 1804x1758,2,1,1050.34,40.3488,6.000665,2.449626,0.9387,0.9945,0.1999,6.5459,38.7752,8.62101,2.936156,0.9156,0.9885,0.3628,0.3628,0.3628,6.7655,126.9315,59.3465,126.9315,59.3465,0.1773,38.7752,0.9156,8.62101,2.936156,-1.5736,-0.006,-0.1629,-0.2196
/kaggle/input/datasets/duc24kdl/sub-x-ray/sub_X-Ray/sub_chest/IM-0464-0001.jpeg,,sub_chest,IM-0464-0001.jpeg,ok,885x676 -> 1770x1352,2,1,789.04,39.9205,6.622612,2.573444,0.9474,0.9954,0.1693,5.2777,38.7258,8.719595,2.952896,0.9159,0.9895,0.3119,0.3119,0.3119,6.6662,111.6684,70.8181,111.6684,70.8181,0.2296,38.7258,0.9159,8.719595,2.952896,-1.1947,-0.0059,-0.1426,-1.3885
/kaggle/input/datasets/duc24kdl/sub-x-ray/sub_X-Ray/sub_chest/IM-0465-0001.jpeg,,sub_chest,IM-0465-0001.jpeg,ok,875x667 -> 1750x1334,2,1,771.83,40.2543,6.132711,2.476431,0.9436,0.9949,0.1863,5.9039,38.6875,8.796943,2.965964,0.9175,0.989,0.3418,0.3418,0.3418,6.7442,125.1458,64.8114,125.1458,64.8114,0.2282,38.6875,0.9175,8.796943,2.965964,-1.5668,-0.0059,-0.1556,-0.8404
/kaggle/input/datasets/duc24kdl/sub-x-ray/sub_X-Ray/sub_chest/IM-0466-0001.jpeg,,sub_chest,IM-0466-0001.jpeg,ok,800x632 -> 1600x1264,2,1,628.68,38.8813,8.413019,2.90052,0.9257,0.9935,0.2152,6.058,37.553,11.422996,3.379792,0.8982,0.9864,0.3827,0.3827,0.3827,6.6716,128.8146,52.526,128.8146,52.526,0.2106,37.553,0.8982,11.422996,3.379792,-1.3283,-0.007,-0.1675,-0.6136
/kaggle/input/datasets/duc24kdl/sub-x-ray/sub_X-Ray/sub_chest/IM-0467-0001-0001.jpeg,,sub_chest,IM-0467-0001-0001.jpeg,ok,956x869 -> 1912x1738,2,1,1080.34,41.1342,5.007935,2.237842,0.9589,0.9962,0.1589,6.109,39.8596,6.71622,2.591567,0.9339,0.9914,0.3062,0.3062,0.3062,6.8395,105.3933,69.2323,105.3933,69.2323,0.2468,39.8596,0.9339,6.71622,2.591567,-1.2747,-0.0048,-0.1473,-0.7305
/kaggle/input/datasets/duc24kdl/sub-x-ray/sub_X-Ray/sub_chest/IM-0467-0001-0002.jpeg,,sub_chest,IM-0467-0001-0002.jpeg,ok,817x686 -> 1634x1372,2,1,738.87,38.5332,9.115141,3.019129,0.9182,0.993,0.2069,5.6194,36.6974,13.910434,3.729669,0.8817,0.9835,0.3805,0.3805,0.3805,6.3494,125.0005,68.2612,125.0005,68.2612,0.1553,36.6974,0.8817,13.910434,3.729669,-1.8358,-0.0095,-0.1736,-0.7301
/kaggle/input/datasets/duc24kdl/sub-x-ray/sub_X-Ray/sub_chest/IM-0467-0001.jpeg,,sub_chest,IM-0467-0001.jpeg,ok,1057x933 -> 2114x1866,2,1,1302.03,41.3132,4.805701,2.192191,0.9557,0.9959,0.1622,5.5473,40.1069,6.344381,2.518805,0.93,0.9907,0.2936,0.2936,0.2936,6.9742,107.1755,68.2658,107.1755,68.2658,0.2783,40.1069,0.93,6.344381,2.518805,-1.2063,-0.0052,-0.1314,-1.4269
/kaggle/input/datasets/duc24kdl/sub-x-ray/sub_X-Ray/sub_chest/IM-0469-0001.jpeg,,sub_chest,IM-0469-0001.jpeg,ok,974x788 -> 1948x1576,2,1,1002.44,39.9945,6.510739,2.551615,0.9423,0.9948,0.1887,5.9937,38.925,8.328735,2.885955,0.9178,0.9891,0.3395,0.3395,0.3395,6.8813,130.5798,62.3271,130.5798,62.3271,0.2212,38.925,0.9178,8.328735,2.885955,-1.0695,-0.0056,-0.1508,-0.8876
/kaggle/input/datasets/duc24kdl/sub-x-ray/sub_X-Ray/sub_chest/IM-0471-0001.jpeg,,sub_chest,IM-0471-0001.jpeg,ok,1040x890 -> 2080x1780,2,1,1171.44,41.2641,4.860382,2.204627,0.9544,0.9958,0.1749,6.7757,39.5928,7.141647,2.672386,0.9384,0.9909,0.3409,0.3409,0.3409,6.692,139.5752,59.665,139.5752,59.665,0.2145,39.5928,0.9384,7.141647,2.672386,-1.6713,-0.0049,-0.1659,0.0836
/kaggle/input/datasets/duc24kdl/sub-x-ray/sub_X-Ray/sub_chest/IM-0472-0001.jpeg,,sub_chest,IM-0472-0001.jpeg,ok,808x659 -> 1616x1318,2,1,670.21,39.0863,8.025186,2.832876,0.9351,0.9942,0.2083,6.3173,37.2121,12.355897,3.515096,0.9085,0.9868,0.3858,0.3858,0.3858,6.5306,145.4156,51.6581,145.4156,51.6581,0.1672,37.2121,0.9085,12.355897,3.515096,-1.8742,-0.0074,-0.1774,-0.2133
/kaggle/input/datasets/duc24kdl/sub-x-ray/sub_X-Ray/sub_chest/IM-0473-0001.jpeg,,sub_chest,IM-0473-0001.jpeg,ok,779x589 -> 1558x1178,2,1,609.45,39.7431,6.898782,2.626553,0.943,0.9949,0.1889,6.1722,37.5,11.563326,3.400489,0.9147,0.9885,0.3426,0.3426,0.3426,6.5722,132.3439,61.4374,132.3439,61.4374,0.194,37.5,0.9147,11.563326,3.400489,-2.2431,-0.0064,-0.1536,-0.4
/kaggle/input/datasets/duc24kdl/sub-x-ray/sub_X-Ray/sub_chest/IM-0474-0001.jpeg,,sub_chest,IM-0474-0001.jpeg,ok,736x506 -> 1472x1012,2,1,461.0,38.0596,10.165294,3.188306,0.9189,0.993,0.203,5.4887,36.6257,14.141854,3.760566,0.8805,0.984,0.3683,0.3683,0.3683,6.4661,133.3047,67.0715,133.3047,67.0715,0.2186,36.6257,0.8805,14.141854,3.760566,-1.4339,-0.009,-0.1653,-0.9773
/kaggle/input/datasets/duc24kdl/sub-x-ray/sub_X-Ray/sub_chest/IM-0475-0001.jpeg,,sub_chest,IM-0475-0001.jpeg,ok,868x672 -> 1736x1344,2,1,748.88,40.0953,6.361323,2.522166,0.9485,0.9953,0.1778,6.0489,38.9232,8.332164,2.886549,0.9245,0.99,0.3228,0.3228,0.3228,6.8602,126.3342,61.6426,126.3342,61.6426,0.2448,38.9232,0.9245,8.332164,2.886549,-1.1721,-0.0054,-0.1451,-0.8114
/kaggle/input/datasets/duc24kdl/sub-x-ray/sub_X-Ray/sub_chest/IM-0476-0001.jpeg,,sub_chest,IM-0476-0001.jpeg,ok,779x524 -> 1558x1048,2,1,534.97,39.7497,6.888227,2.624543,0.9451,0.9951,0.1776,5.7752,38.3729,9.457781,3.075351,0.9162,0.989,0.332,0.332,0.332,6.7676,126.4237,65.4185,126.4237,65.4185,0.2807,38.3729,0.9162,9.457781,3.075351,-1.3768,-0.0061,-0.1544,-0.9925
/kaggle/input/datasets/duc24kdl/sub-x-ray/sub_X-Ray/sub_chest/IM-0477-0001.jpeg,,sub_chest,IM-0477-0001.jpeg,ok,833x768 -> 1666x1536,2,1,831.81,40.8883,5.299628,2.302092,0.9513,0.9956,0.1713,6.2372,39.2554,7.718561,2.77823,0.9267,0.9902,0.3265,0.3265,0.3265,6.9769,126.1298,62.9414,126.1298,62.9414,0.1839,39.2554,0.9267,7.718561,2.77823,-1.6329,-0.0053,-0.1552,-0.7397
/kaggle/input/datasets/duc24kdl/sub-x-ray/sub_X-Ray/sub_chest/IM-0478-0001.jpeg,,sub_chest,IM-0478-0001.jpeg,ok,838x780 -> 1676x1560,2,1,849.27,39.943,6.588338,2.566776,0.9394,0.9946,0.1953,5.9379,38.8295,8.513983,2.917873,0.9144,0.9889,0.3421,0.3421,0.3421,7.0024,128.7984,59.4777,128.7984,59.4777,0.2384,38.8295,0.9144,8.513983,2.917873,-1.1136,-0.0056,-0.1468,-1.0644
/kaggle/input/datasets/duc24kdl/sub-x-ray/sub_X-Ray/sub_chest/IM-0479-0001.jpeg,,sub_chest,IM-0479-0001.jpeg,ok,719x463 -> 1438x926,2,1,438.15,38.6511,8.870964,2.978416,0.933,0.9941,0.1856,5.7767,37.5326,11.476743,3.387734,0.9006,0.9872,0.3318,0.3318,0.3318,6.6545,127.1701,69.5337,127.1701,69.5337,0.2348,37.5326,0.9006,11.476743,3.387734,-1.1185,-0.0068,-0.1462,-0.8777
/kaggle/input/datasets/duc24kdl/sub-x-ray/sub_X-Ray/sub_chest/IM-0480-0001.jpeg,,sub_chest,IM-0480-0001.jpeg,ok,1109x1091 -> 2218x2182,2,1,1631.05,41.3328,4.784054,2.187248,0.956,0.9958,0.1642,5.8412,40.1101,6.339794,2.517895,0.9318,0.9911,0.2959,0.2959,0.2959,6.8338,99.2975,60.4983,99.2975,60.4983,0.2772,40.1101,0.9318,6.339794,2.517895,-1.2228,-0.0047,-0.1316,-0.9926
/kaggle/input/datasets/duc24kdl/sub-x-ray/sub_X-Ray/sub_chest/IM-0481-0001.jpeg,,sub_chest,IM-0481-0001.jpeg,ok,611x485 -> 1222x970,2,1,395.59,39.7499,6.888006,2.624501,0.9436,0.9951,0.1877,6.1,38.1224,10.019437,3.165349,0.9171,0.9896,0.349,0.349,0.349,6.8669,111.3931,54.5353,111.3931,54.5353,0.1987,38.1224,0.9171,10.019437,3.165349,-1.6275,-0.0055,-0.1614,-0.7669
/kaggle/input/datasets/duc24kdl/sub-x-ray/sub_X-Ray/sub_chest/IM-0482-0001.jpeg,,sub_chest,IM-0482-0001.jpeg,ok,626x514 -> 1252x1028,2,1,429.07,39.7663,6.861922,2.619527,0.9435,0.9951,0.1902,6.2706,38.1256,10.011887,3.164157,0.9187,0.9893,0.3622,0.3622,0.3622,6.7059,118.1176,56.7342,118.1176,56.7342,0.2224,38.1256,0.9187,10.011887,3.164157,-1.6407,-0.0058,-0.1721,-0.4353
/kaggle/input/datasets/duc24kdl/sub-x-ray/sub_X-Ray/sub_chest/IM-0483-0001.jpeg,,sub_chest,IM-0483-0001.jpeg,ok,845x583 -> 1690x1166,2,1,652.79,39.4742,7.339348,2.709123,0.9383,0.9944,0.1907,6.2441,38.2999,9.618215,3.101325,0.9135,0.9882,0.3472,0.3472,0.3472,6.8987,135.8743,58.5218,135.8743,58.5218,0.25,38.2999,0.9135,9.618215,3.101325,-1.1744,-0.0062,-0.1564,-0.6546
/kaggle/input/datasets/duc24kdl/sub-x-ray/sub_X-Ray/sub_chest/IM-0484-0001.jpeg,,sub_chest,IM-0484-0001.jpeg,ok,753x560 -> 1506x1120,2,1,553.59,39.4349,7.406032,2.721402,0.9402,0.9946,0.1913,6.312,38.1707,9.90859,3.147791,0.9127,0.9886,0.3484,0.3484,0.3484,6.8268,125.9339,62.2829,125.9339,62.2829,0.2136,38.1707,0.9127,9.90859,3.147791,-1.2643,-0.0061,-0.1571,-0.5148
/kaggle/input/datasets/duc24kdl/sub-x-ray/sub_X-Ray/sub_chest/IM-0485-0001.jpeg,,sub_chest,IM-0485-0001.jpeg,ok,702x529 -> 1404x1058,2,1,488.71,38.269,9.686702,3.112347,0.9188,0.993,0.2251,6.1496,36.663,14.02119,3.744488,0.8873,0.985,0.401,0.401,0.401,6.6275,130.605,54.7594,130.605,54.7594,0.1383,36.663,0.8873,14.02119,3.744488,-1.6061,-0.008,-0.1759,-0.4779
/kaggle/input/datasets/duc24kdl/sub-x-ray/sub_X-Ray/sub_chest/IM-0486-0001.jpeg,,sub_chest,IM-0486-0001.jpeg,ok,904x744 -> 1808x1488,2,1,837.18,40.0971,6.358666,2.52164,0.9433,0.995,0.1787,5.8545,38.8728,8.429428,2.903348,0.9148,0.9891,0.3278,0.3278,0.3278,6.7956,121.3741,66.9075,121.3741,66.9075,0.2796,38.8728,0.9148,8.429428,2.903348,-1.2243,-0.0059,-0.1491,-0.9412
/kaggle/input/datasets/duc24kdl/sub-x-ray/sub_X-Ray/sub_chest/IM-0487-0001.jpeg,,sub_chest,IM-0487-0001.jpeg,ok,889x730 -> 1778x1460,2,1,861.49,37.3214,12.048741,3.47113,0.893,0.9911,0.2328,5.4614,35.8969,16.72591,4.089732,0.8537,0.9805,0.4136,0.4136,0.4136,6.1653,135.4094,68.5918,135.4094,68.5918,0.1818,35.8969,0.8537,16.72591,4.089732,-1.4245,-0.0106,-0.1808,-0.704
/kaggle/input/datasets/duc24kdl/sub-x-ray/sub_X-Ray/sub_chest/IM-0488-0001.jpeg,,sub_chest,IM-0488-0001.jpeg,ok,640x454 -> 1280x908,2,1,358.04,39.1431,7.920819,2.814395,0.9381,0.9946,0.1928,6.0659,38.0758,10.127458,3.182367,0.9103,0.9889,0.3463,0.3463,0.3463,6.9545,121.4417,59.9834,121.4417,59.9834,0.2645,38.0758,0.9103,10.127458,3.182367,-1.0673,-0.0057,-0.1534,-0.8886
/kaggle/input/datasets/duc24kdl/sub-x-ray/sub_X-Ray/sub_chest/IM-0489-0001.jpeg,,sub_chest,IM-0489-0001.jpeg,ok,655x574 -> 1310x1148,2,1,494.89,39.0985,8.002615,2.828889,0.9253,0.9934,0.2068,6.2545,37.0473,12.833728,3.582419,0.8944,0.9846,0.3802,0.3802,0.3802,6.5632,144.9934,57.5419,144.9934,57.5419,0.1687,37.0473,0.8944,12.833728,3.582419,-2.0512,-0.0088,-0.1734,-0.3087
/kaggle/input/datasets/duc24kdl/sub-x-ray/sub_X-Ray/sub_chest/IM-0490-0001.jpeg,,sub_chest,IM-0490-0001.jpeg,ok,1113x1006 -> 2226x2012,2,1,1501.12,39.7271,6.924157,2.631379,0.9357,0.9941,0.1981,6.0095,38.6761,8.819942,2.969839,0.9108,0.9884,0.3407,0.3407,0.3407,7.1078,126.9782,57.1685,126.9782,57.1685,0.2067,38.6761,0.9108,8.819942,2.969839,-1.051,-0.0058,-0.1425,-1.0983
/kaggle/input/datasets/duc24kdl/sub-x-ray/sub_X-Ray/sub_chest/IM-0491-0001-0001.jpeg,,sub_chest,IM-0491-0001-0001.jpeg,ok,792x647 -> 1584x1294,2,1,642.28,39.9625,6.558862,2.561027,0.9439,0.995,0.1813,6.0194,38.5544,9.070765,3.011771,0.9181,0.9888,0.3449,0.3449,0.3449,7.0648,130.2702,63.9249,130.2702,63.9249,0.2585,38.5544,0.9181,9.070765,3.011771,-1.4082,-0.0061,-0.1637,-1.0454
/kaggle/input/datasets/duc24kdl/sub-x-ray/sub_X-Ray/sub_chest/IM-0491-0001-0002.jpeg,,sub_chest,IM-0491-0001-0002.jpeg,ok,802x707 -> 1604x1414,2,1,738.31,36.3015,15.238198,3.903613,0.9427,0.9949,0.1818,5.9505,35.4576,18.506281,4.301893,0.9088,0.9884,0.3252,0.3252,0.3252,6.5925,130.4826,74.4858,130.4826,74.4858,0.4054,35.4576,0.9088,18.506281,4.301893,-0.8439,-0.0065,-0.1435,-0.642
/kaggle/input/datasets/duc24kdl/sub-x-ray/sub_X-Ray/sub_chest/IM-0491-0001.jpeg,,sub_chest,IM-0491-0001.jpeg,ok,1152x1043 -> 2304x2086,2,1,1528.13,40.4937,5.803755,2.409098,0.9655,0.9967,0.1564,6.5339,39.0699,8.055399,2.838204,0.9475,0.993,0.2977,0.2977,0.2977,7.1217,105.4751,60.0878,105.4751,60.0878,0.2236,39.0699,0.9475,8.055399,2.838204,-1.4238,-0.0037,-0.1413,-0.5878
/kaggle/input/datasets/duc24kdl/sub-x-ray/sub_X-Ray/sub_chest/IM-0492-0001.jpeg,,sub_chest,IM-0492-0001.jpeg,ok,818x734 -> 1636x1468,2,1,785.06,40.3274,6.03028,2.455663,0.9452,0.995,0.179,6.1885,38.5753,9.02721,3.004532,0.9205,0.9888,0.3336,0.3336,0.3336,6.7673,137.7385,61.3372,137.7385,61.3372,0.1579,38.5753,0.9205,9.02721,3.004532,-1.7522,-0.0062,-0.1546,-0.5788
/kaggle/input/datasets/duc24kdl/sub-x-ray/sub_X-Ray/sub_chest/IM-0493-0001.jpeg,,sub_chest,IM-0493-0001.jpeg,ok,1130x1118 -> 2260x2236,2,1,1678.13,42.0458,4.059775,2.014888,0.9592,0.9961,0.1678,6.3107,40.9776,5.191778,2.278547,0.9385,0.9921,0.3012,0.3012,0.3012,7.0668,93.6145,55.5014,93.6145,55.5014,0.2998,40.9776,0.9385,5.191778,2.278547,-1.0681,-0.004,-0.1334,-0.7561
/kaggle/input/datasets/duc24kdl/sub-x-ray/sub_X-Ray/sub_chest/IM-0494-0001.jpeg,,sub_chest,IM-0494-0001.jpeg,ok,846x651 -> 1692x1302,2,1,719.32,39.4304,7.413763,2.722823,0.9327,0.994,0.1995,6.1543,38.0704,10.140163,3.184362,0.9059,0.987,0.3607,0.3607,0.3607,6.9355,143.9793,58.5779,143.9793,58.5779,0.2053,38.0704,0.9059,10.140163,3.184362,-1.3601,-0.0069,-0.1612,-0.7812
/kaggle/input/datasets/duc24kdl/sub-x-ray/sub_X-Ray/sub_chest/IM-0495-0001.jpeg,,sub_chest,IM-0495-0001.jpeg,ok,1032x875 -> 2064x1750,2,1,1148.16,40.5632,5.711691,2.389914,0.9473,0.9952,0.1768,5.611,39.205,7.808814,2.794426,0.9195,0.9894,0.321,0.321,0.321,6.7196,122.484,68.1817,122.484,68.1817,0.2588,39.205,0.9195,7.808814,2.794426,-1.3582,-0.0059,-0.1442,-1.1086
/kaggle/input/datasets/duc24kdl/sub-x-ray/sub_X-Ray/sub_chest/IM-0496-0001.jpeg,,sub_chest,IM-0496-0001.jpeg,ok,912x713 -> 1824x1426,2,1,819.47,39.6621,7.028697,2.651169,0.9332,0.9939,0.2001,6.4563,38.1671,9.916872,3.149107,0.9087,0.9873,0.3562,0.3562,0.3562,6.9621,150.6054,53.8193,150.6054,53.8193,0.2091,38.1671,0.9087,9.916872,3.149107,-1.495,-0.0066,-0.1561,-0.5059
/kaggle/input/datasets/duc24kdl/sub-x-ray/sub_X-Ray/sub_chest/IM-0497-0001-0001.jpeg,,sub_chest,IM-0497-0001-0001.jpeg,ok,642x506 -> 1284x1012,2,1,425.36,39.2072,7.804855,2.793717,0.9416,0.9948,0.1859,6.083,37.7386,10.945156,3.308346,0.9154,0.9891,0.3436,0.3436,0.3436,6.9139,131.3935,57.0312,131.3935,57.0312,0.2192,37.7386,0.9154,10.945156,3.308346,-1.4686,-0.0058,-0.1577,-0.8309
/kaggle/input/datasets/duc24kdl/sub-x-ray/sub_X-Ray/sub_chest/IM-0497-0001-0002.jpeg,,sub_chest,IM-0497-0001-0002.jpeg,ok,966x780 -> 1932x1560,2,1,981.32,40.4202,5.902813,2.429571,0.9458,0.9951,0.186,5.9541,39.1934,7.829544,2.798132,0.9222,0.9899,0.337,0.337,0.337,6.8534,118.8332,60.2736,118.8332,60.2736,0.2836,39.1934,0.9222,7.829544,2.798132,-1.2268,-0.0052,-0.151,-0.8993
/kaggle/input/datasets/duc24kdl/sub-x-ray/sub_X-Ray/sub_chest/IM-0497-0001.jpeg,,sub_chest,IM-0497-0001.jpeg,ok,669x597 -> 1338x1194,2,1,525.6,39.5695,7.180067,2.679565,0.9402,0.9947,0.1978,6.5046,37.6926,11.061788,3.325927,0.9146,0.9882,0.3694,0.3694,0.3694,6.7954,131.5287,55.1485,131.5287,55.1485,0.1926,37.6926,0.9146,11.061788,3.325927,-1.877,-0.0065,-0.1715,-0.2908
/kaggle/input/datasets/duc24kdl/sub-x-ray/sub_X-Ray/sub_chest/IM-0499-0001-0001.jpeg,,sub_chest,IM-0499-0001-0001.jpeg,ok,791x528 -> 1582x1056,2,1,541.38,39.289,7.65921,2.767528,0.9395,0.9946,0.1881,5.7136,37.9074,10.527965,3.244682,0.9103,0.9883,0.3385,0.3385,0.3385,6.6115,117.5879,62.9533,117.5879,62.9533,0.2324,37.9074,0.9103,10.527965,3.244682,-1.3816,-0.0063,-0.1504,-0.8979
/kaggle/input/datasets/duc24kdl/sub-x-ray/sub_X-Ray/sub_chest/IM-0499-0001-0002.jpeg,,sub_chest,IM-0499-0001-0002.jpeg,ok,723x695 -> 1446x1390,2,1,666.01,39.8102,6.792966,2.606332,0.9462,0.9952,0.1852,6.2073,38.1,10.071177,3.173512,0.9222,0.9891,0.3546,0.3546,0.3546,6.7019,126.6895,59.96,126.6895,59.96,0.1614,38.1,0.9222,10.071177,3.173512,-1.7102,-0.006,-0.1693,-0.4945
/kaggle/input/datasets/duc24kdl/sub-x-ray/sub_X-Ray/sub_chest/IM-0499-0001.jpeg,,sub_chest,IM-0499-0001.jpeg,ok,837x746 -> 1674x1492,2,1,828.36,40.4317,5.887228,2.426361,0.9431,0.9948,0.1905,6.706,38.8581,8.458029,2.908269,0.9216,0.9894,0.3478,0.3478,0.3478,6.9286,132.7921,58.6251,132.7921,58.6251,0.1507,38.8581,0.9216,8.458029,2.908269,-1.5736,-0.0054,-0.1573,-0.2226
/kaggle/input/datasets/duc24kdl/sub-x-ray/sub_X-Ray/sub_chest/IM-0500-0001.jpeg,,sub_chest,IM-0500-0001.jpeg,ok,700x619 -> 1400x1238,2,1,559.17,40.9721,5.19839,2.279998,0.9587,0.9962,0.1575,6.338,39.3352,7.578124,2.752839,0.932,0.9906,0.3118,0.3118,0.3118,7.0691,127.6178,69.6331,127.6178,69.6331,0.3195,39.3352,0.932,7.578124,2.752839,-1.6369,-0.0056,-0.1543,-0.7311
/kaggle/input/datasets/duc24kdl/sub-x-ray/sub_X-Ray/sub_chest/IM-0501-0001-0001.jpeg,,sub_chest,IM-0501-0001-0001.jpeg,ok,682x525 -> 1364x1050,2,1,466.3,39.167,7.877339,2.80666,0.9409,0.9948,0.1824,5.7064,37.9938,10.320419,3.212541,0.9107,0.9889,0.3407,0.3407,0.3407,6.9456,123.8796,64.6391,123.8796,64.6391,0.2298,37.9938,0.9107,10.320419,3.212541,-1.1732,-0.0059,-0.1582,-1.2392
/kaggle/input/datasets/duc24kdl/sub-x-ray/sub_X-Ray/sub_chest/IM-0501-0001-0002.jpeg,,sub_chest,IM-0501-0001-0002.jpeg,ok,781x529 -> 1562x1058,2,1,546.57,40.0053,6.494542,2.548439,0.9522,0.9956,0.187,6.4384,39.0408,8.109608,2.847737,0.9317,0.9912,0.335,0.335,0.335,7.0345,100.4707,48.1161,100.4707,48.1161,0.2941,39.0408,0.9317,8.109608,2.847737,-0.9645,-0.0044,-0.1479,-0.5961
/kaggle/input/datasets/duc24kdl/sub-x-ray/sub_X-Ray/sub_chest/IM-0501-0001.jpeg,,sub_chest,IM-0501-0001.jpeg,ok,935x952 -> 1870x1904,2,1,1168.95,40.9902,5.17674,2.275245,0.9491,0.9953,0.1863,6.0792,39.5359,7.235907,2.689964,0.9266,0.9905,0.3349,0.3349,0.3349,7.0349,122.7911,58.3916,122.7911,58.3916,0.1639,39.5359,0.9266,7.235907,2.689964,-1.4544,-0.0048,-0.1486,-0.9557
/kaggle/input/datasets/duc24kdl/sub-x-ray/sub_X-Ray/sub_chest/IM-0502-0001.jpeg,,sub_chest,IM-0502-0001.jpeg,ok,1078x968 -> 2156x1936,2,1,1357.57,39.7784,6.842936,2.615901,0.9275,0.9935,0.2015,6.2758,38.1181,10.029376,3.166919,0.897,0.9852,0.3684,0.3684,0.3684,6.5143,159.9996,64.8079,159.9996,64.8079,0.1348,38.1181,0.897,10.029376,3.166919,-1.6603,-0.0083,-0.1669,-0.2385
/kaggle/input/datasets/duc24kdl/sub-x-ray/sub_X-Ray/sub_chest/IM-0503-0001.jpeg,,sub_chest,IM-0503-0001.jpeg,ok,752x585 -> 1504x1170,2,1,544.22,38.6444,8.884651,2.980713,0.9272,0.9936,0.202,5.829,37.5355,11.469092,3.386605,0.8974,0.9868,0.3609,0.3609,0.3609,6.7508,123.1419,60.5547,123.1419,60.5547,0.2188,37.5355,0.8974,11.469092,3.386605,-1.1089,-0.0068,-0.1589,-0.9219
/kaggle/input/datasets/duc24kdl/sub-x-ray/sub_X-Ray/sub_chest/IM-0504-0001.jpeg,,sub_chest,IM-0504-0001.jpeg,ok,777x724 -> 1554x1448,2,1,734.14,40.807,5.399803,2.323748,0.9515,0.9957,0.1695,5.7404,38.8868,8.402429,2.898694,0.9233,0.99,0.3165,0.3165,0.3165,6.6733,111.2763,68.1839,111.2763,68.1839,0.17,38.8868,0.9233,8.402429,2.898694,-1.9203,-0.0057,-0.147,-0.9328
/kaggle/input/datasets/duc24kdl/sub-x-ray/sub_X-Ray/sub_chest/IM-0505-0001-0001.jpeg,,sub_chest,IM-0505-0001-0001.jpeg,ok,700x610 -> 1400x1220,2,1,545.83,39.1087,7.983803,2.825562,0.9379,0.9945,0.1928,6.1858,37.8112,10.763598,3.280792,0.9096,0.9881,0.3538,0.3538,0.3538,6.8946,132.7272,62.2734,132.7272,62.2734,0.2103,37.8112,0.9096,10.763598,3.280792,-1.2975,-0.0065,-0.161,-0.7088
/kaggle/input/datasets/duc24kdl/sub-x-ray/sub_X-Ray/sub_chest/IM-0505-0001-0002.jpeg,,sub_chest,IM-0505-0001-0002.jpeg,ok,657x585 -> 1314x1170,2,1,511.13,40.6789,5.561481,2.358279,0.9592,0.9962,0.1683,6.8082,39.5093,7.280338,2.69821,0.9402,0.9922,0.3131,0.3131,0.3131,7.0949,104.1378,51.9184,104.1378,51.9184,0.2604,39.5093,0.9402,7.280338,2.69821,-1.1696,-0.004,-0.1449,-0.2867
/kaggle/input/datasets/duc24kdl/sub-x-ray/sub_X-Ray/sub_chest/IM-0505-0001.jpeg,,sub_chest,IM-0505-0001.jpeg,ok,848x665 -> 1696x1330,2,1,704.77,39.8388,6.748324,2.597754,0.9409,0.9947,0.1914,6.1098,38.5689,9.040542,3.006749,0.9148,0.9887,0.3421,0.3421,0.3421,6.8525,132.7724,61.4008,132.7724,61.4008,0.2379,38.5689,0.9148,9.040542,3.006749,-1.27,-0.006,-0.1507,-0.7427
/kaggle/input/datasets/duc24kdl/sub-x-ray/sub_X-Ray/sub_chest/IM-0506-0001.jpeg,,sub_chest,IM-0506-0001.jpeg,ok,850x684 -> 1700x1368,2,1,759.28,39.7257,6.92651,2.631826,0.9372,0.9945,0.1965,6.1196,38.1695,9.91125,3.148214,0.9122,0.9883,0.3555,0.3555,0.3555,6.526,122.419,59.3588,122.419,59.3588,0.1917,38.1695,0.9122,9.91125,3.148214,-1.5561,-0.0062,-0.159,-0.4064
/kaggle/input/datasets/duc24kdl/sub-x-ray/sub_X-Ray/sub_chest/IM-0507-0001.jpeg,,sub_chest,IM-0507-0001.jpeg,ok,876x692 -> 1752x1384,2,1,774.12,40.2213,6.179416,2.485843,0.9529,0.9958,0.17,5.7596,39.005,8.176804,2.859511,0.9274,0.9907,0.317,0.317,0.317,6.7157,112.9413,63.8555,112.9413,63.8555,0.2475,39.005,0.9274,8.176804,2.859511,-1.2164,-0.005,-0.1471,-0.9561
/kaggle/input/datasets/duc24kdl/sub-x-ray/sub_X-Ray/sub_chest/IM-0508-0001.jpeg,,sub_chest,IM-0508-0001.jpeg,ok,968x834 -> 1936x1668,2,1,1018.0,40.513,5.778081,2.403764,0.9515,0.9956,0.1665,5.7663,39.2575,7.714893,2.77757,0.9247,0.9901,0.318,0.318,0.318,6.7255,115.758,66.8503,115.758,66.8503,0.2334,39.2575,0.9247,7.714893,2.77757,-1.2555,-0.0055,-0.1515,-0.9593
/kaggle/input/datasets/duc24kdl/sub-x-ray/sub_X-Ray/sub_chest/IM-0509-0001-0001.jpeg,,sub_chest,IM-0509-0001-0001.jpeg,ok,717x562 -> 1434x1124,2,1,528.64,39.7594,6.872831,2.621608,0.9427,0.9949,0.1722,6.0046,38.2928,9.633795,3.103836,0.9126,0.9884,0.3169,0.3169,0.3169,6.9722,129.4252,66.2799,129.4252,66.2799,0.2902,38.2928,0.9126,9.633795,3.103836,-1.4666,-0.0065,-0.1447,-0.9676
/kaggle/input/datasets/duc24kdl/sub-x-ray/sub_X-Ray/sub_chest/IM-0509-0001-0002.jpeg,,sub_chest,IM-0509-0001-0002.jpeg,ok,653x460 -> 1306x920,2,1,397.97,38.9594,8.263099,2.874561,0.9264,0.9936,0.1994,5.9954,36.6854,13.948989,3.734835,0.8925,0.9851,0.3697,0.3697,0.3697,6.4033,140.465,60.3573,140.465,60.3573,0.1779,36.6854,0.8925,13.948989,3.734835,-2.274,-0.0086,-0.1703,-0.4079
/kaggle/input/datasets/duc24kdl/sub-x-ray/sub_X-Ray/sub_chest/IM-0509-0001.jpeg,,sub_chest,IM-0509-0001.jpeg,ok,624x522 -> 1248x1044,2,1,401.64,37.2532,12.239452,3.498493,0.9059,0.9921,0.2145,5.2893,35.5689,18.037938,4.247109,0.8607,0.981,0.3808,0.3808,0.3808,6.312,126.5171,69.4481,126.5171,69.4481,0.1867,35.5689,0.8607,18.037938,4.247109,-1.6842,-0.0111,-0.1662,-1.0227
/kaggle/input/datasets/duc24kdl/sub-x-ray/sub_X-Ray/sub_chest/IM-0510-0001.jpeg,,sub_chest,IM-0510-0001.jpeg,ok,808x573 -> 1616x1146,2,1,577.74,39.663,7.02713,2.650873,0.9431,0.9949,0.1736,5.7406,38.4018,9.395062,3.065137,0.9122,0.9887,0.3137,0.3137,0.3137,6.6906,120.9487,71.1336,120.9487,71.1336,0.2658,38.4018,0.9122,9.395062,3.065137,-1.2612,-0.0062,-0.1401,-0.95
/kaggle/input/datasets/duc24kdl/sub-x-ray/sub_X-Ray/sub_chest/IM-0511-0001-0001.jpeg,,sub_chest,IM-0511-0001-0001.jpeg,ok,651x593 -> 1302x1186,2,1,509.89,39.655,7.040123,2.653323,0.9343,0.9941,0.214,6.5919,38.2824,9.657034,3.107577,0.9108,0.9881,0.3735,0.3735,0.3735,6.8704,120.4482,51.7232,120.4482,51.7232,0.2207,38.2824,0.9108,9.657034,3.107577,-1.3726,-0.006,-0.1594,-0.2785
/kaggle/input/datasets/duc24kdl/sub-x-ray/sub_X-Ray/sub_chest/IM-0511-0001-0002.jpeg,,sub_chest,IM-0511-0001-0002.jpeg,ok,935x747 -> 1870x1494,2,1,931.07,40.8442,5.353739,2.313815,0.9533,0.9957,0.1732,6.0947,39.2376,7.750332,2.783942,0.929,0.9908,0.3139,0.3139,0.3139,6.7107,112.8666,60.2021,112.8666,60.2021,0.1979,39.2376,0.929,7.750332,2.783942,-1.6066,-0.0049,-0.1407,-0.616
/kaggle/input/datasets/duc24kdl/sub-x-ray/sub_X-Ray/sub_chest/IM-0511-0001.jpeg,,sub_chest,IM-0511-0001.jpeg,ok,1030x919 -> 2060x1838,2,1,1245.79,40.8925,5.294625,2.301005,0.9497,0.9954,0.1727,5.7611,39.5306,7.244777,2.691612,0.9232,0.9898,0.3229,0.3229,0.3229,6.8092,120.2423,67.8276,120.2423,67.8276,0.2606,39.5306,0.9232,7.244777,2.691612,-1.3619,-0.0056,-0.1502,-1.0481
/kaggle/input/datasets/duc24kdl/sub-x-ray/sub_X-Ray/sub_chest/IM-0512-0001.jpeg,,sub_chest,IM-0512-0001.jpeg,ok,779x639 -> 1558x1278,2,1,657.86,37.2674,12.199502,3.492779,0.8984,0.9913,0.2181,5.4994,35.7078,17.470125,4.179728,0.8541,0.9799,0.3919,0.3919,0.3919,6.3132,131.2935,68.3639,131.2935,68.3639,0.187,35.7078,0.8541,17.470125,4.179728,-1.5595,-0.0114,-0.1738,-0.8139
/kaggle/input/datasets/duc24kdl/sub-x-ray/sub_X-Ray/sub_chest/IM-0513-0001.jpeg,,sub_chest,IM-0513-0001.jpeg,ok,746x512 -> 1492x1024,2,1,489.16,39.7095,6.952399,2.63674,0.9473,0.9953,0.1783,5.872,38.6042,8.967198,2.994528,0.9195,0.9903,0.325,0.325,0.325,6.9225,112.7465,62.0829,112.7465,62.0829,0.2751,38.6042,0.9195,8.967198,2.994528,-1.1052,-0.005,-0.1466,-1.0504
/kaggle/input/datasets/duc24kdl/sub-x-ray/sub_X-Ray/sub_chest/IM-0514-0001.jpeg,,sub_chest,IM-0514-0001.jpeg,ok,933x651 -> 1866x1302,2,1,808.28,39.6203,7.09655,2.663935,0.9418,0.9948,0.1737,5.3995,38.4998,9.185447,3.03075,0.9111,0.9885,0.3145,0.3145,0.3145,6.6538,120.1889,72.179,120.1889,72.179,0.2371,38.4998,0.9111,9.185447,3.03075,-1.1205,-0.0063,-0.1408,-1.2543
/kaggle/input/datasets/duc24kdl/sub-x-ray/sub_X-Ray/sub_chest/IM-0515-0001.jpeg,,sub_chest,IM-0515-0001.jpeg,ok,822x583 -> 1644x1166,2,1,627.52,39.7522,6.884235,2.623782,0.9459,0.9951,0.1841,5.693,38.6479,8.877534,2.979519,0.9187,0.9899,0.3287,0.3287,0.3287,6.7954,103.1239,60.2438,103.1239,60.2438,0.2783,38.6479,0.9187,8.877534,2.979519,-1.1044,-0.0052,-0.1446,-1.1024
/kaggle/input/datasets/duc24kdl/sub-x-ray/sub_X-Ray/sub_chest/IM-0516-0001.jpeg,,sub_chest,IM-0516-0001.jpeg,ok,748x490 -> 1496x980,2,1,465.53,38.0951,10.082564,3.175305,0.9247,0.9936,0.1873,5.0136,36.7718,13.674223,3.697867,0.8843,0.9857,0.3401,0.3401,0.3401,6.3724,106.9876,71.3795,106.9876,71.3795,0.2383,36.7718,0.8843,13.674223,3.697867,-1.3233,-0.0079,-0.1528,-1.3588
/kaggle/input/datasets/duc24kdl/sub-x-ray/sub_X-Ray/sub_chest/IM-0517-0001-0001.jpeg,,sub_chest,IM-0517-0001-0001.jpeg,ok,1051x827 -> 2102x1654,2,1,1174.13,40.1114,6.337883,2.517515,0.9439,0.9949,0.1861,6.1248,38.9512,8.278674,2.877268,0.9197,0.989,0.3385,0.3385,0.3385,7.1379,139.2163,61.3025,139.2163,61.3025,0.2238,38.9512,0.9197,8.278674,2.877268,-1.1602,-0.0059,-0.1524,-1.0132
/kaggle/input/datasets/duc24kdl/sub-x-ray/sub_X-Ray/sub_chest/IM-0517-0001.jpeg,,sub_chest,IM-0517-0001.jpeg,ok,1422x1033 -> 2844x2066,2,1,1992.05,38.344,9.520983,3.085609,0.9041,0.9918,0.2284,5.5217,37.1244,12.607711,3.550734,0.8718,0.9838,0.3784,0.3784,0.3784,6.3964,120.8881,64.2831,120.8881,64.2831,0.1506,37.1244,0.8718,12.607711,3.550734,-1.2195,-0.008,-0.15,-0.8747
/kaggle/input/datasets/duc24kdl/sub-x-ray/sub_X-Ray/sub_chest/IM-0519-0001-0001.jpeg,,sub_chest,IM-0519-0001-0001.jpeg,ok,871x661 -> 1742x1322,2,1,768.79,40.0079,6.490647,2.547675,0.946,0.9951,0.1927,6.2642,38.8283,8.516258,2.918263,0.9256,0.9901,0.3457,0.3457,0.3457,6.9252,128.1682,54.7547,128.1682,54.7547,0.2133,38.8283,0.9256,8.516258,2.918263,-1.1796,-0.005,-0.153,-0.661
/kaggle/input/datasets/duc24kdl/sub-x-ray/sub_X-Ray/sub_chest/IM-0519-0001-0002.jpeg,,sub_chest,IM-0519-0001-0002.jpeg,ok,1007x788 -> 2014x1576,2,1,1045.0,40.8533,5.342512,2.311387,0.9535,0.9958,0.1686,5.9417,39.4181,7.434803,2.726683,0.9273,0.9907,0.3137,0.3137,0.3137,6.8959,114.0906,67.9785,114.0906,67.9785,0.2226,39.4181,0.9273,7.434803,2.726683,-1.4352,-0.0051,-0.1452,-0.9542
/kaggle/input/datasets/duc24kdl/sub-x-ray/sub_X-Ray/sub_chest/IM-0519-0001.jpeg,,sub_chest,IM-0519-0001.jpeg,ok,911x852 -> 1822x1704,2,1,1022.85,40.6645,5.579972,2.362196,0.949,0.9953,0.1771,6.2051,39.2358,7.753498,2.78451,0.9249,0.9899,0.3343,0.3343,0.3343,6.9881,131.6941,64.1724,131.6941,64.1724,0.173,39.2358,0.9249,7.753498,2.78451,-1.4287,-0.0054,-0.1572,-0.783
/kaggle/input/datasets/duc24kdl/sub-x-ray/sub_X-Ray/sub_chest/IM-0520-0001.jpeg,,sub_chest,IM-0520-0001.jpeg,ok,821x772 -> 1642x1544,2,1,834.58,40.6306,5.623741,2.371443,0.9539,0.9958,0.1667,5.852,39.3341,7.57994,2.753169,0.9279,0.991,0.3203,0.3203,0.3203,6.7534,107.6572,64.8222,107.6572,64.8222,0.2614,39.3341,0.9279,7.57994,2.753169,-1.2964,-0.0049,-0.1536,-0.9014
/kaggle/input/datasets/duc24kdl/sub-x-ray/sub_X-Ray/sub_chest/IM-0521-0001.jpeg,,sub_chest,IM-0521-0001.jpeg,ok,1445x1267 -> 2890x2534,2,1,2626.74,41.0429,5.114338,2.26149,0.9445,0.9947,0.1908,6.2913,39.9254,6.615194,2.572002,0.9232,0.9893,0.3313,0.3313,0.3313,7.1452,135.7052,58.7354,135.7052,58.7354,0.2335,39.9254,0.9232,6.615194,2.572002,-1.1175,-0.0055,-0.1405,-0.8538
/kaggle/input/datasets/duc24kdl/sub-x-ray/sub_X-Ray/sub_chest/IM-0522-0001.jpeg,,sub_chest,IM-0522-0001.jpeg,ok,818x537 -> 1636x1074,2,1,572.72,39.5047,7.28798,2.699626,0.9457,0.9952,0.1666,5.2266,38.4289,9.336614,3.055587,0.9137,0.9891,0.3002,0.3002,0.3002,6.4154,108.7657,70.1762,108.7657,70.1762,0.2434,38.4289,0.9137,9.336614,3.055587,-1.0758,-0.006,-0.1336,-1.1887
/kaggle/input/datasets/duc24kdl/sub-x-ray/sub_X-Ray/sub_chest/IM-0523-0001-0001.jpeg,,sub_chest,IM-0523-0001-0001.jpeg,ok,671x529 -> 1342x1058,2,1,467.35,38.8614,8.451721,2.907184,0.9304,0.9939,0.2036,6.2115,37.2523,12.241876,3.498839,0.9011,0.9868,0.3715,0.3715,0.3715,6.5537,125.78,58.3191,125.78,58.3191,0.1591,37.2523,0.9011,12.241876,3.498839,-1.609,-0.0072,-0.1679,-0.3422
/kaggle/input/datasets/duc24kdl/sub-x-ray/sub_X-Ray/sub_chest/IM-0523-0001-0002.jpeg,,sub_chest,IM-0523-0001-0002.jpeg,ok,881x740 -> 1762x1480,2,1,865.05,40.2916,6.08023,2.465812,0.948,0.9953,0.1836,6.2787,39.0085,8.170242,2.858364,0.9247,0.9901,0.3412,0.3412,0.3412,6.961,121.6604,60.3138,121.6604,60.3138,0.2076,39.0085,0.9247,8.170242,2.858364,-1.2831,-0.0052,-0.1576,-0.6823
/kaggle/input/datasets/duc24kdl/sub-x-ray/sub_X-Ray/sub_chest/IM-0523-0001-0003.jpeg,,sub_chest,IM-0523-0001-0003.jpeg,ok,814x583 -> 1628x1166,2,1,622.4,37.3319,12.019554,3.466923,0.8964,0.9911,0.2386,5.6508,35.9659,16.462262,4.057371,0.8574,0.9808,0.4102,0.4102,0.4102,6.4706,130.3546,61.2258,130.3546,61.2258,0.1996,35.9659,0.8574,16.462262,4.057371,-1.366,-0.0103,-0.1716,-0.8198
/kaggle/input/datasets/duc24kdl/sub-x-ray/sub_X-Ray/sub_chest/IM-0523-0001.jpeg,,sub_chest,IM-0523-0001.jpeg,ok,746x553 -> 1492x1106,2,1,540.3,39.0354,8.119624,2.849495,0.9349,0.9943,0.1963,5.9513,37.6296,11.223386,3.350132,0.9046,0.9869,0.3648,0.3648,0.3648,6.803,141.4666,61.8191,141.4666,61.8191,0.2463,37.6296,0.9046,11.223386,3.350132,-1.4059,-0.0073,-0.1684,-0.8517
/kaggle/input/datasets/duc24kdl/sub-x-ray/sub_X-Ray/sub_chest/IM-0524-0001.jpeg,,sub_chest,IM-0524-0001.jpeg,ok,982x805 -> 1964x1610,2,1,1046.41,39.9896,6.518087,2.553054,0.9429,0.9948,0.1885,6.1761,38.8526,8.468678,2.910099,0.9184,0.9886,0.3498,0.3498,0.3498,7.0374,140.3934,61.234,140.3934,61.234,0.1923,38.8526,0.9184,8.468678,2.910099,-1.137,-0.0062,-0.1613,-0.8612
/kaggle/input/datasets/duc24kdl/sub-x-ray/sub_X-Ray/sub_chest/IM-0525-0001-0001.jpeg,,sub_chest,IM-0525-0001-0001.jpeg,ok,634x508 -> 1268x1016,2,1,419.26,39.5396,7.229686,2.688808,0.9402,0.9947,0.2028,6.5705,38.1489,9.958352,3.155686,0.9176,0.989,0.3659,0.3659,0.3659,7.083,133.1582,49.6547,133.1582,49.6547,0.2179,38.1489,0.9176,9.958352,3.155686,-1.3907,-0.0057,-0.1631,-0.5125
/kaggle/input/datasets/duc24kdl/sub-x-ray/sub_X-Ray/sub_chest/IM-0525-0001-0002.jpeg,,sub_chest,IM-0525-0001-0002.jpeg,ok,705x485 -> 1410x970,2,1,453.99,39.3229,7.599617,2.75674,0.9471,0.9953,0.1804,6.1295,38.2026,9.835949,3.136232,0.92,0.9901,0.3273,0.3273,0.3273,6.7819,115.9369,64.9583,115.9369,64.9583,0.2358,38.2026,0.92,9.835949,3.136232,-1.1202,-0.0053,-0.1469,-0.6524
/kaggle/input/datasets/duc24kdl/sub-x-ray/sub_X-Ray/sub_chest/IM-0525-0001.jpeg,,sub_chest,IM-0525-0001.jpeg,ok,709x512 -> 1418x1024,2,1,472.35,40.2589,6.126128,2.475102,0.9499,0.9954,0.1821,6.5154,39.155,7.899161,2.810545,0.9286,0.9909,0.3272,0.3272,0.3272,7.128,116.7056,48.7167,116.7056,48.7167,0.3391,39.155,0.9286,7.899161,2.810545,-1.1039,-0.0045,-0.1451,-0.6126
/kaggle/input/datasets/duc24kdl/sub-x-ray/sub_X-Ray/sub_chest/IM-0526-0001.jpeg,,sub_chest,IM-0526-0001.jpeg,ok,788x697 -> 1576x1394,2,1,706.46,40.2843,6.090447,2.467883,0.9487,0.9954,0.1644,5.663,38.8565,8.461156,2.908807,0.9186,0.9895,0.3182,0.3182,0.3182,6.7358,118.7752,69.4552,118.7752,69.4552,0.2565,38.8565,0.9186,8.461156,2.908807,-1.4278,-0.0059,-0.1538,-1.0728
/kaggle/input/datasets/duc24kdl/sub-x-ray/sub_X-Ray/sub_chest/IM-0527-0001.jpeg,,sub_chest,IM-0527-0001.jpeg,ok,864x587 -> 1728x1174,2,1,629.56,40.0987,6.356392,2.521189,0.9505,0.9956,0.1638,5.3633,38.729,8.713319,2.951833,0.9212,0.9901,0.3108,0.3108,0.3108,6.6157,108.6355,67.7981,108.6355,67.7981,0.3023,38.729,0.9212,8.713319,2.951833,-1.3697,-0.0055,-0.147,-1.2525
/kaggle/input/datasets/duc24kdl/sub-x-ray/sub_X-Ray/sub_chest/IM-0528-0001.jpeg,,sub_chest,IM-0528-0001.jpeg,ok,713x564 -> 1426x1128,2,1,526.86,39.7739,6.849961,2.617243,0.9439,0.995,0.1835,5.8963,38.4583,9.273616,3.045261,0.9163,0.9894,0.3335,0.3335,0.3335,6.9695,114.8205,61.7695,114.8205,61.7695,0.2862,38.4583,0.9163,9.273616,3.045261,-1.3156,-0.0056,-0.15,-1.0731
/kaggle/input/datasets/duc24kdl/sub-x-ray/sub_X-Ray/sub_chest/IM-0529-0001.jpeg,,sub_chest,IM-0529-0001.jpeg,ok,742x633 -> 1484x1266,2,1,620.17,39.5393,7.230231,2.688909,0.9396,0.9946,0.2029,6.2159,38.2857,9.649693,3.106395,0.9147,0.9886,0.3579,0.3579,0.3579,6.9724,121.7461,57.7706,121.7461,57.7706,0.2569,38.2857,0.9147,9.649693,3.106395,-1.2536,-0.006,-0.155,-0.7565
/kaggle/input/datasets/duc24kdl/sub-x-ray/sub_X-Ray/sub_chest/IM-0530-0001.jpeg,,sub_chest,IM-0530-0001.jpeg,ok,729x564 -> 1458x1128,2,1,541.52,38.6159,8.943152,2.99051,0.9282,0.9937,0.2083,6.1167,37.4926,11.582887,3.403364,0.8998,0.987,0.3732,0.3732,0.3732,6.8538,129.0832,57.5423,129.0832,57.5423,0.207,37.4926,0.8998,11.582887,3.403364,-1.1233,-0.0067,-0.1648,-0.7371
/kaggle/input/datasets/duc24kdl/sub-x-ray/sub_X-Ray/sub_chest/IM-0531-0001-0001.jpeg,,sub_chest,IM-0531-0001-0001.jpeg,ok,941x676 -> 1882x1352,2,1,838.15,40.1356,6.302617,2.510501,0.9484,0.9954,0.171,5.7233,38.8361,8.501067,2.915659,0.9204,0.9899,0.3204,0.3204,0.3204,6.7474,115.2176,67.1684,115.2176,67.1684,0.2074,38.8361,0.9204,8.501067,2.915659,-1.2995,-0.0055,-0.1495,-1.0241
/kaggle/input/datasets/duc24kdl/sub-x-ray/sub_X-Ray/sub_chest/IM-0531-0001.jpeg,,sub_chest,IM-0531-0001.jpeg,ok,813x800 -> 1626x1600,2,1,839.16,40.4594,5.849727,2.418621,0.9448,0.995,0.1888,6.2791,38.8031,8.565865,2.92675,0.921,0.989,0.3496,0.3496,0.3496,6.8831,130.6631,59.7589,130.6631,59.7589,0.2184,38.8031,0.921,8.565865,2.92675,-1.6564,-0.006,-0.1608,-0.604
/kaggle/input/datasets/duc24kdl/sub-x-ray/sub_X-Ray/sub_chest/IM-0532-0001.jpeg,,sub_chest,IM-0532-0001.jpeg,ok,733x570 -> 1466x1140,2,1,547.94,39.7304,6.91898,2.630395,0.9472,0.9952,0.1729,6.066,38.4375,9.318164,3.052567,0.9189,0.9894,0.3171,0.3171,0.3171,6.9258,122.9153,65.0544,122.9153,65.0544,0.2581,38.4375,0.9189,9.318164,3.052567,-1.2929,-0.0058,-0.1442,-0.8597
/kaggle/input/datasets/duc24kdl/sub-x-ray/sub_X-Ray/sub_chest/IM-0533-0001-0001.jpeg,,sub_chest,IM-0533-0001-0001.jpeg,ok,954x738 -> 1908x1476,2,1,927.67,40.3281,6.029404,2.455484,0.9482,0.9953,0.1778,6.0696,39.325,7.595957,2.756076,0.9244,0.9905,0.3116,0.3116,0.3116,6.9942,113.1531,60.312,113.1531,60.312,0.2344,39.325,0.9244,7.595957,2.756076,-1.0031,-0.0048,-0.1338,-0.9247
/kaggle/input/datasets/duc24kdl/sub-x-ray/sub_X-Ray/sub_chest/IM-0533-0001-0002.jpeg,,sub_chest,IM-0533-0001-0002.jpeg,ok,878x742 -> 1756x1484,2,1,852.4,38.5772,9.023129,3.003852,0.9197,0.993,0.214,5.7727,36.6769,13.976297,3.738489,0.8861,0.9839,0.3808,0.3808,0.3808,6.3652,136.0142,62.615,136.0142,62.615,0.1337,36.6769,0.8861,13.976297,3.738489,-1.9003,-0.0092,-0.1668,-0.5926
/kaggle/input/datasets/duc24kdl/sub-x-ray/sub_X-Ray/sub_chest/IM-0533-0001.jpeg,,sub_chest,IM-0533-0001.jpeg,ok,1259x1182 -> 2518x2364,2,1,2027.93,38.6552,8.862518,2.976998,0.909,0.9919,0.2303,5.8831,37.5307,11.481726,3.38847,0.8789,0.9835,0.3833,0.3833,0.3833,6.7628,131.1845,59.8228,131.1845,59.8228,0.1762,37.5307,0.8789,11.481726,3.38847,-1.1245,-0.0084,-0.1529,-0.8797
/kaggle/input/datasets/duc24kdl/sub-x-ray/sub_X-Ray/sub_chest/IM-0534-0001.jpeg,,sub_chest,IM-0534-0001.jpeg,ok,812x687 -> 1624x1374,2,1,721.9,39.6529,7.043519,2.653963,0.9391,0.9945,0.1988,5.9248,37.8402,10.691936,3.269853,0.9101,0.9876,0.366,0.366,0.366,6.4639,105.6375,59.8878,105.6375,59.8878,0.1845,37.8402,0.9101,10.691936,3.269853,-1.8127,-0.007,-0.1672,-0.5391
/kaggle/input/datasets/duc24kdl/sub-x-ray/sub_X-Ray/sub_chest/IM-0535-0001.jpeg,,sub_chest,IM-0535-0001.jpeg,ok,761x554 -> 1522x1108,2,1,558.68,38.0612,10.161486,3.187709,0.9183,0.993,0.2157,5.6888,36.6044,14.21155,3.769821,0.8829,0.9838,0.3846,0.3846,0.3846,6.5021,135.3967,63.8622,135.3967,63.8622,0.1979,36.6044,0.8829,14.21155,3.769821,-1.4568,-0.0091,-0.1689,-0.8132
/kaggle/input/datasets/duc24kdl/sub-x-ray/sub_X-Ray/sub_chest/IM-0536-0001.jpeg,,sub_chest,IM-0536-0001.jpeg,ok,835x672 -> 1670x1344,2,1,720.04,40.1375,6.299859,2.509952,0.947,0.9953,0.168,5.6059,38.9189,8.340461,2.887986,0.9163,0.9892,0.3136,0.3136,0.3136,6.912,118.954,72.9708,118.954,72.9708,0.2517,38.9189,0.9163,8.340461,2.887986,-1.2186,-0.006,-0.1456,-1.3061
/kaggle/input/datasets/duc24kdl/sub-x-ray/sub_X-Ray/sub_chest/IM-0537-0001.jpeg,,sub_chest,IM-0537-0001.jpeg,ok,775x529 -> 1550x1058,2,1,543.65,39.6014,7.127621,2.669761,0.9456,0.9951,0.1822,6.1436,38.4576,9.275172,3.045517,0.9193,0.9893,0.3353,0.3353,0.3353,6.9599,134.792,62.5992,134.792,62.5992,0.2428,38.4576,0.9193,9.275172,3.045517,-1.1438,-0.0057,-0.1531,-0.8163
/kaggle/input/datasets/duc24kdl/sub-x-ray/sub_X-Ray/sub_chest/IM-0538-0001.jpeg,,sub_chest,IM-0538-0001.jpeg,ok,951x797 -> 1902x1594,2,1,1008.2,39.9944,6.510897,2.551646,0.95,0.9955,0.1781,6.063,38.5402,9.100412,3.016689,0.925,0.9903,0.3311,0.3311,0.3311,6.8868,122.1879,63.9024,122.1879,63.9024,0.2034,38.5402,0.925,9.100412,3.016689,-1.4542,-0.0052,-0.1529,-0.8238
/kaggle/input/datasets/duc24kdl/sub-x-ray/sub_X-Ray/sub_chest/IM-0539-0001-0001.jpeg,,sub_chest,IM-0539-0001-0001.jpeg,ok,1055x850 -> 2110x1700,2,1,1206.3,40.4096,5.917299,2.43255,0.9441,0.9949,0.1921,6.2765,39.3949,7.474623,2.733976,0.9206,0.9898,0.3347,0.3347,0.3347,7.1076,115.1637,57.5609,115.1637,57.5609,0.2655,39.3949,0.9206,7.474623,2.733976,-1.0147,-0.0051,-0.1426,-0.8311
/kaggle/input/datasets/duc24kdl/sub-x-ray/sub_X-Ray/sub_chest/IM-0539-0001-0002.jpeg,,sub_chest,IM-0539-0001-0002.jpeg,ok,763x597 -> 1526x1194,2,1,601.75,39.9362,6.598697,2.568793,0.9497,0.9955,0.1785,6.57,38.5891,8.998581,2.999764,0.9274,0.9904,0.3371,0.3371,0.3371,7.1577,127.512,55.0639,127.512,55.0639,0.2442,38.5891,0.9274,8.998581,2.999764,-1.3472,-0.0051,-0.1586,-0.5876
/kaggle/input/datasets/duc24kdl/sub-x-ray/sub_X-Ray/sub_chest/IM-0539-0001.jpeg,,sub_chest,IM-0539-0001.jpeg,ok,862x738 -> 1724x1476,2,1,837.08,40.1025,6.350866,2.520092,0.9437,0.9949,0.1884,6.3426,38.7441,8.683078,2.946706,0.9186,0.989,0.3489,0.3489,0.3489,6.8996,131.1568,61.9394,131.1568,61.9394,0.2712,38.7441,0.9186,8.683078,2.946706,-1.3584,-0.0059,-0.1605,-0.557
/kaggle/input/datasets/duc24kdl/sub-x-ray/sub_X-Ray/sub_chest/IM-0540-0001.jpeg,,sub_chest,IM-0540-0001.jpeg,ok,748x666 -> 1496x1332,2,1,635.05,39.8691,6.701505,2.588726,0.9445,0.995,0.176,5.8396,38.296,9.626874,3.10272,0.9154,0.9889,0.3253,0.3253,0.3253,6.9985,125.6513,66.1255,125.6513,66.1255,0.2181,38.296,0.9154,9.626874,3.10272,-1.5731,-0.0061,-0.1493,-1.1589
/kaggle/input/datasets/duc24kdl/sub-x-ray/sub_X-Ray/sub_chest/IM-0541-0001.jpeg,,sub_chest,IM-0541-0001.jpeg,ok,970x761 -> 1940x1522,2,1,968.28,40.3155,6.046865,2.459037,0.9505,0.9956,0.161,5.0707,39.0964,8.006408,2.82956,0.9198,0.9895,0.2962,0.2962,0.2962,6.4037,109.3458,72.3547,109.3458,72.3547,0.2308,39.0964,0.9198,8.006408,2.82956,-1.2191,-0.006,-0.1352,-1.333
/kaggle/input/datasets/duc24kdl/sub-x-ray/sub_X-Ray/sub_chest/IM-0542-0001.jpeg,,sub_chest,IM-0542-0001.jpeg,ok,943x703 -> 1886x1406,2,1,881.04,39.2802,7.67461,2.770309,0.9321,0.994,0.2018,6.2411,38.1943,9.854781,3.139233,0.9049,0.9874,0.3615,0.3615,0.3615,6.808,131.0523,61.3583,131.0523,61.3583,0.2204,38.1943,0.9049,9.854781,3.139233,-1.0859,-0.0065,-0.1597,-0.5669
/kaggle/input/datasets/duc24kdl/sub-x-ray/sub_X-Ray/sub_chest/IM-0543-0001-0002.jpeg,,sub_chest,IM-0543-0001-0002.jpeg,ok,820x705 -> 1640x1410,2,1,746.37,39.4082,7.451717,2.729783,0.9435,0.995,0.1942,6.3819,37.8118,10.762106,3.280565,0.9197,0.9895,0.3648,0.3648,0.3648,6.8858,123.5976,55.8832,123.5976,55.8832,0.1953,37.8118,0.9197,10.762106,3.280565,-1.5964,-0.0054,-0.1706,-0.5039
/kaggle/input/datasets/duc24kdl/sub-x-ray/sub_X-Ray/sub_chest/IM-0543-0001.jpeg,,sub_chest,IM-0543-0001.jpeg,ok,889x659 -> 1778x1318,2,1,773.34,40.3691,5.972633,2.443897,0.9487,0.9954,0.172,5.6765,38.3992,9.400621,3.066043,0.9219,0.9901,0.3175,0.3175,0.3175,6.7078,112.6754,62.5751,112.6754,62.5751,0.2436,38.3992,0.9219,9.400621,3.066043,-1.9699,-0.0053,-0.1455,-1.0313
/kaggle/input/datasets/duc24kdl/sub-x-ray/sub_X-Ray/sub_chest/IM-0544-0001.jpeg,,sub_chest,IM-0544-0001.jpeg,ok,771x643 -> 1542x1286,2,1,659.06,39.6957,6.974468,2.640922,0.9417,0.9948,0.19,6.1929,38.3149,9.585055,3.095974,0.9155,0.9888,0.3501,0.3501,0.3501,6.8156,120.2923,58.2907,120.2923,58.2907,0.2681,38.3149,0.9155,9.585055,3.095974,-1.3808,-0.006,-0.1601,-0.6227
/kaggle/input/datasets/duc24kdl/sub-x-ray/sub_X-Ray/sub_chest/IM-0545-0001-0001.jpeg,,sub_chest,IM-0545-0001-0001.jpeg,ok,962x790 -> 1924x1580,2,1,1004.42,41.0095,5.153848,2.270209,0.9529,0.9958,0.1681,5.9104,39.3557,7.542401,2.746343,0.9275,0.9904,0.3195,0.3195,0.3195,6.7256,116.9698,64.983,116.9698,64.983,0.2441,39.3557,0.9275,7.542401,2.746343,-1.6538,-0.0053,-0.1514,-0.8152
/kaggle/input/datasets/duc24kdl/sub-x-ray/sub_X-Ray/sub_chest/IM-0545-0001-0002.jpeg,,sub_chest,IM-0545-0001-0002.jpeg,ok,970x751 -> 1940x1502,2,1,960.88,40.0027,6.498493,2.549214,0.9444,0.995,0.1807,5.7104,38.9061,8.365,2.892231,0.9181,0.9893,0.3287,0.3287,0.3287,6.7052,121.3916,63.7924,121.3916,63.7924,0.2273,38.9061,0.9181,8.365,2.892231,-1.0965,-0.0057,-0.148,-0.9949
/kaggle/input/datasets/duc24kdl/sub-x-ray/sub_X-Ray/sub_chest/IM-0545-0001.jpeg,,sub_chest,IM-0545-0001.jpeg,ok,829x591 -> 1658x1182,2,1,637.27,37.8753,10.605926,3.256674,0.9126,0.9924,0.2032,4.8266,36.6651,14.014337,3.743573,0.8715,0.9836,0.3527,0.3527,0.3527,6.1663,107.0124,69.7461,107.0124,69.7461,0.2099,36.6651,0.8715,14.014337,3.743573,-1.2102,-0.0088,-0.1496,-1.3398
/kaggle/input/datasets/duc24kdl/sub-x-ray/sub_X-Ray/sub_chest/IM-0546-0001.jpeg,,sub_chest,IM-0546-0001.jpeg,ok,927x728 -> 1854x1456,2,1,878.18,40.2536,6.133681,2.476627,0.9519,0.9957,0.1672,5.6133,38.9451,8.29027,2.879283,0.9236,0.99,0.3126,0.3126,0.3126,6.5134,108.8253,69.8677,108.8253,69.8677,0.2447,38.9451,0.9236,8.29027,2.879283,-1.3085,-0.0057,-0.1454,-0.9
/kaggle/input/datasets/duc24kdl/sub-x-ray/sub_X-Ray/sub_chest/IM-0547-0001.jpeg,,sub_chest,IM-0547-0001.jpeg,ok,648x537 -> 1296x1074,2,1,435.56,38.1506,9.954562,3.155085,0.9119,0.9925,0.2093,5.9637,35.395,18.775179,4.333033,0.872,0.978,0.4056,0.4056,0.4056,6.3563,159.196,59.8188,159.196,59.8188,0.1531,35.395,0.872,18.775179,4.333033,-2.7556,-0.0145,-0.1963,-0.3926
/kaggle/input/datasets/duc24kdl/sub-x-ray/sub_X-Ray/sub_chest/IM-0548-0001.jpeg,,sub_chest,IM-0548-0001.jpeg,ok,895x566 -> 1790x1132,2,1,661.83,39.6954,6.974861,2.640996,0.9453,0.9951,0.1661,5.299,38.4909,9.204227,3.033847,0.9114,0.9885,0.3009,0.3009,0.3009,6.56,118.326,75.2225,118.326,75.2225,0.2472,38.4909,0.9114,9.204227,3.033847,-1.2045,-0.0066,-0.1348,-1.261
/kaggle/input/datasets/duc24kdl/sub-x-ray/sub_X-Ray/sub_chest/IM-0549-0001-0001.jpeg,,sub_chest,IM-0549-0001-0001.jpeg,ok,848x674 -> 1696x1348,2,1,710.4,39.7756,6.847275,2.61673,0.943,0.9949,0.185,5.9394,38.4477,9.296207,3.048968,0.9159,0.989,0.3404,0.3404,0.3404,6.7936,126.1106,62.7283,126.1106,62.7283,0.2412,38.4477,0.9159,9.296207,3.048968,-1.3279,-0.006,-0.1554,-0.8542
/kaggle/input/datasets/duc24kdl/sub-x-ray/sub_X-Ray/sub_chest/IM-0549-0001-0002.jpeg,,sub_chest,IM-0549-0001-0002.jpeg,ok,956x854 -> 1912x1708,2,1,1054.1,40.3227,6.036797,2.456989,0.9463,0.9952,0.1839,5.9211,39.0599,8.074031,2.841484,0.92,0.9896,0.3388,0.3388,0.3388,7.0609,126.7372,64.2785,126.7372,64.2785,0.2143,39.0599,0.92,8.074031,2.841484,-1.2628,-0.0056,-0.155,-1.1398
/kaggle/input/datasets/duc24kdl/sub-x-ray/sub_X-Ray/sub_chest/IM-0549-0001.jpeg,,sub_chest,IM-0549-0001.jpeg,ok,636x508 -> 1272x1016,2,1,413.07,39.4471,7.385288,2.717589,0.9377,0.9946,0.1986,5.8397,37.7163,11.001455,3.316844,0.909,0.9884,0.3667,0.3667,0.3667,6.6169,115.6983,57.0815,115.6983,57.0815,0.1697,37.7163,0.909,11.001455,3.316844,-1.7308,-0.0062,-0.1681,-0.7772
/kaggle/input/datasets/duc24kdl/sub-x-ray/sub_X-Ray/sub_chest/IM-0551-0001-0001.jpeg,,sub_chest,IM-0551-0001-0001.jpeg,ok,839x578 -> 1678x1156,2,1,641.19,40.1495,6.282407,2.506473,0.9504,0.9955,0.1722,6.0679,38.941,8.298148,2.880651,0.9245,0.9904,0.3121,0.3121,0.3121,6.805,116.9415,64.8941,116.9415,64.8941,0.2856,38.941,0.9245,8.298148,2.880651,-1.2086,-0.0051,-0.1399,-0.7371
/kaggle/input/datasets/duc24kdl/sub-x-ray/sub_X-Ray/sub_chest/IM-0551-0001.jpeg,,sub_chest,IM-0551-0001.jpeg,ok,972x873 -> 1944x1746,2,1,1114.72,39.3025,7.6353,2.763205,0.9349,0.9941,0.2121,6.7645,37.8694,10.62043,3.2589,0.9137,0.9881,0.3735,0.3735,0.3735,6.9773,146.6655,45.4464,146.6655,45.4464,0.1478,37.8694,0.9137,10.62043,3.2589,-1.4332,-0.0059,-0.1614,-0.2128
