index,filename,dataset,scale,status,psnr_bicubic_db,mse_bicubic,rmse_bicubic,ssim_bicubic,ms_ssim_bicubic,lpips_bicubic,niqe_bicubic,epi_bicubic,psnr_fpga_db,psnr_model_db,mse_fpga,rmse_fpga,ssim_fpga,ssim_model,ms_ssim_fpga,lpips_fpga,lpips,niqe_fpga,epi_fpga,psnr_gain_db,ssim_gain,ms_ssim_gain,lpips_gain,niqe_gain,epi_gain,hr_mean,hr_std,sr_mean,sr_std,bicubic_mean,bicubic_std,latency_ms,fps,device,weights_source
0,00000001_002.png,sub_NIH,3,ok,35.9819,16.4017,4.0499,0.9771,0.9963,0.1288,9.982,0.0913,35.9819,35.9819,16.4017,4.0499,0.9771,0.9771,0.9963,0.1288,0.1288,9.982,0.0913,0.0,0.0,0.0,0.0,0.0,0.0,167.03,68.34,167.09,68.19,167.09,68.19,14.24,70.24,CUDA,Bicubic Baseline (3x)
1,00000002_000.png,sub_NIH,3,ok,42.7042,3.4887,1.8678,0.9704,0.9944,0.1688,9.9869,0.1915,42.7042,42.7042,3.4887,1.8678,0.9704,0.9704,0.9944,0.1688,0.1688,9.9869,0.1915,0.0,0.0,0.0,0.0,0.0,0.0,180.06,47.89,180.06,47.82,180.06,47.82,13.5,74.05,CUDA,Bicubic Baseline (3x)
2,00000003_003.png,sub_NIH,3,ok,35.7764,17.1965,4.1469,0.9447,0.9911,0.275,9.9628,0.2017,35.7764,35.7764,17.1965,4.1469,0.9447,0.9447,0.9911,0.275,0.275,9.9628,0.2017,0.0,0.0,0.0,0.0,0.0,0.0,138.87,67.99,138.89,67.77,138.89,67.77,13.07,76.48,CUDA,Bicubic Baseline (3x)
3,00000003_006.png,sub_NIH,3,ok,38.8693,8.4362,2.9045,0.9535,0.9923,0.2258,9.9733,0.2203,38.8693,38.8693,8.4362,2.9045,0.9535,0.9535,0.9923,0.2258,0.2258,9.9733,0.2203,0.0,0.0,0.0,0.0,0.0,0.0,108.64,75.85,108.66,75.75,108.66,75.75,13.23,75.6,CUDA,Bicubic Baseline (3x)
4,00000005_000.png,sub_NIH,3,ok,34.0325,25.6941,5.0689,0.9722,0.9956,0.144,9.9773,0.0545,34.0325,34.0325,25.6941,5.0689,0.9722,0.9722,0.9956,0.144,0.144,9.9773,0.0545,0.0,0.0,0.0,0.0,0.0,0.0,170.14,61.71,170.21,61.43,170.21,61.43,13.41,74.55,CUDA,Bicubic Baseline (3x)
5,00000011_000.png,sub_NIH,3,ok,39.8437,6.7408,2.5963,0.9371,0.9902,0.324,9.9839,0.1377,39.8437,39.8437,6.7408,2.5963,0.9371,0.9371,0.9902,0.324,0.324,9.9839,0.1377,0.0,0.0,0.0,0.0,0.0,0.0,122.29,65.59,122.3,65.51,122.3,65.51,13.77,72.63,CUDA,Bicubic Baseline (3x)
6,00000011_001.png,sub_NIH,3,ok,36.0299,16.2215,4.0276,0.9736,0.9959,0.1542,9.9785,0.1443,36.0299,36.0299,16.2215,4.0276,0.9736,0.9736,0.9959,0.1542,0.1542,9.9785,0.1443,0.0,0.0,0.0,0.0,0.0,0.0,172.52,61.69,172.58,61.5,172.58,61.5,15.39,64.97,CUDA,Bicubic Baseline (3x)
7,00000011_002.png,sub_NIH,3,ok,40.1989,6.2114,2.4923,0.9462,0.9916,0.3036,9.985,0.1407,40.1989,40.1989,6.2114,2.4923,0.9462,0.9462,0.9916,0.3036,0.3036,9.985,0.1407,0.0,0.0,0.0,0.0,0.0,0.0,123.26,65.72,123.27,65.64,123.27,65.64,13.14,76.09,CUDA,Bicubic Baseline (3x)
8,00000011_008.png,sub_NIH,3,ok,40.3173,6.0444,2.4585,0.9502,0.9922,0.2935,9.9836,0.1503,40.3173,40.3173,6.0444,2.4585,0.9502,0.9502,0.9922,0.2935,0.2935,9.9836,0.1503,0.0,0.0,0.0,0.0,0.0,0.0,121.64,67.55,121.65,67.47,121.65,67.47,13.44,74.39,CUDA,Bicubic Baseline (3x)
9,00000013_008.png,sub_NIH,3,ok,33.8958,26.5155,5.1493,0.9457,0.9901,0.2473,9.9575,0.1928,33.8958,33.8958,26.5155,5.1493,0.9457,0.9457,0.9901,0.2473,0.2473,9.9575,0.1928,0.0,0.0,0.0,0.0,0.0,0.0,132.61,60.88,132.67,60.53,132.67,60.53,13.24,75.54,CUDA,Bicubic Baseline (3x)
10,00000013_010.png,sub_NIH,3,ok,33.8679,26.6865,5.1659,0.9449,0.9899,0.2461,9.941,0.2531,33.8679,33.8679,26.6865,5.1659,0.9449,0.9449,0.9899,0.2461,0.2461,9.941,0.2531,0.0,0.0,0.0,0.0,0.0,0.0,112.21,56.35,112.25,55.96,112.25,55.96,13.24,75.52,CUDA,Bicubic Baseline (3x)
11,00000013_012.png,sub_NIH,3,ok,34.3549,23.8556,4.8842,0.9434,0.9896,0.2497,9.9575,0.2204,34.3549,34.3549,23.8556,4.8842,0.9434,0.9434,0.9896,0.2497,0.2497,9.9575,0.2204,0.0,0.0,0.0,0.0,0.0,0.0,116.57,56.06,116.62,55.72,116.62,55.72,13.19,75.79,CUDA,Bicubic Baseline (3x)
12,00000013_014.png,sub_NIH,3,ok,42.1614,3.9532,1.9883,0.962,0.9927,0.2147,9.9875,0.1648,42.1614,42.1614,3.9532,1.9883,0.962,0.962,0.9927,0.2147,0.2147,9.9875,0.1648,0.0,0.0,0.0,0.0,0.0,0.0,112.1,29.35,112.1,29.25,112.1,29.25,13.29,75.27,CUDA,Bicubic Baseline (3x)
13,00000013_015.png,sub_NIH,3,ok,42.2731,3.8527,1.9628,0.965,0.9932,0.2023,9.9885,0.1548,42.2731,42.2731,3.8527,1.9628,0.965,0.965,0.9932,0.2023,0.2023,9.9885,0.1548,0.0,0.0,0.0,0.0,0.0,0.0,111.91,29.72,111.91,29.62,111.91,29.62,13.29,75.26,CUDA,Bicubic Baseline (3x)
14,00000013_017.png,sub_NIH,3,ok,41.3947,4.7164,2.1717,0.9647,0.9931,0.2004,9.9863,0.1758,41.3947,41.3947,4.7164,2.1717,0.9647,0.9647,0.9931,0.2004,0.2004,9.9863,0.1758,0.0,0.0,0.0,0.0,0.0,0.0,110.34,33.03,110.34,32.93,110.34,32.93,13.79,72.53,CUDA,Bicubic Baseline (3x)
15,00000013_022.png,sub_NIH,3,ok,37.5791,11.3546,3.3697,0.9444,0.9906,0.2528,9.9712,0.2074,37.5791,37.5791,11.3546,3.3697,0.9444,0.9444,0.9906,0.2528,0.2528,9.9712,0.2074,0.0,0.0,0.0,0.0,0.0,0.0,101.68,67.14,101.69,67.0,101.69,67.0,13.09,76.37,CUDA,Bicubic Baseline (3x)
16,00000013_023.png,sub_NIH,3,ok,34.4597,23.2869,4.8257,0.9694,0.9943,0.2023,9.9631,0.2179,34.4597,34.4597,23.2869,4.8257,0.9694,0.9694,0.9943,0.2023,0.2023,9.9631,0.2179,0.0,0.0,0.0,0.0,0.0,0.0,115.77,46.61,115.81,46.28,115.81,46.28,13.72,72.88,CUDA,Bicubic Baseline (3x)
17,00000013_027.png,sub_NIH,3,ok,35.8336,16.9714,4.1196,0.9717,0.9951,0.1896,9.9732,0.2011,35.8336,35.8336,16.9714,4.1196,0.9717,0.9717,0.9951,0.1896,0.1896,9.9732,0.2011,0.0,0.0,0.0,0.0,0.0,0.0,116.94,47.71,116.99,47.47,116.99,47.47,13.24,75.54,CUDA,Bicubic Baseline (3x)
18,00000013_037.png,sub_NIH,3,ok,37.5146,11.5245,3.3948,0.9426,0.9899,0.2622,9.9747,0.1955,37.5146,37.5146,11.5245,3.3948,0.9426,0.9426,0.9899,0.2622,0.2622,9.9747,0.1955,0.0,0.0,0.0,0.0,0.0,0.0,102.12,67.97,102.13,67.84,102.13,67.84,13.21,75.72,CUDA,Bicubic Baseline (3x)
19,00000013_039.png,sub_NIH,3,ok,37.5762,11.362,3.3708,0.9452,0.9905,0.2512,9.9736,0.1961,37.5762,37.5762,11.362,3.3708,0.9452,0.9452,0.9905,0.2512,0.2512,9.9736,0.1961,0.0,0.0,0.0,0.0,0.0,0.0,97.99,66.51,98.01,66.38,98.01,66.38,13.23,75.61,CUDA,Bicubic Baseline (3x)
20,00000013_040.png,sub_NIH,3,ok,37.6536,11.1616,3.3409,0.9343,0.9886,0.2931,9.9724,0.2028,37.6536,37.6536,11.1616,3.3409,0.9343,0.9343,0.9886,0.2931,0.2931,9.9724,0.2028,0.0,0.0,0.0,0.0,0.0,0.0,111.6,64.25,111.6,64.11,111.6,64.11,13.18,75.86,CUDA,Bicubic Baseline (3x)
21,00000018_000.png,sub_NIH,3,ok,35.4949,18.3479,4.2834,0.9747,0.9961,0.1476,9.9854,0.0589,35.4949,35.4949,18.3479,4.2834,0.9747,0.9747,0.9961,0.1476,0.1476,9.9854,0.0589,0.0,0.0,0.0,0.0,0.0,0.0,172.2,59.02,172.26,58.84,172.26,58.84,13.63,73.35,CUDA,Bicubic Baseline (3x)
22,00000019_000.png,sub_NIH,3,ok,38.8852,8.4054,2.8992,0.9467,0.9909,0.2579,9.9779,0.1886,38.8852,38.8852,8.4054,2.8992,0.9467,0.9467,0.9909,0.2579,0.2579,9.9779,0.1886,0.0,0.0,0.0,0.0,0.0,0.0,120.5,66.14,120.51,66.03,120.51,66.03,13.28,75.31,CUDA,Bicubic Baseline (3x)
23,00000020_000.png,sub_NIH,3,ok,39.3029,7.6347,2.7631,0.9483,0.9916,0.2382,9.9832,0.1512,39.3029,39.3029,7.6347,2.7631,0.9483,0.9483,0.9916,0.2382,0.2382,9.9832,0.1512,0.0,0.0,0.0,0.0,0.0,0.0,105.29,75.64,105.31,75.57,105.31,75.57,13.33,75.02,CUDA,Bicubic Baseline (3x)
24,00000020_001.png,sub_NIH,3,ok,38.8662,8.4424,2.9056,0.9459,0.9912,0.2423,9.9771,0.1745,38.8662,38.8662,8.4424,2.9056,0.9459,0.9459,0.9912,0.2423,0.2423,9.9771,0.1745,0.0,0.0,0.0,0.0,0.0,0.0,103.51,75.46,103.51,75.35,103.51,75.35,15.58,64.18,CUDA,Bicubic Baseline (3x)
25,00000021_001.png,sub_NIH,3,ok,34.5118,23.0091,4.7968,0.959,0.9929,0.2016,9.9598,0.2055,34.5118,34.5118,23.0091,4.7968,0.959,0.959,0.9929,0.2016,0.2016,9.9598,0.2055,0.0,0.0,0.0,0.0,0.0,0.0,160.92,59.93,160.99,59.58,160.99,59.58,13.2,75.76,CUDA,Bicubic Baseline (3x)
26,00000022_000.png,sub_NIH,3,ok,41.5728,4.5269,2.1277,0.9742,0.9949,0.1783,9.9816,0.2609,41.5728,41.5728,4.5269,2.1277,0.9742,0.9742,0.9949,0.1783,0.1783,9.9816,0.2609,0.0,0.0,0.0,0.0,0.0,0.0,165.35,41.24,165.35,41.13,165.35,41.13,14.22,70.31,CUDA,Bicubic Baseline (3x)
27,00000028_000.png,sub_NIH,3,ok,36.2709,15.3458,3.9174,0.9693,0.995,0.1601,9.9876,0.0644,36.2709,36.2709,15.3458,3.9174,0.9693,0.9693,0.995,0.1601,0.1601,9.9876,0.0644,0.0,0.0,0.0,0.0,0.0,0.0,165.86,52.94,165.91,52.77,165.91,52.77,13.26,75.41,CUDA,Bicubic Baseline (3x)
28,00000032_011.png,sub_NIH,3,ok,36.2623,15.3762,3.9213,0.9629,0.9944,0.2234,9.9862,0.0601,36.2623,36.2623,15.3762,3.9213,0.9629,0.9629,0.9944,0.2234,0.2234,9.9862,0.0601,0.0,0.0,0.0,0.0,0.0,0.0,157.16,51.76,157.22,51.57,157.22,51.57,13.36,74.85,CUDA,Bicubic Baseline (3x)
29,00000032_015.png,sub_NIH,3,ok,36.4016,14.8909,3.8589,0.9755,0.9963,0.1411,9.9787,0.1339,36.4016,36.4016,14.8909,3.8589,0.9755,0.9755,0.9963,0.1411,0.1411,9.9787,0.1339,0.0,0.0,0.0,0.0,0.0,0.0,157.96,56.13,158.01,55.95,158.01,55.95,13.38,74.76,CUDA,Bicubic Baseline (3x)
30,00000032_019.png,sub_NIH,3,ok,36.9649,13.0796,3.6166,0.9799,0.9971,0.1215,9.9898,0.0214,36.9649,36.9649,13.0796,3.6166,0.9799,0.9799,0.9971,0.1215,0.1215,9.9898,0.0214,0.0,0.0,0.0,0.0,0.0,0.0,153.7,59.39,153.76,59.27,153.76,59.27,13.08,76.47,CUDA,Bicubic Baseline (3x)
31,00000032_023.png,sub_NIH,3,ok,36.6401,14.0951,3.7543,0.9778,0.9967,0.1312,9.9833,0.0968,36.6401,36.6401,14.0951,3.7543,0.9778,0.9778,0.9967,0.1312,0.1312,9.9833,0.0968,0.0,0.0,0.0,0.0,0.0,0.0,151.55,60.81,151.6,60.67,151.6,60.67,15.27,65.49,CUDA,Bicubic Baseline (3x)
32,00000032_024.png,sub_NIH,3,ok,45.4172,1.868,1.3667,0.9862,0.9975,0.1036,9.9887,0.1901,45.4172,45.4172,1.868,1.3667,0.9862,0.9862,0.9975,0.1036,0.1036,9.9887,0.1901,0.0,0.0,0.0,0.0,0.0,0.0,168.01,49.72,168.02,49.67,168.02,49.67,13.11,76.26,CUDA,Bicubic Baseline (3x)
33,00000032_031.png,sub_NIH,3,ok,37.508,11.5419,3.3973,0.9835,0.9976,0.1282,9.9908,0.0238,37.508,37.508,11.5419,3.3973,0.9835,0.9835,0.9976,0.1282,0.1282,9.9908,0.0238,0.0,0.0,0.0,0.0,0.0,0.0,155.57,44.81,155.62,44.65,155.62,44.65,13.86,72.13,CUDA,Bicubic Baseline (3x)
34,00000032_035.png,sub_NIH,3,ok,38.6683,8.8359,2.9725,0.9721,0.9957,0.2164,9.9905,0.0508,38.6683,38.6683,8.8359,2.9725,0.9721,0.9721,0.9957,0.2164,0.2164,9.9905,0.0508,0.0,0.0,0.0,0.0,0.0,0.0,116.53,53.01,116.57,52.91,116.57,52.91,13.28,75.3,CUDA,Bicubic Baseline (3x)
35,00000032_040.png,sub_NIH,3,ok,36.5296,14.4583,3.8024,0.9777,0.9966,0.1441,9.9857,0.0754,36.5296,36.5296,14.4583,3.8024,0.9777,0.9777,0.9966,0.1441,0.1441,9.9857,0.0754,0.0,0.0,0.0,0.0,0.0,0.0,158.37,49.98,158.43,49.79,158.43,49.79,15.23,65.68,CUDA,Bicubic Baseline (3x)
36,00000032_047.png,sub_NIH,3,ok,37.56,11.4046,3.3771,0.975,0.9962,0.1852,9.9905,0.03,37.56,37.56,11.4046,3.3771,0.975,0.975,0.9962,0.1852,0.1852,9.9905,0.03,0.0,0.0,0.0,0.0,0.0,0.0,116.01,52.8,116.06,52.7,116.06,52.7,14.03,71.25,CUDA,Bicubic Baseline (3x)
37,00000032_050.png,sub_NIH,3,ok,38.6474,8.8785,2.9797,0.9737,0.9956,0.1905,9.9879,0.0865,38.6474,38.6474,8.8785,2.9797,0.9737,0.9737,0.9956,0.1905,0.1905,9.9879,0.0865,0.0,0.0,0.0,0.0,0.0,0.0,112.6,59.29,112.64,59.21,112.64,59.21,15.56,64.27,CUDA,Bicubic Baseline (3x)
38,00000035_000.png,sub_NIH,3,ok,39.4922,7.309,2.7035,0.9502,0.9918,0.2461,9.9799,0.1799,39.4922,39.4922,7.309,2.7035,0.9502,0.9502,0.9918,0.2461,0.2461,9.9799,0.1799,0.0,0.0,0.0,0.0,0.0,0.0,109.84,70.11,109.85,70.03,109.85,70.03,13.07,76.54,CUDA,Bicubic Baseline (3x)
39,00000036_000.png,sub_NIH,3,ok,39.6308,7.0795,2.6607,0.9477,0.9916,0.2672,9.9825,0.1602,39.6308,39.6308,7.0795,2.6607,0.9477,0.9477,0.9916,0.2672,0.2672,9.9825,0.1602,0.0,0.0,0.0,0.0,0.0,0.0,116.87,70.24,116.88,70.16,116.88,70.16,13.09,76.4,CUDA,Bicubic Baseline (3x)
40,00000040_003.png,sub_NIH,3,ok,34.5024,23.0592,4.802,0.9665,0.9948,0.1797,9.9869,0.0338,34.5024,34.5024,23.0592,4.802,0.9665,0.9665,0.9948,0.1797,0.1797,9.9869,0.0338,0.0,0.0,0.0,0.0,0.0,0.0,177.68,48.48,177.75,48.21,177.75,48.21,16.63,60.12,CUDA,Bicubic Baseline (3x)
41,00000042_004.png,sub_NIH,3,ok,31.924,41.7525,6.4616,0.9484,0.9906,0.2367,9.9096,0.2513,31.924,31.924,41.7525,6.4616,0.9484,0.9484,0.9906,0.2367,0.2367,9.9096,0.2513,0.0,0.0,0.0,0.0,0.0,0.0,132.27,55.69,132.34,55.01,132.34,55.01,13.3,75.17,CUDA,Bicubic Baseline (3x)
42,00000042_007.png,sub_NIH,3,ok,39.7281,6.9226,2.6311,0.9502,0.9917,0.2454,9.9833,0.1635,39.7281,39.7281,6.9226,2.6311,0.9502,0.9502,0.9917,0.2454,0.2454,9.9833,0.1635,0.0,0.0,0.0,0.0,0.0,0.0,131.3,67.34,131.31,67.26,131.31,67.26,13.38,74.71,CUDA,Bicubic Baseline (3x)
43,00000044_000.png,sub_NIH,3,ok,42.1592,3.9551,1.9888,0.9647,0.993,0.195,9.9871,0.1763,42.1592,42.1592,3.9551,1.9888,0.9647,0.9647,0.993,0.195,0.195,9.9871,0.1763,0.0,0.0,0.0,0.0,0.0,0.0,108.99,35.05,108.99,34.97,108.99,34.97,13.18,75.86,CUDA,Bicubic Baseline (3x)
44,00000044_001.png,sub_NIH,3,ok,33.3847,29.827,5.4614,0.9503,0.991,0.2397,9.9528,0.2369,33.3847,33.3847,29.827,5.4614,0.9503,0.9503,0.991,0.2397,0.2397,9.9528,0.2369,0.0,0.0,0.0,0.0,0.0,0.0,143.7,50.87,143.76,50.41,143.76,50.41,13.34,74.94,CUDA,Bicubic Baseline (3x)
45,00000047_000.png,sub_NIH,3,ok,34.8912,21.0844,4.5918,0.9721,0.9957,0.1187,9.968,0.1893,34.8912,34.8912,21.0844,4.5918,0.9721,0.9721,0.9957,0.1187,0.1187,9.968,0.1893,0.0,0.0,0.0,0.0,0.0,0.0,190.89,58.41,190.95,58.13,190.95,58.13,13.34,74.94,CUDA,Bicubic Baseline (3x)
46,00000049_001.png,sub_NIH,3,ok,39.6263,7.0868,2.6621,0.9454,0.9908,0.2515,9.9834,0.1581,39.6263,39.6263,7.0868,2.6621,0.9454,0.9454,0.9908,0.2515,0.2515,9.9834,0.1581,0.0,0.0,0.0,0.0,0.0,0.0,98.24,67.61,98.25,67.53,98.25,67.53,16.48,60.66,CUDA,Bicubic Baseline (3x)
47,00000051_000.png,sub_NIH,3,ok,33.9844,25.9802,5.0971,0.9603,0.9932,0.1844,9.8688,0.4752,33.9844,33.9844,25.9802,5.0971,0.9603,0.9603,0.9932,0.1844,0.1844,9.8688,0.4752,0.0,0.0,0.0,0.0,0.0,0.0,128.16,65.12,128.21,64.54,128.21,64.54,13.16,75.98,CUDA,Bicubic Baseline (3x)
48,00000053_001.png,sub_NIH,3,ok,32.0967,40.1248,6.3344,0.9418,0.9896,0.23,9.9463,0.161,32.0967,32.0967,40.1248,6.3344,0.9418,0.9418,0.9896,0.23,0.23,9.9463,0.161,0.0,0.0,0.0,0.0,0.0,0.0,125.49,68.94,125.57,68.47,125.57,68.47,13.22,75.64,CUDA,Bicubic Baseline (3x)
49,00000054_007.png,sub_NIH,3,ok,38.9394,8.3012,2.8812,0.9473,0.9919,0.2712,9.982,0.1455,38.9394,38.9394,8.3012,2.8812,0.9473,0.9473,0.9919,0.2712,0.2712,9.982,0.1455,0.0,0.0,0.0,0.0,0.0,0.0,128.95,72.79,128.97,72.71,128.97,72.71,13.24,75.53,CUDA,Bicubic Baseline (3x)
50,00000057_000.png,sub_NIH,3,ok,36.9102,13.2454,3.6394,0.9659,0.9934,0.175,9.9602,0.2891,36.9102,36.9102,13.2454,3.6394,0.9659,0.9659,0.9934,0.175,0.175,9.9602,0.2891,0.0,0.0,0.0,0.0,0.0,0.0,140.44,67.39,140.47,67.17,140.47,67.17,13.6,73.52,CUDA,Bicubic Baseline (3x)
51,00000057_002.png,sub_NIH,3,ok,39.2296,7.7646,2.7865,0.9408,0.9908,0.299,9.9835,0.136,39.2296,39.2296,7.7646,2.7865,0.9408,0.9408,0.9908,0.299,0.299,9.9835,0.136,0.0,0.0,0.0,0.0,0.0,0.0,130.66,70.52,130.68,70.44,130.68,70.44,13.23,75.61,CUDA,Bicubic Baseline (3x)
52,00000061_001.png,sub_NIH,3,ok,38.2606,9.7055,3.1154,0.9319,0.9887,0.3139,9.9803,0.164,38.2606,38.2606,9.7055,3.1154,0.9319,0.9319,0.9887,0.3139,0.3139,9.9803,0.164,0.0,0.0,0.0,0.0,0.0,0.0,128.24,61.82,128.26,61.69,128.26,61.69,13.2,75.75,CUDA,Bicubic Baseline (3x)
53,00000061_005.png,sub_NIH,3,ok,35.7006,17.4992,4.1832,0.9419,0.9898,0.2712,9.9615,0.2174,35.7006,35.7006,17.4992,4.1832,0.9419,0.9419,0.9898,0.2712,0.2712,9.9615,0.2174,0.0,0.0,0.0,0.0,0.0,0.0,131.58,61.65,131.62,61.37,131.62,61.37,13.63,73.38,CUDA,Bicubic Baseline (3x)
54,00000061_012.png,sub_NIH,3,ok,33.7439,27.4595,5.2402,0.954,0.9916,0.2224,9.9717,0.1233,33.7439,33.7439,27.4595,5.2402,0.954,0.954,0.9916,0.2224,0.2224,9.9717,0.1233,0.0,0.0,0.0,0.0,0.0,0.0,128.11,61.46,128.16,61.16,128.16,61.16,13.63,73.37,CUDA,Bicubic Baseline (3x)
55,00000061_016.png,sub_NIH,3,ok,31.7653,43.3067,6.5808,0.9415,0.9897,0.2634,9.9168,0.2409,31.7653,31.7653,43.3067,6.5808,0.9415,0.9415,0.9897,0.2634,0.2634,9.9168,0.2409,0.0,0.0,0.0,0.0,0.0,0.0,134.82,58.08,134.88,57.47,134.88,57.47,13.25,75.49,CUDA,Bicubic Baseline (3x)
56,00000062_000.png,sub_NIH,3,ok,38.7686,8.6341,2.9384,0.9498,0.9919,0.2489,9.9835,0.1397,38.7686,38.7686,8.6341,2.9384,0.9498,0.9498,0.9919,0.2489,0.2489,9.9835,0.1397,0.0,0.0,0.0,0.0,0.0,0.0,122.87,73.65,122.9,73.58,122.9,73.58,13.95,71.66,CUDA,Bicubic Baseline (3x)
57,00000069_000.png,sub_NIH,3,ok,39.3488,7.5544,2.7485,0.9559,0.9926,0.2305,9.9787,0.1864,39.3488,39.3488,7.5544,2.7485,0.9559,0.9559,0.9926,0.2305,0.2305,9.9787,0.1864,0.0,0.0,0.0,0.0,0.0,0.0,121.59,67.55,121.61,67.44,121.61,67.44,13.1,76.34,CUDA,Bicubic Baseline (3x)
58,00000075_000.png,sub_NIH,3,ok,36.9077,13.2529,3.6404,0.9449,0.9902,0.2137,9.9594,0.2478,36.9077,36.9077,13.2529,3.6404,0.9449,0.9449,0.9902,0.2137,0.2137,9.9594,0.2478,0.0,0.0,0.0,0.0,0.0,0.0,94.06,70.11,94.07,69.94,94.07,69.94,13.12,76.2,CUDA,Bicubic Baseline (3x)
59,00000077_000.png,sub_NIH,3,ok,41.8522,4.2449,2.0603,0.9668,0.9937,0.2095,9.9826,0.2216,41.8522,41.8522,4.2449,2.0603,0.9668,0.9668,0.9937,0.2095,0.2095,9.9826,0.2216,0.0,0.0,0.0,0.0,0.0,0.0,162.23,47.09,162.23,47.0,162.23,47.0,13.76,72.66,CUDA,Bicubic Baseline (3x)
60,00000078_000.png,sub_NIH,3,ok,39.0124,8.1629,2.8571,0.9506,0.992,0.2384,9.9782,0.1825,39.0124,39.0124,8.1629,2.8571,0.9506,0.9506,0.992,0.2384,0.2384,9.9782,0.1825,0.0,0.0,0.0,0.0,0.0,0.0,101.23,76.13,101.23,76.03,101.23,76.03,13.43,74.44,CUDA,Bicubic Baseline (3x)
61,00000079_000.png,sub_NIH,3,ok,42.4568,3.6932,1.9218,0.9693,0.9939,0.1747,9.9844,0.2294,42.4568,42.4568,3.6932,1.9218,0.9693,0.9693,0.9939,0.1747,0.1747,9.9844,0.2294,0.0,0.0,0.0,0.0,0.0,0.0,169.78,49.51,169.77,49.44,169.77,49.44,13.5,74.07,CUDA,Bicubic Baseline (3x)
62,00000080_003.png,sub_NIH,3,ok,32.9562,32.9198,5.7376,0.9578,0.9916,0.1945,9.943,0.236,32.9562,32.9562,32.9198,5.7376,0.9578,0.9578,0.9916,0.1945,0.1945,9.943,0.236,0.0,0.0,0.0,0.0,0.0,0.0,112.21,58.71,112.25,58.29,112.25,58.29,13.37,74.81,CUDA,Bicubic Baseline (3x)
63,00000080_005.png,sub_NIH,3,ok,43.1203,3.1699,1.7804,0.9659,0.9935,0.2,9.9896,0.1428,43.1203,43.1203,3.1699,1.7804,0.9659,0.9659,0.9935,0.2,0.2,9.9896,0.1428,0.0,0.0,0.0,0.0,0.0,0.0,100.38,40.74,100.38,40.68,100.38,40.68,13.52,73.98,CUDA,Bicubic Baseline (3x)
64,00000082_000.png,sub_NIH,3,ok,39.8423,6.7429,2.5967,0.9592,0.9935,0.2351,9.9872,0.1134,39.8423,39.8423,6.7429,2.5967,0.9592,0.9592,0.9935,0.2351,0.2351,9.9872,0.1134,0.0,0.0,0.0,0.0,0.0,0.0,109.29,61.32,109.32,61.26,109.32,61.26,13.2,75.74,CUDA,Bicubic Baseline (3x)
65,00000087_000.png,sub_NIH,3,ok,33.1098,31.7763,5.6371,0.9435,0.9897,0.2581,9.9464,0.2033,33.1098,33.1098,31.7763,5.6371,0.9435,0.9435,0.9897,0.2581,0.2581,9.9464,0.2033,0.0,0.0,0.0,0.0,0.0,0.0,119.87,51.48,119.92,51.01,119.92,51.01,13.67,73.13,CUDA,Bicubic Baseline (3x)
66,00000090_000.png,sub_NIH,3,ok,38.3986,9.4019,3.0663,0.949,0.9915,0.2641,9.9734,0.2085,38.3986,38.3986,9.4019,3.0663,0.949,0.949,0.9915,0.2641,0.2641,9.9734,0.2085,0.0,0.0,0.0,0.0,0.0,0.0,117.26,66.44,117.28,66.32,117.28,66.32,13.28,75.31,CUDA,Bicubic Baseline (3x)
67,00000090_001.png,sub_NIH,3,ok,32.0296,40.7491,6.3835,0.9729,0.9947,0.1567,9.938,0.2365,32.0296,32.0296,40.7491,6.3835,0.9729,0.9729,0.9947,0.1567,0.1567,9.938,0.2365,0.0,0.0,0.0,0.0,0.0,0.0,146.83,57.83,146.88,57.36,146.88,57.36,13.7,72.99,CUDA,Bicubic Baseline (3x)
68,00000090_005.png,sub_NIH,3,ok,34.5392,22.8642,4.7816,0.9666,0.994,0.1812,9.9408,0.2888,34.5392,34.5392,22.8642,4.7816,0.9666,0.9666,0.994,0.1812,0.1812,9.9408,0.2888,0.0,0.0,0.0,0.0,0.0,0.0,111.39,63.41,111.43,63.11,111.43,63.11,13.56,73.73,CUDA,Bicubic Baseline (3x)
69,00000090_006.png,sub_NIH,3,ok,39.0172,8.1538,2.8555,0.9501,0.9918,0.2407,9.9751,0.207,39.0172,39.0172,8.1538,2.8555,0.9501,0.9501,0.9918,0.2407,0.2407,9.9751,0.207,0.0,0.0,0.0,0.0,0.0,0.0,101.24,79.9,101.26,79.81,101.26,79.81,13.2,75.76,CUDA,Bicubic Baseline (3x)
70,00000090_007.png,sub_NIH,3,ok,37.8059,10.7767,3.2828,0.977,0.9963,0.1335,9.9867,0.0836,37.8059,37.8059,10.7767,3.2828,0.977,0.977,0.9963,0.1335,0.1335,9.9867,0.0836,0.0,0.0,0.0,0.0,0.0,0.0,141.1,64.87,141.14,64.76,141.14,64.76,15.77,63.4,CUDA,Bicubic Baseline (3x)
71,00000090_010.png,sub_NIH,3,ok,38.2624,9.7016,3.1147,0.9459,0.9911,0.2483,9.9721,0.1976,38.2624,38.2624,9.7016,3.1147,0.9459,0.9459,0.9911,0.2483,0.2483,9.9721,0.1976,0.0,0.0,0.0,0.0,0.0,0.0,109.94,74.62,109.96,74.5,109.96,74.5,13.37,74.78,CUDA,Bicubic Baseline (3x)
72,00000091_008.png,sub_NIH,3,ok,33.4565,29.3379,5.4165,0.971,0.9949,0.163,9.9324,0.2796,33.4565,33.4565,29.3379,5.4165,0.971,0.971,0.9949,0.163,0.163,9.9324,0.2796,0.0,0.0,0.0,0.0,0.0,0.0,114.01,70.35,114.07,70.02,114.07,70.02,13.11,76.26,CUDA,Bicubic Baseline (3x)
73,00000091_009.png,sub_NIH,3,ok,32.8577,33.675,5.803,0.9722,0.9949,0.1668,9.9438,0.2375,32.8577,32.8577,33.675,5.803,0.9722,0.9722,0.9949,0.1668,0.1668,9.9438,0.2375,0.0,0.0,0.0,0.0,0.0,0.0,112.82,59.94,112.87,59.56,112.87,59.56,13.59,73.57,CUDA,Bicubic Baseline (3x)
74,00000093_001.png,sub_NIH,3,ok,35.502,18.318,4.28,0.9682,0.9948,0.1611,9.9707,0.2038,35.502,35.502,18.318,4.28,0.9682,0.9682,0.9948,0.1611,0.1611,9.9707,0.2038,0.0,0.0,0.0,0.0,0.0,0.0,171.95,56.04,172.01,55.79,172.01,55.79,13.16,75.98,CUDA,Bicubic Baseline (3x)
75,00000096_002.png,sub_NIH,3,ok,40.6912,5.5458,2.3549,0.9575,0.9927,0.2069,9.9828,0.1763,40.6912,40.6912,5.5458,2.3549,0.9575,0.9575,0.9927,0.2069,0.2069,9.9828,0.1763,0.0,0.0,0.0,0.0,0.0,0.0,95.85,76.24,95.86,76.18,95.86,76.18,13.49,74.11,CUDA,Bicubic Baseline (3x)
76,00000096_003.png,sub_NIH,3,ok,40.5192,5.7698,2.402,0.9501,0.9917,0.2581,9.9847,0.159,40.5192,40.5192,5.7698,2.402,0.9501,0.9501,0.9917,0.2581,0.2581,9.9847,0.159,0.0,0.0,0.0,0.0,0.0,0.0,120.3,70.81,120.31,70.74,120.31,70.74,13.1,76.35,CUDA,Bicubic Baseline (3x)
77,00000097_000.png,sub_NIH,3,ok,44.8419,2.1325,1.4603,0.9759,0.9953,0.1643,9.9895,0.1697,44.8419,44.8419,2.1325,1.4603,0.9759,0.9759,0.9953,0.1643,0.1643,9.9895,0.1697,0.0,0.0,0.0,0.0,0.0,0.0,104.45,36.77,104.45,36.72,104.45,36.72,13.52,73.96,CUDA,Bicubic Baseline (3x)
78,00000099_003.png,sub_NIH,3,ok,38.8352,8.5028,2.916,0.9472,0.9914,0.2477,9.9725,0.2079,38.8352,38.8352,8.5028,2.916,0.9472,0.9472,0.9914,0.2477,0.2477,9.9725,0.2079,0.0,0.0,0.0,0.0,0.0,0.0,108.68,74.66,108.7,74.55,108.7,74.55,13.34,74.99,CUDA,Bicubic Baseline (3x)
79,00000099_013.png,sub_NIH,3,ok,37.0872,12.7164,3.566,0.9315,0.9888,0.2975,9.9647,0.2125,37.0872,37.0872,12.7164,3.566,0.9315,0.9315,0.9888,0.2975,0.2975,9.9647,0.2125,0.0,0.0,0.0,0.0,0.0,0.0,115.39,72.93,115.42,72.76,115.42,72.76,13.17,75.92,CUDA,Bicubic Baseline (3x)
80,00000100_000.png,sub_NIH,3,ok,40.2753,6.103,2.4704,0.9709,0.9943,0.1666,9.9796,0.2465,40.2753,40.2753,6.103,2.4704,0.9709,0.9709,0.9943,0.1666,0.1666,9.9796,0.2465,0.0,0.0,0.0,0.0,0.0,0.0,174.75,50.55,174.75,50.44,174.75,50.44,13.14,76.1,CUDA,Bicubic Baseline (3x)
81,00000103_000.png,sub_NIH,3,ok,40.4379,5.8788,2.4246,0.9506,0.992,0.2491,9.9848,0.1462,40.4379,40.4379,5.8788,2.4246,0.9506,0.9506,0.992,0.2491,0.2491,9.9848,0.1462,0.0,0.0,0.0,0.0,0.0,0.0,122.98,69.31,122.99,69.25,122.99,69.25,13.16,76.01,CUDA,Bicubic Baseline (3x)
82,00000103_008.png,sub_NIH,3,ok,39.2115,7.7971,2.7923,0.9421,0.9905,0.272,9.981,0.1657,39.2115,39.2115,7.7971,2.7923,0.9421,0.9421,0.9905,0.272,0.272,9.981,0.1657,0.0,0.0,0.0,0.0,0.0,0.0,129.77,62.08,129.78,61.98,129.78,61.98,17.36,57.6,CUDA,Bicubic Baseline (3x)
83,00000105_000.png,sub_NIH,3,ok,43.8466,2.6817,1.6376,0.9667,0.9938,0.2083,9.9909,0.1227,43.8466,43.8466,2.6817,1.6376,0.9667,0.9667,0.9938,0.2083,0.2083,9.9909,0.1227,0.0,0.0,0.0,0.0,0.0,0.0,111.71,27.8,111.71,27.74,111.71,27.74,13.68,73.09,CUDA,Bicubic Baseline (3x)
84,00000105_002.png,sub_NIH,3,ok,36.4119,14.8558,3.8543,0.9707,0.9953,0.1972,9.9769,0.1509,36.4119,36.4119,14.8558,3.8543,0.9707,0.9707,0.9953,0.1972,0.1972,9.9769,0.1509,0.0,0.0,0.0,0.0,0.0,0.0,144.76,43.23,144.81,42.99,144.81,42.99,13.24,75.55,CUDA,Bicubic Baseline (3x)
85,00000109_000.png,sub_NIH,3,ok,33.8284,26.9304,5.1894,0.9544,0.992,0.2585,9.972,0.1102,33.8284,33.8284,26.9304,5.1894,0.9544,0.9544,0.992,0.2585,0.2585,9.972,0.1102,0.0,0.0,0.0,0.0,0.0,0.0,123.09,47.72,123.14,47.32,123.14,47.32,15.6,64.09,CUDA,Bicubic Baseline (3x)
86,00000109_003.png,sub_NIH,3,ok,39.6419,7.0614,2.6573,0.9509,0.9923,0.2635,9.9837,0.1284,39.6419,39.6419,7.0614,2.6573,0.9509,0.9509,0.9923,0.2635,0.2635,9.9837,0.1284,0.0,0.0,0.0,0.0,0.0,0.0,119.95,62.99,119.97,62.89,119.97,62.89,13.1,76.33,CUDA,Bicubic Baseline (3x)
87,00000112_001.png,sub_NIH,3,ok,37.1911,12.4156,3.5236,0.9724,0.9958,0.2041,9.984,0.1162,37.1911,37.1911,12.4156,3.5236,0.9724,0.9724,0.9958,0.2041,0.2041,9.984,0.1162,0.0,0.0,0.0,0.0,0.0,0.0,135.7,43.67,135.74,43.5,135.74,43.5,13.4,74.63,CUDA,Bicubic Baseline (3x)
88,00000116_000.png,sub_NIH,3,ok,36.0057,16.312,4.0388,0.9687,0.9945,0.1523,9.9756,0.1473,36.0057,36.0057,16.312,4.0388,0.9687,0.9687,0.9945,0.1523,0.1523,9.9756,0.1473,0.0,0.0,0.0,0.0,0.0,0.0,154.02,67.22,154.08,67.03,154.08,67.03,14.64,68.32,CUDA,Bicubic Baseline (3x)
89,00000116_001.png,sub_NIH,3,ok,37.1368,12.5719,3.5457,0.9795,0.9967,0.1424,9.9884,0.0526,37.1368,37.1368,12.5719,3.5457,0.9795,0.9795,0.9967,0.1424,0.1424,9.9884,0.0526,0.0,0.0,0.0,0.0,0.0,0.0,154.52,49.93,154.57,49.77,154.57,49.77,13.26,75.39,CUDA,Bicubic Baseline (3x)
90,00000116_004.png,sub_NIH,3,ok,37.2727,12.1845,3.4906,0.9807,0.9969,0.1241,9.9887,0.0545,37.2727,37.2727,12.1845,3.4906,0.9807,0.9807,0.9969,0.1241,0.1241,9.9887,0.0545,0.0,0.0,0.0,0.0,0.0,0.0,158.55,49.88,158.6,49.72,158.6,49.72,13.42,74.51,CUDA,Bicubic Baseline (3x)
91,00000116_006.png,sub_NIH,3,ok,36.3003,15.2422,3.9041,0.9793,0.9969,0.1362,9.9881,0.0386,36.3003,36.3003,15.2422,3.9041,0.9793,0.9793,0.9969,0.1362,0.1362,9.9881,0.0386,0.0,0.0,0.0,0.0,0.0,0.0,162.84,45.97,162.9,45.76,162.9,45.76,16.86,59.31,CUDA,Bicubic Baseline (3x)
92,00000116_013.png,sub_NIH,3,ok,33.7262,27.5718,5.2509,0.968,0.9944,0.1674,9.9413,0.2682,33.7262,33.7262,27.5718,5.2509,0.968,0.968,0.9944,0.1674,0.1674,9.9413,0.2682,0.0,0.0,0.0,0.0,0.0,0.0,148.47,61.87,148.54,61.46,148.54,61.46,13.07,76.48,CUDA,Bicubic Baseline (3x)
93,00000116_016.png,sub_NIH,3,ok,36.8405,13.4596,3.6687,0.9765,0.9962,0.1537,9.9817,0.1186,36.8405,36.8405,13.4596,3.6687,0.9765,0.9765,0.9962,0.1537,0.1537,9.9817,0.1186,0.0,0.0,0.0,0.0,0.0,0.0,151.26,52.22,151.32,52.05,151.32,52.05,13.3,75.21,CUDA,Bicubic Baseline (3x)
94,00000116_023.png,sub_NIH,3,ok,36.9281,13.1908,3.6319,0.9789,0.9967,0.136,9.9791,0.1399,36.9281,36.9281,13.1908,3.6319,0.9789,0.9789,0.9967,0.136,0.136,9.9791,0.1399,0.0,0.0,0.0,0.0,0.0,0.0,155.04,58.96,155.1,58.81,155.1,58.81,13.45,74.33,CUDA,Bicubic Baseline (3x)
95,00000116_033.png,sub_NIH,3,ok,35.9875,16.3806,4.0473,0.9778,0.9966,0.1501,9.9885,0.0319,35.9875,35.9875,16.3806,4.0473,0.9778,0.9778,0.9966,0.1501,0.1501,9.9885,0.0319,0.0,0.0,0.0,0.0,0.0,0.0,153.4,56.81,153.46,56.65,153.46,56.65,13.06,76.57,CUDA,Bicubic Baseline (3x)
96,00000116_037.png,sub_NIH,3,ok,35.8866,16.7655,4.0946,0.9753,0.996,0.1422,9.9823,0.0928,35.8866,35.8866,16.7655,4.0946,0.9753,0.9753,0.996,0.1422,0.1422,9.9823,0.0928,0.0,0.0,0.0,0.0,0.0,0.0,156.96,50.58,157.02,50.37,157.02,50.37,14.17,70.59,CUDA,Bicubic Baseline (3x)
97,00000116_038.png,sub_NIH,3,ok,35.2815,19.2721,4.39,0.9677,0.9945,0.1735,9.9654,0.1871,35.2815,35.2815,19.2721,4.39,0.9677,0.9677,0.9945,0.1735,0.1735,9.9654,0.1871,0.0,0.0,0.0,0.0,0.0,0.0,146.83,57.98,146.9,57.67,146.9,57.67,14.55,68.72,CUDA,Bicubic Baseline (3x)
98,00000117_000.png,sub_NIH,3,ok,41.9714,4.1299,2.0322,0.9711,0.9945,0.156,9.9836,0.2297,41.9714,41.9714,4.1299,2.0322,0.9711,0.9711,0.9945,0.156,0.156,9.9836,0.2297,0.0,0.0,0.0,0.0,0.0,0.0,148.68,64.34,148.68,64.28,148.68,64.28,13.37,74.79,CUDA,Bicubic Baseline (3x)
99,00000118_001.png,sub_NIH,3,ok,38.4749,9.2382,3.0394,0.9413,0.9906,0.2779,9.983,0.1404,38.4749,38.4749,9.2382,3.0394,0.9413,0.9413,0.9906,0.2779,0.2779,9.983,0.1404,0.0,0.0,0.0,0.0,0.0,0.0,125.32,64.41,125.34,64.32,125.34,64.32,13.38,74.72,CUDA,Bicubic Baseline (3x)
100,00000118_003.png,sub_NIH,3,ok,37.9522,10.4198,3.228,0.9417,0.9906,0.2688,9.9781,0.162,37.9522,37.9522,10.4198,3.228,0.9417,0.9417,0.9906,0.2688,0.2688,9.9781,0.162,0.0,0.0,0.0,0.0,0.0,0.0,121.86,66.02,121.88,65.91,121.88,65.91,15.75,63.5,CUDA,Bicubic Baseline (3x)
101,00000118_014.png,sub_NIH,3,ok,38.737,8.6972,2.9491,0.9365,0.9898,0.2969,9.9846,0.135,38.737,38.737,8.6972,2.9491,0.9365,0.9365,0.9898,0.2969,0.2969,9.9846,0.135,0.0,0.0,0.0,0.0,0.0,0.0,120.93,64.98,120.94,64.89,120.94,64.89,13.76,72.69,CUDA,Bicubic Baseline (3x)
102,00000125_000.png,sub_NIH,3,ok,43.8974,2.6506,1.6281,0.9752,0.9951,0.1446,9.9876,0.1958,43.8974,43.8974,2.6506,1.6281,0.9752,0.9752,0.9951,0.1446,0.1446,9.9876,0.1958,0.0,0.0,0.0,0.0,0.0,0.0,156.34,60.75,156.35,60.71,156.35,60.71,13.11,76.25,CUDA,Bicubic Baseline (3x)
103,00000127_005.png,sub_NIH,3,ok,35.0766,20.2034,4.4948,0.9768,0.9962,0.1605,9.9549,0.2572,35.0766,35.0766,20.2034,4.4948,0.9768,0.9768,0.9962,0.1605,0.1605,9.9549,0.2572,0.0,0.0,0.0,0.0,0.0,0.0,110.1,61.81,110.14,61.58,110.14,61.58,13.55,73.8,CUDA,Bicubic Baseline (3x)
104,00000133_002.png,sub_NIH,3,ok,31.391,47.204,6.8705,0.9462,0.9904,0.2326,9.9178,0.2174,31.391,31.391,47.204,6.8705,0.9462,0.9462,0.9904,0.2326,0.2326,9.9178,0.2174,0.0,0.0,0.0,0.0,0.0,0.0,135.48,59.43,135.55,58.8,135.55,58.8,13.16,75.96,CUDA,Bicubic Baseline (3x)
105,00000134_000.png,sub_NIH,3,ok,37.2484,12.253,3.5004,0.979,0.9966,0.1323,9.989,0.048,37.2484,37.2484,12.253,3.5004,0.979,0.979,0.9966,0.1323,0.1323,9.989,0.048,0.0,0.0,0.0,0.0,0.0,0.0,148.79,57.51,148.84,57.39,148.84,57.39,13.28,75.32,CUDA,Bicubic Baseline (3x)
106,00000135_000.png,sub_NIH,3,ok,35.4794,18.4136,4.2911,0.9688,0.995,0.1652,9.987,0.0472,35.4794,35.4794,18.4136,4.2911,0.9688,0.9688,0.995,0.1652,0.1652,9.987,0.0472,0.0,0.0,0.0,0.0,0.0,0.0,166.01,56.55,166.07,56.37,166.07,56.37,13.5,74.1,CUDA,Bicubic Baseline (3x)
107,00000137_000.png,sub_NIH,3,ok,40.1553,6.2741,2.5048,0.9493,0.9917,0.2648,9.9843,0.1523,40.1553,40.1553,6.2741,2.5048,0.9493,0.9493,0.9917,0.2648,0.2648,9.9843,0.1523,0.0,0.0,0.0,0.0,0.0,0.0,115.3,67.55,115.31,67.47,115.31,67.47,13.34,74.96,CUDA,Bicubic Baseline (3x)
108,00000139_001.png,sub_NIH,3,ok,41.4584,4.6478,2.1559,0.9757,0.9951,0.1459,9.9793,0.2836,41.4584,41.4584,4.6478,2.1559,0.9757,0.9757,0.9951,0.1459,0.1459,9.9793,0.2836,0.0,0.0,0.0,0.0,0.0,0.0,156.18,59.0,156.18,58.92,156.18,58.92,13.38,74.76,CUDA,Bicubic Baseline (3x)
109,00000141_000.png,sub_NIH,3,ok,40.1009,6.3531,2.5205,0.9646,0.9936,0.2219,9.9824,0.175,40.1009,40.1009,6.3531,2.5205,0.9646,0.9646,0.9936,0.2219,0.2219,9.9824,0.175,0.0,0.0,0.0,0.0,0.0,0.0,162.48,56.24,162.49,56.13,162.49,56.13,13.28,75.32,CUDA,Bicubic Baseline (3x)
110,00000142_000.png,sub_NIH,3,ok,43.5087,2.8988,1.7026,0.9828,0.9965,0.1252,9.9838,0.2595,43.5087,43.5087,2.8988,1.7026,0.9828,0.9828,0.9965,0.1252,0.1252,9.9838,0.2595,0.0,0.0,0.0,0.0,0.0,0.0,167.23,65.43,167.24,65.39,167.24,65.39,13.16,75.97,CUDA,Bicubic Baseline (3x)
111,00000143_003.png,sub_NIH,3,ok,38.1956,9.852,3.1388,0.9398,0.9902,0.2952,9.9737,0.1906,38.1956,38.1956,9.852,3.1388,0.9398,0.9398,0.9902,0.2952,0.2952,9.9737,0.1906,0.0,0.0,0.0,0.0,0.0,0.0,118.22,65.25,118.24,65.13,118.24,65.13,16.47,60.73,CUDA,Bicubic Baseline (3x)
112,00000143_006.png,sub_NIH,3,ok,39.495,7.3044,2.7027,0.939,0.9901,0.2905,9.9838,0.1441,39.495,39.495,7.3044,2.7027,0.939,0.939,0.9901,0.2905,0.2905,9.9838,0.1441,0.0,0.0,0.0,0.0,0.0,0.0,114.85,69.03,114.87,68.95,114.87,68.95,13.14,76.11,CUDA,Bicubic Baseline (3x)
113,00000143_010.png,sub_NIH,3,ok,35.3641,18.9091,4.3485,0.9667,0.9944,0.1676,9.9479,0.2901,35.3641,35.3641,18.9091,4.3485,0.9667,0.9667,0.9944,0.1676,0.1676,9.9479,0.2901,0.0,0.0,0.0,0.0,0.0,0.0,147.78,66.74,147.82,66.42,147.82,66.42,13.38,74.73,CUDA,Bicubic Baseline (3x)
114,00000143_011.png,sub_NIH,3,ok,39.4371,7.4023,2.7207,0.9521,0.9921,0.2541,9.9791,0.1921,39.4371,39.4371,7.4023,2.7207,0.9521,0.9521,0.9921,0.2541,0.2541,9.9791,0.1921,0.0,0.0,0.0,0.0,0.0,0.0,109.01,66.42,109.03,66.33,109.03,66.33,13.12,76.21,CUDA,Bicubic Baseline (3x)
115,00000144_001.png,sub_NIH,3,ok,35.5015,18.32,4.2802,0.9736,0.9963,0.16,9.9899,0.0018,35.5015,35.5015,18.32,4.2802,0.9736,0.9736,0.9963,0.16,0.16,9.9899,0.0018,0.0,0.0,0.0,0.0,0.0,0.0,163.4,45.33,163.47,45.12,163.47,45.12,13.09,76.39,CUDA,Bicubic Baseline (3x)
116,00000147_001.png,sub_NIH,3,ok,36.195,15.6166,3.9518,0.9515,0.9923,0.2617,9.9608,0.2189,36.195,36.195,15.6166,3.9518,0.9515,0.9515,0.9923,0.2617,0.2617,9.9608,0.2189,0.0,0.0,0.0,0.0,0.0,0.0,122.52,68.62,122.55,68.39,122.55,68.39,14.8,67.57,CUDA,Bicubic Baseline (3x)
117,00000148_003.png,sub_NIH,3,ok,39.6299,7.0809,2.661,0.9336,0.9891,0.3082,9.9828,0.1552,39.6299,39.6299,7.0809,2.661,0.9336,0.9336,0.9891,0.3082,0.3082,9.9828,0.1552,0.0,0.0,0.0,0.0,0.0,0.0,129.78,66.76,129.78,66.68,129.78,66.68,13.47,74.22,CUDA,Bicubic Baseline (3x)
118,00000149_004.png,sub_NIH,3,ok,40.3055,6.0608,2.4619,0.9458,0.9917,0.302,9.9877,0.1165,40.3055,40.3055,6.0608,2.4619,0.9458,0.9458,0.9917,0.302,0.302,9.9877,0.1165,0.0,0.0,0.0,0.0,0.0,0.0,125.52,69.48,125.54,69.42,125.54,69.42,13.58,73.65,CUDA,Bicubic Baseline (3x)
119,00000149_008.png,sub_NIH,3,ok,39.9611,6.561,2.5615,0.9436,0.9914,0.3212,9.9849,0.1412,39.9611,39.9611,6.561,2.5615,0.9436,0.9436,0.9914,0.3212,0.3212,9.9849,0.1412,0.0,0.0,0.0,0.0,0.0,0.0,132.52,63.91,132.54,63.83,132.54,63.83,13.16,76.0,CUDA,Bicubic Baseline (3x)
120,00000150_005.png,sub_NIH,3,ok,32.9545,32.933,5.7387,0.9504,0.9905,0.1956,9.8936,0.3704,32.9545,32.9545,32.933,5.7387,0.9504,0.9504,0.9905,0.1956,0.1956,9.8936,0.3704,0.0,0.0,0.0,0.0,0.0,0.0,109.73,60.33,109.77,59.77,109.77,59.77,13.51,74.03,CUDA,Bicubic Baseline (3x)
121,00000151_002.png,sub_NIH,3,ok,39.4546,7.3726,2.7153,0.9419,0.9906,0.2832,9.9822,0.1605,39.4546,39.4546,7.3726,2.7153,0.9419,0.9419,0.9906,0.2832,0.2832,9.9822,0.1605,0.0,0.0,0.0,0.0,0.0,0.0,118.71,64.29,118.72,64.2,118.72,64.2,13.32,75.05,CUDA,Bicubic Baseline (3x)
122,00000153_001.png,sub_NIH,3,ok,43.8017,2.7096,1.6461,0.9676,0.994,0.2111,9.9901,0.1365,43.8017,43.8017,2.7096,1.6461,0.9676,0.9676,0.994,0.2111,0.2111,9.9901,0.1365,0.0,0.0,0.0,0.0,0.0,0.0,107.42,37.07,107.42,37.01,107.42,37.01,13.05,76.64,CUDA,Bicubic Baseline (3x)
123,00000154_000.png,sub_NIH,3,ok,41.2147,4.916,2.2172,0.9523,0.9926,0.2692,9.9876,0.1196,41.2147,41.2147,4.916,2.2172,0.9523,0.9523,0.9926,0.2692,0.2692,9.9876,0.1196,0.0,0.0,0.0,0.0,0.0,0.0,109.7,69.54,109.72,69.49,109.72,69.49,13.14,76.12,CUDA,Bicubic Baseline (3x)
124,00000157_000.png,sub_NIH,3,ok,37.1411,12.5593,3.5439,0.9613,0.993,0.1796,9.9699,0.2134,37.1411,37.1411,12.5593,3.5439,0.9613,0.9613,0.993,0.1796,0.1796,9.9699,0.2134,0.0,0.0,0.0,0.0,0.0,0.0,131.15,70.43,131.19,70.28,131.19,70.28,13.11,76.26,CUDA,Bicubic Baseline (3x)
125,00000165_003.png,sub_NIH,3,ok,39.5154,7.2701,2.6963,0.9403,0.9907,0.2974,9.9858,0.1261,39.5154,39.5154,7.2701,2.6963,0.9403,0.9403,0.9907,0.2974,0.2974,9.9858,0.1261,0.0,0.0,0.0,0.0,0.0,0.0,145.08,62.18,145.09,62.09,145.09,62.09,13.23,75.56,CUDA,Bicubic Baseline (3x)
126,00000165_004.png,sub_NIH,3,ok,38.9917,8.2018,2.8639,0.9418,0.9908,0.2889,9.9845,0.1297,38.9917,38.9917,8.2018,2.8639,0.9418,0.9418,0.9908,0.2889,0.2889,9.9845,0.1297,0.0,0.0,0.0,0.0,0.0,0.0,133.67,65.49,133.68,65.41,133.68,65.41,13.39,74.71,CUDA,Bicubic Baseline (3x)
127,00000165_007.png,sub_NIH,3,ok,38.797,8.5779,2.9288,0.9411,0.9907,0.2849,9.9825,0.1466,38.797,38.797,8.5779,2.9288,0.9411,0.9411,0.9907,0.2849,0.2849,9.9825,0.1466,0.0,0.0,0.0,0.0,0.0,0.0,121.81,66.72,121.83,66.63,121.83,66.63,13.02,76.82,CUDA,Bicubic Baseline (3x)
128,00000170_000.png,sub_NIH,3,ok,38.6512,8.8707,2.9784,0.9521,0.9922,0.257,9.9752,0.2019,38.6512,38.6512,8.8707,2.9784,0.9521,0.9521,0.9922,0.257,0.257,9.9752,0.2019,0.0,0.0,0.0,0.0,0.0,0.0,127.54,65.56,127.56,65.44,127.56,65.44,13.26,75.39,CUDA,Bicubic Baseline (3x)
129,00000172_004.png,sub_NIH,3,ok,39.4379,7.4009,2.7205,0.9451,0.991,0.2579,9.9748,0.2166,39.4379,39.4379,7.4009,2.7205,0.9451,0.9451,0.991,0.2579,0.2579,9.9748,0.2166,0.0,0.0,0.0,0.0,0.0,0.0,105.56,74.04,105.58,73.95,105.58,73.95,13.3,75.16,CUDA,Bicubic Baseline (3x)
130,00000173_000.png,sub_NIH,3,ok,36.0383,16.19,4.0237,0.9703,0.9953,0.1539,9.9874,0.054,36.0383,36.0383,16.19,4.0237,0.9703,0.9703,0.9953,0.1539,0.1539,9.9874,0.054,0.0,0.0,0.0,0.0,0.0,0.0,162.12,62.08,162.18,61.93,162.18,61.93,14.94,66.92,CUDA,Bicubic Baseline (3x)
131,00000174_003.png,sub_NIH,3,ok,40.4552,5.8555,2.4198,0.9504,0.992,0.2454,9.9841,0.155,40.4552,40.4552,5.8555,2.4198,0.9504,0.9504,0.992,0.2454,0.2454,9.9841,0.155,0.0,0.0,0.0,0.0,0.0,0.0,119.71,69.36,119.73,69.28,119.73,69.28,13.08,76.44,CUDA,Bicubic Baseline (3x)
132,00000175_002.png,sub_NIH,3,ok,34.3093,24.1071,4.9099,0.96,0.9931,0.2577,9.9755,0.1083,34.3093,34.3093,24.1071,4.9099,0.96,0.96,0.9931,0.2577,0.2577,9.9755,0.1083,0.0,0.0,0.0,0.0,0.0,0.0,123.45,35.62,123.51,35.13,123.51,35.13,13.18,75.86,CUDA,Bicubic Baseline (3x)
133,00000177_002.png,sub_NIH,3,ok,44.3678,2.3785,1.5422,0.9701,0.9944,0.1915,9.991,0.1248,44.3678,44.3678,2.3785,1.5422,0.9701,0.9701,0.9944,0.1915,0.1915,9.991,0.1248,0.0,0.0,0.0,0.0,0.0,0.0,108.98,34.66,108.98,34.61,108.98,34.61,13.21,75.72,CUDA,Bicubic Baseline (3x)
134,00000177_003.png,sub_NIH,3,ok,43.683,2.7847,1.6687,0.9741,0.995,0.168,9.9882,0.1843,43.683,43.683,2.7847,1.6687,0.9741,0.9741,0.995,0.168,0.168,9.9882,0.1843,0.0,0.0,0.0,0.0,0.0,0.0,169.84,40.15,169.83,40.09,169.83,40.09,13.31,75.13,CUDA,Bicubic Baseline (3x)
135,00000177_004.png,sub_NIH,3,ok,34.34,23.9377,4.8926,0.9687,0.9948,0.1599,9.9594,0.1975,34.34,34.34,23.9377,4.8926,0.9687,0.9687,0.9948,0.1599,0.1599,9.9594,0.1975,0.0,0.0,0.0,0.0,0.0,0.0,175.53,57.36,175.6,57.0,175.6,57.0,13.35,74.91,CUDA,Bicubic Baseline (3x)
136,00000179_003.png,sub_NIH,3,ok,38.0984,10.0749,3.1741,0.9778,0.9966,0.1591,9.9905,0.0395,38.0984,38.0984,10.0749,3.1741,0.9778,0.9778,0.9966,0.1591,0.1591,9.9905,0.0395,0.0,0.0,0.0,0.0,0.0,0.0,120.02,52.64,120.07,52.54,120.07,52.54,13.77,72.64,CUDA,Bicubic Baseline (3x)
137,00000179_006.png,sub_NIH,3,ok,38.9909,8.2033,2.8641,0.9768,0.9961,0.1636,9.9874,0.0967,38.9909,38.9909,8.2033,2.8641,0.9768,0.9768,0.9961,0.1636,0.1636,9.9874,0.0967,0.0,0.0,0.0,0.0,0.0,0.0,112.72,55.78,112.76,55.69,112.76,55.69,13.32,75.1,CUDA,Bicubic Baseline (3x)
138,00000180_002.png,sub_NIH,3,ok,42.7955,3.4161,1.8483,0.9655,0.9936,0.2131,9.9896,0.1316,42.7955,42.7955,3.4161,1.8483,0.9655,0.9655,0.9936,0.2131,0.2131,9.9896,0.1316,0.0,0.0,0.0,0.0,0.0,0.0,108.41,33.53,108.41,33.45,108.41,33.45,13.21,75.68,CUDA,Bicubic Baseline (3x)
139,00000181_000.png,sub_NIH,3,ok,40.9152,5.2669,2.295,0.9767,0.9955,0.1428,9.9837,0.1896,40.9152,40.9152,5.2669,2.295,0.9767,0.9767,0.9955,0.1428,0.1428,9.9837,0.1896,0.0,0.0,0.0,0.0,0.0,0.0,159.13,57.55,159.13,57.48,159.13,57.48,13.1,76.32,CUDA,Bicubic Baseline (3x)
140,00000181_009.png,sub_NIH,3,ok,38.7167,8.7379,2.956,0.9702,0.9946,0.209,9.9857,0.1335,38.7167,38.7167,8.7379,2.956,0.9702,0.9702,0.9946,0.209,0.209,9.9857,0.1335,0.0,0.0,0.0,0.0,0.0,0.0,111.32,46.33,111.35,46.2,111.35,46.2,13.11,76.29,CUDA,Bicubic Baseline (3x)
141,00000181_014.png,sub_NIH,3,ok,34.3344,23.9684,4.8958,0.9753,0.9958,0.178,9.9475,0.2423,34.3344,34.3344,23.9684,4.8958,0.9753,0.9753,0.9958,0.178,0.178,9.9475,0.2423,0.0,0.0,0.0,0.0,0.0,0.0,106.48,61.82,106.53,61.55,106.53,61.55,13.35,74.91,CUDA,Bicubic Baseline (3x)
142,00000181_017.png,sub_NIH,3,ok,34.7327,21.8681,4.6763,0.9717,0.994,0.186,9.9488,0.2927,34.7327,34.7327,21.8681,4.6763,0.9717,0.9717,0.994,0.186,0.186,9.9488,0.2927,0.0,0.0,0.0,0.0,0.0,0.0,113.14,50.64,113.16,50.3,113.16,50.3,13.26,75.4,CUDA,Bicubic Baseline (3x)
143,00000181_020.png,sub_NIH,3,ok,37.2027,12.3824,3.5189,0.9743,0.9962,0.1893,9.987,0.0696,37.2027,37.2027,12.3824,3.5189,0.9743,0.9743,0.9962,0.1893,0.1893,9.987,0.0696,0.0,0.0,0.0,0.0,0.0,0.0,123.26,55.1,123.31,54.98,123.31,54.98,13.06,76.55,CUDA,Bicubic Baseline (3x)
144,00000181_022.png,sub_NIH,3,ok,34.0097,25.8293,5.0823,0.9719,0.9949,0.1735,9.9554,0.2183,34.0097,34.0097,25.8293,5.0823,0.9719,0.9719,0.9949,0.1735,0.1735,9.9554,0.2183,0.0,0.0,0.0,0.0,0.0,0.0,117.12,56.54,117.16,56.24,117.16,56.24,13.33,75.04,CUDA,Bicubic Baseline (3x)
145,00000181_037.png,sub_NIH,3,ok,38.7401,8.6909,2.948,0.9746,0.9957,0.173,9.9897,0.0693,38.7401,38.7401,8.6909,2.948,0.9746,0.9746,0.9957,0.173,0.173,9.9897,0.0693,0.0,0.0,0.0,0.0,0.0,0.0,119.45,46.34,119.49,46.22,119.49,46.22,13.45,74.34,CUDA,Bicubic Baseline (3x)
146,00000181_039.png,sub_NIH,3,ok,38.1285,10.0052,3.1631,0.9758,0.9954,0.163,9.9823,0.1585,38.1285,38.1285,10.0052,3.1631,0.9758,0.9758,0.9954,0.163,0.163,9.9823,0.1585,0.0,0.0,0.0,0.0,0.0,0.0,112.33,54.34,112.37,54.2,112.37,54.2,13.77,72.61,CUDA,Bicubic Baseline (3x)
147,00000181_048.png,sub_NIH,3,ok,38.3559,9.4949,3.0814,0.975,0.9958,0.1813,9.9839,0.1315,38.3559,38.3559,9.4949,3.0814,0.975,0.975,0.9958,0.1813,0.1813,9.9839,0.1315,0.0,0.0,0.0,0.0,0.0,0.0,103.13,58.64,103.17,58.52,103.17,58.52,13.26,75.44,CUDA,Bicubic Baseline (3x)
148,00000184_001.png,sub_NIH,3,ok,32.8802,33.5012,5.788,0.9721,0.9956,0.1532,9.9831,-0.0016,32.8802,32.8802,33.5012,5.788,0.9721,0.9721,0.9956,0.1532,0.1532,9.9831,-0.0016,0.0,0.0,0.0,0.0,0.0,0.0,171.68,51.37,171.77,50.98,171.77,50.98,13.12,76.21,CUDA,Bicubic Baseline (3x)
149,00000185_000.png,sub_NIH,3,ok,32.1512,39.6242,6.2948,0.9625,0.9931,0.1974,9.9182,0.2786,32.1512,32.1512,39.6242,6.2948,0.9625,0.9625,0.9931,0.1974,0.1974,9.9182,0.2786,0.0,0.0,0.0,0.0,0.0,0.0,134.87,50.09,134.93,49.43,134.93,49.43,13.38,74.74,CUDA,Bicubic Baseline (3x)
150,00000187_002.png,sub_NIH,3,ok,34.9388,20.8546,4.5667,0.9652,0.9945,0.1918,9.9869,0.0388,34.9388,34.9388,20.8546,4.5667,0.9652,0.9652,0.9945,0.1918,0.1918,9.9869,0.0388,0.0,0.0,0.0,0.0,0.0,0.0,164.4,52.1,164.47,51.88,164.47,51.88,13.24,75.52,CUDA,Bicubic Baseline (3x)
151,00000188_000.png,sub_NIH,3,ok,34.7148,21.9581,4.686,0.9611,0.9932,0.1913,9.9587,0.2234,34.7148,34.7148,21.9581,4.686,0.9611,0.9611,0.9932,0.1913,0.1913,9.9587,0.2234,0.0,0.0,0.0,0.0,0.0,0.0,150.27,55.43,150.32,55.1,150.32,55.1,13.17,75.94,CUDA,Bicubic Baseline (3x)
152,00000193_019.png,sub_NIH,3,ok,36.525,14.4737,3.8044,0.981,0.9972,0.1308,9.9851,0.0659,36.525,36.525,14.4737,3.8044,0.981,0.981,0.9972,0.1308,0.1308,9.9851,0.0659,0.0,0.0,0.0,0.0,0.0,0.0,151.99,56.68,152.05,56.53,152.05,56.53,13.08,76.46,CUDA,Bicubic Baseline (3x)
153,00000196_000.png,sub_NIH,3,ok,40.4669,5.8396,2.4165,0.9534,0.9927,0.2526,9.9838,0.1488,40.4669,40.4669,5.8396,2.4165,0.9534,0.9534,0.9927,0.2526,0.2526,9.9838,0.1488,0.0,0.0,0.0,0.0,0.0,0.0,103.5,69.49,103.52,69.42,103.52,69.42,13.21,75.7,CUDA,Bicubic Baseline (3x)
154,00000199_004.png,sub_NIH,3,ok,39.8012,6.8071,2.609,0.9458,0.9912,0.2595,9.9815,0.163,39.8012,39.8012,6.8071,2.609,0.9458,0.9458,0.9912,0.2595,0.2595,9.9815,0.163,0.0,0.0,0.0,0.0,0.0,0.0,104.61,68.85,104.62,68.77,104.62,68.77,13.55,73.83,CUDA,Bicubic Baseline (3x)
155,00000206_000.png,sub_NIH,3,ok,41.3791,4.7334,2.1756,0.9687,0.9941,0.1911,9.9842,0.1995,41.3791,41.3791,4.7334,2.1756,0.9687,0.9687,0.9941,0.1911,0.1911,9.9842,0.1995,0.0,0.0,0.0,0.0,0.0,0.0,155.69,52.94,155.7,52.85,155.7,52.85,13.7,73.02,CUDA,Bicubic Baseline (3x)
156,00000210_000.png,sub_NIH,3,ok,40.9022,5.2828,2.2984,0.9802,0.9962,0.1487,9.9849,0.1516,40.9022,40.9022,5.2828,2.2984,0.9802,0.9802,0.9962,0.1487,0.1487,9.9849,0.1516,0.0,0.0,0.0,0.0,0.0,0.0,165.42,39.51,165.43,39.38,165.43,39.38,13.48,74.2,CUDA,Bicubic Baseline (3x)
157,00000211_001.png,sub_NIH,3,ok,35.8995,16.7161,4.0885,0.975,0.996,0.1373,9.9824,0.0548,35.8995,35.8995,16.7161,4.0885,0.975,0.975,0.996,0.1373,0.1373,9.9824,0.0548,0.0,0.0,0.0,0.0,0.0,0.0,152.54,69.42,152.6,69.25,152.6,69.25,13.44,74.41,CUDA,Bicubic Baseline (3x)
158,00000211_005.png,sub_NIH,3,ok,38.472,9.2445,3.0405,0.9353,0.9895,0.2838,9.9758,0.1879,38.472,38.472,9.2445,3.0405,0.9353,0.9353,0.9895,0.2838,0.2838,9.9758,0.1879,0.0,0.0,0.0,0.0,0.0,0.0,111.39,74.97,111.4,74.86,111.4,74.86,13.51,74.03,CUDA,Bicubic Baseline (3x)
159,00000211_010.png,sub_NIH,3,ok,39.4338,7.4081,2.7218,0.9503,0.9919,0.225,9.977,0.2004,39.4338,39.4338,7.4081,2.7218,0.9503,0.9503,0.9919,0.225,0.225,9.977,0.2004,0.0,0.0,0.0,0.0,0.0,0.0,90.15,78.6,90.16,78.52,90.16,78.52,13.12,76.24,CUDA,Bicubic Baseline (3x)
160,00000211_016.png,sub_NIH,3,ok,37.8715,10.6153,3.2581,0.9719,0.9951,0.159,9.9779,0.177,37.8715,37.8715,10.6153,3.2581,0.9719,0.9719,0.9951,0.159,0.159,9.9779,0.177,0.0,0.0,0.0,0.0,0.0,0.0,113.69,65.34,113.73,65.23,113.73,65.23,13.15,76.05,CUDA,Bicubic Baseline (3x)
161,00000211_018.png,sub_NIH,3,ok,36.3365,15.1158,3.8879,0.9744,0.9954,0.1577,9.9688,0.2327,36.3365,36.3365,15.1158,3.8879,0.9744,0.9744,0.9954,0.1577,0.1577,9.9688,0.2327,0.0,0.0,0.0,0.0,0.0,0.0,94.47,61.6,94.51,61.43,94.51,61.43,14.51,68.9,CUDA,Bicubic Baseline (3x)
162,00000211_021.png,sub_NIH,3,ok,39.4923,7.3088,2.7035,0.9464,0.9913,0.2488,9.9769,0.2024,39.4923,39.4923,7.3088,2.7035,0.9464,0.9464,0.9913,0.2488,0.2488,9.9769,0.2024,0.0,0.0,0.0,0.0,0.0,0.0,100.66,72.51,100.68,72.41,100.68,72.41,13.11,76.25,CUDA,Bicubic Baseline (3x)
163,00000211_036.png,sub_NIH,3,ok,39.2877,7.6615,2.7679,0.9221,0.9874,0.3173,9.9843,0.1387,39.2877,39.2877,7.6615,2.7679,0.9221,0.9221,0.9874,0.3173,0.3173,9.9843,0.1387,0.0,0.0,0.0,0.0,0.0,0.0,117.08,73.75,117.09,73.67,117.09,73.67,13.23,75.59,CUDA,Bicubic Baseline (3x)
164,00000211_038.png,sub_NIH,3,ok,35.8976,16.7233,4.0894,0.9753,0.9953,0.1618,9.9542,0.291,35.8976,35.8976,16.7233,4.0894,0.9753,0.9753,0.9953,0.1618,0.1618,9.9542,0.291,0.0,0.0,0.0,0.0,0.0,0.0,108.04,63.84,108.07,63.62,108.07,63.62,13.53,73.9,CUDA,Bicubic Baseline (3x)
165,00000211_039.png,sub_NIH,3,ok,32.444,37.0408,6.0861,0.9683,0.9946,0.2044,9.957,0.1519,32.444,32.444,37.0408,6.0861,0.9683,0.9683,0.9946,0.2044,0.2044,9.957,0.1519,0.0,0.0,0.0,0.0,0.0,0.0,111.44,60.72,111.5,60.33,111.5,60.33,13.13,76.17,CUDA,Bicubic Baseline (3x)
166,00000211_040.png,sub_NIH,3,ok,35.2151,19.569,4.4237,0.9747,0.9954,0.1745,9.9645,0.2292,35.2151,35.2151,19.569,4.4237,0.9747,0.9747,0.9954,0.1745,0.1745,9.9645,0.2292,0.0,0.0,0.0,0.0,0.0,0.0,102.3,57.89,102.33,57.66,102.33,57.66,13.14,76.11,CUDA,Bicubic Baseline (3x)
167,00000213_003.png,sub_NIH,3,ok,33.4799,29.18,5.4019,0.9717,0.995,0.1974,9.9719,0.1539,33.4799,33.4799,29.18,5.4019,0.9717,0.9717,0.995,0.1974,0.1974,9.9719,0.1539,0.0,0.0,0.0,0.0,0.0,0.0,125.81,47.85,125.85,47.51,125.85,47.51,13.21,75.72,CUDA,Bicubic Baseline (3x)
168,00000217_000.png,sub_NIH,3,ok,39.3111,7.6203,2.7605,0.9434,0.9908,0.2825,9.9847,0.1317,39.3111,39.3111,7.6203,2.7605,0.9434,0.9434,0.9908,0.2825,0.2825,9.9847,0.1317,0.0,0.0,0.0,0.0,0.0,0.0,128.2,64.52,128.21,64.43,128.21,64.43,13.05,76.62,CUDA,Bicubic Baseline (3x)
169,00000218_000.png,sub_NIH,3,ok,43.1878,3.1211,1.7667,0.9738,0.9949,0.1552,9.9856,0.2245,43.1878,43.1878,3.1211,1.7667,0.9738,0.9738,0.9949,0.1552,0.1552,9.9856,0.2245,0.0,0.0,0.0,0.0,0.0,0.0,160.46,60.81,160.47,60.76,160.47,60.76,13.1,76.31,CUDA,Bicubic Baseline (3x)
170,00000218_003.png,sub_NIH,3,ok,42.1564,3.9576,1.9894,0.971,0.9944,0.1775,9.9835,0.2319,42.1564,42.1564,3.9576,1.9894,0.971,0.971,0.9944,0.1775,0.1775,9.9835,0.2319,0.0,0.0,0.0,0.0,0.0,0.0,150.22,60.68,150.22,60.62,150.22,60.62,13.54,73.87,CUDA,Bicubic Baseline (3x)
171,00000218_006.png,sub_NIH,3,ok,43.0021,3.2574,1.8048,0.973,0.9947,0.1556,9.9862,0.2156,43.0021,43.0021,3.2574,1.8048,0.973,0.973,0.9947,0.1556,0.1556,9.9862,0.2156,0.0,0.0,0.0,0.0,0.0,0.0,160.55,60.11,160.56,60.06,160.56,60.06,13.07,76.52,CUDA,Bicubic Baseline (3x)
172,00000218_007.png,sub_NIH,3,ok,43.3196,3.0278,1.74,0.9791,0.9958,0.1388,9.9848,0.2385,43.3196,43.3196,3.0278,1.74,0.9791,0.9791,0.9958,0.1388,0.1388,9.9848,0.2385,0.0,0.0,0.0,0.0,0.0,0.0,158.65,59.65,158.66,59.6,158.66,59.6,13.74,72.76,CUDA,Bicubic Baseline (3x)
173,00000218_008.png,sub_NIH,3,ok,41.4442,4.663,2.1594,0.9758,0.9952,0.1344,9.9793,0.2802,41.4442,41.4442,4.663,2.1594,0.9758,0.9758,0.9952,0.1344,0.1344,9.9793,0.2802,0.0,0.0,0.0,0.0,0.0,0.0,165.58,62.16,165.58,62.08,165.58,62.08,13.03,76.72,CUDA,Bicubic Baseline (3x)
174,00000222_000.png,sub_NIH,3,ok,35.9649,16.466,4.0578,0.9697,0.9947,0.1502,9.9618,0.2285,35.9649,35.9649,16.466,4.0578,0.9697,0.9697,0.9947,0.1502,0.1502,9.9618,0.2285,0.0,0.0,0.0,0.0,0.0,0.0,150.7,74.52,150.75,74.31,150.75,74.31,13.23,75.6,CUDA,Bicubic Baseline (3x)
175,00000230_006.png,sub_NIH,3,ok,32.6205,35.5654,5.9637,0.9626,0.9937,0.2205,9.9406,0.2018,32.6205,32.6205,35.5654,5.9637,0.9626,0.9626,0.9937,0.2205,0.2205,9.9406,0.2018,0.0,0.0,0.0,0.0,0.0,0.0,134.37,59.08,134.43,58.62,134.43,58.62,18.06,55.37,CUDA,Bicubic Baseline (3x)
176,00000231_000.png,sub_NIH,3,ok,32.3599,37.7654,6.1454,0.9544,0.9914,0.217,9.9193,0.2477,32.3599,32.3599,37.7654,6.1454,0.9544,0.9544,0.9914,0.217,0.217,9.9193,0.2477,0.0,0.0,0.0,0.0,0.0,0.0,113.56,63.9,113.62,63.38,113.62,63.38,13.05,76.6,CUDA,Bicubic Baseline (3x)
177,00000231_005.png,sub_NIH,3,ok,38.3815,9.439,3.0723,0.9258,0.9877,0.3178,9.9792,0.1642,38.3815,38.3815,9.439,3.0723,0.9258,0.9258,0.9877,0.3178,0.3178,9.9792,0.1642,0.0,0.0,0.0,0.0,0.0,0.0,120.93,69.66,120.94,69.56,120.94,69.56,13.15,76.04,CUDA,Bicubic Baseline (3x)
178,00000237_000.png,sub_NIH,3,ok,36.8668,13.3783,3.6576,0.9767,0.9962,0.1445,9.9587,0.3191,36.8668,36.8668,13.3783,3.6576,0.9767,0.9767,0.9962,0.1445,0.1445,9.9587,0.3191,0.0,0.0,0.0,0.0,0.0,0.0,170.32,58.22,170.36,57.95,170.36,57.95,13.07,76.5,CUDA,Bicubic Baseline (3x)
179,00000238_002.png,sub_NIH,3,ok,35.3398,19.0154,4.3607,0.9723,0.9956,0.1607,9.9645,0.2222,35.3398,35.3398,19.0154,4.3607,0.9723,0.9723,0.9956,0.1607,0.1607,9.9645,0.2222,0.0,0.0,0.0,0.0,0.0,0.0,165.79,53.93,165.84,53.63,165.84,53.63,13.32,75.07,CUDA,Bicubic Baseline (3x)
180,00000239_001.png,sub_NIH,3,ok,39.4399,7.3977,2.7199,0.9444,0.991,0.2676,9.9799,0.1749,39.4399,39.4399,7.3977,2.7199,0.9444,0.9444,0.991,0.2676,0.2676,9.9799,0.1749,0.0,0.0,0.0,0.0,0.0,0.0,112.97,70.67,112.97,70.58,112.97,70.58,13.62,73.44,CUDA,Bicubic Baseline (3x)
181,00000240_000.png,sub_NIH,3,ok,42.0887,4.0198,2.0049,0.973,0.9947,0.1603,9.9841,0.2304,42.0887,42.0887,4.0198,2.0049,0.973,0.973,0.9947,0.1603,0.1603,9.9841,0.2304,0.0,0.0,0.0,0.0,0.0,0.0,159.71,54.75,159.72,54.69,159.72,54.69,13.08,76.44,CUDA,Bicubic Baseline (3x)
182,00000242_003.png,sub_NIH,3,ok,35.5829,17.98,4.2403,0.9718,0.9957,0.1543,9.9853,0.0594,35.5829,35.5829,17.98,4.2403,0.9718,0.9718,0.9957,0.1543,0.1543,9.9853,0.0594,0.0,0.0,0.0,0.0,0.0,0.0,168.02,56.0,168.09,55.8,168.09,55.8,13.37,74.82,CUDA,Bicubic Baseline (3x)
183,00000243_001.png,sub_NIH,3,ok,34.9674,20.7175,4.5516,0.9667,0.9946,0.1643,9.9621,0.235,34.9674,34.9674,20.7175,4.5516,0.9667,0.9667,0.9946,0.1643,0.1643,9.9621,0.235,0.0,0.0,0.0,0.0,0.0,0.0,171.25,54.29,171.31,53.98,171.31,53.98,13.21,75.68,CUDA,Bicubic Baseline (3x)
184,00000246_004.png,sub_NIH,3,ok,35.0842,20.1679,4.4909,0.952,0.9915,0.2428,9.9433,0.2857,35.0842,35.0842,20.1679,4.4909,0.952,0.952,0.9915,0.2428,0.2428,9.9433,0.2857,0.0,0.0,0.0,0.0,0.0,0.0,137.65,50.65,137.69,50.22,137.69,50.22,13.16,75.96,CUDA,Bicubic Baseline (3x)
185,00000246_008.png,sub_NIH,3,ok,32.8768,33.5271,5.7903,0.9566,0.9923,0.2246,9.9743,0.0114,32.8768,32.8768,33.5271,5.7903,0.9566,0.9566,0.9923,0.2246,0.2246,9.9743,0.0114,0.0,0.0,0.0,0.0,0.0,0.0,143.02,55.1,143.1,54.68,143.1,54.68,13.49,74.13,CUDA,Bicubic Baseline (3x)
186,00000246_014.png,sub_NIH,3,ok,35.0003,20.5613,4.5345,0.9552,0.9922,0.2371,9.9591,0.122,35.0003,35.0003,20.5613,4.5345,0.9552,0.9552,0.9922,0.2371,0.2371,9.9591,0.122,0.0,0.0,0.0,0.0,0.0,0.0,142.94,52.58,143.0,52.14,143.0,52.14,13.1,76.36,CUDA,Bicubic Baseline (3x)
187,00000246_015.png,sub_NIH,3,ok,35.7914,17.137,4.1397,0.9564,0.9923,0.2388,9.9509,0.2564,35.7914,35.7914,17.137,4.1397,0.9564,0.9564,0.9923,0.2388,0.2388,9.9509,0.2564,0.0,0.0,0.0,0.0,0.0,0.0,139.3,56.24,139.34,55.87,139.34,55.87,13.38,74.76,CUDA,Bicubic Baseline (3x)
188,00000247_000.png,sub_NIH,3,ok,43.5381,2.8792,1.6968,0.9753,0.9952,0.1588,9.9876,0.1862,43.5381,43.5381,2.8792,1.6968,0.9753,0.9753,0.9952,0.1588,0.1588,9.9876,0.1862,0.0,0.0,0.0,0.0,0.0,0.0,164.6,44.07,164.6,44.0,164.6,44.0,19.06,52.48,CUDA,Bicubic Baseline (3x)
189,00000248_000.png,sub_NIH,3,ok,40.138,6.2992,2.5098,0.9526,0.9923,0.2439,9.9819,0.1747,40.138,40.138,6.2992,2.5098,0.9526,0.9526,0.9923,0.2439,0.2439,9.9819,0.1747,0.0,0.0,0.0,0.0,0.0,0.0,111.76,69.28,111.77,69.2,111.77,69.2,13.41,74.55,CUDA,Bicubic Baseline (3x)
190,00000248_001.png,sub_NIH,3,ok,33.1336,31.6025,5.6216,0.9698,0.9943,0.1979,9.9212,0.3079,33.1336,33.1336,31.6025,5.6216,0.9698,0.9698,0.9943,0.1979,0.1979,9.9212,0.3079,0.0,0.0,0.0,0.0,0.0,0.0,107.1,50.82,107.14,50.31,107.14,50.31,13.52,73.97,CUDA,Bicubic Baseline (3x)
191,00000248_003.png,sub_NIH,3,ok,33.8312,26.9126,5.1877,0.9696,0.9948,0.2089,9.9432,0.2657,33.8312,33.8312,26.9126,5.1877,0.9696,0.9696,0.9948,0.2089,0.2089,9.9432,0.2657,0.0,0.0,0.0,0.0,0.0,0.0,114.18,46.63,114.22,46.19,114.22,46.19,13.11,76.29,CUDA,Bicubic Baseline (3x)
192,00000248_009.png,sub_NIH,3,ok,34.8532,21.2694,4.6119,0.9713,0.9947,0.1765,9.9552,0.258,34.8532,34.8532,21.2694,4.6119,0.9713,0.9713,0.9947,0.1765,0.1765,9.9552,0.258,0.0,0.0,0.0,0.0,0.0,0.0,123.69,58.3,123.73,58.04,123.73,58.04,13.08,76.45,CUDA,Bicubic Baseline (3x)
193,00000248_020.png,sub_NIH,3,ok,33.3995,29.7259,5.4521,0.9758,0.9962,0.1458,9.9302,0.2854,33.3995,33.3995,29.7259,5.4521,0.9758,0.9758,0.9962,0.1458,0.1458,9.9302,0.2854,0.0,0.0,0.0,0.0,0.0,0.0,151.99,56.46,152.06,56.01,152.06,56.01,13.09,76.38,CUDA,Bicubic Baseline (3x)
194,00000248_021.png,sub_NIH,3,ok,35.7477,17.3105,4.1606,0.9689,0.9948,0.199,9.9736,0.1772,35.7477,35.7477,17.3105,4.1606,0.9689,0.9689,0.9948,0.199,0.199,9.9736,0.1772,0.0,0.0,0.0,0.0,0.0,0.0,120.49,51.1,120.54,50.87,120.54,50.87,13.5,74.05,CUDA,Bicubic Baseline (3x)
195,00000248_023.png,sub_NIH,3,ok,32.459,36.9135,6.0756,0.9711,0.9952,0.1893,9.9385,0.2305,32.459,32.459,36.9135,6.0756,0.9711,0.9711,0.9952,0.1893,0.1893,9.9385,0.2305,0.0,0.0,0.0,0.0,0.0,0.0,111.3,57.66,111.38,57.21,111.38,57.21,13.18,75.85,CUDA,Bicubic Baseline (3x)
196,00000248_025.png,sub_NIH,3,ok,40.5284,5.7576,2.3995,0.9531,0.9926,0.2616,9.9845,0.1489,40.5284,40.5284,5.7576,2.3995,0.9531,0.9531,0.9926,0.2616,0.2616,9.9845,0.1489,0.0,0.0,0.0,0.0,0.0,0.0,121.91,68.69,121.92,68.62,121.92,68.62,13.29,75.25,CUDA,Bicubic Baseline (3x)
197,00000250_001.png,sub_NIH,3,ok,39.8312,6.7603,2.6001,0.9723,0.9956,0.2118,9.9896,0.0849,39.8312,39.8312,6.7603,2.6001,0.9723,0.9723,0.9956,0.2118,0.2118,9.9896,0.0849,0.0,0.0,0.0,0.0,0.0,0.0,108.37,52.68,108.4,52.6,108.4,52.6,13.2,75.75,CUDA,Bicubic Baseline (3x)
198,00000250_002.png,sub_NIH,3,ok,39.5663,7.1854,2.6806,0.9446,0.9912,0.2758,9.9812,0.1566,39.5663,39.5663,7.1854,2.6806,0.9446,0.9446,0.9912,0.2758,0.2758,9.9812,0.1566,0.0,0.0,0.0,0.0,0.0,0.0,118.46,68.37,118.47,68.29,118.47,68.29,13.11,76.29,CUDA,Bicubic Baseline (3x)
199,00000250_007.png,sub_NIH,3,ok,37.0528,12.8174,3.5801,0.9806,0.997,0.1304,9.9834,0.1044,37.0528,37.0528,12.8174,3.5801,0.9806,0.9806,0.997,0.1304,0.1304,9.9834,0.1044,0.0,0.0,0.0,0.0,0.0,0.0,151.28,54.91,151.33,54.76,151.33,54.76,13.18,75.87,CUDA,Bicubic Baseline (3x)
200,00000250_008.png,sub_NIH,3,ok,39.4511,7.3786,2.7164,0.9786,0.9967,0.1647,9.9913,0.0416,39.4511,39.4511,7.3786,2.7164,0.9786,0.9786,0.9967,0.1647,0.1647,9.9913,0.0416,0.0,0.0,0.0,0.0,0.0,0.0,104.87,59.51,104.91,59.45,104.91,59.45,13.1,76.34,CUDA,Bicubic Baseline (3x)
201,00000250_011.png,sub_NIH,3,ok,40.0187,6.4746,2.5445,0.9474,0.9915,0.2583,9.9837,0.1541,40.0187,40.0187,6.4746,2.5445,0.9474,0.9474,0.9915,0.2583,0.2583,9.9837,0.1541,0.0,0.0,0.0,0.0,0.0,0.0,121.19,72.83,121.19,72.76,121.19,72.76,13.21,75.71,CUDA,Bicubic Baseline (3x)
202,00000250_014.png,sub_NIH,3,ok,39.4077,7.4527,2.73,0.9461,0.9914,0.2697,9.9794,0.1702,39.4077,39.4077,7.4527,2.73,0.9461,0.9461,0.9914,0.2697,0.2697,9.9794,0.1702,0.0,0.0,0.0,0.0,0.0,0.0,125.04,66.03,125.06,65.94,125.06,65.94,13.1,76.36,CUDA,Bicubic Baseline (3x)
203,00000250_016.png,sub_NIH,3,ok,35.9067,16.6883,4.0851,0.9719,0.9954,0.1647,9.9877,0.044,35.9067,35.9067,16.6883,4.0851,0.9719,0.9719,0.9954,0.1647,0.1647,9.9877,0.044,0.0,0.0,0.0,0.0,0.0,0.0,174.77,48.46,174.83,48.26,174.83,48.26,13.14,76.08,CUDA,Bicubic Baseline (3x)
204,00000255_000.png,sub_NIH,3,ok,37.2288,12.3084,3.5083,0.9747,0.9956,0.138,9.9862,0.0928,37.2288,37.2288,12.3084,3.5083,0.9747,0.9747,0.9956,0.138,0.138,9.9862,0.0928,0.0,0.0,0.0,0.0,0.0,0.0,153.85,61.97,153.89,61.85,153.89,61.85,13.34,74.98,CUDA,Bicubic Baseline (3x)
205,00000261_000.png,sub_NIH,3,ok,39.5505,7.2116,2.6854,0.9578,0.993,0.237,9.9752,0.2169,39.5505,39.5505,7.2116,2.6854,0.9578,0.9578,0.993,0.237,0.237,9.9752,0.2169,0.0,0.0,0.0,0.0,0.0,0.0,105.24,67.41,105.26,67.31,105.26,67.31,13.93,71.79,CUDA,Bicubic Baseline (3x)
206,00000265_002.png,sub_NIH,3,ok,33.3835,29.8353,5.4622,0.9683,0.995,0.1628,9.9819,0.0306,33.3835,33.3835,29.8353,5.4622,0.9683,0.9683,0.995,0.1628,0.1628,9.9819,0.0306,0.0,0.0,0.0,0.0,0.0,0.0,156.91,73.48,156.99,73.25,156.99,73.25,13.21,75.71,CUDA,Bicubic Baseline (3x)
207,00000268_002.png,sub_NIH,3,ok,33.2012,31.1141,5.578,0.9793,0.9963,0.1373,9.9583,0.192,33.2012,33.2012,31.1141,5.578,0.9793,0.9793,0.9963,0.1373,0.1373,9.9583,0.192,0.0,0.0,0.0,0.0,0.0,0.0,155.36,54.48,155.4,54.1,155.4,54.1,13.42,74.51,CUDA,Bicubic Baseline (3x)
208,00000270_001.png,sub_NIH,3,ok,35.1777,19.7384,4.4428,0.9685,0.9948,0.1402,9.9716,0.1569,35.1777,35.1777,19.7384,4.4428,0.9685,0.9685,0.9948,0.1402,0.1402,9.9716,0.1569,0.0,0.0,0.0,0.0,0.0,0.0,162.8,67.56,162.86,67.34,162.86,67.34,13.53,73.94,CUDA,Bicubic Baseline (3x)
209,00000271_004.png,sub_NIH,3,ok,39.236,7.7531,2.7844,0.9433,0.99,0.2346,9.9767,0.2098,39.236,39.236,7.7531,2.7844,0.9433,0.9433,0.99,0.2346,0.2346,9.9767,0.2098,0.0,0.0,0.0,0.0,0.0,0.0,87.43,67.99,87.44,67.89,87.44,67.89,13.82,72.37,CUDA,Bicubic Baseline (3x)
210,00000272_000.png,sub_NIH,3,ok,41.6137,4.4844,2.1176,0.9756,0.9953,0.1502,9.9791,0.276,41.6137,41.6137,4.4844,2.1176,0.9756,0.9756,0.9953,0.1502,0.1502,9.9791,0.276,0.0,0.0,0.0,0.0,0.0,0.0,148.09,56.89,148.1,56.81,148.1,56.81,13.12,76.2,CUDA,Bicubic Baseline (3x)
211,00000272_001.png,sub_NIH,3,ok,35.655,17.684,4.2052,0.9703,0.9952,0.1544,9.9822,0.0918,35.655,35.655,17.684,4.2052,0.9703,0.9703,0.9952,0.1544,0.1544,9.9822,0.0918,0.0,0.0,0.0,0.0,0.0,0.0,154.25,67.49,154.31,67.33,154.31,67.33,13.22,75.63,CUDA,Bicubic Baseline (3x)
212,00000272_002.png,sub_NIH,3,ok,35.245,19.4346,4.4085,0.97,0.9951,0.1519,9.9455,0.2834,35.245,35.245,19.4346,4.4085,0.97,0.97,0.9951,0.1519,0.1519,9.9455,0.2834,0.0,0.0,0.0,0.0,0.0,0.0,133.15,77.73,133.21,77.46,133.21,77.46,13.23,75.61,CUDA,Bicubic Baseline (3x)
213,00000272_006.png,sub_NIH,3,ok,33.689,27.8084,5.2734,0.9589,0.9928,0.1863,9.9023,0.3425,33.689,33.689,27.8084,5.2734,0.9589,0.9589,0.9928,0.1863,0.1863,9.9023,0.3425,0.0,0.0,0.0,0.0,0.0,0.0,127.12,70.56,127.18,70.06,127.18,70.06,14.07,71.1,CUDA,Bicubic Baseline (3x)
214,00000273_004.png,sub_NIH,3,ok,42.4926,3.6629,1.9139,0.974,0.995,0.1594,9.9863,0.1831,42.4926,42.4926,3.6629,1.9139,0.974,0.974,0.995,0.1594,0.1594,9.9863,0.1831,0.0,0.0,0.0,0.0,0.0,0.0,166.98,52.23,166.98,52.16,166.98,52.16,13.37,74.78,CUDA,Bicubic Baseline (3x)
215,00000274_000.png,sub_NIH,3,ok,35.3899,18.7972,4.3356,0.9715,0.9953,0.1467,9.9855,0.0541,35.3899,35.3899,18.7972,4.3356,0.9715,0.9715,0.9953,0.1467,0.1467,9.9855,0.0541,0.0,0.0,0.0,0.0,0.0,0.0,154.15,73.16,154.21,73.03,154.21,73.03,13.13,76.15,CUDA,Bicubic Baseline (3x)
216,00000275_000.png,sub_NIH,3,ok,33.3005,30.4107,5.5146,0.9566,0.9922,0.2098,9.9747,0.0639,33.3005,33.3005,30.4107,5.5146,0.9566,0.9566,0.9922,0.2098,0.2098,9.9747,0.0639,0.0,0.0,0.0,0.0,0.0,0.0,148.8,72.35,148.86,72.08,148.86,72.08,13.07,76.5,CUDA,Bicubic Baseline (3x)
217,00000275_001.png,sub_NIH,3,ok,31.9454,41.5469,6.4457,0.9515,0.991,0.2417,9.945,0.1754,31.9454,31.9454,41.5469,6.4457,0.9515,0.9515,0.991,0.2417,0.2417,9.945,0.1754,0.0,0.0,0.0,0.0,0.0,0.0,120.37,50.61,120.45,49.98,120.45,49.98,13.05,76.6,CUDA,Bicubic Baseline (3x)
218,00000275_004.png,sub_NIH,3,ok,39.5218,7.2594,2.6943,0.9467,0.9918,0.2733,9.9803,0.1652,39.5218,39.5218,7.2594,2.6943,0.9467,0.9467,0.9918,0.2733,0.2733,9.9803,0.1652,0.0,0.0,0.0,0.0,0.0,0.0,138.65,68.22,138.66,68.13,138.66,68.13,13.44,74.38,CUDA,Bicubic Baseline (3x)
219,00000278_001.png,sub_NIH,3,ok,43.8963,2.6512,1.6283,0.9736,0.9949,0.1921,9.9881,0.1894,43.8963,43.8963,2.6512,1.6283,0.9736,0.9736,0.9949,0.1921,0.1921,9.9881,0.1894,0.0,0.0,0.0,0.0,0.0,0.0,160.65,40.24,160.66,40.18,160.66,40.18,13.2,75.77,CUDA,Bicubic Baseline (3x)
220,00000278_004.png,sub_NIH,3,ok,36.553,14.3806,3.7922,0.9729,0.9956,0.1663,9.9884,0.0431,36.553,36.553,14.3806,3.7922,0.9729,0.9729,0.9956,0.1663,0.1663,9.9884,0.0431,0.0,0.0,0.0,0.0,0.0,0.0,172.7,47.05,172.76,46.85,172.76,46.85,15.7,63.69,CUDA,Bicubic Baseline (3x)
221,00000283_000.png,sub_NIH,3,ok,43.6912,2.7795,1.6672,0.965,0.9934,0.2089,9.9905,0.13,43.6912,43.6912,2.7795,1.6672,0.965,0.965,0.9934,0.2089,0.2089,9.9905,0.13,0.0,0.0,0.0,0.0,0.0,0.0,112.6,30.09,112.6,30.02,112.6,30.02,13.21,75.69,CUDA,Bicubic Baseline (3x)
222,00000284_002.png,sub_NIH,3,ok,34.0612,25.5248,5.0522,0.9651,0.9947,0.1564,9.9718,0.0518,34.0612,34.0612,25.5248,5.0522,0.9651,0.9651,0.9947,0.1564,0.1564,9.9718,0.0518,0.0,0.0,0.0,0.0,0.0,0.0,152.71,70.79,152.8,70.49,152.8,70.49,13.66,73.22,CUDA,Bicubic Baseline (3x)
223,00000285_004.png,sub_NIH,3,ok,39.4756,7.337,2.7087,0.9362,0.9901,0.3159,9.9863,0.1217,39.4756,39.4756,7.337,2.7087,0.9362,0.9362,0.9901,0.3159,0.3159,9.9863,0.1217,0.0,0.0,0.0,0.0,0.0,0.0,126.24,63.86,126.26,63.78,126.26,63.78,13.33,75.03,CUDA,Bicubic Baseline (3x)
224,00000288_001.png,sub_NIH,3,ok,34.1677,24.9063,4.9906,0.9673,0.9942,0.1557,9.962,0.0787,34.1677,34.1677,24.9063,4.9906,0.9673,0.9673,0.9942,0.1557,0.1557,9.962,0.0787,0.0,0.0,0.0,0.0,0.0,0.0,153.46,66.24,153.53,65.89,153.53,65.89,13.49,74.14,CUDA,Bicubic Baseline (3x)
225,00000288_004.png,sub_NIH,3,ok,39.7566,6.8773,2.6225,0.9455,0.9912,0.2632,9.9813,0.1683,39.7566,39.7566,6.8773,2.6225,0.9455,0.9455,0.9912,0.2632,0.2632,9.9813,0.1683,0.0,0.0,0.0,0.0,0.0,0.0,102.88,63.81,102.89,63.72,102.89,63.72,13.74,72.79,CUDA,Bicubic Baseline (3x)
226,00000289_000.png,sub_NIH,3,ok,39.1831,7.8481,2.8014,0.9471,0.9916,0.2859,9.9874,0.1088,39.1831,39.1831,7.8481,2.8014,0.9471,0.9471,0.9916,0.2859,0.2859,9.9874,0.1088,0.0,0.0,0.0,0.0,0.0,0.0,131.64,67.7,131.66,67.63,131.66,67.63,13.23,75.61,CUDA,Bicubic Baseline (3x)
227,00000289_002.png,sub_NIH,3,ok,43.4579,2.9329,1.7126,0.9706,0.9945,0.1816,9.9891,0.1556,43.4579,43.4579,2.9329,1.7126,0.9706,0.9706,0.9945,0.1816,0.1816,9.9891,0.1556,0.0,0.0,0.0,0.0,0.0,0.0,105.64,38.64,105.64,38.58,105.64,38.58,13.57,73.69,CUDA,Bicubic Baseline (3x)
228,00000296_002.png,sub_NIH,3,ok,42.486,3.6684,1.9153,0.9612,0.9922,0.2104,9.9885,0.1704,42.486,42.486,3.6684,1.9153,0.9612,0.9612,0.9922,0.2104,0.2104,9.9885,0.1704,0.0,0.0,0.0,0.0,0.0,0.0,104.63,37.97,104.63,37.9,104.63,37.9,13.38,74.75,CUDA,Bicubic Baseline (3x)
229,00000301_001.png,sub_NIH,3,ok,39.8812,6.6828,2.5851,0.9497,0.9916,0.2913,9.9817,0.1717,39.8812,39.8812,6.6828,2.5851,0.9497,0.9497,0.9916,0.2913,0.2913,9.9817,0.1717,0.0,0.0,0.0,0.0,0.0,0.0,136.79,52.7,136.8,52.59,136.8,52.59,13.44,74.42,CUDA,Bicubic Baseline (3x)
230,00000303_000.png,sub_NIH,3,ok,36.1836,15.6575,3.957,0.9685,0.9947,0.1645,9.9727,0.1961,36.1836,36.1836,15.6575,3.957,0.9685,0.9685,0.9947,0.1645,0.1645,9.9727,0.1961,0.0,0.0,0.0,0.0,0.0,0.0,150.13,68.91,150.18,68.75,150.18,68.75,13.13,76.16,CUDA,Bicubic Baseline (3x)
231,00000304_000.png,sub_NIH,3,ok,40.8653,5.3278,2.3082,0.9709,0.9942,0.1692,9.9821,0.2056,40.8653,40.8653,5.3278,2.3082,0.9709,0.9709,0.9942,0.1692,0.1692,9.9821,0.2056,0.0,0.0,0.0,0.0,0.0,0.0,159.54,44.79,159.54,44.67,159.54,44.67,13.24,75.53,CUDA,Bicubic Baseline (3x)
232,00000304_002.png,sub_NIH,3,ok,40.0853,6.376,2.5251,0.9453,0.9908,0.2587,9.9847,0.1501,40.0853,40.0853,6.376,2.5251,0.9453,0.9453,0.9908,0.2587,0.2587,9.9847,0.1501,0.0,0.0,0.0,0.0,0.0,0.0,95.11,62.64,95.11,62.57,95.11,62.57,13.5,74.08,CUDA,Bicubic Baseline (3x)
233,00000305_000.png,sub_NIH,3,ok,40.4267,5.8941,2.4278,0.9535,0.9925,0.2515,9.983,0.1679,40.4267,40.4267,5.8941,2.4278,0.9535,0.9535,0.9925,0.2515,0.2515,9.983,0.1679,0.0,0.0,0.0,0.0,0.0,0.0,121.42,68.94,121.43,68.86,121.43,68.86,13.51,74.0,CUDA,Bicubic Baseline (3x)
234,00000305_002.png,sub_NIH,3,ok,34.1862,24.8003,4.98,0.9729,0.9952,0.1913,9.9499,0.2715,34.1862,34.1862,24.8003,4.98,0.9729,0.9729,0.9952,0.1913,0.1913,9.9499,0.2715,0.0,0.0,0.0,0.0,0.0,0.0,121.55,48.6,121.61,48.19,121.61,48.19,13.2,75.76,CUDA,Bicubic Baseline (3x)
235,00000307_000.png,sub_NIH,3,ok,39.1821,7.85,2.8018,0.936,0.9896,0.3078,9.9813,0.1632,39.1821,39.1821,7.85,2.8018,0.936,0.936,0.9896,0.3078,0.3078,9.9813,0.1632,0.0,0.0,0.0,0.0,0.0,0.0,120.4,64.14,120.4,64.05,120.4,64.05,13.36,74.85,CUDA,Bicubic Baseline (3x)
236,00000310_005.png,sub_NIH,3,ok,35.7752,17.2012,4.1474,0.9774,0.9964,0.152,9.9771,0.1299,35.7752,35.7752,17.2012,4.1474,0.9774,0.9774,0.9964,0.152,0.152,9.9771,0.1299,0.0,0.0,0.0,0.0,0.0,0.0,151.56,52.15,151.62,51.91,151.62,51.91,13.24,75.52,CUDA,Bicubic Baseline (3x)
237,00000310_006.png,sub_NIH,3,ok,46.6941,1.3921,1.1799,0.9826,0.9967,0.1455,9.9922,0.1177,46.6941,46.6941,1.3921,1.1799,0.9826,0.9826,0.9967,0.1455,0.1455,9.9922,0.1177,0.0,0.0,0.0,0.0,0.0,0.0,154.23,40.53,154.23,40.51,154.23,40.51,13.2,75.78,CUDA,Bicubic Baseline (3x)
238,00000311_001.png,sub_NIH,3,ok,34.888,21.0998,4.5935,0.9657,0.9945,0.1733,9.9679,0.2148,34.888,34.888,21.0998,4.5935,0.9657,0.9657,0.9945,0.1733,0.1733,9.9679,0.2148,0.0,0.0,0.0,0.0,0.0,0.0,171.64,50.1,171.7,49.8,171.7,49.8,13.12,76.22,CUDA,Bicubic Baseline (3x)
239,00000315_004.png,sub_NIH,3,ok,40.1777,6.2418,2.4984,0.947,0.9912,0.2514,9.9837,0.1632,40.1777,40.1777,6.2418,2.4984,0.947,0.947,0.9912,0.2514,0.2514,9.9837,0.1632,0.0,0.0,0.0,0.0,0.0,0.0,108.1,73.67,108.11,73.61,108.11,73.61,13.66,73.22,CUDA,Bicubic Baseline (3x)
240,00000317_001.png,sub_NIH,3,ok,40.5444,5.7364,2.3951,0.9748,0.9951,0.1377,9.9675,0.3604,40.5444,40.5444,5.7364,2.3951,0.9748,0.9748,0.9951,0.1377,0.1377,9.9675,0.3604,0.0,0.0,0.0,0.0,0.0,0.0,159.11,54.86,159.11,54.74,159.11,54.74,13.23,75.59,CUDA,Bicubic Baseline (3x)
241,00000317_002.png,sub_NIH,3,ok,33.4642,29.2859,5.4116,0.963,0.9937,0.162,9.9195,0.255,33.4642,33.4642,29.2859,5.4116,0.963,0.963,0.9937,0.162,0.162,9.9195,0.255,0.0,0.0,0.0,0.0,0.0,0.0,141.43,76.34,141.49,75.88,141.49,75.88,13.31,75.15,CUDA,Bicubic Baseline (3x)
242,00000318_001.png,sub_NIH,3,ok,39.5231,7.2572,2.6939,0.9423,0.9905,0.2696,9.983,0.1529,39.5231,39.5231,7.2572,2.6939,0.9423,0.9423,0.9905,0.2696,0.2696,9.983,0.1529,0.0,0.0,0.0,0.0,0.0,0.0,104.96,70.15,104.96,70.07,104.96,70.07,13.69,73.07,CUDA,Bicubic Baseline (3x)
243,00000318_008.png,sub_NIH,3,ok,38.9669,8.2488,2.8721,0.9495,0.9917,0.2813,9.9819,0.1538,38.9669,38.9669,8.2488,2.8721,0.9495,0.9495,0.9917,0.2813,0.2813,9.9819,0.1538,0.0,0.0,0.0,0.0,0.0,0.0,116.0,58.06,116.02,57.95,116.02,57.95,13.23,75.61,CUDA,Bicubic Baseline (3x)
244,00000324_002.png,sub_NIH,3,ok,40.9523,5.2222,2.2852,0.9477,0.992,0.2852,9.9885,0.1076,40.9523,40.9523,5.2222,2.2852,0.9477,0.9477,0.992,0.2852,0.2852,9.9885,0.1076,0.0,0.0,0.0,0.0,0.0,0.0,134.21,69.04,134.23,68.98,134.23,68.98,13.11,76.29,CUDA,Bicubic Baseline (3x)
245,00000324_003.png,sub_NIH,3,ok,41.425,4.6836,2.1642,0.9498,0.9922,0.2696,9.9895,0.0977,41.425,41.425,4.6836,2.1642,0.9498,0.9498,0.9922,0.2696,0.2696,9.9895,0.0977,0.0,0.0,0.0,0.0,0.0,0.0,123.68,72.03,123.69,71.98,123.69,71.98,13.08,76.43,CUDA,Bicubic Baseline (3x)
246,00000324_004.png,sub_NIH,3,ok,40.7886,5.4227,2.3287,0.9484,0.992,0.2907,9.9864,0.127,40.7886,40.7886,5.4227,2.3287,0.9484,0.9484,0.992,0.2907,0.2907,9.9864,0.127,0.0,0.0,0.0,0.0,0.0,0.0,131.0,64.97,131.01,64.9,131.01,64.9,13.33,75.01,CUDA,Bicubic Baseline (3x)
247,00000324_005.png,sub_NIH,3,ok,37.4157,11.79,3.4337,0.9787,0.9969,0.1632,9.9898,0.0321,37.4157,37.4157,11.79,3.4337,0.9787,0.9787,0.9969,0.1632,0.1632,9.9898,0.0321,0.0,0.0,0.0,0.0,0.0,0.0,118.7,57.02,118.74,56.92,118.74,56.92,13.33,75.03,CUDA,Bicubic Baseline (3x)
248,00000324_008.png,sub_NIH,3,ok,34.6994,22.0364,4.6943,0.9736,0.9958,0.1906,9.9653,0.1994,34.6994,34.6994,22.0364,4.6943,0.9736,0.9736,0.9958,0.1906,0.1906,9.9653,0.1994,0.0,0.0,0.0,0.0,0.0,0.0,119.37,46.48,119.42,46.17,119.42,46.17,13.55,73.79,CUDA,Bicubic Baseline (3x)
249,00000324_012.png,sub_NIH,3,ok,40.1272,6.3148,2.5129,0.9445,0.9916,0.2959,9.9873,0.1024,40.1272,40.1272,6.3148,2.5129,0.9445,0.9445,0.9916,0.2959,0.2959,9.9873,0.1024,0.0,0.0,0.0,0.0,0.0,0.0,132.67,67.9,132.69,67.83,132.69,67.83,13.74,72.79,CUDA,Bicubic Baseline (3x)
250,00000327_001.png,sub_NIH,3,ok,40.1708,6.2518,2.5004,0.9484,0.9916,0.2508,9.9842,0.1478,40.1708,40.1708,6.2518,2.5004,0.9484,0.9484,0.9916,0.2508,0.2508,9.9842,0.1478,0.0,0.0,0.0,0.0,0.0,0.0,104.28,67.57,104.29,67.49,104.29,67.49,13.22,75.64,CUDA,Bicubic Baseline (3x)
251,00000331_002.png,sub_NIH,3,ok,39.8403,6.746,2.5973,0.9479,0.9917,0.2704,9.9835,0.1528,39.8403,39.8403,6.746,2.5973,0.9479,0.9479,0.9917,0.2704,0.2704,9.9835,0.1528,0.0,0.0,0.0,0.0,0.0,0.0,114.83,69.79,114.84,69.71,114.84,69.71,13.16,75.96,CUDA,Bicubic Baseline (3x)
252,00000334_001.png,sub_NIH,3,ok,40.7315,5.4945,2.344,0.971,0.9942,0.1722,9.973,0.3045,40.7315,40.7315,5.4945,2.344,0.971,0.971,0.9942,0.1722,0.1722,9.973,0.3045,0.0,0.0,0.0,0.0,0.0,0.0,159.35,50.4,159.35,50.28,159.35,50.28,13.07,76.53,CUDA,Bicubic Baseline (3x)
253,00000339_000.png,sub_NIH,3,ok,39.6377,7.0682,2.6586,0.9536,0.9923,0.2274,9.9787,0.1906,39.6377,39.6377,7.0682,2.6586,0.9536,0.9536,0.9923,0.2274,0.2274,9.9787,0.1906,0.0,0.0,0.0,0.0,0.0,0.0,108.55,69.56,108.56,69.48,108.56,69.48,13.09,76.38,CUDA,Bicubic Baseline (3x)
254,00000340_000.png,sub_NIH,3,ok,42.5303,3.6312,1.9056,0.9708,0.9944,0.1577,9.9858,0.2068,42.5303,42.5303,3.6312,1.9056,0.9708,0.9708,0.9944,0.1577,0.1577,9.9858,0.2068,0.0,0.0,0.0,0.0,0.0,0.0,159.28,62.76,159.28,62.7,159.28,62.7,13.49,74.1,CUDA,Bicubic Baseline (3x)
255,00000340_002.png,sub_NIH,3,ok,34.4249,23.4742,4.845,0.9681,0.9951,0.1432,9.97,0.1148,34.4249,34.4249,23.4742,4.845,0.9681,0.9681,0.9951,0.1432,0.1432,9.97,0.1148,0.0,0.0,0.0,0.0,0.0,0.0,149.22,72.39,149.29,72.16,149.29,72.16,13.17,75.93,CUDA,Bicubic Baseline (3x)
256,00000341_000.png,sub_NIH,3,ok,43.1098,3.1776,1.7826,0.9734,0.9948,0.1809,9.9866,0.1973,43.1098,43.1098,3.1776,1.7826,0.9734,0.9734,0.9948,0.1809,0.1809,9.9866,0.1973,0.0,0.0,0.0,0.0,0.0,0.0,162.54,40.73,162.55,40.65,162.55,40.65,13.35,74.92,CUDA,Bicubic Baseline (3x)
257,00000348_002.png,sub_NIH,3,ok,41.1918,4.942,2.2231,0.9815,0.9966,0.1291,9.9893,0.0923,41.1918,41.1918,4.942,2.2231,0.9815,0.9815,0.9966,0.1291,0.1291,9.9893,0.0923,0.0,0.0,0.0,0.0,0.0,0.0,165.57,32.68,165.55,32.61,165.55,32.61,13.09,76.39,CUDA,Bicubic Baseline (3x)
258,00000348_008.png,sub_NIH,3,ok,38.9738,8.2357,2.8698,0.9365,0.99,0.3093,9.9881,0.0987,38.9738,38.9738,8.2357,2.8698,0.9365,0.9365,0.99,0.3093,0.3093,9.9881,0.0987,0.0,0.0,0.0,0.0,0.0,0.0,127.39,67.53,127.4,67.46,127.4,67.46,13.95,71.7,CUDA,Bicubic Baseline (3x)
259,00000351_000.png,sub_NIH,3,ok,37.2056,12.3742,3.5177,0.9736,0.9958,0.1491,9.9811,0.1511,37.2056,37.2056,12.3742,3.5177,0.9736,0.9736,0.9958,0.1491,0.1491,9.9811,0.1511,0.0,0.0,0.0,0.0,0.0,0.0,153.95,54.36,153.99,54.19,153.99,54.19,13.22,75.65,CUDA,Bicubic Baseline (3x)
260,00000354_000.png,sub_NIH,3,ok,37.3976,11.839,3.4408,0.9822,0.9973,0.1296,9.9852,0.0898,37.3976,37.3976,11.839,3.4408,0.9822,0.9822,0.9973,0.1296,0.1296,9.9852,0.0898,0.0,0.0,0.0,0.0,0.0,0.0,139.75,57.52,139.8,57.39,139.8,57.39,13.08,76.47,CUDA,Bicubic Baseline (3x)
261,00000358_000.png,sub_NIH,3,ok,42.2009,3.9174,1.9792,0.9811,0.9963,0.1328,9.9804,0.2737,42.2009,42.2009,3.9174,1.9792,0.9811,0.9811,0.9963,0.1328,0.1328,9.9804,0.2737,0.0,0.0,0.0,0.0,0.0,0.0,160.33,58.31,160.34,58.25,160.34,58.25,16.07,62.23,CUDA,Bicubic Baseline (3x)
262,00000358_001.png,sub_NIH,3,ok,39.3064,7.6285,2.762,0.945,0.9911,0.2694,9.9779,0.1795,39.3064,39.3064,7.6285,2.762,0.945,0.945,0.9911,0.2694,0.2694,9.9779,0.1795,0.0,0.0,0.0,0.0,0.0,0.0,121.13,68.85,121.14,68.75,121.14,68.75,15.33,65.24,CUDA,Bicubic Baseline (3x)
263,00000360_001.png,sub_NIH,3,ok,41.6479,4.4492,2.1093,0.9674,0.9934,0.216,9.9826,0.2383,41.6479,41.6479,4.4492,2.1093,0.9674,0.9674,0.9934,0.216,0.216,9.9826,0.2383,0.0,0.0,0.0,0.0,0.0,0.0,157.33,64.84,157.34,64.78,157.34,64.78,13.09,76.37,CUDA,Bicubic Baseline (3x)
264,00000360_002.png,sub_NIH,3,ok,35.6164,17.8419,4.224,0.9644,0.9942,0.1857,9.973,0.158,35.6164,35.6164,17.8419,4.224,0.9644,0.9644,0.9942,0.1857,0.1857,9.973,0.158,0.0,0.0,0.0,0.0,0.0,0.0,165.13,60.32,165.19,60.07,165.19,60.07,13.12,76.22,CUDA,Bicubic Baseline (3x)
265,00000360_003.png,sub_NIH,3,ok,36.8675,13.3761,3.6573,0.98,0.997,0.1287,9.9828,0.1042,36.8675,36.8675,13.3761,3.6573,0.98,0.98,0.997,0.1287,0.1287,9.9828,0.1042,0.0,0.0,0.0,0.0,0.0,0.0,156.82,52.06,156.88,51.89,156.88,51.89,13.14,76.12,CUDA,Bicubic Baseline (3x)
266,00000360_007.png,sub_NIH,3,ok,35.1516,19.8571,4.4561,0.9697,0.995,0.1609,9.9765,0.0936,35.1516,35.1516,19.8571,4.4561,0.9697,0.9697,0.995,0.1609,0.1609,9.9765,0.0936,0.0,0.0,0.0,0.0,0.0,0.0,154.22,64.48,154.28,64.25,154.28,64.25,13.26,75.4,CUDA,Bicubic Baseline (3x)
267,00000362_001.png,sub_NIH,3,ok,39.089,8.0202,2.832,0.9439,0.9914,0.2893,9.9854,0.1256,39.089,39.089,8.0202,2.832,0.9439,0.9439,0.9914,0.2893,0.2893,9.9854,0.1256,0.0,0.0,0.0,0.0,0.0,0.0,124.16,63.7,124.18,63.61,124.18,63.61,13.22,75.67,CUDA,Bicubic Baseline (3x)
268,00000362_002.png,sub_NIH,3,ok,39.379,7.502,2.739,0.9508,0.9924,0.2673,9.9789,0.178,39.379,39.379,7.502,2.739,0.9508,0.9508,0.9924,0.2673,0.2673,9.9789,0.178,0.0,0.0,0.0,0.0,0.0,0.0,122.69,62.4,122.71,62.29,122.71,62.29,13.25,75.49,CUDA,Bicubic Baseline (3x)
269,00000368_003.png,sub_NIH,3,ok,34.3807,23.7142,4.8697,0.9557,0.9919,0.2359,9.9728,0.1337,34.3807,34.3807,23.7142,4.8697,0.9557,0.9557,0.9919,0.2359,0.2359,9.9728,0.1337,0.0,0.0,0.0,0.0,0.0,0.0,115.46,50.78,115.51,50.46,115.51,50.46,13.17,75.91,CUDA,Bicubic Baseline (3x)
270,00000369_000.png,sub_NIH,3,ok,39.84,6.7466,2.5974,0.9511,0.9922,0.2615,9.9862,0.1272,39.84,39.84,6.7466,2.5974,0.9511,0.9511,0.9922,0.2615,0.2615,9.9862,0.1272,0.0,0.0,0.0,0.0,0.0,0.0,123.63,67.52,123.64,67.45,123.64,67.45,13.37,74.8,CUDA,Bicubic Baseline (3x)
271,00000370_001.png,sub_NIH,3,ok,35.4144,18.6914,4.3234,0.9568,0.9925,0.2201,9.9561,0.2178,35.4144,35.4144,18.6914,4.3234,0.9568,0.9568,0.9925,0.2201,0.2201,9.9561,0.2178,0.0,0.0,0.0,0.0,0.0,0.0,127.97,65.52,128.02,65.21,128.02,65.21,13.11,76.27,CUDA,Bicubic Baseline (3x)
272,00000370_007.png,sub_NIH,3,ok,40.3248,6.034,2.4564,0.9568,0.9929,0.2399,9.9844,0.1544,40.3248,40.3248,6.034,2.4564,0.9568,0.9568,0.9929,0.2399,0.2399,9.9844,0.1544,0.0,0.0,0.0,0.0,0.0,0.0,120.01,62.8,120.03,62.71,120.03,62.71,13.43,74.44,CUDA,Bicubic Baseline (3x)
273,00000370_010.png,sub_NIH,3,ok,38.02,10.2585,3.2029,0.9379,0.99,0.2987,9.9779,0.1651,38.02,38.02,10.2585,3.2029,0.9379,0.9379,0.99,0.2987,0.2987,9.9779,0.1651,0.0,0.0,0.0,0.0,0.0,0.0,118.81,66.99,118.83,66.88,118.83,66.88,13.26,75.4,CUDA,Bicubic Baseline (3x)
274,00000371_000.png,sub_NIH,3,ok,42.128,3.9836,1.9959,0.9605,0.9924,0.2194,9.9874,0.1711,42.128,42.128,3.9836,1.9959,0.9605,0.9605,0.9924,0.2194,0.2194,9.9874,0.1711,0.0,0.0,0.0,0.0,0.0,0.0,111.51,31.65,111.51,31.55,111.51,31.55,13.07,76.48,CUDA,Bicubic Baseline (3x)
275,00000372_001.png,sub_NIH,3,ok,36.6966,13.913,3.73,0.9793,0.9965,0.1423,9.9755,0.1621,36.6966,36.6966,13.913,3.73,0.9793,0.9793,0.9965,0.1423,0.1423,9.9755,0.1621,0.0,0.0,0.0,0.0,0.0,0.0,150.78,55.18,150.82,54.98,150.82,54.98,13.16,76.01,CUDA,Bicubic Baseline (3x)
276,00000372_003.png,sub_NIH,3,ok,36.9221,13.2089,3.6344,0.972,0.9953,0.1724,9.9765,0.193,36.9221,36.9221,13.2089,3.6344,0.972,0.972,0.9953,0.1724,0.1724,9.9765,0.193,0.0,0.0,0.0,0.0,0.0,0.0,153.33,63.62,153.38,63.47,153.38,63.47,21.21,47.16,CUDA,Bicubic Baseline (3x)
277,00000372_006.png,sub_NIH,3,ok,37.0037,12.9631,3.6004,0.9727,0.9955,0.1434,9.987,0.0751,37.0037,37.0037,12.9631,3.6004,0.9727,0.9727,0.9955,0.1434,0.1434,9.987,0.0751,0.0,0.0,0.0,0.0,0.0,0.0,161.43,59.42,161.49,59.29,161.49,59.29,16.96,58.96,CUDA,Bicubic Baseline (3x)
278,00000372_009.png,sub_NIH,3,ok,38.3998,9.3995,3.0659,0.9824,0.9971,0.1233,9.9897,0.0526,38.3998,38.3998,9.3995,3.0659,0.9824,0.9824,0.9971,0.1233,0.1233,9.9897,0.0526,0.0,0.0,0.0,0.0,0.0,0.0,145.86,55.8,145.9,55.7,145.9,55.7,13.2,75.74,CUDA,Bicubic Baseline (3x)
279,00000372_012.png,sub_NIH,3,ok,35.5607,18.0723,4.2512,0.9684,0.9946,0.166,9.9621,0.2175,35.5607,35.5607,18.0723,4.2512,0.9684,0.9684,0.9946,0.166,0.166,9.9621,0.2175,0.0,0.0,0.0,0.0,0.0,0.0,147.66,71.28,147.72,71.04,147.72,71.04,13.66,73.23,CUDA,Bicubic Baseline (3x)
280,00000372_014.png,sub_NIH,3,ok,36.5548,14.3747,3.7914,0.9714,0.9953,0.1621,9.9731,0.2255,36.5548,36.5548,14.3747,3.7914,0.9714,0.9714,0.9953,0.1621,0.1621,9.9731,0.2255,0.0,0.0,0.0,0.0,0.0,0.0,153.1,60.6,153.16,60.4,153.16,60.4,13.17,75.95,CUDA,Bicubic Baseline (3x)
281,00000373_000.png,sub_NIH,3,ok,39.3815,7.4978,2.7382,0.9666,0.9939,0.1857,9.9616,0.3187,39.3815,39.3815,7.4978,2.7382,0.9666,0.9666,0.9939,0.1857,0.1857,9.9616,0.3187,0.0,0.0,0.0,0.0,0.0,0.0,162.28,63.17,162.28,63.04,162.28,63.04,13.36,74.84,CUDA,Bicubic Baseline (3x)
282,00000376_000.png,sub_NIH,3,ok,42.9951,3.2627,1.8063,0.9679,0.9939,0.1982,9.9862,0.2069,42.9951,42.9951,3.2627,1.8063,0.9679,0.9679,0.9939,0.1982,0.1982,9.9862,0.2069,0.0,0.0,0.0,0.0,0.0,0.0,171.2,43.33,171.2,43.26,171.2,43.26,13.13,76.19,CUDA,Bicubic Baseline (3x)
283,00000376_002.png,sub_NIH,3,ok,40.3345,6.0205,2.4537,0.9468,0.9915,0.2769,9.9858,0.1397,40.3345,40.3345,6.0205,2.4537,0.9468,0.9468,0.9915,0.2769,0.2769,9.9858,0.1397,0.0,0.0,0.0,0.0,0.0,0.0,136.66,68.12,136.67,68.05,136.67,68.05,16.27,61.47,CUDA,Bicubic Baseline (3x)
284,00000376_005.png,sub_NIH,3,ok,32.4564,36.9353,6.0774,0.9697,0.9936,0.1841,9.944,0.2312,32.4564,32.4564,36.9353,6.0774,0.9697,0.9697,0.9936,0.1841,0.1841,9.944,0.2312,0.0,0.0,0.0,0.0,0.0,0.0,119.56,50.6,119.6,50.11,119.6,50.11,13.06,76.56,CUDA,Bicubic Baseline (3x)
285,00000376_009.png,sub_NIH,3,ok,33.3936,29.766,5.4558,0.9762,0.9955,0.1375,9.9566,0.1993,33.3936,33.3936,29.766,5.4558,0.9762,0.9762,0.9955,0.1375,0.1375,9.9566,0.1993,0.0,0.0,0.0,0.0,0.0,0.0,158.54,51.07,158.59,50.68,158.59,50.68,13.38,74.75,CUDA,Bicubic Baseline (3x)
286,00000376_011.png,sub_NIH,3,ok,34.8246,21.4099,4.6271,0.971,0.9954,0.1473,9.9813,0.0838,34.8246,34.8246,21.4099,4.6271,0.971,0.971,0.9954,0.1473,0.1473,9.9813,0.0838,0.0,0.0,0.0,0.0,0.0,0.0,180.48,55.92,180.55,55.69,180.55,55.69,13.47,74.25,CUDA,Bicubic Baseline (3x)
287,00000377_003.png,sub_NIH,3,ok,40.4491,5.8636,2.4215,0.9511,0.9919,0.2285,9.9834,0.172,40.4491,40.4491,5.8636,2.4215,0.9511,0.9511,0.9919,0.2285,0.2285,9.9834,0.172,0.0,0.0,0.0,0.0,0.0,0.0,119.31,71.19,119.33,71.12,119.33,71.12,13.12,76.2,CUDA,Bicubic Baseline (3x)
288,00000379_000.png,sub_NIH,3,ok,38.2357,9.7614,3.1243,0.9416,0.9906,0.2782,9.9768,0.1689,38.2357,38.2357,9.7614,3.1243,0.9416,0.9416,0.9906,0.2782,0.2782,9.9768,0.1689,0.0,0.0,0.0,0.0,0.0,0.0,104.99,66.47,105.0,66.35,105.0,66.35,13.39,74.68,CUDA,Bicubic Baseline (3x)
289,00000381_000.png,sub_NIH,3,ok,37.6521,11.1654,3.3415,0.9733,0.9959,0.1924,9.9879,0.0646,37.6521,37.6521,11.1654,3.3415,0.9733,0.9733,0.9959,0.1924,0.1924,9.9879,0.0646,0.0,0.0,0.0,0.0,0.0,0.0,132.52,44.97,132.57,44.81,132.57,44.81,13.11,76.28,CUDA,Bicubic Baseline (3x)
290,00000381_003.png,sub_NIH,3,ok,32.1539,39.5991,6.2928,0.933,0.989,0.3113,9.947,0.1691,32.1539,32.1539,39.5991,6.2928,0.933,0.933,0.989,0.3113,0.3113,9.947,0.1691,0.0,0.0,0.0,0.0,0.0,0.0,142.44,59.04,142.51,58.52,142.51,58.52,13.64,73.31,CUDA,Bicubic Baseline (3x)
291,00000385_004.png,sub_NIH,3,ok,39.2068,7.8056,2.7938,0.9504,0.9922,0.2514,9.9802,0.1687,39.2068,39.2068,7.8056,2.7938,0.9504,0.9504,0.9922,0.2514,0.2514,9.9802,0.1687,0.0,0.0,0.0,0.0,0.0,0.0,115.93,75.06,115.96,74.97,115.96,74.97,13.22,75.66,CUDA,Bicubic Baseline (3x)
292,00000386_000.png,sub_NIH,3,ok,41.7861,4.31,2.076,0.9758,0.9953,0.1608,9.9785,0.2794,41.7861,41.7861,4.31,2.076,0.9758,0.9758,0.9953,0.1608,0.1608,9.9785,0.2794,0.0,0.0,0.0,0.0,0.0,0.0,160.94,51.39,160.94,51.3,160.94,51.3,13.61,73.49,CUDA,Bicubic Baseline (3x)
293,00000388_000.png,sub_NIH,3,ok,41.5318,4.5698,2.1377,0.9626,0.9938,0.2138,9.9841,0.1685,41.5318,41.5318,4.5698,2.1377,0.9626,0.9626,0.9938,0.2138,0.2138,9.9841,0.1685,0.0,0.0,0.0,0.0,0.0,0.0,104.25,65.3,104.26,65.23,104.26,65.23,13.14,76.08,CUDA,Bicubic Baseline (3x)
294,00000390_001.png,sub_NIH,3,ok,38.7275,8.7163,2.9523,0.9563,0.9931,0.245,9.9777,0.1797,38.7275,38.7275,8.7163,2.9523,0.9563,0.9563,0.9931,0.245,0.245,9.9777,0.1797,0.0,0.0,0.0,0.0,0.0,0.0,135.54,62.98,135.56,62.88,135.56,62.88,13.59,73.58,CUDA,Bicubic Baseline (3x)
295,00000391_001.png,sub_NIH,3,ok,42.0433,4.0621,2.0155,0.9693,0.994,0.1788,9.9819,0.2453,42.0433,42.0433,4.0621,2.0155,0.9693,0.9693,0.994,0.1788,0.1788,9.9819,0.2453,0.0,0.0,0.0,0.0,0.0,0.0,152.13,54.04,152.13,53.97,152.13,53.97,13.38,74.72,CUDA,Bicubic Baseline (3x)
296,00000391_003.png,sub_NIH,3,ok,38.997,8.1917,2.8621,0.9485,0.9916,0.2805,9.9753,0.2133,38.997,38.997,8.1917,2.8621,0.9485,0.9485,0.9916,0.2805,0.2805,9.9753,0.2133,0.0,0.0,0.0,0.0,0.0,0.0,120.34,62.36,120.35,62.24,120.35,62.24,13.27,75.38,CUDA,Bicubic Baseline (3x)
297,00000391_007.png,sub_NIH,3,ok,39.5072,7.2839,2.6989,0.9511,0.992,0.2714,9.9789,0.1904,39.5072,39.5072,7.2839,2.6989,0.9511,0.9511,0.992,0.2714,0.2714,9.9789,0.1904,0.0,0.0,0.0,0.0,0.0,0.0,118.41,60.75,118.42,60.64,118.42,60.64,13.08,76.43,CUDA,Bicubic Baseline (3x)
298,00000397_000.png,sub_NIH,3,ok,40.6345,5.6186,2.3704,0.9766,0.9953,0.1519,9.9742,0.2767,40.6345,40.6345,5.6186,2.3704,0.9766,0.9766,0.9953,0.1519,0.1519,9.9742,0.2767,0.0,0.0,0.0,0.0,0.0,0.0,159.98,51.35,159.98,51.24,159.98,51.24,13.4,74.63,CUDA,Bicubic Baseline (3x)
299,00000398_000.png,sub_NIH,3,ok,40.3092,6.0556,2.4608,0.9732,0.995,0.1591,9.9829,0.1646,40.3092,40.3092,6.0556,2.4608,0.9732,0.9732,0.995,0.1591,0.1591,9.9829,0.1646,0.0,0.0,0.0,0.0,0.0,0.0,160.03,58.11,160.04,58.01,160.04,58.01,13.18,75.85,CUDA,Bicubic Baseline (3x)
300,00000402_003.png,sub_NIH,3,ok,34.0635,25.5112,5.0509,0.97,0.9945,0.2019,9.9449,0.2619,34.0635,34.0635,25.5112,5.0509,0.97,0.97,0.9945,0.2019,0.2019,9.9449,0.2619,0.0,0.0,0.0,0.0,0.0,0.0,117.41,46.94,117.45,46.54,117.45,46.54,14.97,66.79,CUDA,Bicubic Baseline (3x)
301,00000402_010.png,sub_NIH,3,ok,36.0288,16.2257,4.0281,0.973,0.9952,0.1973,9.9768,0.1685,36.0288,36.0288,16.2257,4.0281,0.973,0.973,0.9952,0.1973,0.1973,9.9768,0.1685,0.0,0.0,0.0,0.0,0.0,0.0,112.92,43.53,112.97,43.3,112.97,43.3,13.22,75.66,CUDA,Bicubic Baseline (3x)
302,00000406_000.png,sub_NIH,3,ok,44.0386,2.5658,1.6018,0.9736,0.9949,0.1728,9.9885,0.1795,44.0386,44.0386,2.5658,1.6018,0.9736,0.9736,0.9949,0.1728,0.1728,9.9885,0.1795,0.0,0.0,0.0,0.0,0.0,0.0,171.38,40.24,171.39,40.19,171.39,40.19,14.16,70.63,CUDA,Bicubic Baseline (3x)
303,00000410_000.png,sub_NIH,3,ok,37.4972,11.5707,3.4016,0.9358,0.9891,0.2665,9.967,0.2214,37.4972,37.4972,11.5707,3.4016,0.9358,0.9358,0.9891,0.2665,0.2665,9.967,0.2214,0.0,0.0,0.0,0.0,0.0,0.0,104.82,61.51,104.83,61.35,104.83,61.35,13.46,74.31,CUDA,Bicubic Baseline (3x)
304,00000410_001.png,sub_NIH,3,ok,38.0874,10.1004,3.1781,0.9468,0.9909,0.2411,9.9699,0.219,38.0874,38.0874,10.1004,3.1781,0.9468,0.9468,0.9909,0.2411,0.2411,9.9699,0.219,0.0,0.0,0.0,0.0,0.0,0.0,98.46,66.06,98.47,65.93,98.47,65.93,13.82,72.36,CUDA,Bicubic Baseline (3x)
305,00000412_000.png,sub_NIH,3,ok,42.4829,3.671,1.916,0.9766,0.9952,0.134,9.9846,0.2377,42.4829,42.4829,3.671,1.916,0.9766,0.9766,0.9952,0.134,0.134,9.9846,0.2377,0.0,0.0,0.0,0.0,0.0,0.0,177.88,46.63,177.88,46.55,177.88,46.55,13.22,75.67,CUDA,Bicubic Baseline (3x)
306,00000412_003.png,sub_NIH,3,ok,34.7906,21.5783,4.6452,0.9691,0.9948,0.1632,9.9755,0.0893,34.7906,34.7906,21.5783,4.6452,0.9691,0.9691,0.9948,0.1632,0.1632,9.9755,0.0893,0.0,0.0,0.0,0.0,0.0,0.0,163.6,57.47,163.66,57.2,163.66,57.2,13.29,75.26,CUDA,Bicubic Baseline (3x)
307,00000414_000.png,sub_NIH,3,ok,36.0969,15.973,3.9966,0.9713,0.9953,0.1492,9.9881,0.0421,36.0969,36.0969,15.973,3.9966,0.9713,0.9713,0.9953,0.1492,0.1492,9.9881,0.0421,0.0,0.0,0.0,0.0,0.0,0.0,170.72,57.66,170.78,57.49,170.78,57.49,13.16,76.01,CUDA,Bicubic Baseline (3x)
308,00000415_001.png,sub_NIH,3,ok,34.0205,25.7652,5.0759,0.9478,0.9905,0.2043,9.9272,0.3102,34.0205,34.0205,25.7652,5.0759,0.9478,0.9478,0.9905,0.2043,0.2043,9.9272,0.3102,0.0,0.0,0.0,0.0,0.0,0.0,146.73,60.38,146.76,59.99,146.76,59.99,13.6,73.54,CUDA,Bicubic Baseline (3x)
309,00000416_001.png,sub_NIH,3,ok,35.7781,17.1899,4.1461,0.9693,0.9951,0.1637,9.9878,0.0418,35.7781,35.7781,17.1899,4.1461,0.9693,0.9693,0.9951,0.1637,0.1637,9.9878,0.0418,0.0,0.0,0.0,0.0,0.0,0.0,173.22,54.21,173.28,54.02,173.28,54.02,13.49,74.14,CUDA,Bicubic Baseline (3x)
310,00000416_003.png,sub_NIH,3,ok,39.6045,7.1224,2.6688,0.941,0.9905,0.279,9.9819,0.1639,39.6045,39.6045,7.1224,2.6688,0.941,0.941,0.9905,0.279,0.279,9.9819,0.1639,0.0,0.0,0.0,0.0,0.0,0.0,137.49,65.06,137.5,64.97,137.5,64.97,13.41,74.56,CUDA,Bicubic Baseline (3x)
311,00000416_006.png,sub_NIH,3,ok,35.7526,17.2908,4.1582,0.9663,0.9944,0.1576,9.9728,0.1811,35.7526,35.7526,17.2908,4.1582,0.9663,0.9663,0.9944,0.1576,0.1576,9.9728,0.1811,0.0,0.0,0.0,0.0,0.0,0.0,154.48,64.2,154.54,63.99,154.54,63.99,13.35,74.9,CUDA,Bicubic Baseline (3x)
312,00000416_007.png,sub_NIH,3,ok,35.5426,18.1477,4.26,0.9637,0.9943,0.173,9.9795,0.1211,35.5426,35.5426,18.1477,4.26,0.9637,0.9637,0.9943,0.173,0.173,9.9795,0.1211,0.0,0.0,0.0,0.0,0.0,0.0,167.51,62.92,167.57,62.7,167.57,62.7,13.46,74.29,CUDA,Bicubic Baseline (3x)
313,00000417_000.png,sub_NIH,3,ok,32.8057,34.0808,5.8379,0.9752,0.9956,0.1459,9.9328,0.2617,32.8057,32.8057,34.0808,5.8379,0.9752,0.9752,0.9956,0.1459,0.1459,9.9328,0.2617,0.0,0.0,0.0,0.0,0.0,0.0,147.9,56.5,147.95,56.03,147.95,56.03,15.66,63.85,CUDA,Bicubic Baseline (3x)
314,00000418_000.png,sub_NIH,3,ok,35.7343,17.364,4.167,0.9739,0.9947,0.1828,9.9575,0.2707,35.7343,35.7343,17.364,4.167,0.9739,0.9739,0.9947,0.1828,0.1828,9.9575,0.2707,0.0,0.0,0.0,0.0,0.0,0.0,121.54,54.92,121.53,54.67,121.53,54.67,13.4,74.6,CUDA,Bicubic Baseline (3x)
315,00000420_000.png,sub_NIH,3,ok,34.0636,25.5104,5.0508,0.9577,0.9926,0.2216,9.9643,0.1574,34.0636,34.0636,25.5104,5.0508,0.9577,0.9577,0.9926,0.2216,0.2216,9.9643,0.1574,0.0,0.0,0.0,0.0,0.0,0.0,129.97,59.32,130.02,59.01,130.02,59.01,13.25,75.49,CUDA,Bicubic Baseline (3x)
316,00000422_004.png,sub_NIH,3,ok,40.2222,6.1782,2.4856,0.9542,0.9925,0.2315,9.9818,0.1744,40.2222,40.2222,6.1782,2.4856,0.9542,0.9542,0.9925,0.2315,0.2315,9.9818,0.1744,0.0,0.0,0.0,0.0,0.0,0.0,109.2,70.49,109.22,70.41,109.22,70.41,15.97,62.6,CUDA,Bicubic Baseline (3x)
317,00000426_002.png,sub_NIH,3,ok,38.8135,8.5454,2.9233,0.9417,0.9907,0.2973,9.982,0.149,38.8135,38.8135,8.5454,2.9233,0.9417,0.9417,0.9907,0.2973,0.2973,9.982,0.149,0.0,0.0,0.0,0.0,0.0,0.0,136.17,62.32,136.18,62.22,136.18,62.22,13.2,75.75,CUDA,Bicubic Baseline (3x)
318,00000430_000.png,sub_NIH,3,ok,41.7205,4.3755,2.0918,0.9708,0.9944,0.1653,9.9853,0.1824,41.7205,41.7205,4.3755,2.0918,0.9708,0.9708,0.9944,0.1653,0.1653,9.9853,0.1824,0.0,0.0,0.0,0.0,0.0,0.0,158.58,49.3,158.59,49.21,158.59,49.21,13.12,76.2,CUDA,Bicubic Baseline (3x)
319,00000431_002.png,sub_NIH,3,ok,41.4163,4.693,2.1663,0.9538,0.9928,0.2572,9.9871,0.1288,41.4163,41.4163,4.693,2.1663,0.9538,0.9538,0.9928,0.2572,0.2572,9.9871,0.1288,0.0,0.0,0.0,0.0,0.0,0.0,125.26,73.63,125.28,73.58,125.28,73.58,13.25,75.49,CUDA,Bicubic Baseline (3x)
320,00000431_003.png,sub_NIH,3,ok,40.1933,6.2194,2.4939,0.9552,0.9931,0.2356,9.9863,0.1207,40.1933,40.1933,6.2194,2.4939,0.9552,0.9552,0.9931,0.2356,0.2356,9.9863,0.1207,0.0,0.0,0.0,0.0,0.0,0.0,120.66,76.28,120.68,76.22,120.68,76.22,13.13,76.18,CUDA,Bicubic Baseline (3x)
321,00000432_000.png,sub_NIH,3,ok,42.4168,3.7273,1.9306,0.9716,0.9945,0.1653,9.9842,0.2262,42.4168,42.4168,3.7273,1.9306,0.9716,0.9716,0.9945,0.1653,0.1653,9.9842,0.2262,0.0,0.0,0.0,0.0,0.0,0.0,159.21,46.75,159.21,46.68,159.21,46.68,13.59,73.56,CUDA,Bicubic Baseline (3x)
322,00000434_000.png,sub_NIH,3,ok,39.7399,6.9039,2.6275,0.9359,0.9901,0.3058,9.9869,0.1126,39.7399,39.7399,6.9039,2.6275,0.9359,0.9359,0.9901,0.3058,0.3058,9.9869,0.1126,0.0,0.0,0.0,0.0,0.0,0.0,120.74,66.36,120.75,66.29,120.75,66.29,15.76,63.47,CUDA,Bicubic Baseline (3x)
323,00000437_000.png,sub_NIH,3,ok,39.4767,7.3352,2.7084,0.9313,0.989,0.3222,9.9825,0.1448,39.4767,39.4767,7.3352,2.7084,0.9313,0.9313,0.989,0.3222,0.3222,9.9825,0.1448,0.0,0.0,0.0,0.0,0.0,0.0,129.09,61.96,129.1,61.87,129.1,61.87,13.31,75.12,CUDA,Bicubic Baseline (3x)
324,00000441_000.png,sub_NIH,3,ok,39.6639,7.0257,2.6506,0.9453,0.9912,0.2863,9.9822,0.1595,39.6639,39.6639,7.0257,2.6506,0.9453,0.9453,0.9912,0.2863,0.2863,9.9822,0.1595,0.0,0.0,0.0,0.0,0.0,0.0,135.9,62.63,135.91,62.54,135.91,62.54,13.38,74.74,CUDA,Bicubic Baseline (3x)
325,00000442_001.png,sub_NIH,3,ok,39.511,7.2774,2.6977,0.9496,0.992,0.2721,9.9867,0.1174,39.511,39.511,7.2774,2.6977,0.9496,0.9496,0.992,0.2721,0.2721,9.9867,0.1174,0.0,0.0,0.0,0.0,0.0,0.0,116.68,67.39,116.7,67.32,116.7,67.32,13.7,73.01,CUDA,Bicubic Baseline (3x)
326,00000443_005.png,sub_NIH,3,ok,34.1103,25.2377,5.0237,0.9701,0.9953,0.2075,9.9378,0.296,34.1103,34.1103,25.2377,5.0237,0.9701,0.9701,0.9953,0.2075,0.2075,9.9378,0.296,0.0,0.0,0.0,0.0,0.0,0.0,121.64,44.17,121.68,43.7,121.68,43.7,13.06,76.56,CUDA,Bicubic Baseline (3x)
327,00000446_001.png,sub_NIH,3,ok,38.9192,8.3399,2.8879,0.9434,0.9912,0.2792,9.9864,0.1099,38.9192,38.9192,8.3399,2.8879,0.9434,0.9434,0.9912,0.2792,0.2792,9.9864,0.1099,0.0,0.0,0.0,0.0,0.0,0.0,126.57,68.14,126.59,68.08,126.59,68.08,13.11,76.3,CUDA,Bicubic Baseline (3x)
328,00000447_001.png,sub_NIH,3,ok,38.9586,8.2646,2.8748,0.9439,0.9905,0.2726,9.9777,0.1958,38.9586,38.9586,8.2646,2.8748,0.9439,0.9439,0.9905,0.2726,0.2726,9.9777,0.1958,0.0,0.0,0.0,0.0,0.0,0.0,109.36,59.05,109.37,58.92,109.37,58.92,16.31,61.32,CUDA,Bicubic Baseline (3x)
329,00000447_003.png,sub_NIH,3,ok,39.2824,7.6708,2.7696,0.9524,0.9921,0.2243,9.9758,0.2052,39.2824,39.2824,7.6708,2.7696,0.9524,0.9524,0.9921,0.2243,0.2243,9.9758,0.2052,0.0,0.0,0.0,0.0,0.0,0.0,99.56,70.13,99.57,70.03,99.57,70.03,13.41,74.55,CUDA,Bicubic Baseline (3x)
330,00000450_002.png,sub_NIH,3,ok,32.2931,38.3502,6.1928,0.9552,0.9915,0.2012,9.9258,0.2596,32.2931,32.2931,38.3502,6.1928,0.9552,0.9552,0.9915,0.2012,0.2012,9.9258,0.2596,0.0,0.0,0.0,0.0,0.0,0.0,125.72,51.74,125.77,51.13,125.77,51.13,13.06,76.56,CUDA,Bicubic Baseline (3x)
331,00000450_003.png,sub_NIH,3,ok,32.6196,35.5732,5.9643,0.9486,0.9905,0.2217,9.9229,0.2537,32.6196,32.6196,35.5732,5.9643,0.9486,0.9486,0.9905,0.2217,0.2217,9.9229,0.2537,0.0,0.0,0.0,0.0,0.0,0.0,121.62,54.33,121.66,53.77,121.66,53.77,13.26,75.4,CUDA,Bicubic Baseline (3x)
332,00000450_004.png,sub_NIH,3,ok,32.532,36.2975,6.0247,0.9571,0.9922,0.1986,9.9352,0.2289,32.532,32.532,36.2975,6.0247,0.9571,0.9571,0.9922,0.1986,0.1986,9.9352,0.2289,0.0,0.0,0.0,0.0,0.0,0.0,127.76,51.04,127.82,50.45,127.82,50.45,13.21,75.71,CUDA,Bicubic Baseline (3x)
333,00000455_000.png,sub_NIH,3,ok,34.0686,25.4815,5.0479,0.9711,0.9951,0.141,9.9661,0.16,34.0686,34.0686,25.4815,5.0479,0.9711,0.9711,0.9951,0.141,0.141,9.9661,0.16,0.0,0.0,0.0,0.0,0.0,0.0,168.43,60.71,168.5,60.4,168.5,60.4,13.26,75.39,CUDA,Bicubic Baseline (3x)
334,00000457_000.png,sub_NIH,3,ok,41.0199,5.1415,2.2675,0.9549,0.9926,0.2346,9.9844,0.1702,41.0199,41.0199,5.1415,2.2675,0.9549,0.9549,0.9926,0.2346,0.2346,9.9844,0.1702,0.0,0.0,0.0,0.0,0.0,0.0,113.89,69.87,113.9,69.81,113.9,69.81,17.49,57.17,CUDA,Bicubic Baseline (3x)
335,00000457_003.png,sub_NIH,3,ok,40.3971,5.9344,2.4361,0.9476,0.9913,0.255,9.985,0.1504,40.3971,40.3971,5.9344,2.4361,0.9476,0.9476,0.9913,0.255,0.255,9.985,0.1504,0.0,0.0,0.0,0.0,0.0,0.0,112.49,71.94,112.5,71.87,112.5,71.87,13.18,75.89,CUDA,Bicubic Baseline (3x)
336,00000459_008.png,sub_NIH,3,ok,32.9302,33.1174,5.7548,0.9614,0.9932,0.1993,9.9544,0.1479,32.9302,32.9302,33.1174,5.7548,0.9614,0.9614,0.9932,0.1993,0.1993,9.9544,0.1479,0.0,0.0,0.0,0.0,0.0,0.0,131.61,55.92,131.66,55.47,131.66,55.47,13.29,75.23,CUDA,Bicubic Baseline (3x)
337,00000459_010.png,sub_NIH,3,ok,32.9105,33.2682,5.7679,0.9607,0.993,0.2365,9.9198,0.2689,32.9105,32.9105,33.2682,5.7679,0.9607,0.9607,0.993,0.2365,0.2365,9.9198,0.2689,0.0,0.0,0.0,0.0,0.0,0.0,110.13,51.11,110.19,50.53,110.19,50.53,13.7,72.98,CUDA,Bicubic Baseline (3x)
338,00000459_014.png,sub_NIH,3,ok,41.9873,4.1148,2.0285,0.9558,0.9931,0.2637,9.9892,0.1122,41.9873,41.9873,4.1148,2.0285,0.9558,0.9558,0.9931,0.2637,0.2637,9.9892,0.1122,0.0,0.0,0.0,0.0,0.0,0.0,108.03,69.92,108.05,69.87,108.05,69.87,13.46,74.3,CUDA,Bicubic Baseline (3x)
339,00000459_016.png,sub_NIH,3,ok,40.3181,6.0432,2.4583,0.9514,0.9925,0.2666,9.9823,0.1575,40.3181,40.3181,6.0432,2.4583,0.9514,0.9514,0.9925,0.2666,0.2666,9.9823,0.1575,0.0,0.0,0.0,0.0,0.0,0.0,110.03,75.55,110.04,75.49,110.04,75.49,13.19,75.83,CUDA,Bicubic Baseline (3x)
340,00000459_021.png,sub_NIH,3,ok,41.6796,4.4169,2.1016,0.9607,0.9938,0.2345,9.9869,0.1376,41.6796,41.6796,4.4169,2.1016,0.9607,0.9607,0.9938,0.2345,0.2345,9.9869,0.1376,0.0,0.0,0.0,0.0,0.0,0.0,115.14,71.75,115.15,71.7,115.15,71.7,13.54,73.84,CUDA,Bicubic Baseline (3x)
341,00000459_029.png,sub_NIH,3,ok,38.3274,9.5575,3.0915,0.955,0.9929,0.2649,9.971,0.2073,38.3274,38.3274,9.5575,3.0915,0.955,0.955,0.9929,0.2649,0.2649,9.971,0.2073,0.0,0.0,0.0,0.0,0.0,0.0,118.31,64.42,118.33,64.29,118.33,64.29,13.21,75.7,CUDA,Bicubic Baseline (3x)
342,00000459_032.png,sub_NIH,3,ok,31.9839,41.1803,6.4172,0.9573,0.9928,0.2371,9.9168,0.2429,31.9839,31.9839,41.1803,6.4172,0.9573,0.9573,0.9928,0.2371,0.2371,9.9168,0.2429,0.0,0.0,0.0,0.0,0.0,0.0,128.18,63.92,128.24,63.4,128.24,63.4,13.29,75.26,CUDA,Bicubic Baseline (3x)
343,00000459_035.png,sub_NIH,3,ok,33.158,31.4252,5.6058,0.9601,0.9928,0.2343,9.9409,0.2334,33.158,33.158,31.4252,5.6058,0.9601,0.9601,0.9928,0.2343,0.2343,9.9409,0.2334,0.0,0.0,0.0,0.0,0.0,0.0,113.62,54.34,113.68,53.89,113.68,53.89,13.21,75.72,CUDA,Bicubic Baseline (3x)
344,00000459_037.png,sub_NIH,3,ok,34.1742,24.8693,4.9869,0.9664,0.994,0.2018,9.9727,0.1017,34.1742,34.1742,24.8693,4.9869,0.9664,0.9664,0.994,0.2018,0.2018,9.9727,0.1017,0.0,0.0,0.0,0.0,0.0,0.0,101.11,57.63,101.17,57.32,101.17,57.32,13.33,75.01,CUDA,Bicubic Baseline (3x)
345,00000459_040.png,sub_NIH,3,ok,34.6867,22.101,4.7012,0.9664,0.9941,0.2008,9.9718,0.1439,34.6867,34.6867,22.101,4.7012,0.9664,0.9664,0.9941,0.2008,0.2008,9.9718,0.1439,0.0,0.0,0.0,0.0,0.0,0.0,107.31,58.49,107.37,58.22,107.37,58.22,13.11,76.27,CUDA,Bicubic Baseline (3x)
346,00000459_048.png,sub_NIH,3,ok,31.293,48.2812,6.9485,0.9503,0.991,0.2425,9.9022,0.2517,31.293,31.293,48.2812,6.9485,0.9503,0.9503,0.991,0.2425,0.2425,9.9022,0.2517,0.0,0.0,0.0,0.0,0.0,0.0,107.24,68.68,107.31,68.1,107.31,68.1,16.79,59.56,CUDA,Bicubic Baseline (3x)
347,00000459_053.png,sub_NIH,3,ok,39.1566,7.8963,2.81,0.9242,0.9878,0.3236,9.9824,0.1319,39.1566,39.1566,7.8963,2.81,0.9242,0.9242,0.9878,0.3236,0.3236,9.9824,0.1319,0.0,0.0,0.0,0.0,0.0,0.0,112.96,73.3,112.97,73.21,112.97,73.21,13.12,76.25,CUDA,Bicubic Baseline (3x)
348,00000459_056.png,sub_NIH,3,ok,32.615,35.6104,5.9674,0.9583,0.9926,0.2338,9.9471,0.1912,32.615,32.615,35.6104,5.9674,0.9583,0.9583,0.9926,0.2338,0.2338,9.9471,0.1912,0.0,0.0,0.0,0.0,0.0,0.0,120.34,61.07,120.4,60.65,120.4,60.65,13.4,74.61,CUDA,Bicubic Baseline (3x)
349,00000466_004.png,sub_NIH,3,ok,34.7036,22.015,4.692,0.9272,0.9885,0.31,9.9494,0.231,34.7036,34.7036,22.015,4.692,0.9272,0.9272,0.9885,0.31,0.31,9.9494,0.231,0.0,0.0,0.0,0.0,0.0,0.0,119.72,68.69,119.77,68.37,119.77,68.37,13.63,73.34,CUDA,Bicubic Baseline (3x)
350,00000467_005.png,sub_NIH,3,ok,34.6004,22.5443,4.7481,0.9629,0.9933,0.234,9.969,0.1626,34.6004,34.6004,22.5443,4.7481,0.9629,0.9629,0.9933,0.234,0.234,9.969,0.1626,0.0,0.0,0.0,0.0,0.0,0.0,119.05,53.59,119.1,53.27,119.1,53.27,13.33,75.03,CUDA,Bicubic Baseline (3x)
351,00000467_006.png,sub_NIH,3,ok,34.4703,23.2299,4.8197,0.963,0.9934,0.2265,9.9717,0.1509,34.4703,34.4703,23.2299,4.8197,0.963,0.963,0.9934,0.2265,0.2265,9.9717,0.1509,0.0,0.0,0.0,0.0,0.0,0.0,126.38,52.16,126.43,51.83,126.43,51.83,13.13,76.14,CUDA,Bicubic Baseline (3x)
352,00000467_007.png,sub_NIH,3,ok,31.77,43.2593,6.5772,0.957,0.9922,0.2157,9.9353,0.2027,31.77,31.77,43.2593,6.5772,0.957,0.957,0.9922,0.2157,0.2157,9.9353,0.2027,0.0,0.0,0.0,0.0,0.0,0.0,131.07,62.25,131.15,61.71,131.15,61.71,13.16,76.0,CUDA,Bicubic Baseline (3x)
353,00000467_012.png,sub_NIH,3,ok,32.142,39.7086,6.3015,0.9554,0.992,0.2283,9.9235,0.2408,32.142,32.142,39.7086,6.3015,0.9554,0.9554,0.992,0.2283,0.2283,9.9235,0.2408,0.0,0.0,0.0,0.0,0.0,0.0,150.16,56.36,150.23,55.76,150.23,55.76,13.31,75.12,CUDA,Bicubic Baseline (3x)
354,00000468_003.png,sub_NIH,3,ok,32.3845,37.5514,6.1279,0.9507,0.991,0.2471,9.9071,0.2844,32.3845,32.3845,37.5514,6.1279,0.9507,0.9507,0.991,0.2471,0.2471,9.9071,0.2844,0.0,0.0,0.0,0.0,0.0,0.0,101.63,61.29,101.7,60.74,101.7,60.74,13.65,73.26,CUDA,Bicubic Baseline (3x)
355,00000468_027.png,sub_NIH,3,ok,33.8673,26.6901,5.1662,0.9577,0.9923,0.2081,9.9629,0.1709,33.8673,33.8673,26.6901,5.1662,0.9577,0.9577,0.9923,0.2081,0.2081,9.9629,0.1709,0.0,0.0,0.0,0.0,0.0,0.0,110.08,55.0,110.14,54.64,110.14,54.64,13.4,74.63,CUDA,Bicubic Baseline (3x)
356,00000468_033.png,sub_NIH,3,ok,39.6365,7.0702,2.659,0.933,0.989,0.2816,9.9833,0.1508,39.6365,39.6365,7.0702,2.659,0.933,0.933,0.989,0.2816,0.2816,9.9833,0.1508,0.0,0.0,0.0,0.0,0.0,0.0,99.84,69.14,99.86,69.06,99.86,69.06,13.32,75.08,CUDA,Bicubic Baseline (3x)
357,00000468_040.png,sub_NIH,3,ok,41.0834,5.0669,2.251,0.9551,0.9927,0.2264,9.9866,0.1331,41.0834,41.0834,5.0669,2.251,0.9551,0.9551,0.9927,0.2264,0.2264,9.9866,0.1331,0.0,0.0,0.0,0.0,0.0,0.0,88.74,71.83,88.76,71.77,88.76,71.77,13.45,74.36,CUDA,Bicubic Baseline (3x)
358,00000468_043.png,sub_NIH,3,ok,37.343,11.989,3.4625,0.9777,0.9964,0.1622,9.9771,0.1671,37.343,37.343,11.989,3.4625,0.9777,0.9777,0.9964,0.1622,0.1622,9.9771,0.1671,0.0,0.0,0.0,0.0,0.0,0.0,134.61,51.17,134.65,51.01,134.65,51.01,13.48,74.18,CUDA,Bicubic Baseline (3x)
359,00000468_046.png,sub_NIH,3,ok,38.0524,10.1822,3.191,0.9716,0.9953,0.1736,9.9748,0.2266,38.0524,38.0524,10.1822,3.191,0.9716,0.9716,0.9953,0.1736,0.1736,9.9748,0.2266,0.0,0.0,0.0,0.0,0.0,0.0,137.01,50.58,137.04,50.41,137.04,50.41,13.12,76.21,CUDA,Bicubic Baseline (3x)
360,00000468_053.png,sub_NIH,3,ok,37.6853,11.0802,3.3287,0.983,0.9975,0.1118,9.9907,0.0275,37.6853,37.6853,11.0802,3.3287,0.983,0.983,0.9975,0.1118,0.1118,9.9907,0.0275,0.0,0.0,0.0,0.0,0.0,0.0,147.62,57.47,147.67,57.35,147.67,57.35,13.35,74.92,CUDA,Bicubic Baseline (3x)
361,00000468_054.png,sub_NIH,3,ok,31.6498,44.4737,6.6689,0.9712,0.9951,0.1677,9.9504,0.1484,31.6498,31.6498,44.4737,6.6689,0.9712,0.9712,0.9951,0.1677,0.1677,9.9504,0.1484,0.0,0.0,0.0,0.0,0.0,0.0,114.95,65.45,115.03,65.02,115.03,65.02,13.17,75.95,CUDA,Bicubic Baseline (3x)
362,00000468_055.png,sub_NIH,3,ok,38.1118,10.044,3.1692,0.9757,0.996,0.1797,9.9772,0.1798,38.1118,38.1118,10.044,3.1692,0.9757,0.9757,0.996,0.1797,0.1797,9.9772,0.1798,0.0,0.0,0.0,0.0,0.0,0.0,109.83,53.54,109.87,53.4,109.87,53.4,13.33,75.0,CUDA,Bicubic Baseline (3x)
363,00000468_058.png,sub_NIH,3,ok,32.5828,35.8754,5.9896,0.9748,0.9953,0.156,9.9379,0.2297,32.5828,32.5828,35.8754,5.9896,0.9748,0.9748,0.9953,0.156,0.156,9.9379,0.2297,0.0,0.0,0.0,0.0,0.0,0.0,156.04,49.51,156.11,48.92,156.11,48.92,13.39,74.67,CUDA,Bicubic Baseline (3x)
364,00000475_000.png,sub_NIH,3,ok,35.6428,17.7339,4.2112,0.9715,0.9952,0.1427,9.9722,0.1536,35.6428,35.6428,17.7339,4.2112,0.9715,0.9715,0.9952,0.1427,0.1427,9.9722,0.1536,0.0,0.0,0.0,0.0,0.0,0.0,168.85,64.5,168.91,64.28,168.91,64.28,13.07,76.51,CUDA,Bicubic Baseline (3x)
365,00000476_000.png,sub_NIH,3,ok,39.4494,7.3815,2.7169,0.9487,0.9916,0.2551,9.9792,0.1825,39.4494,39.4494,7.3815,2.7169,0.9487,0.9487,0.9916,0.2551,0.2551,9.9792,0.1825,0.0,0.0,0.0,0.0,0.0,0.0,105.58,68.1,105.59,68.01,105.59,68.01,13.07,76.49,CUDA,Bicubic Baseline (3x)
366,00000477_000.png,sub_NIH,3,ok,36.129,15.8554,3.9819,0.9704,0.9954,0.162,9.9654,0.2753,36.129,36.129,15.8554,3.9819,0.9704,0.9704,0.9954,0.162,0.162,9.9654,0.2753,0.0,0.0,0.0,0.0,0.0,0.0,162.23,59.49,162.28,59.26,162.28,59.26,17.89,55.89,CUDA,Bicubic Baseline (3x)
367,00000478_002.png,sub_NIH,3,ok,38.3203,9.5731,3.094,0.9422,0.9905,0.2833,9.9794,0.1653,38.3203,38.3203,9.5731,3.094,0.9422,0.9422,0.9905,0.2833,0.2833,9.9794,0.1653,0.0,0.0,0.0,0.0,0.0,0.0,111.95,69.31,111.97,69.21,111.97,69.21,13.25,75.47,CUDA,Bicubic Baseline (3x)
368,00000479_000.png,sub_NIH,3,ok,38.0017,10.3017,3.2096,0.9541,0.9925,0.2375,9.9746,0.1914,38.0017,38.0017,10.3017,3.2096,0.9541,0.9541,0.9925,0.2375,0.2375,9.9746,0.1914,0.0,0.0,0.0,0.0,0.0,0.0,130.05,68.1,130.07,67.98,130.07,67.98,13.62,73.4,CUDA,Bicubic Baseline (3x)
369,00000483_000.png,sub_NIH,3,ok,37.7916,10.8123,3.2882,0.9583,0.9928,0.2353,9.974,0.192,37.7916,37.7916,10.8123,3.2882,0.9583,0.9583,0.9928,0.2353,0.2353,9.974,0.192,0.0,0.0,0.0,0.0,0.0,0.0,138.73,46.76,138.76,46.52,138.76,46.52,13.67,73.15,CUDA,Bicubic Baseline (3x)
370,00000488_000.png,sub_NIH,3,ok,37.6708,11.1173,3.3343,0.9767,0.9963,0.1669,9.9771,0.176,37.6708,37.6708,11.1173,3.3343,0.9767,0.9767,0.9963,0.1669,0.1669,9.9771,0.176,0.0,0.0,0.0,0.0,0.0,0.0,133.14,49.76,133.18,49.59,133.18,49.59,13.4,74.61,CUDA,Bicubic Baseline (3x)
371,00000489_000.png,sub_NIH,3,ok,31.9658,41.3528,6.4306,0.9623,0.9945,0.198,9.9585,0.0957,31.9658,31.9658,41.3528,6.4306,0.9623,0.9623,0.9945,0.198,0.198,9.9585,0.0957,0.0,0.0,0.0,0.0,0.0,0.0,162.49,56.75,162.6,56.19,162.6,56.19,13.05,76.64,CUDA,Bicubic Baseline (3x)
372,00000490_000.png,sub_NIH,3,ok,39.6517,7.0455,2.6543,0.9334,0.989,0.3013,9.9858,0.1357,39.6517,39.6517,7.0455,2.6543,0.9334,0.9334,0.989,0.3013,0.3013,9.9858,0.1357,0.0,0.0,0.0,0.0,0.0,0.0,114.88,62.84,114.89,62.76,114.89,62.76,13.21,75.7,CUDA,Bicubic Baseline (3x)
373,00000490_005.png,sub_NIH,3,ok,32.2348,38.8685,6.2345,0.974,0.9953,0.1669,9.9555,0.2027,32.2348,32.2348,38.8685,6.2345,0.974,0.974,0.9953,0.1669,0.1669,9.9555,0.2027,0.0,0.0,0.0,0.0,0.0,0.0,164.12,37.97,164.18,37.32,164.18,37.32,13.15,76.07,CUDA,Bicubic Baseline (3x)
374,00000491_001.png,sub_NIH,3,ok,34.7911,21.5761,4.645,0.9549,0.9917,0.2326,9.9597,0.236,34.7911,34.7911,21.5761,4.645,0.9549,0.9549,0.9917,0.2326,0.2326,9.9597,0.236,0.0,0.0,0.0,0.0,0.0,0.0,103.23,53.3,103.27,52.98,103.27,52.98,13.1,76.33,CUDA,Bicubic Baseline (3x)
375,00000491_003.png,sub_NIH,3,ok,41.0226,5.1383,2.2668,0.9608,0.9926,0.2154,9.9847,0.1786,41.0226,41.0226,5.1383,2.2668,0.9608,0.9608,0.9926,0.2154,0.2154,9.9847,0.1786,0.0,0.0,0.0,0.0,0.0,0.0,89.25,49.94,89.26,49.86,89.26,49.86,13.14,76.12,CUDA,Bicubic Baseline (3x)
376,00000491_004.png,sub_NIH,3,ok,31.1884,49.4579,7.0326,0.9536,0.9906,0.2313,9.9001,0.25,31.1884,31.1884,49.4579,7.0326,0.9536,0.9536,0.9906,0.2313,0.2313,9.9001,0.25,0.0,0.0,0.0,0.0,0.0,0.0,86.54,64.42,86.61,63.77,86.61,63.77,15.06,66.39,CUDA,Bicubic Baseline (3x)
377,00000491_021.png,sub_NIH,3,ok,35.2374,19.4687,4.4123,0.9731,0.996,0.1718,9.9871,0.0381,35.2374,35.2374,19.4687,4.4123,0.9731,0.9731,0.996,0.1718,0.1718,9.9871,0.0381,0.0,0.0,0.0,0.0,0.0,0.0,162.16,46.14,162.22,45.9,162.22,45.9,13.45,74.33,CUDA,Bicubic Baseline (3x)
378,00000491_024.png,sub_NIH,3,ok,34.3613,23.8205,4.8806,0.9756,0.9955,0.157,9.9347,0.3108,34.3613,34.3613,23.8205,4.8806,0.9756,0.9756,0.9955,0.157,0.157,9.9347,0.3108,0.0,0.0,0.0,0.0,0.0,0.0,95.39,64.63,95.44,64.32,95.44,64.32,13.25,75.45,CUDA,Bicubic Baseline (3x)
379,00000492_000.png,sub_NIH,3,ok,38.8112,8.55,2.924,0.9457,0.9908,0.2477,9.9734,0.2159,38.8112,38.8112,8.55,2.924,0.9457,0.9457,0.9908,0.2477,0.2477,9.9734,0.2159,0.0,0.0,0.0,0.0,0.0,0.0,99.84,61.72,99.85,61.59,99.85,61.59,13.18,75.86,CUDA,Bicubic Baseline (3x)
380,00000492_001.png,sub_NIH,3,ok,37.7287,10.97,3.3121,0.9778,0.9963,0.1262,9.9889,0.0622,37.7287,37.7287,10.97,3.3121,0.9778,0.9778,0.9963,0.1262,0.1262,9.9889,0.0622,0.0,0.0,0.0,0.0,0.0,0.0,150.32,54.32,150.36,54.19,150.36,54.19,13.12,76.25,CUDA,Bicubic Baseline (3x)
381,00000493_000.png,sub_NIH,3,ok,36.8711,13.365,3.6558,0.9819,0.9974,0.1237,9.99,0.0263,36.8711,36.8711,13.365,3.6558,0.9819,0.9819,0.9974,0.1237,0.1237,9.99,0.0263,0.0,0.0,0.0,0.0,0.0,0.0,161.0,45.12,161.05,44.94,161.05,44.94,13.76,72.66,CUDA,Bicubic Baseline (3x)
382,00000494_003.png,sub_NIH,3,ok,34.4203,23.4988,4.8476,0.9677,0.9944,0.1569,9.9284,0.3231,34.4203,34.4203,23.4988,4.8476,0.9677,0.9677,0.9944,0.1569,0.1569,9.9284,0.3231,0.0,0.0,0.0,0.0,0.0,0.0,154.61,69.65,154.66,69.29,154.66,69.29,13.3,75.18,CUDA,Bicubic Baseline (3x)
383,00000494_004.png,sub_NIH,3,ok,38.2702,9.6842,3.1119,0.9461,0.9912,0.2726,9.9734,0.2035,38.2702,38.2702,9.6842,3.1119,0.9461,0.9461,0.9912,0.2726,0.2726,9.9734,0.2035,0.0,0.0,0.0,0.0,0.0,0.0,129.3,70.01,129.31,69.88,129.31,69.88,13.66,73.19,CUDA,Bicubic Baseline (3x)
384,00000494_006.png,sub_NIH,3,ok,38.3862,9.4288,3.0706,0.9465,0.9911,0.2558,9.9756,0.1934,38.3862,38.3862,9.4288,3.0706,0.9465,0.9465,0.9911,0.2558,0.2558,9.9756,0.1934,0.0,0.0,0.0,0.0,0.0,0.0,105.33,73.52,105.34,73.41,105.34,73.41,13.16,75.97,CUDA,Bicubic Baseline (3x)
385,00000494_007.png,sub_NIH,3,ok,37.3517,11.9648,3.459,0.9369,0.9895,0.2876,9.9686,0.2078,37.3517,37.3517,11.9648,3.459,0.9369,0.9369,0.9895,0.2876,0.2876,9.9686,0.2078,0.0,0.0,0.0,0.0,0.0,0.0,113.8,64.62,113.8,64.47,113.8,64.47,13.38,74.76,CUDA,Bicubic Baseline (3x)
386,00000495_000.png,sub_NIH,3,ok,34.5139,22.9978,4.7956,0.9673,0.9948,0.1654,9.9671,0.123,34.5139,34.5139,22.9978,4.7956,0.9673,0.9673,0.9948,0.1654,0.1654,9.9671,0.123,0.0,0.0,0.0,0.0,0.0,0.0,164.26,52.34,164.33,51.96,164.33,51.96,14.87,67.25,CUDA,Bicubic Baseline (3x)
387,00000498_001.png,sub_NIH,3,ok,42.0407,4.0645,2.0161,0.9531,0.991,0.2324,9.9888,0.1444,42.0407,42.0407,4.0645,2.0161,0.9531,0.9531,0.991,0.2324,0.2324,9.9888,0.1444,0.0,0.0,0.0,0.0,0.0,0.0,111.18,31.55,111.18,31.44,111.18,31.44,14.01,71.4,CUDA,Bicubic Baseline (3x)
388,00000499_001.png,sub_NIH,3,ok,37.8438,10.6831,3.2685,0.9809,0.9971,0.1298,9.9889,0.0522,37.8438,37.8438,10.6831,3.2685,0.9809,0.9809,0.9971,0.1298,0.1298,9.9889,0.0522,0.0,0.0,0.0,0.0,0.0,0.0,146.79,56.08,146.84,55.96,146.84,55.96,13.07,76.5,CUDA,Bicubic Baseline (3x)
389,00000499_010.png,sub_NIH,3,ok,41.4816,4.623,2.1501,0.9636,0.9942,0.2124,9.9852,0.1582,41.4816,41.4816,4.623,2.1501,0.9636,0.9636,0.9942,0.2124,0.2124,9.9852,0.1582,0.0,0.0,0.0,0.0,0.0,0.0,96.92,64.88,96.93,64.82,96.93,64.82,15.03,66.55,CUDA,Bicubic Baseline (3x)
390,00000499_012.png,sub_NIH,3,ok,32.7117,34.8269,5.9014,0.9726,0.9953,0.1454,9.9348,0.2407,32.7117,32.7117,34.8269,5.9014,0.9726,0.9726,0.9953,0.1454,0.1454,9.9348,0.2407,0.0,0.0,0.0,0.0,0.0,0.0,141.91,61.23,141.98,60.77,141.98,60.77,13.09,76.42,CUDA,Bicubic Baseline (3x)
391,00000500_006.png,sub_NIH,3,ok,39.7457,6.8946,2.6258,0.9483,0.9918,0.2684,9.9829,0.1574,39.7457,39.7457,6.8946,2.6258,0.9483,0.9483,0.9918,0.2684,0.2684,9.9829,0.1574,0.0,0.0,0.0,0.0,0.0,0.0,132.11,66.45,132.12,66.36,132.12,66.36,14.62,68.39,CUDA,Bicubic Baseline (3x)
392,00000500_007.png,sub_NIH,3,ok,37.9027,10.5393,3.2464,0.9424,0.9909,0.2855,9.9785,0.156,37.9027,37.9027,10.5393,3.2464,0.9424,0.9424,0.9909,0.2855,0.2855,9.9785,0.156,0.0,0.0,0.0,0.0,0.0,0.0,136.88,68.78,136.9,68.67,136.9,68.67,13.06,76.6,CUDA,Bicubic Baseline (3x)
393,00000502_000.png,sub_NIH,3,ok,40.4436,5.8711,2.423,0.9764,0.9955,0.1608,9.9867,0.1487,40.4436,40.4436,5.8711,2.423,0.9764,0.9764,0.9955,0.1608,0.1608,9.9867,0.1487,0.0,0.0,0.0,0.0,0.0,0.0,162.39,49.16,162.39,49.08,162.39,49.08,13.15,76.02,CUDA,Bicubic Baseline (3x)
394,00000502_013.png,sub_NIH,3,ok,36.3869,14.9415,3.8654,0.9718,0.9955,0.1934,9.9797,0.0986,36.3869,36.3869,14.9415,3.8654,0.9718,0.9718,0.9955,0.1934,0.1934,9.9797,0.0986,0.0,0.0,0.0,0.0,0.0,0.0,135.77,41.4,135.82,41.12,135.82,41.12,15.61,64.06,CUDA,Bicubic Baseline (3x)
395,00000506_006.png,sub_NIH,3,ok,37.641,11.1938,3.3457,0.9731,0.9955,0.1719,9.9823,0.1385,37.641,37.641,11.1938,3.3457,0.9731,0.9731,0.9955,0.1719,0.1719,9.9823,0.1385,0.0,0.0,0.0,0.0,0.0,0.0,125.57,55.95,125.61,55.82,125.61,55.82,13.28,75.31,CUDA,Bicubic Baseline (3x)
396,00000506_013.png,sub_NIH,3,ok,33.3787,29.8683,5.4652,0.9784,0.996,0.1282,9.9522,0.2356,33.3787,33.3787,29.8683,5.4652,0.9784,0.9784,0.996,0.1282,0.1282,9.9522,0.2356,0.0,0.0,0.0,0.0,0.0,0.0,149.48,57.07,149.53,56.69,149.53,56.69,13.05,76.6,CUDA,Bicubic Baseline (3x)
397,00000506_016.png,sub_NIH,3,ok,35.3821,18.8308,4.3394,0.9745,0.9956,0.1866,9.9658,0.239,35.3821,35.3821,18.8308,4.3394,0.9745,0.9745,0.9956,0.1866,0.1866,9.9658,0.239,0.0,0.0,0.0,0.0,0.0,0.0,111.78,47.39,111.83,47.09,111.83,47.09,13.12,76.21,CUDA,Bicubic Baseline (3x)
398,00000506_017.png,sub_NIH,3,ok,39.7444,6.8966,2.6261,0.9481,0.9916,0.2543,9.9806,0.1708,39.7444,39.7444,6.8966,2.6261,0.9481,0.9481,0.9916,0.2543,0.2543,9.9806,0.1708,0.0,0.0,0.0,0.0,0.0,0.0,100.29,72.49,100.31,72.42,100.31,72.42,13.14,76.11,CUDA,Bicubic Baseline (3x)
399,00000506_018.png,sub_NIH,3,ok,41.7713,4.3246,2.0796,0.9557,0.9928,0.2485,9.9884,0.1205,41.7713,41.7713,4.3246,2.0796,0.9557,0.9557,0.9928,0.2485,0.2485,9.9884,0.1205,0.0,0.0,0.0,0.0,0.0,0.0,79.05,68.09,79.06,68.05,79.06,68.05,13.12,76.24,CUDA,Bicubic Baseline (3x)
400,00000506_019.png,sub_NIH,3,ok,35.6181,17.8347,4.2231,0.9721,0.9947,0.1511,9.9512,0.2452,35.6181,35.6181,17.8347,4.2231,0.9721,0.9721,0.9947,0.1511,0.1511,9.9512,0.2452,0.0,0.0,0.0,0.0,0.0,0.0,135.87,76.84,135.92,76.57,135.92,76.57,13.08,76.45,CUDA,Bicubic Baseline (3x)
401,00000506_021.png,sub_NIH,3,ok,34.5468,22.8242,4.7775,0.975,0.9957,0.1657,9.9627,0.2337,34.5468,34.5468,22.8242,4.7775,0.975,0.975,0.9957,0.1657,0.1657,9.9627,0.2337,0.0,0.0,0.0,0.0,0.0,0.0,122.65,60.01,122.7,59.74,122.7,59.74,13.27,75.37,CUDA,Bicubic Baseline (3x)
402,00000506_024.png,sub_NIH,3,ok,33.172,31.3243,5.5968,0.977,0.996,0.1461,9.9379,0.2616,33.172,33.172,31.3243,5.5968,0.977,0.977,0.996,0.1461,0.1461,9.9379,0.2616,0.0,0.0,0.0,0.0,0.0,0.0,113.59,63.84,113.65,63.5,113.65,63.5,13.17,75.92,CUDA,Bicubic Baseline (3x)
403,00000506_028.png,sub_NIH,3,ok,35.0381,20.3831,4.5148,0.9749,0.9956,0.1699,9.9685,0.2151,35.0381,35.0381,20.3831,4.5148,0.9749,0.9749,0.9956,0.1699,0.1699,9.9685,0.2151,0.0,0.0,0.0,0.0,0.0,0.0,113.81,58.42,113.86,58.18,113.86,58.18,13.85,72.2,CUDA,Bicubic Baseline (3x)
404,00000506_031.png,sub_NIH,3,ok,37.0425,12.8479,3.5844,0.9781,0.9964,0.1521,9.9785,0.1814,37.0425,37.0425,12.8479,3.5844,0.9781,0.9781,0.9964,0.1521,0.1521,9.9785,0.1814,0.0,0.0,0.0,0.0,0.0,0.0,110.88,64.21,110.93,64.08,110.93,64.08,13.2,75.74,CUDA,Bicubic Baseline (3x)
405,00000510_000.png,sub_NIH,3,ok,35.4433,18.5672,4.309,0.9701,0.9951,0.151,9.9774,0.1086,35.4433,35.4433,18.5672,4.309,0.9701,0.9701,0.9951,0.151,0.151,9.9774,0.1086,0.0,0.0,0.0,0.0,0.0,0.0,156.99,60.77,157.05,60.55,157.05,60.55,14.99,66.71,CUDA,Bicubic Baseline (3x)
406,00000511_000.png,sub_NIH,3,ok,39.2804,7.6744,2.7703,0.9485,0.9916,0.2701,9.9816,0.1604,39.2804,39.2804,7.6744,2.7703,0.9485,0.9485,0.9916,0.2701,0.2701,9.9816,0.1604,0.0,0.0,0.0,0.0,0.0,0.0,128.19,63.31,128.2,63.21,128.2,63.21,13.09,76.38,CUDA,Bicubic Baseline (3x)
407,00000511_001.png,sub_NIH,3,ok,39.7564,6.8777,2.6225,0.9518,0.9922,0.2545,9.9814,0.1673,39.7564,39.7564,6.8777,2.6225,0.9518,0.9518,0.9922,0.2545,0.2545,9.9814,0.1673,0.0,0.0,0.0,0.0,0.0,0.0,120.52,69.56,120.53,69.48,120.53,69.48,13.65,73.24,CUDA,Bicubic Baseline (3x)
408,00000514_005.png,sub_NIH,3,ok,38.1399,9.979,3.159,0.9458,0.9908,0.2466,9.967,0.2334,38.1399,38.1399,9.979,3.159,0.9458,0.9458,0.9908,0.2466,0.2466,9.967,0.2334,0.0,0.0,0.0,0.0,0.0,0.0,95.08,64.74,95.08,64.58,95.08,64.58,16.08,62.18,CUDA,Bicubic Baseline (3x)
409,00000515_000.png,sub_NIH,3,ok,40.1386,6.2982,2.5096,0.9487,0.9916,0.2614,9.9846,0.1521,40.1386,40.1386,6.2982,2.5096,0.9487,0.9487,0.9916,0.2614,0.2614,9.9846,0.1521,0.0,0.0,0.0,0.0,0.0,0.0,126.33,67.62,126.34,67.54,126.34,67.54,15.01,66.62,CUDA,Bicubic Baseline (3x)
410,00000516_000.png,sub_NIH,3,ok,36.7151,13.8538,3.7221,0.9727,0.9956,0.1482,9.9841,0.1005,36.7151,36.7151,13.8538,3.7221,0.9727,0.9727,0.9956,0.1482,0.1482,9.9841,0.1005,0.0,0.0,0.0,0.0,0.0,0.0,163.34,61.96,163.4,61.81,163.4,61.81,13.13,76.14,CUDA,Bicubic Baseline (3x)
411,00000517_002.png,sub_NIH,3,ok,39.1702,7.8716,2.8056,0.9503,0.9918,0.268,9.9802,0.1785,39.1702,39.1702,7.8716,2.8056,0.9503,0.9503,0.9918,0.268,0.268,9.9802,0.1785,0.0,0.0,0.0,0.0,0.0,0.0,129.26,57.46,129.28,57.34,129.28,57.34,13.4,74.62,CUDA,Bicubic Baseline (3x)
412,00000517_006.png,sub_NIH,3,ok,37.844,10.6826,3.2684,0.9346,0.9895,0.3238,9.98,0.1449,37.844,37.844,10.6826,3.2684,0.9346,0.9346,0.9895,0.3238,0.3238,9.98,0.1449,0.0,0.0,0.0,0.0,0.0,0.0,132.08,65.89,132.1,65.79,132.1,65.79,13.44,74.43,CUDA,Bicubic Baseline (3x)
413,00000522_000.png,sub_NIH,3,ok,41.0442,5.1128,2.2611,0.9852,0.9971,0.0874,9.9735,0.3193,41.0442,41.0442,5.1128,2.2611,0.9852,0.9852,0.9971,0.0874,0.0874,9.9735,0.3193,0.0,0.0,0.0,0.0,0.0,0.0,158.5,72.76,158.5,72.69,158.5,72.69,13.07,76.52,CUDA,Bicubic Baseline (3x)
414,00000522_005.png,sub_NIH,3,ok,38.0016,10.3019,3.2097,0.9825,0.9972,0.1178,9.9906,0.0325,38.0016,38.0016,10.3019,3.2097,0.9825,0.9825,0.9972,0.1178,0.1178,9.9906,0.0325,0.0,0.0,0.0,0.0,0.0,0.0,146.55,60.35,146.59,60.25,146.59,60.25,13.36,74.84,CUDA,Bicubic Baseline (3x)
415,00000524_002.png,sub_NIH,3,ok,32.96,32.8909,5.7351,0.9741,0.9961,0.1319,9.9808,0.0062,32.96,32.96,32.8909,5.7351,0.9741,0.9741,0.9961,0.1319,0.1319,9.9808,0.0062,0.0,0.0,0.0,0.0,0.0,0.0,184.47,54.85,184.56,54.46,184.56,54.46,13.07,76.49,CUDA,Bicubic Baseline (3x)
416,00000531_006.png,sub_NIH,3,ok,39.0662,8.0623,2.8394,0.9458,0.9913,0.2816,9.9779,0.1884,39.0662,39.0662,8.0623,2.8394,0.9458,0.9458,0.9913,0.2816,0.2816,9.9779,0.1884,0.0,0.0,0.0,0.0,0.0,0.0,117.16,65.02,117.17,64.91,117.17,64.91,13.11,76.27,CUDA,Bicubic Baseline (3x)
417,00000533_004.png,sub_NIH,3,ok,37.2399,12.2771,3.5039,0.9537,0.9923,0.2404,9.9646,0.2259,37.2399,37.2399,12.2771,3.5039,0.9537,0.9537,0.9923,0.2404,0.2404,9.9646,0.2259,0.0,0.0,0.0,0.0,0.0,0.0,85.37,59.66,85.4,59.44,85.4,59.44,13.09,76.4,CUDA,Bicubic Baseline (3x)
418,00000538_001.png,sub_NIH,3,ok,39.2908,7.6559,2.7669,0.9404,0.9905,0.2974,9.9836,0.1357,39.2908,39.2908,7.6559,2.7669,0.9404,0.9404,0.9905,0.2974,0.2974,9.9836,0.1357,0.0,0.0,0.0,0.0,0.0,0.0,126.79,65.18,126.8,65.09,126.8,65.09,13.62,73.42,CUDA,Bicubic Baseline (3x)
419,00000538_005.png,sub_NIH,3,ok,37.8567,10.6515,3.2637,0.938,0.9902,0.3122,9.9784,0.164,37.8567,37.8567,10.6515,3.2637,0.938,0.938,0.9902,0.3122,0.3122,9.9784,0.164,0.0,0.0,0.0,0.0,0.0,0.0,131.64,68.63,131.66,68.5,131.66,68.5,13.15,76.07,CUDA,Bicubic Baseline (3x)
420,00000539_000.png,sub_NIH,3,ok,41.0258,5.1345,2.2659,0.9565,0.9928,0.2275,9.9851,0.1625,41.0258,41.0258,5.1345,2.2659,0.9565,0.9565,0.9928,0.2275,0.2275,9.9851,0.1625,0.0,0.0,0.0,0.0,0.0,0.0,102.45,63.43,102.46,63.35,102.46,63.35,14.73,67.89,CUDA,Bicubic Baseline (3x)
421,00000540_001.png,sub_NIH,3,ok,32.0286,40.7588,6.3843,0.9539,0.9917,0.2243,9.9061,0.2776,32.0286,32.0286,40.7588,6.3843,0.9539,0.9539,0.9917,0.2243,0.2243,9.9061,0.2776,0.0,0.0,0.0,0.0,0.0,0.0,119.52,56.47,119.59,55.84,119.59,55.84,13.09,76.42,CUDA,Bicubic Baseline (3x)
422,00000540_002.png,sub_NIH,3,ok,31.8046,42.9165,6.5511,0.9565,0.9919,0.1986,9.9207,0.2331,31.8046,31.8046,42.9165,6.5511,0.9565,0.9565,0.9919,0.1986,0.1986,9.9207,0.2331,0.0,0.0,0.0,0.0,0.0,0.0,136.51,60.2,136.58,59.62,136.58,59.62,16.09,62.15,CUDA,Bicubic Baseline (3x)
423,00000541_004.png,sub_NIH,3,ok,39.2606,7.7094,2.7766,0.947,0.9912,0.2497,9.9777,0.1883,39.2606,39.2606,7.7094,2.7766,0.947,0.947,0.9912,0.2497,0.2497,9.9777,0.1883,0.0,0.0,0.0,0.0,0.0,0.0,100.02,62.83,100.03,62.72,100.03,62.72,13.36,74.84,CUDA,Bicubic Baseline (3x)
424,00000544_000.png,sub_NIH,3,ok,41.2008,4.9317,2.2208,0.9504,0.9919,0.2612,9.9867,0.1386,41.2008,41.2008,4.9317,2.2208,0.9504,0.9504,0.9919,0.2612,0.2612,9.9867,0.1386,0.0,0.0,0.0,0.0,0.0,0.0,112.98,68.97,112.99,68.91,112.99,68.91,15.14,66.06,CUDA,Bicubic Baseline (3x)
425,00000545_000.png,sub_NIH,3,ok,40.3604,5.9847,2.4464,0.9477,0.992,0.284,9.9873,0.1179,40.3604,40.3604,5.9847,2.4464,0.9477,0.9477,0.992,0.284,0.284,9.9873,0.1179,0.0,0.0,0.0,0.0,0.0,0.0,144.94,64.57,144.96,64.5,144.96,64.5,13.1,76.36,CUDA,Bicubic Baseline (3x)
426,00000545_004.png,sub_NIH,3,ok,35.3489,18.9756,4.3561,0.9684,0.9949,0.173,9.9841,0.0718,35.3489,35.3489,18.9756,4.3561,0.9684,0.9684,0.9949,0.173,0.173,9.9841,0.0718,0.0,0.0,0.0,0.0,0.0,0.0,165.49,52.21,165.55,52.0,165.55,52.0,13.33,75.03,CUDA,Bicubic Baseline (3x)
427,00000547_001.png,sub_NIH,3,ok,45.3814,1.8834,1.3724,0.9805,0.9962,0.1476,9.99,0.1624,45.3814,45.3814,1.8834,1.3724,0.9805,0.9805,0.9962,0.1476,0.1476,9.99,0.1624,0.0,0.0,0.0,0.0,0.0,0.0,168.28,42.18,168.28,42.14,168.28,42.14,13.3,75.21,CUDA,Bicubic Baseline (3x)
428,00000547_003.png,sub_NIH,3,ok,36.5865,14.2701,3.7776,0.9742,0.9959,0.1561,9.9863,0.0688,36.5865,36.5865,14.2701,3.7776,0.9742,0.9742,0.9959,0.1561,0.1561,9.9863,0.0688,0.0,0.0,0.0,0.0,0.0,0.0,162.45,56.39,162.51,56.23,162.51,56.23,13.04,76.7,CUDA,Bicubic Baseline (3x)
429,00000547_006.png,sub_NIH,3,ok,40.2051,6.2026,2.4905,0.9452,0.9915,0.2918,9.9845,0.14,40.2051,40.2051,6.2026,2.4905,0.9452,0.9452,0.9915,0.2918,0.2918,9.9845,0.14,0.0,0.0,0.0,0.0,0.0,0.0,125.45,67.86,125.46,67.78,125.46,67.78,14.5,68.98,CUDA,Bicubic Baseline (3x)
430,00000547_009.png,sub_NIH,3,ok,40.1704,6.2522,2.5004,0.946,0.9916,0.2903,9.9846,0.1428,40.1704,40.1704,6.2522,2.5004,0.946,0.946,0.9916,0.2903,0.2903,9.9846,0.1428,0.0,0.0,0.0,0.0,0.0,0.0,126.09,73.64,126.1,73.57,126.1,73.57,13.16,75.99,CUDA,Bicubic Baseline (3x)
431,00000549_003.png,sub_NIH,3,ok,38.8427,8.4881,2.9134,0.9422,0.9911,0.2996,9.9835,0.1308,38.8427,38.8427,8.4881,2.9134,0.9422,0.9422,0.9911,0.2996,0.2996,9.9835,0.1308,0.0,0.0,0.0,0.0,0.0,0.0,143.78,64.7,143.8,64.6,143.8,64.6,13.23,75.58,CUDA,Bicubic Baseline (3x)
432,00000555_000.png,sub_NIH,3,ok,40.488,5.8113,2.4107,0.9706,0.9941,0.164,9.9846,0.1524,40.488,40.488,5.8113,2.4107,0.9706,0.9706,0.9941,0.164,0.164,9.9846,0.1524,0.0,0.0,0.0,0.0,0.0,0.0,165.42,52.21,165.43,52.1,165.43,52.1,13.09,76.4,CUDA,Bicubic Baseline (3x)
433,00000560_002.png,sub_NIH,3,ok,36.0163,16.2725,4.0339,0.9729,0.9955,0.1906,9.9772,0.1836,36.0163,36.0163,16.2725,4.0339,0.9729,0.9729,0.9955,0.1906,0.1906,9.9772,0.1836,0.0,0.0,0.0,0.0,0.0,0.0,123.65,43.55,123.7,43.29,123.7,43.29,15.36,65.11,CUDA,Bicubic Baseline (3x)
434,00000561_000.png,sub_NIH,3,ok,37.2329,12.2969,3.5067,0.9624,0.993,0.1976,9.971,0.2354,37.2329,37.2329,12.2969,3.5067,0.9624,0.9624,0.993,0.1976,0.1976,9.971,0.2354,0.0,0.0,0.0,0.0,0.0,0.0,128.14,57.6,128.16,57.39,128.16,57.39,13.11,76.29,CUDA,Bicubic Baseline (3x)
435,00000561_001.png,sub_NIH,3,ok,36.9133,13.2357,3.6381,0.9604,0.9931,0.2117,9.9714,0.1659,36.9133,36.9133,13.2357,3.6381,0.9604,0.9604,0.9931,0.2117,0.2117,9.9714,0.1659,0.0,0.0,0.0,0.0,0.0,0.0,126.64,54.4,126.68,54.15,126.68,54.15,13.12,76.22,CUDA,Bicubic Baseline (3x)
436,00000561_002.png,sub_NIH,3,ok,40.0851,6.3764,2.5251,0.9472,0.9917,0.2709,9.985,0.1443,40.0851,40.0851,6.3764,2.5251,0.9472,0.9472,0.9917,0.2709,0.2709,9.985,0.1443,0.0,0.0,0.0,0.0,0.0,0.0,124.82,63.3,124.84,63.23,124.84,63.23,13.09,76.39,CUDA,Bicubic Baseline (3x)
437,00000564_000.png,sub_NIH,3,ok,42.3264,3.8058,1.9508,0.9789,0.9959,0.1427,9.9809,0.2695,42.3264,42.3264,3.8058,1.9508,0.9789,0.9789,0.9959,0.1427,0.1427,9.9809,0.2695,0.0,0.0,0.0,0.0,0.0,0.0,154.01,50.99,154.01,50.91,154.01,50.91,13.1,76.35,CUDA,Bicubic Baseline (3x)
438,00000566_001.png,sub_NIH,3,ok,34.894,21.0709,4.5903,0.9687,0.9952,0.1691,9.957,0.2447,34.894,34.894,21.0709,4.5903,0.9687,0.9687,0.9952,0.1691,0.1691,9.957,0.2447,0.0,0.0,0.0,0.0,0.0,0.0,158.71,69.41,158.78,69.15,158.78,69.15,13.03,76.76,CUDA,Bicubic Baseline (3x)
439,00000566_004.png,sub_NIH,3,ok,34.9683,20.7133,4.5512,0.9735,0.996,0.1473,9.9779,0.1126,34.9683,34.9683,20.7133,4.5512,0.9735,0.9735,0.996,0.1473,0.1473,9.9779,0.1126,0.0,0.0,0.0,0.0,0.0,0.0,162.16,65.09,162.22,64.91,162.22,64.91,13.11,76.3,CUDA,Bicubic Baseline (3x)
440,00000567_000.png,sub_NIH,3,ok,31.4413,46.6606,6.8309,0.9584,0.9928,0.2092,9.9577,0.0339,31.4413,31.4413,46.6606,6.8309,0.9584,0.9584,0.9928,0.2092,0.2092,9.9577,0.0339,0.0,0.0,0.0,0.0,0.0,0.0,150.34,53.15,150.46,52.43,150.46,52.43,13.09,76.42,CUDA,Bicubic Baseline (3x)
441,00000568_000.png,sub_NIH,3,ok,35.0531,20.3129,4.507,0.9759,0.9965,0.1512,9.9818,0.0894,35.0531,35.0531,20.3129,4.507,0.9759,0.9759,0.9965,0.1512,0.1512,9.9818,0.0894,0.0,0.0,0.0,0.0,0.0,0.0,166.62,37.59,166.69,37.26,166.69,37.26,13.1,76.34,CUDA,Bicubic Baseline (3x)
442,00000569_004.png,sub_NIH,3,ok,38.8381,8.4971,2.915,0.9503,0.9917,0.2529,9.9777,0.1842,38.8381,38.8381,8.4971,2.915,0.9503,0.9503,0.9917,0.2529,0.2529,9.9777,0.1842,0.0,0.0,0.0,0.0,0.0,0.0,99.06,66.91,99.07,66.81,99.07,66.81,13.09,76.37,CUDA,Bicubic Baseline (3x)
443,00000571_003.png,sub_NIH,3,ok,39.8398,6.7468,2.5975,0.948,0.9917,0.2742,9.9829,0.1561,39.8398,39.8398,6.7468,2.5975,0.948,0.948,0.9917,0.2742,0.2742,9.9829,0.1561,0.0,0.0,0.0,0.0,0.0,0.0,140.02,67.47,140.03,67.38,140.03,67.38,13.15,76.03,CUDA,Bicubic Baseline (3x)
444,00000571_005.png,sub_NIH,3,ok,38.4318,9.3305,3.0546,0.942,0.9909,0.2879,9.9787,0.1634,38.4318,38.4318,9.3305,3.0546,0.942,0.942,0.9909,0.2879,0.2879,9.9787,0.1634,0.0,0.0,0.0,0.0,0.0,0.0,138.1,71.98,138.11,71.88,138.11,71.88,13.65,73.26,CUDA,Bicubic Baseline (3x)
445,00000572_000.png,sub_NIH,3,ok,32.9238,33.1668,5.7591,0.9673,0.9946,0.1731,9.9685,0.0443,32.9238,32.9238,33.1668,5.7591,0.9673,0.9673,0.9946,0.1731,0.1731,9.9685,0.0443,0.0,0.0,0.0,0.0,0.0,0.0,173.17,47.34,173.24,46.84,173.24,46.84,13.43,74.45,CUDA,Bicubic Baseline (3x)
446,00000579_001.png,sub_NIH,3,ok,33.5985,28.3943,5.3286,0.9326,0.9898,0.3215,9.9403,0.2185,33.5985,33.5985,28.3943,5.3286,0.9326,0.9326,0.9898,0.3215,0.3215,9.9403,0.2185,0.0,0.0,0.0,0.0,0.0,0.0,135.14,70.47,135.18,70.1,135.18,70.1,13.11,76.25,CUDA,Bicubic Baseline (3x)
447,00000580_005.png,sub_NIH,3,ok,38.5853,9.0065,3.0011,0.9466,0.9912,0.2613,9.9798,0.1687,38.5853,38.5853,9.0065,3.0011,0.9466,0.9466,0.9912,0.2613,0.2613,9.9798,0.1687,0.0,0.0,0.0,0.0,0.0,0.0,119.07,74.26,119.08,74.17,119.08,74.17,13.16,76.01,CUDA,Bicubic Baseline (3x)
448,00000580_008.png,sub_NIH,3,ok,38.803,8.5661,2.9268,0.9477,0.9912,0.2501,9.982,0.1586,38.803,38.803,8.5661,2.9268,0.9477,0.9477,0.9912,0.2501,0.2501,9.982,0.1586,0.0,0.0,0.0,0.0,0.0,0.0,117.39,73.02,117.41,72.94,117.41,72.94,15.27,65.47,CUDA,Bicubic Baseline (3x)
449,00000582_000.png,sub_NIH,3,ok,39.2077,7.804,2.7936,0.9394,0.9904,0.2885,9.9847,0.1348,39.2077,39.2077,7.804,2.7936,0.9394,0.9394,0.9904,0.2885,0.2885,9.9847,0.1348,0.0,0.0,0.0,0.0,0.0,0.0,115.74,65.64,115.76,65.55,115.76,65.55,13.54,73.84,CUDA,Bicubic Baseline (3x)
450,00000583_004.png,sub_NIH,3,ok,39.9917,6.515,2.5524,0.9489,0.9924,0.2756,9.9864,0.115,39.9917,39.9917,6.515,2.5524,0.9489,0.9489,0.9924,0.2756,0.2756,9.9864,0.115,0.0,0.0,0.0,0.0,0.0,0.0,148.61,73.25,148.63,73.19,148.63,73.19,13.35,74.89,CUDA,Bicubic Baseline (3x)
451,00000583_009.png,sub_NIH,3,ok,37.3018,12.1033,3.479,0.977,0.9968,0.1725,9.9919,0.0052,37.3018,37.3018,12.1033,3.479,0.977,0.977,0.9968,0.1725,0.1725,9.9919,0.0052,0.0,0.0,0.0,0.0,0.0,0.0,121.81,51.23,121.86,51.11,121.86,51.11,13.15,76.06,CUDA,Bicubic Baseline (3x)
452,00000583_010.png,sub_NIH,3,ok,33.3965,29.7459,5.454,0.9807,0.997,0.1233,9.9472,0.2362,33.3965,33.3965,29.7459,5.454,0.9807,0.9807,0.997,0.1233,0.1233,9.9472,0.2362,0.0,0.0,0.0,0.0,0.0,0.0,128.34,58.36,128.4,58.0,128.4,58.0,13.14,76.12,CUDA,Bicubic Baseline (3x)
453,00000583_011.png,sub_NIH,3,ok,36.7035,13.8908,3.727,0.9724,0.9962,0.1841,9.9897,0.0317,36.7035,36.7035,13.8908,3.727,0.9724,0.9724,0.9962,0.1841,0.1841,9.9897,0.0317,0.0,0.0,0.0,0.0,0.0,0.0,139.52,51.23,139.57,51.08,139.57,51.08,13.06,76.56,CUDA,Bicubic Baseline (3x)
454,00000583_016.png,sub_NIH,3,ok,36.9587,13.0981,3.6191,0.9807,0.9973,0.1406,9.9921,-0.0094,36.9587,36.9587,13.0981,3.6191,0.9807,0.9807,0.9973,0.1406,0.1406,9.9921,-0.0094,0.0,0.0,0.0,0.0,0.0,0.0,123.07,57.79,123.12,57.69,123.12,57.69,13.16,76.0,CUDA,Bicubic Baseline (3x)
455,00000583_023.png,sub_NIH,3,ok,37.9635,10.3927,3.2238,0.9698,0.9956,0.2236,9.9916,0.0239,37.9635,37.9635,10.3927,3.2238,0.9698,0.9698,0.9956,0.2236,0.2236,9.9916,0.0239,0.0,0.0,0.0,0.0,0.0,0.0,120.11,56.76,120.16,56.67,120.16,56.67,13.34,74.99,CUDA,Bicubic Baseline (3x)
456,00000583_025.png,sub_NIH,3,ok,36.6424,14.0876,3.7533,0.9664,0.9954,0.2369,9.9924,-0.0036,36.6424,36.6424,14.0876,3.7533,0.9664,0.9664,0.9954,0.2369,0.2369,9.9924,-0.0036,0.0,0.0,0.0,0.0,0.0,0.0,121.94,51.65,122.0,51.52,122.0,51.52,13.44,74.4,CUDA,Bicubic Baseline (3x)
457,00000583_029.png,sub_NIH,3,ok,37.0049,12.9595,3.5999,0.9782,0.9969,0.1441,9.9872,0.0566,37.0049,37.0049,12.9595,3.5999,0.9782,0.9782,0.9969,0.1441,0.1441,9.9872,0.0566,0.0,0.0,0.0,0.0,0.0,0.0,112.91,64.94,112.96,64.84,112.96,64.84,15.9,62.88,CUDA,Bicubic Baseline (3x)
458,00000583_030.png,sub_NIH,3,ok,37.7899,10.8165,3.2888,0.9788,0.997,0.1553,9.9929,-0.004,37.7899,37.7899,10.8165,3.2888,0.9788,0.9788,0.997,0.1553,0.1553,9.9929,-0.004,0.0,0.0,0.0,0.0,0.0,0.0,116.46,59.01,116.51,58.93,116.51,58.93,13.27,75.38,CUDA,Bicubic Baseline (3x)
459,00000583_035.png,sub_NIH,3,ok,36.4135,14.8501,3.8536,0.9376,0.9908,0.3322,9.9898,0.043,36.4135,36.4135,14.8501,3.8536,0.9376,0.9376,0.9908,0.3322,0.3322,9.9898,0.043,0.0,0.0,0.0,0.0,0.0,0.0,117.63,43.56,117.68,43.38,117.68,43.38,13.68,73.11,CUDA,Bicubic Baseline (3x)
460,00000583_038.png,sub_NIH,3,ok,37.5848,11.3397,3.3674,0.9833,0.9977,0.1205,9.9929,-0.016,37.5848,37.5848,11.3397,3.3674,0.9833,0.9833,0.9977,0.1205,0.1205,9.9929,-0.016,0.0,0.0,0.0,0.0,0.0,0.0,118.89,57.32,118.93,57.23,118.93,57.23,16.78,59.58,CUDA,Bicubic Baseline (3x)
461,00000583_039.png,sub_NIH,3,ok,37.3229,12.0447,3.4705,0.9819,0.9976,0.1279,9.993,-0.0185,37.3229,37.3229,12.0447,3.4705,0.9819,0.9819,0.9976,0.1279,0.1279,9.993,-0.0185,0.0,0.0,0.0,0.0,0.0,0.0,119.35,58.09,119.4,58.0,119.4,58.0,13.22,75.64,CUDA,Bicubic Baseline (3x)
462,00000583_041.png,sub_NIH,3,ok,37.0526,12.8181,3.5802,0.9801,0.9973,0.1424,9.9912,0.0067,37.0526,37.0526,12.8181,3.5802,0.9801,0.9801,0.9973,0.1424,0.1424,9.9912,0.0067,0.0,0.0,0.0,0.0,0.0,0.0,118.39,52.66,118.43,52.55,118.43,52.55,15.05,66.43,CUDA,Bicubic Baseline (3x)
463,00000583_049.png,sub_NIH,3,ok,41.8503,4.2467,2.0608,0.9564,0.9932,0.2529,9.989,0.1103,41.8503,41.8503,4.2467,2.0608,0.9564,0.9564,0.9932,0.2529,0.2529,9.989,0.1103,0.0,0.0,0.0,0.0,0.0,0.0,121.73,76.12,121.73,76.07,121.73,76.07,13.17,75.92,CUDA,Bicubic Baseline (3x)
464,00000583_055.png,sub_NIH,3,ok,33.1247,31.6675,5.6274,0.965,0.994,0.2233,9.934,0.2778,33.1247,33.1247,31.6675,5.6274,0.965,0.965,0.994,0.2233,0.2233,9.934,0.2778,0.0,0.0,0.0,0.0,0.0,0.0,113.64,53.14,113.69,52.69,113.69,52.69,13.15,76.02,CUDA,Bicubic Baseline (3x)
465,00000583_059.png,sub_NIH,3,ok,32.672,35.1468,5.9285,0.9302,0.988,0.3105,9.9065,0.2817,32.672,32.672,35.1468,5.9285,0.9302,0.9302,0.988,0.3105,0.3105,9.9065,0.2817,0.0,0.0,0.0,0.0,0.0,0.0,123.62,67.36,123.67,66.84,123.67,66.84,14.06,71.14,CUDA,Bicubic Baseline (3x)
466,00000586_001.png,sub_NIH,3,ok,40.0272,6.4618,2.542,0.9513,0.9924,0.2518,9.9816,0.1598,40.0272,40.0272,6.4618,2.542,0.9513,0.9513,0.9924,0.2518,0.2518,9.9816,0.1598,0.0,0.0,0.0,0.0,0.0,0.0,128.65,70.24,128.67,70.17,128.67,70.17,14.69,68.08,CUDA,Bicubic Baseline (3x)
467,00000588_004.png,sub_NIH,3,ok,36.8859,13.3196,3.6496,0.9744,0.9958,0.166,9.9764,0.1702,36.8859,36.8859,13.3196,3.6496,0.9744,0.9744,0.9958,0.166,0.166,9.9764,0.1702,0.0,0.0,0.0,0.0,0.0,0.0,128.25,51.43,128.29,51.26,128.29,51.26,13.75,72.72,CUDA,Bicubic Baseline (3x)
468,00000590_000.png,sub_NIH,3,ok,37.1427,12.5549,3.5433,0.9735,0.9953,0.1349,9.983,0.0921,37.1427,37.1427,12.5549,3.5433,0.9735,0.9735,0.9953,0.1349,0.1349,9.983,0.0921,0.0,0.0,0.0,0.0,0.0,0.0,159.4,64.57,159.44,64.41,159.44,64.41,13.14,76.11,CUDA,Bicubic Baseline (3x)
469,00000591_000.png,sub_NIH,3,ok,35.8747,16.8116,4.1002,0.9777,0.997,0.1439,9.9885,0.018,35.8747,35.8747,16.8116,4.1002,0.9777,0.9777,0.997,0.1439,0.1439,9.9885,0.018,0.0,0.0,0.0,0.0,0.0,0.0,157.24,45.59,157.3,45.4,157.3,45.4,13.3,75.21,CUDA,Bicubic Baseline (3x)
470,00000591_001.png,sub_NIH,3,ok,35.071,20.2292,4.4977,0.9733,0.996,0.1675,9.9865,0.0293,35.071,35.071,20.2292,4.4977,0.9733,0.9733,0.996,0.1675,0.1675,9.9865,0.0293,0.0,0.0,0.0,0.0,0.0,0.0,163.78,51.63,163.85,51.43,163.85,51.43,14.17,70.59,CUDA,Bicubic Baseline (3x)
471,00000591_003.png,sub_NIH,3,ok,35.0128,20.5021,4.5279,0.9841,0.9978,0.1084,9.9898,-0.0405,35.0128,35.0128,20.5021,4.5279,0.9841,0.9841,0.9978,0.1084,0.1084,9.9898,-0.0405,0.0,0.0,0.0,0.0,0.0,0.0,139.69,71.12,139.76,70.97,139.76,70.97,13.07,76.49,CUDA,Bicubic Baseline (3x)
472,00000591_009.png,sub_NIH,3,ok,41.1125,5.033,2.2434,0.9515,0.9926,0.2642,9.9879,0.1083,41.1125,41.1125,5.033,2.2434,0.9515,0.9515,0.9926,0.2642,0.2642,9.9879,0.1083,0.0,0.0,0.0,0.0,0.0,0.0,115.95,70.16,115.96,70.1,115.96,70.1,13.05,76.63,CUDA,Bicubic Baseline (3x)
473,00000591_014.png,sub_NIH,3,ok,41.7106,4.3855,2.0942,0.9521,0.9927,0.2799,9.9887,0.1094,41.7106,41.7106,4.3855,2.0942,0.9521,0.9521,0.9927,0.2799,0.2799,9.9887,0.1094,0.0,0.0,0.0,0.0,0.0,0.0,111.84,71.25,111.85,71.2,111.85,71.2,13.48,74.17,CUDA,Bicubic Baseline (3x)
474,00000592_001.png,sub_NIH,3,ok,40.5231,5.7646,2.401,0.9487,0.9919,0.2923,9.984,0.1498,40.5231,40.5231,5.7646,2.401,0.9487,0.9487,0.9919,0.2923,0.2923,9.984,0.1498,0.0,0.0,0.0,0.0,0.0,0.0,114.58,64.34,114.59,64.26,114.59,64.26,13.08,76.45,CUDA,Bicubic Baseline (3x)
475,00000593_000.png,sub_NIH,3,ok,41.344,4.7718,2.1845,0.9678,0.9937,0.2004,9.9839,0.2225,41.344,41.344,4.7718,2.1845,0.9678,0.9678,0.9937,0.2004,0.2004,9.9839,0.2225,0.0,0.0,0.0,0.0,0.0,0.0,172.48,44.29,172.48,44.2,172.48,44.2,13.98,71.54,CUDA,Bicubic Baseline (3x)
476,00000598_000.png,sub_NIH,3,ok,35.9514,16.5173,4.0642,0.9692,0.9946,0.1527,9.9611,0.2273,35.9514,35.9514,16.5173,4.0642,0.9692,0.9692,0.9946,0.1527,0.1527,9.9611,0.2273,0.0,0.0,0.0,0.0,0.0,0.0,132.65,71.04,132.69,70.81,132.69,70.81,13.33,75.02,CUDA,Bicubic Baseline (3x)
477,00000602_000.png,sub_NIH,3,ok,40.0989,6.3562,2.5211,0.9448,0.9914,0.2806,9.9861,0.1283,40.0989,40.0989,6.3562,2.5211,0.9448,0.9448,0.9914,0.2806,0.2806,9.9861,0.1283,0.0,0.0,0.0,0.0,0.0,0.0,131.99,64.8,132.0,64.73,132.0,64.73,13.09,76.37,CUDA,Bicubic Baseline (3x)
478,00000603_000.png,sub_NIH,3,ok,40.8374,5.3621,2.3156,0.9708,0.9943,0.1767,9.9753,0.2819,40.8374,40.8374,5.3621,2.3156,0.9708,0.9708,0.9943,0.1767,0.1767,9.9753,0.2819,0.0,0.0,0.0,0.0,0.0,0.0,144.16,61.58,144.16,61.49,144.16,61.49,13.3,75.18,CUDA,Bicubic Baseline (3x)
479,00000605_000.png,sub_NIH,3,ok,36.4928,14.5814,3.8186,0.9806,0.9968,0.1376,9.972,0.1759,36.4928,36.4928,14.5814,3.8186,0.9806,0.9806,0.9968,0.1376,0.1376,9.972,0.1759,0.0,0.0,0.0,0.0,0.0,0.0,137.95,66.98,138.0,66.81,138.0,66.81,13.39,74.7,CUDA,Bicubic Baseline (3x)
480,00000606_000.png,sub_NIH,3,ok,35.4965,18.3412,4.2827,0.9714,0.9953,0.1579,9.9641,0.196,35.4965,35.4965,18.3412,4.2827,0.9714,0.9714,0.9953,0.1579,0.1579,9.9641,0.196,0.0,0.0,0.0,0.0,0.0,0.0,161.23,63.78,161.29,63.51,161.29,63.51,13.16,75.97,CUDA,Bicubic Baseline (3x)
481,00000608_001.png,sub_NIH,3,ok,44.3766,2.3736,1.5407,0.9702,0.9943,0.1948,9.9907,0.133,44.3766,44.3766,2.3736,1.5407,0.9702,0.9702,0.9943,0.1948,0.1948,9.9907,0.133,0.0,0.0,0.0,0.0,0.0,0.0,107.18,38.47,107.19,38.42,107.19,38.42,13.11,76.27,CUDA,Bicubic Baseline (3x)
482,00000608_002.png,sub_NIH,3,ok,32.2988,38.3004,6.1887,0.9529,0.9912,0.237,9.9432,0.2024,32.2988,32.2988,38.3004,6.1887,0.9529,0.9529,0.9912,0.237,0.237,9.9432,0.2024,0.0,0.0,0.0,0.0,0.0,0.0,116.13,48.63,116.19,48.05,116.19,48.05,13.1,76.36,CUDA,Bicubic Baseline (3x)
483,00000608_003.png,sub_NIH,3,ok,34.5763,22.6699,4.7613,0.9577,0.9924,0.2374,9.9643,0.16,34.5763,34.5763,22.6699,4.7613,0.9577,0.9577,0.9924,0.2374,0.2374,9.9643,0.16,0.0,0.0,0.0,0.0,0.0,0.0,103.01,48.61,103.06,48.26,103.06,48.26,13.38,74.72,CUDA,Bicubic Baseline (3x)
484,00000609_000.png,sub_NIH,3,ok,39.3858,7.4903,2.7368,0.9621,0.9934,0.2017,9.9732,0.2363,39.3858,39.3858,7.4903,2.7368,0.9621,0.9621,0.9934,0.2017,0.2017,9.9732,0.2363,0.0,0.0,0.0,0.0,0.0,0.0,160.76,67.87,160.77,67.76,160.77,67.76,13.07,76.53,CUDA,Bicubic Baseline (3x)
485,00000610_001.png,sub_NIH,3,ok,33.8607,26.7306,5.1702,0.9659,0.9941,0.1858,9.955,0.248,33.8607,33.8607,26.7306,5.1702,0.9659,0.9659,0.9941,0.1858,0.1858,9.955,0.248,0.0,0.0,0.0,0.0,0.0,0.0,142.14,61.59,142.2,61.25,142.2,61.25,13.45,74.37,CUDA,Bicubic Baseline (3x)
486,00000613_002.png,sub_NIH,3,ok,32.6615,35.2314,5.9356,0.9542,0.9918,0.1914,9.9244,0.2334,32.6615,32.6615,35.2314,5.9356,0.9542,0.9542,0.9918,0.1914,0.1914,9.9244,0.2334,0.0,0.0,0.0,0.0,0.0,0.0,156.63,68.45,156.71,67.88,156.71,67.88,13.08,76.44,CUDA,Bicubic Baseline (3x)
487,00000617_000.png,sub_NIH,3,ok,33.0929,31.9,5.648,0.9664,0.9944,0.1648,9.9255,0.3168,33.0929,33.0929,31.9,5.648,0.9664,0.9664,0.9944,0.1648,0.1648,9.9255,0.3168,0.0,0.0,0.0,0.0,0.0,0.0,150.98,72.26,151.04,71.84,151.04,71.84,13.38,74.74,CUDA,Bicubic Baseline (3x)
488,00000618_001.png,sub_NIH,3,ok,38.2129,9.8128,3.1325,0.9549,0.9926,0.2462,9.9753,0.1931,38.2129,38.2129,9.8128,3.1325,0.9549,0.9549,0.9926,0.2462,0.2462,9.9753,0.1931,0.0,0.0,0.0,0.0,0.0,0.0,123.46,63.95,123.48,63.82,123.48,63.82,13.35,74.92,CUDA,Bicubic Baseline (3x)
489,00000618_007.png,sub_NIH,3,ok,33.8721,26.6605,5.1634,0.9526,0.9909,0.2092,9.9107,0.3268,33.8721,33.8721,26.6605,5.1634,0.9526,0.9526,0.9909,0.2092,0.2092,9.9107,0.3268,0.0,0.0,0.0,0.0,0.0,0.0,123.0,68.33,123.02,67.94,123.02,67.94,13.31,75.15,CUDA,Bicubic Baseline (3x)
490,00000618_008.png,sub_NIH,3,ok,39.1543,7.9005,2.8108,0.9553,0.9925,0.2429,9.9774,0.1969,39.1543,39.1543,7.9005,2.8108,0.9553,0.9553,0.9925,0.2429,0.2429,9.9774,0.1969,0.0,0.0,0.0,0.0,0.0,0.0,120.16,64.92,120.17,64.81,120.17,64.81,13.85,72.18,CUDA,Bicubic Baseline (3x)
491,00000619_000.png,sub_NIH,3,ok,39.4455,7.3881,2.7181,0.9446,0.9914,0.2865,9.9838,0.1479,39.4455,39.4455,7.3881,2.7181,0.9446,0.9446,0.9914,0.2865,0.2865,9.9838,0.1479,0.0,0.0,0.0,0.0,0.0,0.0,144.64,60.14,144.65,60.05,144.65,60.05,13.07,76.49,CUDA,Bicubic Baseline (3x)
492,00000621_001.png,sub_NIH,3,ok,40.3325,6.0233,2.4542,0.9533,0.9922,0.2375,9.9831,0.1718,40.3325,40.3325,6.0233,2.4542,0.9533,0.9533,0.9922,0.2375,0.2375,9.9831,0.1718,0.0,0.0,0.0,0.0,0.0,0.0,106.49,63.22,106.5,63.13,106.5,63.13,13.06,76.58,CUDA,Bicubic Baseline (3x)
493,00000623_000.png,sub_NIH,3,ok,39.096,8.0073,2.8297,0.9463,0.9914,0.2715,9.9849,0.1319,39.096,39.096,8.0073,2.8297,0.9463,0.9463,0.9914,0.2715,0.2715,9.9849,0.1319,0.0,0.0,0.0,0.0,0.0,0.0,105.81,66.55,105.83,66.48,105.83,66.48,13.06,76.59,CUDA,Bicubic Baseline (3x)
494,00000623_004.png,sub_NIH,3,ok,35.2822,19.269,4.3897,0.9659,0.9943,0.1756,9.9666,0.1803,35.2822,35.2822,19.269,4.3897,0.9659,0.9659,0.9943,0.1756,0.1756,9.9666,0.1803,0.0,0.0,0.0,0.0,0.0,0.0,157.38,63.44,157.44,63.17,157.44,63.17,16.78,59.6,CUDA,Bicubic Baseline (3x)
495,00000623_008.png,sub_NIH,3,ok,41.2311,4.8975,2.213,0.9605,0.9935,0.2187,9.9842,0.1665,41.2311,41.2311,4.8975,2.213,0.9605,0.9605,0.9935,0.2187,0.2187,9.9842,0.1665,0.0,0.0,0.0,0.0,0.0,0.0,98.73,65.07,98.74,65.01,98.74,65.01,13.43,74.46,CUDA,Bicubic Baseline (3x)
496,00000625_001.png,sub_NIH,3,ok,35.2063,19.6089,4.4282,0.9704,0.9955,0.1588,9.9863,0.0461,35.2063,35.2063,19.6089,4.4282,0.9704,0.9704,0.9955,0.1588,0.1588,9.9863,0.0461,0.0,0.0,0.0,0.0,0.0,0.0,183.59,50.97,183.66,50.73,183.66,50.73,13.42,74.52,CUDA,Bicubic Baseline (3x)
497,00000626_000.png,sub_NIH,3,ok,43.5943,2.8422,1.6859,0.9758,0.9952,0.1668,9.9862,0.2187,43.5943,43.5943,2.8422,1.6859,0.9758,0.9758,0.9952,0.1668,0.1668,9.9862,0.2187,0.0,0.0,0.0,0.0,0.0,0.0,163.08,41.86,163.09,41.79,163.09,41.79,13.73,72.84,CUDA,Bicubic Baseline (3x)
498,00000627_005.png,sub_NIH,3,ok,37.5132,11.5282,3.3953,0.9793,0.9969,0.1505,9.9911,0.0198,37.5132,37.5132,11.5282,3.3953,0.9793,0.9793,0.9969,0.1505,0.1505,9.9911,0.0198,0.0,0.0,0.0,0.0,0.0,0.0,155.81,45.14,155.86,44.99,155.86,44.99,13.18,75.86,CUDA,Bicubic Baseline (3x)
499,00000627_006.png,sub_NIH,3,ok,37.0517,12.8206,3.5806,0.9786,0.9969,0.147,9.9917,0.0083,37.0517,37.0517,12.8206,3.5806,0.9786,0.9786,0.9969,0.147,0.147,9.9917,0.0083,0.0,0.0,0.0,0.0,0.0,0.0,158.13,44.55,158.19,44.37,158.19,44.37,16.12,62.04,CUDA,Bicubic Baseline (3x)
500,00000627_009.png,sub_NIH,3,ok,36.9849,13.0195,3.6082,0.9793,0.997,0.1378,9.9901,0.0233,36.9849,36.9849,13.0195,3.6082,0.9793,0.9793,0.997,0.1378,0.1378,9.9901,0.0233,0.0,0.0,0.0,0.0,0.0,0.0,157.33,46.21,157.38,46.03,157.38,46.03,13.12,76.2,CUDA,Bicubic Baseline (3x)
501,00000627_011.png,sub_NIH,3,ok,37.0774,12.745,3.57,0.9791,0.9969,0.1378,9.9905,0.0223,37.0774,37.0774,12.745,3.57,0.9791,0.9791,0.9969,0.1378,0.1378,9.9905,0.0223,0.0,0.0,0.0,0.0,0.0,0.0,160.55,37.48,160.61,37.26,160.61,37.26,13.29,75.25,CUDA,Bicubic Baseline (3x)
502,00000627_025.png,sub_NIH,3,ok,36.0133,16.2838,4.0353,0.9761,0.9965,0.1462,9.9889,0.0239,36.0133,36.0133,16.2838,4.0353,0.9761,0.9761,0.9965,0.1462,0.1462,9.9889,0.0239,0.0,0.0,0.0,0.0,0.0,0.0,158.66,52.04,158.73,51.86,158.73,51.86,13.29,75.24,CUDA,Bicubic Baseline (3x)
503,00000627_027.png,sub_NIH,3,ok,36.8099,13.5548,3.6817,0.9783,0.9967,0.1429,9.9853,0.0781,36.8099,36.8099,13.5548,3.6817,0.9783,0.9783,0.9967,0.1429,0.1429,9.9853,0.0781,0.0,0.0,0.0,0.0,0.0,0.0,150.41,54.03,150.47,53.87,150.47,53.87,18.25,54.8,CUDA,Bicubic Baseline (3x)
504,00000627_029.png,sub_NIH,3,ok,37.416,11.7891,3.4335,0.9754,0.9964,0.193,9.9866,0.0734,37.416,37.416,11.7891,3.4335,0.9754,0.9754,0.9964,0.193,0.193,9.9866,0.0734,0.0,0.0,0.0,0.0,0.0,0.0,116.79,41.59,116.84,41.42,116.84,41.42,13.13,76.16,CUDA,Bicubic Baseline (3x)
505,00000627_033.png,sub_NIH,3,ok,37.9647,10.3898,3.2233,0.9759,0.996,0.1782,9.9856,0.0992,37.9647,37.9647,10.3898,3.2233,0.9759,0.9759,0.996,0.1782,0.1782,9.9856,0.0992,0.0,0.0,0.0,0.0,0.0,0.0,105.41,56.69,105.46,56.6,105.46,56.6,14.39,69.49,CUDA,Bicubic Baseline (3x)
506,00000627_035.png,sub_NIH,3,ok,37.2342,12.2932,3.5062,0.9765,0.9964,0.1814,9.9877,0.0626,37.2342,37.2342,12.2932,3.5062,0.9765,0.9765,0.9964,0.1814,0.1814,9.9877,0.0626,0.0,0.0,0.0,0.0,0.0,0.0,116.43,48.08,116.47,47.95,116.47,47.95,15.76,63.47,CUDA,Bicubic Baseline (3x)
507,00000627_036.png,sub_NIH,3,ok,37.6958,11.0535,3.3247,0.9737,0.9957,0.1884,9.9833,0.1229,37.6958,37.6958,11.0535,3.3247,0.9737,0.9737,0.9957,0.1884,0.1884,9.9833,0.1229,0.0,0.0,0.0,0.0,0.0,0.0,106.96,58.73,107.01,58.61,107.01,58.61,14.07,71.07,CUDA,Bicubic Baseline (3x)
508,00000629_000.png,sub_NIH,3,ok,36.0482,16.1531,4.0191,0.9788,0.9962,0.1288,9.9455,0.2961,36.0482,36.0482,16.1531,4.0191,0.9788,0.9788,0.9962,0.1288,0.1288,9.9455,0.2961,0.0,0.0,0.0,0.0,0.0,0.0,92.08,88.83,92.12,88.63,92.12,88.63,13.36,74.84,CUDA,Bicubic Baseline (3x)
509,00000631_005.png,sub_NIH,3,ok,32.7521,34.504,5.874,0.9631,0.9933,0.2197,9.9476,0.2274,32.7521,32.7521,34.504,5.874,0.9631,0.9631,0.9933,0.2197,0.2197,9.9476,0.2274,0.0,0.0,0.0,0.0,0.0,0.0,113.06,56.13,113.11,55.73,113.11,55.73,13.14,76.12,CUDA,Bicubic Baseline (3x)
510,00000632_002.png,sub_NIH,3,ok,42.9516,3.2955,1.8154,0.9757,0.995,0.1649,9.9841,0.2402,42.9516,42.9516,3.2955,1.8154,0.9757,0.9757,0.995,0.1649,0.1649,9.9841,0.2402,0.0,0.0,0.0,0.0,0.0,0.0,168.14,44.07,168.14,43.99,168.14,43.99,13.51,74.01,CUDA,Bicubic Baseline (3x)
511,00000632_008.png,sub_NIH,3,ok,32.477,36.7605,6.063,0.9717,0.9946,0.1849,9.9343,0.2552,32.477,32.477,36.7605,6.063,0.9717,0.9717,0.9946,0.1849,0.1849,9.9343,0.2552,0.0,0.0,0.0,0.0,0.0,0.0,95.41,61.29,95.47,60.87,95.47,60.87,13.41,74.57,CUDA,Bicubic Baseline (3x)
512,00000632_009.png,sub_NIH,3,ok,32.0526,40.5345,6.3667,0.9718,0.9944,0.183,9.9436,0.2287,32.0526,32.0526,40.5345,6.3667,0.9718,0.9718,0.9944,0.183,0.183,9.9436,0.2287,0.0,0.0,0.0,0.0,0.0,0.0,118.23,54.15,118.29,53.69,118.29,53.69,13.2,75.74,CUDA,Bicubic Baseline (3x)
513,00000632_011.png,sub_NIH,3,ok,39.7216,6.9331,2.6331,0.9406,0.9905,0.2879,9.987,0.1206,39.7216,39.7216,6.9331,2.6331,0.9406,0.9406,0.9905,0.2879,0.2879,9.987,0.1206,0.0,0.0,0.0,0.0,0.0,0.0,128.52,67.14,128.53,67.07,128.53,67.07,13.32,75.08,CUDA,Bicubic Baseline (3x)
514,00000634_006.png,sub_NIH,3,ok,39.3588,7.5371,2.7454,0.9541,0.9925,0.2584,9.986,0.1247,39.3588,39.3588,7.5371,2.7454,0.9541,0.9541,0.9925,0.2584,0.2584,9.986,0.1247,0.0,0.0,0.0,0.0,0.0,0.0,153.78,65.36,153.8,65.29,153.8,65.29,13.07,76.51,CUDA,Bicubic Baseline (3x)
515,00000635_001.png,sub_NIH,3,ok,39.3527,7.5477,2.7473,0.9474,0.9916,0.2752,9.9789,0.1572,39.3527,39.3527,7.5477,2.7473,0.9474,0.9474,0.9916,0.2752,0.2752,9.9789,0.1572,0.0,0.0,0.0,0.0,0.0,0.0,122.9,64.54,122.91,64.44,122.91,64.44,13.44,74.41,CUDA,Bicubic Baseline (3x)
516,00000643_002.png,sub_NIH,3,ok,37.5632,11.3961,3.3758,0.9412,0.9907,0.2947,9.9835,0.1111,37.5632,37.5632,11.3961,3.3758,0.9412,0.9412,0.9907,0.2947,0.2947,9.9835,0.1111,0.0,0.0,0.0,0.0,0.0,0.0,141.73,60.59,141.74,60.47,141.74,60.47,13.08,76.48,CUDA,Bicubic Baseline (3x)
517,00000643_003.png,sub_NIH,3,ok,39.3302,7.5869,2.7544,0.9479,0.9917,0.2656,9.9786,0.1791,39.3302,39.3302,7.5869,2.7544,0.9479,0.9479,0.9917,0.2656,0.2656,9.9786,0.1791,0.0,0.0,0.0,0.0,0.0,0.0,120.43,76.67,120.44,76.6,120.44,76.6,14.38,69.53,CUDA,Bicubic Baseline (3x)
518,00000643_008.png,sub_NIH,3,ok,36.6238,14.148,3.7614,0.9396,0.9901,0.2793,9.9686,0.1979,36.6238,36.6238,14.148,3.7614,0.9396,0.9396,0.9901,0.2793,0.2793,9.9686,0.1979,0.0,0.0,0.0,0.0,0.0,0.0,120.58,73.11,120.6,72.95,120.6,72.95,13.06,76.54,CUDA,Bicubic Baseline (3x)
519,00000645_001.png,sub_NIH,3,ok,38.818,8.5364,2.9217,0.9423,0.9908,0.2859,9.9776,0.172,38.818,38.818,8.5364,2.9217,0.9423,0.9423,0.9908,0.2859,0.2859,9.9776,0.172,0.0,0.0,0.0,0.0,0.0,0.0,129.5,67.92,129.51,67.81,129.51,67.81,13.13,76.14,CUDA,Bicubic Baseline (3x)
520,00000646_001.png,sub_NIH,3,ok,35.4979,18.3354,4.282,0.9563,0.992,0.2248,9.9455,0.2839,35.4979,35.4979,18.3354,4.282,0.9563,0.9563,0.992,0.2248,0.2248,9.9455,0.2839,0.0,0.0,0.0,0.0,0.0,0.0,129.4,55.44,129.45,55.05,129.45,55.05,13.19,75.82,CUDA,Bicubic Baseline (3x)
521,00000646_004.png,sub_NIH,3,ok,36.2055,15.5788,3.947,0.972,0.9951,0.1428,9.9831,0.0661,36.2055,36.2055,15.5788,3.947,0.972,0.972,0.9951,0.1428,0.1428,9.9831,0.0661,0.0,0.0,0.0,0.0,0.0,0.0,153.54,64.44,153.59,64.28,153.59,64.28,14.23,70.29,CUDA,Bicubic Baseline (3x)
522,00000646_006.png,sub_NIH,3,ok,40.0949,6.3619,2.5223,0.9584,0.9932,0.2319,9.9808,0.1865,40.0949,40.0949,6.3619,2.5223,0.9584,0.9584,0.9932,0.2319,0.2319,9.9808,0.1865,0.0,0.0,0.0,0.0,0.0,0.0,110.49,64.99,110.51,64.89,110.51,64.89,13.14,76.09,CUDA,Bicubic Baseline (3x)
523,00000646_007.png,sub_NIH,3,ok,33.7054,27.7039,5.2635,0.9597,0.9927,0.1782,9.885,0.3874,33.7054,33.7054,27.7039,5.2635,0.9597,0.9597,0.9927,0.1782,0.1782,9.885,0.3874,0.0,0.0,0.0,0.0,0.0,0.0,133.18,70.36,133.25,69.83,133.25,69.83,13.61,73.47,CUDA,Bicubic Baseline (3x)
524,00000648_001.png,sub_NIH,3,ok,40.036,6.4488,2.5395,0.9496,0.992,0.2622,9.9848,0.1368,40.036,40.036,6.4488,2.5395,0.9496,0.9496,0.992,0.2622,0.2622,9.9848,0.1368,0.0,0.0,0.0,0.0,0.0,0.0,110.5,69.26,110.51,69.19,110.51,69.19,15.85,63.09,CUDA,Bicubic Baseline (3x)
525,00000651_000.png,sub_NIH,3,ok,35.5319,18.1926,4.2653,0.9568,0.9924,0.2249,9.9615,0.2073,35.5319,35.5319,18.1926,4.2653,0.9568,0.9568,0.9924,0.2249,0.2249,9.9615,0.2073,0.0,0.0,0.0,0.0,0.0,0.0,126.83,57.09,126.87,56.76,126.87,56.76,13.78,72.58,CUDA,Bicubic Baseline (3x)
526,00000652_001.png,sub_NIH,3,ok,35.2098,19.5929,4.4264,0.9635,0.9939,0.1821,9.9657,0.1845,35.2098,35.2098,19.5929,4.4264,0.9635,0.9635,0.9939,0.1821,0.1821,9.9657,0.1845,0.0,0.0,0.0,0.0,0.0,0.0,158.68,67.5,158.74,67.25,158.74,67.25,13.47,74.23,CUDA,Bicubic Baseline (3x)
527,00000652_012.png,sub_NIH,3,ok,39.1476,7.9127,2.8129,0.9528,0.9922,0.2454,9.9748,0.2156,39.1476,39.1476,7.9127,2.8129,0.9528,0.9528,0.9922,0.2454,0.2454,9.9748,0.2156,0.0,0.0,0.0,0.0,0.0,0.0,112.69,68.44,112.71,68.34,112.71,68.34,16.47,60.72,CUDA,Bicubic Baseline (3x)
528,00000652_017.png,sub_NIH,3,ok,32.2918,38.3621,6.1937,0.9734,0.9953,0.1575,9.9597,0.1497,32.2918,32.2918,38.3621,6.1937,0.9734,0.9734,0.9953,0.1575,0.1575,9.9597,0.1497,0.0,0.0,0.0,0.0,0.0,0.0,152.57,50.61,152.63,50.12,152.63,50.12,13.07,76.49,CUDA,Bicubic Baseline (3x)
529,00000652_018.png,sub_NIH,3,ok,31.8219,42.7457,6.538,0.9727,0.9947,0.152,9.9429,0.1956,31.8219,31.8219,42.7457,6.538,0.9727,0.9727,0.9947,0.152,0.152,9.9429,0.1956,0.0,0.0,0.0,0.0,0.0,0.0,129.55,73.79,129.62,73.39,129.62,73.39,13.35,74.92,CUDA,Bicubic Baseline (3x)
530,00000652_024.png,sub_NIH,3,ok,36.8243,13.51,3.6756,0.9706,0.9947,0.1451,9.9466,0.3963,36.8243,36.8243,13.51,3.6756,0.9706,0.9706,0.9947,0.1451,0.1451,9.9466,0.3963,0.0,0.0,0.0,0.0,0.0,0.0,151.66,65.7,151.69,65.45,151.69,65.45,13.19,75.79,CUDA,Bicubic Baseline (3x)
531,00000655_003.png,sub_NIH,3,ok,34.7471,21.7958,4.6686,0.9691,0.9946,0.2051,9.9662,0.2154,34.7471,34.7471,21.7958,4.6686,0.9691,0.9691,0.9946,0.2051,0.2051,9.9662,0.2154,0.0,0.0,0.0,0.0,0.0,0.0,113.12,58.88,113.15,58.65,113.15,58.65,13.26,75.39,CUDA,Bicubic Baseline (3x)
532,00000658_000.png,sub_NIH,3,ok,40.5847,5.6835,2.384,0.9676,0.9942,0.2173,9.9727,0.2411,40.5847,40.5847,5.6835,2.384,0.9676,0.9676,0.9942,0.2173,0.2173,9.9727,0.2411,0.0,0.0,0.0,0.0,0.0,0.0,105.8,35.76,105.8,35.58,105.8,35.58,13.49,74.12,CUDA,Bicubic Baseline (3x)
533,00000659_000.png,sub_NIH,3,ok,44.408,2.3566,1.5351,0.9797,0.996,0.1434,9.9883,0.1995,44.408,44.408,2.3566,1.5351,0.9797,0.9797,0.996,0.1434,0.1434,9.9883,0.1995,0.0,0.0,0.0,0.0,0.0,0.0,172.69,37.91,172.69,37.85,172.69,37.85,13.39,74.68,CUDA,Bicubic Baseline (3x)
534,00000662_005.png,sub_NIH,3,ok,39.9067,6.6437,2.5775,0.9453,0.9914,0.2796,9.9839,0.143,39.9067,39.9067,6.6437,2.5775,0.9453,0.9453,0.9914,0.2796,0.2796,9.9839,0.143,0.0,0.0,0.0,0.0,0.0,0.0,131.18,66.34,131.19,66.27,131.19,66.27,13.34,74.99,CUDA,Bicubic Baseline (3x)
535,00000669_000.png,sub_NIH,3,ok,37.5813,11.3487,3.3688,0.9725,0.9954,0.1492,9.9885,0.0708,37.5813,37.5813,11.3487,3.3688,0.9725,0.9725,0.9954,0.1492,0.1492,9.9885,0.0708,0.0,0.0,0.0,0.0,0.0,0.0,162.96,54.73,163.01,54.59,163.01,54.59,13.09,76.4,CUDA,Bicubic Baseline (3x)
536,00000679_000.png,sub_NIH,3,ok,39.6609,7.0306,2.6515,0.9467,0.9919,0.2921,9.982,0.1548,39.6609,39.6609,7.0306,2.6515,0.9467,0.9467,0.9919,0.2921,0.2921,9.982,0.1548,0.0,0.0,0.0,0.0,0.0,0.0,126.21,67.45,126.22,67.36,126.22,67.36,13.2,75.77,CUDA,Bicubic Baseline (3x)
537,00000683_004.png,sub_NIH,3,ok,32.961,32.8835,5.7344,0.9687,0.995,0.1376,9.9679,0.073,32.961,32.961,32.8835,5.7344,0.9687,0.9687,0.995,0.1376,0.1376,9.9679,0.073,0.0,0.0,0.0,0.0,0.0,0.0,171.15,67.21,171.23,66.89,171.23,66.89,13.38,74.73,CUDA,Bicubic Baseline (3x)
538,00000686_000.png,sub_NIH,3,ok,40.0506,6.4272,2.5352,0.9497,0.9918,0.2376,9.9836,0.152,40.0506,40.0506,6.4272,2.5352,0.9497,0.9497,0.9918,0.2376,0.2376,9.9836,0.152,0.0,0.0,0.0,0.0,0.0,0.0,111.92,68.77,111.94,68.69,111.94,68.69,13.07,76.51,CUDA,Bicubic Baseline (3x)
539,00000688_000.png,sub_NIH,3,ok,43.9561,2.615,1.6171,0.9784,0.9959,0.1557,9.987,0.1896,43.9561,43.9561,2.615,1.6171,0.9784,0.9784,0.9959,0.1557,0.1557,9.987,0.1896,0.0,0.0,0.0,0.0,0.0,0.0,158.85,53.99,158.85,53.94,158.85,53.94,13.04,76.67,CUDA,Bicubic Baseline (3x)
540,00000688_001.png,sub_NIH,3,ok,41.4036,4.7067,2.1695,0.9589,0.9938,0.2289,9.9909,0.0776,41.4036,41.4036,4.7067,2.1695,0.9589,0.9589,0.9938,0.2289,0.2289,9.9909,0.0776,0.0,0.0,0.0,0.0,0.0,0.0,130.57,78.1,130.59,78.06,130.59,78.06,13.12,76.19,CUDA,Bicubic Baseline (3x)
541,00000688_002.png,sub_NIH,3,ok,39.7874,6.8288,2.6132,0.9463,0.992,0.2907,9.9849,0.1163,39.7874,39.7874,6.8288,2.6132,0.9463,0.9463,0.992,0.2907,0.2907,9.9849,0.1163,0.0,0.0,0.0,0.0,0.0,0.0,140.12,74.55,140.13,74.47,140.13,74.47,13.49,74.11,CUDA,Bicubic Baseline (3x)
542,00000694_002.png,sub_NIH,3,ok,39.9193,6.6245,2.5738,0.9502,0.9921,0.2606,9.9851,0.1376,39.9193,39.9193,6.6245,2.5738,0.9502,0.9502,0.9921,0.2606,0.2606,9.9851,0.1376,0.0,0.0,0.0,0.0,0.0,0.0,121.31,67.36,121.33,67.29,121.33,67.29,15.08,66.29,CUDA,Bicubic Baseline (3x)
543,00000696_000.png,sub_NIH,3,ok,34.6736,22.1676,4.7082,0.9705,0.9953,0.1643,9.9581,0.1434,34.6736,34.6736,22.1676,4.7082,0.9705,0.9705,0.9953,0.1643,0.1643,9.9581,0.1434,0.0,0.0,0.0,0.0,0.0,0.0,145.04,70.48,145.1,70.14,145.1,70.14,13.11,76.3,CUDA,Bicubic Baseline (3x)
544,00000698_000.png,sub_NIH,3,ok,35.8034,17.0898,4.134,0.9697,0.9952,0.1593,9.9819,0.1009,35.8034,35.8034,17.0898,4.134,0.9697,0.9697,0.9952,0.1593,0.1593,9.9819,0.1009,0.0,0.0,0.0,0.0,0.0,0.0,161.79,62.07,161.85,61.88,161.85,61.88,13.26,75.4,CUDA,Bicubic Baseline (3x)
545,00000699_001.png,sub_NIH,3,ok,39.1223,7.9588,2.8211,0.9485,0.9918,0.2742,9.9812,0.1592,39.1223,39.1223,7.9588,2.8211,0.9485,0.9485,0.9918,0.2742,0.2742,9.9812,0.1592,0.0,0.0,0.0,0.0,0.0,0.0,131.32,56.86,131.33,56.75,131.33,56.75,13.38,74.72,CUDA,Bicubic Baseline (3x)
546,00000702_003.png,sub_NIH,3,ok,39.6577,7.0358,2.6525,0.9446,0.9914,0.2938,9.9861,0.1162,39.6577,39.6577,7.0358,2.6525,0.9446,0.9446,0.9914,0.2938,0.2938,9.9861,0.1162,0.0,0.0,0.0,0.0,0.0,0.0,123.3,70.04,123.32,69.97,123.32,69.97,14.36,69.65,CUDA,Bicubic Baseline (3x)
547,00000705_001.png,sub_NIH,3,ok,32.6991,34.9278,5.91,0.9522,0.9916,0.2323,9.9663,0.0977,32.6991,32.6991,34.9278,5.91,0.9522,0.9522,0.9916,0.2323,0.2323,9.9663,0.0977,0.0,0.0,0.0,0.0,0.0,0.0,143.68,66.52,143.75,66.15,143.75,66.15,13.37,74.81,CUDA,Bicubic Baseline (3x)
548,00000705_002.png,sub_NIH,3,ok,43.3691,2.9935,1.7302,0.9726,0.9949,0.1809,9.9893,0.1502,43.3691,43.3691,2.9935,1.7302,0.9726,0.9726,0.9949,0.1809,0.1809,9.9893,0.1502,0.0,0.0,0.0,0.0,0.0,0.0,107.34,36.18,107.35,36.12,107.35,36.12,13.32,75.09,CUDA,Bicubic Baseline (3x)
549,00000709_006.png,sub_NIH,3,ok,41.0626,5.0912,2.2564,0.9484,0.9919,0.2686,9.9868,0.1299,41.0626,41.0626,5.0912,2.2564,0.9484,0.9484,0.9919,0.2686,0.2686,9.9868,0.1299,0.0,0.0,0.0,0.0,0.0,0.0,122.26,79.01,122.27,78.96,122.27,78.96,13.63,73.37,CUDA,Bicubic Baseline (3x)
550,00000711_003.png,sub_NIH,3,ok,31.5053,45.9775,6.7807,0.9555,0.9919,0.2382,9.9341,0.1884,31.5053,31.5053,45.9775,6.7807,0.9555,0.9555,0.9919,0.2382,0.2382,9.9341,0.1884,0.0,0.0,0.0,0.0,0.0,0.0,117.35,66.84,117.42,66.35,117.42,66.35,19.09,52.39,CUDA,Bicubic Baseline (3x)
551,00000711_007.png,sub_NIH,3,ok,36.4744,14.6432,3.8266,0.9774,0.9964,0.1251,9.988,0.0535,36.4744,36.4744,14.6432,3.8266,0.9774,0.9774,0.9964,0.1251,0.1251,9.988,0.0535,0.0,0.0,0.0,0.0,0.0,0.0,170.51,48.41,170.57,48.22,170.57,48.22,13.08,76.47,CUDA,Bicubic Baseline (3x)
552,00000711_010.png,sub_NIH,3,ok,36.5785,14.2966,3.7811,0.9786,0.9968,0.1329,9.9844,0.0751,36.5785,36.5785,14.2966,3.7811,0.9786,0.9786,0.9968,0.1329,0.1329,9.9844,0.0751,0.0,0.0,0.0,0.0,0.0,0.0,141.83,68.57,141.89,68.45,141.89,68.45,15.3,65.35,CUDA,Bicubic Baseline (3x)
553,00000712_000.png,sub_NIH,3,ok,39.1148,7.9725,2.8236,0.9434,0.9908,0.2795,9.9799,0.1836,39.1148,39.1148,7.9725,2.8236,0.9434,0.9434,0.9908,0.2795,0.2795,9.9799,0.1836,0.0,0.0,0.0,0.0,0.0,0.0,123.5,66.62,123.5,66.53,123.5,66.53,13.18,75.86,CUDA,Bicubic Baseline (3x)
554,00000714_000.png,sub_NIH,3,ok,42.9131,3.3249,1.8234,0.9744,0.995,0.1596,9.9854,0.23,42.9131,42.9131,3.3249,1.8234,0.9744,0.9744,0.995,0.1596,0.1596,9.9854,0.23,0.0,0.0,0.0,0.0,0.0,0.0,159.19,49.45,159.19,49.38,159.19,49.38,13.65,73.24,CUDA,Bicubic Baseline (3x)
555,00000714_001.png,sub_NIH,3,ok,35.5201,18.2421,4.2711,0.9635,0.9938,0.1803,9.9722,0.1309,35.5201,35.5201,18.2421,4.2711,0.9635,0.9635,0.9938,0.1803,0.1803,9.9722,0.1309,0.0,0.0,0.0,0.0,0.0,0.0,160.84,62.17,160.91,61.89,160.91,61.89,13.32,75.1,CUDA,Bicubic Baseline (3x)
556,00000720_001.png,sub_NIH,3,ok,39.7315,6.9172,2.6301,0.9481,0.9921,0.2753,9.9825,0.1422,39.7315,39.7315,6.9172,2.6301,0.9481,0.9481,0.9921,0.2753,0.2753,9.9825,0.1422,0.0,0.0,0.0,0.0,0.0,0.0,118.89,71.06,118.91,70.98,118.91,70.98,13.4,74.64,CUDA,Bicubic Baseline (3x)
557,00000720_004.png,sub_NIH,3,ok,30.7715,54.4421,7.3785,0.9557,0.9927,0.2456,9.897,0.2241,30.7715,30.7715,54.4421,7.3785,0.9557,0.9557,0.9927,0.2456,0.2456,9.897,0.2241,0.0,0.0,0.0,0.0,0.0,0.0,129.52,61.26,129.61,60.5,129.61,60.5,13.35,74.91,CUDA,Bicubic Baseline (3x)
558,00000721_000.png,sub_NIH,3,ok,40.3001,6.0683,2.4634,0.9709,0.9943,0.1803,9.9829,0.1766,40.3001,40.3001,6.0683,2.4634,0.9709,0.9709,0.9943,0.1803,0.1803,9.9829,0.1766,0.0,0.0,0.0,0.0,0.0,0.0,163.07,52.35,163.08,52.23,163.08,52.23,13.35,74.93,CUDA,Bicubic Baseline (3x)
559,00000721_001.png,sub_NIH,3,ok,33.6931,27.7824,5.2709,0.9631,0.9941,0.1911,9.9713,0.0858,33.6931,33.6931,27.7824,5.2709,0.9631,0.9631,0.9941,0.1911,0.1911,9.9713,0.0858,0.0,0.0,0.0,0.0,0.0,0.0,161.12,59.49,161.2,59.17,161.2,59.17,13.06,76.58,CUDA,Bicubic Baseline (3x)
560,00000725_000.png,sub_NIH,3,ok,35.2102,19.5912,4.4262,0.9689,0.9952,0.1536,9.9638,0.2058,35.2102,35.2102,19.5912,4.4262,0.9689,0.9689,0.9952,0.1536,0.1536,9.9638,0.2058,0.0,0.0,0.0,0.0,0.0,0.0,170.69,59.62,170.76,59.3,170.76,59.3,13.05,76.6,CUDA,Bicubic Baseline (3x)
561,00000727_000.png,sub_NIH,3,ok,41.208,4.9235,2.2189,0.9699,0.9942,0.1794,9.9796,0.2622,41.208,41.208,4.9235,2.2189,0.9699,0.9699,0.9942,0.1794,0.1794,9.9796,0.2622,0.0,0.0,0.0,0.0,0.0,0.0,156.6,54.48,156.6,54.38,156.6,54.38,13.21,75.68,CUDA,Bicubic Baseline (3x)
562,00000727_003.png,sub_NIH,3,ok,38.0674,10.1471,3.1854,0.9494,0.9918,0.2574,9.9718,0.2129,38.0674,38.0674,10.1471,3.1854,0.9494,0.9494,0.9918,0.2574,0.2574,9.9718,0.2129,0.0,0.0,0.0,0.0,0.0,0.0,102.83,69.66,102.84,69.54,102.84,69.54,13.18,75.89,CUDA,Bicubic Baseline (3x)
563,00000727_009.png,sub_NIH,3,ok,40.853,5.343,2.3115,0.9642,0.994,0.1975,9.9816,0.1928,40.853,40.853,5.343,2.3115,0.9642,0.9642,0.994,0.1975,0.1975,9.9816,0.1928,0.0,0.0,0.0,0.0,0.0,0.0,106.43,70.07,106.44,69.99,106.44,69.99,13.14,76.11,CUDA,Bicubic Baseline (3x)
564,00000732_006.png,sub_NIH,3,ok,39.421,7.4298,2.7258,0.944,0.9906,0.2687,9.9784,0.1828,39.421,39.421,7.4298,2.7258,0.944,0.944,0.9906,0.2687,0.2687,9.9784,0.1828,0.0,0.0,0.0,0.0,0.0,0.0,109.94,69.25,109.95,69.16,109.95,69.16,13.7,72.98,CUDA,Bicubic Baseline (3x)
565,00000733_000.png,sub_NIH,3,ok,44.1736,2.4872,1.5771,0.9743,0.9949,0.1607,9.9888,0.1897,44.1736,44.1736,2.4872,1.5771,0.9743,0.9743,0.9949,0.1607,0.1607,9.9888,0.1897,0.0,0.0,0.0,0.0,0.0,0.0,171.72,45.82,171.72,45.77,171.72,45.77,13.23,75.61,CUDA,Bicubic Baseline (3x)
566,00000733_003.png,sub_NIH,3,ok,38.7628,8.6457,2.9404,0.9414,0.9905,0.2932,9.9813,0.1569,38.7628,38.7628,8.6457,2.9404,0.9414,0.9414,0.9905,0.2932,0.2932,9.9813,0.1569,0.0,0.0,0.0,0.0,0.0,0.0,120.26,71.54,120.28,71.45,120.28,71.45,13.1,76.32,CUDA,Bicubic Baseline (3x)
567,00000739_000.png,sub_NIH,3,ok,39.6837,6.9937,2.6446,0.9503,0.9918,0.2513,9.9856,0.133,39.6837,39.6837,6.9937,2.6446,0.9503,0.9503,0.9918,0.2513,0.2513,9.9856,0.133,0.0,0.0,0.0,0.0,0.0,0.0,106.14,59.65,106.16,59.57,106.16,59.57,13.14,76.11,CUDA,Bicubic Baseline (3x)
568,00000740_001.png,sub_NIH,3,ok,36.7978,13.5927,3.6868,0.9739,0.9956,0.1761,9.971,0.2164,36.7978,36.7978,13.5927,3.6868,0.9739,0.9739,0.9956,0.1761,0.1761,9.971,0.2164,0.0,0.0,0.0,0.0,0.0,0.0,130.21,45.99,130.25,45.75,130.25,45.75,13.79,72.53,CUDA,Bicubic Baseline (3x)
569,00000741_000.png,sub_NIH,3,ok,39.4702,7.3462,2.7104,0.9424,0.9909,0.2941,9.9842,0.1345,39.4702,39.4702,7.3462,2.7104,0.9424,0.9424,0.9909,0.2941,0.2941,9.9842,0.1345,0.0,0.0,0.0,0.0,0.0,0.0,127.11,68.76,127.12,68.68,127.12,68.68,13.45,74.37,CUDA,Bicubic Baseline (3x)
570,00000741_004.png,sub_NIH,3,ok,40.0861,6.3749,2.5249,0.9495,0.9918,0.2692,9.9835,0.1538,40.0861,40.0861,6.3749,2.5249,0.9495,0.9495,0.9918,0.2692,0.2692,9.9835,0.1538,0.0,0.0,0.0,0.0,0.0,0.0,121.9,66.45,121.91,66.38,121.91,66.38,13.38,74.72,CUDA,Bicubic Baseline (3x)
571,00000742_002.png,sub_NIH,3,ok,44.2059,2.4688,1.5713,0.9751,0.9949,0.161,9.9882,0.2036,44.2059,44.2059,2.4688,1.5713,0.9751,0.9751,0.9949,0.161,0.161,9.9882,0.2036,0.0,0.0,0.0,0.0,0.0,0.0,165.98,42.58,165.99,42.53,165.99,42.53,14.53,68.81,CUDA,Bicubic Baseline (3x)
572,00000744_005.png,sub_NIH,3,ok,38.8935,8.3893,2.8964,0.942,0.9907,0.2894,9.9788,0.1731,38.8935,38.8935,8.3893,2.8964,0.942,0.942,0.9907,0.2894,0.2894,9.9788,0.1731,0.0,0.0,0.0,0.0,0.0,0.0,124.65,64.35,124.66,64.24,124.66,64.24,13.15,76.07,CUDA,Bicubic Baseline (3x)
573,00000744_011.png,sub_NIH,3,ok,39.1675,7.8765,2.8065,0.944,0.991,0.2814,9.9796,0.1749,39.1675,39.1675,7.8765,2.8065,0.944,0.944,0.991,0.2814,0.2814,9.9796,0.1749,0.0,0.0,0.0,0.0,0.0,0.0,118.0,66.37,118.0,66.28,118.0,66.28,13.79,72.53,CUDA,Bicubic Baseline (3x)
574,00000746_000.png,sub_NIH,3,ok,41.8861,4.2119,2.0523,0.9545,0.993,0.2711,9.9877,0.1241,41.8861,41.8861,4.2119,2.0523,0.9545,0.9545,0.993,0.2711,0.2711,9.9877,0.1241,0.0,0.0,0.0,0.0,0.0,0.0,124.06,60.6,124.07,60.54,124.07,60.54,13.17,75.91,CUDA,Bicubic Baseline (3x)
575,00000754_001.png,sub_NIH,3,ok,32.1401,39.7255,6.3028,0.9539,0.9915,0.2063,9.9178,0.2554,32.1401,32.1401,39.7255,6.3028,0.9539,0.9539,0.9915,0.2063,0.2063,9.9178,0.2554,0.0,0.0,0.0,0.0,0.0,0.0,128.67,48.97,128.74,48.25,128.74,48.25,14.62,68.38,CUDA,Bicubic Baseline (3x)
576,00000756_004.png,sub_NIH,3,ok,33.7836,27.2097,5.2163,0.9632,0.994,0.1971,9.9697,0.0637,33.7836,33.7836,27.2097,5.2163,0.9632,0.9632,0.994,0.1971,0.1971,9.9697,0.0637,0.0,0.0,0.0,0.0,0.0,0.0,165.48,52.06,165.56,51.62,165.56,51.62,13.35,74.89,CUDA,Bicubic Baseline (3x)
577,00000756_005.png,sub_NIH,3,ok,35.6005,17.9073,4.2317,0.9743,0.9963,0.1548,9.9894,0.0093,35.6005,35.6005,17.9073,4.2317,0.9743,0.9743,0.9963,0.1548,0.1548,9.9894,0.0093,0.0,0.0,0.0,0.0,0.0,0.0,172.37,37.46,172.43,37.18,172.43,37.18,13.22,75.65,CUDA,Bicubic Baseline (3x)
578,00000761_003.png,sub_NIH,3,ok,32.8359,33.8447,5.8176,0.9595,0.9922,0.2159,9.9284,0.2872,32.8359,32.8359,33.8447,5.8176,0.9595,0.9595,0.9922,0.2159,0.2159,9.9284,0.2872,0.0,0.0,0.0,0.0,0.0,0.0,111.28,62.94,111.32,62.5,111.32,62.5,13.22,75.62,CUDA,Bicubic Baseline (3x)
579,00000761_006.png,sub_NIH,3,ok,32.607,35.676,5.9729,0.9552,0.9916,0.2249,9.9326,0.2402,32.607,32.607,35.676,5.9729,0.9552,0.9552,0.9916,0.2249,0.2249,9.9326,0.2402,0.0,0.0,0.0,0.0,0.0,0.0,96.31,55.44,96.37,54.95,96.37,54.95,13.53,73.93,CUDA,Bicubic Baseline (3x)
580,00000761_011.png,sub_NIH,3,ok,36.8113,13.5504,3.6811,0.9755,0.9958,0.1567,9.9767,0.1862,36.8113,36.8113,13.5504,3.6811,0.9755,0.9755,0.9958,0.1567,0.1567,9.9767,0.1862,0.0,0.0,0.0,0.0,0.0,0.0,109.78,70.25,109.82,70.13,109.82,70.13,13.35,74.88,CUDA,Bicubic Baseline (3x)
581,00000764_000.png,sub_NIH,3,ok,43.9919,2.5935,1.6104,0.9753,0.9951,0.1688,9.9871,0.2075,43.9919,43.9919,2.5935,1.6104,0.9753,0.9753,0.9951,0.1688,0.1688,9.9871,0.2075,0.0,0.0,0.0,0.0,0.0,0.0,173.3,40.7,173.3,40.64,173.3,40.64,13.59,73.58,CUDA,Bicubic Baseline (3x)
582,00000766_000.png,sub_NIH,3,ok,39.2297,7.7644,2.7865,0.9711,0.9944,0.1578,9.978,0.1906,39.2297,39.2297,7.7644,2.7865,0.9711,0.9711,0.9944,0.1578,0.1578,9.978,0.1906,0.0,0.0,0.0,0.0,0.0,0.0,168.58,51.48,168.58,51.33,168.58,51.33,16.24,61.59,CUDA,Bicubic Baseline (3x)
583,00000766_011.png,sub_NIH,3,ok,39.8274,6.7662,2.6012,0.9428,0.9907,0.2887,9.9829,0.1648,39.8274,39.8274,6.7662,2.6012,0.9428,0.9428,0.9907,0.2887,0.2887,9.9829,0.1648,0.0,0.0,0.0,0.0,0.0,0.0,122.38,73.89,122.4,73.81,122.4,73.81,13.11,76.31,CUDA,Bicubic Baseline (3x)
584,00000766_013.png,sub_NIH,3,ok,32.4406,37.07,6.0885,0.9689,0.9947,0.1846,9.9516,0.1585,32.4406,32.4406,37.07,6.0885,0.9689,0.9689,0.9947,0.1846,0.1846,9.9516,0.1585,0.0,0.0,0.0,0.0,0.0,0.0,112.0,62.47,112.06,62.1,112.06,62.1,14.07,71.07,CUDA,Bicubic Baseline (3x)
585,00000766_021.png,sub_NIH,3,ok,35.9195,16.6392,4.0791,0.971,0.9945,0.1719,9.9733,0.2091,35.9195,35.9195,16.6392,4.0791,0.971,0.971,0.9945,0.1719,0.1719,9.9733,0.2091,0.0,0.0,0.0,0.0,0.0,0.0,111.67,56.35,111.72,56.15,111.72,56.15,13.28,75.3,CUDA,Bicubic Baseline (3x)
586,00000766_022.png,sub_NIH,3,ok,35.6143,17.8503,4.225,0.969,0.994,0.1686,9.9682,0.2301,35.6143,35.6143,17.8503,4.225,0.969,0.969,0.994,0.1686,0.1686,9.9682,0.2301,0.0,0.0,0.0,0.0,0.0,0.0,113.38,54.47,113.43,54.24,113.43,54.24,13.13,76.17,CUDA,Bicubic Baseline (3x)
587,00000772_000.png,sub_NIH,3,ok,40.1248,6.3182,2.5136,0.9514,0.9926,0.2871,9.9861,0.1267,40.1248,40.1248,6.3182,2.5136,0.9514,0.9514,0.9926,0.2871,0.2871,9.9861,0.1267,0.0,0.0,0.0,0.0,0.0,0.0,138.51,66.16,138.53,66.09,138.53,66.09,13.6,73.5,CUDA,Bicubic Baseline (3x)
588,00000772_003.png,sub_NIH,3,ok,39.9115,6.6363,2.5761,0.9507,0.9926,0.276,9.9845,0.1329,39.9115,39.9115,6.6363,2.5761,0.9507,0.9507,0.9926,0.276,0.276,9.9845,0.1329,0.0,0.0,0.0,0.0,0.0,0.0,132.0,73.4,132.02,73.32,132.02,73.32,15.4,64.92,CUDA,Bicubic Baseline (3x)
589,00000772_005.png,sub_NIH,3,ok,34.6171,22.4577,4.739,0.9625,0.9936,0.2517,9.9755,0.1259,34.6171,34.6171,22.4577,4.739,0.9625,0.9625,0.9936,0.2517,0.2517,9.9755,0.1259,0.0,0.0,0.0,0.0,0.0,0.0,126.82,42.65,126.88,42.26,126.88,42.26,13.35,74.93,CUDA,Bicubic Baseline (3x)
590,00000772_009.png,sub_NIH,3,ok,31.8679,42.2953,6.5035,0.9516,0.992,0.2659,9.9249,0.2141,31.8679,31.8679,42.2953,6.5035,0.9516,0.9516,0.992,0.2659,0.2659,9.9249,0.2141,0.0,0.0,0.0,0.0,0.0,0.0,125.37,66.29,125.44,65.8,125.44,65.8,14.33,69.77,CUDA,Bicubic Baseline (3x)
591,00000773_000.png,sub_NIH,3,ok,41.167,4.9703,2.2294,0.9743,0.9949,0.1352,9.9798,0.2728,41.167,41.167,4.9703,2.2294,0.9743,0.9743,0.9949,0.1352,0.1352,9.9798,0.2728,0.0,0.0,0.0,0.0,0.0,0.0,216.27,34.32,216.27,34.17,216.27,34.17,15.74,63.54,CUDA,Bicubic Baseline (3x)
592,00000776_000.png,sub_NIH,3,ok,33.6816,27.8562,5.2779,0.9575,0.9928,0.1917,9.9141,0.3693,33.6816,33.6816,27.8562,5.2779,0.9575,0.9575,0.9928,0.1917,0.1917,9.9141,0.3693,0.0,0.0,0.0,0.0,0.0,0.0,157.15,58.93,157.23,58.38,157.23,58.38,13.14,76.08,CUDA,Bicubic Baseline (3x)
593,00000781_004.png,sub_NIH,3,ok,34.9781,20.6669,4.5461,0.969,0.9951,0.1541,9.9828,0.0517,34.9781,34.9781,20.6669,4.5461,0.969,0.969,0.9951,0.1541,0.1541,9.9828,0.0517,0.0,0.0,0.0,0.0,0.0,0.0,167.26,62.84,167.32,62.63,167.32,62.63,14.67,68.17,CUDA,Bicubic Baseline (3x)
594,00000781_005.png,sub_NIH,3,ok,39.8956,6.6608,2.5808,0.9432,0.991,0.2788,9.9857,0.1344,39.8956,39.8956,6.6608,2.5808,0.9432,0.9432,0.991,0.2788,0.2788,9.9857,0.1344,0.0,0.0,0.0,0.0,0.0,0.0,118.04,67.97,118.05,67.9,118.05,67.9,13.19,75.81,CUDA,Bicubic Baseline (3x)
595,00000781_006.png,sub_NIH,3,ok,39.3629,7.5299,2.7441,0.9528,0.9925,0.2604,9.9791,0.1866,39.3629,39.3629,7.5299,2.7441,0.9528,0.9528,0.9925,0.2604,0.2604,9.9791,0.1866,0.0,0.0,0.0,0.0,0.0,0.0,130.55,61.87,130.57,61.76,130.57,61.76,13.7,73.0,CUDA,Bicubic Baseline (3x)
596,00000783_000.png,sub_NIH,3,ok,32.6879,35.0182,5.9176,0.9556,0.9918,0.2064,9.9594,0.1624,32.6879,32.6879,35.0182,5.9176,0.9556,0.9556,0.9918,0.2064,0.2064,9.9594,0.1624,0.0,0.0,0.0,0.0,0.0,0.0,128.81,57.64,128.87,57.23,128.87,57.23,13.16,76.0,CUDA,Bicubic Baseline (3x)
597,00000783_001.png,sub_NIH,3,ok,39.2226,7.7772,2.7888,0.9557,0.9927,0.2372,9.9759,0.2094,39.2226,39.2226,7.7772,2.7888,0.9557,0.9557,0.9927,0.2372,0.2372,9.9759,0.2094,0.0,0.0,0.0,0.0,0.0,0.0,111.22,65.59,111.23,65.48,111.23,65.48,13.76,72.65,CUDA,Bicubic Baseline (3x)
598,00000783_002.png,sub_NIH,3,ok,32.1106,39.9962,6.3243,0.9453,0.9902,0.2279,9.9247,0.2343,32.1106,32.1106,39.9962,6.3243,0.9453,0.9453,0.9902,0.2279,0.2279,9.9247,0.2343,0.0,0.0,0.0,0.0,0.0,0.0,142.8,58.43,142.85,57.89,142.85,57.89,13.19,75.82,CUDA,Bicubic Baseline (3x)
599,00000786_000.png,sub_NIH,3,ok,39.5073,7.2837,2.6988,0.9474,0.9915,0.2715,9.9823,0.1601,39.5073,39.5073,7.2837,2.6988,0.9474,0.9474,0.9915,0.2715,0.2715,9.9823,0.1601,0.0,0.0,0.0,0.0,0.0,0.0,127.04,65.61,127.05,65.52,127.05,65.52,13.46,74.27,CUDA,Bicubic Baseline (3x)
600,00000787_003.png,sub_NIH,3,ok,33.4637,29.2891,5.4119,0.9785,0.9969,0.1272,9.9501,0.2227,33.4637,33.4637,29.2891,5.4119,0.9785,0.9785,0.9969,0.1272,0.1272,9.9501,0.2227,0.0,0.0,0.0,0.0,0.0,0.0,160.03,57.87,160.09,57.54,160.09,57.54,13.52,73.97,CUDA,Bicubic Baseline (3x)
601,00000787_004.png,sub_NIH,3,ok,30.7721,54.434,7.3779,0.9681,0.9946,0.1683,9.9411,0.206,30.7721,30.7721,54.434,7.3779,0.9681,0.9681,0.9946,0.1683,0.1683,9.9411,0.206,0.0,0.0,0.0,0.0,0.0,0.0,171.97,33.78,172.05,32.77,172.05,32.77,15.18,65.86,CUDA,Bicubic Baseline (3x)
602,00000789_000.png,sub_NIH,3,ok,42.5153,3.6438,1.9089,0.976,0.9954,0.1405,9.9849,0.2081,42.5153,42.5153,3.6438,1.9089,0.976,0.976,0.9954,0.1405,0.1405,9.9849,0.2081,0.0,0.0,0.0,0.0,0.0,0.0,157.35,64.63,157.36,64.57,157.36,64.57,13.78,72.56,CUDA,Bicubic Baseline (3x)
603,00000792_001.png,sub_NIH,3,ok,39.98,6.5325,2.5559,0.9528,0.9925,0.2435,9.9815,0.1686,39.98,39.98,6.5325,2.5559,0.9528,0.9528,0.9925,0.2435,0.2435,9.9815,0.1686,0.0,0.0,0.0,0.0,0.0,0.0,132.8,65.98,132.81,65.89,132.81,65.89,13.54,73.84,CUDA,Bicubic Baseline (3x)
604,00000796_000.png,sub_NIH,3,ok,38.7792,8.6131,2.9348,0.934,0.9893,0.3033,9.9822,0.1437,38.7792,38.7792,8.6131,2.9348,0.934,0.934,0.9893,0.3033,0.3033,9.9822,0.1437,0.0,0.0,0.0,0.0,0.0,0.0,128.42,72.01,128.43,71.93,128.43,71.93,13.38,74.74,CUDA,Bicubic Baseline (3x)
605,00000796_005.png,sub_NIH,3,ok,32.321,38.1045,6.1729,0.9696,0.9949,0.145,9.9728,0.0286,32.321,32.321,38.1045,6.1729,0.9696,0.9696,0.9949,0.145,0.145,9.9728,0.0286,0.0,0.0,0.0,0.0,0.0,0.0,150.5,69.95,150.59,69.62,150.59,69.62,13.33,75.03,CUDA,Bicubic Baseline (3x)
606,00000797_003.png,sub_NIH,3,ok,32.8348,33.8532,5.8184,0.9611,0.9932,0.2431,9.9337,0.2384,32.8348,32.8348,33.8532,5.8184,0.9611,0.9611,0.9932,0.2431,0.2431,9.9337,0.2384,0.0,0.0,0.0,0.0,0.0,0.0,118.22,57.21,118.27,56.75,118.27,56.75,13.57,73.71,CUDA,Bicubic Baseline (3x)
607,00000797_004.png,sub_NIH,3,ok,32.3018,38.274,6.1866,0.9554,0.9923,0.244,9.9372,0.1971,32.3018,32.3018,38.274,6.1866,0.9554,0.9554,0.9923,0.244,0.244,9.9372,0.1971,0.0,0.0,0.0,0.0,0.0,0.0,113.96,52.72,114.03,52.16,114.03,52.16,13.44,74.42,CUDA,Bicubic Baseline (3x)
608,00000798_001.png,sub_NIH,3,ok,36.7874,13.6251,3.6912,0.9671,0.9943,0.1644,9.9716,0.2305,36.7874,36.7874,13.6251,3.6912,0.9671,0.9671,0.9943,0.1644,0.1644,9.9716,0.2305,0.0,0.0,0.0,0.0,0.0,0.0,156.53,60.9,156.57,60.72,156.57,60.72,13.2,75.74,CUDA,Bicubic Baseline (3x)
609,00000798_005.png,sub_NIH,3,ok,38.4909,9.2043,3.0339,0.9503,0.9918,0.2458,9.9718,0.2091,38.4909,38.4909,9.2043,3.0339,0.9503,0.9503,0.9918,0.2458,0.2458,9.9718,0.2091,0.0,0.0,0.0,0.0,0.0,0.0,108.21,67.97,108.22,67.84,108.22,67.84,13.45,74.38,CUDA,Bicubic Baseline (3x)
610,00000798_022.png,sub_NIH,3,ok,32.6672,35.1852,5.9317,0.9646,0.9923,0.1931,9.9367,0.2471,32.6672,32.6672,35.1852,5.9317,0.9646,0.9646,0.9923,0.1931,0.1931,9.9367,0.2471,0.0,0.0,0.0,0.0,0.0,0.0,116.11,48.79,116.16,48.24,116.16,48.24,13.27,75.37,CUDA,Bicubic Baseline (3x)
611,00000798_023.png,sub_NIH,3,ok,33.5052,29.0111,5.3862,0.9671,0.9936,0.1866,9.9479,0.2395,33.5052,33.5052,29.0111,5.3862,0.9671,0.9671,0.9936,0.1866,0.1866,9.9479,0.2395,0.0,0.0,0.0,0.0,0.0,0.0,111.81,54.98,111.85,54.6,111.85,54.6,13.12,76.24,CUDA,Bicubic Baseline (3x)
612,00000798_028.png,sub_NIH,3,ok,35.7871,17.1542,4.1418,0.9687,0.9942,0.1888,9.9723,0.2114,35.7871,35.7871,17.1542,4.1418,0.9687,0.9687,0.9942,0.1888,0.1888,9.9723,0.2114,0.0,0.0,0.0,0.0,0.0,0.0,120.05,50.35,120.1,50.11,120.1,50.11,13.26,75.4,CUDA,Bicubic Baseline (3x)
613,00000798_034.png,sub_NIH,3,ok,34.2917,24.2051,4.9199,0.9696,0.9944,0.1967,9.9638,0.1961,34.2917,34.2917,24.2051,4.9199,0.9696,0.9696,0.9944,0.1967,0.1967,9.9638,0.1961,0.0,0.0,0.0,0.0,0.0,0.0,123.79,44.63,123.84,44.28,123.84,44.28,13.31,75.15,CUDA,Bicubic Baseline (3x)
614,00000798_036.png,sub_NIH,3,ok,33.9005,26.4866,5.1465,0.9668,0.9942,0.201,9.9416,0.261,33.9005,33.9005,26.4866,5.1465,0.9668,0.9668,0.9942,0.201,0.201,9.9416,0.261,0.0,0.0,0.0,0.0,0.0,0.0,118.02,50.19,118.07,49.78,118.07,49.78,13.96,71.62,CUDA,Bicubic Baseline (3x)
615,00000798_040.png,sub_NIH,3,ok,33.3562,30.0233,5.4793,0.968,0.9937,0.1863,9.9359,0.2774,33.3562,33.3562,30.0233,5.4793,0.968,0.968,0.9937,0.1863,0.1863,9.9359,0.2774,0.0,0.0,0.0,0.0,0.0,0.0,108.38,56.88,108.43,56.47,108.43,56.47,13.11,76.26,CUDA,Bicubic Baseline (3x)
616,00000805_000.png,sub_NIH,3,ok,39.4207,7.4303,2.7259,0.9476,0.9918,0.2756,9.982,0.1588,39.4207,39.4207,7.4303,2.7259,0.9476,0.9476,0.9918,0.2756,0.2756,9.982,0.1588,0.0,0.0,0.0,0.0,0.0,0.0,113.92,67.83,113.93,67.74,113.93,67.74,15.66,63.87,CUDA,Bicubic Baseline (3x)
617,00000805_001.png,sub_NIH,3,ok,42.8628,3.3635,1.834,0.9685,0.9945,0.2237,9.9896,0.1293,42.8628,42.8628,3.3635,1.834,0.9685,0.9685,0.9945,0.2237,0.2237,9.9896,0.1293,0.0,0.0,0.0,0.0,0.0,0.0,106.21,35.58,106.21,35.51,106.21,35.51,13.36,74.84,CUDA,Bicubic Baseline (3x)
618,00000805_002.png,sub_NIH,3,ok,39.577,7.1677,2.6773,0.945,0.9914,0.2889,9.9809,0.1663,39.577,39.577,7.1677,2.6773,0.945,0.945,0.9914,0.2889,0.2889,9.9809,0.1663,0.0,0.0,0.0,0.0,0.0,0.0,124.44,62.39,124.44,62.3,124.44,62.3,13.51,74.03,CUDA,Bicubic Baseline (3x)
619,00000806_000.png,sub_NIH,3,ok,45.238,1.9466,1.3952,0.9867,0.9975,0.1093,9.9878,0.2298,45.238,45.238,1.9466,1.3952,0.9867,0.9867,0.9975,0.1093,0.1093,9.9878,0.2298,0.0,0.0,0.0,0.0,0.0,0.0,169.11,39.67,169.12,39.62,169.12,39.62,13.5,74.09,CUDA,Bicubic Baseline (3x)
620,00000807_000.png,sub_NIH,3,ok,44.8726,2.1175,1.4552,0.9776,0.9955,0.14,9.99,0.167,44.8726,44.8726,2.1175,1.4552,0.9776,0.9776,0.9955,0.14,0.14,9.99,0.167,0.0,0.0,0.0,0.0,0.0,0.0,167.79,45.25,167.79,45.21,167.79,45.21,13.21,75.71,CUDA,Bicubic Baseline (3x)
621,00000808_007.png,sub_NIH,3,ok,33.319,30.282,5.5029,0.9762,0.9958,0.162,9.9688,0.1401,33.319,33.319,30.282,5.5029,0.9762,0.9762,0.9958,0.162,0.162,9.9688,0.1401,0.0,0.0,0.0,0.0,0.0,0.0,121.87,52.97,121.92,52.62,121.92,52.62,13.52,73.98,CUDA,Bicubic Baseline (3x)
622,00000808_008.png,sub_NIH,3,ok,38.3506,9.5065,3.0833,0.9796,0.9967,0.1581,9.9893,0.0604,38.3506,38.3506,9.5065,3.0833,0.9796,0.9796,0.9967,0.1581,0.1581,9.9893,0.0604,0.0,0.0,0.0,0.0,0.0,0.0,121.55,49.19,121.59,49.08,121.59,49.08,13.18,75.86,CUDA,Bicubic Baseline (3x)
623,00000808_009.png,sub_NIH,3,ok,35.2863,19.2509,4.3876,0.9743,0.9952,0.166,9.9633,0.2476,35.2863,35.2863,19.2509,4.3876,0.9743,0.9743,0.9952,0.166,0.166,9.9633,0.2476,0.0,0.0,0.0,0.0,0.0,0.0,112.92,49.98,112.95,49.73,112.95,49.73,13.4,74.63,CUDA,Bicubic Baseline (3x)
624,00000808_010.png,sub_NIH,3,ok,33.9991,25.8923,5.0884,0.9715,0.9953,0.1904,9.9513,0.2389,33.9991,33.9991,25.8923,5.0884,0.9715,0.9715,0.9953,0.1904,0.1904,9.9513,0.2389,0.0,0.0,0.0,0.0,0.0,0.0,112.86,51.95,112.91,51.59,112.91,51.59,13.12,76.19,CUDA,Bicubic Baseline (3x)
625,00000808_013.png,sub_NIH,3,ok,33.2594,30.7001,5.5408,0.9737,0.9951,0.1497,9.9641,0.1627,33.2594,33.2594,30.7001,5.5408,0.9737,0.9737,0.9951,0.1497,0.1497,9.9641,0.1627,0.0,0.0,0.0,0.0,0.0,0.0,159.24,45.51,159.29,45.06,159.29,45.06,13.43,74.47,CUDA,Bicubic Baseline (3x)
626,00000809_000.png,sub_NIH,3,ok,39.8029,6.8044,2.6085,0.9436,0.9907,0.2792,9.9863,0.135,39.8029,39.8029,6.8044,2.6085,0.9436,0.9436,0.9907,0.2792,0.2792,9.9863,0.135,0.0,0.0,0.0,0.0,0.0,0.0,114.21,61.13,114.22,61.05,114.22,61.05,13.22,75.65,CUDA,Bicubic Baseline (3x)
627,00000809_004.png,sub_NIH,3,ok,39.5538,7.2061,2.6844,0.9479,0.9915,0.2693,9.9808,0.1706,39.5538,39.5538,7.2061,2.6844,0.9479,0.9479,0.9915,0.2693,0.2693,9.9808,0.1706,0.0,0.0,0.0,0.0,0.0,0.0,121.34,63.87,121.35,63.77,121.35,63.77,13.9,71.97,CUDA,Bicubic Baseline (3x)
628,00000812_000.png,sub_NIH,3,ok,40.089,6.3707,2.524,0.955,0.9926,0.2262,9.981,0.1658,40.089,40.089,6.3707,2.524,0.955,0.955,0.9926,0.2262,0.2262,9.981,0.1658,0.0,0.0,0.0,0.0,0.0,0.0,101.58,70.29,101.59,70.21,101.59,70.21,13.15,76.07,CUDA,Bicubic Baseline (3x)
629,00000817_001.png,sub_NIH,3,ok,40.0128,6.4834,2.5462,0.9451,0.9915,0.2828,9.9847,0.1331,40.0128,40.0128,6.4834,2.5462,0.9451,0.9451,0.9915,0.2828,0.2828,9.9847,0.1331,0.0,0.0,0.0,0.0,0.0,0.0,122.69,69.13,122.7,69.06,122.7,69.06,13.24,75.53,CUDA,Bicubic Baseline (3x)
630,00000820_000.png,sub_NIH,3,ok,35.9965,16.3466,4.0431,0.9733,0.9956,0.1873,9.973,0.1951,35.9965,35.9965,16.3466,4.0431,0.9733,0.9733,0.9956,0.1873,0.1873,9.973,0.1951,0.0,0.0,0.0,0.0,0.0,0.0,141.11,50.05,141.16,49.82,141.16,49.82,15.03,66.53,CUDA,Bicubic Baseline (3x)
631,00000820_002.png,sub_NIH,3,ok,36.4888,14.5949,3.8203,0.9737,0.9956,0.1868,9.9808,0.1254,36.4888,36.4888,14.5949,3.8203,0.9737,0.9737,0.9956,0.1868,0.1868,9.9808,0.1254,0.0,0.0,0.0,0.0,0.0,0.0,143.54,41.27,143.58,41.02,143.58,41.02,13.15,76.04,CUDA,Bicubic Baseline (3x)
632,00000820_003.png,sub_NIH,3,ok,35.5112,18.2792,4.2754,0.9711,0.9953,0.1932,9.9709,0.1557,35.5112,35.5112,18.2792,4.2754,0.9711,0.9711,0.9953,0.1932,0.1932,9.9709,0.1557,0.0,0.0,0.0,0.0,0.0,0.0,146.88,45.36,146.93,45.06,146.93,45.06,13.56,73.75,CUDA,Bicubic Baseline (3x)
633,00000820_004.png,sub_NIH,3,ok,36.2829,15.3034,3.912,0.9652,0.994,0.2125,9.9716,0.1875,36.2829,36.2829,15.3034,3.912,0.9652,0.9652,0.994,0.2125,0.2125,9.9716,0.1875,0.0,0.0,0.0,0.0,0.0,0.0,141.6,44.82,141.65,44.55,141.65,44.55,13.15,76.07,CUDA,Bicubic Baseline (3x)
634,00000820_015.png,sub_NIH,3,ok,31.9065,41.9208,6.4746,0.967,0.994,0.1887,9.9166,0.2526,31.9065,31.9065,41.9208,6.4746,0.967,0.967,0.994,0.1887,0.1887,9.9166,0.2526,0.0,0.0,0.0,0.0,0.0,0.0,113.66,55.15,113.73,54.57,113.73,54.57,13.31,75.14,CUDA,Bicubic Baseline (3x)
635,00000820_020.png,sub_NIH,3,ok,40.0449,6.4356,2.5369,0.9424,0.9904,0.2805,9.9846,0.1526,40.0449,40.0449,6.4356,2.5369,0.9424,0.9424,0.9904,0.2805,0.2805,9.9846,0.1526,0.0,0.0,0.0,0.0,0.0,0.0,104.11,67.5,104.12,67.43,104.12,67.43,13.39,74.7,CUDA,Bicubic Baseline (3x)
636,00000820_023.png,sub_NIH,3,ok,35.5909,17.9468,4.2364,0.973,0.9954,0.1774,9.9754,0.1476,35.5909,35.5909,17.9468,4.2364,0.973,0.973,0.9954,0.1774,0.1774,9.9754,0.1476,0.0,0.0,0.0,0.0,0.0,0.0,155.83,47.09,155.88,46.83,155.88,46.83,13.54,73.88,CUDA,Bicubic Baseline (3x)
637,00000820_024.png,sub_NIH,3,ok,32.5002,36.5646,6.0469,0.9707,0.9951,0.1796,9.9506,0.1703,32.5002,32.5002,36.5646,6.0469,0.9707,0.9707,0.9951,0.1796,0.1796,9.9506,0.1703,0.0,0.0,0.0,0.0,0.0,0.0,154.73,48.57,154.8,48.01,154.8,48.01,13.2,75.74,CUDA,Bicubic Baseline (3x)
638,00000820_029.png,sub_NIH,3,ok,35.5809,17.9882,4.2412,0.9702,0.9946,0.2149,9.975,0.1952,35.5809,35.5809,17.9882,4.2412,0.9702,0.9702,0.9946,0.2149,0.2149,9.975,0.1952,0.0,0.0,0.0,0.0,0.0,0.0,118.2,38.68,118.25,38.38,118.25,38.38,13.25,75.47,CUDA,Bicubic Baseline (3x)
639,00000822_000.png,sub_NIH,3,ok,44.1002,2.5297,1.5905,0.9814,0.9965,0.1102,9.9874,0.1876,44.1002,44.1002,2.5297,1.5905,0.9814,0.9814,0.9965,0.1102,0.1102,9.9874,0.1876,0.0,0.0,0.0,0.0,0.0,0.0,169.78,67.58,169.79,67.54,169.79,67.54,13.51,74.0,CUDA,Bicubic Baseline (3x)
640,00000823_004.png,sub_NIH,3,ok,41.0185,5.1431,2.2678,0.9596,0.9937,0.2421,9.983,0.1695,41.0185,41.0185,5.1431,2.2678,0.9596,0.9596,0.9937,0.2421,0.2421,9.983,0.1695,0.0,0.0,0.0,0.0,0.0,0.0,110.19,71.92,110.2,71.86,110.2,71.86,13.56,73.77,CUDA,Bicubic Baseline (3x)
641,00000827_001.png,sub_NIH,3,ok,40.0951,6.3616,2.5222,0.9501,0.992,0.2799,9.9815,0.1775,40.0951,40.0951,6.3616,2.5222,0.9501,0.9501,0.992,0.2799,0.2799,9.9815,0.1775,0.0,0.0,0.0,0.0,0.0,0.0,113.89,61.28,113.9,61.19,113.9,61.19,13.31,75.15,CUDA,Bicubic Baseline (3x)
642,00000827_004.png,sub_NIH,3,ok,33.2812,30.5467,5.5269,0.9739,0.9953,0.142,9.9225,0.3095,33.2812,33.2812,30.5467,5.5269,0.9739,0.9739,0.9953,0.142,0.142,9.9225,0.3095,0.0,0.0,0.0,0.0,0.0,0.0,141.78,63.18,141.84,62.76,141.84,62.76,14.04,71.23,CUDA,Bicubic Baseline (3x)
643,00000827_005.png,sub_NIH,3,ok,39.1216,7.9601,2.8214,0.955,0.9929,0.2493,9.9701,0.2225,39.1216,39.1216,7.9601,2.8214,0.955,0.955,0.9929,0.2493,0.2493,9.9701,0.2225,0.0,0.0,0.0,0.0,0.0,0.0,110.27,71.01,110.28,70.9,110.28,70.9,13.37,74.81,CUDA,Bicubic Baseline (3x)
644,00000827_015.png,sub_NIH,3,ok,39.1613,7.8878,2.8085,0.9423,0.9907,0.2819,9.98,0.173,39.1613,39.1613,7.8878,2.8085,0.9423,0.9423,0.9907,0.2819,0.2819,9.98,0.173,0.0,0.0,0.0,0.0,0.0,0.0,119.76,67.94,119.78,67.84,119.78,67.84,13.36,74.86,CUDA,Bicubic Baseline (3x)
645,00000827_017.png,sub_NIH,3,ok,39.5613,7.1937,2.6821,0.9456,0.9913,0.2746,9.98,0.1759,39.5613,39.5613,7.1937,2.6821,0.9456,0.9456,0.9913,0.2746,0.2746,9.98,0.1759,0.0,0.0,0.0,0.0,0.0,0.0,107.63,69.92,107.64,69.83,107.64,69.83,13.39,74.7,CUDA,Bicubic Baseline (3x)
646,00000827_019.png,sub_NIH,3,ok,38.9102,8.3572,2.8909,0.945,0.9911,0.2879,9.9779,0.1759,38.9102,38.9102,8.3572,2.8909,0.945,0.945,0.9911,0.2879,0.2879,9.9779,0.1759,0.0,0.0,0.0,0.0,0.0,0.0,122.3,65.59,122.31,65.48,122.31,65.48,13.46,74.29,CUDA,Bicubic Baseline (3x)
647,00000827_020.png,sub_NIH,3,ok,39.1335,7.9384,2.8175,0.9457,0.9912,0.2713,9.9779,0.1894,39.1335,39.1335,7.9384,2.8175,0.9457,0.9457,0.9912,0.2713,0.2713,9.9779,0.1894,0.0,0.0,0.0,0.0,0.0,0.0,114.07,67.44,114.08,67.34,114.08,67.34,13.16,75.97,CUDA,Bicubic Baseline (3x)
648,00000830_002.png,sub_NIH,3,ok,31.7735,43.2249,6.5746,0.9658,0.9944,0.2236,9.9364,0.1741,31.7735,31.7735,43.2249,6.5746,0.9658,0.9658,0.9944,0.2236,0.2236,9.9364,0.1741,0.0,0.0,0.0,0.0,0.0,0.0,123.5,66.52,123.57,66.07,123.57,66.07,13.7,73.0,CUDA,Bicubic Baseline (3x)
649,00000832_007.png,sub_NIH,3,ok,41.5094,4.5935,2.1432,0.9735,0.995,0.1607,9.9783,0.2649,41.5094,41.5094,4.5935,2.1432,0.9735,0.9735,0.995,0.1607,0.1607,9.9783,0.2649,0.0,0.0,0.0,0.0,0.0,0.0,152.43,53.25,152.43,53.15,152.43,53.15,13.46,74.28,CUDA,Bicubic Baseline (3x)
650,00000832_010.png,sub_NIH,3,ok,40.1084,6.3422,2.5184,0.9553,0.9929,0.2434,9.9815,0.1715,40.1084,40.1084,6.3422,2.5184,0.9553,0.9553,0.9929,0.2434,0.2434,9.9815,0.1715,0.0,0.0,0.0,0.0,0.0,0.0,108.65,69.11,108.67,69.03,108.67,69.03,13.13,76.17,CUDA,Bicubic Baseline (3x)
651,00000833_001.png,sub_NIH,3,ok,35.1497,19.8658,4.4571,0.9698,0.9951,0.1697,9.9818,0.0755,35.1497,35.1497,19.8658,4.4571,0.9698,0.9698,0.9951,0.1697,0.1697,9.9818,0.0755,0.0,0.0,0.0,0.0,0.0,0.0,162.48,57.66,162.55,57.46,162.55,57.46,15.57,64.21,CUDA,Bicubic Baseline (3x)
652,00000834_001.png,sub_NIH,3,ok,43.4365,2.9474,1.7168,0.9634,0.9932,0.2204,9.9907,0.1244,43.4365,43.4365,2.9474,1.7168,0.9634,0.9634,0.9932,0.2204,0.2204,9.9907,0.1244,0.0,0.0,0.0,0.0,0.0,0.0,110.59,30.36,110.59,30.29,110.59,30.29,13.6,73.55,CUDA,Bicubic Baseline (3x)
653,00000840_000.png,sub_NIH,3,ok,34.8111,21.4768,4.6343,0.9646,0.994,0.1862,9.9454,0.2829,34.8111,34.8111,21.4768,4.6343,0.9646,0.9646,0.994,0.1862,0.1862,9.9454,0.2829,0.0,0.0,0.0,0.0,0.0,0.0,158.0,62.2,158.06,61.85,158.06,61.85,13.5,74.07,CUDA,Bicubic Baseline (3x)
654,00000842_000.png,sub_NIH,3,ok,37.7964,10.8005,3.2864,0.974,0.9955,0.1473,9.987,0.0917,37.7964,37.7964,10.8005,3.2864,0.974,0.974,0.9955,0.1473,0.1473,9.987,0.0917,0.0,0.0,0.0,0.0,0.0,0.0,173.74,57.04,173.78,56.91,173.78,56.91,13.55,73.78,CUDA,Bicubic Baseline (3x)
655,00000843_000.png,sub_NIH,3,ok,42.1193,3.9917,1.9979,0.9677,0.994,0.2243,9.9828,0.2225,42.1193,42.1193,3.9917,1.9979,0.9677,0.9677,0.994,0.2243,0.2243,9.9828,0.2225,0.0,0.0,0.0,0.0,0.0,0.0,161.51,48.6,161.51,48.52,161.51,48.52,13.18,75.84,CUDA,Bicubic Baseline (3x)
656,00000844_000.png,sub_NIH,3,ok,35.8228,17.0139,4.1248,0.9703,0.9959,0.1954,9.9887,0.0254,35.8228,35.8228,17.0139,4.1248,0.9703,0.9703,0.9959,0.1954,0.1954,9.9887,0.0254,0.0,0.0,0.0,0.0,0.0,0.0,123.26,55.05,123.32,54.92,123.32,54.92,13.11,76.25,CUDA,Bicubic Baseline (3x)
657,00000845_001.png,sub_NIH,3,ok,43.9173,2.6384,1.6243,0.9682,0.9942,0.2155,9.991,0.1159,43.9173,43.9173,2.6384,1.6243,0.9682,0.9682,0.9942,0.2155,0.2155,9.991,0.1159,0.0,0.0,0.0,0.0,0.0,0.0,107.05,34.78,107.05,34.73,107.05,34.73,14.12,70.81,CUDA,Bicubic Baseline (3x)
658,00000847_001.png,sub_NIH,3,ok,35.6319,17.7782,4.2164,0.9702,0.9951,0.1629,9.9526,0.3063,35.6319,35.6319,17.7782,4.2164,0.9702,0.9702,0.9951,0.1629,0.1629,9.9526,0.3063,0.0,0.0,0.0,0.0,0.0,0.0,166.78,58.06,166.83,57.74,166.83,57.74,14.53,68.81,CUDA,Bicubic Baseline (3x)
659,00000857_001.png,sub_NIH,3,ok,35.5821,17.9835,4.2407,0.9787,0.997,0.1477,9.9819,0.0829,35.5821,35.5821,17.9835,4.2407,0.9787,0.9787,0.997,0.1477,0.1477,9.9819,0.0829,0.0,0.0,0.0,0.0,0.0,0.0,159.6,45.35,159.66,45.12,159.66,45.12,13.09,76.38,CUDA,Bicubic Baseline (3x)
660,00000857_003.png,sub_NIH,3,ok,40.3588,5.9868,2.4468,0.946,0.9916,0.278,9.9861,0.1286,40.3588,40.3588,5.9868,2.4468,0.946,0.946,0.9916,0.278,0.278,9.9861,0.1286,0.0,0.0,0.0,0.0,0.0,0.0,126.4,71.37,126.42,71.3,126.42,71.3,13.11,76.28,CUDA,Bicubic Baseline (3x)
661,00000857_009.png,sub_NIH,3,ok,32.2855,38.4173,6.1982,0.9453,0.991,0.2868,9.9315,0.2182,32.2855,32.2855,38.4173,6.1982,0.9453,0.9453,0.991,0.2868,0.2868,9.9315,0.2182,0.0,0.0,0.0,0.0,0.0,0.0,142.41,51.29,142.47,50.68,142.47,50.68,13.6,73.5,CUDA,Bicubic Baseline (3x)
662,00000859_001.png,sub_NIH,3,ok,35.6707,17.62,4.1976,0.9677,0.994,0.161,9.9563,0.2692,35.6707,35.6707,17.62,4.1976,0.9677,0.9677,0.994,0.161,0.161,9.9563,0.2692,0.0,0.0,0.0,0.0,0.0,0.0,153.3,62.69,153.35,62.41,153.35,62.41,13.67,73.16,CUDA,Bicubic Baseline (3x)
663,00000860_001.png,sub_NIH,3,ok,34.1445,25.0397,5.004,0.9692,0.9949,0.1677,9.9739,0.0804,34.1445,34.1445,25.0397,5.004,0.9692,0.9692,0.9949,0.1677,0.1677,9.9739,0.0804,0.0,0.0,0.0,0.0,0.0,0.0,170.73,52.07,170.79,51.73,170.79,51.73,15.92,62.81,CUDA,Bicubic Baseline (3x)
664,00000865_000.png,sub_NIH,3,ok,31.7411,43.5481,6.5991,0.9609,0.9927,0.2156,9.9204,0.2433,31.7411,31.7411,43.5481,6.5991,0.9609,0.9609,0.9927,0.2156,0.2156,9.9204,0.2433,0.0,0.0,0.0,0.0,0.0,0.0,130.97,54.84,131.04,54.22,131.04,54.22,13.31,75.11,CUDA,Bicubic Baseline (3x)
665,00000865_009.png,sub_NIH,3,ok,32.5992,35.7402,5.9783,0.9714,0.9955,0.156,9.9696,0.0095,32.5992,32.5992,35.7402,5.9783,0.9714,0.9714,0.9955,0.156,0.156,9.9696,0.0095,0.0,0.0,0.0,0.0,0.0,0.0,176.27,54.72,176.35,54.27,176.35,54.27,13.99,71.5,CUDA,Bicubic Baseline (3x)
666,00000865_011.png,sub_NIH,3,ok,38.8618,8.4508,2.907,0.9446,0.9915,0.2964,9.9826,0.1425,38.8618,38.8618,8.4508,2.907,0.9446,0.9446,0.9915,0.2964,0.2964,9.9826,0.1425,0.0,0.0,0.0,0.0,0.0,0.0,136.85,64.78,136.86,64.68,136.86,64.68,13.8,72.47,CUDA,Bicubic Baseline (3x)
667,00000869_004.png,sub_NIH,3,ok,40.3852,5.9506,2.4394,0.9501,0.9922,0.2621,9.9852,0.134,40.3852,40.3852,5.9506,2.4394,0.9501,0.9501,0.9922,0.2621,0.2621,9.9852,0.134,0.0,0.0,0.0,0.0,0.0,0.0,111.66,71.54,111.68,71.47,111.68,71.47,13.12,76.23,CUDA,Bicubic Baseline (3x)
668,00000869_005.png,sub_NIH,3,ok,40.0238,6.467,2.543,0.9484,0.9919,0.2716,9.9829,0.1463,40.0238,40.0238,6.467,2.543,0.9484,0.9484,0.9919,0.2716,0.2716,9.9829,0.1463,0.0,0.0,0.0,0.0,0.0,0.0,112.67,67.68,112.68,67.6,112.68,67.6,13.72,72.9,CUDA,Bicubic Baseline (3x)
669,00000870_008.png,sub_NIH,3,ok,32.327,38.0522,6.1686,0.9509,0.9914,0.25,9.9406,0.2109,32.327,32.327,38.0522,6.1686,0.9509,0.9509,0.9914,0.25,0.25,9.9406,0.2109,0.0,0.0,0.0,0.0,0.0,0.0,121.07,54.87,121.12,54.37,121.12,54.37,18.26,54.77,CUDA,Bicubic Baseline (3x)
670,00000870_011.png,sub_NIH,3,ok,38.9025,8.3719,2.8934,0.9757,0.9963,0.1922,9.992,0.0272,38.9025,38.9025,8.3719,2.8934,0.9757,0.9757,0.9963,0.1922,0.1922,9.992,0.0272,0.0,0.0,0.0,0.0,0.0,0.0,111.98,47.45,112.02,47.36,112.02,47.36,13.06,76.58,CUDA,Bicubic Baseline (3x)
671,00000871_000.png,sub_NIH,3,ok,35.3535,18.9553,4.3538,0.9735,0.9959,0.1635,9.9757,0.1272,35.3535,35.3535,18.9553,4.3538,0.9735,0.9735,0.9959,0.1635,0.1635,9.9757,0.1272,0.0,0.0,0.0,0.0,0.0,0.0,172.8,49.53,172.85,49.24,172.85,49.24,13.16,75.97,CUDA,Bicubic Baseline (3x)
672,00000872_002.png,sub_NIH,3,ok,37.0459,12.8378,3.583,0.9751,0.9959,0.1441,9.9843,0.1019,37.0459,37.0459,12.8378,3.583,0.9751,0.9751,0.9959,0.1441,0.1441,9.9843,0.1019,0.0,0.0,0.0,0.0,0.0,0.0,152.94,64.32,152.99,64.2,152.99,64.2,15.81,63.24,CUDA,Bicubic Baseline (3x)
673,00000872_003.png,sub_NIH,3,ok,39.4291,7.416,2.7232,0.9464,0.9914,0.2647,9.9813,0.1697,39.4291,39.4291,7.416,2.7232,0.9464,0.9464,0.9914,0.2647,0.2647,9.9813,0.1697,0.0,0.0,0.0,0.0,0.0,0.0,110.76,60.74,110.77,60.63,110.77,60.63,13.24,75.53,CUDA,Bicubic Baseline (3x)
674,00000872_004.png,sub_NIH,3,ok,39.0167,8.1547,2.8556,0.941,0.9904,0.286,9.9748,0.1996,39.0167,39.0167,8.1547,2.8556,0.941,0.941,0.9904,0.286,0.286,9.9748,0.1996,0.0,0.0,0.0,0.0,0.0,0.0,112.8,66.1,112.8,65.97,112.8,65.97,13.36,74.87,CUDA,Bicubic Baseline (3x)
675,00000873_000.png,sub_NIH,3,ok,39.3595,7.5358,2.7451,0.9419,0.9906,0.2854,9.9833,0.1523,39.3595,39.3595,7.5358,2.7451,0.9419,0.9419,0.9906,0.2854,0.2854,9.9833,0.1523,0.0,0.0,0.0,0.0,0.0,0.0,118.56,61.52,118.58,61.43,118.58,61.43,13.24,75.51,CUDA,Bicubic Baseline (3x)
676,00000873_001.png,sub_NIH,3,ok,33.851,26.7906,5.176,0.9646,0.994,0.1765,9.9415,0.235,33.851,33.851,26.7906,5.176,0.9646,0.9646,0.994,0.1765,0.1765,9.9415,0.235,0.0,0.0,0.0,0.0,0.0,0.0,167.64,53.19,167.71,52.66,167.71,52.66,13.34,74.99,CUDA,Bicubic Baseline (3x)
677,00000873_002.png,sub_NIH,3,ok,32.0125,40.9099,6.3961,0.9532,0.9922,0.1964,9.9334,0.216,32.0125,32.0125,40.9099,6.3961,0.9532,0.9532,0.9922,0.1964,0.1964,9.9334,0.216,0.0,0.0,0.0,0.0,0.0,0.0,160.64,58.28,160.73,57.64,160.73,57.64,13.68,73.12,CUDA,Bicubic Baseline (3x)
678,00000877_003.png,sub_NIH,3,ok,38.8584,8.4575,2.9082,0.978,0.9965,0.1739,9.99,0.0527,38.8584,38.8584,8.4575,2.9082,0.978,0.978,0.9965,0.1739,0.1739,9.99,0.0527,0.0,0.0,0.0,0.0,0.0,0.0,113.21,51.6,113.25,51.51,113.25,51.51,13.25,75.5,CUDA,Bicubic Baseline (3x)
679,00000877_005.png,sub_NIH,3,ok,34.841,21.3294,4.6184,0.966,0.9942,0.2191,9.9651,0.2057,34.841,34.841,21.3294,4.6184,0.966,0.966,0.9942,0.2191,0.2191,9.9651,0.2057,0.0,0.0,0.0,0.0,0.0,0.0,108.84,56.87,108.88,56.63,108.88,56.63,14.95,66.88,CUDA,Bicubic Baseline (3x)
680,00000877_025.png,sub_NIH,3,ok,35.8542,16.8912,4.1099,0.9758,0.9958,0.1645,9.9747,0.2007,35.8542,35.8542,16.8912,4.1099,0.9758,0.9758,0.9958,0.1645,0.1645,9.9747,0.2007,0.0,0.0,0.0,0.0,0.0,0.0,111.59,52.13,111.64,51.93,111.64,51.93,13.23,75.57,CUDA,Bicubic Baseline (3x)
681,00000877_027.png,sub_NIH,3,ok,33.4723,29.2315,5.4066,0.9715,0.9951,0.1927,9.9503,0.2156,33.4723,33.4723,29.2315,5.4066,0.9715,0.9715,0.9951,0.1927,0.1927,9.9503,0.2156,0.0,0.0,0.0,0.0,0.0,0.0,114.0,45.53,114.06,45.09,114.06,45.09,13.3,75.2,CUDA,Bicubic Baseline (3x)
682,00000878_000.png,sub_NIH,3,ok,39.415,7.4401,2.7277,0.946,0.9914,0.277,9.9828,0.1539,39.415,39.415,7.4401,2.7277,0.946,0.946,0.9914,0.277,0.277,9.9828,0.1539,0.0,0.0,0.0,0.0,0.0,0.0,132.48,59.25,132.49,59.16,132.49,59.16,13.12,76.23,CUDA,Bicubic Baseline (3x)
683,00000882_000.png,sub_NIH,3,ok,38.5327,9.1162,3.0193,0.9397,0.9901,0.2724,9.9824,0.1493,38.5327,38.5327,9.1162,3.0193,0.9397,0.9397,0.9901,0.2724,0.2724,9.9824,0.1493,0.0,0.0,0.0,0.0,0.0,0.0,99.76,64.23,99.77,64.13,99.77,64.13,13.22,75.62,CUDA,Bicubic Baseline (3x)
684,00000882_005.png,sub_NIH,3,ok,35.8628,16.8578,4.1058,0.9747,0.9957,0.1723,9.9808,0.0861,35.8628,35.8628,16.8578,4.1058,0.9747,0.9747,0.9957,0.1723,0.1723,9.9808,0.0861,0.0,0.0,0.0,0.0,0.0,0.0,132.24,49.19,132.29,48.94,132.29,48.94,13.14,76.12,CUDA,Bicubic Baseline (3x)
685,00000882_007.png,sub_NIH,3,ok,36.533,14.447,3.8009,0.9514,0.9918,0.2553,9.9547,0.255,36.533,36.533,14.447,3.8009,0.9514,0.9514,0.9918,0.2553,0.2553,9.9547,0.255,0.0,0.0,0.0,0.0,0.0,0.0,114.16,59.8,114.17,59.61,114.17,59.61,13.26,75.44,CUDA,Bicubic Baseline (3x)
686,00000887_001.png,sub_NIH,3,ok,40.4656,5.8414,2.4169,0.9469,0.9916,0.2762,9.9869,0.1227,40.4656,40.4656,5.8414,2.4169,0.9469,0.9469,0.9916,0.2762,0.2762,9.9869,0.1227,0.0,0.0,0.0,0.0,0.0,0.0,125.34,72.31,125.35,72.25,125.35,72.25,13.28,75.32,CUDA,Bicubic Baseline (3x)
687,00000888_000.png,sub_NIH,3,ok,44.6542,2.2267,1.4922,0.9812,0.9962,0.1374,9.9889,0.1852,44.6542,44.6542,2.2267,1.4922,0.9812,0.9812,0.9962,0.1374,0.1374,9.9889,0.1852,0.0,0.0,0.0,0.0,0.0,0.0,171.22,28.79,171.23,28.72,171.23,28.72,13.48,74.16,CUDA,Bicubic Baseline (3x)
688,00000894_002.png,sub_NIH,3,ok,34.4914,23.1173,4.808,0.9644,0.9943,0.1649,9.9862,0.037,34.4914,34.4914,23.1173,4.808,0.9644,0.9644,0.9943,0.1649,0.1649,9.9862,0.037,0.0,0.0,0.0,0.0,0.0,0.0,176.94,52.93,177.01,52.7,177.01,52.7,13.59,73.57,CUDA,Bicubic Baseline (3x)
689,00000894_004.png,sub_NIH,3,ok,36.0812,16.0311,4.0039,0.9399,0.9905,0.2739,9.9583,0.2367,36.0812,36.0812,16.0311,4.0039,0.9399,0.9399,0.9905,0.2739,0.2739,9.9583,0.2367,0.0,0.0,0.0,0.0,0.0,0.0,115.9,69.56,115.94,69.33,115.94,69.33,15.05,66.43,CUDA,Bicubic Baseline (3x)
690,00000895_000.png,sub_NIH,3,ok,40.6239,5.6324,2.3733,0.9477,0.9914,0.2554,9.9864,0.1353,40.6239,40.6239,5.6324,2.3733,0.9477,0.9477,0.9914,0.2554,0.2554,9.9864,0.1353,0.0,0.0,0.0,0.0,0.0,0.0,97.09,62.24,97.1,62.17,97.1,62.17,13.2,75.77,CUDA,Bicubic Baseline (3x)
691,00000898_001.png,sub_NIH,3,ok,34.1714,24.8849,4.9885,0.9671,0.9946,0.1686,9.9788,0.0434,34.1714,34.1714,24.8849,4.9885,0.9671,0.9671,0.9946,0.1686,0.1686,9.9788,0.0434,0.0,0.0,0.0,0.0,0.0,0.0,166.44,49.42,166.51,49.07,166.51,49.07,14.41,69.39,CUDA,Bicubic Baseline (3x)
692,00000901_002.png,sub_NIH,3,ok,38.3601,9.4858,3.0799,0.9435,0.9909,0.2872,9.9774,0.1685,38.3601,38.3601,9.4858,3.0799,0.9435,0.9435,0.9909,0.2872,0.2872,9.9774,0.1685,0.0,0.0,0.0,0.0,0.0,0.0,138.07,68.02,138.08,67.91,138.08,67.91,13.08,76.43,CUDA,Bicubic Baseline (3x)
693,00000902_000.png,sub_NIH,3,ok,39.2702,7.6923,2.7735,0.9411,0.991,0.304,9.9832,0.1314,39.2702,39.2702,7.6923,2.7735,0.9411,0.9411,0.991,0.304,0.304,9.9832,0.1314,0.0,0.0,0.0,0.0,0.0,0.0,130.87,68.7,130.88,68.62,130.88,68.62,13.78,72.59,CUDA,Bicubic Baseline (3x)
694,00000905_000.png,sub_NIH,3,ok,35.2942,19.2161,4.3836,0.9705,0.9952,0.1755,9.985,0.0535,35.2942,35.2942,19.2161,4.3836,0.9705,0.9705,0.9952,0.1755,0.1755,9.985,0.0535,0.0,0.0,0.0,0.0,0.0,0.0,164.47,53.96,164.54,53.77,164.54,53.77,14.45,69.23,CUDA,Bicubic Baseline (3x)
695,00000907_000.png,sub_NIH,3,ok,39.66,7.032,2.6518,0.9406,0.9904,0.2895,9.9825,0.16,39.66,39.66,7.032,2.6518,0.9406,0.9406,0.9904,0.2895,0.2895,9.9825,0.16,0.0,0.0,0.0,0.0,0.0,0.0,117.67,66.24,117.69,66.16,117.69,66.16,13.29,75.25,CUDA,Bicubic Baseline (3x)
696,00000907_001.png,sub_NIH,3,ok,39.656,7.0384,2.653,0.9489,0.9919,0.2704,9.9808,0.174,39.656,39.656,7.0384,2.653,0.9489,0.9489,0.9919,0.2704,0.2704,9.9808,0.174,0.0,0.0,0.0,0.0,0.0,0.0,114.83,66.88,114.85,66.79,114.85,66.79,15.32,65.29,CUDA,Bicubic Baseline (3x)
697,00000909_000.png,sub_NIH,3,ok,40.6179,5.6402,2.3749,0.9506,0.992,0.247,9.9854,0.1441,40.6179,40.6179,5.6402,2.3749,0.9506,0.9506,0.992,0.247,0.247,9.9854,0.1441,0.0,0.0,0.0,0.0,0.0,0.0,112.63,69.84,112.64,69.77,112.64,69.77,13.69,73.07,CUDA,Bicubic Baseline (3x)
698,00000909_002.png,sub_NIH,3,ok,35.2863,19.2508,4.3876,0.9777,0.9962,0.1674,9.9597,0.2197,35.2863,35.2863,19.2508,4.3876,0.9777,0.9777,0.9962,0.1674,0.1674,9.9597,0.2197,0.0,0.0,0.0,0.0,0.0,0.0,109.5,53.63,109.54,53.38,109.54,53.38,13.12,76.21,CUDA,Bicubic Baseline (3x)
699,00000914_004.png,sub_NIH,3,ok,35.6347,17.7669,4.2151,0.9725,0.9955,0.1532,9.9819,0.0887,35.6347,35.6347,17.7669,4.2151,0.9725,0.9725,0.9955,0.1532,0.1532,9.9819,0.0887,0.0,0.0,0.0,0.0,0.0,0.0,173.62,50.97,173.68,50.75,173.68,50.75,15.84,63.14,CUDA,Bicubic Baseline (3x)
700,00000914_005.png,sub_NIH,3,ok,40.268,6.1134,2.4725,0.9502,0.9921,0.2631,9.9855,0.1433,40.268,40.268,6.1134,2.4725,0.9502,0.9502,0.9921,0.2631,0.2631,9.9855,0.1433,0.0,0.0,0.0,0.0,0.0,0.0,121.99,67.04,122.01,66.97,122.01,66.97,13.21,75.7,CUDA,Bicubic Baseline (3x)
701,00000915_001.png,sub_NIH,3,ok,36.7443,13.7611,3.7096,0.9679,0.994,0.1681,9.9723,0.1779,36.7443,36.7443,13.7611,3.7096,0.9679,0.9679,0.994,0.1681,0.1681,9.9723,0.1779,0.0,0.0,0.0,0.0,0.0,0.0,116.41,71.7,116.45,71.55,116.45,71.55,13.25,75.47,CUDA,Bicubic Baseline (3x)
702,00000915_005.png,sub_NIH,3,ok,39.894,6.6631,2.5813,0.9699,0.9943,0.1573,9.9709,0.2739,39.894,39.894,6.6631,2.5813,0.9699,0.9699,0.9943,0.1573,0.1573,9.9709,0.2739,0.0,0.0,0.0,0.0,0.0,0.0,157.04,60.96,157.05,60.84,157.05,60.84,13.26,75.4,CUDA,Bicubic Baseline (3x)
703,00000916_000.png,sub_NIH,3,ok,41.0762,5.0753,2.2529,0.974,0.9951,0.15,9.978,0.2771,41.0762,41.0762,5.0753,2.2529,0.974,0.974,0.9951,0.15,0.15,9.978,0.2771,0.0,0.0,0.0,0.0,0.0,0.0,167.49,51.69,167.5,51.59,167.5,51.59,13.19,75.81,CUDA,Bicubic Baseline (3x)
704,00000917_000.png,sub_NIH,3,ok,41.6741,4.4225,2.103,0.9742,0.9951,0.1517,9.9809,0.2586,41.6741,41.6741,4.4225,2.103,0.9742,0.9742,0.9951,0.1517,0.1517,9.9809,0.2586,0.0,0.0,0.0,0.0,0.0,0.0,160.56,55.32,160.56,55.24,160.56,55.24,13.62,73.44,CUDA,Bicubic Baseline (3x)
705,00000920_001.png,sub_NIH,3,ok,41.3713,4.7418,2.1776,0.962,0.9929,0.2179,9.9861,0.1705,41.3713,41.3713,4.7418,2.1776,0.962,0.962,0.9929,0.2179,0.2179,9.9861,0.1705,0.0,0.0,0.0,0.0,0.0,0.0,106.7,36.8,106.71,36.69,106.71,36.69,13.36,74.83,CUDA,Bicubic Baseline (3x)
706,00000922_000.png,sub_NIH,3,ok,34.7151,21.9567,4.6858,0.97,0.9942,0.1419,9.9449,0.2581,34.7151,34.7151,21.9567,4.6858,0.97,0.97,0.9942,0.1419,0.1419,9.9449,0.2581,0.0,0.0,0.0,0.0,0.0,0.0,125.87,79.68,125.94,79.38,125.94,79.38,13.12,76.23,CUDA,Bicubic Baseline (3x)
707,00000924_000.png,sub_NIH,3,ok,35.2484,19.4194,4.4067,0.9662,0.9945,0.1663,9.9682,0.1728,35.2484,35.2484,19.4194,4.4067,0.9662,0.9662,0.9945,0.1663,0.1663,9.9682,0.1728,0.0,0.0,0.0,0.0,0.0,0.0,161.35,67.45,161.42,67.2,161.42,67.2,13.31,75.15,CUDA,Bicubic Baseline (3x)
708,00000930_002.png,sub_NIH,3,ok,39.5755,7.1702,2.6777,0.9308,0.9887,0.3232,9.9825,0.1491,39.5755,39.5755,7.1702,2.6777,0.9308,0.9308,0.9887,0.3232,0.3232,9.9825,0.1491,0.0,0.0,0.0,0.0,0.0,0.0,135.14,62.32,135.14,62.23,135.14,62.23,13.94,71.74,CUDA,Bicubic Baseline (3x)
709,00000936_000.png,sub_NIH,3,ok,39.9648,6.5554,2.5603,0.953,0.9923,0.2335,9.9825,0.1691,39.9648,39.9648,6.5554,2.5603,0.953,0.953,0.9923,0.2335,0.2335,9.9825,0.1691,0.0,0.0,0.0,0.0,0.0,0.0,93.48,61.4,93.49,61.31,93.49,61.31,13.13,76.17,CUDA,Bicubic Baseline (3x)
710,00000937_005.png,sub_NIH,3,ok,36.2253,15.5079,3.938,0.9587,0.9929,0.2066,9.9609,0.2002,36.2253,36.2253,15.5079,3.938,0.9587,0.9587,0.9929,0.2066,0.2066,9.9609,0.2002,0.0,0.0,0.0,0.0,0.0,0.0,146.66,63.44,146.7,63.15,146.7,63.15,14.23,70.28,CUDA,Bicubic Baseline (3x)
711,00000937_007.png,sub_NIH,3,ok,32.0145,40.8908,6.3946,0.9581,0.9925,0.2035,9.9237,0.2287,32.0145,32.0145,40.8908,6.3946,0.9581,0.9581,0.9925,0.2035,0.2035,9.9237,0.2287,0.0,0.0,0.0,0.0,0.0,0.0,119.94,66.78,119.99,66.32,119.99,66.32,13.17,75.92,CUDA,Bicubic Baseline (3x)
712,00000938_005.png,sub_NIH,3,ok,34.3869,23.6802,4.8662,0.9696,0.9941,0.1582,9.9662,0.1687,34.3869,34.3869,23.6802,4.8662,0.9696,0.9696,0.9941,0.1582,0.1582,9.9662,0.1687,0.0,0.0,0.0,0.0,0.0,0.0,120.97,55.35,121.02,55.03,121.02,55.03,13.56,73.73,CUDA,Bicubic Baseline (3x)
713,00000939_000.png,sub_NIH,3,ok,42.6878,3.5019,1.8713,0.9745,0.9952,0.1899,9.9823,0.2388,42.6878,42.6878,3.5019,1.8713,0.9745,0.9745,0.9952,0.1899,0.1899,9.9823,0.2388,0.0,0.0,0.0,0.0,0.0,0.0,148.5,62.63,148.51,62.57,148.51,62.57,13.98,71.54,CUDA,Bicubic Baseline (3x)
714,00000945_000.png,sub_NIH,3,ok,34.227,24.5687,4.9567,0.9599,0.994,0.2123,9.9868,0.0289,34.227,34.227,24.5687,4.9567,0.9599,0.9599,0.994,0.2123,0.2123,9.9868,0.0289,0.0,0.0,0.0,0.0,0.0,0.0,168.41,57.67,168.49,57.45,168.49,57.45,16.61,60.2,CUDA,Bicubic Baseline (3x)
715,00000947_002.png,sub_NIH,3,ok,34.4912,23.1184,4.8082,0.9681,0.9945,0.1623,9.9387,0.2589,34.4912,34.4912,23.1184,4.8082,0.9681,0.9681,0.9945,0.1623,0.1623,9.9387,0.2589,0.0,0.0,0.0,0.0,0.0,0.0,139.22,75.57,139.29,75.21,139.29,75.21,13.28,75.3,CUDA,Bicubic Baseline (3x)
716,00000949_000.png,sub_NIH,3,ok,37.1854,12.4319,3.5259,0.9791,0.9967,0.1368,9.9892,0.0448,37.1854,37.1854,12.4319,3.5259,0.9791,0.9791,0.9967,0.1368,0.1368,9.9892,0.0448,0.0,0.0,0.0,0.0,0.0,0.0,153.6,52.46,153.65,52.32,153.65,52.32,13.1,76.31,CUDA,Bicubic Baseline (3x)
717,00000949_009.png,sub_NIH,3,ok,39.5511,7.2106,2.6853,0.9517,0.992,0.2365,9.9787,0.1971,39.5511,39.5511,7.2106,2.6853,0.9517,0.9517,0.992,0.2365,0.2365,9.9787,0.1971,0.0,0.0,0.0,0.0,0.0,0.0,110.18,72.18,110.19,72.09,110.19,72.09,13.33,75.04,CUDA,Bicubic Baseline (3x)
718,00000954_004.png,sub_NIH,3,ok,36.2531,15.4087,3.9254,0.97,0.995,0.1758,9.9718,0.2209,36.2531,36.2531,15.4087,3.9254,0.97,0.97,0.995,0.1758,0.1758,9.9718,0.2209,0.0,0.0,0.0,0.0,0.0,0.0,158.4,59.07,158.45,58.85,158.45,58.85,13.32,75.09,CUDA,Bicubic Baseline (3x)
719,00000955_005.png,sub_NIH,3,ok,36.438,14.7665,3.8427,0.9765,0.9963,0.1658,9.9823,0.0943,36.438,36.438,14.7665,3.8427,0.9765,0.9765,0.9963,0.1658,0.1658,9.9823,0.0943,0.0,0.0,0.0,0.0,0.0,0.0,136.01,46.43,136.06,46.22,136.06,46.22,14.09,70.98,CUDA,Bicubic Baseline (3x)
720,00000958_000.png,sub_NIH,3,ok,35.9137,16.6613,4.0818,0.9713,0.9948,0.1469,9.9641,0.219,35.9137,35.9137,16.6613,4.0818,0.9713,0.9713,0.9948,0.1469,0.1469,9.9641,0.219,0.0,0.0,0.0,0.0,0.0,0.0,147.98,72.3,148.03,72.1,148.03,72.1,13.4,74.65,CUDA,Bicubic Baseline (3x)
721,00000960_000.png,sub_NIH,3,ok,42.3654,3.7717,1.9421,0.9787,0.996,0.1368,9.9846,0.207,42.3654,42.3654,3.7717,1.9421,0.9787,0.9787,0.996,0.1368,0.1368,9.9846,0.207,0.0,0.0,0.0,0.0,0.0,0.0,160.94,50.95,160.94,50.87,160.94,50.87,13.4,74.64,CUDA,Bicubic Baseline (3x)
722,00000963_002.png,sub_NIH,3,ok,31.275,48.4821,6.9629,0.9465,0.9892,0.2119,9.8855,0.2577,31.275,31.275,48.4821,6.9629,0.9465,0.9465,0.9892,0.2119,0.2119,9.8855,0.2577,0.0,0.0,0.0,0.0,0.0,0.0,99.37,65.03,99.44,64.31,99.44,64.31,13.61,73.47,CUDA,Bicubic Baseline (3x)
723,00000963_007.png,sub_NIH,3,ok,35.8288,16.9902,4.1219,0.9643,0.994,0.1682,9.9686,0.1762,35.8288,35.8288,16.9902,4.1219,0.9643,0.9643,0.994,0.1682,0.1682,9.9686,0.1762,0.0,0.0,0.0,0.0,0.0,0.0,153.43,65.74,153.49,65.49,153.49,65.49,16.37,61.07,CUDA,Bicubic Baseline (3x)
724,00000963_012.png,sub_NIH,3,ok,32.174,39.4172,6.2783,0.9682,0.9946,0.1819,9.9391,0.2053,32.174,32.174,39.4172,6.2783,0.9682,0.9682,0.9946,0.1819,0.1819,9.9391,0.2053,0.0,0.0,0.0,0.0,0.0,0.0,100.23,61.48,100.29,61.04,100.29,61.04,13.2,75.76,CUDA,Bicubic Baseline (3x)
725,00000963_014.png,sub_NIH,3,ok,32.4113,37.3208,6.1091,0.9721,0.9949,0.155,9.9407,0.2267,32.4113,32.4113,37.3208,6.1091,0.9721,0.9721,0.9949,0.155,0.155,9.9407,0.2267,0.0,0.0,0.0,0.0,0.0,0.0,149.33,59.8,149.4,59.37,149.4,59.37,13.18,75.89,CUDA,Bicubic Baseline (3x)
726,00000963_020.png,sub_NIH,3,ok,39.8871,6.6737,2.5834,0.9515,0.9919,0.2365,9.9807,0.1811,39.8871,39.8871,6.6737,2.5834,0.9515,0.9515,0.9919,0.2365,0.2365,9.9807,0.1811,0.0,0.0,0.0,0.0,0.0,0.0,107.8,70.21,107.82,70.13,107.82,70.13,17.77,56.28,CUDA,Bicubic Baseline (3x)
727,00000963_026.png,sub_NIH,3,ok,39.6934,6.9781,2.6416,0.9501,0.9919,0.2562,9.9815,0.169,39.6934,39.6934,6.9781,2.6416,0.9501,0.9501,0.9919,0.2562,0.2562,9.9815,0.169,0.0,0.0,0.0,0.0,0.0,0.0,113.4,68.31,113.42,68.22,113.42,68.22,13.11,76.26,CUDA,Bicubic Baseline (3x)
728,00000965_000.png,sub_NIH,3,ok,39.6003,7.1293,2.6701,0.9442,0.9913,0.2779,9.9858,0.1261,39.6003,39.6003,7.1293,2.6701,0.9442,0.9442,0.9913,0.2779,0.2779,9.9858,0.1261,0.0,0.0,0.0,0.0,0.0,0.0,115.84,66.15,115.86,66.08,115.86,66.08,13.3,75.22,CUDA,Bicubic Baseline (3x)
729,00000971_000.png,sub_NIH,3,ok,43.0976,3.1866,1.7851,0.9722,0.9947,0.1646,9.9863,0.2052,43.0976,43.0976,3.1866,1.7851,0.9722,0.9722,0.9947,0.1646,0.1646,9.9863,0.2052,0.0,0.0,0.0,0.0,0.0,0.0,170.37,51.59,170.37,51.54,170.37,51.54,13.19,75.84,CUDA,Bicubic Baseline (3x)
730,00000971_003.png,sub_NIH,3,ok,39.7478,6.8913,2.6251,0.9518,0.9922,0.2561,9.981,0.1699,39.7478,39.7478,6.8913,2.6251,0.9518,0.9518,0.9922,0.2561,0.2561,9.981,0.1699,0.0,0.0,0.0,0.0,0.0,0.0,116.02,60.3,116.03,60.21,116.03,60.21,13.36,74.86,CUDA,Bicubic Baseline (3x)
731,00000974_006.png,sub_NIH,3,ok,35.7328,17.3699,4.1677,0.9705,0.9951,0.1765,9.9793,0.1347,35.7328,35.7328,17.3699,4.1677,0.9705,0.9705,0.9951,0.1765,0.1765,9.9793,0.1347,0.0,0.0,0.0,0.0,0.0,0.0,113.91,50.77,113.97,50.59,113.97,50.59,13.62,73.41,CUDA,Bicubic Baseline (3x)
732,00000974_008.png,sub_NIH,3,ok,40.2103,6.1951,2.489,0.948,0.9915,0.2598,9.983,0.1628,40.2103,40.2103,6.1951,2.489,0.948,0.948,0.9915,0.2598,0.2598,9.983,0.1628,0.0,0.0,0.0,0.0,0.0,0.0,116.61,71.1,116.62,71.02,116.62,71.02,18.11,55.23,CUDA,Bicubic Baseline (3x)
733,00000974_009.png,sub_NIH,3,ok,39.3405,7.5688,2.7511,0.9456,0.9911,0.2592,9.9786,0.1918,39.3405,39.3405,7.5688,2.7511,0.9456,0.9456,0.9911,0.2592,0.2592,9.9786,0.1918,0.0,0.0,0.0,0.0,0.0,0.0,117.37,71.96,117.37,71.87,117.37,71.87,13.17,75.92,CUDA,Bicubic Baseline (3x)
734,00000974_010.png,sub_NIH,3,ok,40.7571,5.4623,2.3372,0.9534,0.9927,0.2461,9.9846,0.1427,40.7571,40.7571,5.4623,2.3372,0.9534,0.9534,0.9927,0.2461,0.2461,9.9846,0.1427,0.0,0.0,0.0,0.0,0.0,0.0,112.67,74.98,112.68,74.92,112.68,74.92,13.39,74.7,CUDA,Bicubic Baseline (3x)
735,00000976_005.png,sub_NIH,3,ok,39.1332,7.9389,2.8176,0.9471,0.9917,0.2764,9.9808,0.1541,39.1332,39.1332,7.9389,2.8176,0.9471,0.9471,0.9917,0.2764,0.2764,9.9808,0.1541,0.0,0.0,0.0,0.0,0.0,0.0,111.54,67.56,111.56,67.48,111.56,67.48,13.32,75.05,CUDA,Bicubic Baseline (3x)
736,00000978_000.png,sub_NIH,3,ok,32.9904,32.6619,5.7151,0.9541,0.9917,0.2238,9.9562,0.1896,32.9904,32.9904,32.6619,5.7151,0.9541,0.9541,0.9917,0.2238,0.2238,9.9562,0.1896,0.0,0.0,0.0,0.0,0.0,0.0,133.81,55.1,133.87,54.65,133.87,54.65,14.32,69.85,CUDA,Bicubic Baseline (3x)
737,00000979_006.png,sub_NIH,3,ok,39.1707,7.8707,2.8055,0.9231,0.9874,0.3256,9.9814,0.1539,39.1707,39.1707,7.8707,2.8055,0.9231,0.9231,0.9874,0.3256,0.3256,9.9814,0.1539,0.0,0.0,0.0,0.0,0.0,0.0,117.35,66.93,117.36,66.83,117.36,66.83,13.18,75.9,CUDA,Bicubic Baseline (3x)
738,00000981_000.png,sub_NIH,3,ok,39.2519,7.7248,2.7794,0.9422,0.9905,0.261,9.9793,0.1686,39.2519,39.2519,7.7248,2.7794,0.9422,0.9422,0.9905,0.261,0.261,9.9793,0.1686,0.0,0.0,0.0,0.0,0.0,0.0,102.97,67.2,102.98,67.1,102.98,67.1,16.26,61.48,CUDA,Bicubic Baseline (3x)
739,00000982_000.png,sub_NIH,3,ok,35.0615,20.2734,4.5026,0.9757,0.9964,0.1461,9.9732,0.0743,35.0615,35.0615,20.2734,4.5026,0.9757,0.9757,0.9964,0.1461,0.1461,9.9732,0.0743,0.0,0.0,0.0,0.0,0.0,0.0,155.0,46.78,155.07,46.4,155.07,46.4,13.66,73.23,CUDA,Bicubic Baseline (3x)
740,00000983_000.png,sub_NIH,3,ok,39.0252,8.1387,2.8528,0.9244,0.9882,0.3398,9.9872,0.1087,39.0252,39.0252,8.1387,2.8528,0.9244,0.9244,0.9882,0.3398,0.3398,9.9872,0.1087,0.0,0.0,0.0,0.0,0.0,0.0,122.61,60.57,122.62,60.48,122.62,60.48,13.19,75.8,CUDA,Bicubic Baseline (3x)
741,00000988_000.png,sub_NIH,3,ok,41.3969,4.714,2.1712,0.9735,0.995,0.1736,9.9865,0.1378,41.3969,41.3969,4.714,2.1712,0.9735,0.9735,0.995,0.1736,0.1736,9.9865,0.1378,0.0,0.0,0.0,0.0,0.0,0.0,178.19,36.87,178.2,36.76,178.2,36.76,13.09,76.39,CUDA,Bicubic Baseline (3x)
742,00000992_001.png,sub_NIH,3,ok,42.0934,4.0155,2.0039,0.9761,0.9954,0.1649,9.9824,0.2526,42.0934,42.0934,4.0155,2.0039,0.9761,0.9761,0.9954,0.1649,0.1649,9.9824,0.2526,0.0,0.0,0.0,0.0,0.0,0.0,153.26,46.19,153.27,46.1,153.27,46.1,13.11,76.25,CUDA,Bicubic Baseline (3x)
743,00000996_002.png,sub_NIH,3,ok,41.549,4.5518,2.1335,0.9581,0.9923,0.2405,9.9872,0.1535,41.549,41.549,4.5518,2.1335,0.9581,0.9581,0.9923,0.2405,0.2405,9.9872,0.1535,0.0,0.0,0.0,0.0,0.0,0.0,105.27,37.96,105.28,37.87,105.28,37.87,13.63,73.35,CUDA,Bicubic Baseline (3x)
744,00000996_005.png,sub_NIH,3,ok,38.2855,9.6501,3.1065,0.9411,0.9907,0.2785,9.9781,0.1606,38.2855,38.2855,9.6501,3.1065,0.9411,0.9411,0.9907,0.2785,0.2785,9.9781,0.1606,0.0,0.0,0.0,0.0,0.0,0.0,116.91,68.87,116.93,68.76,116.93,68.76,13.75,72.73,CUDA,Bicubic Baseline (3x)
745,00000997_002.png,sub_NIH,3,ok,39.5838,7.1565,2.6752,0.9533,0.9923,0.2514,9.978,0.2007,39.5838,39.5838,7.1565,2.6752,0.9533,0.9533,0.9923,0.2514,0.2514,9.978,0.2007,0.0,0.0,0.0,0.0,0.0,0.0,108.56,67.24,108.57,67.15,108.57,67.15,13.37,74.8,CUDA,Bicubic Baseline (3x)
746,00000997_003.png,sub_NIH,3,ok,38.8498,8.4743,2.9111,0.9454,0.9912,0.2657,9.9787,0.1702,38.8498,38.8498,8.4743,2.9111,0.9454,0.9454,0.9912,0.2657,0.2657,9.9787,0.1702,0.0,0.0,0.0,0.0,0.0,0.0,102.19,71.07,102.21,70.99,102.21,70.99,13.27,75.35,CUDA,Bicubic Baseline (3x)
747,00000997_004.png,sub_NIH,3,ok,34.3501,23.8821,4.8869,0.9686,0.9949,0.1859,9.982,0.0573,34.3501,34.3501,23.8821,4.8869,0.9686,0.9686,0.9949,0.1859,0.1859,9.982,0.0573,0.0,0.0,0.0,0.0,0.0,0.0,166.21,51.71,166.29,51.41,166.29,51.41,13.37,74.78,CUDA,Bicubic Baseline (3x)
748,00001000_001.png,sub_NIH,3,ok,38.0874,10.1003,3.1781,0.9366,0.9899,0.2933,9.9775,0.1708,38.0874,38.0874,10.1003,3.1781,0.9366,0.9366,0.9899,0.2933,0.2933,9.9775,0.1708,0.0,0.0,0.0,0.0,0.0,0.0,114.54,69.72,114.56,69.61,114.56,69.61,13.26,75.42,CUDA,Bicubic Baseline (3x)
749,00001005_002.png,sub_NIH,3,ok,35.6568,17.6768,4.2044,0.9575,0.9922,0.1855,9.9518,0.2488,35.6568,35.6568,17.6768,4.2044,0.9575,0.9575,0.9922,0.1855,0.1855,9.9518,0.2488,0.0,0.0,0.0,0.0,0.0,0.0,128.44,67.54,128.48,67.23,128.48,67.23,13.45,74.35,CUDA,Bicubic Baseline (3x)
750,00001006_002.png,sub_NIH,3,ok,39.7874,6.8288,2.6132,0.9346,0.9892,0.2947,9.9845,0.1474,39.7874,39.7874,6.8288,2.6132,0.9346,0.9346,0.9892,0.2947,0.2947,9.9845,0.1474,0.0,0.0,0.0,0.0,0.0,0.0,102.21,68.51,102.21,68.44,102.21,68.44,13.87,72.11,CUDA,Bicubic Baseline (3x)
751,00001006_003.png,sub_NIH,3,ok,33.533,28.826,5.369,0.9586,0.9927,0.2045,9.9266,0.2524,33.533,33.533,28.826,5.369,0.9586,0.9586,0.9927,0.2045,0.2045,9.9266,0.2524,0.0,0.0,0.0,0.0,0.0,0.0,113.55,60.64,113.59,60.19,113.59,60.19,13.11,76.26,CUDA,Bicubic Baseline (3x)
752,00001006_009.png,sub_NIH,3,ok,35.4917,18.3615,4.285,0.9735,0.9958,0.1427,9.9783,0.1069,35.4917,35.4917,18.3615,4.285,0.9735,0.9735,0.9958,0.1427,0.1427,9.9783,0.1069,0.0,0.0,0.0,0.0,0.0,0.0,163.0,60.96,163.05,60.78,163.05,60.78,13.37,74.81,CUDA,Bicubic Baseline (3x)
753,00001006_010.png,sub_NIH,3,ok,38.5365,9.1082,3.018,0.9745,0.9956,0.1759,9.9798,0.1745,38.5365,38.5365,9.1082,3.018,0.9745,0.9745,0.9956,0.1759,0.1759,9.9798,0.1745,0.0,0.0,0.0,0.0,0.0,0.0,87.88,61.09,87.91,60.98,87.91,60.98,16.23,61.61,CUDA,Bicubic Baseline (3x)
754,00001006_014.png,sub_NIH,3,ok,39.4828,7.3249,2.7065,0.9443,0.9908,0.2787,9.9792,0.1795,39.4828,39.4828,7.3249,2.7065,0.9443,0.9443,0.9908,0.2787,0.2787,9.9792,0.1795,0.0,0.0,0.0,0.0,0.0,0.0,101.64,60.24,101.65,60.13,101.65,60.13,13.31,75.16,CUDA,Bicubic Baseline (3x)
755,00001006_016.png,sub_NIH,3,ok,38.4565,9.2775,3.0459,0.9443,0.9904,0.2666,9.9752,0.2063,38.4565,38.4565,9.2775,3.0459,0.9443,0.9443,0.9904,0.2666,0.2666,9.9752,0.2063,0.0,0.0,0.0,0.0,0.0,0.0,94.83,58.87,94.84,58.73,94.84,58.73,13.65,73.25,CUDA,Bicubic Baseline (3x)
756,00001006_018.png,sub_NIH,3,ok,40.5122,5.7791,2.404,0.9535,0.9922,0.2421,9.9831,0.1673,40.5122,40.5122,5.7791,2.404,0.9535,0.9535,0.9922,0.2421,0.2421,9.9831,0.1673,0.0,0.0,0.0,0.0,0.0,0.0,85.79,59.43,85.8,59.35,85.8,59.35,13.47,74.22,CUDA,Bicubic Baseline (3x)
757,00001006_020.png,sub_NIH,3,ok,40.8166,5.388,2.3212,0.9541,0.9922,0.2567,9.9832,0.1773,40.8166,40.8166,5.388,2.3212,0.9541,0.9541,0.9922,0.2567,0.2567,9.9832,0.1773,0.0,0.0,0.0,0.0,0.0,0.0,90.89,52.05,90.9,51.95,90.9,51.95,13.32,75.09,CUDA,Bicubic Baseline (3x)
758,00001006_021.png,sub_NIH,3,ok,38.9554,8.2706,2.8759,0.9495,0.9916,0.2292,9.9734,0.2118,38.9554,38.9554,8.2706,2.8759,0.9495,0.9495,0.9916,0.2292,0.2292,9.9734,0.2118,0.0,0.0,0.0,0.0,0.0,0.0,90.92,68.83,90.93,68.72,90.93,68.72,13.19,75.8,CUDA,Bicubic Baseline (3x)
759,00001007_002.png,sub_NIH,3,ok,32.5552,36.1045,6.0087,0.9556,0.9919,0.2552,9.8903,0.3438,32.5552,32.5552,36.1045,6.0087,0.9556,0.9556,0.9919,0.2552,0.2552,9.8903,0.3438,0.0,0.0,0.0,0.0,0.0,0.0,114.08,56.12,114.14,55.44,114.14,55.44,13.73,72.83,CUDA,Bicubic Baseline (3x)
760,00001007_003.png,sub_NIH,3,ok,34.4752,23.2038,4.817,0.9707,0.9956,0.1574,9.979,0.1113,34.4752,34.4752,23.2038,4.817,0.9707,0.9707,0.9956,0.1574,0.1574,9.979,0.1113,0.0,0.0,0.0,0.0,0.0,0.0,163.19,67.92,163.25,67.73,163.25,67.73,13.06,76.6,CUDA,Bicubic Baseline (3x)
761,00001018_000.png,sub_NIH,3,ok,40.0375,6.4465,2.539,0.945,0.991,0.2732,9.9854,0.1377,40.0375,40.0375,6.4465,2.539,0.945,0.945,0.991,0.2732,0.2732,9.9854,0.1377,0.0,0.0,0.0,0.0,0.0,0.0,119.73,64.92,119.74,64.84,119.74,64.84,13.56,73.75,CUDA,Bicubic Baseline (3x)
762,00001019_000.png,sub_NIH,3,ok,39.8735,6.6947,2.5874,0.9542,0.9926,0.2474,9.9817,0.1747,39.8735,39.8735,6.6947,2.5874,0.9542,0.9542,0.9926,0.2474,0.2474,9.9817,0.1747,0.0,0.0,0.0,0.0,0.0,0.0,120.35,73.96,120.37,73.88,120.37,73.88,15.65,63.91,CUDA,Bicubic Baseline (3x)
763,00001019_002.png,sub_NIH,3,ok,35.2912,19.2293,4.3851,0.9719,0.9955,0.1579,9.9667,0.2123,35.2912,35.2912,19.2293,4.3851,0.9719,0.9719,0.9955,0.1579,0.1579,9.9667,0.2123,0.0,0.0,0.0,0.0,0.0,0.0,171.35,54.91,171.4,54.65,171.4,54.65,13.48,74.19,CUDA,Bicubic Baseline (3x)
764,00001021_001.png,sub_NIH,3,ok,40.5083,5.7843,2.4051,0.951,0.9922,0.2395,9.9863,0.1291,40.5083,40.5083,5.7843,2.4051,0.951,0.951,0.9922,0.2395,0.2395,9.9863,0.1291,0.0,0.0,0.0,0.0,0.0,0.0,94.59,70.73,94.6,70.68,94.6,70.68,13.12,76.2,CUDA,Bicubic Baseline (3x)
765,00001021_002.png,sub_NIH,3,ok,37.0644,12.7832,3.5754,0.9613,0.9931,0.2146,9.9445,0.3861,37.0644,37.0644,12.7832,3.5754,0.9613,0.9613,0.9931,0.2146,0.2146,9.9445,0.3861,0.0,0.0,0.0,0.0,0.0,0.0,122.38,60.48,122.42,60.2,122.42,60.2,13.12,76.2,CUDA,Bicubic Baseline (3x)
766,00001021_004.png,sub_NIH,3,ok,40.0741,6.3926,2.5284,0.9495,0.9919,0.2443,9.9847,0.1414,40.0741,40.0741,6.3926,2.5284,0.9495,0.9495,0.9919,0.2443,0.2443,9.9847,0.1414,0.0,0.0,0.0,0.0,0.0,0.0,111.41,67.0,111.42,66.93,111.42,66.93,13.43,74.45,CUDA,Bicubic Baseline (3x)
767,00001029_001.png,sub_NIH,3,ok,31.9151,41.8384,6.4683,0.95,0.9909,0.2451,9.9089,0.2875,31.9151,31.9151,41.8384,6.4683,0.95,0.95,0.9909,0.2451,0.2451,9.9089,0.2875,0.0,0.0,0.0,0.0,0.0,0.0,114.95,56.45,115.01,55.82,115.01,55.82,13.34,74.96,CUDA,Bicubic Baseline (3x)
768,00001029_003.png,sub_NIH,3,ok,36.2429,15.4451,3.93,0.9761,0.9964,0.1769,9.9766,0.1468,36.2429,36.2429,15.4451,3.93,0.9761,0.9761,0.9964,0.1769,0.1769,9.9766,0.1468,0.0,0.0,0.0,0.0,0.0,0.0,127.24,58.85,127.29,58.69,127.29,58.69,13.23,75.6,CUDA,Bicubic Baseline (3x)
769,00001029_015.png,sub_NIH,3,ok,39.1424,7.9222,2.8146,0.9463,0.9913,0.2733,9.9794,0.1755,39.1424,39.1424,7.9222,2.8146,0.9463,0.9463,0.9913,0.2733,0.2733,9.9794,0.1755,0.0,0.0,0.0,0.0,0.0,0.0,101.0,64.94,101.01,64.84,101.01,64.84,13.62,73.45,CUDA,Bicubic Baseline (3x)
770,00001029_016.png,sub_NIH,3,ok,32.4103,37.3297,6.1098,0.961,0.9929,0.1998,9.9401,0.2096,32.4103,32.4103,37.3297,6.1098,0.961,0.961,0.9929,0.1998,0.1998,9.9401,0.2096,0.0,0.0,0.0,0.0,0.0,0.0,111.86,60.61,111.93,60.16,111.93,60.16,13.35,74.89,CUDA,Bicubic Baseline (3x)
771,00001031_002.png,sub_NIH,3,ok,37.2328,12.297,3.5067,0.9357,0.9901,0.3224,9.9696,0.2058,37.2328,37.2328,12.297,3.5067,0.9357,0.9357,0.9901,0.3224,0.3224,9.9696,0.2058,0.0,0.0,0.0,0.0,0.0,0.0,139.74,68.83,139.75,68.66,139.75,68.66,13.34,74.97,CUDA,Bicubic Baseline (3x)
772,00001033_000.png,sub_NIH,3,ok,45.3199,1.9102,1.3821,0.978,0.996,0.1598,9.9912,0.1282,45.3199,45.3199,1.9102,1.3821,0.978,0.978,0.996,0.1598,0.1598,9.9912,0.1282,0.0,0.0,0.0,0.0,0.0,0.0,174.98,34.56,174.99,34.51,174.99,34.51,15.94,62.75,CUDA,Bicubic Baseline (3x)
773,00001039_004.png,sub_NIH,3,ok,39.8151,6.7853,2.6049,0.962,0.9937,0.2219,9.9777,0.2033,39.8151,39.8151,6.7853,2.6049,0.962,0.962,0.9937,0.2219,0.2219,9.9777,0.2033,0.0,0.0,0.0,0.0,0.0,0.0,107.7,64.66,107.71,64.55,107.71,64.55,13.13,76.17,CUDA,Bicubic Baseline (3x)
774,00001040_000.png,sub_NIH,3,ok,44.7001,2.2033,1.4844,0.9775,0.9955,0.1465,9.9888,0.1932,44.7001,44.7001,2.2033,1.4844,0.9775,0.9775,0.9955,0.1465,0.1465,9.9888,0.1932,0.0,0.0,0.0,0.0,0.0,0.0,149.41,55.59,149.42,55.55,149.42,55.55,13.68,73.1,CUDA,Bicubic Baseline (3x)
775,00001040_001.png,sub_NIH,3,ok,38.8849,8.406,2.8993,0.9394,0.99,0.2654,9.9783,0.183,38.8849,38.8849,8.406,2.8993,0.9394,0.9394,0.99,0.2654,0.2654,9.9783,0.183,0.0,0.0,0.0,0.0,0.0,0.0,107.58,69.36,107.6,69.25,107.6,69.25,13.15,76.07,CUDA,Bicubic Baseline (3x)
776,00001042_000.png,sub_NIH,3,ok,43.7246,2.7582,1.6608,0.977,0.9955,0.1577,9.9881,0.1902,43.7246,43.7246,2.7582,1.6608,0.977,0.977,0.9955,0.1577,0.1577,9.9881,0.1902,0.0,0.0,0.0,0.0,0.0,0.0,165.71,46.96,165.71,46.91,165.71,46.91,13.81,72.41,CUDA,Bicubic Baseline (3x)
777,00001043_000.png,sub_NIH,3,ok,35.7593,17.2644,4.155,0.9705,0.9952,0.1445,9.9872,0.0523,35.7593,35.7593,17.2644,4.155,0.9705,0.9705,0.9952,0.1445,0.1445,9.9872,0.0523,0.0,0.0,0.0,0.0,0.0,0.0,176.95,52.24,177.01,52.04,177.01,52.04,13.1,76.35,CUDA,Bicubic Baseline (3x)
778,00001045_003.png,sub_NIH,3,ok,33.5969,28.4045,5.3296,0.9655,0.9943,0.1792,9.9641,0.1065,33.5969,33.5969,28.4045,5.3296,0.9655,0.9655,0.9943,0.1792,0.1792,9.9641,0.1065,0.0,0.0,0.0,0.0,0.0,0.0,166.11,51.7,166.17,51.28,166.17,51.28,13.41,74.55,CUDA,Bicubic Baseline (3x)
779,00001045_004.png,sub_NIH,3,ok,31.8955,42.0269,6.4828,0.948,0.991,0.2573,9.925,0.213,31.8955,31.8955,42.0269,6.4828,0.948,0.948,0.991,0.2573,0.2573,9.925,0.213,0.0,0.0,0.0,0.0,0.0,0.0,142.03,58.59,142.09,58.03,142.09,58.03,13.42,74.53,CUDA,Bicubic Baseline (3x)
780,00001048_000.png,sub_NIH,3,ok,44.0411,2.5643,1.6013,0.9759,0.9952,0.1644,9.9886,0.1848,44.0411,44.0411,2.5643,1.6013,0.9759,0.9759,0.9952,0.1644,0.1644,9.9886,0.1848,0.0,0.0,0.0,0.0,0.0,0.0,172.86,41.6,172.87,41.53,172.87,41.53,13.31,75.13,CUDA,Bicubic Baseline (3x)
781,00001049_000.png,sub_NIH,3,ok,42.4678,3.6838,1.9193,0.9589,0.9928,0.2596,9.9891,0.1281,42.4678,42.4678,3.6838,1.9193,0.9589,0.9589,0.9928,0.2596,0.2596,9.9891,0.1281,0.0,0.0,0.0,0.0,0.0,0.0,108.56,29.15,108.55,29.06,108.55,29.06,14.99,66.7,CUDA,Bicubic Baseline (3x)
782,00001052_002.png,sub_NIH,3,ok,39.2024,7.8134,2.7953,0.9454,0.9913,0.2895,9.9821,0.1513,39.2024,39.2024,7.8134,2.7953,0.9454,0.9454,0.9913,0.2895,0.2895,9.9821,0.1513,0.0,0.0,0.0,0.0,0.0,0.0,117.48,67.95,117.49,67.87,117.49,67.87,13.15,76.04,CUDA,Bicubic Baseline (3x)
783,00001054_004.png,sub_NIH,3,ok,36.7712,13.676,3.6981,0.9783,0.9966,0.1254,9.9893,0.0366,36.7712,36.7712,13.676,3.6981,0.9783,0.9783,0.9966,0.1254,0.1254,9.9893,0.0366,0.0,0.0,0.0,0.0,0.0,0.0,161.93,55.99,161.99,55.85,161.99,55.85,13.38,74.76,CUDA,Bicubic Baseline (3x)
784,00001055_006.png,sub_NIH,3,ok,35.1821,19.7184,4.4405,0.9752,0.9962,0.1299,9.9793,0.0875,35.1821,35.1821,19.7184,4.4405,0.9752,0.9752,0.9962,0.1299,0.1299,9.9793,0.0875,0.0,0.0,0.0,0.0,0.0,0.0,167.58,68.68,167.65,68.51,167.65,68.51,13.33,75.04,CUDA,Bicubic Baseline (3x)
785,00001055_007.png,sub_NIH,3,ok,38.219,9.7989,3.1303,0.9347,0.9897,0.2913,9.9787,0.1559,38.219,38.219,9.7989,3.1303,0.9347,0.9347,0.9897,0.2913,0.2913,9.9787,0.1559,0.0,0.0,0.0,0.0,0.0,0.0,105.02,69.72,105.04,69.62,105.04,69.62,13.56,73.77,CUDA,Bicubic Baseline (3x)
786,00001056_000.png,sub_NIH,3,ok,39.5747,7.1715,2.678,0.951,0.9924,0.2533,9.9869,0.116,39.5747,39.5747,7.1715,2.678,0.951,0.951,0.9924,0.2533,0.2533,9.9869,0.116,0.0,0.0,0.0,0.0,0.0,0.0,129.97,75.16,129.99,75.1,129.99,75.1,13.57,73.7,CUDA,Bicubic Baseline (3x)
787,00001059_001.png,sub_NIH,3,ok,32.6521,35.3082,5.9421,0.9425,0.9909,0.2752,9.9041,0.2669,32.6521,32.6521,35.3082,5.9421,0.9425,0.9425,0.9909,0.2752,0.2752,9.9041,0.2669,0.0,0.0,0.0,0.0,0.0,0.0,112.43,68.7,112.49,68.13,112.49,68.13,13.25,75.48,CUDA,Bicubic Baseline (3x)
788,00001059_004.png,sub_NIH,3,ok,38.2783,9.6661,3.109,0.9515,0.992,0.2364,9.9678,0.2264,38.2783,38.2783,9.6661,3.109,0.9515,0.9515,0.992,0.2364,0.2364,9.9678,0.2264,0.0,0.0,0.0,0.0,0.0,0.0,101.68,72.77,101.7,72.65,101.7,72.65,13.19,75.79,CUDA,Bicubic Baseline (3x)
789,00001068_003.png,sub_NIH,3,ok,39.0518,8.0891,2.8441,0.9429,0.9915,0.2968,9.9858,0.1112,39.0518,39.0518,8.0891,2.8441,0.9429,0.9429,0.9915,0.2968,0.2968,9.9858,0.1112,0.0,0.0,0.0,0.0,0.0,0.0,137.27,71.91,137.29,71.83,137.29,71.83,13.23,75.59,CUDA,Bicubic Baseline (3x)
790,00001071_000.png,sub_NIH,3,ok,41.3566,4.758,2.1813,0.9592,0.9935,0.2266,9.9846,0.1555,41.3566,41.3566,4.758,2.1813,0.9592,0.9592,0.9935,0.2266,0.2266,9.9846,0.1555,0.0,0.0,0.0,0.0,0.0,0.0,106.45,68.07,106.46,68.0,106.46,68.0,13.3,75.18,CUDA,Bicubic Baseline (3x)
791,00001075_005.png,sub_NIH,3,ok,31.9691,41.3212,6.4282,0.9601,0.9928,0.2089,9.9215,0.2342,31.9691,31.9691,41.3212,6.4282,0.9601,0.9601,0.9928,0.2089,0.2089,9.9215,0.2342,0.0,0.0,0.0,0.0,0.0,0.0,110.78,67.79,110.86,67.3,110.86,67.3,13.6,73.55,CUDA,Bicubic Baseline (3x)
792,00001075_015.png,sub_NIH,3,ok,34.3875,23.677,4.8659,0.9643,0.9935,0.2054,9.967,0.1594,34.3875,34.3875,23.677,4.8659,0.9643,0.9643,0.9935,0.2054,0.2054,9.967,0.1594,0.0,0.0,0.0,0.0,0.0,0.0,99.52,48.36,99.58,48.0,99.58,48.0,13.12,76.22,CUDA,Bicubic Baseline (3x)
793,00001075_020.png,sub_NIH,3,ok,35.025,20.4445,4.5216,0.9621,0.9931,0.2239,9.9741,0.1394,35.025,35.025,20.4445,4.5216,0.9621,0.9621,0.9931,0.2239,0.2239,9.9741,0.1394,0.0,0.0,0.0,0.0,0.0,0.0,103.1,44.32,103.16,43.99,103.16,43.99,13.15,76.05,CUDA,Bicubic Baseline (3x)
794,00001075_022.png,sub_NIH,3,ok,41.1905,4.9435,2.2234,0.9576,0.9933,0.2267,9.9886,0.112,41.1905,41.1905,4.9435,2.2234,0.9576,0.9576,0.9933,0.2267,0.2267,9.9886,0.112,0.0,0.0,0.0,0.0,0.0,0.0,100.6,81.3,100.62,81.26,100.62,81.26,15.21,65.77,CUDA,Bicubic Baseline (3x)
795,00001075_024.png,sub_NIH,3,ok,40.2774,6.1001,2.4698,0.9384,0.9902,0.32,9.986,0.1188,40.2774,40.2774,6.1001,2.4698,0.9384,0.9384,0.9902,0.32,0.32,9.986,0.1188,0.0,0.0,0.0,0.0,0.0,0.0,125.81,72.11,125.82,72.05,125.82,72.05,13.75,72.73,CUDA,Bicubic Baseline (3x)
796,00001075_026.png,sub_NIH,3,ok,31.8557,42.4144,6.5126,0.9514,0.9911,0.2229,9.9221,0.2338,31.8557,31.8557,42.4144,6.5126,0.9514,0.9514,0.9911,0.2229,0.2229,9.9221,0.2338,0.0,0.0,0.0,0.0,0.0,0.0,123.66,53.59,123.72,52.98,123.72,52.98,13.19,75.81,CUDA,Bicubic Baseline (3x)
797,00001075_028.png,sub_NIH,3,ok,31.1933,49.4032,7.0287,0.9479,0.9904,0.2216,9.9008,0.2641,31.1933,31.1933,49.4032,7.0287,0.9479,0.9479,0.9904,0.2216,0.2216,9.9008,0.2641,0.0,0.0,0.0,0.0,0.0,0.0,129.0,63.8,129.06,63.18,129.06,63.18,13.48,74.18,CUDA,Bicubic Baseline (3x)
798,00001075_030.png,sub_NIH,3,ok,32.1549,39.5909,6.2921,0.9516,0.9914,0.2315,9.9193,0.2492,32.1549,32.1549,39.5909,6.2921,0.9516,0.9516,0.9914,0.2315,0.2315,9.9193,0.2492,0.0,0.0,0.0,0.0,0.0,0.0,123.23,54.15,123.3,53.55,123.3,53.55,13.39,74.67,CUDA,Bicubic Baseline (3x)
799,00001075_038.png,sub_NIH,3,ok,44.5083,2.3028,1.5175,0.9793,0.996,0.1406,9.9883,0.2024,44.5083,44.5083,2.3028,1.5175,0.9793,0.9793,0.996,0.1406,0.1406,9.9883,0.2024,0.0,0.0,0.0,0.0,0.0,0.0,168.91,46.41,168.91,46.37,168.91,46.37,13.32,75.06,CUDA,Bicubic Baseline (3x)
800,00001077_002.png,sub_NIH,3,ok,35.8122,17.0552,4.1298,0.9705,0.9951,0.1492,9.9634,0.2039,35.8122,35.8122,17.0552,4.1298,0.9705,0.9705,0.9951,0.1492,0.1492,9.9634,0.2039,0.0,0.0,0.0,0.0,0.0,0.0,141.84,71.85,141.9,71.6,141.9,71.6,13.16,75.98,CUDA,Bicubic Baseline (3x)
801,00001078_000.png,sub_NIH,3,ok,31.4079,47.0207,6.8572,0.945,0.99,0.2583,9.9197,0.2154,31.4079,31.4079,47.0207,6.8572,0.945,0.945,0.99,0.2583,0.2583,9.9197,0.2154,0.0,0.0,0.0,0.0,0.0,0.0,121.63,54.8,121.7,54.13,121.7,54.13,13.18,75.88,CUDA,Bicubic Baseline (3x)
802,00001078_002.png,sub_NIH,3,ok,39.2561,7.7173,2.778,0.9385,0.9905,0.3045,9.9865,0.1104,39.2561,39.2561,7.7173,2.778,0.9385,0.9385,0.9905,0.3045,0.3045,9.9865,0.1104,0.0,0.0,0.0,0.0,0.0,0.0,134.68,65.5,134.69,65.42,134.69,65.42,13.51,74.04,CUDA,Bicubic Baseline (3x)
803,00001081_002.png,sub_NIH,3,ok,39.686,6.99,2.6439,0.9525,0.9922,0.2577,9.9846,0.1401,39.686,39.686,6.99,2.6439,0.9525,0.9525,0.9922,0.2577,0.2577,9.9846,0.1401,0.0,0.0,0.0,0.0,0.0,0.0,129.93,65.37,129.95,65.3,129.95,65.3,13.14,76.12,CUDA,Bicubic Baseline (3x)
804,00001082_006.png,sub_NIH,3,ok,39.3421,7.5661,2.7507,0.9417,0.9909,0.3029,9.9815,0.1481,39.3421,39.3421,7.5661,2.7507,0.9417,0.9417,0.9909,0.3029,0.3029,9.9815,0.1481,0.0,0.0,0.0,0.0,0.0,0.0,116.0,62.44,116.02,62.34,116.02,62.34,13.18,75.88,CUDA,Bicubic Baseline (3x)
805,00001085_001.png,sub_NIH,3,ok,34.773,21.666,4.6547,0.9635,0.9936,0.1811,9.9581,0.2083,34.773,34.773,21.666,4.6547,0.9635,0.9635,0.9936,0.1811,0.1811,9.9581,0.2083,0.0,0.0,0.0,0.0,0.0,0.0,159.96,61.27,160.02,60.93,160.02,60.93,13.11,76.27,CUDA,Bicubic Baseline (3x)
806,00001086_001.png,sub_NIH,3,ok,36.5882,14.2645,3.7768,0.9348,0.9895,0.3053,9.9725,0.1653,36.5882,36.5882,14.2645,3.7768,0.9348,0.9348,0.9895,0.3053,0.3053,9.9725,0.1653,0.0,0.0,0.0,0.0,0.0,0.0,126.2,68.89,126.22,68.75,126.22,68.75,13.34,74.96,CUDA,Bicubic Baseline (3x)
807,00001088_006.png,sub_NIH,3,ok,35.3872,18.8087,4.3369,0.9713,0.9955,0.1621,9.984,0.0653,35.3872,35.3872,18.8087,4.3369,0.9713,0.9713,0.9955,0.1621,0.1621,9.984,0.0653,0.0,0.0,0.0,0.0,0.0,0.0,168.8,57.37,168.86,57.19,168.86,57.19,13.13,76.19,CUDA,Bicubic Baseline (3x)
808,00001088_008.png,sub_NIH,3,ok,39.6802,6.9994,2.6456,0.9452,0.9915,0.2893,9.9829,0.1505,39.6802,39.6802,6.9994,2.6456,0.9452,0.9452,0.9915,0.2893,0.2893,9.9829,0.1505,0.0,0.0,0.0,0.0,0.0,0.0,135.55,65.82,135.57,65.73,135.57,65.73,13.44,74.41,CUDA,Bicubic Baseline (3x)
809,00001088_018.png,sub_NIH,3,ok,34.416,23.5226,4.85,0.9688,0.9947,0.2151,9.9692,0.1879,34.416,34.416,23.5226,4.85,0.9688,0.9688,0.9947,0.2151,0.2151,9.9692,0.1879,0.0,0.0,0.0,0.0,0.0,0.0,125.99,53.12,126.03,52.85,126.03,52.85,13.17,75.95,CUDA,Bicubic Baseline (3x)
810,00001088_023.png,sub_NIH,3,ok,40.3401,6.0128,2.4521,0.9442,0.9914,0.2885,9.9866,0.124,40.3401,40.3401,6.0128,2.4521,0.9442,0.9442,0.9914,0.2885,0.2885,9.9866,0.124,0.0,0.0,0.0,0.0,0.0,0.0,138.04,65.48,138.05,65.41,138.05,65.41,13.23,75.58,CUDA,Bicubic Baseline (3x)
811,00001093_001.png,sub_NIH,3,ok,38.8349,8.5033,2.916,0.9398,0.99,0.2729,9.9799,0.1756,38.8349,38.8349,8.5033,2.916,0.9398,0.9398,0.99,0.2729,0.2729,9.9799,0.1756,0.0,0.0,0.0,0.0,0.0,0.0,104.04,70.19,104.05,70.09,104.05,70.09,17.37,57.58,CUDA,Bicubic Baseline (3x)
812,00001093_002.png,sub_NIH,3,ok,38.7647,8.6418,2.9397,0.9399,0.9899,0.2734,9.9797,0.1789,38.7647,38.7647,8.6418,2.9397,0.9399,0.9399,0.9899,0.2734,0.2734,9.9797,0.1789,0.0,0.0,0.0,0.0,0.0,0.0,102.56,69.59,102.56,69.49,102.56,69.49,13.47,74.21,CUDA,Bicubic Baseline (3x)
813,00001093_004.png,sub_NIH,3,ok,41.5924,4.5066,2.1229,0.9627,0.9924,0.2014,9.9851,0.2019,41.5924,41.5924,4.5066,2.1229,0.9627,0.9627,0.9924,0.2014,0.2014,9.9851,0.2019,0.0,0.0,0.0,0.0,0.0,0.0,103.44,38.37,103.44,38.28,103.44,38.28,13.15,76.03,CUDA,Bicubic Baseline (3x)
814,00001098_000.png,sub_NIH,3,ok,34.4984,23.0804,4.8042,0.9679,0.9952,0.1536,9.9708,0.1836,34.4984,34.4984,23.0804,4.8042,0.9679,0.9679,0.9952,0.1536,0.1536,9.9708,0.1836,0.0,0.0,0.0,0.0,0.0,0.0,170.73,67.69,170.8,67.46,170.8,67.46,13.58,73.62,CUDA,Bicubic Baseline (3x)
815,00001100_001.png,sub_NIH,3,ok,39.3007,7.6385,2.7638,0.9362,0.9897,0.3043,9.984,0.1411,39.3007,39.3007,7.6385,2.7638,0.9362,0.9362,0.9897,0.3043,0.3043,9.984,0.1411,0.0,0.0,0.0,0.0,0.0,0.0,136.16,61.7,136.17,61.6,136.17,61.6,13.13,76.17,CUDA,Bicubic Baseline (3x)
816,00001100_002.png,sub_NIH,3,ok,32.3482,37.8668,6.1536,0.9546,0.9922,0.1979,9.9336,0.2389,32.3482,32.3482,37.8668,6.1536,0.9546,0.9546,0.9922,0.1979,0.1979,9.9336,0.2389,0.0,0.0,0.0,0.0,0.0,0.0,149.16,57.47,149.25,56.86,149.25,56.86,13.45,74.34,CUDA,Bicubic Baseline (3x)
817,00001101_002.png,sub_NIH,3,ok,33.9469,26.2056,5.1191,0.9553,0.9919,0.2379,9.9509,0.2177,33.9469,33.9469,26.2056,5.1191,0.9553,0.9553,0.9919,0.2379,0.2379,9.9509,0.2177,0.0,0.0,0.0,0.0,0.0,0.0,115.39,49.7,115.43,49.29,115.43,49.29,13.31,75.14,CUDA,Bicubic Baseline (3x)
818,00001101_009.png,sub_NIH,3,ok,35.8517,16.9011,4.1111,0.9474,0.992,0.28,9.9575,0.2196,35.8517,35.8517,16.9011,4.1111,0.9474,0.9474,0.992,0.28,0.28,9.9575,0.2196,0.0,0.0,0.0,0.0,0.0,0.0,128.37,70.9,128.4,70.66,128.4,70.66,13.54,73.84,CUDA,Bicubic Baseline (3x)
819,00001101_012.png,sub_NIH,3,ok,32.5872,35.8392,5.9866,0.9703,0.9949,0.2028,9.9535,0.1795,32.5872,32.5872,35.8392,5.9866,0.9703,0.9703,0.9949,0.2028,0.2028,9.9535,0.1795,0.0,0.0,0.0,0.0,0.0,0.0,111.79,54.03,111.85,53.6,111.85,53.6,13.35,74.91,CUDA,Bicubic Baseline (3x)
820,00001101_013.png,sub_NIH,3,ok,38.3854,9.4307,3.0709,0.9504,0.9923,0.2643,9.9769,0.1832,38.3854,38.3854,9.4307,3.0709,0.9504,0.9504,0.9923,0.2643,0.2643,9.9769,0.1832,0.0,0.0,0.0,0.0,0.0,0.0,119.85,69.62,119.86,69.53,119.86,69.53,13.17,75.94,CUDA,Bicubic Baseline (3x)
821,00001101_015.png,sub_NIH,3,ok,31.4308,46.7734,6.8391,0.9762,0.9962,0.1327,9.9489,0.1636,31.4308,31.4308,46.7734,6.8391,0.9762,0.9762,0.9962,0.1327,0.1327,9.9489,0.1636,0.0,0.0,0.0,0.0,0.0,0.0,166.03,47.85,166.12,47.23,166.12,47.23,13.41,74.55,CUDA,Bicubic Baseline (3x)
822,00001101_018.png,sub_NIH,3,ok,31.8207,42.7572,6.5389,0.9401,0.9902,0.2856,9.9346,0.1798,31.8207,31.8207,42.7572,6.5389,0.9401,0.9401,0.9902,0.2856,0.2856,9.9346,0.1798,0.0,0.0,0.0,0.0,0.0,0.0,130.51,61.36,130.57,60.83,130.57,60.83,13.26,75.44,CUDA,Bicubic Baseline (3x)
823,00001103_003.png,sub_NIH,3,ok,39.9942,6.5112,2.5517,0.9455,0.991,0.2683,9.9807,0.1754,39.9942,39.9942,6.5112,2.5517,0.9455,0.9455,0.991,0.2683,0.2683,9.9807,0.1754,0.0,0.0,0.0,0.0,0.0,0.0,115.44,65.1,115.45,65.01,115.45,65.01,13.27,75.36,CUDA,Bicubic Baseline (3x)
824,00001104_000.png,sub_NIH,3,ok,35.2666,19.3385,4.3976,0.9648,0.9943,0.1786,9.9628,0.2144,35.2666,35.2666,19.3385,4.3976,0.9648,0.9648,0.9943,0.1786,0.1786,9.9628,0.2144,0.0,0.0,0.0,0.0,0.0,0.0,160.97,60.53,161.03,60.23,161.03,60.23,14.8,67.58,CUDA,Bicubic Baseline (3x)
825,00001104_016.png,sub_NIH,3,ok,39.6743,7.009,2.6474,0.9487,0.9917,0.2563,9.9786,0.1892,39.6743,39.6743,7.009,2.6474,0.9487,0.9487,0.9917,0.2563,0.2563,9.9786,0.1892,0.0,0.0,0.0,0.0,0.0,0.0,118.55,72.31,118.57,72.22,118.57,72.22,13.32,75.08,CUDA,Bicubic Baseline (3x)
826,00001104_020.png,sub_NIH,3,ok,40.4083,5.919,2.4329,0.9521,0.9922,0.2437,9.9839,0.1662,40.4083,40.4083,5.919,2.4329,0.9521,0.9521,0.9922,0.2437,0.2437,9.9839,0.1662,0.0,0.0,0.0,0.0,0.0,0.0,120.19,69.36,120.21,69.29,120.21,69.29,13.2,75.73,CUDA,Bicubic Baseline (3x)
827,00001104_021.png,sub_NIH,3,ok,40.3682,5.974,2.4442,0.9544,0.9926,0.2417,9.9827,0.1751,40.3682,40.3682,5.974,2.4442,0.9544,0.9544,0.9926,0.2417,0.2417,9.9827,0.1751,0.0,0.0,0.0,0.0,0.0,0.0,112.38,69.59,112.4,69.52,112.4,69.52,13.2,75.78,CUDA,Bicubic Baseline (3x)
828,00001107_004.png,sub_NIH,3,ok,39.5377,7.2329,2.6894,0.9458,0.9915,0.2885,9.9831,0.1474,39.5377,39.5377,7.2329,2.6894,0.9458,0.9458,0.9915,0.2885,0.2885,9.9831,0.1474,0.0,0.0,0.0,0.0,0.0,0.0,138.95,64.6,138.97,64.51,138.97,64.51,14.76,67.75,CUDA,Bicubic Baseline (3x)
829,00001107_007.png,sub_NIH,3,ok,39.6538,7.0421,2.6537,0.9435,0.9911,0.2884,9.9862,0.1227,39.6538,39.6538,7.0421,2.6537,0.9435,0.9435,0.9911,0.2884,0.2884,9.9862,0.1227,0.0,0.0,0.0,0.0,0.0,0.0,126.62,67.5,126.63,67.43,126.63,67.43,13.44,74.42,CUDA,Bicubic Baseline (3x)
830,00001107_008.png,sub_NIH,3,ok,33.195,31.1589,5.582,0.9773,0.9967,0.1426,9.9687,0.1107,33.195,33.195,31.1589,5.582,0.9773,0.9773,0.9967,0.1426,0.1426,9.9687,0.1107,0.0,0.0,0.0,0.0,0.0,0.0,156.55,40.2,156.63,39.64,156.63,39.64,13.11,76.26,CUDA,Bicubic Baseline (3x)
831,00001107_010.png,sub_NIH,3,ok,33.6083,28.3303,5.3226,0.9695,0.995,0.2144,9.941,0.2593,33.6083,33.6083,28.3303,5.3226,0.9695,0.9695,0.995,0.2144,0.2144,9.941,0.2593,0.0,0.0,0.0,0.0,0.0,0.0,111.28,50.57,111.33,50.15,111.33,50.15,15.32,65.27,CUDA,Bicubic Baseline (3x)
832,00001108_001.png,sub_NIH,3,ok,41.7879,4.3081,2.0756,0.9572,0.9927,0.271,9.9879,0.1314,41.7879,41.7879,4.3081,2.0756,0.9572,0.9572,0.9927,0.271,0.271,9.9879,0.1314,0.0,0.0,0.0,0.0,0.0,0.0,107.97,27.62,107.97,27.49,107.97,27.49,13.09,76.4,CUDA,Bicubic Baseline (3x)
833,00001108_002.png,sub_NIH,3,ok,41.8176,4.2788,2.0685,0.9634,0.9933,0.2283,9.9897,0.1128,41.8176,41.8176,4.2788,2.0685,0.9634,0.9634,0.9933,0.2283,0.2283,9.9897,0.1128,0.0,0.0,0.0,0.0,0.0,0.0,110.05,31.58,110.06,31.49,110.06,31.49,13.39,74.68,CUDA,Bicubic Baseline (3x)
834,00001108_003.png,sub_NIH,3,ok,33.2815,30.5441,5.5267,0.9703,0.9947,0.2219,9.9625,0.167,33.2815,33.2815,30.5441,5.5267,0.9703,0.9703,0.9947,0.2219,0.2219,9.9625,0.167,0.0,0.0,0.0,0.0,0.0,0.0,102.02,42.74,102.07,42.27,102.07,42.27,13.15,76.06,CUDA,Bicubic Baseline (3x)
835,00001111_000.png,sub_NIH,3,ok,40.1327,6.3068,2.5113,0.9479,0.9918,0.2629,9.9835,0.1517,40.1327,40.1327,6.3068,2.5113,0.9479,0.9479,0.9918,0.2629,0.2629,9.9835,0.1517,0.0,0.0,0.0,0.0,0.0,0.0,116.1,72.69,116.12,72.61,116.12,72.61,13.62,73.44,CUDA,Bicubic Baseline (3x)
836,00001114_000.png,sub_NIH,3,ok,43.2765,3.058,1.7487,0.9724,0.9946,0.1737,9.9873,0.1954,43.2765,43.2765,3.058,1.7487,0.9724,0.9724,0.9946,0.1737,0.1737,9.9873,0.1954,0.0,0.0,0.0,0.0,0.0,0.0,171.9,41.34,171.91,41.27,171.91,41.27,13.96,71.66,CUDA,Bicubic Baseline (3x)
837,00001117_000.png,sub_NIH,3,ok,40.8685,5.3239,2.3074,0.9496,0.9918,0.2537,9.9865,0.1341,40.8685,40.8685,5.3239,2.3074,0.9496,0.9496,0.9918,0.2537,0.2537,9.9865,0.1341,0.0,0.0,0.0,0.0,0.0,0.0,119.72,69.26,119.74,69.2,119.74,69.2,13.41,74.55,CUDA,Bicubic Baseline (3x)
838,00001120_001.png,sub_NIH,3,ok,39.2295,7.7648,2.7865,0.9437,0.9911,0.2934,9.9822,0.1532,39.2295,39.2295,7.7648,2.7865,0.9437,0.9437,0.9911,0.2934,0.2934,9.9822,0.1532,0.0,0.0,0.0,0.0,0.0,0.0,117.05,60.34,117.06,60.24,117.06,60.24,13.13,76.19,CUDA,Bicubic Baseline (3x)
839,00001120_002.png,sub_NIH,3,ok,39.5982,7.1328,2.6707,0.9487,0.9919,0.2721,9.9824,0.1529,39.5982,39.5982,7.1328,2.6707,0.9487,0.9487,0.9919,0.2721,0.2721,9.9824,0.1529,0.0,0.0,0.0,0.0,0.0,0.0,121.64,64.84,121.66,64.74,121.66,64.74,13.26,75.4,CUDA,Bicubic Baseline (3x)
840,00001122_003.png,sub_NIH,3,ok,40.1043,6.3482,2.5196,0.9476,0.9919,0.2658,9.9853,0.1261,40.1043,40.1043,6.3482,2.5196,0.9476,0.9476,0.9919,0.2658,0.2658,9.9853,0.1261,0.0,0.0,0.0,0.0,0.0,0.0,115.05,72.79,115.08,72.72,115.08,72.72,13.6,73.54,CUDA,Bicubic Baseline (3x)
841,00001122_005.png,sub_NIH,3,ok,34.4769,23.1949,4.8161,0.9743,0.9955,0.1665,9.9597,0.2229,34.4769,34.4769,23.1949,4.8161,0.9743,0.9743,0.9955,0.1665,0.1665,9.9597,0.2229,0.0,0.0,0.0,0.0,0.0,0.0,111.5,49.66,111.54,49.33,111.54,49.33,13.5,74.05,CUDA,Bicubic Baseline (3x)
842,00001122_006.png,sub_NIH,3,ok,34.1144,25.2138,5.0213,0.973,0.9956,0.1796,9.9493,0.2467,34.1144,34.1144,25.2138,5.0213,0.973,0.973,0.9956,0.1796,0.1796,9.9493,0.2467,0.0,0.0,0.0,0.0,0.0,0.0,108.58,63.59,108.63,63.3,108.63,63.3,13.3,75.19,CUDA,Bicubic Baseline (3x)
843,00001128_000.png,sub_NIH,3,ok,37.4942,11.5787,3.4028,0.9756,0.9958,0.1568,9.9811,0.147,37.4942,37.4942,11.5787,3.4028,0.9756,0.9756,0.9958,0.1568,0.1568,9.9811,0.147,0.0,0.0,0.0,0.0,0.0,0.0,144.94,52.64,144.98,52.48,144.98,52.48,13.15,76.02,CUDA,Bicubic Baseline (3x)
844,00001129_000.png,sub_NIH,3,ok,42.57,3.5981,1.8969,0.9682,0.9941,0.1931,9.9882,0.1643,42.57,42.57,3.5981,1.8969,0.9682,0.9682,0.9941,0.1931,0.1931,9.9882,0.1643,0.0,0.0,0.0,0.0,0.0,0.0,100.27,43.3,100.28,43.23,100.28,43.23,14.04,71.23,CUDA,Bicubic Baseline (3x)
845,00001131_000.png,sub_NIH,3,ok,40.3325,6.0233,2.4542,0.9512,0.9925,0.2745,9.983,0.1533,40.3325,40.3325,6.0233,2.4542,0.9512,0.9512,0.9925,0.2745,0.2745,9.983,0.1533,0.0,0.0,0.0,0.0,0.0,0.0,132.39,69.94,132.41,69.86,132.41,69.86,13.87,72.07,CUDA,Bicubic Baseline (3x)
846,00001133_000.png,sub_NIH,3,ok,33.617,28.2735,5.3173,0.9719,0.9954,0.1503,9.9794,0.0509,33.617,33.617,28.2735,5.3173,0.9719,0.9719,0.9954,0.1503,0.1503,9.9794,0.0509,0.0,0.0,0.0,0.0,0.0,0.0,157.22,64.52,157.29,64.26,157.29,64.26,13.3,75.17,CUDA,Bicubic Baseline (3x)
847,00001136_002.png,sub_NIH,3,ok,36.4931,14.5803,3.8184,0.9772,0.9961,0.1313,9.9674,0.2039,36.4931,36.4931,14.5803,3.8184,0.9772,0.9772,0.9961,0.1313,0.1313,9.9674,0.2039,0.0,0.0,0.0,0.0,0.0,0.0,141.35,72.41,141.39,72.24,141.39,72.24,13.48,74.21,CUDA,Bicubic Baseline (3x)
848,00001137_001.png,sub_NIH,3,ok,36.756,13.7238,3.7046,0.9732,0.9956,0.1376,9.9806,0.1058,36.756,36.756,13.7238,3.7046,0.9732,0.9732,0.9956,0.1376,0.1376,9.9806,0.1058,0.0,0.0,0.0,0.0,0.0,0.0,150.46,63.95,150.52,63.78,150.52,63.78,13.53,73.93,CUDA,Bicubic Baseline (3x)
849,00001139_000.png,sub_NIH,3,ok,40.4136,5.9117,2.4314,0.9705,0.9945,0.1727,9.9804,0.1968,40.4136,40.4136,5.9117,2.4314,0.9705,0.9705,0.9945,0.1727,0.1727,9.9804,0.1968,0.0,0.0,0.0,0.0,0.0,0.0,161.98,56.36,161.99,56.25,161.99,56.25,16.56,60.4,CUDA,Bicubic Baseline (3x)
850,00001143_000.png,sub_NIH,3,ok,39.3035,7.6337,2.7629,0.9603,0.9929,0.2245,9.9824,0.1332,39.3035,39.3035,7.6337,2.7629,0.9603,0.9603,0.9929,0.2245,0.2245,9.9824,0.1332,0.0,0.0,0.0,0.0,0.0,0.0,140.9,58.04,140.92,57.9,140.92,57.9,13.43,74.48,CUDA,Bicubic Baseline (3x)
851,00001144_000.png,sub_NIH,3,ok,31.5199,45.824,6.7693,0.9687,0.9948,0.1628,9.9448,0.1969,31.5199,31.5199,45.824,6.7693,0.9687,0.9687,0.9948,0.1628,0.1628,9.9448,0.1969,0.0,0.0,0.0,0.0,0.0,0.0,179.1,56.25,179.19,55.63,179.19,55.63,13.28,75.33,CUDA,Bicubic Baseline (3x)
852,00001146_000.png,sub_NIH,3,ok,40.7086,5.5236,2.3502,0.9698,0.9943,0.19,9.9817,0.1974,40.7086,40.7086,5.5236,2.3502,0.9698,0.9698,0.9943,0.19,0.19,9.9817,0.1974,0.0,0.0,0.0,0.0,0.0,0.0,172.84,41.63,172.84,41.49,172.84,41.49,13.36,74.84,CUDA,Bicubic Baseline (3x)
853,00001148_002.png,sub_NIH,3,ok,35.8161,17.0399,4.1279,0.9728,0.9956,0.1677,9.9691,0.1871,35.8161,35.8161,17.0399,4.1279,0.9728,0.9728,0.9956,0.1677,0.1677,9.9691,0.1871,0.0,0.0,0.0,0.0,0.0,0.0,153.56,60.38,153.61,60.13,153.61,60.13,13.67,73.18,CUDA,Bicubic Baseline (3x)
854,00001148_004.png,sub_NIH,3,ok,38.4346,9.3245,3.0536,0.9401,0.9905,0.3029,9.9791,0.1502,38.4346,38.4346,9.3245,3.0536,0.9401,0.9401,0.9905,0.3029,0.3029,9.9791,0.1502,0.0,0.0,0.0,0.0,0.0,0.0,113.76,67.4,113.77,67.28,113.77,67.28,13.53,73.93,CUDA,Bicubic Baseline (3x)
855,00001149_001.png,sub_NIH,3,ok,42.2181,3.9019,1.9753,0.9749,0.9952,0.1706,9.9824,0.2528,42.2181,42.2181,3.9019,1.9753,0.9749,0.9749,0.9952,0.1706,0.1706,9.9824,0.2528,0.0,0.0,0.0,0.0,0.0,0.0,153.32,51.15,153.33,51.07,153.33,51.07,13.09,76.42,CUDA,Bicubic Baseline (3x)
856,00001151_003.png,sub_NIH,3,ok,34.6852,22.1085,4.702,0.9734,0.9949,0.2022,9.9647,0.2194,34.6852,34.6852,22.1085,4.702,0.9734,0.9734,0.9949,0.2022,0.2022,9.9647,0.2194,0.0,0.0,0.0,0.0,0.0,0.0,116.47,40.62,116.51,40.26,116.51,40.26,13.56,73.75,CUDA,Bicubic Baseline (3x)
857,00001151_006.png,sub_NIH,3,ok,34.8424,21.3224,4.6176,0.9725,0.9951,0.1897,9.9583,0.2471,34.8424,34.8424,21.3224,4.6176,0.9725,0.9725,0.9951,0.1897,0.1897,9.9583,0.2471,0.0,0.0,0.0,0.0,0.0,0.0,113.17,54.0,113.21,53.72,113.21,53.72,17.68,56.57,CUDA,Bicubic Baseline (3x)
858,00001153_002.png,sub_NIH,3,ok,35.2088,19.5973,4.4269,0.9654,0.9942,0.1862,9.9651,0.1796,35.2088,35.2088,19.5973,4.4269,0.9654,0.9654,0.9942,0.1862,0.1862,9.9651,0.1796,0.0,0.0,0.0,0.0,0.0,0.0,148.91,72.29,148.97,72.04,148.97,72.04,13.25,75.48,CUDA,Bicubic Baseline (3x)
859,00001154_002.png,sub_NIH,3,ok,35.0019,20.5536,4.5336,0.9689,0.9949,0.157,9.9751,0.1217,35.0019,35.0019,20.5536,4.5336,0.9689,0.9689,0.9949,0.157,0.157,9.9751,0.1217,0.0,0.0,0.0,0.0,0.0,0.0,154.1,66.98,154.17,66.8,154.17,66.8,13.12,76.23,CUDA,Bicubic Baseline (3x)
860,00001154_003.png,sub_NIH,3,ok,39.2234,7.7757,2.7885,0.9545,0.9927,0.2397,9.9855,0.109,39.2234,39.2234,7.7757,2.7885,0.9545,0.9545,0.9927,0.2397,0.2397,9.9855,0.109,0.0,0.0,0.0,0.0,0.0,0.0,133.44,66.26,133.46,66.17,133.46,66.17,13.19,75.79,CUDA,Bicubic Baseline (3x)
861,00001154_006.png,sub_NIH,3,ok,33.5599,28.6481,5.3524,0.9596,0.9927,0.1873,9.929,0.216,33.5599,33.5599,28.6481,5.3524,0.9596,0.9596,0.9927,0.1873,0.1873,9.929,0.216,0.0,0.0,0.0,0.0,0.0,0.0,136.6,72.53,136.67,72.07,136.67,72.07,13.09,76.38,CUDA,Bicubic Baseline (3x)
862,00001157_002.png,sub_NIH,3,ok,34.6181,22.4528,4.7384,0.9809,0.997,0.1319,9.9724,0.158,34.6181,34.6181,22.4528,4.7384,0.9809,0.9809,0.997,0.1319,0.1319,9.9724,0.158,0.0,0.0,0.0,0.0,0.0,0.0,158.6,53.18,158.66,52.91,158.66,52.91,13.11,76.27,CUDA,Bicubic Baseline (3x)
863,00001159_000.png,sub_NIH,3,ok,39.2723,7.6886,2.7728,0.9498,0.9919,0.2536,9.9771,0.191,39.2723,39.2723,7.6886,2.7728,0.9498,0.9498,0.9919,0.2536,0.2536,9.9771,0.191,0.0,0.0,0.0,0.0,0.0,0.0,127.4,65.99,127.41,65.88,127.41,65.88,16.49,60.63,CUDA,Bicubic Baseline (3x)
864,00001166_000.png,sub_NIH,3,ok,43.1925,3.1177,1.7657,0.969,0.9944,0.2056,9.9893,0.1434,43.1925,43.1925,3.1177,1.7657,0.969,0.969,0.9944,0.2056,0.2056,9.9893,0.1434,0.0,0.0,0.0,0.0,0.0,0.0,105.44,37.14,105.44,37.07,105.44,37.07,13.15,76.02,CUDA,Bicubic Baseline (3x)
865,00001167_000.png,sub_NIH,3,ok,38.622,8.9306,2.9884,0.9483,0.9916,0.2442,9.9759,0.1997,38.622,38.622,8.9306,2.9884,0.9483,0.9483,0.9916,0.2442,0.2442,9.9759,0.1997,0.0,0.0,0.0,0.0,0.0,0.0,103.0,62.94,103.02,62.82,103.02,62.82,13.4,74.62,CUDA,Bicubic Baseline (3x)
866,00001170_003.png,sub_NIH,3,ok,41.5298,4.5719,2.1382,0.9752,0.9954,0.1594,9.986,0.1863,41.5298,41.5298,4.5719,2.1382,0.9752,0.9752,0.9954,0.1594,0.1594,9.986,0.1863,0.0,0.0,0.0,0.0,0.0,0.0,156.58,59.18,156.58,59.13,156.58,59.13,13.19,75.83,CUDA,Bicubic Baseline (3x)
867,00001170_024.png,sub_NIH,3,ok,37.2771,12.1723,3.4889,0.979,0.9966,0.1341,9.9862,0.0695,37.2771,37.2771,12.1723,3.4889,0.979,0.979,0.9966,0.1341,0.1341,9.9862,0.0695,0.0,0.0,0.0,0.0,0.0,0.0,145.53,57.98,145.58,57.85,145.58,57.85,13.22,75.64,CUDA,Bicubic Baseline (3x)
868,00001170_025.png,sub_NIH,3,ok,36.3702,14.9988,3.8728,0.9756,0.996,0.1512,9.9751,0.1577,36.3702,36.3702,14.9988,3.8728,0.9756,0.9756,0.996,0.1512,0.1512,9.9751,0.1577,0.0,0.0,0.0,0.0,0.0,0.0,145.52,66.33,145.58,66.13,145.58,66.13,13.25,75.46,CUDA,Bicubic Baseline (3x)
869,00001170_026.png,sub_NIH,3,ok,37.0297,12.8859,3.5897,0.9788,0.9966,0.1421,9.9831,0.0966,37.0297,37.0297,12.8859,3.5897,0.9788,0.9788,0.9966,0.1421,0.1421,9.9831,0.0966,0.0,0.0,0.0,0.0,0.0,0.0,148.5,58.35,148.54,58.21,148.54,58.21,13.35,74.93,CUDA,Bicubic Baseline (3x)
870,00001170_032.png,sub_NIH,3,ok,35.4276,18.6348,4.3168,0.9724,0.9951,0.1583,9.9617,0.2516,35.4276,35.4276,18.6348,4.3168,0.9724,0.9724,0.9951,0.1583,0.1583,9.9617,0.2516,0.0,0.0,0.0,0.0,0.0,0.0,156.27,57.13,156.32,56.85,156.32,56.85,17.15,58.32,CUDA,Bicubic Baseline (3x)
871,00001170_034.png,sub_NIH,3,ok,35.9422,16.5525,4.0685,0.9676,0.9944,0.1787,9.9723,0.1736,35.9422,35.9422,16.5525,4.0685,0.9676,0.9676,0.9944,0.1787,0.1787,9.9723,0.1736,0.0,0.0,0.0,0.0,0.0,0.0,158.84,64.21,158.9,63.99,158.9,63.99,13.45,74.33,CUDA,Bicubic Baseline (3x)
872,00001170_038.png,sub_NIH,3,ok,36.1629,15.7321,3.9664,0.9662,0.9945,0.1684,9.965,0.2607,36.1629,36.1629,15.7321,3.9664,0.9662,0.9662,0.9945,0.1684,0.1684,9.965,0.2607,0.0,0.0,0.0,0.0,0.0,0.0,155.26,64.26,155.31,64.03,155.31,64.03,13.11,76.29,CUDA,Bicubic Baseline (3x)
873,00001170_041.png,sub_NIH,3,ok,36.0495,16.1483,4.0185,0.9776,0.9965,0.1467,9.9778,0.1317,36.0495,36.0495,16.1483,4.0185,0.9776,0.9776,0.9965,0.1467,0.1467,9.9778,0.1317,0.0,0.0,0.0,0.0,0.0,0.0,139.35,68.52,139.41,68.34,139.41,68.34,13.51,74.01,CUDA,Bicubic Baseline (3x)
874,00001170_050.png,sub_NIH,3,ok,40.8085,5.3979,2.3233,0.9593,0.9929,0.2072,9.982,0.1933,40.8085,40.8085,5.3979,2.3233,0.9593,0.9593,0.9929,0.2072,0.2072,9.982,0.1933,0.0,0.0,0.0,0.0,0.0,0.0,79.72,54.6,79.72,54.52,79.72,54.52,13.06,76.58,CUDA,Bicubic Baseline (3x)
875,00001174_000.png,sub_NIH,3,ok,38.8226,8.5274,2.9202,0.9408,0.9903,0.2822,9.9784,0.1859,38.8226,38.8226,8.5274,2.9202,0.9408,0.9408,0.9903,0.2822,0.2822,9.9784,0.1859,0.0,0.0,0.0,0.0,0.0,0.0,117.1,64.97,117.11,64.86,117.11,64.86,13.39,74.67,CUDA,Bicubic Baseline (3x)
876,00001177_000.png,sub_NIH,3,ok,39.7462,6.8938,2.6256,0.9437,0.9914,0.3009,9.9872,0.1095,39.7462,39.7462,6.8938,2.6256,0.9437,0.9437,0.9914,0.3009,0.3009,9.9872,0.1095,0.0,0.0,0.0,0.0,0.0,0.0,141.65,57.62,141.66,57.54,141.66,57.54,13.3,75.21,CUDA,Bicubic Baseline (3x)
877,00001182_010.png,sub_NIH,3,ok,33.9298,26.3087,5.1292,0.9721,0.9959,0.1544,9.9732,0.0482,33.9298,33.9298,26.3087,5.1292,0.9721,0.9721,0.9959,0.1544,0.1544,9.9732,0.0482,0.0,0.0,0.0,0.0,0.0,0.0,172.11,63.5,172.19,63.19,172.19,63.19,13.63,73.36,CUDA,Bicubic Baseline (3x)
878,00001184_000.png,sub_NIH,3,ok,39.8606,6.7147,2.5913,0.9431,0.9908,0.2788,9.9841,0.1489,39.8606,39.8606,6.7147,2.5913,0.9431,0.9431,0.9908,0.2788,0.2788,9.9841,0.1489,0.0,0.0,0.0,0.0,0.0,0.0,120.29,65.95,120.29,65.87,120.29,65.87,13.57,73.69,CUDA,Bicubic Baseline (3x)
879,00001186_000.png,sub_NIH,3,ok,36.2486,15.4247,3.9274,0.9776,0.9966,0.1328,9.9892,0.034,36.2486,36.2486,15.4247,3.9274,0.9776,0.9776,0.9966,0.1328,0.1328,9.9892,0.034,0.0,0.0,0.0,0.0,0.0,0.0,156.51,49.8,156.57,49.63,156.57,49.63,13.25,75.47,CUDA,Bicubic Baseline (3x)
880,00001187_001.png,sub_NIH,3,ok,36.0427,16.1737,4.0216,0.9727,0.9957,0.1481,9.9836,0.0902,36.0427,36.0427,16.1737,4.0216,0.9727,0.9727,0.9957,0.1481,0.1481,9.9836,0.0902,0.0,0.0,0.0,0.0,0.0,0.0,157.27,69.31,157.33,69.17,157.33,69.17,13.16,76.01,CUDA,Bicubic Baseline (3x)
881,00001187_002.png,sub_NIH,3,ok,36.1627,15.733,3.9665,0.9712,0.9955,0.1522,9.9808,0.1138,36.1627,36.1627,15.733,3.9665,0.9712,0.9712,0.9955,0.1522,0.1522,9.9808,0.1138,0.0,0.0,0.0,0.0,0.0,0.0,167.73,62.94,167.78,62.78,167.78,62.78,13.47,74.26,CUDA,Bicubic Baseline (3x)
882,00001188_000.png,sub_NIH,3,ok,39.2796,7.6758,2.7705,0.9406,0.9909,0.3148,9.9848,0.1129,39.2796,39.2796,7.6758,2.7705,0.9406,0.9406,0.9909,0.3148,0.3148,9.9848,0.1129,0.0,0.0,0.0,0.0,0.0,0.0,131.34,65.67,131.35,65.58,131.35,65.58,15.34,65.18,CUDA,Bicubic Baseline (3x)
883,00001194_001.png,sub_NIH,3,ok,36.6474,14.0714,3.7512,0.9784,0.9966,0.1419,9.9809,0.1094,36.6474,36.6474,14.0714,3.7512,0.9784,0.9784,0.9966,0.1419,0.1419,9.9809,0.1094,0.0,0.0,0.0,0.0,0.0,0.0,149.94,50.53,149.99,50.34,149.99,50.34,13.12,76.24,CUDA,Bicubic Baseline (3x)
884,00001194_004.png,sub_NIH,3,ok,39.9128,6.6344,2.5757,0.9551,0.9925,0.2186,9.9803,0.1757,39.9128,39.9128,6.6344,2.5757,0.9551,0.9551,0.9925,0.2186,0.2186,9.9803,0.1757,0.0,0.0,0.0,0.0,0.0,0.0,91.29,66.34,91.29,66.24,91.29,66.24,13.89,72.01,CUDA,Bicubic Baseline (3x)
885,00001195_000.png,sub_NIH,3,ok,39.3445,7.562,2.7499,0.9461,0.9917,0.2866,9.9843,0.1359,39.3445,39.3445,7.562,2.7499,0.9461,0.9461,0.9917,0.2866,0.2866,9.9843,0.1359,0.0,0.0,0.0,0.0,0.0,0.0,125.18,63.83,125.19,63.74,125.19,63.74,14.08,71.03,CUDA,Bicubic Baseline (3x)
886,00001199_001.png,sub_NIH,3,ok,35.9279,16.6071,4.0752,0.9739,0.996,0.1563,9.9854,0.0603,35.9279,35.9279,16.6071,4.0752,0.9739,0.9739,0.996,0.1563,0.1563,9.9854,0.0603,0.0,0.0,0.0,0.0,0.0,0.0,169.37,53.51,169.43,53.32,169.43,53.32,13.18,75.85,CUDA,Bicubic Baseline (3x)
887,00001199_006.png,sub_NIH,3,ok,35.5184,18.2492,4.2719,0.9686,0.9951,0.1767,9.9872,0.0531,35.5184,35.5184,18.2492,4.2719,0.9686,0.9686,0.9951,0.1767,0.1767,9.9872,0.0531,0.0,0.0,0.0,0.0,0.0,0.0,163.61,60.85,163.67,60.68,163.67,60.68,13.11,76.28,CUDA,Bicubic Baseline (3x)
888,00001200_006.png,sub_NIH,3,ok,35.4534,18.5243,4.304,0.9733,0.9956,0.1707,9.9762,0.0912,35.4534,35.4534,18.5243,4.304,0.9733,0.9733,0.9956,0.1707,0.1707,9.9762,0.0912,0.0,0.0,0.0,0.0,0.0,0.0,138.18,46.33,138.23,46.03,138.23,46.03,13.2,75.77,CUDA,Bicubic Baseline (3x)
889,00001200_012.png,sub_NIH,3,ok,35.8257,17.0023,4.1234,0.9733,0.9964,0.1878,9.9898,0.0157,35.8257,35.8257,17.0023,4.1234,0.9733,0.9733,0.9964,0.1878,0.1878,9.9898,0.0157,0.0,0.0,0.0,0.0,0.0,0.0,162.81,32.43,162.88,32.13,162.88,32.13,13.66,73.2,CUDA,Bicubic Baseline (3x)
890,00001200_014.png,sub_NIH,3,ok,46.0819,1.6028,1.266,0.9822,0.9967,0.1644,9.9912,0.1305,46.0819,46.0819,1.6028,1.266,0.9822,0.9822,0.9967,0.1644,0.1644,9.9912,0.1305,0.0,0.0,0.0,0.0,0.0,0.0,123.05,51.62,123.05,51.59,123.05,51.59,13.07,76.5,CUDA,Bicubic Baseline (3x)
891,00001200_020.png,sub_NIH,3,ok,36.4429,14.7498,3.8405,0.9798,0.997,0.1421,9.9877,0.0444,36.4429,36.4429,14.7498,3.8405,0.9798,0.9798,0.997,0.1421,0.1421,9.9877,0.0444,0.0,0.0,0.0,0.0,0.0,0.0,157.21,46.11,157.27,45.92,157.27,45.92,13.65,73.28,CUDA,Bicubic Baseline (3x)
892,00001202_002.png,sub_NIH,3,ok,36.1215,15.8831,3.9854,0.9697,0.9947,0.164,9.9629,0.2441,36.1215,36.1215,15.8831,3.9854,0.9697,0.9697,0.9947,0.164,0.164,9.9629,0.2441,0.0,0.0,0.0,0.0,0.0,0.0,143.59,70.54,143.64,70.34,143.64,70.34,16.58,60.33,CUDA,Bicubic Baseline (3x)
893,00001203_004.png,sub_NIH,3,ok,33.9204,26.3658,5.1348,0.9558,0.9923,0.2409,9.9634,0.1861,33.9204,33.9204,26.3658,5.1348,0.9558,0.9558,0.9923,0.2409,0.2409,9.9634,0.1861,0.0,0.0,0.0,0.0,0.0,0.0,137.11,53.13,137.16,52.76,137.16,52.76,13.08,76.43,CUDA,Bicubic Baseline (3x)
894,00001203_005.png,sub_NIH,3,ok,39.0961,8.0069,2.8297,0.9431,0.9911,0.2865,9.9779,0.1731,39.0961,39.0961,8.0069,2.8297,0.9431,0.9431,0.9911,0.2865,0.2865,9.9779,0.1731,0.0,0.0,0.0,0.0,0.0,0.0,117.31,69.23,117.32,69.13,117.32,69.13,13.1,76.34,CUDA,Bicubic Baseline (3x)
895,00001203_007.png,sub_NIH,3,ok,39.7356,6.9107,2.6288,0.9442,0.9912,0.2872,9.9822,0.1475,39.7356,39.7356,6.9107,2.6288,0.9442,0.9442,0.9912,0.2872,0.2872,9.9822,0.1475,0.0,0.0,0.0,0.0,0.0,0.0,108.76,67.29,108.77,67.2,108.77,67.2,14.72,67.92,CUDA,Bicubic Baseline (3x)
896,00001203_017.png,sub_NIH,3,ok,39.2212,7.7796,2.7892,0.9495,0.992,0.2637,9.9753,0.1875,39.2212,39.2212,7.7796,2.7892,0.9495,0.9495,0.992,0.2637,0.2637,9.9753,0.1875,0.0,0.0,0.0,0.0,0.0,0.0,126.3,65.19,126.31,65.08,126.31,65.08,13.32,75.1,CUDA,Bicubic Baseline (3x)
897,00001205_001.png,sub_NIH,3,ok,39.3546,7.5443,2.7467,0.9445,0.991,0.2744,9.9795,0.165,39.3546,39.3546,7.5443,2.7467,0.9445,0.9445,0.991,0.2744,0.2744,9.9795,0.165,0.0,0.0,0.0,0.0,0.0,0.0,125.64,69.41,125.65,69.32,125.65,69.32,13.54,73.88,CUDA,Bicubic Baseline (3x)
898,00001205_002.png,sub_NIH,3,ok,33.0157,32.4723,5.6984,0.9509,0.9916,0.2443,9.9677,0.0831,33.0157,33.0157,32.4723,5.6984,0.9509,0.9509,0.9916,0.2443,0.2443,9.9677,0.0831,0.0,0.0,0.0,0.0,0.0,0.0,144.31,54.95,144.39,54.51,144.39,54.51,13.37,74.79,CUDA,Bicubic Baseline (3x)
899,00001205_006.png,sub_NIH,3,ok,39.6443,7.0576,2.6566,0.9532,0.9924,0.2481,9.9817,0.1696,39.6443,39.6443,7.0576,2.6566,0.9532,0.9532,0.9924,0.2481,0.2481,9.9817,0.1696,0.0,0.0,0.0,0.0,0.0,0.0,123.62,68.21,123.63,68.12,123.63,68.12,13.37,74.78,CUDA,Bicubic Baseline (3x)
900,00001206_001.png,sub_NIH,3,ok,37.3623,11.9357,3.4548,0.9705,0.9954,0.1939,9.9876,0.0888,37.3623,37.3623,11.9357,3.4548,0.9705,0.9705,0.9954,0.1939,0.1939,9.9876,0.0888,0.0,0.0,0.0,0.0,0.0,0.0,137.54,48.27,137.58,48.13,137.58,48.13,13.19,75.83,CUDA,Bicubic Baseline (3x)
901,00001206_006.png,sub_NIH,3,ok,41.3226,4.7954,2.1898,0.9682,0.9939,0.1976,9.9801,0.2408,41.3226,41.3226,4.7954,2.1898,0.9682,0.9682,0.9939,0.1976,0.1976,9.9801,0.2408,0.0,0.0,0.0,0.0,0.0,0.0,158.99,57.54,158.99,57.46,158.99,57.46,13.43,74.44,CUDA,Bicubic Baseline (3x)
902,00001210_005.png,sub_NIH,3,ok,39.8914,6.6672,2.5821,0.9511,0.9921,0.2556,9.983,0.1594,39.8914,39.8914,6.6672,2.5821,0.9511,0.9511,0.9921,0.2556,0.2556,9.983,0.1594,0.0,0.0,0.0,0.0,0.0,0.0,116.45,68.92,116.46,68.84,116.46,68.84,13.67,73.16,CUDA,Bicubic Baseline (3x)
903,00001213_000.png,sub_NIH,3,ok,42.0604,4.0462,2.0115,0.9766,0.9955,0.1505,9.9858,0.1755,42.0604,42.0604,4.0462,2.0115,0.9766,0.9766,0.9955,0.1505,0.1505,9.9858,0.1755,0.0,0.0,0.0,0.0,0.0,0.0,152.14,50.05,152.15,49.97,152.15,49.97,13.27,75.35,CUDA,Bicubic Baseline (3x)
904,00001213_002.png,sub_NIH,3,ok,39.9689,6.5492,2.5591,0.9555,0.9928,0.2215,9.9795,0.1894,39.9689,39.9689,6.5492,2.5591,0.9555,0.9555,0.9928,0.2215,0.2215,9.9795,0.1894,0.0,0.0,0.0,0.0,0.0,0.0,101.59,67.9,101.6,67.81,101.6,67.81,13.71,72.94,CUDA,Bicubic Baseline (3x)
905,00001215_000.png,sub_NIH,3,ok,39.8845,6.6777,2.5841,0.9658,0.9935,0.1925,9.9807,0.1961,39.8845,39.8845,6.6777,2.5841,0.9658,0.9658,0.9935,0.1925,0.1925,9.9807,0.1961,0.0,0.0,0.0,0.0,0.0,0.0,168.39,42.89,168.39,42.74,168.39,42.74,13.58,73.66,CUDA,Bicubic Baseline (3x)
906,00001215_001.png,sub_NIH,3,ok,38.7449,8.6814,2.9464,0.9456,0.9912,0.2832,9.9824,0.1413,38.7449,38.7449,8.6814,2.9464,0.9456,0.9456,0.9912,0.2832,0.2832,9.9824,0.1413,0.0,0.0,0.0,0.0,0.0,0.0,115.99,64.01,116.0,63.92,116.0,63.92,13.98,71.54,CUDA,Bicubic Baseline (3x)
907,00001220_001.png,sub_NIH,3,ok,34.6099,22.4951,4.7429,0.971,0.9948,0.1447,9.9609,0.1397,34.6099,34.6099,22.4951,4.7429,0.971,0.971,0.9948,0.1447,0.1447,9.9609,0.1397,0.0,0.0,0.0,0.0,0.0,0.0,160.15,62.45,160.21,62.11,160.21,62.11,13.36,74.86,CUDA,Bicubic Baseline (3x)
908,00001221_001.png,sub_NIH,3,ok,37.1506,12.532,3.5401,0.9815,0.9972,0.1256,9.9883,0.0514,37.1506,37.1506,12.532,3.5401,0.9815,0.9815,0.9972,0.1256,0.1256,9.9883,0.0514,0.0,0.0,0.0,0.0,0.0,0.0,156.91,43.87,156.96,43.69,156.96,43.69,13.75,72.73,CUDA,Bicubic Baseline (3x)
909,00001222_003.png,sub_NIH,3,ok,42.4587,3.6915,1.9213,0.9608,0.9925,0.2201,9.9881,0.1573,42.4587,42.4587,3.6915,1.9213,0.9608,0.9608,0.9925,0.2201,0.2201,9.9881,0.1573,0.0,0.0,0.0,0.0,0.0,0.0,109.88,33.52,109.89,33.43,109.89,33.43,13.25,75.45,CUDA,Bicubic Baseline (3x)
910,00001222_005.png,sub_NIH,3,ok,41.1723,4.9642,2.2281,0.9722,0.9946,0.1763,9.9861,0.1745,41.1723,41.1723,4.9642,2.2281,0.9722,0.9722,0.9946,0.1763,0.1763,9.9861,0.1745,0.0,0.0,0.0,0.0,0.0,0.0,172.62,37.01,172.62,36.88,172.62,36.88,14.98,66.75,CUDA,Bicubic Baseline (3x)
911,00001222_009.png,sub_NIH,3,ok,34.1608,24.946,4.9946,0.9729,0.9954,0.2011,9.9702,0.179,34.1608,34.1608,24.946,4.9946,0.9729,0.9729,0.9954,0.2011,0.2011,9.9702,0.179,0.0,0.0,0.0,0.0,0.0,0.0,121.14,42.67,121.19,42.33,121.19,42.33,13.37,74.8,CUDA,Bicubic Baseline (3x)
912,00001223_000.png,sub_NIH,3,ok,35.4335,18.6094,4.3139,0.9697,0.995,0.1573,9.9363,0.3011,35.4335,35.4335,18.6094,4.3139,0.9697,0.9697,0.995,0.1573,0.1573,9.9363,0.3011,0.0,0.0,0.0,0.0,0.0,0.0,97.37,86.07,97.41,85.83,97.41,85.83,13.24,75.51,CUDA,Bicubic Baseline (3x)
913,00001226_000.png,sub_NIH,3,ok,36.4419,14.7535,3.841,0.9695,0.9952,0.1999,9.9862,0.063,36.4419,36.4419,14.7535,3.841,0.9695,0.9695,0.9952,0.1999,0.1999,9.9862,0.063,0.0,0.0,0.0,0.0,0.0,0.0,136.94,49.88,136.99,49.72,136.99,49.72,13.14,76.08,CUDA,Bicubic Baseline (3x)
914,00001232_002.png,sub_NIH,3,ok,36.5126,14.5151,3.8099,0.9788,0.9968,0.1418,9.9716,0.1777,36.5126,36.5126,14.5151,3.8099,0.9788,0.9788,0.9968,0.1418,0.1418,9.9716,0.1777,0.0,0.0,0.0,0.0,0.0,0.0,147.89,58.5,147.95,58.3,147.95,58.3,13.13,76.15,CUDA,Bicubic Baseline (3x)
915,00001242_000.png,sub_NIH,3,ok,41.6479,4.4493,2.1093,0.9735,0.995,0.1621,9.9859,0.1655,41.6479,41.6479,4.4493,2.1093,0.9735,0.9735,0.995,0.1621,0.1621,9.9859,0.1655,0.0,0.0,0.0,0.0,0.0,0.0,152.95,50.64,152.95,50.55,152.95,50.55,16.23,61.61,CUDA,Bicubic Baseline (3x)
916,00001247_003.png,sub_NIH,3,ok,34.5234,22.9479,4.7904,0.9704,0.9951,0.18,9.9527,0.2331,34.5234,34.5234,22.9479,4.7904,0.9704,0.9704,0.9951,0.18,0.18,9.9527,0.2331,0.0,0.0,0.0,0.0,0.0,0.0,114.01,58.99,114.05,58.71,114.05,58.71,13.37,74.77,CUDA,Bicubic Baseline (3x)
917,00001247_005.png,sub_NIH,3,ok,40.1528,6.2776,2.5055,0.9498,0.9919,0.249,9.9849,0.1463,40.1528,40.1528,6.2776,2.5055,0.9498,0.9498,0.9919,0.249,0.249,9.9849,0.1463,0.0,0.0,0.0,0.0,0.0,0.0,114.38,70.47,114.39,70.4,114.39,70.4,13.45,74.36,CUDA,Bicubic Baseline (3x)
918,00001247_009.png,sub_NIH,3,ok,40.4432,5.8717,2.4232,0.944,0.991,0.2847,9.9845,0.1543,40.4432,40.4432,5.8717,2.4232,0.944,0.944,0.991,0.2847,0.2847,9.9845,0.1543,0.0,0.0,0.0,0.0,0.0,0.0,125.33,68.83,125.34,68.76,125.34,68.76,13.26,75.41,CUDA,Bicubic Baseline (3x)
919,00001247_012.png,sub_NIH,3,ok,39.959,6.5642,2.5621,0.9465,0.9913,0.2616,9.9833,0.1577,39.959,39.959,6.5642,2.5621,0.9465,0.9465,0.9913,0.2616,0.2616,9.9833,0.1577,0.0,0.0,0.0,0.0,0.0,0.0,117.98,72.78,117.99,72.71,117.99,72.71,13.37,74.82,CUDA,Bicubic Baseline (3x)
920,00001248_000.png,sub_NIH,3,ok,43.9397,2.6249,1.6201,0.9684,0.9941,0.2139,9.9906,0.1303,43.9397,43.9397,2.6249,1.6201,0.9684,0.9684,0.9941,0.2139,0.2139,9.9906,0.1303,0.0,0.0,0.0,0.0,0.0,0.0,112.03,29.57,112.04,29.5,112.04,29.5,13.35,74.88,CUDA,Bicubic Baseline (3x)
921,00001248_002.png,sub_NIH,3,ok,40.9775,5.1919,2.2786,0.9653,0.9933,0.2018,9.9837,0.1889,40.9775,40.9775,5.1919,2.2786,0.9653,0.9653,0.9933,0.2018,0.2018,9.9837,0.1889,0.0,0.0,0.0,0.0,0.0,0.0,106.02,37.29,106.03,37.17,106.03,37.17,13.44,74.38,CUDA,Bicubic Baseline (3x)
922,00001248_014.png,sub_NIH,3,ok,43.6538,2.8035,1.6744,0.9705,0.9945,0.1922,9.9898,0.1408,43.6538,43.6538,2.8035,1.6744,0.9705,0.9705,0.9945,0.1922,0.1922,9.9898,0.1408,0.0,0.0,0.0,0.0,0.0,0.0,109.32,33.71,109.32,33.65,109.32,33.65,16.5,60.6,CUDA,Bicubic Baseline (3x)
923,00001248_015.png,sub_NIH,3,ok,42.2367,3.8852,1.9711,0.9686,0.9942,0.2059,9.9878,0.1594,42.2367,42.2367,3.8852,1.9711,0.9686,0.9686,0.9942,0.2059,0.2059,9.9878,0.1594,0.0,0.0,0.0,0.0,0.0,0.0,105.68,37.87,105.69,37.78,105.69,37.78,15.26,65.52,CUDA,Bicubic Baseline (3x)
924,00001248_017.png,sub_NIH,3,ok,43.9484,2.6196,1.6185,0.9703,0.9945,0.196,9.9903,0.1331,43.9484,43.9484,2.6196,1.6185,0.9703,0.9703,0.9945,0.196,0.196,9.9903,0.1331,0.0,0.0,0.0,0.0,0.0,0.0,111.27,29.79,111.27,29.72,111.27,29.72,13.1,76.31,CUDA,Bicubic Baseline (3x)
925,00001248_021.png,sub_NIH,3,ok,38.515,9.1534,3.0255,0.9403,0.9904,0.2943,9.9788,0.1622,38.515,38.515,9.1534,3.0255,0.9403,0.9403,0.9904,0.2943,0.2943,9.9788,0.1622,0.0,0.0,0.0,0.0,0.0,0.0,123.59,66.7,123.61,66.59,123.61,66.59,16.94,59.02,CUDA,Bicubic Baseline (3x)
926,00001248_026.png,sub_NIH,3,ok,39.7481,6.8908,2.625,0.9484,0.9914,0.255,9.98,0.1739,39.7481,39.7481,6.8908,2.625,0.9484,0.9484,0.9914,0.255,0.255,9.98,0.1739,0.0,0.0,0.0,0.0,0.0,0.0,94.54,68.47,94.55,68.39,94.55,68.39,13.09,76.4,CUDA,Bicubic Baseline (3x)
927,00001248_029.png,sub_NIH,3,ok,31.259,48.6613,6.9758,0.9761,0.995,0.1425,9.9398,0.2075,31.259,31.259,48.6613,6.9758,0.9761,0.9761,0.995,0.1425,0.1425,9.9398,0.2075,0.0,0.0,0.0,0.0,0.0,0.0,150.58,56.34,150.64,55.79,150.64,55.79,13.23,75.56,CUDA,Bicubic Baseline (3x)
928,00001248_034.png,sub_NIH,3,ok,38.9002,8.3764,2.8942,0.9393,0.9903,0.3023,9.9806,0.1625,38.9002,38.9002,8.3764,2.8942,0.9393,0.9393,0.9903,0.3023,0.3023,9.9806,0.1625,0.0,0.0,0.0,0.0,0.0,0.0,119.75,66.32,119.77,66.21,119.77,66.21,13.39,74.69,CUDA,Bicubic Baseline (3x)
929,00001248_035.png,sub_NIH,3,ok,38.5834,9.0103,3.0017,0.9398,0.9904,0.2992,9.9763,0.1779,38.5834,38.5834,9.0103,3.0017,0.9398,0.9398,0.9904,0.2992,0.2992,9.9763,0.1779,0.0,0.0,0.0,0.0,0.0,0.0,116.26,69.38,116.27,69.27,116.27,69.27,13.18,75.88,CUDA,Bicubic Baseline (3x)
930,00001248_037.png,sub_NIH,3,ok,40.2786,6.0985,2.4695,0.9514,0.9923,0.2649,9.9831,0.1597,40.2786,40.2786,6.0985,2.4695,0.9514,0.9514,0.9923,0.2649,0.2649,9.9831,0.1597,0.0,0.0,0.0,0.0,0.0,0.0,119.37,67.57,119.39,67.49,119.39,67.49,16.49,60.65,CUDA,Bicubic Baseline (3x)
931,00001250_004.png,sub_NIH,3,ok,40.0875,6.3727,2.5244,0.9426,0.9906,0.2773,9.9846,0.1455,40.0875,40.0875,6.3727,2.5244,0.9426,0.9426,0.9906,0.2773,0.2773,9.9846,0.1455,0.0,0.0,0.0,0.0,0.0,0.0,116.88,68.91,116.89,68.83,116.89,68.83,13.12,76.21,CUDA,Bicubic Baseline (3x)
932,00001250_006.png,sub_NIH,3,ok,37.8696,10.6198,3.2588,0.9724,0.9952,0.1704,9.9795,0.1626,37.8696,37.8696,10.6198,3.2588,0.9724,0.9724,0.9952,0.1704,0.1704,9.9795,0.1626,0.0,0.0,0.0,0.0,0.0,0.0,122.17,53.71,122.22,53.57,122.22,53.57,14.06,71.14,CUDA,Bicubic Baseline (3x)
933,00001250_009.png,sub_NIH,3,ok,37.8247,10.7304,3.2757,0.9671,0.9945,0.2078,9.9791,0.1688,37.8247,37.8247,10.7304,3.2757,0.9671,0.9671,0.9945,0.2078,0.2078,9.9791,0.1688,0.0,0.0,0.0,0.0,0.0,0.0,119.69,49.86,119.73,49.71,119.73,49.71,13.08,76.44,CUDA,Bicubic Baseline (3x)
934,00001250_014.png,sub_NIH,3,ok,37.2811,12.1609,3.4873,0.9721,0.9951,0.1847,9.9686,0.2279,37.2811,37.2811,12.1609,3.4873,0.9721,0.9721,0.9951,0.1847,0.1847,9.9686,0.2279,0.0,0.0,0.0,0.0,0.0,0.0,108.97,53.23,109.02,53.03,109.02,53.03,13.28,75.29,CUDA,Bicubic Baseline (3x)
935,00001250_015.png,sub_NIH,3,ok,35.4063,18.7262,4.3274,0.9777,0.9966,0.1515,9.9853,0.0523,35.4063,35.4063,18.7262,4.3274,0.9777,0.9777,0.9966,0.1515,0.1515,9.9853,0.0523,0.0,0.0,0.0,0.0,0.0,0.0,161.86,41.43,161.93,41.16,161.93,41.16,17.86,55.99,CUDA,Bicubic Baseline (3x)
936,00001250_017.png,sub_NIH,3,ok,37.7793,10.843,3.2929,0.974,0.9953,0.1739,9.9795,0.1703,37.7793,37.7793,10.843,3.2929,0.974,0.974,0.9953,0.1739,0.1739,9.9795,0.1703,0.0,0.0,0.0,0.0,0.0,0.0,107.52,50.38,107.56,50.23,107.56,50.23,13.21,75.68,CUDA,Bicubic Baseline (3x)
937,00001255_012.png,sub_NIH,3,ok,34.1245,25.1553,5.0155,0.9643,0.9932,0.174,9.9351,0.295,34.1245,34.1245,25.1553,5.0155,0.9643,0.9643,0.9932,0.174,0.174,9.9351,0.295,0.0,0.0,0.0,0.0,0.0,0.0,96.1,74.25,96.14,73.99,96.14,73.99,13.34,74.96,CUDA,Bicubic Baseline (3x)
938,00001255_013.png,sub_NIH,3,ok,36.1241,15.8735,3.9842,0.9695,0.9945,0.1705,9.9628,0.2249,36.1241,36.1241,15.8735,3.9842,0.9695,0.9695,0.9945,0.1705,0.1705,9.9628,0.2249,0.0,0.0,0.0,0.0,0.0,0.0,105.86,69.57,105.89,69.39,105.89,69.39,13.07,76.51,CUDA,Bicubic Baseline (3x)
939,00001255_017.png,sub_NIH,3,ok,33.8663,26.6964,5.1669,0.9652,0.9933,0.1904,9.9235,0.2663,33.8663,33.8663,26.6964,5.1669,0.9652,0.9652,0.9933,0.1904,0.1904,9.9235,0.2663,0.0,0.0,0.0,0.0,0.0,0.0,99.04,69.49,99.09,69.09,99.09,69.09,14.03,71.3,CUDA,Bicubic Baseline (3x)
940,00001255_033.png,sub_NIH,3,ok,34.9383,20.8568,4.5669,0.9663,0.9936,0.1866,9.9388,0.2774,34.9383,34.9383,20.8568,4.5669,0.9663,0.9663,0.9936,0.1866,0.1866,9.9388,0.2774,0.0,0.0,0.0,0.0,0.0,0.0,100.3,72.12,100.34,71.84,100.34,71.84,13.69,73.02,CUDA,Bicubic Baseline (3x)
941,00001255_034.png,sub_NIH,3,ok,36.8589,13.4025,3.6609,0.968,0.9941,0.1842,9.9708,0.1938,36.8589,36.8589,13.4025,3.6609,0.968,0.968,0.9941,0.1842,0.1842,9.9708,0.1938,0.0,0.0,0.0,0.0,0.0,0.0,113.5,64.02,113.53,63.84,113.53,63.84,13.17,75.91,CUDA,Bicubic Baseline (3x)
942,00001255_035.png,sub_NIH,3,ok,35.9682,16.4535,4.0563,0.9672,0.9939,0.1903,9.9587,0.2487,35.9682,35.9682,16.4535,4.0563,0.9672,0.9672,0.9939,0.1903,0.1903,9.9587,0.2487,0.0,0.0,0.0,0.0,0.0,0.0,108.89,67.2,108.93,66.98,108.93,66.98,13.08,76.45,CUDA,Bicubic Baseline (3x)
943,00001256_004.png,sub_NIH,3,ok,35.1556,19.839,4.4541,0.9748,0.9958,0.1916,9.9662,0.2208,35.1556,35.1556,19.839,4.4541,0.9748,0.9748,0.9958,0.1916,0.1916,9.9662,0.2208,0.0,0.0,0.0,0.0,0.0,0.0,116.35,45.64,116.4,45.34,116.4,45.34,13.27,75.37,CUDA,Bicubic Baseline (3x)
944,00001256_005.png,sub_NIH,3,ok,38.9082,8.3611,2.8916,0.9366,0.99,0.318,9.9787,0.1678,38.9082,38.9082,8.3611,2.8916,0.9366,0.9366,0.99,0.318,0.318,9.9787,0.1678,0.0,0.0,0.0,0.0,0.0,0.0,117.4,63.11,117.41,63.0,117.41,63.0,13.13,76.16,CUDA,Bicubic Baseline (3x)
945,00001256_008.png,sub_NIH,3,ok,39.722,6.9323,2.6329,0.9469,0.9917,0.2884,9.9839,0.133,39.722,39.722,6.9323,2.6329,0.9469,0.9469,0.9917,0.2884,0.2884,9.9839,0.133,0.0,0.0,0.0,0.0,0.0,0.0,118.57,66.07,118.58,65.99,118.58,65.99,16.67,59.99,CUDA,Bicubic Baseline (3x)
946,00001256_010.png,sub_NIH,3,ok,40.7195,5.5097,2.3473,0.9468,0.9917,0.2863,9.9869,0.1235,40.7195,40.7195,5.5097,2.3473,0.9468,0.9468,0.9917,0.2863,0.2863,9.9869,0.1235,0.0,0.0,0.0,0.0,0.0,0.0,116.57,67.34,116.59,67.27,116.59,67.27,13.57,73.7,CUDA,Bicubic Baseline (3x)
947,00001259_000.png,sub_NIH,3,ok,43.6501,2.8059,1.6751,0.9787,0.9958,0.1476,9.9868,0.2121,43.6501,43.6501,2.8059,1.6751,0.9787,0.9787,0.9958,0.1476,0.1476,9.9868,0.2121,0.0,0.0,0.0,0.0,0.0,0.0,160.91,51.94,160.91,51.89,160.91,51.89,13.36,74.88,CUDA,Bicubic Baseline (3x)
948,00001263_000.png,sub_NIH,3,ok,42.6578,3.5261,1.8778,0.9754,0.9952,0.1472,9.9828,0.2539,42.6578,42.6578,3.5261,1.8778,0.9754,0.9754,0.9952,0.1472,0.1472,9.9828,0.2539,0.0,0.0,0.0,0.0,0.0,0.0,155.04,52.51,155.05,52.44,155.05,52.44,13.57,73.7,CUDA,Bicubic Baseline (3x)
949,00001266_000.png,sub_NIH,3,ok,39.6295,7.0816,2.6611,0.9473,0.9917,0.2578,9.9819,0.1591,39.6295,39.6295,7.0816,2.6611,0.9473,0.9473,0.9917,0.2578,0.2578,9.9819,0.1591,0.0,0.0,0.0,0.0,0.0,0.0,116.5,71.99,116.51,71.92,116.51,71.92,13.4,74.61,CUDA,Bicubic Baseline (3x)
950,00001267_000.png,sub_NIH,3,ok,42.4337,3.7128,1.9269,0.978,0.996,0.1311,9.9804,0.263,42.4337,42.4337,3.7128,1.9269,0.978,0.978,0.996,0.1311,0.1311,9.9804,0.263,0.0,0.0,0.0,0.0,0.0,0.0,166.07,67.33,166.07,67.27,166.07,67.27,13.38,74.71,CUDA,Bicubic Baseline (3x)
951,00001268_000.png,sub_NIH,3,ok,35.1711,19.7685,4.4462,0.9661,0.9945,0.1724,9.987,0.0451,35.1711,35.1711,19.7685,4.4462,0.9661,0.9661,0.9945,0.1724,0.1724,9.987,0.0451,0.0,0.0,0.0,0.0,0.0,0.0,178.84,48.12,178.91,47.87,178.91,47.87,13.64,73.34,CUDA,Bicubic Baseline (3x)
952,00001268_006.png,sub_NIH,3,ok,35.9913,16.3661,4.0455,0.977,0.9966,0.1517,9.9889,0.0198,35.9913,35.9913,16.3661,4.0455,0.977,0.977,0.9966,0.1517,0.1517,9.9889,0.0198,0.0,0.0,0.0,0.0,0.0,0.0,155.42,46.68,155.49,46.49,155.49,46.49,13.79,72.54,CUDA,Bicubic Baseline (3x)
953,00001269_000.png,sub_NIH,3,ok,44.2955,2.4184,1.5551,0.9764,0.9953,0.1613,9.9877,0.2085,44.2955,44.2955,2.4184,1.5551,0.9764,0.9764,0.9953,0.1613,0.1613,9.9877,0.2085,0.0,0.0,0.0,0.0,0.0,0.0,155.45,47.72,155.45,47.67,155.45,47.67,13.34,74.95,CUDA,Bicubic Baseline (3x)
954,00001270_004.png,sub_NIH,3,ok,38.9887,8.2075,2.8649,0.9313,0.9889,0.2882,9.9799,0.1571,38.9887,38.9887,8.2075,2.8649,0.9313,0.9313,0.9889,0.2882,0.2882,9.9799,0.1571,0.0,0.0,0.0,0.0,0.0,0.0,109.72,72.04,109.73,71.94,109.73,71.94,18.01,55.51,CUDA,Bicubic Baseline (3x)
955,00001273_000.png,sub_NIH,3,ok,39.3212,7.6026,2.7573,0.9435,0.9908,0.2745,9.9837,0.1429,39.3212,39.3212,7.6026,2.7573,0.9435,0.9435,0.9908,0.2745,0.2745,9.9837,0.1429,0.0,0.0,0.0,0.0,0.0,0.0,111.7,68.96,111.72,68.89,111.72,68.89,15.91,62.85,CUDA,Bicubic Baseline (3x)
956,00001274_000.png,sub_NIH,3,ok,41.5504,4.5503,2.1332,0.9718,0.9945,0.1604,9.9859,0.1641,41.5504,41.5504,4.5503,2.1332,0.9718,0.9718,0.9945,0.1604,0.1604,9.9859,0.1641,0.0,0.0,0.0,0.0,0.0,0.0,173.45,48.05,173.46,47.96,173.46,47.96,13.43,74.48,CUDA,Bicubic Baseline (3x)
957,00001274_001.png,sub_NIH,3,ok,40.8626,5.3311,2.3089,0.9633,0.9931,0.2187,9.9813,0.2327,40.8626,40.8626,5.3311,2.3089,0.9633,0.9633,0.9931,0.2187,0.2187,9.9813,0.2327,0.0,0.0,0.0,0.0,0.0,0.0,155.25,53.89,155.25,53.8,155.25,53.8,13.18,75.89,CUDA,Bicubic Baseline (3x)
958,00001277_000.png,sub_NIH,3,ok,36.0057,16.312,4.0388,0.9783,0.9961,0.133,9.9581,0.2531,36.0057,36.0057,16.312,4.0388,0.9783,0.9783,0.9961,0.133,0.133,9.9581,0.2531,0.0,0.0,0.0,0.0,0.0,0.0,71.46,69.37,71.5,69.19,71.5,69.19,13.15,76.03,CUDA,Bicubic Baseline (3x)
959,00001278_006.png,sub_NIH,3,ok,33.9636,26.1049,5.1093,0.9736,0.9955,0.1635,9.9367,0.2814,33.9636,33.9636,26.1049,5.1093,0.9736,0.9736,0.9955,0.1635,0.1635,9.9367,0.2814,0.0,0.0,0.0,0.0,0.0,0.0,142.57,66.24,142.63,65.9,142.63,65.9,13.54,73.86,CUDA,Bicubic Baseline (3x)
960,00001278_009.png,sub_NIH,3,ok,36.7533,13.7325,3.7057,0.9788,0.9963,0.1671,9.9771,0.2044,36.7533,36.7533,13.7325,3.7057,0.9788,0.9788,0.9963,0.1671,0.1671,9.9771,0.2044,0.0,0.0,0.0,0.0,0.0,0.0,116.91,55.17,116.95,55.01,116.95,55.01,13.28,75.27,CUDA,Bicubic Baseline (3x)
961,00001278_011.png,sub_NIH,3,ok,33.468,29.2607,5.4093,0.9729,0.9952,0.1891,9.9156,0.3383,33.468,33.468,29.2607,5.4093,0.9729,0.9729,0.9952,0.1891,0.1891,9.9156,0.3383,0.0,0.0,0.0,0.0,0.0,0.0,113.65,51.33,113.71,50.83,113.71,50.83,13.29,75.26,CUDA,Bicubic Baseline (3x)
962,00001279_001.png,sub_NIH,3,ok,35.9052,16.6939,4.0858,0.9744,0.9954,0.1281,9.9507,0.2655,35.9052,35.9052,16.6939,4.0858,0.9744,0.9744,0.9954,0.1281,0.1281,9.9507,0.2655,0.0,0.0,0.0,0.0,0.0,0.0,106.91,83.03,106.96,82.81,106.96,82.81,16.36,61.14,CUDA,Bicubic Baseline (3x)
963,00001286_000.png,sub_NIH,3,ok,33.4535,29.3581,5.4183,0.9712,0.9943,0.1832,9.9341,0.2728,33.4535,33.4535,29.3581,5.4183,0.9712,0.9712,0.9943,0.1832,0.1832,9.9341,0.2728,0.0,0.0,0.0,0.0,0.0,0.0,94.55,64.46,94.6,64.06,94.6,64.06,13.26,75.43,CUDA,Bicubic Baseline (3x)
964,00001286_004.png,sub_NIH,3,ok,33.9226,26.3526,5.1335,0.9701,0.9949,0.1877,9.9331,0.278,33.9226,33.9226,26.3526,5.1335,0.9701,0.9701,0.9949,0.1877,0.1877,9.9331,0.278,0.0,0.0,0.0,0.0,0.0,0.0,104.11,56.92,104.16,56.55,104.16,56.55,13.79,72.49,CUDA,Bicubic Baseline (3x)
965,00001286_005.png,sub_NIH,3,ok,37.0013,12.9703,3.6014,0.9751,0.9958,0.1787,9.9729,0.1891,37.0013,37.0013,12.9703,3.6014,0.9751,0.9751,0.9958,0.1787,0.1787,9.9729,0.1891,0.0,0.0,0.0,0.0,0.0,0.0,103.92,59.42,103.96,59.27,103.96,59.27,13.13,76.17,CUDA,Bicubic Baseline (3x)
966,00001286_007.png,sub_NIH,3,ok,33.9858,25.9718,5.0962,0.9731,0.9948,0.1759,9.9503,0.2688,33.9858,33.9858,25.9718,5.0962,0.9731,0.9731,0.9948,0.1759,0.1759,9.9503,0.2688,0.0,0.0,0.0,0.0,0.0,0.0,101.38,59.52,101.41,59.22,101.41,59.22,13.49,74.14,CUDA,Bicubic Baseline (3x)
967,00001289_000.png,sub_NIH,3,ok,34.4664,23.251,4.8219,0.9698,0.9952,0.1732,9.9834,0.0628,34.4664,34.4664,23.251,4.8219,0.9698,0.9698,0.9952,0.1732,0.1732,9.9834,0.0628,0.0,0.0,0.0,0.0,0.0,0.0,168.2,57.34,168.27,57.13,168.27,57.13,13.24,75.52,CUDA,Bicubic Baseline (3x)
968,00001295_000.png,sub_NIH,3,ok,40.1692,6.254,2.5008,0.9513,0.9923,0.2645,9.9814,0.1723,40.1692,40.1692,6.254,2.5008,0.9513,0.9513,0.9923,0.2645,0.2645,9.9814,0.1723,0.0,0.0,0.0,0.0,0.0,0.0,108.3,63.37,108.31,63.28,108.31,63.28,18.79,53.23,CUDA,Bicubic Baseline (3x)
969,00001298_006.png,sub_NIH,3,ok,35.0774,20.1995,4.4944,0.9721,0.9953,0.1852,9.9743,0.1804,35.0774,35.0774,20.1995,4.4944,0.9721,0.9721,0.9953,0.1852,0.1852,9.9743,0.1804,0.0,0.0,0.0,0.0,0.0,0.0,116.28,48.02,116.34,47.78,116.34,47.78,13.1,76.31,CUDA,Bicubic Baseline (3x)
970,00001299_000.png,sub_NIH,3,ok,34.2401,24.4946,4.9492,0.9709,0.995,0.1634,9.9556,0.1981,34.2401,34.2401,24.4946,4.9492,0.9709,0.9709,0.995,0.1634,0.1634,9.9556,0.1981,0.0,0.0,0.0,0.0,0.0,0.0,168.88,63.35,168.95,62.99,168.95,62.99,13.49,74.16,CUDA,Bicubic Baseline (3x)
971,00001301_012.png,sub_NIH,3,ok,36.0437,16.1699,4.0212,0.9744,0.9959,0.1868,9.9792,0.1674,36.0437,36.0437,16.1699,4.0212,0.9744,0.9744,0.9959,0.1868,0.1868,9.9792,0.1674,0.0,0.0,0.0,0.0,0.0,0.0,117.25,50.43,117.3,50.24,117.3,50.24,13.06,76.56,CUDA,Bicubic Baseline (3x)
972,00001301_013.png,sub_NIH,3,ok,35.952,16.5149,4.0639,0.9763,0.9962,0.1838,9.9809,0.147,35.952,35.952,16.5149,4.0639,0.9763,0.9763,0.9962,0.1838,0.1838,9.9809,0.147,0.0,0.0,0.0,0.0,0.0,0.0,119.24,45.24,119.29,45.02,119.29,45.02,13.26,75.44,CUDA,Bicubic Baseline (3x)
973,00001301_015.png,sub_NIH,3,ok,38.5247,9.1329,3.0221,0.9788,0.9969,0.1679,9.9921,0.0155,38.5247,38.5247,9.1329,3.0221,0.9788,0.9788,0.9969,0.1679,0.1679,9.9921,0.0155,0.0,0.0,0.0,0.0,0.0,0.0,120.61,51.94,120.65,51.84,120.65,51.84,13.19,75.84,CUDA,Bicubic Baseline (3x)
974,00001301_023.png,sub_NIH,3,ok,32.4965,36.5956,6.0494,0.9739,0.9943,0.1698,9.9484,0.2093,32.4965,32.4965,36.5956,6.0494,0.9739,0.9739,0.9943,0.1698,0.1698,9.9484,0.2093,0.0,0.0,0.0,0.0,0.0,0.0,112.76,58.16,112.8,57.75,112.8,57.75,13.2,75.73,CUDA,Bicubic Baseline (3x)
975,00001301_030.png,sub_NIH,3,ok,34.8603,21.2351,4.6082,0.9756,0.9958,0.1589,9.956,0.2354,34.8603,34.8603,21.2351,4.6082,0.9756,0.9756,0.9958,0.1589,0.1589,9.956,0.2354,0.0,0.0,0.0,0.0,0.0,0.0,109.72,58.0,109.77,57.74,109.77,57.74,13.17,75.95,CUDA,Bicubic Baseline (3x)
976,00001301_035.png,sub_NIH,3,ok,33.5903,28.4478,5.3336,0.9754,0.9953,0.1625,9.9417,0.261,33.5903,33.5903,28.4478,5.3336,0.9754,0.9754,0.9953,0.1625,0.1625,9.9417,0.261,0.0,0.0,0.0,0.0,0.0,0.0,114.77,52.83,114.81,52.44,114.81,52.44,13.49,74.11,CUDA,Bicubic Baseline (3x)
977,00001301_041.png,sub_NIH,3,ok,34.0174,25.7834,5.0777,0.9763,0.9957,0.1562,9.9402,0.2903,34.0174,34.0174,25.7834,5.0777,0.9763,0.9763,0.9957,0.1562,0.1562,9.9402,0.2903,0.0,0.0,0.0,0.0,0.0,0.0,111.15,55.6,111.19,55.24,111.19,55.24,13.39,74.7,CUDA,Bicubic Baseline (3x)
978,00001301_042.png,sub_NIH,3,ok,33.9915,25.9375,5.0929,0.9778,0.9965,0.1246,9.9604,0.1411,33.9915,33.9915,25.9375,5.0929,0.9778,0.9778,0.9965,0.1246,0.1246,9.9604,0.1411,0.0,0.0,0.0,0.0,0.0,0.0,147.66,62.28,147.73,61.94,147.73,61.94,13.13,76.18,CUDA,Bicubic Baseline (3x)
979,00001301_043.png,sub_NIH,3,ok,33.2535,30.742,5.5445,0.9757,0.9957,0.1271,9.9558,0.1961,33.2535,33.2535,30.742,5.5445,0.9757,0.9757,0.9957,0.1271,0.1271,9.9558,0.1961,0.0,0.0,0.0,0.0,0.0,0.0,151.62,56.22,151.68,55.83,151.68,55.83,13.57,73.68,CUDA,Bicubic Baseline (3x)
980,00001301_046.png,sub_NIH,3,ok,34.5416,22.8518,4.7804,0.9744,0.9958,0.1676,9.9648,0.2024,34.5416,34.5416,22.8518,4.7804,0.9744,0.9744,0.9958,0.1676,0.1676,9.9648,0.2024,0.0,0.0,0.0,0.0,0.0,0.0,112.17,58.5,112.22,58.26,112.22,58.26,13.79,72.51,CUDA,Bicubic Baseline (3x)
981,00001303_003.png,sub_NIH,3,ok,33.0578,32.159,5.6709,0.9569,0.9916,0.1863,9.9086,0.3097,33.0578,33.0578,32.159,5.6709,0.9569,0.9569,0.9916,0.1863,0.1863,9.9086,0.3097,0.0,0.0,0.0,0.0,0.0,0.0,93.62,76.03,93.66,75.61,93.66,75.61,20.14,49.65,CUDA,Bicubic Baseline (3x)
982,00001305_001.png,sub_NIH,3,ok,42.8316,3.3878,1.8406,0.9815,0.9964,0.1135,9.9849,0.2353,42.8316,42.8316,3.3878,1.8406,0.9815,0.9815,0.9964,0.1135,0.1135,9.9849,0.2353,0.0,0.0,0.0,0.0,0.0,0.0,171.52,45.26,171.52,45.18,171.52,45.18,13.36,74.83,CUDA,Bicubic Baseline (3x)
983,00001310_000.png,sub_NIH,3,ok,36.2844,15.2981,3.9113,0.9697,0.9948,0.1639,9.9862,0.0703,36.2844,36.2844,15.2981,3.9113,0.9697,0.9697,0.9948,0.1639,0.1639,9.9862,0.0703,0.0,0.0,0.0,0.0,0.0,0.0,162.6,57.99,162.66,57.83,162.66,57.83,13.26,75.41,CUDA,Bicubic Baseline (3x)
984,00001311_000.png,sub_NIH,3,ok,39.7121,6.9481,2.6359,0.9615,0.9937,0.1992,9.9784,0.202,39.7121,39.7121,6.9481,2.6359,0.9615,0.9615,0.9937,0.1992,0.1992,9.9784,0.202,0.0,0.0,0.0,0.0,0.0,0.0,73.76,61.45,73.76,61.35,73.76,61.35,13.23,75.61,CUDA,Bicubic Baseline (3x)
985,00001314_000.png,sub_NIH,3,ok,41.3336,4.7832,2.1871,0.9787,0.9958,0.1351,9.9785,0.2905,41.3336,41.3336,4.7832,2.1871,0.9787,0.9787,0.9958,0.1351,0.1351,9.9785,0.2905,0.0,0.0,0.0,0.0,0.0,0.0,160.3,60.86,160.31,60.76,160.31,60.76,13.63,73.35,CUDA,Bicubic Baseline (3x)
986,00001315_003.png,sub_NIH,3,ok,32.5332,36.2878,6.0239,0.9739,0.9952,0.1874,9.9632,0.1545,32.5332,32.5332,36.2878,6.0239,0.9739,0.9739,0.9952,0.1874,0.1874,9.9632,0.1545,0.0,0.0,0.0,0.0,0.0,0.0,124.78,45.42,124.84,44.94,124.84,44.94,13.06,76.56,CUDA,Bicubic Baseline (3x)
987,00001317_001.png,sub_NIH,3,ok,40.2957,6.0744,2.4646,0.9445,0.9909,0.2921,9.9877,0.1207,40.2957,40.2957,6.0744,2.4646,0.9445,0.9445,0.9909,0.2921,0.2921,9.9877,0.1207,0.0,0.0,0.0,0.0,0.0,0.0,130.79,63.06,130.8,63.0,130.8,63.0,13.32,75.08,CUDA,Bicubic Baseline (3x)
988,00001317_005.png,sub_NIH,3,ok,37.7311,10.964,3.3112,0.9742,0.9958,0.1988,9.9868,0.0923,37.7311,37.7311,10.964,3.3112,0.9742,0.9742,0.9958,0.1988,0.1988,9.9868,0.0923,0.0,0.0,0.0,0.0,0.0,0.0,113.8,47.03,113.84,46.9,113.84,46.9,14.49,69.01,CUDA,Bicubic Baseline (3x)
989,00001317_006.png,sub_NIH,3,ok,36.896,13.2887,3.6454,0.976,0.9964,0.1725,9.9864,0.0788,36.896,36.896,13.2887,3.6454,0.976,0.976,0.9964,0.1725,0.1725,9.9864,0.0788,0.0,0.0,0.0,0.0,0.0,0.0,118.64,48.49,118.7,48.35,118.7,48.35,13.31,75.12,CUDA,Bicubic Baseline (3x)
990,00001319_000.png,sub_NIH,3,ok,42.2069,3.9119,1.9779,0.9728,0.9948,0.1981,9.9837,0.2221,42.2069,42.2069,3.9119,1.9779,0.9728,0.9728,0.9948,0.1981,0.1981,9.9837,0.2221,0.0,0.0,0.0,0.0,0.0,0.0,152.58,53.65,152.58,53.58,152.58,53.58,13.33,75.02,CUDA,Bicubic Baseline (3x)
991,00001319_002.png,sub_NIH,3,ok,39.8403,6.7461,2.5973,0.9463,0.9915,0.2893,9.9849,0.1421,39.8403,39.8403,6.7461,2.5973,0.9463,0.9463,0.9915,0.2893,0.2893,9.9849,0.1421,0.0,0.0,0.0,0.0,0.0,0.0,114.08,64.36,114.09,64.28,114.09,64.28,13.25,75.47,CUDA,Bicubic Baseline (3x)
992,00001322_002.png,sub_NIH,3,ok,38.6623,8.848,2.9746,0.9476,0.9914,0.2671,9.9742,0.1924,38.6623,38.6623,8.848,2.9746,0.9476,0.9476,0.9914,0.2671,0.2671,9.9742,0.1924,0.0,0.0,0.0,0.0,0.0,0.0,95.02,63.41,95.03,63.29,95.03,63.29,13.32,75.06,CUDA,Bicubic Baseline (3x)
993,00001324_000.png,sub_NIH,3,ok,42.5159,3.6433,1.9087,0.9694,0.9943,0.2059,9.9851,0.2174,42.5159,42.5159,3.6433,1.9087,0.9694,0.9694,0.9943,0.2059,0.2059,9.9851,0.2174,0.0,0.0,0.0,0.0,0.0,0.0,172.46,42.79,172.47,42.71,172.47,42.71,13.7,72.99,CUDA,Bicubic Baseline (3x)
994,00001326_002.png,sub_NIH,3,ok,36.3445,15.0878,3.8843,0.9766,0.9964,0.157,9.9823,0.0977,36.3445,36.3445,15.0878,3.8843,0.9766,0.9766,0.9964,0.157,0.157,9.9823,0.0977,0.0,0.0,0.0,0.0,0.0,0.0,145.08,58.81,145.13,58.64,145.13,58.64,13.21,75.72,CUDA,Bicubic Baseline (3x)
995,00001326_005.png,sub_NIH,3,ok,38.1884,9.8683,3.1414,0.942,0.9905,0.2849,9.9694,0.2215,38.1884,38.1884,9.8683,3.1414,0.942,0.942,0.9905,0.2849,0.2849,9.9694,0.2215,0.0,0.0,0.0,0.0,0.0,0.0,131.05,57.8,131.06,57.65,131.06,57.65,13.09,76.42,CUDA,Bicubic Baseline (3x)
996,00001327_003.png,sub_NIH,3,ok,38.2525,9.7236,3.1183,0.9339,0.9892,0.2739,9.9756,0.1825,38.2525,38.2525,9.7236,3.1183,0.9339,0.9339,0.9892,0.2739,0.2739,9.9756,0.1825,0.0,0.0,0.0,0.0,0.0,0.0,115.2,66.45,115.21,66.32,115.21,66.32,13.06,76.6,CUDA,Bicubic Baseline (3x)
997,00001330_001.png,sub_NIH,3,ok,32.1525,39.6122,6.2938,0.9575,0.9924,0.2022,9.9154,0.2568,32.1525,32.1525,39.6122,6.2938,0.9575,0.9575,0.9924,0.2022,0.2022,9.9154,0.2568,0.0,0.0,0.0,0.0,0.0,0.0,113.33,66.66,113.4,66.15,113.4,66.15,13.05,76.6,CUDA,Bicubic Baseline (3x)
998,00001330_003.png,sub_NIH,3,ok,37.8568,10.6512,3.2636,0.9438,0.9906,0.2498,9.9751,0.1777,37.8568,37.8568,10.6512,3.2636,0.9438,0.9438,0.9906,0.2498,0.2498,9.9751,0.1777,0.0,0.0,0.0,0.0,0.0,0.0,103.12,75.36,103.14,75.25,103.14,75.25,13.16,75.99,CUDA,Bicubic Baseline (3x)
999,00001332_000.png,sub_NIH,3,ok,36.0093,16.2985,4.0371,0.9774,0.9964,0.1282,9.9765,0.1558,36.0093,36.0093,16.2985,4.0371,0.9774,0.9774,0.9964,0.1282,0.1282,9.9765,0.1558,0.0,0.0,0.0,0.0,0.0,0.0,138.62,70.95,138.68,70.8,138.68,70.8,13.37,74.79,CUDA,Bicubic Baseline (3x)
1000,00001332_003.png,sub_NIH,3,ok,34.1169,25.1992,5.0199,0.976,0.9957,0.1742,9.9452,0.2704,34.1169,34.1169,25.1992,5.0199,0.976,0.976,0.9957,0.1742,0.1742,9.9452,0.2704,0.0,0.0,0.0,0.0,0.0,0.0,105.44,52.45,105.48,52.1,105.48,52.1,13.22,75.66,CUDA,Bicubic Baseline (3x)
1001,00001335_002.png,sub_NIH,3,ok,34.9573,20.7659,4.557,0.9719,0.9956,0.1475,9.9825,0.0722,34.9573,34.9573,20.7659,4.557,0.9719,0.9719,0.9956,0.1475,0.1475,9.9825,0.0722,0.0,0.0,0.0,0.0,0.0,0.0,172.19,54.31,172.25,54.09,172.25,54.09,13.46,74.3,CUDA,Bicubic Baseline (3x)
1002,00001336_000.png,sub_NIH,3,ok,41.0656,5.0877,2.2556,0.9727,0.9949,0.1495,9.9844,0.1679,41.0656,41.0656,5.0877,2.2556,0.9727,0.9727,0.9949,0.1495,0.1495,9.9844,0.1679,0.0,0.0,0.0,0.0,0.0,0.0,155.71,58.67,155.73,58.59,155.73,58.59,13.46,74.3,CUDA,Bicubic Baseline (3x)
1003,00001337_000.png,sub_NIH,3,ok,40.2706,6.1098,2.4718,0.9483,0.992,0.2711,9.9886,0.1034,40.2706,40.2706,6.1098,2.4718,0.9483,0.9483,0.992,0.2711,0.2711,9.9886,0.1034,0.0,0.0,0.0,0.0,0.0,0.0,131.39,70.33,131.4,70.28,131.4,70.28,13.43,74.46,CUDA,Bicubic Baseline (3x)
1004,00001338_000.png,sub_NIH,3,ok,39.3475,7.5567,2.7489,0.9452,0.9911,0.2761,9.9825,0.156,39.3475,39.3475,7.5567,2.7489,0.9452,0.9452,0.9911,0.2761,0.2761,9.9825,0.156,0.0,0.0,0.0,0.0,0.0,0.0,119.88,65.5,119.89,65.41,119.89,65.41,18.35,54.48,CUDA,Bicubic Baseline (3x)
1005,00001338_001.png,sub_NIH,3,ok,32.1903,39.2689,6.2665,0.9612,0.9931,0.2058,9.9242,0.2393,32.1903,32.1903,39.2689,6.2665,0.9612,0.9612,0.9931,0.2058,0.2058,9.9242,0.2393,0.0,0.0,0.0,0.0,0.0,0.0,132.64,63.52,132.71,63.01,132.71,63.01,13.08,76.43,CUDA,Bicubic Baseline (3x)
1006,00001338_002.png,sub_NIH,3,ok,32.0337,40.7111,6.3805,0.9626,0.9928,0.2065,9.9468,0.1763,32.0337,32.0337,40.7111,6.3805,0.9626,0.9626,0.9928,0.2065,0.2065,9.9468,0.1763,0.0,0.0,0.0,0.0,0.0,0.0,111.99,67.55,112.06,67.12,112.06,67.12,13.29,75.26,CUDA,Bicubic Baseline (3x)
1007,00001338_003.png,sub_NIH,3,ok,43.413,2.9633,1.7214,0.9643,0.9934,0.2139,9.99,0.1342,43.413,43.413,2.9633,1.7214,0.9643,0.9643,0.9934,0.2139,0.2139,9.99,0.1342,0.0,0.0,0.0,0.0,0.0,0.0,111.06,30.16,111.07,30.09,111.07,30.09,13.46,74.32,CUDA,Bicubic Baseline (3x)
1008,00001339_000.png,sub_NIH,3,ok,38.8097,8.5528,2.9245,0.9495,0.992,0.2629,9.9773,0.1799,38.8097,38.8097,8.5528,2.9245,0.9495,0.9495,0.992,0.2629,0.2629,9.9773,0.1799,0.0,0.0,0.0,0.0,0.0,0.0,122.59,63.05,122.6,62.93,122.6,62.93,13.09,76.4,CUDA,Bicubic Baseline (3x)
1009,00001340_000.png,sub_NIH,3,ok,39.6097,7.1139,2.6672,0.9563,0.9935,0.2324,9.9844,0.1332,39.6097,39.6097,7.1139,2.6672,0.9563,0.9563,0.9935,0.2324,0.2324,9.9844,0.1332,0.0,0.0,0.0,0.0,0.0,0.0,146.33,64.29,146.35,64.21,146.35,64.21,13.15,76.05,CUDA,Bicubic Baseline (3x)
1010,00001341_000.png,sub_NIH,3,ok,38.4289,9.3366,3.0556,0.9492,0.9917,0.2499,9.978,0.1667,38.4289,38.4289,9.3366,3.0556,0.9492,0.9492,0.9917,0.2499,0.2499,9.978,0.1667,0.0,0.0,0.0,0.0,0.0,0.0,102.36,63.17,102.37,63.06,102.37,63.06,13.25,75.45,CUDA,Bicubic Baseline (3x)
1011,00001342_000.png,sub_NIH,3,ok,40.6118,5.648,2.3766,0.9694,0.9938,0.1728,9.977,0.2778,40.6118,40.6118,5.648,2.3766,0.9694,0.9694,0.9938,0.1728,0.1728,9.977,0.2778,0.0,0.0,0.0,0.0,0.0,0.0,145.69,44.16,145.7,44.03,145.7,44.03,13.44,74.42,CUDA,Bicubic Baseline (3x)
1012,00001342_001.png,sub_NIH,3,ok,42.675,3.5122,1.8741,0.9699,0.9939,0.1558,9.9851,0.224,42.675,42.675,3.5122,1.8741,0.9699,0.9699,0.9939,0.1558,0.1558,9.9851,0.224,0.0,0.0,0.0,0.0,0.0,0.0,157.88,60.74,157.88,60.69,157.88,60.69,13.11,76.28,CUDA,Bicubic Baseline (3x)
1013,00001343_000.png,sub_NIH,3,ok,40.5965,5.668,2.3808,0.9499,0.9921,0.2782,9.9855,0.1466,40.5965,40.5965,5.668,2.3808,0.9499,0.9499,0.9921,0.2782,0.2782,9.9855,0.1466,0.0,0.0,0.0,0.0,0.0,0.0,131.47,66.61,131.48,66.54,131.48,66.54,13.18,75.9,CUDA,Bicubic Baseline (3x)
1014,00001344_000.png,sub_NIH,3,ok,43.7343,2.752,1.6589,0.9765,0.9956,0.1567,9.9885,0.1706,43.7343,43.7343,2.752,1.6589,0.9765,0.9765,0.9956,0.1567,0.1567,9.9885,0.1706,0.0,0.0,0.0,0.0,0.0,0.0,170.53,45.92,170.54,45.86,170.54,45.86,13.95,71.68,CUDA,Bicubic Baseline (3x)
1015,00001345_000.png,sub_NIH,3,ok,39.4301,7.4143,2.7229,0.9513,0.9925,0.2787,9.9822,0.1536,39.4301,39.4301,7.4143,2.7229,0.9513,0.9513,0.9925,0.2787,0.2787,9.9822,0.1536,0.0,0.0,0.0,0.0,0.0,0.0,145.15,58.64,145.16,58.54,145.16,58.54,13.26,75.4,CUDA,Bicubic Baseline (3x)
1016,00001346_000.png,sub_NIH,3,ok,39.4506,7.3794,2.7165,0.947,0.9914,0.2548,9.979,0.181,39.4506,39.4506,7.3794,2.7165,0.947,0.947,0.9914,0.2548,0.2548,9.979,0.181,0.0,0.0,0.0,0.0,0.0,0.0,109.75,70.15,109.77,70.05,109.77,70.05,13.31,75.16,CUDA,Bicubic Baseline (3x)
1017,00001347_000.png,sub_NIH,3,ok,39.9073,6.6427,2.5774,0.9474,0.9913,0.251,9.983,0.162,39.9073,39.9073,6.6427,2.5774,0.9474,0.9474,0.9913,0.251,0.251,9.983,0.162,0.0,0.0,0.0,0.0,0.0,0.0,103.63,69.69,103.65,69.61,103.65,69.61,13.16,76.02,CUDA,Bicubic Baseline (3x)
1018,00001347_001.png,sub_NIH,3,ok,36.3069,15.2193,3.9012,0.9628,0.9935,0.1686,9.9852,0.0972,36.3069,36.3069,15.2193,3.9012,0.9628,0.9628,0.9935,0.1686,0.1686,9.9852,0.0972,0.0,0.0,0.0,0.0,0.0,0.0,156.85,56.32,156.9,56.15,156.9,56.15,13.92,71.83,CUDA,Bicubic Baseline (3x)
1019,00001347_002.png,sub_NIH,3,ok,38.4243,9.3466,3.0572,0.9414,0.9903,0.2777,9.9801,0.1654,38.4243,38.4243,9.3466,3.0572,0.9414,0.9414,0.9903,0.2777,0.2777,9.9801,0.1654,0.0,0.0,0.0,0.0,0.0,0.0,107.76,68.89,107.78,68.79,107.78,68.79,13.16,76.0,CUDA,Bicubic Baseline (3x)
1020,00001348_000.png,sub_NIH,3,ok,39.7649,6.8642,2.62,0.944,0.9909,0.2559,9.9816,0.1655,39.7649,39.7649,6.8642,2.62,0.944,0.944,0.9909,0.2559,0.2559,9.9816,0.1655,0.0,0.0,0.0,0.0,0.0,0.0,105.26,71.52,105.27,71.44,105.27,71.44,13.41,74.54,CUDA,Bicubic Baseline (3x)
1021,00001349_000.png,sub_NIH,3,ok,43.0,3.259,1.8053,0.9735,0.9949,0.1855,9.9852,0.2276,43.0,43.0,3.259,1.8053,0.9735,0.9735,0.9949,0.1855,0.1855,9.9852,0.2276,0.0,0.0,0.0,0.0,0.0,0.0,165.29,44.3,165.29,44.23,165.29,44.23,13.26,75.44,CUDA,Bicubic Baseline (3x)
1022,00001350_000.png,sub_NIH,3,ok,36.3317,15.1325,3.89,0.9716,0.9953,0.1524,9.9737,0.1896,36.3317,36.3317,15.1325,3.89,0.9716,0.9716,0.9953,0.1524,0.1524,9.9737,0.1896,0.0,0.0,0.0,0.0,0.0,0.0,158.78,63.34,158.83,63.16,158.83,63.16,13.34,74.94,CUDA,Bicubic Baseline (3x)
1023,00001351_000.png,sub_NIH,3,ok,43.0025,3.2571,1.8047,0.9659,0.9938,0.2155,9.9889,0.1372,43.0025,43.0025,3.2571,1.8047,0.9659,0.9659,0.9938,0.2155,0.2155,9.9889,0.1372,0.0,0.0,0.0,0.0,0.0,0.0,108.34,32.86,108.34,32.78,108.34,32.78,13.4,74.63,CUDA,Bicubic Baseline (3x)
1024,00001352_000.png,sub_NIH,3,ok,39.4649,7.3551,2.712,0.9372,0.99,0.3011,9.985,0.1345,39.4649,39.4649,7.3551,2.712,0.9372,0.9372,0.99,0.3011,0.3011,9.985,0.1345,0.0,0.0,0.0,0.0,0.0,0.0,126.87,66.53,126.88,66.45,126.88,66.45,13.59,73.59,CUDA,Bicubic Baseline (3x)
1025,00001353_000.png,sub_NIH,3,ok,34.6977,22.045,4.6952,0.966,0.9945,0.1745,9.9736,0.107,34.6977,34.6977,22.045,4.6952,0.966,0.966,0.9945,0.1745,0.1745,9.9736,0.107,0.0,0.0,0.0,0.0,0.0,0.0,164.47,52.3,164.54,51.99,164.54,51.99,13.26,75.4,CUDA,Bicubic Baseline (3x)
1026,00001354_000.png,sub_NIH,3,ok,39.3195,7.6055,2.7578,0.9435,0.9911,0.2912,9.9818,0.1506,39.3195,39.3195,7.6055,2.7578,0.9435,0.9435,0.9911,0.2912,0.2912,9.9818,0.1506,0.0,0.0,0.0,0.0,0.0,0.0,121.66,68.09,121.68,68.0,121.68,68.0,13.48,74.16,CUDA,Bicubic Baseline (3x)
1027,00001355_000.png,sub_NIH,3,ok,31.8002,42.9594,6.5543,0.9612,0.9926,0.1629,9.9571,0.0794,31.8002,31.8002,42.9594,6.5543,0.9612,0.9612,0.9926,0.1629,0.1629,9.9571,0.0794,0.0,0.0,0.0,0.0,0.0,0.0,158.18,70.8,158.27,70.35,158.27,70.35,13.14,76.13,CUDA,Bicubic Baseline (3x)
1028,00001355_001.png,sub_NIH,3,ok,33.3665,29.9523,5.4729,0.97,0.9949,0.2077,9.9698,0.0793,33.3665,33.3665,29.9523,5.4729,0.97,0.97,0.9949,0.2077,0.2077,9.9698,0.0793,0.0,0.0,0.0,0.0,0.0,0.0,119.92,55.66,119.98,55.26,119.98,55.26,14.43,69.3,CUDA,Bicubic Baseline (3x)
1029,00001355_002.png,sub_NIH,3,ok,31.8898,42.082,6.4871,0.9653,0.9939,0.2134,9.93,0.2155,31.8898,31.8898,42.082,6.4871,0.9653,0.9653,0.9939,0.2134,0.2134,9.93,0.2155,0.0,0.0,0.0,0.0,0.0,0.0,123.34,63.3,123.39,62.81,123.39,62.81,13.5,74.1,CUDA,Bicubic Baseline (3x)
1030,00001355_003.png,sub_NIH,3,ok,43.8918,2.654,1.6291,0.9714,0.9949,0.1993,9.9906,0.1146,43.8918,43.8918,2.654,1.6291,0.9714,0.9714,0.9949,0.1993,0.1993,9.9906,0.1146,0.0,0.0,0.0,0.0,0.0,0.0,110.59,31.0,110.59,30.94,110.59,30.94,13.71,72.92,CUDA,Bicubic Baseline (3x)
1031,00001355_004.png,sub_NIH,3,ok,32.1558,39.5819,6.2914,0.9617,0.9932,0.2341,9.9504,0.1836,32.1558,32.1558,39.5819,6.2914,0.9617,0.9617,0.9932,0.2341,0.2341,9.9504,0.1836,0.0,0.0,0.0,0.0,0.0,0.0,116.69,48.22,116.74,47.66,116.74,47.66,13.37,74.8,CUDA,Bicubic Baseline (3x)
1032,00001355_005.png,sub_NIH,3,ok,33.152,31.4685,5.6097,0.9575,0.9929,0.2634,9.9748,0.0359,33.152,33.152,31.4685,5.6097,0.9575,0.9575,0.9929,0.2634,0.2634,9.9748,0.0359,0.0,0.0,0.0,0.0,0.0,0.0,148.38,45.13,148.45,44.65,148.45,44.65,13.23,75.61,CUDA,Bicubic Baseline (3x)
1033,00001355_006.png,sub_NIH,3,ok,33.1004,31.8446,5.6431,0.9575,0.9929,0.2531,9.9737,0.0413,33.1004,33.1004,31.8446,5.6431,0.9575,0.9575,0.9929,0.2531,0.2531,9.9737,0.0413,0.0,0.0,0.0,0.0,0.0,0.0,132.97,57.4,133.04,57.04,133.04,57.04,13.88,72.07,CUDA,Bicubic Baseline (3x)
1034,00001355_007.png,sub_NIH,3,ok,39.6954,6.9749,2.641,0.9497,0.9924,0.2758,9.9838,0.143,39.6954,39.6954,6.9749,2.641,0.9497,0.9497,0.9924,0.2758,0.2758,9.9838,0.143,0.0,0.0,0.0,0.0,0.0,0.0,135.81,69.42,135.83,69.34,135.83,69.34,13.58,73.66,CUDA,Bicubic Baseline (3x)
1035,00001355_008.png,sub_NIH,3,ok,40.2634,6.1198,2.4738,0.9497,0.9924,0.2723,9.9867,0.1141,40.2634,40.2634,6.1198,2.4738,0.9497,0.9497,0.9924,0.2723,0.2723,9.9867,0.1141,0.0,0.0,0.0,0.0,0.0,0.0,143.66,67.0,143.68,66.92,143.68,66.92,13.13,76.14,CUDA,Bicubic Baseline (3x)
1036,00001355_009.png,sub_NIH,3,ok,40.1207,6.3243,2.5148,0.9508,0.9926,0.2767,9.9863,0.1199,40.1207,40.1207,6.3243,2.5148,0.9508,0.9508,0.9926,0.2767,0.2767,9.9863,0.1199,0.0,0.0,0.0,0.0,0.0,0.0,133.08,70.8,133.1,70.74,133.1,70.74,13.06,76.56,CUDA,Bicubic Baseline (3x)
1037,00001355_010.png,sub_NIH,3,ok,39.8139,6.7872,2.6052,0.9476,0.992,0.2755,9.9862,0.1212,39.8139,39.8139,6.7872,2.6052,0.9476,0.9476,0.992,0.2755,0.2755,9.9862,0.1212,0.0,0.0,0.0,0.0,0.0,0.0,126.59,77.36,126.61,77.3,126.61,77.3,13.65,73.29,CUDA,Bicubic Baseline (3x)
1038,00001355_011.png,sub_NIH,3,ok,40.403,5.9263,2.4344,0.9508,0.9925,0.2681,9.9837,0.1462,40.403,40.403,5.9263,2.4344,0.9508,0.9508,0.9925,0.2681,0.2681,9.9837,0.1462,0.0,0.0,0.0,0.0,0.0,0.0,130.88,69.23,130.89,69.15,130.89,69.15,13.49,74.12,CUDA,Bicubic Baseline (3x)
1039,00001355_012.png,sub_NIH,3,ok,40.6668,5.577,2.3616,0.9496,0.9924,0.28,9.9893,0.0959,40.6668,40.6668,5.577,2.3616,0.9496,0.9496,0.9924,0.28,0.28,9.9893,0.0959,0.0,0.0,0.0,0.0,0.0,0.0,134.2,71.21,134.22,71.16,134.22,71.16,13.38,74.73,CUDA,Bicubic Baseline (3x)
1040,00001356_000.png,sub_NIH,3,ok,39.7437,6.8978,2.6264,0.9458,0.9913,0.2772,9.9846,0.1459,39.7437,39.7437,6.8978,2.6264,0.9458,0.9458,0.9913,0.2772,0.2772,9.9846,0.1459,0.0,0.0,0.0,0.0,0.0,0.0,124.02,62.38,124.03,62.3,124.03,62.3,13.5,74.07,CUDA,Bicubic Baseline (3x)
1041,00001357_000.png,sub_NIH,3,ok,42.4011,3.7409,1.9341,0.9751,0.9952,0.172,9.9829,0.2498,42.4011,42.4011,3.7409,1.9341,0.9751,0.9751,0.9952,0.172,0.172,9.9829,0.2498,0.0,0.0,0.0,0.0,0.0,0.0,153.24,49.36,153.25,49.27,153.25,49.27,13.09,76.38,CUDA,Bicubic Baseline (3x)
1042,00001358_000.png,sub_NIH,3,ok,40.3141,6.0488,2.4594,0.9488,0.9922,0.2858,9.9883,0.1021,40.3141,40.3141,6.0488,2.4594,0.9488,0.9488,0.9922,0.2858,0.2858,9.9883,0.1021,0.0,0.0,0.0,0.0,0.0,0.0,132.09,71.54,132.1,71.49,132.1,71.49,13.2,75.73,CUDA,Bicubic Baseline (3x)
1043,00001358_001.png,sub_NIH,3,ok,38.3565,9.4935,3.0811,0.9405,0.9909,0.3154,9.976,0.1676,38.3565,38.3565,9.4935,3.0811,0.9405,0.9405,0.9909,0.3154,0.3154,9.976,0.1676,0.0,0.0,0.0,0.0,0.0,0.0,137.49,67.06,137.5,66.93,137.5,66.93,13.11,76.25,CUDA,Bicubic Baseline (3x)
1044,00001359_000.png,sub_NIH,3,ok,40.2437,6.1477,2.4795,0.9487,0.9916,0.2574,9.9842,0.1543,40.2437,40.2437,6.1477,2.4795,0.9487,0.9487,0.9916,0.2574,0.2574,9.9842,0.1543,0.0,0.0,0.0,0.0,0.0,0.0,101.33,68.05,101.34,67.98,101.34,67.98,14.24,70.21,CUDA,Bicubic Baseline (3x)
1045,00001360_000.png,sub_NIH,3,ok,42.2979,3.8308,1.9572,0.9586,0.9922,0.2311,9.9892,0.1359,42.2979,42.2979,3.8308,1.9572,0.9586,0.9586,0.9922,0.2311,0.2311,9.9892,0.1359,0.0,0.0,0.0,0.0,0.0,0.0,109.63,34.87,109.63,34.79,109.63,34.79,13.16,75.97,CUDA,Bicubic Baseline (3x)
1046,00001361_000.png,sub_NIH,3,ok,33.5474,28.7302,5.3601,0.9566,0.9923,0.2224,9.9606,0.1947,33.5474,33.5474,28.7302,5.3601,0.9566,0.9566,0.9923,0.2224,0.2224,9.9606,0.1947,0.0,0.0,0.0,0.0,0.0,0.0,144.63,53.8,144.69,53.41,144.69,53.41,13.15,76.03,CUDA,Bicubic Baseline (3x)
1047,00001362_000.png,sub_NIH,3,ok,34.3244,24.0235,4.9014,0.9697,0.9954,0.1613,9.9846,0.0364,34.3244,34.3244,24.0235,4.9014,0.9697,0.9697,0.9954,0.1613,0.1613,9.9846,0.0364,0.0,0.0,0.0,0.0,0.0,0.0,166.41,71.13,166.48,70.96,166.48,70.96,13.33,75.02,CUDA,Bicubic Baseline (3x)
1048,00001362_001.png,sub_NIH,3,ok,36.8692,13.3708,3.6566,0.9825,0.9976,0.1143,9.9912,0.0034,36.8692,36.8692,13.3708,3.6566,0.9825,0.9825,0.9976,0.1143,0.1143,9.9912,0.0034,0.0,0.0,0.0,0.0,0.0,0.0,163.96,42.62,164.02,42.43,164.02,42.43,15.41,64.91,CUDA,Bicubic Baseline (3x)
1049,00001362_002.png,sub_NIH,3,ok,35.2322,19.4923,4.415,0.9709,0.9955,0.168,9.9681,0.1659,35.2322,35.2322,19.4923,4.415,0.9709,0.9709,0.9955,0.168,0.168,9.9681,0.1659,0.0,0.0,0.0,0.0,0.0,0.0,143.48,65.73,143.54,65.48,143.54,65.48,13.74,72.8,CUDA,Bicubic Baseline (3x)
1050,00001362_003.png,sub_NIH,3,ok,35.4461,18.5553,4.3076,0.9679,0.9949,0.1688,9.9732,0.1512,35.4461,35.4461,18.5553,4.3076,0.9679,0.9679,0.9949,0.1688,0.1688,9.9732,0.1512,0.0,0.0,0.0,0.0,0.0,0.0,168.39,62.12,168.45,61.88,168.45,61.88,14.34,69.76,CUDA,Bicubic Baseline (3x)
1051,00001362_004.png,sub_NIH,3,ok,36.6981,13.9083,3.7294,0.9795,0.9973,0.1374,9.9917,-0.0022,36.6981,36.6981,13.9083,3.7294,0.9795,0.9795,0.9973,0.1374,0.1374,9.9917,-0.0022,0.0,0.0,0.0,0.0,0.0,0.0,159.93,38.72,159.99,38.5,159.99,38.5,16.22,61.65,CUDA,Bicubic Baseline (3x)
1052,00001362_005.png,sub_NIH,3,ok,34.6501,22.2878,4.721,0.9789,0.997,0.1354,9.9788,0.1382,34.6501,34.6501,22.2878,4.721,0.9789,0.9789,0.997,0.1354,0.1354,9.9788,0.1382,0.0,0.0,0.0,0.0,0.0,0.0,161.28,40.0,161.35,39.64,161.35,39.64,13.13,76.17,CUDA,Bicubic Baseline (3x)
1053,00001362_006.png,sub_NIH,3,ok,35.9723,16.4381,4.0544,0.9793,0.9971,0.132,9.9904,-0.0034,35.9723,35.9723,16.4381,4.0544,0.9793,0.9793,0.9971,0.132,0.132,9.9904,-0.0034,0.0,0.0,0.0,0.0,0.0,0.0,162.06,42.45,162.12,42.23,162.12,42.23,15.7,63.7,CUDA,Bicubic Baseline (3x)
1054,00001362_007.png,sub_NIH,3,ok,37.2556,12.2327,3.4975,0.9778,0.9968,0.1588,9.9903,0.0282,37.2556,37.2556,12.2327,3.4975,0.9778,0.9778,0.9968,0.1588,0.1588,9.9903,0.0282,0.0,0.0,0.0,0.0,0.0,0.0,158.24,36.16,158.29,35.94,158.29,35.94,13.36,74.85,CUDA,Bicubic Baseline (3x)
1055,00001362_008.png,sub_NIH,3,ok,37.0418,12.85,3.5847,0.9764,0.9964,0.1638,9.9837,0.0938,37.0418,37.0418,12.85,3.5847,0.9764,0.9764,0.9964,0.1638,0.1638,9.9837,0.0938,0.0,0.0,0.0,0.0,0.0,0.0,118.32,57.07,118.37,56.93,118.37,56.93,13.17,75.96,CUDA,Bicubic Baseline (3x)
1056,00001362_009.png,sub_NIH,3,ok,41.3426,4.7734,2.1848,0.9493,0.9921,0.2807,9.9887,0.1103,41.3426,41.3426,4.7734,2.1848,0.9493,0.9493,0.9921,0.2807,0.2807,9.9887,0.1103,0.0,0.0,0.0,0.0,0.0,0.0,126.84,73.62,126.85,73.57,126.85,73.57,13.27,75.36,CUDA,Bicubic Baseline (3x)
1057,00001362_010.png,sub_NIH,3,ok,39.4039,7.4591,2.7311,0.9398,0.9907,0.3104,9.985,0.128,39.4039,39.4039,7.4591,2.7311,0.9398,0.9398,0.9907,0.3104,0.3104,9.985,0.128,0.0,0.0,0.0,0.0,0.0,0.0,135.78,71.6,135.8,71.52,135.8,71.52,13.41,74.55,CUDA,Bicubic Baseline (3x)
1058,00001362_011.png,sub_NIH,3,ok,33.6666,27.9525,5.287,0.9714,0.9944,0.1994,9.9581,0.2237,33.6666,33.6666,27.9525,5.287,0.9714,0.9714,0.9944,0.1994,0.1994,9.9581,0.2237,0.0,0.0,0.0,0.0,0.0,0.0,123.71,44.52,123.75,44.11,123.75,44.11,13.65,73.24,CUDA,Bicubic Baseline (3x)
1059,00001362_012.png,sub_NIH,3,ok,35.6801,17.582,4.1931,0.9759,0.9962,0.1735,9.9803,0.1449,35.6801,35.6801,17.582,4.1931,0.9759,0.9759,0.9962,0.1735,0.1735,9.9803,0.1449,0.0,0.0,0.0,0.0,0.0,0.0,122.96,52.65,123.02,52.45,123.02,52.45,13.06,76.55,CUDA,Bicubic Baseline (3x)
1060,00001362_013.png,sub_NIH,3,ok,39.829,6.7636,2.6007,0.9482,0.992,0.2762,9.9835,0.1436,39.829,39.829,6.7636,2.6007,0.9482,0.9482,0.992,0.2762,0.2762,9.9835,0.1436,0.0,0.0,0.0,0.0,0.0,0.0,136.57,71.69,136.59,71.6,136.59,71.6,13.19,75.82,CUDA,Bicubic Baseline (3x)
1061,00001362_014.png,sub_NIH,3,ok,34.0266,25.7287,5.0723,0.9779,0.996,0.1497,9.9483,0.2519,34.0266,34.0266,25.7287,5.0723,0.9779,0.9779,0.996,0.1497,0.1497,9.9483,0.2519,0.0,0.0,0.0,0.0,0.0,0.0,110.46,56.42,110.51,56.08,110.51,56.08,13.41,74.59,CUDA,Bicubic Baseline (3x)
1062,00001362_015.png,sub_NIH,3,ok,35.9531,16.5108,4.0633,0.9776,0.9964,0.1567,9.979,0.1668,35.9531,35.9531,16.5108,4.0633,0.9776,0.9776,0.9964,0.1567,0.1567,9.979,0.1668,0.0,0.0,0.0,0.0,0.0,0.0,117.6,53.96,117.65,53.78,117.65,53.78,13.08,76.45,CUDA,Bicubic Baseline (3x)
1063,00001362_016.png,sub_NIH,3,ok,40.1664,6.258,2.5016,0.9498,0.9921,0.2651,9.9818,0.1656,40.1664,40.1664,6.258,2.5016,0.9498,0.9498,0.9921,0.2651,0.2651,9.9818,0.1656,0.0,0.0,0.0,0.0,0.0,0.0,128.53,75.9,128.55,75.82,128.55,75.82,13.16,75.98,CUDA,Bicubic Baseline (3x)
1064,00001362_017.png,sub_NIH,3,ok,32.5573,36.0871,6.0073,0.9778,0.9953,0.1341,9.9463,0.2217,32.5573,32.5573,36.0871,6.0073,0.9778,0.9778,0.9953,0.1341,0.1341,9.9463,0.2217,0.0,0.0,0.0,0.0,0.0,0.0,157.32,48.58,157.37,48.07,157.37,48.07,13.14,76.09,CUDA,Bicubic Baseline (3x)
1065,00001363_000.png,sub_NIH,3,ok,40.5382,5.7446,2.3968,0.9477,0.9916,0.2666,9.9859,0.1369,40.5382,40.5382,5.7446,2.3968,0.9477,0.9477,0.9916,0.2666,0.2666,9.9859,0.1369,0.0,0.0,0.0,0.0,0.0,0.0,104.45,66.69,104.46,66.62,104.46,66.62,14.28,70.04,CUDA,Bicubic Baseline (3x)
1066,00001364_000.png,sub_NIH,3,ok,41.8637,4.2336,2.0576,0.9588,0.992,0.2128,9.9874,0.1684,41.8637,41.8637,4.2336,2.0576,0.9588,0.9588,0.992,0.2128,0.2128,9.9874,0.1684,0.0,0.0,0.0,0.0,0.0,0.0,106.09,34.71,106.09,34.62,106.09,34.62,13.46,74.27,CUDA,Bicubic Baseline (3x)
1067,00001364_001.png,sub_NIH,3,ok,39.2237,7.7751,2.7884,0.9549,0.9924,0.2365,9.9792,0.188,39.2237,39.2237,7.7751,2.7884,0.9549,0.9549,0.9924,0.2365,0.2365,9.9792,0.188,0.0,0.0,0.0,0.0,0.0,0.0,101.02,60.27,101.03,60.17,101.03,60.17,13.48,74.17,CUDA,Bicubic Baseline (3x)
1068,00001364_002.png,sub_NIH,3,ok,33.8756,26.639,5.1613,0.9708,0.9938,0.1823,9.9587,0.2042,33.8756,33.8756,26.639,5.1613,0.9708,0.9708,0.9938,0.1823,0.1823,9.9587,0.2042,0.0,0.0,0.0,0.0,0.0,0.0,109.44,53.12,109.48,52.77,109.48,52.77,13.18,75.87,CUDA,Bicubic Baseline (3x)
1069,00001364_003.png,sub_NIH,3,ok,36.0271,16.2318,4.0289,0.9723,0.995,0.1708,9.9717,0.2189,36.0271,36.0271,16.2318,4.0289,0.9723,0.9723,0.995,0.1708,0.1708,9.9717,0.2189,0.0,0.0,0.0,0.0,0.0,0.0,107.22,54.85,107.27,54.66,107.27,54.66,13.09,76.39,CUDA,Bicubic Baseline (3x)
1070,00001364_004.png,sub_NIH,3,ok,38.8526,8.4688,2.9101,0.9527,0.992,0.2323,9.9746,0.2085,38.8526,38.8526,8.4688,2.9101,0.9527,0.9527,0.992,0.2323,0.2323,9.9746,0.2085,0.0,0.0,0.0,0.0,0.0,0.0,99.51,68.96,99.52,68.85,99.52,68.85,13.18,75.85,CUDA,Bicubic Baseline (3x)
1071,00001364_005.png,sub_NIH,3,ok,35.2227,19.5347,4.4198,0.9669,0.9943,0.1613,9.9432,0.3277,35.2227,35.2227,19.5347,4.4198,0.9669,0.9669,0.9943,0.1613,0.1613,9.9432,0.3277,0.0,0.0,0.0,0.0,0.0,0.0,161.14,62.17,161.19,61.79,161.19,61.79,13.76,72.65,CUDA,Bicubic Baseline (3x)
1072,00001364_006.png,sub_NIH,3,ok,34.6706,22.1829,4.7099,0.9651,0.9939,0.159,9.9362,0.306,34.6706,34.6706,22.1829,4.7099,0.9651,0.9651,0.9939,0.159,0.159,9.9362,0.306,0.0,0.0,0.0,0.0,0.0,0.0,162.34,63.78,162.4,63.38,162.4,63.38,16.52,60.55,CUDA,Bicubic Baseline (3x)
1073,00001365_000.png,sub_NIH,3,ok,39.0726,8.0504,2.8373,0.9779,0.9958,0.1297,9.9632,0.3273,39.0726,39.0726,8.0504,2.8373,0.9779,0.9779,0.9958,0.1297,0.1297,9.9632,0.3273,0.0,0.0,0.0,0.0,0.0,0.0,173.68,59.16,173.69,59.01,173.69,59.01,13.17,75.94,CUDA,Bicubic Baseline (3x)
1074,00001365_001.png,sub_NIH,3,ok,43.5948,2.8418,1.6858,0.9801,0.9962,0.1271,9.986,0.2215,43.5948,43.5948,2.8418,1.6858,0.9801,0.9801,0.9962,0.1271,0.1271,9.986,0.2215,0.0,0.0,0.0,0.0,0.0,0.0,154.73,66.17,154.74,66.12,154.74,66.12,15.02,66.56,CUDA,Bicubic Baseline (3x)
1075,00001365_002.png,sub_NIH,3,ok,41.806,4.2902,2.0713,0.9768,0.9956,0.152,9.9807,0.2568,41.806,41.806,4.2902,2.0713,0.9768,0.9768,0.9956,0.152,0.152,9.9807,0.2568,0.0,0.0,0.0,0.0,0.0,0.0,153.7,60.66,153.7,60.58,153.7,60.58,13.17,75.93,CUDA,Bicubic Baseline (3x)
1076,00001366_000.png,sub_NIH,3,ok,34.4955,23.0958,4.8058,0.9621,0.9937,0.1858,9.9708,0.1532,34.4955,34.4955,23.0958,4.8058,0.9621,0.9621,0.9937,0.1858,0.1858,9.9708,0.1532,0.0,0.0,0.0,0.0,0.0,0.0,161.17,60.93,161.24,60.69,161.24,60.69,13.97,71.57,CUDA,Bicubic Baseline (3x)
1077,00001367_000.png,sub_NIH,3,ok,39.7247,6.9281,2.6321,0.9504,0.9922,0.2691,9.9862,0.1285,39.7247,39.7247,6.9281,2.6321,0.9504,0.9504,0.9922,0.2691,0.2691,9.9862,0.1285,0.0,0.0,0.0,0.0,0.0,0.0,126.9,70.55,126.92,70.48,126.92,70.48,13.3,75.19,CUDA,Bicubic Baseline (3x)
1078,00001367_001.png,sub_NIH,3,ok,41.0007,5.1643,2.2725,0.9501,0.9921,0.2635,9.9859,0.1406,41.0007,41.0007,5.1643,2.2725,0.9501,0.9501,0.9921,0.2635,0.2635,9.9859,0.1406,0.0,0.0,0.0,0.0,0.0,0.0,121.74,75.23,121.75,75.17,121.75,75.17,13.23,75.57,CUDA,Bicubic Baseline (3x)
1079,00001367_002.png,sub_NIH,3,ok,38.5935,8.9895,2.9982,0.9606,0.9929,0.2221,9.9801,0.1244,38.5935,38.5935,8.9895,2.9982,0.9606,0.9606,0.9929,0.2221,0.2221,9.9801,0.1244,0.0,0.0,0.0,0.0,0.0,0.0,139.88,57.29,139.91,57.11,139.91,57.11,13.44,74.39,CUDA,Bicubic Baseline (3x)
1080,00001367_003.png,sub_NIH,3,ok,43.493,2.9093,1.7057,0.9728,0.995,0.1764,9.9893,0.1501,43.493,43.493,2.9093,1.7057,0.9728,0.9728,0.995,0.1764,0.1764,9.9893,0.1501,0.0,0.0,0.0,0.0,0.0,0.0,110.88,31.4,110.88,31.33,110.88,31.33,13.21,75.73,CUDA,Bicubic Baseline (3x)
1081,00001367_004.png,sub_NIH,3,ok,34.9566,20.7691,4.5573,0.9734,0.9959,0.1493,9.9857,0.0445,34.9566,34.9566,20.7691,4.5573,0.9734,0.9734,0.9959,0.1493,0.1493,9.9857,0.0445,0.0,0.0,0.0,0.0,0.0,0.0,172.33,61.87,172.4,61.69,172.4,61.69,13.47,74.24,CUDA,Bicubic Baseline (3x)
1082,00001367_005.png,sub_NIH,3,ok,40.3748,5.9649,2.4423,0.9504,0.9923,0.2667,9.9848,0.1401,40.3748,40.3748,5.9649,2.4423,0.9504,0.9504,0.9923,0.2667,0.2667,9.9848,0.1401,0.0,0.0,0.0,0.0,0.0,0.0,133.36,73.37,133.38,73.31,133.38,73.31,13.11,76.27,CUDA,Bicubic Baseline (3x)
1083,00001367_006.png,sub_NIH,3,ok,34.6739,22.1661,4.7081,0.9737,0.996,0.1379,9.9849,0.0458,34.6739,34.6739,22.1661,4.7081,0.9737,0.9737,0.996,0.1379,0.1379,9.9849,0.0458,0.0,0.0,0.0,0.0,0.0,0.0,172.34,66.54,172.41,66.37,172.41,66.37,13.42,74.53,CUDA,Bicubic Baseline (3x)
1084,00001367_007.png,sub_NIH,3,ok,40.5247,5.7624,2.4005,0.9506,0.9924,0.265,9.9874,0.121,40.5247,40.5247,5.7624,2.4005,0.9506,0.9506,0.9924,0.265,0.265,9.9874,0.121,0.0,0.0,0.0,0.0,0.0,0.0,129.61,73.78,129.62,73.72,129.62,73.72,13.37,74.79,CUDA,Bicubic Baseline (3x)
1085,00001367_008.png,sub_NIH,3,ok,39.9483,6.5803,2.5652,0.9506,0.9924,0.2714,9.9842,0.1463,39.9483,39.9483,6.5803,2.5652,0.9506,0.9506,0.9924,0.2714,0.2714,9.9842,0.1463,0.0,0.0,0.0,0.0,0.0,0.0,133.46,66.81,133.48,66.73,133.48,66.73,13.32,75.06,CUDA,Bicubic Baseline (3x)
1086,00001367_009.png,sub_NIH,3,ok,41.0985,5.0493,2.2471,0.9513,0.9924,0.262,9.9885,0.1149,41.0985,41.0985,5.0493,2.2471,0.9513,0.9513,0.9924,0.262,0.262,9.9885,0.1149,0.0,0.0,0.0,0.0,0.0,0.0,127.33,71.93,127.34,71.88,127.34,71.88,13.34,74.96,CUDA,Bicubic Baseline (3x)
1087,00001367_010.png,sub_NIH,3,ok,36.2707,15.3466,3.9175,0.9696,0.9946,0.1618,9.9799,0.1275,36.2707,36.2707,15.3466,3.9175,0.9696,0.9696,0.9946,0.1618,0.1618,9.9799,0.1275,0.0,0.0,0.0,0.0,0.0,0.0,154.83,63.56,154.87,63.39,154.87,63.39,13.25,75.5,CUDA,Bicubic Baseline (3x)
1088,00001368_000.png,sub_NIH,3,ok,36.2101,15.5623,3.9449,0.9754,0.996,0.1392,9.9879,0.0441,36.2101,36.2101,15.5623,3.9449,0.9754,0.9754,0.996,0.1392,0.1392,9.9879,0.0441,0.0,0.0,0.0,0.0,0.0,0.0,160.75,61.88,160.81,61.73,160.81,61.73,13.86,72.13,CUDA,Bicubic Baseline (3x)
1089,00001368_001.png,sub_NIH,3,ok,39.0047,8.1772,2.8596,0.9469,0.9914,0.2691,9.9734,0.2082,39.0047,39.0047,8.1772,2.8596,0.9469,0.9469,0.9914,0.2691,0.2691,9.9734,0.2082,0.0,0.0,0.0,0.0,0.0,0.0,113.98,64.65,113.99,64.53,113.99,64.53,13.78,72.59,CUDA,Bicubic Baseline (3x)
1090,00001369_000.png,sub_NIH,3,ok,42.1854,3.9314,1.9828,0.9761,0.9955,0.1267,9.9832,0.2496,42.1854,42.1854,3.9314,1.9828,0.9761,0.9761,0.9955,0.1267,0.1267,9.9832,0.2496,0.0,0.0,0.0,0.0,0.0,0.0,186.58,52.39,186.58,52.31,186.58,52.31,13.11,76.29,CUDA,Bicubic Baseline (3x)
1091,00001370_000.png,sub_NIH,3,ok,44.1426,2.5051,1.5827,0.9728,0.9947,0.1616,9.9887,0.1841,44.1426,44.1426,2.5051,1.5827,0.9728,0.9728,0.9947,0.1616,0.1616,9.9887,0.1841,0.0,0.0,0.0,0.0,0.0,0.0,172.73,39.57,172.72,39.51,172.72,39.51,13.13,76.17,CUDA,Bicubic Baseline (3x)
1092,00001371_000.png,sub_NIH,3,ok,43.0742,3.2037,1.7899,0.9758,0.9955,0.1687,9.9877,0.1696,43.0742,43.0742,3.2037,1.7899,0.9758,0.9758,0.9955,0.1687,0.1687,9.9877,0.1696,0.0,0.0,0.0,0.0,0.0,0.0,171.52,41.21,171.53,41.14,171.53,41.14,13.72,72.91,CUDA,Bicubic Baseline (3x)
1093,00001371_001.png,sub_NIH,3,ok,36.6413,14.0912,3.7538,0.9825,0.9974,0.114,9.9901,0.0115,36.6413,36.6413,14.0912,3.7538,0.9825,0.9825,0.9974,0.114,0.114,9.9901,0.0115,0.0,0.0,0.0,0.0,0.0,0.0,160.94,45.02,160.99,44.84,160.99,44.84,13.15,76.03,CUDA,Bicubic Baseline (3x)
1094,00001371_002.png,sub_NIH,3,ok,35.0833,20.1719,4.4913,0.9798,0.9974,0.1225,9.9903,-0.0135,35.0833,35.0833,20.1719,4.4913,0.9798,0.9798,0.9974,0.1225,0.1225,9.9903,-0.0135,0.0,0.0,0.0,0.0,0.0,0.0,172.32,38.9,172.39,38.62,172.39,38.62,13.29,75.24,CUDA,Bicubic Baseline (3x)
1095,00001371_003.png,sub_NIH,3,ok,35.3015,19.1834,4.3799,0.9787,0.9969,0.1322,9.9865,0.0317,35.3015,35.3015,19.1834,4.3799,0.9787,0.9787,0.9969,0.1322,0.1322,9.9865,0.0317,0.0,0.0,0.0,0.0,0.0,0.0,160.74,48.14,160.81,47.93,160.81,47.93,13.55,73.79,CUDA,Bicubic Baseline (3x)
1096,00001371_004.png,sub_NIH,3,ok,35.3362,19.031,4.3625,0.9769,0.9967,0.1434,9.9807,0.0848,35.3362,35.3362,19.031,4.3625,0.9769,0.9769,0.9967,0.1434,0.1434,9.9807,0.0848,0.0,0.0,0.0,0.0,0.0,0.0,158.11,47.51,158.17,47.27,158.17,47.27,13.22,75.67,CUDA,Bicubic Baseline (3x)
1097,00001371_005.png,sub_NIH,3,ok,40.2037,6.2046,2.4909,0.946,0.9917,0.2829,9.9857,0.1355,40.2037,40.2037,6.2046,2.4909,0.946,0.946,0.9917,0.2829,0.2829,9.9857,0.1355,0.0,0.0,0.0,0.0,0.0,0.0,124.57,67.28,124.59,67.21,124.59,67.21,13.1,76.35,CUDA,Bicubic Baseline (3x)
1098,00001372_000.png,sub_NIH,3,ok,39.4858,7.3198,2.7055,0.9449,0.9915,0.2788,9.9866,0.1118,39.4858,39.4858,7.3198,2.7055,0.9449,0.9449,0.9915,0.2788,0.2788,9.9866,0.1118,0.0,0.0,0.0,0.0,0.0,0.0,126.18,71.48,126.19,71.41,126.19,71.41,13.11,76.27,CUDA,Bicubic Baseline (3x)
1099,00001373_000.png,sub_NIH,3,ok,36.3118,15.2021,3.899,0.9786,0.9967,0.1358,9.9814,0.1071,36.3118,36.3118,15.2021,3.899,0.9786,0.9786,0.9967,0.1358,0.1358,9.9814,0.1071,0.0,0.0,0.0,0.0,0.0,0.0,156.93,50.36,156.99,50.17,156.99,50.17,17.29,57.82,CUDA,Bicubic Baseline (3x)
1100,00001373_001.png,sub_NIH,3,ok,36.548,14.3972,3.7944,0.9746,0.9962,0.1858,9.9825,0.1011,36.548,36.548,14.3972,3.7944,0.9746,0.9746,0.9962,0.1858,0.1858,9.9825,0.1011,0.0,0.0,0.0,0.0,0.0,0.0,121.34,43.12,121.4,42.92,121.4,42.92,13.14,76.11,CUDA,Bicubic Baseline (3x)
1101,00001373_002.png,sub_NIH,3,ok,35.9396,16.5622,4.0697,0.9647,0.9949,0.2329,9.9865,0.0569,35.9396,35.9396,16.5622,4.0697,0.9647,0.9647,0.9949,0.2329,0.2329,9.9865,0.0569,0.0,0.0,0.0,0.0,0.0,0.0,120.28,57.74,120.33,57.61,120.33,57.61,13.25,75.5,CUDA,Bicubic Baseline (3x)
1102,00001373_003.png,sub_NIH,3,ok,36.6156,14.175,3.765,0.9705,0.9956,0.2076,9.988,0.0432,36.6156,36.6156,14.175,3.765,0.9705,0.9705,0.9956,0.2076,0.2076,9.988,0.0432,0.0,0.0,0.0,0.0,0.0,0.0,120.38,53.77,120.43,53.65,120.43,53.65,17.47,57.25,CUDA,Bicubic Baseline (3x)
1103,00001373_004.png,sub_NIH,3,ok,40.2845,6.0902,2.4678,0.9399,0.9905,0.3079,9.9841,0.1489,40.2845,40.2845,6.0902,2.4678,0.9399,0.9399,0.9905,0.3079,0.3079,9.9841,0.1489,0.0,0.0,0.0,0.0,0.0,0.0,122.85,63.79,122.86,63.71,122.86,63.71,13.33,75.01,CUDA,Bicubic Baseline (3x)
1104,00001373_005.png,sub_NIH,3,ok,40.2923,6.0792,2.4656,0.9522,0.9925,0.2609,9.9849,0.1446,40.2923,40.2923,6.0792,2.4656,0.9522,0.9522,0.9925,0.2609,0.2609,9.9849,0.1446,0.0,0.0,0.0,0.0,0.0,0.0,121.8,65.07,121.81,64.99,121.81,64.99,13.09,76.37,CUDA,Bicubic Baseline (3x)
1105,00001373_006.png,sub_NIH,3,ok,40.2985,6.0706,2.4639,0.9523,0.9925,0.2561,9.982,0.1668,40.2985,40.2985,6.0706,2.4639,0.9523,0.9523,0.9925,0.2561,0.2561,9.982,0.1668,0.0,0.0,0.0,0.0,0.0,0.0,119.83,67.49,119.84,67.41,119.84,67.41,16.54,60.46,CUDA,Bicubic Baseline (3x)
1106,00001373_007.png,sub_NIH,3,ok,41.0521,5.1036,2.2591,0.9518,0.9923,0.2498,9.9859,0.1377,41.0521,41.0521,5.1036,2.2591,0.9518,0.9518,0.9923,0.2498,0.2498,9.9859,0.1377,0.0,0.0,0.0,0.0,0.0,0.0,108.46,70.94,108.48,70.88,108.48,70.88,14.53,68.82,CUDA,Bicubic Baseline (3x)
1107,00001373_008.png,sub_NIH,3,ok,32.6954,34.9573,5.9125,0.9733,0.9957,0.1444,9.9549,0.0937,32.6954,32.6954,34.9573,5.9125,0.9733,0.9733,0.9957,0.1444,0.1444,9.9549,0.0937,0.0,0.0,0.0,0.0,0.0,0.0,180.65,54.7,180.73,54.14,180.73,54.14,13.22,75.62,CUDA,Bicubic Baseline (3x)
1108,00001373_009.png,sub_NIH,3,ok,36.1602,15.742,3.9676,0.976,0.9966,0.1615,9.9892,0.0201,36.1602,36.1602,15.742,3.9676,0.976,0.976,0.9966,0.1615,0.1615,9.9892,0.0201,0.0,0.0,0.0,0.0,0.0,0.0,160.95,47.39,161.01,47.2,161.01,47.2,13.13,76.17,CUDA,Bicubic Baseline (3x)
1109,00001373_010.png,sub_NIH,3,ok,34.1818,24.8257,4.9825,0.9493,0.9911,0.2387,9.9297,0.2964,34.1818,34.1818,24.8257,4.9825,0.9493,0.9493,0.9911,0.2387,0.2387,9.9297,0.2964,0.0,0.0,0.0,0.0,0.0,0.0,143.53,65.6,143.56,65.24,143.56,65.24,13.8,72.47,CUDA,Bicubic Baseline (3x)
1110,00001373_011.png,sub_NIH,3,ok,31.3085,48.1095,6.9361,0.958,0.9927,0.2235,9.915,0.2363,31.3085,31.3085,48.1095,6.9361,0.958,0.958,0.9927,0.2235,0.2235,9.915,0.2363,0.0,0.0,0.0,0.0,0.0,0.0,122.42,62.83,122.5,62.25,122.5,62.25,13.08,76.46,CUDA,Bicubic Baseline (3x)
1111,00001373_012.png,sub_NIH,3,ok,31.807,42.8919,6.5492,0.9442,0.9907,0.2739,9.9381,0.1828,31.807,31.807,42.8919,6.5492,0.9442,0.9442,0.9907,0.2739,0.2739,9.9381,0.1828,0.0,0.0,0.0,0.0,0.0,0.0,141.37,60.74,141.44,60.21,141.44,60.21,13.56,73.74,CUDA,Bicubic Baseline (3x)
1112,00001373_013.png,sub_NIH,3,ok,30.6788,55.6161,7.4576,0.9237,0.9875,0.306,9.922,0.1859,30.6788,30.6788,55.6161,7.4576,0.9237,0.9237,0.9875,0.306,0.306,9.922,0.1859,0.0,0.0,0.0,0.0,0.0,0.0,155.38,63.4,155.46,62.74,155.46,62.74,13.39,74.67,CUDA,Bicubic Baseline (3x)
1113,00001373_014.png,sub_NIH,3,ok,31.6984,43.9789,6.6317,0.9457,0.9912,0.2857,9.9436,0.1437,31.6984,31.6984,43.9789,6.6317,0.9457,0.9457,0.9912,0.2857,0.2857,9.9436,0.1437,0.0,0.0,0.0,0.0,0.0,0.0,127.61,61.73,127.68,61.22,127.68,61.22,13.13,76.15,CUDA,Bicubic Baseline (3x)
1114,00001373_015.png,sub_NIH,3,ok,31.3921,47.1924,6.8697,0.9548,0.9922,0.2292,9.9136,0.2229,31.3921,31.3921,47.1924,6.8697,0.9548,0.9548,0.9922,0.2292,0.2292,9.9136,0.2229,0.0,0.0,0.0,0.0,0.0,0.0,141.27,59.22,141.33,58.59,141.33,58.59,13.27,75.33,CUDA,Bicubic Baseline (3x)
1115,00001373_016.png,sub_NIH,3,ok,31.8987,41.9959,6.4804,0.9615,0.993,0.2023,9.9315,0.2056,31.8987,31.8987,41.9959,6.4804,0.9615,0.9615,0.993,0.2023,0.2023,9.9315,0.2056,0.0,0.0,0.0,0.0,0.0,0.0,128.47,63.37,128.54,62.89,128.54,62.89,14.6,68.49,CUDA,Bicubic Baseline (3x)
1116,00001373_017.png,sub_NIH,3,ok,32.0414,40.6386,6.3748,0.9657,0.9937,0.1863,9.927,0.2366,32.0414,32.0414,40.6386,6.3748,0.9657,0.9657,0.9937,0.1863,0.1863,9.927,0.2366,0.0,0.0,0.0,0.0,0.0,0.0,114.86,65.35,114.93,64.88,114.93,64.88,13.12,76.21,CUDA,Bicubic Baseline (3x)
1117,00001373_018.png,sub_NIH,3,ok,39.7973,6.8132,2.6102,0.9559,0.993,0.2317,9.9771,0.2082,39.7973,39.7973,6.8132,2.6102,0.9559,0.9559,0.993,0.2317,0.2317,9.9771,0.2082,0.0,0.0,0.0,0.0,0.0,0.0,127.17,72.12,127.19,72.03,127.19,72.03,13.34,74.96,CUDA,Bicubic Baseline (3x)
1118,00001373_019.png,sub_NIH,3,ok,32.5097,36.485,6.0403,0.9645,0.9934,0.1918,9.9505,0.1788,32.5097,32.5097,36.485,6.0403,0.9645,0.9645,0.9934,0.1918,0.1918,9.9505,0.1788,0.0,0.0,0.0,0.0,0.0,0.0,123.46,61.98,123.52,61.56,123.52,61.56,13.6,73.51,CUDA,Bicubic Baseline (3x)
1119,00001373_020.png,sub_NIH,3,ok,33.0035,32.5635,5.7064,0.966,0.9939,0.188,9.9658,0.1074,33.0035,33.0035,32.5635,5.7064,0.966,0.966,0.9939,0.188,0.188,9.9658,0.1074,0.0,0.0,0.0,0.0,0.0,0.0,118.83,62.69,118.89,62.34,118.89,62.34,13.09,76.42,CUDA,Bicubic Baseline (3x)
1120,00001373_021.png,sub_NIH,3,ok,31.7747,43.213,6.5737,0.9661,0.9937,0.1858,9.9384,0.1859,31.7747,31.7747,43.213,6.5737,0.9661,0.9661,0.9937,0.1858,0.1858,9.9384,0.1859,0.0,0.0,0.0,0.0,0.0,0.0,121.49,62.17,121.56,61.67,121.56,61.67,16.6,60.25,CUDA,Bicubic Baseline (3x)
1121,00001373_022.png,sub_NIH,3,ok,33.7731,27.2753,5.2226,0.9698,0.9945,0.1899,9.9719,0.1058,33.7731,33.7731,27.2753,5.2226,0.9698,0.9698,0.9945,0.1899,0.1899,9.9719,0.1058,0.0,0.0,0.0,0.0,0.0,0.0,113.07,62.13,113.13,61.86,113.13,61.86,13.4,74.64,CUDA,Bicubic Baseline (3x)
1122,00001373_023.png,sub_NIH,3,ok,31.8411,42.5566,6.5235,0.9618,0.9929,0.1966,9.9298,0.2188,31.8411,31.8411,42.5566,6.5235,0.9618,0.9618,0.9929,0.1966,0.1966,9.9298,0.2188,0.0,0.0,0.0,0.0,0.0,0.0,122.18,61.7,122.24,61.19,122.24,61.19,13.68,73.1,CUDA,Bicubic Baseline (3x)
1123,00001373_024.png,sub_NIH,3,ok,33.2235,30.9551,5.5637,0.9643,0.9935,0.2022,9.9687,0.1143,33.2235,33.2235,30.9551,5.5637,0.9643,0.9643,0.9935,0.2022,0.2022,9.9687,0.1143,0.0,0.0,0.0,0.0,0.0,0.0,120.55,58.21,120.61,57.86,120.61,57.86,13.61,73.46,CUDA,Bicubic Baseline (3x)
1124,00001373_025.png,sub_NIH,3,ok,33.4404,29.4468,5.4265,0.9654,0.9939,0.2095,9.9714,0.096,33.4404,33.4404,29.4468,5.4265,0.9654,0.9654,0.9939,0.2095,0.2095,9.9714,0.096,0.0,0.0,0.0,0.0,0.0,0.0,117.36,56.81,117.43,56.47,117.43,56.47,13.26,75.42,CUDA,Bicubic Baseline (3x)
1125,00001373_026.png,sub_NIH,3,ok,36.254,15.4056,3.925,0.9708,0.9951,0.2046,9.98,0.1524,36.254,36.254,15.4056,3.925,0.9708,0.9708,0.9951,0.2046,0.2046,9.98,0.1524,0.0,0.0,0.0,0.0,0.0,0.0,115.53,51.14,115.57,50.95,115.57,50.95,13.25,75.5,CUDA,Bicubic Baseline (3x)
1126,00001373_027.png,sub_NIH,3,ok,36.2127,15.5528,3.9437,0.9705,0.9951,0.2112,9.9791,0.1594,36.2127,36.2127,15.5528,3.9437,0.9705,0.9705,0.9951,0.2112,0.2112,9.9791,0.1594,0.0,0.0,0.0,0.0,0.0,0.0,114.26,50.38,114.31,50.19,114.31,50.19,13.48,74.19,CUDA,Bicubic Baseline (3x)
1127,00001373_028.png,sub_NIH,3,ok,33.138,31.5701,5.6187,0.9643,0.9934,0.1971,9.9687,0.0985,33.138,33.138,31.5701,5.6187,0.9643,0.9643,0.9934,0.1971,0.1971,9.9687,0.0985,0.0,0.0,0.0,0.0,0.0,0.0,115.6,60.0,115.66,59.66,115.66,59.66,13.53,73.93,CUDA,Bicubic Baseline (3x)
1128,00001373_029.png,sub_NIH,3,ok,32.8598,33.6592,5.8017,0.9668,0.9941,0.1777,9.9678,0.0897,32.8598,32.8598,33.6592,5.8017,0.9668,0.9668,0.9941,0.1777,0.1777,9.9678,0.0897,0.0,0.0,0.0,0.0,0.0,0.0,127.19,63.8,127.26,63.45,127.26,63.45,13.22,75.62,CUDA,Bicubic Baseline (3x)
1129,00001373_030.png,sub_NIH,3,ok,32.0285,40.7599,6.3843,0.9556,0.9922,0.2279,9.9481,0.1574,32.0285,32.0285,40.7599,6.3843,0.9556,0.9556,0.9922,0.2279,0.2279,9.9481,0.1574,0.0,0.0,0.0,0.0,0.0,0.0,129.07,61.84,129.14,61.38,129.14,61.38,13.32,75.05,CUDA,Bicubic Baseline (3x)
1130,00001373_031.png,sub_NIH,3,ok,32.8355,33.8478,5.8179,0.9649,0.9938,0.1858,9.9673,0.0858,32.8355,32.8355,33.8478,5.8179,0.9649,0.9649,0.9938,0.1858,0.1858,9.9673,0.0858,0.0,0.0,0.0,0.0,0.0,0.0,125.87,62.09,125.94,61.72,125.94,61.72,13.15,76.02,CUDA,Bicubic Baseline (3x)
1131,00001373_032.png,sub_NIH,3,ok,32.4863,36.6814,6.0565,0.963,0.9933,0.1899,9.9657,0.0962,32.4863,32.4863,36.6814,6.0565,0.963,0.963,0.9933,0.1899,0.1899,9.9657,0.0962,0.0,0.0,0.0,0.0,0.0,0.0,128.29,61.18,128.36,60.79,128.36,60.79,13.2,75.74,CUDA,Bicubic Baseline (3x)
1132,00001373_033.png,sub_NIH,3,ok,32.7413,34.59,5.8813,0.9601,0.9929,0.1974,9.9635,0.1245,32.7413,32.7413,34.59,5.8813,0.9601,0.9601,0.9929,0.1974,0.1974,9.9635,0.1245,0.0,0.0,0.0,0.0,0.0,0.0,132.31,59.96,132.38,59.56,132.38,59.56,14.61,68.46,CUDA,Bicubic Baseline (3x)
1133,00001373_034.png,sub_NIH,3,ok,30.9921,51.7447,7.1934,0.9534,0.9918,0.2339,9.9197,0.2156,30.9921,30.9921,51.7447,7.1934,0.9534,0.9534,0.9918,0.2339,0.2339,9.9197,0.2156,0.0,0.0,0.0,0.0,0.0,0.0,128.41,69.22,128.48,68.68,128.48,68.68,13.31,75.13,CUDA,Bicubic Baseline (3x)
1134,00001373_035.png,sub_NIH,3,ok,32.9996,32.5927,5.709,0.9651,0.9938,0.2132,9.9714,0.076,32.9996,32.9996,32.5927,5.709,0.9651,0.9651,0.9938,0.2132,0.2132,9.9714,0.076,0.0,0.0,0.0,0.0,0.0,0.0,122.25,58.02,122.31,57.66,122.31,57.66,13.13,76.19,CUDA,Bicubic Baseline (3x)
1135,00001373_036.png,sub_NIH,3,ok,32.8411,33.8039,5.8141,0.9569,0.9923,0.2318,9.9676,0.1036,32.8411,32.8411,33.8039,5.8141,0.9569,0.9569,0.9923,0.2318,0.2318,9.9676,0.1036,0.0,0.0,0.0,0.0,0.0,0.0,133.65,53.65,133.72,53.22,133.72,53.22,13.43,74.45,CUDA,Bicubic Baseline (3x)
1136,00001373_037.png,sub_NIH,3,ok,33.4759,29.2071,5.4044,0.9657,0.9936,0.198,9.974,0.0825,33.4759,33.4759,29.2071,5.4044,0.9657,0.9657,0.9936,0.198,0.198,9.974,0.0825,0.0,0.0,0.0,0.0,0.0,0.0,122.12,61.42,122.18,61.12,122.18,61.12,13.45,74.37,CUDA,Bicubic Baseline (3x)
1137,00001373_038.png,sub_NIH,3,ok,30.0573,64.1722,8.0108,0.9478,0.991,0.2449,9.9209,0.1727,30.0573,30.0573,64.1722,8.0108,0.9478,0.9478,0.991,0.2449,0.2449,9.9209,0.1727,0.0,0.0,0.0,0.0,0.0,0.0,144.98,51.89,145.09,51.0,145.09,51.0,13.52,73.96,CUDA,Bicubic Baseline (3x)
1138,00001373_039.png,sub_NIH,3,ok,32.9602,32.8894,5.7349,0.9574,0.9921,0.2185,9.9668,0.1108,32.9602,32.9602,32.8894,5.7349,0.9574,0.9574,0.9921,0.2185,0.2185,9.9668,0.1108,0.0,0.0,0.0,0.0,0.0,0.0,127.76,61.75,127.83,61.39,127.83,61.39,18.18,55.02,CUDA,Bicubic Baseline (3x)
1139,00001373_040.png,sub_NIH,3,ok,32.9703,32.8135,5.7283,0.952,0.9919,0.2531,9.9717,0.074,32.9703,32.9703,32.8135,5.7283,0.952,0.952,0.9919,0.2531,0.2531,9.9717,0.074,0.0,0.0,0.0,0.0,0.0,0.0,134.7,56.53,134.78,56.14,134.78,56.14,13.46,74.32,CUDA,Bicubic Baseline (3x)
1140,00001373_041.png,sub_NIH,3,ok,32.1944,39.232,6.2635,0.955,0.9919,0.2296,9.9383,0.2098,32.1944,32.1944,39.232,6.2635,0.955,0.955,0.9919,0.2296,0.2296,9.9383,0.2098,0.0,0.0,0.0,0.0,0.0,0.0,127.93,68.02,128.0,67.58,128.0,67.58,13.69,73.05,CUDA,Bicubic Baseline (3x)
1141,00001373_042.png,sub_NIH,3,ok,33.6582,28.0067,5.2921,0.9562,0.9924,0.2492,9.9747,0.0853,33.6582,33.6582,28.0067,5.2921,0.9562,0.9562,0.9924,0.2492,0.2492,9.9747,0.0853,0.0,0.0,0.0,0.0,0.0,0.0,123.86,62.64,123.92,62.35,123.92,62.35,16.99,58.87,CUDA,Bicubic Baseline (3x)
1142,00001373_043.png,sub_NIH,3,ok,33.4585,29.3242,5.4152,0.9562,0.9926,0.2442,9.9735,0.0897,33.4585,33.4585,29.3242,5.4152,0.9562,0.9562,0.9926,0.2442,0.2442,9.9735,0.0897,0.0,0.0,0.0,0.0,0.0,0.0,129.0,61.53,129.06,61.22,129.06,61.22,13.48,74.19,CUDA,Bicubic Baseline (3x)
1143,00001373_044.png,sub_NIH,3,ok,33.0468,32.2403,5.6781,0.9554,0.9926,0.2528,9.9725,0.0733,33.0468,33.0468,32.2403,5.6781,0.9554,0.9554,0.9926,0.2528,0.2528,9.9725,0.0733,0.0,0.0,0.0,0.0,0.0,0.0,141.7,60.32,141.77,59.97,141.77,59.97,13.17,75.93,CUDA,Bicubic Baseline (3x)
1144,00001373_045.png,sub_NIH,3,ok,33.1323,31.6122,5.6225,0.9619,0.9934,0.2118,9.9707,0.0893,33.1323,33.1323,31.6122,5.6225,0.9619,0.9619,0.9934,0.2118,0.2118,9.9707,0.0893,0.0,0.0,0.0,0.0,0.0,0.0,129.69,62.62,129.76,62.29,129.76,62.29,13.09,76.42,CUDA,Bicubic Baseline (3x)
1145,00001373_046.png,sub_NIH,3,ok,32.9826,32.7205,5.7202,0.946,0.9908,0.2717,9.9698,0.094,32.9826,32.9826,32.7205,5.7202,0.946,0.946,0.9908,0.2717,0.2717,9.9698,0.094,0.0,0.0,0.0,0.0,0.0,0.0,130.18,60.88,130.24,60.52,130.24,60.52,13.32,75.06,CUDA,Bicubic Baseline (3x)
1146,00001373_047.png,sub_NIH,3,ok,32.8482,33.7488,5.8094,0.9602,0.993,0.2062,9.9688,0.0918,32.8482,32.8482,33.7488,5.8094,0.9602,0.9602,0.993,0.2062,0.2062,9.9688,0.0918,0.0,0.0,0.0,0.0,0.0,0.0,132.25,62.7,132.32,62.35,132.32,62.35,13.35,74.91,CUDA,Bicubic Baseline (3x)
1147,00001373_048.png,sub_NIH,3,ok,33.5495,28.7167,5.3588,0.9588,0.9931,0.2141,9.9755,0.0433,33.5495,33.5495,28.7167,5.3588,0.9588,0.9588,0.9931,0.2141,0.2141,9.9755,0.0433,0.0,0.0,0.0,0.0,0.0,0.0,134.95,62.49,135.02,62.19,135.02,62.19,13.13,76.19,CUDA,Bicubic Baseline (3x)
1148,00001373_049.png,sub_NIH,3,ok,30.7882,54.2326,7.3643,0.9503,0.9912,0.2348,9.8986,0.252,30.7882,30.7882,54.2326,7.3643,0.9503,0.9503,0.9912,0.2348,0.2348,9.8986,0.252,0.0,0.0,0.0,0.0,0.0,0.0,140.67,64.52,140.75,63.86,140.75,63.86,13.3,75.17,CUDA,Bicubic Baseline (3x)
1149,00001373_050.png,sub_NIH,3,ok,37.0497,12.8266,3.5814,0.954,0.9923,0.2565,9.9778,0.162,37.0497,37.0497,12.8266,3.5814,0.954,0.954,0.9923,0.2565,0.2565,9.9778,0.162,0.0,0.0,0.0,0.0,0.0,0.0,132.81,63.39,132.84,63.21,132.84,63.21,13.07,76.53,CUDA,Bicubic Baseline (3x)
1150,00001373_051.png,sub_NIH,3,ok,32.6684,35.1754,5.9309,0.9528,0.9919,0.2265,9.9648,0.1022,32.6684,32.6684,35.1754,5.9309,0.9528,0.9528,0.9919,0.2265,0.2265,9.9648,0.1022,0.0,0.0,0.0,0.0,0.0,0.0,139.48,62.29,139.55,61.9,139.55,61.9,13.67,73.13,CUDA,Bicubic Baseline (3x)
1151,00001373_052.png,sub_NIH,3,ok,30.8435,53.5469,7.3176,0.9528,0.9914,0.2125,9.8995,0.2479,30.8435,30.8435,53.5469,7.3176,0.9528,0.9528,0.9914,0.2125,0.2125,9.8995,0.2479,0.0,0.0,0.0,0.0,0.0,0.0,137.85,64.17,137.92,63.52,137.92,63.52,13.7,72.99,CUDA,Bicubic Baseline (3x)
1152,00001373_053.png,sub_NIH,3,ok,32.5305,36.3101,6.0258,0.9586,0.9926,0.1955,9.9625,0.109,32.5305,32.5305,36.3101,6.0258,0.9586,0.9586,0.9926,0.1955,0.1955,9.9625,0.109,0.0,0.0,0.0,0.0,0.0,0.0,141.2,61.98,141.27,61.57,141.27,61.57,13.72,72.87,CUDA,Bicubic Baseline (3x)
1153,00001373_054.png,sub_NIH,3,ok,32.0264,40.7794,6.3859,0.9566,0.9923,0.2013,9.9354,0.2056,32.0264,32.0264,40.7794,6.3859,0.9566,0.9566,0.9923,0.2013,0.2013,9.9354,0.2056,0.0,0.0,0.0,0.0,0.0,0.0,139.79,68.48,139.85,68.04,139.85,68.04,13.15,76.06,CUDA,Bicubic Baseline (3x)
1154,00001373_055.png,sub_NIH,3,ok,32.4856,36.6875,6.057,0.9503,0.9915,0.2469,9.9659,0.0886,32.4856,32.4856,36.6875,6.057,0.9503,0.9503,0.9915,0.2469,0.2469,9.9659,0.0886,0.0,0.0,0.0,0.0,0.0,0.0,129.6,68.27,129.67,67.91,129.67,67.91,13.35,74.92,CUDA,Bicubic Baseline (3x)
1155,00001374_000.png,sub_NIH,3,ok,43.0795,3.1999,1.7888,0.9795,0.996,0.1577,9.9846,0.238,43.0795,43.0795,3.1999,1.7888,0.9795,0.9795,0.996,0.1577,0.1577,9.9846,0.238,0.0,0.0,0.0,0.0,0.0,0.0,154.63,50.64,154.64,50.58,154.64,50.58,13.67,73.13,CUDA,Bicubic Baseline (3x)
1156,00001375_000.png,sub_NIH,3,ok,35.5365,18.1733,4.263,0.9501,0.991,0.2527,9.9563,0.1949,35.5365,35.5365,18.1733,4.263,0.9501,0.9501,0.991,0.2527,0.2527,9.9563,0.1949,0.0,0.0,0.0,0.0,0.0,0.0,138.8,50.68,138.85,50.27,138.85,50.27,13.4,74.63,CUDA,Bicubic Baseline (3x)
1157,00001376_000.png,sub_NIH,3,ok,37.072,12.7608,3.5722,0.9734,0.9957,0.1773,9.9803,0.1319,37.072,37.072,12.7608,3.5722,0.9734,0.9734,0.9957,0.1773,0.1773,9.9803,0.1319,0.0,0.0,0.0,0.0,0.0,0.0,125.87,49.8,125.92,49.64,125.92,49.64,16.59,60.26,CUDA,Bicubic Baseline (3x)
1158,00001376_001.png,sub_NIH,3,ok,36.7589,13.7147,3.7033,0.9766,0.9962,0.14,9.9772,0.2002,36.7589,36.7589,13.7147,3.7033,0.9766,0.9766,0.9962,0.14,0.14,9.9772,0.2002,0.0,0.0,0.0,0.0,0.0,0.0,159.6,55.27,159.65,55.08,159.65,55.08,13.1,76.34,CUDA,Bicubic Baseline (3x)
1159,00001376_002.png,sub_NIH,3,ok,36.5999,14.2263,3.7718,0.9734,0.9952,0.1419,9.9689,0.2507,36.5999,36.5999,14.2263,3.7718,0.9734,0.9734,0.9952,0.1419,0.1419,9.9689,0.2507,0.0,0.0,0.0,0.0,0.0,0.0,155.73,60.29,155.77,60.09,155.77,60.09,13.52,73.96,CUDA,Bicubic Baseline (3x)
1160,00001376_003.png,sub_NIH,3,ok,35.6849,17.5625,4.1908,0.9697,0.9948,0.1539,9.9659,0.2092,35.6849,35.6849,17.5625,4.1908,0.9697,0.9697,0.9948,0.1539,0.1539,9.9659,0.2092,0.0,0.0,0.0,0.0,0.0,0.0,161.6,64.55,161.66,64.31,161.66,64.31,16.03,62.39,CUDA,Bicubic Baseline (3x)
1161,00001376_004.png,sub_NIH,3,ok,36.4957,14.5719,3.8173,0.9762,0.9961,0.1309,9.9851,0.0802,36.4957,36.4957,14.5719,3.8173,0.9762,0.9762,0.9961,0.1309,0.1309,9.9851,0.0802,0.0,0.0,0.0,0.0,0.0,0.0,168.77,60.26,168.83,60.1,168.83,60.1,13.72,72.91,CUDA,Bicubic Baseline (3x)
1162,00001376_005.png,sub_NIH,3,ok,34.5179,22.9768,4.7934,0.9715,0.9952,0.1717,9.9744,0.1017,34.5179,34.5179,22.9768,4.7934,0.9715,0.9715,0.9952,0.1717,0.1717,9.9744,0.1017,0.0,0.0,0.0,0.0,0.0,0.0,102.94,65.97,102.99,65.77,102.99,65.77,13.34,74.98,CUDA,Bicubic Baseline (3x)
1163,00001376_006.png,sub_NIH,3,ok,40.8548,5.3407,2.311,0.9572,0.993,0.2231,9.9834,0.1755,40.8548,40.8548,5.3407,2.311,0.9572,0.9572,0.993,0.2231,0.2231,9.9834,0.1755,0.0,0.0,0.0,0.0,0.0,0.0,102.05,74.85,102.06,74.79,102.06,74.79,17.81,56.13,CUDA,Bicubic Baseline (3x)
1164,00001376_007.png,sub_NIH,3,ok,39.5973,7.1343,2.671,0.9521,0.992,0.2365,9.9775,0.2029,39.5973,39.5973,7.1343,2.671,0.9521,0.9521,0.992,0.2365,0.2365,9.9775,0.2029,0.0,0.0,0.0,0.0,0.0,0.0,101.24,71.69,101.25,71.59,101.25,71.59,13.64,73.3,CUDA,Bicubic Baseline (3x)
1165,00001376_008.png,sub_NIH,3,ok,36.8139,13.5422,3.68,0.9745,0.9958,0.1408,9.9796,0.1312,36.8139,36.8139,13.5422,3.68,0.9745,0.9745,0.9958,0.1408,0.1408,9.9796,0.1312,0.0,0.0,0.0,0.0,0.0,0.0,144.83,62.24,144.88,62.1,144.88,62.1,13.52,73.95,CUDA,Bicubic Baseline (3x)
1166,00001376_009.png,sub_NIH,3,ok,37.1246,12.6073,3.5507,0.9749,0.9958,0.153,9.9753,0.179,37.1246,37.1246,12.6073,3.5507,0.9749,0.9749,0.9958,0.153,0.153,9.9753,0.179,0.0,0.0,0.0,0.0,0.0,0.0,112.54,58.68,112.58,58.55,112.58,58.55,13.13,76.17,CUDA,Bicubic Baseline (3x)
1167,00001376_010.png,sub_NIH,3,ok,37.8869,10.5776,3.2523,0.9717,0.9952,0.1813,9.9857,0.1067,37.8869,37.8869,10.5776,3.2523,0.9717,0.9717,0.9952,0.1813,0.1813,9.9857,0.1067,0.0,0.0,0.0,0.0,0.0,0.0,110.75,51.69,110.79,51.58,110.79,51.58,13.49,74.11,CUDA,Bicubic Baseline (3x)
1168,00001377_000.png,sub_NIH,3,ok,38.5161,9.151,3.0251,0.9738,0.9954,0.1569,9.9845,0.1593,38.5161,38.5161,9.151,3.0251,0.9738,0.9738,0.9954,0.1569,0.1569,9.9845,0.1593,0.0,0.0,0.0,0.0,0.0,0.0,129.73,53.96,129.76,53.85,129.76,53.85,13.15,76.05,CUDA,Bicubic Baseline (3x)
1169,00001377_001.png,sub_NIH,3,ok,36.9499,13.1249,3.6228,0.9698,0.9949,0.1578,9.9758,0.1701,36.9499,36.9499,13.1249,3.6228,0.9698,0.9698,0.9949,0.1578,0.1578,9.9758,0.1701,0.0,0.0,0.0,0.0,0.0,0.0,130.55,57.94,130.59,57.77,130.59,57.77,13.57,73.67,CUDA,Bicubic Baseline (3x)
1170,00001377_002.png,sub_NIH,3,ok,37.2558,12.232,3.4974,0.9751,0.9957,0.151,9.9731,0.1896,37.2558,37.2558,12.232,3.4974,0.9751,0.9751,0.9957,0.151,0.151,9.9731,0.1896,0.0,0.0,0.0,0.0,0.0,0.0,119.9,58.16,119.94,58.02,119.94,58.02,13.08,76.46,CUDA,Bicubic Baseline (3x)
1171,00001377_003.png,sub_NIH,3,ok,42.1621,3.9525,1.9881,0.9754,0.9952,0.1441,9.9849,0.1993,42.1621,42.1621,3.9525,1.9881,0.9754,0.9754,0.9952,0.1441,0.1441,9.9849,0.1993,0.0,0.0,0.0,0.0,0.0,0.0,145.84,55.4,145.85,55.33,145.85,55.33,13.18,75.86,CUDA,Bicubic Baseline (3x)
1172,00001377_004.png,sub_NIH,3,ok,44.5687,2.271,1.507,0.9757,0.9952,0.1409,9.9892,0.1792,44.5687,44.5687,2.271,1.507,0.9757,0.9757,0.9952,0.1409,0.1409,9.9892,0.1792,0.0,0.0,0.0,0.0,0.0,0.0,159.82,45.41,159.82,45.36,159.82,45.36,13.32,75.09,CUDA,Bicubic Baseline (3x)
1173,00001377_005.png,sub_NIH,3,ok,41.729,4.3669,2.0897,0.973,0.9947,0.1595,9.9848,0.1907,41.729,41.729,4.3669,2.0897,0.973,0.973,0.9947,0.1595,0.1595,9.9848,0.1907,0.0,0.0,0.0,0.0,0.0,0.0,155.82,46.63,155.83,46.54,155.83,46.54,13.11,76.3,CUDA,Bicubic Baseline (3x)
1174,00001378_000.png,sub_NIH,3,ok,37.2281,12.3104,3.5086,0.973,0.9955,0.1468,9.9879,0.071,37.2281,37.2281,12.3104,3.5086,0.973,0.973,0.9955,0.1468,0.1468,9.9879,0.071,0.0,0.0,0.0,0.0,0.0,0.0,164.61,57.33,164.66,57.19,164.66,57.19,13.09,76.42,CUDA,Bicubic Baseline (3x)
1175,00001378_001.png,sub_NIH,3,ok,36.7918,13.6115,3.6894,0.9711,0.9951,0.1486,9.9778,0.1962,36.7918,36.7918,13.6115,3.6894,0.9711,0.9711,0.9951,0.1486,0.1486,9.9778,0.1962,0.0,0.0,0.0,0.0,0.0,0.0,156.31,66.84,156.36,66.7,156.36,66.7,13.34,74.96,CUDA,Bicubic Baseline (3x)
1176,00001378_002.png,sub_NIH,3,ok,39.1732,7.8661,2.8047,0.9534,0.9923,0.2389,9.976,0.2117,39.1732,39.1732,7.8661,2.8047,0.9534,0.9534,0.9923,0.2389,0.2389,9.976,0.2117,0.0,0.0,0.0,0.0,0.0,0.0,99.81,76.46,99.82,76.36,99.82,76.36,13.54,73.88,CUDA,Bicubic Baseline (3x)
1177,00001378_003.png,sub_NIH,3,ok,39.3065,7.6283,2.7619,0.9514,0.9919,0.2564,9.979,0.1885,39.3065,39.3065,7.6283,2.7619,0.9514,0.9514,0.9919,0.2564,0.2564,9.979,0.1885,0.0,0.0,0.0,0.0,0.0,0.0,108.02,68.57,108.04,68.47,108.04,68.47,13.48,74.2,CUDA,Bicubic Baseline (3x)
1178,00001378_004.png,sub_NIH,3,ok,39.1982,7.821,2.7966,0.9555,0.9924,0.2461,9.979,0.197,39.1982,39.1982,7.821,2.7966,0.9555,0.9555,0.9924,0.2461,0.2461,9.979,0.197,0.0,0.0,0.0,0.0,0.0,0.0,118.07,70.32,118.09,70.22,118.09,70.22,13.16,75.98,CUDA,Bicubic Baseline (3x)
1179,00001379_000.png,sub_NIH,3,ok,39.6575,7.0361,2.6526,0.9442,0.991,0.2758,9.9841,0.1446,39.6575,39.6575,7.0361,2.6526,0.9442,0.9442,0.991,0.2758,0.2758,9.9841,0.1446,0.0,0.0,0.0,0.0,0.0,0.0,111.95,65.96,111.96,65.87,111.96,65.87,13.33,75.02,CUDA,Bicubic Baseline (3x)
1180,00001380_000.png,sub_NIH,3,ok,41.7793,4.3167,2.0777,0.9637,0.9933,0.2188,9.9878,0.1456,41.7793,41.7793,4.3167,2.0777,0.9637,0.9637,0.9933,0.2188,0.2188,9.9878,0.1456,0.0,0.0,0.0,0.0,0.0,0.0,105.44,39.39,105.44,39.3,105.44,39.3,15.06,66.41,CUDA,Bicubic Baseline (3x)
1181,00001381_000.png,sub_NIH,3,ok,40.0804,6.3833,2.5265,0.9487,0.9915,0.256,9.9804,0.1803,40.0804,40.0804,6.3833,2.5265,0.9487,0.9487,0.9915,0.256,0.256,9.9804,0.1803,0.0,0.0,0.0,0.0,0.0,0.0,102.76,67.43,102.77,67.35,102.77,67.35,13.52,73.96,CUDA,Bicubic Baseline (3x)
1182,00001381_001.png,sub_NIH,3,ok,38.9353,8.3091,2.8825,0.9474,0.9914,0.2666,9.9774,0.1889,38.9353,38.9353,8.3091,2.8825,0.9474,0.9474,0.9914,0.2666,0.2666,9.9774,0.1889,0.0,0.0,0.0,0.0,0.0,0.0,109.78,64.61,109.8,64.5,109.8,64.5,13.17,75.91,CUDA,Bicubic Baseline (3x)
1183,00001381_002.png,sub_NIH,3,ok,32.5234,36.37,6.0308,0.9683,0.9944,0.2143,9.9505,0.2166,32.5234,32.5234,36.37,6.0308,0.9683,0.9683,0.9944,0.2143,0.2143,9.9505,0.2166,0.0,0.0,0.0,0.0,0.0,0.0,108.19,46.54,108.24,46.01,108.24,46.01,13.42,74.52,CUDA,Bicubic Baseline (3x)
1184,00001381_003.png,sub_NIH,3,ok,34.1312,25.1166,5.0116,0.9752,0.9959,0.1924,9.9747,0.1179,34.1312,34.1312,25.1166,5.0116,0.9752,0.9752,0.9959,0.1924,0.1924,9.9747,0.1179,0.0,0.0,0.0,0.0,0.0,0.0,108.43,49.53,108.49,49.23,108.49,49.23,15.92,62.82,CUDA,Bicubic Baseline (3x)
1185,00001381_004.png,sub_NIH,3,ok,40.1849,6.2314,2.4963,0.9504,0.9918,0.2525,9.9836,0.1568,40.1849,40.1849,6.2314,2.4963,0.9504,0.9504,0.9918,0.2525,0.2525,9.9836,0.1568,0.0,0.0,0.0,0.0,0.0,0.0,101.6,66.01,101.61,65.93,101.61,65.93,16.16,61.87,CUDA,Bicubic Baseline (3x)
1186,00001381_005.png,sub_NIH,3,ok,35.677,17.5948,4.1946,0.9727,0.9953,0.198,9.9687,0.2187,35.677,35.677,17.5948,4.1946,0.9727,0.9727,0.9953,0.198,0.198,9.9687,0.2187,0.0,0.0,0.0,0.0,0.0,0.0,108.11,45.06,108.16,44.75,108.16,44.75,13.33,75.0,CUDA,Bicubic Baseline (3x)
1187,00001381_006.png,sub_NIH,3,ok,34.8189,21.4381,4.6301,0.9716,0.9952,0.1833,9.9439,0.2869,34.8189,34.8189,21.4381,4.6301,0.9716,0.9716,0.9952,0.1833,0.1833,9.9439,0.2869,0.0,0.0,0.0,0.0,0.0,0.0,106.73,60.77,106.78,60.49,106.78,60.49,13.18,75.89,CUDA,Bicubic Baseline (3x)
1188,00001381_007.png,sub_NIH,3,ok,34.1502,25.0072,5.0007,0.9688,0.9942,0.1942,9.953,0.2579,34.1502,34.1502,25.0072,5.0007,0.9688,0.9688,0.9942,0.1942,0.1942,9.953,0.2579,0.0,0.0,0.0,0.0,0.0,0.0,103.12,59.04,103.16,58.73,103.16,58.73,13.5,74.09,CUDA,Bicubic Baseline (3x)
1189,00001381_008.png,sub_NIH,3,ok,34.6912,22.0781,4.6987,0.9715,0.9947,0.2007,9.9678,0.2019,34.6912,34.6912,22.0781,4.6987,0.9715,0.9715,0.9947,0.2007,0.2007,9.9678,0.2019,0.0,0.0,0.0,0.0,0.0,0.0,107.93,53.87,107.96,53.62,107.96,53.62,14.46,69.15,CUDA,Bicubic Baseline (3x)
1190,00001381_009.png,sub_NIH,3,ok,34.6692,22.1899,4.7106,0.9733,0.9954,0.1964,9.9437,0.2832,34.6692,34.6692,22.1899,4.7106,0.9733,0.9733,0.9954,0.1964,0.1964,9.9437,0.2832,0.0,0.0,0.0,0.0,0.0,0.0,117.26,51.46,117.3,51.12,117.3,51.12,13.41,74.59,CUDA,Bicubic Baseline (3x)
1191,00001381_010.png,sub_NIH,3,ok,40.0388,6.4446,2.5386,0.9505,0.9918,0.2588,9.9807,0.1723,40.0388,40.0388,6.4446,2.5386,0.9505,0.9505,0.9918,0.2588,0.2588,9.9807,0.1723,0.0,0.0,0.0,0.0,0.0,0.0,105.3,68.23,105.32,68.14,105.32,68.14,16.06,62.27,CUDA,Bicubic Baseline (3x)
1192,00001381_011.png,sub_NIH,3,ok,33.4064,29.6784,5.4478,0.9679,0.9945,0.2132,9.9666,0.1745,33.4064,33.4064,29.6784,5.4478,0.9679,0.9679,0.9945,0.2132,0.2132,9.9666,0.1745,0.0,0.0,0.0,0.0,0.0,0.0,124.13,58.01,124.18,57.74,124.18,57.74,13.12,76.2,CUDA,Bicubic Baseline (3x)
1193,00001381_012.png,sub_NIH,3,ok,40.0067,6.4925,2.548,0.9511,0.9921,0.2636,9.9808,0.175,40.0067,40.0067,6.4925,2.548,0.9511,0.9511,0.9921,0.2636,0.2636,9.9808,0.175,0.0,0.0,0.0,0.0,0.0,0.0,119.26,67.75,119.28,67.67,119.28,67.67,13.39,74.67,CUDA,Bicubic Baseline (3x)
1194,00001381_013.png,sub_NIH,3,ok,40.077,6.3883,2.5275,0.9461,0.9913,0.289,9.9823,0.158,40.077,40.077,6.3883,2.5275,0.9461,0.9461,0.9913,0.289,0.289,9.9823,0.158,0.0,0.0,0.0,0.0,0.0,0.0,124.7,67.13,124.71,67.05,124.71,67.05,13.23,75.61,CUDA,Bicubic Baseline (3x)
1195,00001382_000.png,sub_NIH,3,ok,36.1765,15.6831,3.9602,0.9727,0.9952,0.1533,9.9666,0.2101,36.1765,36.1765,15.6831,3.9602,0.9727,0.9727,0.9952,0.1533,0.1533,9.9666,0.2101,0.0,0.0,0.0,0.0,0.0,0.0,142.14,75.51,142.19,75.33,142.19,75.33,13.31,75.11,CUDA,Bicubic Baseline (3x)
1196,00001382_001.png,sub_NIH,3,ok,37.9754,10.3643,3.2194,0.9797,0.9967,0.1414,9.989,0.0584,37.9754,37.9754,10.3643,3.2194,0.9797,0.9797,0.9967,0.1414,0.1414,9.989,0.0584,0.0,0.0,0.0,0.0,0.0,0.0,142.22,61.62,142.27,61.51,142.27,61.51,13.33,75.02,CUDA,Bicubic Baseline (3x)
1197,00001382_002.png,sub_NIH,3,ok,36.8846,13.3235,3.6501,0.9733,0.9954,0.1544,9.9564,0.3373,36.8846,36.8846,13.3235,3.6501,0.9733,0.9733,0.9954,0.1544,0.1544,9.9564,0.3373,0.0,0.0,0.0,0.0,0.0,0.0,136.09,74.26,136.14,74.06,136.14,74.06,13.47,74.26,CUDA,Bicubic Baseline (3x)
1198,00001382_003.png,sub_NIH,3,ok,35.633,17.7739,4.2159,0.9754,0.9959,0.1521,9.9662,0.1971,35.633,35.633,17.7739,4.2159,0.9754,0.9754,0.9959,0.1521,0.1521,9.9662,0.1971,0.0,0.0,0.0,0.0,0.0,0.0,142.77,61.57,142.82,61.37,142.82,61.37,13.84,72.23,CUDA,Bicubic Baseline (3x)
1199,00001382_004.png,sub_NIH,3,ok,35.7256,17.399,4.1712,0.9736,0.995,0.154,9.9607,0.2137,35.7256,35.7256,17.399,4.1712,0.9736,0.9736,0.995,0.154,0.154,9.9607,0.2137,0.0,0.0,0.0,0.0,0.0,0.0,137.19,67.56,137.24,67.34,137.24,67.34,13.16,76.0,CUDA,Bicubic Baseline (3x)
1200,00001383_000.png,sub_NIH,3,ok,39.7037,6.9615,2.6385,0.9459,0.9911,0.2718,9.9806,0.1763,39.7037,39.7037,6.9615,2.6385,0.9459,0.9459,0.9911,0.2718,0.2718,9.9806,0.1763,0.0,0.0,0.0,0.0,0.0,0.0,114.15,66.99,114.17,66.9,114.17,66.9,13.18,75.86,CUDA,Bicubic Baseline (3x)
1201,00001383_001.png,sub_NIH,3,ok,39.3928,7.4783,2.7346,0.938,0.9897,0.2907,9.9829,0.1518,39.3928,39.3928,7.4783,2.7346,0.938,0.938,0.9897,0.2907,0.2907,9.9829,0.1518,0.0,0.0,0.0,0.0,0.0,0.0,108.46,62.31,108.46,62.23,108.46,62.23,13.11,76.29,CUDA,Bicubic Baseline (3x)
1202,00001384_000.png,sub_NIH,3,ok,42.6523,3.5306,1.879,0.9607,0.9926,0.2385,9.9887,0.1494,42.6523,42.6523,3.5306,1.879,0.9607,0.9607,0.9926,0.2385,0.2385,9.9887,0.1494,0.0,0.0,0.0,0.0,0.0,0.0,108.86,33.46,108.86,33.38,108.86,33.38,16.78,59.59,CUDA,Bicubic Baseline (3x)
1203,00001384_001.png,sub_NIH,3,ok,40.4823,5.8191,2.4123,0.9473,0.9915,0.259,9.9826,0.1637,40.4823,40.4823,5.8191,2.4123,0.9473,0.9473,0.9915,0.259,0.259,9.9826,0.1637,0.0,0.0,0.0,0.0,0.0,0.0,107.83,72.4,107.84,72.32,107.84,72.32,13.57,73.7,CUDA,Bicubic Baseline (3x)
1204,00001385_000.png,sub_NIH,3,ok,44.2908,2.421,1.556,0.9827,0.9968,0.1156,9.9906,0.138,44.2908,44.2908,2.421,1.556,0.9827,0.9827,0.9968,0.1156,0.1156,9.9906,0.138,0.0,0.0,0.0,0.0,0.0,0.0,171.85,32.83,171.85,32.76,171.85,32.76,13.22,75.62,CUDA,Bicubic Baseline (3x)
1205,00001385_001.png,sub_NIH,3,ok,36.3157,15.1883,3.8972,0.9755,0.9962,0.1647,9.9852,0.0598,36.3157,36.3157,15.1883,3.8972,0.9755,0.9755,0.9962,0.1647,0.1647,9.9852,0.0598,0.0,0.0,0.0,0.0,0.0,0.0,137.75,43.25,137.8,43.03,137.8,43.03,14.12,70.82,CUDA,Bicubic Baseline (3x)
1206,00001385_002.png,sub_NIH,3,ok,36.6563,14.0426,3.7474,0.9748,0.9962,0.1777,9.9815,0.1489,36.6563,36.6563,14.0426,3.7474,0.9748,0.9748,0.9962,0.1777,0.1777,9.9815,0.1489,0.0,0.0,0.0,0.0,0.0,0.0,140.0,39.84,140.04,39.61,140.04,39.61,13.48,74.21,CUDA,Bicubic Baseline (3x)
1207,00001385_003.png,sub_NIH,3,ok,34.8354,21.3569,4.6213,0.9735,0.9957,0.1808,9.955,0.2062,34.8354,34.8354,21.3569,4.6213,0.9735,0.9735,0.9957,0.1808,0.1808,9.955,0.2062,0.0,0.0,0.0,0.0,0.0,0.0,130.05,52.51,130.1,52.21,130.1,52.21,13.44,74.38,CUDA,Bicubic Baseline (3x)
1208,00001385_004.png,sub_NIH,3,ok,35.8736,16.8159,4.1007,0.975,0.9963,0.1759,9.9851,0.0461,35.8736,35.8736,16.8159,4.1007,0.975,0.975,0.9963,0.1759,0.1759,9.9851,0.0461,0.0,0.0,0.0,0.0,0.0,0.0,138.25,42.44,138.3,42.21,138.3,42.21,14.08,71.02,CUDA,Bicubic Baseline (3x)
1209,00001385_005.png,sub_NIH,3,ok,37.4952,11.576,3.4024,0.9759,0.9963,0.176,9.9844,0.0905,37.4952,37.4952,11.576,3.4024,0.9759,0.9759,0.9963,0.176,0.176,9.9844,0.0905,0.0,0.0,0.0,0.0,0.0,0.0,136.07,41.29,136.12,41.09,136.12,41.09,13.16,76.0,CUDA,Bicubic Baseline (3x)
1210,00001385_006.png,sub_NIH,3,ok,35.8617,16.8622,4.1064,0.9747,0.9962,0.1885,9.9822,0.0837,35.8617,35.8617,16.8622,4.1064,0.9747,0.9747,0.9962,0.1885,0.1885,9.9822,0.0837,0.0,0.0,0.0,0.0,0.0,0.0,138.99,47.51,139.05,47.29,139.05,47.29,16.0,62.48,CUDA,Bicubic Baseline (3x)
1211,00001385_007.png,sub_NIH,3,ok,35.3455,18.9904,4.3578,0.9704,0.995,0.1536,9.9617,0.2353,35.3455,35.3455,18.9904,4.3578,0.9704,0.9704,0.995,0.1536,0.1536,9.9617,0.2353,0.0,0.0,0.0,0.0,0.0,0.0,167.06,57.78,167.11,57.48,167.11,57.48,13.4,74.65,CUDA,Bicubic Baseline (3x)
1212,00001385_008.png,sub_NIH,3,ok,36.2113,15.558,3.9444,0.9751,0.9963,0.1736,9.9826,0.1236,36.2113,36.2113,15.558,3.9444,0.9751,0.9751,0.9963,0.1736,0.1736,9.9826,0.1236,0.0,0.0,0.0,0.0,0.0,0.0,143.18,41.31,143.23,41.08,143.23,41.08,13.36,74.87,CUDA,Bicubic Baseline (3x)
1213,00001385_009.png,sub_NIH,3,ok,36.4792,14.627,3.8245,0.9736,0.9959,0.185,9.9826,0.1212,36.4792,36.4792,14.627,3.8245,0.9736,0.9736,0.9959,0.185,0.185,9.9826,0.1212,0.0,0.0,0.0,0.0,0.0,0.0,137.53,45.19,137.58,45.0,137.58,45.0,13.22,75.61,CUDA,Bicubic Baseline (3x)
1214,00001385_010.png,sub_NIH,3,ok,37.5128,11.5291,3.3955,0.9756,0.9962,0.1754,9.9843,0.1307,37.5128,37.5128,11.5291,3.3955,0.9756,0.9756,0.9962,0.1754,0.1754,9.9843,0.1307,0.0,0.0,0.0,0.0,0.0,0.0,133.02,43.34,133.06,43.16,133.06,43.16,13.16,75.98,CUDA,Bicubic Baseline (3x)
1215,00001385_011.png,sub_NIH,3,ok,36.4671,14.6681,3.8299,0.9754,0.9963,0.1787,9.9839,0.0742,36.4671,36.4671,14.6681,3.8299,0.9754,0.9754,0.9963,0.1787,0.1787,9.9839,0.0742,0.0,0.0,0.0,0.0,0.0,0.0,136.66,36.31,136.71,36.06,136.71,36.06,13.13,76.17,CUDA,Bicubic Baseline (3x)
1216,00001385_012.png,sub_NIH,3,ok,36.7812,13.6447,3.6939,0.9787,0.9968,0.1406,9.9867,0.0626,36.7812,36.7812,13.6447,3.6939,0.9787,0.9787,0.9968,0.1406,0.1406,9.9867,0.0626,0.0,0.0,0.0,0.0,0.0,0.0,152.76,48.62,152.81,48.45,152.81,48.45,13.48,74.2,CUDA,Bicubic Baseline (3x)
1217,00001385_013.png,sub_NIH,3,ok,39.6385,7.0669,2.6584,0.9393,0.9904,0.2939,9.9837,0.1442,39.6385,39.6385,7.0669,2.6584,0.9393,0.9393,0.9904,0.2939,0.2939,9.9837,0.1442,0.0,0.0,0.0,0.0,0.0,0.0,129.26,65.86,129.27,65.77,129.27,65.77,13.87,72.11,CUDA,Bicubic Baseline (3x)
1218,00001385_014.png,sub_NIH,3,ok,39.0335,8.1233,2.8501,0.9353,0.9897,0.3019,9.9822,0.1453,39.0335,39.0335,8.1233,2.8501,0.9353,0.9353,0.9897,0.3019,0.3019,9.9822,0.1453,0.0,0.0,0.0,0.0,0.0,0.0,130.43,68.59,130.44,68.5,130.44,68.5,13.1,76.32,CUDA,Bicubic Baseline (3x)
1219,00001385_015.png,sub_NIH,3,ok,39.5795,7.1636,2.6765,0.9376,0.9902,0.2992,9.983,0.1416,39.5795,39.5795,7.1636,2.6765,0.9376,0.9376,0.9902,0.2992,0.2992,9.983,0.1416,0.0,0.0,0.0,0.0,0.0,0.0,129.18,68.26,129.19,68.18,129.19,68.18,13.3,75.19,CUDA,Bicubic Baseline (3x)
1220,00001385_016.png,sub_NIH,3,ok,32.4168,37.2732,6.1052,0.9671,0.995,0.1671,9.9835,0.0037,32.4168,32.4168,37.2732,6.1052,0.9671,0.9671,0.995,0.1671,0.1671,9.9835,0.0037,0.0,0.0,0.0,0.0,0.0,0.0,165.17,63.11,165.25,62.8,165.25,62.8,15.97,62.64,CUDA,Bicubic Baseline (3x)
1221,00001385_017.png,sub_NIH,3,ok,39.9222,6.6201,2.573,0.9472,0.9917,0.2628,9.983,0.1584,39.9222,39.9222,6.6201,2.573,0.9472,0.9472,0.9917,0.2628,0.2628,9.983,0.1584,0.0,0.0,0.0,0.0,0.0,0.0,116.02,70.76,116.03,70.68,116.03,70.68,13.34,74.96,CUDA,Bicubic Baseline (3x)
1222,00001385_018.png,sub_NIH,3,ok,32.4174,37.2684,6.1048,0.9696,0.9946,0.1777,9.938,0.2422,32.4174,32.4174,37.2684,6.1048,0.9696,0.9696,0.9946,0.1777,0.1777,9.938,0.2422,0.0,0.0,0.0,0.0,0.0,0.0,122.56,50.0,122.62,49.53,122.62,49.53,13.36,74.83,CUDA,Bicubic Baseline (3x)
1223,00001385_019.png,sub_NIH,3,ok,40.9849,5.1831,2.2766,0.9499,0.992,0.2605,9.9863,0.1361,40.9849,40.9849,5.1831,2.2766,0.9499,0.9499,0.992,0.2605,0.2605,9.9863,0.1361,0.0,0.0,0.0,0.0,0.0,0.0,108.22,68.45,108.23,68.39,108.23,68.39,16.19,61.77,CUDA,Bicubic Baseline (3x)
1224,00001385_020.png,sub_NIH,3,ok,33.1844,31.2347,5.5888,0.9735,0.9954,0.1738,9.9524,0.2047,33.1844,33.1844,31.2347,5.5888,0.9735,0.9735,0.9954,0.1738,0.1738,9.9524,0.2047,0.0,0.0,0.0,0.0,0.0,0.0,119.85,51.6,119.9,51.2,119.9,51.2,13.17,75.94,CUDA,Bicubic Baseline (3x)
1225,00001386_000.png,sub_NIH,3,ok,40.4315,5.8875,2.4264,0.9519,0.9923,0.2545,9.9843,0.1477,40.4315,40.4315,5.8875,2.4264,0.9519,0.9519,0.9923,0.2545,0.2545,9.9843,0.1477,0.0,0.0,0.0,0.0,0.0,0.0,115.93,70.98,115.95,70.91,115.95,70.91,13.95,71.69,CUDA,Bicubic Baseline (3x)
1226,00001387_000.png,sub_NIH,3,ok,42.3271,3.8051,1.9507,0.9608,0.9927,0.2231,9.9877,0.1569,42.3271,42.3271,3.8051,1.9507,0.9608,0.9608,0.9927,0.2231,0.2231,9.9877,0.1569,0.0,0.0,0.0,0.0,0.0,0.0,103.01,40.17,103.01,40.09,103.01,40.09,13.06,76.59,CUDA,Bicubic Baseline (3x)
1227,00001388_000.png,sub_NIH,3,ok,43.0565,3.2168,1.7936,0.9767,0.9954,0.1402,9.9849,0.2388,43.0565,43.0565,3.2168,1.7936,0.9767,0.9767,0.9954,0.1402,0.1402,9.9849,0.2388,0.0,0.0,0.0,0.0,0.0,0.0,154.11,56.97,154.12,56.9,154.12,56.9,13.13,76.18,CUDA,Bicubic Baseline (3x)
1228,00001389_000.png,sub_NIH,3,ok,42.5376,3.6251,1.904,0.9713,0.9944,0.1647,9.9846,0.2257,42.5376,42.5376,3.6251,1.904,0.9713,0.9713,0.9944,0.1647,0.1647,9.9846,0.2257,0.0,0.0,0.0,0.0,0.0,0.0,168.16,54.91,168.16,54.84,168.16,54.84,13.79,72.52,CUDA,Bicubic Baseline (3x)
1229,00001389_001.png,sub_NIH,3,ok,36.0433,16.1715,4.0214,0.9778,0.9966,0.1507,9.9894,0.0179,36.0433,36.0433,16.1715,4.0214,0.9778,0.9778,0.9966,0.1507,0.1507,9.9894,0.0179,0.0,0.0,0.0,0.0,0.0,0.0,157.22,45.03,157.28,44.83,157.28,44.83,16.34,61.19,CUDA,Bicubic Baseline (3x)
1230,00001389_002.png,sub_NIH,3,ok,36.627,14.1379,3.76,0.9793,0.9968,0.1422,9.9894,0.0266,36.627,36.627,14.1379,3.76,0.9793,0.9793,0.9968,0.1422,0.1422,9.9894,0.0266,0.0,0.0,0.0,0.0,0.0,0.0,158.45,46.19,158.5,46.01,158.5,46.01,13.32,75.08,CUDA,Bicubic Baseline (3x)
1231,00001389_003.png,sub_NIH,3,ok,36.6367,14.1061,3.7558,0.9794,0.9968,0.1453,9.9884,0.042,36.6367,36.6367,14.1061,3.7558,0.9794,0.9794,0.9968,0.1453,0.1453,9.9884,0.042,0.0,0.0,0.0,0.0,0.0,0.0,157.04,43.73,157.1,43.55,157.1,43.55,13.24,75.55,CUDA,Bicubic Baseline (3x)
1232,00001389_004.png,sub_NIH,3,ok,39.7873,6.8288,2.6132,0.9479,0.9916,0.2655,9.9834,0.1556,39.7873,39.7873,6.8288,2.6132,0.9479,0.9479,0.9916,0.2655,0.2655,9.9834,0.1556,0.0,0.0,0.0,0.0,0.0,0.0,118.99,71.03,118.99,70.95,118.99,70.95,13.23,75.56,CUDA,Bicubic Baseline (3x)
1233,00001389_005.png,sub_NIH,3,ok,40.4382,5.8784,2.4245,0.9527,0.9921,0.2482,9.9853,0.1531,40.4382,40.4382,5.8784,2.4245,0.9527,0.9527,0.9921,0.2482,0.2482,9.9853,0.1531,0.0,0.0,0.0,0.0,0.0,0.0,111.59,69.27,111.6,69.2,111.6,69.2,13.18,75.86,CUDA,Bicubic Baseline (3x)
1234,00001390_000.png,sub_NIH,3,ok,34.8674,21.2002,4.6044,0.9698,0.9954,0.1518,9.9724,0.1136,34.8674,34.8674,21.2002,4.6044,0.9698,0.9698,0.9954,0.1518,0.1518,9.9724,0.1136,0.0,0.0,0.0,0.0,0.0,0.0,164.25,58.06,164.31,57.76,164.31,57.76,13.26,75.43,CUDA,Bicubic Baseline (3x)
1235,00001391_000.png,sub_NIH,3,ok,44.4645,2.3261,1.5252,0.9798,0.9961,0.125,9.9879,0.2008,44.4645,44.4645,2.3261,1.5252,0.9798,0.9798,0.9961,0.125,0.125,9.9879,0.2008,0.0,0.0,0.0,0.0,0.0,0.0,174.66,57.2,174.65,57.16,174.65,57.16,13.15,76.02,CUDA,Bicubic Baseline (3x)
1236,00001392_000.png,sub_NIH,3,ok,42.9721,3.28,1.8111,0.9742,0.9951,0.1707,9.9856,0.2185,42.9721,42.9721,3.28,1.8111,0.9742,0.9742,0.9951,0.1707,0.1707,9.9856,0.2185,0.0,0.0,0.0,0.0,0.0,0.0,159.0,50.82,159.0,50.75,159.0,50.75,13.84,72.26,CUDA,Bicubic Baseline (3x)
1237,00001393_000.png,sub_NIH,3,ok,35.563,18.0627,4.25,0.97,0.9953,0.1702,9.9883,0.0355,35.563,35.563,18.0627,4.25,0.97,0.97,0.9953,0.1702,0.1702,9.9883,0.0355,0.0,0.0,0.0,0.0,0.0,0.0,174.1,50.97,174.16,50.77,174.16,50.77,13.4,74.64,CUDA,Bicubic Baseline (3x)
1238,00001394_000.png,sub_NIH,3,ok,39.9241,6.6171,2.5724,0.9582,0.9933,0.2477,9.9782,0.2074,39.9241,39.9241,6.6171,2.5724,0.9582,0.9582,0.9933,0.2477,0.2477,9.9782,0.2074,0.0,0.0,0.0,0.0,0.0,0.0,112.44,63.98,112.45,63.88,112.45,63.88,15.05,66.45,CUDA,Bicubic Baseline (3x)
1239,00001394_001.png,sub_NIH,3,ok,36.3232,15.1622,3.8939,0.9715,0.995,0.1543,9.9554,0.2893,36.3232,36.3232,15.1622,3.8939,0.9715,0.9715,0.995,0.1543,0.1543,9.9554,0.2893,0.0,0.0,0.0,0.0,0.0,0.0,145.48,72.1,145.52,71.87,145.52,71.87,13.19,75.81,CUDA,Bicubic Baseline (3x)
1240,00001395_000.png,sub_NIH,3,ok,43.2202,3.0978,1.7601,0.9626,0.993,0.2247,9.9897,0.1338,43.2202,43.2202,3.0978,1.7601,0.9626,0.9626,0.993,0.2247,0.2247,9.9897,0.1338,0.0,0.0,0.0,0.0,0.0,0.0,110.05,33.64,110.05,33.57,110.05,33.57,13.19,75.82,CUDA,Bicubic Baseline (3x)
1241,00001395_001.png,sub_NIH,3,ok,43.4432,2.9428,1.7155,0.9628,0.9931,0.2321,9.9908,0.1208,43.4432,43.4432,2.9428,1.7155,0.9628,0.9628,0.9931,0.2321,0.2321,9.9908,0.1208,0.0,0.0,0.0,0.0,0.0,0.0,111.35,29.85,111.35,29.78,111.35,29.78,13.27,75.33,CUDA,Bicubic Baseline (3x)
1242,00001395_002.png,sub_NIH,3,ok,31.7412,43.547,6.599,0.9544,0.992,0.2322,9.9127,0.2482,31.7412,31.7412,43.547,6.599,0.9544,0.9544,0.992,0.2322,0.2322,9.9127,0.2482,0.0,0.0,0.0,0.0,0.0,0.0,131.31,60.9,131.38,60.29,131.38,60.29,15.85,63.08,CUDA,Bicubic Baseline (3x)
1243,00001395_003.png,sub_NIH,3,ok,42.4433,3.7047,1.9248,0.9621,0.9929,0.2213,9.988,0.1562,42.4433,42.4433,3.7047,1.9248,0.9621,0.9621,0.9929,0.2213,0.2213,9.988,0.1562,0.0,0.0,0.0,0.0,0.0,0.0,110.0,33.74,110.0,33.64,110.0,33.64,13.17,75.96,CUDA,Bicubic Baseline (3x)
1244,00001395_004.png,sub_NIH,3,ok,43.2742,3.0596,1.7492,0.9632,0.9932,0.2315,9.9902,0.1263,43.2742,43.2742,3.0596,1.7492,0.9632,0.9632,0.9932,0.2315,0.2315,9.9902,0.1263,0.0,0.0,0.0,0.0,0.0,0.0,108.93,33.41,108.93,33.34,108.93,33.34,13.78,72.57,CUDA,Bicubic Baseline (3x)
1245,00001395_005.png,sub_NIH,3,ok,43.2722,3.061,1.7496,0.9659,0.9937,0.2175,9.9898,0.1334,43.2722,43.2722,3.061,1.7496,0.9659,0.9659,0.9937,0.2175,0.2175,9.9898,0.1334,0.0,0.0,0.0,0.0,0.0,0.0,108.93,33.98,108.93,33.91,108.93,33.91,13.53,73.92,CUDA,Bicubic Baseline (3x)
1246,00001395_006.png,sub_NIH,3,ok,36.6244,14.1461,3.7611,0.9575,0.9923,0.2335,9.977,0.1198,36.6244,36.6244,14.1461,3.7611,0.9575,0.9575,0.9923,0.2335,0.2335,9.977,0.1198,0.0,0.0,0.0,0.0,0.0,0.0,141.93,47.16,141.96,46.9,141.96,46.9,14.49,68.99,CUDA,Bicubic Baseline (3x)
1247,00001395_007.png,sub_NIH,3,ok,36.1617,15.7366,3.9669,0.9735,0.9956,0.1738,9.9692,0.1881,36.1617,36.1617,15.7366,3.9669,0.9735,0.9735,0.9956,0.1738,0.1738,9.9692,0.1881,0.0,0.0,0.0,0.0,0.0,0.0,139.4,48.69,139.44,48.46,139.44,48.46,13.1,76.31,CUDA,Bicubic Baseline (3x)
1248,00001395_008.png,sub_NIH,3,ok,36.6037,14.2137,3.7701,0.9794,0.997,0.1532,9.9868,0.0609,36.6037,36.6037,14.2137,3.7701,0.9794,0.9794,0.997,0.1532,0.1532,9.9868,0.0609,0.0,0.0,0.0,0.0,0.0,0.0,154.0,48.48,154.06,48.3,154.06,48.3,13.49,74.12,CUDA,Bicubic Baseline (3x)
1249,00001395_009.png,sub_NIH,3,ok,34.2043,24.6976,4.9697,0.9754,0.9966,0.152,9.9699,0.1254,34.2043,34.2043,24.6976,4.9697,0.9754,0.9754,0.9966,0.152,0.152,9.9699,0.1254,0.0,0.0,0.0,0.0,0.0,0.0,159.83,48.5,159.9,48.12,159.9,48.12,13.27,75.37,CUDA,Bicubic Baseline (3x)
1250,00001395_010.png,sub_NIH,3,ok,39.9235,6.618,2.5726,0.9458,0.9913,0.279,9.9846,0.1371,39.9235,39.9235,6.618,2.5726,0.9458,0.9458,0.9913,0.279,0.279,9.9846,0.1371,0.0,0.0,0.0,0.0,0.0,0.0,125.13,68.65,125.13,68.58,125.13,68.58,14.62,68.39,CUDA,Bicubic Baseline (3x)
1251,00001395_011.png,sub_NIH,3,ok,34.2249,24.5806,4.9579,0.9747,0.9952,0.1887,9.9685,0.1889,34.2249,34.2249,24.5806,4.9579,0.9747,0.9747,0.9952,0.1887,0.1887,9.9685,0.1889,0.0,0.0,0.0,0.0,0.0,0.0,121.36,43.7,121.39,43.35,121.39,43.35,13.18,75.88,CUDA,Bicubic Baseline (3x)
1252,00001395_012.png,sub_NIH,3,ok,39.6486,7.0506,2.6553,0.9478,0.9915,0.2575,9.98,0.1741,39.6486,39.6486,7.0506,2.6553,0.9478,0.9478,0.9915,0.2575,0.2575,9.98,0.1741,0.0,0.0,0.0,0.0,0.0,0.0,111.66,69.38,111.67,69.29,111.67,69.29,13.25,75.47,CUDA,Bicubic Baseline (3x)
1253,00001395_013.png,sub_NIH,3,ok,40.0998,6.3548,2.5209,0.9461,0.9913,0.2715,9.9854,0.1356,40.0998,40.0998,6.3548,2.5209,0.9461,0.9461,0.9913,0.2715,0.2715,9.9854,0.1356,0.0,0.0,0.0,0.0,0.0,0.0,124.53,68.28,124.53,68.22,124.53,68.22,13.14,76.1,CUDA,Bicubic Baseline (3x)
1254,00001395_014.png,sub_NIH,3,ok,38.8442,8.4852,2.9129,0.9462,0.9913,0.2596,9.9809,0.1483,38.8442,38.8442,8.4852,2.9129,0.9462,0.9462,0.9913,0.2596,0.2596,9.9809,0.1483,0.0,0.0,0.0,0.0,0.0,0.0,105.42,67.26,105.43,67.17,105.43,67.17,15.25,65.57,CUDA,Bicubic Baseline (3x)
1255,00001396_000.png,sub_NIH,3,ok,43.4644,2.9285,1.7113,0.9703,0.9943,0.1875,9.9875,0.1919,43.4644,43.4644,2.9285,1.7113,0.9703,0.9703,0.9943,0.1875,0.1875,9.9875,0.1919,0.0,0.0,0.0,0.0,0.0,0.0,164.42,45.42,164.42,45.36,164.42,45.36,13.19,75.83,CUDA,Bicubic Baseline (3x)
1256,00001397_000.png,sub_NIH,3,ok,36.6174,14.1691,3.7642,0.9646,0.9946,0.2347,9.9844,0.0775,36.6174,36.6174,14.1691,3.7642,0.9646,0.9646,0.9946,0.2347,0.2347,9.9844,0.0775,0.0,0.0,0.0,0.0,0.0,0.0,147.52,38.34,147.57,38.05,147.57,38.05,13.24,75.52,CUDA,Bicubic Baseline (3x)
1257,00001397_001.png,sub_NIH,3,ok,44.6227,2.2429,1.4976,0.9734,0.9951,0.1796,9.99,0.1478,44.6227,44.6227,2.2429,1.4976,0.9734,0.9734,0.9951,0.1796,0.1796,9.99,0.1478,0.0,0.0,0.0,0.0,0.0,0.0,191.99,41.23,191.99,41.19,191.99,41.19,13.59,73.58,CUDA,Bicubic Baseline (3x)
1258,00001397_002.png,sub_NIH,3,ok,33.765,27.3263,5.2275,0.972,0.9956,0.1636,9.9707,0.1081,33.765,33.765,27.3263,5.2275,0.972,0.972,0.9956,0.1636,0.1636,9.9707,0.1081,0.0,0.0,0.0,0.0,0.0,0.0,172.73,53.3,172.8,52.92,172.8,52.92,13.19,75.79,CUDA,Bicubic Baseline (3x)
1259,00001397_003.png,sub_NIH,3,ok,35.5862,17.9662,4.2387,0.9686,0.9956,0.1998,9.9907,-0.005,35.5862,35.5862,17.9662,4.2387,0.9686,0.9686,0.9956,0.1998,0.1998,9.9907,-0.005,0.0,0.0,0.0,0.0,0.0,0.0,168.32,38.54,168.38,38.29,168.38,38.29,14.15,70.67,CUDA,Bicubic Baseline (3x)
1260,00001397_004.png,sub_NIH,3,ok,46.0404,1.6182,1.2721,0.9811,0.9963,0.1491,9.9906,0.156,46.0404,46.0404,1.6182,1.2721,0.9811,0.9811,0.9963,0.1491,0.1491,9.9906,0.156,0.0,0.0,0.0,0.0,0.0,0.0,173.9,35.22,173.9,35.19,173.9,35.19,13.49,74.13,CUDA,Bicubic Baseline (3x)
1261,00001397_005.png,sub_NIH,3,ok,39.7195,6.9363,2.6337,0.9456,0.9914,0.2786,9.983,0.1465,39.7195,39.7195,6.9363,2.6337,0.9456,0.9456,0.9914,0.2786,0.2786,9.983,0.1465,0.0,0.0,0.0,0.0,0.0,0.0,125.53,65.29,125.54,65.2,125.54,65.2,13.13,76.17,CUDA,Bicubic Baseline (3x)
1262,00001397_006.png,sub_NIH,3,ok,38.8492,8.4755,2.9113,0.9402,0.9907,0.3035,9.9827,0.1338,38.8492,38.8492,8.4755,2.9113,0.9402,0.9402,0.9907,0.3035,0.3035,9.9827,0.1338,0.0,0.0,0.0,0.0,0.0,0.0,130.16,58.64,130.17,58.54,130.17,58.54,13.42,74.53,CUDA,Bicubic Baseline (3x)
1263,00001397_007.png,sub_NIH,3,ok,34.317,24.0649,4.9056,0.9736,0.9952,0.2047,9.9721,0.1657,34.317,34.317,24.0649,4.9056,0.9736,0.9736,0.9952,0.2047,0.2047,9.9721,0.1657,0.0,0.0,0.0,0.0,0.0,0.0,119.8,37.62,119.85,37.23,119.85,37.23,15.7,63.7,CUDA,Bicubic Baseline (3x)
1264,00001397_008.png,sub_NIH,3,ok,38.7857,8.6002,2.9326,0.9389,0.9902,0.2921,9.981,0.1515,38.7857,38.7857,8.6002,2.9326,0.9389,0.9389,0.9902,0.2921,0.2921,9.981,0.1515,0.0,0.0,0.0,0.0,0.0,0.0,123.6,61.74,123.61,61.64,123.61,61.64,13.15,76.05,CUDA,Bicubic Baseline (3x)
1265,00001397_009.png,sub_NIH,3,ok,33.1539,31.455,5.6085,0.9749,0.9955,0.153,9.956,0.207,33.1539,33.1539,31.455,5.6085,0.9749,0.9749,0.9955,0.153,0.153,9.956,0.207,0.0,0.0,0.0,0.0,0.0,0.0,164.22,33.52,164.28,32.88,164.28,32.88,13.55,73.8,CUDA,Bicubic Baseline (3x)
1266,00001397_010.png,sub_NIH,3,ok,32.8196,33.9719,5.8285,0.9732,0.9955,0.1539,9.9552,0.1842,32.8196,32.8196,33.9719,5.8285,0.9732,0.9732,0.9955,0.1539,0.1539,9.9552,0.1842,0.0,0.0,0.0,0.0,0.0,0.0,173.14,37.39,173.2,36.78,173.2,36.78,13.18,75.88,CUDA,Bicubic Baseline (3x)
1267,00001397_011.png,sub_NIH,3,ok,34.2592,24.387,4.9383,0.9705,0.9954,0.2078,9.9513,0.2452,34.2592,34.2592,24.387,4.9383,0.9705,0.9705,0.9954,0.2078,0.2078,9.9513,0.2452,0.0,0.0,0.0,0.0,0.0,0.0,128.06,40.66,128.1,40.24,128.1,40.24,14.05,71.16,CUDA,Bicubic Baseline (3x)
1268,00001397_012.png,sub_NIH,3,ok,32.9645,32.857,5.7321,0.9668,0.9947,0.2197,9.9506,0.2187,32.9645,32.9645,32.857,5.7321,0.9668,0.9668,0.9947,0.2197,0.2197,9.9506,0.2187,0.0,0.0,0.0,0.0,0.0,0.0,126.87,47.25,126.92,46.81,126.92,46.81,13.18,75.88,CUDA,Bicubic Baseline (3x)
1269,00001397_013.png,sub_NIH,3,ok,39.7482,6.8907,2.625,0.9461,0.9916,0.2846,9.9856,0.1277,39.7482,39.7482,6.8907,2.625,0.9461,0.9461,0.9916,0.2846,0.2846,9.9856,0.1277,0.0,0.0,0.0,0.0,0.0,0.0,124.65,62.16,124.66,62.09,124.66,62.09,13.11,76.31,CUDA,Bicubic Baseline (3x)
1270,00001398_000.png,sub_NIH,3,ok,42.0148,4.0888,2.0221,0.9752,0.9951,0.1533,9.9817,0.2388,42.0148,42.0148,4.0888,2.0221,0.9752,0.9752,0.9951,0.1533,0.1533,9.9817,0.2388,0.0,0.0,0.0,0.0,0.0,0.0,165.57,56.79,165.57,56.72,165.57,56.72,13.29,75.23,CUDA,Bicubic Baseline (3x)
1271,00001398_001.png,sub_NIH,3,ok,42.7781,3.4298,1.852,0.971,0.9943,0.1697,9.9856,0.2105,42.7781,42.7781,3.4298,1.852,0.971,0.971,0.9943,0.1697,0.1697,9.9856,0.2105,0.0,0.0,0.0,0.0,0.0,0.0,157.4,57.72,157.41,57.66,157.41,57.66,13.47,74.22,CUDA,Bicubic Baseline (3x)
1272,00001398_002.png,sub_NIH,3,ok,33.6959,27.7643,5.2692,0.9694,0.995,0.147,9.9797,0.0419,33.6959,33.6959,27.7643,5.2692,0.9694,0.9694,0.995,0.147,0.147,9.9797,0.0419,0.0,0.0,0.0,0.0,0.0,0.0,159.14,70.35,159.22,70.1,159.22,70.1,16.89,59.19,CUDA,Bicubic Baseline (3x)
1273,00001398_003.png,sub_NIH,3,ok,40.1871,6.2283,2.4957,0.9443,0.9909,0.2491,9.9858,0.1281,40.1871,40.1871,6.2283,2.4957,0.9443,0.9443,0.9909,0.2491,0.2491,9.9858,0.1281,0.0,0.0,0.0,0.0,0.0,0.0,104.92,69.97,104.94,69.9,104.94,69.9,13.64,73.34,CUDA,Bicubic Baseline (3x)
1274,00001398_004.png,sub_NIH,3,ok,39.7363,6.9096,2.6286,0.9462,0.9914,0.2592,9.9817,0.1584,39.7363,39.7363,6.9096,2.6286,0.9462,0.9462,0.9914,0.2592,0.2592,9.9817,0.1584,0.0,0.0,0.0,0.0,0.0,0.0,116.88,70.65,116.9,70.57,116.9,70.57,13.47,74.27,CUDA,Bicubic Baseline (3x)
1275,00001399_000.png,sub_NIH,3,ok,40.8609,5.3333,2.3094,0.9819,0.9965,0.1069,9.974,0.2746,40.8609,40.8609,5.3333,2.3094,0.9819,0.9819,0.9965,0.1069,0.1069,9.974,0.2746,0.0,0.0,0.0,0.0,0.0,0.0,145.34,64.52,145.35,64.44,145.35,64.44,13.46,74.27,CUDA,Bicubic Baseline (3x)
1276,00001403_000.png,sub_NIH,3,ok,34.2994,24.1623,4.9155,0.9578,0.9925,0.2094,9.9766,0.0978,34.2994,34.2994,24.1623,4.9155,0.9578,0.9578,0.9925,0.2094,0.2094,9.9766,0.0978,0.0,0.0,0.0,0.0,0.0,0.0,133.9,61.38,133.96,61.12,133.96,61.12,13.45,74.36,CUDA,Bicubic Baseline (3x)
1277,00001403_002.png,sub_NIH,3,ok,35.4554,18.5157,4.303,0.9707,0.9948,0.1517,9.9694,0.1823,35.4554,35.4554,18.5157,4.303,0.9707,0.9707,0.9948,0.1517,0.1517,9.9694,0.1823,0.0,0.0,0.0,0.0,0.0,0.0,153.85,70.11,153.91,69.9,153.91,69.9,13.14,76.08,CUDA,Bicubic Baseline (3x)
1278,00001403_003.png,sub_NIH,3,ok,39.9419,6.59,2.5671,0.9514,0.992,0.2361,9.9838,0.1583,39.9419,39.9419,6.59,2.5671,0.9514,0.9514,0.992,0.2361,0.2361,9.9838,0.1583,0.0,0.0,0.0,0.0,0.0,0.0,101.57,72.11,101.59,72.04,101.59,72.04,13.31,75.12,CUDA,Bicubic Baseline (3x)
1279,00001404_000.png,sub_NIH,3,ok,40.2926,6.0788,2.4655,0.9689,0.9939,0.1755,9.9822,0.186,40.2926,40.2926,6.0788,2.4655,0.9689,0.9689,0.9939,0.1755,0.1755,9.9822,0.186,0.0,0.0,0.0,0.0,0.0,0.0,165.75,48.03,165.76,47.9,165.76,47.9,13.2,75.73,CUDA,Bicubic Baseline (3x)
1280,00001404_001.png,sub_NIH,3,ok,43.7821,2.7219,1.6498,0.9794,0.996,0.1482,9.9864,0.2161,43.7821,43.7821,2.7219,1.6498,0.9794,0.9794,0.996,0.1482,0.1482,9.9864,0.2161,0.0,0.0,0.0,0.0,0.0,0.0,164.59,48.23,164.59,48.17,164.59,48.17,13.32,75.07,CUDA,Bicubic Baseline (3x)
1281,00001404_002.png,sub_NIH,3,ok,43.9423,2.6233,1.6197,0.9792,0.9958,0.1425,9.987,0.2156,43.9423,43.9423,2.6233,1.6197,0.9792,0.9792,0.9958,0.1425,0.1425,9.987,0.2156,0.0,0.0,0.0,0.0,0.0,0.0,158.34,53.32,158.35,53.27,158.35,53.27,13.14,76.11,CUDA,Bicubic Baseline (3x)
1282,00001404_003.png,sub_NIH,3,ok,44.3054,2.4129,1.5534,0.9762,0.9953,0.1702,9.9884,0.1966,44.3054,44.3054,2.4129,1.5534,0.9762,0.9762,0.9953,0.1702,0.1702,9.9884,0.1966,0.0,0.0,0.0,0.0,0.0,0.0,156.74,47.04,156.75,46.99,156.75,46.99,13.93,71.81,CUDA,Bicubic Baseline (3x)
1283,00001404_004.png,sub_NIH,3,ok,44.374,2.3751,1.5411,0.9766,0.9953,0.1549,9.9883,0.1987,44.374,44.374,2.3751,1.5411,0.9766,0.9766,0.9953,0.1549,0.1549,9.9883,0.1987,0.0,0.0,0.0,0.0,0.0,0.0,162.11,43.84,162.11,43.79,162.11,43.79,13.2,75.73,CUDA,Bicubic Baseline (3x)
1284,00001404_005.png,sub_NIH,3,ok,40.5988,5.6651,2.3801,0.9698,0.9942,0.189,9.9835,0.1806,40.5988,40.5988,5.6651,2.3801,0.9698,0.9698,0.9942,0.189,0.189,9.9835,0.1806,0.0,0.0,0.0,0.0,0.0,0.0,158.32,51.19,158.33,51.08,158.33,51.08,15.93,62.76,CUDA,Bicubic Baseline (3x)
1285,00001404_006.png,sub_NIH,3,ok,43.3689,2.9936,1.7302,0.9762,0.9953,0.1655,9.9885,0.1686,43.3689,43.3689,2.9936,1.7302,0.9762,0.9762,0.9953,0.1655,0.1655,9.9885,0.1686,0.0,0.0,0.0,0.0,0.0,0.0,160.15,48.75,160.16,48.68,160.16,48.68,13.56,73.72,CUDA,Bicubic Baseline (3x)
1286,00001404_007.png,sub_NIH,3,ok,35.1169,20.0167,4.474,0.9657,0.994,0.1852,9.9807,0.0792,35.1169,35.1169,20.0167,4.474,0.9657,0.9657,0.994,0.1852,0.1852,9.9807,0.0792,0.0,0.0,0.0,0.0,0.0,0.0,162.12,60.26,162.19,60.02,162.19,60.02,13.33,75.02,CUDA,Bicubic Baseline (3x)
1287,00001404_008.png,sub_NIH,3,ok,34.3217,24.0385,4.9029,0.9642,0.9943,0.185,9.9782,0.0407,34.3217,34.3217,24.0385,4.9029,0.9642,0.9642,0.9943,0.185,0.185,9.9782,0.0407,0.0,0.0,0.0,0.0,0.0,0.0,164.4,55.86,164.48,55.53,164.48,55.53,13.1,76.36,CUDA,Bicubic Baseline (3x)
1288,00001405_000.png,sub_NIH,3,ok,42.316,3.8148,1.9532,0.9595,0.9925,0.2266,9.9877,0.1569,42.316,42.316,3.8148,1.9532,0.9595,0.9595,0.9925,0.2266,0.2266,9.9877,0.1569,0.0,0.0,0.0,0.0,0.0,0.0,107.5,36.67,107.5,36.58,107.5,36.58,13.13,76.18,CUDA,Bicubic Baseline (3x)
1289,00001406_000.png,sub_NIH,3,ok,42.5483,3.6162,1.9016,0.9576,0.9923,0.24,9.9891,0.1352,42.5483,42.5483,3.6162,1.9016,0.9576,0.9576,0.9923,0.24,0.24,9.9891,0.1352,0.0,0.0,0.0,0.0,0.0,0.0,109.38,31.47,109.38,31.38,109.38,31.38,13.19,75.8,CUDA,Bicubic Baseline (3x)
1290,00001406_001.png,sub_NIH,3,ok,35.2837,19.2622,4.3889,0.9716,0.9955,0.1556,9.9755,0.1027,35.2837,35.2837,19.2622,4.3889,0.9716,0.9716,0.9955,0.1556,0.1556,9.9755,0.1027,0.0,0.0,0.0,0.0,0.0,0.0,168.02,56.22,168.08,55.95,168.08,55.95,15.68,63.76,CUDA,Bicubic Baseline (3x)
1291,00001407_000.png,sub_NIH,3,ok,40.0648,6.4062,2.531,0.9533,0.9927,0.2482,9.982,0.1635,40.0648,40.0648,6.4062,2.531,0.9533,0.9533,0.9927,0.2482,0.2482,9.982,0.1635,0.0,0.0,0.0,0.0,0.0,0.0,127.15,67.72,127.17,67.64,127.17,67.64,13.13,76.17,CUDA,Bicubic Baseline (3x)
1292,00001408_000.png,sub_NIH,3,ok,43.6266,2.8211,1.6796,0.9782,0.9958,0.1415,9.9858,0.2179,43.6266,43.6266,2.8211,1.6796,0.9782,0.9782,0.9958,0.1415,0.1415,9.9858,0.2179,0.0,0.0,0.0,0.0,0.0,0.0,171.16,48.16,171.16,48.1,171.16,48.1,13.07,76.5,CUDA,Bicubic Baseline (3x)
1293,00001409_000.png,sub_NIH,3,ok,37.4397,11.7249,3.4242,0.9614,0.9931,0.2257,9.9767,0.1336,37.4397,37.4397,11.7249,3.4242,0.9614,0.9614,0.9931,0.2257,0.2257,9.9767,0.1336,0.0,0.0,0.0,0.0,0.0,0.0,152.33,45.41,152.36,45.12,152.36,45.12,17.16,58.27,CUDA,Bicubic Baseline (3x)
1294,00001409_001.png,sub_NIH,3,ok,40.2044,6.2036,2.4907,0.9444,0.9913,0.281,9.9868,0.1205,40.2044,40.2044,6.2036,2.4907,0.9444,0.9444,0.9913,0.281,0.281,9.9868,0.1205,0.0,0.0,0.0,0.0,0.0,0.0,131.39,62.86,131.4,62.79,131.4,62.79,13.21,75.72,CUDA,Bicubic Baseline (3x)
1295,00001409_002.png,sub_NIH,3,ok,37.5205,11.5088,3.3925,0.9606,0.993,0.2269,9.9674,0.219,37.5205,37.5205,11.5088,3.3925,0.9606,0.9606,0.993,0.2269,0.2269,9.9674,0.219,0.0,0.0,0.0,0.0,0.0,0.0,149.05,46.08,149.07,45.79,149.07,45.79,13.06,76.55,CUDA,Bicubic Baseline (3x)
1296,00001409_003.png,sub_NIH,3,ok,44.4109,2.355,1.5346,0.9687,0.9943,0.2099,9.9915,0.1126,44.4109,44.4109,2.355,1.5346,0.9687,0.9687,0.9943,0.2099,0.2099,9.9915,0.1126,0.0,0.0,0.0,0.0,0.0,0.0,111.5,27.15,111.49,27.09,111.49,27.09,13.18,75.89,CUDA,Bicubic Baseline (3x)
1297,00001409_004.png,sub_NIH,3,ok,41.8461,4.2508,2.0617,0.9724,0.9948,0.1871,9.9861,0.1707,41.8461,41.8461,4.2508,2.0617,0.9724,0.9724,0.9948,0.1871,0.1871,9.9861,0.1707,0.0,0.0,0.0,0.0,0.0,0.0,167.66,43.7,167.67,43.61,167.67,43.61,13.38,74.74,CUDA,Bicubic Baseline (3x)
1298,00001409_005.png,sub_NIH,3,ok,34.4118,23.5452,4.8523,0.9708,0.9956,0.1566,9.9768,0.0373,34.4118,34.4118,23.5452,4.8523,0.9708,0.9708,0.9956,0.1566,0.1566,9.9768,0.0373,0.0,0.0,0.0,0.0,0.0,0.0,177.21,49.82,177.29,49.42,177.29,49.42,13.37,74.79,CUDA,Bicubic Baseline (3x)
1299,00001409_006.png,sub_NIH,3,ok,39.8955,6.6608,2.5809,0.9514,0.9923,0.2656,9.9823,0.1615,39.8955,39.8955,6.6608,2.5809,0.9514,0.9514,0.9923,0.2656,0.2656,9.9823,0.1615,0.0,0.0,0.0,0.0,0.0,0.0,140.48,61.86,140.49,61.77,140.49,61.77,15.62,64.02,CUDA,Bicubic Baseline (3x)
1300,00001409_007.png,sub_NIH,3,ok,39.265,7.7017,2.7752,0.9423,0.991,0.2931,9.9816,0.1528,39.265,39.265,7.7017,2.7752,0.9423,0.9423,0.991,0.2931,0.2931,9.9816,0.1528,0.0,0.0,0.0,0.0,0.0,0.0,139.77,61.81,139.79,61.71,139.79,61.71,13.21,75.73,CUDA,Bicubic Baseline (3x)
1301,00001409_008.png,sub_NIH,3,ok,39.8116,6.7907,2.6059,0.9465,0.9917,0.2767,9.9866,0.1227,39.8116,39.8116,6.7907,2.6059,0.9465,0.9465,0.9917,0.2767,0.2767,9.9866,0.1227,0.0,0.0,0.0,0.0,0.0,0.0,130.59,63.41,130.6,63.33,130.6,63.33,13.68,73.1,CUDA,Bicubic Baseline (3x)
1302,00001409_009.png,sub_NIH,3,ok,40.1777,6.2418,2.4984,0.9442,0.9914,0.2796,9.9865,0.1238,40.1777,40.1777,6.2418,2.4984,0.9442,0.9442,0.9914,0.2796,0.2796,9.9865,0.1238,0.0,0.0,0.0,0.0,0.0,0.0,127.75,63.64,127.76,63.56,127.76,63.56,13.26,75.4,CUDA,Bicubic Baseline (3x)
1303,00001409_010.png,sub_NIH,3,ok,39.288,7.661,2.7678,0.9433,0.9913,0.2888,9.9842,0.13,39.288,39.288,7.661,2.7678,0.9433,0.9433,0.9913,0.2888,0.2888,9.9842,0.13,0.0,0.0,0.0,0.0,0.0,0.0,134.8,63.24,134.82,63.15,134.82,63.15,13.24,75.5,CUDA,Bicubic Baseline (3x)
1304,00001409_011.png,sub_NIH,3,ok,39.0835,8.0302,2.8338,0.9481,0.992,0.2761,9.9793,0.1697,39.0835,39.0835,8.0302,2.8338,0.9481,0.9481,0.992,0.2761,0.2761,9.9793,0.1697,0.0,0.0,0.0,0.0,0.0,0.0,140.96,57.11,140.98,56.99,140.98,56.99,13.36,74.88,CUDA,Bicubic Baseline (3x)
1305,00001409_012.png,sub_NIH,3,ok,32.6928,34.9784,5.9143,0.9669,0.9941,0.1993,9.9369,0.2307,32.6928,32.6928,34.9784,5.9143,0.9669,0.9669,0.9941,0.1993,0.1993,9.9369,0.2307,0.0,0.0,0.0,0.0,0.0,0.0,120.41,39.5,120.46,38.79,120.46,38.79,13.48,74.17,CUDA,Bicubic Baseline (3x)
1306,00001409_013.png,sub_NIH,3,ok,33.2352,30.8718,5.5562,0.9616,0.9932,0.1865,9.9438,0.1581,33.2352,33.2352,30.8718,5.5562,0.9616,0.9616,0.9932,0.1865,0.1865,9.9438,0.1581,0.0,0.0,0.0,0.0,0.0,0.0,150.98,59.88,151.06,59.33,151.06,59.33,14.17,70.58,CUDA,Bicubic Baseline (3x)
1307,00001410_000.png,sub_NIH,3,ok,36.0193,16.2611,4.0325,0.9684,0.9948,0.1621,9.971,0.1787,36.0193,36.0193,16.2611,4.0325,0.9684,0.9684,0.9948,0.1621,0.1621,9.971,0.1787,0.0,0.0,0.0,0.0,0.0,0.0,146.09,71.63,146.15,71.42,146.15,71.42,13.65,73.24,CUDA,Bicubic Baseline (3x)
1308,00001410_001.png,sub_NIH,3,ok,37.7756,10.8524,3.2943,0.9749,0.9959,0.1563,9.9888,0.0629,37.7756,37.7756,10.8524,3.2943,0.9749,0.9749,0.9959,0.1563,0.1563,9.9888,0.0629,0.0,0.0,0.0,0.0,0.0,0.0,156.83,58.88,156.88,58.75,156.88,58.75,13.37,74.82,CUDA,Bicubic Baseline (3x)
1309,00001410_002.png,sub_NIH,3,ok,43.672,2.7917,1.6709,0.9798,0.9962,0.1427,9.9849,0.2243,43.672,43.672,2.7917,1.6709,0.9798,0.9798,0.9962,0.1427,0.1427,9.9849,0.2243,0.0,0.0,0.0,0.0,0.0,0.0,157.36,52.24,157.37,52.19,157.37,52.19,13.59,73.6,CUDA,Bicubic Baseline (3x)
1310,00001410_003.png,sub_NIH,3,ok,35.2602,19.3668,4.4008,0.9739,0.9958,0.1474,9.9737,0.1105,35.2602,35.2602,19.3668,4.4008,0.9739,0.9739,0.9958,0.1474,0.1474,9.9737,0.1105,0.0,0.0,0.0,0.0,0.0,0.0,175.06,56.76,175.13,56.46,175.13,56.46,13.15,76.03,CUDA,Bicubic Baseline (3x)
1311,00001410_004.png,sub_NIH,3,ok,34.8762,21.1571,4.5997,0.9733,0.9954,0.1457,9.9506,0.2348,34.8762,34.8762,21.1571,4.5997,0.9733,0.9733,0.9954,0.1457,0.1457,9.9506,0.2348,0.0,0.0,0.0,0.0,0.0,0.0,158.65,71.11,158.71,70.79,158.71,70.79,13.33,75.0,CUDA,Bicubic Baseline (3x)
1312,00001411_000.png,sub_NIH,3,ok,37.3469,11.9781,3.4609,0.9425,0.9911,0.2891,9.9769,0.1624,37.3469,37.3469,11.9781,3.4609,0.9425,0.9425,0.9911,0.2891,0.2891,9.9769,0.1624,0.0,0.0,0.0,0.0,0.0,0.0,150.89,72.51,150.91,72.39,150.91,72.39,13.4,74.65,CUDA,Bicubic Baseline (3x)
1313,00001412_000.png,sub_NIH,3,ok,43.4729,2.9227,1.7096,0.9739,0.9951,0.1504,9.9869,0.1932,43.4729,43.4729,2.9227,1.7096,0.9739,0.9739,0.9951,0.1504,0.1504,9.9869,0.1932,0.0,0.0,0.0,0.0,0.0,0.0,164.38,65.03,164.38,65.0,164.38,65.0,14.07,71.07,CUDA,Bicubic Baseline (3x)
1314,00001413_000.png,sub_NIH,3,ok,39.6947,6.9761,2.6412,0.9494,0.9916,0.2507,9.9807,0.1815,39.6947,39.6947,6.9761,2.6412,0.9494,0.9494,0.9916,0.2507,0.2507,9.9807,0.1815,0.0,0.0,0.0,0.0,0.0,0.0,111.54,68.36,111.55,68.27,111.55,68.27,13.41,74.56,CUDA,Bicubic Baseline (3x)
1315,00001413_001.png,sub_NIH,3,ok,39.6901,6.9835,2.6426,0.9477,0.9914,0.2605,9.9815,0.1587,39.6901,39.6901,6.9835,2.6426,0.9477,0.9477,0.9914,0.2605,0.2605,9.9815,0.1587,0.0,0.0,0.0,0.0,0.0,0.0,108.46,68.72,108.47,68.63,108.47,68.63,13.76,72.67,CUDA,Bicubic Baseline (3x)
1316,00001414_000.png,sub_NIH,3,ok,39.2333,7.7581,2.7853,0.9474,0.9918,0.2752,9.9822,0.1527,39.2333,39.2333,7.7581,2.7853,0.9474,0.9474,0.9918,0.2752,0.2752,9.9822,0.1527,0.0,0.0,0.0,0.0,0.0,0.0,116.35,66.07,116.37,65.98,116.37,65.98,13.44,74.39,CUDA,Bicubic Baseline (3x)
1317,00001415_000.png,sub_NIH,3,ok,36.7115,13.8654,3.7236,0.9691,0.9947,0.1443,9.9719,0.189,36.7115,36.7115,13.8654,3.7236,0.9691,0.9691,0.9947,0.1443,0.1443,9.9719,0.189,0.0,0.0,0.0,0.0,0.0,0.0,152.33,64.92,152.38,64.72,152.38,64.72,13.37,74.8,CUDA,Bicubic Baseline (3x)
1318,00001415_001.png,sub_NIH,3,ok,35.295,19.2125,4.3832,0.9702,0.9951,0.1468,9.9459,0.3287,35.295,35.295,19.2125,4.3832,0.9702,0.9702,0.9951,0.1468,0.1468,9.9459,0.3287,0.0,0.0,0.0,0.0,0.0,0.0,150.13,66.32,150.18,66.05,150.18,66.05,13.92,71.84,CUDA,Bicubic Baseline (3x)
1319,00001415_002.png,sub_NIH,3,ok,38.0837,10.109,3.1795,0.9281,0.9879,0.3177,9.977,0.1736,38.0837,38.0837,10.109,3.1795,0.9281,0.9281,0.9879,0.3177,0.3177,9.977,0.1736,0.0,0.0,0.0,0.0,0.0,0.0,115.16,63.91,115.17,63.79,115.17,63.79,13.49,74.15,CUDA,Bicubic Baseline (3x)
1320,00001415_003.png,sub_NIH,3,ok,41.0185,5.1432,2.2679,0.9571,0.993,0.2168,9.9839,0.1575,41.0185,41.0185,5.1432,2.2679,0.9571,0.9571,0.993,0.2168,0.2168,9.9839,0.1575,0.0,0.0,0.0,0.0,0.0,0.0,98.45,76.56,98.46,76.51,98.46,76.51,13.3,75.19,CUDA,Bicubic Baseline (3x)
1321,00001416_000.png,sub_NIH,3,ok,43.6364,2.8148,1.6777,0.9758,0.9952,0.1611,9.9863,0.225,43.6364,43.6364,2.8148,1.6777,0.9758,0.9758,0.9952,0.1611,0.1611,9.9863,0.225,0.0,0.0,0.0,0.0,0.0,0.0,162.06,44.6,162.06,44.54,162.06,44.54,13.26,75.42,CUDA,Bicubic Baseline (3x)
1322,00001416_001.png,sub_NIH,3,ok,39.5207,7.2613,2.6947,0.9701,0.9946,0.1978,9.9795,0.184,39.5207,39.5207,7.2613,2.6947,0.9701,0.9701,0.9946,0.1978,0.1978,9.9795,0.184,0.0,0.0,0.0,0.0,0.0,0.0,142.01,48.7,142.02,48.56,142.02,48.56,15.59,64.14,CUDA,Bicubic Baseline (3x)
1323,00001416_002.png,sub_NIH,3,ok,42.9222,3.3179,1.8215,0.9728,0.9946,0.1761,9.9857,0.2294,42.9222,42.9222,3.3179,1.8215,0.9728,0.9728,0.9946,0.1761,0.1761,9.9857,0.2294,0.0,0.0,0.0,0.0,0.0,0.0,156.91,45.27,156.92,45.2,156.92,45.2,13.53,73.9,CUDA,Bicubic Baseline (3x)
1324,00001416_003.png,sub_NIH,3,ok,42.7133,3.4814,1.8658,0.9738,0.9949,0.1667,9.9848,0.227,42.7133,42.7133,3.4814,1.8658,0.9738,0.9738,0.9949,0.1667,0.1667,9.9848,0.227,0.0,0.0,0.0,0.0,0.0,0.0,156.65,44.56,156.65,44.49,156.65,44.49,17.9,55.87,CUDA,Bicubic Baseline (3x)
1325,00001417_000.png,sub_NIH,3,ok,40.9514,5.2232,2.2854,0.9553,0.9929,0.2446,9.9829,0.1667,40.9514,40.9514,5.2232,2.2854,0.9553,0.9553,0.9929,0.2446,0.2446,9.9829,0.1667,0.0,0.0,0.0,0.0,0.0,0.0,98.49,73.26,98.5,73.2,98.5,73.2,13.53,73.94,CUDA,Bicubic Baseline (3x)
1326,00001418_000.png,sub_NIH,3,ok,38.1374,9.9847,3.1599,0.9368,0.9897,0.2955,9.9748,0.1901,38.1374,38.1374,9.9847,3.1599,0.9368,0.9368,0.9897,0.2955,0.2955,9.9748,0.1901,0.0,0.0,0.0,0.0,0.0,0.0,120.5,55.85,120.5,55.69,120.5,55.69,13.15,76.03,CUDA,Bicubic Baseline (3x)
1327,00001419_000.png,sub_NIH,3,ok,35.0521,20.3173,4.5075,0.9677,0.9947,0.1764,9.9616,0.2523,35.0521,35.0521,20.3173,4.5075,0.9677,0.9677,0.9947,0.1764,0.1764,9.9616,0.2523,0.0,0.0,0.0,0.0,0.0,0.0,164.59,53.11,164.65,52.8,164.65,52.8,13.1,76.35,CUDA,Bicubic Baseline (3x)
1328,00001420_000.png,sub_NIH,3,ok,43.138,3.157,1.7768,0.9769,0.9953,0.1477,9.9837,0.2562,43.138,43.138,3.157,1.7768,0.9769,0.9769,0.9953,0.1477,0.1477,9.9837,0.2562,0.0,0.0,0.0,0.0,0.0,0.0,157.95,43.89,157.95,43.82,157.95,43.82,13.48,74.19,CUDA,Bicubic Baseline (3x)
1329,00001421_000.png,sub_NIH,3,ok,34.3856,23.6875,4.867,0.9654,0.9949,0.1967,9.9857,0.0364,34.3856,34.3856,23.6875,4.867,0.9654,0.9654,0.9949,0.1967,0.1967,9.9857,0.0364,0.0,0.0,0.0,0.0,0.0,0.0,171.88,57.9,171.95,57.69,171.95,57.69,13.29,75.26,CUDA,Bicubic Baseline (3x)
1330,00001421_001.png,sub_NIH,3,ok,39.9837,6.5269,2.5548,0.9467,0.9919,0.2862,9.9876,0.1067,39.9837,39.9837,6.5269,2.5548,0.9467,0.9467,0.9919,0.2862,0.2862,9.9876,0.1067,0.0,0.0,0.0,0.0,0.0,0.0,149.1,66.74,149.11,66.67,149.11,66.67,13.72,72.9,CUDA,Bicubic Baseline (3x)
1331,00001422_000.png,sub_NIH,3,ok,43.4235,2.9562,1.7194,0.9759,0.9955,0.158,9.9883,0.1659,43.4235,43.4235,2.9562,1.7194,0.9759,0.9759,0.9955,0.158,0.158,9.9883,0.1659,0.0,0.0,0.0,0.0,0.0,0.0,158.87,48.24,158.88,48.18,158.88,48.18,13.37,74.82,CUDA,Bicubic Baseline (3x)
1332,00001423_000.png,sub_NIH,3,ok,41.818,4.2784,2.0684,0.9778,0.9959,0.1577,9.9798,0.2645,41.818,41.818,4.2784,2.0684,0.9778,0.9778,0.9959,0.1577,0.1577,9.9798,0.2645,0.0,0.0,0.0,0.0,0.0,0.0,152.56,54.41,152.57,54.33,152.57,54.33,13.25,75.49,CUDA,Bicubic Baseline (3x)
1333,00001423_001.png,sub_NIH,3,ok,35.2641,19.3496,4.3988,0.9721,0.9952,0.1596,9.9663,0.146,35.2641,35.2641,19.3496,4.3988,0.9721,0.9721,0.9952,0.1596,0.1596,9.9663,0.146,0.0,0.0,0.0,0.0,0.0,0.0,152.41,68.01,152.48,67.73,152.48,67.73,13.64,73.31,CUDA,Bicubic Baseline (3x)
1334,00001424_000.png,sub_NIH,3,ok,35.427,18.6372,4.3171,0.9722,0.995,0.147,9.9485,0.3234,35.427,35.427,18.6372,4.3171,0.9722,0.9722,0.995,0.147,0.147,9.9485,0.3234,0.0,0.0,0.0,0.0,0.0,0.0,153.72,64.98,153.77,64.68,153.77,64.68,14.07,71.1,CUDA,Bicubic Baseline (3x)
1335,00001425_000.png,sub_NIH,3,ok,40.1496,6.2824,2.5065,0.9479,0.9917,0.2597,9.9836,0.1503,40.1496,40.1496,6.2824,2.5065,0.9479,0.9479,0.9917,0.2597,0.2597,9.9836,0.1503,0.0,0.0,0.0,0.0,0.0,0.0,127.05,68.53,127.06,68.46,127.06,68.46,13.07,76.51,CUDA,Bicubic Baseline (3x)
1336,00001426_000.png,sub_NIH,3,ok,35.3108,19.1424,4.3752,0.9742,0.9958,0.1368,9.9693,0.1648,35.3108,35.3108,19.1424,4.3752,0.9742,0.9742,0.9958,0.1368,0.1368,9.9693,0.1648,0.0,0.0,0.0,0.0,0.0,0.0,174.23,62.26,174.29,62.01,174.29,62.01,13.47,74.21,CUDA,Bicubic Baseline (3x)
1337,00001426_001.png,sub_NIH,3,ok,40.451,5.8611,2.421,0.9506,0.9922,0.2546,9.9823,0.1727,40.451,40.451,5.8611,2.421,0.9506,0.9506,0.9922,0.2546,0.2546,9.9823,0.1727,0.0,0.0,0.0,0.0,0.0,0.0,108.64,72.9,108.65,72.84,108.65,72.84,13.41,74.57,CUDA,Bicubic Baseline (3x)
1338,00001427_000.png,sub_NIH,3,ok,36.6988,13.9061,3.7291,0.9717,0.9952,0.1494,9.9832,0.1121,36.6988,36.6988,13.9061,3.7291,0.9717,0.9717,0.9952,0.1494,0.1494,9.9832,0.1121,0.0,0.0,0.0,0.0,0.0,0.0,153.89,60.81,153.95,60.66,153.95,60.66,13.23,75.59,CUDA,Bicubic Baseline (3x)
1339,00001428_000.png,sub_NIH,3,ok,43.6037,2.836,1.684,0.9735,0.9947,0.1688,9.9868,0.2239,43.6037,43.6037,2.836,1.684,0.9735,0.9735,0.9947,0.1688,0.1688,9.9868,0.2239,0.0,0.0,0.0,0.0,0.0,0.0,154.09,51.03,154.09,50.98,154.09,50.98,13.16,76.01,CUDA,Bicubic Baseline (3x)
1340,00001429_000.png,sub_NIH,3,ok,38.8676,8.4396,2.9051,0.9466,0.9907,0.208,9.9753,0.205,38.8676,38.8676,8.4396,2.9051,0.9466,0.9466,0.9907,0.208,0.208,9.9753,0.205,0.0,0.0,0.0,0.0,0.0,0.0,88.21,66.57,88.21,66.44,88.21,66.44,13.31,75.14,CUDA,Bicubic Baseline (3x)
1341,00001429_001.png,sub_NIH,3,ok,38.3713,9.4613,3.0759,0.9397,0.9897,0.2478,9.9707,0.2316,38.3713,38.3713,9.4613,3.0759,0.9397,0.9397,0.9897,0.2478,0.2478,9.9707,0.2316,0.0,0.0,0.0,0.0,0.0,0.0,89.75,65.93,89.76,65.8,89.76,65.8,13.17,75.95,CUDA,Bicubic Baseline (3x)
1342,00001429_002.png,sub_NIH,3,ok,33.3058,30.3742,5.5113,0.9656,0.9931,0.1849,9.9359,0.2697,33.3058,33.3058,30.3742,5.5113,0.9656,0.9656,0.9931,0.1849,0.1849,9.9359,0.2697,0.0,0.0,0.0,0.0,0.0,0.0,112.35,52.14,112.38,51.72,112.38,51.72,13.65,73.28,CUDA,Bicubic Baseline (3x)
1343,00001430_001.png,sub_NIH,3,ok,41.5402,4.561,2.1356,0.9644,0.9934,0.2015,9.9853,0.1813,41.5402,41.5402,4.561,2.1356,0.9644,0.9644,0.9934,0.2015,0.2015,9.9853,0.1813,0.0,0.0,0.0,0.0,0.0,0.0,161.96,55.99,161.96,55.91,161.96,55.91,13.12,76.23,CUDA,Bicubic Baseline (3x)
1344,00001433_001.png,sub_NIH,3,ok,41.6577,4.4393,2.107,0.9787,0.9959,0.1238,9.9865,0.1513,41.6577,41.6577,4.4393,2.107,0.9787,0.9787,0.9959,0.1238,0.1238,9.9865,0.1513,0.0,0.0,0.0,0.0,0.0,0.0,181.86,46.54,181.85,46.46,181.85,46.46,14.24,70.21,CUDA,Bicubic Baseline (3x)
1345,00001437_002.png,sub_NIH,3,ok,34.721,21.9271,4.6826,0.9572,0.9919,0.2223,9.9446,0.2321,34.721,34.721,21.9271,4.6826,0.9572,0.9572,0.9919,0.2223,0.2223,9.9446,0.2321,0.0,0.0,0.0,0.0,0.0,0.0,116.71,63.83,116.76,63.48,116.76,63.48,13.81,72.4,CUDA,Bicubic Baseline (3x)
1346,00001437_004.png,sub_NIH,3,ok,32.6859,35.034,5.919,0.9621,0.9925,0.2044,9.9325,0.245,32.6859,32.6859,35.034,5.919,0.9621,0.9621,0.9925,0.2044,0.2044,9.9325,0.245,0.0,0.0,0.0,0.0,0.0,0.0,112.05,62.79,112.1,62.36,112.1,62.36,18.43,54.25,CUDA,Bicubic Baseline (3x)
1347,00001437_005.png,sub_NIH,3,ok,34.7177,21.9436,4.6844,0.9673,0.9935,0.184,9.9718,0.1487,34.7177,34.7177,21.9436,4.6844,0.9673,0.9673,0.9935,0.184,0.184,9.9718,0.1487,0.0,0.0,0.0,0.0,0.0,0.0,100.49,62.55,100.54,62.31,100.54,62.31,13.08,76.44,CUDA,Bicubic Baseline (3x)
1348,00001437_008.png,sub_NIH,3,ok,32.8065,34.0745,5.8373,0.9513,0.9909,0.2497,9.951,0.1911,32.8065,32.8065,34.0745,5.8373,0.9513,0.9513,0.9909,0.2497,0.2497,9.951,0.1911,0.0,0.0,0.0,0.0,0.0,0.0,116.36,59.89,116.43,59.49,116.43,59.49,13.1,76.33,CUDA,Bicubic Baseline (3x)
1349,00001437_016.png,sub_NIH,3,ok,32.7259,34.713,5.8918,0.9386,0.9904,0.2852,9.9091,0.2597,32.7259,32.7259,34.713,5.8918,0.9386,0.9386,0.9904,0.2852,0.2852,9.9091,0.2597,0.0,0.0,0.0,0.0,0.0,0.0,115.8,68.56,115.85,68.01,115.85,68.01,13.55,73.82,CUDA,Bicubic Baseline (3x)
1350,00001437_019.png,sub_NIH,3,ok,31.5147,45.8783,6.7734,0.9499,0.9913,0.2216,9.9047,0.2652,31.5147,31.5147,45.8783,6.7734,0.9499,0.9499,0.9913,0.2216,0.2216,9.9047,0.2652,0.0,0.0,0.0,0.0,0.0,0.0,121.87,73.0,121.96,72.44,121.96,72.44,13.44,74.43,CUDA,Bicubic Baseline (3x)
1351,00001437_022.png,sub_NIH,3,ok,31.4033,47.0709,6.8608,0.9461,0.9905,0.2318,9.9112,0.2346,31.4033,31.4033,47.0709,6.8608,0.9461,0.9461,0.9905,0.2318,0.2318,9.9112,0.2346,0.0,0.0,0.0,0.0,0.0,0.0,130.4,66.06,130.47,65.48,130.47,65.48,14.11,70.87,CUDA,Bicubic Baseline (3x)
1352,00001437_025.png,sub_NIH,3,ok,38.3957,9.4083,3.0673,0.9338,0.9893,0.3024,9.9816,0.1463,38.3957,38.3957,9.4083,3.0673,0.9338,0.9338,0.9893,0.3024,0.3024,9.9816,0.1463,0.0,0.0,0.0,0.0,0.0,0.0,124.44,72.98,124.46,72.88,124.46,72.88,13.17,75.91,CUDA,Bicubic Baseline (3x)
1353,00001437_041.png,sub_NIH,3,ok,32.409,37.3407,6.1107,0.9548,0.9913,0.2179,9.913,0.2773,32.409,32.409,37.3407,6.1107,0.9548,0.9548,0.9913,0.2179,0.2179,9.913,0.2773,0.0,0.0,0.0,0.0,0.0,0.0,101.52,63.31,101.58,62.8,101.58,62.8,13.45,74.34,CUDA,Bicubic Baseline (3x)
1354,00001437_042.png,sub_NIH,3,ok,33.2224,30.9627,5.5644,0.9665,0.9937,0.1804,9.9297,0.2767,33.2224,33.2224,30.9627,5.5644,0.9665,0.9665,0.9937,0.1804,0.1804,9.9297,0.2767,0.0,0.0,0.0,0.0,0.0,0.0,111.89,62.33,111.93,61.94,111.93,61.94,12.68,78.88,CUDA,Bicubic Baseline (3x)
1355,00001437_045.png,sub_NIH,3,ok,35.8263,17.0,4.1231,0.9699,0.9946,0.1831,9.9708,0.2015,35.8263,35.8263,17.0,4.1231,0.9699,0.9699,0.9946,0.1831,0.1831,9.9708,0.2015,0.0,0.0,0.0,0.0,0.0,0.0,106.1,71.26,106.15,71.09,106.15,71.09,13.18,75.9,CUDA,Bicubic Baseline (3x)
1356,00001437_051.png,sub_NIH,3,ok,33.1586,31.4211,5.6054,0.9626,0.9926,0.1957,9.9284,0.2643,33.1586,33.1586,31.4211,5.6054,0.9626,0.9626,0.9926,0.1957,0.1957,9.9284,0.2643,0.0,0.0,0.0,0.0,0.0,0.0,103.04,61.94,103.09,61.52,103.09,61.52,13.22,75.63,CUDA,Bicubic Baseline (3x)
1357,00001444_000.png,sub_NIH,3,ok,40.9134,5.2691,2.2955,0.9688,0.9938,0.17,9.9825,0.2047,40.9134,40.9134,5.2691,2.2955,0.9688,0.9688,0.9938,0.17,0.17,9.9825,0.2047,0.0,0.0,0.0,0.0,0.0,0.0,156.32,52.03,156.33,51.93,156.33,51.93,13.24,75.55,CUDA,Bicubic Baseline (3x)
1358,00001445_001.png,sub_NIH,3,ok,36.4492,14.7286,3.8378,0.9682,0.9945,0.1554,9.9738,0.1611,36.4492,36.4492,14.7286,3.8378,0.9682,0.9682,0.9945,0.1554,0.1554,9.9738,0.1611,0.0,0.0,0.0,0.0,0.0,0.0,145.55,69.54,145.61,69.36,145.61,69.36,14.26,70.11,CUDA,Bicubic Baseline (3x)
1359,00001445_002.png,sub_NIH,3,ok,34.2604,24.3803,4.9376,0.9699,0.9945,0.1398,9.9514,0.1281,34.2604,34.2604,24.3803,4.9376,0.9699,0.9699,0.9945,0.1398,0.1398,9.9514,0.1281,0.0,0.0,0.0,0.0,0.0,0.0,137.08,83.58,137.14,83.26,137.14,83.26,13.18,75.88,CUDA,Bicubic Baseline (3x)
1360,00001447_000.png,sub_NIH,3,ok,35.2383,19.4648,4.4119,0.9696,0.9952,0.1476,9.98,0.1009,35.2383,35.2383,19.4648,4.4119,0.9696,0.9696,0.9952,0.1476,0.1476,9.98,0.1009,0.0,0.0,0.0,0.0,0.0,0.0,145.12,76.75,145.18,76.62,145.18,76.62,13.17,75.95,CUDA,Bicubic Baseline (3x)
1361,00001449_000.png,sub_NIH,3,ok,43.0454,3.2251,1.7959,0.9767,0.9953,0.1567,9.986,0.2108,43.0454,43.0454,3.2251,1.7959,0.9767,0.9767,0.9953,0.1567,0.1567,9.986,0.2108,0.0,0.0,0.0,0.0,0.0,0.0,160.88,49.53,160.89,49.47,160.89,49.47,13.47,74.26,CUDA,Bicubic Baseline (3x)
1362,00001456_000.png,sub_NIH,3,ok,39.1889,7.8376,2.7996,0.9397,0.9903,0.3021,9.9817,0.1585,39.1889,39.1889,7.8376,2.7996,0.9397,0.9397,0.9903,0.3021,0.3021,9.9817,0.1585,0.0,0.0,0.0,0.0,0.0,0.0,126.16,61.36,126.17,61.26,126.17,61.26,13.94,71.75,CUDA,Bicubic Baseline (3x)
1363,00001457_001.png,sub_NIH,3,ok,32.4271,37.1849,6.0979,0.9486,0.9903,0.2046,9.9034,0.2778,32.4271,32.4271,37.1849,6.0979,0.9486,0.9486,0.9903,0.2046,0.2046,9.9034,0.2778,0.0,0.0,0.0,0.0,0.0,0.0,129.43,56.6,129.49,56.03,129.49,56.03,13.35,74.89,CUDA,Bicubic Baseline (3x)
1364,00001459_001.png,sub_NIH,3,ok,40.661,5.5845,2.3632,0.9532,0.9926,0.2653,9.9842,0.1544,40.661,40.661,5.5845,2.3632,0.9532,0.9532,0.9926,0.2653,0.2653,9.9842,0.1544,0.0,0.0,0.0,0.0,0.0,0.0,130.75,68.58,130.76,68.51,130.76,68.51,14.01,71.38,CUDA,Bicubic Baseline (3x)
1365,00001460_001.png,sub_NIH,3,ok,36.8545,13.4162,3.6628,0.9773,0.9953,0.1443,9.9598,0.2873,36.8545,36.8545,13.4162,3.6628,0.9773,0.9773,0.9953,0.1443,0.1443,9.9598,0.2873,0.0,0.0,0.0,0.0,0.0,0.0,154.44,54.16,154.44,53.96,154.44,53.96,15.51,64.47,CUDA,Bicubic Baseline (3x)
1366,00001460_003.png,sub_NIH,3,ok,39.4642,7.3563,2.7122,0.9552,0.9926,0.2312,9.979,0.1879,39.4642,39.4642,7.3563,2.7122,0.9552,0.9552,0.9926,0.2312,0.2312,9.979,0.1879,0.0,0.0,0.0,0.0,0.0,0.0,86.66,64.43,86.67,64.34,86.67,64.34,13.48,74.19,CUDA,Bicubic Baseline (3x)
1367,00001461_003.png,sub_NIH,3,ok,36.2509,15.4168,3.9264,0.9714,0.9952,0.1827,9.9834,0.081,36.2509,36.2509,15.4168,3.9264,0.9714,0.9714,0.9952,0.1827,0.1827,9.9834,0.081,0.0,0.0,0.0,0.0,0.0,0.0,132.49,40.71,132.55,40.46,132.55,40.46,13.55,73.8,CUDA,Bicubic Baseline (3x)
1368,00001462_000.png,sub_NIH,3,ok,39.3576,7.5391,2.7457,0.9446,0.9909,0.2535,9.9813,0.1664,39.3576,39.3576,7.5391,2.7457,0.9446,0.9446,0.9909,0.2535,0.2535,9.9813,0.1664,0.0,0.0,0.0,0.0,0.0,0.0,101.37,69.69,101.38,69.6,101.38,69.6,13.3,75.18,CUDA,Bicubic Baseline (3x)
1369,00001462_001.png,sub_NIH,3,ok,39.5196,7.2631,2.695,0.947,0.9914,0.2661,9.9785,0.1801,39.5196,39.5196,7.2631,2.695,0.947,0.947,0.9914,0.2661,0.2661,9.9785,0.1801,0.0,0.0,0.0,0.0,0.0,0.0,112.35,66.52,112.37,66.42,112.37,66.42,13.07,76.52,CUDA,Bicubic Baseline (3x)
1370,00001464_000.png,sub_NIH,3,ok,36.9445,13.141,3.625,0.979,0.9968,0.1441,9.9838,0.0988,36.9445,36.9445,13.141,3.625,0.979,0.979,0.9968,0.1441,0.1441,9.9838,0.0988,0.0,0.0,0.0,0.0,0.0,0.0,151.83,54.07,151.88,53.91,151.88,53.91,18.06,55.37,CUDA,Bicubic Baseline (3x)
1371,00001464_002.png,sub_NIH,3,ok,39.3814,7.4979,2.7382,0.9491,0.9921,0.2706,9.9785,0.1844,39.3814,39.3814,7.4979,2.7382,0.9491,0.9491,0.9921,0.2706,0.2706,9.9785,0.1844,0.0,0.0,0.0,0.0,0.0,0.0,112.52,67.62,112.53,67.52,112.53,67.52,14.31,69.87,CUDA,Bicubic Baseline (3x)
1372,00001464_004.png,sub_NIH,3,ok,38.6177,8.9394,2.9899,0.9403,0.9907,0.2991,9.9777,0.1716,38.6177,38.6177,8.9394,2.9899,0.9403,0.9403,0.9907,0.2991,0.2991,9.9777,0.1716,0.0,0.0,0.0,0.0,0.0,0.0,117.18,70.06,117.2,69.94,117.2,69.94,13.16,76.0,CUDA,Bicubic Baseline (3x)
1373,00001470_003.png,sub_NIH,3,ok,35.8287,16.9905,4.122,0.9788,0.9969,0.1416,9.9772,0.1314,35.8287,35.8287,16.9905,4.122,0.9788,0.9788,0.9969,0.1416,0.1416,9.9772,0.1314,0.0,0.0,0.0,0.0,0.0,0.0,158.58,43.87,158.64,43.61,158.64,43.61,13.68,73.09,CUDA,Bicubic Baseline (3x)
1374,00001471_002.png,sub_NIH,3,ok,40.0455,6.4347,2.5367,0.9503,0.9918,0.2578,9.983,0.16,40.0455,40.0455,6.4347,2.5367,0.9503,0.9503,0.9918,0.2578,0.2578,9.983,0.16,0.0,0.0,0.0,0.0,0.0,0.0,107.04,66.0,107.05,65.92,107.05,65.92,13.11,76.3,CUDA,Bicubic Baseline (3x)
1375,00001472_000.png,sub_NIH,3,ok,40.1439,6.2905,2.5081,0.9459,0.9913,0.2768,9.986,0.131,40.1439,40.1439,6.2905,2.5081,0.9459,0.9459,0.9913,0.2768,0.2768,9.986,0.131,0.0,0.0,0.0,0.0,0.0,0.0,133.29,62.26,133.31,62.18,133.31,62.18,13.6,73.54,CUDA,Bicubic Baseline (3x)
1376,00001473_001.png,sub_NIH,3,ok,40.7623,5.4557,2.3357,0.95,0.9919,0.2686,9.985,0.146,40.7623,40.7623,5.4557,2.3357,0.95,0.95,0.9919,0.2686,0.2686,9.985,0.146,0.0,0.0,0.0,0.0,0.0,0.0,118.02,70.17,118.03,70.11,118.03,70.11,13.13,76.15,CUDA,Bicubic Baseline (3x)
1377,00001478_000.png,sub_NIH,3,ok,37.0986,12.6828,3.5613,0.9639,0.9928,0.1805,9.9445,0.3815,37.0986,37.0986,12.6828,3.5613,0.9639,0.9639,0.9928,0.1805,0.1805,9.9445,0.3815,0.0,0.0,0.0,0.0,0.0,0.0,136.54,57.69,136.57,57.4,136.57,57.4,13.03,76.75,CUDA,Bicubic Baseline (3x)
1378,00001480_000.png,sub_NIH,3,ok,41.9144,4.1845,2.0456,0.9787,0.9959,0.1239,9.9811,0.2671,41.9144,41.9144,4.1845,2.0456,0.9787,0.9787,0.9959,0.1239,0.1239,9.9811,0.2671,0.0,0.0,0.0,0.0,0.0,0.0,145.38,67.01,145.38,66.95,145.38,66.95,13.12,76.2,CUDA,Bicubic Baseline (3x)
1379,00001483_000.png,sub_NIH,3,ok,40.3459,6.0048,2.4505,0.9484,0.9917,0.2737,9.9846,0.1438,40.3459,40.3459,6.0048,2.4505,0.9484,0.9484,0.9917,0.2737,0.2737,9.9846,0.1438,0.0,0.0,0.0,0.0,0.0,0.0,111.68,73.57,111.71,73.51,111.71,73.51,14.11,70.89,CUDA,Bicubic Baseline (3x)
1380,00001483_002.png,sub_NIH,3,ok,39.0012,8.1839,2.8607,0.9476,0.9914,0.2612,9.9757,0.1819,39.0012,39.0012,8.1839,2.8607,0.9476,0.9476,0.9914,0.2612,0.2612,9.9757,0.1819,0.0,0.0,0.0,0.0,0.0,0.0,106.53,71.6,106.55,71.5,106.55,71.5,13.13,76.17,CUDA,Bicubic Baseline (3x)
1381,00001483_004.png,sub_NIH,3,ok,39.2679,7.6964,2.7742,0.9722,0.9956,0.2059,9.9903,0.061,39.2679,39.2679,7.6964,2.7742,0.9722,0.9722,0.9956,0.2059,0.2059,9.9903,0.061,0.0,0.0,0.0,0.0,0.0,0.0,110.63,54.41,110.67,54.33,110.67,54.33,13.15,76.05,CUDA,Bicubic Baseline (3x)
1382,00001483_007.png,sub_NIH,3,ok,40.7197,5.5095,2.3472,0.951,0.9921,0.2548,9.9862,0.1355,40.7197,40.7197,5.5095,2.3472,0.951,0.951,0.9921,0.2548,0.2548,9.9862,0.1355,0.0,0.0,0.0,0.0,0.0,0.0,111.87,76.18,111.89,76.12,111.89,76.12,13.11,76.3,CUDA,Bicubic Baseline (3x)
1383,00001483_009.png,sub_NIH,3,ok,40.3538,5.9937,2.4482,0.9478,0.9915,0.2653,9.984,0.1533,40.3538,40.3538,5.9937,2.4482,0.9478,0.9478,0.9915,0.2653,0.2653,9.984,0.1533,0.0,0.0,0.0,0.0,0.0,0.0,110.31,74.73,110.33,74.66,110.33,74.66,15.32,65.27,CUDA,Bicubic Baseline (3x)
1384,00001483_015.png,sub_NIH,3,ok,39.2327,7.7592,2.7855,0.9372,0.99,0.3099,9.9849,0.127,39.2327,39.2327,7.7592,2.7855,0.9372,0.9372,0.99,0.3099,0.3099,9.9849,0.127,0.0,0.0,0.0,0.0,0.0,0.0,123.11,67.24,123.13,67.16,123.13,67.16,14.17,70.58,CUDA,Bicubic Baseline (3x)
1385,00001483_021.png,sub_NIH,3,ok,37.062,12.7902,3.5763,0.9787,0.9963,0.1581,9.9778,0.2038,37.062,37.062,12.7902,3.5763,0.9787,0.9787,0.9963,0.1581,0.1581,9.9778,0.2038,0.0,0.0,0.0,0.0,0.0,0.0,119.48,49.71,119.53,49.52,119.53,49.52,13.56,73.74,CUDA,Bicubic Baseline (3x)
1386,00001483_023.png,sub_NIH,3,ok,35.0109,20.5114,4.5289,0.9725,0.9954,0.1799,9.944,0.2858,35.0109,35.0109,20.5114,4.5289,0.9725,0.9725,0.9954,0.1799,0.1799,9.944,0.2858,0.0,0.0,0.0,0.0,0.0,0.0,109.7,65.59,109.75,65.32,109.75,65.32,14.91,67.08,CUDA,Bicubic Baseline (3x)
1387,00001484_001.png,sub_NIH,3,ok,39.9908,6.5163,2.5527,0.9387,0.9902,0.2956,9.9857,0.1338,39.9908,39.9908,6.5163,2.5527,0.9387,0.9387,0.9902,0.2956,0.2956,9.9857,0.1338,0.0,0.0,0.0,0.0,0.0,0.0,122.37,74.46,122.38,74.4,122.38,74.4,13.18,75.85,CUDA,Bicubic Baseline (3x)
1388,00001485_001.png,sub_NIH,3,ok,39.2991,7.6414,2.7643,0.9772,0.9956,0.1333,9.9746,0.218,39.2991,39.2991,7.6414,2.7643,0.9772,0.9772,0.9956,0.1333,0.1333,9.9746,0.218,0.0,0.0,0.0,0.0,0.0,0.0,147.08,56.64,147.09,56.5,147.09,56.5,13.56,73.77,CUDA,Bicubic Baseline (3x)
1389,00001486_000.png,sub_NIH,3,ok,44.1793,2.484,1.5761,0.9734,0.9947,0.1771,9.9885,0.1891,44.1793,44.1793,2.484,1.5761,0.9734,0.9734,0.9947,0.1771,0.1771,9.9885,0.1891,0.0,0.0,0.0,0.0,0.0,0.0,170.85,40.28,170.85,40.23,170.85,40.23,13.11,76.26,CUDA,Bicubic Baseline (3x)
1390,00001491_000.png,sub_NIH,3,ok,42.2304,3.8908,1.9725,0.9718,0.9946,0.1767,9.981,0.258,42.2304,42.2304,3.8908,1.9725,0.9718,0.9718,0.9946,0.1767,0.1767,9.981,0.258,0.0,0.0,0.0,0.0,0.0,0.0,165.14,46.92,165.14,46.83,165.14,46.83,13.35,74.9,CUDA,Bicubic Baseline (3x)
1391,00001495_002.png,sub_NIH,3,ok,39.9416,6.5905,2.5672,0.9531,0.9925,0.2527,9.9829,0.1512,39.9416,39.9416,6.5905,2.5672,0.9531,0.9531,0.9925,0.2527,0.2527,9.9829,0.1512,0.0,0.0,0.0,0.0,0.0,0.0,107.76,72.69,107.78,72.61,107.78,72.61,13.55,73.8,CUDA,Bicubic Baseline (3x)
1392,00001496_002.png,sub_NIH,3,ok,36.4106,14.8602,3.8549,0.9738,0.9957,0.1477,9.9877,0.0512,36.4106,36.4106,14.8602,3.8549,0.9738,0.9738,0.9957,0.1477,0.1477,9.9877,0.0512,0.0,0.0,0.0,0.0,0.0,0.0,168.73,56.64,168.79,56.48,168.79,56.48,16.03,62.4,CUDA,Bicubic Baseline (3x)
1393,00001498_000.png,sub_NIH,3,ok,40.9347,5.2434,2.2898,0.9445,0.9913,0.2808,9.9879,0.1135,40.9347,40.9347,5.2434,2.2898,0.9445,0.9445,0.9913,0.2808,0.2808,9.9879,0.1135,0.0,0.0,0.0,0.0,0.0,0.0,124.82,72.31,124.83,72.25,124.83,72.25,13.28,75.3,CUDA,Bicubic Baseline (3x)
1394,00001499_000.png,sub_NIH,3,ok,40.3553,5.9917,2.4478,0.9723,0.9947,0.1485,9.9757,0.2835,40.3553,40.3553,5.9917,2.4478,0.9723,0.9723,0.9947,0.1485,0.1485,9.9757,0.2835,0.0,0.0,0.0,0.0,0.0,0.0,147.68,62.97,147.68,62.88,147.68,62.88,13.13,76.16,CUDA,Bicubic Baseline (3x)
1395,00001500_002.png,sub_NIH,3,ok,40.8551,5.3403,2.3109,0.9434,0.9909,0.3229,9.9876,0.1194,40.8551,40.8551,5.3403,2.3109,0.9434,0.9434,0.9909,0.3229,0.3229,9.9876,0.1194,0.0,0.0,0.0,0.0,0.0,0.0,136.79,60.97,136.79,60.91,136.79,60.91,13.36,74.86,CUDA,Bicubic Baseline (3x)
1396,00001501_007.png,sub_NIH,3,ok,43.9963,2.5909,1.6096,0.9782,0.9957,0.156,9.9875,0.1985,43.9963,43.9963,2.5909,1.6096,0.9782,0.9782,0.9957,0.156,0.156,9.9875,0.1985,0.0,0.0,0.0,0.0,0.0,0.0,161.93,50.99,161.93,50.94,161.93,50.94,13.24,75.51,CUDA,Bicubic Baseline (3x)
1397,00001504_007.png,sub_NIH,3,ok,39.9843,6.5261,2.5546,0.9449,0.991,0.2705,9.9846,0.1456,39.9843,39.9843,6.5261,2.5546,0.9449,0.9449,0.991,0.2705,0.2705,9.9846,0.1456,0.0,0.0,0.0,0.0,0.0,0.0,117.08,67.15,117.09,67.08,117.09,67.08,13.45,74.35,CUDA,Bicubic Baseline (3x)
1398,00001504_010.png,sub_NIH,3,ok,40.6676,5.576,2.3613,0.9471,0.9914,0.2753,9.9858,0.1422,40.6676,40.6676,5.576,2.3613,0.9471,0.9471,0.9914,0.2753,0.2753,9.9858,0.1422,0.0,0.0,0.0,0.0,0.0,0.0,133.17,62.99,133.18,62.92,133.18,62.92,13.79,72.53,CUDA,Bicubic Baseline (3x)
1399,00001504_012.png,sub_NIH,3,ok,40.74,5.4838,2.3418,0.9484,0.9916,0.2668,9.9859,0.1427,40.74,40.74,5.4838,2.3418,0.9484,0.9484,0.9916,0.2668,0.2668,9.9859,0.1427,0.0,0.0,0.0,0.0,0.0,0.0,130.56,63.29,130.57,63.22,130.57,63.22,13.56,73.75,CUDA,Bicubic Baseline (3x)
1400,00001504_015.png,sub_NIH,3,ok,40.5908,5.6754,2.3823,0.9453,0.9911,0.2759,9.9868,0.1316,40.5908,40.5908,5.6754,2.3823,0.9453,0.9453,0.9911,0.2759,0.2759,9.9868,0.1316,0.0,0.0,0.0,0.0,0.0,0.0,112.87,65.44,112.88,65.38,112.88,65.38,13.37,74.79,CUDA,Bicubic Baseline (3x)
1401,00001515_000.png,sub_NIH,3,ok,34.4305,23.4439,4.8419,0.9634,0.9943,0.1862,9.9846,0.0514,34.4305,34.4305,23.4439,4.8419,0.9634,0.9634,0.9943,0.1862,0.1862,9.9846,0.0514,0.0,0.0,0.0,0.0,0.0,0.0,171.47,60.16,171.54,59.96,171.54,59.96,13.67,73.14,CUDA,Bicubic Baseline (3x)
1402,00001517_004.png,sub_NIH,3,ok,35.5737,18.0182,4.2448,0.9773,0.9966,0.133,9.9725,0.1198,35.5737,35.5737,18.0182,4.2448,0.9773,0.9773,0.9966,0.133,0.133,9.9725,0.1198,0.0,0.0,0.0,0.0,0.0,0.0,144.19,67.27,144.26,67.06,144.26,67.06,13.2,75.78,CUDA,Bicubic Baseline (3x)
1403,00001517_011.png,sub_NIH,3,ok,33.7513,27.4126,5.2357,0.9645,0.9934,0.1663,9.9583,0.1976,33.7513,33.7513,27.4126,5.2357,0.9645,0.9645,0.9934,0.1663,0.1663,9.9583,0.1976,0.0,0.0,0.0,0.0,0.0,0.0,133.72,60.95,133.8,60.58,133.8,60.58,14.92,67.02,CUDA,Bicubic Baseline (3x)
1404,00001517_013.png,sub_NIH,3,ok,32.8912,33.4161,5.7807,0.9726,0.9951,0.1644,9.9305,0.2523,32.8912,32.8912,33.4161,5.7807,0.9726,0.9726,0.9951,0.1644,0.1644,9.9305,0.2523,0.0,0.0,0.0,0.0,0.0,0.0,145.43,59.9,145.49,59.44,145.49,59.44,13.39,74.67,CUDA,Bicubic Baseline (3x)
1405,00001525_001.png,sub_NIH,3,ok,35.9921,16.3634,4.0452,0.9723,0.9959,0.1596,9.97,0.2177,35.9921,35.9921,16.3634,4.0452,0.9723,0.9723,0.9959,0.1596,0.1596,9.97,0.2177,0.0,0.0,0.0,0.0,0.0,0.0,166.37,51.27,166.43,51.0,166.43,51.0,13.5,74.07,CUDA,Bicubic Baseline (3x)
1406,00001526_000.png,sub_NIH,3,ok,43.6096,2.8322,1.6829,0.9838,0.9968,0.1233,9.9856,0.2261,43.6096,43.6096,2.8322,1.6829,0.9838,0.9838,0.9968,0.1233,0.1233,9.9856,0.2261,0.0,0.0,0.0,0.0,0.0,0.0,153.68,53.09,153.68,53.04,153.68,53.04,13.76,72.69,CUDA,Bicubic Baseline (3x)
1407,00001526_008.png,sub_NIH,3,ok,35.3765,18.8551,4.3422,0.9789,0.9958,0.1168,9.9337,0.3447,35.3765,35.3765,18.8551,4.3422,0.9789,0.9789,0.9958,0.1168,0.1168,9.9337,0.3447,0.0,0.0,0.0,0.0,0.0,0.0,149.88,62.9,149.88,62.62,149.88,62.62,14.74,67.86,CUDA,Bicubic Baseline (3x)
1408,00001528_000.png,sub_NIH,3,ok,36.3963,14.9091,3.8612,0.9671,0.9949,0.2186,9.9846,0.0674,36.3963,36.3963,14.9091,3.8612,0.9671,0.9671,0.9949,0.2186,0.2186,9.9846,0.0674,0.0,0.0,0.0,0.0,0.0,0.0,132.93,38.96,132.99,38.68,132.99,38.68,13.19,75.8,CUDA,Bicubic Baseline (3x)
1409,00001528_002.png,sub_NIH,3,ok,36.813,13.5449,3.6803,0.9725,0.9958,0.1827,9.9833,0.0853,36.813,36.813,13.5449,3.6803,0.9725,0.9725,0.9958,0.1827,0.1827,9.9833,0.0853,0.0,0.0,0.0,0.0,0.0,0.0,137.48,44.0,137.53,43.78,137.53,43.78,13.11,76.25,CUDA,Bicubic Baseline (3x)
1410,00001528_004.png,sub_NIH,3,ok,36.4289,14.7977,3.8468,0.9785,0.9969,0.1471,9.9905,0.0179,36.4289,36.4289,14.7977,3.8468,0.9785,0.9785,0.9969,0.1471,0.1471,9.9905,0.0179,0.0,0.0,0.0,0.0,0.0,0.0,155.97,39.18,156.04,38.95,156.04,38.95,17.23,58.05,CUDA,Bicubic Baseline (3x)
1411,00001532_000.png,sub_NIH,3,ok,42.2696,3.8559,1.9636,0.9749,0.9952,0.1654,9.9801,0.2693,42.2696,42.2696,3.8559,1.9636,0.9749,0.9749,0.9952,0.1654,0.1654,9.9801,0.2693,0.0,0.0,0.0,0.0,0.0,0.0,159.24,53.56,159.24,53.48,159.24,53.48,13.28,75.28,CUDA,Bicubic Baseline (3x)
1412,00001534_006.png,sub_NIH,3,ok,39.9919,6.5147,2.5524,0.9386,0.9902,0.3135,9.9856,0.1297,39.9919,39.9919,6.5147,2.5524,0.9386,0.9386,0.9902,0.3135,0.3135,9.9856,0.1297,0.0,0.0,0.0,0.0,0.0,0.0,128.29,67.92,128.3,67.84,128.3,67.84,13.88,72.03,CUDA,Bicubic Baseline (3x)
1413,00001540_000.png,sub_NIH,3,ok,43.3611,2.999,1.7318,0.9739,0.9949,0.16,9.9861,0.2255,43.3611,43.3611,2.999,1.7318,0.9739,0.9739,0.9949,0.16,0.16,9.9861,0.2255,0.0,0.0,0.0,0.0,0.0,0.0,159.55,53.2,159.55,53.15,159.55,53.15,13.77,72.63,CUDA,Bicubic Baseline (3x)
1414,00001540_001.png,sub_NIH,3,ok,44.4927,2.3111,1.5202,0.9758,0.9952,0.1623,9.9882,0.2024,44.4927,44.4927,2.3111,1.5202,0.9758,0.9758,0.9952,0.1623,0.1623,9.9882,0.2024,0.0,0.0,0.0,0.0,0.0,0.0,155.07,46.65,155.08,46.6,155.08,46.6,13.08,76.46,CUDA,Bicubic Baseline (3x)
1415,00001543_007.png,sub_NIH,3,ok,33.2085,31.0624,5.5734,0.9783,0.9962,0.1232,9.9436,0.2378,33.2085,33.2085,31.0624,5.5734,0.9783,0.9783,0.9962,0.1232,0.1232,9.9436,0.2378,0.0,0.0,0.0,0.0,0.0,0.0,152.56,59.68,152.61,59.31,152.61,59.31,13.15,76.07,CUDA,Bicubic Baseline (3x)
1416,00001543_008.png,sub_NIH,3,ok,38.9138,8.3502,2.8897,0.9367,0.9899,0.3034,9.9777,0.1817,38.9138,38.9138,8.3502,2.8897,0.9367,0.9367,0.9899,0.3034,0.3034,9.9777,0.1817,0.0,0.0,0.0,0.0,0.0,0.0,128.86,65.63,128.87,65.52,128.87,65.52,16.7,59.87,CUDA,Bicubic Baseline (3x)
1417,00001545_000.png,sub_NIH,3,ok,43.4345,2.9487,1.7172,0.9764,0.9953,0.1558,9.986,0.2175,43.4345,43.4345,2.9487,1.7172,0.9764,0.9764,0.9953,0.1558,0.1558,9.986,0.2175,0.0,0.0,0.0,0.0,0.0,0.0,148.2,55.12,148.2,55.07,148.2,55.07,13.64,73.33,CUDA,Bicubic Baseline (3x)
1418,00001547_001.png,sub_NIH,3,ok,40.4866,5.8133,2.4111,0.957,0.9932,0.2239,9.9818,0.1705,40.4866,40.4866,5.8133,2.4111,0.957,0.957,0.9932,0.2239,0.2239,9.9818,0.1705,0.0,0.0,0.0,0.0,0.0,0.0,117.11,71.28,117.13,71.2,117.13,71.2,15.73,63.57,CUDA,Bicubic Baseline (3x)
1419,00001547_003.png,sub_NIH,3,ok,36.3761,14.9785,3.8702,0.9741,0.9958,0.1337,9.9849,0.0774,36.3761,36.3761,14.9785,3.8702,0.9741,0.9741,0.9958,0.1337,0.1337,9.9849,0.0774,0.0,0.0,0.0,0.0,0.0,0.0,170.25,62.05,170.31,61.89,170.31,61.89,15.63,63.98,CUDA,Bicubic Baseline (3x)
1420,00001549_002.png,sub_NIH,3,ok,32.6972,34.9431,5.9113,0.9743,0.9953,0.1758,9.9705,0.0572,32.6972,32.6972,34.9431,5.9113,0.9743,0.9743,0.9953,0.1758,0.1758,9.9705,0.0572,0.0,0.0,0.0,0.0,0.0,0.0,107.14,57.33,107.21,56.95,107.21,56.95,13.33,75.0,CUDA,Bicubic Baseline (3x)
1421,00001549_006.png,sub_NIH,3,ok,31.4427,46.6451,6.8297,0.9593,0.9928,0.2492,9.9286,0.1854,31.4427,31.4427,46.6451,6.8297,0.9593,0.9593,0.9928,0.2492,0.2492,9.9286,0.1854,0.0,0.0,0.0,0.0,0.0,0.0,126.69,46.98,126.76,46.26,126.76,46.26,13.48,74.21,CUDA,Bicubic Baseline (3x)
1422,00001549_018.png,sub_NIH,3,ok,32.7055,34.8761,5.9056,0.9709,0.995,0.2118,9.9679,0.0634,32.7055,32.7055,34.8761,5.9056,0.9709,0.9709,0.995,0.2118,0.2118,9.9679,0.0634,0.0,0.0,0.0,0.0,0.0,0.0,106.56,54.31,106.63,53.9,106.63,53.9,13.33,75.03,CUDA,Bicubic Baseline (3x)
1423,00001549_023.png,sub_NIH,3,ok,31.6063,44.9209,6.7023,0.9551,0.9911,0.259,9.9577,0.1191,31.6063,31.6063,44.9209,6.7023,0.9551,0.9551,0.9911,0.259,0.259,9.9577,0.1191,0.0,0.0,0.0,0.0,0.0,0.0,118.25,46.9,118.31,46.29,118.31,46.29,13.45,74.36,CUDA,Bicubic Baseline (3x)
1424,00001549_024.png,sub_NIH,3,ok,32.1879,39.2904,6.2682,0.9513,0.9912,0.2548,9.9454,0.2014,32.1879,32.1879,39.2904,6.2682,0.9513,0.9513,0.9912,0.2548,0.2548,9.9454,0.2014,0.0,0.0,0.0,0.0,0.0,0.0,121.54,51.15,121.59,50.62,121.59,50.62,13.77,72.61,CUDA,Bicubic Baseline (3x)
1425,00001551_000.png,sub_NIH,3,ok,36.0209,16.2549,4.0317,0.9741,0.9957,0.1309,9.9437,0.3391,36.0209,36.0209,16.2549,4.0317,0.9741,0.9741,0.9957,0.1309,0.1309,9.9437,0.3391,0.0,0.0,0.0,0.0,0.0,0.0,114.42,81.41,114.46,81.17,114.46,81.17,13.12,76.21,CUDA,Bicubic Baseline (3x)
1426,00001551_001.png,sub_NIH,3,ok,40.1961,6.2154,2.4931,0.9609,0.9935,0.2182,9.9793,0.2025,40.1961,40.1961,6.2154,2.4931,0.9609,0.9609,0.9935,0.2182,0.2182,9.9793,0.2025,0.0,0.0,0.0,0.0,0.0,0.0,93.09,58.54,93.1,58.44,93.1,58.44,13.34,74.97,CUDA,Bicubic Baseline (3x)
1427,00001555_000.png,sub_NIH,3,ok,37.8896,10.5711,3.2513,0.9435,0.9903,0.2553,9.9807,0.1544,37.8896,37.8896,10.5711,3.2513,0.9435,0.9435,0.9903,0.2553,0.2553,9.9807,0.1544,0.0,0.0,0.0,0.0,0.0,0.0,88.22,64.43,88.23,64.32,88.23,64.32,13.18,75.86,CUDA,Bicubic Baseline (3x)
1428,00001555_002.png,sub_NIH,3,ok,40.9625,5.2099,2.2825,0.9567,0.9914,0.2137,9.984,0.204,40.9625,40.9625,5.2099,2.2825,0.9567,0.9567,0.9914,0.2137,0.2137,9.984,0.204,0.0,0.0,0.0,0.0,0.0,0.0,104.17,36.89,104.18,36.78,104.18,36.78,13.4,74.63,CUDA,Bicubic Baseline (3x)
1429,00001555_004.png,sub_NIH,3,ok,33.5823,28.5001,5.3386,0.9497,0.9916,0.2361,9.9385,0.2248,33.5823,33.5823,28.5001,5.3386,0.9497,0.9497,0.9916,0.2361,0.2361,9.9385,0.2248,0.0,0.0,0.0,0.0,0.0,0.0,93.26,65.5,93.29,65.12,93.29,65.12,13.16,75.99,CUDA,Bicubic Baseline (3x)
1430,00001558_008.png,sub_NIH,3,ok,34.6099,22.4953,4.7429,0.9732,0.9951,0.1767,9.9683,0.197,34.6099,34.6099,22.4953,4.7429,0.9732,0.9732,0.9951,0.1767,0.1767,9.9683,0.197,0.0,0.0,0.0,0.0,0.0,0.0,121.86,52.61,121.9,52.33,121.9,52.33,13.83,72.33,CUDA,Bicubic Baseline (3x)
1431,00001558_011.png,sub_NIH,3,ok,31.9269,41.7242,6.4594,0.9676,0.9937,0.2121,9.945,0.2306,31.9269,31.9269,41.7242,6.4594,0.9676,0.9676,0.9937,0.2121,0.2121,9.945,0.2306,0.0,0.0,0.0,0.0,0.0,0.0,118.15,40.13,118.2,39.46,118.2,39.46,13.19,75.83,CUDA,Bicubic Baseline (3x)
1432,00001558_019.png,sub_NIH,3,ok,33.5775,28.5321,5.3415,0.9758,0.9955,0.1523,9.9534,0.2266,33.5775,33.5775,28.5321,5.3415,0.9758,0.9758,0.9955,0.1523,0.1523,9.9534,0.2266,0.0,0.0,0.0,0.0,0.0,0.0,121.34,53.17,121.4,52.82,121.4,52.82,13.46,74.3,CUDA,Bicubic Baseline (3x)
1433,00001558_023.png,sub_NIH,3,ok,34.0905,25.3533,5.0352,0.9751,0.9957,0.1739,9.9511,0.2618,34.0905,34.0905,25.3533,5.0352,0.9751,0.9751,0.9957,0.1739,0.1739,9.9511,0.2618,0.0,0.0,0.0,0.0,0.0,0.0,115.02,50.57,115.06,50.22,115.06,50.22,13.4,74.61,CUDA,Bicubic Baseline (3x)
1434,00001558_028.png,sub_NIH,3,ok,31.5911,45.0781,6.714,0.9733,0.9953,0.1642,9.9454,0.1779,31.5911,31.5911,45.0781,6.714,0.9733,0.9733,0.9953,0.1642,0.1642,9.9454,0.1779,0.0,0.0,0.0,0.0,0.0,0.0,121.57,58.34,121.64,57.84,121.64,57.84,13.44,74.38,CUDA,Bicubic Baseline (3x)
1435,00001558_030.png,sub_NIH,3,ok,32.9089,33.2808,5.769,0.9741,0.9953,0.1735,9.941,0.2567,32.9089,32.9089,33.2808,5.769,0.9741,0.9741,0.9953,0.1735,0.1735,9.941,0.2567,0.0,0.0,0.0,0.0,0.0,0.0,112.67,62.4,112.73,62.03,112.73,62.03,13.31,75.12,CUDA,Bicubic Baseline (3x)
1436,00001558_038.png,sub_NIH,3,ok,32.5908,35.8093,5.9841,0.9718,0.9953,0.1809,9.9613,0.1504,32.5908,32.5908,35.8093,5.9841,0.9718,0.9718,0.9953,0.1809,0.1809,9.9613,0.1504,0.0,0.0,0.0,0.0,0.0,0.0,120.99,53.5,121.07,53.08,121.07,53.08,13.23,75.58,CUDA,Bicubic Baseline (3x)
1437,00001559_001.png,sub_NIH,3,ok,39.6199,7.0973,2.6641,0.9473,0.992,0.2821,9.9857,0.1173,39.6199,39.6199,7.0973,2.6641,0.9473,0.9473,0.992,0.2821,0.2821,9.9857,0.1173,0.0,0.0,0.0,0.0,0.0,0.0,133.8,69.66,133.82,69.59,133.82,69.59,13.08,76.44,CUDA,Bicubic Baseline (3x)
1438,00001561_003.png,sub_NIH,3,ok,39.9001,6.6538,2.5795,0.9736,0.9948,0.1484,9.9741,0.2941,39.9001,39.9001,6.6538,2.5795,0.9736,0.9736,0.9948,0.1484,0.1484,9.9741,0.2941,0.0,0.0,0.0,0.0,0.0,0.0,147.36,61.79,147.37,61.68,147.37,61.68,13.73,72.84,CUDA,Bicubic Baseline (3x)
1439,00001567_001.png,sub_NIH,3,ok,43.0447,3.2256,1.796,0.9732,0.9949,0.1688,9.9874,0.1748,43.0447,43.0447,3.2256,1.796,0.9732,0.9732,0.9949,0.1688,0.1688,9.9874,0.1748,0.0,0.0,0.0,0.0,0.0,0.0,153.11,50.57,153.11,50.51,153.11,50.51,13.58,73.66,CUDA,Bicubic Baseline (3x)
1440,00001568_001.png,sub_NIH,3,ok,36.3967,14.9078,3.8611,0.9843,0.9979,0.1027,9.9901,0.003,36.3967,36.3967,14.9078,3.8611,0.9843,0.9843,0.9979,0.1027,0.1027,9.9901,0.003,0.0,0.0,0.0,0.0,0.0,0.0,154.95,51.88,155.01,51.73,155.01,51.73,13.36,74.83,CUDA,Bicubic Baseline (3x)
1441,00001568_003.png,sub_NIH,3,ok,35.6383,17.7519,4.2133,0.983,0.9978,0.1077,9.9919,-0.0391,35.6383,35.6383,17.7519,4.2133,0.983,0.983,0.9978,0.1077,0.1077,9.9919,-0.0391,0.0,0.0,0.0,0.0,0.0,0.0,165.58,44.98,165.64,44.78,165.64,44.78,13.53,73.93,CUDA,Bicubic Baseline (3x)
1442,00001568_006.png,sub_NIH,3,ok,37.1138,12.6387,3.5551,0.9753,0.9962,0.1676,9.9833,0.1097,37.1138,37.1138,12.6387,3.5551,0.9753,0.9753,0.9962,0.1676,0.1676,9.9833,0.1097,0.0,0.0,0.0,0.0,0.0,0.0,111.98,60.22,112.02,60.1,112.02,60.1,13.47,74.25,CUDA,Bicubic Baseline (3x)
1443,00001569_000.png,sub_NIH,3,ok,34.0069,25.8456,5.0839,0.9572,0.9924,0.2228,9.9695,0.1499,34.0069,34.0069,25.8456,5.0839,0.9572,0.9572,0.9924,0.2228,0.2228,9.9695,0.1499,0.0,0.0,0.0,0.0,0.0,0.0,132.8,55.3,132.85,54.98,132.85,54.98,13.17,75.96,CUDA,Bicubic Baseline (3x)
1444,00001569_001.png,sub_NIH,3,ok,42.1276,3.984,1.996,0.9635,0.993,0.208,9.987,0.1696,42.1276,42.1276,3.984,1.996,0.9635,0.9635,0.993,0.208,0.208,9.987,0.1696,0.0,0.0,0.0,0.0,0.0,0.0,105.8,36.9,105.8,36.82,105.8,36.82,13.21,75.69,CUDA,Bicubic Baseline (3x)
1445,00001569_002.png,sub_NIH,3,ok,40.1947,6.2174,2.4935,0.9492,0.992,0.2736,9.9852,0.1321,40.1947,40.1947,6.2174,2.4935,0.9492,0.9492,0.992,0.2736,0.2736,9.9852,0.1321,0.0,0.0,0.0,0.0,0.0,0.0,109.58,68.59,109.58,68.52,109.58,68.52,13.2,75.73,CUDA,Bicubic Baseline (3x)
1446,00001574_000.png,sub_NIH,3,ok,43.015,3.2478,1.8022,0.9813,0.9963,0.1102,9.9808,0.287,43.015,43.015,3.2478,1.8022,0.9813,0.9813,0.9963,0.1102,0.1102,9.9808,0.287,0.0,0.0,0.0,0.0,0.0,0.0,162.45,58.3,162.45,58.23,162.45,58.23,13.15,76.06,CUDA,Bicubic Baseline (3x)
1447,00001577_000.png,sub_NIH,3,ok,42.3092,3.8208,1.9547,0.9703,0.9947,0.2112,9.9867,0.1592,42.3092,42.3092,3.8208,1.9547,0.9703,0.9703,0.9947,0.2112,0.2112,9.9867,0.1592,0.0,0.0,0.0,0.0,0.0,0.0,102.09,41.51,102.1,41.42,102.1,41.42,16.65,60.07,CUDA,Bicubic Baseline (3x)
1448,00001578_000.png,sub_NIH,3,ok,39.2653,7.7011,2.7751,0.9459,0.9912,0.264,9.9789,0.176,39.2653,39.2653,7.7011,2.7751,0.9459,0.9459,0.9912,0.264,0.264,9.9789,0.176,0.0,0.0,0.0,0.0,0.0,0.0,133.89,68.73,133.91,68.63,133.91,68.63,13.28,75.29,CUDA,Bicubic Baseline (3x)
1449,00001581_000.png,sub_NIH,3,ok,40.1499,6.2819,2.5064,0.9742,0.9951,0.1578,9.9833,0.1543,40.1499,40.1499,6.2819,2.5064,0.9742,0.9742,0.9951,0.1578,0.1578,9.9833,0.1543,0.0,0.0,0.0,0.0,0.0,0.0,176.25,41.86,176.26,41.71,176.26,41.71,13.36,74.86,CUDA,Bicubic Baseline (3x)
1450,00001581_001.png,sub_NIH,3,ok,34.9829,20.6439,4.5436,0.9708,0.9955,0.1641,9.9879,0.0246,34.9829,34.9829,20.6439,4.5436,0.9708,0.9708,0.9955,0.1641,0.1641,9.9879,0.0246,0.0,0.0,0.0,0.0,0.0,0.0,179.1,49.55,179.17,49.31,179.17,49.31,13.62,73.44,CUDA,Bicubic Baseline (3x)
1451,00001582_000.png,sub_NIH,3,ok,36.4766,14.6358,3.8257,0.9715,0.995,0.1741,9.9685,0.2175,36.4766,36.4766,14.6358,3.8257,0.9715,0.9715,0.995,0.1741,0.1741,9.9685,0.2175,0.0,0.0,0.0,0.0,0.0,0.0,134.38,51.85,134.42,51.59,134.42,51.59,13.34,74.95,CUDA,Bicubic Baseline (3x)
1452,00001582_010.png,sub_NIH,3,ok,36.6277,14.1355,3.7597,0.9717,0.9953,0.1773,9.964,0.2557,36.6277,36.6277,14.1355,3.7597,0.9717,0.9717,0.9953,0.1773,0.1773,9.964,0.2557,0.0,0.0,0.0,0.0,0.0,0.0,143.41,39.85,143.45,39.53,143.45,39.53,15.77,63.42,CUDA,Bicubic Baseline (3x)
1453,00001582_019.png,sub_NIH,3,ok,39.1597,7.8906,2.809,0.9506,0.9919,0.2449,9.9758,0.1918,39.1597,39.1597,7.8906,2.809,0.9506,0.9506,0.9919,0.2449,0.2449,9.9758,0.1918,0.0,0.0,0.0,0.0,0.0,0.0,96.9,65.87,96.91,65.76,96.91,65.76,13.1,76.32,CUDA,Bicubic Baseline (3x)
1454,00001582_020.png,sub_NIH,3,ok,39.6103,7.1129,2.667,0.9564,0.9927,0.2446,9.9779,0.2075,39.6103,39.6103,7.1129,2.667,0.9564,0.9564,0.9927,0.2446,0.2446,9.9779,0.2075,0.0,0.0,0.0,0.0,0.0,0.0,97.82,55.51,97.83,55.4,97.83,55.4,14.47,69.12,CUDA,Bicubic Baseline (3x)
1455,00001583_002.png,sub_NIH,3,ok,34.7457,21.8028,4.6693,0.9717,0.9948,0.1847,9.9603,0.2219,34.7457,34.7457,21.8028,4.6693,0.9717,0.9717,0.9948,0.1847,0.1847,9.9603,0.2219,0.0,0.0,0.0,0.0,0.0,0.0,113.08,52.66,113.13,52.4,113.13,52.4,13.27,75.38,CUDA,Bicubic Baseline (3x)
1456,00001583_011.png,sub_NIH,3,ok,35.5001,18.3262,4.2809,0.9508,0.992,0.2683,9.9535,0.2365,35.5001,35.5001,18.3262,4.2809,0.9508,0.9508,0.992,0.2683,0.2683,9.9535,0.2365,0.0,0.0,0.0,0.0,0.0,0.0,98.4,57.99,98.44,57.68,98.44,57.68,13.17,75.91,CUDA,Bicubic Baseline (3x)
1457,00001584_002.png,sub_NIH,3,ok,39.8218,6.7749,2.6029,0.9622,0.9928,0.2072,9.9806,0.1934,39.8218,39.8218,6.7749,2.6029,0.9622,0.9622,0.9928,0.2072,0.2072,9.9806,0.1934,0.0,0.0,0.0,0.0,0.0,0.0,152.82,49.34,152.82,49.21,152.82,49.21,13.16,75.98,CUDA,Bicubic Baseline (3x)
1458,00001587_000.png,sub_NIH,3,ok,39.5101,7.279,2.698,0.9491,0.9917,0.2629,9.9783,0.1886,39.5101,39.5101,7.279,2.698,0.9491,0.9491,0.9917,0.2629,0.2629,9.9783,0.1886,0.0,0.0,0.0,0.0,0.0,0.0,121.06,61.84,121.07,61.74,121.07,61.74,14.45,69.18,CUDA,Bicubic Baseline (3x)
1459,00001589_001.png,sub_NIH,3,ok,38.2917,9.6362,3.1042,0.9671,0.9935,0.1904,9.9766,0.2626,38.2917,38.2917,9.6362,3.1042,0.9671,0.9671,0.9935,0.1904,0.1904,9.9766,0.2626,0.0,0.0,0.0,0.0,0.0,0.0,170.46,47.04,170.46,46.88,170.46,46.88,13.2,75.76,CUDA,Bicubic Baseline (3x)
1460,00001599_000.png,sub_NIH,3,ok,35.1608,19.8151,4.4514,0.9656,0.9945,0.1771,9.9798,0.0591,35.1608,35.1608,19.8151,4.4514,0.9656,0.9656,0.9945,0.1771,0.1771,9.9798,0.0591,0.0,0.0,0.0,0.0,0.0,0.0,166.41,59.68,166.47,59.42,166.47,59.42,18.57,53.86,CUDA,Bicubic Baseline (3x)
1461,00001600_001.png,sub_NIH,3,ok,35.3511,18.9658,4.355,0.9711,0.9955,0.1955,9.9734,0.1175,35.3511,35.3511,18.9658,4.355,0.9711,0.9711,0.9955,0.1955,0.1955,9.9734,0.1175,0.0,0.0,0.0,0.0,0.0,0.0,144.59,43.72,144.64,43.39,144.64,43.39,13.88,72.05,CUDA,Bicubic Baseline (3x)
1462,00001601_002.png,sub_NIH,3,ok,42.8647,3.3621,1.8336,0.9715,0.9947,0.1889,9.9884,0.1594,42.8647,42.8647,3.3621,1.8336,0.9715,0.9715,0.9947,0.1889,0.1889,9.9884,0.1594,0.0,0.0,0.0,0.0,0.0,0.0,105.82,39.02,105.82,38.95,105.82,38.95,13.38,74.74,CUDA,Bicubic Baseline (3x)
1463,00001601_006.png,sub_NIH,3,ok,34.685,22.1095,4.7021,0.9722,0.9951,0.2084,9.9554,0.2345,34.685,34.685,22.1095,4.7021,0.9722,0.9722,0.9951,0.2084,0.2084,9.9554,0.2345,0.0,0.0,0.0,0.0,0.0,0.0,115.82,43.65,115.87,43.24,115.87,43.24,13.28,75.3,CUDA,Bicubic Baseline (3x)
1464,00001601_011.png,sub_NIH,3,ok,32.5567,36.0917,6.0076,0.9609,0.9927,0.2237,9.9498,0.1785,32.5567,32.5567,36.0917,6.0076,0.9609,0.9609,0.9927,0.2237,0.2237,9.9498,0.1785,0.0,0.0,0.0,0.0,0.0,0.0,113.95,46.47,114.01,45.91,114.01,45.91,13.36,74.87,CUDA,Bicubic Baseline (3x)
1465,00001603_001.png,sub_NIH,3,ok,40.5345,5.7495,2.3978,0.9488,0.9917,0.2617,9.9847,0.1483,40.5345,40.5345,5.7495,2.3978,0.9488,0.9488,0.9917,0.2617,0.2617,9.9847,0.1483,0.0,0.0,0.0,0.0,0.0,0.0,123.44,64.88,123.46,64.8,123.46,64.8,13.45,74.36,CUDA,Bicubic Baseline (3x)
1466,00001606_002.png,sub_NIH,3,ok,42.385,3.7547,1.9377,0.9679,0.9941,0.2072,9.9887,0.1418,42.385,42.385,3.7547,1.9377,0.9679,0.9679,0.9941,0.2072,0.2072,9.9887,0.1418,0.0,0.0,0.0,0.0,0.0,0.0,111.11,30.62,111.11,30.53,111.11,30.53,13.2,75.78,CUDA,Bicubic Baseline (3x)
1467,00001613_003.png,sub_NIH,3,ok,35.8686,16.8353,4.1031,0.9791,0.9964,0.1453,9.9682,0.1967,35.8686,35.8686,16.8353,4.1031,0.9791,0.9791,0.9964,0.1453,0.1453,9.9682,0.1967,0.0,0.0,0.0,0.0,0.0,0.0,112.26,64.08,112.3,63.89,112.3,63.89,13.37,74.78,CUDA,Bicubic Baseline (3x)
1468,00001615_001.png,sub_NIH,3,ok,32.3998,37.4193,6.1171,0.9746,0.9947,0.1517,9.9471,0.2214,32.3998,32.3998,37.4193,6.1171,0.9746,0.9746,0.9947,0.1517,0.1517,9.9471,0.2214,0.0,0.0,0.0,0.0,0.0,0.0,156.31,48.44,156.37,47.9,156.37,47.9,13.41,74.59,CUDA,Bicubic Baseline (3x)
1469,00001615_003.png,sub_NIH,3,ok,40.0962,6.3601,2.5219,0.9458,0.9912,0.27,9.9852,0.1427,40.0962,40.0962,6.3601,2.5219,0.9458,0.9458,0.9912,0.27,0.27,9.9852,0.1427,0.0,0.0,0.0,0.0,0.0,0.0,116.24,69.15,116.26,69.08,116.26,69.08,13.36,74.82,CUDA,Bicubic Baseline (3x)
1470,00001616_002.png,sub_NIH,3,ok,31.6825,44.1394,6.6437,0.9496,0.991,0.2688,9.9294,0.2209,31.6825,31.6825,44.1394,6.6437,0.9496,0.9496,0.991,0.2688,0.2688,9.9294,0.2209,0.0,0.0,0.0,0.0,0.0,0.0,127.75,48.55,127.81,47.86,127.81,47.86,13.26,75.44,CUDA,Bicubic Baseline (3x)
1471,00001616_010.png,sub_NIH,3,ok,39.0353,8.1199,2.8495,0.9425,0.9912,0.2978,9.9835,0.1409,39.0353,39.0353,8.1199,2.8495,0.9425,0.9425,0.9912,0.2978,0.2978,9.9835,0.1409,0.0,0.0,0.0,0.0,0.0,0.0,136.55,73.4,136.57,73.33,136.57,73.33,16.9,59.16,CUDA,Bicubic Baseline (3x)
1472,00001616_012.png,sub_NIH,3,ok,37.2522,12.2423,3.4989,0.9732,0.9956,0.1481,9.9663,0.3096,37.2522,37.2522,12.2423,3.4989,0.9732,0.9732,0.9956,0.1481,0.1481,9.9663,0.3096,0.0,0.0,0.0,0.0,0.0,0.0,168.04,68.01,168.07,67.83,168.07,67.83,13.24,75.54,CUDA,Bicubic Baseline (3x)
1473,00001618_001.png,sub_NIH,3,ok,42.864,3.3626,1.8338,0.9763,0.9954,0.1597,9.9843,0.2265,42.864,42.864,3.3626,1.8338,0.9763,0.9763,0.9954,0.1597,0.1597,9.9843,0.2265,0.0,0.0,0.0,0.0,0.0,0.0,166.56,44.55,166.56,44.48,166.56,44.48,13.24,75.55,CUDA,Bicubic Baseline (3x)
1474,00001619_000.png,sub_NIH,3,ok,37.9641,10.3914,3.2236,0.9359,0.9901,0.3218,9.9782,0.1526,37.9641,37.9641,10.3914,3.2236,0.9359,0.9359,0.9901,0.3218,0.3218,9.9782,0.1526,0.0,0.0,0.0,0.0,0.0,0.0,140.12,63.54,140.14,63.4,140.14,63.4,17.8,56.18,CUDA,Bicubic Baseline (3x)
1475,00001622_000.png,sub_NIH,3,ok,43.6801,2.7866,1.6693,0.9741,0.9949,0.1739,9.9882,0.1884,43.6801,43.6801,2.7866,1.6693,0.9741,0.9741,0.9949,0.1739,0.1739,9.9882,0.1884,0.0,0.0,0.0,0.0,0.0,0.0,169.44,37.96,169.45,37.89,169.45,37.89,13.11,76.28,CUDA,Bicubic Baseline (3x)
1476,00001622_001.png,sub_NIH,3,ok,42.6652,3.5201,1.8762,0.9686,0.9938,0.2024,9.985,0.2229,42.6652,42.6652,3.5201,1.8762,0.9686,0.9686,0.9938,0.2024,0.2024,9.985,0.2229,0.0,0.0,0.0,0.0,0.0,0.0,162.15,43.05,162.16,42.98,162.16,42.98,15.72,63.6,CUDA,Bicubic Baseline (3x)
1477,00001626_000.png,sub_NIH,3,ok,48.1902,0.9864,0.9932,0.9862,0.9974,0.092,9.9939,0.0826,48.1902,48.1902,0.9864,0.9932,0.9862,0.9862,0.9974,0.092,0.092,9.9939,0.0826,0.0,0.0,0.0,0.0,0.0,0.0,171.73,26.96,171.73,26.93,171.73,26.93,13.43,74.46,CUDA,Bicubic Baseline (3x)
1478,00001629_001.png,sub_NIH,3,ok,33.6777,27.881,5.2802,0.9759,0.9961,0.1741,9.9461,0.2469,33.6777,33.6777,27.881,5.2802,0.9759,0.9759,0.9961,0.1741,0.1741,9.9461,0.2469,0.0,0.0,0.0,0.0,0.0,0.0,117.82,62.48,117.88,62.15,117.88,62.15,13.59,73.58,CUDA,Bicubic Baseline (3x)
1479,00001629_003.png,sub_NIH,3,ok,31.8311,42.6546,6.531,0.9686,0.9948,0.1869,9.9582,0.1851,31.8311,31.8311,42.6546,6.531,0.9686,0.9686,0.9948,0.1869,0.1869,9.9582,0.1851,0.0,0.0,0.0,0.0,0.0,0.0,165.65,40.57,165.73,39.92,165.73,39.92,13.15,76.04,CUDA,Bicubic Baseline (3x)
1480,00001629_006.png,sub_NIH,3,ok,39.8479,6.7342,2.595,0.9393,0.991,0.3224,9.9881,0.1,39.8479,39.8479,6.7342,2.595,0.9393,0.9393,0.991,0.3224,0.3224,9.9881,0.1,0.0,0.0,0.0,0.0,0.0,0.0,138.54,74.54,138.55,74.48,138.55,74.48,13.79,72.52,CUDA,Bicubic Baseline (3x)
1481,00001629_009.png,sub_NIH,3,ok,35.0671,20.2475,4.4997,0.9708,0.9956,0.2094,9.9563,0.2311,35.0671,35.0671,20.2475,4.4997,0.9708,0.9708,0.9956,0.2094,0.2094,9.9563,0.2311,0.0,0.0,0.0,0.0,0.0,0.0,114.65,58.03,114.69,57.78,114.69,57.78,13.38,74.72,CUDA,Bicubic Baseline (3x)
1482,00001634_010.png,sub_NIH,3,ok,37.796,10.8015,3.2866,0.9378,0.9904,0.331,9.9804,0.1442,37.796,37.796,10.8015,3.2866,0.9378,0.9378,0.9904,0.331,0.331,9.9804,0.1442,0.0,0.0,0.0,0.0,0.0,0.0,132.4,65.08,132.42,64.98,132.42,64.98,13.2,75.74,CUDA,Bicubic Baseline (3x)
1483,00001637_002.png,sub_NIH,3,ok,35.3505,18.9682,4.3553,0.9568,0.9925,0.2217,9.9788,0.1001,35.3505,35.3505,18.9682,4.3553,0.9568,0.9568,0.9925,0.2217,0.2217,9.9788,0.1001,0.0,0.0,0.0,0.0,0.0,0.0,126.88,53.88,126.93,53.62,126.93,53.62,13.38,74.75,CUDA,Bicubic Baseline (3x)
1484,00001637_006.png,sub_NIH,3,ok,34.1619,24.9399,4.994,0.9741,0.9948,0.141,9.9421,0.2656,34.1619,34.1619,24.9399,4.994,0.9741,0.9741,0.9948,0.141,0.141,9.9421,0.2656,0.0,0.0,0.0,0.0,0.0,0.0,57.09,64.54,57.12,64.22,57.12,64.22,16.06,62.28,CUDA,Bicubic Baseline (3x)
1485,00001637_008.png,sub_NIH,3,ok,39.2909,7.6559,2.7669,0.9471,0.991,0.259,9.9763,0.203,39.2909,39.2909,7.6559,2.7669,0.9471,0.9471,0.991,0.259,0.259,9.9763,0.203,0.0,0.0,0.0,0.0,0.0,0.0,88.82,59.98,88.82,59.87,88.82,59.87,13.21,75.71,CUDA,Bicubic Baseline (3x)
1486,00001637_010.png,sub_NIH,3,ok,38.48,9.2273,3.0377,0.942,0.9902,0.2726,9.9753,0.1904,38.48,38.48,9.2273,3.0377,0.942,0.942,0.9902,0.2726,0.2726,9.9753,0.1904,0.0,0.0,0.0,0.0,0.0,0.0,102.77,60.03,102.79,59.89,102.79,59.89,13.2,75.75,CUDA,Bicubic Baseline (3x)
1487,00001637_011.png,sub_NIH,3,ok,32.2561,38.6783,6.2192,0.9722,0.995,0.1678,9.924,0.2584,32.2561,32.2561,38.6783,6.2192,0.9722,0.9722,0.995,0.1678,0.1678,9.924,0.2584,0.0,0.0,0.0,0.0,0.0,0.0,90.69,68.62,90.74,68.21,90.74,68.21,13.59,73.61,CUDA,Bicubic Baseline (3x)
1488,00001641_000.png,sub_NIH,3,ok,32.3332,37.9979,6.1642,0.9498,0.9907,0.2254,9.928,0.2379,32.3332,32.3332,37.9979,6.1642,0.9498,0.9498,0.9907,0.2254,0.2254,9.928,0.2379,0.0,0.0,0.0,0.0,0.0,0.0,124.66,54.41,124.71,53.85,124.71,53.85,14.72,67.93,CUDA,Bicubic Baseline (3x)
1489,00001641_001.png,sub_NIH,3,ok,32.3895,37.5082,6.1244,0.9623,0.9932,0.174,9.9247,0.2399,32.3895,32.3895,37.5082,6.1244,0.9623,0.9623,0.9932,0.174,0.174,9.9247,0.2399,0.0,0.0,0.0,0.0,0.0,0.0,124.05,71.29,124.1,70.9,124.1,70.9,13.56,73.73,CUDA,Bicubic Baseline (3x)
1490,00001641_005.png,sub_NIH,3,ok,40.1653,6.2597,2.5019,0.9756,0.9951,0.1494,9.9708,0.3145,40.1653,40.1653,6.2597,2.5019,0.9756,0.9756,0.9951,0.1494,0.1494,9.9708,0.3145,0.0,0.0,0.0,0.0,0.0,0.0,146.88,54.03,146.88,53.92,146.88,53.92,13.09,76.42,CUDA,Bicubic Baseline (3x)
1491,00001641_006.png,sub_NIH,3,ok,35.3709,18.8794,4.345,0.9689,0.9947,0.1576,9.9592,0.2039,35.3709,35.3709,18.8794,4.345,0.9689,0.9689,0.9947,0.1576,0.1576,9.9592,0.2039,0.0,0.0,0.0,0.0,0.0,0.0,145.42,72.87,145.48,72.63,145.48,72.63,13.23,75.58,CUDA,Bicubic Baseline (3x)
1492,00001642_000.png,sub_NIH,3,ok,34.2968,24.1768,4.917,0.9669,0.9943,0.1675,9.943,0.2834,34.2968,34.2968,24.1768,4.917,0.9669,0.9669,0.9943,0.1675,0.1675,9.943,0.2834,0.0,0.0,0.0,0.0,0.0,0.0,179.3,51.31,179.35,50.79,179.35,50.79,13.21,75.67,CUDA,Bicubic Baseline (3x)
1493,00001649_001.png,sub_NIH,3,ok,31.7689,43.27,6.578,0.9566,0.9925,0.2302,9.9568,0.0644,31.7689,31.7689,43.27,6.578,0.9566,0.9566,0.9925,0.2302,0.2302,9.9568,0.0644,0.0,0.0,0.0,0.0,0.0,0.0,143.17,57.1,143.25,56.58,143.25,56.58,13.26,75.4,CUDA,Bicubic Baseline (3x)
1494,00001649_002.png,sub_NIH,3,ok,42.3425,3.7917,1.9472,0.9635,0.9933,0.2159,9.9873,0.1668,42.3425,42.3425,3.7917,1.9472,0.9635,0.9635,0.9933,0.2159,0.2159,9.9873,0.1668,0.0,0.0,0.0,0.0,0.0,0.0,107.38,35.79,107.38,35.7,107.38,35.7,14.29,69.96,CUDA,Bicubic Baseline (3x)
1495,00001650_000.png,sub_NIH,3,ok,35.3514,18.9646,4.3548,0.978,0.9969,0.1365,9.9911,-0.0177,35.3514,35.3514,18.9646,4.3548,0.978,0.978,0.9969,0.1365,0.1365,9.9911,-0.0177,0.0,0.0,0.0,0.0,0.0,0.0,177.41,32.87,177.48,32.54,177.48,32.54,13.12,76.24,CUDA,Bicubic Baseline (3x)
1496,00001650_002.png,sub_NIH,3,ok,37.8985,10.5495,3.248,0.978,0.9967,0.1872,9.9906,0.0338,37.8985,37.8985,10.5495,3.248,0.978,0.978,0.9967,0.1872,0.1872,9.9906,0.0338,0.0,0.0,0.0,0.0,0.0,0.0,118.7,39.02,118.75,38.88,118.75,38.88,16.08,62.17,CUDA,Bicubic Baseline (3x)
1497,00001650_009.png,sub_NIH,3,ok,40.0192,6.4738,2.5444,0.9454,0.9912,0.2732,9.9862,0.1285,40.0192,40.0192,6.4738,2.5444,0.9454,0.9454,0.9912,0.2732,0.2732,9.9862,0.1285,0.0,0.0,0.0,0.0,0.0,0.0,113.76,65.07,113.77,64.99,113.77,64.99,13.38,74.75,CUDA,Bicubic Baseline (3x)
1498,00001660_000.png,sub_NIH,3,ok,39.9326,6.6041,2.5699,0.971,0.9944,0.1563,9.9804,0.1891,39.9326,39.9326,6.6041,2.5699,0.971,0.971,0.9944,0.1563,0.1563,9.9804,0.1891,0.0,0.0,0.0,0.0,0.0,0.0,169.36,49.95,169.37,49.81,169.37,49.81,13.27,75.34,CUDA,Bicubic Baseline (3x)
1499,00001664_000.png,sub_NIH,3,ok,35.6842,17.5655,4.1911,0.971,0.9953,0.1486,9.9875,0.0496,35.6842,35.6842,17.5655,4.1911,0.971,0.971,0.9953,0.1486,0.1486,9.9875,0.0496,0.0,0.0,0.0,0.0,0.0,0.0,172.59,51.79,172.66,51.59,172.66,51.59,13.18,75.87,CUDA,Bicubic Baseline (3x)
1500,00001665_000.png,sub_NIH,3,ok,36.8388,13.4648,3.6694,0.9728,0.9955,0.156,9.9887,0.0496,36.8388,36.8388,13.4648,3.6694,0.9728,0.9728,0.9955,0.156,0.156,9.9887,0.0496,0.0,0.0,0.0,0.0,0.0,0.0,161.94,50.84,161.99,50.68,161.99,50.68,13.35,74.91,CUDA,Bicubic Baseline (3x)
1501,00001668_000.png,sub_NIH,3,ok,40.2557,6.1308,2.476,0.9479,0.9917,0.2629,9.9845,0.1485,40.2557,40.2557,6.1308,2.476,0.9479,0.9479,0.9917,0.2629,0.2629,9.9845,0.1485,0.0,0.0,0.0,0.0,0.0,0.0,118.06,66.29,118.07,66.22,118.07,66.22,18.29,54.68,CUDA,Bicubic Baseline (3x)
1502,00001671_000.png,sub_NIH,3,ok,42.0301,4.0744,2.0185,0.9644,0.9935,0.2137,9.9867,0.1618,42.0301,42.0301,4.0744,2.0185,0.9644,0.9644,0.9935,0.2137,0.2137,9.9867,0.1618,0.0,0.0,0.0,0.0,0.0,0.0,108.24,34.91,108.25,34.81,108.25,34.81,13.5,74.08,CUDA,Bicubic Baseline (3x)
1503,00001672_000.png,sub_NIH,3,ok,40.1088,6.3416,2.5182,0.9551,0.9928,0.2328,9.9841,0.1472,40.1088,40.1088,6.3416,2.5182,0.9551,0.9551,0.9928,0.2328,0.2328,9.9841,0.1472,0.0,0.0,0.0,0.0,0.0,0.0,96.39,71.01,96.41,70.95,96.41,70.95,16.38,61.05,CUDA,Bicubic Baseline (3x)
1504,00001673_013.png,sub_NIH,3,ok,36.7605,13.7096,3.7027,0.9745,0.9959,0.1889,9.9802,0.1473,36.7605,36.7605,13.7096,3.7027,0.9745,0.9745,0.9959,0.1889,0.1889,9.9802,0.1473,0.0,0.0,0.0,0.0,0.0,0.0,116.02,58.4,116.07,58.24,116.07,58.24,13.25,75.46,CUDA,Bicubic Baseline (3x)
1505,00001673_014.png,sub_NIH,3,ok,41.1486,4.9913,2.2341,0.9573,0.9932,0.2212,9.9865,0.1327,41.1486,41.1486,4.9913,2.2341,0.9573,0.9573,0.9932,0.2212,0.2212,9.9865,0.1327,0.0,0.0,0.0,0.0,0.0,0.0,88.96,74.13,88.98,74.08,88.98,74.08,13.51,74.03,CUDA,Bicubic Baseline (3x)
1506,00001673_015.png,sub_NIH,3,ok,33.4862,29.1379,5.398,0.957,0.9921,0.2123,9.9505,0.2115,33.4862,33.4862,29.1379,5.398,0.957,0.957,0.9921,0.2123,0.2123,9.9505,0.2115,0.0,0.0,0.0,0.0,0.0,0.0,109.26,59.61,109.31,59.23,109.31,59.23,13.06,76.56,CUDA,Bicubic Baseline (3x)
1507,00001673_017.png,sub_NIH,3,ok,32.8686,33.5905,5.7957,0.9581,0.9924,0.2215,9.9284,0.2632,32.8686,32.8686,33.5905,5.7957,0.9581,0.9581,0.9924,0.2215,0.2215,9.9284,0.2632,0.0,0.0,0.0,0.0,0.0,0.0,119.96,56.37,120.01,55.87,120.01,55.87,13.37,74.79,CUDA,Bicubic Baseline (3x)
1508,00001674_001.png,sub_NIH,3,ok,35.6323,17.7765,4.2162,0.9694,0.9948,0.1506,9.9763,0.1421,35.6323,35.6323,17.7765,4.2162,0.9694,0.9694,0.9948,0.1506,0.1506,9.9763,0.1421,0.0,0.0,0.0,0.0,0.0,0.0,157.32,61.59,157.37,61.36,157.37,61.36,13.14,76.08,CUDA,Bicubic Baseline (3x)
1509,00001675_000.png,sub_NIH,3,ok,44.561,2.275,1.5083,0.9787,0.9958,0.1441,9.9887,0.1923,44.561,44.561,2.275,1.5083,0.9787,0.9787,0.9958,0.1441,0.1441,9.9887,0.1923,0.0,0.0,0.0,0.0,0.0,0.0,169.78,47.36,169.79,47.31,169.79,47.31,13.36,74.87,CUDA,Bicubic Baseline (3x)
1510,00001679_000.png,sub_NIH,3,ok,38.615,8.9451,2.9908,0.9483,0.9918,0.2568,9.9775,0.1855,38.615,38.615,8.9451,2.9908,0.9483,0.9483,0.9918,0.2568,0.2568,9.9775,0.1855,0.0,0.0,0.0,0.0,0.0,0.0,116.23,72.03,116.24,71.94,116.24,71.94,13.17,75.91,CUDA,Bicubic Baseline (3x)
1511,00001680_000.png,sub_NIH,3,ok,34.4625,23.2721,4.8241,0.9596,0.9928,0.1968,9.9013,0.3908,34.4625,34.4625,23.2721,4.8241,0.9596,0.9596,0.9928,0.1968,0.1968,9.9013,0.3908,0.0,0.0,0.0,0.0,0.0,0.0,102.23,68.35,102.28,67.91,102.28,67.91,13.9,71.96,CUDA,Bicubic Baseline (3x)
1512,00001684_002.png,sub_NIH,3,ok,36.0888,16.0029,4.0004,0.9759,0.9965,0.1591,9.9895,0.0158,36.0888,36.0888,16.0029,4.0004,0.9759,0.9759,0.9965,0.1591,0.1591,9.9895,0.0158,0.0,0.0,0.0,0.0,0.0,0.0,152.64,50.27,152.7,50.09,152.7,50.09,13.12,76.23,CUDA,Bicubic Baseline (3x)
1513,00001684_017.png,sub_NIH,3,ok,34.5623,22.7432,4.769,0.9726,0.9959,0.1768,9.9864,0.0341,34.5623,34.5623,22.7432,4.769,0.9726,0.9726,0.9959,0.1768,0.1768,9.9864,0.0341,0.0,0.0,0.0,0.0,0.0,0.0,161.08,50.02,161.16,49.79,161.16,49.79,13.2,75.75,CUDA,Bicubic Baseline (3x)
1514,00001684_027.png,sub_NIH,3,ok,36.6733,13.9878,3.74,0.9703,0.9949,0.1868,9.9806,0.1131,36.6733,36.6733,13.9878,3.74,0.9703,0.9703,0.9949,0.1868,0.1868,9.9806,0.1131,0.0,0.0,0.0,0.0,0.0,0.0,128.23,59.7,128.27,59.55,128.27,59.55,17.05,58.64,CUDA,Bicubic Baseline (3x)
1515,00001685_000.png,sub_NIH,3,ok,32.9568,32.9153,5.7372,0.9604,0.9927,0.2224,9.926,0.2633,32.9568,32.9568,32.9153,5.7372,0.9604,0.9604,0.9927,0.2224,0.2224,9.926,0.2633,0.0,0.0,0.0,0.0,0.0,0.0,117.37,51.79,117.43,51.26,117.43,51.26,14.59,68.54,CUDA,Bicubic Baseline (3x)
1516,00001688_000.png,sub_NIH,3,ok,35.2763,19.2954,4.3927,0.9697,0.9947,0.1563,9.9746,0.1188,35.2763,35.2763,19.2954,4.3927,0.9697,0.9697,0.9947,0.1563,0.1563,9.9746,0.1188,0.0,0.0,0.0,0.0,0.0,0.0,165.51,57.06,165.57,56.79,165.57,56.79,13.49,74.13,CUDA,Bicubic Baseline (3x)
1517,00001690_002.png,sub_NIH,3,ok,32.9349,33.0816,5.7517,0.9683,0.9938,0.2102,9.9479,0.2415,32.9349,32.9349,33.0816,5.7517,0.9683,0.9683,0.9938,0.2102,0.2102,9.9479,0.2415,0.0,0.0,0.0,0.0,0.0,0.0,116.59,47.04,116.63,46.57,116.63,46.57,13.09,76.37,CUDA,Bicubic Baseline (3x)
1518,00001692_000.png,sub_NIH,3,ok,41.6496,4.4475,2.1089,0.959,0.9923,0.2243,9.9871,0.1536,41.6496,41.6496,4.4475,2.1089,0.959,0.959,0.9923,0.2243,0.2243,9.9871,0.1536,0.0,0.0,0.0,0.0,0.0,0.0,102.38,41.69,102.38,41.6,102.38,41.6,13.11,76.28,CUDA,Bicubic Baseline (3x)
1519,00001697_004.png,sub_NIH,3,ok,36.6204,14.1591,3.7629,0.9782,0.997,0.1461,9.9917,-0.0078,36.6204,36.6204,14.1591,3.7629,0.9782,0.9782,0.997,0.1461,0.1461,9.9917,-0.0078,0.0,0.0,0.0,0.0,0.0,0.0,156.93,38.71,156.99,38.51,156.99,38.51,13.3,75.2,CUDA,Bicubic Baseline (3x)
1520,00001697_006.png,sub_NIH,3,ok,35.9337,16.5849,4.0725,0.9821,0.9977,0.1222,9.9918,-0.0208,35.9337,35.9337,16.5849,4.0725,0.9821,0.9821,0.9977,0.1222,0.1222,9.9918,-0.0208,0.0,0.0,0.0,0.0,0.0,0.0,162.22,35.34,162.28,35.08,162.28,35.08,15.64,63.92,CUDA,Bicubic Baseline (3x)
1521,00001697_013.png,sub_NIH,3,ok,36.4461,14.739,3.8391,0.9769,0.9967,0.1563,9.9899,0.0194,36.4461,36.4461,14.739,3.8391,0.9769,0.9769,0.9967,0.1563,0.1563,9.9899,0.0194,0.0,0.0,0.0,0.0,0.0,0.0,162.96,38.61,163.02,38.37,163.02,38.37,13.13,76.17,CUDA,Bicubic Baseline (3x)
1522,00001697_015.png,sub_NIH,3,ok,37.782,10.8362,3.2918,0.9797,0.997,0.1695,9.9899,0.0389,37.782,37.782,10.8362,3.2918,0.9797,0.9797,0.997,0.1695,0.1695,9.9899,0.0389,0.0,0.0,0.0,0.0,0.0,0.0,112.14,51.73,112.18,51.63,112.18,51.63,13.45,74.35,CUDA,Bicubic Baseline (3x)
1523,00001697_016.png,sub_NIH,3,ok,37.9641,10.3913,3.2236,0.9775,0.9967,0.1893,9.9922,0.0045,37.9641,37.9641,10.3913,3.2236,0.9775,0.9775,0.9967,0.1893,0.1893,9.9922,0.0045,0.0,0.0,0.0,0.0,0.0,0.0,112.13,48.63,112.18,48.53,112.18,48.53,13.09,76.39,CUDA,Bicubic Baseline (3x)
1524,00001698_001.png,sub_NIH,3,ok,47.4914,1.1586,1.0764,0.9832,0.9968,0.1239,9.9934,0.0874,47.4914,47.4914,1.1586,1.0764,0.9832,0.9832,0.9968,0.1239,0.1239,9.9934,0.0874,0.0,0.0,0.0,0.0,0.0,0.0,113.29,28.4,113.29,28.38,113.29,28.38,13.17,75.91,CUDA,Bicubic Baseline (3x)
1525,00001698_011.png,sub_NIH,3,ok,31.5874,45.1172,6.7169,0.9721,0.9949,0.1687,9.9319,0.1806,31.5874,31.5874,45.1172,6.7169,0.9721,0.9721,0.9949,0.1687,0.1687,9.9319,0.1806,0.0,0.0,0.0,0.0,0.0,0.0,118.97,54.11,119.03,53.49,119.03,53.49,13.53,73.91,CUDA,Bicubic Baseline (3x)
1526,00001698_012.png,sub_NIH,3,ok,31.7112,43.8493,6.6219,0.9581,0.9933,0.2181,9.9728,0.0052,31.7112,31.7112,43.8493,6.6219,0.9581,0.9581,0.9933,0.2181,0.2181,9.9728,0.0052,0.0,0.0,0.0,0.0,0.0,0.0,143.61,67.8,143.72,67.37,143.72,67.37,13.22,75.62,CUDA,Bicubic Baseline (3x)
1527,00001698_017.png,sub_NIH,3,ok,39.8589,6.7172,2.5917,0.947,0.9918,0.279,9.9837,0.1427,39.8589,39.8589,6.7172,2.5917,0.947,0.947,0.9918,0.279,0.279,9.9837,0.1427,0.0,0.0,0.0,0.0,0.0,0.0,133.67,70.81,133.69,70.73,133.69,70.73,13.21,75.69,CUDA,Bicubic Baseline (3x)
1528,00001698_019.png,sub_NIH,3,ok,40.7125,5.5186,2.3492,0.9471,0.9919,0.2741,9.9895,0.0936,40.7125,40.7125,5.5186,2.3492,0.9471,0.9471,0.9919,0.2741,0.2741,9.9895,0.0936,0.0,0.0,0.0,0.0,0.0,0.0,133.71,73.1,133.72,73.05,133.72,73.05,16.02,62.44,CUDA,Bicubic Baseline (3x)
1529,00001700_002.png,sub_NIH,3,ok,34.8821,21.1287,4.5966,0.9748,0.9963,0.1614,9.9804,0.1292,34.8821,34.8821,21.1287,4.5966,0.9748,0.9748,0.9963,0.1614,0.1614,9.9804,0.1292,0.0,0.0,0.0,0.0,0.0,0.0,140.69,52.49,140.75,52.26,140.75,52.26,13.13,76.17,CUDA,Bicubic Baseline (3x)
1530,00001700_005.png,sub_NIH,3,ok,40.0237,6.4671,2.5431,0.9463,0.9917,0.281,9.9879,0.1074,40.0237,40.0237,6.4671,2.5431,0.9463,0.9463,0.9917,0.281,0.281,9.9879,0.1074,0.0,0.0,0.0,0.0,0.0,0.0,154.96,62.61,154.97,62.53,154.97,62.53,13.63,73.36,CUDA,Bicubic Baseline (3x)
1531,00001700_006.png,sub_NIH,3,ok,33.6346,28.1593,5.3065,0.9436,0.991,0.284,9.9602,0.1644,33.6346,33.6346,28.1593,5.3065,0.9436,0.9436,0.991,0.284,0.284,9.9602,0.1644,0.0,0.0,0.0,0.0,0.0,0.0,138.57,76.72,138.63,76.49,138.63,76.49,13.13,76.16,CUDA,Bicubic Baseline (3x)
1532,00001702_000.png,sub_NIH,3,ok,41.6851,4.4113,2.1003,0.9676,0.9935,0.1756,9.9812,0.2488,41.6851,41.6851,4.4113,2.1003,0.9676,0.9676,0.9935,0.1756,0.1756,9.9812,0.2488,0.0,0.0,0.0,0.0,0.0,0.0,150.24,54.64,150.24,54.56,150.24,54.56,13.69,73.05,CUDA,Bicubic Baseline (3x)
1533,00001706_000.png,sub_NIH,3,ok,34.4589,23.2911,4.8261,0.9619,0.9938,0.1816,9.9531,0.2161,34.4589,34.4589,23.2911,4.8261,0.9619,0.9619,0.9938,0.1816,0.1816,9.9531,0.2161,0.0,0.0,0.0,0.0,0.0,0.0,155.34,61.89,155.41,61.54,155.41,61.54,13.28,75.32,CUDA,Bicubic Baseline (3x)
1534,00001710_000.png,sub_NIH,3,ok,43.2691,3.0632,1.7502,0.9832,0.9966,0.1375,9.9833,0.2527,43.2691,43.2691,3.0632,1.7502,0.9832,0.9832,0.9966,0.1375,0.1375,9.9833,0.2527,0.0,0.0,0.0,0.0,0.0,0.0,165.18,47.28,165.18,47.21,165.18,47.21,13.16,75.96,CUDA,Bicubic Baseline (3x)
1535,00001713_000.png,sub_NIH,3,ok,40.6172,5.6411,2.3751,0.9479,0.992,0.2818,9.9871,0.1165,40.6172,40.6172,5.6411,2.3751,0.9479,0.9479,0.992,0.2818,0.2818,9.9871,0.1165,0.0,0.0,0.0,0.0,0.0,0.0,130.38,62.86,130.39,62.79,130.39,62.79,13.5,74.08,CUDA,Bicubic Baseline (3x)
1536,00001718_005.png,sub_NIH,3,ok,36.2681,15.3556,3.9186,0.971,0.9951,0.1627,9.9882,0.0528,36.2681,36.2681,15.3556,3.9186,0.971,0.971,0.9951,0.1627,0.1627,9.9882,0.0528,0.0,0.0,0.0,0.0,0.0,0.0,171.25,47.2,171.31,46.99,171.31,46.99,13.43,74.47,CUDA,Bicubic Baseline (3x)
1537,00001718_010.png,sub_NIH,3,ok,39.2208,7.7804,2.7893,0.9468,0.9912,0.2504,9.9771,0.1893,39.2208,39.2208,7.7804,2.7893,0.9468,0.9468,0.9912,0.2504,0.2504,9.9771,0.1893,0.0,0.0,0.0,0.0,0.0,0.0,96.41,67.18,96.43,67.08,96.43,67.08,13.41,74.56,CUDA,Bicubic Baseline (3x)
1538,00001719_010.png,sub_NIH,3,ok,33.7886,27.1783,5.2133,0.968,0.9938,0.199,9.9505,0.2256,33.7886,33.7886,27.1783,5.2133,0.968,0.968,0.9938,0.199,0.199,9.9505,0.2256,0.0,0.0,0.0,0.0,0.0,0.0,139.0,45.96,139.03,45.47,139.03,45.47,13.27,75.35,CUDA,Bicubic Baseline (3x)
1539,00001721_000.png,sub_NIH,3,ok,40.9502,5.2246,2.2857,0.9545,0.9928,0.2271,9.9844,0.1524,40.9502,40.9502,5.2246,2.2857,0.9545,0.9545,0.9928,0.2271,0.2271,9.9844,0.1524,0.0,0.0,0.0,0.0,0.0,0.0,112.69,77.21,112.7,77.14,112.7,77.14,13.13,76.19,CUDA,Bicubic Baseline (3x)
1540,00001722_000.png,sub_NIH,3,ok,41.6822,4.4143,2.101,0.9689,0.9939,0.1731,9.9854,0.2015,41.6822,41.6822,4.4143,2.101,0.9689,0.9689,0.9939,0.1731,0.1731,9.9854,0.2015,0.0,0.0,0.0,0.0,0.0,0.0,152.08,56.43,152.08,56.36,152.08,56.36,13.17,75.94,CUDA,Bicubic Baseline (3x)
1541,00001723_002.png,sub_NIH,3,ok,35.5287,18.2058,4.2668,0.966,0.9946,0.1714,9.9794,0.1093,35.5287,35.5287,18.2058,4.2668,0.966,0.966,0.9946,0.1714,0.1714,9.9794,0.1093,0.0,0.0,0.0,0.0,0.0,0.0,155.94,67.83,156.0,67.65,156.0,67.65,13.21,75.71,CUDA,Bicubic Baseline (3x)
1542,00001723_004.png,sub_NIH,3,ok,38.2611,9.7045,3.1152,0.9526,0.9922,0.2462,9.9702,0.2155,38.2611,38.2611,9.7045,3.1152,0.9526,0.9526,0.9922,0.2462,0.2462,9.9702,0.2155,0.0,0.0,0.0,0.0,0.0,0.0,124.77,70.21,124.78,70.08,124.78,70.08,13.16,75.97,CUDA,Bicubic Baseline (3x)
1543,00001724_005.png,sub_NIH,3,ok,34.4686,23.2391,4.8207,0.9666,0.9945,0.1653,9.9498,0.2116,34.4686,34.4686,23.2391,4.8207,0.9666,0.9666,0.9945,0.1653,0.1653,9.9498,0.2116,0.0,0.0,0.0,0.0,0.0,0.0,144.01,74.2,144.08,73.88,144.08,73.88,14.02,71.32,CUDA,Bicubic Baseline (3x)
1544,00001724_009.png,sub_NIH,3,ok,41.0757,5.0759,2.253,0.9557,0.993,0.2381,9.9863,0.1416,41.0757,41.0757,5.0759,2.253,0.9557,0.9557,0.993,0.2381,0.2381,9.9863,0.1416,0.0,0.0,0.0,0.0,0.0,0.0,119.55,65.78,119.57,65.72,119.57,65.72,14.55,68.72,CUDA,Bicubic Baseline (3x)
1545,00001726_000.png,sub_NIH,3,ok,35.4543,18.5205,4.3035,0.9703,0.995,0.1608,9.9682,0.2308,35.4543,35.4543,18.5205,4.3035,0.9703,0.9703,0.995,0.1608,0.1608,9.9682,0.2308,0.0,0.0,0.0,0.0,0.0,0.0,165.77,58.19,165.82,57.96,165.82,57.96,13.58,73.64,CUDA,Bicubic Baseline (3x)
1546,00001727_000.png,sub_NIH,3,ok,42.1051,4.0047,2.0012,0.978,0.9956,0.1443,9.9788,0.2967,42.1051,42.1051,4.0047,2.0012,0.978,0.978,0.9956,0.1443,0.1443,9.9788,0.2967,0.0,0.0,0.0,0.0,0.0,0.0,150.04,54.5,150.05,54.42,150.05,54.42,13.11,76.3,CUDA,Bicubic Baseline (3x)
1547,00001728_000.png,sub_NIH,3,ok,36.5235,14.4789,3.8051,0.9694,0.9947,0.1617,9.9783,0.1448,36.5235,36.5235,14.4789,3.8051,0.9694,0.9694,0.9947,0.1617,0.1617,9.9783,0.1448,0.0,0.0,0.0,0.0,0.0,0.0,154.81,60.52,154.86,60.35,154.86,60.35,13.97,71.6,CUDA,Bicubic Baseline (3x)
1548,00001730_000.png,sub_NIH,3,ok,43.4581,2.9327,1.7125,0.9659,0.9937,0.2132,9.9904,0.1208,43.4581,43.4581,2.9327,1.7125,0.9659,0.9659,0.9937,0.2132,0.2132,9.9904,0.1208,0.0,0.0,0.0,0.0,0.0,0.0,109.44,33.38,109.44,33.32,109.44,33.32,13.62,73.45,CUDA,Bicubic Baseline (3x)
1549,00001730_004.png,sub_NIH,3,ok,39.4497,7.3809,2.7168,0.9439,0.9911,0.286,9.9824,0.1531,39.4497,39.4497,7.3809,2.7168,0.9439,0.9439,0.9911,0.286,0.286,9.9824,0.1531,0.0,0.0,0.0,0.0,0.0,0.0,135.18,67.2,135.19,67.11,135.19,67.11,13.33,75.03,CUDA,Bicubic Baseline (3x)
1550,00001731_000.png,sub_NIH,3,ok,40.3987,5.9322,2.4356,0.9482,0.9919,0.2739,9.9873,0.1185,40.3987,40.3987,5.9322,2.4356,0.9482,0.9482,0.9919,0.2739,0.2739,9.9873,0.1185,0.0,0.0,0.0,0.0,0.0,0.0,140.42,63.32,140.44,63.25,140.44,63.25,13.52,73.99,CUDA,Bicubic Baseline (3x)
1551,00001736_007.png,sub_NIH,3,ok,33.4695,29.2501,5.4083,0.9762,0.9956,0.1505,9.9494,0.2481,33.4695,33.4695,29.2501,5.4083,0.9762,0.9762,0.9956,0.1505,0.1505,9.9494,0.2481,0.0,0.0,0.0,0.0,0.0,0.0,124.2,52.34,124.24,51.96,124.24,51.96,13.31,75.15,CUDA,Bicubic Baseline (3x)
1552,00001736_011.png,sub_NIH,3,ok,33.2739,30.5981,5.5316,0.9675,0.9948,0.197,9.9668,0.1662,33.2739,33.2739,30.5981,5.5316,0.9675,0.9675,0.9948,0.197,0.197,9.9668,0.1662,0.0,0.0,0.0,0.0,0.0,0.0,129.91,46.39,129.98,46.0,129.98,46.0,13.14,76.09,CUDA,Bicubic Baseline (3x)
1553,00001736_016.png,sub_NIH,3,ok,35.8694,16.8324,4.1027,0.9747,0.9962,0.173,9.9816,0.1517,35.8694,35.8694,16.8324,4.1027,0.9747,0.9747,0.9962,0.173,0.173,9.9816,0.1517,0.0,0.0,0.0,0.0,0.0,0.0,123.29,44.84,123.34,44.6,123.34,44.6,13.17,75.95,CUDA,Bicubic Baseline (3x)
1554,00001736_022.png,sub_NIH,3,ok,33.6365,28.1471,5.3054,0.9785,0.9962,0.1562,9.9558,0.2201,33.6365,33.6365,28.1471,5.3054,0.9785,0.9785,0.9962,0.1562,0.1562,9.9558,0.2201,0.0,0.0,0.0,0.0,0.0,0.0,114.44,59.35,114.49,59.05,114.49,59.05,13.75,72.74,CUDA,Bicubic Baseline (3x)
1555,00001736_024.png,sub_NIH,3,ok,34.5076,23.0316,4.7991,0.9769,0.9965,0.1643,9.9613,0.2065,34.5076,34.5076,23.0316,4.7991,0.9769,0.9769,0.9965,0.1643,0.1643,9.9613,0.2065,0.0,0.0,0.0,0.0,0.0,0.0,117.99,60.0,118.04,59.76,118.04,59.76,13.55,73.78,CUDA,Bicubic Baseline (3x)
1556,00001737_001.png,sub_NIH,3,ok,32.6473,35.3468,5.9453,0.9558,0.9913,0.2038,9.9417,0.2209,32.6473,32.6473,35.3468,5.9453,0.9558,0.9558,0.9913,0.2038,0.2038,9.9417,0.2209,0.0,0.0,0.0,0.0,0.0,0.0,118.84,63.93,118.9,63.51,118.9,63.51,13.15,76.04,CUDA,Bicubic Baseline (3x)
1557,00001738_000.png,sub_NIH,3,ok,31.8602,42.3707,6.5093,0.9542,0.9923,0.2426,9.9286,0.2099,31.8602,31.8602,42.3707,6.5093,0.9542,0.9542,0.9923,0.2426,0.2426,9.9286,0.2099,0.0,0.0,0.0,0.0,0.0,0.0,139.99,70.23,140.06,69.76,140.06,69.76,13.39,74.68,CUDA,Bicubic Baseline (3x)
1558,00001738_004.png,sub_NIH,3,ok,42.5052,3.6523,1.9111,0.9769,0.9955,0.1505,9.9854,0.21,42.5052,42.5052,3.6523,1.9111,0.9769,0.9769,0.9955,0.1505,0.1505,9.9854,0.21,0.0,0.0,0.0,0.0,0.0,0.0,151.54,53.68,151.54,53.62,151.54,53.62,13.72,72.9,CUDA,Bicubic Baseline (3x)
1559,00001741_001.png,sub_NIH,3,ok,35.5716,18.0269,4.2458,0.9691,0.9949,0.1614,9.9785,0.0539,35.5716,35.5716,18.0269,4.2458,0.9691,0.9691,0.9949,0.1614,0.1614,9.9785,0.0539,0.0,0.0,0.0,0.0,0.0,0.0,164.84,58.79,164.91,58.53,164.91,58.53,13.23,75.61,CUDA,Bicubic Baseline (3x)
1560,00001742_001.png,sub_NIH,3,ok,31.5996,44.9909,6.7075,0.954,0.9919,0.2588,9.9501,0.1262,31.5996,31.5996,44.9909,6.7075,0.954,0.954,0.9919,0.2588,0.2588,9.9501,0.1262,0.0,0.0,0.0,0.0,0.0,0.0,141.63,50.24,141.7,49.6,141.7,49.6,13.23,75.58,CUDA,Bicubic Baseline (3x)
1561,00001744_000.png,sub_NIH,3,ok,40.6185,5.6394,2.3747,0.97,0.9941,0.1469,9.984,0.1915,40.6185,40.6185,5.6394,2.3747,0.97,0.97,0.9941,0.1469,0.1469,9.984,0.1915,0.0,0.0,0.0,0.0,0.0,0.0,158.31,60.02,158.31,59.94,158.31,59.94,13.41,74.58,CUDA,Bicubic Baseline (3x)
1562,00001747_001.png,sub_NIH,3,ok,39.2885,7.6601,2.7677,0.9495,0.9919,0.2715,9.982,0.1508,39.2885,39.2885,7.6601,2.7677,0.9495,0.9495,0.9919,0.2715,0.2715,9.982,0.1508,0.0,0.0,0.0,0.0,0.0,0.0,127.56,62.25,127.57,62.15,127.57,62.15,13.42,74.51,CUDA,Bicubic Baseline (3x)
1563,00001748_002.png,sub_NIH,3,ok,43.7179,2.7624,1.662,0.9747,0.995,0.1695,9.9884,0.1783,43.7179,43.7179,2.7624,1.662,0.9747,0.9747,0.995,0.1695,0.1695,9.9884,0.1783,0.0,0.0,0.0,0.0,0.0,0.0,168.81,41.68,168.82,41.62,168.82,41.62,13.16,75.97,CUDA,Bicubic Baseline (3x)
1564,00001748_004.png,sub_NIH,3,ok,35.3775,18.8508,4.3417,0.9667,0.9945,0.1756,9.9664,0.2201,35.3775,35.3775,18.8508,4.3417,0.9667,0.9667,0.9945,0.1756,0.1756,9.9664,0.2201,0.0,0.0,0.0,0.0,0.0,0.0,165.34,54.56,165.39,54.28,165.39,54.28,13.29,75.25,CUDA,Bicubic Baseline (3x)
1565,00001748_007.png,sub_NIH,3,ok,33.4933,29.0902,5.3935,0.9684,0.9947,0.161,9.9496,0.2559,33.4933,33.4933,29.0902,5.3935,0.9684,0.9684,0.9947,0.161,0.161,9.9496,0.2559,0.0,0.0,0.0,0.0,0.0,0.0,180.4,51.25,180.46,50.8,180.46,50.8,13.11,76.28,CUDA,Bicubic Baseline (3x)
1566,00001756_003.png,sub_NIH,3,ok,43.1084,3.1787,1.7829,0.9773,0.9955,0.1432,9.9851,0.2318,43.1084,43.1084,3.1787,1.7829,0.9773,0.9773,0.9955,0.1432,0.1432,9.9851,0.2318,0.0,0.0,0.0,0.0,0.0,0.0,159.1,52.01,159.1,51.94,159.1,51.94,13.35,74.89,CUDA,Bicubic Baseline (3x)
1567,00001756_007.png,sub_NIH,3,ok,35.6802,17.5817,4.1931,0.9698,0.9952,0.1464,9.9749,0.1172,35.6802,35.6802,17.5817,4.1931,0.9698,0.9698,0.9952,0.1464,0.1464,9.9749,0.1172,0.0,0.0,0.0,0.0,0.0,0.0,161.75,64.57,161.81,64.36,161.81,64.36,13.38,74.76,CUDA,Bicubic Baseline (3x)
1568,00001756_012.png,sub_NIH,3,ok,41.5999,4.4987,2.121,0.9616,0.9937,0.21,9.9879,0.1258,41.5999,41.5999,4.4987,2.121,0.9616,0.9616,0.9937,0.21,0.21,9.9879,0.1258,0.0,0.0,0.0,0.0,0.0,0.0,102.41,68.48,102.43,68.43,102.43,68.43,13.23,75.59,CUDA,Bicubic Baseline (3x)
1569,00001756_015.png,sub_NIH,3,ok,38.9749,8.2336,2.8694,0.9472,0.9915,0.267,9.9788,0.1774,38.9749,38.9749,8.2336,2.8694,0.9472,0.9472,0.9915,0.267,0.267,9.9788,0.1774,0.0,0.0,0.0,0.0,0.0,0.0,119.06,66.31,119.08,66.2,119.08,66.2,13.32,75.09,CUDA,Bicubic Baseline (3x)
1570,00001758_000.png,sub_NIH,3,ok,42.6239,3.5538,1.8852,0.9762,0.9953,0.163,9.984,0.2343,42.6239,42.6239,3.5538,1.8852,0.9762,0.9762,0.9953,0.163,0.163,9.984,0.2343,0.0,0.0,0.0,0.0,0.0,0.0,162.75,45.35,162.76,45.28,162.76,45.28,13.31,75.1,CUDA,Bicubic Baseline (3x)
1571,00001759_000.png,sub_NIH,3,ok,34.1912,24.7721,4.9772,0.9713,0.995,0.1477,9.9422,0.2447,34.1912,34.1912,24.7721,4.9772,0.9713,0.9713,0.995,0.1477,0.1477,9.9422,0.2447,0.0,0.0,0.0,0.0,0.0,0.0,104.86,85.87,104.93,85.58,104.93,85.58,13.25,75.46,CUDA,Bicubic Baseline (3x)
1572,00001761_000.png,sub_NIH,3,ok,37.8792,10.5964,3.2552,0.9498,0.9919,0.2593,9.9746,0.188,37.8792,37.8792,10.5964,3.2552,0.9498,0.9498,0.9919,0.2593,0.2593,9.9746,0.188,0.0,0.0,0.0,0.0,0.0,0.0,118.62,66.41,118.62,66.26,118.62,66.26,13.79,72.5,CUDA,Bicubic Baseline (3x)
1573,00001762_003.png,sub_NIH,3,ok,40.5634,5.7114,2.3899,0.9521,0.9924,0.2452,9.9842,0.142,40.5634,40.5634,5.7114,2.3899,0.9521,0.9521,0.9924,0.2452,0.2452,9.9842,0.142,0.0,0.0,0.0,0.0,0.0,0.0,115.33,74.65,115.34,74.58,115.34,74.58,13.92,71.84,CUDA,Bicubic Baseline (3x)
1574,00001768_000.png,sub_NIH,3,ok,35.1813,19.722,4.4409,0.97,0.9953,0.1603,9.9761,0.1424,35.1813,35.1813,19.722,4.4409,0.97,0.97,0.9953,0.1603,0.1603,9.9761,0.1424,0.0,0.0,0.0,0.0,0.0,0.0,152.97,70.95,153.03,70.78,153.03,70.78,13.24,75.51,CUDA,Bicubic Baseline (3x)
1575,00001770_000.png,sub_NIH,3,ok,42.7096,3.4843,1.8666,0.9691,0.994,0.18,9.9849,0.2265,42.7096,42.7096,3.4843,1.8666,0.9691,0.9691,0.994,0.18,0.18,9.9849,0.2265,0.0,0.0,0.0,0.0,0.0,0.0,168.85,47.16,168.85,47.09,168.85,47.09,13.46,74.3,CUDA,Bicubic Baseline (3x)
1576,00001770_002.png,sub_NIH,3,ok,35.0319,20.4121,4.518,0.97,0.995,0.157,9.972,0.1056,35.0319,35.0319,20.4121,4.518,0.97,0.97,0.995,0.157,0.157,9.972,0.1056,0.0,0.0,0.0,0.0,0.0,0.0,165.32,60.89,165.38,60.62,165.38,60.62,13.17,75.91,CUDA,Bicubic Baseline (3x)
1577,00001771_003.png,sub_NIH,3,ok,39.662,7.0287,2.6512,0.9657,0.9936,0.1896,9.9863,0.1327,39.662,39.662,7.0287,2.6512,0.9657,0.9657,0.9936,0.1896,0.1896,9.9863,0.1327,0.0,0.0,0.0,0.0,0.0,0.0,101.9,38.87,101.91,38.74,101.91,38.74,13.43,74.43,CUDA,Bicubic Baseline (3x)
1578,00001772_002.png,sub_NIH,3,ok,40.0335,6.4526,2.5402,0.9509,0.9922,0.2677,9.9824,0.1521,40.0335,40.0335,6.4526,2.5402,0.9509,0.9509,0.9922,0.2677,0.2677,9.9824,0.1521,0.0,0.0,0.0,0.0,0.0,0.0,120.45,65.76,120.46,65.68,120.46,65.68,13.13,76.17,CUDA,Bicubic Baseline (3x)
1579,00001772_006.png,sub_NIH,3,ok,39.8806,6.6838,2.5853,0.9416,0.9909,0.2936,9.9863,0.1235,39.8806,39.8806,6.6838,2.5853,0.9416,0.9416,0.9909,0.2936,0.2936,9.9863,0.1235,0.0,0.0,0.0,0.0,0.0,0.0,120.38,68.38,120.39,68.32,120.39,68.32,13.48,74.17,CUDA,Bicubic Baseline (3x)
1580,00001772_009.png,sub_NIH,3,ok,40.2153,6.188,2.4876,0.9618,0.9939,0.2189,9.9825,0.1661,40.2153,40.2153,6.188,2.4876,0.9618,0.9618,0.9939,0.2189,0.2189,9.9825,0.1661,0.0,0.0,0.0,0.0,0.0,0.0,127.77,68.92,127.79,68.85,127.79,68.85,13.24,75.51,CUDA,Bicubic Baseline (3x)
1581,00001774_000.png,sub_NIH,3,ok,42.7649,3.4402,1.8548,0.9625,0.9929,0.2155,9.9876,0.1688,42.7649,42.7649,3.4402,1.8548,0.9625,0.9625,0.9929,0.2155,0.2155,9.9876,0.1688,0.0,0.0,0.0,0.0,0.0,0.0,106.04,37.39,106.04,37.31,106.04,37.31,13.35,74.89,CUDA,Bicubic Baseline (3x)
1582,00001775_000.png,sub_NIH,3,ok,36.496,14.5709,3.8172,0.9685,0.9947,0.1505,9.981,0.096,36.496,36.496,14.5709,3.8172,0.9685,0.9685,0.9947,0.1505,0.1505,9.981,0.096,0.0,0.0,0.0,0.0,0.0,0.0,153.86,67.9,153.92,67.72,153.92,67.72,13.22,75.64,CUDA,Bicubic Baseline (3x)
1583,00001775_004.png,sub_NIH,3,ok,39.9334,6.603,2.5696,0.9384,0.9898,0.2995,9.9846,0.1411,39.9334,39.9334,6.603,2.5696,0.9384,0.9384,0.9898,0.2995,0.2995,9.9846,0.1411,0.0,0.0,0.0,0.0,0.0,0.0,116.75,72.16,116.76,72.09,116.76,72.09,13.89,72.0,CUDA,Bicubic Baseline (3x)
1584,00001777_001.png,sub_NIH,3,ok,44.4477,2.3351,1.5281,0.9751,0.995,0.1551,9.9892,0.1761,44.4477,44.4477,2.3351,1.5281,0.9751,0.9751,0.995,0.1551,0.1551,9.9892,0.1761,0.0,0.0,0.0,0.0,0.0,0.0,158.69,48.49,158.69,48.45,158.69,48.45,13.46,74.32,CUDA,Bicubic Baseline (3x)
1585,00001777_003.png,sub_NIH,3,ok,35.3674,18.8949,4.3468,0.9678,0.9946,0.1664,9.9658,0.181,35.3674,35.3674,18.8949,4.3468,0.9678,0.9678,0.9946,0.1664,0.1664,9.9658,0.181,0.0,0.0,0.0,0.0,0.0,0.0,156.51,65.73,156.57,65.48,156.57,65.48,13.13,76.15,CUDA,Bicubic Baseline (3x)
1586,00001779_000.png,sub_NIH,3,ok,35.7771,17.1938,4.1465,0.9726,0.9956,0.1561,9.9876,0.0401,35.7771,35.7771,17.1938,4.1465,0.9726,0.9726,0.9956,0.1561,0.1561,9.9876,0.0401,0.0,0.0,0.0,0.0,0.0,0.0,172.85,50.55,172.91,50.35,172.91,50.35,13.09,76.42,CUDA,Bicubic Baseline (3x)
1587,00001780_000.png,sub_NIH,3,ok,43.5546,2.8683,1.6936,0.9753,0.9952,0.17,9.9871,0.2114,43.5546,43.5546,2.8683,1.6936,0.9753,0.9753,0.9952,0.17,0.17,9.9871,0.2114,0.0,0.0,0.0,0.0,0.0,0.0,175.28,32.56,175.29,32.47,175.29,32.47,13.38,74.73,CUDA,Bicubic Baseline (3x)
1588,00001782_000.png,sub_NIH,3,ok,41.754,4.3419,2.0837,0.9776,0.9957,0.1343,9.9811,0.2394,41.754,41.754,4.3419,2.0837,0.9776,0.9776,0.9957,0.1343,0.1343,9.9811,0.2394,0.0,0.0,0.0,0.0,0.0,0.0,156.68,58.46,156.69,58.38,156.69,58.38,13.72,72.86,CUDA,Bicubic Baseline (3x)
1589,00001783_001.png,sub_NIH,3,ok,38.6364,8.9011,2.9835,0.9461,0.9908,0.2703,9.9765,0.2016,38.6364,38.6364,8.9011,2.9835,0.9461,0.9461,0.9908,0.2703,0.2703,9.9765,0.2016,0.0,0.0,0.0,0.0,0.0,0.0,105.42,59.02,105.43,58.89,105.43,58.89,13.19,75.81,CUDA,Bicubic Baseline (3x)
1590,00001787_000.png,sub_NIH,3,ok,35.6069,17.8809,4.2286,0.9632,0.9939,0.1883,9.9638,0.1244,35.6069,35.6069,17.8809,4.2286,0.9632,0.9632,0.9939,0.1883,0.1883,9.9638,0.1244,0.0,0.0,0.0,0.0,0.0,0.0,136.17,68.49,136.22,68.22,136.22,68.22,13.47,74.25,CUDA,Bicubic Baseline (3x)
1591,00001787_005.png,sub_NIH,3,ok,33.9314,26.2989,5.1282,0.9637,0.9937,0.2374,9.9741,0.0876,33.9314,33.9314,26.2989,5.1282,0.9637,0.9637,0.9937,0.2374,0.2374,9.9741,0.0876,0.0,0.0,0.0,0.0,0.0,0.0,114.53,51.51,114.59,51.17,114.59,51.17,13.11,76.28,CUDA,Bicubic Baseline (3x)
1592,00001787_007.png,sub_NIH,3,ok,32.8168,33.994,5.8304,0.9522,0.9919,0.2649,9.9421,0.2037,32.8168,32.8168,33.994,5.8304,0.9522,0.9522,0.9919,0.2649,0.2649,9.9421,0.2037,0.0,0.0,0.0,0.0,0.0,0.0,128.2,57.54,128.26,57.09,128.26,57.09,13.28,75.32,CUDA,Bicubic Baseline (3x)
1593,00001787_013.png,sub_NIH,3,ok,31.0952,50.5313,7.1085,0.9753,0.9955,0.1548,9.9316,0.2046,31.0952,31.0952,50.5313,7.1085,0.9753,0.9753,0.9955,0.1548,0.1548,9.9316,0.2046,0.0,0.0,0.0,0.0,0.0,0.0,152.53,55.44,152.61,54.77,152.61,54.77,13.24,75.53,CUDA,Bicubic Baseline (3x)
1594,00001787_014.png,sub_NIH,3,ok,33.4719,29.234,5.4068,0.9792,0.9957,0.1366,9.9693,0.1608,33.4719,33.4719,29.234,5.4068,0.9792,0.9792,0.9957,0.1366,0.1366,9.9693,0.1608,0.0,0.0,0.0,0.0,0.0,0.0,147.89,49.31,147.94,48.95,147.94,48.95,13.16,76.01,CUDA,Bicubic Baseline (3x)
1595,00001788_003.png,sub_NIH,3,ok,37.6919,11.0634,3.3262,0.9641,0.9947,0.2349,9.9914,0.0241,37.6919,37.6919,11.0634,3.3262,0.9641,0.9641,0.9947,0.2349,0.2349,9.9914,0.0241,0.0,0.0,0.0,0.0,0.0,0.0,119.26,62.44,119.3,62.36,119.3,62.36,13.21,75.72,CUDA,Bicubic Baseline (3x)
1596,00001788_006.png,sub_NIH,3,ok,40.1179,6.3283,2.5156,0.9487,0.9919,0.2679,9.9846,0.1477,40.1179,40.1179,6.3283,2.5156,0.9487,0.9487,0.9919,0.2679,0.2679,9.9846,0.1477,0.0,0.0,0.0,0.0,0.0,0.0,141.82,64.46,141.83,64.38,141.83,64.38,13.22,75.66,CUDA,Bicubic Baseline (3x)
1597,00001792_002.png,sub_NIH,3,ok,40.0989,6.356,2.5211,0.946,0.9918,0.3047,9.9871,0.1156,40.0989,40.0989,6.356,2.5211,0.946,0.946,0.9918,0.3047,0.3047,9.9871,0.1156,0.0,0.0,0.0,0.0,0.0,0.0,135.28,65.71,135.3,65.65,135.3,65.65,13.32,75.07,CUDA,Bicubic Baseline (3x)
1598,00001796_005.png,sub_NIH,3,ok,31.9926,41.098,6.4108,0.9757,0.9963,0.1157,9.9782,-0.004,31.9926,31.9926,41.098,6.4108,0.9757,0.9757,0.9963,0.1157,0.1157,9.9782,-0.004,0.0,0.0,0.0,0.0,0.0,0.0,195.51,52.39,195.6,51.9,195.6,51.9,13.17,75.91,CUDA,Bicubic Baseline (3x)
1599,00001796_008.png,sub_NIH,3,ok,34.8181,21.4421,4.6306,0.9701,0.9954,0.1394,9.9785,0.0938,34.8181,34.8181,21.4421,4.6306,0.9701,0.9701,0.9954,0.1394,0.1394,9.9785,0.0938,0.0,0.0,0.0,0.0,0.0,0.0,162.9,71.83,162.97,71.65,162.97,71.65,13.08,76.43,CUDA,Bicubic Baseline (3x)
1600,00001799_000.png,sub_NIH,3,ok,35.2909,19.2307,4.3853,0.9685,0.9947,0.1628,9.9817,0.0617,35.2909,35.2909,19.2307,4.3853,0.9685,0.9685,0.9947,0.1628,0.1628,9.9817,0.0617,0.0,0.0,0.0,0.0,0.0,0.0,160.78,60.71,160.84,60.47,160.84,60.47,13.39,74.67,CUDA,Bicubic Baseline (3x)
1601,00001800_000.png,sub_NIH,3,ok,35.1544,19.8445,4.4547,0.9717,0.9955,0.1654,9.983,0.058,35.1544,35.1544,19.8445,4.4547,0.9717,0.9717,0.9955,0.1654,0.1654,9.983,0.058,0.0,0.0,0.0,0.0,0.0,0.0,167.58,55.88,167.64,55.68,167.64,55.68,13.13,76.15,CUDA,Bicubic Baseline (3x)
1602,00001803_005.png,sub_NIH,3,ok,33.906,26.4535,5.1433,0.9751,0.9955,0.1911,9.96,0.2127,33.906,33.906,26.4535,5.1433,0.9751,0.9751,0.9955,0.1911,0.1911,9.96,0.2127,0.0,0.0,0.0,0.0,0.0,0.0,111.75,49.98,111.79,49.63,111.79,49.63,13.16,75.99,CUDA,Bicubic Baseline (3x)
1603,00001803_006.png,sub_NIH,3,ok,38.7795,8.6126,2.9347,0.9355,0.99,0.3103,9.9833,0.1443,38.7795,38.7795,8.6126,2.9347,0.9355,0.9355,0.99,0.3103,0.3103,9.9833,0.1443,0.0,0.0,0.0,0.0,0.0,0.0,126.55,65.4,126.57,65.3,126.57,65.3,13.07,76.53,CUDA,Bicubic Baseline (3x)
1604,00001804_000.png,sub_NIH,3,ok,39.9535,6.5725,2.5637,0.9813,0.9964,0.1055,9.9787,0.1945,39.9535,39.9535,6.5725,2.5637,0.9813,0.9813,0.9964,0.1055,0.1055,9.9787,0.1945,0.0,0.0,0.0,0.0,0.0,0.0,170.96,58.82,170.97,58.69,170.97,58.69,13.42,74.52,CUDA,Bicubic Baseline (3x)
1605,00001806_004.png,sub_NIH,3,ok,40.6342,5.619,2.3704,0.9499,0.992,0.2771,9.9855,0.1363,40.6342,40.6342,5.619,2.3704,0.9499,0.9499,0.992,0.2771,0.2771,9.9855,0.1363,0.0,0.0,0.0,0.0,0.0,0.0,141.29,64.98,141.29,64.91,141.29,64.91,13.62,73.4,CUDA,Bicubic Baseline (3x)
1606,00001809_002.png,sub_NIH,3,ok,39.9283,6.6108,2.5711,0.9399,0.9906,0.3092,9.9861,0.1191,39.9283,39.9283,6.6108,2.5711,0.9399,0.9399,0.9906,0.3092,0.3092,9.9861,0.1191,0.0,0.0,0.0,0.0,0.0,0.0,135.35,63.44,135.36,63.36,135.36,63.36,13.24,75.55,CUDA,Bicubic Baseline (3x)
1607,00001809_003.png,sub_NIH,3,ok,38.9187,8.3409,2.8881,0.9322,0.9895,0.3154,9.9833,0.1337,38.9187,38.9187,8.3409,2.8881,0.9322,0.9322,0.9895,0.3154,0.3154,9.9833,0.1337,0.0,0.0,0.0,0.0,0.0,0.0,130.4,67.82,130.42,67.73,130.42,67.73,13.17,75.95,CUDA,Bicubic Baseline (3x)
1608,00001809_005.png,sub_NIH,3,ok,38.5353,9.1108,3.0184,0.9383,0.9904,0.2919,9.9815,0.1419,38.5353,38.5353,9.1108,3.0184,0.9383,0.9383,0.9904,0.2919,0.2919,9.9815,0.1419,0.0,0.0,0.0,0.0,0.0,0.0,116.59,69.41,116.61,69.32,116.61,69.32,13.25,75.49,CUDA,Bicubic Baseline (3x)
1609,00001814_004.png,sub_NIH,3,ok,36.5014,14.5525,3.8148,0.9768,0.996,0.1518,9.9569,0.2617,36.5014,36.5014,14.5525,3.8148,0.9768,0.9768,0.996,0.1518,0.1518,9.9569,0.2617,0.0,0.0,0.0,0.0,0.0,0.0,112.35,76.6,112.4,76.4,112.4,76.4,13.34,74.95,CUDA,Bicubic Baseline (3x)
1610,00001818_003.png,sub_NIH,3,ok,40.0077,6.491,2.5477,0.9536,0.9924,0.234,9.9803,0.1839,40.0077,40.0077,6.491,2.5477,0.9536,0.9536,0.9924,0.234,0.234,9.9803,0.1839,0.0,0.0,0.0,0.0,0.0,0.0,100.64,71.84,100.65,71.76,100.65,71.76,14.89,67.16,CUDA,Bicubic Baseline (3x)
1611,00001819_002.png,sub_NIH,3,ok,33.5623,28.6319,5.3509,0.9578,0.9926,0.1788,9.9174,0.2884,33.5623,33.5623,28.6319,5.3509,0.9578,0.9578,0.9926,0.1788,0.1788,9.9174,0.2884,0.0,0.0,0.0,0.0,0.0,0.0,156.38,72.01,156.47,71.48,156.47,71.48,13.12,76.22,CUDA,Bicubic Baseline (3x)
1612,00001819_004.png,sub_NIH,3,ok,38.4579,9.2744,3.0454,0.9608,0.9929,0.2156,9.9801,0.1389,38.4579,38.4579,9.2744,3.0454,0.9608,0.9608,0.9929,0.2156,0.2156,9.9801,0.1389,0.0,0.0,0.0,0.0,0.0,0.0,134.4,50.75,134.42,50.56,134.42,50.56,13.53,73.91,CUDA,Bicubic Baseline (3x)
1613,00001819_006.png,sub_NIH,3,ok,36.8106,13.5526,3.6814,0.9738,0.9957,0.1797,9.9864,0.0524,36.8106,36.8106,13.5526,3.6814,0.9738,0.9738,0.9957,0.1797,0.1797,9.9864,0.0524,0.0,0.0,0.0,0.0,0.0,0.0,135.85,39.06,135.9,38.82,135.9,38.82,12.63,79.17,CUDA,Bicubic Baseline (3x)
1614,00001820_003.png,sub_NIH,3,ok,36.8689,13.3719,3.6568,0.9767,0.9962,0.1588,9.9808,0.133,36.8689,36.8689,13.3719,3.6568,0.9767,0.9767,0.9962,0.1588,0.1588,9.9808,0.133,0.0,0.0,0.0,0.0,0.0,0.0,138.91,48.76,138.95,48.57,138.95,48.57,13.07,76.52,CUDA,Bicubic Baseline (3x)
1615,00001820_005.png,sub_NIH,3,ok,36.2683,15.355,3.9185,0.9718,0.9953,0.1609,9.9749,0.216,36.2683,36.2683,15.355,3.9185,0.9718,0.9718,0.9953,0.1609,0.1609,9.9749,0.216,0.0,0.0,0.0,0.0,0.0,0.0,158.24,59.48,158.29,59.29,158.29,59.29,15.55,64.33,CUDA,Bicubic Baseline (3x)
1616,00001821_000.png,sub_NIH,3,ok,38.8232,8.5263,2.92,0.9372,0.9898,0.3103,9.9826,0.133,38.8232,38.8232,8.5263,2.92,0.9372,0.9372,0.9898,0.3103,0.3103,9.9826,0.133,0.0,0.0,0.0,0.0,0.0,0.0,111.59,62.25,111.6,62.15,111.6,62.15,13.16,76.0,CUDA,Bicubic Baseline (3x)
1617,00001823_000.png,sub_NIH,3,ok,34.834,21.3638,4.6221,0.9713,0.9951,0.1431,9.9631,0.1853,34.834,34.834,21.3638,4.6221,0.9713,0.9713,0.9951,0.1431,0.1431,9.9631,0.1853,0.0,0.0,0.0,0.0,0.0,0.0,160.33,66.55,160.39,66.29,160.39,66.29,13.16,75.97,CUDA,Bicubic Baseline (3x)
1618,00001829_000.png,sub_NIH,3,ok,36.4549,14.7092,3.8353,0.9754,0.9959,0.1376,9.9761,0.17,36.4549,36.4549,14.7092,3.8353,0.9754,0.9754,0.9959,0.1376,0.1376,9.9761,0.17,0.0,0.0,0.0,0.0,0.0,0.0,158.3,64.44,158.35,64.28,158.35,64.28,13.51,74.01,CUDA,Bicubic Baseline (3x)
1619,00001832_000.png,sub_NIH,3,ok,36.434,14.7804,3.8445,0.9723,0.9954,0.1712,9.9863,0.066,36.434,36.434,14.7804,3.8445,0.9723,0.9723,0.9954,0.1712,0.1712,9.9863,0.066,0.0,0.0,0.0,0.0,0.0,0.0,161.23,50.87,161.29,50.69,161.29,50.69,13.47,74.23,CUDA,Bicubic Baseline (3x)
1620,00001833_003.png,sub_NIH,3,ok,36.3447,15.0872,3.8842,0.9761,0.9964,0.1491,9.9864,0.0623,36.3447,36.3447,15.0872,3.8842,0.9761,0.9761,0.9964,0.1491,0.1491,9.9864,0.0623,0.0,0.0,0.0,0.0,0.0,0.0,160.7,45.24,160.76,45.03,160.76,45.03,13.21,75.7,CUDA,Bicubic Baseline (3x)
1621,00001833_004.png,sub_NIH,3,ok,37.301,12.1053,3.4793,0.9784,0.9966,0.1456,9.9859,0.0912,37.301,37.301,12.1053,3.4793,0.9784,0.9784,0.9966,0.1456,0.1456,9.9859,0.0912,0.0,0.0,0.0,0.0,0.0,0.0,150.65,50.42,150.7,50.26,150.7,50.26,13.14,76.08,CUDA,Bicubic Baseline (3x)
1622,00001833_013.png,sub_NIH,3,ok,40.5825,5.6863,2.3846,0.9503,0.992,0.2706,9.9834,0.1546,40.5825,40.5825,5.6863,2.3846,0.9503,0.9503,0.992,0.2706,0.2706,9.9834,0.1546,0.0,0.0,0.0,0.0,0.0,0.0,121.8,65.6,121.8,65.53,121.8,65.53,13.37,74.77,CUDA,Bicubic Baseline (3x)
1623,00001836_003.png,sub_NIH,3,ok,33.4395,29.4531,5.4271,0.9686,0.9943,0.1997,9.9611,0.1662,33.4395,33.4395,29.4531,5.4271,0.9686,0.9686,0.9943,0.1997,0.1997,9.9611,0.1662,0.0,0.0,0.0,0.0,0.0,0.0,113.23,59.54,113.29,59.23,113.29,59.23,13.13,76.16,CUDA,Bicubic Baseline (3x)
1624,00001836_008.png,sub_NIH,3,ok,34.4728,23.2169,4.8184,0.9629,0.9927,0.1546,9.956,0.2429,34.4728,34.4728,23.2169,4.8184,0.9629,0.9629,0.9927,0.1546,0.1546,9.956,0.2429,0.0,0.0,0.0,0.0,0.0,0.0,150.61,60.52,150.66,60.23,150.66,60.23,12.62,79.23,CUDA,Bicubic Baseline (3x)
1625,00001836_013.png,sub_NIH,3,ok,36.5952,14.2415,3.7738,0.9711,0.9946,0.1938,9.9755,0.205,36.5952,36.5952,14.2415,3.7738,0.9711,0.9711,0.9946,0.1938,0.1938,9.9755,0.205,0.0,0.0,0.0,0.0,0.0,0.0,111.07,50.54,111.11,50.34,111.11,50.34,13.62,73.44,CUDA,Bicubic Baseline (3x)
1626,00001836_015.png,sub_NIH,3,ok,33.1967,31.1466,5.5809,0.9675,0.9934,0.1939,9.939,0.2544,33.1967,33.1967,31.1466,5.5809,0.9675,0.9675,0.9934,0.1939,0.1939,9.939,0.2544,0.0,0.0,0.0,0.0,0.0,0.0,108.5,55.32,108.54,54.9,108.54,54.9,13.67,73.18,CUDA,Bicubic Baseline (3x)
1627,00001836_027.png,sub_NIH,3,ok,36.0493,16.149,4.0186,0.9665,0.9937,0.1911,9.9713,0.2228,36.0493,36.0493,16.149,4.0186,0.9665,0.9665,0.9937,0.1911,0.1911,9.9713,0.2228,0.0,0.0,0.0,0.0,0.0,0.0,115.32,49.58,115.37,49.35,115.37,49.35,13.09,76.38,CUDA,Bicubic Baseline (3x)
1628,00001836_035.png,sub_NIH,3,ok,36.4235,14.8161,3.8492,0.9674,0.9936,0.1952,9.9737,0.2161,36.4235,36.4235,14.8161,3.8492,0.9674,0.9674,0.9936,0.1952,0.1952,9.9737,0.2161,0.0,0.0,0.0,0.0,0.0,0.0,109.65,47.95,109.69,47.73,109.69,47.73,13.3,75.16,CUDA,Bicubic Baseline (3x)
1629,00001836_042.png,sub_NIH,3,ok,32.0029,41.0005,6.4032,0.9682,0.9935,0.1854,9.9429,0.2024,32.0029,32.0029,41.0005,6.4032,0.9682,0.9682,0.9935,0.1854,0.1854,9.9429,0.2024,0.0,0.0,0.0,0.0,0.0,0.0,105.84,59.21,105.91,58.75,105.91,58.75,13.61,73.48,CUDA,Bicubic Baseline (3x)
1630,00001836_043.png,sub_NIH,3,ok,34.1985,24.7304,4.973,0.9658,0.9932,0.2024,9.939,0.3027,34.1985,34.1985,24.7304,4.973,0.9658,0.9658,0.9932,0.2024,0.2024,9.939,0.3027,0.0,0.0,0.0,0.0,0.0,0.0,108.77,49.56,108.81,49.17,108.81,49.17,13.3,75.17,CUDA,Bicubic Baseline (3x)
1631,00001836_046.png,sub_NIH,3,ok,36.9339,13.1732,3.6295,0.9721,0.9947,0.1889,9.9752,0.215,36.9339,36.9339,13.1732,3.6295,0.9721,0.9721,0.9947,0.1889,0.1889,9.9752,0.215,0.0,0.0,0.0,0.0,0.0,0.0,113.39,51.6,113.43,51.42,113.43,51.42,13.28,75.31,CUDA,Bicubic Baseline (3x)
1632,00001836_049.png,sub_NIH,3,ok,38.3537,9.4998,3.0822,0.9697,0.9944,0.1906,9.9816,0.1619,38.3537,38.3537,9.4998,3.0822,0.9697,0.9697,0.9944,0.1906,0.1906,9.9816,0.1619,0.0,0.0,0.0,0.0,0.0,0.0,109.78,49.22,109.82,49.09,109.82,49.09,14.91,67.05,CUDA,Bicubic Baseline (3x)
1633,00001836_053.png,sub_NIH,3,ok,35.4446,18.5618,4.3083,0.9664,0.9935,0.1873,9.9619,0.2514,35.4446,35.4446,18.5618,4.3083,0.9664,0.9664,0.9935,0.1873,0.1873,9.9619,0.2514,0.0,0.0,0.0,0.0,0.0,0.0,99.27,57.53,99.32,57.27,99.32,57.27,13.65,73.27,CUDA,Bicubic Baseline (3x)
1634,00001836_055.png,sub_NIH,3,ok,36.6908,13.9315,3.7325,0.9602,0.9925,0.1999,9.9686,0.2231,36.6908,36.6908,13.9315,3.7325,0.9602,0.9602,0.9925,0.1999,0.1999,9.9686,0.2231,0.0,0.0,0.0,0.0,0.0,0.0,104.57,57.54,104.61,57.33,104.61,57.33,13.86,72.17,CUDA,Bicubic Baseline (3x)
1635,00001836_060.png,sub_NIH,3,ok,34.9685,20.7126,4.5511,0.9673,0.9938,0.1888,9.9703,0.178,34.9685,34.9685,20.7126,4.5511,0.9673,0.9673,0.9938,0.1888,0.1888,9.9703,0.178,0.0,0.0,0.0,0.0,0.0,0.0,100.36,52.62,100.41,52.35,100.41,52.35,13.14,76.1,CUDA,Bicubic Baseline (3x)
1636,00001836_067.png,sub_NIH,3,ok,38.5594,9.0602,3.01,0.9708,0.9946,0.1768,9.9835,0.1499,38.5594,38.5594,9.0602,3.01,0.9708,0.9708,0.9946,0.1768,0.1768,9.9835,0.1499,0.0,0.0,0.0,0.0,0.0,0.0,110.36,53.72,110.4,53.61,110.4,53.61,13.76,72.68,CUDA,Bicubic Baseline (3x)
1637,00001836_073.png,sub_NIH,3,ok,34.5785,22.6586,4.7601,0.9685,0.994,0.1864,9.9543,0.2233,34.5785,34.5785,22.6586,4.7601,0.9685,0.9685,0.994,0.1864,0.1864,9.9543,0.2233,0.0,0.0,0.0,0.0,0.0,0.0,115.5,55.09,115.54,54.8,115.54,54.8,13.28,75.28,CUDA,Bicubic Baseline (3x)
1638,00001836_074.png,sub_NIH,3,ok,34.0652,25.5013,5.0499,0.9678,0.9939,0.1789,9.9687,0.1711,34.0652,34.0652,25.5013,5.0499,0.9678,0.9678,0.9939,0.1789,0.1789,9.9687,0.1711,0.0,0.0,0.0,0.0,0.0,0.0,113.98,53.38,114.04,53.06,114.04,53.06,13.86,72.15,CUDA,Bicubic Baseline (3x)
1639,00001836_092.png,sub_NIH,3,ok,36.6525,14.0549,3.749,0.9691,0.9942,0.1786,9.974,0.2128,36.6525,36.6525,14.0549,3.749,0.9691,0.9691,0.9942,0.1786,0.1786,9.974,0.2128,0.0,0.0,0.0,0.0,0.0,0.0,106.17,57.79,106.21,57.62,106.21,57.62,13.3,75.17,CUDA,Bicubic Baseline (3x)
1640,00001836_105.png,sub_NIH,3,ok,33.9204,26.3655,5.1347,0.9608,0.9926,0.2014,9.9352,0.2717,33.9204,33.9204,26.3655,5.1347,0.9608,0.9608,0.9926,0.2014,0.2014,9.9352,0.2717,0.0,0.0,0.0,0.0,0.0,0.0,105.71,59.34,105.76,58.96,105.76,58.96,13.18,75.86,CUDA,Bicubic Baseline (3x)
1641,00001836_106.png,sub_NIH,3,ok,36.0408,16.1808,4.0225,0.9655,0.9934,0.1928,9.9727,0.2177,36.0408,36.0408,16.1808,4.0225,0.9655,0.9655,0.9934,0.1928,0.1928,9.9727,0.2177,0.0,0.0,0.0,0.0,0.0,0.0,115.47,48.25,115.51,48.01,115.51,48.01,19.98,50.05,CUDA,Bicubic Baseline (3x)
1642,00001836_107.png,sub_NIH,3,ok,35.9858,16.3871,4.0481,0.9669,0.9939,0.1943,9.9773,0.1174,35.9858,35.9858,16.3871,4.0481,0.9669,0.9669,0.9939,0.1943,0.1943,9.9773,0.1174,0.0,0.0,0.0,0.0,0.0,0.0,110.46,47.65,110.51,47.39,110.51,47.39,14.36,69.64,CUDA,Bicubic Baseline (3x)
1643,00001836_118.png,sub_NIH,3,ok,35.6847,17.5633,4.1909,0.9666,0.9935,0.1869,9.9722,0.209,35.6847,35.6847,17.5633,4.1909,0.9666,0.9666,0.9935,0.1869,0.1869,9.9722,0.209,0.0,0.0,0.0,0.0,0.0,0.0,111.92,55.03,111.97,54.82,111.97,54.82,13.24,75.52,CUDA,Bicubic Baseline (3x)
1644,00001836_122.png,sub_NIH,3,ok,35.3957,18.772,4.3327,0.9653,0.9934,0.1931,9.9687,0.2063,35.3957,35.3957,18.772,4.3327,0.9653,0.9653,0.9934,0.1931,0.1931,9.9687,0.2063,0.0,0.0,0.0,0.0,0.0,0.0,106.66,49.1,106.71,48.85,106.71,48.85,14.76,67.74,CUDA,Bicubic Baseline (3x)
1645,00001836_123.png,sub_NIH,3,ok,33.7458,27.4475,5.239,0.9618,0.9927,0.2023,9.9654,0.1763,33.7458,33.7458,27.4475,5.239,0.9618,0.9618,0.9927,0.2023,0.2023,9.9654,0.1763,0.0,0.0,0.0,0.0,0.0,0.0,110.79,51.53,110.85,51.18,110.85,51.18,14.12,70.83,CUDA,Bicubic Baseline (3x)
1646,00001836_126.png,sub_NIH,3,ok,33.4855,29.1425,5.3984,0.962,0.9927,0.2052,9.9339,0.283,33.4855,33.4855,29.1425,5.3984,0.962,0.962,0.9927,0.2052,0.2052,9.9339,0.283,0.0,0.0,0.0,0.0,0.0,0.0,110.99,52.48,111.03,52.03,111.03,52.03,13.63,73.39,CUDA,Bicubic Baseline (3x)
1647,00001837_000.png,sub_NIH,3,ok,41.7158,4.3803,2.0929,0.9719,0.9945,0.1595,9.9816,0.2589,41.7158,41.7158,4.3803,2.0929,0.9719,0.9719,0.9945,0.1595,0.1595,9.9816,0.2589,0.0,0.0,0.0,0.0,0.0,0.0,173.62,48.72,173.63,48.63,173.63,48.63,13.16,76.02,CUDA,Bicubic Baseline (3x)
1648,00001839_002.png,sub_NIH,3,ok,40.2641,6.1189,2.4736,0.9476,0.9916,0.272,9.9847,0.1413,40.2641,40.2641,6.1189,2.4736,0.9476,0.9476,0.9916,0.272,0.272,9.9847,0.1413,0.0,0.0,0.0,0.0,0.0,0.0,115.32,68.47,115.34,68.39,115.34,68.39,13.49,74.14,CUDA,Bicubic Baseline (3x)
1649,00001841_000.png,sub_NIH,3,ok,33.4013,29.7136,5.451,0.9731,0.9948,0.1697,9.9371,0.2705,33.4013,33.4013,29.7136,5.451,0.9731,0.9731,0.9948,0.1697,0.1697,9.9371,0.2705,0.0,0.0,0.0,0.0,0.0,0.0,112.92,54.17,112.97,53.75,112.97,53.75,13.24,75.51,CUDA,Bicubic Baseline (3x)
1650,00001845_001.png,sub_NIH,3,ok,37.5067,11.5455,3.3979,0.9716,0.9956,0.2117,9.9901,0.0434,37.5067,37.5067,11.5455,3.3979,0.9716,0.9716,0.9956,0.2117,0.2117,9.9901,0.0434,0.0,0.0,0.0,0.0,0.0,0.0,140.57,36.78,140.62,36.59,140.62,36.59,14.05,71.18,CUDA,Bicubic Baseline (3x)
1651,00001847_003.png,sub_NIH,3,ok,36.3714,14.9946,3.8723,0.9731,0.9951,0.1429,9.9567,0.26,36.3714,36.3714,14.9946,3.8723,0.9731,0.9731,0.9951,0.1429,0.1429,9.9567,0.26,0.0,0.0,0.0,0.0,0.0,0.0,130.63,74.55,130.67,74.32,130.67,74.32,14.52,68.86,CUDA,Bicubic Baseline (3x)
1652,00001847_004.png,sub_NIH,3,ok,36.2796,15.3149,3.9134,0.9739,0.996,0.1498,9.9766,0.1327,36.2796,36.2796,15.3149,3.9134,0.9739,0.9739,0.996,0.1498,0.1498,9.9766,0.1327,0.0,0.0,0.0,0.0,0.0,0.0,145.96,58.47,146.02,58.25,146.02,58.25,13.27,75.36,CUDA,Bicubic Baseline (3x)
1653,00001847_006.png,sub_NIH,3,ok,37.3234,12.0432,3.4703,0.9793,0.9966,0.1349,9.9847,0.0991,37.3234,37.3234,12.0432,3.4703,0.9793,0.9793,0.9966,0.1349,0.1349,9.9847,0.0991,0.0,0.0,0.0,0.0,0.0,0.0,150.55,55.1,150.6,54.95,150.6,54.95,14.72,67.93,CUDA,Bicubic Baseline (3x)
1654,00001847_007.png,sub_NIH,3,ok,36.8716,13.3634,3.6556,0.9771,0.9964,0.1355,9.9805,0.1188,36.8716,36.8716,13.3634,3.6556,0.9771,0.9771,0.9964,0.1355,0.1355,9.9805,0.1188,0.0,0.0,0.0,0.0,0.0,0.0,150.82,52.23,150.86,52.05,150.86,52.05,18.46,54.17,CUDA,Bicubic Baseline (3x)
1655,00001851_003.png,sub_NIH,3,ok,33.8027,27.0899,5.2048,0.9644,0.994,0.2452,9.9541,0.2259,33.8027,33.8027,27.0899,5.2048,0.9644,0.9644,0.994,0.2452,0.2452,9.9541,0.2259,0.0,0.0,0.0,0.0,0.0,0.0,122.57,44.98,122.62,44.56,122.62,44.56,13.2,75.76,CUDA,Bicubic Baseline (3x)
1656,00001854_000.png,sub_NIH,3,ok,33.3494,30.0702,5.4836,0.9742,0.9951,0.1444,9.9152,0.3243,33.3494,33.3494,30.0702,5.4836,0.9742,0.9742,0.9951,0.1444,0.1444,9.9152,0.3243,0.0,0.0,0.0,0.0,0.0,0.0,64.08,73.11,64.13,72.73,64.13,72.73,13.24,75.55,CUDA,Bicubic Baseline (3x)
1657,00001855_001.png,sub_NIH,3,ok,36.4001,14.8959,3.8595,0.9791,0.9962,0.1165,9.949,0.3039,36.4001,36.4001,14.8959,3.8595,0.9791,0.9791,0.9962,0.1165,0.1165,9.949,0.3039,0.0,0.0,0.0,0.0,0.0,0.0,78.69,83.59,78.74,83.4,78.74,83.4,13.89,71.98,CUDA,Bicubic Baseline (3x)
1658,00001855_004.png,sub_NIH,3,ok,43.3886,2.98,1.7263,0.9826,0.9966,0.1069,9.9855,0.2291,43.3886,43.3886,2.98,1.7263,0.9826,0.9826,0.9966,0.1069,0.1069,9.9855,0.2291,0.0,0.0,0.0,0.0,0.0,0.0,165.26,74.96,165.26,74.92,165.26,74.92,15.2,65.79,CUDA,Bicubic Baseline (3x)
1659,00001855_012.png,sub_NIH,3,ok,35.7587,17.2668,4.1553,0.9789,0.9961,0.115,9.9621,0.2693,35.7587,35.7587,17.2668,4.1553,0.9789,0.9789,0.9961,0.115,0.115,9.9621,0.2693,0.0,0.0,0.0,0.0,0.0,0.0,90.35,82.47,90.4,82.3,90.4,82.3,14.54,68.75,CUDA,Bicubic Baseline (3x)
1660,00001855_013.png,sub_NIH,3,ok,36.0381,16.191,4.0238,0.9757,0.9951,0.1279,9.9548,0.2412,36.0381,36.0381,16.191,4.0238,0.9757,0.9757,0.9951,0.1279,0.1279,9.9548,0.2412,0.0,0.0,0.0,0.0,0.0,0.0,98.92,86.64,98.98,86.45,98.98,86.45,13.14,76.08,CUDA,Bicubic Baseline (3x)
1661,00001855_015.png,sub_NIH,3,ok,36.0525,16.1371,4.0171,0.9805,0.9961,0.1109,9.9421,0.3676,36.0525,36.0525,16.1371,4.0171,0.9805,0.9805,0.9961,0.1109,0.1109,9.9421,0.3676,0.0,0.0,0.0,0.0,0.0,0.0,106.97,82.3,106.99,82.1,106.99,82.1,13.15,76.04,CUDA,Bicubic Baseline (3x)
1662,00001855_024.png,sub_NIH,3,ok,35.9369,16.5725,4.0709,0.9777,0.9963,0.1195,9.9673,0.1901,35.9369,35.9369,16.5725,4.0709,0.9777,0.9777,0.9963,0.1195,0.1195,9.9673,0.1901,0.0,0.0,0.0,0.0,0.0,0.0,131.2,69.9,131.25,69.72,131.25,69.72,13.22,75.65,CUDA,Bicubic Baseline (3x)
1663,00001855_026.png,sub_NIH,3,ok,37.5812,11.3491,3.3688,0.9828,0.9969,0.0962,9.972,0.2355,37.5812,37.5812,11.3491,3.3688,0.9828,0.9828,0.9969,0.0962,0.0962,9.972,0.2355,0.0,0.0,0.0,0.0,0.0,0.0,103.4,85.49,103.43,85.39,103.43,85.39,13.43,74.43,CUDA,Bicubic Baseline (3x)
1664,00001855_029.png,sub_NIH,3,ok,34.846,21.3048,4.6157,0.974,0.9954,0.1423,9.9614,0.2301,34.846,34.846,21.3048,4.6157,0.974,0.974,0.9954,0.1423,0.1423,9.9614,0.2301,0.0,0.0,0.0,0.0,0.0,0.0,127.45,70.64,127.51,70.45,127.51,70.45,13.53,73.94,CUDA,Bicubic Baseline (3x)
1665,00001857_000.png,sub_NIH,3,ok,41.6816,4.4149,2.1012,0.9754,0.9952,0.1341,9.9853,0.1814,41.6816,41.6816,4.4149,2.1012,0.9754,0.9754,0.9952,0.1341,0.1341,9.9853,0.1814,0.0,0.0,0.0,0.0,0.0,0.0,168.31,43.5,168.32,43.4,168.32,43.4,13.96,71.63,CUDA,Bicubic Baseline (3x)
1666,00001857_001.png,sub_NIH,3,ok,46.5256,1.4472,1.203,0.9833,0.9969,0.1404,9.9919,0.1238,46.5256,46.5256,1.4472,1.203,0.9833,0.9833,0.9969,0.1404,0.1404,9.9919,0.1238,0.0,0.0,0.0,0.0,0.0,0.0,168.89,33.98,168.89,33.95,168.89,33.95,13.46,74.27,CUDA,Bicubic Baseline (3x)
1667,00001860_001.png,sub_NIH,3,ok,32.837,33.836,5.8169,0.9651,0.9941,0.1687,9.9738,0.073,32.837,32.837,33.836,5.8169,0.9651,0.9651,0.9941,0.1687,0.1687,9.9738,0.073,0.0,0.0,0.0,0.0,0.0,0.0,156.56,64.12,156.64,63.8,156.64,63.8,13.1,76.36,CUDA,Bicubic Baseline (3x)
1668,00001860_002.png,sub_NIH,3,ok,38.7369,8.6975,2.9492,0.9389,0.9899,0.2915,9.9803,0.1686,38.7369,38.7369,8.6975,2.9492,0.9389,0.9389,0.9899,0.2915,0.2915,9.9803,0.1686,0.0,0.0,0.0,0.0,0.0,0.0,128.11,66.85,128.12,66.75,128.12,66.75,13.39,74.68,CUDA,Bicubic Baseline (3x)
1669,00001862_005.png,sub_NIH,3,ok,36.4398,14.7606,3.842,0.9644,0.9946,0.2417,9.9775,0.1395,36.4398,36.4398,14.7606,3.842,0.9644,0.9644,0.9946,0.2417,0.2417,9.9775,0.1395,0.0,0.0,0.0,0.0,0.0,0.0,138.54,39.9,138.59,39.64,138.59,39.64,13.08,76.47,CUDA,Bicubic Baseline (3x)
1670,00001867_000.png,sub_NIH,3,ok,41.861,4.2363,2.0582,0.9532,0.9927,0.255,9.9894,0.1031,41.861,41.861,4.2363,2.0582,0.9532,0.9532,0.9927,0.255,0.255,9.9894,0.1031,0.0,0.0,0.0,0.0,0.0,0.0,115.05,72.74,115.06,72.69,115.06,72.69,13.38,74.75,CUDA,Bicubic Baseline (3x)
1671,00001869_000.png,sub_NIH,3,ok,44.466,2.3253,1.5249,0.9798,0.9959,0.1475,9.9881,0.2105,44.466,44.466,2.3253,1.5249,0.9798,0.9798,0.9959,0.1475,0.1475,9.9881,0.2105,0.0,0.0,0.0,0.0,0.0,0.0,166.3,42.87,166.3,42.82,166.3,42.82,13.48,74.19,CUDA,Bicubic Baseline (3x)
1672,00001872_001.png,sub_NIH,3,ok,43.5091,2.8985,1.7025,0.9663,0.9938,0.2075,9.99,0.1352,43.5091,43.5091,2.8985,1.7025,0.9663,0.9663,0.9938,0.2075,0.2075,9.99,0.1352,0.0,0.0,0.0,0.0,0.0,0.0,105.75,37.25,105.75,37.19,105.75,37.19,13.61,73.46,CUDA,Bicubic Baseline (3x)
1673,00001872_002.png,sub_NIH,3,ok,43.637,2.8144,1.6776,0.9656,0.9937,0.2151,9.9906,0.1244,43.637,43.637,2.8144,1.6776,0.9656,0.9656,0.9937,0.2151,0.2151,9.9906,0.1244,0.0,0.0,0.0,0.0,0.0,0.0,108.89,31.14,108.9,31.07,108.9,31.07,15.58,64.18,CUDA,Bicubic Baseline (3x)
1674,00001872_005.png,sub_NIH,3,ok,35.5529,18.1045,4.2549,0.966,0.9942,0.1779,9.9691,0.1685,35.5529,35.5529,18.1045,4.2549,0.966,0.966,0.9942,0.1779,0.1779,9.9691,0.1685,0.0,0.0,0.0,0.0,0.0,0.0,163.34,60.97,163.4,60.71,163.4,60.71,13.07,76.49,CUDA,Bicubic Baseline (3x)
1675,00001872_011.png,sub_NIH,3,ok,35.6488,17.7091,4.2082,0.967,0.9944,0.1651,9.9533,0.3046,35.6488,35.6488,17.7091,4.2082,0.967,0.967,0.9944,0.1651,0.1651,9.9533,0.3046,0.0,0.0,0.0,0.0,0.0,0.0,166.28,62.87,166.33,62.6,166.33,62.6,13.6,73.55,CUDA,Bicubic Baseline (3x)
1676,00001874_000.png,sub_NIH,3,ok,35.7678,17.2305,4.151,0.9718,0.9955,0.1703,9.9873,0.0467,35.7678,35.7678,17.2305,4.151,0.9718,0.9718,0.9955,0.1703,0.1703,9.9873,0.0467,0.0,0.0,0.0,0.0,0.0,0.0,162.83,54.73,162.89,54.56,162.89,54.56,16.1,62.11,CUDA,Bicubic Baseline (3x)
1677,00001880_001.png,sub_NIH,3,ok,37.3841,11.876,3.4462,0.9732,0.9954,0.1522,9.9789,0.157,37.3841,37.3841,11.876,3.4462,0.9732,0.9732,0.9954,0.1522,0.1522,9.9789,0.157,0.0,0.0,0.0,0.0,0.0,0.0,114.87,66.47,114.91,66.35,114.91,66.35,13.24,75.51,CUDA,Bicubic Baseline (3x)
1678,00001880_003.png,sub_NIH,3,ok,36.0476,16.1556,4.0194,0.9693,0.9948,0.1679,9.9612,0.218,36.0476,36.0476,16.1556,4.0194,0.9693,0.9693,0.9948,0.1679,0.1679,9.9612,0.218,0.0,0.0,0.0,0.0,0.0,0.0,113.89,66.88,113.94,66.67,113.94,66.67,13.38,74.76,CUDA,Bicubic Baseline (3x)
1679,00001880_006.png,sub_NIH,3,ok,35.2398,19.4579,4.4111,0.9407,0.991,0.2855,9.9553,0.2278,35.2398,35.2398,19.4579,4.4111,0.9407,0.9407,0.991,0.2855,0.2855,9.9553,0.2278,0.0,0.0,0.0,0.0,0.0,0.0,117.28,63.12,117.32,62.81,117.32,62.81,12.88,77.63,CUDA,Bicubic Baseline (3x)
1680,00001881_000.png,sub_NIH,3,ok,35.2929,19.2216,4.3842,0.972,0.9955,0.1429,9.987,0.0444,35.2929,35.2929,19.2216,4.3842,0.972,0.972,0.9955,0.1429,0.1429,9.987,0.0444,0.0,0.0,0.0,0.0,0.0,0.0,174.72,53.94,174.78,53.73,174.78,53.73,13.63,73.37,CUDA,Bicubic Baseline (3x)
1681,00001882_001.png,sub_NIH,3,ok,41.3174,4.8011,2.1911,0.9737,0.9948,0.1634,9.9852,0.1639,41.3174,41.3174,4.8011,2.1911,0.9737,0.9737,0.9948,0.1634,0.1634,9.9852,0.1639,0.0,0.0,0.0,0.0,0.0,0.0,169.71,41.17,169.71,41.06,169.71,41.06,13.14,76.11,CUDA,Bicubic Baseline (3x)
1682,00001882_002.png,sub_NIH,3,ok,32.5041,36.5319,6.0442,0.9714,0.9948,0.1651,9.941,0.2465,32.5041,32.5041,36.5319,6.0442,0.9714,0.9714,0.9948,0.1651,0.1651,9.941,0.2465,0.0,0.0,0.0,0.0,0.0,0.0,160.35,45.68,160.41,45.11,160.41,45.11,13.23,75.6,CUDA,Bicubic Baseline (3x)
1683,00001887_001.png,sub_NIH,3,ok,40.9193,5.262,2.2939,0.9523,0.9909,0.2301,9.981,0.2069,40.9193,40.9193,5.262,2.2939,0.9523,0.9523,0.9909,0.2301,0.2301,9.981,0.2069,0.0,0.0,0.0,0.0,0.0,0.0,103.69,37.43,103.69,37.31,103.69,37.31,13.09,76.4,CUDA,Bicubic Baseline (3x)
1684,00001889_000.png,sub_NIH,3,ok,43.8763,2.6635,1.632,0.9761,0.9953,0.1566,9.9881,0.1996,43.8763,43.8763,2.6635,1.632,0.9761,0.9761,0.9953,0.1566,0.1566,9.9881,0.1996,0.0,0.0,0.0,0.0,0.0,0.0,174.58,45.88,174.58,45.82,174.58,45.82,13.06,76.57,CUDA,Bicubic Baseline (3x)
1685,00001890_001.png,sub_NIH,3,ok,42.4345,3.7122,1.9267,0.9756,0.9952,0.1644,9.9817,0.259,42.4345,42.4345,3.7122,1.9267,0.9756,0.9756,0.9952,0.1644,0.1644,9.9817,0.259,0.0,0.0,0.0,0.0,0.0,0.0,169.0,46.05,169.01,45.97,169.01,45.97,13.52,73.99,CUDA,Bicubic Baseline (3x)
1686,00001892_009.png,sub_NIH,3,ok,39.8575,6.7194,2.5922,0.9433,0.9909,0.27,9.9859,0.1291,39.8575,39.8575,6.7194,2.5922,0.9433,0.9433,0.9909,0.27,0.27,9.9859,0.1291,0.0,0.0,0.0,0.0,0.0,0.0,124.62,68.9,124.63,68.83,124.63,68.83,13.51,74.03,CUDA,Bicubic Baseline (3x)
1687,00001893_000.png,sub_NIH,3,ok,40.1886,6.2261,2.4952,0.9468,0.9916,0.2739,9.9839,0.1475,40.1886,40.1886,6.2261,2.4952,0.9468,0.9468,0.9916,0.2739,0.2739,9.9839,0.1475,0.0,0.0,0.0,0.0,0.0,0.0,134.57,66.98,134.58,66.91,134.58,66.91,16.58,60.32,CUDA,Bicubic Baseline (3x)
1688,00001894_003.png,sub_NIH,3,ok,39.8306,6.7612,2.6002,0.9504,0.9919,0.2343,9.9811,0.1746,39.8306,39.8306,6.7612,2.6002,0.9504,0.9504,0.9919,0.2343,0.2343,9.9811,0.1746,0.0,0.0,0.0,0.0,0.0,0.0,98.92,70.67,98.93,70.59,98.93,70.59,13.27,75.34,CUDA,Bicubic Baseline (3x)
1689,00001895_000.png,sub_NIH,3,ok,34.2058,24.6886,4.9688,0.9704,0.995,0.158,9.9552,0.197,34.2058,34.2058,24.6886,4.9688,0.9704,0.9704,0.995,0.158,0.158,9.9552,0.197,0.0,0.0,0.0,0.0,0.0,0.0,173.01,63.49,173.08,63.13,173.08,63.13,13.56,73.74,CUDA,Bicubic Baseline (3x)
1690,00001895_003.png,sub_NIH,3,ok,40.0371,6.4471,2.5391,0.9434,0.991,0.283,9.9865,0.1239,40.0371,40.0371,6.4471,2.5391,0.9434,0.9434,0.991,0.283,0.283,9.9865,0.1239,0.0,0.0,0.0,0.0,0.0,0.0,132.6,64.47,132.61,64.38,132.61,64.38,13.05,76.62,CUDA,Bicubic Baseline (3x)
1691,00001896_001.png,sub_NIH,3,ok,35.5391,18.1624,4.2617,0.9683,0.9947,0.1621,9.9768,0.1387,35.5391,35.5391,18.1624,4.2617,0.9683,0.9683,0.9947,0.1621,0.1621,9.9768,0.1387,0.0,0.0,0.0,0.0,0.0,0.0,158.77,63.56,158.83,63.33,158.83,63.33,13.06,76.56,CUDA,Bicubic Baseline (3x)
1692,00001900_000.png,sub_NIH,3,ok,38.3274,9.5574,3.0915,0.9708,0.9953,0.2153,9.9897,0.0616,38.3274,38.3274,9.5574,3.0915,0.9708,0.9708,0.9953,0.2153,0.2153,9.9897,0.0616,0.0,0.0,0.0,0.0,0.0,0.0,136.74,38.06,136.78,37.89,136.78,37.89,13.2,75.77,CUDA,Bicubic Baseline (3x)
1693,00001900_013.png,sub_NIH,3,ok,35.0203,20.4668,4.524,0.9617,0.9939,0.2529,9.9658,0.1909,35.0203,35.0203,20.4668,4.524,0.9617,0.9617,0.9939,0.2529,0.2529,9.9658,0.1909,0.0,0.0,0.0,0.0,0.0,0.0,116.45,52.42,116.49,52.16,116.49,52.16,15.03,66.54,CUDA,Bicubic Baseline (3x)
1694,00001900_015.png,sub_NIH,3,ok,34.066,25.4966,5.0494,0.9622,0.9933,0.2375,9.9661,0.1915,34.066,34.066,25.4966,5.0494,0.9622,0.9622,0.9933,0.2375,0.2375,9.9661,0.1915,0.0,0.0,0.0,0.0,0.0,0.0,116.69,52.46,116.74,52.16,116.74,52.16,13.48,74.16,CUDA,Bicubic Baseline (3x)
1695,00001900_021.png,sub_NIH,3,ok,39.1892,7.8372,2.7995,0.9396,0.9903,0.3191,9.9818,0.1617,39.1892,39.1892,7.8372,2.7995,0.9396,0.9396,0.9903,0.3191,0.3191,9.9818,0.1617,0.0,0.0,0.0,0.0,0.0,0.0,142.26,56.09,142.27,55.98,142.27,55.98,13.19,75.8,CUDA,Bicubic Baseline (3x)
1696,00001900_026.png,sub_NIH,3,ok,38.9136,8.3506,2.8897,0.9351,0.9893,0.2908,9.9806,0.1633,38.9136,38.9136,8.3506,2.8897,0.9351,0.9351,0.9893,0.2908,0.2908,9.9806,0.1633,0.0,0.0,0.0,0.0,0.0,0.0,124.11,68.18,124.13,68.08,124.13,68.08,13.15,76.06,CUDA,Bicubic Baseline (3x)
1697,00001900_029.png,sub_NIH,3,ok,38.956,8.2695,2.8757,0.9389,0.9901,0.2909,9.9796,0.1613,38.956,38.956,8.2695,2.8757,0.9389,0.9389,0.9901,0.2909,0.2909,9.9796,0.1613,0.0,0.0,0.0,0.0,0.0,0.0,131.79,67.63,131.8,67.54,131.8,67.54,16.71,59.85,CUDA,Bicubic Baseline (3x)
1698,00001900_033.png,sub_NIH,3,ok,32.3324,38.0049,6.1648,0.9631,0.9932,0.2353,9.9347,0.2645,32.3324,32.3324,38.0049,6.1648,0.9631,0.9631,0.9932,0.2353,0.2353,9.9347,0.2645,0.0,0.0,0.0,0.0,0.0,0.0,120.07,49.27,120.12,48.74,120.12,48.74,13.23,75.61,CUDA,Bicubic Baseline (3x)
1699,00001900_035.png,sub_NIH,3,ok,36.0233,16.2462,4.0307,0.9803,0.9972,0.1359,9.9895,0.0143,36.0233,36.0233,16.2462,4.0307,0.9803,0.9803,0.9972,0.1359,0.1359,9.9895,0.0143,0.0,0.0,0.0,0.0,0.0,0.0,154.69,50.68,154.75,50.51,154.75,50.51,13.19,75.82,CUDA,Bicubic Baseline (3x)
1700,00001900_036.png,sub_NIH,3,ok,39.0848,8.028,2.8334,0.934,0.9894,0.3046,9.9833,0.143,39.0848,39.0848,8.028,2.8334,0.934,0.934,0.9894,0.3046,0.3046,9.9833,0.143,0.0,0.0,0.0,0.0,0.0,0.0,130.19,67.57,130.2,67.48,130.2,67.48,13.12,76.24,CUDA,Bicubic Baseline (3x)
1701,00001901_000.png,sub_NIH,3,ok,38.4138,9.3692,3.0609,0.9457,0.9909,0.2526,9.9706,0.2094,38.4138,38.4138,9.3692,3.0609,0.9457,0.9457,0.9909,0.2526,0.2526,9.9706,0.2094,0.0,0.0,0.0,0.0,0.0,0.0,107.67,70.06,107.68,69.94,107.68,69.94,13.23,75.61,CUDA,Bicubic Baseline (3x)
1702,00001901_002.png,sub_NIH,3,ok,42.9446,3.3008,1.8168,0.9697,0.9939,0.1581,9.9858,0.2159,42.9446,42.9446,3.3008,1.8168,0.9697,0.9697,0.9939,0.1581,0.1581,9.9858,0.2159,0.0,0.0,0.0,0.0,0.0,0.0,163.86,42.99,163.86,42.92,163.86,42.92,13.18,75.89,CUDA,Bicubic Baseline (3x)
1703,00001901_005.png,sub_NIH,3,ok,38.8838,8.4081,2.8997,0.9448,0.9909,0.2626,9.9787,0.1807,38.8838,38.8838,8.4081,2.8997,0.9448,0.9448,0.9909,0.2626,0.2626,9.9787,0.1807,0.0,0.0,0.0,0.0,0.0,0.0,127.84,66.2,127.85,66.09,127.85,66.09,13.19,75.82,CUDA,Bicubic Baseline (3x)
1704,00001901_006.png,sub_NIH,3,ok,39.4685,7.349,2.7109,0.9474,0.9913,0.2422,9.9809,0.1625,39.4685,39.4685,7.349,2.7109,0.9474,0.9474,0.9913,0.2422,0.2422,9.9809,0.1625,0.0,0.0,0.0,0.0,0.0,0.0,108.52,71.08,108.53,71.0,108.53,71.0,13.17,75.91,CUDA,Bicubic Baseline (3x)
1705,00001903_000.png,sub_NIH,3,ok,35.9387,16.5656,4.0701,0.966,0.9941,0.1974,9.9732,0.1364,35.9387,35.9387,16.5656,4.0701,0.966,0.966,0.9941,0.1974,0.1974,9.9732,0.1364,0.0,0.0,0.0,0.0,0.0,0.0,128.04,50.16,128.09,49.91,128.09,49.91,13.17,75.93,CUDA,Bicubic Baseline (3x)
1706,00001906_001.png,sub_NIH,3,ok,40.0542,6.4219,2.5341,0.9493,0.9919,0.2604,9.9854,0.1373,40.0542,40.0542,6.4219,2.5341,0.9493,0.9493,0.9919,0.2604,0.2604,9.9854,0.1373,0.0,0.0,0.0,0.0,0.0,0.0,130.35,64.46,130.37,64.38,130.37,64.38,18.51,54.01,CUDA,Bicubic Baseline (3x)
1707,00001906_003.png,sub_NIH,3,ok,35.6022,17.9004,4.2309,0.9561,0.9921,0.2351,9.9716,0.1257,35.6022,35.6022,17.9004,4.2309,0.9561,0.9561,0.9921,0.2351,0.2351,9.9716,0.1257,0.0,0.0,0.0,0.0,0.0,0.0,141.46,45.41,141.49,45.07,141.49,45.07,13.36,74.86,CUDA,Bicubic Baseline (3x)
1708,00001906_007.png,sub_NIH,3,ok,41.8543,4.2428,2.0598,0.9692,0.994,0.1985,9.982,0.2463,41.8543,41.8543,4.2428,2.0598,0.9692,0.9692,0.994,0.1985,0.1985,9.982,0.2463,0.0,0.0,0.0,0.0,0.0,0.0,159.37,45.92,159.38,45.83,159.38,45.83,13.42,74.53,CUDA,Bicubic Baseline (3x)
1709,00001906_008.png,sub_NIH,3,ok,33.8132,27.0247,5.1985,0.9606,0.9935,0.2036,9.9513,0.2024,33.8132,33.8132,27.0247,5.1985,0.9606,0.9606,0.9935,0.2036,0.2036,9.9513,0.2024,0.0,0.0,0.0,0.0,0.0,0.0,160.7,59.88,160.78,59.46,160.78,59.46,13.15,76.03,CUDA,Bicubic Baseline (3x)
1710,00001909_000.png,sub_NIH,3,ok,33.8362,26.8817,5.1848,0.9732,0.9958,0.1761,9.9775,0.0598,33.8362,33.8362,26.8817,5.1848,0.9732,0.9732,0.9958,0.1761,0.1761,9.9775,0.0598,0.0,0.0,0.0,0.0,0.0,0.0,121.75,54.07,121.82,53.79,121.82,53.79,13.86,72.16,CUDA,Bicubic Baseline (3x)
1711,00001910_000.png,sub_NIH,3,ok,39.9534,6.5727,2.5637,0.9403,0.9903,0.2966,9.9845,0.1418,39.9534,39.9534,6.5727,2.5637,0.9403,0.9403,0.9903,0.2966,0.2966,9.9845,0.1418,0.0,0.0,0.0,0.0,0.0,0.0,131.28,55.89,131.28,55.8,131.28,55.8,13.27,75.34,CUDA,Bicubic Baseline (3x)
1712,00001911_004.png,sub_NIH,3,ok,33.0454,32.2506,5.679,0.9412,0.9892,0.2451,9.9038,0.2989,33.0454,33.0454,32.2506,5.679,0.9412,0.9412,0.9892,0.2451,0.2451,9.9038,0.2989,0.0,0.0,0.0,0.0,0.0,0.0,115.31,72.55,115.37,72.08,115.37,72.08,13.41,74.57,CUDA,Bicubic Baseline (3x)
1713,00001911_006.png,sub_NIH,3,ok,38.9431,8.294,2.8799,0.9401,0.99,0.2836,9.9775,0.1835,38.9431,38.9431,8.294,2.8799,0.9401,0.9401,0.99,0.2836,0.2836,9.9775,0.1835,0.0,0.0,0.0,0.0,0.0,0.0,112.2,75.01,112.22,74.91,112.22,74.91,13.79,72.53,CUDA,Bicubic Baseline (3x)
1714,00001911_007.png,sub_NIH,3,ok,34.3035,24.1395,4.9132,0.9594,0.9922,0.1771,9.9446,0.2235,34.3035,34.3035,24.1395,4.9132,0.9594,0.9594,0.9922,0.1771,0.1771,9.9446,0.2235,0.0,0.0,0.0,0.0,0.0,0.0,132.72,75.98,132.78,75.64,132.78,75.64,15.48,64.62,CUDA,Bicubic Baseline (3x)
1715,00001911_008.png,sub_NIH,3,ok,39.0454,8.101,2.8462,0.9394,0.9899,0.2805,9.9779,0.1821,39.0454,39.0454,8.101,2.8462,0.9394,0.9394,0.9899,0.2805,0.2805,9.9779,0.1821,0.0,0.0,0.0,0.0,0.0,0.0,117.92,73.16,117.94,73.07,117.94,73.07,13.43,74.45,CUDA,Bicubic Baseline (3x)
1716,00001911_011.png,sub_NIH,3,ok,39.7113,6.9494,2.6362,0.9528,0.9922,0.2584,9.9833,0.1525,39.7113,39.7113,6.9494,2.6362,0.9528,0.9528,0.9922,0.2584,0.2584,9.9833,0.1525,0.0,0.0,0.0,0.0,0.0,0.0,125.4,67.31,125.42,67.23,125.42,67.23,13.41,74.6,CUDA,Bicubic Baseline (3x)
1717,00001911_012.png,sub_NIH,3,ok,35.0606,20.2776,4.5031,0.9595,0.9928,0.1903,9.9505,0.2131,35.0606,35.0606,20.2776,4.5031,0.9595,0.9595,0.9928,0.1903,0.1903,9.9505,0.2131,0.0,0.0,0.0,0.0,0.0,0.0,134.1,70.58,134.16,70.26,134.16,70.26,13.74,72.79,CUDA,Bicubic Baseline (3x)
1718,00001912_000.png,sub_NIH,3,ok,41.7585,4.3374,2.0826,0.972,0.9946,0.1581,9.9855,0.1712,41.7585,41.7585,4.3374,2.0826,0.972,0.972,0.9946,0.1581,0.1581,9.9855,0.1712,0.0,0.0,0.0,0.0,0.0,0.0,170.54,44.29,170.55,44.19,170.55,44.19,13.37,74.77,CUDA,Bicubic Baseline (3x)
1719,00001912_004.png,sub_NIH,3,ok,41.1615,4.9765,2.2308,0.9434,0.991,0.2894,9.9884,0.1133,41.1615,41.1615,4.9765,2.2308,0.9434,0.9434,0.991,0.2894,0.2894,9.9884,0.1133,0.0,0.0,0.0,0.0,0.0,0.0,133.81,63.92,133.81,63.87,133.81,63.87,13.5,74.07,CUDA,Bicubic Baseline (3x)
1720,00001912_005.png,sub_NIH,3,ok,40.6605,5.5851,2.3633,0.9474,0.9916,0.2699,9.9877,0.1149,40.6605,40.6605,5.5851,2.3633,0.9474,0.9474,0.9916,0.2699,0.2699,9.9877,0.1149,0.0,0.0,0.0,0.0,0.0,0.0,121.62,67.01,121.63,66.95,121.63,66.95,13.2,75.74,CUDA,Bicubic Baseline (3x)
1721,00001912_006.png,sub_NIH,3,ok,39.0616,8.0708,2.8409,0.9409,0.9907,0.2907,9.9857,0.1187,39.0616,39.0616,8.0708,2.8409,0.9409,0.9409,0.9907,0.2907,0.2907,9.9857,0.1187,0.0,0.0,0.0,0.0,0.0,0.0,135.87,68.81,135.89,68.74,135.89,68.74,13.82,72.36,CUDA,Bicubic Baseline (3x)
1722,00001914_001.png,sub_NIH,3,ok,40.3855,5.9502,2.4393,0.9474,0.9917,0.2801,9.9859,0.1361,40.3855,40.3855,5.9502,2.4393,0.9474,0.9474,0.9917,0.2801,0.2801,9.9859,0.1361,0.0,0.0,0.0,0.0,0.0,0.0,113.68,67.12,113.7,67.05,113.7,67.05,14.31,69.86,CUDA,Bicubic Baseline (3x)
1723,00001917_004.png,sub_NIH,3,ok,38.8678,8.4391,2.905,0.9508,0.9921,0.2546,9.9814,0.1475,38.8678,38.8678,8.4391,2.905,0.9508,0.9508,0.9921,0.2546,0.2546,9.9814,0.1475,0.0,0.0,0.0,0.0,0.0,0.0,119.27,73.14,119.28,73.05,119.28,73.05,13.59,73.58,CUDA,Bicubic Baseline (3x)
1724,00001918_000.png,sub_NIH,3,ok,36.0159,16.2738,4.0341,0.964,0.9929,0.1826,9.9667,0.1206,36.0159,36.0159,16.2738,4.0341,0.964,0.964,0.9929,0.1826,0.1826,9.9667,0.1206,0.0,0.0,0.0,0.0,0.0,0.0,101.71,70.28,101.75,70.04,101.75,70.04,13.06,76.56,CUDA,Bicubic Baseline (3x)
1725,00001920_000.png,sub_NIH,3,ok,40.6713,5.5713,2.3604,0.9711,0.9946,0.1676,9.9778,0.2676,40.6713,40.6713,5.5713,2.3604,0.9711,0.9711,0.9946,0.1676,0.1676,9.9778,0.2676,0.0,0.0,0.0,0.0,0.0,0.0,163.47,55.89,163.47,55.79,163.47,55.79,13.11,76.3,CUDA,Bicubic Baseline (3x)
1726,00001920_001.png,sub_NIH,3,ok,44.9542,2.0781,1.4416,0.9776,0.9957,0.1584,9.9895,0.1731,44.9542,44.9542,2.0781,1.4416,0.9776,0.9776,0.9957,0.1584,0.1584,9.9895,0.1731,0.0,0.0,0.0,0.0,0.0,0.0,171.15,44.84,171.16,44.8,171.16,44.8,13.5,74.08,CUDA,Bicubic Baseline (3x)
1727,00001921_002.png,sub_NIH,3,ok,36.9171,13.2242,3.6365,0.9803,0.9972,0.1422,9.9918,-0.003,36.9171,36.9171,13.2242,3.6365,0.9803,0.9803,0.9972,0.1422,0.1422,9.9918,-0.003,0.0,0.0,0.0,0.0,0.0,0.0,162.02,36.79,162.07,36.58,162.07,36.58,13.14,76.1,CUDA,Bicubic Baseline (3x)
1728,00001921_005.png,sub_NIH,3,ok,36.823,13.5138,3.6761,0.9761,0.9965,0.1781,9.9895,0.0371,36.823,36.823,13.5138,3.6761,0.9761,0.9761,0.9965,0.1781,0.1781,9.9895,0.0371,0.0,0.0,0.0,0.0,0.0,0.0,141.86,36.95,141.91,36.73,141.91,36.73,13.12,76.23,CUDA,Bicubic Baseline (3x)
1729,00001922_002.png,sub_NIH,3,ok,40.4828,5.8183,2.4121,0.9483,0.9918,0.2635,9.9849,0.1384,40.4828,40.4828,5.8183,2.4121,0.9483,0.9483,0.9918,0.2635,0.2635,9.9849,0.1384,0.0,0.0,0.0,0.0,0.0,0.0,111.45,69.2,111.46,69.13,111.46,69.13,13.42,74.49,CUDA,Bicubic Baseline (3x)
1730,00001923_000.png,sub_NIH,3,ok,44.7047,2.2009,1.4836,0.9793,0.996,0.15,9.9888,0.1892,44.7047,44.7047,2.2009,1.4836,0.9793,0.9793,0.996,0.15,0.15,9.9888,0.1892,0.0,0.0,0.0,0.0,0.0,0.0,171.77,37.35,171.78,37.29,171.78,37.29,13.15,76.07,CUDA,Bicubic Baseline (3x)
1731,00001924_000.png,sub_NIH,3,ok,42.8463,3.3764,1.8375,0.9711,0.9943,0.175,9.9845,0.2317,42.8463,42.8463,3.3764,1.8375,0.9711,0.9711,0.9943,0.175,0.175,9.9845,0.2317,0.0,0.0,0.0,0.0,0.0,0.0,152.74,52.69,152.74,52.64,152.74,52.64,13.15,76.02,CUDA,Bicubic Baseline (3x)
1732,00001926_000.png,sub_NIH,3,ok,32.7749,34.3233,5.8586,0.9733,0.9954,0.1886,9.9299,0.2688,32.7749,32.7749,34.3233,5.8586,0.9733,0.9733,0.9954,0.1886,0.1886,9.9299,0.2688,0.0,0.0,0.0,0.0,0.0,0.0,117.34,50.08,117.4,49.55,117.4,49.55,13.96,71.62,CUDA,Bicubic Baseline (3x)
1733,00001928_000.png,sub_NIH,3,ok,34.8942,21.0696,4.5902,0.9681,0.995,0.1726,9.9831,0.071,34.8942,34.8942,21.0696,4.5902,0.9681,0.9681,0.995,0.1726,0.1726,9.9831,0.071,0.0,0.0,0.0,0.0,0.0,0.0,176.11,54.55,176.17,54.32,176.17,54.32,13.1,76.32,CUDA,Bicubic Baseline (3x)
1734,00001930_000.png,sub_NIH,3,ok,38.3559,9.4949,3.0814,0.9255,0.9881,0.3399,9.9869,0.1097,38.3559,38.3559,9.4949,3.0814,0.9255,0.9255,0.9881,0.3399,0.3399,9.9869,0.1097,0.0,0.0,0.0,0.0,0.0,0.0,139.88,63.2,139.89,63.11,139.89,63.11,13.4,74.62,CUDA,Bicubic Baseline (3x)
1735,00001930_001.png,sub_NIH,3,ok,36.5626,14.3491,3.788,0.9721,0.9953,0.1575,9.984,0.0921,36.5626,36.5626,14.3491,3.788,0.9721,0.9721,0.9953,0.1575,0.1575,9.984,0.0921,0.0,0.0,0.0,0.0,0.0,0.0,154.87,63.7,154.92,63.56,154.92,63.56,13.51,74.04,CUDA,Bicubic Baseline (3x)
1736,00001931_012.png,sub_NIH,3,ok,36.2934,15.2665,3.9072,0.9675,0.9946,0.1935,9.9745,0.1486,36.2934,36.2934,15.2665,3.9072,0.9675,0.9675,0.9946,0.1935,0.1935,9.9745,0.1486,0.0,0.0,0.0,0.0,0.0,0.0,129.24,48.87,129.29,48.66,129.29,48.66,13.66,73.23,CUDA,Bicubic Baseline (3x)
1737,00001932_000.png,sub_NIH,3,ok,34.366,23.7946,4.878,0.9728,0.9958,0.1526,9.9826,0.0214,34.366,34.366,23.7946,4.878,0.9728,0.9728,0.9958,0.1526,0.1526,9.9826,0.0214,0.0,0.0,0.0,0.0,0.0,0.0,171.46,56.28,171.54,56.01,171.54,56.01,13.16,75.99,CUDA,Bicubic Baseline (3x)
1738,00001934_000.png,sub_NIH,3,ok,40.3532,5.9946,2.4484,0.9532,0.9925,0.2487,9.9827,0.1672,40.3532,40.3532,5.9946,2.4484,0.9532,0.9532,0.9925,0.2487,0.2487,9.9827,0.1672,0.0,0.0,0.0,0.0,0.0,0.0,107.74,69.02,107.75,68.94,107.75,68.94,13.12,76.23,CUDA,Bicubic Baseline (3x)
1739,00001935_001.png,sub_NIH,3,ok,40.2796,6.0971,2.4692,0.9427,0.9914,0.3185,9.9888,0.1007,40.2796,40.2796,6.0971,2.4692,0.9427,0.9427,0.9914,0.3185,0.3185,9.9888,0.1007,0.0,0.0,0.0,0.0,0.0,0.0,140.54,62.97,140.55,62.91,140.55,62.91,13.39,74.69,CUDA,Bicubic Baseline (3x)
1740,00001938_002.png,sub_NIH,3,ok,38.1365,9.9869,3.1602,0.9403,0.9904,0.3084,9.9803,0.1507,38.1365,38.1365,9.9869,3.1602,0.9403,0.9403,0.9904,0.3084,0.3084,9.9803,0.1507,0.0,0.0,0.0,0.0,0.0,0.0,129.86,65.91,129.87,65.8,129.87,65.8,14.94,66.92,CUDA,Bicubic Baseline (3x)
1741,00001941_007.png,sub_NIH,3,ok,33.6427,28.1067,5.3016,0.9652,0.9945,0.15,9.9369,0.2108,33.6427,33.6427,28.1067,5.3016,0.9652,0.9652,0.9945,0.15,0.15,9.9369,0.2108,0.0,0.0,0.0,0.0,0.0,0.0,164.17,66.65,164.25,66.18,164.25,66.18,13.11,76.28,CUDA,Bicubic Baseline (3x)
1742,00001943_000.png,sub_NIH,3,ok,39.2017,7.8147,2.7955,0.9448,0.9911,0.2666,9.9807,0.1627,39.2017,39.2017,7.8147,2.7955,0.9448,0.9448,0.9911,0.2666,0.2666,9.9807,0.1627,0.0,0.0,0.0,0.0,0.0,0.0,108.03,68.52,108.03,68.43,108.03,68.43,13.16,75.96,CUDA,Bicubic Baseline (3x)
1743,00001944_000.png,sub_NIH,3,ok,35.126,19.9745,4.4693,0.9625,0.9938,0.1863,9.9593,0.1987,35.126,35.126,19.9745,4.4693,0.9625,0.9625,0.9938,0.1863,0.1863,9.9593,0.1987,0.0,0.0,0.0,0.0,0.0,0.0,158.99,62.67,159.06,62.36,159.06,62.36,13.49,74.14,CUDA,Bicubic Baseline (3x)
1744,00001946_002.png,sub_NIH,3,ok,35.5773,18.0034,4.243,0.977,0.996,0.1335,9.9495,0.2687,35.5773,35.5773,18.0034,4.243,0.977,0.977,0.996,0.1335,0.1335,9.9495,0.2687,0.0,0.0,0.0,0.0,0.0,0.0,102.49,83.01,102.55,82.78,102.55,82.78,13.3,75.19,CUDA,Bicubic Baseline (3x)
1745,00001946_004.png,sub_NIH,3,ok,35.0327,20.4085,4.5176,0.9718,0.9952,0.1662,9.9363,0.294,35.0327,35.0327,20.4085,4.5176,0.9718,0.9718,0.9952,0.1662,0.1662,9.9363,0.294,0.0,0.0,0.0,0.0,0.0,0.0,96.52,80.41,96.58,80.12,96.58,80.12,14.74,67.83,CUDA,Bicubic Baseline (3x)
1746,00001946_005.png,sub_NIH,3,ok,36.2654,15.3651,3.9198,0.977,0.9961,0.1349,9.9616,0.2391,36.2654,36.2654,15.3651,3.9198,0.977,0.977,0.9961,0.1349,0.1349,9.9616,0.2391,0.0,0.0,0.0,0.0,0.0,0.0,116.31,77.78,116.36,77.6,116.36,77.6,13.4,74.64,CUDA,Bicubic Baseline (3x)
1747,00001946_008.png,sub_NIH,3,ok,39.8646,6.7084,2.59,0.9556,0.9929,0.214,9.9769,0.1936,39.8646,39.8646,6.7084,2.59,0.9556,0.9556,0.9929,0.214,0.214,9.9769,0.1936,0.0,0.0,0.0,0.0,0.0,0.0,84.95,70.93,84.97,70.84,84.97,70.84,13.29,75.25,CUDA,Bicubic Baseline (3x)
1748,00001946_009.png,sub_NIH,3,ok,35.238,19.466,4.412,0.9726,0.9953,0.1477,9.9436,0.2913,35.238,35.238,19.466,4.412,0.9726,0.9726,0.9953,0.1477,0.1477,9.9436,0.2913,0.0,0.0,0.0,0.0,0.0,0.0,131.18,75.62,131.23,75.33,131.23,75.33,13.34,74.98,CUDA,Bicubic Baseline (3x)
1749,00001946_010.png,sub_NIH,3,ok,34.0883,25.3658,5.0365,0.9731,0.9957,0.1438,9.9612,0.1072,34.0883,34.0883,25.3658,5.0365,0.9731,0.9731,0.9957,0.1438,0.1438,9.9612,0.1072,0.0,0.0,0.0,0.0,0.0,0.0,144.78,67.91,144.85,67.55,144.85,67.55,13.17,75.94,CUDA,Bicubic Baseline (3x)
1750,IM-0001-0001.jpeg,sub_chest,3,ok,36.5336,14.4451,3.8007,0.9125,0.9857,0.3234,9.9734,0.1608,36.5336,36.5336,14.4451,3.8007,0.9125,0.9125,0.9857,0.3234,0.3234,9.9734,0.1608,0.0,0.0,0.0,0.0,0.0,0.0,131.01,57.01,131.03,56.8,131.03,56.8,13.36,74.87,CUDA,Bicubic Baseline (3x)
1751,IM-0003-0001.jpeg,sub_chest,3,ok,37.1644,12.4922,3.5344,0.9129,0.9861,0.3326,9.9756,0.1582,37.1644,37.1644,12.4922,3.5344,0.9129,0.9129,0.9861,0.3326,0.3326,9.9756,0.1582,0.0,0.0,0.0,0.0,0.0,0.0,142.45,60.6,142.46,60.42,142.46,60.42,15.42,64.84,CUDA,Bicubic Baseline (3x)
1752,IM-0005-0001.jpeg,sub_chest,3,ok,36.482,14.6178,3.8233,0.9064,0.985,0.3192,9.9721,0.167,36.482,36.482,14.6178,3.8233,0.9064,0.9064,0.985,0.3192,0.3192,9.9721,0.167,0.0,0.0,0.0,0.0,0.0,0.0,136.26,55.27,136.28,55.06,136.28,55.06,13.15,76.04,CUDA,Bicubic Baseline (3x)
1753,IM-0006-0001.jpeg,sub_chest,3,ok,35.2081,19.6006,4.4273,0.889,0.9817,0.394,9.9837,0.1078,35.2081,35.2081,19.6006,4.4273,0.889,0.889,0.9817,0.394,0.394,9.9837,0.1078,0.0,0.0,0.0,0.0,0.0,0.0,148.68,42.15,148.72,41.85,148.72,41.85,13.17,75.95,CUDA,Bicubic Baseline (3x)
1754,IM-0007-0001.jpeg,sub_chest,3,ok,36.9712,13.0605,3.6139,0.9098,0.9857,0.334,9.9743,0.1651,36.9712,36.9712,13.0605,3.6139,0.9098,0.9098,0.9857,0.334,0.334,9.9743,0.1651,0.0,0.0,0.0,0.0,0.0,0.0,137.71,53.84,137.73,53.64,137.73,53.64,13.2,75.77,CUDA,Bicubic Baseline (3x)
1755,IM-0009-0001.jpeg,sub_chest,3,ok,33.0537,32.1892,5.6736,0.9106,0.9859,0.3596,9.9771,0.064,33.0537,33.0537,32.1892,5.6736,0.9106,0.9106,0.9859,0.3596,0.3596,9.9771,0.064,0.0,0.0,0.0,0.0,0.0,0.0,143.67,48.93,143.71,48.53,143.71,48.53,13.52,73.95,CUDA,Bicubic Baseline (3x)
1756,IM-0010-0001.jpeg,sub_chest,3,ok,36.5143,14.5096,3.8091,0.8978,0.9836,0.3348,9.9754,0.1449,36.5143,36.5143,14.5096,3.8091,0.8978,0.8978,0.9836,0.3348,0.3348,9.9754,0.1449,0.0,0.0,0.0,0.0,0.0,0.0,132.61,58.68,132.64,58.48,132.64,58.48,14.05,71.18,CUDA,Bicubic Baseline (3x)
1757,IM-0011-0001-0001.jpeg,sub_chest,3,ok,37.165,12.4905,3.5342,0.9081,0.9854,0.318,9.979,0.1456,37.165,37.165,12.4905,3.5342,0.9081,0.9081,0.9854,0.318,0.318,9.979,0.1456,0.0,0.0,0.0,0.0,0.0,0.0,137.07,52.82,137.09,52.64,137.09,52.64,13.18,75.85,CUDA,Bicubic Baseline (3x)
1758,IM-0011-0001-0002.jpeg,sub_chest,3,ok,37.6641,11.1344,3.3368,0.9258,0.9879,0.2755,9.9736,0.1878,37.6641,37.6641,11.1344,3.3368,0.9258,0.9258,0.9879,0.2755,0.2755,9.9736,0.1878,0.0,0.0,0.0,0.0,0.0,0.0,133.43,57.86,133.45,57.69,133.45,57.69,13.14,76.11,CUDA,Bicubic Baseline (3x)
1759,IM-0011-0001.jpeg,sub_chest,3,ok,36.149,15.7827,3.9727,0.8824,0.9811,0.3442,9.9747,0.144,36.149,36.149,15.7827,3.9727,0.8824,0.8824,0.9811,0.3442,0.3442,9.9747,0.144,0.0,0.0,0.0,0.0,0.0,0.0,126.22,52.64,126.24,52.41,126.24,52.41,15.31,65.3,CUDA,Bicubic Baseline (3x)
1760,IM-0013-0001.jpeg,sub_chest,3,ok,36.8983,13.2817,3.6444,0.9103,0.9859,0.3165,9.9747,0.1561,36.8983,36.8983,13.2817,3.6444,0.9103,0.9103,0.9859,0.3165,0.3165,9.9747,0.1561,0.0,0.0,0.0,0.0,0.0,0.0,136.06,56.04,136.08,55.85,136.08,55.85,13.33,75.02,CUDA,Bicubic Baseline (3x)
1761,IM-0015-0001.jpeg,sub_chest,3,ok,36.3679,15.007,3.8739,0.8955,0.9828,0.3645,9.9777,0.1512,36.3679,36.3679,15.007,3.8739,0.8955,0.8955,0.9828,0.3645,0.3645,9.9777,0.1512,0.0,0.0,0.0,0.0,0.0,0.0,136.63,47.43,136.65,47.19,136.65,47.19,16.73,59.77,CUDA,Bicubic Baseline (3x)
1762,IM-0016-0001.jpeg,sub_chest,3,ok,37.2701,12.192,3.4917,0.9173,0.9868,0.2989,9.9743,0.1592,37.2701,37.2701,12.192,3.4917,0.9173,0.9173,0.9868,0.2989,0.2989,9.9743,0.1592,0.0,0.0,0.0,0.0,0.0,0.0,134.14,62.1,134.16,61.94,134.16,61.94,13.19,75.81,CUDA,Bicubic Baseline (3x)
1763,IM-0017-0001.jpeg,sub_chest,3,ok,36.7585,13.7162,3.7035,0.8895,0.9824,0.3547,9.9844,0.1146,36.7585,36.7585,13.7162,3.7035,0.8895,0.8895,0.9824,0.3547,0.3547,9.9844,0.1146,0.0,0.0,0.0,0.0,0.0,0.0,139.31,48.0,139.33,47.81,139.33,47.81,13.42,74.49,CUDA,Bicubic Baseline (3x)
1764,IM-0019-0001.jpeg,sub_chest,3,ok,37.401,11.8299,3.4395,0.9095,0.9854,0.3517,9.9828,0.1357,37.401,37.401,11.8299,3.4395,0.9095,0.9095,0.9854,0.3517,0.3517,9.9828,0.1357,0.0,0.0,0.0,0.0,0.0,0.0,134.95,51.59,134.97,51.42,134.97,51.42,13.18,75.86,CUDA,Bicubic Baseline (3x)
1765,IM-0021-0001.jpeg,sub_chest,3,ok,37.7752,10.8532,3.2944,0.9276,0.9888,0.3288,9.9782,0.1502,37.7752,37.7752,10.8532,3.2944,0.9276,0.9276,0.9888,0.3288,0.3288,9.9782,0.1502,0.0,0.0,0.0,0.0,0.0,0.0,151.49,44.1,151.51,43.9,151.51,43.9,13.17,75.96,CUDA,Bicubic Baseline (3x)
1766,IM-0022-0001.jpeg,sub_chest,3,ok,37.6442,11.1857,3.3445,0.9141,0.9824,0.2721,9.976,0.2181,37.6442,37.6442,11.1857,3.3445,0.9141,0.9141,0.9824,0.2721,0.2721,9.976,0.2181,0.0,0.0,0.0,0.0,0.0,0.0,86.48,32.94,86.48,32.64,86.48,32.64,13.28,75.31,CUDA,Bicubic Baseline (3x)
1767,IM-0023-0001.jpeg,sub_chest,3,ok,36.4631,14.6815,3.8316,0.9006,0.984,0.3336,9.972,0.1596,36.4631,36.4631,14.6815,3.8316,0.9006,0.9006,0.984,0.3336,0.3336,9.972,0.1596,0.0,0.0,0.0,0.0,0.0,0.0,132.7,54.33,132.72,54.11,132.72,54.11,13.23,75.6,CUDA,Bicubic Baseline (3x)
1768,IM-0025-0001.jpeg,sub_chest,3,ok,37.6348,11.2099,3.3481,0.9243,0.988,0.284,9.9735,0.1764,37.6348,37.6348,11.2099,3.3481,0.9243,0.9243,0.988,0.284,0.284,9.9735,0.1764,0.0,0.0,0.0,0.0,0.0,0.0,133.17,66.27,133.19,66.12,133.19,66.12,13.2,75.74,CUDA,Bicubic Baseline (3x)
1769,IM-0027-0001.jpeg,sub_chest,3,ok,36.9035,13.2658,3.6422,0.9041,0.9848,0.323,9.9722,0.1692,36.9035,36.9035,13.2658,3.6422,0.9041,0.9041,0.9848,0.323,0.323,9.9722,0.1692,0.0,0.0,0.0,0.0,0.0,0.0,142.99,53.57,143.01,53.36,143.01,53.36,13.26,75.4,CUDA,Bicubic Baseline (3x)
1770,IM-0028-0001.jpeg,sub_chest,3,ok,37.6099,11.2744,3.3577,0.9201,0.9874,0.3074,9.9759,0.156,37.6099,37.6099,11.2744,3.3577,0.9201,0.9201,0.9874,0.3074,0.3074,9.9759,0.156,0.0,0.0,0.0,0.0,0.0,0.0,127.75,58.95,127.76,58.8,127.76,58.8,16.67,59.99,CUDA,Bicubic Baseline (3x)
1771,IM-0029-0001.jpeg,sub_chest,3,ok,36.4678,14.6657,3.8296,0.9003,0.9844,0.3559,9.9772,0.1403,36.4678,36.4678,14.6657,3.8296,0.9003,0.9003,0.9844,0.3559,0.3559,9.9772,0.1403,0.0,0.0,0.0,0.0,0.0,0.0,149.66,45.66,149.69,45.42,149.69,45.42,13.51,74.01,CUDA,Bicubic Baseline (3x)
1772,IM-0030-0001.jpeg,sub_chest,3,ok,36.171,15.703,3.9627,0.8829,0.9805,0.3747,9.9736,0.159,36.171,36.171,15.703,3.9627,0.8829,0.8829,0.9805,0.3747,0.3747,9.9736,0.159,0.0,0.0,0.0,0.0,0.0,0.0,109.65,51.05,109.67,50.8,109.67,50.8,13.33,75.0,CUDA,Bicubic Baseline (3x)
1773,IM-0031-0001.jpeg,sub_chest,3,ok,36.9039,13.2645,3.642,0.9097,0.9855,0.3279,9.9798,0.1474,36.9039,36.9039,13.2645,3.642,0.9097,0.9097,0.9855,0.3279,0.3279,9.9798,0.1474,0.0,0.0,0.0,0.0,0.0,0.0,138.57,58.08,138.59,57.91,138.59,57.91,13.39,74.7,CUDA,Bicubic Baseline (3x)
1774,IM-0033-0001-0001.jpeg,sub_chest,3,ok,36.0889,16.0026,4.0003,0.9074,0.9855,0.3414,9.9635,0.1918,36.0889,36.0889,16.0026,4.0003,0.9074,0.9074,0.9855,0.3414,0.3414,9.9635,0.1918,0.0,0.0,0.0,0.0,0.0,0.0,151.91,65.58,151.93,65.34,151.93,65.34,13.07,76.48,CUDA,Bicubic Baseline (3x)
1775,IM-0033-0001-0002.jpeg,sub_chest,3,ok,36.9266,13.1952,3.6325,0.9049,0.985,0.3566,9.981,0.1406,36.9266,36.9266,13.1952,3.6325,0.9049,0.9049,0.985,0.3566,0.3566,9.981,0.1406,0.0,0.0,0.0,0.0,0.0,0.0,147.59,54.87,147.61,54.7,147.61,54.7,13.99,71.47,CUDA,Bicubic Baseline (3x)
1776,IM-0033-0001.jpeg,sub_chest,3,ok,36.1526,15.7695,3.9711,0.9046,0.9846,0.3715,9.9756,0.1618,36.1526,36.1526,15.7695,3.9711,0.9046,0.9046,0.9846,0.3715,0.3715,9.9756,0.1618,0.0,0.0,0.0,0.0,0.0,0.0,143.44,51.74,143.47,51.5,143.47,51.5,16.15,61.91,CUDA,Bicubic Baseline (3x)
1777,IM-0035-0001.jpeg,sub_chest,3,ok,37.5931,11.318,3.3642,0.9174,0.9869,0.2958,9.9728,0.1886,37.5931,37.5931,11.318,3.3642,0.9174,0.9174,0.9869,0.2958,0.2958,9.9728,0.1886,0.0,0.0,0.0,0.0,0.0,0.0,130.81,58.53,130.83,58.37,130.83,58.37,13.7,72.99,CUDA,Bicubic Baseline (3x)
1778,IM-0036-0001.jpeg,sub_chest,3,ok,35.8735,16.8164,4.1008,0.9184,0.9869,0.3021,9.9566,0.2153,35.8735,35.8735,16.8164,4.1008,0.9184,0.9184,0.9869,0.3021,0.3021,9.9566,0.2153,0.0,0.0,0.0,0.0,0.0,0.0,154.15,70.07,154.17,69.82,154.17,69.82,13.26,75.43,CUDA,Bicubic Baseline (3x)
1779,IM-0037-0001.jpeg,sub_chest,3,ok,35.95,16.5227,4.0648,0.8955,0.9831,0.3637,9.9724,0.1648,35.95,35.95,16.5227,4.0648,0.8955,0.8955,0.9831,0.3637,0.3637,9.9724,0.1648,0.0,0.0,0.0,0.0,0.0,0.0,140.3,49.28,140.32,49.01,140.32,49.01,13.75,72.73,CUDA,Bicubic Baseline (3x)
1780,IM-0039-0001.jpeg,sub_chest,3,ok,37.3176,12.0592,3.4726,0.9185,0.987,0.323,9.9711,0.1865,37.3176,37.3176,12.0592,3.4726,0.9185,0.9185,0.987,0.323,0.323,9.9711,0.1865,0.0,0.0,0.0,0.0,0.0,0.0,134.21,57.33,134.22,57.15,134.22,57.15,15.43,64.81,CUDA,Bicubic Baseline (3x)
1781,IM-0041-0001.jpeg,sub_chest,3,ok,36.7331,13.7967,3.7144,0.8985,0.9842,0.3617,9.9746,0.1521,36.7331,36.7331,13.7967,3.7144,0.8985,0.8985,0.9842,0.3617,0.3617,9.9746,0.1521,0.0,0.0,0.0,0.0,0.0,0.0,107.91,53.66,107.93,53.46,107.93,53.46,13.12,76.22,CUDA,Bicubic Baseline (3x)
1782,IM-0043-0001.jpeg,sub_chest,3,ok,37.1905,12.4175,3.5238,0.9009,0.9845,0.3414,9.9835,0.1229,37.1905,37.1905,12.4175,3.5238,0.9009,0.9009,0.9845,0.3414,0.3414,9.9835,0.1229,0.0,0.0,0.0,0.0,0.0,0.0,143.5,49.69,143.52,49.51,143.52,49.51,13.45,74.33,CUDA,Bicubic Baseline (3x)
1783,IM-0045-0001.jpeg,sub_chest,3,ok,37.5624,11.3982,3.3761,0.9148,0.9864,0.3062,9.9756,0.1738,37.5624,37.5624,11.3982,3.3761,0.9148,0.9148,0.9864,0.3062,0.3062,9.9756,0.1738,0.0,0.0,0.0,0.0,0.0,0.0,145.06,58.31,145.07,58.15,145.07,58.15,13.16,75.99,CUDA,Bicubic Baseline (3x)
1784,IM-0046-0001.jpeg,sub_chest,3,ok,36.3279,15.1458,3.8918,0.9022,0.9848,0.3544,9.9746,0.15,36.3279,36.3279,15.1458,3.8918,0.9022,0.9022,0.9848,0.3544,0.3544,9.9746,0.15,0.0,0.0,0.0,0.0,0.0,0.0,142.54,49.72,142.56,49.49,142.56,49.49,13.55,73.79,CUDA,Bicubic Baseline (3x)
1785,IM-0049-0001.jpeg,sub_chest,3,ok,38.3532,9.5008,3.0823,0.9199,0.9843,0.2609,9.9763,0.2343,38.3532,38.3532,9.5008,3.0823,0.9199,0.9199,0.9843,0.2609,0.2609,9.9763,0.2343,0.0,0.0,0.0,0.0,0.0,0.0,120.64,59.12,120.65,58.98,120.65,58.98,13.37,74.77,CUDA,Bicubic Baseline (3x)
1786,IM-0050-0001.jpeg,sub_chest,3,ok,36.8228,13.5145,3.6762,0.9,0.9829,0.3187,9.9719,0.1869,36.8228,36.8228,13.5145,3.6762,0.9,0.9,0.9829,0.3187,0.3187,9.9719,0.1869,0.0,0.0,0.0,0.0,0.0,0.0,131.46,53.98,131.47,53.78,131.47,53.78,15.65,63.89,CUDA,Bicubic Baseline (3x)
1787,IM-0059-0001.jpeg,sub_chest,3,ok,39.6569,7.037,2.6527,0.9486,0.99,0.2613,9.9755,0.2447,39.6569,39.6569,7.037,2.6527,0.9486,0.9486,0.99,0.2613,0.2613,9.9755,0.2447,0.0,0.0,0.0,0.0,0.0,0.0,139.11,62.2,139.12,62.08,139.12,62.08,13.17,75.91,CUDA,Bicubic Baseline (3x)
1788,IM-0061-0001.jpeg,sub_chest,3,ok,39.3809,7.4987,2.7384,0.9511,0.991,0.2819,9.9734,0.2481,39.3809,39.3809,7.4987,2.7384,0.9511,0.9511,0.991,0.2819,0.2819,9.9734,0.2481,0.0,0.0,0.0,0.0,0.0,0.0,138.31,72.85,138.31,72.74,138.31,72.74,13.26,75.4,CUDA,Bicubic Baseline (3x)
1789,IM-0063-0001.jpeg,sub_chest,3,ok,39.4006,7.4648,2.7322,0.9519,0.9912,0.2556,9.9712,0.2554,39.4006,39.4006,7.4648,2.7322,0.9519,0.9519,0.9912,0.2556,0.2556,9.9712,0.2554,0.0,0.0,0.0,0.0,0.0,0.0,113.51,59.23,113.52,59.09,113.52,59.09,13.36,74.83,CUDA,Bicubic Baseline (3x)
1790,IM-0065-0001.jpeg,sub_chest,3,ok,41.3371,4.7793,2.1862,0.9529,0.9907,0.242,9.9842,0.2341,41.3371,41.3371,4.7793,2.1862,0.9529,0.9529,0.9907,0.242,0.242,9.9842,0.2341,0.0,0.0,0.0,0.0,0.0,0.0,106.42,63.55,106.43,63.48,106.43,63.48,13.11,76.29,CUDA,Bicubic Baseline (3x)
1791,IM-0067-0001.jpeg,sub_chest,3,ok,39.5935,7.1405,2.6722,0.9532,0.9909,0.2424,9.9739,0.2484,39.5935,39.5935,7.1405,2.6722,0.9532,0.9532,0.9909,0.2424,0.2424,9.9739,0.2484,0.0,0.0,0.0,0.0,0.0,0.0,109.07,61.57,109.08,61.45,109.08,61.45,13.58,73.63,CUDA,Bicubic Baseline (3x)
1792,IM-0069-0001.jpeg,sub_chest,3,ok,39.39,7.4832,2.7355,0.9527,0.9912,0.2671,9.9724,0.2492,39.39,39.39,7.4832,2.7355,0.9527,0.9527,0.9912,0.2671,0.2671,9.9724,0.2492,0.0,0.0,0.0,0.0,0.0,0.0,124.74,64.13,124.75,64.0,124.75,64.0,13.21,75.7,CUDA,Bicubic Baseline (3x)
1793,IM-0070-0001.jpeg,sub_chest,3,ok,41.1944,4.939,2.2224,0.9556,0.9918,0.2513,9.9823,0.2199,41.1944,41.1944,4.939,2.2224,0.9556,0.9556,0.9918,0.2513,0.2513,9.9823,0.2199,0.0,0.0,0.0,0.0,0.0,0.0,105.58,64.22,105.59,64.14,105.59,64.14,13.33,75.01,CUDA,Bicubic Baseline (3x)
1794,IM-0071-0001.jpeg,sub_chest,3,ok,38.6609,8.851,2.9751,0.9425,0.9895,0.2691,9.9696,0.2389,38.6609,38.6609,8.851,2.9751,0.9425,0.9425,0.9895,0.2691,0.2691,9.9696,0.2389,0.0,0.0,0.0,0.0,0.0,0.0,130.28,60.11,130.29,59.95,130.29,59.95,13.95,71.66,CUDA,Bicubic Baseline (3x)
1795,IM-0073-0001.jpeg,sub_chest,3,ok,39.9375,6.5967,2.5684,0.9483,0.9892,0.2388,9.9779,0.267,39.9375,39.9375,6.5967,2.5684,0.9483,0.9483,0.9892,0.2388,0.2388,9.9779,0.267,0.0,0.0,0.0,0.0,0.0,0.0,131.67,53.75,131.68,53.63,131.68,53.63,13.2,75.73,CUDA,Bicubic Baseline (3x)
1796,IM-0075-0001.jpeg,sub_chest,3,ok,39.8859,6.6756,2.5837,0.943,0.9893,0.2678,9.9829,0.2016,39.8859,39.8859,6.6756,2.5837,0.943,0.943,0.9893,0.2678,0.2678,9.9829,0.2016,0.0,0.0,0.0,0.0,0.0,0.0,131.75,59.15,131.77,59.04,131.77,59.04,13.32,75.09,CUDA,Bicubic Baseline (3x)
1797,IM-0077-0001.jpeg,sub_chest,3,ok,39.9303,6.6078,2.5706,0.9623,0.9927,0.2495,9.976,0.2284,39.9303,39.9303,6.6078,2.5706,0.9623,0.9623,0.9927,0.2495,0.2495,9.976,0.2284,0.0,0.0,0.0,0.0,0.0,0.0,130.08,57.22,130.09,57.1,130.09,57.1,13.38,74.73,CUDA,Bicubic Baseline (3x)
1798,IM-0079-0001.jpeg,sub_chest,3,ok,39.8331,6.7573,2.5995,0.9455,0.9898,0.2841,9.9819,0.2025,39.8331,39.8331,6.7573,2.5995,0.9455,0.9455,0.9898,0.2841,0.2841,9.9819,0.2025,0.0,0.0,0.0,0.0,0.0,0.0,137.6,60.73,137.62,60.62,137.62,60.62,15.56,64.26,CUDA,Bicubic Baseline (3x)
1799,IM-0081-0001.jpeg,sub_chest,3,ok,40.5597,5.7162,2.3909,0.9614,0.9918,0.213,9.9787,0.2554,40.5597,40.5597,5.7162,2.3909,0.9614,0.9614,0.9918,0.213,0.213,9.9787,0.2554,0.0,0.0,0.0,0.0,0.0,0.0,123.97,57.82,123.98,57.72,123.98,57.72,13.3,75.18,CUDA,Bicubic Baseline (3x)
1800,IM-0083-0001.jpeg,sub_chest,3,ok,40.2389,6.1545,2.4808,0.9539,0.9905,0.2417,9.9779,0.2429,40.2389,40.2389,6.1545,2.4808,0.9539,0.9539,0.9905,0.2417,0.2417,9.9779,0.2429,0.0,0.0,0.0,0.0,0.0,0.0,128.0,55.51,128.01,55.39,128.01,55.39,13.13,76.14,CUDA,Bicubic Baseline (3x)
1801,IM-0084-0001.jpeg,sub_chest,3,ok,39.7328,6.9151,2.6296,0.9521,0.9911,0.2817,9.9745,0.2453,39.7328,39.7328,6.9151,2.6296,0.9521,0.9521,0.9911,0.2817,0.2817,9.9745,0.2453,0.0,0.0,0.0,0.0,0.0,0.0,129.79,64.35,129.8,64.24,129.8,64.24,13.18,75.86,CUDA,Bicubic Baseline (3x)
1802,IM-0085-0001.jpeg,sub_chest,3,ok,39.352,7.5488,2.7475,0.9494,0.9901,0.2868,9.9749,0.2418,39.352,39.352,7.5488,2.7475,0.9494,0.9494,0.9901,0.2868,0.2868,9.9749,0.2418,0.0,0.0,0.0,0.0,0.0,0.0,127.91,57.3,127.91,57.17,127.91,57.17,13.21,75.72,CUDA,Bicubic Baseline (3x)
1803,IM-0086-0001.jpeg,sub_chest,3,ok,38.8153,8.5418,2.9226,0.9453,0.99,0.2709,9.9676,0.2587,38.8153,38.8153,8.5418,2.9226,0.9453,0.9453,0.99,0.2709,0.2709,9.9676,0.2587,0.0,0.0,0.0,0.0,0.0,0.0,108.93,64.69,108.93,64.55,108.93,64.55,13.17,75.94,CUDA,Bicubic Baseline (3x)
1804,IM-0087-0001.jpeg,sub_chest,3,ok,40.5367,5.7466,2.3972,0.9471,0.9902,0.2489,9.9796,0.2389,40.5367,40.5367,5.7466,2.3972,0.9471,0.9471,0.9902,0.2489,0.2489,9.9796,0.2389,0.0,0.0,0.0,0.0,0.0,0.0,117.66,63.81,117.67,63.72,117.67,63.72,13.12,76.23,CUDA,Bicubic Baseline (3x)
1805,IM-0089-0001.jpeg,sub_chest,3,ok,39.2656,7.7006,2.775,0.9511,0.991,0.2365,9.9707,0.2558,39.2656,39.2656,7.7006,2.775,0.9511,0.9511,0.991,0.2365,0.2365,9.9707,0.2558,0.0,0.0,0.0,0.0,0.0,0.0,136.24,61.77,136.24,61.64,136.24,61.64,13.09,76.39,CUDA,Bicubic Baseline (3x)
1806,IM-0091-0001.jpeg,sub_chest,3,ok,39.0446,8.1026,2.8465,0.9495,0.9903,0.2732,9.9733,0.2476,39.0446,39.0446,8.1026,2.8465,0.9495,0.9495,0.9903,0.2732,0.2732,9.9733,0.2476,0.0,0.0,0.0,0.0,0.0,0.0,119.53,60.36,119.53,60.22,119.53,60.22,13.13,76.19,CUDA,Bicubic Baseline (3x)
1807,IM-0093-0001.jpeg,sub_chest,3,ok,41.837,4.2597,2.0639,0.9647,0.9931,0.2634,9.9828,0.2368,41.837,41.837,4.2597,2.0639,0.9647,0.9647,0.9931,0.2634,0.2634,9.9828,0.2368,0.0,0.0,0.0,0.0,0.0,0.0,148.23,54.84,148.23,54.76,148.23,54.76,13.69,73.06,CUDA,Bicubic Baseline (3x)
1808,IM-0095-0001.jpeg,sub_chest,3,ok,41.0601,5.0942,2.257,0.951,0.9909,0.2449,9.9844,0.2035,41.0601,41.0601,5.0942,2.257,0.951,0.951,0.9909,0.2449,0.2449,9.9844,0.2035,0.0,0.0,0.0,0.0,0.0,0.0,119.66,68.98,119.67,68.91,119.67,68.91,13.39,74.68,CUDA,Bicubic Baseline (3x)
1809,IM-0097-0001.jpeg,sub_chest,3,ok,39.8719,6.6972,2.5879,0.9563,0.9914,0.2404,9.9764,0.2405,39.8719,39.8719,6.6972,2.5879,0.9563,0.9563,0.9914,0.2404,0.2404,9.9764,0.2405,0.0,0.0,0.0,0.0,0.0,0.0,122.19,68.01,122.2,67.91,122.2,67.91,13.24,75.52,CUDA,Bicubic Baseline (3x)
1810,IM-0099-0001.jpeg,sub_chest,3,ok,40.3465,6.0038,2.4503,0.9498,0.9907,0.2473,9.9789,0.2297,40.3465,40.3465,6.0038,2.4503,0.9498,0.9498,0.9907,0.2473,0.2473,9.9789,0.2297,0.0,0.0,0.0,0.0,0.0,0.0,109.72,63.92,109.73,63.83,109.73,63.83,13.48,74.16,CUDA,Bicubic Baseline (3x)
1811,IM-0101-0001.jpeg,sub_chest,3,ok,38.6171,8.9407,2.9901,0.9434,0.9888,0.2649,9.9672,0.2904,38.6171,38.6171,8.9407,2.9901,0.9434,0.9434,0.9888,0.2649,0.2649,9.9672,0.2904,0.0,0.0,0.0,0.0,0.0,0.0,100.97,62.02,100.98,61.87,100.98,61.87,13.69,73.03,CUDA,Bicubic Baseline (3x)
1812,IM-0102-0001.jpeg,sub_chest,3,ok,38.5339,9.1137,3.0189,0.9436,0.9889,0.2597,9.9699,0.2545,38.5339,38.5339,9.1137,3.0189,0.9436,0.9436,0.9889,0.2597,0.2597,9.9699,0.2545,0.0,0.0,0.0,0.0,0.0,0.0,93.49,55.19,93.5,55.02,93.5,55.02,15.27,65.5,CUDA,Bicubic Baseline (3x)
1813,IM-0103-0001.jpeg,sub_chest,3,ok,39.3185,7.6073,2.7581,0.9525,0.9915,0.2567,9.9741,0.2187,39.3185,39.3185,7.6073,2.7581,0.9525,0.9525,0.9915,0.2567,0.2567,9.9741,0.2187,0.0,0.0,0.0,0.0,0.0,0.0,134.2,62.06,134.21,61.92,134.21,61.92,14.4,69.44,CUDA,Bicubic Baseline (3x)
1814,IM-0105-0001.jpeg,sub_chest,3,ok,39.6453,7.0559,2.6563,0.9536,0.9915,0.2722,9.9753,0.2339,39.6453,39.6453,7.0559,2.6563,0.9536,0.9536,0.9915,0.2722,0.2722,9.9753,0.2339,0.0,0.0,0.0,0.0,0.0,0.0,131.45,63.89,131.46,63.77,131.46,63.77,13.71,72.95,CUDA,Bicubic Baseline (3x)
1815,IM-0107-0001.jpeg,sub_chest,3,ok,39.3576,7.5391,2.7457,0.9535,0.9912,0.2584,9.9722,0.2531,39.3576,39.3576,7.5391,2.7457,0.9535,0.9535,0.9912,0.2584,0.2584,9.9722,0.2531,0.0,0.0,0.0,0.0,0.0,0.0,120.0,65.67,120.01,65.55,120.01,65.55,13.63,73.34,CUDA,Bicubic Baseline (3x)
1816,IM-0109-0001.jpeg,sub_chest,3,ok,40.5058,5.7876,2.4057,0.9481,0.9903,0.2668,9.9829,0.2145,40.5058,40.5058,5.7876,2.4057,0.9481,0.9481,0.9903,0.2668,0.2668,9.9829,0.2145,0.0,0.0,0.0,0.0,0.0,0.0,126.97,67.48,126.98,67.4,126.98,67.4,13.23,75.59,CUDA,Bicubic Baseline (3x)
1817,IM-0110-0001.jpeg,sub_chest,3,ok,39.5296,7.2463,2.6919,0.9525,0.9906,0.2577,9.9729,0.2691,39.5296,39.5296,7.2463,2.6919,0.9525,0.9525,0.9906,0.2577,0.2577,9.9729,0.2691,0.0,0.0,0.0,0.0,0.0,0.0,122.98,64.15,122.99,64.02,122.99,64.02,13.89,71.97,CUDA,Bicubic Baseline (3x)
1818,IM-0111-0001.jpeg,sub_chest,3,ok,40.8327,5.368,2.3169,0.953,0.9914,0.2862,9.9828,0.2042,40.8327,40.8327,5.368,2.3169,0.953,0.953,0.9914,0.2862,0.2862,9.9828,0.2042,0.0,0.0,0.0,0.0,0.0,0.0,127.8,56.98,127.81,56.89,127.81,56.89,15.47,64.63,CUDA,Bicubic Baseline (3x)
1819,IM-0115-0001.jpeg,sub_chest,3,ok,39.5297,7.2463,2.6919,0.9521,0.9913,0.2362,9.9717,0.2444,39.5297,39.5297,7.2463,2.6919,0.9521,0.9521,0.9913,0.2362,0.2362,9.9717,0.2444,0.0,0.0,0.0,0.0,0.0,0.0,128.91,62.26,128.92,62.13,128.92,62.13,14.66,68.2,CUDA,Bicubic Baseline (3x)
1820,IM-0117-0001.jpeg,sub_chest,3,ok,38.8834,8.409,2.8998,0.9403,0.9895,0.2874,9.9717,0.2221,38.8834,38.8834,8.409,2.8998,0.9403,0.9403,0.9895,0.2874,0.2874,9.9717,0.2221,0.0,0.0,0.0,0.0,0.0,0.0,100.65,59.77,100.65,59.64,100.65,59.64,13.16,76.0,CUDA,Bicubic Baseline (3x)
1821,IM-0119-0001.jpeg,sub_chest,3,ok,39.2963,7.6462,2.7652,0.9498,0.9913,0.2662,9.9724,0.2093,39.2963,39.2963,7.6462,2.7652,0.9498,0.9498,0.9913,0.2662,0.2662,9.9724,0.2093,0.0,0.0,0.0,0.0,0.0,0.0,121.97,68.81,121.99,68.69,121.99,68.69,13.49,74.14,CUDA,Bicubic Baseline (3x)
1822,IM-0122-0001.jpeg,sub_chest,3,ok,39.9089,6.6404,2.5769,0.9484,0.9909,0.2744,9.9777,0.1993,39.9089,39.9089,6.6404,2.5769,0.9484,0.9484,0.9909,0.2744,0.2744,9.9777,0.1993,0.0,0.0,0.0,0.0,0.0,0.0,132.99,64.94,133.0,64.84,133.0,64.84,16.93,59.05,CUDA,Bicubic Baseline (3x)
1823,IM-0125-0001.jpeg,sub_chest,3,ok,38.2152,9.8075,3.1317,0.936,0.9888,0.278,9.9679,0.2206,38.2152,38.2152,9.8075,3.1317,0.936,0.936,0.9888,0.278,0.278,9.9679,0.2206,0.0,0.0,0.0,0.0,0.0,0.0,106.22,65.05,106.23,64.9,106.23,64.9,13.18,75.89,CUDA,Bicubic Baseline (3x)
1824,IM-0127-0001.jpeg,sub_chest,3,ok,38.6841,8.8039,2.9671,0.9338,0.9886,0.2966,9.9757,0.1817,38.6841,38.6841,8.8039,2.9671,0.9338,0.9338,0.9886,0.2966,0.2966,9.9757,0.1817,0.0,0.0,0.0,0.0,0.0,0.0,130.38,57.03,130.39,56.89,130.39,56.89,13.58,73.66,CUDA,Bicubic Baseline (3x)
1825,IM-0128-0001.jpeg,sub_chest,3,ok,37.8883,10.5743,3.2518,0.9271,0.9871,0.2884,9.9687,0.2033,37.8883,37.8883,10.5743,3.2518,0.9271,0.9271,0.9871,0.2884,0.2884,9.9687,0.2033,0.0,0.0,0.0,0.0,0.0,0.0,97.2,58.77,97.21,58.59,97.21,58.59,13.64,73.31,CUDA,Bicubic Baseline (3x)
1826,IM-0129-0001.jpeg,sub_chest,3,ok,38.5088,9.1664,3.0276,0.9336,0.9886,0.3059,9.9706,0.2114,38.5088,38.5088,9.1664,3.0276,0.9336,0.9336,0.9886,0.3059,0.3059,9.9706,0.2114,0.0,0.0,0.0,0.0,0.0,0.0,115.64,62.47,115.64,62.33,115.64,62.33,13.24,75.53,CUDA,Bicubic Baseline (3x)
1827,IM-0131-0001.jpeg,sub_chest,3,ok,37.8483,10.672,3.2668,0.9234,0.9869,0.3112,9.9715,0.1897,37.8483,37.8483,10.672,3.2668,0.9234,0.9234,0.9869,0.3112,0.3112,9.9715,0.1897,0.0,0.0,0.0,0.0,0.0,0.0,109.55,54.97,109.56,54.79,109.56,54.79,15.49,64.54,CUDA,Bicubic Baseline (3x)
1828,IM-0133-0001.jpeg,sub_chest,3,ok,39.0023,8.1819,2.8604,0.9211,0.9859,0.2823,9.9795,0.1793,39.0023,39.0023,8.1819,2.8604,0.9211,0.9211,0.9859,0.2823,0.2823,9.9795,0.1793,0.0,0.0,0.0,0.0,0.0,0.0,109.62,64.73,109.63,64.63,109.63,64.63,13.58,73.63,CUDA,Bicubic Baseline (3x)
1829,IM-0135-0001.jpeg,sub_chest,3,ok,37.7282,10.9713,3.3123,0.929,0.9878,0.2745,9.9646,0.232,37.7282,37.7282,10.9713,3.3123,0.929,0.929,0.9878,0.2745,0.2745,9.9646,0.232,0.0,0.0,0.0,0.0,0.0,0.0,120.29,66.35,120.3,66.18,120.3,66.18,13.6,73.53,CUDA,Bicubic Baseline (3x)
1830,IM-0137-0001.jpeg,sub_chest,3,ok,37.7246,10.9804,3.3137,0.9148,0.9854,0.3443,9.9738,0.1789,37.7246,37.7246,10.9804,3.3137,0.9148,0.9148,0.9854,0.3443,0.3443,9.9738,0.1789,0.0,0.0,0.0,0.0,0.0,0.0,127.72,52.68,127.73,52.5,127.73,52.5,13.52,73.95,CUDA,Bicubic Baseline (3x)
1831,IM-0140-0001.jpeg,sub_chest,3,ok,36.4426,14.7508,3.8407,0.8865,0.9804,0.3871,9.9702,0.1903,36.4426,36.4426,14.7508,3.8407,0.8865,0.8865,0.9804,0.3871,0.3871,9.9702,0.1903,0.0,0.0,0.0,0.0,0.0,0.0,148.88,52.43,148.89,52.2,148.89,52.2,13.28,75.3,CUDA,Bicubic Baseline (3x)
1832,IM-0141-0001.jpeg,sub_chest,3,ok,38.3185,9.5771,3.0947,0.9341,0.9886,0.295,9.9666,0.225,38.3185,38.3185,9.5771,3.0947,0.9341,0.9341,0.9886,0.295,0.295,9.9666,0.225,0.0,0.0,0.0,0.0,0.0,0.0,118.14,62.98,118.15,62.83,118.15,62.83,13.56,73.74,CUDA,Bicubic Baseline (3x)
1833,IM-0143-0001.jpeg,sub_chest,3,ok,37.7683,10.8706,3.2971,0.9324,0.988,0.2535,9.9629,0.2358,37.7683,37.7683,10.8706,3.2971,0.9324,0.9324,0.988,0.2535,0.2535,9.9629,0.2358,0.0,0.0,0.0,0.0,0.0,0.0,126.41,69.41,126.43,69.24,126.43,69.24,13.24,75.53,CUDA,Bicubic Baseline (3x)
1834,IM-0145-0001.jpeg,sub_chest,3,ok,37.773,10.8587,3.2953,0.9269,0.9876,0.3169,9.9674,0.202,37.773,37.773,10.8587,3.2953,0.9269,0.9269,0.9876,0.3169,0.3169,9.9674,0.202,0.0,0.0,0.0,0.0,0.0,0.0,119.45,60.39,119.46,60.21,119.46,60.21,13.43,74.48,CUDA,Bicubic Baseline (3x)
1835,IM-0147-0001.jpeg,sub_chest,3,ok,38.0376,10.217,3.1964,0.9357,0.9886,0.2498,9.961,0.2634,38.0376,38.0376,10.217,3.1964,0.9357,0.9357,0.9886,0.2498,0.2498,9.961,0.2634,0.0,0.0,0.0,0.0,0.0,0.0,117.02,64.98,117.03,64.8,117.03,64.8,13.37,74.77,CUDA,Bicubic Baseline (3x)
1836,IM-0149-0001.jpeg,sub_chest,3,ok,38.5901,8.9965,2.9994,0.9359,0.9889,0.2913,9.9717,0.2079,38.5901,38.5901,8.9965,2.9994,0.9359,0.9359,0.9889,0.2913,0.2913,9.9717,0.2079,0.0,0.0,0.0,0.0,0.0,0.0,119.62,66.76,119.62,66.62,119.62,66.62,15.2,65.78,CUDA,Bicubic Baseline (3x)
1837,IM-0151-0001.jpeg,sub_chest,3,ok,38.3465,9.5154,3.0847,0.9353,0.9888,0.2844,9.9693,0.2066,38.3465,38.3465,9.5154,3.0847,0.9353,0.9353,0.9888,0.2844,0.2844,9.9693,0.2066,0.0,0.0,0.0,0.0,0.0,0.0,101.81,66.98,101.82,66.83,101.82,66.83,14.33,69.77,CUDA,Bicubic Baseline (3x)
1838,IM-0152-0001.jpeg,sub_chest,3,ok,38.7327,8.7059,2.9506,0.9339,0.9885,0.3245,9.9757,0.1935,38.7327,38.7327,8.7059,2.9506,0.9339,0.9339,0.9885,0.3245,0.3245,9.9757,0.1935,0.0,0.0,0.0,0.0,0.0,0.0,129.01,59.33,129.02,59.19,129.02,59.19,13.42,74.52,CUDA,Bicubic Baseline (3x)
1839,IM-0154-0001.jpeg,sub_chest,3,ok,39.1719,7.8685,2.8051,0.9497,0.9913,0.262,9.9666,0.2504,39.1719,39.1719,7.8685,2.8051,0.9497,0.9497,0.9913,0.262,0.262,9.9666,0.2504,0.0,0.0,0.0,0.0,0.0,0.0,110.06,65.61,110.07,65.47,110.07,65.47,13.18,75.89,CUDA,Bicubic Baseline (3x)
1840,IM-0156-0001.jpeg,sub_chest,3,ok,38.4147,9.3672,3.0606,0.927,0.9875,0.3182,9.9724,0.201,38.4147,38.4147,9.3672,3.0606,0.927,0.927,0.9875,0.3182,0.3182,9.9724,0.201,0.0,0.0,0.0,0.0,0.0,0.0,112.36,52.17,112.37,52.0,112.37,52.0,13.16,75.98,CUDA,Bicubic Baseline (3x)
1841,IM-0158-0001.jpeg,sub_chest,3,ok,38.6886,8.7947,2.9656,0.9299,0.9872,0.2898,9.9779,0.1942,38.6886,38.6886,8.7947,2.9656,0.9299,0.9299,0.9872,0.2898,0.2898,9.9779,0.1942,0.0,0.0,0.0,0.0,0.0,0.0,105.56,56.42,105.57,56.29,105.57,56.29,13.16,75.97,CUDA,Bicubic Baseline (3x)
1842,IM-0160-0001.jpeg,sub_chest,3,ok,38.7328,8.7055,2.9505,0.9363,0.989,0.3113,9.9742,0.1967,38.7328,38.7328,8.7055,2.9505,0.9363,0.9363,0.989,0.3113,0.3113,9.9742,0.1967,0.0,0.0,0.0,0.0,0.0,0.0,128.58,54.64,128.59,54.49,128.59,54.49,13.15,76.04,CUDA,Bicubic Baseline (3x)
1843,IM-0162-0001.jpeg,sub_chest,3,ok,38.2931,9.6332,3.1037,0.9334,0.9887,0.3124,9.9675,0.2245,38.2931,38.2931,9.6332,3.1037,0.9334,0.9334,0.9887,0.3124,0.3124,9.9675,0.2245,0.0,0.0,0.0,0.0,0.0,0.0,116.6,55.71,116.61,55.53,116.61,55.53,14.14,70.73,CUDA,Bicubic Baseline (3x)
1844,IM-0164-0001.jpeg,sub_chest,3,ok,39.3563,7.5414,2.7462,0.9366,0.9884,0.3109,9.9797,0.1845,39.3563,39.3563,7.5414,2.7462,0.9366,0.9366,0.9884,0.3109,0.3109,9.9797,0.1845,0.0,0.0,0.0,0.0,0.0,0.0,132.56,51.06,132.57,50.92,132.57,50.92,13.26,75.41,CUDA,Bicubic Baseline (3x)
1845,IM-0166-0001.jpeg,sub_chest,3,ok,38.3748,9.4537,3.0747,0.9396,0.9897,0.2628,9.9642,0.2417,38.3748,38.3748,9.4537,3.0747,0.9396,0.9396,0.9897,0.2628,0.2628,9.9642,0.2417,0.0,0.0,0.0,0.0,0.0,0.0,118.47,66.34,118.48,66.19,118.48,66.19,13.44,74.4,CUDA,Bicubic Baseline (3x)
1846,IM-0168-0001.jpeg,sub_chest,3,ok,38.1577,9.9383,3.1525,0.927,0.9876,0.3092,9.9717,0.1919,38.1577,38.1577,9.9383,3.1525,0.927,0.927,0.9876,0.3092,0.3092,9.9717,0.1919,0.0,0.0,0.0,0.0,0.0,0.0,119.24,68.11,119.24,67.97,119.24,67.97,13.14,76.12,CUDA,Bicubic Baseline (3x)
1847,IM-0170-0001.jpeg,sub_chest,3,ok,38.6056,8.9645,2.9941,0.932,0.9881,0.2826,9.9746,0.1962,38.6056,38.6056,8.9645,2.9941,0.932,0.932,0.9881,0.2826,0.2826,9.9746,0.1962,0.0,0.0,0.0,0.0,0.0,0.0,148.97,59.83,148.97,59.7,148.97,59.7,13.4,74.63,CUDA,Bicubic Baseline (3x)
1848,IM-0172-0001.jpeg,sub_chest,3,ok,38.1122,10.043,3.1691,0.9508,0.9913,0.249,9.9632,0.2821,38.1122,38.1122,10.043,3.1691,0.9508,0.9508,0.9913,0.249,0.249,9.9632,0.2821,0.0,0.0,0.0,0.0,0.0,0.0,141.04,57.48,141.05,57.28,141.05,57.28,13.53,73.92,CUDA,Bicubic Baseline (3x)
1849,IM-0176-0001.jpeg,sub_chest,3,ok,38.7217,8.7279,2.9543,0.9273,0.9874,0.3144,9.9758,0.1912,38.7217,38.7217,8.7279,2.9543,0.9273,0.9273,0.9874,0.3144,0.3144,9.9758,0.1912,0.0,0.0,0.0,0.0,0.0,0.0,154.88,52.04,154.89,51.89,154.89,51.89,13.15,76.04,CUDA,Bicubic Baseline (3x)
1850,IM-0177-0001.jpeg,sub_chest,3,ok,39.7058,6.9583,2.6379,0.9491,0.991,0.2092,9.9731,0.2422,39.7058,39.7058,6.9583,2.6379,0.9491,0.9491,0.991,0.2092,0.2092,9.9731,0.2422,0.0,0.0,0.0,0.0,0.0,0.0,90.13,71.3,90.14,71.2,90.14,71.2,13.22,75.65,CUDA,Bicubic Baseline (3x)
1851,IM-0178-0001.jpeg,sub_chest,3,ok,39.9935,6.5123,2.5519,0.9315,0.9878,0.295,9.9843,0.1642,39.9935,39.9935,6.5123,2.5519,0.9315,0.9315,0.9878,0.295,0.295,9.9843,0.1642,0.0,0.0,0.0,0.0,0.0,0.0,142.17,58.85,142.18,58.76,142.18,58.76,13.17,75.92,CUDA,Bicubic Baseline (3x)
1852,IM-0180-0001.jpeg,sub_chest,3,ok,38.2332,9.767,3.1252,0.9305,0.988,0.2985,9.9692,0.2233,38.2332,38.2332,9.767,3.1252,0.9305,0.9305,0.988,0.2985,0.2985,9.9692,0.2233,0.0,0.0,0.0,0.0,0.0,0.0,138.4,58.72,138.41,58.56,138.41,58.56,14.57,68.64,CUDA,Bicubic Baseline (3x)
1853,IM-0182-0001.jpeg,sub_chest,3,ok,38.6249,8.9246,2.9874,0.9312,0.9879,0.284,9.9722,0.2046,38.6249,38.6249,8.9246,2.9874,0.9312,0.9312,0.9879,0.284,0.284,9.9722,0.2046,0.0,0.0,0.0,0.0,0.0,0.0,135.86,67.32,135.87,67.2,135.87,67.2,13.21,75.7,CUDA,Bicubic Baseline (3x)
1854,IM-0183-0001.jpeg,sub_chest,3,ok,38.8879,8.4002,2.8983,0.9464,0.9904,0.2489,9.9676,0.2543,38.8879,38.8879,8.4002,2.8983,0.9464,0.9464,0.9904,0.2489,0.2489,9.9676,0.2543,0.0,0.0,0.0,0.0,0.0,0.0,119.31,66.6,119.32,66.46,119.32,66.46,13.13,76.15,CUDA,Bicubic Baseline (3x)
1855,IM-0185-0001.jpeg,sub_chest,3,ok,38.7355,8.7003,2.9496,0.9366,0.9888,0.2954,9.97,0.2236,38.7355,38.7355,8.7003,2.9496,0.9366,0.9366,0.9888,0.2954,0.2954,9.97,0.2236,0.0,0.0,0.0,0.0,0.0,0.0,129.65,65.48,129.66,65.34,129.66,65.34,13.43,74.45,CUDA,Bicubic Baseline (3x)
1856,IM-0187-0001.jpeg,sub_chest,3,ok,38.9246,8.3294,2.8861,0.9407,0.9896,0.2838,9.9712,0.2177,38.9246,38.9246,8.3294,2.8861,0.9407,0.9407,0.9896,0.2838,0.2838,9.9712,0.2177,0.0,0.0,0.0,0.0,0.0,0.0,125.67,59.94,125.68,59.8,125.68,59.8,13.21,75.69,CUDA,Bicubic Baseline (3x)
1857,IM-0189-0001.jpeg,sub_chest,3,ok,38.5814,9.0144,3.0024,0.9344,0.9884,0.3004,9.9713,0.2088,38.5814,38.5814,9.0144,3.0024,0.9344,0.9344,0.9884,0.3004,0.3004,9.9713,0.2088,0.0,0.0,0.0,0.0,0.0,0.0,123.03,60.93,123.04,60.78,123.04,60.78,13.21,75.73,CUDA,Bicubic Baseline (3x)
1858,IM-0191-0001.jpeg,sub_chest,3,ok,38.6996,8.7725,2.9618,0.9372,0.9889,0.273,9.9729,0.2223,38.6996,38.6996,8.7725,2.9618,0.9372,0.9372,0.9889,0.273,0.273,9.9729,0.2223,0.0,0.0,0.0,0.0,0.0,0.0,135.78,62.82,135.79,62.69,135.79,62.69,13.36,74.86,CUDA,Bicubic Baseline (3x)
1859,IM-0193-0001.jpeg,sub_chest,3,ok,38.7855,8.6005,2.9327,0.9389,0.9894,0.2621,9.97,0.2223,38.7855,38.7855,8.6005,2.9327,0.9389,0.9389,0.9894,0.2621,0.2621,9.97,0.2223,0.0,0.0,0.0,0.0,0.0,0.0,111.99,61.56,111.99,61.42,111.99,61.42,13.46,74.31,CUDA,Bicubic Baseline (3x)
1860,IM-0195-0001.jpeg,sub_chest,3,ok,38.6278,8.9187,2.9864,0.9381,0.9892,0.2887,9.9694,0.2254,38.6278,38.6278,8.9187,2.9864,0.9381,0.9381,0.9892,0.2887,0.2887,9.9694,0.2254,0.0,0.0,0.0,0.0,0.0,0.0,131.73,60.79,131.74,60.63,131.74,60.63,13.17,75.93,CUDA,Bicubic Baseline (3x)
1861,IM-0199-0001.jpeg,sub_chest,3,ok,38.4062,9.3855,3.0636,0.9363,0.9889,0.299,9.9719,0.2,38.4062,38.4062,9.3855,3.0636,0.9363,0.9363,0.9889,0.299,0.299,9.9719,0.2,0.0,0.0,0.0,0.0,0.0,0.0,121.32,64.41,121.34,64.25,121.34,64.25,13.6,73.55,CUDA,Bicubic Baseline (3x)
1862,IM-0201-0001.jpeg,sub_chest,3,ok,38.1417,9.9749,3.1583,0.9309,0.9879,0.2888,9.9669,0.2293,38.1417,38.1417,9.9749,3.1583,0.9309,0.9309,0.9879,0.2888,0.2888,9.9669,0.2293,0.0,0.0,0.0,0.0,0.0,0.0,102.91,62.16,102.92,62.0,102.92,62.0,13.22,75.66,CUDA,Bicubic Baseline (3x)
1863,IM-0203-0001.jpeg,sub_chest,3,ok,38.1674,9.9162,3.149,0.9291,0.9877,0.3048,9.9706,0.2036,38.1674,38.1674,9.9162,3.149,0.9291,0.9291,0.9877,0.3048,0.3048,9.9706,0.2036,0.0,0.0,0.0,0.0,0.0,0.0,121.53,61.43,121.53,61.27,121.53,61.27,13.39,74.66,CUDA,Bicubic Baseline (3x)
1864,IM-0205-0001.jpeg,sub_chest,3,ok,37.2311,12.3018,3.5074,0.9114,0.9848,0.2942,9.9683,0.191,37.2311,37.2311,12.3018,3.5074,0.9114,0.9114,0.9848,0.2942,0.2942,9.9683,0.191,0.0,0.0,0.0,0.0,0.0,0.0,104.7,63.09,104.72,62.91,104.72,62.91,13.46,74.28,CUDA,Bicubic Baseline (3x)
1865,IM-0206-0001.jpeg,sub_chest,3,ok,37.2856,12.1484,3.4855,0.9012,0.9818,0.3138,9.9734,0.1975,37.2856,37.2856,12.1484,3.4855,0.9012,0.9012,0.9818,0.3138,0.3138,9.9734,0.1975,0.0,0.0,0.0,0.0,0.0,0.0,117.34,54.32,117.35,54.13,117.35,54.13,13.36,74.83,CUDA,Bicubic Baseline (3x)
1866,IM-0207-0001.jpeg,sub_chest,3,ok,36.9467,13.1345,3.6242,0.9246,0.9872,0.3311,9.9647,0.2045,36.9467,36.9467,13.1345,3.6242,0.9246,0.9246,0.9872,0.3311,0.3311,9.9647,0.2045,0.0,0.0,0.0,0.0,0.0,0.0,112.82,59.91,112.83,59.7,112.83,59.7,13.08,76.44,CUDA,Bicubic Baseline (3x)
1867,IM-0209-0001.jpeg,sub_chest,3,ok,38.6861,8.7998,2.9664,0.93,0.9878,0.3142,9.9763,0.1849,38.6861,38.6861,8.7998,2.9664,0.93,0.93,0.9878,0.3142,0.3142,9.9763,0.1849,0.0,0.0,0.0,0.0,0.0,0.0,126.33,57.91,126.34,57.78,126.34,57.78,13.64,73.32,CUDA,Bicubic Baseline (3x)
1868,IM-0210-0001.jpeg,sub_chest,3,ok,38.2558,9.7163,3.1171,0.933,0.9885,0.2874,9.9663,0.218,38.2558,38.2558,9.7163,3.1171,0.933,0.933,0.9885,0.2874,0.2874,9.9663,0.218,0.0,0.0,0.0,0.0,0.0,0.0,110.79,66.55,110.8,66.4,110.8,66.4,13.1,76.32,CUDA,Bicubic Baseline (3x)
1869,IM-0211-0001.jpeg,sub_chest,3,ok,38.8306,8.5118,2.9175,0.9407,0.9897,0.3026,9.9719,0.2174,38.8306,38.8306,8.5118,2.9175,0.9407,0.9407,0.9897,0.3026,0.3026,9.9719,0.2174,0.0,0.0,0.0,0.0,0.0,0.0,122.22,59.25,122.22,59.1,122.22,59.1,13.15,76.05,CUDA,Bicubic Baseline (3x)
1870,IM-0213-0001.jpeg,sub_chest,3,ok,39.285,7.6661,2.7688,0.9491,0.9911,0.2699,9.9736,0.2186,39.285,39.285,7.6661,2.7688,0.9491,0.9491,0.9911,0.2699,0.2699,9.9736,0.2186,0.0,0.0,0.0,0.0,0.0,0.0,120.42,63.09,120.43,62.97,120.43,62.97,13.25,75.49,CUDA,Bicubic Baseline (3x)
1871,IM-0214-0001.jpeg,sub_chest,3,ok,39.4356,7.405,2.7212,0.9433,0.9898,0.2808,9.9751,0.226,39.4356,39.4356,7.405,2.7212,0.9433,0.9433,0.9898,0.2808,0.2808,9.9751,0.226,0.0,0.0,0.0,0.0,0.0,0.0,129.21,58.11,129.22,57.98,129.22,57.98,13.15,76.06,CUDA,Bicubic Baseline (3x)
1872,IM-0215-0001.jpeg,sub_chest,3,ok,37.6022,11.2944,3.3607,0.9259,0.9869,0.2882,9.9648,0.2284,37.6022,37.6022,11.2944,3.3607,0.9259,0.9259,0.9869,0.2882,0.2882,9.9648,0.2284,0.0,0.0,0.0,0.0,0.0,0.0,109.66,65.96,109.67,65.79,109.67,65.79,13.53,73.92,CUDA,Bicubic Baseline (3x)
1873,IM-0216-0001.jpeg,sub_chest,3,ok,38.4437,9.305,3.0504,0.943,0.9902,0.2571,9.9637,0.2451,38.4437,38.4437,9.305,3.0504,0.943,0.943,0.9902,0.2571,0.2571,9.9637,0.2451,0.0,0.0,0.0,0.0,0.0,0.0,108.21,69.34,108.22,69.19,108.22,69.19,14.08,71.03,CUDA,Bicubic Baseline (3x)
1874,IM-0217-0001.jpeg,sub_chest,3,ok,39.6714,7.0136,2.6483,0.9539,0.992,0.2504,9.9718,0.2329,39.6714,39.6714,7.0136,2.6483,0.9539,0.9539,0.992,0.2504,0.2504,9.9718,0.2329,0.0,0.0,0.0,0.0,0.0,0.0,98.55,66.67,98.56,66.55,98.56,66.55,13.51,74.01,CUDA,Bicubic Baseline (3x)
1875,IM-0218-0001.jpeg,sub_chest,3,ok,39.1849,7.845,2.8009,0.9442,0.99,0.2637,9.9748,0.2154,39.1849,39.1849,7.845,2.8009,0.9442,0.9442,0.99,0.2637,0.2637,9.9748,0.2154,0.0,0.0,0.0,0.0,0.0,0.0,124.91,57.76,124.91,57.63,124.91,57.63,13.17,75.94,CUDA,Bicubic Baseline (3x)
1876,IM-0219-0001.jpeg,sub_chest,3,ok,38.8216,8.5294,2.9205,0.9408,0.9895,0.2919,9.9734,0.2172,38.8216,38.8216,8.5294,2.9205,0.9408,0.9408,0.9895,0.2919,0.2919,9.9734,0.2172,0.0,0.0,0.0,0.0,0.0,0.0,134.64,55.65,134.65,55.5,134.65,55.5,13.17,75.91,CUDA,Bicubic Baseline (3x)
1877,IM-0220-0001.jpeg,sub_chest,3,ok,38.1391,9.981,3.1593,0.9291,0.9879,0.2837,9.9697,0.2025,38.1391,38.1391,9.981,3.1593,0.9291,0.9291,0.9879,0.2837,0.2837,9.9697,0.2025,0.0,0.0,0.0,0.0,0.0,0.0,122.86,66.26,122.88,66.11,122.88,66.11,17.16,58.29,CUDA,Bicubic Baseline (3x)
1878,IM-0221-0001.jpeg,sub_chest,3,ok,40.0014,6.5005,2.5496,0.9525,0.9918,0.2809,9.9781,0.1962,40.0014,40.0014,6.5005,2.5496,0.9525,0.9525,0.9918,0.2809,0.2809,9.9781,0.1962,0.0,0.0,0.0,0.0,0.0,0.0,137.94,63.22,137.94,63.12,137.94,63.12,13.26,75.41,CUDA,Bicubic Baseline (3x)
1879,IM-0222-0001.jpeg,sub_chest,3,ok,38.2047,9.8312,3.1355,0.9363,0.989,0.259,9.9638,0.2365,38.2047,38.2047,9.8312,3.1355,0.9363,0.9363,0.989,0.259,0.259,9.9638,0.2365,0.0,0.0,0.0,0.0,0.0,0.0,109.44,75.38,109.45,75.23,109.45,75.23,13.38,74.74,CUDA,Bicubic Baseline (3x)
1880,IM-0223-0001.jpeg,sub_chest,3,ok,38.8939,8.3887,2.8963,0.9493,0.9909,0.2468,9.9713,0.2263,38.8939,38.8939,8.3887,2.8963,0.9493,0.9493,0.9909,0.2468,0.2468,9.9713,0.2263,0.0,0.0,0.0,0.0,0.0,0.0,111.02,63.21,111.03,63.08,111.03,63.08,13.16,75.98,CUDA,Bicubic Baseline (3x)
1881,IM-0224-0001.jpeg,sub_chest,3,ok,38.1684,9.9138,3.1486,0.9254,0.9872,0.3232,9.9779,0.1721,38.1684,38.1684,9.9138,3.1486,0.9254,0.9254,0.9872,0.3232,0.3232,9.9779,0.1721,0.0,0.0,0.0,0.0,0.0,0.0,157.47,43.87,157.48,43.67,157.48,43.67,13.52,73.95,CUDA,Bicubic Baseline (3x)
1882,IM-0225-0001.jpeg,sub_chest,3,ok,39.7416,6.9011,2.627,0.9561,0.9921,0.2307,9.9723,0.2482,39.7416,39.7416,6.9011,2.627,0.9561,0.9561,0.9921,0.2307,0.2307,9.9723,0.2482,0.0,0.0,0.0,0.0,0.0,0.0,114.47,63.45,114.47,63.33,114.47,63.33,13.38,74.76,CUDA,Bicubic Baseline (3x)
1883,IM-0226-0001.jpeg,sub_chest,3,ok,38.9554,8.2707,2.8759,0.9527,0.9917,0.2163,9.9644,0.2567,38.9554,38.9554,8.2707,2.8759,0.9527,0.9527,0.9917,0.2163,0.2163,9.9644,0.2567,0.0,0.0,0.0,0.0,0.0,0.0,83.78,66.27,83.79,66.12,83.79,66.12,13.12,76.23,CUDA,Bicubic Baseline (3x)
1884,IM-0227-0001.jpeg,sub_chest,3,ok,39.366,7.5246,2.7431,0.9461,0.9907,0.2624,9.9718,0.2207,39.366,39.366,7.5246,2.7431,0.9461,0.9461,0.9907,0.2624,0.2624,9.9718,0.2207,0.0,0.0,0.0,0.0,0.0,0.0,114.35,61.35,114.36,61.22,114.36,61.22,14.62,68.4,CUDA,Bicubic Baseline (3x)
1885,IM-0228-0001.jpeg,sub_chest,3,ok,37.4536,11.6874,3.4187,0.9331,0.9884,0.2622,9.9567,0.2562,37.4536,37.4536,11.6874,3.4187,0.9331,0.9331,0.9884,0.2622,0.2622,9.9567,0.2562,0.0,0.0,0.0,0.0,0.0,0.0,121.25,83.06,121.26,82.9,121.26,82.9,16.22,61.65,CUDA,Bicubic Baseline (3x)
1886,IM-0229-0001.jpeg,sub_chest,3,ok,40.0469,6.4327,2.5363,0.9501,0.9914,0.2707,9.9779,0.1932,40.0469,40.0469,6.4327,2.5363,0.9501,0.9501,0.9914,0.2707,0.2707,9.9779,0.1932,0.0,0.0,0.0,0.0,0.0,0.0,115.65,63.52,115.66,63.43,115.66,63.43,13.26,75.44,CUDA,Bicubic Baseline (3x)
1887,IM-0230-0001.jpeg,sub_chest,3,ok,37.876,10.6044,3.2564,0.9239,0.9868,0.2965,9.9692,0.214,37.876,37.876,10.6044,3.2564,0.9239,0.9239,0.9868,0.2965,0.2965,9.9692,0.214,0.0,0.0,0.0,0.0,0.0,0.0,124.56,62.97,124.56,62.81,124.56,62.81,13.2,75.78,CUDA,Bicubic Baseline (3x)
1888,IM-0231-0001.jpeg,sub_chest,3,ok,39.643,7.0596,2.657,0.947,0.9907,0.2943,9.9765,0.2033,39.643,39.643,7.0596,2.657,0.947,0.947,0.9907,0.2943,0.2943,9.9765,0.2033,0.0,0.0,0.0,0.0,0.0,0.0,132.43,54.13,132.44,54.01,132.44,54.01,13.39,74.69,CUDA,Bicubic Baseline (3x)
1889,IM-0234-0001.jpeg,sub_chest,3,ok,37.7857,10.827,3.2904,0.9321,0.9881,0.268,9.9644,0.2293,37.7857,37.7857,10.827,3.2904,0.9321,0.9321,0.9881,0.268,0.268,9.9644,0.2293,0.0,0.0,0.0,0.0,0.0,0.0,104.11,70.0,104.12,69.84,104.12,69.84,17.28,57.88,CUDA,Bicubic Baseline (3x)
1890,IM-0235-0001.jpeg,sub_chest,3,ok,39.3158,7.612,2.759,0.9497,0.991,0.2489,9.9718,0.2297,39.3158,39.3158,7.612,2.759,0.9497,0.9497,0.991,0.2489,0.2489,9.9718,0.2297,0.0,0.0,0.0,0.0,0.0,0.0,115.38,63.94,115.39,63.81,115.39,63.81,13.17,75.94,CUDA,Bicubic Baseline (3x)
1891,IM-0236-0001.jpeg,sub_chest,3,ok,37.9799,10.3535,3.2177,0.9373,0.9887,0.2716,9.9662,0.2369,37.9799,37.9799,10.3535,3.2177,0.9373,0.9373,0.9887,0.2716,0.2716,9.9662,0.2369,0.0,0.0,0.0,0.0,0.0,0.0,100.11,65.55,100.12,65.39,100.12,65.39,13.34,74.95,CUDA,Bicubic Baseline (3x)
1892,IM-0237-0001.jpeg,sub_chest,3,ok,38.3402,9.5293,3.087,0.9353,0.9888,0.2757,9.9666,0.2312,38.3402,38.3402,9.5293,3.087,0.9353,0.9353,0.9888,0.2757,0.2757,9.9666,0.2312,0.0,0.0,0.0,0.0,0.0,0.0,109.91,68.44,109.92,68.3,109.92,68.3,13.14,76.13,CUDA,Bicubic Baseline (3x)
1893,IM-0238-0001.jpeg,sub_chest,3,ok,37.3447,11.9843,3.4618,0.9216,0.9864,0.3058,9.9668,0.2166,37.3447,37.3447,11.9843,3.4618,0.9216,0.9216,0.9864,0.3058,0.3058,9.9668,0.2166,0.0,0.0,0.0,0.0,0.0,0.0,110.44,57.8,110.45,57.6,110.45,57.6,13.54,73.84,CUDA,Bicubic Baseline (3x)
1894,IM-0239-0001.jpeg,sub_chest,3,ok,38.8365,8.5003,2.9155,0.9458,0.9906,0.2445,9.9649,0.2518,38.8365,38.8365,8.5003,2.9155,0.9458,0.9458,0.9906,0.2445,0.2445,9.9649,0.2518,0.0,0.0,0.0,0.0,0.0,0.0,92.89,64.74,92.91,64.59,92.91,64.59,13.24,75.52,CUDA,Bicubic Baseline (3x)
1895,IM-0240-0001.jpeg,sub_chest,3,ok,39.4756,7.3371,2.7087,0.9476,0.9907,0.2539,9.9733,0.2262,39.4756,39.4756,7.3371,2.7087,0.9476,0.9476,0.9907,0.2539,0.2539,9.9733,0.2262,0.0,0.0,0.0,0.0,0.0,0.0,120.32,62.43,120.33,62.3,120.33,62.3,13.68,73.08,CUDA,Bicubic Baseline (3x)
1896,IM-0241-0001.jpeg,sub_chest,3,ok,38.8962,8.3843,2.8956,0.9406,0.9896,0.2732,9.9724,0.2184,38.8962,38.8962,8.3843,2.8956,0.9406,0.9406,0.9896,0.2732,0.2732,9.9724,0.2184,0.0,0.0,0.0,0.0,0.0,0.0,119.67,62.35,119.67,62.22,119.67,62.22,13.18,75.9,CUDA,Bicubic Baseline (3x)
1897,IM-0242-0001.jpeg,sub_chest,3,ok,39.6978,6.9711,2.6403,0.9522,0.9916,0.2768,9.9766,0.203,39.6978,39.6978,6.9711,2.6403,0.9522,0.9522,0.9916,0.2768,0.2768,9.9766,0.203,0.0,0.0,0.0,0.0,0.0,0.0,133.31,55.59,133.32,55.46,133.32,55.46,13.6,73.51,CUDA,Bicubic Baseline (3x)
1898,IM-0243-0001.jpeg,sub_chest,3,ok,39.6651,7.0238,2.6503,0.955,0.9922,0.2563,9.9724,0.2366,39.6651,39.6651,7.0238,2.6503,0.955,0.955,0.9922,0.2563,0.2563,9.9724,0.2366,0.0,0.0,0.0,0.0,0.0,0.0,117.16,65.9,117.17,65.78,117.17,65.78,13.23,75.56,CUDA,Bicubic Baseline (3x)
1899,IM-0244-0001.jpeg,sub_chest,3,ok,38.4562,9.2782,3.046,0.9363,0.9893,0.2752,9.9732,0.1802,38.4562,38.4562,9.2782,3.046,0.9363,0.9363,0.9893,0.2752,0.2752,9.9732,0.1802,0.0,0.0,0.0,0.0,0.0,0.0,110.85,63.96,110.86,63.82,110.86,63.82,13.42,74.54,CUDA,Bicubic Baseline (3x)
1900,IM-0245-0001.jpeg,sub_chest,3,ok,39.0122,8.1632,2.8571,0.9469,0.9906,0.2588,9.9722,0.2214,39.0122,39.0122,8.1632,2.8571,0.9469,0.9469,0.9906,0.2588,0.2588,9.9722,0.2214,0.0,0.0,0.0,0.0,0.0,0.0,125.93,57.55,125.95,57.39,125.95,57.39,13.2,75.75,CUDA,Bicubic Baseline (3x)
1901,IM-0248-0001.jpeg,sub_chest,3,ok,35.104,20.0763,4.4807,0.9271,0.9876,0.2786,9.9412,0.2452,35.104,35.104,20.0763,4.4807,0.9271,0.9271,0.9876,0.2786,0.2786,9.9412,0.2452,0.0,0.0,0.0,0.0,0.0,0.0,87.27,60.1,87.31,59.74,87.31,59.74,13.98,71.54,CUDA,Bicubic Baseline (3x)
1902,IM-0249-0001.jpeg,sub_chest,3,ok,39.367,7.5228,2.7428,0.952,0.9915,0.2191,9.9707,0.2392,39.367,39.367,7.5228,2.7428,0.952,0.952,0.9915,0.2191,0.2191,9.9707,0.2392,0.0,0.0,0.0,0.0,0.0,0.0,118.58,71.63,118.6,71.5,118.6,71.5,14.27,70.08,CUDA,Bicubic Baseline (3x)
1903,IM-0250-0001.jpeg,sub_chest,3,ok,38.0644,10.154,3.1865,0.9213,0.9864,0.3354,9.9734,0.1918,38.0644,38.0644,10.154,3.1865,0.9213,0.9213,0.9864,0.3354,0.3354,9.9734,0.1918,0.0,0.0,0.0,0.0,0.0,0.0,125.91,53.42,125.92,53.25,125.92,53.25,13.16,75.96,CUDA,Bicubic Baseline (3x)
1904,IM-0251-0001.jpeg,sub_chest,3,ok,39.6916,6.9811,2.6422,0.9518,0.9916,0.2704,9.9742,0.2217,39.6916,39.6916,6.9811,2.6422,0.9518,0.9518,0.9916,0.2704,0.2704,9.9742,0.2217,0.0,0.0,0.0,0.0,0.0,0.0,126.46,62.19,126.46,62.07,126.46,62.07,13.5,74.1,CUDA,Bicubic Baseline (3x)
1905,IM-0253-0001.jpeg,sub_chest,3,ok,39.0706,8.0541,2.838,0.9442,0.9903,0.2623,9.9725,0.2129,39.0706,39.0706,8.0541,2.838,0.9442,0.9442,0.9903,0.2623,0.2623,9.9725,0.2129,0.0,0.0,0.0,0.0,0.0,0.0,121.74,68.71,121.75,68.59,121.75,68.59,13.54,73.88,CUDA,Bicubic Baseline (3x)
1906,IM-0255-0001.jpeg,sub_chest,3,ok,38.3153,9.5841,3.0958,0.9384,0.9892,0.2758,9.9648,0.2393,38.3153,38.3153,9.5841,3.0958,0.9384,0.9384,0.9892,0.2758,0.2758,9.9648,0.2393,0.0,0.0,0.0,0.0,0.0,0.0,106.08,66.23,106.09,66.07,106.09,66.07,13.26,75.41,CUDA,Bicubic Baseline (3x)
1907,IM-0256-0001.jpeg,sub_chest,3,ok,37.9017,10.5417,3.2468,0.9339,0.9886,0.2674,9.9655,0.2145,37.9017,37.9017,10.5417,3.2468,0.9339,0.9339,0.9886,0.2674,0.2674,9.9655,0.2145,0.0,0.0,0.0,0.0,0.0,0.0,102.72,67.88,102.73,67.73,102.73,67.73,15.9,62.91,CUDA,Bicubic Baseline (3x)
1908,IM-0257-0001.jpeg,sub_chest,3,ok,39.7947,6.8173,2.611,0.9529,0.9917,0.2515,9.9735,0.2309,39.7947,39.7947,6.8173,2.611,0.9529,0.9529,0.9917,0.2515,0.2515,9.9735,0.2309,0.0,0.0,0.0,0.0,0.0,0.0,115.58,62.87,115.59,62.76,115.59,62.76,13.31,75.14,CUDA,Bicubic Baseline (3x)
1909,IM-0261-0001.jpeg,sub_chest,3,ok,39.236,7.7532,2.7845,0.9452,0.9904,0.2929,9.9737,0.2148,39.236,39.236,7.7532,2.7845,0.9452,0.9452,0.9904,0.2929,0.2929,9.9737,0.2148,0.0,0.0,0.0,0.0,0.0,0.0,133.49,57.51,133.5,57.37,133.5,57.37,13.72,72.9,CUDA,Bicubic Baseline (3x)
1910,IM-0262-0001.jpeg,sub_chest,3,ok,38.8591,8.4562,2.908,0.9375,0.989,0.296,9.9733,0.2153,38.8591,38.8591,8.4562,2.908,0.9375,0.9375,0.989,0.296,0.296,9.9733,0.2153,0.0,0.0,0.0,0.0,0.0,0.0,135.06,56.68,135.07,56.54,135.07,56.54,13.2,75.74,CUDA,Bicubic Baseline (3x)
1911,IM-0264-0001.jpeg,sub_chest,3,ok,39.1971,7.823,2.797,0.9532,0.992,0.2214,9.9673,0.2429,39.1971,39.1971,7.823,2.797,0.9532,0.9532,0.992,0.2214,0.2214,9.9673,0.2429,0.0,0.0,0.0,0.0,0.0,0.0,98.52,74.05,98.53,73.93,98.53,73.93,13.25,75.49,CUDA,Bicubic Baseline (3x)
1912,IM-0265-0001.jpeg,sub_chest,3,ok,38.018,10.2632,3.2036,0.9413,0.9894,0.2525,9.9628,0.2516,38.018,38.018,10.2632,3.2036,0.9413,0.9413,0.9894,0.2525,0.2525,9.9628,0.2516,0.0,0.0,0.0,0.0,0.0,0.0,90.3,64.21,90.31,64.04,90.31,64.04,13.37,74.79,CUDA,Bicubic Baseline (3x)
1913,IM-0266-0001.jpeg,sub_chest,3,ok,38.6125,8.9501,2.9917,0.9429,0.9901,0.2545,9.9642,0.2517,38.6125,38.6125,8.9501,2.9917,0.9429,0.9429,0.9901,0.2545,0.2545,9.9642,0.2517,0.0,0.0,0.0,0.0,0.0,0.0,113.85,68.04,113.86,67.9,113.86,67.9,13.34,74.97,CUDA,Bicubic Baseline (3x)
1914,IM-0268-0001.jpeg,sub_chest,3,ok,39.1775,7.8583,2.8033,0.9408,0.9894,0.2851,9.9754,0.2094,39.1775,39.1775,7.8583,2.8033,0.9408,0.9408,0.9894,0.2851,0.2851,9.9754,0.2094,0.0,0.0,0.0,0.0,0.0,0.0,142.74,59.94,142.75,59.81,142.75,59.81,13.76,72.69,CUDA,Bicubic Baseline (3x)
1915,IM-0269-0001.jpeg,sub_chest,3,ok,40.2933,6.0779,2.4653,0.9618,0.9929,0.2296,9.9753,0.2442,40.2933,40.2933,6.0779,2.4653,0.9618,0.9618,0.9929,0.2296,0.2296,9.9753,0.2442,0.0,0.0,0.0,0.0,0.0,0.0,147.61,56.21,147.62,56.09,147.62,56.09,13.12,76.2,CUDA,Bicubic Baseline (3x)
1916,IM-0270-0001.jpeg,sub_chest,3,ok,37.9698,10.3776,3.2214,0.9199,0.9859,0.3283,9.9718,0.1973,37.9698,37.9698,10.3776,3.2214,0.9199,0.9199,0.9859,0.3283,0.3283,9.9718,0.1973,0.0,0.0,0.0,0.0,0.0,0.0,122.79,55.58,122.79,55.41,122.79,55.41,13.43,74.47,CUDA,Bicubic Baseline (3x)
1917,IM-0272-0001.jpeg,sub_chest,3,ok,38.3766,9.4498,3.074,0.9393,0.9893,0.2835,9.9759,0.1957,38.3766,38.3766,9.4498,3.074,0.9393,0.9393,0.9893,0.2835,0.2835,9.9759,0.1957,0.0,0.0,0.0,0.0,0.0,0.0,130.3,55.98,130.31,55.82,130.31,55.82,13.44,74.38,CUDA,Bicubic Baseline (3x)
1918,IM-0273-0001.jpeg,sub_chest,3,ok,37.5417,11.4527,3.3842,0.9168,0.9854,0.3135,9.9699,0.2031,37.5417,37.5417,11.4527,3.3842,0.9168,0.9168,0.9854,0.3135,0.3135,9.9699,0.2031,0.0,0.0,0.0,0.0,0.0,0.0,113.94,57.61,113.94,57.43,113.94,57.43,13.64,73.29,CUDA,Bicubic Baseline (3x)
1919,IM-0274-0001.jpeg,sub_chest,3,ok,40.0796,6.3844,2.5267,0.9528,0.9918,0.2806,9.9765,0.2158,40.0796,40.0796,6.3844,2.5267,0.9528,0.9528,0.9918,0.2806,0.2806,9.9765,0.2158,0.0,0.0,0.0,0.0,0.0,0.0,133.99,55.39,134.0,55.27,134.0,55.27,13.2,75.77,CUDA,Bicubic Baseline (3x)
1920,IM-0275-0001.jpeg,sub_chest,3,ok,39.5508,7.211,2.6853,0.9554,0.992,0.228,9.9709,0.2426,39.5508,39.5508,7.211,2.6853,0.9554,0.9554,0.992,0.228,0.228,9.9709,0.2426,0.0,0.0,0.0,0.0,0.0,0.0,105.89,64.84,105.9,64.71,105.9,64.71,13.44,74.4,CUDA,Bicubic Baseline (3x)
1921,IM-0276-0001.jpeg,sub_chest,3,ok,39.2572,7.7155,2.7777,0.9461,0.9906,0.2745,9.9724,0.2176,39.2572,39.2572,7.7155,2.7777,0.9461,0.9461,0.9906,0.2745,0.2745,9.9724,0.2176,0.0,0.0,0.0,0.0,0.0,0.0,139.42,61.04,139.43,60.9,139.43,60.9,15.03,66.52,CUDA,Bicubic Baseline (3x)
1922,IM-0277-0001.jpeg,sub_chest,3,ok,39.6045,7.1225,2.6688,0.9486,0.991,0.2832,9.9766,0.2071,39.6045,39.6045,7.1225,2.6688,0.9486,0.9486,0.991,0.2832,0.2832,9.9766,0.2071,0.0,0.0,0.0,0.0,0.0,0.0,128.9,60.75,128.91,60.63,128.91,60.63,13.57,73.69,CUDA,Bicubic Baseline (3x)
1923,IM-0278-0001.jpeg,sub_chest,3,ok,38.992,8.2013,2.8638,0.9455,0.9903,0.2556,9.9718,0.2225,38.992,38.992,8.2013,2.8638,0.9455,0.9455,0.9903,0.2556,0.2556,9.9718,0.2225,0.0,0.0,0.0,0.0,0.0,0.0,130.03,60.33,130.04,60.17,130.04,60.17,13.46,74.29,CUDA,Bicubic Baseline (3x)
1924,IM-0279-0001.jpeg,sub_chest,3,ok,37.9807,10.3517,3.2174,0.938,0.9892,0.2703,9.9621,0.2573,37.9807,37.9807,10.3517,3.2174,0.938,0.938,0.9892,0.2703,0.2703,9.9621,0.2573,0.0,0.0,0.0,0.0,0.0,0.0,115.97,71.02,115.99,70.86,115.99,70.86,13.13,76.14,CUDA,Bicubic Baseline (3x)
1925,IM-0280-0001.jpeg,sub_chest,3,ok,39.6045,7.1224,2.6688,0.9509,0.9914,0.2472,9.9717,0.2336,39.6045,39.6045,7.1224,2.6688,0.9509,0.9509,0.9914,0.2472,0.2472,9.9717,0.2336,0.0,0.0,0.0,0.0,0.0,0.0,102.67,64.92,102.69,64.8,102.69,64.8,13.35,74.93,CUDA,Bicubic Baseline (3x)
1926,IM-0282-0001.jpeg,sub_chest,3,ok,39.4442,7.3903,2.7185,0.9434,0.99,0.2701,9.974,0.2168,39.4442,39.4442,7.3903,2.7185,0.9434,0.9434,0.99,0.2701,0.2701,9.974,0.2168,0.0,0.0,0.0,0.0,0.0,0.0,115.73,59.18,115.74,59.05,115.74,59.05,13.43,74.46,CUDA,Bicubic Baseline (3x)
1927,IM-0283-0001.jpeg,sub_chest,3,ok,39.5482,7.2154,2.6861,0.9524,0.9914,0.2519,9.9739,0.2296,39.5482,39.5482,7.2154,2.6861,0.9524,0.9524,0.9914,0.2519,0.2519,9.9739,0.2296,0.0,0.0,0.0,0.0,0.0,0.0,110.12,57.51,110.12,57.38,110.12,57.38,13.23,75.59,CUDA,Bicubic Baseline (3x)
1928,IM-0285-0001.jpeg,sub_chest,3,ok,37.5021,11.5576,3.3996,0.9163,0.9851,0.3048,9.9694,0.2047,37.5021,37.5021,11.5576,3.3996,0.9163,0.9163,0.9851,0.3048,0.3048,9.9694,0.2047,0.0,0.0,0.0,0.0,0.0,0.0,126.8,60.83,126.8,60.66,126.8,60.66,13.06,76.57,CUDA,Bicubic Baseline (3x)
1929,IM-0286-0001.jpeg,sub_chest,3,ok,39.7967,6.8141,2.6104,0.953,0.9918,0.2495,9.9756,0.2262,39.7967,39.7967,6.8141,2.6104,0.953,0.953,0.9918,0.2495,0.2495,9.9756,0.2262,0.0,0.0,0.0,0.0,0.0,0.0,126.1,63.27,126.11,63.17,126.11,63.17,13.7,72.97,CUDA,Bicubic Baseline (3x)
1930,IM-0288-0001.jpeg,sub_chest,3,ok,38.0194,10.2599,3.2031,0.9259,0.987,0.3187,9.9726,0.203,38.0194,38.0194,10.2599,3.2031,0.9259,0.9259,0.987,0.3187,0.3187,9.9726,0.203,0.0,0.0,0.0,0.0,0.0,0.0,127.71,56.42,127.72,56.25,127.72,56.25,13.49,74.14,CUDA,Bicubic Baseline (3x)
1931,IM-0289-0001.jpeg,sub_chest,3,ok,38.9537,8.2739,2.8764,0.9428,0.9898,0.2551,9.9705,0.2439,38.9537,38.9537,8.2739,2.8764,0.9428,0.9428,0.9898,0.2551,0.2551,9.9705,0.2439,0.0,0.0,0.0,0.0,0.0,0.0,115.87,62.88,115.88,62.75,115.88,62.75,18.69,53.5,CUDA,Bicubic Baseline (3x)
1932,IM-0290-0001.jpeg,sub_chest,3,ok,38.6223,8.93,2.9883,0.9438,0.9901,0.2324,9.9625,0.265,38.6223,38.6223,8.93,2.9883,0.9438,0.9438,0.9901,0.2324,0.2324,9.9625,0.265,0.0,0.0,0.0,0.0,0.0,0.0,91.91,67.51,91.92,67.36,91.92,67.36,13.43,74.46,CUDA,Bicubic Baseline (3x)
1933,IM-0291-0001.jpeg,sub_chest,3,ok,38.0842,10.1078,3.1793,0.9314,0.988,0.2759,9.9683,0.2152,38.0842,38.0842,10.1078,3.1793,0.9314,0.9314,0.988,0.2759,0.2759,9.9683,0.2152,0.0,0.0,0.0,0.0,0.0,0.0,106.8,69.13,106.81,68.99,106.81,68.99,16.02,62.42,CUDA,Bicubic Baseline (3x)
1934,IM-0292-0001.jpeg,sub_chest,3,ok,39.6128,7.1089,2.6663,0.9527,0.9915,0.2452,9.9726,0.2367,39.6128,39.6128,7.1089,2.6663,0.9527,0.9527,0.9915,0.2452,0.2452,9.9726,0.2367,0.0,0.0,0.0,0.0,0.0,0.0,120.67,61.61,120.68,61.49,120.68,61.49,13.21,75.67,CUDA,Bicubic Baseline (3x)
1935,IM-0293-0001.jpeg,sub_chest,3,ok,38.8168,8.5388,2.9221,0.9381,0.9892,0.3041,9.9718,0.2121,38.8168,38.8168,8.5388,2.9221,0.9381,0.9381,0.9892,0.3041,0.3041,9.9718,0.2121,0.0,0.0,0.0,0.0,0.0,0.0,114.97,55.59,114.98,55.44,114.98,55.44,13.52,73.96,CUDA,Bicubic Baseline (3x)
1936,IM-0294-0001.jpeg,sub_chest,3,ok,39.2808,7.6737,2.7701,0.9468,0.9906,0.2667,9.9726,0.2257,39.2808,39.2808,7.6737,2.7701,0.9468,0.9468,0.9906,0.2667,0.2667,9.9726,0.2257,0.0,0.0,0.0,0.0,0.0,0.0,134.73,63.8,134.74,63.67,134.74,63.67,13.26,75.4,CUDA,Bicubic Baseline (3x)
1937,IM-0295-0001.jpeg,sub_chest,3,ok,38.9756,8.2322,2.8692,0.9405,0.9895,0.2601,9.9727,0.2139,38.9756,38.9756,8.2322,2.8692,0.9405,0.9405,0.9895,0.2601,0.2601,9.9727,0.2139,0.0,0.0,0.0,0.0,0.0,0.0,108.14,59.57,108.15,59.44,108.15,59.44,13.05,76.61,CUDA,Bicubic Baseline (3x)
1938,IM-0297-0001.jpeg,sub_chest,3,ok,39.3303,7.5867,2.7544,0.9467,0.9908,0.2953,9.9759,0.2002,39.3303,39.3303,7.5867,2.7544,0.9467,0.9467,0.9908,0.2953,0.2953,9.9759,0.2002,0.0,0.0,0.0,0.0,0.0,0.0,143.14,61.03,143.16,60.9,143.16,60.9,13.58,73.65,CUDA,Bicubic Baseline (3x)
1939,IM-0298-0001.jpeg,sub_chest,3,ok,39.1299,7.945,2.8187,0.939,0.9895,0.2948,9.9761,0.1921,39.1299,39.1299,7.945,2.8187,0.939,0.939,0.9895,0.2948,0.2948,9.9761,0.1921,0.0,0.0,0.0,0.0,0.0,0.0,138.51,56.1,138.52,55.97,138.52,55.97,13.04,76.67,CUDA,Bicubic Baseline (3x)
1940,IM-0299-0001.jpeg,sub_chest,3,ok,38.7601,8.6511,2.9413,0.9338,0.9885,0.3009,9.9729,0.2199,38.7601,38.7601,8.6511,2.9413,0.9338,0.9338,0.9885,0.3009,0.3009,9.9729,0.2199,0.0,0.0,0.0,0.0,0.0,0.0,132.5,57.87,132.5,57.73,132.5,57.73,13.29,75.25,CUDA,Bicubic Baseline (3x)
1941,IM-0300-0001.jpeg,sub_chest,3,ok,38.6087,8.958,2.993,0.9492,0.9909,0.2337,9.9652,0.2526,38.6087,38.6087,8.958,2.993,0.9492,0.9492,0.9909,0.2337,0.2337,9.9652,0.2526,0.0,0.0,0.0,0.0,0.0,0.0,100.8,69.35,100.81,69.2,100.81,69.2,16.0,62.49,CUDA,Bicubic Baseline (3x)
1942,IM-0301-0001.jpeg,sub_chest,3,ok,38.6486,8.8761,2.9793,0.9409,0.9897,0.2717,9.9675,0.245,38.6486,38.6486,8.8761,2.9793,0.9409,0.9409,0.9897,0.2717,0.2717,9.9675,0.245,0.0,0.0,0.0,0.0,0.0,0.0,102.49,60.92,102.5,60.77,102.5,60.77,13.64,73.29,CUDA,Bicubic Baseline (3x)
1943,IM-0302-0001.jpeg,sub_chest,3,ok,39.0217,8.1454,2.854,0.9384,0.9892,0.3042,9.974,0.2088,39.0217,39.0217,8.1454,2.854,0.9384,0.9384,0.9892,0.3042,0.3042,9.974,0.2088,0.0,0.0,0.0,0.0,0.0,0.0,142.37,55.79,142.38,55.65,142.38,55.65,17.08,58.56,CUDA,Bicubic Baseline (3x)
1944,IM-0303-0001.jpeg,sub_chest,3,ok,37.5704,11.3774,3.373,0.9309,0.9882,0.2705,9.9595,0.2366,37.5704,37.5704,11.3774,3.373,0.9309,0.9309,0.9882,0.2705,0.2705,9.9595,0.2366,0.0,0.0,0.0,0.0,0.0,0.0,99.21,71.24,99.22,71.07,99.22,71.07,13.18,75.85,CUDA,Bicubic Baseline (3x)
1945,IM-0304-0001.jpeg,sub_chest,3,ok,37.312,12.0747,3.4749,0.9145,0.9851,0.305,9.9665,0.2027,37.312,37.312,12.0747,3.4749,0.9145,0.9145,0.9851,0.305,0.305,9.9665,0.2027,0.0,0.0,0.0,0.0,0.0,0.0,99.39,61.64,99.39,61.46,99.39,61.46,13.29,75.26,CUDA,Bicubic Baseline (3x)
1946,IM-0305-0001.jpeg,sub_chest,3,ok,38.2643,9.6973,3.1141,0.9271,0.9875,0.3368,9.9721,0.1965,38.2643,38.2643,9.6973,3.1141,0.9271,0.9271,0.9875,0.3368,0.3368,9.9721,0.1965,0.0,0.0,0.0,0.0,0.0,0.0,120.83,57.61,120.84,57.46,120.84,57.46,13.11,76.3,CUDA,Bicubic Baseline (3x)
1947,IM-0306-0001.jpeg,sub_chest,3,ok,38.3024,9.6125,3.1004,0.9215,0.9866,0.3396,9.9753,0.1808,38.3024,38.3024,9.6125,3.1004,0.9215,0.9215,0.9866,0.3396,0.3396,9.9753,0.1808,0.0,0.0,0.0,0.0,0.0,0.0,129.29,52.23,129.29,52.07,129.29,52.07,13.63,73.35,CUDA,Bicubic Baseline (3x)
1948,IM-0307-0001.jpeg,sub_chest,3,ok,39.2621,7.7067,2.7761,0.9413,0.9899,0.2988,9.9736,0.2154,39.2621,39.2621,7.7067,2.7761,0.9413,0.9413,0.9899,0.2988,0.2988,9.9736,0.2154,0.0,0.0,0.0,0.0,0.0,0.0,126.61,62.07,126.61,61.94,126.61,61.94,13.08,76.45,CUDA,Bicubic Baseline (3x)
1949,IM-0308-0001.jpeg,sub_chest,3,ok,38.227,9.7809,3.1274,0.9328,0.9884,0.3187,9.9681,0.2249,38.227,38.227,9.7809,3.1274,0.9328,0.9328,0.9884,0.3187,0.3187,9.9681,0.2249,0.0,0.0,0.0,0.0,0.0,0.0,126.68,61.06,126.69,60.89,126.69,60.89,13.16,76.0,CUDA,Bicubic Baseline (3x)
1950,IM-0309-0001.jpeg,sub_chest,3,ok,37.8791,10.5968,3.2553,0.93,0.9878,0.2673,9.9632,0.2317,37.8791,37.8791,10.5968,3.2553,0.93,0.93,0.9878,0.2673,0.2673,9.9632,0.2317,0.0,0.0,0.0,0.0,0.0,0.0,119.78,60.48,119.79,60.3,119.79,60.3,13.18,75.89,CUDA,Bicubic Baseline (3x)
1951,IM-0311-0001.jpeg,sub_chest,3,ok,37.9435,10.4408,3.2312,0.9196,0.9857,0.3031,9.9712,0.2081,37.9435,37.9435,10.4408,3.2312,0.9196,0.9196,0.9857,0.3031,0.3031,9.9712,0.2081,0.0,0.0,0.0,0.0,0.0,0.0,118.46,64.87,118.46,64.73,118.46,64.73,13.41,74.58,CUDA,Bicubic Baseline (3x)
1952,IM-0312-0001.jpeg,sub_chest,3,ok,37.8006,10.7899,3.2848,0.9253,0.9871,0.2947,9.9695,0.1913,37.8006,37.8006,10.7899,3.2848,0.9253,0.9253,0.9871,0.2947,0.2947,9.9695,0.1913,0.0,0.0,0.0,0.0,0.0,0.0,112.8,62.79,112.81,62.62,112.81,62.62,13.41,74.54,CUDA,Bicubic Baseline (3x)
1953,IM-0313-0001.jpeg,sub_chest,3,ok,38.2571,9.7133,3.1166,0.9323,0.9883,0.3138,9.9667,0.2299,38.2571,38.2571,9.7133,3.1166,0.9323,0.9323,0.9883,0.3138,0.3138,9.9667,0.2299,0.0,0.0,0.0,0.0,0.0,0.0,108.08,55.39,108.09,55.22,108.09,55.22,13.1,76.33,CUDA,Bicubic Baseline (3x)
1954,IM-0314-0001.jpeg,sub_chest,3,ok,36.0923,15.99,3.9987,0.8763,0.9775,0.3367,9.973,0.1771,36.0923,36.0923,15.99,3.9987,0.8763,0.8763,0.9775,0.3367,0.3367,9.973,0.1771,0.0,0.0,0.0,0.0,0.0,0.0,131.67,58.29,131.68,58.07,131.68,58.07,13.39,74.67,CUDA,Bicubic Baseline (3x)
1955,IM-0315-0001.jpeg,sub_chest,3,ok,37.313,12.072,3.4745,0.8971,0.9825,0.3663,9.9754,0.1689,37.313,37.313,12.072,3.4745,0.8971,0.8971,0.9825,0.3663,0.3663,9.9754,0.1689,0.0,0.0,0.0,0.0,0.0,0.0,138.07,48.96,138.07,48.76,138.07,48.76,13.22,75.62,CUDA,Bicubic Baseline (3x)
1956,IM-0316-0001.jpeg,sub_chest,3,ok,38.1812,9.8846,3.144,0.9239,0.9868,0.329,9.9718,0.1931,38.1812,38.1812,9.8846,3.144,0.9239,0.9239,0.9868,0.329,0.329,9.9718,0.1931,0.0,0.0,0.0,0.0,0.0,0.0,120.23,51.64,120.24,51.45,120.24,51.45,21.87,45.71,CUDA,Bicubic Baseline (3x)
1957,IM-0317-0001.jpeg,sub_chest,3,ok,37.9125,10.5155,3.2428,0.9333,0.9882,0.2507,9.9628,0.2506,37.9125,37.9125,10.5155,3.2428,0.9333,0.9333,0.9882,0.2507,0.2507,9.9628,0.2506,0.0,0.0,0.0,0.0,0.0,0.0,116.18,67.05,116.19,66.89,116.19,66.89,16.75,59.69,CUDA,Bicubic Baseline (3x)
1958,IM-0318-0001.jpeg,sub_chest,3,ok,37.994,10.3201,3.2125,0.9258,0.9873,0.3257,9.9675,0.2096,37.994,37.994,10.3201,3.2125,0.9258,0.9258,0.9873,0.3257,0.3257,9.9675,0.2096,0.0,0.0,0.0,0.0,0.0,0.0,129.6,60.46,129.61,60.28,129.61,60.28,13.13,76.16,CUDA,Bicubic Baseline (3x)
1959,IM-0319-0001.jpeg,sub_chest,3,ok,38.3384,9.5332,3.0876,0.9294,0.9878,0.3354,9.9747,0.1907,38.3384,38.3384,9.5332,3.0876,0.9294,0.9294,0.9878,0.3354,0.3354,9.9747,0.1907,0.0,0.0,0.0,0.0,0.0,0.0,124.58,51.0,124.59,50.83,124.59,50.83,13.19,75.8,CUDA,Bicubic Baseline (3x)
1960,IM-0320-0001.jpeg,sub_chest,3,ok,37.8625,10.6373,3.2615,0.9279,0.9876,0.3107,9.9643,0.228,37.8625,37.8625,10.6373,3.2615,0.9279,0.9279,0.9876,0.3107,0.3107,9.9643,0.228,0.0,0.0,0.0,0.0,0.0,0.0,112.59,62.84,112.6,62.67,112.6,62.67,13.22,75.64,CUDA,Bicubic Baseline (3x)
1961,IM-0323-0001.jpeg,sub_chest,3,ok,38.4484,9.2947,3.0487,0.932,0.9885,0.3179,9.9687,0.2185,38.4484,38.4484,9.2947,3.0487,0.932,0.932,0.9885,0.3179,0.3179,9.9687,0.2185,0.0,0.0,0.0,0.0,0.0,0.0,131.79,55.52,131.8,55.35,131.8,55.35,13.41,74.56,CUDA,Bicubic Baseline (3x)
1962,IM-0324-0001.jpeg,sub_chest,3,ok,39.2673,7.6974,2.7744,0.9373,0.9887,0.2872,9.9782,0.1846,39.2673,39.2673,7.6974,2.7744,0.9373,0.9373,0.9887,0.2872,0.2872,9.9782,0.1846,0.0,0.0,0.0,0.0,0.0,0.0,117.49,57.08,117.5,56.95,117.5,56.95,13.67,73.16,CUDA,Bicubic Baseline (3x)
1963,IM-0325-0001.jpeg,sub_chest,3,ok,38.1975,9.8475,3.1381,0.9312,0.9881,0.3046,9.9707,0.2016,38.1975,38.1975,9.8475,3.1381,0.9312,0.9312,0.9881,0.3046,0.3046,9.9707,0.2016,0.0,0.0,0.0,0.0,0.0,0.0,118.89,65.31,118.9,65.15,118.9,65.15,13.28,75.31,CUDA,Bicubic Baseline (3x)
1964,IM-0326-0001.jpeg,sub_chest,3,ok,36.6931,13.9241,3.7315,0.9089,0.9845,0.3598,9.9615,0.2156,36.6931,36.6931,13.9241,3.7315,0.9089,0.9089,0.9845,0.3598,0.3598,9.9615,0.2156,0.0,0.0,0.0,0.0,0.0,0.0,119.51,53.34,119.53,53.07,119.53,53.07,13.53,73.92,CUDA,Bicubic Baseline (3x)
1965,IM-0327-0001.jpeg,sub_chest,3,ok,37.9916,10.3256,3.2133,0.9266,0.9873,0.306,9.9667,0.223,37.9916,37.9916,10.3256,3.2133,0.9266,0.9266,0.9873,0.306,0.306,9.9667,0.223,0.0,0.0,0.0,0.0,0.0,0.0,127.42,55.91,127.43,55.72,127.43,55.72,13.49,74.11,CUDA,Bicubic Baseline (3x)
1966,IM-0329-0001.jpeg,sub_chest,3,ok,36.9412,13.1511,3.6264,0.9035,0.9832,0.3437,9.9742,0.1757,36.9412,36.9412,13.1511,3.6264,0.9035,0.9035,0.9832,0.3437,0.3437,9.9742,0.1757,0.0,0.0,0.0,0.0,0.0,0.0,127.16,47.84,127.17,47.62,127.17,47.62,13.29,75.23,CUDA,Bicubic Baseline (3x)
1967,IM-0330-0001.jpeg,sub_chest,3,ok,38.2814,9.6591,3.1079,0.93,0.9878,0.3065,9.9717,0.2104,38.2814,38.2814,9.6591,3.1079,0.93,0.93,0.9878,0.3065,0.3065,9.9717,0.2104,0.0,0.0,0.0,0.0,0.0,0.0,129.04,60.77,129.05,60.61,129.05,60.61,13.47,74.26,CUDA,Bicubic Baseline (3x)
1968,IM-0331-0001.jpeg,sub_chest,3,ok,38.2086,9.8224,3.1341,0.9326,0.9883,0.3013,9.9683,0.2252,38.2086,38.2086,9.8224,3.1341,0.9326,0.9326,0.9883,0.3013,0.3013,9.9683,0.2252,0.0,0.0,0.0,0.0,0.0,0.0,130.79,72.49,130.8,72.35,130.8,72.35,13.55,73.78,CUDA,Bicubic Baseline (3x)
1969,IM-0332-0001.jpeg,sub_chest,3,ok,37.6479,11.1762,3.3431,0.9227,0.9868,0.3248,9.9679,0.2102,37.6479,37.6479,11.1762,3.3431,0.9227,0.9227,0.9868,0.3248,0.3248,9.9679,0.2102,0.0,0.0,0.0,0.0,0.0,0.0,128.5,55.52,128.51,55.33,128.51,55.33,13.8,72.47,CUDA,Bicubic Baseline (3x)
1970,IM-0333-0001.jpeg,sub_chest,3,ok,40.2707,6.1096,2.4718,0.9548,0.9917,0.3071,9.9809,0.1945,40.2707,40.2707,6.1096,2.4718,0.9548,0.9548,0.9917,0.3071,0.3071,9.9809,0.1945,0.0,0.0,0.0,0.0,0.0,0.0,117.2,52.63,117.22,52.52,117.22,52.52,14.9,67.1,CUDA,Bicubic Baseline (3x)
1971,IM-0335-0001.jpeg,sub_chest,3,ok,38.2654,9.6948,3.1137,0.9449,0.9902,0.2106,9.963,0.2512,38.2654,38.2654,9.6948,3.1137,0.9449,0.9449,0.9902,0.2106,0.2106,9.963,0.2512,0.0,0.0,0.0,0.0,0.0,0.0,99.29,74.4,99.3,74.26,99.3,74.26,14.35,69.68,CUDA,Bicubic Baseline (3x)
1972,IM-0337-0001.jpeg,sub_chest,3,ok,38.982,8.2202,2.8671,0.9362,0.989,0.3157,9.9752,0.1958,38.982,38.982,8.2202,2.8671,0.9362,0.9362,0.989,0.3157,0.3157,9.9752,0.1958,0.0,0.0,0.0,0.0,0.0,0.0,127.94,60.26,127.95,60.13,127.95,60.13,13.59,73.6,CUDA,Bicubic Baseline (3x)
1973,IM-0338-0001.jpeg,sub_chest,3,ok,38.7287,8.7139,2.9519,0.9422,0.9902,0.2803,9.9682,0.2221,38.7287,38.7287,8.7139,2.9519,0.9422,0.9422,0.9902,0.2803,0.2803,9.9682,0.2221,0.0,0.0,0.0,0.0,0.0,0.0,102.43,61.53,102.44,61.38,102.44,61.38,13.51,74.03,CUDA,Bicubic Baseline (3x)
1974,IM-0339-0001.jpeg,sub_chest,3,ok,38.7071,8.7572,2.9593,0.9429,0.9901,0.2654,9.9686,0.2302,38.7071,38.7071,8.7572,2.9593,0.9429,0.9429,0.9901,0.2654,0.2654,9.9686,0.2302,0.0,0.0,0.0,0.0,0.0,0.0,128.16,58.68,128.17,58.51,128.17,58.51,13.27,75.38,CUDA,Bicubic Baseline (3x)
1975,IM-0340-0001.jpeg,sub_chest,3,ok,37.6507,11.1689,3.342,0.9333,0.9887,0.2751,9.9639,0.2267,37.6507,37.6507,11.1689,3.342,0.9333,0.9333,0.9887,0.2751,0.2751,9.9639,0.2267,0.0,0.0,0.0,0.0,0.0,0.0,118.97,68.11,118.98,67.95,118.98,67.95,15.48,64.58,CUDA,Bicubic Baseline (3x)
1976,IM-0341-0001.jpeg,sub_chest,3,ok,38.0119,10.2776,3.2059,0.9261,0.9873,0.309,9.9702,0.2006,38.0119,38.0119,10.2776,3.2059,0.9261,0.9261,0.9873,0.309,0.309,9.9702,0.2006,0.0,0.0,0.0,0.0,0.0,0.0,123.1,58.23,123.11,58.07,123.11,58.07,17.42,57.41,CUDA,Bicubic Baseline (3x)
1977,IM-0343-0001.jpeg,sub_chest,3,ok,39.0505,8.0915,2.8446,0.9361,0.9888,0.306,9.975,0.2054,39.0505,39.0505,8.0915,2.8446,0.9361,0.9361,0.9888,0.306,0.306,9.975,0.2054,0.0,0.0,0.0,0.0,0.0,0.0,118.17,56.53,118.18,56.39,118.18,56.39,13.17,75.94,CUDA,Bicubic Baseline (3x)
1978,IM-0345-0001.jpeg,sub_chest,3,ok,38.522,9.1387,3.023,0.928,0.9874,0.3124,9.9739,0.2022,38.522,38.522,9.1387,3.023,0.928,0.928,0.9874,0.3124,0.3124,9.9739,0.2022,0.0,0.0,0.0,0.0,0.0,0.0,134.59,52.9,134.6,52.73,134.6,52.73,13.12,76.23,CUDA,Bicubic Baseline (3x)
1979,IM-0346-0001.jpeg,sub_chest,3,ok,37.9971,10.3126,3.2113,0.9346,0.989,0.2983,9.9665,0.2232,37.9971,37.9971,10.3126,3.2113,0.9346,0.9346,0.989,0.2983,0.2983,9.9665,0.2232,0.0,0.0,0.0,0.0,0.0,0.0,114.93,62.92,114.95,62.75,114.95,62.75,13.13,76.16,CUDA,Bicubic Baseline (3x)
1980,IM-0347-0001.jpeg,sub_chest,3,ok,38.4863,9.2141,3.0355,0.9367,0.989,0.2881,9.9707,0.1954,38.4863,38.4863,9.2141,3.0355,0.9367,0.9367,0.989,0.2881,0.2881,9.9707,0.1954,0.0,0.0,0.0,0.0,0.0,0.0,103.36,59.26,103.37,59.1,103.37,59.1,13.84,72.25,CUDA,Bicubic Baseline (3x)
1981,IM-0348-0001.jpeg,sub_chest,3,ok,36.7908,13.6145,3.6898,0.8982,0.9824,0.3425,9.9672,0.1931,36.7908,36.7908,13.6145,3.6898,0.8982,0.8982,0.9824,0.3425,0.3425,9.9672,0.1931,0.0,0.0,0.0,0.0,0.0,0.0,133.21,58.71,133.22,58.51,133.22,58.51,14.77,67.72,CUDA,Bicubic Baseline (3x)
1982,IM-0349-0001.jpeg,sub_chest,3,ok,37.9115,10.5178,3.2431,0.9245,0.987,0.3088,9.9671,0.2211,37.9115,37.9115,10.5178,3.2431,0.9245,0.9245,0.987,0.3088,0.3088,9.9671,0.2211,0.0,0.0,0.0,0.0,0.0,0.0,125.11,66.78,125.11,66.63,125.11,66.63,13.22,75.63,CUDA,Bicubic Baseline (3x)
1983,IM-0350-0001.jpeg,sub_chest,3,ok,37.4182,11.7831,3.4327,0.9304,0.9879,0.2835,9.959,0.2473,37.4182,37.4182,11.7831,3.4327,0.9304,0.9304,0.9879,0.2835,0.2835,9.959,0.2473,0.0,0.0,0.0,0.0,0.0,0.0,119.98,77.05,119.99,76.88,119.99,76.88,13.31,75.14,CUDA,Bicubic Baseline (3x)
1984,IM-0351-0001.jpeg,sub_chest,3,ok,37.9184,10.5013,3.2406,0.9286,0.9878,0.3037,9.9649,0.2275,37.9184,37.9184,10.5013,3.2406,0.9286,0.9286,0.9878,0.3037,0.3037,9.9649,0.2275,0.0,0.0,0.0,0.0,0.0,0.0,121.4,62.03,121.41,61.85,121.41,61.85,14.93,66.96,CUDA,Bicubic Baseline (3x)
1985,IM-0353-0001.jpeg,sub_chest,3,ok,38.3615,9.4827,3.0794,0.9336,0.9884,0.2987,9.9713,0.1991,38.3615,38.3615,9.4827,3.0794,0.9336,0.9336,0.9884,0.2987,0.2987,9.9713,0.1991,0.0,0.0,0.0,0.0,0.0,0.0,111.28,60.84,111.3,60.68,111.3,60.68,15.04,66.51,CUDA,Bicubic Baseline (3x)
1986,IM-0354-0001.jpeg,sub_chest,3,ok,37.5117,11.5322,3.3959,0.9246,0.9869,0.2796,9.9671,0.1997,37.5117,37.5117,11.5322,3.3959,0.9246,0.9246,0.9869,0.2796,0.2796,9.9671,0.1997,0.0,0.0,0.0,0.0,0.0,0.0,112.95,72.79,112.96,72.64,112.96,72.64,13.18,75.87,CUDA,Bicubic Baseline (3x)
1987,IM-0355-0001.jpeg,sub_chest,3,ok,39.1697,7.8725,2.8058,0.9386,0.9894,0.3154,9.9768,0.1881,39.1697,39.1697,7.8725,2.8058,0.9386,0.9386,0.9894,0.3154,0.3154,9.9768,0.1881,0.0,0.0,0.0,0.0,0.0,0.0,122.89,54.35,122.89,54.21,122.89,54.21,13.34,74.98,CUDA,Bicubic Baseline (3x)
1988,IM-0356-0001.jpeg,sub_chest,3,ok,38.499,9.1871,3.031,0.9318,0.988,0.3132,9.9735,0.2003,38.499,38.499,9.1871,3.031,0.9318,0.9318,0.988,0.3132,0.3132,9.9735,0.2003,0.0,0.0,0.0,0.0,0.0,0.0,103.83,51.04,103.84,50.88,103.84,50.88,13.17,75.93,CUDA,Bicubic Baseline (3x)
1989,IM-0357-0001.jpeg,sub_chest,3,ok,37.4521,11.6916,3.4193,0.9317,0.9878,0.2496,9.9569,0.2677,37.4521,37.4521,11.6916,3.4193,0.9317,0.9317,0.9878,0.2496,0.2496,9.9569,0.2677,0.0,0.0,0.0,0.0,0.0,0.0,121.96,62.21,121.97,62.0,121.97,62.0,13.14,76.11,CUDA,Bicubic Baseline (3x)
1990,IM-0358-0001.jpeg,sub_chest,3,ok,38.3363,9.5378,3.0883,0.9379,0.9894,0.3004,9.9666,0.23,38.3363,38.3363,9.5378,3.0883,0.9379,0.9379,0.9894,0.3004,0.3004,9.9666,0.23,0.0,0.0,0.0,0.0,0.0,0.0,109.87,58.86,109.87,58.68,109.87,58.68,13.25,75.5,CUDA,Bicubic Baseline (3x)
1991,IM-0359-0001.jpeg,sub_chest,3,ok,38.6101,8.9552,2.9925,0.9358,0.9889,0.2996,9.9726,0.2048,38.6101,38.6101,8.9552,2.9925,0.9358,0.9358,0.9889,0.2996,0.2996,9.9726,0.2048,0.0,0.0,0.0,0.0,0.0,0.0,118.15,64.28,118.16,64.14,118.16,64.14,13.36,74.84,CUDA,Bicubic Baseline (3x)
1992,IM-0361-0001.jpeg,sub_chest,3,ok,38.4451,9.3018,3.0499,0.9315,0.9881,0.3017,9.9723,0.2025,38.4451,38.4451,9.3018,3.0499,0.9315,0.9315,0.9881,0.3017,0.3017,9.9723,0.2025,0.0,0.0,0.0,0.0,0.0,0.0,121.35,65.68,121.36,65.54,121.36,65.54,13.08,76.45,CUDA,Bicubic Baseline (3x)
1993,IM-0362-0001.jpeg,sub_chest,3,ok,37.6431,11.1885,3.3449,0.9252,0.9872,0.3133,9.965,0.214,37.6431,37.6431,11.1885,3.3449,0.9252,0.9252,0.9872,0.3133,0.3133,9.965,0.214,0.0,0.0,0.0,0.0,0.0,0.0,125.46,61.89,125.47,61.7,125.47,61.7,13.15,76.03,CUDA,Bicubic Baseline (3x)
1994,IM-0363-0001.jpeg,sub_chest,3,ok,38.4723,9.2439,3.0404,0.9357,0.989,0.2805,9.9673,0.2243,38.4723,38.4723,9.2439,3.0404,0.9357,0.9357,0.989,0.2805,0.2805,9.9673,0.2243,0.0,0.0,0.0,0.0,0.0,0.0,108.34,65.56,108.35,65.41,108.35,65.41,13.31,75.11,CUDA,Bicubic Baseline (3x)
1995,IM-0364-0001.jpeg,sub_chest,3,ok,37.599,11.3027,3.362,0.9208,0.9863,0.3033,9.966,0.2104,37.599,37.599,11.3027,3.362,0.9208,0.9208,0.9863,0.3033,0.3033,9.966,0.2104,0.0,0.0,0.0,0.0,0.0,0.0,118.46,64.93,118.47,64.76,118.47,64.76,13.12,76.24,CUDA,Bicubic Baseline (3x)
1996,IM-0365-0001.jpeg,sub_chest,3,ok,38.4345,9.3247,3.0536,0.9297,0.9881,0.3257,9.9709,0.202,38.4345,38.4345,9.3247,3.0536,0.9297,0.9297,0.9881,0.3257,0.3257,9.9709,0.202,0.0,0.0,0.0,0.0,0.0,0.0,116.32,59.3,116.33,59.15,116.33,59.15,13.73,72.82,CUDA,Bicubic Baseline (3x)
1997,IM-0367-0001.jpeg,sub_chest,3,ok,38.3503,9.5072,3.0834,0.9308,0.988,0.2822,9.9688,0.2204,38.3503,38.3503,9.5072,3.0834,0.9308,0.9308,0.988,0.2822,0.2822,9.9688,0.2204,0.0,0.0,0.0,0.0,0.0,0.0,121.17,67.95,121.18,67.81,121.18,67.81,13.14,76.13,CUDA,Bicubic Baseline (3x)
1998,IM-0368-0001.jpeg,sub_chest,3,ok,37.7903,10.8156,3.2887,0.9206,0.9864,0.3276,9.9709,0.1959,37.7903,37.7903,10.8156,3.2887,0.9206,0.9206,0.9864,0.3276,0.3276,9.9709,0.1959,0.0,0.0,0.0,0.0,0.0,0.0,122.73,57.8,122.74,57.63,122.74,57.63,13.36,74.84,CUDA,Bicubic Baseline (3x)
1999,IM-0369-0001.jpeg,sub_chest,3,ok,37.9506,10.4236,3.2286,0.9192,0.9866,0.3248,9.9729,0.181,37.9506,37.9506,10.4236,3.2286,0.9192,0.9192,0.9866,0.3248,0.3248,9.9729,0.181,0.0,0.0,0.0,0.0,0.0,0.0,135.09,57.76,135.11,57.59,135.11,57.59,13.56,73.74,CUDA,Bicubic Baseline (3x)
2000,IM-0370-0001.jpeg,sub_chest,3,ok,36.0299,16.2214,4.0276,0.8873,0.9797,0.3369,9.9721,0.1797,36.0299,36.0299,16.2214,4.0276,0.8873,0.8873,0.9797,0.3369,0.3369,9.9721,0.1797,0.0,0.0,0.0,0.0,0.0,0.0,124.97,55.21,124.98,54.98,124.98,54.98,13.86,72.14,CUDA,Bicubic Baseline (3x)
2001,IM-0371-0001.jpeg,sub_chest,3,ok,38.4105,9.3762,3.0621,0.9379,0.9889,0.2613,9.9676,0.2366,38.4105,38.4105,9.3762,3.0621,0.9379,0.9379,0.9889,0.2613,0.2613,9.9676,0.2366,0.0,0.0,0.0,0.0,0.0,0.0,138.96,60.63,138.97,60.46,138.97,60.46,13.49,74.14,CUDA,Bicubic Baseline (3x)
2002,IM-0372-0001.jpeg,sub_chest,3,ok,38.3962,9.4071,3.0671,0.9374,0.9892,0.2783,9.9693,0.2186,38.3962,38.3962,9.4071,3.0671,0.9374,0.9374,0.9892,0.2783,0.2783,9.9693,0.2186,0.0,0.0,0.0,0.0,0.0,0.0,129.62,56.64,129.63,56.48,129.63,56.48,13.81,72.42,CUDA,Bicubic Baseline (3x)
2003,IM-0374-0001.jpeg,sub_chest,3,ok,38.2079,9.8241,3.1343,0.9347,0.9888,0.2986,9.9685,0.2202,38.2079,38.2079,9.8241,3.1343,0.9347,0.9347,0.9888,0.2986,0.2986,9.9685,0.2202,0.0,0.0,0.0,0.0,0.0,0.0,153.83,66.41,153.84,66.25,153.84,66.25,13.37,74.81,CUDA,Bicubic Baseline (3x)
2004,IM-0375-0001.jpeg,sub_chest,3,ok,38.1927,9.8585,3.1398,0.9353,0.9885,0.2661,9.9643,0.242,38.1927,38.1927,9.8585,3.1398,0.9353,0.9353,0.9885,0.2661,0.2661,9.9643,0.242,0.0,0.0,0.0,0.0,0.0,0.0,113.19,59.96,113.2,59.79,113.2,59.79,13.96,71.62,CUDA,Bicubic Baseline (3x)
2005,IM-0377-0001.jpeg,sub_chest,3,ok,37.001,12.9713,3.6016,0.9083,0.9844,0.3417,9.9695,0.1933,37.001,37.001,12.9713,3.6016,0.9083,0.9083,0.9844,0.3417,0.3417,9.9695,0.1933,0.0,0.0,0.0,0.0,0.0,0.0,135.28,59.43,135.29,59.24,135.29,59.24,13.25,75.45,CUDA,Bicubic Baseline (3x)
2006,IM-0379-0001.jpeg,sub_chest,3,ok,39.0377,8.1154,2.8488,0.9423,0.9902,0.294,9.973,0.2122,39.0377,39.0377,8.1154,2.8488,0.9423,0.9423,0.9902,0.294,0.294,9.973,0.2122,0.0,0.0,0.0,0.0,0.0,0.0,115.09,60.16,115.1,60.03,115.1,60.03,13.08,76.46,CUDA,Bicubic Baseline (3x)
2007,IM-0381-0001.jpeg,sub_chest,3,ok,39.0341,8.1222,2.8499,0.9405,0.9898,0.2937,9.9735,0.2119,39.0341,39.0341,8.1222,2.8499,0.9405,0.9405,0.9898,0.2937,0.2937,9.9735,0.2119,0.0,0.0,0.0,0.0,0.0,0.0,119.08,60.26,119.09,60.13,119.09,60.13,15.8,63.29,CUDA,Bicubic Baseline (3x)
2008,IM-0382-0001.jpeg,sub_chest,3,ok,37.2948,12.1226,3.4818,0.9087,0.9843,0.3191,9.9687,0.1986,37.2948,37.2948,12.1226,3.4818,0.9087,0.9087,0.9843,0.3191,0.3191,9.9687,0.1986,0.0,0.0,0.0,0.0,0.0,0.0,106.1,59.43,106.1,59.25,106.1,59.25,14.0,71.43,CUDA,Bicubic Baseline (3x)
2009,IM-0383-0001.jpeg,sub_chest,3,ok,38.7297,8.7119,2.9516,0.9334,0.9885,0.3155,9.9743,0.2022,38.7297,38.7297,8.7119,2.9516,0.9334,0.9334,0.9885,0.3155,0.3155,9.9743,0.2022,0.0,0.0,0.0,0.0,0.0,0.0,128.75,64.63,128.76,64.5,128.76,64.5,13.5,74.07,CUDA,Bicubic Baseline (3x)
2010,IM-0384-0001.jpeg,sub_chest,3,ok,36.6294,14.1299,3.759,0.9135,0.9853,0.3265,9.9583,0.2298,36.6294,36.6294,14.1299,3.759,0.9135,0.9135,0.9853,0.3265,0.3265,9.9583,0.2298,0.0,0.0,0.0,0.0,0.0,0.0,131.39,73.4,131.4,73.2,131.4,73.2,13.34,74.99,CUDA,Bicubic Baseline (3x)
2011,IM-0385-0001.jpeg,sub_chest,3,ok,38.9219,8.3347,2.887,0.9391,0.9895,0.2919,9.9717,0.2245,38.9219,38.9219,8.3347,2.887,0.9391,0.9391,0.9895,0.2919,0.2919,9.9717,0.2245,0.0,0.0,0.0,0.0,0.0,0.0,121.39,63.85,121.4,63.71,121.4,63.71,13.66,73.19,CUDA,Bicubic Baseline (3x)
2012,IM-0386-0001.jpeg,sub_chest,3,ok,38.6975,8.7767,2.9626,0.9367,0.989,0.2896,9.9716,0.2178,38.6975,38.6975,8.7767,2.9626,0.9367,0.9367,0.989,0.2896,0.2896,9.9716,0.2178,0.0,0.0,0.0,0.0,0.0,0.0,117.97,61.07,117.98,60.93,117.98,60.93,13.47,74.26,CUDA,Bicubic Baseline (3x)
2013,IM-0387-0001.jpeg,sub_chest,3,ok,37.6127,11.267,3.3566,0.93,0.9876,0.2583,9.958,0.2645,37.6127,37.6127,11.267,3.3566,0.93,0.93,0.9876,0.2583,0.2583,9.958,0.2645,0.0,0.0,0.0,0.0,0.0,0.0,120.16,63.06,120.17,62.87,120.17,62.87,13.69,73.07,CUDA,Bicubic Baseline (3x)
2014,IM-0388-0001.jpeg,sub_chest,3,ok,39.1324,7.9404,2.8179,0.9447,0.9907,0.2999,9.9714,0.2145,39.1324,39.1324,7.9404,2.8179,0.9447,0.9447,0.9907,0.2999,0.2999,9.9714,0.2145,0.0,0.0,0.0,0.0,0.0,0.0,119.37,57.54,119.39,57.39,119.39,57.39,13.53,73.92,CUDA,Bicubic Baseline (3x)
2015,IM-0389-0001.jpeg,sub_chest,3,ok,38.0102,10.2816,3.2065,0.9288,0.9877,0.2906,9.971,0.1949,38.0102,38.0102,10.2816,3.2065,0.9288,0.9288,0.9877,0.2906,0.2906,9.971,0.1949,0.0,0.0,0.0,0.0,0.0,0.0,130.78,67.16,130.79,67.01,130.79,67.01,15.63,63.98,CUDA,Bicubic Baseline (3x)
2016,IM-0391-0001.jpeg,sub_chest,3,ok,38.1358,9.9884,3.1604,0.9389,0.9895,0.2513,9.9615,0.2408,38.1358,38.1358,9.9884,3.1604,0.9389,0.9389,0.9895,0.2513,0.2513,9.9615,0.2408,0.0,0.0,0.0,0.0,0.0,0.0,120.29,70.74,120.31,70.58,120.31,70.58,13.23,75.58,CUDA,Bicubic Baseline (3x)
2017,IM-0392-0001.jpeg,sub_chest,3,ok,37.3875,11.8666,3.4448,0.9177,0.9859,0.2995,9.9643,0.211,37.3875,37.3875,11.8666,3.4448,0.9177,0.9177,0.9859,0.2995,0.2995,9.9643,0.211,0.0,0.0,0.0,0.0,0.0,0.0,101.98,62.08,101.99,61.89,101.99,61.89,13.26,75.43,CUDA,Bicubic Baseline (3x)
2018,IM-0393-0001.jpeg,sub_chest,3,ok,37.8785,10.5983,3.2555,0.9363,0.9891,0.2378,9.9584,0.2576,37.8785,37.8785,10.5983,3.2555,0.9363,0.9363,0.9891,0.2378,0.2378,9.9584,0.2576,0.0,0.0,0.0,0.0,0.0,0.0,91.65,74.33,91.66,74.17,91.66,74.17,13.54,73.85,CUDA,Bicubic Baseline (3x)
2019,IM-0394-0001.jpeg,sub_chest,3,ok,38.1488,9.9587,3.1557,0.9356,0.9888,0.2951,9.9647,0.2417,38.1488,38.1488,9.9587,3.1557,0.9356,0.9356,0.9888,0.2951,0.2951,9.9647,0.2417,0.0,0.0,0.0,0.0,0.0,0.0,113.52,61.5,113.52,61.32,113.52,61.32,16.45,60.79,CUDA,Bicubic Baseline (3x)
2020,IM-0395-0001.jpeg,sub_chest,3,ok,38.7539,8.6634,2.9434,0.9351,0.9885,0.3025,9.9744,0.2,38.7539,38.7539,8.6634,2.9434,0.9351,0.9351,0.9885,0.3025,0.3025,9.9744,0.2,0.0,0.0,0.0,0.0,0.0,0.0,125.43,57.27,125.44,57.12,125.44,57.12,13.12,76.21,CUDA,Bicubic Baseline (3x)
2021,IM-0399-0001.jpeg,sub_chest,3,ok,37.6159,11.2589,3.3554,0.9107,0.9845,0.3642,9.9723,0.1952,37.6159,37.6159,11.2589,3.3554,0.9107,0.9107,0.9845,0.3642,0.3642,9.9723,0.1952,0.0,0.0,0.0,0.0,0.0,0.0,124.37,52.53,124.38,52.34,124.38,52.34,13.55,73.8,CUDA,Bicubic Baseline (3x)
2022,IM-0400-0001.jpeg,sub_chest,3,ok,36.6234,14.1494,3.7616,0.9031,0.9833,0.3168,9.9628,0.2073,36.6234,36.6234,14.1494,3.7616,0.9031,0.9031,0.9833,0.3168,0.3168,9.9628,0.2073,0.0,0.0,0.0,0.0,0.0,0.0,114.57,64.37,114.58,64.17,114.58,64.17,17.59,56.85,CUDA,Bicubic Baseline (3x)
2023,IM-0401-0001.jpeg,sub_chest,3,ok,38.7968,8.5782,2.9289,0.9452,0.9902,0.2676,9.9662,0.267,38.7968,38.7968,8.5782,2.9289,0.9452,0.9452,0.9902,0.2676,0.2676,9.9662,0.267,0.0,0.0,0.0,0.0,0.0,0.0,135.83,57.01,135.84,56.83,135.84,56.83,13.21,75.68,CUDA,Bicubic Baseline (3x)
2024,IM-0403-0001.jpeg,sub_chest,3,ok,39.5779,7.1662,2.677,0.9559,0.9921,0.2475,9.9715,0.2424,39.5779,39.5779,7.1662,2.677,0.9559,0.9559,0.9921,0.2475,0.2475,9.9715,0.2424,0.0,0.0,0.0,0.0,0.0,0.0,135.99,61.53,135.99,61.41,135.99,61.41,13.29,75.23,CUDA,Bicubic Baseline (3x)
2025,IM-0404-0001.jpeg,sub_chest,3,ok,38.1477,9.9612,3.1561,0.9294,0.9879,0.3234,9.9683,0.2135,38.1477,38.1477,9.9612,3.1561,0.9294,0.9294,0.9879,0.3234,0.3234,9.9683,0.2135,0.0,0.0,0.0,0.0,0.0,0.0,121.53,53.91,121.54,53.72,121.54,53.72,13.23,75.59,CUDA,Bicubic Baseline (3x)
2026,IM-0405-0001.jpeg,sub_chest,3,ok,38.6519,8.8693,2.9781,0.9421,0.9899,0.2556,9.9698,0.2312,38.6519,38.6519,8.8693,2.9781,0.9421,0.9421,0.9899,0.2556,0.2556,9.9698,0.2312,0.0,0.0,0.0,0.0,0.0,0.0,123.36,64.18,123.37,64.03,123.37,64.03,13.16,75.96,CUDA,Bicubic Baseline (3x)
2027,IM-0408-0001.jpeg,sub_chest,3,ok,36.7392,13.7773,3.7118,0.9009,0.9831,0.3579,9.9663,0.2045,36.7392,36.7392,13.7773,3.7118,0.9009,0.9009,0.9831,0.3579,0.3579,9.9663,0.2045,0.0,0.0,0.0,0.0,0.0,0.0,131.6,58.59,131.61,58.37,131.61,58.37,13.17,75.95,CUDA,Bicubic Baseline (3x)
2028,IM-0409-0001.jpeg,sub_chest,3,ok,37.3492,11.9717,3.46,0.8995,0.9817,0.3325,9.9763,0.1799,37.3492,37.3492,11.9717,3.46,0.8995,0.8995,0.9817,0.3325,0.3325,9.9763,0.1799,0.0,0.0,0.0,0.0,0.0,0.0,144.56,47.67,144.57,47.47,144.57,47.47,13.21,75.72,CUDA,Bicubic Baseline (3x)
2029,IM-0410-0001.jpeg,sub_chest,3,ok,38.2653,9.6951,3.1137,0.9337,0.9889,0.3048,9.9677,0.2152,38.2653,38.2653,9.6951,3.1137,0.9337,0.9337,0.9889,0.3048,0.3048,9.9677,0.2152,0.0,0.0,0.0,0.0,0.0,0.0,126.09,60.88,126.1,60.71,126.1,60.71,13.68,73.08,CUDA,Bicubic Baseline (3x)
2030,IM-0411-0001.jpeg,sub_chest,3,ok,38.3441,9.5207,3.0856,0.9366,0.9893,0.2721,9.9658,0.2236,38.3441,38.3441,9.5207,3.0856,0.9366,0.9366,0.9893,0.2721,0.2721,9.9658,0.2236,0.0,0.0,0.0,0.0,0.0,0.0,113.07,66.96,113.08,66.81,113.08,66.81,13.09,76.37,CUDA,Bicubic Baseline (3x)
2031,IM-0413-0001.jpeg,sub_chest,3,ok,38.0846,10.107,3.1792,0.9412,0.989,0.231,9.9626,0.279,38.0846,38.0846,10.107,3.1792,0.9412,0.9412,0.989,0.231,0.231,9.9626,0.279,0.0,0.0,0.0,0.0,0.0,0.0,115.15,62.28,115.15,62.09,115.15,62.09,13.78,72.58,CUDA,Bicubic Baseline (3x)
2032,IM-0414-0001.jpeg,sub_chest,3,ok,37.2377,12.2831,3.5047,0.9244,0.9871,0.3203,9.9685,0.2068,37.2377,37.2377,12.2831,3.5047,0.9244,0.9244,0.9871,0.3203,0.3203,9.9685,0.2068,0.0,0.0,0.0,0.0,0.0,0.0,118.67,58.31,118.69,58.12,118.69,58.12,13.59,73.57,CUDA,Bicubic Baseline (3x)
2033,IM-0416-0001.jpeg,sub_chest,3,ok,38.2368,9.759,3.1239,0.9282,0.9879,0.3223,9.9691,0.209,38.2368,38.2368,9.759,3.1239,0.9282,0.9282,0.9879,0.3223,0.3223,9.9691,0.209,0.0,0.0,0.0,0.0,0.0,0.0,128.34,51.79,128.35,51.6,128.35,51.6,13.25,75.47,CUDA,Bicubic Baseline (3x)
2034,IM-0417-0001.jpeg,sub_chest,3,ok,38.311,9.5936,3.0973,0.9386,0.9896,0.2827,9.9645,0.2333,38.311,38.311,9.5936,3.0973,0.9386,0.9386,0.9896,0.2827,0.2827,9.9645,0.2333,0.0,0.0,0.0,0.0,0.0,0.0,114.07,65.6,114.07,65.44,114.07,65.44,15.47,64.65,CUDA,Bicubic Baseline (3x)
2035,IM-0419-0001.jpeg,sub_chest,3,ok,35.9191,16.6407,4.0793,0.8844,0.9806,0.3467,9.9634,0.1879,35.9191,35.9191,16.6407,4.0793,0.8844,0.8844,0.9806,0.3467,0.3467,9.9634,0.1879,0.0,0.0,0.0,0.0,0.0,0.0,137.81,62.16,137.82,61.92,137.82,61.92,13.17,75.92,CUDA,Bicubic Baseline (3x)
2036,IM-0420-0001.jpeg,sub_chest,3,ok,37.7497,10.9172,3.3041,0.9216,0.9864,0.325,9.9687,0.2088,37.7497,37.7497,10.9172,3.3041,0.9216,0.9216,0.9864,0.325,0.325,9.9687,0.2088,0.0,0.0,0.0,0.0,0.0,0.0,119.28,49.44,119.29,49.22,119.29,49.22,13.8,72.48,CUDA,Bicubic Baseline (3x)
2037,IM-0421-0001.jpeg,sub_chest,3,ok,38.1825,9.8818,3.1435,0.9253,0.9871,0.2882,9.9719,0.1918,38.1825,38.1825,9.8818,3.1435,0.9253,0.9253,0.9871,0.2882,0.2882,9.9719,0.1918,0.0,0.0,0.0,0.0,0.0,0.0,107.17,59.07,107.19,58.91,107.19,58.91,16.22,61.65,CUDA,Bicubic Baseline (3x)
2038,IM-0423-0001.jpeg,sub_chest,3,ok,38.6806,8.811,2.9683,0.9355,0.9887,0.3016,9.9719,0.212,38.6806,38.6806,8.811,2.9683,0.9355,0.9355,0.9887,0.3016,0.3016,9.9719,0.212,0.0,0.0,0.0,0.0,0.0,0.0,126.13,59.12,126.14,58.98,126.14,58.98,13.18,75.86,CUDA,Bicubic Baseline (3x)
2039,IM-0424-0001.jpeg,sub_chest,3,ok,37.6718,11.1149,3.3339,0.9193,0.9862,0.3279,9.9672,0.2083,37.6718,37.6718,11.1149,3.3339,0.9193,0.9193,0.9862,0.3279,0.3279,9.9672,0.2083,0.0,0.0,0.0,0.0,0.0,0.0,126.6,64.53,126.61,64.36,126.61,64.36,14.79,67.62,CUDA,Bicubic Baseline (3x)
2040,IM-0425-0001.jpeg,sub_chest,3,ok,39.0524,8.088,2.8439,0.9507,0.9916,0.2676,9.9718,0.2033,39.0524,39.0524,8.088,2.8439,0.9507,0.9507,0.9916,0.2676,0.2676,9.9718,0.2033,0.0,0.0,0.0,0.0,0.0,0.0,106.36,61.88,106.37,61.74,106.37,61.74,13.11,76.28,CUDA,Bicubic Baseline (3x)
2041,IM-0427-0001.jpeg,sub_chest,3,ok,39.0127,8.1622,2.857,0.9442,0.9903,0.2691,9.9686,0.2348,39.0127,39.0127,8.1622,2.857,0.9442,0.9442,0.9903,0.2691,0.2691,9.9686,0.2348,0.0,0.0,0.0,0.0,0.0,0.0,133.99,65.46,134.0,65.32,134.0,65.32,13.18,75.87,CUDA,Bicubic Baseline (3x)
2042,IM-0428-0001.jpeg,sub_chest,3,ok,37.5597,11.4053,3.3772,0.9209,0.9865,0.3252,9.9713,0.1864,37.5597,37.5597,11.4053,3.3772,0.9209,0.9209,0.9865,0.3252,0.3252,9.9713,0.1864,0.0,0.0,0.0,0.0,0.0,0.0,147.67,61.79,147.68,61.61,147.68,61.61,13.06,76.55,CUDA,Bicubic Baseline (3x)
2043,IM-0429-0001-0001.jpeg,sub_chest,3,ok,39.8212,6.7759,2.603,0.9538,0.9919,0.2396,9.9708,0.2414,39.8212,39.8212,6.7759,2.603,0.9538,0.9538,0.9919,0.2396,0.2396,9.9708,0.2414,0.0,0.0,0.0,0.0,0.0,0.0,122.98,64.46,122.99,64.33,122.99,64.33,15.58,64.2,CUDA,Bicubic Baseline (3x)
2044,IM-0429-0001-0002.jpeg,sub_chest,3,ok,38.7011,8.7695,2.9613,0.9412,0.99,0.2729,9.9678,0.2285,38.7011,38.7011,8.7695,2.9613,0.9412,0.9412,0.99,0.2729,0.2729,9.9678,0.2285,0.0,0.0,0.0,0.0,0.0,0.0,120.37,63.21,120.38,63.06,120.38,63.06,13.12,76.2,CUDA,Bicubic Baseline (3x)
2045,IM-0429-0001.jpeg,sub_chest,3,ok,38.9724,8.2383,2.8703,0.9444,0.9902,0.2661,9.972,0.2143,38.9724,38.9724,8.2383,2.8703,0.9444,0.9444,0.9902,0.2661,0.2661,9.972,0.2143,0.0,0.0,0.0,0.0,0.0,0.0,113.47,54.56,113.47,54.41,113.47,54.41,13.42,74.53,CUDA,Bicubic Baseline (3x)
2046,IM-0430-0001.jpeg,sub_chest,3,ok,37.0484,12.8304,3.582,0.9008,0.9826,0.3246,9.9691,0.1966,37.0484,37.0484,12.8304,3.582,0.9008,0.9008,0.9826,0.3246,0.3246,9.9691,0.1966,0.0,0.0,0.0,0.0,0.0,0.0,126.76,62.28,126.77,62.1,126.77,62.1,15.35,65.16,CUDA,Bicubic Baseline (3x)
2047,IM-0431-0001.jpeg,sub_chest,3,ok,38.1204,10.024,3.1661,0.9294,0.9879,0.3052,9.9706,0.2078,38.1204,38.1204,10.024,3.1661,0.9294,0.9294,0.9879,0.3052,0.3052,9.9706,0.2078,0.0,0.0,0.0,0.0,0.0,0.0,125.86,61.13,125.86,60.98,125.86,60.98,14.14,70.74,CUDA,Bicubic Baseline (3x)
2048,IM-0432-0001.jpeg,sub_chest,3,ok,38.675,8.8222,2.9702,0.9308,0.9877,0.2788,9.974,0.1937,38.675,38.675,8.8222,2.9702,0.9308,0.9308,0.9877,0.2788,0.2788,9.974,0.1937,0.0,0.0,0.0,0.0,0.0,0.0,135.97,67.68,135.98,67.55,135.98,67.55,13.07,76.49,CUDA,Bicubic Baseline (3x)
2049,IM-0433-0001.jpeg,sub_chest,3,ok,38.9653,8.2519,2.8726,0.9509,0.9914,0.2309,9.9651,0.2614,38.9653,38.9653,8.2519,2.8726,0.9509,0.9509,0.9914,0.2309,0.2309,9.9651,0.2614,0.0,0.0,0.0,0.0,0.0,0.0,108.28,69.38,108.29,69.25,108.29,69.25,15.58,64.2,CUDA,Bicubic Baseline (3x)
2050,IM-0434-0001.jpeg,sub_chest,3,ok,40.13,6.3107,2.5121,0.9571,0.9924,0.2577,9.9759,0.2264,40.13,40.13,6.3107,2.5121,0.9571,0.9571,0.9924,0.2577,0.2577,9.9759,0.2264,0.0,0.0,0.0,0.0,0.0,0.0,134.31,58.44,134.32,58.33,134.32,58.33,13.78,72.58,CUDA,Bicubic Baseline (3x)
2051,IM-0435-0001-0001.jpeg,sub_chest,3,ok,39.6525,7.0442,2.6541,0.9564,0.9921,0.2423,9.9727,0.2255,39.6525,39.6525,7.0442,2.6541,0.9564,0.9564,0.9921,0.2423,0.2423,9.9727,0.2255,0.0,0.0,0.0,0.0,0.0,0.0,90.82,57.25,90.82,57.11,90.82,57.11,13.42,74.51,CUDA,Bicubic Baseline (3x)
2052,IM-0435-0001.jpeg,sub_chest,3,ok,39.1771,7.859,2.8034,0.9407,0.9891,0.2953,9.9758,0.1995,39.1771,39.1771,7.859,2.8034,0.9407,0.9407,0.9891,0.2953,0.2953,9.9758,0.1995,0.0,0.0,0.0,0.0,0.0,0.0,125.33,54.87,125.35,54.73,125.35,54.73,13.13,76.17,CUDA,Bicubic Baseline (3x)
2053,IM-0437-0001-0001.jpeg,sub_chest,3,ok,38.387,9.4273,3.0704,0.9274,0.9876,0.3119,9.9745,0.1878,38.387,38.387,9.4273,3.0704,0.9274,0.9274,0.9876,0.3119,0.3119,9.9745,0.1878,0.0,0.0,0.0,0.0,0.0,0.0,134.47,57.74,134.47,57.59,134.47,57.59,15.36,65.1,CUDA,Bicubic Baseline (3x)
2054,IM-0437-0001-0002.jpeg,sub_chest,3,ok,38.9274,8.3241,2.8852,0.939,0.9895,0.2861,9.9776,0.172,38.9274,38.9274,8.3241,2.8852,0.939,0.939,0.9895,0.2861,0.2861,9.9776,0.172,0.0,0.0,0.0,0.0,0.0,0.0,127.62,62.53,127.64,62.4,127.64,62.4,13.39,74.69,CUDA,Bicubic Baseline (3x)
2055,IM-0437-0001.jpeg,sub_chest,3,ok,38.132,9.9973,3.1618,0.9198,0.9858,0.2996,9.9718,0.1922,38.132,38.132,9.9973,3.1618,0.9198,0.9198,0.9858,0.2996,0.2996,9.9718,0.1922,0.0,0.0,0.0,0.0,0.0,0.0,107.15,53.41,107.16,53.24,107.16,53.24,15.51,64.49,CUDA,Bicubic Baseline (3x)
2056,IM-0438-0001.jpeg,sub_chest,3,ok,39.3252,7.5956,2.756,0.9463,0.9905,0.25,9.9718,0.2247,39.3252,39.3252,7.5956,2.756,0.9463,0.9463,0.9905,0.25,0.25,9.9718,0.2247,0.0,0.0,0.0,0.0,0.0,0.0,126.5,64.78,126.51,64.66,126.51,64.66,13.56,73.72,CUDA,Bicubic Baseline (3x)
2057,IM-0439-0001-0001.jpeg,sub_chest,3,ok,39.2103,7.7993,2.7927,0.9451,0.9905,0.2805,9.9736,0.2085,39.2103,39.2103,7.7993,2.7927,0.9451,0.9451,0.9905,0.2805,0.2805,9.9736,0.2085,0.0,0.0,0.0,0.0,0.0,0.0,128.91,61.41,128.92,61.28,128.92,61.28,13.42,74.53,CUDA,Bicubic Baseline (3x)
2058,IM-0439-0001-0002.jpeg,sub_chest,3,ok,37.572,11.3733,3.3724,0.9155,0.9851,0.3033,9.9691,0.1944,37.572,37.572,11.3733,3.3724,0.9155,0.9155,0.9851,0.3033,0.3033,9.9691,0.1944,0.0,0.0,0.0,0.0,0.0,0.0,117.71,62.18,117.72,62.02,117.72,62.02,13.07,76.51,CUDA,Bicubic Baseline (3x)
2059,IM-0439-0001.jpeg,sub_chest,3,ok,38.9915,8.2022,2.8639,0.9396,0.9897,0.2984,9.9729,0.2132,38.9915,38.9915,8.2022,2.8639,0.9396,0.9396,0.9897,0.2984,0.2984,9.9729,0.2132,0.0,0.0,0.0,0.0,0.0,0.0,136.34,61.03,136.35,60.89,136.35,60.89,13.53,73.9,CUDA,Bicubic Baseline (3x)
2060,IM-0440-0001.jpeg,sub_chest,3,ok,39.2366,7.7521,2.7843,0.946,0.9907,0.2651,9.9696,0.2422,39.2366,39.2366,7.7521,2.7843,0.946,0.946,0.9907,0.2651,0.2651,9.9696,0.2422,0.0,0.0,0.0,0.0,0.0,0.0,120.39,63.15,120.4,63.02,120.4,63.02,13.3,75.19,CUDA,Bicubic Baseline (3x)
2061,IM-0441-0001.jpeg,sub_chest,3,ok,38.9772,8.2293,2.8687,0.9415,0.9897,0.2745,9.9709,0.2173,38.9772,38.9772,8.2293,2.8687,0.9415,0.9415,0.9897,0.2745,0.2745,9.9709,0.2173,0.0,0.0,0.0,0.0,0.0,0.0,110.4,63.46,110.41,63.33,110.41,63.33,13.14,76.09,CUDA,Bicubic Baseline (3x)
2062,IM-0442-0001.jpeg,sub_chest,3,ok,37.6056,11.2855,3.3594,0.9139,0.9848,0.302,9.9698,0.2018,37.6056,37.6056,11.2855,3.3594,0.9139,0.9139,0.9848,0.302,0.302,9.9698,0.2018,0.0,0.0,0.0,0.0,0.0,0.0,135.75,60.82,135.75,60.65,135.75,60.65,13.37,74.8,CUDA,Bicubic Baseline (3x)
2063,IM-0444-0001.jpeg,sub_chest,3,ok,38.9742,8.235,2.8697,0.9486,0.9909,0.2518,9.9682,0.2489,38.9742,38.9742,8.235,2.8697,0.9486,0.9486,0.9909,0.2518,0.2518,9.9682,0.2489,0.0,0.0,0.0,0.0,0.0,0.0,110.75,62.53,110.76,62.38,110.76,62.38,13.05,76.62,CUDA,Bicubic Baseline (3x)
2064,IM-0445-0001.jpeg,sub_chest,3,ok,39.252,7.7247,2.7793,0.9459,0.9907,0.2816,9.9724,0.2198,39.252,39.252,7.7247,2.7793,0.9459,0.9459,0.9907,0.2816,0.2816,9.9724,0.2198,0.0,0.0,0.0,0.0,0.0,0.0,125.85,61.17,125.86,61.03,125.86,61.03,13.45,74.33,CUDA,Bicubic Baseline (3x)
2065,IM-0446-0001.jpeg,sub_chest,3,ok,39.268,7.6963,2.7742,0.9472,0.991,0.2743,9.9713,0.2217,39.268,39.268,7.6963,2.7742,0.9472,0.9472,0.991,0.2743,0.2743,9.9713,0.2217,0.0,0.0,0.0,0.0,0.0,0.0,126.08,61.34,126.09,61.2,126.09,61.2,13.1,76.34,CUDA,Bicubic Baseline (3x)
2066,IM-0447-0001.jpeg,sub_chest,3,ok,39.0717,8.052,2.8376,0.9491,0.9911,0.2523,9.9699,0.2268,39.0717,39.0717,8.052,2.8376,0.9491,0.9491,0.9911,0.2523,0.2523,9.9699,0.2268,0.0,0.0,0.0,0.0,0.0,0.0,116.78,61.87,116.79,61.72,116.79,61.72,13.18,75.86,CUDA,Bicubic Baseline (3x)
2067,IM-0448-0001.jpeg,sub_chest,3,ok,38.9595,8.2629,2.8745,0.9503,0.9914,0.2539,9.9705,0.2175,38.9595,38.9595,8.2629,2.8745,0.9503,0.9503,0.9914,0.2539,0.2539,9.9705,0.2175,0.0,0.0,0.0,0.0,0.0,0.0,98.52,60.04,98.54,59.9,98.54,59.9,13.61,73.48,CUDA,Bicubic Baseline (3x)
2068,IM-0449-0001.jpeg,sub_chest,3,ok,39.3296,7.5878,2.7546,0.9431,0.99,0.2881,9.973,0.2161,39.3296,39.3296,7.5878,2.7546,0.9431,0.9431,0.99,0.2881,0.2881,9.973,0.2161,0.0,0.0,0.0,0.0,0.0,0.0,129.11,60.74,129.12,60.61,129.12,60.61,13.22,75.65,CUDA,Bicubic Baseline (3x)
2069,IM-0450-0001.jpeg,sub_chest,3,ok,37.584,11.3418,3.3678,0.9249,0.9872,0.2989,9.9693,0.2036,37.584,37.584,11.3418,3.3678,0.9249,0.9249,0.9872,0.2989,0.2989,9.9693,0.2036,0.0,0.0,0.0,0.0,0.0,0.0,118.19,59.92,118.2,59.75,118.2,59.75,13.26,75.43,CUDA,Bicubic Baseline (3x)
2070,IM-0451-0001.jpeg,sub_chest,3,ok,38.874,8.4271,2.9029,0.9432,0.9901,0.2676,9.9687,0.2438,38.874,38.874,8.4271,2.9029,0.9432,0.9432,0.9901,0.2676,0.2676,9.9687,0.2438,0.0,0.0,0.0,0.0,0.0,0.0,113.39,60.84,113.4,60.69,113.4,60.69,13.47,74.25,CUDA,Bicubic Baseline (3x)
2071,IM-0452-0001.jpeg,sub_chest,3,ok,38.8645,8.4456,2.9061,0.9429,0.9901,0.2522,9.9662,0.2474,38.8645,38.8645,8.4456,2.9061,0.9429,0.9429,0.9901,0.2522,0.2522,9.9662,0.2474,0.0,0.0,0.0,0.0,0.0,0.0,115.13,65.89,115.15,65.75,115.15,65.75,13.48,74.18,CUDA,Bicubic Baseline (3x)
2072,IM-0453-0001-0002.jpeg,sub_chest,3,ok,38.9329,8.3135,2.8833,0.9451,0.9902,0.2525,9.9701,0.2347,38.9329,38.9329,8.3135,2.8833,0.9451,0.9451,0.9902,0.2525,0.2525,9.9701,0.2347,0.0,0.0,0.0,0.0,0.0,0.0,121.97,64.01,121.98,63.87,121.98,63.87,13.32,75.08,CUDA,Bicubic Baseline (3x)
2073,IM-0453-0001.jpeg,sub_chest,3,ok,38.5363,9.1085,3.018,0.9467,0.9906,0.2331,9.9637,0.268,38.5363,38.5363,9.1085,3.018,0.9467,0.9467,0.9906,0.2331,0.2331,9.9637,0.268,0.0,0.0,0.0,0.0,0.0,0.0,90.31,68.22,90.31,68.08,90.31,68.08,13.31,75.11,CUDA,Bicubic Baseline (3x)
2074,IM-0455-0001.jpeg,sub_chest,3,ok,37.6995,11.0441,3.3233,0.9167,0.9855,0.3218,9.9696,0.2094,37.6995,37.6995,11.0441,3.3233,0.9167,0.9167,0.9855,0.3218,0.3218,9.9696,0.2094,0.0,0.0,0.0,0.0,0.0,0.0,134.73,56.9,134.74,56.72,134.74,56.72,13.08,76.45,CUDA,Bicubic Baseline (3x)
2075,IM-0456-0001.jpeg,sub_chest,3,ok,38.5213,9.14,3.0232,0.9298,0.9877,0.2795,9.9708,0.2148,38.5213,38.5213,9.14,3.0232,0.9298,0.9298,0.9877,0.2795,0.2795,9.9708,0.2148,0.0,0.0,0.0,0.0,0.0,0.0,113.79,52.91,113.8,52.75,113.8,52.75,13.08,76.45,CUDA,Bicubic Baseline (3x)
2076,IM-0457-0001.jpeg,sub_chest,3,ok,38.8755,8.4242,2.9024,0.9442,0.9903,0.2665,9.97,0.2253,38.8755,38.8755,8.4242,2.9024,0.9442,0.9442,0.9903,0.2665,0.2665,9.97,0.2253,0.0,0.0,0.0,0.0,0.0,0.0,126.17,65.91,126.18,65.77,126.18,65.77,13.37,74.79,CUDA,Bicubic Baseline (3x)
2077,IM-0458-0001.jpeg,sub_chest,3,ok,38.7024,8.7668,2.9609,0.9351,0.9883,0.2972,9.9718,0.2192,38.7024,38.7024,8.7668,2.9609,0.9351,0.9351,0.9883,0.2972,0.2972,9.9718,0.2192,0.0,0.0,0.0,0.0,0.0,0.0,123.56,59.66,123.57,59.51,123.57,59.51,13.16,76.0,CUDA,Bicubic Baseline (3x)
2078,IM-0459-0001.jpeg,sub_chest,3,ok,38.5709,9.0362,3.006,0.9413,0.9895,0.25,9.9683,0.2389,38.5709,38.5709,9.0362,3.006,0.9413,0.9413,0.9895,0.25,0.25,9.9683,0.2389,0.0,0.0,0.0,0.0,0.0,0.0,136.13,64.25,136.14,64.09,136.14,64.09,13.12,76.2,CUDA,Bicubic Baseline (3x)
2079,IM-0460-0001.jpeg,sub_chest,3,ok,38.9678,8.2472,2.8718,0.9396,0.9895,0.2959,9.9708,0.2189,38.9678,38.9678,8.2472,2.8718,0.9396,0.9396,0.9895,0.2959,0.2959,9.9708,0.2189,0.0,0.0,0.0,0.0,0.0,0.0,123.75,58.84,123.76,58.69,123.76,58.69,13.48,74.2,CUDA,Bicubic Baseline (3x)
2080,IM-0461-0001.jpeg,sub_chest,3,ok,38.4653,9.2586,3.0428,0.9394,0.9896,0.2735,9.9658,0.2504,38.4653,38.4653,9.2586,3.0428,0.9394,0.9394,0.9896,0.2735,0.2735,9.9658,0.2504,0.0,0.0,0.0,0.0,0.0,0.0,118.54,65.29,118.55,65.14,118.55,65.14,14.06,71.13,CUDA,Bicubic Baseline (3x)
2081,IM-0463-0001.jpeg,sub_chest,3,ok,39.0815,8.034,2.8344,0.9389,0.9894,0.2914,9.9737,0.2153,39.0815,39.0815,8.034,2.8344,0.9389,0.9389,0.9894,0.2914,0.2914,9.9737,0.2153,0.0,0.0,0.0,0.0,0.0,0.0,126.66,59.16,126.67,59.03,126.67,59.03,13.72,72.89,CUDA,Bicubic Baseline (3x)
2082,IM-0464-0001.jpeg,sub_chest,3,ok,38.8757,8.4239,2.9024,0.9453,0.9907,0.2591,9.9686,0.2252,38.8757,38.8757,8.4239,2.9024,0.9453,0.9453,0.9907,0.2591,0.2591,9.9686,0.2252,0.0,0.0,0.0,0.0,0.0,0.0,111.3,70.81,111.31,70.68,111.31,70.68,13.72,72.87,CUDA,Bicubic Baseline (3x)
2083,IM-0465-0001.jpeg,sub_chest,3,ok,39.0007,8.1848,2.8609,0.9414,0.9899,0.2854,9.9723,0.211,39.0007,39.0007,8.1848,2.8609,0.9414,0.9414,0.9899,0.2854,0.2854,9.9723,0.211,0.0,0.0,0.0,0.0,0.0,0.0,124.83,64.7,124.83,64.57,124.83,64.57,13.64,73.29,CUDA,Bicubic Baseline (3x)
2084,IM-0466-0001.jpeg,sub_chest,3,ok,37.864,10.6335,3.2609,0.9203,0.9859,0.3141,9.97,0.2051,37.864,37.864,10.6335,3.2609,0.9203,0.9203,0.9859,0.3141,0.3141,9.97,0.2051,0.0,0.0,0.0,0.0,0.0,0.0,128.51,52.38,128.52,52.2,128.52,52.2,13.19,75.84,CUDA,Bicubic Baseline (3x)
2085,IM-0467-0001-0001.jpeg,sub_chest,3,ok,38.9474,8.2859,2.8785,0.9523,0.9916,0.2354,9.9671,0.2495,38.9474,38.9474,8.2859,2.8785,0.9523,0.9523,0.9916,0.2354,0.2354,9.9671,0.2495,0.0,0.0,0.0,0.0,0.0,0.0,105.17,69.17,105.18,69.04,105.18,69.04,13.52,73.95,CUDA,Bicubic Baseline (3x)
2086,IM-0467-0001-0002.jpeg,sub_chest,3,ok,37.5525,11.4243,3.38,0.9187,0.9859,0.2999,9.9671,0.2115,37.5525,37.5525,11.4243,3.38,0.9187,0.9187,0.9859,0.2999,0.2999,9.9671,0.2115,0.0,0.0,0.0,0.0,0.0,0.0,124.75,68.25,124.76,68.1,124.76,68.1,13.38,74.74,CUDA,Bicubic Baseline (3x)
2087,IM-0467-0001.jpeg,sub_chest,3,ok,39.4018,7.4628,2.7318,0.9529,0.9918,0.2251,9.9678,0.254,39.4018,39.4018,7.4628,2.7318,0.9529,0.9529,0.9918,0.2251,0.2251,9.9678,0.254,0.0,0.0,0.0,0.0,0.0,0.0,106.9,68.24,106.91,68.12,106.91,68.12,13.13,76.15,CUDA,Bicubic Baseline (3x)
2088,IM-0469-0001.jpeg,sub_chest,3,ok,39.0113,8.165,2.8574,0.9426,0.9902,0.2769,9.9711,0.2187,39.0113,39.0113,8.165,2.8574,0.9426,0.9426,0.9902,0.2769,0.2769,9.9711,0.2187,0.0,0.0,0.0,0.0,0.0,0.0,130.23,62.21,130.24,62.07,130.24,62.07,13.1,76.32,CUDA,Bicubic Baseline (3x)
2089,IM-0471-0001.jpeg,sub_chest,3,ok,39.4129,7.4437,2.7283,0.9507,0.9912,0.2524,9.9727,0.2357,39.4129,39.4129,7.4437,2.7283,0.9507,0.9507,0.9912,0.2524,0.2524,9.9727,0.2357,0.0,0.0,0.0,0.0,0.0,0.0,139.31,59.44,139.32,59.31,139.32,59.31,13.19,75.82,CUDA,Bicubic Baseline (3x)
2090,IM-0472-0001.jpeg,sub_chest,3,ok,37.8051,10.7787,3.2831,0.9262,0.9869,0.319,9.9718,0.2045,37.8051,37.8051,10.7787,3.2831,0.9262,0.9262,0.9869,0.319,0.319,9.9718,0.2045,0.0,0.0,0.0,0.0,0.0,0.0,145.05,51.51,145.06,51.32,145.06,51.32,13.19,75.84,CUDA,Bicubic Baseline (3x)
2091,IM-0473-0001.jpeg,sub_chest,3,ok,38.3557,9.4953,3.0814,0.9338,0.9882,0.2779,9.9705,0.2158,38.3557,38.3557,9.4953,3.0814,0.9338,0.9338,0.9882,0.2779,0.2779,9.9705,0.2158,0.0,0.0,0.0,0.0,0.0,0.0,132.05,61.46,132.05,61.3,132.05,61.3,13.52,73.99,CUDA,Bicubic Baseline (3x)
2092,IM-0474-0001.jpeg,sub_chest,3,ok,37.5325,11.4771,3.3878,0.9133,0.9849,0.3074,9.9696,0.1974,37.5325,37.5325,11.4771,3.3878,0.9133,0.9133,0.9849,0.3074,0.3074,9.9696,0.1974,0.0,0.0,0.0,0.0,0.0,0.0,132.9,67.07,132.91,66.91,132.91,66.91,13.92,71.84,CUDA,Bicubic Baseline (3x)
2093,IM-0475-0001.jpeg,sub_chest,3,ok,38.9542,8.273,2.8763,0.9429,0.99,0.2633,9.9697,0.2294,38.9542,38.9542,8.273,2.8763,0.9429,0.9429,0.99,0.2633,0.2633,9.9697,0.2294,0.0,0.0,0.0,0.0,0.0,0.0,126.02,61.55,126.03,61.4,126.03,61.4,13.52,73.97,CUDA,Bicubic Baseline (3x)
2094,IM-0476-0001.jpeg,sub_chest,3,ok,38.6259,8.9226,2.9871,0.9373,0.9891,0.284,9.9707,0.2128,38.6259,38.6259,8.9226,2.9871,0.9373,0.9373,0.9891,0.284,0.284,9.9707,0.2128,0.0,0.0,0.0,0.0,0.0,0.0,126.03,65.36,126.05,65.22,126.05,65.22,13.2,75.76,CUDA,Bicubic Baseline (3x)
2095,IM-0477-0001.jpeg,sub_chest,3,ok,39.4854,7.3205,2.7056,0.9466,0.9908,0.272,9.9735,0.2199,39.4854,39.4854,7.3205,2.7056,0.9466,0.9466,0.9908,0.272,0.272,9.9735,0.2199,0.0,0.0,0.0,0.0,0.0,0.0,125.81,62.88,125.82,62.77,125.82,62.77,13.22,75.62,CUDA,Bicubic Baseline (3x)
2096,IM-0478-0001.jpeg,sub_chest,3,ok,39.2154,7.79,2.7911,0.9402,0.9898,0.2764,9.9719,0.2199,39.2154,39.2154,7.79,2.7911,0.9402,0.9402,0.9898,0.2764,0.2764,9.9719,0.2199,0.0,0.0,0.0,0.0,0.0,0.0,128.48,59.43,128.49,59.29,128.49,59.29,13.47,74.24,CUDA,Bicubic Baseline (3x)
2097,IM-0479-0001.jpeg,sub_chest,3,ok,38.2425,9.7462,3.1219,0.9301,0.9875,0.2798,9.9725,0.1899,38.2425,38.2425,9.7462,3.1219,0.9301,0.9301,0.9875,0.2798,0.2798,9.9725,0.1899,0.0,0.0,0.0,0.0,0.0,0.0,126.77,69.5,126.78,69.37,126.78,69.37,14.3,69.91,CUDA,Bicubic Baseline (3x)
2098,IM-0480-0001.jpeg,sub_chest,3,ok,38.9605,8.2609,2.8742,0.9483,0.9906,0.222,9.9688,0.2446,38.9605,38.9605,8.2609,2.8742,0.9483,0.9483,0.9906,0.222,0.222,9.9688,0.2446,0.0,0.0,0.0,0.0,0.0,0.0,99.11,60.49,99.12,60.35,99.12,60.35,13.69,73.07,CUDA,Bicubic Baseline (3x)
2099,IM-0481-0001.jpeg,sub_chest,3,ok,38.8175,8.5374,2.9219,0.9365,0.9888,0.3039,9.9761,0.188,38.8175,38.8175,8.5374,2.9219,0.9365,0.9365,0.9888,0.3039,0.3039,9.9761,0.188,0.0,0.0,0.0,0.0,0.0,0.0,111.14,54.48,111.15,54.34,111.15,54.34,13.55,73.79,CUDA,Bicubic Baseline (3x)
2100,IM-0482-0001.jpeg,sub_chest,3,ok,38.6383,8.8971,2.9828,0.9337,0.9883,0.3179,9.9732,0.2101,38.6383,38.6383,8.8971,2.9828,0.9337,0.9337,0.9883,0.3179,0.3179,9.9732,0.2101,0.0,0.0,0.0,0.0,0.0,0.0,117.89,56.59,117.89,56.44,117.89,56.44,13.28,75.33,CUDA,Bicubic Baseline (3x)
2101,IM-0483-0001.jpeg,sub_chest,3,ok,38.8101,8.5521,2.9244,0.9335,0.9885,0.3071,9.9711,0.2162,38.8101,38.8101,8.5521,2.9244,0.9335,0.9335,0.9885,0.3071,0.3071,9.9711,0.2162,0.0,0.0,0.0,0.0,0.0,0.0,135.54,58.43,135.56,58.28,135.56,58.28,13.17,75.9,CUDA,Bicubic Baseline (3x)
2102,IM-0484-0001.jpeg,sub_chest,3,ok,38.5699,9.0383,3.0064,0.9335,0.9884,0.3004,9.9722,0.2047,38.5699,38.5699,9.0383,3.0064,0.9335,0.9335,0.9884,0.3004,0.3004,9.9722,0.2047,0.0,0.0,0.0,0.0,0.0,0.0,125.61,62.21,125.62,62.07,125.62,62.07,13.98,71.55,CUDA,Bicubic Baseline (3x)
2103,IM-0485-0001.jpeg,sub_chest,3,ok,37.6208,11.246,3.3535,0.9121,0.9847,0.329,9.9723,0.1899,37.6208,37.6208,11.246,3.3535,0.9121,0.9121,0.9847,0.329,0.329,9.9723,0.1899,0.0,0.0,0.0,0.0,0.0,0.0,130.3,54.69,130.31,54.51,130.31,54.51,19.3,51.8,CUDA,Bicubic Baseline (3x)
2104,IM-0486-0001.jpeg,sub_chest,3,ok,38.7918,8.5882,2.9306,0.941,0.9899,0.2737,9.9696,0.2223,38.7918,38.7918,8.5882,2.9306,0.941,0.941,0.9899,0.2737,0.2737,9.9696,0.2223,0.0,0.0,0.0,0.0,0.0,0.0,121.01,66.85,121.02,66.71,121.02,66.71,13.61,73.48,CUDA,Bicubic Baseline (3x)
2105,IM-0487-0001.jpeg,sub_chest,3,ok,36.902,13.2704,3.6429,0.909,0.9846,0.3283,9.9634,0.2152,36.902,36.902,13.2704,3.6429,0.909,0.909,0.9846,0.3283,0.3283,9.9634,0.2152,0.0,0.0,0.0,0.0,0.0,0.0,135.11,68.53,135.12,68.35,135.12,68.35,13.17,75.96,CUDA,Bicubic Baseline (3x)
2106,IM-0488-0001.jpeg,sub_chest,3,ok,38.5877,9.0015,3.0002,0.9345,0.9884,0.2988,9.9752,0.1883,38.5877,38.5877,9.0015,3.0002,0.9345,0.9345,0.9884,0.2988,0.2988,9.9752,0.1883,0.0,0.0,0.0,0.0,0.0,0.0,121.08,59.97,121.09,59.83,121.09,59.83,13.34,74.94,CUDA,Bicubic Baseline (3x)
2107,IM-0489-0001.jpeg,sub_chest,3,ok,38.2389,9.7542,3.1232,0.9191,0.9857,0.3199,9.9749,0.189,38.2389,38.2389,9.7542,3.1232,0.9191,0.9191,0.9857,0.3199,0.3199,9.9749,0.189,0.0,0.0,0.0,0.0,0.0,0.0,144.68,57.54,144.68,57.39,144.68,57.39,13.12,76.24,CUDA,Bicubic Baseline (3x)
2108,IM-0490-0001.jpeg,sub_chest,3,ok,39.156,7.8973,2.8102,0.9434,0.9904,0.2751,9.9734,0.2077,39.156,39.156,7.8973,2.8102,0.9434,0.9434,0.9904,0.2751,0.2751,9.9734,0.2077,0.0,0.0,0.0,0.0,0.0,0.0,126.67,57.12,126.69,56.97,126.69,56.97,15.85,63.09,CUDA,Bicubic Baseline (3x)
2109,IM-0491-0001-0001.jpeg,sub_chest,3,ok,38.9394,8.3012,2.8812,0.9386,0.9893,0.295,9.9717,0.213,38.9394,38.9394,8.3012,2.8812,0.9386,0.9386,0.9893,0.295,0.295,9.9717,0.213,0.0,0.0,0.0,0.0,0.0,0.0,129.98,63.86,129.99,63.72,129.99,63.72,20.88,47.88,CUDA,Bicubic Baseline (3x)
2110,IM-0491-0001-0002.jpeg,sub_chest,3,ok,34.846,21.3047,4.6157,0.9387,0.9897,0.2816,9.9385,0.2442,34.846,34.846,21.3047,4.6157,0.9387,0.9387,0.9897,0.2816,0.2816,9.9385,0.2442,0.0,0.0,0.0,0.0,0.0,0.0,130.06,74.59,130.1,74.26,130.1,74.26,15.29,65.38,CUDA,Bicubic Baseline (3x)
2111,IM-0491-0001.jpeg,sub_chest,3,ok,39.2698,7.693,2.7736,0.957,0.9923,0.2149,9.9701,0.2523,39.2698,39.2698,7.693,2.7736,0.957,0.957,0.9923,0.2149,0.2149,9.9701,0.2523,0.0,0.0,0.0,0.0,0.0,0.0,105.37,60.12,105.39,59.97,105.39,59.97,13.2,75.75,CUDA,Bicubic Baseline (3x)
2112,IM-0492-0001.jpeg,sub_chest,3,ok,39.1883,7.8388,2.7998,0.9405,0.9896,0.2706,9.9729,0.2141,39.1883,39.1883,7.8388,2.7998,0.9405,0.9405,0.9896,0.2706,0.2706,9.9729,0.2141,0.0,0.0,0.0,0.0,0.0,0.0,137.39,61.25,137.4,61.12,137.4,61.12,13.12,76.2,CUDA,Bicubic Baseline (3x)
2113,IM-0493-0001.jpeg,sub_chest,3,ok,39.6862,6.9897,2.6438,0.9541,0.9917,0.2231,9.9705,0.2551,39.6862,39.6862,6.9897,2.6438,0.9541,0.9541,0.9917,0.2231,0.2231,9.9705,0.2551,0.0,0.0,0.0,0.0,0.0,0.0,93.47,55.49,93.48,55.36,93.48,55.36,13.12,76.24,CUDA,Bicubic Baseline (3x)
2114,IM-0494-0001.jpeg,sub_chest,3,ok,38.5409,9.099,3.0164,0.9301,0.9879,0.3126,9.9724,0.2025,38.5409,38.5409,9.099,3.0164,0.9301,0.9301,0.9879,0.3126,0.3126,9.9724,0.2025,0.0,0.0,0.0,0.0,0.0,0.0,143.58,58.43,143.58,58.28,143.58,58.28,13.79,72.54,CUDA,Bicubic Baseline (3x)
2115,IM-0495-0001.jpeg,sub_chest,3,ok,38.6341,8.9058,2.9843,0.943,0.99,0.2511,9.9658,0.2452,38.6341,38.6341,8.9058,2.9843,0.943,0.943,0.99,0.2511,0.2511,9.9658,0.2452,0.0,0.0,0.0,0.0,0.0,0.0,122.13,68.1,122.14,67.95,122.14,67.95,14.79,67.62,CUDA,Bicubic Baseline (3x)
2116,IM-0496-0001.jpeg,sub_chest,3,ok,38.8276,8.5177,2.9185,0.9343,0.9888,0.3064,9.9765,0.1809,38.8276,38.8276,8.5177,2.9185,0.9343,0.9343,0.9888,0.3064,0.3064,9.9765,0.1809,0.0,0.0,0.0,0.0,0.0,0.0,150.19,53.68,150.2,53.53,150.2,53.53,13.3,75.19,CUDA,Bicubic Baseline (3x)
2117,IM-0497-0001-0001.jpeg,sub_chest,3,ok,38.4109,9.3754,3.0619,0.9346,0.9887,0.3048,9.9763,0.1814,38.4109,38.4109,9.3754,3.0619,0.9346,0.9346,0.9887,0.3048,0.3048,9.9763,0.1814,0.0,0.0,0.0,0.0,0.0,0.0,131.05,56.98,131.07,56.84,131.07,56.84,13.51,74.01,CUDA,Bicubic Baseline (3x)
2118,IM-0497-0001-0002.jpeg,sub_chest,3,ok,38.8401,8.4933,2.9143,0.9428,0.9902,0.2798,9.9683,0.2339,38.8401,38.8401,8.4933,2.9143,0.9428,0.9428,0.9902,0.2798,0.2798,9.9683,0.2339,0.0,0.0,0.0,0.0,0.0,0.0,118.58,60.15,118.59,60.0,118.59,60.0,17.52,57.07,CUDA,Bicubic Baseline (3x)
2119,IM-0497-0001.jpeg,sub_chest,3,ok,38.318,9.5781,3.0949,0.9316,0.988,0.315,9.9731,0.2014,38.318,38.318,9.5781,3.0949,0.9316,0.9316,0.988,0.315,0.315,9.9731,0.2014,0.0,0.0,0.0,0.0,0.0,0.0,131.22,55.04,131.23,54.88,131.23,54.88,13.16,75.99,CUDA,Bicubic Baseline (3x)
2120,IM-0499-0001-0001.jpeg,sub_chest,3,ok,38.1869,9.8717,3.1419,0.9302,0.9877,0.2939,9.9688,0.2153,38.1869,38.1869,9.8717,3.1419,0.9302,0.9302,0.9877,0.2939,0.2939,9.9688,0.2153,0.0,0.0,0.0,0.0,0.0,0.0,117.28,62.83,117.28,62.68,117.28,62.68,13.6,73.54,CUDA,Bicubic Baseline (3x)
2121,IM-0499-0001-0002.jpeg,sub_chest,3,ok,38.5209,9.1409,3.0234,0.9365,0.9889,0.2924,9.9727,0.216,38.5209,38.5209,9.1409,3.0234,0.9365,0.9365,0.9889,0.2924,0.2924,9.9727,0.216,0.0,0.0,0.0,0.0,0.0,0.0,126.46,59.84,126.47,59.7,126.47,59.7,13.45,74.33,CUDA,Bicubic Baseline (3x)
2122,IM-0499-0001.jpeg,sub_chest,3,ok,39.5358,7.236,2.69,0.9428,0.9901,0.2974,9.978,0.1914,39.5358,39.5358,7.236,2.69,0.9428,0.9428,0.9901,0.2974,0.2974,9.978,0.1914,0.0,0.0,0.0,0.0,0.0,0.0,132.5,58.41,132.51,58.29,132.51,58.29,13.19,75.83,CUDA,Bicubic Baseline (3x)
2123,IM-0500-0001.jpeg,sub_chest,3,ok,39.4368,7.403,2.7208,0.949,0.991,0.2682,9.9714,0.2367,39.4368,39.4368,7.403,2.7208,0.949,0.949,0.991,0.2682,0.2682,9.9714,0.2367,0.0,0.0,0.0,0.0,0.0,0.0,127.35,69.66,127.37,69.54,127.37,69.54,13.17,75.94,CUDA,Bicubic Baseline (3x)
2124,IM-0501-0001-0001.jpeg,sub_chest,3,ok,38.4713,9.2459,3.0407,0.9339,0.9886,0.3067,9.9709,0.2022,38.4713,38.4713,9.2459,3.0407,0.9339,0.9339,0.9886,0.3067,0.3067,9.9709,0.2022,0.0,0.0,0.0,0.0,0.0,0.0,123.48,64.61,123.49,64.46,123.49,64.46,13.62,73.44,CUDA,Bicubic Baseline (3x)
2125,IM-0501-0001-0002.jpeg,sub_chest,3,ok,38.858,8.4582,2.9083,0.943,0.9899,0.2854,9.97,0.224,38.858,38.858,8.4582,2.9083,0.943,0.943,0.9899,0.2854,0.2854,9.97,0.224,0.0,0.0,0.0,0.0,0.0,0.0,100.34,48.11,100.35,47.92,100.35,47.92,13.53,73.92,CUDA,Bicubic Baseline (3x)
2126,IM-0501-0001.jpeg,sub_chest,3,ok,39.8623,6.712,2.5908,0.9492,0.9911,0.2503,9.9735,0.2402,39.8623,39.8623,6.712,2.5908,0.9492,0.9492,0.9911,0.2503,0.2503,9.9735,0.2402,0.0,0.0,0.0,0.0,0.0,0.0,122.51,58.33,122.51,58.21,122.51,58.21,15.48,64.61,CUDA,Bicubic Baseline (3x)
2127,IM-0502-0001.jpeg,sub_chest,3,ok,39.1665,7.8783,2.8068,0.9385,0.9894,0.287,9.975,0.2156,39.1665,39.1665,7.8783,2.8068,0.9385,0.9385,0.9894,0.287,0.287,9.975,0.2156,0.0,0.0,0.0,0.0,0.0,0.0,159.59,64.84,159.6,64.72,159.6,64.72,13.47,74.25,CUDA,Bicubic Baseline (3x)
2128,IM-0503-0001.jpeg,sub_chest,3,ok,37.9733,10.3694,3.2202,0.9232,0.9867,0.3128,9.9709,0.1957,37.9733,37.9733,10.3694,3.2202,0.9232,0.9232,0.9867,0.3128,0.3128,9.9709,0.1957,0.0,0.0,0.0,0.0,0.0,0.0,122.83,60.51,122.84,60.34,122.84,60.34,13.77,72.61,CUDA,Bicubic Baseline (3x)
2129,IM-0504-0001.jpeg,sub_chest,3,ok,39.3877,7.4871,2.7362,0.9459,0.9907,0.2592,9.9709,0.2351,39.3877,39.3877,7.4871,2.7362,0.9459,0.9459,0.9907,0.2592,0.2592,9.9709,0.2351,0.0,0.0,0.0,0.0,0.0,0.0,110.99,68.15,111.0,68.04,111.0,68.04,13.18,75.87,CUDA,Bicubic Baseline (3x)
2130,IM-0505-0001-0001.jpeg,sub_chest,3,ok,38.2086,9.8224,3.1341,0.9321,0.9882,0.314,9.9715,0.1992,38.2086,38.2086,9.8224,3.1341,0.9321,0.9321,0.9882,0.314,0.314,9.9715,0.1992,0.0,0.0,0.0,0.0,0.0,0.0,132.35,62.21,132.37,62.05,132.37,62.05,13.57,73.68,CUDA,Bicubic Baseline (3x)
2131,IM-0505-0001-0002.jpeg,sub_chest,3,ok,39.5823,7.159,2.6756,0.9506,0.9912,0.2767,9.975,0.213,39.5823,39.5823,7.159,2.6756,0.9506,0.9506,0.9912,0.2767,0.2767,9.975,0.213,0.0,0.0,0.0,0.0,0.0,0.0,103.99,51.91,104.0,51.78,104.0,51.78,13.43,74.46,CUDA,Bicubic Baseline (3x)
2132,IM-0505-0001.jpeg,sub_chest,3,ok,39.0088,8.1697,2.8583,0.9378,0.9891,0.2774,9.9697,0.2293,39.0088,39.0088,8.1697,2.8583,0.9378,0.9378,0.9891,0.2774,0.2774,9.9697,0.2293,0.0,0.0,0.0,0.0,0.0,0.0,132.41,61.31,132.42,61.17,132.42,61.17,13.41,74.56,CUDA,Bicubic Baseline (3x)
2133,IM-0506-0001.jpeg,sub_chest,3,ok,38.2532,9.7222,3.118,0.93,0.9876,0.2886,9.9711,0.2219,38.2532,38.2532,9.7222,3.118,0.93,0.93,0.9876,0.2886,0.2886,9.9711,0.2219,0.0,0.0,0.0,0.0,0.0,0.0,122.14,59.17,122.14,59.02,122.14,59.02,13.2,75.74,CUDA,Bicubic Baseline (3x)
2134,IM-0507-0001.jpeg,sub_chest,3,ok,38.8436,8.4863,2.9131,0.9467,0.9907,0.2557,9.9692,0.2287,38.8436,38.8436,8.4863,2.9131,0.9467,0.9467,0.9907,0.2557,0.2557,9.9692,0.2287,0.0,0.0,0.0,0.0,0.0,0.0,112.66,63.83,112.67,63.69,112.67,63.69,13.05,76.6,CUDA,Bicubic Baseline (3x)
2135,IM-0508-0001.jpeg,sub_chest,3,ok,38.7428,8.6856,2.9471,0.9426,0.9897,0.2463,9.9656,0.2586,38.7428,38.7428,8.6856,2.9471,0.9426,0.9426,0.9897,0.2463,0.2463,9.9656,0.2586,0.0,0.0,0.0,0.0,0.0,0.0,115.48,66.8,115.49,66.65,115.49,66.65,13.28,75.28,CUDA,Bicubic Baseline (3x)
2136,IM-0509-0001-0001.jpeg,sub_chest,3,ok,38.6569,8.859,2.9764,0.9351,0.9886,0.2759,9.97,0.2163,38.6569,38.6569,8.859,2.9764,0.9351,0.9351,0.9886,0.2759,0.2759,9.97,0.2163,0.0,0.0,0.0,0.0,0.0,0.0,129.07,66.3,129.08,66.16,129.08,66.16,14.72,67.91,CUDA,Bicubic Baseline (3x)
2137,IM-0509-0001-0002.jpeg,sub_chest,3,ok,38.2331,9.7673,3.1253,0.9216,0.9859,0.3097,9.974,0.2025,38.2331,38.2331,9.7673,3.1253,0.9216,0.9216,0.9859,0.3097,0.3097,9.974,0.2025,0.0,0.0,0.0,0.0,0.0,0.0,140.1,60.43,140.11,60.29,140.11,60.29,13.15,76.04,CUDA,Bicubic Baseline (3x)
2138,IM-0509-0001.jpeg,sub_chest,3,ok,36.4682,14.6644,3.8294,0.8978,0.982,0.3069,9.9623,0.2062,36.4682,36.4682,14.6644,3.8294,0.8978,0.8978,0.982,0.3069,0.3069,9.9623,0.2062,0.0,0.0,0.0,0.0,0.0,0.0,126.16,69.47,126.16,69.28,126.16,69.28,13.14,76.1,CUDA,Bicubic Baseline (3x)
2139,IM-0510-0001.jpeg,sub_chest,3,ok,38.8011,8.5699,2.9274,0.9381,0.9892,0.2675,9.969,0.2252,38.8011,38.8011,8.5699,2.9274,0.9381,0.9381,0.9892,0.2675,0.2675,9.969,0.2252,0.0,0.0,0.0,0.0,0.0,0.0,120.57,71.09,120.59,70.97,120.59,70.97,13.11,76.26,CUDA,Bicubic Baseline (3x)
2140,IM-0511-0001-0001.jpeg,sub_chest,3,ok,38.7405,8.6903,2.9479,0.9278,0.9873,0.3113,9.9764,0.1874,38.7405,38.7405,8.6903,2.9479,0.9278,0.9278,0.9873,0.3113,0.3113,9.9764,0.1874,0.0,0.0,0.0,0.0,0.0,0.0,120.26,51.6,120.27,51.45,120.27,51.45,13.44,74.42,CUDA,Bicubic Baseline (3x)
2141,IM-0511-0001-0002.jpeg,sub_chest,3,ok,38.777,8.6174,2.9355,0.945,0.9901,0.2456,9.9705,0.2261,38.777,38.777,8.6174,2.9355,0.945,0.945,0.9901,0.2456,0.2456,9.9705,0.2261,0.0,0.0,0.0,0.0,0.0,0.0,112.65,60.11,112.65,59.96,112.65,59.96,13.11,76.26,CUDA,Bicubic Baseline (3x)
2142,IM-0511-0001.jpeg,sub_chest,3,ok,39.0909,8.0166,2.8314,0.9475,0.9909,0.2475,9.9692,0.232,39.0909,39.0909,8.0166,2.8314,0.9475,0.9475,0.9909,0.2475,0.2475,9.9692,0.232,0.0,0.0,0.0,0.0,0.0,0.0,119.96,67.82,119.97,67.69,119.97,67.69,13.2,75.78,CUDA,Bicubic Baseline (3x)
2143,IM-0512-0001.jpeg,sub_chest,3,ok,36.7623,13.704,3.7019,0.8994,0.9827,0.3317,9.9677,0.1909,36.7623,36.7623,13.704,3.7019,0.8994,0.8994,0.9827,0.3317,0.3317,9.9677,0.1909,0.0,0.0,0.0,0.0,0.0,0.0,130.99,68.34,131.0,68.15,131.0,68.15,13.13,76.19,CUDA,Bicubic Baseline (3x)
2144,IM-0513-0001.jpeg,sub_chest,3,ok,38.5661,9.0463,3.0077,0.9358,0.9893,0.3047,9.9717,0.1959,38.5661,38.5661,9.0463,3.0077,0.9358,0.9358,0.9893,0.3047,0.3047,9.9717,0.1959,0.0,0.0,0.0,0.0,0.0,0.0,112.41,62.11,112.42,61.97,112.42,61.97,14.0,71.41,CUDA,Bicubic Baseline (3x)
2145,IM-0514-0001.jpeg,sub_chest,3,ok,38.424,9.3471,3.0573,0.9401,0.9897,0.2725,9.9697,0.2029,38.424,38.424,9.3471,3.0573,0.9401,0.9401,0.9897,0.2725,0.2725,9.9697,0.2029,0.0,0.0,0.0,0.0,0.0,0.0,119.79,72.1,119.81,71.96,119.81,71.96,13.38,74.75,CUDA,Bicubic Baseline (3x)
2146,IM-0515-0001.jpeg,sub_chest,3,ok,38.4949,9.1957,3.0324,0.9381,0.9891,0.2756,9.9669,0.2327,38.4949,38.4949,9.1957,3.0324,0.9381,0.9381,0.9891,0.2756,0.2756,9.9669,0.2327,0.0,0.0,0.0,0.0,0.0,0.0,102.89,60.22,102.9,60.06,102.9,60.06,14.7,68.03,CUDA,Bicubic Baseline (3x)
2147,IM-0516-0001.jpeg,sub_chest,3,ok,37.3225,12.0457,3.4707,0.9204,0.9861,0.2763,9.9645,0.213,37.3225,37.3225,12.0457,3.4707,0.9204,0.9204,0.9861,0.2763,0.2763,9.9645,0.213,0.0,0.0,0.0,0.0,0.0,0.0,106.62,71.41,106.63,71.24,106.63,71.24,13.46,74.32,CUDA,Bicubic Baseline (3x)
2148,IM-0517-0001-0001.jpeg,sub_chest,3,ok,39.2113,7.7975,2.7924,0.9458,0.9907,0.2665,9.9719,0.2144,39.2113,39.2113,7.7975,2.7924,0.9458,0.9458,0.9907,0.2665,0.2665,9.9719,0.2144,0.0,0.0,0.0,0.0,0.0,0.0,138.86,61.26,138.87,61.12,138.87,61.12,13.41,74.55,CUDA,Bicubic Baseline (3x)
2149,IM-0517-0001.jpeg,sub_chest,3,ok,37.8491,10.67,3.2665,0.9312,0.9883,0.2766,9.969,0.2216,37.8491,37.8491,10.67,3.2665,0.9312,0.9312,0.9883,0.2766,0.2766,9.969,0.2216,0.0,0.0,0.0,0.0,0.0,0.0,120.6,64.16,120.61,64.0,120.61,64.0,13.68,73.11,CUDA,Bicubic Baseline (3x)
2150,IM-0519-0001-0001.jpeg,sub_chest,3,ok,39.1135,7.975,2.824,0.9433,0.9903,0.2916,9.9726,0.21,39.1135,39.1135,7.975,2.824,0.9433,0.9433,0.9903,0.2916,0.2916,9.9726,0.21,0.0,0.0,0.0,0.0,0.0,0.0,127.89,54.62,127.89,54.47,127.89,54.47,13.33,75.03,CUDA,Bicubic Baseline (3x)
2151,IM-0519-0001-0002.jpeg,sub_chest,3,ok,39.1229,7.9577,2.8209,0.9504,0.9915,0.2529,9.9685,0.2353,39.1229,39.1229,7.9577,2.8209,0.9504,0.9504,0.9915,0.2529,0.2529,9.9685,0.2353,0.0,0.0,0.0,0.0,0.0,0.0,113.8,67.93,113.81,67.8,113.81,67.8,14.25,70.17,CUDA,Bicubic Baseline (3x)
2152,IM-0519-0001.jpeg,sub_chest,3,ok,39.3514,7.5499,2.7477,0.9465,0.9907,0.2696,9.9723,0.2251,39.3514,39.3514,7.5499,2.7477,0.9465,0.9465,0.9907,0.2696,0.2696,9.9723,0.2251,0.0,0.0,0.0,0.0,0.0,0.0,131.38,64.09,131.39,63.96,131.39,63.96,13.15,76.02,CUDA,Bicubic Baseline (3x)
2153,IM-0520-0001.jpeg,sub_chest,3,ok,38.8391,8.495,2.9146,0.9457,0.9904,0.2654,9.9683,0.2442,38.8391,38.8391,8.495,2.9146,0.9457,0.9457,0.9904,0.2654,0.2654,9.9683,0.2442,0.0,0.0,0.0,0.0,0.0,0.0,107.42,64.77,107.43,64.63,107.43,64.63,13.1,76.35,CUDA,Bicubic Baseline (3x)
2154,IM-0521-0001.jpeg,sub_chest,3,ok,39.7641,6.8655,2.6202,0.9509,0.9913,0.2521,9.9746,0.2176,39.7641,39.7641,6.8655,2.6202,0.9509,0.9509,0.9913,0.2521,0.2521,9.9746,0.2176,0.0,0.0,0.0,0.0,0.0,0.0,135.41,58.67,135.42,58.55,135.42,58.55,14.52,68.85,CUDA,Bicubic Baseline (3x)
2155,IM-0522-0001.jpeg,sub_chest,3,ok,38.7994,8.5732,2.928,0.9394,0.9895,0.2575,9.9688,0.2234,38.7994,38.7994,8.5732,2.928,0.9394,0.9394,0.9895,0.2575,0.2575,9.9688,0.2234,0.0,0.0,0.0,0.0,0.0,0.0,108.38,70.16,108.39,70.03,108.39,70.03,13.28,75.31,CUDA,Bicubic Baseline (3x)
2156,IM-0523-0001-0001.jpeg,sub_chest,3,ok,38.0699,10.1411,3.1845,0.9209,0.986,0.3122,9.9715,0.2067,38.0699,38.0699,10.1411,3.1845,0.9209,0.9209,0.986,0.3122,0.3122,9.9715,0.2067,0.0,0.0,0.0,0.0,0.0,0.0,125.51,58.16,125.51,58.01,125.51,58.01,13.17,75.95,CUDA,Bicubic Baseline (3x)
2157,IM-0523-0001-0002.jpeg,sub_chest,3,ok,38.8742,8.4268,2.9029,0.9413,0.9896,0.2796,9.9715,0.2207,38.8742,38.8742,8.4268,2.9029,0.9413,0.9413,0.9896,0.2796,0.2796,9.9715,0.2207,0.0,0.0,0.0,0.0,0.0,0.0,121.41,60.24,121.42,60.1,121.42,60.1,13.64,73.31,CUDA,Bicubic Baseline (3x)
2158,IM-0523-0001-0003.jpeg,sub_chest,3,ok,36.6554,14.0455,3.7477,0.8964,0.982,0.3303,9.968,0.1852,36.6554,36.6554,14.0455,3.7477,0.8964,0.8964,0.982,0.3303,0.3303,9.968,0.1852,0.0,0.0,0.0,0.0,0.0,0.0,130.08,61.14,130.09,60.94,130.09,60.94,13.49,74.11,CUDA,Bicubic Baseline (3x)
2159,IM-0523-0001.jpeg,sub_chest,3,ok,38.1172,10.0313,3.1672,0.9269,0.9871,0.3071,9.9705,0.2032,38.1172,38.1172,10.0313,3.1672,0.9269,0.9269,0.9871,0.3071,0.3071,9.9705,0.2032,0.0,0.0,0.0,0.0,0.0,0.0,141.03,61.75,141.04,61.58,141.04,61.58,13.6,73.53,CUDA,Bicubic Baseline (3x)
2160,IM-0524-0001.jpeg,sub_chest,3,ok,38.751,8.6693,2.9444,0.9421,0.99,0.2792,9.9716,0.2066,38.751,38.751,8.6693,2.9444,0.9421,0.9421,0.99,0.2792,0.2792,9.9716,0.2066,0.0,0.0,0.0,0.0,0.0,0.0,140.06,61.16,140.08,61.02,140.08,61.02,13.74,72.77,CUDA,Bicubic Baseline (3x)
2161,IM-0525-0001-0001.jpeg,sub_chest,3,ok,38.6788,8.8145,2.9689,0.9317,0.988,0.3201,9.9739,0.2019,38.6788,38.6788,8.8145,2.9689,0.9317,0.9317,0.988,0.3201,0.3201,9.9739,0.2019,0.0,0.0,0.0,0.0,0.0,0.0,132.86,49.5,132.86,49.33,132.86,49.33,13.05,76.64,CUDA,Bicubic Baseline (3x)
2162,IM-0525-0001-0002.jpeg,sub_chest,3,ok,38.7936,8.5847,2.93,0.9412,0.9897,0.2833,9.9688,0.2319,38.7936,38.7936,8.5847,2.93,0.9412,0.9412,0.9897,0.2833,0.2833,9.9688,0.2319,0.0,0.0,0.0,0.0,0.0,0.0,115.58,64.88,115.59,64.75,115.59,64.75,13.16,75.96,CUDA,Bicubic Baseline (3x)
2163,IM-0525-0001.jpeg,sub_chest,3,ok,38.5745,9.0288,3.0048,0.9357,0.989,0.3063,9.9743,0.183,38.5745,38.5745,9.0288,3.0048,0.9357,0.9357,0.989,0.3063,0.3063,9.9743,0.183,0.0,0.0,0.0,0.0,0.0,0.0,116.47,48.7,116.48,48.53,116.48,48.53,13.31,75.13,CUDA,Bicubic Baseline (3x)
2164,IM-0526-0001.jpeg,sub_chest,3,ok,39.0277,8.1341,2.852,0.9433,0.9903,0.2772,9.9704,0.2249,39.0277,39.0277,8.1341,2.852,0.9433,0.9433,0.9903,0.2772,0.2772,9.9704,0.2249,0.0,0.0,0.0,0.0,0.0,0.0,118.43,69.43,118.44,69.31,118.44,69.31,13.14,76.13,CUDA,Bicubic Baseline (3x)
2165,IM-0527-0001.jpeg,sub_chest,3,ok,38.5212,9.1403,3.0233,0.9425,0.99,0.2647,9.9671,0.2332,38.5212,38.5212,9.1403,3.0233,0.9425,0.9425,0.99,0.2647,0.2647,9.9671,0.2332,0.0,0.0,0.0,0.0,0.0,0.0,108.34,67.74,108.35,67.59,108.35,67.59,13.18,75.89,CUDA,Bicubic Baseline (3x)
2166,IM-0528-0001.jpeg,sub_chest,3,ok,38.8061,8.5599,2.9257,0.9373,0.9892,0.2924,9.9699,0.2195,38.8061,38.8061,8.5599,2.9257,0.9373,0.9373,0.9892,0.2924,0.2924,9.9699,0.2195,0.0,0.0,0.0,0.0,0.0,0.0,114.52,61.74,114.54,61.59,114.54,61.59,13.26,75.39,CUDA,Bicubic Baseline (3x)
2167,IM-0529-0001.jpeg,sub_chest,3,ok,38.4403,9.3122,3.0516,0.9325,0.9883,0.2969,9.9693,0.2198,38.4403,38.4403,9.3122,3.0516,0.9325,0.9325,0.9883,0.2969,0.2969,9.9693,0.2198,0.0,0.0,0.0,0.0,0.0,0.0,121.5,57.64,121.51,57.47,121.51,57.47,13.39,74.67,CUDA,Bicubic Baseline (3x)
2168,IM-0530-0001.jpeg,sub_chest,3,ok,38.0825,10.112,3.1799,0.9236,0.9867,0.3188,9.9702,0.2027,38.0825,38.0825,10.112,3.1799,0.9236,0.9236,0.9867,0.3188,0.3188,9.9702,0.2027,0.0,0.0,0.0,0.0,0.0,0.0,128.72,57.45,128.73,57.28,128.73,57.28,13.32,75.08,CUDA,Bicubic Baseline (3x)
2169,IM-0531-0001-0001.jpeg,sub_chest,3,ok,38.8505,8.473,2.9108,0.9452,0.9905,0.2628,9.9702,0.2186,38.8505,38.8505,8.473,2.9108,0.9452,0.9452,0.9905,0.2628,0.2628,9.9702,0.2186,0.0,0.0,0.0,0.0,0.0,0.0,114.9,67.12,114.91,66.99,114.91,66.99,13.33,75.01,CUDA,Bicubic Baseline (3x)
2170,IM-0531-0001.jpeg,sub_chest,3,ok,38.7778,8.6159,2.9353,0.9398,0.9894,0.2762,9.971,0.22,38.7778,38.7778,8.6159,2.9353,0.9398,0.9398,0.9894,0.2762,0.2762,9.971,0.22,0.0,0.0,0.0,0.0,0.0,0.0,130.37,59.63,130.38,59.49,130.38,59.49,13.52,73.95,CUDA,Bicubic Baseline (3x)
2171,IM-0532-0001.jpeg,sub_chest,3,ok,38.8386,8.4961,2.9148,0.9389,0.9892,0.2713,9.9713,0.2198,38.8386,38.8386,8.4961,2.9148,0.9389,0.9389,0.9892,0.2713,0.2713,9.9713,0.2198,0.0,0.0,0.0,0.0,0.0,0.0,122.56,65.05,122.58,64.91,122.58,64.91,13.22,75.62,CUDA,Bicubic Baseline (3x)
2172,IM-0533-0001-0001.jpeg,sub_chest,3,ok,38.9802,8.2235,2.8677,0.9469,0.9909,0.2551,9.9708,0.2125,38.9802,38.9802,8.2235,2.8677,0.9469,0.9469,0.9909,0.2551,0.2551,9.9708,0.2125,0.0,0.0,0.0,0.0,0.0,0.0,112.86,60.26,112.87,60.12,112.87,60.12,13.59,73.58,CUDA,Bicubic Baseline (3x)
2173,IM-0533-0001-0002.jpeg,sub_chest,3,ok,37.738,10.9467,3.3086,0.9206,0.9864,0.2995,9.9681,0.2158,37.738,37.738,10.9467,3.3086,0.9206,0.9206,0.9864,0.2995,0.2995,9.9681,0.2158,0.0,0.0,0.0,0.0,0.0,0.0,135.74,62.66,135.75,62.49,135.75,62.49,13.17,75.92,CUDA,Bicubic Baseline (3x)
2174,IM-0533-0001.jpeg,sub_chest,3,ok,37.9978,10.311,3.2111,0.9265,0.9874,0.2963,9.9699,0.2094,37.9978,37.9978,10.311,3.2111,0.9265,0.9265,0.9874,0.2963,0.2963,9.9699,0.2094,0.0,0.0,0.0,0.0,0.0,0.0,130.9,59.65,130.91,59.49,130.91,59.49,14.23,70.3,CUDA,Bicubic Baseline (3x)
2175,IM-0534-0001.jpeg,sub_chest,3,ok,37.7952,10.8035,3.2869,0.9252,0.9865,0.2837,9.9675,0.2325,37.7952,37.7952,10.8035,3.2869,0.9252,0.9252,0.9865,0.2837,0.2837,9.9675,0.2325,0.0,0.0,0.0,0.0,0.0,0.0,105.51,59.77,105.51,59.59,105.51,59.59,13.73,72.81,CUDA,Bicubic Baseline (3x)
2176,IM-0535-0001.jpeg,sub_chest,3,ok,37.3122,12.0743,3.4748,0.9135,0.985,0.3099,9.9675,0.2016,37.3122,37.3122,12.0743,3.4748,0.9135,0.9135,0.985,0.3099,0.3099,9.9675,0.2016,0.0,0.0,0.0,0.0,0.0,0.0,135.05,63.8,135.05,63.62,135.05,63.62,15.69,63.74,CUDA,Bicubic Baseline (3x)
2177,IM-0536-0001.jpeg,sub_chest,3,ok,39.2198,7.7822,2.7897,0.9453,0.9906,0.276,9.9707,0.2205,39.2198,39.2198,7.7822,2.7897,0.9453,0.9453,0.9906,0.276,0.276,9.9707,0.2205,0.0,0.0,0.0,0.0,0.0,0.0,118.59,72.98,118.6,72.86,118.6,72.86,13.37,74.79,CUDA,Bicubic Baseline (3x)
2178,IM-0537-0001.jpeg,sub_chest,3,ok,38.775,8.6214,2.9362,0.9385,0.9893,0.2985,9.9728,0.2035,38.775,38.775,8.6214,2.9362,0.9385,0.9385,0.9893,0.2985,0.2985,9.9728,0.2035,0.0,0.0,0.0,0.0,0.0,0.0,134.4,62.55,134.41,62.41,134.41,62.41,13.24,75.54,CUDA,Bicubic Baseline (3x)
2179,IM-0538-0001.jpeg,sub_chest,3,ok,38.5851,9.0069,3.0011,0.9447,0.9904,0.2653,9.9707,0.2217,38.5851,38.5851,9.0069,3.0011,0.9447,0.9447,0.9904,0.2653,0.2653,9.9707,0.2217,0.0,0.0,0.0,0.0,0.0,0.0,121.9,63.85,121.91,63.71,121.91,63.71,13.2,75.76,CUDA,Bicubic Baseline (3x)
2180,IM-0539-0001-0001.jpeg,sub_chest,3,ok,38.9137,8.3505,2.8897,0.9448,0.9904,0.26,9.9714,0.2051,38.9137,38.9137,8.3505,2.8897,0.9448,0.9448,0.9904,0.26,0.26,9.9714,0.2051,0.0,0.0,0.0,0.0,0.0,0.0,114.89,57.52,114.91,57.37,114.91,57.37,13.45,74.33,CUDA,Bicubic Baseline (3x)
2181,IM-0539-0001-0002.jpeg,sub_chest,3,ok,38.8141,8.5443,2.9231,0.9414,0.9897,0.2913,9.9703,0.2276,38.8141,38.8141,8.5443,2.9231,0.9414,0.9414,0.9897,0.2913,0.2913,9.9703,0.2276,0.0,0.0,0.0,0.0,0.0,0.0,127.32,55.05,127.33,54.88,127.33,54.88,13.44,74.42,CUDA,Bicubic Baseline (3x)
2182,IM-0539-0001.jpeg,sub_chest,3,ok,38.7685,8.6343,2.9384,0.9402,0.9897,0.2868,9.9712,0.2141,38.7685,38.7685,8.6343,2.9384,0.9402,0.9402,0.9897,0.2868,0.2868,9.9712,0.2141,0.0,0.0,0.0,0.0,0.0,0.0,130.84,61.85,130.85,61.7,130.85,61.7,13.63,73.36,CUDA,Bicubic Baseline (3x)
2183,IM-0540-0001.jpeg,sub_chest,3,ok,38.8582,8.4578,2.9082,0.9395,0.9895,0.2831,9.9722,0.21,38.8582,38.8582,8.4578,2.9082,0.9395,0.9395,0.9895,0.2831,0.2831,9.9722,0.21,0.0,0.0,0.0,0.0,0.0,0.0,125.31,66.08,125.32,65.95,125.32,65.95,13.32,75.08,CUDA,Bicubic Baseline (3x)
2184,IM-0541-0001.jpeg,sub_chest,3,ok,39.171,7.8701,2.8054,0.9475,0.991,0.2441,9.9658,0.2548,39.171,39.171,7.8701,2.8054,0.9475,0.9475,0.991,0.2441,0.2441,9.9658,0.2548,0.0,0.0,0.0,0.0,0.0,0.0,109.0,72.35,109.02,72.22,109.02,72.22,14.04,71.24,CUDA,Bicubic Baseline (3x)
2185,IM-0542-0001.jpeg,sub_chest,3,ok,38.3693,9.4657,3.0766,0.9331,0.9885,0.3005,9.9712,0.1999,38.3693,38.3693,9.4657,3.0766,0.9331,0.9331,0.9885,0.3005,0.3005,9.9712,0.1999,0.0,0.0,0.0,0.0,0.0,0.0,130.7,61.25,130.71,61.09,130.71,61.09,13.54,73.83,CUDA,Bicubic Baseline (3x)
2186,IM-0543-0001-0002.jpeg,sub_chest,3,ok,38.2942,9.6307,3.1033,0.9388,0.9894,0.3044,9.9735,0.1973,38.2942,38.2942,9.6307,3.1033,0.9388,0.9388,0.9894,0.3044,0.3044,9.9735,0.1973,0.0,0.0,0.0,0.0,0.0,0.0,123.33,55.82,123.34,55.66,123.34,55.66,14.15,70.67,CUDA,Bicubic Baseline (3x)
2187,IM-0543-0001.jpeg,sub_chest,3,ok,38.7989,8.574,2.9281,0.9437,0.9903,0.27,9.9713,0.2134,38.7989,38.7989,8.574,2.9281,0.9437,0.9437,0.9903,0.27,0.27,9.9713,0.2134,0.0,0.0,0.0,0.0,0.0,0.0,112.44,62.64,112.44,62.5,112.44,62.5,13.28,75.31,CUDA,Bicubic Baseline (3x)
2188,IM-0544-0001.jpeg,sub_chest,3,ok,38.1681,9.9145,3.1487,0.9313,0.9878,0.2933,9.9685,0.2226,38.1681,38.1681,9.9145,3.1487,0.9313,0.9313,0.9878,0.2933,0.2933,9.9685,0.2226,0.0,0.0,0.0,0.0,0.0,0.0,120.0,58.15,120.01,57.98,120.01,57.98,13.77,72.63,CUDA,Bicubic Baseline (3x)
2189,IM-0545-0001-0001.jpeg,sub_chest,3,ok,39.184,7.8465,2.8012,0.947,0.9907,0.2512,9.9689,0.2443,39.184,39.184,7.8465,2.8012,0.947,0.947,0.9907,0.2512,0.2512,9.9689,0.2443,0.0,0.0,0.0,0.0,0.0,0.0,116.7,64.91,116.71,64.78,116.71,64.78,13.59,73.57,CUDA,Bicubic Baseline (3x)
2190,IM-0545-0001-0002.jpeg,sub_chest,3,ok,38.6311,8.9119,2.9853,0.9426,0.9901,0.2705,9.9702,0.2095,38.6311,38.6311,8.9119,2.9853,0.9426,0.9426,0.9901,0.2705,0.2705,9.9702,0.2095,0.0,0.0,0.0,0.0,0.0,0.0,121.09,63.73,121.1,63.59,121.1,63.59,13.21,75.72,CUDA,Bicubic Baseline (3x)
2191,IM-0545-0001.jpeg,sub_chest,3,ok,37.1808,12.445,3.5278,0.9117,0.9846,0.2899,9.966,0.1997,37.1808,37.1808,12.445,3.5278,0.9117,0.9117,0.9846,0.2899,0.2899,9.966,0.1997,0.0,0.0,0.0,0.0,0.0,0.0,106.69,69.72,106.7,69.55,106.7,69.55,20.32,49.2,CUDA,Bicubic Baseline (3x)
2192,IM-0546-0001.jpeg,sub_chest,3,ok,38.6458,8.8819,2.9802,0.9452,0.9904,0.2447,9.9623,0.2641,38.6458,38.6458,8.8819,2.9802,0.9452,0.9452,0.9904,0.2447,0.2447,9.9623,0.2641,0.0,0.0,0.0,0.0,0.0,0.0,108.58,69.85,108.59,69.71,108.59,69.71,13.23,75.61,CUDA,Bicubic Baseline (3x)
2193,IM-0547-0001.jpeg,sub_chest,3,ok,37.3789,11.8902,3.4482,0.9061,0.9837,0.3264,9.9729,0.1835,37.3789,37.3789,11.8902,3.4482,0.9061,0.9061,0.9837,0.3264,0.3264,9.9729,0.1835,0.0,0.0,0.0,0.0,0.0,0.0,159.24,60.46,159.24,60.28,159.24,60.28,13.23,75.56,CUDA,Bicubic Baseline (3x)
2194,IM-0548-0001.jpeg,sub_chest,3,ok,38.8049,8.5624,2.9262,0.9418,0.99,0.2613,9.9707,0.2073,38.8049,38.8049,8.5624,2.9262,0.9418,0.9418,0.99,0.2613,0.2613,9.9707,0.2073,0.0,0.0,0.0,0.0,0.0,0.0,117.89,75.24,117.91,75.12,117.91,75.12,15.32,65.28,CUDA,Bicubic Baseline (3x)
2195,IM-0549-0001-0001.jpeg,sub_chest,3,ok,38.4188,9.3584,3.0592,0.9374,0.9891,0.2769,9.9683,0.2238,38.4188,38.4188,9.3584,3.0592,0.9374,0.9374,0.9891,0.2769,0.2769,9.9683,0.2238,0.0,0.0,0.0,0.0,0.0,0.0,125.78,62.65,125.79,62.49,125.79,62.49,13.39,74.68,CUDA,Bicubic Baseline (3x)
2196,IM-0549-0001-0002.jpeg,sub_chest,3,ok,39.0097,8.1678,2.8579,0.9438,0.9902,0.2622,9.9679,0.24,39.0097,39.0097,8.1678,2.8579,0.9438,0.9438,0.9902,0.2622,0.2622,9.9679,0.24,0.0,0.0,0.0,0.0,0.0,0.0,126.39,64.22,126.4,64.08,126.4,64.08,13.56,73.75,CUDA,Bicubic Baseline (3x)
2197,IM-0549-0001.jpeg,sub_chest,3,ok,38.546,9.0883,3.0147,0.9285,0.9875,0.3154,9.9737,0.2087,38.546,38.546,9.0883,3.0147,0.9285,0.9285,0.9875,0.3154,0.3154,9.9737,0.2087,0.0,0.0,0.0,0.0,0.0,0.0,115.42,57.02,115.43,56.87,115.43,56.87,13.09,76.41,CUDA,Bicubic Baseline (3x)
2198,IM-0551-0001-0001.jpeg,sub_chest,3,ok,38.862,8.4505,2.907,0.9434,0.99,0.2637,9.9695,0.2179,38.862,38.862,8.4505,2.907,0.9434,0.9434,0.99,0.2637,0.2637,9.9695,0.2179,0.0,0.0,0.0,0.0,0.0,0.0,116.62,64.85,116.63,64.71,116.63,64.71,13.68,73.09,CUDA,Bicubic Baseline (3x)
2199,IM-0551-0001.jpeg,sub_chest,3,ok,38.6297,8.9148,2.9858,0.9361,0.9888,0.2967,9.9759,0.19,38.6297,38.6297,8.9148,2.9858,0.9361,0.9361,0.9888,0.2967,0.2967,9.9759,0.19,0.0,0.0,0.0,0.0,0.0,0.0,146.31,45.29,146.32,45.11,146.32,45.11,13.48,74.18,CUDA,Bicubic Baseline (3x)
