source_path,saved_path,dataset,filename,status,resolution,scale_factor,patches_count,latency_ms,psnr_bicubic_db,mse_bicubic,rmse_bicubic,ssim_bicubic,msssim_bicubic,lpips_bicubic,niqe_bicubic,psnr_fpga_db,mse_fpga,rmse_fpga,ssim_fpga,msssim_fpga,lpips_fpga,lpips,lpips_srgan,niqe_fpga,mean_fpga,std_fpga,mean,std,epi,psnr_model_db,ssim_model,mse_model,rmse_model,psnr_gain_db,msssim_gain,lpips_gain,niqe_gain
/kaggle/input/datasets/duc24kdl/sub-x-ray/sub_X-Ray/sub_NIH/00000001_002.png,,sub_NIH,00000001_002.png,ok,512x512 -> 1024x1024,2,1,265.5,37.7985,10.795194,3.285604,0.9879,0.9985,0.0515,6.4592,38.0616,10.160625,3.187574,0.9897,0.9988,0.0622,0.0622,0.0622,6.5675,167.0814,68.2456,167.0814,68.2456,0.4772,38.0616,0.9897,10.160625,3.187574,0.2631,0.0003,-0.0106,-0.1083
/kaggle/input/datasets/duc24kdl/sub-x-ray/sub_X-Ray/sub_NIH/00000002_000.png,,sub_NIH,00000002_000.png,ok,512x512 -> 1024x1024,2,1,321.35,45.26,1.936776,1.391681,0.982,0.998,0.0671,6.7641,45.7997,1.710454,1.307843,0.9842,0.9983,0.0827,0.0827,0.0827,6.5552,180.0683,47.8642,180.0683,47.8642,0.4599,45.7997,0.9842,1.710454,1.307843,0.5397,0.0003,-0.0156,0.209
/kaggle/input/datasets/duc24kdl/sub-x-ray/sub_X-Ray/sub_NIH/00000003_003.png,,sub_NIH,00000003_003.png,ok,512x512 -> 1024x1024,2,1,255.68,38.6789,8.814395,2.968905,0.961,0.9965,0.1455,6.6467,38.9178,8.342603,2.888356,0.9631,0.9967,0.1681,0.1681,0.1681,6.5866,138.8884,67.8672,138.8884,67.8672,0.4748,38.9178,0.9631,8.342603,2.888356,0.2389,0.0003,-0.0226,0.0601
/kaggle/input/datasets/duc24kdl/sub-x-ray/sub_X-Ray/sub_NIH/00000003_006.png,,sub_NIH,00000003_006.png,ok,512x512 -> 1024x1024,2,1,268.59,41.5393,4.561945,2.135871,0.9675,0.997,0.1187,6.3813,41.8659,4.231415,2.05704,0.9694,0.9973,0.1365,0.1365,0.1365,6.5417,108.6558,75.8045,108.6558,75.8045,0.4507,41.8659,0.9694,4.231415,2.05704,0.3266,0.0003,-0.0178,-0.1605
/kaggle/input/datasets/duc24kdl/sub-x-ray/sub_X-Ray/sub_NIH/00000005_000.png,,sub_NIH,00000005_000.png,ok,512x512 -> 1024x1024,2,1,266.99,36.9756,13.047206,3.612092,0.9862,0.9984,0.0559,6.2528,37.2266,12.3145,3.509202,0.988,0.9987,0.0684,0.0684,0.0684,6.3466,170.1933,61.5498,170.1933,61.5498,0.5572,37.2266,0.988,12.3145,3.509202,0.251,0.0003,-0.0125,-0.0938
/kaggle/input/datasets/duc24kdl/sub-x-ray/sub_X-Ray/sub_NIH/00000011_000.png,,sub_NIH,00000011_000.png,ok,512x512 -> 1024x1024,2,1,269.32,41.8782,4.219494,2.054141,0.9538,0.9959,0.1661,6.8442,42.1463,3.96692,1.991713,0.9561,0.9962,0.1847,0.1847,0.1847,6.585,122.297,65.5521,122.297,65.5521,0.3744,42.1463,0.9561,3.96692,1.991713,0.2681,0.0003,-0.0186,0.2593
/kaggle/input/datasets/duc24kdl/sub-x-ray/sub_X-Ray/sub_NIH/00000011_001.png,,sub_NIH,00000011_001.png,ok,512x512 -> 1024x1024,2,1,268.75,37.7921,10.81121,3.28804,0.9855,0.9983,0.0636,6.9561,38.0658,10.150778,3.186029,0.9873,0.9986,0.0771,0.0771,0.0771,6.7805,172.5729,61.5607,172.5729,61.5607,0.5046,38.0658,0.9873,10.150778,3.186029,0.2737,0.0003,-0.0134,0.1756
/kaggle/input/datasets/duc24kdl/sub-x-ray/sub_X-Ray/sub_NIH/00000011_002.png,,sub_NIH,00000011_002.png,ok,512x512 -> 1024x1024,2,1,268.62,42.1792,3.936918,1.984167,0.9603,0.9965,0.1539,6.9713,42.4546,3.69508,1.922259,0.9625,0.9968,0.1739,0.1739,0.1739,6.7542,123.2735,65.677,123.2735,65.677,0.3755,42.4546,0.9625,3.69508,1.922259,0.2753,0.0003,-0.02,0.2172
/kaggle/input/datasets/duc24kdl/sub-x-ray/sub_X-Ray/sub_NIH/00000011_008.png,,sub_NIH,00000011_008.png,ok,512x512 -> 1024x1024,2,1,271.32,42.4984,3.657941,1.912574,0.9635,0.9968,0.1493,6.9928,42.7586,3.445282,1.856147,0.9655,0.997,0.17,0.17,0.17,6.8801,121.6453,67.5127,121.6453,67.5127,0.3717,42.7586,0.9655,3.445282,1.856147,0.2601,0.0003,-0.0207,0.1127
/kaggle/input/datasets/duc24kdl/sub-x-ray/sub_X-Ray/sub_NIH/00000013_008.png,,sub_NIH,00000013_008.png,ok,512x512 -> 1024x1024,2,1,268.77,37.2449,12.262752,3.501821,0.9683,0.9969,0.1189,6.2448,37.5696,11.379487,3.37335,0.9708,0.9973,0.1348,0.1348,0.1348,6.2052,132.6515,60.7021,132.6515,60.7021,0.6025,37.5696,0.9708,11.379487,3.37335,0.3247,0.0003,-0.0159,0.0396
/kaggle/input/datasets/duc24kdl/sub-x-ray/sub_X-Ray/sub_NIH/00000013_010.png,,sub_NIH,00000013_010.png,ok,512x512 -> 1024x1024,2,1,271.59,37.1525,12.526658,3.539302,0.9673,0.9969,0.1197,6.3905,37.5259,11.494443,3.390346,0.97,0.9972,0.1345,0.1345,0.1345,6.4411,112.2462,56.159,112.2462,56.159,0.5901,37.5259,0.97,11.494443,3.390346,0.3735,0.0004,-0.0148,-0.0506
/kaggle/input/datasets/duc24kdl/sub-x-ray/sub_X-Ray/sub_NIH/00000013_012.png,,sub_NIH,00000013_012.png,ok,512x512 -> 1024x1024,2,1,269.79,37.6838,11.084048,3.329271,0.9671,0.9968,0.1181,6.2972,38.0199,10.258673,3.202916,0.9698,0.9972,0.1344,0.1344,0.1344,6.3861,116.6079,55.8963,116.6079,55.8963,0.5942,38.0199,0.9698,10.258673,3.202916,0.3361,0.0004,-0.0163,-0.089
/kaggle/input/datasets/duc24kdl/sub-x-ray/sub_X-Ray/sub_NIH/00000013_014.png,,sub_NIH,00000013_014.png,ok,512x512 -> 1024x1024,2,1,269.06,44.7205,2.192935,1.480856,0.9756,0.9974,0.0911,6.7136,45.127,1.997012,1.413157,0.9778,0.9977,0.1163,0.1163,0.1163,6.5629,112.1018,29.3046,112.1018,29.3046,0.4351,45.127,0.9778,1.997012,1.413157,0.4065,0.0003,-0.0252,0.1507
/kaggle/input/datasets/duc24kdl/sub-x-ray/sub_X-Ray/sub_NIH/00000013_015.png,,sub_NIH,00000013_015.png,ok,512x512 -> 1024x1024,2,1,272.32,44.7679,2.16917,1.47281,0.9774,0.9975,0.083,6.4632,45.1925,1.96714,1.402548,0.9796,0.9978,0.1077,0.1077,0.1077,6.3138,111.9124,29.6755,111.9124,29.6755,0.4388,45.1925,0.9796,1.96714,1.402548,0.4246,0.0003,-0.0247,0.1494
/kaggle/input/datasets/duc24kdl/sub-x-ray/sub_X-Ray/sub_NIH/00000013_017.png,,sub_NIH,00000013_017.png,ok,512x512 -> 1024x1024,2,1,270.54,44.0812,2.540718,1.593963,0.9775,0.9976,0.0835,6.7561,44.5155,2.298933,1.516223,0.9797,0.9979,0.1069,0.1069,0.1069,6.5019,110.3405,32.9843,110.3405,32.9843,0.456,44.5155,0.9797,2.298933,1.516223,0.4343,0.0003,-0.0234,0.2542
/kaggle/input/datasets/duc24kdl/sub-x-ray/sub_X-Ray/sub_NIH/00000013_022.png,,sub_NIH,00000013_022.png,ok,512x512 -> 1024x1024,2,1,272.22,40.2026,6.20613,2.491211,0.9619,0.9966,0.1256,6.136,40.5097,5.782394,2.404661,0.9642,0.9969,0.1421,0.1421,0.1421,6.0378,101.6925,67.0708,101.6925,67.0708,0.437,40.5097,0.9642,5.782394,2.404661,0.3071,0.0003,-0.0165,0.0982
/kaggle/input/datasets/duc24kdl/sub-x-ray/sub_X-Ray/sub_NIH/00000013_023.png,,sub_NIH,00000013_023.png,ok,512x512 -> 1024x1024,2,1,273.1,36.9847,13.019915,3.608312,0.9818,0.9979,0.0871,6.7905,37.2913,12.132631,3.483193,0.9839,0.9982,0.1106,0.1106,0.1106,6.8843,115.804,46.3979,115.804,46.3979,0.505,37.2913,0.9839,12.132631,3.483193,0.3065,0.0003,-0.0235,-0.0938
/kaggle/input/datasets/duc24kdl/sub-x-ray/sub_X-Ray/sub_NIH/00000013_027.png,,sub_NIH,00000013_027.png,ok,512x512 -> 1024x1024,2,1,271.09,38.2801,9.662133,3.108397,0.9834,0.9981,0.0778,7.1204,38.606,8.963618,2.99393,0.9854,0.9984,0.0985,0.0985,0.0985,7.0227,116.9845,47.5633,116.9845,47.5633,0.5283,38.606,0.9854,8.963618,2.99393,0.3259,0.0003,-0.0207,0.0977
/kaggle/input/datasets/duc24kdl/sub-x-ray/sub_X-Ray/sub_NIH/00000013_037.png,,sub_NIH,00000013_037.png,ok,512x512 -> 1024x1024,2,1,272.7,39.9512,6.576023,2.564376,0.9617,0.9965,0.1292,5.7507,40.2163,6.186598,2.487287,0.9642,0.9968,0.1455,0.1455,0.1455,5.8005,102.1286,67.9109,102.1286,67.9109,0.4309,40.2163,0.9642,6.186598,2.487287,0.2651,0.0003,-0.0163,-0.0498
/kaggle/input/datasets/duc24kdl/sub-x-ray/sub_X-Ray/sub_NIH/00000013_039.png,,sub_NIH,00000013_039.png,ok,512x512 -> 1024x1024,2,1,273.54,40.0654,6.40529,2.530868,0.9631,0.9966,0.122,5.7283,40.3425,6.009447,2.451417,0.9655,0.997,0.1384,0.1384,0.1384,5.7866,98.005,66.443,98.005,66.443,0.4319,40.3425,0.9655,6.009447,2.451417,0.277,0.0003,-0.0163,-0.0582
/kaggle/input/datasets/duc24kdl/sub-x-ray/sub_X-Ray/sub_NIH/00000013_040.png,,sub_NIH,00000013_040.png,ok,512x512 -> 1024x1024,2,1,272.9,40.3315,6.024574,2.454501,0.9553,0.9959,0.1469,5.773,40.6342,5.619073,2.370458,0.9579,0.9963,0.1647,0.1647,0.1647,5.8485,111.6018,64.1873,111.6018,64.1873,0.45,40.6342,0.9579,5.619073,2.370458,0.3026,0.0004,-0.0178,-0.0755
/kaggle/input/datasets/duc24kdl/sub-x-ray/sub_X-Ray/sub_NIH/00000018_000.png,,sub_NIH,00000018_000.png,ok,512x512 -> 1024x1024,2,1,257.36,37.1618,12.499819,3.535508,0.9863,0.9984,0.0597,6.6845,37.4037,11.822419,3.438374,0.9881,0.9987,0.0725,0.0725,0.0725,6.728,172.2562,58.8966,172.2562,58.8966,0.484,37.4037,0.9881,11.822419,3.438374,0.242,0.0003,-0.0128,-0.0435
/kaggle/input/datasets/duc24kdl/sub-x-ray/sub_X-Ray/sub_NIH/00000019_000.png,,sub_NIH,00000019_000.png,ok,512x512 -> 1024x1024,2,1,272.43,41.5117,4.591062,2.142676,0.9627,0.9966,0.1311,6.2173,41.7979,4.298286,2.073231,0.965,0.9969,0.1517,0.1517,0.1517,6.1276,120.512,66.0902,120.512,66.0902,0.4196,41.7979,0.965,4.298286,2.073231,0.2862,0.0003,-0.0206,0.0897
/kaggle/input/datasets/duc24kdl/sub-x-ray/sub_X-Ray/sub_NIH/00000020_000.png,,sub_NIH,00000020_000.png,ok,512x512 -> 1024x1024,2,1,276.15,41.1903,4.94372,2.223448,0.9634,0.9968,0.121,6.1922,41.393,4.718254,2.172154,0.9655,0.997,0.1347,0.1347,0.1347,6.2139,105.3048,75.6051,105.3048,75.6051,0.3412,41.393,0.9655,4.718254,2.172154,0.2027,0.0003,-0.0137,-0.0217
/kaggle/input/datasets/duc24kdl/sub-x-ray/sub_X-Ray/sub_NIH/00000020_001.png,,sub_NIH,00000020_001.png,ok,512x512 -> 1024x1024,2,1,273.64,41.3693,4.744038,2.178081,0.9619,0.9966,0.1255,6.1988,41.7001,4.396125,2.096694,0.964,0.9969,0.1387,0.1387,0.1387,6.0832,103.512,75.4063,103.512,75.4063,0.4373,41.7001,0.964,4.396125,2.096694,0.3308,0.0003,-0.0132,0.1155
/kaggle/input/datasets/duc24kdl/sub-x-ray/sub_X-Ray/sub_NIH/00000021_001.png,,sub_NIH,00000021_001.png,ok,512x512 -> 1024x1024,2,1,273.23,36.8577,13.406206,3.661449,0.9778,0.9977,0.0916,6.3985,37.1388,12.566171,3.54488,0.98,0.998,0.1077,0.1077,0.1077,6.3647,160.9745,59.7202,160.9745,59.7202,0.5082,37.1388,0.98,12.566171,3.54488,0.281,0.0003,-0.0161,0.0338
/kaggle/input/datasets/duc24kdl/sub-x-ray/sub_X-Ray/sub_NIH/00000022_000.png,,sub_NIH,00000022_000.png,ok,512x512 -> 1024x1024,2,1,274.75,44.4525,2.332532,1.527263,0.9851,0.9983,0.0736,6.8739,44.4833,2.316089,1.52187,0.9871,0.9986,0.0908,0.0908,0.0908,6.748,165.357,41.1965,165.357,41.1965,0.4936,44.4833,0.9871,2.316089,1.52187,0.0307,0.0003,-0.0172,0.1259
/kaggle/input/datasets/duc24kdl/sub-x-ray/sub_X-Ray/sub_NIH/00000028_000.png,,sub_NIH,00000028_000.png,ok,512x512 -> 1024x1024,2,1,274.46,37.923,10.490079,3.238839,0.9834,0.9982,0.0639,6.7239,38.1651,9.921325,3.149814,0.9854,0.9984,0.0788,0.0788,0.0788,6.8325,165.9046,52.8227,165.9046,52.8227,0.4691,38.1651,0.9854,9.921325,3.149814,0.2421,0.0003,-0.0149,-0.1086
/kaggle/input/datasets/duc24kdl/sub-x-ray/sub_X-Ray/sub_NIH/00000032_011.png,,sub_NIH,00000032_011.png,ok,512x512 -> 1024x1024,2,1,274.78,37.9312,10.470387,3.235798,0.976,0.9976,0.1122,7.3121,38.1489,9.958372,3.155689,0.9779,0.9978,0.1342,0.1342,0.1342,7.2817,157.2048,51.6338,157.2048,51.6338,0.4633,38.1489,0.9779,9.958372,3.155689,0.2177,0.0002,-0.022,0.0303
/kaggle/input/datasets/duc24kdl/sub-x-ray/sub_X-Ray/sub_NIH/00000032_015.png,,sub_NIH,00000032_015.png,ok,512x512 -> 1024x1024,2,1,274.41,38.2981,9.622059,3.101944,0.9853,0.9983,0.0609,7.2204,38.5505,9.078765,3.013099,0.987,0.9985,0.0774,0.0774,0.0774,7.3266,158.0018,56.0175,158.0018,56.0175,0.4731,38.5505,0.987,9.078765,3.013099,0.2524,0.0002,-0.0165,-0.1062
/kaggle/input/datasets/duc24kdl/sub-x-ray/sub_X-Ray/sub_NIH/00000032_019.png,,sub_NIH,00000032_019.png,ok,512x512 -> 1024x1024,2,1,276.94,38.5842,9.00858,3.00143,0.9881,0.9985,0.0506,8.2682,38.818,8.536541,2.921736,0.9897,0.9987,0.0662,0.0662,0.0662,7.8902,153.7477,59.3032,153.7477,59.3032,0.4848,38.818,0.9897,8.536541,2.921736,0.2337,0.0002,-0.0156,0.378
/kaggle/input/datasets/duc24kdl/sub-x-ray/sub_X-Ray/sub_NIH/00000032_023.png,,sub_NIH,00000032_023.png,ok,512x512 -> 1024x1024,2,1,274.68,38.4588,9.272629,3.045099,0.9867,0.9984,0.0566,7.6145,38.7105,8.750369,2.958102,0.9883,0.9986,0.0727,0.0727,0.0727,7.4204,151.5973,60.7104,151.5973,60.7104,0.4775,38.7105,0.9883,8.750369,2.958102,0.2518,0.0002,-0.016,0.1941
/kaggle/input/datasets/duc24kdl/sub-x-ray/sub_X-Ray/sub_NIH/00000032_024.png,,sub_NIH,00000032_024.png,ok,512x512 -> 1024x1024,2,1,275.78,48.1301,1.000151,1.000075,0.9899,0.9986,0.0385,9.5266,48.6942,0.87833,0.937192,0.9914,0.9988,0.0547,0.0547,0.0547,8.521,168.0289,49.7119,168.0289,49.7119,0.4161,48.6942,0.9914,0.87833,0.937192,0.5641,0.0002,-0.0162,1.0056
/kaggle/input/datasets/duc24kdl/sub-x-ray/sub_X-Ray/sub_NIH/00000032_031.png,,sub_NIH,00000032_031.png,ok,512x512 -> 1024x1024,2,1,274.89,39.0799,8.036907,2.834944,0.99,0.9986,0.0552,8.8137,39.321,7.60298,2.75735,0.9915,0.9988,0.0764,0.0764,0.0764,8.7747,155.6128,44.6956,155.6128,44.6956,0.489,39.321,0.9915,7.60298,2.75735,0.2411,0.0002,-0.0212,0.0391
/kaggle/input/datasets/duc24kdl/sub-x-ray/sub_X-Ray/sub_NIH/00000032_035.png,,sub_NIH,00000032_035.png,ok,512x512 -> 1024x1024,2,1,277.95,40.2591,6.125967,2.475069,0.9815,0.998,0.0982,7.8902,40.5216,5.76662,2.401379,0.9834,0.9982,0.1237,0.1237,0.1237,7.7423,116.5619,52.9385,116.5619,52.9385,0.4604,40.5216,0.9834,5.76662,2.401379,0.2625,0.0002,-0.0256,0.1479
/kaggle/input/datasets/duc24kdl/sub-x-ray/sub_X-Ray/sub_NIH/00000032_040.png,,sub_NIH,00000032_040.png,ok,512x512 -> 1024x1024,2,1,275.44,38.2832,9.655118,3.107269,0.9871,0.9984,0.0592,7.6153,38.5039,9.176855,3.029333,0.9888,0.9986,0.0759,0.0759,0.0759,7.5705,158.4182,49.8525,158.4182,49.8525,0.4767,38.5039,0.9888,9.176855,3.029333,0.2206,0.0002,-0.0167,0.0448
/kaggle/input/datasets/duc24kdl/sub-x-ray/sub_X-Ray/sub_NIH/00000032_047.png,,sub_NIH,00000032_047.png,ok,512x512 -> 1024x1024,2,1,277.07,39.1454,7.916674,2.813659,0.9851,0.9983,0.0792,7.6292,39.4014,7.463504,2.731941,0.9869,0.9985,0.1007,0.1007,0.1007,7.4965,116.0541,52.7285,116.0541,52.7285,0.4776,39.4014,0.9869,7.463504,2.731941,0.256,0.0002,-0.0216,0.1327
/kaggle/input/datasets/duc24kdl/sub-x-ray/sub_X-Ray/sub_NIH/00000032_050.png,,sub_NIH,00000032_050.png,ok,512x512 -> 1024x1024,2,1,280.2,40.4266,5.894179,2.427793,0.9836,0.9981,0.0834,7.521,40.7035,5.530072,2.35161,0.9855,0.9984,0.1059,0.1059,0.1059,7.4062,112.6345,59.239,112.6345,59.239,0.4612,40.7035,0.9855,5.530072,2.35161,0.2769,0.0002,-0.0226,0.1148
/kaggle/input/datasets/duc24kdl/sub-x-ray/sub_X-Ray/sub_NIH/00000035_000.png,,sub_NIH,00000035_000.png,ok,512x512 -> 1024x1024,2,1,278.33,42.0611,4.04548,2.011338,0.9656,0.9969,0.123,6.2264,42.372,3.765997,1.940618,0.9677,0.9972,0.1388,0.1388,0.1388,6.2305,109.8543,70.0747,109.8543,70.0747,0.4211,42.372,0.9677,3.765997,1.940618,0.3109,0.0003,-0.0158,-0.004
/kaggle/input/datasets/duc24kdl/sub-x-ray/sub_X-Ray/sub_NIH/00000036_000.png,,sub_NIH,00000036_000.png,ok,512x512 -> 1024x1024,2,1,280.26,41.7067,4.389438,2.095099,0.9628,0.9967,0.1361,6.6928,42.0004,4.102452,2.025451,0.9649,0.997,0.1541,0.1541,0.1541,6.5884,116.8758,70.2039,116.8758,70.2039,0.3808,42.0004,0.9649,4.102452,2.025451,0.2937,0.0003,-0.018,0.1044
/kaggle/input/datasets/duc24kdl/sub-x-ray/sub_X-Ray/sub_NIH/00000040_003.png,,sub_NIH,00000040_003.png,ok,512x512 -> 1024x1024,2,1,278.15,36.1405,15.813739,3.976649,0.9825,0.9981,0.076,6.4847,36.3752,14.981521,3.870597,0.9845,0.9984,0.0898,0.0898,0.0898,6.5545,177.7384,48.2805,177.7384,48.2805,0.4954,36.3752,0.9845,14.981521,3.870597,0.2348,0.0003,-0.0137,-0.0698
/kaggle/input/datasets/duc24kdl/sub-x-ray/sub_X-Ray/sub_NIH/00000042_004.png,,sub_NIH,00000042_004.png,ok,512x512 -> 1024x1024,2,1,277.14,35.6802,17.58187,4.193074,0.9727,0.9972,0.1053,6.3836,35.9869,16.38285,4.047573,0.9751,0.9976,0.1239,0.1239,0.1239,6.5421,132.3166,55.353,132.3166,55.353,0.6007,35.9869,0.9751,16.38285,4.047573,0.3068,0.0003,-0.0186,-0.1585
/kaggle/input/datasets/duc24kdl/sub-x-ray/sub_X-Ray/sub_NIH/00000042_007.png,,sub_NIH,00000042_007.png,ok,512x512 -> 1024x1024,2,1,278.94,41.9902,4.112022,2.027812,0.9652,0.9968,0.1254,6.1961,42.2484,3.874694,1.968424,0.9674,0.9971,0.1439,0.1439,0.1439,6.2097,131.311,67.2934,131.311,67.2934,0.3928,42.2484,0.9674,3.874694,1.968424,0.2582,0.0003,-0.0185,-0.0136
/kaggle/input/datasets/duc24kdl/sub-x-ray/sub_X-Ray/sub_NIH/00000044_000.png,,sub_NIH,00000044_000.png,ok,512x512 -> 1024x1024,2,1,278.46,44.8444,2.131262,1.459884,0.978,0.9976,0.0807,6.5397,45.2913,1.922851,1.386669,0.9802,0.9979,0.1056,0.1056,0.1056,6.5002,108.9948,35.0144,108.9948,35.0144,0.4474,45.2913,0.9802,1.922851,1.386669,0.4469,0.0003,-0.0249,0.0395
/kaggle/input/datasets/duc24kdl/sub-x-ray/sub_X-Ray/sub_NIH/00000044_001.png,,sub_NIH,00000044_001.png,ok,512x512 -> 1024x1024,2,1,277.76,36.0613,16.104574,4.013051,0.9721,0.9972,0.1115,6.3848,36.1756,15.686214,3.960583,0.9744,0.9975,0.1316,0.1316,0.1316,6.4322,143.7545,50.5927,143.7545,50.5927,0.5634,36.1756,0.9744,15.686214,3.960583,0.1143,0.0003,-0.0201,-0.0473
/kaggle/input/datasets/duc24kdl/sub-x-ray/sub_X-Ray/sub_NIH/00000047_000.png,,sub_NIH,00000047_000.png,ok,512x512 -> 1024x1024,2,1,278.57,36.8116,13.549411,3.680952,0.9859,0.9984,0.0491,6.2539,37.055,12.810858,3.579226,0.9876,0.9986,0.0571,0.0571,0.0571,6.3959,190.9483,58.2347,190.9483,58.2347,0.4776,37.055,0.9876,12.810858,3.579226,0.2434,0.0003,-0.008,-0.142
/kaggle/input/datasets/duc24kdl/sub-x-ray/sub_X-Ray/sub_NIH/00000049_001.png,,sub_NIH,00000049_001.png,ok,512x512 -> 1024x1024,2,1,278.55,41.8362,4.260513,2.064101,0.9628,0.9966,0.1244,6.2037,42.1078,4.002243,2.000561,0.9652,0.997,0.1399,0.1399,0.1399,6.1411,98.2524,67.5737,98.2524,67.5737,0.3927,42.1078,0.9652,4.002243,2.000561,0.2716,0.0003,-0.0156,0.0626
/kaggle/input/datasets/duc24kdl/sub-x-ray/sub_X-Ray/sub_NIH/00000051_000.png,,sub_NIH,00000051_000.png,ok,512x512 -> 1024x1024,2,1,278.48,35.3448,18.99326,4.358126,0.9777,0.9978,0.0817,6.3663,35.7264,17.395701,4.170815,0.9801,0.9981,0.0965,0.0965,0.0965,6.3881,128.2474,64.7602,128.2474,64.7602,0.5486,35.7264,0.9801,17.395701,4.170815,0.3816,0.0003,-0.0148,-0.0218
/kaggle/input/datasets/duc24kdl/sub-x-ray/sub_X-Ray/sub_NIH/00000053_001.png,,sub_NIH,00000053_001.png,ok,512x512 -> 1024x1024,2,1,276.09,35.9957,16.349832,4.043493,0.9676,0.9968,0.1037,5.8309,36.2601,15.384028,3.922248,0.97,0.9972,0.1197,0.1197,0.1197,5.8924,125.5513,68.6905,125.5513,68.6905,0.6312,36.2601,0.97,15.384028,3.922248,0.2644,0.0003,-0.0159,-0.0615
/kaggle/input/datasets/duc24kdl/sub-x-ray/sub_X-Ray/sub_NIH/00000054_007.png,,sub_NIH,00000054_007.png,ok,512x512 -> 1024x1024,2,1,277.55,40.8463,5.351174,2.313261,0.9617,0.9966,0.1428,6.2259,41.0787,5.072331,2.252184,0.9636,0.9968,0.1626,0.1626,0.1626,6.1402,128.9636,72.7471,128.9636,72.7471,0.3624,41.0787,0.9636,5.072331,2.252184,0.2324,0.0003,-0.0198,0.0858
/kaggle/input/datasets/duc24kdl/sub-x-ray/sub_X-Ray/sub_NIH/00000057_000.png,,sub_NIH,00000057_000.png,ok,512x512 -> 1024x1024,2,1,278.99,40.0479,6.431186,2.535978,0.9806,0.9979,0.0757,6.4796,40.4192,5.904205,2.429857,0.9829,0.9982,0.0914,0.0914,0.0914,6.2691,140.4764,67.2727,140.4764,67.2727,0.5809,40.4192,0.9829,5.904205,2.429857,0.3713,0.0003,-0.0156,0.2105
/kaggle/input/datasets/duc24kdl/sub-x-ray/sub_X-Ray/sub_NIH/00000057_002.png,,sub_NIH,00000057_002.png,ok,512x512 -> 1024x1024,2,1,279.03,41.0006,5.164455,2.272544,0.9566,0.9961,0.1558,6.5434,41.2248,4.904584,2.21463,0.9587,0.9964,0.1767,0.1767,0.1767,6.5849,130.6715,70.4777,130.6715,70.4777,0.3506,41.2248,0.9587,4.904584,2.21463,0.2242,0.0003,-0.0209,-0.0415
/kaggle/input/datasets/duc24kdl/sub-x-ray/sub_X-Ray/sub_NIH/00000061_001.png,,sub_NIH,00000061_001.png,ok,512x512 -> 1024x1024,2,1,284.33,40.3323,6.023495,2.454281,0.9539,0.9958,0.1591,6.1818,40.5882,5.678864,2.383037,0.9566,0.9962,0.1778,0.1778,0.1778,6.1673,128.2556,61.7561,128.2556,61.7561,0.3929,40.5882,0.9566,5.678864,2.383037,0.2559,0.0004,-0.0187,0.0146
/kaggle/input/datasets/duc24kdl/sub-x-ray/sub_X-Ray/sub_NIH/00000061_005.png,,sub_NIH,00000061_005.png,ok,512x512 -> 1024x1024,2,1,281.07,39.181,7.852086,2.802157,0.9637,0.9964,0.1345,6.4301,39.4608,7.362037,2.713307,0.9661,0.9968,0.1551,0.1551,0.1551,6.5029,131.6071,61.5031,131.6071,61.5031,0.5339,39.4608,0.9661,7.362037,2.713307,0.2799,0.0003,-0.0207,-0.0728
/kaggle/input/datasets/duc24kdl/sub-x-ray/sub_X-Ray/sub_NIH/00000061_012.png,,sub_NIH,00000061_012.png,ok,512x512 -> 1024x1024,2,1,277.76,36.9837,13.023096,3.608753,0.9733,0.9973,0.0987,6.1207,37.2692,12.19446,3.492057,0.9756,0.9976,0.1161,0.1161,0.1161,6.0912,128.1453,61.2781,128.1453,61.2781,0.614,37.2692,0.9756,12.19446,3.492057,0.2855,0.0003,-0.0174,0.0295
/kaggle/input/datasets/duc24kdl/sub-x-ray/sub_X-Ray/sub_NIH/00000061_016.png,,sub_NIH,00000061_016.png,ok,512x512 -> 1024x1024,2,1,281.28,35.5805,17.989941,4.241455,0.9655,0.9966,0.1282,6.0298,35.9219,16.629915,4.077979,0.968,0.9969,0.1481,0.1481,0.1481,6.2441,134.8603,57.7694,134.8603,57.7694,0.5982,35.9219,0.968,16.629915,4.077979,0.3414,0.0003,-0.0199,-0.2143
/kaggle/input/datasets/duc24kdl/sub-x-ray/sub_X-Ray/sub_NIH/00000062_000.png,,sub_NIH,00000062_000.png,ok,512x512 -> 1024x1024,2,1,282.71,40.6391,5.612625,2.369098,0.9642,0.9968,0.129,6.3653,40.8523,5.343752,2.311656,0.9662,0.9971,0.1469,0.1469,0.1469,6.3435,122.8898,73.6089,122.8898,73.6089,0.3523,40.8523,0.9662,5.343752,2.311656,0.2132,0.0003,-0.0179,0.0219
/kaggle/input/datasets/duc24kdl/sub-x-ray/sub_X-Ray/sub_NIH/00000069_000.png,,sub_NIH,00000069_000.png,ok,512x512 -> 1024x1024,2,1,284.79,42.0728,4.034582,2.008627,0.9701,0.9971,0.1135,6.4103,42.3534,3.782166,1.944779,0.9721,0.9974,0.1322,0.1322,0.1322,6.1896,121.6091,67.5054,121.6091,67.5054,0.4301,42.3534,0.9721,3.782166,1.944779,0.2806,0.0003,-0.0188,0.2207
/kaggle/input/datasets/duc24kdl/sub-x-ray/sub_X-Ray/sub_NIH/00000075_000.png,,sub_NIH,00000075_000.png,ok,512x512 -> 1024x1024,2,1,282.38,39.934,6.602027,2.569441,0.963,0.9966,0.105,5.9863,40.2733,6.105922,2.471016,0.9653,0.9969,0.118,0.118,0.118,5.9317,94.066,70.036,94.066,70.036,0.4838,40.2733,0.9653,6.105922,2.471016,0.3393,0.0003,-0.013,0.0546
/kaggle/input/datasets/duc24kdl/sub-x-ray/sub_X-Ray/sub_NIH/00000077_000.png,,sub_NIH,00000077_000.png,ok,512x512 -> 1024x1024,2,1,282.58,44.9782,2.066604,1.437569,0.9792,0.9978,0.0897,6.849,45.4525,1.852809,1.361179,0.9815,0.9981,0.1089,0.1089,0.1089,6.7673,162.2325,47.0651,162.2325,47.0651,0.4732,45.4525,0.9815,1.852809,1.361179,0.4743,0.0003,-0.0192,0.0817
/kaggle/input/datasets/duc24kdl/sub-x-ray/sub_X-Ray/sub_NIH/00000078_000.png,,sub_NIH,00000078_000.png,ok,512x512 -> 1024x1024,2,1,281.75,41.4848,4.619531,2.149309,0.9652,0.9969,0.121,6.2079,41.7739,4.322069,2.078959,0.9672,0.9972,0.136,0.136,0.136,6.2534,101.2329,76.0844,101.2329,76.0844,0.4272,41.7739,0.9672,4.322069,2.078959,0.2891,0.0003,-0.015,-0.0455
/kaggle/input/datasets/duc24kdl/sub-x-ray/sub_X-Ray/sub_NIH/00000079_000.png,,sub_NIH,00000079_000.png,ok,512x512 -> 1024x1024,2,1,283.1,45.511,1.82801,1.352039,0.9818,0.998,0.0673,6.8162,46.0936,1.598523,1.264327,0.9842,0.9983,0.082,0.082,0.082,6.7134,169.7857,49.4895,169.7857,49.4895,0.4923,46.0936,0.9842,1.598523,1.264327,0.5826,0.0003,-0.0147,0.1028
/kaggle/input/datasets/duc24kdl/sub-x-ray/sub_X-Ray/sub_NIH/00000080_003.png,,sub_NIH,00000080_003.png,ok,512x512 -> 1024x1024,2,1,283.29,35.9506,16.520433,4.064534,0.977,0.9976,0.081,5.6989,36.2719,15.342363,3.916933,0.9794,0.9979,0.0972,0.0972,0.0972,6.0806,112.2471,58.4759,112.2471,58.4759,0.5823,36.2719,0.9794,15.342363,3.916933,0.3213,0.0003,-0.0162,-0.3816
/kaggle/input/datasets/duc24kdl/sub-x-ray/sub_X-Ray/sub_NIH/00000080_005.png,,sub_NIH,00000080_005.png,ok,512x512 -> 1024x1024,2,1,286.99,45.5547,1.809708,1.345254,0.9779,0.9976,0.0854,7.356,46.0089,1.630006,1.276717,0.9801,0.9979,0.1099,0.1099,0.1099,6.8084,100.3798,40.7106,100.3798,40.7106,0.4153,46.0089,0.9801,1.630006,1.276717,0.4542,0.0003,-0.0245,0.5476
/kaggle/input/datasets/duc24kdl/sub-x-ray/sub_X-Ray/sub_NIH/00000082_000.png,,sub_NIH,00000082_000.png,ok,512x512 -> 1024x1024,2,1,285.14,41.495,4.608715,2.146792,0.9716,0.9974,0.1111,6.447,41.7302,4.365732,2.089433,0.9735,0.9976,0.1291,0.1291,0.1291,6.4153,109.3151,61.2867,109.3151,61.2867,0.3483,41.7302,0.9735,4.365732,2.089433,0.2352,0.0003,-0.018,0.0317
/kaggle/input/datasets/duc24kdl/sub-x-ray/sub_X-Ray/sub_NIH/00000087_000.png,,sub_NIH,00000087_000.png,ok,512x512 -> 1024x1024,2,1,283.62,36.3517,15.062913,3.881097,0.9665,0.9967,0.125,6.205,36.7257,13.819987,3.717524,0.9692,0.9971,0.1431,0.1431,0.1431,6.3555,119.9103,51.2263,119.9103,51.2263,0.5797,36.7257,0.9692,13.819987,3.717524,0.374,0.0004,-0.0181,-0.1505
/kaggle/input/datasets/duc24kdl/sub-x-ray/sub_X-Ray/sub_NIH/00000090_000.png,,sub_NIH,00000090_000.png,ok,512x512 -> 1024x1024,2,1,286.74,41.0432,5.113965,2.261408,0.9652,0.9968,0.1339,6.3554,41.3412,4.774852,2.185144,0.9675,0.9971,0.1529,0.1529,0.1529,6.2274,117.276,66.382,117.276,66.382,0.4376,41.3412,0.9675,4.774852,2.185144,0.298,0.0003,-0.019,0.1279
/kaggle/input/datasets/duc24kdl/sub-x-ray/sub_X-Ray/sub_NIH/00000090_001.png,,sub_NIH,00000090_001.png,ok,512x512 -> 1024x1024,2,1,284.82,34.6338,22.371698,4.729873,0.986,0.9982,0.0601,6.5878,34.9162,20.963451,4.578586,0.9878,0.9984,0.0764,0.0764,0.0764,6.6081,146.8822,57.5319,146.8822,57.5319,0.5192,34.9162,0.9878,20.963451,4.578586,0.2824,0.0003,-0.0163,-0.0203
/kaggle/input/datasets/duc24kdl/sub-x-ray/sub_X-Ray/sub_NIH/00000090_005.png,,sub_NIH,00000090_005.png,ok,512x512 -> 1024x1024,2,1,283.25,37.4255,11.763362,3.429776,0.9801,0.9979,0.0787,6.7978,37.8285,10.720812,3.274265,0.9821,0.9981,0.0973,0.0973,0.0973,6.807,111.4204,63.2447,111.4204,63.2447,0.5306,37.8285,0.9821,10.720812,3.274265,0.403,0.0002,-0.0186,-0.0091
/kaggle/input/datasets/duc24kdl/sub-x-ray/sub_X-Ray/sub_NIH/00000090_006.png,,sub_NIH,00000090_006.png,ok,512x512 -> 1024x1024,2,1,285.28,41.669,4.427728,2.104217,0.9648,0.9968,0.1233,6.2099,41.9859,4.11617,2.028835,0.9668,0.9971,0.1384,0.1384,0.1384,6.2642,101.2527,79.8558,101.2527,79.8558,0.4396,41.9859,0.9668,4.11617,2.028835,0.3169,0.0003,-0.0151,-0.0543
/kaggle/input/datasets/duc24kdl/sub-x-ray/sub_X-Ray/sub_NIH/00000090_007.png,,sub_NIH,00000090_007.png,ok,512x512 -> 1024x1024,2,1,286.91,39.6706,7.014836,2.648554,0.9865,0.9984,0.0548,7.1657,39.9001,6.653882,2.579512,0.9881,0.9986,0.0699,0.0699,0.0699,6.9536,141.1344,64.7984,141.1344,64.7984,0.4595,39.9001,0.9881,6.653882,2.579512,0.2294,0.0002,-0.0151,0.2121
/kaggle/input/datasets/duc24kdl/sub-x-ray/sub_X-Ray/sub_NIH/00000090_010.png,,sub_NIH,00000090_010.png,ok,512x512 -> 1024x1024,2,1,286.15,40.8907,5.296772,2.301472,0.9623,0.9966,0.1285,6.2422,41.1909,4.942949,2.223274,0.9644,0.9969,0.1445,0.1445,0.1445,6.076,109.9562,74.5611,109.9562,74.5611,0.4404,41.1909,0.9644,4.942949,2.223274,0.3003,0.0003,-0.016,0.1661
/kaggle/input/datasets/duc24kdl/sub-x-ray/sub_X-Ray/sub_NIH/00000091_008.png,,sub_NIH,00000091_008.png,ok,512x512 -> 1024x1024,2,1,294.01,36.306,15.222436,3.901594,0.9842,0.9982,0.0686,6.5601,36.6979,13.908763,3.729445,0.9862,0.9984,0.0829,0.0829,0.0829,6.5581,114.0625,70.1656,114.0625,70.1656,0.5491,36.6979,0.9862,13.908763,3.729445,0.392,0.0003,-0.0143,0.002
/kaggle/input/datasets/duc24kdl/sub-x-ray/sub_X-Ray/sub_NIH/00000091_009.png,,sub_NIH,00000091_009.png,ok,512x512 -> 1024x1024,2,1,284.46,35.52,18.242388,4.271111,0.9846,0.9981,0.0707,6.999,35.8312,16.980761,4.120772,0.9864,0.9984,0.0882,0.0882,0.0882,7.0662,112.8707,59.7027,112.8707,59.7027,0.5222,35.8312,0.9864,16.980761,4.120772,0.3112,0.0003,-0.0175,-0.0672
/kaggle/input/datasets/duc24kdl/sub-x-ray/sub_X-Ray/sub_NIH/00000093_001.png,,sub_NIH,00000093_001.png,ok,512x512 -> 1024x1024,2,1,284.15,37.1404,12.561362,3.544201,0.9832,0.9982,0.0642,6.0879,37.4211,11.77533,3.43152,0.9853,0.9985,0.0753,0.0753,0.0753,6.2403,172.0069,55.8653,172.0069,55.8653,0.4738,37.4211,0.9853,11.77533,3.43152,0.2806,0.0003,-0.0111,-0.1524
/kaggle/input/datasets/duc24kdl/sub-x-ray/sub_X-Ray/sub_NIH/00000096_002.png,,sub_NIH,00000096_002.png,ok,512x512 -> 1024x1024,2,1,285.96,43.0439,3.226217,1.796167,0.9704,0.9972,0.1053,6.2664,43.3366,3.015917,1.736639,0.9723,0.9975,0.1191,0.1191,0.1191,6.1185,95.8617,76.207,95.8617,76.207,0.403,43.3366,0.9723,3.015917,1.736639,0.2927,0.0003,-0.0138,0.1478
/kaggle/input/datasets/duc24kdl/sub-x-ray/sub_X-Ray/sub_NIH/00000096_003.png,,sub_NIH,00000096_003.png,ok,512x512 -> 1024x1024,2,1,287.3,42.8564,3.368543,1.835359,0.9651,0.9967,0.1316,6.8183,43.1699,3.133971,1.770303,0.9672,0.997,0.1503,0.1503,0.1503,6.6594,120.307,70.7745,120.307,70.7745,0.3969,43.1699,0.9672,3.133971,1.770303,0.3135,0.0003,-0.0188,0.1589
/kaggle/input/datasets/duc24kdl/sub-x-ray/sub_X-Ray/sub_NIH/00000097_000.png,,sub_NIH,00000097_000.png,ok,512x512 -> 1024x1024,2,1,284.82,47.2255,1.231762,1.109848,0.9843,0.9981,0.0635,7.7698,47.8192,1.074379,1.036522,0.9862,0.9983,0.0851,0.0851,0.0851,7.1953,104.4571,36.749,104.4571,36.749,0.4234,47.8192,0.9862,1.074379,1.036522,0.5937,0.0003,-0.0215,0.5745
/kaggle/input/datasets/duc24kdl/sub-x-ray/sub_X-Ray/sub_NIH/00000099_003.png,,sub_NIH,00000099_003.png,ok,512x512 -> 1024x1024,2,1,284.85,41.3285,4.788802,2.188333,0.9627,0.9967,0.1286,6.2817,41.6367,4.460806,2.112062,0.9648,0.9969,0.1444,0.1444,0.1444,6.1224,108.699,74.6014,108.699,74.6014,0.4361,41.6367,0.9648,4.460806,2.112062,0.3081,0.0003,-0.0158,0.1593
/kaggle/input/datasets/duc24kdl/sub-x-ray/sub_X-Ray/sub_NIH/00000099_013.png,,sub_NIH,00000099_013.png,ok,512x512 -> 1024x1024,2,1,288.03,39.7946,6.81748,2.611031,0.9525,0.9957,0.1541,6.3403,40.0973,6.358444,2.521596,0.955,0.9961,0.1716,0.1716,0.1716,6.2164,115.4109,72.8516,115.4109,72.8516,0.4503,40.0973,0.955,6.358444,2.521596,0.3027,0.0004,-0.0175,0.1239
/kaggle/input/datasets/duc24kdl/sub-x-ray/sub_X-Ray/sub_NIH/00000100_000.png,,sub_NIH,00000100_000.png,ok,512x512 -> 1024x1024,2,1,286.61,43.2756,3.058604,1.748886,0.9829,0.9981,0.0661,6.1686,43.7792,2.723735,1.650374,0.9851,0.9984,0.0796,0.0796,0.0796,6.2634,174.7573,50.5132,174.7573,50.5132,0.5204,43.7792,0.9851,2.723735,1.650374,0.5036,0.0003,-0.0134,-0.0948
/kaggle/input/datasets/duc24kdl/sub-x-ray/sub_X-Ray/sub_NIH/00000103_000.png,,sub_NIH,00000103_000.png,ok,512x512 -> 1024x1024,2,1,288.72,42.6549,3.528538,1.87844,0.9645,0.9968,0.1266,6.537,42.9288,3.312826,1.820117,0.9666,0.9971,0.1453,0.1453,0.1453,6.403,122.9885,69.2813,122.9885,69.2813,0.3727,42.9288,0.9666,3.312826,1.820117,0.274,0.0003,-0.0187,0.134
/kaggle/input/datasets/duc24kdl/sub-x-ray/sub_X-Ray/sub_NIH/00000103_008.png,,sub_NIH,00000103_008.png,ok,512x512 -> 1024x1024,2,1,290.18,41.4401,4.667362,2.160408,0.9595,0.9963,0.1369,6.367,41.7281,4.367904,2.089953,0.962,0.9967,0.1559,0.1559,0.1559,6.3809,129.7806,62.0291,129.7806,62.0291,0.4039,41.7281,0.962,4.367904,2.089953,0.288,0.0003,-0.019,-0.0139
/kaggle/input/datasets/duc24kdl/sub-x-ray/sub_X-Ray/sub_NIH/00000105_000.png,,sub_NIH,00000105_000.png,ok,512x512 -> 1024x1024,2,1,290.0,45.961,1.648078,1.283775,0.9778,0.9976,0.0874,7.579,46.4317,1.478812,1.216064,0.98,0.9979,0.1139,0.1139,0.1139,6.9545,111.7103,27.7718,111.7103,27.7718,0.3902,46.4317,0.98,1.478812,1.216064,0.4706,0.0003,-0.0265,0.6245
/kaggle/input/datasets/duc24kdl/sub-x-ray/sub_X-Ray/sub_NIH/00000105_002.png,,sub_NIH,00000105_002.png,ok,512x512 -> 1024x1024,2,1,287.98,38.3822,9.437554,3.07206,0.9828,0.9981,0.0835,7.1564,38.6391,8.89555,2.982541,0.9847,0.9983,0.1066,0.1066,0.1066,7.1021,144.8029,43.0853,144.8029,43.0853,0.4757,38.6391,0.9847,8.89555,2.982541,0.2569,0.0002,-0.0231,0.0543
/kaggle/input/datasets/duc24kdl/sub-x-ray/sub_X-Ray/sub_NIH/00000109_000.png,,sub_NIH,00000109_000.png,ok,512x512 -> 1024x1024,2,1,288.15,37.1693,12.478059,3.53243,0.9716,0.9971,0.1224,6.6015,37.4487,11.700636,3.420619,0.9739,0.9974,0.1436,0.1436,0.1436,6.6673,123.1273,47.4863,123.1273,47.4863,0.6112,37.4487,0.9739,11.700636,3.420619,0.2794,0.0003,-0.0213,-0.0658
/kaggle/input/datasets/duc24kdl/sub-x-ray/sub_X-Ray/sub_NIH/00000109_003.png,,sub_NIH,00000109_003.png,ok,512x512 -> 1024x1024,2,1,287.73,41.5798,4.519643,2.125945,0.9651,0.9968,0.1343,7.1143,41.9436,4.156418,2.038729,0.9672,0.9971,0.1558,0.1558,0.1558,6.9796,119.9682,62.9371,119.9682,62.9371,0.3657,41.9436,0.9672,4.156418,2.038729,0.3638,0.0003,-0.0215,0.1347
/kaggle/input/datasets/duc24kdl/sub-x-ray/sub_X-Ray/sub_NIH/00000112_001.png,,sub_NIH,00000112_001.png,ok,512x512 -> 1024x1024,2,1,289.89,38.9228,8.332966,2.886688,0.9828,0.9981,0.0872,8.4271,39.1475,7.912883,2.812985,0.9845,0.9983,0.1144,0.1144,0.1144,7.9201,135.7447,43.5482,135.7447,43.5482,0.4647,39.1475,0.9845,7.912883,2.812985,0.2246,0.0002,-0.0272,0.507
/kaggle/input/datasets/duc24kdl/sub-x-ray/sub_X-Ray/sub_NIH/00000116_000.png,,sub_NIH,00000116_000.png,ok,512x512 -> 1024x1024,2,1,292.29,37.9854,10.34051,3.215666,0.9834,0.9981,0.0577,6.4385,38.3405,9.528602,3.086843,0.9855,0.9984,0.0702,0.0702,0.0702,6.489,154.0718,67.1002,154.0718,67.1002,0.4699,38.3405,0.9855,9.528602,3.086843,0.3551,0.0003,-0.0125,-0.0505
/kaggle/input/datasets/duc24kdl/sub-x-ray/sub_X-Ray/sub_NIH/00000116_001.png,,sub_NIH,00000116_001.png,ok,512x512 -> 1024x1024,2,1,288.19,38.8286,8.515619,2.918153,0.9887,0.9985,0.0588,7.3833,39.0639,8.066528,2.840163,0.9904,0.9988,0.0744,0.0744,0.0744,7.178,154.5677,49.8243,154.5677,49.8243,0.4778,39.0639,0.9904,8.066528,2.840163,0.2353,0.0003,-0.0156,0.2053
/kaggle/input/datasets/duc24kdl/sub-x-ray/sub_X-Ray/sub_NIH/00000116_004.png,,sub_NIH,00000116_004.png,ok,512x512 -> 1024x1024,2,1,290.59,38.9211,8.336263,2.887259,0.9895,0.9986,0.0489,7.6856,39.1576,7.894499,2.809715,0.9911,0.9988,0.0637,0.0637,0.0637,7.4834,158.6003,49.7752,158.6003,49.7752,0.4801,39.1576,0.9911,7.894499,2.809715,0.2365,0.0003,-0.0148,0.2022
/kaggle/input/datasets/duc24kdl/sub-x-ray/sub_X-Ray/sub_NIH/00000116_006.png,,sub_NIH,00000116_006.png,ok,512x512 -> 1024x1024,2,1,289.95,37.9113,10.518516,3.243226,0.9887,0.9985,0.0552,7.9486,38.1292,10.003603,3.162847,0.9903,0.9987,0.0707,0.0707,0.0707,7.6788,162.8929,45.8225,162.8929,45.8225,0.4831,38.1292,0.9903,10.003603,3.162847,0.218,0.0002,-0.0155,0.2698
/kaggle/input/datasets/duc24kdl/sub-x-ray/sub_X-Ray/sub_NIH/00000116_013.png,,sub_NIH,00000116_013.png,ok,512x512 -> 1024x1024,2,1,287.45,36.513,14.513706,3.809686,0.9831,0.9981,0.0683,6.921,36.8245,13.509307,3.675501,0.9849,0.9983,0.0838,0.0838,0.0838,6.7831,148.5289,61.6338,148.5289,61.6338,0.5449,36.8245,0.9849,13.509307,3.675501,0.3115,0.0003,-0.0154,0.1379
/kaggle/input/datasets/duc24kdl/sub-x-ray/sub_X-Ray/sub_NIH/00000116_016.png,,sub_NIH,00000116_016.png,ok,512x512 -> 1024x1024,2,1,290.36,38.7377,8.695741,2.948854,0.987,0.9984,0.0613,7.0565,38.9806,8.222823,2.867547,0.9887,0.9986,0.0766,0.0766,0.0766,7.0556,151.3097,52.1209,151.3097,52.1209,0.465,38.9806,0.9887,8.222823,2.867547,0.2429,0.0003,-0.0153,0.0008
/kaggle/input/datasets/duc24kdl/sub-x-ray/sub_X-Ray/sub_NIH/00000116_023.png,,sub_NIH,00000116_023.png,ok,512x512 -> 1024x1024,2,1,290.69,38.8936,8.389229,2.896417,0.9875,0.9984,0.054,8.1865,39.1593,7.891334,2.809152,0.9891,0.9987,0.0701,0.0701,0.0701,7.8581,155.086,58.8677,155.086,58.8677,0.4732,39.1593,0.9891,7.891334,2.809152,0.2657,0.0002,-0.0161,0.3284
/kaggle/input/datasets/duc24kdl/sub-x-ray/sub_X-Ray/sub_NIH/00000116_033.png,,sub_NIH,00000116_033.png,ok,512x512 -> 1024x1024,2,1,272.34,37.6127,11.267097,3.35665,0.9881,0.9984,0.0601,7.1791,37.8416,10.688683,3.269355,0.9898,0.9987,0.0754,0.0754,0.0754,7.2137,153.4525,56.6955,153.4525,56.6955,0.4898,37.8416,0.9898,10.688683,3.269355,0.2289,0.0003,-0.0153,-0.0346
/kaggle/input/datasets/duc24kdl/sub-x-ray/sub_X-Ray/sub_NIH/00000116_037.png,,sub_NIH,00000116_037.png,ok,512x512 -> 1024x1024,2,1,292.6,37.7633,10.882919,3.298927,0.9872,0.9984,0.0547,7.1711,38.0103,10.281309,3.206448,0.989,0.9987,0.069,0.069,0.069,7.0744,157.0154,50.4466,157.0154,50.4466,0.4764,38.0103,0.989,10.281309,3.206448,0.247,0.0003,-0.0144,0.0967
/kaggle/input/datasets/duc24kdl/sub-x-ray/sub_X-Ray/sub_NIH/00000116_038.png,,sub_NIH,00000116_038.png,ok,512x512 -> 1024x1024,2,1,290.03,37.728,10.971743,3.312362,0.982,0.998,0.0758,7.12,37.9772,10.360005,3.218696,0.9839,0.9982,0.0928,0.0928,0.0928,6.9142,146.8886,57.7971,146.8886,57.7971,0.4947,37.9772,0.9839,10.360005,3.218696,0.2492,0.0003,-0.017,0.2058
/kaggle/input/datasets/duc24kdl/sub-x-ray/sub_X-Ray/sub_NIH/00000117_000.png,,sub_NIH,00000117_000.png,ok,512x512 -> 1024x1024,2,1,294.92,45.0684,2.02416,1.42273,0.9822,0.9981,0.0645,6.5133,45.477,1.842395,1.357348,0.9842,0.9983,0.0799,0.0799,0.0799,6.5375,148.6792,64.3231,148.6792,64.3231,0.4861,45.477,0.9842,1.842395,1.357348,0.4086,0.0003,-0.0154,-0.0242
/kaggle/input/datasets/duc24kdl/sub-x-ray/sub_X-Ray/sub_NIH/00000118_001.png,,sub_NIH,00000118_001.png,ok,512x512 -> 1024x1024,2,1,293.17,40.4154,5.909349,2.430915,0.9589,0.9964,0.1378,6.3469,40.64,5.61155,2.368871,0.9613,0.9967,0.155,0.155,0.155,6.3631,125.3385,64.3679,125.3385,64.3679,0.3713,40.64,0.9613,5.61155,2.368871,0.2246,0.0003,-0.0172,-0.0162
/kaggle/input/datasets/duc24kdl/sub-x-ray/sub_X-Ray/sub_NIH/00000118_003.png,,sub_NIH,00000118_003.png,ok,512x512 -> 1024x1024,2,1,293.7,40.0975,6.358159,2.521539,0.9591,0.9964,0.1355,6.5762,40.3611,5.98373,2.446166,0.9615,0.9967,0.1537,0.1537,0.1537,6.5086,121.8729,65.9658,121.8729,65.9658,0.3978,40.3611,0.9615,5.98373,2.446166,0.2636,0.0003,-0.0182,0.0676
/kaggle/input/datasets/duc24kdl/sub-x-ray/sub_X-Ray/sub_NIH/00000118_014.png,,sub_NIH,00000118_014.png,ok,512x512 -> 1024x1024,2,1,295.49,40.4957,5.801149,2.408558,0.9548,0.996,0.1521,6.2375,40.6865,5.551776,2.356221,0.9572,0.9963,0.1688,0.1688,0.1688,6.1624,120.934,64.9387,120.934,64.9387,0.3489,40.6865,0.9572,5.551776,2.356221,0.1908,0.0003,-0.0167,0.075
/kaggle/input/datasets/duc24kdl/sub-x-ray/sub_X-Ray/sub_NIH/00000125_000.png,,sub_NIH,00000125_000.png,ok,512x512 -> 1024x1024,2,1,293.14,46.7147,1.385516,1.17708,0.9847,0.9982,0.0577,6.564,47.2153,1.234676,1.11116,0.9866,0.9985,0.0725,0.0725,0.0725,6.4436,156.3517,60.7339,156.3517,60.7339,0.4573,47.2153,0.9866,1.234676,1.11116,0.5006,0.0003,-0.0149,0.1205
/kaggle/input/datasets/duc24kdl/sub-x-ray/sub_X-Ray/sub_NIH/00000127_005.png,,sub_NIH,00000127_005.png,ok,512x512 -> 1024x1024,2,1,296.8,37.9023,10.540254,3.246576,0.9853,0.9983,0.0686,7.9378,38.2914,9.636975,3.104348,0.9871,0.9985,0.0916,0.0916,0.0916,7.5816,110.138,61.6739,110.138,61.6739,0.5128,38.2914,0.9871,9.636975,3.104348,0.3891,0.0002,-0.023,0.3562
/kaggle/input/datasets/duc24kdl/sub-x-ray/sub_X-Ray/sub_NIH/00000133_002.png,,sub_NIH,00000133_002.png,ok,512x512 -> 1024x1024,2,1,294.15,35.1495,19.867017,4.457243,0.9695,0.997,0.1018,6.1852,35.5185,18.248656,4.271845,0.9719,0.9973,0.1183,0.1183,0.1183,6.2519,135.5341,59.0875,135.5341,59.0875,0.6262,35.5185,0.9719,18.248656,4.271845,0.369,0.0003,-0.0165,-0.0668
/kaggle/input/datasets/duc24kdl/sub-x-ray/sub_X-Ray/sub_NIH/00000134_000.png,,sub_NIH,00000134_000.png,ok,512x512 -> 1024x1024,2,1,294.29,38.9018,8.373404,2.893683,0.9889,0.9986,0.0536,6.8492,39.1278,7.948769,2.819356,0.9906,0.9988,0.0678,0.0678,0.0678,6.9762,148.8348,57.4278,148.8348,57.4278,0.4716,39.1278,0.9906,7.948769,2.819356,0.226,0.0003,-0.0143,-0.127
/kaggle/input/datasets/duc24kdl/sub-x-ray/sub_X-Ray/sub_NIH/00000135_000.png,,sub_NIH,00000135_000.png,ok,512x512 -> 1024x1024,2,1,295.83,37.1173,12.628517,3.553662,0.9833,0.9981,0.0692,6.612,37.352,11.964061,3.45891,0.9853,0.9984,0.0839,0.0839,0.0839,6.5196,166.0585,56.4219,166.0585,56.4219,0.4783,37.352,0.9853,11.964061,3.45891,0.2347,0.0003,-0.0147,0.0924
/kaggle/input/datasets/duc24kdl/sub-x-ray/sub_X-Ray/sub_NIH/00000137_000.png,,sub_NIH,00000137_000.png,ok,512x512 -> 1024x1024,2,1,297.31,42.1967,3.921164,1.980193,0.9647,0.9968,0.131,6.3518,42.4434,3.704616,1.924738,0.9669,0.9971,0.149,0.149,0.149,6.3454,115.3152,67.5116,115.3152,67.5116,0.3662,42.4434,0.9669,3.704616,1.924738,0.2467,0.0003,-0.0181,0.0064
/kaggle/input/datasets/duc24kdl/sub-x-ray/sub_X-Ray/sub_NIH/00000139_001.png,,sub_NIH,00000139_001.png,ok,512x512 -> 1024x1024,2,1,296.24,44.6954,2.205681,1.485154,0.9861,0.9983,0.0539,6.4949,44.8944,2.106873,1.451507,0.9881,0.9986,0.0678,0.0678,0.0678,6.5262,156.1876,58.9773,156.1876,58.9773,0.5172,44.8944,0.9881,2.106873,1.451507,0.199,0.0003,-0.0139,-0.0313
/kaggle/input/datasets/duc24kdl/sub-x-ray/sub_X-Ray/sub_NIH/00000141_000.png,,sub_NIH,00000141_000.png,ok,512x512 -> 1024x1024,2,1,296.24,42.1988,3.919211,1.9797,0.9774,0.9977,0.107,6.8979,42.7317,3.466614,1.861885,0.9795,0.998,0.1265,0.1265,0.1265,6.95,162.4924,56.1844,162.4924,56.1844,0.4217,42.7317,0.9795,3.466614,1.861885,0.5329,0.0002,-0.0194,-0.052
/kaggle/input/datasets/duc24kdl/sub-x-ray/sub_X-Ray/sub_NIH/00000142_000.png,,sub_NIH,00000142_000.png,ok,512x512 -> 1024x1024,2,1,299.62,47.1443,1.255023,1.120278,0.9896,0.9987,0.044,6.9951,47.8531,1.066022,1.032484,0.9914,0.9989,0.0568,0.0568,0.0568,6.7527,167.2465,65.431,167.2465,65.431,0.529,47.8531,0.9914,1.066022,1.032484,0.7089,0.0003,-0.0129,0.2424
/kaggle/input/datasets/duc24kdl/sub-x-ray/sub_X-Ray/sub_NIH/00000143_003.png,,sub_NIH,00000143_003.png,ok,512x512 -> 1024x1024,2,1,301.73,40.4567,5.853399,2.41938,0.9582,0.9962,0.1523,6.3515,40.7471,5.474806,2.33983,0.9606,0.9966,0.1713,0.1713,0.1713,6.3457,118.2328,65.1925,118.2328,65.1925,0.4206,40.7471,0.9606,5.474806,2.33983,0.2904,0.0003,-0.019,0.0057
/kaggle/input/datasets/duc24kdl/sub-x-ray/sub_X-Ray/sub_NIH/00000143_006.png,,sub_NIH,00000143_006.png,ok,512x512 -> 1024x1024,2,1,296.11,41.5147,4.587817,2.141919,0.957,0.9961,0.1501,6.3773,41.7834,4.312587,2.076677,0.9594,0.9965,0.1682,0.1682,0.1682,6.2789,114.8628,68.9865,114.8628,68.9865,0.386,41.7834,0.9594,4.312587,2.076677,0.2687,0.0003,-0.018,0.0984
/kaggle/input/datasets/duc24kdl/sub-x-ray/sub_X-Ray/sub_NIH/00000143_010.png,,sub_NIH,00000143_010.png,ok,512x512 -> 1024x1024,2,1,301.34,37.4276,11.757743,3.428957,0.9811,0.9981,0.0715,6.4061,38.0252,10.246239,3.200975,0.9832,0.9984,0.0844,0.0844,0.0844,6.4725,147.8288,66.5439,147.8288,66.5439,0.5092,38.0252,0.9832,10.246239,3.200975,0.5976,0.0003,-0.013,-0.0664
/kaggle/input/datasets/duc24kdl/sub-x-ray/sub_X-Ray/sub_NIH/00000143_011.png,,sub_NIH,00000143_011.png,ok,512x512 -> 1024x1024,2,1,299.55,41.8841,4.213761,2.052745,0.9667,0.997,0.125,6.1833,42.1878,3.929188,1.982218,0.9688,0.9973,0.1416,0.1416,0.1416,6.1652,109.0297,66.3832,109.0297,66.3832,0.4063,42.1878,0.9688,3.929188,1.982218,0.3037,0.0003,-0.0166,0.0182
/kaggle/input/datasets/duc24kdl/sub-x-ray/sub_X-Ray/sub_NIH/00000144_001.png,,sub_NIH,00000144_001.png,ok,512x512 -> 1024x1024,2,1,297.03,37.0444,12.842172,3.583598,0.9848,0.9983,0.0686,7.7299,37.2645,12.207555,3.493931,0.9865,0.9985,0.0873,0.0873,0.0873,7.495,163.4628,45.1724,163.4628,45.1724,0.4946,37.2645,0.9865,12.207555,3.493931,0.2201,0.0002,-0.0187,0.2349
/kaggle/input/datasets/duc24kdl/sub-x-ray/sub_X-Ray/sub_NIH/00000147_001.png,,sub_NIH,00000147_001.png,ok,512x512 -> 1024x1024,2,1,299.8,39.0347,8.120939,2.849726,0.9668,0.997,0.1317,6.6082,39.282,7.671432,2.769735,0.9688,0.9973,0.1511,0.1511,0.1511,6.526,122.5531,68.4938,122.5531,68.4938,0.48,39.282,0.9688,7.671432,2.769735,0.2473,0.0003,-0.0194,0.0822
/kaggle/input/datasets/duc24kdl/sub-x-ray/sub_X-Ray/sub_NIH/00000148_003.png,,sub_NIH,00000148_003.png,ok,512x512 -> 1024x1024,2,1,299.24,41.8309,4.265678,2.065352,0.9529,0.9958,0.1593,6.3454,42.1001,4.009355,2.002337,0.9553,0.9961,0.1794,0.1794,0.1794,6.492,129.7838,66.7225,129.7838,66.7225,0.3768,42.1001,0.9553,4.009355,2.002337,0.2691,0.0003,-0.0201,-0.1466
/kaggle/input/datasets/duc24kdl/sub-x-ray/sub_X-Ray/sub_NIH/00000149_004.png,,sub_NIH,00000149_004.png,ok,512x512 -> 1024x1024,2,1,301.54,41.9998,4.102955,2.025575,0.96,0.9965,0.1578,6.8717,42.2254,3.895262,1.973642,0.9621,0.9968,0.1774,0.1774,0.1774,6.8637,125.5281,69.4486,125.5281,69.4486,0.3327,42.2254,0.9621,3.895262,1.973642,0.2256,0.0003,-0.0196,0.008
/kaggle/input/datasets/duc24kdl/sub-x-ray/sub_X-Ray/sub_NIH/00000149_008.png,,sub_NIH,00000149_008.png,ok,512x512 -> 1024x1024,2,1,302.94,41.8723,4.22527,2.055546,0.9583,0.9963,0.1663,7.0087,42.1104,3.999777,1.999944,0.9604,0.9966,0.1866,0.1866,0.1866,6.8589,132.5341,63.8726,132.5341,63.8726,0.3603,42.1104,0.9604,3.999777,1.999944,0.2382,0.0003,-0.0203,0.1498
/kaggle/input/datasets/duc24kdl/sub-x-ray/sub_X-Ray/sub_NIH/00000150_005.png,,sub_NIH,00000150_005.png,ok,512x512 -> 1024x1024,2,1,301.53,36.571,14.321175,3.784333,0.9746,0.9975,0.0802,5.718,37.0651,12.781075,3.575063,0.9771,0.9978,0.094,0.094,0.094,5.9732,109.7738,60.0715,109.7738,60.0715,0.654,37.0651,0.9771,12.781075,3.575063,0.4941,0.0003,-0.0138,-0.2552
/kaggle/input/datasets/duc24kdl/sub-x-ray/sub_X-Ray/sub_NIH/00000151_002.png,,sub_NIH,00000151_002.png,ok,512x512 -> 1024x1024,2,1,298.0,41.5761,4.523487,2.126849,0.9584,0.9962,0.1453,6.4841,41.8802,4.217552,2.053668,0.9607,0.9966,0.1645,0.1645,0.1645,6.5306,118.7241,64.2456,118.7241,64.2456,0.3981,41.8802,0.9607,4.217552,2.053668,0.3041,0.0003,-0.0192,-0.0465
/kaggle/input/datasets/duc24kdl/sub-x-ray/sub_X-Ray/sub_NIH/00000153_001.png,,sub_NIH,00000153_001.png,ok,512x512 -> 1024x1024,2,1,300.13,46.0011,1.632927,1.27786,0.9786,0.9977,0.0858,7.3799,46.4859,1.460448,1.20849,0.9807,0.998,0.1116,0.1116,0.1116,7.0291,107.424,37.0417,107.424,37.0417,0.3934,46.4859,0.9807,1.460448,1.20849,0.4848,0.0003,-0.0257,0.3509
/kaggle/input/datasets/duc24kdl/sub-x-ray/sub_X-Ray/sub_NIH/00000154_000.png,,sub_NIH,00000154_000.png,ok,512x512 -> 1024x1024,2,1,298.92,42.9467,3.299229,1.816378,0.9649,0.9969,0.1352,6.3699,43.2098,3.105307,1.762188,0.9668,0.9971,0.1543,0.1543,0.1543,6.3848,109.71,69.5167,109.71,69.5167,0.3436,43.2098,0.9668,3.105307,1.762188,0.2631,0.0003,-0.0191,-0.0149
/kaggle/input/datasets/duc24kdl/sub-x-ray/sub_X-Ray/sub_NIH/00000157_000.png,,sub_NIH,00000157_000.png,ok,512x512 -> 1024x1024,2,1,304.1,40.0322,6.454486,2.540568,0.9788,0.9978,0.0765,6.5813,40.3795,5.958458,2.440995,0.981,0.9981,0.09,0.09,0.09,6.6673,131.1824,70.3576,131.1824,70.3576,0.4998,40.3795,0.981,5.958458,2.440995,0.3473,0.0003,-0.0135,-0.0859
/kaggle/input/datasets/duc24kdl/sub-x-ray/sub_X-Ray/sub_NIH/00000165_003.png,,sub_NIH,00000165_003.png,ok,512x512 -> 1024x1024,2,1,302.06,41.2836,4.83863,2.199689,0.9571,0.9962,0.1559,6.6912,41.5021,4.601228,2.145047,0.9593,0.9965,0.1784,0.1784,0.1784,6.6496,145.0893,62.133,145.0893,62.133,0.3537,41.5021,0.9593,4.601228,2.145047,0.2185,0.0003,-0.0226,0.0416
/kaggle/input/datasets/duc24kdl/sub-x-ray/sub_X-Ray/sub_NIH/00000165_004.png,,sub_NIH,00000165_004.png,ok,512x512 -> 1024x1024,2,1,305.15,40.8005,5.407956,2.325501,0.9582,0.9963,0.1492,6.6074,41.0278,5.13216,2.265427,0.9605,0.9966,0.1699,0.1699,0.1699,6.5785,133.6797,65.4488,133.6797,65.4488,0.3509,41.0278,0.9605,5.13216,2.265427,0.2273,0.0003,-0.0207,0.0289
/kaggle/input/datasets/duc24kdl/sub-x-ray/sub_X-Ray/sub_NIH/00000165_007.png,,sub_NIH,00000165_007.png,ok,512x512 -> 1024x1024,2,1,304.82,40.6062,5.655308,2.378089,0.9582,0.9963,0.1436,6.4883,40.8567,5.33833,2.310483,0.9605,0.9966,0.1626,0.1626,0.1626,6.508,121.8304,66.6683,121.8304,66.6683,0.3685,40.8567,0.9605,5.33833,2.310483,0.2505,0.0003,-0.019,-0.0196
/kaggle/input/datasets/duc24kdl/sub-x-ray/sub_X-Ray/sub_NIH/00000170_000.png,,sub_NIH,00000170_000.png,ok,512x512 -> 1024x1024,2,1,301.73,41.3395,4.77677,2.185582,0.9668,0.9969,0.1284,5.9897,41.6569,4.440112,2.107157,0.9688,0.9972,0.15,0.15,0.15,6.0936,127.556,65.5036,127.556,65.5036,0.4378,41.6569,0.9688,4.440112,2.107157,0.3174,0.0003,-0.0216,-0.1038
/kaggle/input/datasets/duc24kdl/sub-x-ray/sub_X-Ray/sub_NIH/00000172_004.png,,sub_NIH,00000172_004.png,ok,512x512 -> 1024x1024,2,1,305.34,42.151,3.9626,1.990628,0.962,0.9966,0.1318,6.2472,42.5076,3.650247,1.910562,0.9643,0.9969,0.1465,0.1465,0.1465,6.1935,105.5746,74.0024,105.5746,74.0024,0.4392,42.5076,0.9643,3.650247,1.910562,0.3566,0.0003,-0.0147,0.0537
/kaggle/input/datasets/duc24kdl/sub-x-ray/sub_X-Ray/sub_NIH/00000173_000.png,,sub_NIH,00000173_000.png,ok,512x512 -> 1024x1024,2,1,306.83,37.6784,11.098015,3.331368,0.9834,0.9981,0.0645,7.0253,37.9094,10.523071,3.243928,0.9854,0.9984,0.0785,0.0785,0.0785,6.7747,162.1669,61.9713,162.1669,61.9713,0.4759,37.9094,0.9854,10.523071,3.243928,0.231,0.0003,-0.014,0.2506
/kaggle/input/datasets/duc24kdl/sub-x-ray/sub_X-Ray/sub_NIH/00000174_003.png,,sub_NIH,00000174_003.png,ok,512x512 -> 1024x1024,2,1,305.5,42.5407,3.622538,1.903297,0.9646,0.9968,0.1253,5.92,42.79,3.420421,1.849438,0.9667,0.9971,0.1427,0.1427,0.1427,5.9662,119.7258,69.3199,119.7258,69.3199,0.3644,42.79,0.9667,3.420421,1.849438,0.2493,0.0003,-0.0174,-0.0462
/kaggle/input/datasets/duc24kdl/sub-x-ray/sub_X-Ray/sub_NIH/00000175_002.png,,sub_NIH,00000175_002.png,ok,512x512 -> 1024x1024,2,1,305.83,37.6735,11.110525,3.333245,0.9753,0.9974,0.1149,7.3104,37.9496,10.426115,3.22895,0.9775,0.9976,0.1408,0.1408,0.1408,7.0372,123.4931,35.3258,123.4931,35.3258,0.6127,37.9496,0.9775,10.426115,3.22895,0.2761,0.0003,-0.026,0.2732
/kaggle/input/datasets/duc24kdl/sub-x-ray/sub_X-Ray/sub_NIH/00000177_002.png,,sub_NIH,00000177_002.png,ok,512x512 -> 1024x1024,2,1,308.05,46.487,1.460097,1.208345,0.9801,0.9978,0.0797,7.7234,46.9744,1.305083,1.142402,0.9822,0.9981,0.106,0.106,0.106,7.0578,108.9839,34.6381,108.9839,34.6381,0.3786,46.9744,0.9822,1.305083,1.142402,0.4874,0.0003,-0.0263,0.6655
/kaggle/input/datasets/duc24kdl/sub-x-ray/sub_X-Ray/sub_NIH/00000177_003.png,,sub_NIH,00000177_003.png,ok,512x512 -> 1024x1024,2,1,308.14,46.5004,1.455582,1.206475,0.984,0.9982,0.0677,7.0811,47.0488,1.282914,1.132658,0.9861,0.9984,0.0856,0.0856,0.0856,6.8031,169.8407,40.1354,169.8407,40.1354,0.448,47.0488,0.9861,1.282914,1.132658,0.5484,0.0003,-0.018,0.278
/kaggle/input/datasets/duc24kdl/sub-x-ray/sub_X-Ray/sub_NIH/00000177_004.png,,sub_NIH,00000177_004.png,ok,512x512 -> 1024x1024,2,1,305.79,36.1975,15.607235,3.950599,0.9833,0.9982,0.0658,6.2525,36.5919,14.252576,3.775258,0.9852,0.9984,0.0783,0.0783,0.0783,6.2933,175.5999,57.1251,175.5999,57.1251,0.4845,36.5919,0.9852,14.252576,3.775258,0.3943,0.0003,-0.0125,-0.0408
/kaggle/input/datasets/duc24kdl/sub-x-ray/sub_X-Ray/sub_NIH/00000179_003.png,,sub_NIH,00000179_003.png,ok,512x512 -> 1024x1024,2,1,311.1,39.7208,6.934272,2.633301,0.9868,0.9984,0.0649,7.4812,39.969,6.549054,2.559112,0.9886,0.9987,0.086,0.086,0.086,7.4204,120.0617,52.5675,120.0617,52.5675,0.4714,39.969,0.9886,6.549054,2.559112,0.2482,0.0002,-0.0211,0.0608
/kaggle/input/datasets/duc24kdl/sub-x-ray/sub_X-Ray/sub_NIH/00000179_006.png,,sub_NIH,00000179_006.png,ok,512x512 -> 1024x1024,2,1,308.11,40.8944,5.292283,2.300496,0.986,0.9983,0.0653,7.2042,41.1888,4.945406,2.223827,0.9879,0.9986,0.0862,0.0862,0.0862,7.2137,112.7547,55.7273,112.7547,55.7273,0.4562,41.1888,0.9879,4.945406,2.223827,0.2944,0.0003,-0.0209,-0.0095
/kaggle/input/datasets/duc24kdl/sub-x-ray/sub_X-Ray/sub_NIH/00000180_002.png,,sub_NIH,00000180_002.png,ok,512x512 -> 1024x1024,2,1,307.16,45.2369,1.947115,1.395391,0.9771,0.9976,0.0892,7.4455,45.6719,1.761521,1.327223,0.9792,0.9978,0.1164,0.1164,0.1164,7.2207,108.4159,33.4937,108.4159,33.4937,0.4287,45.6719,0.9792,1.761521,1.327223,0.435,0.0003,-0.0272,0.2248
/kaggle/input/datasets/duc24kdl/sub-x-ray/sub_X-Ray/sub_NIH/00000181_000.png,,sub_NIH,00000181_000.png,ok,512x512 -> 1024x1024,2,1,312.16,43.7339,2.752286,1.659002,0.9855,0.9983,0.0525,7.0473,44.263,2.436601,1.560961,0.9875,0.9986,0.068,0.068,0.068,6.8619,159.1317,57.5195,159.1317,57.5195,0.5167,44.263,0.9875,2.436601,1.560961,0.5291,0.0003,-0.0155,0.1854
/kaggle/input/datasets/duc24kdl/sub-x-ray/sub_X-Ray/sub_NIH/00000181_009.png,,sub_NIH,00000181_009.png,ok,512x512 -> 1024x1024,2,1,310.96,40.8209,5.382606,2.320044,0.9817,0.9979,0.0843,6.8884,41.1017,5.045616,2.246245,0.9837,0.9982,0.1105,0.1105,0.1105,6.9166,111.3436,46.25,111.3436,46.25,0.4671,41.1017,0.9837,5.045616,2.246245,0.2808,0.0003,-0.0261,-0.0282
/kaggle/input/datasets/duc24kdl/sub-x-ray/sub_X-Ray/sub_NIH/00000181_014.png,,sub_NIH,00000181_014.png,ok,512x512 -> 1024x1024,2,1,304.15,37.1896,12.419839,3.524179,0.9865,0.9984,0.0711,7.0925,37.5672,11.385717,3.374273,0.9882,0.9986,0.0922,0.0922,0.0922,6.8875,106.5267,61.6735,106.5267,61.6735,0.5141,37.5672,0.9882,11.385717,3.374273,0.3776,0.0002,-0.0211,0.205
/kaggle/input/datasets/duc24kdl/sub-x-ray/sub_X-Ray/sub_NIH/00000181_017.png,,sub_NIH,00000181_017.png,ok,512x512 -> 1024x1024,2,1,313.21,38.2245,9.786557,3.128347,0.9824,0.9979,0.0729,6.1671,38.6545,8.863995,2.977246,0.9845,0.9982,0.0957,0.0957,0.0957,6.4083,113.1585,50.4507,113.1585,50.4507,0.574,38.6545,0.9845,8.863995,2.977246,0.43,0.0003,-0.0227,-0.2412
/kaggle/input/datasets/duc24kdl/sub-x-ray/sub_X-Ray/sub_NIH/00000181_020.png,,sub_NIH,00000181_020.png,ok,512x512 -> 1024x1024,2,1,309.24,38.8737,8.427674,2.903046,0.9843,0.9982,0.0847,7.9673,39.1188,7.965207,2.82227,0.986,0.9984,0.1119,0.1119,0.1119,7.8954,123.3018,55.0178,123.3018,55.0178,0.4678,39.1188,0.986,7.965207,2.82227,0.2451,0.0002,-0.0272,0.0719
/kaggle/input/datasets/duc24kdl/sub-x-ray/sub_X-Ray/sub_NIH/00000181_022.png,,sub_NIH,00000181_022.png,ok,512x512 -> 1024x1024,2,1,286.71,36.8889,13.310514,3.648358,0.9841,0.9981,0.0748,6.8946,37.2174,12.340582,3.512917,0.986,0.9983,0.0952,0.0952,0.0952,6.9479,117.1607,56.3678,117.1607,56.3678,0.5021,37.2174,0.986,12.340582,3.512917,0.3286,0.0003,-0.0205,-0.0533
/kaggle/input/datasets/duc24kdl/sub-x-ray/sub_X-Ray/sub_NIH/00000181_037.png,,sub_NIH,00000181_037.png,ok,512x512 -> 1024x1024,2,1,315.63,40.5091,5.783192,2.404827,0.9853,0.9982,0.0677,7.1509,40.786,5.426011,2.32938,0.9872,0.9985,0.0907,0.0907,0.0907,6.9877,119.4887,46.2649,119.4887,46.2649,0.4631,40.786,0.9872,5.426011,2.32938,0.2769,0.0003,-0.0231,0.1632
/kaggle/input/datasets/duc24kdl/sub-x-ray/sub_X-Ray/sub_NIH/00000181_039.png,,sub_NIH,00000181_039.png,ok,512x512 -> 1024x1024,2,1,310.58,40.3621,5.982261,2.445866,0.9867,0.9983,0.066,7.276,40.6651,5.579207,2.362035,0.9885,0.9985,0.0878,0.0878,0.0878,6.9871,112.3694,54.2529,112.3694,54.2529,0.4885,40.6651,0.9885,5.579207,2.362035,0.3029,0.0002,-0.0218,0.2889
/kaggle/input/datasets/duc24kdl/sub-x-ray/sub_X-Ray/sub_NIH/00000181_048.png,,sub_NIH,00000181_048.png,ok,512x512 -> 1024x1024,2,1,310.44,40.3991,5.931566,2.435481,0.985,0.9983,0.077,7.8649,40.68,5.560036,2.357973,0.9868,0.9985,0.0982,0.0982,0.0982,7.6744,103.1642,58.5694,103.1642,58.5694,0.4678,40.68,0.9868,5.560036,2.357973,0.2809,0.0002,-0.0212,0.1905
/kaggle/input/datasets/duc24kdl/sub-x-ray/sub_X-Ray/sub_NIH/00000184_001.png,,sub_NIH,00000184_001.png,ok,512x512 -> 1024x1024,2,1,315.65,34.9237,20.927252,4.574631,0.9858,0.9984,0.0622,6.7545,35.1733,19.758409,4.445043,0.9877,0.9986,0.0759,0.0759,0.0759,6.6332,171.7452,51.0919,171.7452,51.0919,0.5627,35.1733,0.9877,19.758409,4.445043,0.2496,0.0003,-0.0137,0.1213
/kaggle/input/datasets/duc24kdl/sub-x-ray/sub_X-Ray/sub_NIH/00000185_000.png,,sub_NIH,00000185_000.png,ok,512x512 -> 1024x1024,2,1,315.6,35.6574,17.674418,4.204095,0.9803,0.9978,0.0837,6.3375,35.9846,16.391565,4.04865,0.9824,0.9981,0.1014,0.1014,0.1014,6.4817,134.9178,49.7356,134.9178,49.7356,0.6129,35.9846,0.9824,16.391565,4.04865,0.3272,0.0003,-0.0176,-0.1442
/kaggle/input/datasets/duc24kdl/sub-x-ray/sub_X-Ray/sub_NIH/00000187_002.png,,sub_NIH,00000187_002.png,ok,512x512 -> 1024x1024,2,1,315.81,36.5816,14.286319,3.779725,0.9809,0.998,0.0835,7.0075,36.7998,13.5863,3.68596,0.9829,0.9983,0.0996,0.0996,0.0996,6.7971,164.4551,51.9462,164.4551,51.9462,0.4825,36.7998,0.9829,13.5863,3.68596,0.2182,0.0003,-0.0161,0.2104
/kaggle/input/datasets/duc24kdl/sub-x-ray/sub_X-Ray/sub_NIH/00000188_000.png,,sub_NIH,00000188_000.png,ok,512x512 -> 1024x1024,2,1,315.36,37.631,11.219612,3.349569,0.9783,0.9978,0.0804,6.6747,37.837,10.699959,3.271079,0.9805,0.9981,0.0963,0.0963,0.0963,6.7255,150.318,55.2508,150.318,55.2508,0.4922,37.837,0.9805,10.699959,3.271079,0.206,0.0003,-0.0159,-0.0508
/kaggle/input/datasets/duc24kdl/sub-x-ray/sub_X-Ray/sub_NIH/00000193_019.png,,sub_NIH,00000193_019.png,ok,512x512 -> 1024x1024,2,1,315.05,38.2897,9.640694,3.104947,0.9894,0.9986,0.0538,7.4748,38.529,9.123813,3.020565,0.991,0.9988,0.0712,0.0712,0.0712,7.3494,152.0456,56.581,152.0456,56.581,0.4797,38.529,0.991,9.123813,3.020565,0.2393,0.0002,-0.0174,0.1254
/kaggle/input/datasets/duc24kdl/sub-x-ray/sub_X-Ray/sub_NIH/00000196_000.png,,sub_NIH,00000196_000.png,ok,512x512 -> 1024x1024,2,1,318.98,42.6927,3.497962,1.870284,0.9659,0.9969,0.1274,6.6821,42.9576,3.290909,1.814086,0.9679,0.9972,0.1439,0.1439,0.1439,6.6441,103.5136,69.4571,103.5136,69.4571,0.3667,42.9576,0.9679,3.290909,1.814086,0.265,0.0003,-0.0166,0.0379
/kaggle/input/datasets/duc24kdl/sub-x-ray/sub_X-Ray/sub_NIH/00000199_004.png,,sub_NIH,00000199_004.png,ok,512x512 -> 1024x1024,2,1,318.57,42.0891,4.019519,2.004874,0.9616,0.9966,0.1324,6.6307,42.3672,3.770132,1.941683,0.9637,0.9969,0.1481,0.1481,0.1481,6.6086,104.6149,68.8175,104.6149,68.8175,0.3907,42.3672,0.9637,3.770132,1.941683,0.2782,0.0003,-0.0157,0.022
/kaggle/input/datasets/duc24kdl/sub-x-ray/sub_X-Ray/sub_NIH/00000206_000.png,,sub_NIH,00000206_000.png,ok,512x512 -> 1024x1024,2,1,318.93,44.6516,2.228004,1.49265,0.9806,0.9979,0.0793,6.9091,44.8352,2.135813,1.461442,0.9827,0.9982,0.0981,0.0981,0.0981,6.7934,155.7021,52.9052,155.7021,52.9052,0.4622,44.8352,0.9827,2.135813,1.461442,0.1835,0.0003,-0.0188,0.1157
/kaggle/input/datasets/duc24kdl/sub-x-ray/sub_X-Ray/sub_NIH/00000210_000.png,,sub_NIH,00000210_000.png,ok,512x512 -> 1024x1024,2,1,302.39,44.646,2.230904,1.493621,0.9876,0.9984,0.0564,7.4497,44.5553,2.277983,1.509299,0.9894,0.9987,0.0752,0.0752,0.0752,7.254,165.4333,39.4705,165.4333,39.4705,0.4658,44.5553,0.9894,2.277983,1.509299,-0.0907,0.0003,-0.0187,0.1957
/kaggle/input/datasets/duc24kdl/sub-x-ray/sub_X-Ray/sub_NIH/00000211_001.png,,sub_NIH,00000211_001.png,ok,512x512 -> 1024x1024,2,1,312.25,39.0905,8.017253,2.831475,0.9868,0.9985,0.0541,6.4022,39.2793,7.676341,2.770621,0.9885,0.9987,0.0665,0.0665,0.0665,6.5669,152.5827,69.3242,152.5827,69.3242,0.5216,39.2793,0.9885,7.676341,2.770621,0.1887,0.0002,-0.0124,-0.1647
/kaggle/input/datasets/duc24kdl/sub-x-ray/sub_X-Ray/sub_NIH/00000211_005.png,,sub_NIH,00000211_005.png,ok,512x512 -> 1024x1024,2,1,315.22,40.9146,5.26765,2.295136,0.9543,0.9959,0.1473,6.4286,41.2012,4.931253,2.220642,0.9567,0.9963,0.1614,0.1614,0.1614,6.4494,111.3955,74.9161,111.3955,74.9161,0.4353,41.2012,0.9567,4.931253,2.220642,0.2866,0.0003,-0.0141,-0.0208
/kaggle/input/datasets/duc24kdl/sub-x-ray/sub_X-Ray/sub_NIH/00000211_010.png,,sub_NIH,00000211_010.png,ok,512x512 -> 1024x1024,2,1,304.28,42.0161,4.087621,2.021787,0.9648,0.9969,0.1128,5.8591,42.3017,3.827444,1.956386,0.9667,0.9972,0.1246,0.1246,0.1246,5.879,90.1506,78.5708,90.1506,78.5708,0.4267,42.3017,0.9667,3.827444,1.956386,0.2856,0.0003,-0.0119,-0.0199
/kaggle/input/datasets/duc24kdl/sub-x-ray/sub_X-Ray/sub_NIH/00000211_016.png,,sub_NIH,00000211_016.png,ok,512x512 -> 1024x1024,2,1,317.53,39.9326,6.604156,2.569855,0.9835,0.9982,0.0682,6.9063,40.2218,6.178739,2.485707,0.9854,0.9984,0.0834,0.0834,0.0834,6.9681,113.7246,65.283,113.7246,65.283,0.4609,40.2218,0.9854,6.178739,2.485707,0.2892,0.0002,-0.0152,-0.0618
/kaggle/input/datasets/duc24kdl/sub-x-ray/sub_X-Ray/sub_NIH/00000211_018.png,,sub_NIH,00000211_018.png,ok,512x512 -> 1024x1024,2,1,312.67,38.9706,8.241819,2.870857,0.9857,0.9984,0.0649,6.6317,39.3007,7.638621,2.763806,0.9874,0.9986,0.0811,0.0811,0.0811,6.7134,94.5108,61.5025,94.5108,61.5025,0.5366,39.3007,0.9874,7.638621,2.763806,0.3301,0.0002,-0.0162,-0.0817
/kaggle/input/datasets/duc24kdl/sub-x-ray/sub_X-Ray/sub_NIH/00000211_021.png,,sub_NIH,00000211_021.png,ok,512x512 -> 1024x1024,2,1,318.32,42.0578,4.048525,2.012095,0.9624,0.9967,0.1245,6.3077,42.3568,3.77924,1.944027,0.9645,0.997,0.1389,0.1389,0.1389,6.2544,100.6725,72.4669,100.6725,72.4669,0.4243,42.3568,0.9645,3.77924,1.944027,0.2989,0.0003,-0.0143,0.0533
/kaggle/input/datasets/duc24kdl/sub-x-ray/sub_X-Ray/sub_NIH/00000211_036.png,,sub_NIH,00000211_036.png,ok,512x512 -> 1024x1024,2,1,315.81,41.1685,4.968542,2.229023,0.9435,0.9949,0.1656,6.3931,41.3875,4.724272,2.173539,0.9461,0.9953,0.181,0.181,0.181,6.376,117.085,73.7073,117.085,73.7073,0.3619,41.3875,0.9461,4.724272,2.173539,0.2189,0.0004,-0.0154,0.0171
/kaggle/input/datasets/duc24kdl/sub-x-ray/sub_X-Ray/sub_NIH/00000211_038.png,,sub_NIH,00000211_038.png,ok,512x512 -> 1024x1024,2,1,316.25,39.0174,8.15338,2.855412,0.9846,0.9982,0.0693,6.9654,39.4403,7.39687,2.719719,0.9864,0.9985,0.0879,0.0879,0.0879,7.0022,108.0649,63.7157,108.0649,63.7157,0.5434,39.4403,0.9864,7.39687,2.719719,0.4229,0.0002,-0.0186,-0.0368
/kaggle/input/datasets/duc24kdl/sub-x-ray/sub_X-Ray/sub_NIH/00000211_039.png,,sub_NIH,00000211_039.png,ok,512x512 -> 1024x1024,2,1,318.38,35.2684,19.330233,4.396616,0.9811,0.998,0.0907,7.1867,35.5863,17.965982,4.23863,0.9829,0.9982,0.112,0.112,0.112,7.2379,111.4901,60.476,111.4901,60.476,0.5546,35.5863,0.9829,17.965982,4.23863,0.3179,0.0002,-0.0213,-0.0512
/kaggle/input/datasets/duc24kdl/sub-x-ray/sub_X-Ray/sub_NIH/00000211_040.png,,sub_NIH,00000211_040.png,ok,512x512 -> 1024x1024,2,1,318.63,38.2461,9.737988,3.120575,0.984,0.9982,0.0761,7.1853,38.5931,8.990191,2.998365,0.9858,0.9984,0.0975,0.0975,0.0975,7.1813,102.3244,57.753,102.3244,57.753,0.5154,38.5931,0.9858,8.990191,2.998365,0.347,0.0002,-0.0215,0.004
/kaggle/input/datasets/duc24kdl/sub-x-ray/sub_X-Ray/sub_NIH/00000213_003.png,,sub_NIH,00000213_003.png,ok,512x512 -> 1024x1024,2,1,316.77,36.0045,16.316486,4.039367,0.9835,0.998,0.0837,7.0501,36.2653,15.36547,3.919881,0.9853,0.9983,0.1101,0.1101,0.1101,7.1153,125.8497,47.6189,125.8497,47.6189,0.4902,36.2653,0.9853,15.36547,3.919881,0.2608,0.0002,-0.0264,-0.0652
/kaggle/input/datasets/duc24kdl/sub-x-ray/sub_X-Ray/sub_NIH/00000217_000.png,,sub_NIH,00000217_000.png,ok,512x512 -> 1024x1024,2,1,319.08,41.5259,4.576085,2.139179,0.96,0.9964,0.1425,6.6355,41.7939,4.302193,2.074173,0.9623,0.9967,0.162,0.162,0.162,6.5314,128.2091,64.4768,128.2091,64.4768,0.4018,41.7939,0.9623,4.302193,2.074173,0.268,0.0003,-0.0194,0.1041
/kaggle/input/datasets/duc24kdl/sub-x-ray/sub_X-Ray/sub_NIH/00000218_000.png,,sub_NIH,00000218_000.png,ok,512x512 -> 1024x1024,2,1,319.37,46.177,1.568128,1.252249,0.9843,0.9983,0.0603,6.7171,46.7395,1.377631,1.173725,0.9863,0.9985,0.0741,0.0741,0.0741,6.6407,160.4728,60.7973,160.4728,60.7973,0.4819,46.7395,0.9863,1.377631,1.173725,0.5625,0.0003,-0.0138,0.0764
/kaggle/input/datasets/duc24kdl/sub-x-ray/sub_X-Ray/sub_NIH/00000218_003.png,,sub_NIH,00000218_003.png,ok,512x512 -> 1024x1024,2,1,319.61,45.2609,1.936358,1.391531,0.9827,0.9981,0.0697,6.4095,45.7653,1.724037,1.313026,0.9848,0.9984,0.0855,0.0855,0.0855,6.4368,150.2238,60.6599,150.2238,60.6599,0.4984,45.7653,0.9848,1.724037,1.313026,0.5044,0.0003,-0.0158,-0.0273
/kaggle/input/datasets/duc24kdl/sub-x-ray/sub_X-Ray/sub_NIH/00000218_006.png,,sub_NIH,00000218_006.png,ok,512x512 -> 1024x1024,2,1,319.49,45.7687,1.722698,1.312516,0.984,0.9982,0.0613,6.6885,46.3722,1.499209,1.224422,0.9861,0.9985,0.0747,0.0747,0.0747,6.6425,160.5655,60.091,160.5655,60.091,0.4741,46.3722,0.9861,1.499209,1.224422,0.6035,0.0003,-0.0134,0.0461
/kaggle/input/datasets/duc24kdl/sub-x-ray/sub_X-Ray/sub_NIH/00000218_007.png,,sub_NIH,00000218_007.png,ok,512x512 -> 1024x1024,2,1,321.4,46.6389,1.409923,1.187402,0.9873,0.9984,0.0509,6.8648,47.2925,1.212918,1.101326,0.9893,0.9987,0.0644,0.0644,0.0644,6.6724,158.6626,59.6316,158.6626,59.6316,0.5059,47.2925,0.9893,1.212918,1.101326,0.6536,0.0003,-0.0134,0.1925
/kaggle/input/datasets/duc24kdl/sub-x-ray/sub_X-Ray/sub_NIH/00000218_008.png,,sub_NIH,00000218_008.png,ok,512x512 -> 1024x1024,2,1,323.15,44.7166,2.194924,1.481527,0.986,0.9984,0.051,6.5306,44.93,2.089668,1.445568,0.9879,0.9986,0.0636,0.0636,0.0636,6.5114,165.59,62.1301,165.59,62.1301,0.5205,44.93,0.9879,2.089668,1.445568,0.2134,0.0003,-0.0125,0.0192
/kaggle/input/datasets/duc24kdl/sub-x-ray/sub_X-Ray/sub_NIH/00000222_000.png,,sub_NIH,00000222_000.png,ok,512x512 -> 1024x1024,2,1,317.09,38.4236,9.34809,3.057465,0.9842,0.9983,0.0604,6.6548,38.7122,8.746951,2.957524,0.986,0.9985,0.0731,0.0731,0.0731,6.5702,150.7416,74.4102,150.7416,74.4102,0.4953,38.7122,0.986,8.746951,2.957524,0.2887,0.0002,-0.0127,0.0846
/kaggle/input/datasets/duc24kdl/sub-x-ray/sub_X-Ray/sub_NIH/00000230_006.png,,sub_NIH,00000230_006.png,ok,512x512 -> 1024x1024,2,1,324.53,36.1926,15.624842,3.952827,0.9781,0.9977,0.0996,6.7525,36.5418,14.417727,3.797068,0.9801,0.9979,0.1202,0.1202,0.1202,6.8447,134.4145,58.8159,134.4145,58.8159,0.6054,36.5418,0.9801,14.417727,3.797068,0.3492,0.0002,-0.0206,-0.0922
/kaggle/input/datasets/duc24kdl/sub-x-ray/sub_X-Ray/sub_NIH/00000231_000.png,,sub_NIH,00000231_000.png,ok,512x512 -> 1024x1024,2,1,320.97,36.2059,15.577215,3.946798,0.976,0.9976,0.0952,5.891,36.5066,14.53523,3.81251,0.9783,0.9979,0.1106,0.1106,0.1106,6.2242,113.5967,63.649,113.5967,63.649,0.5608,36.5066,0.9783,14.53523,3.81251,0.3007,0.0003,-0.0155,-0.3332
/kaggle/input/datasets/duc24kdl/sub-x-ray/sub_X-Ray/sub_NIH/00000231_005.png,,sub_NIH,00000231_005.png,ok,512x512 -> 1024x1024,2,1,323.57,40.501,5.794055,2.407084,0.9478,0.9953,0.1682,6.5471,40.8211,5.382339,2.319987,0.9505,0.9957,0.1853,0.1853,0.1853,6.4219,120.9364,69.604,120.9364,69.604,0.404,40.8211,0.9505,5.382339,2.319987,0.3201,0.0004,-0.0172,0.1251
/kaggle/input/datasets/duc24kdl/sub-x-ray/sub_X-Ray/sub_NIH/00000237_000.png,,sub_NIH,00000237_000.png,ok,512x512 -> 1024x1024,2,1,325.12,39.1685,7.874623,2.806176,0.9865,0.9984,0.0581,7.0258,39.5052,7.287232,2.699487,0.9882,0.9987,0.0711,0.0711,0.0711,6.9405,170.3598,58.0626,170.3598,58.0626,0.5436,39.5052,0.9882,7.287232,2.699487,0.3367,0.0002,-0.013,0.0854
/kaggle/input/datasets/duc24kdl/sub-x-ray/sub_X-Ray/sub_NIH/00000238_002.png,,sub_NIH,00000238_002.png,ok,512x512 -> 1024x1024,2,1,325.99,37.6657,11.130342,3.336217,0.9843,0.9982,0.0645,6.955,37.74,10.941606,3.30781,0.9861,0.9985,0.0811,0.0811,0.0811,6.9023,165.8403,53.752,165.8403,53.752,0.4676,37.74,0.9861,10.941606,3.30781,0.0743,0.0003,-0.0166,0.0527
/kaggle/input/datasets/duc24kdl/sub-x-ray/sub_X-Ray/sub_NIH/00000239_001.png,,sub_NIH,00000239_001.png,ok,512x512 -> 1024x1024,2,1,326.93,41.8842,4.213634,2.052714,0.9603,0.9965,0.1372,6.589,42.1976,3.920266,1.979966,0.9626,0.9968,0.154,0.154,0.154,6.5858,112.975,70.6329,112.975,70.6329,0.4194,42.1976,0.9626,3.920266,1.979966,0.3134,0.0003,-0.0169,0.0031
/kaggle/input/datasets/duc24kdl/sub-x-ray/sub_X-Ray/sub_NIH/00000240_000.png,,sub_NIH,00000240_000.png,ok,512x512 -> 1024x1024,2,1,328.32,44.8823,2.112775,1.453539,0.9837,0.9981,0.0624,6.6881,44.9153,2.09675,1.448016,0.9858,0.9984,0.0767,0.0767,0.0767,6.7071,159.7194,54.7262,159.7194,54.7262,0.4644,44.9153,0.9858,2.09675,1.448016,0.0331,0.0003,-0.0142,-0.019
/kaggle/input/datasets/duc24kdl/sub-x-ray/sub_X-Ray/sub_NIH/00000242_003.png,,sub_NIH,00000242_003.png,ok,512x512 -> 1024x1024,2,1,326.37,37.2614,12.216188,3.495166,0.9847,0.9983,0.0678,6.563,37.4778,11.62255,3.409186,0.9865,0.9986,0.0815,0.0815,0.0815,6.6546,168.0722,55.8733,168.0722,55.8733,0.4626,37.4778,0.9865,11.62255,3.409186,0.2163,0.0002,-0.0137,-0.0916
/kaggle/input/datasets/duc24kdl/sub-x-ray/sub_X-Ray/sub_NIH/00000243_001.png,,sub_NIH,00000243_001.png,ok,512x512 -> 1024x1024,2,1,327.14,36.831,13.489109,3.672752,0.9823,0.9981,0.0691,6.4994,37.1895,12.420266,3.52424,0.9844,0.9984,0.0812,0.0812,0.0812,6.4269,171.3099,54.0875,171.3099,54.0875,0.5174,37.1895,0.9844,12.420266,3.52424,0.3585,0.0003,-0.0121,0.0725
/kaggle/input/datasets/duc24kdl/sub-x-ray/sub_X-Ray/sub_NIH/00000246_004.png,,sub_NIH,00000246_004.png,ok,512x512 -> 1024x1024,2,1,329.33,38.1779,9.892126,3.145175,0.97,0.997,0.1151,6.5835,38.5669,9.044687,3.007439,0.9724,0.9973,0.1347,0.1347,0.1347,6.5602,137.6931,50.4071,137.6931,50.4071,0.5363,38.5669,0.9724,9.044687,3.007439,0.389,0.0003,-0.0197,0.0233
/kaggle/input/datasets/duc24kdl/sub-x-ray/sub_X-Ray/sub_NIH/00000246_008.png,,sub_NIH,00000246_008.png,ok,512x512 -> 1024x1024,2,1,328.22,35.6135,17.853834,4.22538,0.9753,0.9974,0.1055,7.1334,35.917,16.648803,4.080295,0.9776,0.9977,0.1259,0.1259,0.1259,7.0871,143.0772,54.8432,143.0772,54.8432,0.5894,35.917,0.9776,16.648803,4.080295,0.3035,0.0003,-0.0204,0.0463
/kaggle/input/datasets/duc24kdl/sub-x-ray/sub_X-Ray/sub_NIH/00000246_014.png,,sub_NIH,00000246_014.png,ok,512x512 -> 1024x1024,2,1,328.45,40.2681,6.113268,2.472502,0.975,0.9973,0.1047,7.1805,40.0537,6.422531,2.534271,0.9771,0.9976,0.1247,0.1247,0.1247,7.001,142.9719,52.4134,142.9719,52.4134,0.5089,40.0537,0.9771,6.422531,2.534271,-0.2143,0.0003,-0.0201,0.1795
/kaggle/input/datasets/duc24kdl/sub-x-ray/sub_X-Ray/sub_NIH/00000246_015.png,,sub_NIH,00000246_015.png,ok,512x512 -> 1024x1024,2,1,329.24,39.268,7.696293,2.774219,0.9744,0.9973,0.11,7.4547,39.4367,7.403048,2.720854,0.9766,0.9976,0.1308,0.1308,0.1308,7.2089,139.3356,56.0565,139.3356,56.0565,0.5183,39.4367,0.9766,7.403048,2.720854,0.1687,0.0003,-0.0208,0.2458
/kaggle/input/datasets/duc24kdl/sub-x-ray/sub_X-Ray/sub_NIH/00000247_000.png,,sub_NIH,00000247_000.png,ok,512x512 -> 1024x1024,2,1,331.0,46.5293,1.445946,1.202475,0.9849,0.9982,0.061,7.2632,46.9649,1.307948,1.143656,0.9869,0.9985,0.0771,0.0771,0.0771,6.9678,164.61,44.0507,164.61,44.0507,0.4513,46.9649,0.9869,1.307948,1.143656,0.4356,0.0003,-0.0161,0.2954
/kaggle/input/datasets/duc24kdl/sub-x-ray/sub_X-Ray/sub_NIH/00000248_000.png,,sub_NIH,00000248_000.png,ok,512x512 -> 1024x1024,2,1,333.31,42.5038,3.653409,1.911389,0.967,0.997,0.1215,6.1986,42.7714,3.435107,1.853404,0.9691,0.9973,0.1384,0.1384,0.1384,6.3665,111.772,69.2445,111.772,69.2445,0.3985,42.7714,0.9691,3.435107,1.853404,0.2676,0.0003,-0.0169,-0.1679
/kaggle/input/datasets/duc24kdl/sub-x-ray/sub_X-Ray/sub_NIH/00000248_001.png,,sub_NIH,00000248_001.png,ok,512x512 -> 1024x1024,2,1,329.58,36.1119,15.917891,3.989723,0.9827,0.998,0.0795,7.1433,36.5023,14.549456,3.814375,0.9847,0.9983,0.1011,0.1011,0.1011,7.1578,107.1343,50.5197,107.1343,50.5197,0.5472,36.5023,0.9847,14.549456,3.814375,0.3904,0.0003,-0.0216,-0.0145
/kaggle/input/datasets/duc24kdl/sub-x-ray/sub_X-Ray/sub_NIH/00000248_003.png,,sub_NIH,00000248_003.png,ok,512x512 -> 1024x1024,2,1,333.03,36.8007,13.583503,3.68558,0.9823,0.998,0.087,7.1439,37.2053,12.37513,3.51783,0.9843,0.9983,0.1127,0.1127,0.1127,7.2017,114.2198,46.3671,114.2198,46.3671,0.5443,37.2053,0.9843,12.37513,3.51783,0.4046,0.0003,-0.0257,-0.0579
/kaggle/input/datasets/duc24kdl/sub-x-ray/sub_X-Ray/sub_NIH/00000248_009.png,,sub_NIH,00000248_009.png,ok,512x512 -> 1024x1024,2,1,333.33,37.3358,12.008907,3.465387,0.9833,0.9981,0.0743,6.789,37.6742,11.10869,3.33297,0.9853,0.9983,0.0961,0.0961,0.0961,6.9583,123.7256,58.1469,123.7256,58.1469,0.5042,37.6742,0.9853,11.10869,3.33297,0.3384,0.0003,-0.0217,-0.1693
/kaggle/input/datasets/duc24kdl/sub-x-ray/sub_X-Ray/sub_NIH/00000248_020.png,,sub_NIH,00000248_020.png,ok,512x512 -> 1024x1024,2,1,330.48,36.1228,15.878102,3.984734,0.9861,0.9983,0.0615,8.6724,36.5055,14.53873,3.812969,0.9877,0.9985,0.0828,0.0828,0.0828,8.193,152.0458,56.1847,152.0458,56.1847,0.5397,36.5055,0.9877,14.53873,3.812969,0.3827,0.0002,-0.0213,0.4794
/kaggle/input/datasets/duc24kdl/sub-x-ray/sub_X-Ray/sub_NIH/00000248_021.png,,sub_NIH,00000248_021.png,ok,512x512 -> 1024x1024,2,1,336.25,38.1936,9.856546,3.139514,0.9815,0.998,0.0847,7.1897,38.509,9.165929,3.027529,0.9834,0.9982,0.1069,0.1069,0.1069,7.2419,120.5343,50.9579,120.5343,50.9579,0.5234,38.509,0.9834,9.165929,3.027529,0.3155,0.0002,-0.0222,-0.0522
/kaggle/input/datasets/duc24kdl/sub-x-ray/sub_X-Ray/sub_NIH/00000248_023.png,,sub_NIH,00000248_023.png,ok,512x512 -> 1024x1024,2,1,344.21,35.196,19.655343,4.433435,0.9833,0.9982,0.0815,7.4109,35.5447,18.139002,4.258991,0.9851,0.9984,0.1036,0.1036,0.1036,7.5364,111.3619,57.3828,111.3619,57.3828,0.5564,35.5447,0.9851,18.139002,4.258991,0.3487,0.0002,-0.0221,-0.1255
/kaggle/input/datasets/duc24kdl/sub-x-ray/sub_X-Ray/sub_NIH/00000248_025.png,,sub_NIH,00000248_025.png,ok,512x512 -> 1024x1024,2,1,337.13,42.6965,3.494889,1.869462,0.9662,0.9969,0.1362,6.7639,42.959,3.289911,1.813811,0.9682,0.9972,0.1557,0.1557,0.1557,6.614,121.921,68.659,121.921,68.659,0.381,42.959,0.9682,3.289911,1.813811,0.2625,0.0003,-0.0195,0.1499
/kaggle/input/datasets/duc24kdl/sub-x-ray/sub_X-Ray/sub_NIH/00000250_001.png,,sub_NIH,00000250_001.png,ok,512x512 -> 1024x1024,2,1,338.05,41.5473,4.553588,2.133914,0.9817,0.998,0.0942,7.3339,41.8242,4.272276,2.066949,0.9835,0.9983,0.1202,0.1202,0.1202,7.2786,108.3918,52.6265,108.3918,52.6265,0.4359,41.8242,0.9835,4.272276,2.066949,0.2769,0.0002,-0.0259,0.0553
/kaggle/input/datasets/duc24kdl/sub-x-ray/sub_X-Ray/sub_NIH/00000250_002.png,,sub_NIH,00000250_002.png,ok,512x512 -> 1024x1024,2,1,339.1,41.8611,4.236101,2.058179,0.9602,0.9964,0.1426,6.828,42.1138,3.996657,1.999164,0.9624,0.9967,0.1627,0.1627,0.1627,6.718,118.4665,68.3328,118.4665,68.3328,0.4135,42.1138,0.9624,3.996657,1.999164,0.2527,0.0003,-0.0201,0.11
/kaggle/input/datasets/duc24kdl/sub-x-ray/sub_X-Ray/sub_NIH/00000250_007.png,,sub_NIH,00000250_007.png,ok,512x512 -> 1024x1024,2,1,340.41,38.8171,8.538187,2.922018,0.9884,0.9985,0.0541,7.6777,39.0783,8.03992,2.835475,0.99,0.9987,0.072,0.072,0.072,7.4892,151.3229,54.8142,151.3229,54.8142,0.4688,39.0783,0.99,8.03992,2.835475,0.2611,0.0002,-0.0178,0.1885
/kaggle/input/datasets/duc24kdl/sub-x-ray/sub_X-Ray/sub_NIH/00000250_008.png,,sub_NIH,00000250_008.png,ok,512x512 -> 1024x1024,2,1,342.71,41.0673,5.08566,2.255141,0.9861,0.9984,0.0686,8.6345,41.3406,4.77556,2.185305,0.9878,0.9986,0.0917,0.0917,0.0917,8.2788,104.9008,59.4678,104.9008,59.4678,0.4593,41.3406,0.9878,4.77556,2.185305,0.2732,0.0002,-0.0231,0.3556
/kaggle/input/datasets/duc24kdl/sub-x-ray/sub_X-Ray/sub_NIH/00000250_011.png,,sub_NIH,00000250_011.png,ok,512x512 -> 1024x1024,2,1,341.48,42.2649,3.860064,1.964704,0.9623,0.9966,0.137,6.4871,42.5206,3.639294,1.907693,0.9644,0.9969,0.1566,0.1566,0.1566,6.5123,121.1891,72.794,121.1891,72.794,0.4015,42.5206,0.9644,3.639294,1.907693,0.2558,0.0003,-0.0196,-0.0252
/kaggle/input/datasets/duc24kdl/sub-x-ray/sub_X-Ray/sub_NIH/00000250_014.png,,sub_NIH,00000250_014.png,ok,512x512 -> 1024x1024,2,1,344.2,41.5365,4.564927,2.136569,0.9615,0.9965,0.1367,6.6108,41.7989,4.297241,2.072979,0.9637,0.9968,0.1568,0.1568,0.1568,6.7331,125.0499,65.9881,125.0499,65.9881,0.3871,41.7989,0.9637,4.297241,2.072979,0.2624,0.0003,-0.0201,-0.1223
/kaggle/input/datasets/duc24kdl/sub-x-ray/sub_X-Ray/sub_NIH/00000250_016.png,,sub_NIH,00000250_016.png,ok,512x512 -> 1024x1024,2,1,338.55,37.5447,11.444755,3.38301,0.9845,0.9982,0.0666,6.9926,37.7853,10.827933,3.290583,0.9865,0.9985,0.0812,0.0812,0.0812,6.9199,174.8145,48.3182,174.8145,48.3182,0.4822,37.7853,0.9865,10.827933,3.290583,0.2406,0.0003,-0.0146,0.0727
/kaggle/input/datasets/duc24kdl/sub-x-ray/sub_X-Ray/sub_NIH/00000255_000.png,,sub_NIH,00000255_000.png,ok,512x512 -> 1024x1024,2,1,343.49,38.9662,8.250073,2.872294,0.9865,0.9984,0.0531,6.4697,39.2312,7.761818,2.786004,0.9885,0.9987,0.0659,0.0659,0.0659,6.5292,153.8929,61.8958,153.8929,61.8958,0.4553,39.2312,0.9885,7.761818,2.786004,0.2649,0.0003,-0.0128,-0.0595
/kaggle/input/datasets/duc24kdl/sub-x-ray/sub_X-Ray/sub_NIH/00000261_000.png,,sub_NIH,00000261_000.png,ok,512x512 -> 1024x1024,2,1,343.24,42.3075,3.822368,1.955088,0.9706,0.9973,0.1168,6.0681,42.6325,3.546735,1.883278,0.9726,0.9976,0.1337,0.1337,0.1337,6.0478,105.258,67.366,105.258,67.366,0.4407,42.6325,0.9726,3.546735,1.883278,0.325,0.0003,-0.017,0.0202
/kaggle/input/datasets/duc24kdl/sub-x-ray/sub_X-Ray/sub_NIH/00000265_002.png,,sub_NIH,00000265_002.png,ok,512x512 -> 1024x1024,2,1,346.68,35.36,18.926991,4.350516,0.9832,0.9981,0.0681,6.7806,35.6012,17.904429,4.231363,0.9851,0.9984,0.0813,0.0813,0.0813,6.6608,156.9778,73.3194,156.9778,73.3194,0.5355,35.6012,0.9851,17.904429,4.231363,0.2412,0.0003,-0.0132,0.1198
/kaggle/input/datasets/duc24kdl/sub-x-ray/sub_X-Ray/sub_NIH/00000268_002.png,,sub_NIH,00000268_002.png,ok,512x512 -> 1024x1024,2,1,348.42,35.6193,17.830085,4.222569,0.9891,0.9985,0.0523,7.3351,35.8876,16.761682,4.094103,0.9907,0.9987,0.0695,0.0695,0.0695,7.3002,155.4067,54.2275,155.4067,54.2275,0.4857,35.8876,0.9907,16.761682,4.094103,0.2684,0.0003,-0.0172,0.0349
/kaggle/input/datasets/duc24kdl/sub-x-ray/sub_X-Ray/sub_NIH/00000270_001.png,,sub_NIH,00000270_001.png,ok,512x512 -> 1024x1024,2,1,348.33,37.19,12.418728,3.524022,0.9836,0.9982,0.0579,6.1798,37.4465,11.706519,3.421479,0.9856,0.9984,0.0711,0.0711,0.0711,6.1682,162.8467,67.43,162.8467,67.43,0.4721,37.4465,0.9856,11.706519,3.421479,0.2565,0.0003,-0.0132,0.0116
/kaggle/input/datasets/duc24kdl/sub-x-ray/sub_X-Ray/sub_NIH/00000271_004.png,,sub_NIH,00000271_004.png,ok,512x512 -> 1024x1024,2,1,350.45,41.9014,4.196978,2.048653,0.9621,0.9965,0.1176,5.9653,42.2327,3.888713,1.971982,0.9644,0.9968,0.1318,0.1318,0.1318,5.9784,87.4378,67.944,87.4378,67.944,0.4493,42.2327,0.9644,3.888713,1.971982,0.3313,0.0003,-0.0142,-0.0132
/kaggle/input/datasets/duc24kdl/sub-x-ray/sub_X-Ray/sub_NIH/00000272_000.png,,sub_NIH,00000272_000.png,ok,512x512 -> 1024x1024,2,1,345.31,44.5847,2.262598,1.504194,0.9853,0.9983,0.0559,7.0405,45.1207,1.999894,1.414176,0.9873,0.9986,0.0727,0.0727,0.0727,6.9455,148.1085,56.8595,148.1085,56.8595,0.5091,45.1207,0.9873,1.999894,1.414176,0.536,0.0003,-0.0168,0.0951
/kaggle/input/datasets/duc24kdl/sub-x-ray/sub_X-Ray/sub_NIH/00000272_001.png,,sub_NIH,00000272_001.png,ok,512x512 -> 1024x1024,2,1,343.55,37.4479,11.702793,3.420935,0.9838,0.9982,0.0643,6.9501,37.6779,11.099108,3.331532,0.9856,0.9985,0.0785,0.0785,0.0785,6.9175,154.3019,67.3839,154.3019,67.3839,0.4684,37.6779,0.9856,11.099108,3.331532,0.23,0.0002,-0.0142,0.0327
/kaggle/input/datasets/duc24kdl/sub-x-ray/sub_X-Ray/sub_NIH/00000272_002.png,,sub_NIH,00000272_002.png,ok,512x512 -> 1024x1024,2,1,342.52,36.8774,13.345676,3.653173,0.9828,0.9982,0.0668,6.9482,37.4701,11.643159,3.412207,0.9847,0.9985,0.0804,0.0804,0.0804,6.8586,133.2037,77.5594,133.2037,77.5594,0.5043,37.4701,0.9847,11.643159,3.412207,0.5927,0.0002,-0.0136,0.0896
/kaggle/input/datasets/duc24kdl/sub-x-ray/sub_X-Ray/sub_NIH/00000272_006.png,,sub_NIH,00000272_006.png,ok,512x512 -> 1024x1024,2,1,352.58,36.4508,14.723076,3.837066,0.977,0.9977,0.0836,6.7108,36.909,13.248774,3.639887,0.9792,0.998,0.0978,0.0978,0.0978,6.6056,127.1903,70.2978,127.1903,70.2978,0.556,36.909,0.9792,13.248774,3.639887,0.4582,0.0003,-0.0142,0.1052
/kaggle/input/datasets/duc24kdl/sub-x-ray/sub_X-Ray/sub_NIH/00000273_004.png,,sub_NIH,00000273_004.png,ok,512x512 -> 1024x1024,2,1,355.24,44.9491,2.080536,1.442406,0.9833,0.9981,0.0641,7.3989,45.4985,1.833303,1.353995,0.9853,0.9983,0.0809,0.0809,0.0809,7.2284,166.9851,52.1955,166.9851,52.1955,0.4422,45.4985,0.9853,1.833303,1.353995,0.5494,0.0003,-0.0168,0.1706
/kaggle/input/datasets/duc24kdl/sub-x-ray/sub_X-Ray/sub_NIH/00000274_000.png,,sub_NIH,00000274_000.png,ok,512x512 -> 1024x1024,2,1,354.92,37.0798,12.737989,3.569032,0.9846,0.9982,0.0605,6.6303,37.3243,12.040567,3.469952,0.9865,0.9985,0.0731,0.0731,0.0731,6.5837,154.2067,73.0628,154.2067,73.0628,0.4934,37.3243,0.9865,12.040567,3.469952,0.2445,0.0003,-0.0126,0.0466
/kaggle/input/datasets/duc24kdl/sub-x-ray/sub_X-Ray/sub_NIH/00000275_000.png,,sub_NIH,00000275_000.png,ok,512x512 -> 1024x1024,2,1,352.3,36.0137,16.28206,4.035104,0.9751,0.9975,0.0974,6.1621,36.252,15.412911,3.925928,0.9774,0.9978,0.1141,0.1141,0.1141,6.2812,148.8429,72.1885,148.8429,72.1885,0.5425,36.252,0.9774,15.412911,3.925928,0.2382,0.0003,-0.0167,-0.1191
/kaggle/input/datasets/duc24kdl/sub-x-ray/sub_X-Ray/sub_NIH/00000275_001.png,,sub_NIH,00000275_001.png,ok,512x512 -> 1024x1024,2,1,353.86,35.544,18.141909,4.259332,0.9728,0.9971,0.1121,6.3103,35.8184,17.031116,4.126877,0.9749,0.9974,0.1329,0.1329,0.1329,6.3397,120.424,50.2664,120.424,50.2664,0.6201,35.8184,0.9749,17.031116,4.126877,0.2744,0.0003,-0.0208,-0.0294
/kaggle/input/datasets/duc24kdl/sub-x-ray/sub_X-Ray/sub_NIH/00000275_004.png,,sub_NIH,00000275_004.png,ok,512x512 -> 1024x1024,2,1,358.13,41.5103,4.592529,2.143019,0.9608,0.9965,0.1436,6.5992,41.7512,4.344749,2.084406,0.9629,0.9968,0.1631,0.1631,0.1631,6.6661,138.654,68.1677,138.654,68.1677,0.3799,41.7512,0.9629,4.344749,2.084406,0.2409,0.0003,-0.0194,-0.0668
/kaggle/input/datasets/duc24kdl/sub-x-ray/sub_X-Ray/sub_NIH/00000278_001.png,,sub_NIH,00000278_001.png,ok,512x512 -> 1024x1024,2,1,356.99,46.5103,1.452294,1.205111,0.9834,0.9981,0.0755,7.1243,47.1069,1.265866,1.125107,0.9855,0.9984,0.0962,0.0962,0.0962,6.9735,160.6591,40.2196,160.6591,40.2196,0.4418,47.1069,0.9855,1.265866,1.125107,0.5967,0.0003,-0.0206,0.1507
/kaggle/input/datasets/duc24kdl/sub-x-ray/sub_X-Ray/sub_NIH/00000278_004.png,,sub_NIH,00000278_004.png,ok,512x512 -> 1024x1024,2,1,351.65,38.2191,9.79867,3.130283,0.9848,0.9983,0.0675,7.0018,38.458,9.274187,3.045355,0.9868,0.9985,0.083,0.083,0.083,6.9786,172.7484,46.9128,172.7484,46.9128,0.4809,38.458,0.9868,9.274187,3.045355,0.2389,0.0003,-0.0154,0.0232
/kaggle/input/datasets/duc24kdl/sub-x-ray/sub_X-Ray/sub_NIH/00000283_000.png,,sub_NIH,00000283_000.png,ok,512x512 -> 1024x1024,2,1,354.76,45.8124,1.705474,1.305938,0.977,0.9975,0.0883,7.1453,46.2708,1.534606,1.238792,0.9793,0.9978,0.1138,0.1138,0.1138,6.8107,112.6038,30.0606,112.6038,30.0606,0.3846,46.2708,0.9793,1.534606,1.238792,0.4585,0.0003,-0.0254,0.3346
/kaggle/input/datasets/duc24kdl/sub-x-ray/sub_X-Ray/sub_NIH/00000284_002.png,,sub_NIH,00000284_002.png,ok,512x512 -> 1024x1024,2,1,358.66,36.4401,14.759393,3.841795,0.9818,0.9981,0.069,6.3911,36.8305,13.490533,3.672946,0.9837,0.9984,0.0824,0.0824,0.0824,6.3814,152.7809,70.6151,152.7809,70.6151,0.4838,36.8305,0.9837,13.490533,3.672946,0.3904,0.0003,-0.0133,0.0097
/kaggle/input/datasets/duc24kdl/sub-x-ray/sub_X-Ray/sub_NIH/00000285_004.png,,sub_NIH,00000285_004.png,ok,512x512 -> 1024x1024,2,1,351.84,41.2066,4.925211,2.219282,0.9542,0.9959,0.1636,6.5808,41.4467,4.660256,2.158763,0.9566,0.9963,0.1845,0.1845,0.1845,6.4241,126.2558,63.8161,126.2558,63.8161,0.3589,41.4467,0.9566,4.660256,2.158763,0.2402,0.0003,-0.0209,0.1567
/kaggle/input/datasets/duc24kdl/sub-x-ray/sub_X-Ray/sub_NIH/00000288_001.png,,sub_NIH,00000288_001.png,ok,512x512 -> 1024x1024,2,1,360.07,37.9927,10.323006,3.212943,0.983,0.9981,0.0638,6.8195,38.0637,10.155633,3.18679,0.985,0.9984,0.077,0.077,0.077,6.764,153.5012,66.0878,153.5012,66.0878,0.5033,38.0637,0.985,10.155633,3.18679,0.071,0.0003,-0.0131,0.0554
/kaggle/input/datasets/duc24kdl/sub-x-ray/sub_X-Ray/sub_NIH/00000288_004.png,,sub_NIH,00000288_004.png,ok,512x512 -> 1024x1024,2,1,360.85,42.0825,4.025635,2.006398,0.9611,0.9965,0.1338,6.7444,42.3852,3.754604,1.93768,0.9633,0.9968,0.1508,0.1508,0.1508,6.5609,102.8876,63.7656,102.8876,63.7656,0.4027,42.3852,0.9633,3.754604,1.93768,0.3027,0.0003,-0.017,0.1835
/kaggle/input/datasets/duc24kdl/sub-x-ray/sub_X-Ray/sub_NIH/00000289_000.png,,sub_NIH,00000289_000.png,ok,512x512 -> 1024x1024,2,1,364.44,40.756,5.463628,2.337441,0.9622,0.9965,0.148,7.0153,40.9898,5.177274,2.275362,0.9644,0.9968,0.1709,0.1709,0.1709,6.7752,131.6523,67.6572,131.6523,67.6572,0.3411,40.9898,0.9644,5.177274,2.275362,0.2338,0.0003,-0.0229,0.24
/kaggle/input/datasets/duc24kdl/sub-x-ray/sub_X-Ray/sub_NIH/00000289_002.png,,sub_NIH,00000289_002.png,ok,512x512 -> 1024x1024,2,1,359.64,45.8886,1.675775,1.294517,0.9805,0.9978,0.075,7.2247,46.3674,1.500871,1.225101,0.9825,0.9981,0.0985,0.0985,0.0985,6.5453,105.6485,38.6186,105.6485,38.6186,0.4179,46.3674,0.9825,1.500871,1.225101,0.4787,0.0003,-0.0234,0.6794
/kaggle/input/datasets/duc24kdl/sub-x-ray/sub_X-Ray/sub_NIH/00000296_002.png,,sub_NIH,00000296_002.png,ok,512x512 -> 1024x1024,2,1,365.38,45.1485,1.987137,1.409658,0.9765,0.9974,0.0841,6.8889,45.6485,1.77106,1.330812,0.9791,0.9978,0.1056,0.1056,0.1056,6.603,104.6314,37.9435,104.6314,37.9435,0.4484,45.6485,0.9791,1.77106,1.330812,0.4999,0.0003,-0.0215,0.2859
/kaggle/input/datasets/duc24kdl/sub-x-ray/sub_X-Ray/sub_NIH/00000301_001.png,,sub_NIH,00000301_001.png,ok,512x512 -> 1024x1024,2,1,362.79,42.1672,3.947857,1.986922,0.9655,0.9968,0.1426,7.0278,42.4634,3.687576,1.920306,0.9677,0.9971,0.1628,0.1628,0.1628,6.8138,136.8023,52.6509,136.8023,52.6509,0.4129,42.4634,0.9677,3.687576,1.920306,0.2962,0.0003,-0.0202,0.214
/kaggle/input/datasets/duc24kdl/sub-x-ray/sub_X-Ray/sub_NIH/00000303_000.png,,sub_NIH,00000303_000.png,ok,512x512 -> 1024x1024,2,1,357.87,38.238,9.75609,3.123474,0.9827,0.9982,0.0691,6.3861,38.4187,9.358539,3.059173,0.9845,0.9984,0.0814,0.0814,0.0814,6.2856,150.172,68.8193,150.172,68.8193,0.4668,38.4187,0.9845,9.358539,3.059173,0.1807,0.0003,-0.0123,0.1005
/kaggle/input/datasets/duc24kdl/sub-x-ray/sub_X-Ray/sub_NIH/00000304_000.png,,sub_NIH,00000304_000.png,ok,512x512 -> 1024x1024,2,1,356.85,44.5667,2.271987,1.507311,0.9832,0.9981,0.0634,6.7854,44.6871,2.209874,1.486565,0.9854,0.9984,0.0795,0.0795,0.0795,6.6581,159.544,44.7496,159.544,44.7496,0.4955,44.6871,0.9854,2.209874,1.486565,0.1204,0.0003,-0.0161,0.1273
/kaggle/input/datasets/duc24kdl/sub-x-ray/sub_X-Ray/sub_NIH/00000304_002.png,,sub_NIH,00000304_002.png,ok,512x512 -> 1024x1024,2,1,331.08,42.1912,3.926111,1.981442,0.9624,0.9966,0.1316,6.7438,42.4613,3.689353,1.920769,0.9647,0.9969,0.1489,0.1489,0.1489,6.5995,95.1159,62.604,95.1159,62.604,0.3799,42.4613,0.9647,3.689353,1.920769,0.2701,0.0003,-0.0174,0.1443
/kaggle/input/datasets/duc24kdl/sub-x-ray/sub_X-Ray/sub_NIH/00000305_000.png,,sub_NIH,00000305_000.png,ok,512x512 -> 1024x1024,2,1,356.81,42.8264,3.391859,1.8417,0.9669,0.997,0.1264,6.1335,43.141,3.154847,1.776189,0.9689,0.9973,0.147,0.147,0.147,6.1911,121.4319,68.9054,121.4319,68.9054,0.3869,43.141,0.9689,3.154847,1.776189,0.3146,0.0003,-0.0207,-0.0576
/kaggle/input/datasets/duc24kdl/sub-x-ray/sub_X-Ray/sub_NIH/00000305_002.png,,sub_NIH,00000305_002.png,ok,512x512 -> 1024x1024,2,1,359.31,37.0134,12.934187,3.596413,0.9846,0.9982,0.0768,7.1168,37.4374,11.731258,3.425092,0.9866,0.9984,0.1011,0.1011,0.1011,7.1628,121.6001,48.3424,121.6001,48.3424,0.5729,37.4374,0.9866,11.731258,3.425092,0.4239,0.0003,-0.0243,-0.046
/kaggle/input/datasets/duc24kdl/sub-x-ray/sub_X-Ray/sub_NIH/00000307_000.png,,sub_NIH,00000307_000.png,ok,512x512 -> 1024x1024,2,1,365.01,41.6047,4.493766,2.11985,0.9543,0.9958,0.1585,6.8564,41.8827,4.215154,2.053084,0.9567,0.9962,0.1778,0.1778,0.1778,6.7528,120.4024,64.0971,120.4024,64.0971,0.4001,41.8827,0.9567,4.215154,2.053084,0.278,0.0004,-0.0194,0.1036
/kaggle/input/datasets/duc24kdl/sub-x-ray/sub_X-Ray/sub_NIH/00000310_005.png,,sub_NIH,00000310_005.png,ok,512x512 -> 1024x1024,2,1,363.19,37.7761,10.850959,3.294079,0.9883,0.9985,0.0643,7.709,38.0166,10.266358,3.204116,0.9898,0.9987,0.0818,0.0818,0.0818,7.475,151.6226,51.9989,151.6226,51.9989,0.4869,38.0166,0.9898,10.266358,3.204116,0.2405,0.0002,-0.0175,0.234
/kaggle/input/datasets/duc24kdl/sub-x-ray/sub_X-Ray/sub_NIH/00000310_006.png,,sub_NIH,00000310_006.png,ok,512x512 -> 1024x1024,2,1,365.35,48.6364,0.890094,0.943448,0.9879,0.9984,0.0567,7.9426,49.2703,0.769226,0.877056,0.9896,0.9987,0.0767,0.0767,0.0767,7.2023,154.2405,40.5251,154.2405,40.5251,0.3471,49.2703,0.9896,0.769226,0.877056,0.6338,0.0003,-0.0201,0.7403
/kaggle/input/datasets/duc24kdl/sub-x-ray/sub_X-Ray/sub_NIH/00000311_001.png,,sub_NIH,00000311_001.png,ok,512x512 -> 1024x1024,2,1,359.44,36.0232,16.246497,4.030694,0.9811,0.998,0.0744,6.39,36.3925,14.922218,3.862929,0.9833,0.9983,0.0875,0.0875,0.0875,6.5394,171.6996,49.8531,171.6996,49.8531,0.4676,36.3925,0.9833,14.922218,3.862929,0.3693,0.0003,-0.0131,-0.1494
/kaggle/input/datasets/duc24kdl/sub-x-ray/sub_X-Ray/sub_NIH/00000315_004.png,,sub_NIH,00000315_004.png,ok,512x512 -> 1024x1024,2,1,363.35,42.2588,3.865425,1.966068,0.9632,0.9967,0.1267,6.1649,42.5348,3.627408,1.904575,0.9655,0.997,0.1435,0.1435,0.1435,6.1838,108.1081,73.6403,108.1081,73.6403,0.3852,42.5348,0.9655,3.627408,1.904575,0.276,0.0003,-0.0168,-0.0189
/kaggle/input/datasets/duc24kdl/sub-x-ray/sub_X-Ray/sub_NIH/00000317_001.png,,sub_NIH,00000317_001.png,ok,512x512 -> 1024x1024,2,1,366.54,44.3087,2.41109,1.552768,0.9859,0.9984,0.0506,6.5882,44.8197,2.143452,1.464053,0.9878,0.9986,0.0637,0.0637,0.0637,6.7225,159.1221,54.8504,159.1221,54.8504,0.5678,44.8197,0.9878,2.143452,1.464053,0.511,0.0003,-0.0132,-0.1343
/kaggle/input/datasets/duc24kdl/sub-x-ray/sub_X-Ray/sub_NIH/00000317_002.png,,sub_NIH,00000317_002.png,ok,512x512 -> 1024x1024,2,1,356.57,36.395,14.913487,3.861798,0.9812,0.9981,0.068,6.2656,37.0453,12.839669,3.583248,0.9833,0.9984,0.0784,0.0784,0.0784,6.4388,141.4886,76.0963,141.4886,76.0963,0.5893,37.0453,0.9833,12.839669,3.583248,0.6503,0.0003,-0.0103,-0.1732
/kaggle/input/datasets/duc24kdl/sub-x-ray/sub_X-Ray/sub_NIH/00000318_001.png,,sub_NIH,00000318_001.png,ok,512x512 -> 1024x1024,2,1,364.84,41.6766,4.419951,2.102368,0.9596,0.9964,0.1375,6.4337,41.9152,4.183693,2.045408,0.9619,0.9967,0.154,0.154,0.154,6.3369,104.96,70.1138,104.96,70.1138,0.3882,41.9152,0.9619,4.183693,2.045408,0.2386,0.0003,-0.0166,0.0968
/kaggle/input/datasets/duc24kdl/sub-x-ray/sub_X-Ray/sub_NIH/00000318_008.png,,sub_NIH,00000318_008.png,ok,512x512 -> 1024x1024,2,1,360.31,40.9954,5.170545,2.273883,0.9652,0.9968,0.1403,6.517,41.2388,4.888747,2.211051,0.9674,0.9971,0.1615,0.1615,0.1615,6.3701,116.0164,58.0078,116.0164,58.0078,0.3885,41.2388,0.9674,4.888747,2.211051,0.2434,0.0003,-0.0212,0.1469
/kaggle/input/datasets/duc24kdl/sub-x-ray/sub_X-Ray/sub_NIH/00000324_002.png,,sub_NIH,00000324_002.png,ok,512x512 -> 1024x1024,2,1,358.09,42.6742,3.512822,1.874252,0.9609,0.9965,0.1486,6.6474,42.9257,3.3152,1.820769,0.9629,0.9967,0.1695,0.1695,0.1695,6.564,134.2273,69.0058,134.2273,69.0058,0.3425,42.9257,0.9629,3.3152,1.820769,0.2515,0.0003,-0.0209,0.0834
/kaggle/input/datasets/duc24kdl/sub-x-ray/sub_X-Ray/sub_NIH/00000324_003.png,,sub_NIH,00000324_003.png,ok,512x512 -> 1024x1024,2,1,362.28,43.0364,3.231773,1.797713,0.9626,0.9966,0.1387,6.4786,43.2774,3.05729,1.748511,0.9646,0.9969,0.1576,0.1576,0.1576,6.4476,123.6865,71.9986,123.6865,71.9986,0.3328,43.2774,0.9646,3.05729,1.748511,0.241,0.0003,-0.0189,0.031
/kaggle/input/datasets/duc24kdl/sub-x-ray/sub_X-Ray/sub_NIH/00000324_004.png,,sub_NIH,00000324_004.png,ok,512x512 -> 1024x1024,2,1,356.21,42.6549,3.528484,1.878426,0.9616,0.9966,0.1467,6.6611,42.9061,3.330176,1.824877,0.9636,0.9968,0.1686,0.1686,0.1686,6.5989,131.0109,64.9309,131.0109,64.9309,0.3516,42.9061,0.9636,3.330176,1.824877,0.2512,0.0003,-0.0219,0.0622
/kaggle/input/datasets/duc24kdl/sub-x-ray/sub_X-Ray/sub_NIH/00000324_005.png,,sub_NIH,00000324_005.png,ok,512x512 -> 1024x1024,2,1,362.09,39.0414,8.108552,2.847552,0.9869,0.9984,0.0697,8.5558,39.2787,7.677257,2.770786,0.9886,0.9986,0.0947,0.0947,0.0947,8.0314,118.7416,56.949,118.7416,56.949,0.4841,39.2787,0.9886,7.677257,2.770786,0.2374,0.0002,-0.025,0.5244
/kaggle/input/datasets/duc24kdl/sub-x-ray/sub_X-Ray/sub_NIH/00000324_008.png,,sub_NIH,00000324_008.png,ok,512x512 -> 1024x1024,2,1,360.11,37.2997,12.10904,3.479805,0.9836,0.9981,0.0809,7.2921,37.5933,11.317481,3.364146,0.9853,0.9983,0.1086,0.1086,0.1086,7.2395,119.4164,46.2784,119.4164,46.2784,0.4912,37.5933,0.9853,11.317481,3.364146,0.2936,0.0002,-0.0277,0.0526
/kaggle/input/datasets/duc24kdl/sub-x-ray/sub_X-Ray/sub_NIH/00000324_012.png,,sub_NIH,00000324_012.png,ok,512x512 -> 1024x1024,2,1,349.66,41.8371,4.25958,2.063875,0.9586,0.9963,0.1537,6.7113,42.0622,4.044456,2.011083,0.9606,0.9966,0.1739,0.1739,0.1739,6.572,132.6808,67.8648,132.6808,67.8648,0.3488,42.0622,0.9606,4.044456,2.011083,0.2251,0.0003,-0.0202,0.1393
/kaggle/input/datasets/duc24kdl/sub-x-ray/sub_X-Ray/sub_NIH/00000327_001.png,,sub_NIH,00000327_001.png,ok,512x512 -> 1024x1024,2,1,359.29,42.2258,3.894931,1.973558,0.9637,0.9967,0.1284,6.6528,42.4487,3.700096,1.923563,0.9658,0.997,0.1443,0.1443,0.1443,6.5098,104.2905,67.5337,104.2905,67.5337,0.3545,42.4487,0.9658,3.700096,1.923563,0.2229,0.0003,-0.0158,0.1429
/kaggle/input/datasets/duc24kdl/sub-x-ray/sub_X-Ray/sub_NIH/00000331_002.png,,sub_NIH,00000331_002.png,ok,512x512 -> 1024x1024,2,1,353.25,42.1369,3.975503,1.993866,0.9622,0.9966,0.1387,6.7198,42.431,3.715145,1.927471,0.9643,0.9969,0.1579,0.1579,0.1579,6.6237,114.8316,69.7519,114.8316,69.7519,0.3897,42.431,0.9643,3.715145,1.927471,0.2942,0.0003,-0.0192,0.0961
/kaggle/input/datasets/duc24kdl/sub-x-ray/sub_X-Ray/sub_NIH/00000334_001.png,,sub_NIH,00000334_001.png,ok,512x512 -> 1024x1024,2,1,354.62,44.3486,2.389025,1.545647,0.9829,0.9981,0.0669,6.734,44.8819,2.112942,1.453596,0.9852,0.9984,0.0832,0.0832,0.0832,6.6914,159.3552,50.3675,159.3552,50.3675,0.5468,44.8819,0.9852,2.112942,1.453596,0.5333,0.0003,-0.0163,0.0426
/kaggle/input/datasets/duc24kdl/sub-x-ray/sub_X-Ray/sub_NIH/00000339_000.png,,sub_NIH,00000339_000.png,ok,512x512 -> 1024x1024,2,1,354.6,42.3463,3.78836,1.946371,0.9681,0.9971,0.1132,5.9486,42.6633,3.521655,1.876607,0.9702,0.9974,0.129,0.129,0.129,6.205,108.5684,69.523,108.5684,69.523,0.4175,42.6633,0.9702,3.521655,1.876607,0.317,0.0003,-0.0158,-0.2563
/kaggle/input/datasets/duc24kdl/sub-x-ray/sub_X-Ray/sub_NIH/00000340_000.png,,sub_NIH,00000340_000.png,ok,512x512 -> 1024x1024,2,1,350.98,45.3383,1.902169,1.379192,0.982,0.998,0.064,6.7396,45.5965,1.79237,1.338794,0.9841,0.9983,0.0799,0.0799,0.0799,6.7314,159.2847,62.7321,159.2847,62.7321,0.4589,45.5965,0.9841,1.79237,1.338794,0.2582,0.0003,-0.0158,0.0083
/kaggle/input/datasets/duc24kdl/sub-x-ray/sub_X-Ray/sub_NIH/00000340_002.png,,sub_NIH,00000340_002.png,ok,512x512 -> 1024x1024,2,1,347.6,36.2785,15.319051,3.913956,0.983,0.9982,0.0601,6.456,36.6649,14.014862,3.743643,0.9851,0.9985,0.071,0.071,0.071,6.5757,149.2865,72.2429,149.2865,72.2429,0.4687,36.6649,0.9851,14.014862,3.743643,0.3864,0.0003,-0.0109,-0.1197
/kaggle/input/datasets/duc24kdl/sub-x-ray/sub_X-Ray/sub_NIH/00000341_000.png,,sub_NIH,00000341_000.png,ok,512x512 -> 1024x1024,2,1,352.26,46.1479,1.578677,1.256454,0.9839,0.9981,0.0712,6.9713,46.6099,1.419348,1.191364,0.986,0.9984,0.089,0.089,0.089,6.7572,162.5545,40.7049,162.5545,40.7049,0.4714,46.6099,0.986,1.419348,1.191364,0.462,0.0003,-0.0177,0.2141
/kaggle/input/datasets/duc24kdl/sub-x-ray/sub_X-Ray/sub_NIH/00000348_002.png,,sub_NIH,00000348_002.png,ok,512x512 -> 1024x1024,2,1,352.24,44.2075,2.467912,1.570959,0.9876,0.9983,0.0497,8.1286,44.601,2.254129,1.501376,0.9892,0.9986,0.0686,0.0686,0.0686,7.6334,165.5653,32.6523,165.5653,32.6523,0.5493,44.601,0.9892,2.254129,1.501376,0.3935,0.0002,-0.0189,0.4952
/kaggle/input/datasets/duc24kdl/sub-x-ray/sub_X-Ray/sub_NIH/00000348_008.png,,sub_NIH,00000348_008.png,ok,512x512 -> 1024x1024,2,1,349.59,40.5199,5.768912,2.401856,0.9543,0.9958,0.165,6.8009,40.7352,5.489847,2.343042,0.9566,0.9962,0.1858,0.1858,0.1858,6.605,127.3988,67.4905,127.3988,67.4905,0.3603,40.7352,0.9566,5.489847,2.343042,0.2153,0.0003,-0.0208,0.1959
/kaggle/input/datasets/duc24kdl/sub-x-ray/sub_X-Ray/sub_NIH/00000351_000.png,,sub_NIH,00000351_000.png,ok,512x512 -> 1024x1024,2,1,350.91,38.7487,8.673844,2.945139,0.9849,0.9983,0.0566,7.3867,39.1605,7.889155,2.808764,0.987,0.9986,0.0733,0.0733,0.0733,7.1074,153.9951,54.2325,153.9951,54.2325,0.4737,39.1605,0.987,7.889155,2.808764,0.4118,0.0003,-0.0167,0.2794
/kaggle/input/datasets/duc24kdl/sub-x-ray/sub_X-Ray/sub_NIH/00000354_000.png,,sub_NIH,00000354_000.png,ok,512x512 -> 1024x1024,2,1,347.7,39.2235,7.775622,2.78848,0.9902,0.9987,0.0495,7.9504,39.477,7.334626,2.708251,0.9917,0.9989,0.0664,0.0664,0.0664,7.92,139.8011,57.4421,139.8011,57.4421,0.4631,39.477,0.9917,7.334626,2.708251,0.2536,0.0002,-0.0168,0.0304
/kaggle/input/datasets/duc24kdl/sub-x-ray/sub_X-Ray/sub_NIH/00000358_000.png,,sub_NIH,00000358_000.png,ok,512x512 -> 1024x1024,2,1,346.02,45.529,1.820466,1.349247,0.9885,0.9985,0.0471,6.9091,45.8669,1.684203,1.297769,0.9903,0.9988,0.0621,0.0621,0.0621,6.6446,160.3479,58.288,160.3479,58.288,0.523,45.8669,0.9903,1.684203,1.297769,0.3379,0.0003,-0.015,0.2645
/kaggle/input/datasets/duc24kdl/sub-x-ray/sub_X-Ray/sub_NIH/00000358_001.png,,sub_NIH,00000358_001.png,ok,512x512 -> 1024x1024,2,1,320.55,41.7348,4.361128,2.088331,0.9605,0.9965,0.1391,6.1539,42.0434,4.062021,2.015446,0.9627,0.9968,0.1581,0.1581,0.1581,5.9955,121.139,68.7963,121.139,68.7963,0.4056,42.0434,0.9627,4.062021,2.015446,0.3086,0.0003,-0.019,0.1584
/kaggle/input/datasets/duc24kdl/sub-x-ray/sub_X-Ray/sub_NIH/00000360_001.png,,sub_NIH,00000360_001.png,ok,512x512 -> 1024x1024,2,1,345.9,44.8764,2.115627,1.45452,0.9812,0.9979,0.0793,6.7065,45.3911,1.879205,1.370841,0.9835,0.9982,0.0957,0.0957,0.0957,6.7267,157.3399,64.8262,157.3399,64.8262,0.4957,45.3911,0.9835,1.879205,1.370841,0.5147,0.0002,-0.0164,-0.0202
/kaggle/input/datasets/duc24kdl/sub-x-ray/sub_X-Ray/sub_NIH/00000360_002.png,,sub_NIH,00000360_002.png,ok,512x512 -> 1024x1024,2,1,346.83,37.7211,10.989198,3.314996,0.9797,0.9979,0.0808,6.9503,37.9745,10.366457,3.219698,0.9818,0.9981,0.0975,0.0975,0.0975,6.9306,165.1793,60.1615,165.1793,60.1615,0.4752,37.9745,0.9818,10.366457,3.219698,0.2534,0.0003,-0.0167,0.0197
/kaggle/input/datasets/duc24kdl/sub-x-ray/sub_X-Ray/sub_NIH/00000360_003.png,,sub_NIH,00000360_003.png,ok,512x512 -> 1024x1024,2,1,344.71,38.6895,8.792953,2.965291,0.9885,0.9985,0.0514,7.836,38.9267,8.325444,2.885384,0.9901,0.9987,0.068,0.068,0.068,7.8755,156.8642,51.9506,156.8642,51.9506,0.4751,38.9267,0.9901,8.325444,2.885384,0.2373,0.0002,-0.0166,-0.0394
/kaggle/input/datasets/duc24kdl/sub-x-ray/sub_X-Ray/sub_NIH/00000360_007.png,,sub_NIH,00000360_007.png,ok,512x512 -> 1024x1024,2,1,343.31,38.26,9.706976,3.115602,0.9837,0.9982,0.0643,6.5581,38.4565,9.277392,3.045881,0.9856,0.9985,0.0785,0.0785,0.0785,6.7041,154.2595,64.355,154.2595,64.355,0.519,38.4565,0.9856,9.277392,3.045881,0.1966,0.0003,-0.0142,-0.146
/kaggle/input/datasets/duc24kdl/sub-x-ray/sub_X-Ray/sub_NIH/00000362_001.png,,sub_NIH,00000362_001.png,ok,512x512 -> 1024x1024,2,1,344.09,40.7791,5.434578,2.331218,0.959,0.9964,0.1486,6.766,41.0044,5.159876,2.271536,0.9611,0.9967,0.1677,0.1677,0.1677,6.6383,124.172,63.6539,124.172,63.6539,0.3427,41.0044,0.9611,5.159876,2.271536,0.2253,0.0003,-0.0191,0.1277
/kaggle/input/datasets/duc24kdl/sub-x-ray/sub_X-Ray/sub_NIH/00000362_002.png,,sub_NIH,00000362_002.png,ok,512x512 -> 1024x1024,2,1,339.98,41.76,4.335956,2.082296,0.9646,0.9969,0.1358,6.7326,42.0701,4.037153,2.009267,0.9667,0.9971,0.1549,0.1549,0.1549,6.6245,122.7064,62.3549,122.7064,62.3549,0.3936,42.0701,0.9667,4.037153,2.009267,0.3101,0.0003,-0.0191,0.1081
/kaggle/input/datasets/duc24kdl/sub-x-ray/sub_X-Ray/sub_NIH/00000368_003.png,,sub_NIH,00000368_003.png,ok,512x512 -> 1024x1024,2,1,343.67,37.6252,11.234614,3.351808,0.9735,0.9973,0.1045,6.1721,37.9314,10.4699,3.235722,0.9759,0.9976,0.123,0.123,0.123,6.2259,115.4984,50.5854,115.4984,50.5854,0.6103,37.9314,0.9759,10.4699,3.235722,0.3062,0.0003,-0.0185,-0.0538
/kaggle/input/datasets/duc24kdl/sub-x-ray/sub_X-Ray/sub_NIH/00000369_000.png,,sub_NIH,00000369_000.png,ok,512x512 -> 1024x1024,2,1,340.8,41.5656,4.534411,2.129416,0.9652,0.9968,0.1332,6.1494,41.7785,4.317514,2.077863,0.9673,0.9971,0.1535,0.1535,0.1535,6.3543,123.6403,67.4822,123.6403,67.4822,0.3313,41.7785,0.9673,4.317514,2.077863,0.2129,0.0003,-0.0203,-0.2049
/kaggle/input/datasets/duc24kdl/sub-x-ray/sub_X-Ray/sub_NIH/00000370_001.png,,sub_NIH,00000370_001.png,ok,512x512 -> 1024x1024,2,1,340.69,37.5946,11.314147,3.363651,0.9747,0.9975,0.1022,6.5213,38.2047,9.831303,3.135491,0.977,0.9978,0.121,0.121,0.121,6.6082,128.0192,65.3396,128.0192,65.3396,0.4861,38.2047,0.977,9.831303,3.135491,0.6101,0.0003,-0.0188,-0.0869
/kaggle/input/datasets/duc24kdl/sub-x-ray/sub_X-Ray/sub_NIH/00000370_007.png,,sub_NIH,00000370_007.png,ok,512x512 -> 1024x1024,2,1,339.61,42.5299,3.631514,1.905653,0.9701,0.9972,0.1182,6.7177,42.7941,3.417186,1.848563,0.9721,0.9975,0.1378,0.1378,0.1378,6.4876,120.0276,62.755,120.0276,62.755,0.3882,42.7941,0.9721,3.417186,1.848563,0.2642,0.0003,-0.0196,0.2301
/kaggle/input/datasets/duc24kdl/sub-x-ray/sub_X-Ray/sub_NIH/00000370_010.png,,sub_NIH,00000370_010.png,ok,512x512 -> 1024x1024,2,1,339.84,39.9972,6.50666,2.550816,0.9561,0.996,0.1582,6.6514,40.2638,6.11927,2.473716,0.9585,0.9964,0.177,0.177,0.177,6.463,118.8278,66.9297,118.8278,66.9297,0.3925,40.2638,0.9585,6.11927,2.473716,0.2666,0.0003,-0.0188,0.1884
/kaggle/input/datasets/duc24kdl/sub-x-ray/sub_X-Ray/sub_NIH/00000371_000.png,,sub_NIH,00000371_000.png,ok,512x512 -> 1024x1024,2,1,339.47,44.6534,2.227109,1.49235,0.975,0.9974,0.0923,6.8846,45.1151,2.002497,1.415096,0.9774,0.9977,0.1169,0.1169,0.1169,6.9166,111.5121,31.6027,111.5121,31.6027,0.4341,45.1151,0.9774,2.002497,1.415096,0.4617,0.0003,-0.0247,-0.032
/kaggle/input/datasets/duc24kdl/sub-x-ray/sub_X-Ray/sub_NIH/00000372_001.png,,sub_NIH,00000372_001.png,ok,512x512 -> 1024x1024,2,1,337.81,38.8147,8.542961,2.922834,0.9888,0.9985,0.0564,8.0645,39.0621,8.069859,2.84075,0.9904,0.9988,0.0742,0.0742,0.0742,7.4033,150.8245,55.0765,150.8245,55.0765,0.4695,39.0621,0.9904,8.069859,2.84075,0.2474,0.0002,-0.0178,0.6612
/kaggle/input/datasets/duc24kdl/sub-x-ray/sub_X-Ray/sub_NIH/00000372_003.png,,sub_NIH,00000372_003.png,ok,512x512 -> 1024x1024,2,1,334.54,38.5518,9.076168,3.012668,0.9838,0.9983,0.0706,6.4681,38.8725,8.430018,2.903449,0.9859,0.9986,0.0857,0.0857,0.0857,6.6462,153.3689,63.5179,153.3689,63.5179,0.4514,38.8725,0.9859,8.430018,2.903449,0.3207,0.0003,-0.0151,-0.1781
/kaggle/input/datasets/duc24kdl/sub-x-ray/sub_X-Ray/sub_NIH/00000372_006.png,,sub_NIH,00000372_006.png,ok,512x512 -> 1024x1024,2,1,336.46,38.685,8.80201,2.966818,0.985,0.9983,0.057,6.5865,38.9299,8.319444,2.884345,0.9869,0.9986,0.0712,0.0712,0.0712,6.5799,161.4762,59.3331,161.4762,59.3331,0.4637,38.9299,0.9869,8.319444,2.884345,0.2449,0.0003,-0.0142,0.0066
/kaggle/input/datasets/duc24kdl/sub-x-ray/sub_X-Ray/sub_NIH/00000372_009.png,,sub_NIH,00000372_009.png,ok,512x512 -> 1024x1024,2,1,334.65,40.0312,6.455975,2.540861,0.9899,0.9986,0.0487,7.4651,40.2841,6.090765,2.467948,0.9914,0.9989,0.066,0.066,0.066,7.2054,145.9065,55.7375,145.9065,55.7375,0.4683,40.2841,0.9914,6.090765,2.467948,0.2529,0.0002,-0.0172,0.2597
/kaggle/input/datasets/duc24kdl/sub-x-ray/sub_X-Ray/sub_NIH/00000372_012.png,,sub_NIH,00000372_012.png,ok,512x512 -> 1024x1024,2,1,331.32,38.0795,10.118856,3.181015,0.983,0.9982,0.0658,6.89,38.3533,9.500633,3.08231,0.9849,0.9984,0.0824,0.0824,0.0824,6.736,147.7084,71.1466,147.7084,71.1466,0.4983,38.3533,0.9849,9.500633,3.08231,0.2738,0.0003,-0.0166,0.154
/kaggle/input/datasets/duc24kdl/sub-x-ray/sub_X-Ray/sub_NIH/00000372_014.png,,sub_NIH,00000372_014.png,ok,512x512 -> 1024x1024,2,1,334.64,38.5854,9.006171,3.001028,0.9838,0.9982,0.0671,6.7812,38.6649,8.842866,2.973696,0.9857,0.9985,0.0837,0.0837,0.0837,6.7509,153.1498,60.469,153.1498,60.469,0.4977,38.6649,0.9857,8.842866,2.973696,0.0795,0.0003,-0.0166,0.0304
/kaggle/input/datasets/duc24kdl/sub-x-ray/sub_X-Ray/sub_NIH/00000373_000.png,,sub_NIH,00000373_000.png,ok,512x512 -> 1024x1024,2,1,336.71,43.0128,3.249351,1.802596,0.9789,0.9978,0.0806,6.7356,43.4447,2.941779,1.715162,0.9809,0.9981,0.0973,0.0973,0.0973,6.6171,162.2907,63.144,162.2907,63.144,0.5404,43.4447,0.9809,2.941779,1.715162,0.4319,0.0003,-0.0166,0.1184
/kaggle/input/datasets/duc24kdl/sub-x-ray/sub_X-Ray/sub_NIH/00000376_000.png,,sub_NIH,00000376_000.png,ok,512x512 -> 1024x1024,2,1,335.98,45.71,1.746161,1.321424,0.9802,0.9979,0.084,6.7708,46.2283,1.549693,1.244867,0.9824,0.9982,0.1018,0.1018,0.1018,6.7769,171.2068,43.3102,171.2068,43.3102,0.4509,46.2283,0.9824,1.549693,1.244867,0.5184,0.0003,-0.0178,-0.0061
/kaggle/input/datasets/duc24kdl/sub-x-ray/sub_X-Ray/sub_NIH/00000376_002.png,,sub_NIH,00000376_002.png,ok,512x512 -> 1024x1024,2,1,334.29,42.2894,3.838338,1.959168,0.9617,0.9966,0.1429,6.7533,42.5509,3.614009,1.901055,0.9639,0.9969,0.1623,0.1623,0.1623,6.7366,136.6654,68.0845,136.6654,68.0845,0.3639,42.5509,0.9639,3.614009,1.901055,0.2615,0.0003,-0.0194,0.0166
/kaggle/input/datasets/duc24kdl/sub-x-ray/sub_X-Ray/sub_NIH/00000376_005.png,,sub_NIH,00000376_005.png,ok,512x512 -> 1024x1024,2,1,335.8,34.9571,20.766825,4.557063,0.9822,0.9977,0.0803,6.7141,35.2426,19.445333,4.409686,0.9841,0.9979,0.1015,0.1015,0.1015,6.7434,119.6026,50.2698,119.6026,50.2698,0.5144,35.2426,0.9841,19.445333,4.409686,0.2855,0.0003,-0.0212,-0.0293
/kaggle/input/datasets/duc24kdl/sub-x-ray/sub_X-Ray/sub_NIH/00000376_009.png,,sub_NIH,00000376_009.png,ok,512x512 -> 1024x1024,2,1,332.61,35.8559,16.884489,4.109074,0.9865,0.9982,0.0579,6.9161,36.1336,15.838794,3.979798,0.9881,0.9985,0.0754,0.0754,0.0754,6.9302,158.5954,50.8174,158.5954,50.8174,0.4951,36.1336,0.9881,15.838794,3.979798,0.2777,0.0003,-0.0175,-0.0141
/kaggle/input/datasets/duc24kdl/sub-x-ray/sub_X-Ray/sub_NIH/00000376_011.png,,sub_NIH,00000376_011.png,ok,512x512 -> 1024x1024,2,1,331.16,36.6,14.225981,3.771734,0.9849,0.9983,0.0596,6.4271,36.866,13.380617,3.657953,0.9868,0.9985,0.0711,0.0711,0.0711,6.3212,180.5341,55.7637,180.5341,55.7637,0.4968,36.866,0.9868,13.380617,3.657953,0.2661,0.0003,-0.0115,0.1059
/kaggle/input/datasets/duc24kdl/sub-x-ray/sub_X-Ray/sub_NIH/00000377_003.png,,sub_NIH,00000377_003.png,ok,512x512 -> 1024x1024,2,1,333.32,42.7096,3.484305,1.866629,0.9657,0.9969,0.112,6.3126,42.9829,3.271837,1.808822,0.9678,0.9971,0.1268,0.1268,0.1268,6.2892,119.3242,71.1529,119.3242,71.1529,0.393,42.9829,0.9678,3.271837,1.808822,0.2732,0.0003,-0.0148,0.0234
/kaggle/input/datasets/duc24kdl/sub-x-ray/sub_X-Ray/sub_NIH/00000379_000.png,,sub_NIH,00000379_000.png,ok,512x512 -> 1024x1024,2,1,333.16,40.8043,5.403161,2.32447,0.9588,0.9963,0.1428,6.307,41.047,5.109533,2.260428,0.9611,0.9966,0.1595,0.1595,0.1595,6.2958,104.9995,66.4033,104.9995,66.4033,0.4515,41.047,0.9611,5.109533,2.260428,0.2427,0.0003,-0.0167,0.0112
/kaggle/input/datasets/duc24kdl/sub-x-ray/sub_X-Ray/sub_NIH/00000381_000.png,,sub_NIH,00000381_000.png,ok,512x512 -> 1024x1024,2,1,332.1,39.4538,7.373955,2.715503,0.9838,0.9981,0.0819,7.9387,39.697,6.972339,2.640519,0.9856,0.9983,0.1074,0.1074,0.1074,7.7586,132.5608,44.8668,132.5608,44.8668,0.46,39.697,0.9856,6.972339,2.640519,0.2432,0.0002,-0.0255,0.1801
/kaggle/input/datasets/duc24kdl/sub-x-ray/sub_X-Ray/sub_NIH/00000381_003.png,,sub_NIH,00000381_003.png,ok,512x512 -> 1024x1024,2,1,331.89,35.428,18.632846,4.316578,0.9555,0.9957,0.1667,6.6181,35.7399,17.341527,4.164316,0.9579,0.9961,0.1883,0.1883,0.1883,6.628,142.4883,58.7318,142.4883,58.7318,0.5844,35.7399,0.9579,17.341527,4.164316,0.3119,0.0003,-0.0216,-0.0098
/kaggle/input/datasets/duc24kdl/sub-x-ray/sub_X-Ray/sub_NIH/00000385_004.png,,sub_NIH,00000385_004.png,ok,512x512 -> 1024x1024,2,1,330.82,41.3492,4.766072,2.183133,0.9645,0.9968,0.132,6.5622,41.6067,4.491709,2.119365,0.9665,0.9971,0.1508,0.1508,0.1508,6.5017,115.9479,75.0109,115.9479,75.0109,0.3819,41.6067,0.9665,4.491709,2.119365,0.2575,0.0003,-0.0188,0.0606
/kaggle/input/datasets/duc24kdl/sub-x-ray/sub_X-Ray/sub_NIH/00000386_000.png,,sub_NIH,00000386_000.png,ok,512x512 -> 1024x1024,2,1,330.47,45.4241,1.864966,1.365638,0.9855,0.9983,0.0633,6.8659,46.0298,1.622194,1.273654,0.9875,0.9986,0.0782,0.0782,0.0782,6.832,160.9502,51.3684,160.9502,51.3684,0.5389,46.0298,0.9875,1.622194,1.273654,0.6057,0.0003,-0.0149,0.0339
/kaggle/input/datasets/duc24kdl/sub-x-ray/sub_X-Ray/sub_NIH/00000388_000.png,,sub_NIH,00000388_000.png,ok,512x512 -> 1024x1024,2,1,328.79,43.7454,2.745007,1.656806,0.9743,0.9976,0.0988,6.3542,44.0199,2.576843,1.605255,0.9762,0.9978,0.1169,0.1169,0.1169,6.4256,104.2613,65.2727,104.2613,65.2727,0.3623,44.0199,0.9762,2.576843,1.605255,0.2746,0.0003,-0.018,-0.0714
/kaggle/input/datasets/duc24kdl/sub-x-ray/sub_X-Ray/sub_NIH/00000390_001.png,,sub_NIH,00000390_001.png,ok,512x512 -> 1024x1024,2,1,333.12,40.7824,5.43055,2.330354,0.9692,0.9971,0.12,6.7625,41.0473,5.109168,2.260347,0.9712,0.9974,0.1405,0.1405,0.1405,6.6729,135.5602,62.938,135.5602,62.938,0.3849,41.0473,0.9712,5.109168,2.260347,0.2649,0.0003,-0.0204,0.0896
/kaggle/input/datasets/duc24kdl/sub-x-ray/sub_X-Ray/sub_NIH/00000391_001.png,,sub_NIH,00000391_001.png,ok,512x512 -> 1024x1024,2,1,331.63,45.1817,1.972015,1.404285,0.9815,0.998,0.0736,6.6362,45.6994,1.750418,1.323034,0.9837,0.9983,0.0916,0.0916,0.0916,6.7056,152.1318,54.0227,152.1318,54.0227,0.4955,45.6994,0.9837,1.750418,1.323034,0.5177,0.0003,-0.018,-0.0694
/kaggle/input/datasets/duc24kdl/sub-x-ray/sub_X-Ray/sub_NIH/00000391_003.png,,sub_NIH,00000391_003.png,ok,512x512 -> 1024x1024,2,1,333.0,41.699,4.397209,2.096952,0.9644,0.9967,0.1399,6.7953,42.0334,4.071365,2.017762,0.9666,0.997,0.1594,0.1594,0.1594,6.6413,120.3477,62.3085,120.3477,62.3085,0.4485,42.0334,0.9666,4.071365,2.017762,0.3344,0.0003,-0.0195,0.1539
/kaggle/input/datasets/duc24kdl/sub-x-ray/sub_X-Ray/sub_NIH/00000391_007.png,,sub_NIH,00000391_007.png,ok,512x512 -> 1024x1024,2,1,332.48,41.8961,4.202185,2.049923,0.9664,0.9969,0.1366,6.5087,42.1489,3.964533,1.991113,0.9686,0.9972,0.1576,0.1576,0.1576,6.5552,118.4218,60.7057,118.4218,60.7057,0.4013,42.1489,0.9686,3.964533,1.991113,0.2528,0.0003,-0.0209,-0.0464
/kaggle/input/datasets/duc24kdl/sub-x-ray/sub_X-Ray/sub_NIH/00000397_000.png,,sub_NIH,00000397_000.png,ok,512x512 -> 1024x1024,2,1,331.32,43.8265,2.69422,1.641408,0.9855,0.9982,0.0599,6.5035,44.2945,2.418985,1.555309,0.9875,0.9985,0.0771,0.0771,0.0771,6.4965,159.9865,51.3168,159.9865,51.3168,0.532,44.2945,0.9875,2.418985,1.555309,0.468,0.0003,-0.0172,0.007
/kaggle/input/datasets/duc24kdl/sub-x-ray/sub_X-Ray/sub_NIH/00000398_000.png,,sub_NIH,00000398_000.png,ok,512x512 -> 1024x1024,2,1,331.91,42.3061,3.823554,1.955391,0.9833,0.9982,0.0634,6.4551,42.8909,3.341848,1.828072,0.9854,0.9984,0.0788,0.0788,0.0788,6.562,160.0406,58.0587,160.0406,58.0587,0.4245,42.8909,0.9854,3.341848,1.828072,0.5848,0.0003,-0.0153,-0.1068
/kaggle/input/datasets/duc24kdl/sub-x-ray/sub_X-Ray/sub_NIH/00000402_003.png,,sub_NIH,00000402_003.png,ok,512x512 -> 1024x1024,2,1,331.35,36.5189,14.493933,3.80709,0.983,0.998,0.0859,6.4785,36.8493,13.432181,3.664994,0.985,0.9983,0.1078,0.1078,0.1078,6.6094,117.4496,46.6984,117.4496,46.6984,0.4987,36.8493,0.985,13.432181,3.664994,0.3304,0.0003,-0.0218,-0.131
/kaggle/input/datasets/duc24kdl/sub-x-ray/sub_X-Ray/sub_NIH/00000402_010.png,,sub_NIH,00000402_010.png,ok,512x512 -> 1024x1024,2,1,333.57,38.5744,9.029096,3.004845,0.9847,0.9982,0.082,7.4359,38.9072,8.363026,2.89189,0.9867,0.9985,0.1047,0.1047,0.1047,7.3146,112.9636,43.3893,112.9636,43.3893,0.5258,38.9072,0.9867,8.363026,2.89189,0.3328,0.0003,-0.0227,0.1213
/kaggle/input/datasets/duc24kdl/sub-x-ray/sub_X-Ray/sub_NIH/00000406_000.png,,sub_NIH,00000406_000.png,ok,512x512 -> 1024x1024,2,1,330.22,46.704,1.388935,1.178531,0.9832,0.9981,0.0711,7.2123,47.2683,1.219699,1.1044,0.9853,0.9983,0.0884,0.0884,0.0884,6.9787,171.3941,40.2274,171.3941,40.2274,0.4354,47.2683,0.9853,1.219699,1.1044,0.5643,0.0003,-0.0173,0.2336
/kaggle/input/datasets/duc24kdl/sub-x-ray/sub_X-Ray/sub_NIH/00000410_000.png,,sub_NIH,00000410_000.png,ok,512x512 -> 1024x1024,2,1,332.77,40.1942,6.218091,2.49361,0.9565,0.9961,0.1363,6.2018,40.5083,5.784258,2.405048,0.9591,0.9964,0.1535,0.1535,0.1535,6.1315,104.8272,61.4404,104.8272,61.4404,0.4598,40.5083,0.9591,5.784258,2.405048,0.3141,0.0004,-0.0172,0.0703
/kaggle/input/datasets/duc24kdl/sub-x-ray/sub_X-Ray/sub_NIH/00000410_001.png,,sub_NIH,00000410_001.png,ok,512x512 -> 1024x1024,2,1,331.58,40.7615,5.456703,2.335959,0.9642,0.9968,0.1197,5.7414,41.0899,5.059274,2.249283,0.9665,0.9971,0.1359,0.1359,0.1359,5.6525,98.4755,66.0025,98.4755,66.0025,0.4544,41.0899,0.9665,5.059274,2.249283,0.3284,0.0003,-0.0162,0.089
/kaggle/input/datasets/duc24kdl/sub-x-ray/sub_X-Ray/sub_NIH/00000412_000.png,,sub_NIH,00000412_000.png,ok,512x512 -> 1024x1024,2,1,330.45,45.3016,1.918333,1.385039,0.986,0.9983,0.0498,6.764,45.2961,1.920733,1.385905,0.988,0.9986,0.0639,0.0639,0.0639,6.7719,177.8965,46.5971,177.8965,46.5971,0.4707,45.2961,0.988,1.920733,1.385905,-0.0054,0.0003,-0.014,-0.0079
/kaggle/input/datasets/duc24kdl/sub-x-ray/sub_X-Ray/sub_NIH/00000412_003.png,,sub_NIH,00000412_003.png,ok,512x512 -> 1024x1024,2,1,329.92,37.7199,10.99237,3.315474,0.9838,0.9982,0.0649,6.4847,37.8273,10.72388,3.274734,0.9858,0.9985,0.0786,0.0786,0.0786,6.5441,163.6463,57.329,163.6463,57.329,0.4243,37.8273,0.9858,10.72388,3.274734,0.1074,0.0003,-0.0138,-0.0594
/kaggle/input/datasets/duc24kdl/sub-x-ray/sub_X-Ray/sub_NIH/00000414_000.png,,sub_NIH,00000414_000.png,ok,512x512 -> 1024x1024,2,1,332.62,37.7385,10.945394,3.308382,0.9845,0.9982,0.061,6.5827,37.9732,10.369592,3.220185,0.9865,0.9985,0.0736,0.0736,0.0736,6.6223,170.766,57.5396,170.766,57.5396,0.4782,37.9732,0.9865,10.369592,3.220185,0.2347,0.0003,-0.0125,-0.0396
/kaggle/input/datasets/duc24kdl/sub-x-ray/sub_X-Ray/sub_NIH/00000415_001.png,,sub_NIH,00000415_001.png,ok,512x512 -> 1024x1024,2,1,333.32,37.825,10.729506,3.275592,0.9699,0.9971,0.0901,5.9132,38.3149,9.584968,3.09596,0.9725,0.9974,0.1039,0.1039,0.1039,5.9434,146.7526,60.1956,146.7526,60.1956,0.5951,38.3149,0.9725,9.584968,3.09596,0.4899,0.0003,-0.0137,-0.0302
/kaggle/input/datasets/duc24kdl/sub-x-ray/sub_X-Ray/sub_NIH/00000416_001.png,,sub_NIH,00000416_001.png,ok,512x512 -> 1024x1024,2,1,332.86,37.3998,11.833015,3.439915,0.9832,0.9981,0.0681,6.4224,37.6207,11.246314,3.353552,0.9852,0.9984,0.0812,0.0812,0.0812,6.5639,173.2654,54.0749,173.2654,54.0749,0.4661,37.6207,0.9852,11.246314,3.353552,0.2209,0.0003,-0.0132,-0.1415
/kaggle/input/datasets/duc24kdl/sub-x-ray/sub_X-Ray/sub_NIH/00000416_003.png,,sub_NIH,00000416_003.png,ok,512x512 -> 1024x1024,2,1,333.92,41.7669,4.329026,2.080631,0.9576,0.9962,0.1396,6.339,42.0273,4.077109,2.019185,0.9599,0.9965,0.1572,0.1572,0.1572,6.3735,137.4959,65.0128,137.4959,65.0128,0.3798,42.0273,0.9599,4.077109,2.019185,0.2604,0.0003,-0.0176,-0.0345
/kaggle/input/datasets/duc24kdl/sub-x-ray/sub_X-Ray/sub_NIH/00000416_006.png,,sub_NIH,00000416_006.png,ok,512x512 -> 1024x1024,2,1,330.83,37.797,10.798941,3.286174,0.9824,0.9981,0.0629,6.2014,38.0768,10.12515,3.182004,0.9845,0.9984,0.0754,0.0754,0.0754,6.2584,154.5322,64.0751,154.5322,64.0751,0.4949,38.0768,0.9845,10.12515,3.182004,0.2798,0.0003,-0.0126,-0.057
/kaggle/input/datasets/duc24kdl/sub-x-ray/sub_X-Ray/sub_NIH/00000416_007.png,,sub_NIH,00000416_007.png,ok,512x512 -> 1024x1024,2,1,330.93,37.3756,11.899401,3.449551,0.9797,0.9979,0.0748,6.9874,37.6598,11.14544,3.338479,0.9818,0.9982,0.0897,0.0897,0.0897,6.9413,167.5636,62.7765,167.5636,62.7765,0.4751,37.6598,0.9818,11.14544,3.338479,0.2843,0.0003,-0.0149,0.0461
/kaggle/input/datasets/duc24kdl/sub-x-ray/sub_X-Ray/sub_NIH/00000417_000.png,,sub_NIH,00000417_000.png,ok,512x512 -> 1024x1024,2,1,332.1,35.7278,17.390005,4.170133,0.9867,0.9983,0.0601,7.1576,35.9672,16.45737,4.056768,0.9883,0.9985,0.0762,0.0762,0.0762,7.0982,147.9554,56.225,147.9554,56.225,0.5262,35.9672,0.9883,16.45737,4.056768,0.2394,0.0002,-0.0162,0.0594
/kaggle/input/datasets/duc24kdl/sub-x-ray/sub_X-Ray/sub_NIH/00000418_000.png,,sub_NIH,00000418_000.png,ok,512x512 -> 1024x1024,2,1,333.49,39.0095,8.168216,2.858009,0.9825,0.998,0.0778,7.0457,39.4192,7.432951,2.726344,0.9845,0.9983,0.1009,0.1009,0.1009,7.0004,121.5438,54.7874,121.5438,54.7874,0.5302,39.4192,0.9845,7.432951,2.726344,0.4097,0.0003,-0.0231,0.0452
/kaggle/input/datasets/duc24kdl/sub-x-ray/sub_X-Ray/sub_NIH/00000420_000.png,,sub_NIH,00000420_000.png,ok,512x512 -> 1024x1024,2,1,332.87,36.6185,14.165585,3.76372,0.9755,0.9975,0.1031,6.5538,36.937,13.163764,3.62819,0.9777,0.9979,0.1225,0.1225,0.1225,6.5335,130.0117,59.1302,130.0117,59.1302,0.5552,36.937,0.9777,13.163764,3.62819,0.3185,0.0003,-0.0195,0.0204
/kaggle/input/datasets/duc24kdl/sub-x-ray/sub_X-Ray/sub_NIH/00000422_004.png,,sub_NIH,00000422_004.png,ok,512x512 -> 1024x1024,2,1,331.37,42.5009,3.655826,1.912021,0.9678,0.997,0.1177,6.3481,42.7666,3.438868,1.854419,0.9697,0.9973,0.1361,0.1361,0.1361,6.5137,109.2181,70.4536,109.2181,70.4536,0.4004,42.7666,0.9697,3.438868,1.854419,0.2657,0.0003,-0.0184,-0.1656
/kaggle/input/datasets/duc24kdl/sub-x-ray/sub_X-Ray/sub_NIH/00000426_002.png,,sub_NIH,00000426_002.png,ok,512x512 -> 1024x1024,2,1,335.48,40.6288,5.625946,2.371908,0.9588,0.9963,0.1519,6.3736,40.8642,5.329212,2.308509,0.9611,0.9966,0.1725,0.1725,0.1725,6.4417,136.1828,62.2728,136.1828,62.2728,0.3645,40.8642,0.9611,5.329212,2.308509,0.2353,0.0003,-0.0207,-0.068
/kaggle/input/datasets/duc24kdl/sub-x-ray/sub_X-Ray/sub_NIH/00000430_000.png,,sub_NIH,00000430_000.png,ok,512x512 -> 1024x1024,2,1,335.93,44.1757,2.486072,1.576728,0.982,0.998,0.0667,6.9734,44.7444,2.18093,1.476797,0.9842,0.9983,0.0843,0.0843,0.0843,6.7808,158.5928,49.2573,158.5928,49.2573,0.4513,44.7444,0.9842,2.18093,1.476797,0.5687,0.0003,-0.0176,0.1926
/kaggle/input/datasets/duc24kdl/sub-x-ray/sub_X-Ray/sub_NIH/00000431_002.png,,sub_NIH,00000431_002.png,ok,512x512 -> 1024x1024,2,1,334.38,43.3104,3.034205,1.741897,0.9658,0.997,0.1349,6.8464,43.5438,2.875382,1.695695,0.9676,0.9972,0.1549,0.1549,0.1549,6.7815,125.2713,73.6083,125.2713,73.6083,0.3345,43.5438,0.9676,2.875382,1.695695,0.2335,0.0002,-0.02,0.0649
/kaggle/input/datasets/duc24kdl/sub-x-ray/sub_X-Ray/sub_NIH/00000431_003.png,,sub_NIH,00000431_003.png,ok,512x512 -> 1024x1024,2,1,332.21,41.8212,4.275205,2.067657,0.9675,0.9971,0.1248,6.4883,42.0481,4.057618,2.014353,0.9693,0.9973,0.1438,0.1438,0.1438,6.4638,120.6706,76.2534,120.6706,76.2534,0.346,42.0481,0.9693,4.057618,2.014353,0.2269,0.0002,-0.019,0.0244
/kaggle/input/datasets/duc24kdl/sub-x-ray/sub_X-Ray/sub_NIH/00000432_000.png,,sub_NIH,00000432_000.png,ok,512x512 -> 1024x1024,2,1,335.78,45.5755,1.801079,1.342043,0.9824,0.998,0.0672,6.7373,46.146,1.579358,1.256725,0.9845,0.9983,0.0856,0.0856,0.0856,6.5515,159.2141,46.729,159.2141,46.729,0.5009,46.146,0.9845,1.579358,1.256725,0.5705,0.0003,-0.0184,0.1858
/kaggle/input/datasets/duc24kdl/sub-x-ray/sub_X-Ray/sub_NIH/00000434_000.png,,sub_NIH,00000434_000.png,ok,512x512 -> 1024x1024,2,1,334.2,41.3948,4.716248,2.171692,0.9532,0.9959,0.161,6.3152,41.6243,4.473579,2.115084,0.9555,0.9962,0.178,0.178,0.178,6.326,120.7471,66.3277,120.7471,66.3277,0.3442,41.6243,0.9555,4.473579,2.115084,0.2294,0.0003,-0.017,-0.0107
/kaggle/input/datasets/duc24kdl/sub-x-ray/sub_X-Ray/sub_NIH/00000437_000.png,,sub_NIH,00000437_000.png,ok,512x512 -> 1024x1024,2,1,334.15,41.5367,4.56471,2.136518,0.9501,0.9955,0.1705,6.884,41.754,4.341932,2.08373,0.9526,0.9959,0.1905,0.1905,0.1905,6.7785,129.0975,61.9088,129.0975,61.9088,0.378,41.754,0.9526,4.341932,2.08373,0.2173,0.0004,-0.02,0.1055
/kaggle/input/datasets/duc24kdl/sub-x-ray/sub_X-Ray/sub_NIH/00000441_000.png,,sub_NIH,00000441_000.png,ok,512x512 -> 1024x1024,2,1,336.85,41.7631,4.332772,2.081531,0.9614,0.9965,0.1483,6.6636,42.0074,4.095841,2.023818,0.9635,0.9968,0.1699,0.1699,0.1699,6.63,135.9109,62.5852,135.9109,62.5852,0.3747,42.0074,0.9635,4.095841,2.023818,0.2442,0.0003,-0.0216,0.0335
/kaggle/input/datasets/duc24kdl/sub-x-ray/sub_X-Ray/sub_NIH/00000442_001.png,,sub_NIH,00000442_001.png,ok,512x512 -> 1024x1024,2,1,335.37,41.1563,4.982511,2.232154,0.9642,0.9967,0.1397,6.8155,41.3669,4.7467,2.178692,0.9662,0.997,0.16,0.16,0.16,6.7283,116.6939,67.3539,116.6939,67.3539,0.3402,41.3669,0.9662,4.7467,2.178692,0.2106,0.0003,-0.0203,0.0872
/kaggle/input/datasets/duc24kdl/sub-x-ray/sub_X-Ray/sub_NIH/00000443_005.png,,sub_NIH,00000443_005.png,ok,512x512 -> 1024x1024,2,1,336.47,37.0544,12.81271,3.579485,0.9819,0.998,0.09,7.7064,37.3755,11.899638,3.449585,0.9837,0.9982,0.1191,0.1191,0.1191,7.7379,121.685,43.8923,121.685,43.8923,0.5454,37.3755,0.9837,11.899638,3.449585,0.3211,0.0002,-0.0291,-0.0315
/kaggle/input/datasets/duc24kdl/sub-x-ray/sub_X-Ray/sub_NIH/00000446_001.png,,sub_NIH,00000446_001.png,ok,512x512 -> 1024x1024,2,1,335.54,40.5878,5.679325,2.383133,0.9595,0.9964,0.1459,6.3004,40.8118,5.393876,2.322472,0.9617,0.9967,0.1653,0.1653,0.1653,6.2587,126.5817,68.107,126.5817,68.107,0.3599,40.8118,0.9617,5.393876,2.322472,0.224,0.0003,-0.0193,0.0417
/kaggle/input/datasets/duc24kdl/sub-x-ray/sub_X-Ray/sub_NIH/00000447_001.png,,sub_NIH,00000447_001.png,ok,512x512 -> 1024x1024,2,1,339.91,41.394,4.717125,2.171894,0.9612,0.9964,0.1383,6.6107,41.7029,4.393288,2.096017,0.9635,0.9968,0.1566,0.1566,0.1566,6.5767,109.3689,58.9918,109.3689,58.9918,0.4277,41.7029,0.9635,4.393288,2.096017,0.3089,0.0003,-0.0183,0.034
/kaggle/input/datasets/duc24kdl/sub-x-ray/sub_X-Ray/sub_NIH/00000447_003.png,,sub_NIH,00000447_003.png,ok,512x512 -> 1024x1024,2,1,338.13,42.0522,4.053785,2.013401,0.9669,0.997,0.1107,5.8934,42.362,3.774651,1.942846,0.969,0.9973,0.1261,0.1261,0.1261,5.8984,99.575,70.0894,99.575,70.0894,0.4254,42.362,0.969,3.774651,1.942846,0.3098,0.0003,-0.0154,-0.005
/kaggle/input/datasets/duc24kdl/sub-x-ray/sub_X-Ray/sub_NIH/00000450_002.png,,sub_NIH,00000450_002.png,ok,512x512 -> 1024x1024,2,1,339.28,35.9826,16.399169,4.049589,0.9768,0.9976,0.0843,5.8353,36.3887,14.935141,3.864601,0.9791,0.9979,0.1003,0.1003,0.1003,6.0889,125.7579,51.4321,125.7579,51.4321,0.6197,36.3887,0.9791,14.935141,3.864601,0.4061,0.0003,-0.016,-0.2536
/kaggle/input/datasets/duc24kdl/sub-x-ray/sub_X-Ray/sub_NIH/00000450_003.png,,sub_NIH,00000450_003.png,ok,512x512 -> 1024x1024,2,1,343.92,36.516,14.503739,3.808377,0.9725,0.9973,0.0977,6.3267,36.88,13.337774,3.652092,0.9749,0.9976,0.112,0.112,0.112,6.5053,121.6525,54.0744,121.6525,54.0744,0.5953,36.88,0.9749,13.337774,3.652092,0.364,0.0003,-0.0143,-0.1786
/kaggle/input/datasets/duc24kdl/sub-x-ray/sub_X-Ray/sub_NIH/00000450_004.png,,sub_NIH,00000450_004.png,ok,512x512 -> 1024x1024,2,1,341.62,36.3052,15.225057,3.90193,0.9782,0.9977,0.0824,6.2238,36.5919,14.252502,3.775249,0.9804,0.998,0.0992,0.0992,0.0992,6.438,127.8059,50.7467,127.8059,50.7467,0.5979,36.5919,0.9804,14.252502,3.775249,0.2867,0.0003,-0.0168,-0.2142
/kaggle/input/datasets/duc24kdl/sub-x-ray/sub_X-Ray/sub_NIH/00000455_000.png,,sub_NIH,00000455_000.png,ok,512x512 -> 1024x1024,2,1,338.02,36.7372,13.783579,3.712624,0.9851,0.9983,0.0548,6.582,37.0474,12.833349,3.582366,0.9871,0.9985,0.0682,0.0682,0.0682,6.5698,168.489,60.5306,168.489,60.5306,0.5371,37.0474,0.9871,12.833349,3.582366,0.3102,0.0003,-0.0133,0.0123
/kaggle/input/datasets/duc24kdl/sub-x-ray/sub_X-Ray/sub_NIH/00000457_000.png,,sub_NIH,00000457_000.png,ok,512x512 -> 1024x1024,2,1,345.94,43.252,3.07523,1.753633,0.968,0.997,0.1168,6.4185,43.5404,2.877635,1.696359,0.97,0.9973,0.1337,0.1337,0.1337,6.5385,113.9009,69.8378,113.9009,69.8378,0.3877,43.5404,0.97,2.877635,1.696359,0.2884,0.0003,-0.0169,-0.12
/kaggle/input/datasets/duc24kdl/sub-x-ray/sub_X-Ray/sub_NIH/00000457_003.png,,sub_NIH,00000457_003.png,ok,512x512 -> 1024x1024,2,1,344.68,42.5948,3.577668,1.891473,0.9629,0.9966,0.1323,6.4818,42.8687,3.358983,1.832753,0.965,0.9969,0.1496,0.1496,0.1496,6.5606,112.4922,71.904,112.4922,71.904,0.3844,42.8687,0.965,3.358983,1.832753,0.2739,0.0003,-0.0174,-0.0788
/kaggle/input/datasets/duc24kdl/sub-x-ray/sub_X-Ray/sub_NIH/00000459_008.png,,sub_NIH,00000459_008.png,ok,512x512 -> 1024x1024,2,1,342.73,36.3712,14.995526,3.872406,0.9777,0.9977,0.0862,6.4194,36.6905,13.932466,3.732622,0.9798,0.998,0.1048,0.1048,0.1048,6.3216,131.6524,55.6698,131.6524,55.6698,0.5975,36.6905,0.9798,13.932466,3.732622,0.3193,0.0003,-0.0186,0.0978
/kaggle/input/datasets/duc24kdl/sub-x-ray/sub_X-Ray/sub_NIH/00000459_010.png,,sub_NIH,00000459_010.png,ok,512x512 -> 1024x1024,2,1,344.1,36.7517,13.737596,3.706426,0.9776,0.9976,0.1044,6.7761,37.1621,12.498792,3.535363,0.9797,0.9978,0.1257,0.1257,0.1257,6.803,110.1707,50.8186,110.1707,50.8186,0.6089,37.1621,0.9797,12.498792,3.535363,0.4104,0.0003,-0.0214,-0.0269
/kaggle/input/datasets/duc24kdl/sub-x-ray/sub_X-Ray/sub_NIH/00000459_014.png,,sub_NIH,00000459_014.png,ok,512x512 -> 1024x1024,2,1,345.03,43.696,2.776391,1.666251,0.9674,0.997,0.1346,7.107,43.9646,2.609861,1.615506,0.9694,0.9973,0.1554,0.1554,0.1554,6.9895,108.0408,69.8889,108.0408,69.8889,0.3283,43.9646,0.9694,2.609861,1.615506,0.2686,0.0003,-0.0209,0.1176
/kaggle/input/datasets/duc24kdl/sub-x-ray/sub_X-Ray/sub_NIH/00000459_016.png,,sub_NIH,00000459_016.png,ok,512x512 -> 1024x1024,2,1,342.99,42.4233,3.72177,1.929189,0.964,0.9968,0.138,6.6479,42.6894,3.500607,1.870991,0.9659,0.9971,0.1544,0.1544,0.1544,6.6551,110.0339,75.5196,110.0339,75.5196,0.3836,42.6894,0.9659,3.500607,1.870991,0.2661,0.0003,-0.0164,-0.0072
/kaggle/input/datasets/duc24kdl/sub-x-ray/sub_X-Ray/sub_NIH/00000459_021.png,,sub_NIH,00000459_021.png,ok,512x512 -> 1024x1024,2,1,341.12,43.7026,2.772198,1.664992,0.9717,0.9973,0.1154,6.7852,43.9995,2.589017,1.609042,0.9735,0.9976,0.136,0.136,0.136,6.433,115.1497,71.72,115.1497,71.72,0.361,43.9995,0.9735,2.589017,1.609042,0.2969,0.0002,-0.0206,0.3522
/kaggle/input/datasets/duc24kdl/sub-x-ray/sub_X-Ray/sub_NIH/00000459_029.png,,sub_NIH,00000459_029.png,ok,512x512 -> 1024x1024,2,1,346.9,41.0011,5.163755,2.27239,0.9682,0.9971,0.1325,6.9181,41.3032,4.816856,2.194734,0.9702,0.9973,0.1541,0.1541,0.1541,6.9415,118.3274,64.3592,118.3274,64.3592,0.4449,41.3032,0.9702,4.816856,2.194734,0.302,0.0003,-0.0216,-0.0234
/kaggle/input/datasets/duc24kdl/sub-x-ray/sub_X-Ray/sub_NIH/00000459_032.png,,sub_NIH,00000459_032.png,ok,512x512 -> 1024x1024,2,1,343.24,35.7625,17.251483,4.153491,0.9736,0.9973,0.1167,6.8187,36.1357,15.831198,3.978844,0.9757,0.9976,0.1371,0.1371,0.1371,6.8657,128.222,63.6449,128.222,63.6449,0.6098,36.1357,0.9757,15.831198,3.978844,0.3731,0.0002,-0.0204,-0.047
/kaggle/input/datasets/duc24kdl/sub-x-ray/sub_X-Ray/sub_NIH/00000459_035.png,,sub_NIH,00000459_035.png,ok,512x512 -> 1024x1024,2,1,346.4,36.489,14.59415,3.820229,0.9764,0.9975,0.1008,6.5636,36.8371,13.470227,3.670181,0.9786,0.9978,0.1211,0.1211,0.1211,6.5987,113.6616,54.0976,113.6616,54.0976,0.6049,36.8371,0.9786,13.470227,3.670181,0.348,0.0003,-0.0203,-0.0351
/kaggle/input/datasets/duc24kdl/sub-x-ray/sub_X-Ray/sub_NIH/00000459_037.png,,sub_NIH,00000459_037.png,ok,512x512 -> 1024x1024,2,1,345.64,37.7584,10.895289,3.300801,0.9807,0.9979,0.0841,6.5363,38.0653,10.152037,3.186226,0.9826,0.9981,0.1023,0.1023,0.1023,6.6582,101.156,57.4501,101.156,57.4501,0.632,38.0653,0.9826,10.152037,3.186226,0.3069,0.0002,-0.0182,-0.1219
/kaggle/input/datasets/duc24kdl/sub-x-ray/sub_X-Ray/sub_NIH/00000459_040.png,,sub_NIH,00000459_040.png,ok,512x512 -> 1024x1024,2,1,342.62,38.139,9.981138,3.159294,0.9799,0.9978,0.0872,6.7107,38.4347,9.324189,3.053553,0.9819,0.9981,0.1066,0.1066,0.1066,6.6974,107.3525,58.3288,107.3525,58.3288,0.6356,38.4347,0.9819,9.324189,3.053553,0.2957,0.0002,-0.0194,0.0132
/kaggle/input/datasets/duc24kdl/sub-x-ray/sub_X-Ray/sub_NIH/00000459_048.png,,sub_NIH,00000459_048.png,ok,512x512 -> 1024x1024,2,1,343.3,35.0611,20.275407,4.502822,0.9713,0.9971,0.1128,6.162,35.4426,18.570328,4.30933,0.9734,0.9974,0.1299,0.1299,0.1299,6.2393,107.3007,68.3714,107.3007,68.3714,0.6192,35.4426,0.9734,18.570328,4.30933,0.3815,0.0003,-0.0171,-0.0773
/kaggle/input/datasets/duc24kdl/sub-x-ray/sub_X-Ray/sub_NIH/00000459_053.png,,sub_NIH,00000459_053.png,ok,512x512 -> 1024x1024,2,1,341.8,41.0577,5.096934,2.257639,0.9445,0.9949,0.1743,6.2973,41.3109,4.808268,2.192776,0.947,0.9953,0.191,0.191,0.191,6.1994,112.9606,73.2484,112.9606,73.2484,0.3685,41.3109,0.947,4.808268,2.192776,0.2532,0.0004,-0.0167,0.0979
/kaggle/input/datasets/duc24kdl/sub-x-ray/sub_X-Ray/sub_NIH/00000459_056.png,,sub_NIH,00000459_056.png,ok,512x512 -> 1024x1024,2,1,351.01,36.0925,15.989457,3.998682,0.9744,0.9973,0.1089,6.8204,36.4117,14.856433,3.854404,0.9765,0.9976,0.13,0.13,0.13,6.9396,120.3784,60.8282,120.3784,60.8282,0.6012,36.4117,0.9765,14.856433,3.854404,0.3192,0.0003,-0.0211,-0.1192
/kaggle/input/datasets/duc24kdl/sub-x-ray/sub_X-Ray/sub_NIH/00000466_004.png,,sub_NIH,00000466_004.png,ok,512x512 -> 1024x1024,2,1,347.87,37.6553,11.157067,3.34022,0.9501,0.9955,0.1588,6.4262,37.8956,10.556603,3.249093,0.9525,0.9959,0.1754,0.1754,0.1754,6.404,119.7597,68.5195,119.7597,68.5195,0.4916,37.8956,0.9525,10.556603,3.249093,0.2403,0.0004,-0.0166,0.0221
/kaggle/input/datasets/duc24kdl/sub-x-ray/sub_X-Ray/sub_NIH/00000467_005.png,,sub_NIH,00000467_005.png,ok,512x512 -> 1024x1024,2,1,350.54,37.8431,10.684792,3.26876,0.9783,0.9977,0.1023,6.6578,38.1648,9.922061,3.14993,0.9805,0.998,0.1239,0.1239,0.1239,6.7652,119.084,53.4078,119.084,53.4078,0.6129,38.1648,0.9805,9.922061,3.14993,0.3216,0.0003,-0.0216,-0.1073
/kaggle/input/datasets/duc24kdl/sub-x-ray/sub_X-Ray/sub_NIH/00000467_006.png,,sub_NIH,00000467_006.png,ok,512x512 -> 1024x1024,2,1,349.14,37.5994,11.301484,3.361768,0.9785,0.9977,0.0986,6.6454,37.9041,10.535792,3.245888,0.9806,0.998,0.1197,0.1197,0.1197,6.7356,126.4141,51.9652,126.4141,51.9652,0.6039,37.9041,0.9806,10.535792,3.245888,0.3047,0.0003,-0.0211,-0.0902
/kaggle/input/datasets/duc24kdl/sub-x-ray/sub_X-Ray/sub_NIH/00000467_007.png,,sub_NIH,00000467_007.png,ok,512x512 -> 1024x1024,2,1,350.14,34.995,20.586532,4.537238,0.9772,0.9976,0.0963,6.0208,35.2831,19.265018,4.389193,0.9792,0.9979,0.113,0.113,0.113,6.2826,131.135,61.9417,131.135,61.9417,0.5892,35.2831,0.9792,19.265018,4.389193,0.2881,0.0003,-0.0167,-0.2618
/kaggle/input/datasets/duc24kdl/sub-x-ray/sub_X-Ray/sub_NIH/00000467_012.png,,sub_NIH,00000467_012.png,ok,512x512 -> 1024x1024,2,1,352.36,36.1056,15.941078,3.992628,0.9759,0.9975,0.0983,6.3212,36.4319,14.787194,3.845412,0.9782,0.9979,0.1156,0.1156,0.1156,6.331,150.2056,56.063,150.2056,56.063,0.6226,36.4319,0.9782,14.787194,3.845412,0.3263,0.0003,-0.0173,-0.0098
/kaggle/input/datasets/duc24kdl/sub-x-ray/sub_X-Ray/sub_NIH/00000468_003.png,,sub_NIH,00000468_003.png,ok,512x512 -> 1024x1024,2,1,343.9,35.8162,17.039596,4.127905,0.9706,0.997,0.1184,6.6175,36.2964,15.255943,3.905886,0.9729,0.9974,0.1355,0.1355,0.1355,6.6047,101.6903,60.9914,101.6903,60.9914,0.6026,36.2964,0.9729,15.255943,3.905886,0.4802,0.0003,-0.0171,0.0128
/kaggle/input/datasets/duc24kdl/sub-x-ray/sub_X-Ray/sub_NIH/00000468_027.png,,sub_NIH,00000468_027.png,ok,512x512 -> 1024x1024,2,1,354.1,37.3289,12.027982,3.468138,0.9763,0.9975,0.0918,5.9997,37.6356,11.207684,3.347788,0.9784,0.9978,0.1071,0.1071,0.1071,6.1648,110.1257,54.8038,110.1257,54.8038,0.6186,37.6356,0.9784,11.207684,3.347788,0.3068,0.0003,-0.0153,-0.165
/kaggle/input/datasets/duc24kdl/sub-x-ray/sub_X-Ray/sub_NIH/00000468_033.png,,sub_NIH,00000468_033.png,ok,512x512 -> 1024x1024,2,1,349.98,41.7273,4.368725,2.090149,0.9529,0.9958,0.1433,5.911,41.9891,4.113135,2.028086,0.9554,0.9961,0.1587,0.1587,0.1587,5.946,99.85,69.104,99.85,69.104,0.3837,41.9891,0.9554,4.113135,2.028086,0.2618,0.0004,-0.0154,-0.035
/kaggle/input/datasets/duc24kdl/sub-x-ray/sub_X-Ray/sub_NIH/00000468_040.png,,sub_NIH,00000468_040.png,ok,512x512 -> 1024x1024,2,1,342.17,42.9429,3.302121,1.817174,0.9683,0.9972,0.1134,6.2086,43.1882,3.120743,1.766562,0.9702,0.9974,0.1287,0.1287,0.1287,6.2548,88.7521,71.8019,88.7521,71.8019,0.3404,43.1882,0.9702,3.120743,1.766562,0.2454,0.0003,-0.0153,-0.0462
/kaggle/input/datasets/duc24kdl/sub-x-ray/sub_X-Ray/sub_NIH/00000468_043.png,,sub_NIH,00000468_043.png,ok,512x512 -> 1024x1024,2,1,349.04,39.3439,7.562956,2.750083,0.987,0.9984,0.0679,7.7474,39.6183,7.099896,2.664563,0.9887,0.9986,0.089,0.089,0.089,7.7126,134.6465,51.0787,134.6465,51.0787,0.4608,39.6183,0.9887,7.099896,2.664563,0.2744,0.0002,-0.0211,0.0348
/kaggle/input/datasets/duc24kdl/sub-x-ray/sub_X-Ray/sub_NIH/00000468_046.png,,sub_NIH,00000468_046.png,ok,512x512 -> 1024x1024,2,1,346.17,40.3716,5.969219,2.443198,0.9828,0.9981,0.0726,7.3462,40.7406,5.483088,2.3416,0.9847,0.9983,0.0936,0.0936,0.0936,7.3633,137.0394,50.4797,137.0394,50.4797,0.4979,40.7406,0.9847,5.483088,2.3416,0.3689,0.0002,-0.021,-0.0171
/kaggle/input/datasets/duc24kdl/sub-x-ray/sub_X-Ray/sub_NIH/00000468_053.png,,sub_NIH,00000468_053.png,ok,512x512 -> 1024x1024,2,1,350.74,39.2372,7.751084,2.784077,0.9901,0.9987,0.0437,8.2518,39.4763,7.335932,2.708493,0.9916,0.9989,0.0603,0.0603,0.0603,8.125,147.6652,57.3874,147.6652,57.3874,0.4754,39.4763,0.9916,7.335932,2.708493,0.2391,0.0002,-0.0166,0.1268
/kaggle/input/datasets/duc24kdl/sub-x-ray/sub_X-Ray/sub_NIH/00000468_054.png,,sub_NIH,00000468_054.png,ok,512x512 -> 1024x1024,2,1,347.83,34.6906,22.081091,4.699052,0.9832,0.9981,0.0713,6.8408,34.9726,20.693037,4.54896,0.9849,0.9983,0.0913,0.0913,0.0913,6.9855,115.0031,65.1894,115.0031,65.1894,0.5673,34.9726,0.9849,20.693037,4.54896,0.282,0.0002,-0.02,-0.1447
/kaggle/input/datasets/duc24kdl/sub-x-ray/sub_X-Ray/sub_NIH/00000468_055.png,,sub_NIH,00000468_055.png,ok,512x512 -> 1024x1024,2,1,345.9,40.3774,5.961328,2.441583,0.9849,0.9983,0.0773,7.3864,40.6919,5.544812,2.354742,0.9867,0.9985,0.0996,0.0996,0.0996,7.4508,109.8597,53.4682,109.8597,53.4682,0.4809,40.6919,0.9867,5.544812,2.354742,0.3146,0.0002,-0.0223,-0.0644
/kaggle/input/datasets/duc24kdl/sub-x-ray/sub_X-Ray/sub_NIH/00000468_058.png,,sub_NIH,00000468_058.png,ok,512x512 -> 1024x1024,2,1,352.4,35.0725,20.222282,4.496919,0.9861,0.9982,0.0673,7.6643,35.3489,18.975312,4.356066,0.9878,0.9984,0.091,0.091,0.091,7.5429,156.1051,49.1411,156.1051,49.1411,0.5032,35.3489,0.9878,18.975312,4.356066,0.2764,0.0002,-0.0237,0.1215
/kaggle/input/datasets/duc24kdl/sub-x-ray/sub_X-Ray/sub_NIH/00000475_000.png,,sub_NIH,00000475_000.png,ok,512x512 -> 1024x1024,2,1,347.22,37.7942,10.805873,3.287229,0.9846,0.9983,0.0571,6.7057,38.0662,10.149863,3.185885,0.9864,0.9985,0.0695,0.0695,0.0695,6.4367,168.9007,64.3663,168.9007,64.3663,0.4847,38.0662,0.9864,10.149863,3.185885,0.272,0.0003,-0.0124,0.269
/kaggle/input/datasets/duc24kdl/sub-x-ray/sub_X-Ray/sub_NIH/00000476_000.png,,sub_NIH,00000476_000.png,ok,512x512 -> 1024x1024,2,1,348.41,41.7933,4.302803,2.07432,0.9639,0.9968,0.1283,6.1778,42.0677,4.039365,2.009817,0.966,0.9971,0.1455,0.1455,0.1455,6.1502,105.5844,68.0635,105.5844,68.0635,0.3883,42.0677,0.966,4.039365,2.009817,0.2744,0.0003,-0.0172,0.0276
/kaggle/input/datasets/duc24kdl/sub-x-ray/sub_X-Ray/sub_NIH/00000477_000.png,,sub_NIH,00000477_000.png,ok,512x512 -> 1024x1024,2,1,354.96,36.8815,13.333144,3.651458,0.9816,0.9981,0.0715,6.9913,37.3379,12.002902,3.46452,0.9836,0.9984,0.0887,0.0887,0.0887,6.8625,162.2896,59.2994,162.2896,59.2994,0.457,37.3379,0.9836,12.002902,3.46452,0.4565,0.0003,-0.0172,0.1289
/kaggle/input/datasets/duc24kdl/sub-x-ray/sub_X-Ray/sub_NIH/00000478_002.png,,sub_NIH,00000478_002.png,ok,512x512 -> 1024x1024,2,1,356.77,40.4013,5.928598,2.434871,0.9595,0.9963,0.1484,6.2601,40.6501,5.59853,2.366121,0.9618,0.9966,0.1674,0.1674,0.1674,6.2605,111.9625,69.2585,111.9625,69.2585,0.3921,40.6501,0.9618,5.59853,2.366121,0.2488,0.0003,-0.0189,-0.0004
/kaggle/input/datasets/duc24kdl/sub-x-ray/sub_X-Ray/sub_NIH/00000479_000.png,,sub_NIH,00000479_000.png,ok,512x512 -> 1024x1024,2,1,354.57,40.3325,6.023272,2.454235,0.9687,0.997,0.1187,6.4201,40.6137,5.645581,2.376043,0.9706,0.9973,0.1384,0.1384,0.1384,6.4774,130.0666,68.0394,130.0666,68.0394,0.4275,40.6137,0.9706,5.645581,2.376043,0.2812,0.0003,-0.0197,-0.0573
/kaggle/input/datasets/duc24kdl/sub-x-ray/sub_X-Ray/sub_NIH/00000483_000.png,,sub_NIH,00000483_000.png,ok,512x512 -> 1024x1024,2,1,355.08,42.4117,3.731774,1.93178,0.9747,0.9974,0.1101,7.023,42.3997,3.742098,1.93445,0.977,0.9977,0.1328,0.1328,0.1328,6.8315,138.751,46.6571,138.751,46.6571,0.4835,42.3997,0.977,3.742098,1.93445,-0.012,0.0003,-0.0227,0.1915
/kaggle/input/datasets/duc24kdl/sub-x-ray/sub_X-Ray/sub_NIH/00000488_000.png,,sub_NIH,00000488_000.png,ok,512x512 -> 1024x1024,2,1,353.06,39.8365,6.7519,2.598442,0.986,0.9983,0.0696,7.9669,40.1146,6.333223,2.51659,0.9877,0.9985,0.0928,0.0928,0.0928,7.4805,133.1758,49.6594,133.1758,49.6594,0.4614,40.1146,0.9877,6.333223,2.51659,0.278,0.0002,-0.0232,0.4864
/kaggle/input/datasets/duc24kdl/sub-x-ray/sub_X-Ray/sub_NIH/00000489_000.png,,sub_NIH,00000489_000.png,ok,512x512 -> 1024x1024,2,1,351.21,33.8902,26.549959,5.152665,0.9794,0.998,0.0838,6.8857,34.2467,24.457306,4.945433,0.9815,0.9982,0.1025,0.1025,0.1025,6.6704,162.5793,56.3721,162.5793,56.3721,0.4921,34.2467,0.9815,24.457306,4.945433,0.3566,0.0003,-0.0187,0.2153
/kaggle/input/datasets/duc24kdl/sub-x-ray/sub_X-Ray/sub_NIH/00000490_000.png,,sub_NIH,00000490_000.png,ok,512x512 -> 1024x1024,2,1,348.32,41.6266,4.471115,2.114501,0.9534,0.9959,0.1533,6.4536,41.8772,4.220468,2.054378,0.956,0.9962,0.1722,0.1722,0.1722,6.4504,114.8846,62.8022,114.8846,62.8022,0.372,41.8772,0.956,4.220468,2.054378,0.2506,0.0004,-0.0189,0.0032
/kaggle/input/datasets/duc24kdl/sub-x-ray/sub_X-Ray/sub_NIH/00000490_005.png,,sub_NIH,00000490_005.png,ok,512x512 -> 1024x1024,2,1,349.7,34.6654,22.20956,4.712702,0.9866,0.9982,0.0646,6.8206,34.9389,20.854134,4.566633,0.9884,0.9985,0.0822,0.0822,0.0822,6.6934,164.1821,37.5293,164.1821,37.5293,0.5062,34.9389,0.9884,20.854134,4.566633,0.2735,0.0003,-0.0176,0.1271
/kaggle/input/datasets/duc24kdl/sub-x-ray/sub_X-Ray/sub_NIH/00000491_001.png,,sub_NIH,00000491_001.png,ok,512x512 -> 1024x1024,2,1,347.35,37.5527,11.423885,3.379924,0.9731,0.9974,0.1083,5.8922,37.9032,10.538097,3.246243,0.9754,0.9977,0.1238,0.1238,0.1238,5.9594,103.2696,53.1184,103.2696,53.1184,0.5709,37.9032,0.9754,10.538097,3.246243,0.3505,0.0003,-0.0155,-0.0672
/kaggle/input/datasets/duc24kdl/sub-x-ray/sub_X-Ray/sub_NIH/00000491_003.png,,sub_NIH,00000491_003.png,ok,512x512 -> 1024x1024,2,1,357.97,43.8248,2.695229,1.641715,0.9749,0.9974,0.0935,6.8837,44.2506,2.44354,1.563183,0.9772,0.9977,0.1137,0.1137,0.1137,6.8021,89.2548,49.9032,89.2548,49.9032,0.4773,44.2506,0.9772,2.44354,1.563183,0.4258,0.0003,-0.0202,0.0816
/kaggle/input/datasets/duc24kdl/sub-x-ray/sub_X-Ray/sub_NIH/00000491_004.png,,sub_NIH,00000491_004.png,ok,512x512 -> 1024x1024,2,1,339.52,34.312,24.092338,4.908395,0.9747,0.9974,0.1056,5.9199,34.6131,22.478903,4.741192,0.9767,0.9977,0.1236,0.1236,0.1236,6.1343,86.5981,64.0757,86.5981,64.0757,0.5675,34.6131,0.9767,22.478903,4.741192,0.301,0.0003,-0.018,-0.2144
/kaggle/input/datasets/duc24kdl/sub-x-ray/sub_X-Ray/sub_NIH/00000491_021.png,,sub_NIH,00000491_021.png,ok,512x512 -> 1024x1024,2,1,350.69,36.8606,13.397281,3.66023,0.985,0.9983,0.0703,7.2378,37.0749,12.752479,3.571061,0.9868,0.9985,0.0902,0.0902,0.0902,7.4176,162.2169,45.9689,162.2169,45.9689,0.4805,37.0749,0.9868,12.752479,3.571061,0.2142,0.0002,-0.0199,-0.1798
/kaggle/input/datasets/duc24kdl/sub-x-ray/sub_X-Ray/sub_NIH/00000491_024.png,,sub_NIH,00000491_024.png,ok,512x512 -> 1024x1024,2,1,342.68,37.5095,11.538012,3.396765,0.9864,0.9984,0.0662,6.9776,37.9588,10.403983,3.225521,0.9881,0.9986,0.0831,0.0831,0.0831,6.9614,95.4385,64.4572,95.4385,64.4572,0.5672,37.9588,0.9881,10.403983,3.225521,0.4493,0.0002,-0.0169,0.0162
/kaggle/input/datasets/duc24kdl/sub-x-ray/sub_X-Ray/sub_NIH/00000492_000.png,,sub_NIH,00000492_000.png,ok,512x512 -> 1024x1024,2,1,347.18,41.466,4.639546,2.153961,0.9632,0.9966,0.1215,6.1974,41.8103,4.286007,2.070267,0.9656,0.997,0.1387,0.1387,0.1387,6.2177,99.8529,61.6641,99.8529,61.6641,0.4444,41.8103,0.9656,4.286007,2.070267,0.3442,0.0003,-0.0173,-0.0203
/kaggle/input/datasets/duc24kdl/sub-x-ray/sub_X-Ray/sub_NIH/00000492_001.png,,sub_NIH,00000492_001.png,ok,512x512 -> 1024x1024,2,1,349.63,39.4444,7.389868,2.718431,0.9884,0.9985,0.0483,6.7652,39.6965,6.973197,2.640681,0.9902,0.9988,0.0605,0.0605,0.0605,6.6546,150.3677,54.2325,150.3677,54.2325,0.4708,39.6965,0.9902,6.973197,2.640681,0.252,0.0003,-0.0122,0.1106
/kaggle/input/datasets/duc24kdl/sub-x-ray/sub_X-Ray/sub_NIH/00000493_000.png,,sub_NIH,00000493_000.png,ok,512x512 -> 1024x1024,2,1,346.56,38.4408,9.310987,3.051391,0.9901,0.9986,0.0499,7.6297,38.689,8.793937,2.965457,0.9916,0.9989,0.0665,0.0665,0.0665,7.4175,161.0524,44.9893,161.0524,44.9893,0.4907,38.689,0.9916,8.793937,2.965457,0.2481,0.0002,-0.0167,0.2121
/kaggle/input/datasets/duc24kdl/sub-x-ray/sub_X-Ray/sub_NIH/00000494_003.png,,sub_NIH,00000494_003.png,ok,512x512 -> 1024x1024,2,1,353.02,36.9327,13.176749,3.629979,0.9823,0.998,0.0663,6.4502,37.4175,11.784992,3.432928,0.9844,0.9983,0.0775,0.0775,0.0775,6.4138,154.664,69.4357,154.664,69.4357,0.5966,37.4175,0.9844,11.784992,3.432928,0.4848,0.0003,-0.0112,0.0363
/kaggle/input/datasets/duc24kdl/sub-x-ray/sub_X-Ray/sub_NIH/00000494_004.png,,sub_NIH,00000494_004.png,ok,512x512 -> 1024x1024,2,1,345.9,41.0029,5.161657,2.271928,0.9616,0.9965,0.1409,6.5883,41.3491,4.766177,2.183158,0.9637,0.9968,0.161,0.161,0.161,6.6418,129.3086,69.9525,129.3086,69.9525,0.4276,41.3491,0.9637,4.766177,2.183158,0.3462,0.0003,-0.0201,-0.0535
/kaggle/input/datasets/duc24kdl/sub-x-ray/sub_X-Ray/sub_NIH/00000494_006.png,,sub_NIH,00000494_006.png,ok,512x512 -> 1024x1024,2,1,354.34,41.0995,5.048098,2.246797,0.9626,0.9966,0.1288,6.3258,41.4325,4.675543,2.1623,0.9648,0.9969,0.1454,0.1454,0.1454,6.3936,105.3439,73.4627,105.3439,73.4627,0.4553,41.4325,0.9648,4.675543,2.1623,0.333,0.0003,-0.0166,-0.0677
/kaggle/input/datasets/duc24kdl/sub-x-ray/sub_X-Ray/sub_NIH/00000494_007.png,,sub_NIH,00000494_007.png,ok,512x512 -> 1024x1024,2,1,353.25,39.8725,6.696214,2.587704,0.956,0.996,0.1442,6.7812,40.163,6.26297,2.502593,0.9584,0.9963,0.1611,0.1611,0.1611,6.6407,113.8026,64.5538,113.8026,64.5538,0.4361,40.163,0.9584,6.26297,2.502593,0.2905,0.0004,-0.0168,0.1405
/kaggle/input/datasets/duc24kdl/sub-x-ray/sub_X-Ray/sub_NIH/00000495_000.png,,sub_NIH,00000495_000.png,ok,512x512 -> 1024x1024,2,1,349.87,36.3495,15.070446,3.882067,0.9817,0.998,0.0724,6.4582,36.7486,13.747301,3.707735,0.9838,0.9983,0.0868,0.0868,0.0868,6.4526,164.3202,52.096,164.3202,52.096,0.4581,36.7486,0.9838,13.747301,3.707735,0.3991,0.0003,-0.0144,0.0056
/kaggle/input/datasets/duc24kdl/sub-x-ray/sub_X-Ray/sub_NIH/00000498_001.png,,sub_NIH,00000498_001.png,ok,512x512 -> 1024x1024,2,1,345.53,44.3903,2.366198,1.538245,0.9702,0.9969,0.1052,7.1117,44.8127,2.14689,1.465227,0.9728,0.9973,0.1278,0.1278,0.1278,7.0114,111.1823,31.4973,111.1823,31.4973,0.4191,44.8127,0.9728,2.14689,1.465227,0.4224,0.0004,-0.0226,0.1004
/kaggle/input/datasets/duc24kdl/sub-x-ray/sub_X-Ray/sub_NIH/00000499_001.png,,sub_NIH,00000499_001.png,ok,512x512 -> 1024x1024,2,1,344.68,39.5219,7.259241,2.694298,0.989,0.9986,0.0502,8.2243,39.7685,6.858583,2.61889,0.9906,0.9988,0.066,0.066,0.066,8.1492,146.8333,56.0002,146.8333,56.0002,0.4684,39.7685,0.9906,6.858583,2.61889,0.2466,0.0002,-0.0158,0.0751
/kaggle/input/datasets/duc24kdl/sub-x-ray/sub_X-Ray/sub_NIH/00000499_010.png,,sub_NIH,00000499_010.png,ok,512x512 -> 1024x1024,2,1,345.42,43.7651,2.732537,1.653039,0.9744,0.9976,0.0995,6.7123,44.0731,2.545466,1.595452,0.9761,0.9978,0.118,0.118,0.118,6.4184,96.9312,64.8495,96.9312,64.8495,0.3856,44.0731,0.9761,2.545466,1.595452,0.308,0.0002,-0.0185,0.2939
/kaggle/input/datasets/duc24kdl/sub-x-ray/sub_X-Ray/sub_NIH/00000499_012.png,,sub_NIH,00000499_012.png,ok,512x512 -> 1024x1024,2,1,341.68,36.4524,14.717872,3.836388,0.9853,0.9982,0.0562,7.0994,36.7929,13.607775,3.688872,0.987,0.9985,0.0737,0.0737,0.0737,6.7716,141.9644,60.9823,141.9644,60.9823,0.5816,36.7929,0.987,13.607775,3.688872,0.3406,0.0002,-0.0175,0.3278
/kaggle/input/datasets/duc24kdl/sub-x-ray/sub_X-Ray/sub_NIH/00000500_006.png,,sub_NIH,00000500_006.png,ok,512x512 -> 1024x1024,2,1,347.22,41.9539,4.146591,2.036318,0.963,0.9967,0.1364,6.3934,42.2143,3.905272,1.976176,0.965,0.9969,0.1574,0.1574,0.1574,6.6455,132.123,66.4036,132.123,66.4036,0.3788,42.2143,0.965,3.905272,1.976176,0.2604,0.0003,-0.021,-0.2522
/kaggle/input/datasets/duc24kdl/sub-x-ray/sub_X-Ray/sub_NIH/00000500_007.png,,sub_NIH,00000500_007.png,ok,512x512 -> 1024x1024,2,1,347.31,39.846,6.737253,2.595622,0.9591,0.9963,0.1492,6.6589,40.0919,6.366402,2.523173,0.9612,0.9966,0.1713,0.1713,0.1713,6.5188,136.8957,68.727,136.8957,68.727,0.3793,40.0919,0.9612,6.366402,2.523173,0.2459,0.0003,-0.022,0.1401
/kaggle/input/datasets/duc24kdl/sub-x-ray/sub_X-Ray/sub_NIH/00000502_000.png,,sub_NIH,00000502_000.png,ok,512x512 -> 1024x1024,2,1,343.15,43.3447,3.010333,1.735031,0.9857,0.9983,0.0608,6.7273,43.8146,2.701602,1.643655,0.9878,0.9986,0.0779,0.0779,0.0779,6.886,162.4009,49.127,162.4009,49.127,0.5411,43.8146,0.9878,2.701602,1.643655,0.4699,0.0003,-0.017,-0.1587
/kaggle/input/datasets/duc24kdl/sub-x-ray/sub_X-Ray/sub_NIH/00000502_013.png,,sub_NIH,00000502_013.png,ok,512x512 -> 1024x1024,2,1,346.26,39.3,7.639804,2.76402,0.9835,0.9981,0.0818,7.6828,39.399,7.467619,2.732694,0.9853,0.9983,0.1054,0.1054,0.1054,7.3261,135.8105,41.2553,135.8105,41.2553,0.4174,39.399,0.9853,7.467619,2.732694,0.099,0.0002,-0.0236,0.3566
/kaggle/input/datasets/duc24kdl/sub-x-ray/sub_X-Ray/sub_NIH/00000506_006.png,,sub_NIH,00000506_006.png,ok,512x512 -> 1024x1024,2,1,342.8,39.5722,7.175688,2.678748,0.9837,0.9982,0.0736,7.8425,39.8334,6.75674,2.599373,0.9854,0.9984,0.0927,0.0927,0.0927,7.4338,125.6062,55.8717,125.6062,55.8717,0.4475,39.8334,0.9854,6.75674,2.599373,0.2613,0.0002,-0.0191,0.4087
/kaggle/input/datasets/duc24kdl/sub-x-ray/sub_X-Ray/sub_NIH/00000506_013.png,,sub_NIH,00000506_013.png,ok,512x512 -> 1024x1024,2,1,344.35,35.9985,16.339119,4.042168,0.9877,0.9983,0.0516,7.6456,36.3331,15.127708,3.889435,0.9893,0.9986,0.0699,0.0699,0.0699,7.326,149.5263,56.821,149.5263,56.821,0.5197,36.3331,0.9893,15.127708,3.889435,0.3346,0.0002,-0.0184,0.3196
/kaggle/input/datasets/duc24kdl/sub-x-ray/sub_X-Ray/sub_NIH/00000506_016.png,,sub_NIH,00000506_016.png,ok,512x512 -> 1024x1024,2,1,347.78,38.0972,10.077686,3.174537,0.9842,0.9981,0.0754,8.0967,38.4708,9.246976,3.040884,0.986,0.9983,0.103,0.103,0.103,8.0195,111.8264,47.197,111.8264,47.197,0.5635,38.4708,0.986,9.246976,3.040884,0.3736,0.0002,-0.0276,0.0773
/kaggle/input/datasets/duc24kdl/sub-x-ray/sub_X-Ray/sub_NIH/00000506_017.png,,sub_NIH,00000506_017.png,ok,512x512 -> 1024x1024,2,1,345.42,42.1991,3.918951,1.979634,0.9626,0.9966,0.1273,6.2585,42.4918,3.663566,1.914044,0.9646,0.9969,0.1415,0.1415,0.1415,6.0569,100.3016,72.4557,100.3016,72.4557,0.3985,42.4918,0.9646,3.663566,1.914044,0.2927,0.0003,-0.0141,0.2015
/kaggle/input/datasets/duc24kdl/sub-x-ray/sub_X-Ray/sub_NIH/00000506_018.png,,sub_NIH,00000506_018.png,ok,512x512 -> 1024x1024,2,1,337.58,43.8024,2.709182,1.645959,0.9675,0.997,0.1218,6.6638,44.1115,2.52309,1.588424,0.9694,0.9973,0.1377,0.1377,0.1377,6.4625,79.053,68.0644,79.053,68.0644,0.3572,44.1115,0.9694,2.52309,1.588424,0.3091,0.0003,-0.0159,0.2013
/kaggle/input/datasets/duc24kdl/sub-x-ray/sub_X-Ray/sub_NIH/00000506_019.png,,sub_NIH,00000506_019.png,ok,512x512 -> 1024x1024,2,1,338.25,39.2427,7.741262,2.782312,0.9854,0.9983,0.0591,6.5933,39.5203,7.261857,2.694783,0.9872,0.9985,0.0724,0.0724,0.0724,6.491,135.9086,76.7131,135.9086,76.7131,0.5793,39.5203,0.9872,7.261857,2.694783,0.2776,0.0002,-0.0133,0.1024
/kaggle/input/datasets/duc24kdl/sub-x-ray/sub_X-Ray/sub_NIH/00000506_021.png,,sub_NIH,00000506_021.png,ok,512x512 -> 1024x1024,2,1,339.48,37.3805,11.885955,3.447601,0.9852,0.9982,0.0676,7.4629,37.7406,10.940122,3.307586,0.9869,0.9985,0.0883,0.0883,0.0883,7.4659,122.6976,59.8367,122.6976,59.8367,0.566,37.7406,0.9869,10.940122,3.307586,0.3601,0.0002,-0.0207,-0.003
/kaggle/input/datasets/duc24kdl/sub-x-ray/sub_X-Ray/sub_NIH/00000506_024.png,,sub_NIH,00000506_024.png,ok,512x512 -> 1024x1024,2,1,340.61,36.0397,16.18488,4.023044,0.9869,0.9984,0.0603,7.3108,36.4331,14.783364,3.844914,0.9887,0.9986,0.0795,0.0795,0.0795,7.5985,113.6353,63.6378,113.6353,63.6378,0.5375,36.4331,0.9887,14.783364,3.844914,0.3934,0.0002,-0.0192,-0.2878
/kaggle/input/datasets/duc24kdl/sub-x-ray/sub_X-Ray/sub_NIH/00000506_028.png,,sub_NIH,00000506_028.png,ok,512x512 -> 1024x1024,2,1,341.75,37.8428,10.685561,3.268878,0.984,0.9981,0.0734,7.8013,38.1892,9.866538,3.141105,0.9857,0.9983,0.0969,0.0969,0.0969,7.8616,113.8553,58.2634,113.8553,58.2634,0.563,38.1892,0.9857,9.866538,3.141105,0.3463,0.0002,-0.0235,-0.0603
/kaggle/input/datasets/duc24kdl/sub-x-ray/sub_X-Ray/sub_NIH/00000506_031.png,,sub_NIH,00000506_031.png,ok,512x512 -> 1024x1024,2,1,342.1,39.4363,7.403766,2.720986,0.9863,0.9984,0.0644,8.2883,39.781,6.838861,2.615122,0.9879,0.9986,0.0857,0.0857,0.0857,8.1083,110.9176,64.1257,110.9176,64.1257,0.5311,39.781,0.9879,6.838861,2.615122,0.3447,0.0002,-0.0214,0.18
/kaggle/input/datasets/duc24kdl/sub-x-ray/sub_X-Ray/sub_NIH/00000510_000.png,,sub_NIH,00000510_000.png,ok,512x512 -> 1024x1024,2,1,345.06,38.4195,9.356903,3.058905,0.9845,0.9983,0.0608,6.5726,38.6629,8.846832,2.974362,0.9864,0.9985,0.075,0.075,0.075,6.6257,157.0328,60.6511,157.0328,60.6511,0.5387,38.6629,0.9864,8.846832,2.974362,0.2434,0.0003,-0.0141,-0.0531
/kaggle/input/datasets/duc24kdl/sub-x-ray/sub_X-Ray/sub_NIH/00000511_000.png,,sub_NIH,00000511_000.png,ok,512x512 -> 1024x1024,2,1,339.95,41.6541,4.442967,2.107835,0.9639,0.9967,0.1343,6.8192,41.9624,4.138431,2.034313,0.9661,0.997,0.1532,0.1532,0.1532,6.6822,128.1957,63.2661,128.1957,63.2661,0.3987,41.9624,0.9661,4.138431,2.034313,0.3084,0.0003,-0.0189,0.137
/kaggle/input/datasets/duc24kdl/sub-x-ray/sub_X-Ray/sub_NIH/00000511_001.png,,sub_NIH,00000511_001.png,ok,512x512 -> 1024x1024,2,1,343.13,42.3418,3.792321,1.947388,0.9658,0.9969,0.1278,6.5777,42.645,3.536547,1.880571,0.9678,0.9972,0.146,0.146,0.146,6.5565,120.5289,69.5237,120.5289,69.5237,0.4137,42.645,0.9678,3.536547,1.880571,0.3033,0.0003,-0.0182,0.0212
/kaggle/input/datasets/duc24kdl/sub-x-ray/sub_X-Ray/sub_NIH/00000514_005.png,,sub_NIH,00000514_005.png,ok,512x512 -> 1024x1024,2,1,341.88,41.2199,4.910153,2.215886,0.9631,0.9967,0.1219,6.3901,41.579,4.520424,2.126129,0.9654,0.997,0.1369,0.1369,0.1369,6.3253,95.0853,64.676,95.0853,64.676,0.4889,41.579,0.9654,4.520424,2.126129,0.3592,0.0003,-0.015,0.0648
/kaggle/input/datasets/duc24kdl/sub-x-ray/sub_X-Ray/sub_NIH/00000515_000.png,,sub_NIH,00000515_000.png,ok,512x512 -> 1024x1024,2,1,343.08,42.4128,3.730758,1.931517,0.9641,0.9967,0.1317,6.1856,42.6822,3.506412,1.872542,0.9662,0.997,0.151,0.151,0.151,6.2866,126.3389,67.5869,126.3389,67.5869,0.3822,42.6822,0.9662,3.506412,1.872542,0.2693,0.0003,-0.0194,-0.1009
/kaggle/input/datasets/duc24kdl/sub-x-ray/sub_X-Ray/sub_NIH/00000516_000.png,,sub_NIH,00000516_000.png,ok,512x512 -> 1024x1024,2,1,341.51,38.4693,9.250272,3.041426,0.9849,0.9983,0.0608,6.6179,38.7101,8.751309,2.958261,0.9868,0.9985,0.0748,0.0748,0.0748,6.7496,163.3879,61.8721,163.3879,61.8721,0.4584,38.7101,0.9868,8.751309,2.958261,0.2408,0.0003,-0.014,-0.1317
/kaggle/input/datasets/duc24kdl/sub-x-ray/sub_X-Ray/sub_NIH/00000517_002.png,,sub_NIH,00000517_002.png,ok,512x512 -> 1024x1024,2,1,340.16,41.4567,4.649527,2.156276,0.9658,0.9968,0.1301,6.398,41.7443,4.351641,2.086059,0.968,0.9971,0.1514,0.1514,0.1514,6.2731,129.2732,57.4073,129.2732,57.4073,0.4125,41.7443,0.968,4.351641,2.086059,0.2876,0.0003,-0.0213,0.1249
/kaggle/input/datasets/duc24kdl/sub-x-ray/sub_X-Ray/sub_NIH/00000517_006.png,,sub_NIH,00000517_006.png,ok,512x512 -> 1024x1024,2,1,339.25,39.6062,7.119603,2.668258,0.953,0.9957,0.1693,6.418,39.8304,6.761498,2.600288,0.9554,0.9961,0.1888,0.1888,0.1888,6.4461,132.0905,65.8338,132.0905,65.8338,0.3673,39.8304,0.9554,6.761498,2.600288,0.2241,0.0003,-0.0195,-0.0281
/kaggle/input/datasets/duc24kdl/sub-x-ray/sub_X-Ray/sub_NIH/00000522_000.png,,sub_NIH,00000522_000.png,ok,512x512 -> 1024x1024,2,1,339.77,45.0536,2.031032,1.425143,0.991,0.9987,0.0307,7.768,45.5537,1.810132,1.345411,0.9924,0.999,0.0403,0.0403,0.0403,7.376,158.5155,72.7446,158.5155,72.7446,0.5714,45.5537,0.9924,1.810132,1.345411,0.5001,0.0002,-0.0096,0.392
/kaggle/input/datasets/duc24kdl/sub-x-ray/sub_X-Ray/sub_NIH/00000522_005.png,,sub_NIH,00000522_005.png,ok,512x512 -> 1024x1024,2,1,339.96,39.6203,7.096539,2.663933,0.9899,0.9986,0.0431,8.0927,39.8717,6.697538,2.58796,0.9914,0.9989,0.0584,0.0584,0.0584,7.8347,146.5906,60.2816,146.5906,60.2816,0.4774,39.8717,0.9914,6.697538,2.58796,0.2513,0.0002,-0.0152,0.258
/kaggle/input/datasets/duc24kdl/sub-x-ray/sub_X-Ray/sub_NIH/00000524_002.png,,sub_NIH,00000524_002.png,ok,512x512 -> 1024x1024,2,1,340.49,35.291,19.230056,4.385209,0.9873,0.9984,0.0527,6.4522,35.5349,18.179845,4.263783,0.9889,0.9987,0.0627,0.0627,0.0627,6.5442,184.5484,54.5907,184.5484,54.5907,0.5688,35.5349,0.9889,18.179845,4.263783,0.2439,0.0003,-0.0099,-0.092
/kaggle/input/datasets/duc24kdl/sub-x-ray/sub_X-Ray/sub_NIH/00000531_006.png,,sub_NIH,00000531_006.png,ok,512x512 -> 1024x1024,2,1,341.72,41.2008,4.93172,2.220748,0.9618,0.9966,0.1411,6.6986,41.4559,4.650372,2.156472,0.964,0.9969,0.1596,0.1596,0.1596,6.6097,117.169,64.9747,117.169,64.9747,0.3734,41.4559,0.964,4.650372,2.156472,0.2551,0.0003,-0.0185,0.0889
/kaggle/input/datasets/duc24kdl/sub-x-ray/sub_X-Ray/sub_NIH/00000533_004.png,,sub_NIH,00000533_004.png,ok,512x512 -> 1024x1024,2,1,339.37,40.0304,6.457209,2.541104,0.9688,0.9971,0.1162,5.9458,40.3455,6.005241,2.450559,0.9709,0.9974,0.1348,0.1348,0.1348,5.9293,85.3982,59.5379,85.3982,59.5379,0.4894,40.3455,0.9709,6.005241,2.450559,0.3151,0.0003,-0.0187,0.0164
/kaggle/input/datasets/duc24kdl/sub-x-ray/sub_X-Ray/sub_NIH/00000538_001.png,,sub_NIH,00000538_001.png,ok,512x512 -> 1024x1024,2,1,336.47,41.2603,4.864599,2.205584,0.9574,0.9962,0.1532,6.6173,41.5227,4.579437,2.139962,0.9598,0.9965,0.1732,0.1732,0.1732,6.5755,126.7982,65.1322,126.7982,65.1322,0.3798,41.5227,0.9598,4.579437,2.139962,0.2623,0.0003,-0.0201,0.0418
/kaggle/input/datasets/duc24kdl/sub-x-ray/sub_X-Ray/sub_NIH/00000538_005.png,,sub_NIH,00000538_005.png,ok,512x512 -> 1024x1024,2,1,336.66,40.0359,6.448982,2.539485,0.9563,0.996,0.1644,6.9767,40.3191,6.04179,2.458005,0.9586,0.9964,0.186,0.186,0.186,6.8232,131.6582,68.5568,131.6582,68.5568,0.4141,40.3191,0.9586,6.04179,2.458005,0.2833,0.0003,-0.0216,0.1536
/kaggle/input/datasets/duc24kdl/sub-x-ray/sub_X-Ray/sub_NIH/00000539_000.png,,sub_NIH,00000539_000.png,ok,512x512 -> 1024x1024,2,1,338.91,43.2585,3.070661,1.75233,0.9702,0.9973,0.1093,6.5817,43.5496,2.871599,1.694579,0.9723,0.9976,0.1258,0.1258,0.1258,6.5139,102.4663,63.3974,102.4663,63.3974,0.3815,43.5496,0.9723,2.871599,1.694579,0.2911,0.0003,-0.0166,0.0678
/kaggle/input/datasets/duc24kdl/sub-x-ray/sub_X-Ray/sub_NIH/00000540_001.png,,sub_NIH,00000540_001.png,ok,512x512 -> 1024x1024,2,1,335.14,35.6157,17.844593,4.224286,0.9745,0.9974,0.1024,6.3627,35.9505,16.520916,4.064593,0.9767,0.9977,0.12,0.12,0.12,6.4785,119.5743,56.1485,119.5743,56.1485,0.5975,35.9505,0.9767,16.520916,4.064593,0.3347,0.0003,-0.0177,-0.1158
/kaggle/input/datasets/duc24kdl/sub-x-ray/sub_X-Ray/sub_NIH/00000540_002.png,,sub_NIH,00000540_002.png,ok,512x512 -> 1024x1024,2,1,338.64,35.4869,18.381939,4.287416,0.9765,0.9976,0.0841,6.101,35.8763,16.805512,4.099453,0.9788,0.9979,0.0997,0.0997,0.0997,6.22,136.5604,59.8936,136.5604,59.8936,0.6084,35.8763,0.9788,16.805512,4.099453,0.3894,0.0003,-0.0156,-0.119
/kaggle/input/datasets/duc24kdl/sub-x-ray/sub_X-Ray/sub_NIH/00000541_004.png,,sub_NIH,00000541_004.png,ok,512x512 -> 1024x1024,2,1,339.97,41.7653,4.330596,2.081008,0.963,0.9967,0.1252,6.5814,42.0733,4.034104,2.008508,0.9652,0.997,0.1431,0.1431,0.1431,6.5893,100.0249,62.7813,100.0249,62.7813,0.4123,42.0733,0.9652,4.034104,2.008508,0.308,0.0003,-0.0179,-0.0079
/kaggle/input/datasets/duc24kdl/sub-x-ray/sub_X-Ray/sub_NIH/00000544_000.png,,sub_NIH,00000544_000.png,ok,512x512 -> 1024x1024,2,1,337.33,43.2155,3.101234,1.761032,0.9647,0.9968,0.1327,6.616,43.4814,2.917024,1.70793,0.9668,0.9971,0.1507,0.1507,0.1507,6.2837,112.9895,68.9421,112.9895,68.9421,0.3581,43.4814,0.9668,2.917024,1.70793,0.2659,0.0003,-0.018,0.3324
/kaggle/input/datasets/duc24kdl/sub-x-ray/sub_X-Ray/sub_NIH/00000545_000.png,,sub_NIH,00000545_000.png,ok,512x512 -> 1024x1024,2,1,339.3,42.0516,4.054349,2.013541,0.962,0.9966,0.1473,6.6527,42.289,3.83869,1.959257,0.964,0.9969,0.1673,0.1673,0.1673,6.7288,144.954,64.5284,144.954,64.5284,0.3402,42.289,0.964,3.83869,1.959257,0.2374,0.0003,-0.0199,-0.0761
/kaggle/input/datasets/duc24kdl/sub-x-ray/sub_X-Ray/sub_NIH/00000545_004.png,,sub_NIH,00000545_004.png,ok,512x512 -> 1024x1024,2,1,338.33,37.0824,12.730265,3.56795,0.9833,0.9982,0.0712,6.7439,37.3118,12.075482,3.474979,0.9853,0.9985,0.084,0.084,0.084,6.7584,165.5388,52.0719,165.5388,52.0719,0.4719,37.3118,0.9853,12.075482,3.474979,0.2293,0.0003,-0.0128,-0.0145
/kaggle/input/datasets/duc24kdl/sub-x-ray/sub_X-Ray/sub_NIH/00000547_001.png,,sub_NIH,00000547_001.png,ok,512x512 -> 1024x1024,2,1,335.94,47.9321,1.046827,1.023146,0.987,0.9984,0.0586,7.5303,48.599,0.897793,0.94752,0.9889,0.9986,0.0779,0.0779,0.0779,7.2991,168.2909,42.1673,168.2909,42.1673,0.4139,48.599,0.9889,0.897793,0.94752,0.667,0.0003,-0.0193,0.2312
/kaggle/input/datasets/duc24kdl/sub-x-ray/sub_X-Ray/sub_NIH/00000547_003.png,,sub_NIH,00000547_003.png,ok,512x512 -> 1024x1024,2,1,334.96,38.2409,9.749782,3.122464,0.9854,0.9983,0.067,6.456,38.4713,9.245892,3.040706,0.9873,0.9986,0.0819,0.0819,0.0819,6.5453,162.4965,56.2878,162.4965,56.2878,0.4579,38.4713,0.9873,9.245892,3.040706,0.2305,0.0003,-0.0149,-0.0894
/kaggle/input/datasets/duc24kdl/sub-x-ray/sub_X-Ray/sub_NIH/00000547_006.png,,sub_NIH,00000547_006.png,ok,512x512 -> 1024x1024,2,1,338.58,42.2043,3.914255,1.978448,0.9598,0.9964,0.1542,6.7024,42.4587,3.691529,1.921335,0.9619,0.9967,0.174,0.174,0.174,6.6579,125.4581,67.8197,125.4581,67.8197,0.3598,42.4587,0.9619,3.691529,1.921335,0.2544,0.0003,-0.0198,0.0445
/kaggle/input/datasets/duc24kdl/sub-x-ray/sub_X-Ray/sub_NIH/00000547_009.png,,sub_NIH,00000547_009.png,ok,512x512 -> 1024x1024,2,1,335.54,42.1835,3.933093,1.983203,0.9604,0.9964,0.155,6.6193,42.4558,3.694035,1.921987,0.9625,0.9967,0.1752,0.1752,0.1752,6.5267,126.1002,73.6019,126.1002,73.6019,0.3618,42.4558,0.9625,3.694035,1.921987,0.2723,0.0003,-0.0202,0.0925
/kaggle/input/datasets/duc24kdl/sub-x-ray/sub_X-Ray/sub_NIH/00000549_003.png,,sub_NIH,00000549_003.png,ok,512x512 -> 1024x1024,2,1,337.39,40.6206,5.636634,2.37416,0.9582,0.9962,0.1577,6.3922,40.8699,5.322183,2.306986,0.9604,0.9965,0.1805,0.1805,0.1805,6.5465,143.7987,64.6438,143.7987,64.6438,0.3562,40.8699,0.9604,5.322183,2.306986,0.2493,0.0003,-0.0228,-0.1543
/kaggle/input/datasets/duc24kdl/sub-x-ray/sub_X-Ray/sub_NIH/00000555_000.png,,sub_NIH,00000555_000.png,ok,512x512 -> 1024x1024,2,1,334.33,44.2311,2.454537,1.566696,0.983,0.9981,0.0642,6.67,44.2391,2.450026,1.565256,0.9851,0.9984,0.0798,0.0798,0.0798,6.616,165.4259,52.1715,165.4259,52.1715,0.4842,44.2391,0.9851,2.450026,1.565256,0.008,0.0003,-0.0156,0.054
/kaggle/input/datasets/duc24kdl/sub-x-ray/sub_X-Ray/sub_NIH/00000560_002.png,,sub_NIH,00000560_002.png,ok,512x512 -> 1024x1024,2,1,334.65,38.4723,9.243827,3.040366,0.9837,0.9981,0.0823,6.933,38.793,8.585792,2.930152,0.9856,0.9984,0.1076,0.1076,0.1076,7.0694,123.6894,43.3783,123.6894,43.3783,0.5277,38.793,0.9856,8.585792,2.930152,0.3207,0.0002,-0.0253,-0.1363
/kaggle/input/datasets/duc24kdl/sub-x-ray/sub_X-Ray/sub_NIH/00000561_000.png,,sub_NIH,00000561_000.png,ok,512x512 -> 1024x1024,2,1,337.21,41.1001,5.047455,2.246654,0.9781,0.9977,0.0875,6.2501,41.3479,4.767445,2.183448,0.9804,0.998,0.1055,0.1055,0.1055,6.3938,128.1579,57.494,128.1579,57.494,0.5676,41.3479,0.9804,4.767445,2.183448,0.2479,0.0003,-0.018,-0.1437
/kaggle/input/datasets/duc24kdl/sub-x-ray/sub_X-Ray/sub_NIH/00000561_001.png,,sub_NIH,00000561_001.png,ok,512x512 -> 1024x1024,2,1,335.76,40.7376,5.486847,2.342402,0.976,0.9976,0.0953,6.613,40.9837,5.184532,2.276957,0.9784,0.9979,0.1131,0.1131,0.1131,6.5559,126.6686,54.2872,126.6686,54.2872,0.4369,40.9837,0.9784,5.184532,2.276957,0.2461,0.0003,-0.0178,0.0571
/kaggle/input/datasets/duc24kdl/sub-x-ray/sub_X-Ray/sub_NIH/00000561_002.png,,sub_NIH,00000561_002.png,ok,512x512 -> 1024x1024,2,1,335.64,42.1107,3.999533,1.999883,0.9621,0.9966,0.1368,6.4563,42.3596,3.7768,1.943399,0.9642,0.9969,0.1558,0.1558,0.1558,6.5464,124.8304,63.2681,124.8304,63.2681,0.3616,42.3596,0.9642,3.7768,1.943399,0.2489,0.0003,-0.019,-0.0901
/kaggle/input/datasets/duc24kdl/sub-x-ray/sub_X-Ray/sub_NIH/00000564_000.png,,sub_NIH,00000564_000.png,ok,512x512 -> 1024x1024,2,1,336.52,45.8571,1.687992,1.299228,0.9868,0.9984,0.0555,7.0757,46.4218,1.482165,1.217442,0.9887,0.9987,0.0728,0.0728,0.0728,7.1267,154.0146,50.9803,154.0146,50.9803,0.5125,46.4218,0.9887,1.482165,1.217442,0.5647,0.0003,-0.0173,-0.0511
/kaggle/input/datasets/duc24kdl/sub-x-ray/sub_X-Ray/sub_NIH/00000566_001.png,,sub_NIH,00000566_001.png,ok,512x512 -> 1024x1024,2,1,335.08,36.6452,14.078754,3.752167,0.9815,0.9981,0.0784,6.4327,36.9451,13.139217,3.624806,0.9834,0.9983,0.093,0.093,0.093,6.5988,158.7651,69.2364,158.7651,69.2364,0.4936,36.9451,0.9834,13.139217,3.624806,0.2999,0.0002,-0.0146,-0.1661
/kaggle/input/datasets/duc24kdl/sub-x-ray/sub_X-Ray/sub_NIH/00000566_004.png,,sub_NIH,00000566_004.png,ok,512x512 -> 1024x1024,2,1,332.57,36.7189,13.841693,3.720443,0.985,0.9983,0.0649,6.9883,36.9404,13.153344,3.626754,0.9868,0.9985,0.0796,0.0796,0.0796,6.8353,162.2197,64.9632,162.2197,64.9632,0.4759,36.9404,0.9868,13.153344,3.626754,0.2215,0.0002,-0.0147,0.1531
/kaggle/input/datasets/duc24kdl/sub-x-ray/sub_X-Ray/sub_NIH/00000567_000.png,,sub_NIH,00000567_000.png,ok,512x512 -> 1024x1024,2,1,333.99,35.1323,19.94567,4.466058,0.9791,0.9978,0.0873,6.6902,35.2859,19.252798,4.387801,0.9812,0.998,0.1061,0.1061,0.1061,6.6222,150.4157,52.7744,150.4157,52.7744,0.6042,35.2859,0.9812,19.252798,4.387801,0.1535,0.0003,-0.0188,0.068
/kaggle/input/datasets/duc24kdl/sub-x-ray/sub_X-Ray/sub_NIH/00000568_000.png,,sub_NIH,00000568_000.png,ok,512x512 -> 1024x1024,2,1,335.32,36.9057,13.25913,3.641309,0.9865,0.9983,0.0619,7.5467,37.1465,12.54392,3.54174,0.9881,0.9986,0.0815,0.0815,0.0815,7.5138,166.6774,37.3638,166.6774,37.3638,0.477,37.1465,0.9881,12.54392,3.54174,0.2408,0.0002,-0.0196,0.0329
/kaggle/input/datasets/duc24kdl/sub-x-ray/sub_X-Ray/sub_NIH/00000569_004.png,,sub_NIH,00000569_004.png,ok,512x512 -> 1024x1024,2,1,337.78,41.2431,4.883933,2.209962,0.9655,0.9969,0.1265,6.4002,41.5261,4.575836,2.13912,0.9675,0.9972,0.1433,0.1433,0.1433,6.3741,99.066,66.8652,99.066,66.8652,0.4073,41.5261,0.9675,4.575836,2.13912,0.283,0.0003,-0.0168,0.0261
/kaggle/input/datasets/duc24kdl/sub-x-ray/sub_X-Ray/sub_NIH/00000571_003.png,,sub_NIH,00000571_003.png,ok,512x512 -> 1024x1024,2,1,336.17,42.0208,4.083182,2.020689,0.9628,0.9967,0.142,6.6033,42.272,3.853733,1.963093,0.9648,0.9969,0.1632,0.1632,0.1632,6.5432,140.0302,67.4273,140.0302,67.4273,0.3902,42.272,0.9648,3.853733,1.963093,0.2512,0.0003,-0.0212,0.0601
/kaggle/input/datasets/duc24kdl/sub-x-ray/sub_X-Ray/sub_NIH/00000571_005.png,,sub_NIH,00000571_005.png,ok,512x512 -> 1024x1024,2,1,334.46,40.5451,5.735501,2.394891,0.9586,0.9963,0.1516,6.6907,40.7979,5.411116,2.32618,0.9608,0.9966,0.1728,0.1728,0.1728,6.6102,138.1094,71.9305,138.1094,71.9305,0.3912,40.7979,0.9608,5.411116,2.32618,0.2528,0.0003,-0.0212,0.0805
/kaggle/input/datasets/duc24kdl/sub-x-ray/sub_X-Ray/sub_NIH/00000572_000.png,,sub_NIH,00000572_000.png,ok,512x512 -> 1024x1024,2,1,336.15,36.9987,12.978133,3.602518,0.9832,0.9981,0.0676,6.6155,37.2479,12.254395,3.500628,0.9852,0.9984,0.0816,0.0816,0.0816,6.7554,173.2216,47.0681,173.2216,47.0681,0.6552,37.2479,0.9852,12.254395,3.500628,0.2492,0.0003,-0.0139,-0.1399
/kaggle/input/datasets/duc24kdl/sub-x-ray/sub_X-Ray/sub_NIH/00000579_001.png,,sub_NIH,00000579_001.png,ok,512x512 -> 1024x1024,2,1,336.73,36.6272,14.137189,3.759945,0.952,0.9957,0.1719,7.1431,36.8996,13.277744,3.643864,0.9542,0.9959,0.1932,0.1932,0.1932,6.9652,135.1784,70.2596,135.1784,70.2596,0.5061,36.8996,0.9542,13.277744,3.643864,0.2724,0.0003,-0.0214,0.1779
/kaggle/input/datasets/duc24kdl/sub-x-ray/sub_X-Ray/sub_NIH/00000580_005.png,,sub_NIH,00000580_005.png,ok,512x512 -> 1024x1024,2,1,336.41,41.002,5.162695,2.272156,0.9625,0.9966,0.1359,6.0899,41.2799,4.842735,2.200621,0.9646,0.9969,0.1545,0.1545,0.1545,6.0475,119.0761,74.2083,119.0761,74.2083,0.4278,41.2799,0.9646,4.842735,2.200621,0.2779,0.0003,-0.0186,0.0424
/kaggle/input/datasets/duc24kdl/sub-x-ray/sub_X-Ray/sub_NIH/00000580_008.png,,sub_NIH,00000580_008.png,ok,512x512 -> 1024x1024,2,1,338.45,40.9367,5.240966,2.289316,0.964,0.9967,0.1288,6.241,41.1739,4.962406,2.227646,0.966,0.9969,0.1477,0.1477,0.1477,6.1663,117.4056,72.9743,117.4056,72.9743,0.3976,41.1739,0.966,4.962406,2.227646,0.2372,0.0003,-0.0189,0.0747
/kaggle/input/datasets/duc24kdl/sub-x-ray/sub_X-Ray/sub_NIH/00000582_000.png,,sub_NIH,00000582_000.png,ok,512x512 -> 1024x1024,2,1,333.95,41.1493,4.990575,2.233959,0.9569,0.9962,0.149,6.6052,41.4,4.710688,2.170412,0.9593,0.9965,0.1671,0.1671,0.1671,6.5346,115.7572,65.5948,115.7572,65.5948,0.3736,41.4,0.9593,4.710688,2.170412,0.2507,0.0003,-0.0181,0.0706
/kaggle/input/datasets/duc24kdl/sub-x-ray/sub_X-Ray/sub_NIH/00000583_004.png,,sub_NIH,00000583_004.png,ok,512x512 -> 1024x1024,2,1,333.64,41.7498,4.346124,2.084736,0.962,0.9966,0.1508,6.8641,42.0066,4.096535,2.02399,0.9638,0.9968,0.1748,0.1748,0.1748,6.7924,148.6252,73.2159,148.6252,73.2159,0.3656,42.0066,0.9638,4.096535,2.02399,0.2569,0.0002,-0.0239,0.0718
/kaggle/input/datasets/duc24kdl/sub-x-ray/sub_X-Ray/sub_NIH/00000583_009.png,,sub_NIH,00000583_009.png,ok,512x512 -> 1024x1024,2,1,334.89,38.8719,8.431239,2.90366,0.9855,0.9983,0.0749,9.5759,39.1121,7.977544,2.824455,0.9871,0.9984,0.1026,0.1026,0.1026,9.0178,121.8547,51.1343,121.8547,51.1343,0.4892,39.1121,0.9871,7.977544,2.824455,0.2402,0.0002,-0.0277,0.5581
/kaggle/input/datasets/duc24kdl/sub-x-ray/sub_X-Ray/sub_NIH/00000583_010.png,,sub_NIH,00000583_010.png,ok,512x512 -> 1024x1024,2,1,335.59,36.3332,15.127267,3.889379,0.9889,0.9985,0.0527,9.5498,36.6947,13.918982,3.730815,0.9904,0.9987,0.0753,0.0753,0.0753,9.2805,128.4005,58.1337,128.4005,58.1337,0.5408,36.6947,0.9904,13.918982,3.730815,0.3615,0.0002,-0.0227,0.2693
/kaggle/input/datasets/duc24kdl/sub-x-ray/sub_X-Ray/sub_NIH/00000583_011.png,,sub_NIH,00000583_011.png,ok,512x512 -> 1024x1024,2,1,336.95,38.2907,9.638607,3.104611,0.9823,0.998,0.0883,9.5624,38.517,9.149054,3.02474,0.9839,0.9982,0.1162,0.1162,0.1162,9.1618,139.5626,51.1201,139.5626,51.1201,0.4832,38.517,0.9839,9.149054,3.02474,0.2264,0.0001,-0.0279,0.4006
/kaggle/input/datasets/duc24kdl/sub-x-ray/sub_X-Ray/sub_NIH/00000583_016.png,,sub_NIH,00000583_016.png,ok,512x512 -> 1024x1024,2,1,335.16,38.484,9.219,3.036281,0.9884,0.9985,0.0596,8.9986,38.7153,8.74082,2.956488,0.9899,0.9987,0.0822,0.0822,0.0822,8.3802,123.1183,57.7077,123.1183,57.7077,0.5042,38.7153,0.9899,8.74082,2.956488,0.2313,0.0002,-0.0226,0.6184
/kaggle/input/datasets/duc24kdl/sub-x-ray/sub_X-Ray/sub_NIH/00000583_023.png,,sub_NIH,00000583_023.png,ok,512x512 -> 1024x1024,2,1,336.0,39.4966,7.301605,2.702148,0.9797,0.9979,0.1062,9.0015,39.7358,6.9103,2.628745,0.9815,0.998,0.1375,0.1375,0.1375,8.6167,120.1481,56.6896,120.1481,56.6896,0.4705,39.7358,0.9815,6.9103,2.628745,0.2392,0.0002,-0.0313,0.3848
/kaggle/input/datasets/duc24kdl/sub-x-ray/sub_X-Ray/sub_NIH/00000583_025.png,,sub_NIH,00000583_025.png,ok,512x512 -> 1024x1024,2,1,336.94,38.1286,10.00502,3.163071,0.9783,0.9978,0.1122,8.899,38.3521,9.503188,3.082724,0.98,0.9979,0.1445,0.1445,0.1445,8.6767,121.9884,51.547,121.9884,51.547,0.486,38.3521,0.98,9.503188,3.082724,0.2235,0.0002,-0.0323,0.2223
/kaggle/input/datasets/duc24kdl/sub-x-ray/sub_X-Ray/sub_NIH/00000583_029.png,,sub_NIH,00000583_029.png,ok,512x512 -> 1024x1024,2,1,334.26,38.7101,8.751321,2.958263,0.9864,0.9984,0.0629,8.6071,38.9478,8.285076,2.878381,0.9879,0.9986,0.0854,0.0854,0.0854,8.0156,112.9594,64.8657,112.9594,64.8657,0.4852,38.9478,0.9879,8.285076,2.878381,0.2378,0.0002,-0.0225,0.5915
/kaggle/input/datasets/duc24kdl/sub-x-ray/sub_X-Ray/sub_NIH/00000583_030.png,,sub_NIH,00000583_030.png,ok,512x512 -> 1024x1024,2,1,336.16,39.2602,7.710027,2.776694,0.9864,0.9984,0.0706,8.7842,39.5047,7.288041,2.699637,0.9879,0.9985,0.0972,0.0972,0.0972,8.1973,116.5059,58.9342,116.5059,58.9342,0.492,39.5047,0.9879,7.288041,2.699637,0.2445,0.0002,-0.0265,0.587
/kaggle/input/datasets/duc24kdl/sub-x-ray/sub_X-Ray/sub_NIH/00000583_035.png,,sub_NIH,00000583_035.png,ok,512x512 -> 1024x1024,2,1,338.82,37.9037,10.536952,3.246067,0.9565,0.9959,0.1737,8.1347,38.1162,10.033775,3.167613,0.9588,0.9962,0.2026,0.2026,0.2026,8.14,117.6735,43.4243,117.6735,43.4243,0.4409,38.1162,0.9588,10.033775,3.167613,0.2125,0.0003,-0.0289,-0.0053
/kaggle/input/datasets/duc24kdl/sub-x-ray/sub_X-Ray/sub_NIH/00000583_038.png,,sub_NIH,00000583_038.png,ok,512x512 -> 1024x1024,2,1,336.49,39.1077,7.985664,2.825892,0.99,0.9986,0.0509,8.6383,39.3329,7.582035,2.75355,0.9914,0.9988,0.0714,0.0714,0.0714,8.3422,118.9373,57.2493,118.9373,57.2493,0.506,39.3329,0.9914,7.582035,2.75355,0.2253,0.0002,-0.0205,0.2961
/kaggle/input/datasets/duc24kdl/sub-x-ray/sub_X-Ray/sub_NIH/00000583_039.png,,sub_NIH,00000583_039.png,ok,512x512 -> 1024x1024,2,1,338.18,38.8041,8.563843,2.926404,0.9891,0.9985,0.0551,8.874,39.0429,8.105733,2.847057,0.9906,0.9987,0.0771,0.0771,0.0771,8.4712,119.4022,58.0125,119.4022,58.0125,0.5043,39.0429,0.9906,8.105733,2.847057,0.2388,0.0002,-0.0219,0.4028
/kaggle/input/datasets/duc24kdl/sub-x-ray/sub_X-Ray/sub_NIH/00000583_041.png,,sub_NIH,00000583_041.png,ok,512x512 -> 1024x1024,2,1,333.33,38.6019,8.971984,2.995327,0.9879,0.9985,0.0594,8.5595,38.8411,8.491294,2.913983,0.9895,0.9987,0.083,0.083,0.083,8.3568,118.4355,52.5752,118.4355,52.5752,0.4967,38.8411,0.9895,8.491294,2.913983,0.2391,0.0002,-0.0236,0.2027
/kaggle/input/datasets/duc24kdl/sub-x-ray/sub_X-Ray/sub_NIH/00000583_049.png,,sub_NIH,00000583_049.png,ok,512x512 -> 1024x1024,2,1,335.56,43.8439,2.683418,1.638114,0.9675,0.997,0.1326,7.029,44.1364,2.508671,1.583878,0.9693,0.9972,0.1554,0.1554,0.1554,7.0203,121.7349,76.0891,121.7349,76.0891,0.3548,44.1364,0.9693,2.508671,1.583878,0.2924,0.0002,-0.0228,0.0087
/kaggle/input/datasets/duc24kdl/sub-x-ray/sub_X-Ray/sub_NIH/00000583_055.png,,sub_NIH,00000583_055.png,ok,512x512 -> 1024x1024,2,1,334.78,35.9031,16.702192,4.086832,0.978,0.9976,0.1067,8.1433,36.2445,15.439246,3.929281,0.9797,0.9978,0.1377,0.1377,0.1377,7.9093,113.6826,52.8622,113.6826,52.8622,0.5336,36.2445,0.9797,15.439246,3.929281,0.3415,0.0002,-0.031,0.234
/kaggle/input/datasets/duc24kdl/sub-x-ray/sub_X-Ray/sub_NIH/00000583_059.png,,sub_NIH,00000583_059.png,ok,512x512 -> 1024x1024,2,1,336.67,36.0986,15.96695,3.995867,0.9557,0.9958,0.1585,6.4848,36.5055,14.53879,3.812977,0.9582,0.9961,0.1762,0.1762,0.1762,6.5198,123.6653,67.0904,123.6653,67.0904,0.5593,36.5055,0.9582,14.53879,3.812977,0.4069,0.0003,-0.0177,-0.035
/kaggle/input/datasets/duc24kdl/sub-x-ray/sub_X-Ray/sub_NIH/00000586_001.png,,sub_NIH,00000586_001.png,ok,512x512 -> 1024x1024,2,1,339.71,42.2368,3.885103,1.971066,0.9646,0.9968,0.1292,6.7363,42.5195,3.640202,1.907931,0.9666,0.9971,0.1492,0.1492,0.1492,6.628,128.6636,70.2049,128.6636,70.2049,0.3939,42.5195,0.9666,3.640202,1.907931,0.2828,0.0003,-0.02,0.1083
/kaggle/input/datasets/duc24kdl/sub-x-ray/sub_X-Ray/sub_NIH/00000588_004.png,,sub_NIH,00000588_004.png,ok,512x512 -> 1024x1024,2,1,340.83,38.7883,8.59502,2.931726,0.9861,0.9984,0.0691,7.606,39.0596,8.074565,2.841578,0.9879,0.9986,0.0877,0.0877,0.0877,7.3131,128.2933,51.337,128.2933,51.337,0.4596,39.0596,0.9879,8.074565,2.841578,0.2713,0.0003,-0.0185,0.293
/kaggle/input/datasets/duc24kdl/sub-x-ray/sub_X-Ray/sub_NIH/00000590_000.png,,sub_NIH,00000590_000.png,ok,512x512 -> 1024x1024,2,1,339.53,40.7928,5.417513,2.327555,0.9853,0.9983,0.0522,6.6107,41.058,5.096649,2.257576,0.9872,0.9986,0.0651,0.0651,0.0651,6.8553,159.4352,64.4854,159.4352,64.4854,0.5858,41.058,0.9872,5.096649,2.257576,0.2652,0.0003,-0.0129,-0.2446
/kaggle/input/datasets/duc24kdl/sub-x-ray/sub_X-Ray/sub_NIH/00000591_000.png,,sub_NIH,00000591_000.png,ok,512x512 -> 1024x1024,2,1,338.38,37.4601,11.670101,3.416153,0.9866,0.9984,0.0618,8.1777,37.6793,11.095524,3.330994,0.9882,0.9986,0.0829,0.0829,0.0829,7.9182,157.2995,45.4478,157.2995,45.4478,0.4926,37.6793,0.9882,11.095524,3.330994,0.2193,0.0002,-0.0211,0.2595
/kaggle/input/datasets/duc24kdl/sub-x-ray/sub_X-Ray/sub_NIH/00000591_001.png,,sub_NIH,00000591_001.png,ok,512x512 -> 1024x1024,2,1,337.99,36.7,13.902057,3.728546,0.9855,0.9983,0.0718,6.8682,36.9202,13.214874,3.635227,0.9875,0.9986,0.0888,0.0888,0.0888,6.8692,163.8408,51.4853,163.8408,51.4853,0.4874,36.9202,0.9875,13.214874,3.635227,0.2202,0.0003,-0.0171,-0.001
/kaggle/input/datasets/duc24kdl/sub-x-ray/sub_X-Ray/sub_NIH/00000591_003.png,,sub_NIH,00000591_003.png,ok,512x512 -> 1024x1024,2,1,336.09,36.963,13.085181,3.617344,0.9903,0.9987,0.0459,8.1272,37.2093,12.363724,3.516209,0.9918,0.9989,0.0672,0.0672,0.0672,7.8113,139.7446,71.0092,139.7446,71.0092,0.5612,37.2093,0.9918,12.363724,3.516209,0.2463,0.0002,-0.0212,0.3159
/kaggle/input/datasets/duc24kdl/sub-x-ray/sub_X-Ray/sub_NIH/00000591_009.png,,sub_NIH,00000591_009.png,ok,512x512 -> 1024x1024,2,1,336.46,42.798,3.414167,1.847746,0.9642,0.9968,0.1356,6.5768,43.0431,3.226816,1.796334,0.9662,0.9971,0.1559,0.1559,0.1559,6.5279,115.9628,70.1267,115.9628,70.1267,0.3444,43.0431,0.9662,3.226816,1.796334,0.2451,0.0003,-0.0203,0.0489
/kaggle/input/datasets/duc24kdl/sub-x-ray/sub_X-Ray/sub_NIH/00000591_014.png,,sub_NIH,00000591_014.png,ok,512x512 -> 1024x1024,2,1,336.92,43.4343,2.948855,1.717223,0.964,0.9968,0.1458,6.8529,43.6994,2.774248,1.665607,0.966,0.997,0.1664,0.1664,0.1664,6.7776,111.8435,71.2239,111.8435,71.2239,0.3287,43.6994,0.966,2.774248,1.665607,0.2651,0.0003,-0.0206,0.0753
/kaggle/input/datasets/duc24kdl/sub-x-ray/sub_X-Ray/sub_NIH/00000592_001.png,,sub_NIH,00000592_001.png,ok,512x512 -> 1024x1024,2,1,339.72,42.647,3.534935,1.880142,0.9627,0.9966,0.1503,7.2217,42.9675,3.283454,1.81203,0.9648,0.9969,0.1732,0.1732,0.1732,7.0732,114.5852,64.3027,114.5852,64.3027,0.3687,42.9675,0.9648,3.283454,1.81203,0.3205,0.0003,-0.0229,0.1485
/kaggle/input/datasets/duc24kdl/sub-x-ray/sub_X-Ray/sub_NIH/00000593_000.png,,sub_NIH,00000593_000.png,ok,512x512 -> 1024x1024,2,1,340.72,44.4284,2.34555,1.531519,0.9805,0.9979,0.0809,6.6515,44.8928,2.107644,1.451773,0.9828,0.9982,0.0979,0.0979,0.0979,6.5857,172.4892,44.258,172.4892,44.258,0.4911,44.8928,0.9828,2.107644,1.451773,0.4645,0.0003,-0.017,0.0658
/kaggle/input/datasets/duc24kdl/sub-x-ray/sub_X-Ray/sub_NIH/00000598_000.png,,sub_NIH,00000598_000.png,ok,512x512 -> 1024x1024,2,1,339.83,39.1805,7.852883,2.8023,0.9838,0.9982,0.0637,6.4285,39.5082,7.282166,2.698549,0.9857,0.9985,0.0762,0.0762,0.0762,6.3427,132.6856,70.9241,132.6856,70.9241,0.5527,39.5082,0.9857,7.282166,2.698549,0.3277,0.0003,-0.0125,0.0858
/kaggle/input/datasets/duc24kdl/sub-x-ray/sub_X-Ray/sub_NIH/00000602_000.png,,sub_NIH,00000602_000.png,ok,512x512 -> 1024x1024,2,1,342.83,42.0782,4.029613,2.00739,0.9597,0.9964,0.1456,6.8263,42.3379,3.795707,1.948257,0.9618,0.9967,0.1666,0.1666,0.1666,6.7062,131.9984,64.7623,131.9984,64.7623,0.3679,42.3379,0.9618,3.795707,1.948257,0.2597,0.0003,-0.021,0.1201
/kaggle/input/datasets/duc24kdl/sub-x-ray/sub_X-Ray/sub_NIH/00000603_000.png,,sub_NIH,00000603_000.png,ok,512x512 -> 1024x1024,2,1,342.94,44.4351,2.341907,1.530329,0.9828,0.9981,0.0687,6.487,44.9913,2.060388,1.435405,0.9849,0.9984,0.0852,0.0852,0.0852,6.5446,144.1699,61.5488,144.1699,61.5488,0.5355,44.9913,0.9849,2.060388,1.435405,0.5562,0.0003,-0.0165,-0.0576
/kaggle/input/datasets/duc24kdl/sub-x-ray/sub_X-Ray/sub_NIH/00000605_000.png,,sub_NIH,00000605_000.png,ok,512x512 -> 1024x1024,2,1,338.06,38.7393,8.692538,2.948311,0.9899,0.9987,0.0582,7.1418,39.0145,8.158947,2.856387,0.9915,0.9989,0.074,0.074,0.074,7.2075,137.9998,66.8902,137.9998,66.8902,0.4794,39.0145,0.9915,8.158947,2.856387,0.2751,0.0002,-0.0158,-0.0657
/kaggle/input/datasets/duc24kdl/sub-x-ray/sub_X-Ray/sub_NIH/00000606_000.png,,sub_NIH,00000606_000.png,ok,512x512 -> 1024x1024,2,1,339.48,37.7839,10.831543,3.291131,0.984,0.9982,0.066,6.9912,38.0465,10.196065,3.193128,0.9858,0.9985,0.0813,0.0813,0.0813,6.7641,161.28,63.6246,161.28,63.6246,0.4865,38.0465,0.9858,10.196065,3.193128,0.2626,0.0002,-0.0154,0.2271
/kaggle/input/datasets/duc24kdl/sub-x-ray/sub_X-Ray/sub_NIH/00000608_001.png,,sub_NIH,00000608_001.png,ok,512x512 -> 1024x1024,2,1,340.49,46.5876,1.42667,1.194433,0.9806,0.9978,0.0794,6.9152,47.1036,1.266849,1.125544,0.9827,0.9981,0.1048,0.1048,0.1048,6.822,107.187,38.4471,107.187,38.4471,0.3944,47.1036,0.9827,1.266849,1.125544,0.516,0.0003,-0.0253,0.0932
/kaggle/input/datasets/duc24kdl/sub-x-ray/sub_X-Ray/sub_NIH/00000608_002.png,,sub_NIH,00000608_002.png,ok,512x512 -> 1024x1024,2,1,343.14,35.8508,16.904267,4.11148,0.9736,0.9973,0.1017,6.2605,36.2009,15.595077,3.94906,0.976,0.9976,0.1192,0.1192,0.1192,6.4426,116.1761,48.3204,116.1761,48.3204,0.6292,36.2009,0.976,15.595077,3.94906,0.3501,0.0003,-0.0175,-0.1821
/kaggle/input/datasets/duc24kdl/sub-x-ray/sub_X-Ray/sub_NIH/00000608_003.png,,sub_NIH,00000608_003.png,ok,512x512 -> 1024x1024,2,1,337.94,37.9887,10.332708,3.214453,0.9752,0.9975,0.1065,6.6027,38.3237,9.565665,3.092841,0.9775,0.9978,0.1262,0.1262,0.1262,6.5842,103.0437,48.438,103.0437,48.438,0.6161,38.3237,0.9775,9.565665,3.092841,0.335,0.0003,-0.0197,0.0185
/kaggle/input/datasets/duc24kdl/sub-x-ray/sub_X-Ray/sub_NIH/00000609_000.png,,sub_NIH,00000609_000.png,ok,512x512 -> 1024x1024,2,1,343.69,42.9566,3.291708,1.814306,0.9752,0.9976,0.0949,6.1676,43.2104,3.104857,1.76206,0.9772,0.9978,0.1111,0.1111,0.1111,6.1387,160.7707,67.8399,160.7707,67.8399,0.4748,43.2104,0.9772,3.104857,1.76206,0.2538,0.0002,-0.0162,0.0288
/kaggle/input/datasets/duc24kdl/sub-x-ray/sub_X-Ray/sub_NIH/00000610_001.png,,sub_NIH,00000610_001.png,ok,512x512 -> 1024x1024,2,1,344.14,36.3446,15.087734,3.884293,0.9807,0.9979,0.0802,6.627,36.4022,14.888726,3.858591,0.9825,0.9982,0.0974,0.0974,0.0974,6.7724,142.1972,61.3762,142.1972,61.3762,0.5509,36.4022,0.9825,14.888726,3.858591,0.0577,0.0003,-0.0172,-0.1455
/kaggle/input/datasets/duc24kdl/sub-x-ray/sub_X-Ray/sub_NIH/00000613_002.png,,sub_NIH,00000613_002.png,ok,512x512 -> 1024x1024,2,1,341.98,36.187,15.645187,3.9554,0.9755,0.9975,0.0874,6.0124,36.3934,14.919157,3.862533,0.9778,0.9978,0.1008,0.1008,0.1008,6.038,156.7,68.1529,156.7,68.1529,0.5481,36.3934,0.9778,14.919157,3.862533,0.2064,0.0003,-0.0134,-0.0257
/kaggle/input/datasets/duc24kdl/sub-x-ray/sub_X-Ray/sub_NIH/00000617_000.png,,sub_NIH,00000617_000.png,ok,512x512 -> 1024x1024,2,1,343.61,36.643,14.085899,3.753119,0.9823,0.998,0.0677,6.8797,36.569,14.327849,3.785215,0.9842,0.9983,0.0816,0.0816,0.0816,6.6318,151.0299,72.0425,151.0299,72.0425,0.5744,36.569,0.9842,14.327849,3.785215,-0.074,0.0003,-0.0138,0.2478
/kaggle/input/datasets/duc24kdl/sub-x-ray/sub_X-Ray/sub_NIH/00000618_001.png,,sub_NIH,00000618_001.png,ok,512x512 -> 1024x1024,2,1,343.1,40.87,5.322034,2.306953,0.9693,0.9971,0.1207,6.3974,41.164,4.973762,2.230193,0.9713,0.9974,0.1401,0.1401,0.1401,6.25,123.4719,63.8921,123.4719,63.8921,0.4284,41.164,0.9713,4.973762,2.230193,0.2939,0.0003,-0.0195,0.1474
/kaggle/input/datasets/duc24kdl/sub-x-ray/sub_X-Ray/sub_NIH/00000618_007.png,,sub_NIH,00000618_007.png,ok,512x512 -> 1024x1024,2,1,344.15,37.6624,11.138759,3.337478,0.974,0.9973,0.0893,6.1206,38.0865,10.102458,3.178436,0.9764,0.9977,0.1048,0.1048,0.1048,6.3394,123.0195,68.1559,123.0195,68.1559,0.5609,38.0865,0.9764,10.102458,3.178436,0.4241,0.0003,-0.0155,-0.2189
/kaggle/input/datasets/duc24kdl/sub-x-ray/sub_X-Ray/sub_NIH/00000618_008.png,,sub_NIH,00000618_008.png,ok,512x512 -> 1024x1024,2,1,344.88,41.6584,4.438571,2.106792,0.9699,0.9972,0.1176,6.0679,41.9649,4.136107,2.033742,0.9719,0.9974,0.1368,0.1368,0.1368,5.9784,120.1734,64.8716,120.1734,64.8716,0.4139,41.9649,0.9719,4.136107,2.033742,0.3065,0.0003,-0.0192,0.0895
/kaggle/input/datasets/duc24kdl/sub-x-ray/sub_X-Ray/sub_NIH/00000619_000.png,,sub_NIH,00000619_000.png,ok,512x512 -> 1024x1024,2,1,345.33,41.4283,4.680028,2.163337,0.9604,0.9965,0.149,6.725,41.6739,4.42276,2.103036,0.9625,0.9968,0.1718,0.1718,0.1718,6.6862,144.6485,60.0958,144.6485,60.0958,0.3688,41.6739,0.9625,4.42276,2.103036,0.2456,0.0003,-0.0228,0.0388
/kaggle/input/datasets/duc24kdl/sub-x-ray/sub_X-Ray/sub_NIH/00000621_001.png,,sub_NIH,00000621_001.png,ok,512x512 -> 1024x1024,2,1,340.38,42.5793,3.590499,1.894861,0.9677,0.997,0.1181,6.5027,42.841,3.380487,1.83861,0.9699,0.9973,0.1355,0.1355,0.1355,6.3708,106.5007,63.1809,106.5007,63.1809,0.379,42.841,0.9699,3.380487,1.83861,0.2618,0.0003,-0.0174,0.1319
/kaggle/input/datasets/duc24kdl/sub-x-ray/sub_X-Ray/sub_NIH/00000623_000.png,,sub_NIH,00000623_000.png,ok,512x512 -> 1024x1024,2,1,342.48,40.8054,5.401851,2.324188,0.9619,0.9966,0.1366,6.6757,41.0232,5.137583,2.266624,0.9641,0.9969,0.1543,0.1543,0.1543,6.6474,105.8285,66.5136,105.8285,66.5136,0.3443,41.0232,0.9641,5.137583,2.266624,0.2178,0.0003,-0.0176,0.0283
/kaggle/input/datasets/duc24kdl/sub-x-ray/sub_X-Ray/sub_NIH/00000623_004.png,,sub_NIH,00000623_004.png,ok,512x512 -> 1024x1024,2,1,344.42,37.6375,11.20298,3.347085,0.9811,0.9981,0.074,6.789,37.9204,10.496405,3.239816,0.9831,0.9983,0.0898,0.0898,0.0898,6.5421,157.4252,63.2854,157.4252,63.2854,0.4843,37.9204,0.9831,10.496405,3.239816,0.2829,0.0003,-0.0157,0.2468
/kaggle/input/datasets/duc24kdl/sub-x-ray/sub_X-Ray/sub_NIH/00000623_008.png,,sub_NIH,00000623_008.png,ok,512x512 -> 1024x1024,2,1,342.96,43.5436,2.875524,1.695737,0.9726,0.9975,0.1054,6.1932,43.8041,2.708156,1.645648,0.9744,0.9978,0.1215,0.1215,0.1215,6.195,98.7408,65.0417,98.7408,65.0417,0.3701,43.8041,0.9744,2.708156,1.645648,0.2604,0.0003,-0.016,-0.0018
/kaggle/input/datasets/duc24kdl/sub-x-ray/sub_X-Ray/sub_NIH/00000625_001.png,,sub_NIH,00000625_001.png,ok,512x512 -> 1024x1024,2,1,343.97,36.8517,13.424833,3.663991,0.9838,0.9982,0.0688,6.6136,37.0885,12.712582,3.565471,0.9857,0.9985,0.0817,0.0817,0.0817,6.5427,183.6491,50.805,183.6491,50.805,0.4901,37.0885,0.9857,12.712582,3.565471,0.2368,0.0003,-0.0129,0.0709
/kaggle/input/datasets/duc24kdl/sub-x-ray/sub_X-Ray/sub_NIH/00000626_000.png,,sub_NIH,00000626_000.png,ok,512x512 -> 1024x1024,2,1,344.11,46.5811,1.428797,1.195323,0.9852,0.9982,0.0655,7.0244,47.1984,1.239471,1.113315,0.9873,0.9985,0.0837,0.0837,0.0837,6.8587,163.0955,41.8416,163.0955,41.8416,0.4796,47.1984,0.9873,1.239471,1.113315,0.6173,0.0003,-0.0182,0.1658
/kaggle/input/datasets/duc24kdl/sub-x-ray/sub_X-Ray/sub_NIH/00000627_005.png,,sub_NIH,00000627_005.png,ok,512x512 -> 1024x1024,2,1,343.88,39.0692,8.056729,2.838438,0.9871,0.9984,0.0643,8.3126,39.3048,7.631282,2.762478,0.9887,0.9986,0.0869,0.0869,0.0869,7.8548,155.8531,45.0303,155.8531,45.0303,0.4851,39.3048,0.9887,7.631282,2.762478,0.2356,0.0002,-0.0227,0.4578
/kaggle/input/datasets/duc24kdl/sub-x-ray/sub_X-Ray/sub_NIH/00000627_006.png,,sub_NIH,00000627_006.png,ok,512x512 -> 1024x1024,2,1,345.52,38.5597,9.059547,3.009908,0.9872,0.9984,0.062,8.3048,38.7868,8.597966,2.932229,0.9888,0.9986,0.0847,0.0847,0.0847,7.8548,158.1839,44.4191,158.1839,44.4191,0.4849,38.7868,0.9888,8.597966,2.932229,0.2271,0.0002,-0.0227,0.45
/kaggle/input/datasets/duc24kdl/sub-x-ray/sub_X-Ray/sub_NIH/00000627_009.png,,sub_NIH,00000627_009.png,ok,512x512 -> 1024x1024,2,1,346.81,38.559,9.061061,3.01016,0.9878,0.9985,0.0577,7.8565,38.7898,8.592084,2.931226,0.9894,0.9987,0.0773,0.0773,0.0773,7.6379,157.3747,46.0823,157.3747,46.0823,0.4875,38.7898,0.9894,8.592084,2.931226,0.2308,0.0002,-0.0196,0.2186
/kaggle/input/datasets/duc24kdl/sub-x-ray/sub_X-Ray/sub_NIH/00000627_011.png,,sub_NIH,00000627_011.png,ok,512x512 -> 1024x1024,2,1,347.94,38.6669,8.838683,2.972992,0.9882,0.9985,0.0572,7.7146,38.9069,8.363583,2.891986,0.9898,0.9987,0.0775,0.0775,0.0775,7.6362,160.6035,37.3246,160.6035,37.3246,0.4904,38.9069,0.9898,8.363583,2.891986,0.24,0.0002,-0.0202,0.0785
/kaggle/input/datasets/duc24kdl/sub-x-ray/sub_X-Ray/sub_NIH/00000627_025.png,,sub_NIH,00000627_025.png,ok,512x512 -> 1024x1024,2,1,347.6,37.6254,11.234198,3.351746,0.9865,0.9984,0.061,7.5088,37.8511,10.665297,3.265777,0.9882,0.9986,0.0793,0.0793,0.0793,7.4581,158.7198,51.9071,158.7198,51.9071,0.4935,37.8511,0.9882,10.665297,3.265777,0.2257,0.0002,-0.0184,0.0507
/kaggle/input/datasets/duc24kdl/sub-x-ray/sub_X-Ray/sub_NIH/00000627_027.png,,sub_NIH,00000627_027.png,ok,512x512 -> 1024x1024,2,1,346.36,38.6132,8.948726,2.991442,0.9879,0.9985,0.0587,7.5024,38.8455,8.482657,2.9125,0.9896,0.9987,0.0763,0.0763,0.0763,7.3497,150.4593,53.9281,150.4593,53.9281,0.4714,38.8455,0.9896,8.482657,2.9125,0.2323,0.0002,-0.0177,0.1527
/kaggle/input/datasets/duc24kdl/sub-x-ray/sub_X-Ray/sub_NIH/00000627_029.png,,sub_NIH,00000627_029.png,ok,512x512 -> 1024x1024,2,1,346.79,39.1876,7.84004,2.800007,0.9853,0.9983,0.0827,8.0086,39.4497,7.380867,2.716775,0.9872,0.9985,0.1107,0.1107,0.1107,7.8876,116.8297,41.4848,116.8297,41.4848,0.4662,39.4497,0.9872,7.380867,2.716775,0.2621,0.0002,-0.0281,0.121
/kaggle/input/datasets/duc24kdl/sub-x-ray/sub_X-Ray/sub_NIH/00000627_033.png,,sub_NIH,00000627_033.png,ok,512x512 -> 1024x1024,2,1,345.07,39.824,6.771377,2.602187,0.9858,0.9983,0.0747,7.3002,40.0867,6.374015,2.524681,0.9877,0.9986,0.0954,0.0954,0.0954,7.296,105.4522,56.6336,105.4522,56.6336,0.4637,40.0867,0.9877,6.374015,2.524681,0.2626,0.0003,-0.0207,0.0042
/kaggle/input/datasets/duc24kdl/sub-x-ray/sub_X-Ray/sub_NIH/00000627_035.png,,sub_NIH,00000627_035.png,ok,512x512 -> 1024x1024,2,1,343.86,38.8939,8.38858,2.896305,0.9864,0.9984,0.0756,7.1462,39.1466,7.914534,2.813278,0.9882,0.9986,0.1013,0.1013,0.1013,7.3257,116.4714,47.9956,116.4714,47.9956,0.4678,39.1466,0.9882,7.914534,2.813278,0.2526,0.0002,-0.0256,-0.1795
/kaggle/input/datasets/duc24kdl/sub-x-ray/sub_X-Ray/sub_NIH/00000627_036.png,,sub_NIH,00000627_036.png,ok,512x512 -> 1024x1024,2,1,344.23,39.6247,7.089334,2.66258,0.9844,0.9982,0.0803,7.8273,39.8949,6.661765,2.581039,0.9862,0.9985,0.1048,0.1048,0.1048,7.5025,107.0013,58.6614,107.0013,58.6614,0.4693,39.8949,0.9862,6.661765,2.581039,0.2702,0.0002,-0.0244,0.3248
/kaggle/input/datasets/duc24kdl/sub-x-ray/sub_X-Ray/sub_NIH/00000629_000.png,,sub_NIH,00000629_000.png,ok,512x512 -> 1024x1024,2,1,329.06,39.3094,7.623329,2.761038,0.9891,0.9988,0.0554,6.3381,39.6623,7.028282,2.651091,0.9904,0.999,0.0654,0.0654,0.0654,6.423,92.114,88.7413,92.114,88.7413,0.5686,39.6623,0.9904,7.028282,2.651091,0.353,0.0002,-0.01,-0.0849
/kaggle/input/datasets/duc24kdl/sub-x-ray/sub_X-Ray/sub_NIH/00000631_005.png,,sub_NIH,00000631_005.png,ok,512x512 -> 1024x1024,2,1,343.54,35.4116,18.703405,4.324743,0.9773,0.9976,0.1003,6.5988,35.7235,17.407289,4.172204,0.9792,0.9979,0.1218,0.1218,0.1218,6.6285,113.1063,55.8785,113.1063,55.8785,0.5164,35.7235,0.9792,17.407289,4.172204,0.3119,0.0003,-0.0215,-0.0297
/kaggle/input/datasets/duc24kdl/sub-x-ray/sub_X-Ray/sub_NIH/00000632_002.png,,sub_NIH,00000632_002.png,ok,512x512 -> 1024x1024,2,1,346.26,46.07,1.607226,1.267764,0.9854,0.9982,0.0609,7.1101,46.6838,1.395408,1.181274,0.9876,0.9985,0.0772,0.0772,0.0772,6.9951,168.1495,44.0464,168.1495,44.0464,0.5143,46.6838,0.9876,1.395408,1.181274,0.6138,0.0003,-0.0163,0.115
/kaggle/input/datasets/duc24kdl/sub-x-ray/sub_X-Ray/sub_NIH/00000632_008.png,,sub_NIH,00000632_008.png,ok,512x512 -> 1024x1024,2,1,338.49,35.7007,17.498804,4.183157,0.9841,0.9982,0.0808,6.3656,36.087,16.009508,4.001188,0.9859,0.9984,0.1016,0.1016,0.1016,6.3969,95.4617,61.0442,95.4617,61.0442,0.555,36.087,0.9859,16.009508,4.001188,0.3863,0.0002,-0.0208,-0.0313
/kaggle/input/datasets/duc24kdl/sub-x-ray/sub_X-Ray/sub_NIH/00000632_009.png,,sub_NIH,00000632_009.png,ok,512x512 -> 1024x1024,2,1,348.33,34.6909,22.079456,4.698878,0.9845,0.998,0.0806,6.546,35.0068,20.530371,4.531045,0.9863,0.9983,0.1036,0.1036,0.1036,6.6486,118.2882,53.854,118.2882,53.854,0.5174,35.0068,0.9863,20.530371,4.531045,0.3159,0.0003,-0.0231,-0.1027
/kaggle/input/datasets/duc24kdl/sub-x-ray/sub_X-Ray/sub_NIH/00000632_011.png,,sub_NIH,00000632_011.png,ok,512x512 -> 1024x1024,2,1,344.8,41.5309,4.570819,2.137947,0.9578,0.9962,0.1457,6.5386,41.7674,4.328526,2.080511,0.9601,0.9966,0.1651,0.1651,0.1651,6.5172,128.5329,67.1018,128.5329,67.1018,0.3561,41.7674,0.9601,4.328526,2.080511,0.2365,0.0003,-0.0195,0.0213
/kaggle/input/datasets/duc24kdl/sub-x-ray/sub_X-Ray/sub_NIH/00000634_006.png,,sub_NIH,00000634_006.png,ok,512x512 -> 1024x1024,2,1,346.69,41.1454,4.995007,2.234951,0.9682,0.997,0.1311,6.8101,41.3991,4.711574,2.170616,0.9703,0.9973,0.1518,0.1518,0.1518,6.6894,153.7961,65.3253,153.7961,65.3253,0.3719,41.3991,0.9703,4.711574,2.170616,0.2537,0.0003,-0.0207,0.1207
/kaggle/input/datasets/duc24kdl/sub-x-ray/sub_X-Ray/sub_NIH/00000635_001.png,,sub_NIH,00000635_001.png,ok,512x512 -> 1024x1024,2,1,344.02,41.7827,4.313276,2.076843,0.9618,0.9965,0.1414,6.8032,42.1015,4.008017,2.002003,0.9639,0.9968,0.1621,0.1621,0.1621,6.7353,122.9027,64.4842,122.9027,64.4842,0.4161,42.1015,0.9639,4.008017,2.002003,0.3188,0.0003,-0.0207,0.0679
/kaggle/input/datasets/duc24kdl/sub-x-ray/sub_X-Ray/sub_NIH/00000643_002.png,,sub_NIH,00000643_002.png,ok,512x512 -> 1024x1024,2,1,349.72,39.6456,7.055331,2.656187,0.959,0.9963,0.1499,6.7908,39.8705,6.699334,2.588307,0.9611,0.9966,0.1693,0.1693,0.1693,6.7489,141.7398,60.5317,141.7398,60.5317,0.4199,39.8705,0.9611,6.699334,2.588307,0.2249,0.0003,-0.0194,0.0419
/kaggle/input/datasets/duc24kdl/sub-x-ray/sub_X-Ray/sub_NIH/00000643_003.png,,sub_NIH,00000643_003.png,ok,512x512 -> 1024x1024,2,1,344.85,41.5217,4.580429,2.140194,0.9627,0.9967,0.1342,6.5694,41.804,4.292199,2.071762,0.9647,0.9969,0.1499,0.1499,0.1499,6.4731,120.4357,76.6358,120.4357,76.6358,0.3927,41.804,0.9647,4.292199,2.071762,0.2823,0.0003,-0.0156,0.0963
/kaggle/input/datasets/duc24kdl/sub-x-ray/sub_X-Ray/sub_NIH/00000643_008.png,,sub_NIH,00000643_008.png,ok,512x512 -> 1024x1024,2,1,349.98,39.1293,7.945974,2.81886,0.9574,0.9962,0.1424,6.194,39.3999,7.466062,2.73241,0.9596,0.9965,0.1591,0.1591,0.1591,6.2856,120.5926,73.0293,120.5926,73.0293,0.4609,39.3999,0.9596,7.466062,2.73241,0.2706,0.0003,-0.0168,-0.0917
/kaggle/input/datasets/duc24kdl/sub-x-ray/sub_X-Ray/sub_NIH/00000645_001.png,,sub_NIH,00000645_001.png,ok,512x512 -> 1024x1024,2,1,344.17,41.1405,5.000735,2.236232,0.9588,0.9963,0.1503,6.721,41.4048,4.705471,2.16921,0.961,0.9966,0.1701,0.1701,0.1701,6.6626,129.5112,67.8657,129.5112,67.8657,0.4119,41.4048,0.961,4.705471,2.16921,0.2643,0.0003,-0.0199,0.0584
/kaggle/input/datasets/duc24kdl/sub-x-ray/sub_X-Ray/sub_NIH/00000646_001.png,,sub_NIH,00000646_001.png,ok,512x512 -> 1024x1024,2,1,348.03,39.671,7.014286,2.64845,0.9755,0.9974,0.1014,6.7595,39.6758,7.006451,2.64697,0.9776,0.9977,0.1211,0.1211,0.1211,6.869,129.4411,55.2524,129.4411,55.2524,0.6125,39.6758,0.9776,7.006451,2.64697,0.0049,0.0003,-0.0197,-0.1096
/kaggle/input/datasets/duc24kdl/sub-x-ray/sub_X-Ray/sub_NIH/00000646_004.png,,sub_NIH,00000646_004.png,ok,512x512 -> 1024x1024,2,1,343.17,38.4879,9.210653,3.034906,0.9857,0.9983,0.0548,6.6491,38.7265,8.718223,2.952664,0.9876,0.9986,0.0683,0.0683,0.0683,6.7858,153.5805,64.3492,153.5805,64.3492,0.4898,38.7265,0.9876,8.718223,2.952664,0.2386,0.0003,-0.0135,-0.1367
/kaggle/input/datasets/duc24kdl/sub-x-ray/sub_X-Ray/sub_NIH/00000646_006.png,,sub_NIH,00000646_006.png,ok,512x512 -> 1024x1024,2,1,346.3,42.6128,3.562897,1.887564,0.9712,0.9973,0.1111,6.6008,42.9174,3.32156,1.822515,0.9731,0.9975,0.1314,0.1314,0.1314,6.5159,110.5072,64.9472,110.5072,64.9472,0.4089,42.9174,0.9731,3.32156,1.822515,0.3046,0.0003,-0.0203,0.0849
/kaggle/input/datasets/duc24kdl/sub-x-ray/sub_X-Ray/sub_NIH/00000646_007.png,,sub_NIH,00000646_007.png,ok,512x512 -> 1024x1024,2,1,341.97,36.6763,13.978327,3.73876,0.9781,0.9977,0.0773,6.438,36.9092,13.248161,3.639802,0.9803,0.998,0.0904,0.0904,0.0904,6.483,133.2515,70.0875,133.2515,70.0875,0.5785,36.9092,0.9803,13.248161,3.639802,0.233,0.0003,-0.0131,-0.045
/kaggle/input/datasets/duc24kdl/sub-x-ray/sub_X-Ray/sub_NIH/00000648_001.png,,sub_NIH,00000648_001.png,ok,512x512 -> 1024x1024,2,1,343.12,41.9008,4.197627,2.048811,0.9636,0.9968,0.1335,6.4893,42.1389,3.973693,1.993412,0.9657,0.9971,0.1514,0.1514,0.1514,6.3901,110.5035,69.2288,110.5035,69.2288,0.3549,42.1389,0.9657,3.973693,1.993412,0.2381,0.0003,-0.0179,0.0992
/kaggle/input/datasets/duc24kdl/sub-x-ray/sub_X-Ray/sub_NIH/00000651_000.png,,sub_NIH,00000651_000.png,ok,512x512 -> 1024x1024,2,1,346.08,38.0913,10.09126,3.176674,0.975,0.9976,0.1001,6.5287,38.6954,8.780881,2.963255,0.9774,0.9979,0.1197,0.1197,0.1197,6.5271,126.8705,56.8983,126.8705,56.8983,0.5309,38.6954,0.9774,8.780881,2.963255,0.6041,0.0003,-0.0196,0.0016
/kaggle/input/datasets/duc24kdl/sub-x-ray/sub_X-Ray/sub_NIH/00000652_001.png,,sub_NIH,00000652_001.png,ok,512x512 -> 1024x1024,2,1,343.91,37.5479,11.436514,3.381792,0.979,0.9978,0.0823,6.8404,37.7877,10.822019,3.289684,0.9809,0.9981,0.1,0.1,0.1,6.7195,158.7283,67.3576,158.7283,67.3576,0.4833,37.7877,0.9809,10.822019,3.289684,0.2399,0.0002,-0.0178,0.1209
/kaggle/input/datasets/duc24kdl/sub-x-ray/sub_X-Ray/sub_NIH/00000652_012.png,,sub_NIH,00000652_012.png,ok,512x512 -> 1024x1024,2,1,344.16,41.8523,4.244779,2.060286,0.9669,0.997,0.1247,6.2457,42.165,3.949888,1.987433,0.9689,0.9973,0.1426,0.1426,0.1426,6.2268,112.7062,68.3985,112.7062,68.3985,0.4303,42.165,0.9689,3.949888,1.987433,0.3127,0.0003,-0.0178,0.0189
/kaggle/input/datasets/duc24kdl/sub-x-ray/sub_X-Ray/sub_NIH/00000652_017.png,,sub_NIH,00000652_017.png,ok,512x512 -> 1024x1024,2,1,340.89,34.9882,20.618873,4.540801,0.9851,0.9982,0.0626,6.8823,35.282,19.270114,4.389774,0.9869,0.9984,0.0816,0.0816,0.0816,6.9585,152.6194,50.2938,152.6194,50.2938,0.5363,35.282,0.9869,19.270114,4.389774,0.2938,0.0003,-0.019,-0.0762
/kaggle/input/datasets/duc24kdl/sub-x-ray/sub_X-Ray/sub_NIH/00000652_018.png,,sub_NIH,00000652_018.png,ok,512x512 -> 1024x1024,2,1,338.29,34.6447,22.315857,4.723966,0.9853,0.9982,0.0651,6.2641,34.9317,20.888532,4.570397,0.9869,0.9984,0.0806,0.0806,0.0806,6.2952,129.6075,73.5422,129.6075,73.5422,0.5482,34.9317,0.9869,20.888532,4.570397,0.2871,0.0002,-0.0155,-0.0311
/kaggle/input/datasets/duc24kdl/sub-x-ray/sub_X-Ray/sub_NIH/00000652_024.png,,sub_NIH,00000652_024.png,ok,512x512 -> 1024x1024,2,1,342.86,39.9636,6.557276,2.560718,0.9838,0.9981,0.0573,6.5637,39.7653,6.863598,2.619847,0.9856,0.9983,0.0702,0.0702,0.0702,6.5305,151.7006,65.5522,151.7006,65.5522,0.5878,39.7653,0.9856,6.863598,2.619847,-0.1983,0.0003,-0.0129,0.0333
/kaggle/input/datasets/duc24kdl/sub-x-ray/sub_X-Ray/sub_NIH/00000655_003.png,,sub_NIH,00000655_003.png,ok,512x512 -> 1024x1024,2,1,346.99,37.3222,12.046579,3.470818,0.9797,0.9978,0.0951,7.3909,37.6305,11.220966,3.349771,0.9816,0.998,0.1204,0.1204,0.1204,7.3321,113.1477,58.7392,113.1477,58.7392,0.4912,37.6305,0.9816,11.220966,3.349771,0.3083,0.0002,-0.0253,0.0588
/kaggle/input/datasets/duc24kdl/sub-x-ray/sub_X-Ray/sub_NIH/00000658_000.png,,sub_NIH,00000658_000.png,ok,512x512 -> 1024x1024,2,1,343.98,43.4077,2.966981,1.722493,0.978,0.9977,0.0927,7.245,43.9072,2.644605,1.626224,0.98,0.9979,0.1215,0.1215,0.1215,7.0198,105.8054,35.6778,105.8054,35.6778,0.4973,43.9072,0.98,2.644605,1.626224,0.4995,0.0003,-0.0288,0.2252
/kaggle/input/datasets/duc24kdl/sub-x-ray/sub_X-Ray/sub_NIH/00000659_000.png,,sub_NIH,00000659_000.png,ok,512x512 -> 1024x1024,2,1,344.35,45.9977,1.63422,1.278366,0.9867,0.9983,0.0568,7.6456,46.6475,1.407102,1.186213,0.9887,0.9986,0.074,0.074,0.074,7.2493,172.7049,37.8769,172.7049,37.8769,0.416,46.6475,0.9887,1.407102,1.186213,0.6498,0.0003,-0.0171,0.3963
/kaggle/input/datasets/duc24kdl/sub-x-ray/sub_X-Ray/sub_NIH/00000662_005.png,,sub_NIH,00000662_005.png,ok,512x512 -> 1024x1024,2,1,344.89,41.8868,4.211174,2.052114,0.9603,0.9964,0.1473,6.7611,42.1488,3.964634,1.991139,0.9624,0.9967,0.169,0.169,0.169,6.6784,131.1929,66.3058,131.1929,66.3058,0.3703,42.1488,0.9624,3.964634,1.991139,0.262,0.0003,-0.0216,0.0827
/kaggle/input/datasets/duc24kdl/sub-x-ray/sub_X-Ray/sub_NIH/00000669_000.png,,sub_NIH,00000669_000.png,ok,512x512 -> 1024x1024,2,1,345.21,39.2811,7.673093,2.770035,0.9847,0.9983,0.0576,6.7268,39.539,7.23077,2.689009,0.9867,0.9985,0.0707,0.0707,0.0707,6.7129,163.0004,54.6357,163.0004,54.6357,0.4681,39.539,0.9867,7.23077,2.689009,0.2579,0.0003,-0.0132,0.014
/kaggle/input/datasets/duc24kdl/sub-x-ray/sub_X-Ray/sub_NIH/00000679_000.png,,sub_NIH,00000679_000.png,ok,512x512 -> 1024x1024,2,1,342.14,41.9041,4.194402,2.048024,0.9607,0.9966,0.1524,6.7086,42.1481,3.965269,1.991298,0.9627,0.9968,0.1717,0.1717,0.1717,6.6917,126.2122,67.4114,126.2122,67.4114,0.3949,42.1481,0.9627,3.965269,1.991298,0.244,0.0003,-0.0194,0.0169
/kaggle/input/datasets/duc24kdl/sub-x-ray/sub_X-Ray/sub_NIH/00000683_004.png,,sub_NIH,00000683_004.png,ok,512x512 -> 1024x1024,2,1,341.59,36.2974,15.25265,3.905464,0.9841,0.9982,0.0564,6.6757,36.5449,14.40764,3.79574,0.9859,0.9984,0.0677,0.0677,0.0677,6.5688,171.2079,67.0257,171.2079,67.0257,0.586,36.5449,0.9859,14.40764,3.79574,0.2475,0.0003,-0.0114,0.1069
/kaggle/input/datasets/duc24kdl/sub-x-ray/sub_X-Ray/sub_NIH/00000686_000.png,,sub_NIH,00000686_000.png,ok,512x512 -> 1024x1024,2,1,346.42,42.2124,3.907017,1.976617,0.9649,0.9968,0.1206,6.1403,42.4486,3.70019,1.923588,0.967,0.9971,0.1378,0.1378,0.1378,6.1523,111.9351,68.731,111.9351,68.731,0.3708,42.4486,0.967,3.70019,1.923588,0.2362,0.0003,-0.0172,-0.012
/kaggle/input/datasets/duc24kdl/sub-x-ray/sub_X-Ray/sub_NIH/00000688_000.png,,sub_NIH,00000688_000.png,ok,512x512 -> 1024x1024,2,1,344.85,46.7417,1.37693,1.173427,0.9857,0.9983,0.0655,7.3951,47.3284,1.202934,1.096783,0.9875,0.9985,0.0837,0.0837,0.0837,7.1049,158.8579,53.98,158.8579,53.98,0.4399,47.3284,0.9875,1.202934,1.096783,0.5867,0.0002,-0.0182,0.2903
/kaggle/input/datasets/duc24kdl/sub-x-ray/sub_X-Ray/sub_NIH/00000688_001.png,,sub_NIH,00000688_001.png,ok,512x512 -> 1024x1024,2,1,336.96,42.8158,3.40013,1.843944,0.9698,0.9972,0.1196,7.1249,43.0381,3.23052,1.797365,0.9715,0.9974,0.1412,0.1412,0.1412,6.8068,130.5866,78.079,130.5866,78.079,0.3313,43.0381,0.9715,3.23052,1.797365,0.2222,0.0002,-0.0216,0.3181
/kaggle/input/datasets/duc24kdl/sub-x-ray/sub_X-Ray/sub_NIH/00000688_002.png,,sub_NIH,00000688_002.png,ok,512x512 -> 1024x1024,2,1,337.79,41.575,4.524608,2.127113,0.9598,0.9964,0.1604,7.2416,41.8812,4.216612,2.053439,0.9617,0.9966,0.1842,0.1842,0.1842,7.2078,140.1314,74.505,140.1314,74.505,0.3549,41.8812,0.9617,4.216612,2.053439,0.3062,0.0002,-0.0238,0.0338
/kaggle/input/datasets/duc24kdl/sub-x-ray/sub_X-Ray/sub_NIH/00000694_002.png,,sub_NIH,00000694_002.png,ok,512x512 -> 1024x1024,2,1,346.6,41.8029,4.293243,2.072014,0.9649,0.9969,0.1295,6.7009,42.0461,4.059459,2.01481,0.967,0.9972,0.1483,0.1483,0.1483,6.8089,121.3298,67.3298,121.3298,67.3298,0.3484,42.0461,0.967,4.059459,2.01481,0.2432,0.0003,-0.0188,-0.108
/kaggle/input/datasets/duc24kdl/sub-x-ray/sub_X-Ray/sub_NIH/00000696_000.png,,sub_NIH,00000696_000.png,ok,512x512 -> 1024x1024,2,1,342.15,37.3781,11.892481,3.448548,0.9831,0.9983,0.0704,6.8481,37.8659,10.628947,3.260207,0.9849,0.9986,0.0853,0.0853,0.0853,6.8726,145.0896,70.3019,145.0896,70.3019,0.4813,37.8659,0.9849,10.628947,3.260207,0.4878,0.0002,-0.0149,-0.0245
/kaggle/input/datasets/duc24kdl/sub-x-ray/sub_X-Ray/sub_NIH/00000698_000.png,,sub_NIH,00000698_000.png,ok,512x512 -> 1024x1024,2,1,342.66,37.6524,11.164599,3.341347,0.9832,0.9981,0.0688,7.2741,37.8926,10.563824,3.250204,0.9851,0.9984,0.0857,0.0857,0.0857,7.1081,161.8421,61.9417,161.8421,61.9417,0.479,37.8926,0.9851,10.563824,3.250204,0.2402,0.0002,-0.0169,0.166
/kaggle/input/datasets/duc24kdl/sub-x-ray/sub_X-Ray/sub_NIH/00000699_001.png,,sub_NIH,00000699_001.png,ok,512x512 -> 1024x1024,2,1,346.2,41.2924,4.828826,2.197459,0.9638,0.9967,0.1353,6.5339,41.5432,4.55785,2.134912,0.9659,0.997,0.1568,0.1568,0.1568,6.6912,131.3317,56.8161,131.3317,56.8161,0.3824,41.5432,0.9659,4.55785,2.134912,0.2508,0.0003,-0.0215,-0.1573
/kaggle/input/datasets/duc24kdl/sub-x-ray/sub_X-Ray/sub_NIH/00000702_003.png,,sub_NIH,00000702_003.png,ok,512x512 -> 1024x1024,2,1,343.96,41.3606,4.753607,2.180277,0.9594,0.9964,0.1559,6.7504,41.5835,4.515742,2.125028,0.9615,0.9967,0.1747,0.1747,0.1747,6.6143,123.3119,70.0082,123.3119,70.0082,0.3518,41.5835,0.9615,4.515742,2.125028,0.2229,0.0003,-0.0188,0.1361
/kaggle/input/datasets/duc24kdl/sub-x-ray/sub_X-Ray/sub_NIH/00000705_001.png,,sub_NIH,00000705_001.png,ok,512x512 -> 1024x1024,2,1,343.38,35.6066,17.882244,4.22874,0.9728,0.9972,0.1128,6.6147,35.7409,17.337735,4.163861,0.9748,0.9975,0.1313,0.1313,0.1313,6.7224,143.7349,66.2973,143.7349,66.2973,0.5724,35.7409,0.9748,17.337735,4.163861,0.1343,0.0003,-0.0185,-0.1077
/kaggle/input/datasets/duc24kdl/sub-x-ray/sub_X-Ray/sub_NIH/00000705_002.png,,sub_NIH,00000705_002.png,ok,512x512 -> 1024x1024,2,1,344.6,45.7303,1.738008,1.318335,0.9815,0.9979,0.0754,7.2814,46.2038,1.558484,1.248393,0.9835,0.9982,0.1003,0.1003,0.1003,6.5463,107.3532,36.1539,107.3532,36.1539,0.4146,46.2038,0.9835,1.558484,1.248393,0.4735,0.0003,-0.0249,0.7352
/kaggle/input/datasets/duc24kdl/sub-x-ray/sub_X-Ray/sub_NIH/00000709_006.png,,sub_NIH,00000709_006.png,ok,512x512 -> 1024x1024,2,1,344.41,43.0132,3.249111,1.802529,0.9622,0.9966,0.1415,6.872,43.2745,3.059356,1.749101,0.9642,0.9968,0.1595,0.1595,0.1595,6.6577,122.2662,78.981,122.2662,78.981,0.3579,43.2745,0.9642,3.059356,1.749101,0.2613,0.0003,-0.018,0.2143
/kaggle/input/datasets/duc24kdl/sub-x-ray/sub_X-Ray/sub_NIH/00000711_003.png,,sub_NIH,00000711_003.png,ok,512x512 -> 1024x1024,2,1,341.17,35.1932,19.668043,4.434867,0.9731,0.9972,0.1147,6.5535,35.562,18.066738,4.250499,0.9753,0.9975,0.1331,0.1331,0.1331,6.5939,117.4014,66.557,117.4014,66.557,0.6456,35.562,0.9753,18.066738,4.250499,0.3688,0.0003,-0.0184,-0.0404
/kaggle/input/datasets/duc24kdl/sub-x-ray/sub_X-Ray/sub_NIH/00000711_007.png,,sub_NIH,00000711_007.png,ok,512x512 -> 1024x1024,2,1,342.7,38.1218,10.020785,3.165562,0.9881,0.9985,0.0468,6.7013,38.3525,9.502385,3.082594,0.9898,0.9987,0.0586,0.0586,0.0586,6.7854,170.5649,48.2737,170.5649,48.2737,0.4854,38.3525,0.9898,9.502385,3.082594,0.2307,0.0003,-0.0118,-0.0841
/kaggle/input/datasets/duc24kdl/sub-x-ray/sub_X-Ray/sub_NIH/00000711_010.png,,sub_NIH,00000711_010.png,ok,512x512 -> 1024x1024,2,1,341.84,38.3591,9.487877,3.08024,0.9873,0.9985,0.0562,7.8937,38.6013,8.97325,2.995538,0.989,0.9987,0.0737,0.0737,0.0737,7.3112,141.8818,68.487,141.8818,68.487,0.483,38.6013,0.989,8.97325,2.995538,0.2422,0.0002,-0.0175,0.5826
/kaggle/input/datasets/duc24kdl/sub-x-ray/sub_X-Ray/sub_NIH/00000712_000.png,,sub_NIH,00000712_000.png,ok,512x512 -> 1024x1024,2,1,340.7,41.9176,4.181434,2.044856,0.9596,0.9964,0.1446,6.6336,42.2645,3.860374,1.964783,0.9618,0.9967,0.1651,0.1651,0.1651,6.5856,123.4993,66.5846,123.4993,66.5846,0.4263,42.2645,0.9618,3.860374,1.964783,0.347,0.0003,-0.0205,0.0479
/kaggle/input/datasets/duc24kdl/sub-x-ray/sub_X-Ray/sub_NIH/00000714_000.png,,sub_NIH,00000714_000.png,ok,512x512 -> 1024x1024,2,1,339.2,45.5236,1.822722,1.350082,0.9843,0.9982,0.0622,6.8167,45.7849,1.716296,1.310075,0.9864,0.9985,0.0785,0.0785,0.0785,6.8812,159.197,49.4202,159.197,49.4202,0.4597,45.7849,0.9864,1.716296,1.310075,0.2613,0.0003,-0.0163,-0.0644
/kaggle/input/datasets/duc24kdl/sub-x-ray/sub_X-Ray/sub_NIH/00000714_001.png,,sub_NIH,00000714_001.png,ok,512x512 -> 1024x1024,2,1,339.17,38.1643,9.923256,3.15012,0.9803,0.998,0.0719,6.7522,38.4366,9.320048,3.052875,0.9824,0.9983,0.088,0.088,0.088,6.6807,160.89,62.0197,160.89,62.0197,0.477,38.4366,0.9824,9.320048,3.052875,0.2724,0.0003,-0.0162,0.0715
/kaggle/input/datasets/duc24kdl/sub-x-ray/sub_X-Ray/sub_NIH/00000720_001.png,,sub_NIH,00000720_001.png,ok,512x512 -> 1024x1024,2,1,334.04,41.7289,4.367048,2.089748,0.9617,0.9966,0.1419,6.6107,41.8873,4.210685,2.051995,0.9636,0.9969,0.1607,0.1607,0.1607,6.5737,118.9007,71.0178,118.9007,71.0178,0.3713,41.8873,0.9636,4.210685,2.051995,0.1584,0.0003,-0.0188,0.0371
/kaggle/input/datasets/duc24kdl/sub-x-ray/sub_X-Ray/sub_NIH/00000720_004.png,,sub_NIH,00000720_004.png,ok,512x512 -> 1024x1024,2,1,340.23,35.146,19.882711,4.459003,0.9748,0.9974,0.1149,7.0523,35.4492,18.541988,4.306041,0.9766,0.9976,0.1371,0.1371,0.1371,7.047,129.5788,60.8868,129.5788,60.8868,0.6181,35.4492,0.9766,18.541988,4.306041,0.3032,0.0002,-0.0222,0.0053
/kaggle/input/datasets/duc24kdl/sub-x-ray/sub_X-Ray/sub_NIH/00000721_000.png,,sub_NIH,00000721_000.png,ok,512x512 -> 1024x1024,2,1,341.0,44.0842,2.538978,1.593417,0.9832,0.9981,0.0709,6.9372,44.0678,2.54857,1.596424,0.9853,0.9984,0.0876,0.0876,0.0876,6.8354,163.0829,52.31,163.0829,52.31,0.482,44.0678,0.9853,2.54857,1.596424,-0.0164,0.0003,-0.0167,0.1018
/kaggle/input/datasets/duc24kdl/sub-x-ray/sub_X-Ray/sub_NIH/00000721_001.png,,sub_NIH,00000721_001.png,ok,512x512 -> 1024x1024,2,1,339.24,35.4335,18.609315,4.313851,0.9798,0.998,0.0836,6.5998,35.7846,17.164166,4.142966,0.982,0.9983,0.0991,0.0991,0.0991,6.6227,161.1859,59.2752,161.1859,59.2752,0.4761,35.7846,0.982,17.164166,4.142966,0.3511,0.0003,-0.0155,-0.023
/kaggle/input/datasets/duc24kdl/sub-x-ray/sub_X-Ray/sub_NIH/00000725_000.png,,sub_NIH,00000725_000.png,ok,512x512 -> 1024x1024,2,1,340.72,37.1906,12.417245,3.523811,0.9829,0.9983,0.0653,6.7184,37.5985,11.303908,3.362129,0.985,0.9985,0.0773,0.0773,0.0773,6.5637,170.7521,59.4181,170.7521,59.4181,0.5157,37.5985,0.985,11.303908,3.362129,0.408,0.0003,-0.012,0.1546
/kaggle/input/datasets/duc24kdl/sub-x-ray/sub_X-Ray/sub_NIH/00000727_000.png,,sub_NIH,00000727_000.png,ok,512x512 -> 1024x1024,2,1,340.98,43.9441,2.622235,1.619332,0.9814,0.998,0.0752,6.7072,43.9546,2.615906,1.617376,0.9835,0.9983,0.0933,0.0933,0.0933,6.6701,156.6087,54.4402,156.6087,54.4402,0.4633,43.9546,0.9835,2.615906,1.617376,0.0105,0.0003,-0.0181,0.0371
/kaggle/input/datasets/duc24kdl/sub-x-ray/sub_X-Ray/sub_NIH/00000727_003.png,,sub_NIH,00000727_003.png,ok,512x512 -> 1024x1024,2,1,336.12,41.1877,4.946678,2.224113,0.9645,0.9968,0.1288,6.2241,41.5524,4.548223,2.132656,0.9665,0.9971,0.146,0.146,0.146,6.3637,102.8401,69.6038,102.8401,69.6038,0.4643,41.5524,0.9665,4.548223,2.132656,0.3647,0.0003,-0.0173,-0.1396
/kaggle/input/datasets/duc24kdl/sub-x-ray/sub_X-Ray/sub_NIH/00000727_009.png,,sub_NIH,00000727_009.png,ok,512x512 -> 1024x1024,2,1,337.23,43.486,2.913944,1.707028,0.9756,0.9977,0.0955,6.4251,43.804,2.708174,1.645653,0.9774,0.9979,0.1119,0.1119,0.1119,6.4404,106.439,70.0386,106.439,70.0386,0.4045,43.804,0.9774,2.708174,1.645653,0.318,0.0003,-0.0164,-0.0153
/kaggle/input/datasets/duc24kdl/sub-x-ray/sub_X-Ray/sub_NIH/00000732_006.png,,sub_NIH,00000732_006.png,ok,512x512 -> 1024x1024,2,1,341.1,41.8182,4.278236,2.06839,0.9607,0.9964,0.1373,6.2568,42.093,4.015859,2.003961,0.963,0.9967,0.1545,0.1545,0.1545,6.3214,109.9454,69.2142,109.9454,69.2142,0.401,42.093,0.963,4.015859,2.003961,0.2749,0.0003,-0.0172,-0.0646
/kaggle/input/datasets/duc24kdl/sub-x-ray/sub_X-Ray/sub_NIH/00000733_000.png,,sub_NIH,00000733_000.png,ok,512x512 -> 1024x1024,2,1,338.11,46.9881,1.300994,1.140611,0.9844,0.9982,0.0614,6.913,47.6073,1.128095,1.062118,0.9865,0.9985,0.077,0.077,0.077,6.6904,171.7297,45.807,171.7297,45.807,0.4621,47.6073,0.9865,1.128095,1.062118,0.6193,0.0003,-0.0156,0.2226
/kaggle/input/datasets/duc24kdl/sub-x-ray/sub_X-Ray/sub_NIH/00000733_003.png,,sub_NIH,00000733_003.png,ok,512x512 -> 1024x1024,2,1,337.49,40.7774,5.436763,2.331687,0.9593,0.9964,0.1471,6.4062,41.0254,5.135019,2.266058,0.9617,0.9967,0.1656,0.1656,0.1656,6.3767,120.274,71.4985,120.274,71.4985,0.3709,41.0254,0.9617,5.135019,2.266058,0.248,0.0003,-0.0185,0.0295
/kaggle/input/datasets/duc24kdl/sub-x-ray/sub_X-Ray/sub_NIH/00000739_000.png,,sub_NIH,00000739_000.png,ok,512x512 -> 1024x1024,2,1,339.95,41.4295,4.67878,2.163049,0.9659,0.9969,0.1221,6.5114,41.645,4.452276,2.110042,0.9681,0.9972,0.1392,0.1392,0.1392,6.5754,106.1621,59.6147,106.1621,59.6147,0.3313,41.645,0.9681,4.452276,2.110042,0.2155,0.0003,-0.017,-0.064
/kaggle/input/datasets/duc24kdl/sub-x-ray/sub_X-Ray/sub_NIH/00000740_001.png,,sub_NIH,00000740_001.png,ok,512x512 -> 1024x1024,2,1,339.58,39.2671,7.697905,2.77451,0.9852,0.9982,0.0709,7.1662,39.5875,7.150478,2.674038,0.9871,0.9985,0.0916,0.0916,0.0916,6.942,130.2491,45.8528,130.2491,45.8528,0.4845,39.5875,0.9871,7.150478,2.674038,0.3204,0.0003,-0.0207,0.2242
/kaggle/input/datasets/duc24kdl/sub-x-ray/sub_X-Ray/sub_NIH/00000741_000.png,,sub_NIH,00000741_000.png,ok,512x512 -> 1024x1024,2,1,338.47,41.3343,4.782433,2.186877,0.9584,0.9962,0.1558,6.794,41.56,4.540276,2.130792,0.9605,0.9965,0.1755,0.1755,0.1755,6.7144,127.119,68.7164,127.119,68.7164,0.3674,41.56,0.9605,4.540276,2.130792,0.2257,0.0003,-0.0197,0.0797
/kaggle/input/datasets/duc24kdl/sub-x-ray/sub_X-Ray/sub_NIH/00000741_004.png,,sub_NIH,00000741_004.png,ok,512x512 -> 1024x1024,2,1,340.46,42.1693,3.945931,1.986437,0.964,0.9967,0.1404,6.694,42.4467,3.70174,1.923991,0.9661,0.997,0.1609,0.1609,0.1609,6.6505,121.9122,66.4111,121.9122,66.4111,0.3871,42.4467,0.9661,3.70174,1.923991,0.2774,0.0003,-0.0205,0.0435
/kaggle/input/datasets/duc24kdl/sub-x-ray/sub_X-Ray/sub_NIH/00000742_002.png,,sub_NIH,00000742_002.png,ok,512x512 -> 1024x1024,2,1,337.76,47.044,1.284351,1.133292,0.9851,0.9982,0.0619,6.8807,47.6938,1.105855,1.051597,0.9873,0.9985,0.0785,0.0785,0.0785,6.9106,165.9925,42.5681,165.9925,42.5681,0.468,47.6938,0.9873,1.105855,1.051597,0.6499,0.0003,-0.0166,-0.0299
/kaggle/input/datasets/duc24kdl/sub-x-ray/sub_X-Ray/sub_NIH/00000744_005.png,,sub_NIH,00000744_005.png,ok,512x512 -> 1024x1024,2,1,340.56,41.2028,4.929451,2.220237,0.9589,0.9964,0.1468,6.7105,41.4901,4.613934,2.148007,0.9611,0.9967,0.1663,0.1663,0.1663,6.5892,124.6599,64.2989,124.6599,64.2989,0.404,41.4901,0.9611,4.613934,2.148007,0.2873,0.0003,-0.0195,0.1214
/kaggle/input/datasets/duc24kdl/sub-x-ray/sub_X-Ray/sub_NIH/00000744_011.png,,sub_NIH,00000744_011.png,ok,512x512 -> 1024x1024,2,1,339.72,41.6888,4.40755,2.099416,0.9603,0.9965,0.142,6.485,42.0127,4.090815,2.022576,0.9625,0.9968,0.1611,0.1611,0.1611,6.5268,118.0022,66.3304,118.0022,66.3304,0.4064,42.0127,0.9625,4.090815,2.022576,0.3239,0.0003,-0.019,-0.0418
/kaggle/input/datasets/duc24kdl/sub-x-ray/sub_X-Ray/sub_NIH/00000746_000.png,,sub_NIH,00000746_000.png,ok,512x512 -> 1024x1024,2,1,339.04,43.7543,2.739375,1.655106,0.9659,0.9969,0.1341,7.2331,44.0277,2.572239,1.60382,0.9679,0.9972,0.1547,0.1547,0.1547,6.9457,124.0701,60.5705,124.0701,60.5705,0.3307,44.0277,0.9679,2.572239,1.60382,0.2734,0.0003,-0.0206,0.2874
/kaggle/input/datasets/duc24kdl/sub-x-ray/sub_X-Ray/sub_NIH/00000754_001.png,,sub_NIH,00000754_001.png,ok,512x512 -> 1024x1024,2,1,337.51,36.0759,16.05054,4.006313,0.9762,0.9975,0.0857,6.1007,36.4026,14.887322,3.858409,0.9785,0.9978,0.1026,0.1026,0.1026,6.3651,128.7212,48.6141,128.7212,48.6141,0.6057,36.4026,0.9785,14.887322,3.858409,0.3267,0.0003,-0.0169,-0.2644
/kaggle/input/datasets/duc24kdl/sub-x-ray/sub_X-Ray/sub_NIH/00000756_004.png,,sub_NIH,00000756_004.png,ok,512x512 -> 1024x1024,2,1,342.48,36.9104,13.244662,3.639322,0.9814,0.998,0.0819,6.8183,36.9263,13.196333,3.632676,0.9833,0.9983,0.097,0.097,0.097,6.7815,165.535,51.85,165.535,51.85,0.4638,36.9263,0.9833,13.196333,3.632676,0.0159,0.0003,-0.0151,0.0368
/kaggle/input/datasets/duc24kdl/sub-x-ray/sub_X-Ray/sub_NIH/00000756_005.png,,sub_NIH,00000756_005.png,ok,512x512 -> 1024x1024,2,1,339.26,37.1626,12.497286,3.53515,0.9852,0.9983,0.0663,7.7008,37.3898,11.860422,3.443896,0.9869,0.9985,0.084,0.084,0.084,7.4815,172.4264,37.2504,172.4264,37.2504,0.4965,37.3898,0.9869,11.860422,3.443896,0.2272,0.0002,-0.0177,0.2193
/kaggle/input/datasets/duc24kdl/sub-x-ray/sub_X-Ray/sub_NIH/00000761_003.png,,sub_NIH,00000761_003.png,ok,512x512 -> 1024x1024,2,1,337.81,36.1662,15.720226,3.964874,0.9774,0.9976,0.0953,6.0594,36.5096,14.525078,3.811178,0.9796,0.9979,0.1127,0.1127,0.1127,6.1969,111.3209,62.7005,111.3209,62.7005,0.6143,36.5096,0.9796,14.525078,3.811178,0.3434,0.0003,-0.0174,-0.1374
/kaggle/input/datasets/duc24kdl/sub-x-ray/sub_X-Ray/sub_NIH/00000761_006.png,,sub_NIH,00000761_006.png,ok,512x512 -> 1024x1024,2,1,341.66,36.4396,14.761066,3.842013,0.9751,0.9974,0.0968,6.391,36.8349,13.476957,3.671097,0.9775,0.9978,0.1139,0.1139,0.1139,6.5993,96.354,55.1862,96.354,55.1862,0.6386,36.8349,0.9775,13.476957,3.671097,0.3953,0.0003,-0.017,-0.2083
/kaggle/input/datasets/duc24kdl/sub-x-ray/sub_X-Ray/sub_NIH/00000761_011.png,,sub_NIH,00000761_011.png,ok,512x512 -> 1024x1024,2,1,340.31,39.2379,7.749761,2.783839,0.9847,0.9982,0.0688,7.1732,39.5657,7.186364,2.680739,0.9863,0.9985,0.0832,0.0832,0.0832,7.2209,109.8208,70.1718,109.8208,70.1718,0.5252,39.5657,0.9863,7.186364,2.680739,0.3278,0.0002,-0.0144,-0.0477
/kaggle/input/datasets/duc24kdl/sub-x-ray/sub_X-Ray/sub_NIH/00000764_000.png,,sub_NIH,00000764_000.png,ok,512x512 -> 1024x1024,2,1,339.63,46.6596,1.403207,1.18457,0.9845,0.9982,0.0673,7.301,47.2717,1.218735,1.103963,0.9866,0.9984,0.0848,0.0848,0.0848,7.0161,173.3053,40.6859,173.3053,40.6859,0.4577,47.2717,0.9866,1.218735,1.103963,0.6121,0.0003,-0.0176,0.2849
/kaggle/input/datasets/duc24kdl/sub-x-ray/sub_X-Ray/sub_NIH/00000766_000.png,,sub_NIH,00000766_000.png,ok,512x512 -> 1024x1024,2,1,340.15,41.5452,4.555711,2.134411,0.9826,0.998,0.0612,6.4001,42.1003,4.009135,2.002282,0.9847,0.9983,0.0754,0.0754,0.0754,6.3476,168.5896,51.4095,168.5896,51.4095,0.4585,42.1003,0.9847,4.009135,2.002282,0.5551,0.0003,-0.0143,0.0526
/kaggle/input/datasets/duc24kdl/sub-x-ray/sub_X-Ray/sub_NIH/00000766_011.png,,sub_NIH,00000766_011.png,ok,512x512 -> 1024x1024,2,1,340.08,42.0891,4.019519,2.004874,0.959,0.9963,0.1486,6.3547,42.379,3.759961,1.939062,0.9612,0.9966,0.1666,0.1666,0.1666,6.3043,122.3922,73.8493,122.3922,73.8493,0.391,42.379,0.9612,3.759961,1.939062,0.2899,0.0003,-0.018,0.0504
/kaggle/input/datasets/duc24kdl/sub-x-ray/sub_X-Ray/sub_NIH/00000766_013.png,,sub_NIH,00000766_013.png,ok,512x512 -> 1024x1024,2,1,337.77,35.2461,19.430038,4.407952,0.982,0.9981,0.0812,6.8745,35.5605,18.072886,4.251222,0.9838,0.9983,0.0996,0.0996,0.0996,6.8912,112.0495,62.2496,112.0495,62.2496,0.5525,35.5605,0.9838,18.072886,4.251222,0.3145,0.0003,-0.0184,-0.0167
/kaggle/input/datasets/duc24kdl/sub-x-ray/sub_X-Ray/sub_NIH/00000766_021.png,,sub_NIH,00000766_021.png,ok,512x512 -> 1024x1024,2,1,336.66,38.5726,9.032672,3.00544,0.9846,0.9982,0.0688,6.1151,38.9104,8.356775,2.890809,0.9865,0.9984,0.0839,0.0839,0.0839,6.2147,111.7105,56.225,111.7105,56.225,0.5397,38.9104,0.9865,8.356775,2.890809,0.3378,0.0003,-0.015,-0.0995
/kaggle/input/datasets/duc24kdl/sub-x-ray/sub_X-Ray/sub_NIH/00000766_022.png,,sub_NIH,00000766_022.png,ok,512x512 -> 1024x1024,2,1,343.3,38.2408,9.749936,3.122489,0.9838,0.9981,0.068,5.9528,38.5796,9.018158,3.003025,0.9859,0.9984,0.0824,0.0824,0.0824,6.0744,113.4194,54.3353,113.4194,54.3353,0.5336,38.5796,0.9859,9.018158,3.003025,0.3388,0.0003,-0.0144,-0.1216
/kaggle/input/datasets/duc24kdl/sub-x-ray/sub_X-Ray/sub_NIH/00000772_000.png,,sub_NIH,00000772_000.png,ok,512x512 -> 1024x1024,2,1,341.17,41.8657,4.23166,2.0571,0.9642,0.9968,0.1485,6.7097,42.0794,4.028438,2.007097,0.9661,0.9971,0.1691,0.1691,0.1691,6.6658,138.5257,66.1274,138.5257,66.1274,0.3252,42.0794,0.9661,4.028438,2.007097,0.2137,0.0003,-0.0206,0.0439
/kaggle/input/datasets/duc24kdl/sub-x-ray/sub_X-Ray/sub_NIH/00000772_003.png,,sub_NIH,00000772_003.png,ok,512x512 -> 1024x1024,2,1,336.94,41.7192,4.37685,2.092092,0.9637,0.9968,0.1447,6.8026,41.9704,4.130862,2.032452,0.9656,0.997,0.1647,0.1647,0.1647,6.7225,132.0163,73.3545,132.0163,73.3545,0.3634,41.9704,0.9656,4.130862,2.032452,0.2512,0.0002,-0.02,0.0801
/kaggle/input/datasets/duc24kdl/sub-x-ray/sub_X-Ray/sub_NIH/00000772_005.png,,sub_NIH,00000772_005.png,ok,512x512 -> 1024x1024,2,1,340.74,37.9706,10.375701,3.221133,0.9768,0.9975,0.1098,6.9725,38.2528,9.723024,3.118176,0.9788,0.9978,0.1346,0.1346,0.1346,6.9052,126.8616,42.4143,126.8616,42.4143,0.6181,38.2528,0.9788,9.723024,3.118176,0.2822,0.0002,-0.0248,0.0674
/kaggle/input/datasets/duc24kdl/sub-x-ray/sub_X-Ray/sub_NIH/00000772_009.png,,sub_NIH,00000772_009.png,ok,512x512 -> 1024x1024,2,1,338.87,35.4905,18.36647,4.285612,0.9692,0.997,0.1343,6.7306,35.8721,16.821768,4.101435,0.9712,0.9972,0.1553,0.1553,0.1553,6.6963,125.4207,66.0197,125.4207,66.0197,0.6132,35.8721,0.9712,16.821768,4.101435,0.3815,0.0003,-0.021,0.0344
/kaggle/input/datasets/duc24kdl/sub-x-ray/sub_X-Ray/sub_NIH/00000773_000.png,,sub_NIH,00000773_000.png,ok,512x512 -> 1024x1024,2,1,340.16,43.8124,2.702959,1.644068,0.9846,0.9981,0.0519,6.3968,43.7097,2.767616,1.663615,0.9865,0.9984,0.0624,0.0624,0.0624,6.2571,216.2909,34.2484,216.2909,34.2484,0.48,43.7097,0.9865,2.767616,1.663615,-0.1027,0.0003,-0.0105,0.1397
/kaggle/input/datasets/duc24kdl/sub-x-ray/sub_X-Ray/sub_NIH/00000776_000.png,,sub_NIH,00000776_000.png,ok,512x512 -> 1024x1024,2,1,343.19,36.2898,15.279264,3.90887,0.9772,0.9977,0.0842,6.2786,36.6115,14.188301,3.766736,0.9794,0.998,0.1006,0.1006,0.1006,6.337,157.2279,58.6065,157.2279,58.6065,0.641,36.6115,0.9794,14.188301,3.766736,0.3217,0.0003,-0.0164,-0.0585
/kaggle/input/datasets/duc24kdl/sub-x-ray/sub_X-Ray/sub_NIH/00000781_004.png,,sub_NIH,00000781_004.png,ok,512x512 -> 1024x1024,2,1,339.42,36.7571,13.720439,3.704111,0.9832,0.9982,0.0656,6.7967,37.0699,12.767065,3.573103,0.9852,0.9984,0.0794,0.0794,0.0794,6.7613,167.313,62.6932,167.313,62.6932,0.4934,37.0699,0.9852,12.767065,3.573103,0.3128,0.0003,-0.0138,0.0354
/kaggle/input/datasets/duc24kdl/sub-x-ray/sub_X-Ray/sub_NIH/00000781_005.png,,sub_NIH,00000781_005.png,ok,512x512 -> 1024x1024,2,1,340.24,41.7786,4.317352,2.077824,0.9592,0.9963,0.1434,6.7276,42.0437,4.061684,2.015362,0.9614,0.9966,0.1625,0.1625,0.1625,6.6812,118.0487,67.932,118.0487,67.932,0.3686,42.0437,0.9614,4.061684,2.015362,0.2651,0.0003,-0.019,0.0464
/kaggle/input/datasets/duc24kdl/sub-x-ray/sub_X-Ray/sub_NIH/00000781_006.png,,sub_NIH,00000781_006.png,ok,512x512 -> 1024x1024,2,1,341.72,41.6902,4.40612,2.099076,0.9671,0.997,0.13,6.287,41.9659,4.135167,2.033511,0.9691,0.9972,0.1515,0.1515,0.1515,6.4919,130.567,61.8269,130.567,61.8269,0.3965,41.9659,0.9691,4.135167,2.033511,0.2756,0.0003,-0.0214,-0.2049
/kaggle/input/datasets/duc24kdl/sub-x-ray/sub_X-Ray/sub_NIH/00000783_000.png,,sub_NIH,00000783_000.png,ok,512x512 -> 1024x1024,2,1,341.95,36.2351,15.472807,3.933549,0.9759,0.9975,0.0831,5.5592,36.5406,14.42179,3.797603,0.9782,0.9978,0.0983,0.0983,0.0983,5.8674,128.8533,57.4102,128.8533,57.4102,0.6308,36.5406,0.9782,14.42179,3.797603,0.3055,0.0003,-0.0153,-0.3082
/kaggle/input/datasets/duc24kdl/sub-x-ray/sub_X-Ray/sub_NIH/00000783_001.png,,sub_NIH,00000783_001.png,ok,512x512 -> 1024x1024,2,1,343.0,41.932,4.167563,2.041461,0.9694,0.9972,0.1164,6.4315,42.2663,3.858777,1.964377,0.9714,0.9975,0.1334,0.1334,0.1334,6.4707,111.2319,65.538,111.2319,65.538,0.4336,42.2663,0.9714,3.858777,1.964377,0.3343,0.0003,-0.0171,-0.0392
/kaggle/input/datasets/duc24kdl/sub-x-ray/sub_X-Ray/sub_NIH/00000783_002.png,,sub_NIH,00000783_002.png,ok,512x512 -> 1024x1024,2,1,342.56,35.6603,17.662429,4.202669,0.9681,0.9969,0.1042,6.139,36.0256,16.237602,4.029591,0.9705,0.9972,0.1202,0.1202,0.1202,6.2562,142.839,58.138,142.839,58.138,0.6125,36.0256,0.9705,16.237602,4.029591,0.3653,0.0003,-0.016,-0.1172
/kaggle/input/datasets/duc24kdl/sub-x-ray/sub_X-Ray/sub_NIH/00000786_000.png,,sub_NIH,00000786_000.png,ok,512x512 -> 1024x1024,2,1,338.42,41.8168,4.279544,2.068706,0.9628,0.9966,0.1366,6.5443,42.1012,4.008346,2.002085,0.965,0.9969,0.1556,0.1556,0.1556,6.4668,127.0506,65.5646,127.0506,65.5646,0.398,42.1012,0.965,4.008346,2.002085,0.2843,0.0003,-0.019,0.0775
/kaggle/input/datasets/duc24kdl/sub-x-ray/sub_X-Ray/sub_NIH/00000787_003.png,,sub_NIH,00000787_003.png,ok,512x512 -> 1024x1024,2,1,336.24,35.6099,17.868457,4.22711,0.9878,0.9984,0.0552,8.7923,35.9083,16.682223,4.084388,0.9893,0.9986,0.0732,0.0732,0.0732,8.463,160.0899,57.6565,160.0899,57.6565,0.4959,35.9083,0.9893,16.682223,4.084388,0.2983,0.0002,-0.018,0.3293
/kaggle/input/datasets/duc24kdl/sub-x-ray/sub_X-Ray/sub_NIH/00000787_004.png,,sub_NIH,00000787_004.png,ok,512x512 -> 1024x1024,2,1,337.43,33.1754,31.299685,5.594612,0.9816,0.9978,0.0769,8.5866,33.4387,29.458582,5.427576,0.9831,0.998,0.1007,0.1007,0.1007,8.2308,172.0354,33.0741,172.0354,33.0741,0.5085,33.4387,0.9831,29.458582,5.427576,0.2633,0.0002,-0.0238,0.3558
/kaggle/input/datasets/duc24kdl/sub-x-ray/sub_X-Ray/sub_NIH/00000789_000.png,,sub_NIH,00000789_000.png,ok,512x512 -> 1024x1024,2,1,342.5,45.7205,1.741923,1.319819,0.9853,0.9983,0.054,6.6657,46.0877,1.600694,1.265185,0.9872,0.9986,0.0689,0.0689,0.0689,6.6632,157.3586,64.612,157.3586,64.612,0.4739,46.0877,0.9872,1.600694,1.265185,0.3672,0.0003,-0.0148,0.0025
/kaggle/input/datasets/duc24kdl/sub-x-ray/sub_X-Ray/sub_NIH/00000792_001.png,,sub_NIH,00000792_001.png,ok,512x512 -> 1024x1024,2,1,341.1,42.1878,3.929192,1.982219,0.9661,0.9969,0.1264,6.4003,42.4623,3.68852,1.920552,0.9681,0.9972,0.1466,0.1466,0.1466,6.4344,132.813,65.9335,132.813,65.9335,0.3851,42.4623,0.9681,3.68852,1.920552,0.2745,0.0003,-0.0203,-0.0341
/kaggle/input/datasets/duc24kdl/sub-x-ray/sub_X-Ray/sub_NIH/00000796_000.png,,sub_NIH,00000796_000.png,ok,512x512 -> 1024x1024,2,1,339.47,40.7427,5.480374,2.34102,0.953,0.9958,0.1598,6.3585,40.9727,5.197644,2.279834,0.9554,0.9961,0.1768,0.1768,0.1768,6.4721,128.4287,71.9674,128.4287,71.9674,0.3815,40.9727,0.9554,5.197644,2.279834,0.23,0.0003,-0.017,-0.1135
/kaggle/input/datasets/duc24kdl/sub-x-ray/sub_X-Ray/sub_NIH/00000796_005.png,,sub_NIH,00000796_005.png,ok,512x512 -> 1024x1024,2,1,342.06,35.0978,20.10485,4.483843,0.9842,0.9982,0.0578,6.2599,35.3823,18.830115,4.339368,0.9861,0.9985,0.0692,0.0692,0.0692,6.4556,150.5626,69.7395,150.5626,69.7395,0.6122,35.3823,0.9861,18.830115,4.339368,0.2845,0.0003,-0.0114,-0.1957
/kaggle/input/datasets/duc24kdl/sub-x-ray/sub_X-Ray/sub_NIH/00000797_003.png,,sub_NIH,00000797_003.png,ok,512x512 -> 1024x1024,2,1,338.34,36.3017,15.237283,3.903496,0.9763,0.9975,0.1136,6.668,36.7066,13.880845,3.725701,0.9785,0.9978,0.1349,0.1349,0.1349,6.6583,118.2563,56.9585,118.2563,56.9585,0.6121,36.7066,0.9785,13.880845,3.725701,0.4049,0.0003,-0.0213,0.0098
/kaggle/input/datasets/duc24kdl/sub-x-ray/sub_X-Ray/sub_NIH/00000797_004.png,,sub_NIH,00000797_004.png,ok,512x512 -> 1024x1024,2,1,336.4,36.2014,15.593509,3.948862,0.9736,0.9973,0.1183,6.8058,36.4679,14.665117,3.829506,0.9757,0.9976,0.1403,0.1403,0.1403,6.86,114.0094,52.4265,114.0094,52.4265,0.606,36.4679,0.9757,14.665117,3.829506,0.2666,0.0003,-0.0219,-0.0542
/kaggle/input/datasets/duc24kdl/sub-x-ray/sub_X-Ray/sub_NIH/00000798_001.png,,sub_NIH,00000798_001.png,ok,512x512 -> 1024x1024,2,1,343.11,38.7942,8.583502,2.929761,0.9821,0.9981,0.0699,6.4318,39.0418,8.107686,2.8474,0.9841,0.9984,0.0837,0.0837,0.0837,6.4167,156.5713,60.7935,156.5713,60.7935,0.4622,39.0418,0.9841,8.107686,2.8474,0.2477,0.0003,-0.0138,0.0151
/kaggle/input/datasets/duc24kdl/sub-x-ray/sub_X-Ray/sub_NIH/00000798_005.png,,sub_NIH,00000798_005.png,ok,512x512 -> 1024x1024,2,1,339.37,41.1525,4.98684,2.233123,0.9659,0.9969,0.1228,6.297,41.4875,4.616682,2.148647,0.9681,0.9972,0.1403,0.1403,0.1403,6.3013,108.2273,67.9147,108.2273,67.9147,0.4434,41.4875,0.9681,4.616682,2.148647,0.335,0.0003,-0.0175,-0.0043
/kaggle/input/datasets/duc24kdl/sub-x-ray/sub_X-Ray/sub_NIH/00000798_022.png,,sub_NIH,00000798_022.png,ok,512x512 -> 1024x1024,2,1,343.16,35.8623,16.859597,4.106044,0.9812,0.9977,0.0797,6.3565,36.2239,15.512834,3.938634,0.9834,0.998,0.1004,0.1004,0.1004,6.5606,116.1505,48.4788,116.1505,48.4788,0.5438,36.2239,0.9834,15.512834,3.938634,0.3616,0.0003,-0.0206,-0.2042
/kaggle/input/datasets/duc24kdl/sub-x-ray/sub_X-Ray/sub_NIH/00000798_023.png,,sub_NIH,00000798_023.png,ok,512x512 -> 1024x1024,2,1,341.08,36.4156,14.843055,3.852669,0.9817,0.9979,0.0772,6.2702,36.7765,13.659362,3.695857,0.9839,0.9982,0.0937,0.0937,0.0937,6.5684,111.8454,54.7581,111.8454,54.7581,0.5276,36.7765,0.9839,13.659362,3.695857,0.3609,0.0003,-0.0164,-0.2982
/kaggle/input/datasets/duc24kdl/sub-x-ray/sub_X-Ray/sub_NIH/00000798_028.png,,sub_NIH,00000798_028.png,ok,512x512 -> 1024x1024,2,1,341.07,38.3368,9.536805,3.088172,0.9829,0.998,0.076,6.4585,38.6803,8.811484,2.968414,0.985,0.9983,0.0931,0.0931,0.0931,6.6416,120.0953,50.2069,120.0953,50.2069,0.5293,38.6803,0.985,8.811484,2.968414,0.3435,0.0003,-0.0171,-0.1831
/kaggle/input/datasets/duc24kdl/sub-x-ray/sub_X-Ray/sub_NIH/00000798_034.png,,sub_NIH,00000798_034.png,ok,512x512 -> 1024x1024,2,1,339.38,36.7941,13.604268,3.688396,0.9829,0.998,0.0803,6.2905,37.0879,12.714368,3.565721,0.985,0.9983,0.1008,0.1008,0.1008,6.6076,123.8282,44.4232,123.8282,44.4232,0.4824,37.0879,0.985,12.714368,3.565721,0.2938,0.0003,-0.0205,-0.3172
/kaggle/input/datasets/duc24kdl/sub-x-ray/sub_X-Ray/sub_NIH/00000798_036.png,,sub_NIH,00000798_036.png,ok,512x512 -> 1024x1024,2,1,339.48,36.5571,14.367228,3.790413,0.9806,0.9979,0.0878,6.4086,36.9255,13.198744,3.633008,0.9826,0.9982,0.1087,0.1087,0.1087,6.5821,118.0625,49.9478,118.0625,49.9478,0.5301,36.9255,0.9826,13.198744,3.633008,0.3684,0.0003,-0.0208,-0.1735
/kaggle/input/datasets/duc24kdl/sub-x-ray/sub_X-Ray/sub_NIH/00000798_040.png,,sub_NIH,00000798_040.png,ok,512x512 -> 1024x1024,2,1,336.54,36.4632,14.68109,3.831591,0.9829,0.998,0.0777,6.0495,36.8808,13.335081,3.651723,0.9849,0.9983,0.0951,0.0951,0.0951,6.3199,108.4252,56.6378,108.4252,56.6378,0.5568,36.8808,0.9849,13.335081,3.651723,0.4176,0.0003,-0.0174,-0.2704
/kaggle/input/datasets/duc24kdl/sub-x-ray/sub_X-Ray/sub_NIH/00000805_000.png,,sub_NIH,00000805_000.png,ok,512x512 -> 1024x1024,2,1,341.78,41.4884,4.61573,2.148425,0.9619,0.9966,0.1378,6.6187,41.7629,4.333028,2.081593,0.964,0.9969,0.1566,0.1566,0.1566,6.6956,113.9291,67.7809,113.9291,67.7809,0.3867,41.7629,0.964,4.333028,2.081593,0.2745,0.0003,-0.0188,-0.0769
/kaggle/input/datasets/duc24kdl/sub-x-ray/sub_X-Ray/sub_NIH/00000805_001.png,,sub_NIH,00000805_001.png,ok,512x512 -> 1024x1024,2,1,341.21,45.0833,2.017185,1.420277,0.9778,0.9977,0.0971,7.5587,45.4899,1.836929,1.355334,0.9797,0.9979,0.1267,0.1267,0.1267,7.2071,106.211,35.542,106.211,35.542,0.3919,45.4899,0.9797,1.836929,1.355334,0.4065,0.0002,-0.0296,0.3515
/kaggle/input/datasets/duc24kdl/sub-x-ray/sub_X-Ray/sub_NIH/00000805_002.png,,sub_NIH,00000805_002.png,ok,512x512 -> 1024x1024,2,1,344.96,41.8154,4.280999,2.069058,0.9602,0.9964,0.145,7.211,42.0946,4.014411,2.003599,0.9623,0.9967,0.1645,0.1645,0.1645,7.0419,124.4445,62.3514,124.4445,62.3514,0.3993,42.0946,0.9623,4.014411,2.003599,0.2792,0.0003,-0.0195,0.1691
/kaggle/input/datasets/duc24kdl/sub-x-ray/sub_X-Ray/sub_NIH/00000806_000.png,,sub_NIH,00000806_000.png,ok,512x512 -> 1024x1024,2,1,339.43,48.0239,1.024928,1.012387,0.9902,0.9986,0.0416,9.1008,48.6286,0.891707,0.944302,0.9918,0.9988,0.0612,0.0612,0.0612,8.5627,169.1298,39.6602,169.1298,39.6602,0.4606,48.6286,0.9918,0.891707,0.944302,0.6047,0.0002,-0.0196,0.5381
/kaggle/input/datasets/duc24kdl/sub-x-ray/sub_X-Ray/sub_NIH/00000807_000.png,,sub_NIH,00000807_000.png,ok,512x512 -> 1024x1024,2,1,341.78,47.3859,1.187119,1.08955,0.986,0.9983,0.0526,7.2486,48.0235,1.025025,1.012435,0.988,0.9986,0.069,0.069,0.069,6.9788,167.7992,45.2386,167.7992,45.2386,0.4393,48.0235,0.988,1.025025,1.012435,0.6376,0.0003,-0.0164,0.2698
/kaggle/input/datasets/duc24kdl/sub-x-ray/sub_X-Ray/sub_NIH/00000808_007.png,,sub_NIH,00000808_007.png,ok,512x512 -> 1024x1024,2,1,338.76,36.0294,16.223329,4.027819,0.9857,0.9983,0.0645,7.0766,36.3224,15.16493,3.894217,0.9875,0.9985,0.0858,0.0858,0.0858,7.1387,121.9156,52.7439,121.9156,52.7439,0.5444,36.3224,0.9875,15.16493,3.894217,0.293,0.0002,-0.0212,-0.0621
/kaggle/input/datasets/duc24kdl/sub-x-ray/sub_X-Ray/sub_NIH/00000808_008.png,,sub_NIH,00000808_008.png,ok,512x512 -> 1024x1024,2,1,343.41,40.0508,6.426814,2.535116,0.9879,0.9985,0.0615,7.6385,40.3122,6.051485,2.459977,0.9897,0.9987,0.0835,0.0835,0.0835,7.5552,121.5899,49.1208,121.5899,49.1208,0.4717,40.3122,0.9897,6.051485,2.459977,0.2613,0.0003,-0.022,0.0833
/kaggle/input/datasets/duc24kdl/sub-x-ray/sub_X-Ray/sub_NIH/00000808_009.png,,sub_NIH,00000808_009.png,ok,512x512 -> 1024x1024,2,1,341.72,37.7501,10.916179,3.303964,0.985,0.9981,0.0668,6.7667,38.08,10.117741,3.18084,0.9869,0.9984,0.0884,0.0884,0.0884,6.9489,112.9495,49.8225,112.9495,49.8225,0.5023,38.08,0.9869,10.117741,3.18084,0.3299,0.0003,-0.0215,-0.1822
/kaggle/input/datasets/duc24kdl/sub-x-ray/sub_X-Ray/sub_NIH/00000808_010.png,,sub_NIH,00000808_010.png,ok,512x512 -> 1024x1024,2,1,342.18,37.0685,12.771259,3.57369,0.9826,0.9981,0.0802,7.6152,37.456,11.681012,3.41775,0.9845,0.9983,0.1027,0.1027,0.1027,7.4286,112.9066,51.7351,112.9066,51.7351,0.5457,37.456,0.9845,11.681012,3.41775,0.3875,0.0002,-0.0226,0.1866
/kaggle/input/datasets/duc24kdl/sub-x-ray/sub_X-Ray/sub_NIH/00000808_013.png,,sub_NIH,00000808_013.png,ok,512x512 -> 1024x1024,2,1,339.16,35.8438,16.931886,4.114837,0.9851,0.9981,0.0613,6.7069,36.127,15.862646,3.982794,0.9868,0.9984,0.0804,0.0804,0.0804,6.8697,159.2851,45.2155,159.2851,45.2155,0.4932,36.127,0.9868,15.862646,3.982794,0.2833,0.0003,-0.0191,-0.1628
/kaggle/input/datasets/duc24kdl/sub-x-ray/sub_X-Ray/sub_NIH/00000809_000.png,,sub_NIH,00000809_000.png,ok,512x512 -> 1024x1024,2,1,344.24,41.6172,4.480836,2.116798,0.961,0.9965,0.1368,6.8912,41.8549,4.242167,2.059652,0.9634,0.9968,0.1552,0.1552,0.1552,6.7837,114.2211,61.0971,114.2211,61.0971,0.3488,41.8549,0.9634,4.242167,2.059652,0.2377,0.0003,-0.0184,0.1075
/kaggle/input/datasets/duc24kdl/sub-x-ray/sub_X-Ray/sub_NIH/00000809_004.png,,sub_NIH,00000809_004.png,ok,512x512 -> 1024x1024,2,1,345.35,41.5968,4.501954,2.121781,0.9636,0.9967,0.1343,6.5938,41.8448,4.252083,2.062058,0.9658,0.997,0.1531,0.1531,0.1531,6.6623,121.35,63.8347,121.35,63.8347,0.3658,41.8448,0.9658,4.252083,2.062058,0.248,0.0003,-0.0187,-0.0685
/kaggle/input/datasets/duc24kdl/sub-x-ray/sub_X-Ray/sub_NIH/00000812_000.png,,sub_NIH,00000812_000.png,ok,512x512 -> 1024x1024,2,1,343.46,42.733,3.46558,1.861607,0.9686,0.9972,0.1151,5.9655,43.0131,3.249145,1.802538,0.9707,0.9974,0.1314,0.1314,0.1314,5.8956,101.5925,70.2561,101.5925,70.2561,0.3928,43.0131,0.9707,3.249145,1.802538,0.2801,0.0003,-0.0163,0.0699
/kaggle/input/datasets/duc24kdl/sub-x-ray/sub_X-Ray/sub_NIH/00000817_001.png,,sub_NIH,00000817_001.png,ok,512x512 -> 1024x1024,2,1,343.08,42.1257,3.985726,1.996428,0.9594,0.9964,0.1507,6.8545,42.3803,3.758774,1.938756,0.9615,0.9967,0.1717,0.1717,0.1717,6.7738,122.6964,69.105,122.6964,69.105,0.37,42.3803,0.9615,3.758774,1.938756,0.2546,0.0003,-0.021,0.0806
/kaggle/input/datasets/duc24kdl/sub-x-ray/sub_X-Ray/sub_NIH/00000820_000.png,,sub_NIH,00000820_000.png,ok,512x512 -> 1024x1024,2,1,344.4,38.0022,10.300519,3.209442,0.986,0.9983,0.0761,7.0016,38.2522,9.724385,3.118395,0.9879,0.9986,0.0983,0.0983,0.0983,6.9501,141.1616,49.9145,141.1616,49.9145,0.4654,38.2522,0.9879,9.724385,3.118395,0.25,0.0003,-0.0222,0.0514
/kaggle/input/datasets/duc24kdl/sub-x-ray/sub_X-Ray/sub_NIH/00000820_002.png,,sub_NIH,00000820_002.png,ok,512x512 -> 1024x1024,2,1,343.11,38.8028,8.566501,2.926859,0.9864,0.9983,0.0748,7.1358,38.919,8.340282,2.887955,0.9882,0.9986,0.0966,0.0966,0.0966,7.0215,143.5809,41.1368,143.5809,41.1368,0.4557,38.919,0.9882,8.340282,2.887955,0.1162,0.0003,-0.0218,0.1143
/kaggle/input/datasets/duc24kdl/sub-x-ray/sub_X-Ray/sub_NIH/00000820_003.png,,sub_NIH,00000820_003.png,ok,512x512 -> 1024x1024,2,1,343.22,38.1334,9.994129,3.161349,0.9842,0.9982,0.078,7.0603,38.3943,9.411401,3.067801,0.9861,0.9984,0.0999,0.0999,0.0999,7.0054,146.922,45.1944,146.922,45.1944,0.5109,38.3943,0.9861,9.411401,3.067801,0.2609,0.0003,-0.0219,0.0549
/kaggle/input/datasets/duc24kdl/sub-x-ray/sub_X-Ray/sub_NIH/00000820_004.png,,sub_NIH,00000820_004.png,ok,512x512 -> 1024x1024,2,1,341.03,38.3812,9.439751,3.072418,0.9808,0.9979,0.0869,6.8878,38.6232,8.928036,2.987982,0.9828,0.9982,0.1088,0.1088,0.1088,6.7802,141.6465,44.6726,141.6465,44.6726,0.4644,38.6232,0.9828,8.928036,2.987982,0.242,0.0003,-0.0219,0.1077
/kaggle/input/datasets/duc24kdl/sub-x-ray/sub_X-Ray/sub_NIH/00000820_015.png,,sub_NIH,00000820_015.png,ok,512x512 -> 1024x1024,2,1,342.64,34.7602,21.729859,4.66153,0.9832,0.9982,0.0772,6.7984,35.1742,19.754019,4.444549,0.9852,0.9984,0.0952,0.0952,0.0952,6.7696,113.7239,54.8145,113.7239,54.8145,0.5653,35.1742,0.9852,19.754019,4.444549,0.414,0.0003,-0.0181,0.0288
/kaggle/input/datasets/duc24kdl/sub-x-ray/sub_X-Ray/sub_NIH/00000820_020.png,,sub_NIH,00000820_020.png,ok,512x512 -> 1024x1024,2,1,346.36,42.2239,3.896681,1.974001,0.9604,0.9964,0.1407,6.4833,42.5085,3.649512,1.91037,0.9628,0.9968,0.1596,0.1596,0.1596,6.3938,104.1187,67.4736,104.1187,67.4736,0.3898,42.5085,0.9628,3.649512,1.91037,0.2846,0.0003,-0.019,0.0895
/kaggle/input/datasets/duc24kdl/sub-x-ray/sub_X-Ray/sub_NIH/00000820_023.png,,sub_NIH,00000820_023.png,ok,512x512 -> 1024x1024,2,1,347.13,37.62,11.248071,3.353814,0.9861,0.9983,0.0674,6.7439,37.8936,10.561313,3.249817,0.988,0.9986,0.0852,0.0852,0.0852,6.7801,155.8781,46.9305,155.8781,46.9305,0.4807,37.8936,0.988,10.561313,3.249817,0.2736,0.0003,-0.0178,-0.0362
/kaggle/input/datasets/duc24kdl/sub-x-ray/sub_X-Ray/sub_NIH/00000820_024.png,,sub_NIH,00000820_024.png,ok,512x512 -> 1024x1024,2,1,340.16,36.1472,15.789275,3.973572,0.9857,0.9983,0.0698,6.7028,36.4328,14.784224,3.845026,0.9876,0.9986,0.0872,0.0872,0.0872,6.949,154.793,48.2619,154.793,48.2619,0.6048,36.4328,0.9876,14.784224,3.845026,0.2856,0.0003,-0.0173,-0.2462
/kaggle/input/datasets/duc24kdl/sub-x-ray/sub_X-Ray/sub_NIH/00000820_029.png,,sub_NIH,00000820_029.png,ok,512x512 -> 1024x1024,2,1,344.39,37.9954,10.316617,3.211949,0.9846,0.9982,0.0876,6.6896,38.3319,9.547576,3.089915,0.9867,0.9985,0.1113,0.1113,0.1113,6.6906,118.2516,38.4903,118.2516,38.4903,0.5255,38.3319,0.9867,9.547576,3.089915,0.3364,0.0003,-0.0236,-0.001
/kaggle/input/datasets/duc24kdl/sub-x-ray/sub_X-Ray/sub_NIH/00000822_000.png,,sub_NIH,00000822_000.png,ok,512x512 -> 1024x1024,2,1,342.32,46.9109,1.324297,1.150781,0.9875,0.9984,0.0455,7.4508,47.4176,1.178477,1.085577,0.9892,0.9987,0.0587,0.0587,0.0587,7.0166,169.792,67.5677,169.792,67.5677,0.4624,47.4176,0.9892,1.178477,1.085577,0.5066,0.0002,-0.0132,0.4342
/kaggle/input/datasets/duc24kdl/sub-x-ray/sub_X-Ray/sub_NIH/00000823_004.png,,sub_NIH,00000823_004.png,ok,512x512 -> 1024x1024,2,1,340.12,43.3423,3.011979,1.735505,0.9702,0.9973,0.1259,6.5189,43.512,2.896522,1.701917,0.972,0.9975,0.143,0.143,0.143,6.4992,110.2055,71.8918,110.2055,71.8918,0.3823,43.512,0.972,2.896522,1.701917,0.1698,0.0002,-0.0171,0.0198
/kaggle/input/datasets/duc24kdl/sub-x-ray/sub_X-Ray/sub_NIH/00000827_001.png,,sub_NIH,00000827_001.png,ok,512x512 -> 1024x1024,2,1,345.51,42.4527,3.6967,1.92268,0.9644,0.9968,0.1388,6.8897,42.7913,3.419378,1.849156,0.9666,0.9971,0.159,0.159,0.159,6.7613,113.8969,61.2409,113.8969,61.2409,0.4132,42.7913,0.9666,3.419378,1.849156,0.3387,0.0003,-0.0202,0.1284
/kaggle/input/datasets/duc24kdl/sub-x-ray/sub_X-Ray/sub_NIH/00000827_004.png,,sub_NIH,00000827_004.png,ok,512x512 -> 1024x1024,2,1,342.03,36.4052,14.878676,3.857289,0.9863,0.9982,0.0571,7.5716,36.6738,13.98624,3.739818,0.9878,0.9985,0.074,0.074,0.074,7.1817,141.841,62.9388,141.841,62.9388,0.5662,36.6738,0.9878,13.98624,3.739818,0.2686,0.0002,-0.0168,0.3899
/kaggle/input/datasets/duc24kdl/sub-x-ray/sub_X-Ray/sub_NIH/00000827_005.png,,sub_NIH,00000827_005.png,ok,512x512 -> 1024x1024,2,1,346.42,41.3859,4.725921,2.173918,0.9678,0.9971,0.1252,6.7844,41.7806,4.315387,2.077351,0.9698,0.9974,0.1421,0.1421,0.1421,6.645,110.2762,70.9565,110.2762,70.9565,0.4164,41.7806,0.9698,4.315387,2.077351,0.3947,0.0003,-0.0169,0.1394
/kaggle/input/datasets/duc24kdl/sub-x-ray/sub_X-Ray/sub_NIH/00000827_015.png,,sub_NIH,00000827_015.png,ok,512x512 -> 1024x1024,2,1,342.31,41.4511,4.655578,2.157679,0.9591,0.9963,0.1432,6.7375,41.6875,4.40895,2.09975,0.9613,0.9966,0.1607,0.1607,0.1607,6.7202,119.7721,67.8949,119.7721,67.8949,0.3837,41.6875,0.9613,4.40895,2.09975,0.2364,0.0003,-0.0175,0.0173
/kaggle/input/datasets/duc24kdl/sub-x-ray/sub_X-Ray/sub_NIH/00000827_017.png,,sub_NIH,00000827_017.png,ok,512x512 -> 1024x1024,2,1,340.41,41.8158,4.280522,2.068942,0.9609,0.9965,0.1373,6.64,42.1022,4.007382,2.001845,0.963,0.9968,0.1536,0.1536,0.1536,6.6843,107.6416,69.8847,107.6416,69.8847,0.3969,42.1022,0.963,4.007382,2.001845,0.2864,0.0003,-0.0163,-0.0443
/kaggle/input/datasets/duc24kdl/sub-x-ray/sub_X-Ray/sub_NIH/00000827_019.png,,sub_NIH,00000827_019.png,ok,512x512 -> 1024x1024,2,1,347.78,41.404,4.706316,2.169405,0.9609,0.9965,0.1429,6.8362,41.7008,4.395454,2.096534,0.9631,0.9968,0.1609,0.1609,0.1609,6.565,122.3098,65.5381,122.3098,65.5381,0.4071,41.7008,0.9631,4.395454,2.096534,0.2968,0.0003,-0.018,0.2712
/kaggle/input/datasets/duc24kdl/sub-x-ray/sub_X-Ray/sub_NIH/00000827_020.png,,sub_NIH,00000827_020.png,ok,512x512 -> 1024x1024,2,1,346.75,41.5748,4.524771,2.127151,0.9617,0.9966,0.1338,6.5225,41.8637,4.233591,2.057569,0.9639,0.9969,0.1501,0.1501,0.1501,6.3896,114.0794,67.3991,114.0794,67.3991,0.4105,41.8637,0.9639,4.233591,2.057569,0.2889,0.0003,-0.0163,0.1329
/kaggle/input/datasets/duc24kdl/sub-x-ray/sub_X-Ray/sub_NIH/00000830_002.png,,sub_NIH,00000830_002.png,ok,512x512 -> 1024x1024,2,1,343.89,35.585,17.971389,4.239268,0.9788,0.9977,0.1057,7.6569,35.871,16.825873,4.101935,0.9807,0.9979,0.1334,0.1334,0.1334,7.328,123.5516,66.2707,123.5516,66.2707,0.6215,35.871,0.9807,16.825873,4.101935,0.286,0.0002,-0.0277,0.3289
/kaggle/input/datasets/duc24kdl/sub-x-ray/sub_X-Ray/sub_NIH/00000832_007.png,,sub_NIH,00000832_007.png,ok,512x512 -> 1024x1024,2,1,341.11,43.6179,2.82677,1.6813,0.9832,0.9982,0.0678,6.8161,44.1988,2.472885,1.572541,0.9852,0.9984,0.085,0.085,0.085,6.7421,152.4384,53.208,152.4384,53.208,0.4619,44.1988,0.9852,2.472885,1.572541,0.5809,0.0003,-0.0172,0.074
/kaggle/input/datasets/duc24kdl/sub-x-ray/sub_X-Ray/sub_NIH/00000832_010.png,,sub_NIH,00000832_010.png,ok,512x512 -> 1024x1024,2,1,343.54,42.3734,3.764823,1.940315,0.9679,0.9971,0.1238,6.1488,42.6423,3.538723,1.88115,0.9699,0.9974,0.1402,0.1402,0.1402,6.2699,108.6653,69.0748,108.6653,69.0748,0.3802,42.6423,0.9699,3.538723,1.88115,0.269,0.0003,-0.0164,-0.1211
/kaggle/input/datasets/duc24kdl/sub-x-ray/sub_X-Ray/sub_NIH/00000833_001.png,,sub_NIH,00000833_001.png,ok,512x512 -> 1024x1024,2,1,340.57,36.9443,13.141645,3.625141,0.9843,0.9982,0.0685,6.459,37.1749,12.462075,3.530166,0.9863,0.9985,0.0828,0.0828,0.0828,6.539,162.5375,57.5299,162.5375,57.5299,0.4787,37.1749,0.9863,12.462075,3.530166,0.2306,0.0003,-0.0143,-0.08
/kaggle/input/datasets/duc24kdl/sub-x-ray/sub_X-Ray/sub_NIH/00000834_001.png,,sub_NIH,00000834_001.png,ok,512x512 -> 1024x1024,2,1,346.47,45.543,1.814603,1.347072,0.9757,0.9974,0.0957,7.6947,45.9936,1.635756,1.278967,0.978,0.9977,0.1211,0.1211,0.1211,7.2643,110.5897,30.3265,110.5897,30.3265,0.3912,45.9936,0.978,1.635756,1.278967,0.4506,0.0003,-0.0254,0.4303
/kaggle/input/datasets/duc24kdl/sub-x-ray/sub_X-Ray/sub_NIH/00000840_000.png,,sub_NIH,00000840_000.png,ok,512x512 -> 1024x1024,2,1,343.19,37.2005,12.38874,3.519764,0.981,0.998,0.0778,6.7947,37.4783,11.62128,3.409,0.983,0.9982,0.093,0.093,0.093,6.6266,158.0586,61.9939,158.0586,61.9939,0.5504,37.4783,0.983,11.62128,3.409,0.2777,0.0003,-0.0151,0.1681
/kaggle/input/datasets/duc24kdl/sub-x-ray/sub_X-Ray/sub_NIH/00000842_000.png,,sub_NIH,00000842_000.png,ok,512x512 -> 1024x1024,2,1,345.76,39.5282,7.248645,2.692331,0.9859,0.9983,0.0582,6.4128,39.7849,6.832711,2.613945,0.9878,0.9986,0.0695,0.0695,0.0695,6.5914,173.7781,56.9624,173.7781,56.9624,0.4542,39.7849,0.9878,6.832711,2.613945,0.2566,0.0003,-0.0113,-0.1785
/kaggle/input/datasets/duc24kdl/sub-x-ray/sub_X-Ray/sub_NIH/00000843_000.png,,sub_NIH,00000843_000.png,ok,512x512 -> 1024x1024,2,1,340.95,45.0528,2.031431,1.425283,0.9793,0.9978,0.1041,6.9431,45.5509,1.811294,1.345843,0.9815,0.9981,0.1243,0.1243,0.1243,6.8481,161.5161,48.5775,161.5161,48.5775,0.4524,45.5509,0.9815,1.811294,1.345843,0.4981,0.0003,-0.0202,0.0951
/kaggle/input/datasets/duc24kdl/sub-x-ray/sub_X-Ray/sub_NIH/00000844_000.png,,sub_NIH,00000844_000.png,ok,512x512 -> 1024x1024,2,1,342.22,37.3924,11.853245,3.442854,0.9821,0.9981,0.0869,7.9901,37.6142,11.263197,3.356069,0.9838,0.9983,0.1127,0.1127,0.1127,7.9065,123.311,54.9522,123.311,54.9522,0.4772,37.6142,0.9838,11.263197,3.356069,0.2218,0.0002,-0.0258,0.0836
/kaggle/input/datasets/duc24kdl/sub-x-ray/sub_X-Ray/sub_NIH/00000845_001.png,,sub_NIH,00000845_001.png,ok,512x512 -> 1024x1024,2,1,340.97,46.0169,1.627019,1.275547,0.9784,0.9977,0.0886,7.4898,46.4703,1.465712,1.210666,0.9805,0.998,0.1178,0.1178,0.1178,7.2157,107.0516,34.7567,107.0516,34.7567,0.3809,46.4703,0.9805,1.465712,1.210666,0.4534,0.0003,-0.0292,0.2742
/kaggle/input/datasets/duc24kdl/sub-x-ray/sub_X-Ray/sub_NIH/00000847_001.png,,sub_NIH,00000847_001.png,ok,512x512 -> 1024x1024,2,1,339.75,37.8901,10.56981,3.251124,0.9838,0.9982,0.0671,6.4141,38.2102,9.818837,3.133502,0.9857,0.9985,0.0805,0.0805,0.0805,6.5886,166.8276,57.8683,166.8276,57.8683,0.5269,38.2102,0.9857,9.818837,3.133502,0.3201,0.0003,-0.0134,-0.1745
/kaggle/input/datasets/duc24kdl/sub-x-ray/sub_X-Ray/sub_NIH/00000857_001.png,,sub_NIH,00000857_001.png,ok,512x512 -> 1024x1024,2,1,341.05,37.3496,11.970848,3.459891,0.988,0.9985,0.0602,8.0307,37.6033,11.291502,3.360283,0.9897,0.9987,0.0799,0.0799,0.0799,7.8207,159.6629,45.1949,159.6629,45.1949,0.4855,37.6033,0.9897,11.291502,3.360283,0.2537,0.0002,-0.0197,0.2101
/kaggle/input/datasets/duc24kdl/sub-x-ray/sub_X-Ray/sub_NIH/00000857_003.png,,sub_NIH,00000857_003.png,ok,512x512 -> 1024x1024,2,1,340.64,42.1303,3.981541,1.99538,0.9608,0.9965,0.1426,6.79,42.3693,3.768346,1.941223,0.963,0.9968,0.1616,0.1616,0.1616,6.7176,126.4097,71.3376,126.4097,71.3376,0.347,42.3693,0.963,3.768346,1.941223,0.239,0.0003,-0.019,0.0724
/kaggle/input/datasets/duc24kdl/sub-x-ray/sub_X-Ray/sub_NIH/00000857_009.png,,sub_NIH,00000857_009.png,ok,512x512 -> 1024x1024,2,1,344.9,35.8672,16.840875,4.103763,0.9655,0.9966,0.1385,6.476,36.2242,15.511701,3.93849,0.9678,0.9969,0.1603,0.1603,0.1603,6.4796,142.4538,50.9596,142.4538,50.9596,0.5908,36.2242,0.9678,15.511701,3.93849,0.3571,0.0003,-0.0218,-0.0036
/kaggle/input/datasets/duc24kdl/sub-x-ray/sub_X-Ray/sub_NIH/00000859_001.png,,sub_NIH,00000859_001.png,ok,512x512 -> 1024x1024,2,1,340.41,38.1323,9.996628,3.161744,0.9838,0.9982,0.0657,6.7407,38.4134,9.370002,3.061046,0.9858,0.9985,0.079,0.079,0.079,6.7367,153.3488,62.5438,153.3488,62.5438,0.504,38.4134,0.9858,9.370002,3.061046,0.2811,0.0003,-0.0132,0.004
/kaggle/input/datasets/duc24kdl/sub-x-ray/sub_X-Ray/sub_NIH/00000860_001.png,,sub_NIH,00000860_001.png,ok,512x512 -> 1024x1024,2,1,340.51,37.0044,12.960949,3.600132,0.9847,0.9982,0.0649,6.3584,37.1045,12.665776,3.558901,0.9868,0.9985,0.0793,0.0793,0.0793,6.5394,170.7765,51.8943,170.7765,51.8943,0.4245,37.1045,0.9868,12.665776,3.558901,0.1001,0.0003,-0.0144,-0.181
/kaggle/input/datasets/duc24kdl/sub-x-ray/sub_X-Ray/sub_NIH/00000865_000.png,,sub_NIH,00000865_000.png,ok,512x512 -> 1024x1024,2,1,341.93,35.513,18.27189,4.274563,0.9791,0.9978,0.0916,6.5941,35.8191,17.028232,4.126528,0.9812,0.9981,0.1105,0.1105,0.1105,6.4697,131.0207,54.518,131.0207,54.518,0.6271,35.8191,0.9812,17.028232,4.126528,0.3061,0.0003,-0.0189,0.1244
/kaggle/input/datasets/duc24kdl/sub-x-ray/sub_X-Ray/sub_NIH/00000865_009.png,,sub_NIH,00000865_009.png,ok,512x512 -> 1024x1024,2,1,341.99,36.4939,14.577845,3.818094,0.9853,0.9983,0.064,6.6316,36.7356,13.788492,3.713286,0.9872,0.9986,0.0767,0.0767,0.0767,6.6955,176.326,54.4637,176.326,54.4637,0.6545,36.7356,0.9872,13.788492,3.713286,0.2418,0.0003,-0.0127,-0.0638
/kaggle/input/datasets/duc24kdl/sub-x-ray/sub_X-Ray/sub_NIH/00000865_011.png,,sub_NIH,00000865_011.png,ok,512x512 -> 1024x1024,2,1,347.43,40.672,5.570328,2.360154,0.9599,0.9964,0.1549,6.6618,40.8988,5.286866,2.299319,0.962,0.9967,0.1759,0.1759,0.1759,6.5772,136.8613,64.7312,136.8613,64.7312,0.3577,40.8988,0.962,5.286866,2.299319,0.2268,0.0003,-0.021,0.0846
/kaggle/input/datasets/duc24kdl/sub-x-ray/sub_X-Ray/sub_NIH/00000869_004.png,,sub_NIH,00000869_004.png,ok,512x512 -> 1024x1024,2,1,342.01,42.3384,3.795219,1.948132,0.964,0.9968,0.1338,6.4823,42.5836,3.586946,1.893923,0.9661,0.9971,0.1522,0.1522,0.1522,6.4115,111.6708,71.5118,111.6708,71.5118,0.3641,42.5836,0.9661,3.586946,1.893923,0.2451,0.0003,-0.0184,0.0708
/kaggle/input/datasets/duc24kdl/sub-x-ray/sub_X-Ray/sub_NIH/00000869_005.png,,sub_NIH,00000869_005.png,ok,512x512 -> 1024x1024,2,1,344.53,42.2463,3.876583,1.968904,0.9624,0.9967,0.1359,6.6,42.5352,3.627113,1.904498,0.9646,0.997,0.153,0.153,0.153,6.558,112.6769,67.6407,112.6769,67.6407,0.3782,42.5352,0.9646,3.627113,1.904498,0.2889,0.0003,-0.0171,0.042
/kaggle/input/datasets/duc24kdl/sub-x-ray/sub_X-Ray/sub_NIH/00000870_008.png,,sub_NIH,00000870_008.png,ok,512x512 -> 1024x1024,2,1,344.98,35.6784,17.589139,4.193941,0.97,0.997,0.117,6.4653,36.0714,16.067384,4.008414,0.9725,0.9974,0.1365,0.1365,0.1365,6.6066,121.1188,54.5795,121.1188,54.5795,0.6208,36.0714,0.9725,16.067384,4.008414,0.393,0.0003,-0.0194,-0.1413
/kaggle/input/datasets/duc24kdl/sub-x-ray/sub_X-Ray/sub_NIH/00000870_011.png,,sub_NIH,00000870_011.png,ok,512x512 -> 1024x1024,2,1,342.83,40.4753,5.828434,2.414215,0.9845,0.9982,0.082,8.23,40.7309,5.495321,2.34421,0.9862,0.9984,0.1104,0.1104,0.1104,7.8765,112.0135,47.3769,112.0135,47.3769,0.4719,40.7309,0.9862,5.495321,2.34421,0.2556,0.0002,-0.0283,0.3535
/kaggle/input/datasets/duc24kdl/sub-x-ray/sub_X-Ray/sub_NIH/00000871_000.png,,sub_NIH,00000871_000.png,ok,512x512 -> 1024x1024,2,1,343.7,37.4664,11.652965,3.413644,0.9854,0.9984,0.067,7.0072,37.72,10.992091,3.315432,0.9873,0.9986,0.0834,0.0834,0.0834,6.9632,172.8492,49.3472,172.8492,49.3472,0.4701,37.72,0.9873,10.992091,3.315432,0.2536,0.0003,-0.0163,0.044
/kaggle/input/datasets/duc24kdl/sub-x-ray/sub_X-Ray/sub_NIH/00000872_002.png,,sub_NIH,00000872_002.png,ok,512x512 -> 1024x1024,2,1,342.46,38.804,8.564158,2.926458,0.9866,0.9985,0.0573,6.6902,39.0532,8.08648,2.843674,0.9884,0.9987,0.0713,0.0713,0.0713,6.6889,152.9789,64.2453,152.9789,64.2453,0.4558,39.0532,0.9884,8.08648,2.843674,0.2493,0.0003,-0.014,0.0013
/kaggle/input/datasets/duc24kdl/sub-x-ray/sub_X-Ray/sub_NIH/00000872_003.png,,sub_NIH,00000872_003.png,ok,512x512 -> 1024x1024,2,1,341.54,41.7481,4.347824,2.085144,0.9619,0.9966,0.1347,6.4033,42.0105,4.092921,2.023097,0.964,0.9969,0.1513,0.1513,0.1513,6.2535,110.7674,60.6868,110.7674,60.6868,0.3924,42.0105,0.964,4.092921,2.023097,0.2624,0.0003,-0.0166,0.1498
/kaggle/input/datasets/duc24kdl/sub-x-ray/sub_X-Ray/sub_NIH/00000872_004.png,,sub_NIH,00000872_004.png,ok,512x512 -> 1024x1024,2,1,345.88,41.6077,4.490692,2.119125,0.9583,0.9963,0.1467,6.6748,41.8913,4.206819,2.051053,0.9606,0.9966,0.1627,0.1627,0.1627,6.6075,112.8046,66.0493,112.8046,66.0493,0.4274,41.8913,0.9606,4.206819,2.051053,0.2836,0.0003,-0.0161,0.0672
/kaggle/input/datasets/duc24kdl/sub-x-ray/sub_X-Ray/sub_NIH/00000873_000.png,,sub_NIH,00000873_000.png,ok,512x512 -> 1024x1024,2,1,342.02,41.2453,4.881482,2.209408,0.9594,0.9963,0.1439,6.7214,41.4896,4.614507,2.14814,0.9618,0.9967,0.1626,0.1626,0.1626,6.5551,118.5775,61.4782,118.5775,61.4782,0.3637,41.4896,0.9618,4.614507,2.14814,0.2443,0.0003,-0.0187,0.1663
/kaggle/input/datasets/duc24kdl/sub-x-ray/sub_X-Ray/sub_NIH/00000873_001.png,,sub_NIH,00000873_001.png,ok,512x512 -> 1024x1024,2,1,346.42,37.7646,10.879806,3.298455,0.9828,0.998,0.0704,6.4486,37.3634,11.932767,3.454384,0.9846,0.9983,0.0834,0.0834,0.0834,6.5941,167.6882,52.967,167.6882,52.967,0.4923,37.3634,0.9846,11.932767,3.454384,-0.4012,0.0003,-0.013,-0.1454
/kaggle/input/datasets/duc24kdl/sub-x-ray/sub_X-Ray/sub_NIH/00000873_002.png,,sub_NIH,00000873_002.png,ok,512x512 -> 1024x1024,2,1,344.7,34.858,21.24604,4.609343,0.9758,0.9975,0.0894,6.6531,35.1662,19.790604,4.448663,0.978,0.9978,0.1043,0.1043,0.1043,6.5267,160.7204,57.903,160.7204,57.903,0.578,35.1662,0.978,19.790604,4.448663,0.3082,0.0003,-0.0149,0.1264
/kaggle/input/datasets/duc24kdl/sub-x-ray/sub_X-Ray/sub_NIH/00000877_003.png,,sub_NIH,00000877_003.png,ok,512x512 -> 1024x1024,2,1,339.7,40.5179,5.771467,2.402388,0.9861,0.9983,0.0724,8.389,40.7996,5.408993,2.325724,0.9879,0.9986,0.0953,0.0953,0.0953,8.0823,113.2423,51.5413,113.2423,51.5413,0.4633,40.7996,0.9879,5.408993,2.325724,0.2817,0.0002,-0.0229,0.3067
/kaggle/input/datasets/duc24kdl/sub-x-ray/sub_X-Ray/sub_NIH/00000877_005.png,,sub_NIH,00000877_005.png,ok,512x512 -> 1024x1024,2,1,343.47,37.71,11.017343,3.319238,0.9785,0.9978,0.1009,6.9543,38.0457,10.197858,3.193409,0.9804,0.998,0.1248,0.1248,0.1248,6.994,108.8685,56.7278,108.8685,56.7278,0.504,38.0457,0.9804,10.197858,3.193409,0.3357,0.0002,-0.0239,-0.0397
/kaggle/input/datasets/duc24kdl/sub-x-ray/sub_X-Ray/sub_NIH/00000877_025.png,,sub_NIH,00000877_025.png,ok,512x512 -> 1024x1024,2,1,344.5,38.2608,9.705084,3.115298,0.9862,0.9983,0.0683,7.4961,38.5845,9.008003,3.001334,0.988,0.9986,0.0876,0.0876,0.0876,7.2707,111.6361,52.0046,111.6361,52.0046,0.5232,38.5845,0.988,9.008003,3.001334,0.3237,0.0003,-0.0193,0.2254
/kaggle/input/datasets/duc24kdl/sub-x-ray/sub_X-Ray/sub_NIH/00000877_027.png,,sub_NIH,00000877_027.png,ok,512x512 -> 1024x1024,2,1,341.4,36.208,15.56956,3.945828,0.9839,0.9981,0.081,6.7447,36.5525,14.382442,3.792419,0.9859,0.9984,0.1048,0.1048,0.1048,6.88,114.0442,45.2619,114.0442,45.2619,0.5438,36.5525,0.9859,14.382442,3.792419,0.3444,0.0003,-0.0238,-0.1354
/kaggle/input/datasets/duc24kdl/sub-x-ray/sub_X-Ray/sub_NIH/00000878_000.png,,sub_NIH,00000878_000.png,ok,512x512 -> 1024x1024,2,1,342.85,41.4089,4.701015,2.168183,0.9621,0.9966,0.1388,6.8103,41.6642,4.43266,2.105388,0.9643,0.9969,0.16,0.16,0.16,6.8536,132.4886,59.2124,132.4886,59.2124,0.3731,41.6642,0.9643,4.43266,2.105388,0.2553,0.0003,-0.0212,-0.0433
/kaggle/input/datasets/duc24kdl/sub-x-ray/sub_X-Ray/sub_NIH/00000882_000.png,,sub_NIH,00000882_000.png,ok,512x512 -> 1024x1024,2,1,345.4,40.3752,5.964351,2.442202,0.9581,0.9962,0.1391,6.65,40.5892,5.677494,2.382749,0.9605,0.9966,0.156,0.156,0.156,6.4177,99.7711,64.1831,99.7711,64.1831,0.3573,40.5892,0.9605,5.677494,2.382749,0.2141,0.0004,-0.0169,0.2324
/kaggle/input/datasets/duc24kdl/sub-x-ray/sub_X-Ray/sub_NIH/00000882_005.png,,sub_NIH,00000882_005.png,ok,512x512 -> 1024x1024,2,1,344.72,38.6484,8.876407,2.97933,0.9868,0.9984,0.0716,6.932,38.8809,8.413796,2.900654,0.9886,0.9986,0.0906,0.0906,0.0906,7.1088,132.2824,49.0489,132.2824,49.0489,0.5304,38.8809,0.9886,8.413796,2.900654,0.2325,0.0003,-0.019,-0.1768
/kaggle/input/datasets/duc24kdl/sub-x-ray/sub_X-Ray/sub_NIH/00000882_007.png,,sub_NIH,00000882_007.png,ok,512x512 -> 1024x1024,2,1,344.04,39.2786,7.677475,2.770826,0.9676,0.997,0.1241,6.5737,39.6169,7.102156,2.664987,0.9698,0.9973,0.1442,0.1442,0.1442,6.5535,114.1727,59.719,114.1727,59.719,0.457,39.6169,0.9698,7.102156,2.664987,0.3383,0.0003,-0.0201,0.0202
/kaggle/input/datasets/duc24kdl/sub-x-ray/sub_X-Ray/sub_NIH/00000887_001.png,,sub_NIH,00000887_001.png,ok,512x512 -> 1024x1024,2,1,341.79,42.2788,3.847656,1.961544,0.9616,0.9965,0.1449,6.6005,42.5112,3.64722,1.90977,0.9636,0.9968,0.1652,0.1652,0.1652,6.5115,125.3462,72.2825,125.3462,72.2825,0.3447,42.5112,0.9636,3.64722,1.90977,0.2323,0.0003,-0.0203,0.089
/kaggle/input/datasets/duc24kdl/sub-x-ray/sub_X-Ray/sub_NIH/00000888_000.png,,sub_NIH,00000888_000.png,ok,512x512 -> 1024x1024,2,1,342.46,47.4223,1.177192,1.084985,0.9877,0.9984,0.0501,8.0782,48.0379,1.021633,1.010759,0.9895,0.9986,0.0678,0.0678,0.0678,7.4101,171.2375,28.7694,171.2375,28.7694,0.4509,48.0379,0.9895,1.021633,1.010759,0.6155,0.0003,-0.0176,0.6681
/kaggle/input/datasets/duc24kdl/sub-x-ray/sub_X-Ray/sub_NIH/00000894_002.png,,sub_NIH,00000894_002.png,ok,512x512 -> 1024x1024,2,1,342.26,36.1431,15.804151,3.975444,0.9813,0.998,0.0701,6.3853,36.3629,15.024196,3.876106,0.9833,0.9983,0.0834,0.0834,0.0834,6.2931,176.9946,52.7643,176.9946,52.7643,0.4887,36.3629,0.9833,15.024196,3.876106,0.2198,0.0003,-0.0133,0.0922
/kaggle/input/datasets/duc24kdl/sub-x-ray/sub_X-Ray/sub_NIH/00000894_004.png,,sub_NIH,00000894_004.png,ok,512x512 -> 1024x1024,2,1,342.44,38.713,8.745386,2.95726,0.9582,0.9963,0.1391,6.4359,39.0155,8.156973,2.856042,0.9605,0.9966,0.1579,0.1579,0.1579,6.4621,115.9341,69.4328,115.9341,69.4328,0.4518,39.0155,0.9605,8.156973,2.856042,0.3025,0.0003,-0.0188,-0.0263
/kaggle/input/datasets/duc24kdl/sub-x-ray/sub_X-Ray/sub_NIH/00000895_000.png,,sub_NIH,00000895_000.png,ok,512x512 -> 1024x1024,2,1,345.01,42.6922,3.49835,1.870388,0.9629,0.9966,0.1267,6.791,42.9814,3.272928,1.809124,0.9652,0.9969,0.1439,0.1439,0.1439,6.7008,97.1002,62.2039,97.1002,62.2039,0.3725,42.9814,0.9652,3.272928,1.809124,0.2893,0.0003,-0.0171,0.0902
/kaggle/input/datasets/duc24kdl/sub-x-ray/sub_X-Ray/sub_NIH/00000898_001.png,,sub_NIH,00000898_001.png,ok,512x512 -> 1024x1024,2,1,341.38,37.3718,11.909683,3.451041,0.9826,0.9981,0.0674,6.7266,37.5905,11.324898,3.365249,0.9846,0.9984,0.0826,0.0826,0.0826,6.795,166.4898,49.2218,166.4898,49.2218,0.5659,37.5905,0.9846,11.324898,3.365249,0.2187,0.0003,-0.0151,-0.0684
/kaggle/input/datasets/duc24kdl/sub-x-ray/sub_X-Ray/sub_NIH/00000901_002.png,,sub_NIH,00000901_002.png,ok,512x512 -> 1024x1024,2,1,342.71,40.626,5.629648,2.372688,0.9603,0.9964,0.1482,6.6688,40.9769,5.192625,2.278733,0.9625,0.9967,0.1689,0.1689,0.1689,6.5047,138.081,67.9574,138.081,67.9574,0.4246,40.9769,0.9625,5.192625,2.278733,0.3509,0.0003,-0.0207,0.1641
/kaggle/input/datasets/duc24kdl/sub-x-ray/sub_X-Ray/sub_NIH/00000902_000.png,,sub_NIH,00000902_000.png,ok,512x512 -> 1024x1024,2,1,340.34,41.2074,4.924295,2.219075,0.9566,0.9961,0.1598,6.5404,41.3673,4.746262,2.178592,0.9588,0.9964,0.1805,0.1805,0.1805,6.4755,130.876,68.6547,130.876,68.6547,0.3726,41.3673,0.9588,4.746262,2.178592,0.1599,0.0003,-0.0207,0.0649
/kaggle/input/datasets/duc24kdl/sub-x-ray/sub_X-Ray/sub_NIH/00000905_000.png,,sub_NIH,00000905_000.png,ok,512x512 -> 1024x1024,2,1,339.17,36.9617,13.089066,3.617881,0.9847,0.9983,0.0694,6.5842,37.1846,12.434293,3.526229,0.9867,0.9985,0.0837,0.0837,0.0837,6.7754,164.5278,53.826,164.5278,53.826,0.4792,37.1846,0.9867,12.434293,3.526229,0.2229,0.0003,-0.0143,-0.1912
/kaggle/input/datasets/duc24kdl/sub-x-ray/sub_X-Ray/sub_NIH/00000907_000.png,,sub_NIH,00000907_000.png,ok,512x512 -> 1024x1024,2,1,341.91,41.7737,4.322229,2.078997,0.9573,0.9961,0.1471,6.3551,42.0467,4.058946,2.014683,0.9596,0.9965,0.1668,0.1668,0.1668,6.2914,117.6805,66.2022,117.6805,66.2022,0.3889,42.0467,0.9596,4.058946,2.014683,0.2729,0.0003,-0.0197,0.0636
/kaggle/input/datasets/duc24kdl/sub-x-ray/sub_X-Ray/sub_NIH/00000907_001.png,,sub_NIH,00000907_001.png,ok,512x512 -> 1024x1024,2,1,341.5,41.7714,4.324547,2.079555,0.9634,0.9967,0.137,6.5426,42.04,4.065171,2.016227,0.9656,0.997,0.1571,0.1571,0.1571,6.4516,114.8392,66.8419,114.8392,66.8419,0.3669,42.04,0.9656,4.065171,2.016227,0.2686,0.0003,-0.02,0.0911
/kaggle/input/datasets/duc24kdl/sub-x-ray/sub_X-Ray/sub_NIH/00000909_000.png,,sub_NIH,00000909_000.png,ok,512x512 -> 1024x1024,2,1,341.31,42.6398,3.540819,1.881707,0.9647,0.9968,0.1241,6.5658,42.8986,3.335979,1.826466,0.9667,0.9971,0.1415,0.1415,0.1415,6.3097,112.6418,69.8022,112.6418,69.8022,0.3651,42.8986,0.9667,3.335979,1.826466,0.2588,0.0003,-0.0174,0.256
/kaggle/input/datasets/duc24kdl/sub-x-ray/sub_X-Ray/sub_NIH/00000909_002.png,,sub_NIH,00000909_002.png,ok,512x512 -> 1024x1024,2,1,339.33,38.3064,9.603811,3.099002,0.9872,0.9985,0.0659,7.35,38.7115,8.748499,2.957786,0.989,0.9987,0.0863,0.0863,0.0863,7.335,109.5356,53.4906,109.5356,53.4906,0.5162,38.7115,0.989,8.748499,2.957786,0.4051,0.0003,-0.0204,0.0149
/kaggle/input/datasets/duc24kdl/sub-x-ray/sub_X-Ray/sub_NIH/00000914_004.png,,sub_NIH,00000914_004.png,ok,512x512 -> 1024x1024,2,1,341.23,37.4735,11.633957,3.410859,0.9854,0.9983,0.0613,6.6446,37.7282,10.971307,3.312296,0.9874,0.9986,0.0743,0.0743,0.0743,6.6683,173.6762,50.8262,173.6762,50.8262,0.4783,37.7282,0.9874,10.971307,3.312296,0.2547,0.0003,-0.0129,-0.0238
/kaggle/input/datasets/duc24kdl/sub-x-ray/sub_X-Ray/sub_NIH/00000914_005.png,,sub_NIH,00000914_005.png,ok,512x512 -> 1024x1024,2,1,338.82,42.3507,3.784495,1.945378,0.9643,0.9968,0.1353,6.5192,42.6155,3.560645,1.886967,0.9665,0.997,0.1551,0.1551,0.1551,6.5339,122.0051,67.0077,122.0051,67.0077,0.3675,42.6155,0.9665,3.560645,1.886967,0.2648,0.0003,-0.0198,-0.0147
/kaggle/input/datasets/duc24kdl/sub-x-ray/sub_X-Ray/sub_NIH/00000915_001.png,,sub_NIH,00000915_001.png,ok,512x512 -> 1024x1024,2,1,336.37,39.4566,7.369164,2.71462,0.9826,0.9981,0.0715,6.2953,39.6014,7.127583,2.669753,0.9842,0.9983,0.0884,0.0884,0.0884,6.3579,116.4427,71.6334,116.4427,71.6334,0.4768,39.6014,0.9842,7.127583,2.669753,0.1448,0.0002,-0.0169,-0.0626
/kaggle/input/datasets/duc24kdl/sub-x-ray/sub_X-Ray/sub_NIH/00000915_005.png,,sub_NIH,00000915_005.png,ok,512x512 -> 1024x1024,2,1,340.5,42.7154,3.479708,1.865397,0.9816,0.9981,0.0644,6.424,43.2727,3.060658,1.749474,0.9836,0.9983,0.0787,0.0787,0.0787,6.4549,157.0536,60.925,157.0536,60.925,0.4875,43.2727,0.9836,3.060658,1.749474,0.5573,0.0003,-0.0144,-0.0309
/kaggle/input/datasets/duc24kdl/sub-x-ray/sub_X-Ray/sub_NIH/00000916_000.png,,sub_NIH,00000916_000.png,ok,512x512 -> 1024x1024,2,1,337.31,42.7202,3.475834,1.864359,0.9836,0.9982,0.0613,6.8301,43.3189,3.028265,1.740191,0.9857,0.9985,0.0781,0.0781,0.0781,6.8431,167.5079,51.6387,167.5079,51.6387,0.4559,43.3189,0.9857,3.028265,1.740191,0.5987,0.0003,-0.0169,-0.013
/kaggle/input/datasets/duc24kdl/sub-x-ray/sub_X-Ray/sub_NIH/00000917_000.png,,sub_NIH,00000917_000.png,ok,512x512 -> 1024x1024,2,1,338.77,44.5569,2.277131,1.509017,0.9842,0.9983,0.0593,6.8235,44.6727,2.21721,1.48903,0.9861,0.9985,0.0745,0.0745,0.0745,6.8115,160.5665,55.3036,160.5665,55.3036,0.4646,44.6727,0.9861,2.21721,1.48903,0.1158,0.0003,-0.0152,0.012
/kaggle/input/datasets/duc24kdl/sub-x-ray/sub_X-Ray/sub_NIH/00000920_001.png,,sub_NIH,00000920_001.png,ok,512x512 -> 1024x1024,2,1,337.92,43.9644,2.609999,1.615549,0.9751,0.9974,0.0955,6.8957,44.3669,2.378984,1.542395,0.9773,0.9977,0.1221,0.1221,0.1221,6.808,106.7089,36.7475,106.7089,36.7475,0.4424,44.3669,0.9773,2.378984,1.542395,0.4025,0.0003,-0.0266,0.0877
/kaggle/input/datasets/duc24kdl/sub-x-ray/sub_X-Ray/sub_NIH/00000922_000.png,,sub_NIH,00000922_000.png,ok,512x512 -> 1024x1024,2,1,333.1,38.7962,8.579406,2.929062,0.9847,0.9982,0.0589,6.4196,38.665,8.842615,2.973653,0.9863,0.9984,0.0705,0.0705,0.0705,6.5223,125.9166,79.5464,125.9166,79.5464,0.5573,38.665,0.9863,8.842615,2.973653,-0.1312,0.0002,-0.0117,-0.1027
/kaggle/input/datasets/duc24kdl/sub-x-ray/sub_X-Ray/sub_NIH/00000924_000.png,,sub_NIH,00000924_000.png,ok,512x512 -> 1024x1024,2,1,337.14,37.5011,11.560453,3.400067,0.9815,0.998,0.0683,6.8306,37.7738,10.856814,3.294968,0.9835,0.9983,0.084,0.084,0.084,6.6216,161.4035,67.2966,161.4035,67.2966,0.4918,37.7738,0.9835,10.856814,3.294968,0.2727,0.0003,-0.0157,0.209
/kaggle/input/datasets/duc24kdl/sub-x-ray/sub_X-Ray/sub_NIH/00000930_002.png,,sub_NIH,00000930_002.png,ok,512x512 -> 1024x1024,2,1,341.81,41.6302,4.467484,2.113642,0.9501,0.9955,0.1713,6.5746,41.8801,4.217643,2.05369,0.9527,0.9959,0.1922,0.1922,0.1922,6.5073,135.1465,62.2773,135.1465,62.2773,0.371,41.8801,0.9527,4.217643,2.05369,0.2499,0.0004,-0.0209,0.0673
/kaggle/input/datasets/duc24kdl/sub-x-ray/sub_X-Ray/sub_NIH/00000936_000.png,,sub_NIH,00000936_000.png,ok,512x512 -> 1024x1024,2,1,340.43,42.4094,3.733739,1.932289,0.9674,0.997,0.1153,6.4348,42.6793,3.508724,1.873159,0.9694,0.9973,0.1316,0.1316,0.1316,6.3435,93.4931,61.3571,93.4931,61.3571,0.3979,42.6793,0.9694,3.508724,1.873159,0.2699,0.0003,-0.0163,0.0913
/kaggle/input/datasets/duc24kdl/sub-x-ray/sub_X-Ray/sub_NIH/00000937_005.png,,sub_NIH,00000937_005.png,ok,512x512 -> 1024x1024,2,1,340.91,40.4118,5.914295,2.431932,0.9762,0.9977,0.0952,6.5704,40.7849,5.427391,2.329676,0.9785,0.998,0.112,0.112,0.112,6.6152,146.694,63.3066,146.694,63.3066,0.6104,40.7849,0.9785,5.427391,2.329676,0.3731,0.0003,-0.0168,-0.0448
/kaggle/input/datasets/duc24kdl/sub-x-ray/sub_X-Ray/sub_NIH/00000937_007.png,,sub_NIH,00000937_007.png,ok,512x512 -> 1024x1024,2,1,343.09,35.6836,17.567989,4.191418,0.9752,0.9975,0.0929,6.3362,36.1204,15.887119,3.985865,0.9773,0.9977,0.1078,0.1078,0.1078,6.3724,119.9833,66.5297,119.9833,66.5297,0.6087,36.1204,0.9773,15.887119,3.985865,0.4368,0.0003,-0.0149,-0.0362
/kaggle/input/datasets/duc24kdl/sub-x-ray/sub_X-Ray/sub_NIH/00000938_005.png,,sub_NIH,00000938_005.png,ok,512x512 -> 1024x1024,2,1,341.28,37.7257,10.977799,3.313276,0.9837,0.9981,0.0616,6.1929,38.017,10.265484,3.203979,0.9857,0.9984,0.0754,0.0754,0.0754,6.513,121.0134,55.1727,121.0134,55.1727,0.6121,38.017,0.9857,10.265484,3.203979,0.2914,0.0003,-0.0138,-0.3201
/kaggle/input/datasets/duc24kdl/sub-x-ray/sub_X-Ray/sub_NIH/00000939_000.png,,sub_NIH,00000939_000.png,ok,512x512 -> 1024x1024,2,1,342.72,45.8601,1.686815,1.298775,0.9834,0.9982,0.0792,6.8331,46.4622,1.468442,1.211793,0.9855,0.9984,0.0982,0.0982,0.0982,6.69,148.511,62.613,148.511,62.613,0.4924,46.4622,0.9855,1.468442,1.211793,0.6021,0.0003,-0.019,0.143
/kaggle/input/datasets/duc24kdl/sub-x-ray/sub_X-Ray/sub_NIH/00000945_000.png,,sub_NIH,00000945_000.png,ok,512x512 -> 1024x1024,2,1,339.7,35.8213,17.019746,4.125499,0.9776,0.9977,0.1007,6.8804,36.0383,16.190239,4.02371,0.9797,0.998,0.1168,0.1168,0.1168,6.7088,168.4772,57.5053,168.4772,57.5053,0.486,36.0383,0.9797,16.190239,4.02371,0.217,0.0003,-0.0161,0.1716
/kaggle/input/datasets/duc24kdl/sub-x-ray/sub_X-Ray/sub_NIH/00000947_002.png,,sub_NIH,00000947_002.png,ok,512x512 -> 1024x1024,2,1,335.56,37.3939,11.849135,3.442257,0.9825,0.9981,0.0722,6.774,37.7355,10.952903,3.309517,0.9843,0.9984,0.0873,0.0873,0.0873,6.6298,139.2737,75.3706,139.2737,75.3706,0.5495,37.7355,0.9843,10.952903,3.309517,0.3416,0.0002,-0.0151,0.1442
/kaggle/input/datasets/duc24kdl/sub-x-ray/sub_X-Ray/sub_NIH/00000949_000.png,,sub_NIH,00000949_000.png,ok,512x512 -> 1024x1024,2,1,339.27,38.8014,8.569144,2.92731,0.9886,0.9985,0.0547,7.0729,39.0314,8.127147,2.850815,0.9903,0.9988,0.0698,0.0698,0.0698,7.0425,153.6505,52.3631,153.6505,52.3631,0.4746,39.0314,0.9903,8.127147,2.850815,0.23,0.0003,-0.0151,0.0304
/kaggle/input/datasets/duc24kdl/sub-x-ray/sub_X-Ray/sub_NIH/00000949_009.png,,sub_NIH,00000949_009.png,ok,512x512 -> 1024x1024,2,1,342.42,41.918,4.18096,2.04474,0.9664,0.997,0.1194,6.32,42.2143,3.905235,1.976167,0.9684,0.9973,0.1349,0.1349,0.1349,6.3674,110.1975,72.1292,110.1975,72.1292,0.4272,42.2143,0.9684,3.905235,1.976167,0.2963,0.0003,-0.0155,-0.0475
/kaggle/input/datasets/duc24kdl/sub-x-ray/sub_X-Ray/sub_NIH/00000954_004.png,,sub_NIH,00000954_004.png,ok,512x512 -> 1024x1024,2,1,339.88,38.3117,9.592105,3.097112,0.9837,0.9982,0.0751,6.7362,38.3649,9.475192,3.07818,0.9856,0.9985,0.0905,0.0905,0.0905,6.6501,158.4405,58.9494,158.4405,58.9494,0.4558,38.3649,0.9856,9.475192,3.07818,0.0533,0.0003,-0.0155,0.0861
/kaggle/input/datasets/duc24kdl/sub-x-ray/sub_X-Ray/sub_NIH/00000955_005.png,,sub_NIH,00000955_005.png,ok,512x512 -> 1024x1024,2,1,339.58,38.7742,8.623051,2.936503,0.9873,0.9984,0.0655,7.6014,39.0234,8.142181,2.853451,0.9891,0.9987,0.0852,0.0852,0.0852,7.3495,136.0547,46.3064,136.0547,46.3064,0.5019,39.0234,0.9891,8.142181,2.853451,0.2492,0.0003,-0.0197,0.2519
/kaggle/input/datasets/duc24kdl/sub-x-ray/sub_X-Ray/sub_NIH/00000958_000.png,,sub_NIH,00000958_000.png,ok,512x512 -> 1024x1024,2,1,341.29,38.361,9.483781,3.079575,0.9852,0.9983,0.0568,6.6348,38.6579,8.857101,2.976088,0.9871,0.9985,0.0694,0.0694,0.0694,6.4988,148.0268,72.1948,148.0268,72.1948,0.4969,38.6579,0.9871,8.857101,2.976088,0.2969,0.0003,-0.0126,0.136
/kaggle/input/datasets/duc24kdl/sub-x-ray/sub_X-Ray/sub_NIH/00000960_000.png,,sub_NIH,00000960_000.png,ok,512x512 -> 1024x1024,2,1,340.56,44.6335,2.237329,1.49577,0.9865,0.9984,0.0523,7.0606,45.212,1.958287,1.399388,0.9883,0.9987,0.0698,0.0698,0.0698,7.042,160.9482,50.9283,160.9482,50.9283,0.4245,45.212,0.9883,1.958287,1.399388,0.5785,0.0003,-0.0175,0.0186
/kaggle/input/datasets/duc24kdl/sub-x-ray/sub_X-Ray/sub_NIH/00000963_002.png,,sub_NIH,00000963_002.png,ok,512x512 -> 1024x1024,2,1,341.41,35.5443,18.14065,4.259184,0.9744,0.9974,0.0867,5.779,35.7317,17.374581,4.168283,0.9766,0.9977,0.0987,0.0987,0.0987,6.0209,99.4151,64.7321,99.4151,64.7321,0.5827,35.7317,0.9766,17.374581,4.168283,0.1874,0.0003,-0.012,-0.2419
/kaggle/input/datasets/duc24kdl/sub-x-ray/sub_X-Ray/sub_NIH/00000963_007.png,,sub_NIH,00000963_007.png,ok,512x512 -> 1024x1024,2,1,339.89,38.1151,10.03621,3.167998,0.9805,0.998,0.0707,6.5952,38.4765,9.234883,3.038895,0.9826,0.9983,0.0863,0.0863,0.0863,6.4282,153.4798,65.5966,153.4798,65.5966,0.4772,38.4765,0.9826,9.234883,3.038895,0.3614,0.0003,-0.0156,0.167
/kaggle/input/datasets/duc24kdl/sub-x-ray/sub_X-Ray/sub_NIH/00000963_012.png,,sub_NIH,00000963_012.png,ok,512x512 -> 1024x1024,2,1,339.25,35.1165,20.018623,4.474218,0.9825,0.9982,0.0762,6.779,35.496,18.343488,4.28293,0.9844,0.9984,0.0943,0.0943,0.0943,6.7347,100.2856,61.2159,100.2856,61.2159,0.5544,35.496,0.9844,18.343488,4.28293,0.3795,0.0002,-0.0182,0.0443
/kaggle/input/datasets/duc24kdl/sub-x-ray/sub_X-Ray/sub_NIH/00000963_014.png,,sub_NIH,00000963_014.png,ok,512x512 -> 1024x1024,2,1,340.93,34.8867,21.106106,4.594138,0.9859,0.9982,0.0601,6.421,35.1785,19.734821,4.442389,0.9876,0.9985,0.0756,0.0756,0.0756,6.6339,149.3932,59.5359,149.3932,59.5359,0.5086,35.1785,0.9876,19.734821,4.442389,0.2917,0.0003,-0.0155,-0.2129
/kaggle/input/datasets/duc24kdl/sub-x-ray/sub_X-Ray/sub_NIH/00000963_020.png,,sub_NIH,00000963_020.png,ok,512x512 -> 1024x1024,2,1,340.62,42.3121,3.81829,1.954044,0.9666,0.9969,0.118,6.0905,42.5856,3.585281,1.893484,0.9686,0.9972,0.1337,0.1337,0.1337,6.1798,107.8162,70.1735,107.8162,70.1735,0.4068,42.5856,0.9686,3.585281,1.893484,0.2735,0.0003,-0.0158,-0.0893
/kaggle/input/datasets/duc24kdl/sub-x-ray/sub_X-Ray/sub_NIH/00000963_026.png,,sub_NIH,00000963_026.png,ok,512x512 -> 1024x1024,2,1,336.79,42.0915,4.017308,2.004322,0.9649,0.9968,0.1318,6.1985,42.388,3.752153,1.937048,0.967,0.9971,0.1511,0.1511,0.1511,6.2485,113.4151,68.2682,113.4151,68.2682,0.3925,42.388,0.967,3.752153,1.937048,0.2965,0.0003,-0.0193,-0.05
/kaggle/input/datasets/duc24kdl/sub-x-ray/sub_X-Ray/sub_NIH/00000965_000.png,,sub_NIH,00000965_000.png,ok,512x512 -> 1024x1024,2,1,337.52,41.3102,4.809008,2.192945,0.9595,0.9964,0.1411,6.7455,41.5277,4.574142,2.138724,0.9617,0.9967,0.1583,0.1583,0.1583,6.5938,115.8538,66.1185,115.8538,66.1185,0.337,41.5277,0.9617,4.574142,2.138724,0.2175,0.0003,-0.0172,0.1517
/kaggle/input/datasets/duc24kdl/sub-x-ray/sub_X-Ray/sub_NIH/00000971_000.png,,sub_NIH,00000971_000.png,ok,512x512 -> 1024x1024,2,1,341.44,45.8377,1.695568,1.30214,0.9823,0.9981,0.0654,6.7536,46.3457,1.508365,1.228155,0.9844,0.9984,0.081,0.081,0.081,6.8064,170.3717,51.5831,170.3717,51.5831,0.4308,46.3457,0.9844,1.508365,1.228155,0.5081,0.0003,-0.0156,-0.0527
/kaggle/input/datasets/duc24kdl/sub-x-ray/sub_X-Ray/sub_NIH/00000971_003.png,,sub_NIH,00000971_003.png,ok,512x512 -> 1024x1024,2,1,339.8,41.8617,4.235552,2.058046,0.966,0.9969,0.124,6.8296,42.2078,3.911108,1.977652,0.9682,0.9972,0.143,0.143,0.143,6.7618,116.0353,60.2521,116.0353,60.2521,0.3944,42.2078,0.9682,3.911108,1.977652,0.3461,0.0003,-0.0191,0.0678
/kaggle/input/datasets/duc24kdl/sub-x-ray/sub_X-Ray/sub_NIH/00000974_006.png,,sub_NIH,00000974_006.png,ok,512x512 -> 1024x1024,2,1,342.18,37.6948,11.056063,3.325066,0.9845,0.9982,0.0725,6.5205,37.9516,10.421269,3.228199,0.9863,0.9985,0.0905,0.0905,0.0905,6.7123,113.9644,50.662,113.9644,50.662,0.4776,37.9516,0.9863,10.421269,3.228199,0.2568,0.0003,-0.0179,-0.1918
/kaggle/input/datasets/duc24kdl/sub-x-ray/sub_X-Ray/sub_NIH/00000974_008.png,,sub_NIH,00000974_008.png,ok,512x512 -> 1024x1024,2,1,341.28,42.4948,3.660995,1.913373,0.9629,0.9966,0.133,6.6732,42.7601,3.44403,1.85581,0.9651,0.9969,0.1511,0.1511,0.1511,6.6409,116.6181,71.0596,116.6181,71.0596,0.3922,42.7601,0.9651,3.44403,1.85581,0.2653,0.0003,-0.0181,0.0324
/kaggle/input/datasets/duc24kdl/sub-x-ray/sub_X-Ray/sub_NIH/00000974_009.png,,sub_NIH,00000974_009.png,ok,512x512 -> 1024x1024,2,1,340.14,41.7515,4.344448,2.084334,0.9618,0.9965,0.1333,6.4104,42.0234,4.080743,2.020085,0.9639,0.9968,0.1497,0.1497,0.1497,6.3284,117.3755,71.921,117.3755,71.921,0.4108,42.0234,0.9639,4.080743,2.020085,0.272,0.0003,-0.0164,0.0819
/kaggle/input/datasets/duc24kdl/sub-x-ray/sub_X-Ray/sub_NIH/00000974_010.png,,sub_NIH,00000974_010.png,ok,512x512 -> 1024x1024,2,1,339.11,42.9549,3.292988,1.814659,0.9659,0.9969,0.1285,6.5393,43.2247,3.094629,1.759156,0.9678,0.9972,0.1466,0.1466,0.1466,6.4622,112.6776,74.9525,112.6776,74.9525,0.3978,43.2247,0.9678,3.094629,1.759156,0.2698,0.0003,-0.0182,0.0771
/kaggle/input/datasets/duc24kdl/sub-x-ray/sub_X-Ray/sub_NIH/00000976_005.png,,sub_NIH,00000976_005.png,ok,512x512 -> 1024x1024,2,1,340.75,41.1132,5.032257,2.243269,0.9618,0.9966,0.1406,6.3734,41.3548,4.75988,2.181715,0.9639,0.9969,0.1586,0.1586,0.1586,6.383,111.5547,67.5242,111.5547,67.5242,0.3645,41.3548,0.9639,4.75988,2.181715,0.2417,0.0003,-0.0179,-0.0096
/kaggle/input/datasets/duc24kdl/sub-x-ray/sub_X-Ray/sub_NIH/00000978_000.png,,sub_NIH,00000978_000.png,ok,512x512 -> 1024x1024,2,1,345.61,36.1579,15.750434,3.968682,0.9737,0.9974,0.1005,6.1036,36.4933,14.579915,3.818365,0.9761,0.9977,0.1184,0.1184,0.1184,6.1258,133.8549,54.8374,133.8549,54.8374,0.6144,36.4933,0.9761,14.579915,3.818365,0.3354,0.0003,-0.0179,-0.0222
/kaggle/input/datasets/duc24kdl/sub-x-ray/sub_X-Ray/sub_NIH/00000979_006.png,,sub_NIH,00000979_006.png,ok,512x512 -> 1024x1024,2,1,340.82,41.1799,4.955529,2.226102,0.9445,0.995,0.174,6.4964,41.4134,4.696168,2.167064,0.9472,0.9954,0.1914,0.1914,0.1914,6.4372,117.3571,66.8759,117.3571,66.8759,0.3829,41.4134,0.9472,4.696168,2.167064,0.2335,0.0004,-0.0174,0.0592
/kaggle/input/datasets/duc24kdl/sub-x-ray/sub_X-Ray/sub_NIH/00000981_000.png,,sub_NIH,00000981_000.png,ok,512x512 -> 1024x1024,2,1,340.63,41.6506,4.446567,2.108688,0.9596,0.9964,0.1307,6.3171,41.8394,4.257369,2.063339,0.9619,0.9967,0.147,0.147,0.147,6.2542,102.9712,67.1563,102.9712,67.1563,0.413,41.8394,0.9619,4.257369,2.063339,0.1888,0.0003,-0.0163,0.0629
/kaggle/input/datasets/duc24kdl/sub-x-ray/sub_X-Ray/sub_NIH/00000982_000.png,,sub_NIH,00000982_000.png,ok,512x512 -> 1024x1024,2,1,340.5,38.2962,9.626331,3.102633,0.9868,0.9984,0.0572,8.3594,38.3761,9.450933,3.074237,0.9884,0.9986,0.0787,0.0787,0.0787,8.0411,155.0529,46.5849,155.0529,46.5849,0.5281,38.3761,0.9884,9.450933,3.074237,0.0799,0.0002,-0.0215,0.3183
/kaggle/input/datasets/duc24kdl/sub-x-ray/sub_X-Ray/sub_NIH/00000983_000.png,,sub_NIH,00000983_000.png,ok,512x512 -> 1024x1024,2,1,341.95,40.6822,5.5572,2.357371,0.9451,0.9951,0.1788,6.7369,40.9003,5.285009,2.298915,0.9477,0.9955,0.1974,0.1974,0.1974,6.6391,122.6233,60.5161,122.6233,60.5161,0.3589,40.9003,0.9477,5.285009,2.298915,0.2181,0.0004,-0.0186,0.0978
/kaggle/input/datasets/duc24kdl/sub-x-ray/sub_X-Ray/sub_NIH/00000988_000.png,,sub_NIH,00000988_000.png,ok,512x512 -> 1024x1024,2,1,341.04,43.2695,3.062906,1.750116,0.9831,0.9981,0.0713,6.8875,43.8667,2.669379,1.633824,0.9852,0.9983,0.0901,0.0901,0.0901,6.8077,178.2083,36.8054,178.2083,36.8054,0.4093,43.8667,0.9852,2.669379,1.633824,0.5972,0.0003,-0.0188,0.0798
/kaggle/input/datasets/duc24kdl/sub-x-ray/sub_X-Ray/sub_NIH/00000992_001.png,,sub_NIH,00000992_001.png,ok,512x512 -> 1024x1024,2,1,344.03,43.9664,2.608795,1.615176,0.985,0.9983,0.0641,6.8451,44.5794,2.265365,1.505113,0.9871,0.9985,0.0843,0.0843,0.0843,6.9835,153.2731,46.1414,153.2731,46.1414,0.4583,44.5794,0.9871,2.265365,1.505113,0.613,0.0003,-0.0202,-0.1384
/kaggle/input/datasets/duc24kdl/sub-x-ray/sub_X-Ray/sub_NIH/00000996_002.png,,sub_NIH,00000996_002.png,ok,512x512 -> 1024x1024,2,1,342.66,43.9642,2.610115,1.615585,0.9725,0.9972,0.1061,6.9712,44.3547,2.385666,1.54456,0.9748,0.9975,0.1302,0.1302,0.1302,6.8631,105.2741,37.915,105.2741,37.915,0.4206,44.3547,0.9748,2.385666,1.54456,0.3905,0.0003,-0.0242,0.1081
/kaggle/input/datasets/duc24kdl/sub-x-ray/sub_X-Ray/sub_NIH/00000996_005.png,,sub_NIH,00000996_005.png,ok,512x512 -> 1024x1024,2,1,344.19,40.5918,5.674182,2.382054,0.9574,0.9963,0.1413,6.3265,40.8359,5.363968,2.316024,0.9597,0.9966,0.1578,0.1578,0.1578,6.296,116.9244,68.8186,116.9244,68.8186,0.4087,40.8359,0.9597,5.363968,2.316024,0.2442,0.0003,-0.0165,0.0305
/kaggle/input/datasets/duc24kdl/sub-x-ray/sub_X-Ray/sub_NIH/00000997_002.png,,sub_NIH,00000997_002.png,ok,512x512 -> 1024x1024,2,1,345.46,42.1043,4.005479,2.001369,0.9673,0.997,0.1218,6.248,42.4158,3.728252,1.930868,0.9694,0.9973,0.1392,0.1392,0.1392,6.2909,108.5699,67.1949,108.5699,67.1949,0.4234,42.4158,0.9694,3.728252,1.930868,0.3115,0.0003,-0.0174,-0.0429
/kaggle/input/datasets/duc24kdl/sub-x-ray/sub_X-Ray/sub_NIH/00000997_003.png,,sub_NIH,00000997_003.png,ok,512x512 -> 1024x1024,2,1,342.73,41.0722,5.079958,2.253876,0.9616,0.9966,0.1329,6.196,41.3461,4.769425,2.183901,0.9638,0.9969,0.1493,0.1493,0.1493,6.246,102.203,71.037,102.203,71.037,0.3873,41.3461,0.9638,4.769425,2.183901,0.2739,0.0003,-0.0165,-0.05
/kaggle/input/datasets/duc24kdl/sub-x-ray/sub_X-Ray/sub_NIH/00000997_004.png,,sub_NIH,00000997_004.png,ok,512x512 -> 1024x1024,2,1,344.55,36.1437,15.802068,3.975181,0.9835,0.9982,0.0773,6.6053,36.3722,14.991866,3.871933,0.9855,0.9985,0.0926,0.0926,0.0926,6.7411,166.2691,51.5066,166.2691,51.5066,0.4982,36.3722,0.9855,14.991866,3.871933,0.2286,0.0003,-0.0154,-0.1358
/kaggle/input/datasets/duc24kdl/sub-x-ray/sub_X-Ray/sub_NIH/00001000_001.png,,sub_NIH,00001000_001.png,ok,512x512 -> 1024x1024,2,1,343.74,40.1844,6.232169,2.496431,0.9545,0.996,0.1529,6.4141,40.4376,5.879176,2.424701,0.9569,0.9963,0.1697,0.1697,0.1697,6.4281,114.5533,69.6656,114.5533,69.6656,0.3931,40.4376,0.9569,5.879176,2.424701,0.2532,0.0003,-0.0168,-0.014
/kaggle/input/datasets/duc24kdl/sub-x-ray/sub_X-Ray/sub_NIH/00001005_002.png,,sub_NIH,00001005_002.png,ok,512x512 -> 1024x1024,2,1,339.11,39.4658,7.353662,2.711764,0.9772,0.9977,0.0795,6.4202,39.837,6.751187,2.598305,0.9795,0.9979,0.0948,0.0948,0.0948,6.4579,128.4798,67.394,128.4798,67.394,0.5734,39.837,0.9795,6.751187,2.598305,0.3712,0.0003,-0.0152,-0.0377
/kaggle/input/datasets/duc24kdl/sub-x-ray/sub_X-Ray/sub_NIH/00001006_002.png,,sub_NIH,00001006_002.png,ok,512x512 -> 1024x1024,2,1,347.04,41.8237,4.272785,2.067072,0.9538,0.9959,0.1494,6.3192,42.0764,4.031244,2.007796,0.9562,0.9962,0.1674,0.1674,0.1674,6.23,102.212,68.4768,102.212,68.4768,0.3734,42.0764,0.9562,4.031244,2.007796,0.2527,0.0004,-0.018,0.0891
/kaggle/input/datasets/duc24kdl/sub-x-ray/sub_X-Ray/sub_NIH/00001006_003.png,,sub_NIH,00001006_003.png,ok,512x512 -> 1024x1024,2,1,345.38,36.8402,13.460541,3.668861,0.9773,0.9977,0.0854,6.1725,37.4488,11.70042,3.420588,0.9796,0.998,0.1003,0.1003,0.1003,6.2682,113.5917,60.4004,113.5917,60.4004,0.5616,37.4488,0.9796,11.70042,3.420588,0.6086,0.0003,-0.0149,-0.0957
/kaggle/input/datasets/duc24kdl/sub-x-ray/sub_X-Ray/sub_NIH/00001006_009.png,,sub_NIH,00001006_009.png,ok,512x512 -> 1024x1024,2,1,341.48,37.3773,11.894741,3.448875,0.9855,0.9983,0.0581,6.7641,37.6471,11.178131,3.343371,0.9873,0.9986,0.073,0.073,0.073,6.6847,163.0468,60.8538,163.0468,60.8538,0.4818,37.6471,0.9873,11.178131,3.343371,0.2699,0.0003,-0.0149,0.0795
/kaggle/input/datasets/duc24kdl/sub-x-ray/sub_X-Ray/sub_NIH/00001006_010.png,,sub_NIH,00001006_010.png,ok,512x512 -> 1024x1024,2,1,338.98,40.8787,5.311466,2.304662,0.9851,0.9984,0.0764,7.0783,41.1696,4.967253,2.228734,0.9868,0.9986,0.0952,0.0952,0.0952,7.0883,87.9109,61.0294,87.9109,61.0294,0.468,41.1696,0.9868,4.967253,2.228734,0.291,0.0002,-0.0188,-0.01
/kaggle/input/datasets/duc24kdl/sub-x-ray/sub_X-Ray/sub_NIH/00001006_014.png,,sub_NIH,00001006_014.png,ok,512x512 -> 1024x1024,2,1,347.56,41.8177,4.27872,2.068507,0.9608,0.9964,0.1424,6.679,42.1004,4.009059,2.002264,0.9631,0.9967,0.1618,0.1618,0.1618,6.6419,101.6483,60.1847,101.6483,60.1847,0.4076,42.1004,0.9631,4.009059,2.002264,0.2827,0.0003,-0.0194,0.0371
/kaggle/input/datasets/duc24kdl/sub-x-ray/sub_X-Ray/sub_NIH/00001006_016.png,,sub_NIH,00001006_016.png,ok,512x512 -> 1024x1024,2,1,346.61,41.3475,4.767929,2.183559,0.9626,0.9965,0.1331,6.3311,41.6989,4.397381,2.096993,0.965,0.9969,0.1525,0.1525,0.1525,6.326,94.8384,58.8034,94.8384,58.8034,0.4592,41.6989,0.965,4.397381,2.096993,0.3514,0.0003,-0.0193,0.0051
/kaggle/input/datasets/duc24kdl/sub-x-ray/sub_X-Ray/sub_NIH/00001006_018.png,,sub_NIH,00001006_018.png,ok,512x512 -> 1024x1024,2,1,344.26,42.8834,3.34766,1.829661,0.9677,0.997,0.1191,6.4338,43.2041,3.109385,1.763345,0.9698,0.9973,0.1368,0.1368,0.1368,6.3355,85.8019,59.3908,85.8019,59.3908,0.3981,43.2041,0.9698,3.109385,1.763345,0.3207,0.0003,-0.0177,0.0983
/kaggle/input/datasets/duc24kdl/sub-x-ray/sub_X-Ray/sub_NIH/00001006_020.png,,sub_NIH,00001006_020.png,ok,512x512 -> 1024x1024,2,1,344.52,43.1947,3.116058,1.765236,0.9685,0.997,0.1218,6.5727,43.5118,2.896696,1.701968,0.9707,0.9973,0.1416,0.1416,0.1416,6.4569,90.8985,52.0074,90.8985,52.0074,0.4094,43.5118,0.9707,2.896696,1.701968,0.317,0.0003,-0.0198,0.1157
/kaggle/input/datasets/duc24kdl/sub-x-ray/sub_X-Ray/sub_NIH/00001006_021.png,,sub_NIH,00001006_021.png,ok,512x512 -> 1024x1024,2,1,345.02,41.7383,4.357648,2.087498,0.9649,0.9969,0.1154,6.098,42.0656,4.041277,2.010293,0.9669,0.9972,0.1291,0.1291,0.1291,5.956,90.934,68.7767,90.934,68.7767,0.4418,42.0656,0.9669,4.041277,2.010293,0.3273,0.0003,-0.0137,0.142
/kaggle/input/datasets/duc24kdl/sub-x-ray/sub_X-Ray/sub_NIH/00001007_002.png,,sub_NIH,00001007_002.png,ok,512x512 -> 1024x1024,2,1,343.06,35.8342,16.969031,4.119348,0.9745,0.9974,0.1165,6.693,36.2111,15.558488,3.944425,0.9767,0.9977,0.1377,0.1377,0.1377,6.7332,114.142,55.7629,114.142,55.7629,0.6014,36.2111,0.9767,15.558488,3.944425,0.3769,0.0003,-0.0212,-0.0402
/kaggle/input/datasets/duc24kdl/sub-x-ray/sub_X-Ray/sub_NIH/00001007_003.png,,sub_NIH,00001007_003.png,ok,512x512 -> 1024x1024,2,1,346.65,35.9792,16.412019,4.051175,0.9838,0.9982,0.0673,6.9329,36.2215,15.521414,3.939723,0.9856,0.9985,0.0814,0.0814,0.0814,6.8186,163.2501,67.7758,163.2501,67.7758,0.4798,36.2215,0.9856,15.521414,3.939723,0.2423,0.0003,-0.0142,0.1143
/kaggle/input/datasets/duc24kdl/sub-x-ray/sub_X-Ray/sub_NIH/00001018_000.png,,sub_NIH,00001018_000.png,ok,512x512 -> 1024x1024,2,1,344.81,42.0924,4.016418,2.0041,0.9612,0.9965,0.1357,6.5453,42.3512,3.784091,1.945274,0.9635,0.9968,0.1544,0.1544,0.1544,6.6117,119.735,64.8823,119.735,64.8823,0.3753,42.3512,0.9635,3.784091,1.945274,0.2588,0.0003,-0.0188,-0.0664
/kaggle/input/datasets/duc24kdl/sub-x-ray/sub_X-Ray/sub_NIH/00001019_000.png,,sub_NIH,00001019_000.png,ok,512x512 -> 1024x1024,2,1,344.8,42.1902,3.92697,1.981658,0.9671,0.997,0.1272,6.6069,42.4897,3.665291,1.914495,0.969,0.9972,0.1482,0.1482,0.1482,6.6324,120.3617,73.9208,120.3617,73.9208,0.3983,42.4897,0.969,3.665291,1.914495,0.2995,0.0002,-0.021,-0.0255
/kaggle/input/datasets/duc24kdl/sub-x-ray/sub_X-Ray/sub_NIH/00001019_002.png,,sub_NIH,00001019_002.png,ok,512x512 -> 1024x1024,2,1,348.04,36.7767,13.658772,3.695778,0.9844,0.9983,0.0654,7.0038,37.1197,12.621467,3.55267,0.9865,0.9986,0.079,0.079,0.079,6.882,171.4039,54.7284,171.4039,54.7284,0.47,37.1197,0.9865,12.621467,3.55267,0.343,0.0003,-0.0137,0.1218
/kaggle/input/datasets/duc24kdl/sub-x-ray/sub_X-Ray/sub_NIH/00001021_001.png,,sub_NIH,00001021_001.png,ok,512x512 -> 1024x1024,2,1,336.9,42.2088,3.91021,1.977425,0.9645,0.9969,0.1201,6.159,42.4392,3.708172,1.925662,0.9666,0.9972,0.1349,0.1349,0.1349,6.2504,94.5961,70.7072,94.5961,70.7072,0.3255,42.4392,0.9666,3.708172,1.925662,0.2304,0.0003,-0.0148,-0.0914
/kaggle/input/datasets/duc24kdl/sub-x-ray/sub_X-Ray/sub_NIH/00001021_002.png,,sub_NIH,00001021_002.png,ok,512x512 -> 1024x1024,2,1,345.45,38.5779,9.021843,3.003638,0.9767,0.9977,0.0985,6.6124,39.0261,8.137083,2.852557,0.979,0.9979,0.1184,0.1184,0.1184,6.7251,122.4266,60.3014,122.4266,60.3014,0.5188,39.0261,0.979,8.137083,2.852557,0.4483,0.0003,-0.0199,-0.1127
/kaggle/input/datasets/duc24kdl/sub-x-ray/sub_X-Ray/sub_NIH/00001021_004.png,,sub_NIH,00001021_004.png,ok,512x512 -> 1024x1024,2,1,349.95,41.8482,4.248696,2.061237,0.964,0.9968,0.1219,6.151,42.0621,4.044534,2.011103,0.9662,0.9971,0.1381,0.1381,0.1381,6.2747,111.4208,66.9667,111.4208,66.9667,0.3283,42.0621,0.9662,4.044534,2.011103,0.2139,0.0003,-0.0162,-0.1237
/kaggle/input/datasets/duc24kdl/sub-x-ray/sub_X-Ray/sub_NIH/00001029_001.png,,sub_NIH,00001029_001.png,ok,512x512 -> 1024x1024,2,1,348.45,35.4303,18.622867,4.315422,0.9716,0.9971,0.1113,5.9805,35.6769,17.595093,4.19465,0.9739,0.9975,0.1287,0.1287,0.1287,6.1686,114.9976,56.1168,114.9976,56.1168,0.5902,35.6769,0.9739,17.595093,4.19465,0.2465,0.0003,-0.0173,-0.1881
/kaggle/input/datasets/duc24kdl/sub-x-ray/sub_X-Ray/sub_NIH/00001029_003.png,,sub_NIH,00001029_003.png,ok,512x512 -> 1024x1024,2,1,344.62,38.214,9.810223,3.132128,0.9864,0.9983,0.0736,7.8798,38.4778,9.232065,3.038431,0.9882,0.9986,0.0958,0.0958,0.0958,7.8185,127.2891,58.7569,127.2891,58.7569,0.4697,38.4778,0.9882,9.232065,3.038431,0.2638,0.0002,-0.0222,0.0613
/kaggle/input/datasets/duc24kdl/sub-x-ray/sub_X-Ray/sub_NIH/00001029_015.png,,sub_NIH,00001029_015.png,ok,512x512 -> 1024x1024,2,1,348.62,41.1413,4.999805,2.236024,0.9617,0.9966,0.1353,6.5814,41.3986,4.712154,2.17075,0.9639,0.9969,0.1526,0.1526,0.1526,6.6312,101.0126,64.8981,101.0126,64.8981,0.372,41.3986,0.9639,4.712154,2.17075,0.2573,0.0003,-0.0173,-0.0498
/kaggle/input/datasets/duc24kdl/sub-x-ray/sub_X-Ray/sub_NIH/00001029_016.png,,sub_NIH,00001029_016.png,ok,512x512 -> 1024x1024,2,1,345.3,36.1783,15.676552,3.959363,0.9783,0.9977,0.0811,6.0829,36.5727,14.315734,3.783614,0.9805,0.998,0.0964,0.0964,0.0964,6.1487,111.9101,60.3654,111.9101,60.3654,0.6281,36.5727,0.9805,14.315734,3.783614,0.3944,0.0003,-0.0153,-0.0658
/kaggle/input/datasets/duc24kdl/sub-x-ray/sub_X-Ray/sub_NIH/00001031_002.png,,sub_NIH,00001031_002.png,ok,512x512 -> 1024x1024,2,1,342.91,39.7128,6.947041,2.635724,0.953,0.9958,0.1718,6.5808,39.9796,6.533056,2.555984,0.9553,0.9961,0.1914,0.1914,0.1914,6.5673,139.7571,68.7346,139.7571,68.7346,0.4116,39.9796,0.9553,6.533056,2.555984,0.2668,0.0003,-0.0195,0.0134
/kaggle/input/datasets/duc24kdl/sub-x-ray/sub_X-Ray/sub_NIH/00001033_000.png,,sub_NIH,00001033_000.png,ok,512x512 -> 1024x1024,2,1,346.04,47.3678,1.192065,1.091817,0.9846,0.9982,0.0703,7.968,47.881,1.059196,1.029172,0.9865,0.9984,0.0908,0.0908,0.0908,7.4685,174.9932,34.5461,174.9932,34.5461,0.372,47.881,0.9865,1.059196,1.029172,0.5132,0.0002,-0.0205,0.4994
/kaggle/input/datasets/duc24kdl/sub-x-ray/sub_X-Ray/sub_NIH/00001039_004.png,,sub_NIH,00001039_004.png,ok,512x512 -> 1024x1024,2,1,348.07,42.7343,3.464608,1.861346,0.9742,0.9976,0.1065,6.2838,43.0495,3.222017,1.794998,0.9761,0.9978,0.124,0.124,0.124,6.3196,107.7137,64.6145,107.7137,64.6145,0.43,43.0495,0.9761,3.222017,1.794998,0.3153,0.0002,-0.0176,-0.0358
/kaggle/input/datasets/duc24kdl/sub-x-ray/sub_X-Ray/sub_NIH/00001040_000.png,,sub_NIH,00001040_000.png,ok,512x512 -> 1024x1024,2,1,349.05,47.4392,1.172616,1.082874,0.986,0.9983,0.0559,7.0357,48.0587,1.016732,1.008331,0.988,0.9986,0.0716,0.0716,0.0716,6.7052,149.4232,55.5781,149.4232,55.5781,0.4455,48.0587,0.988,1.016732,1.008331,0.6195,0.0003,-0.0157,0.3305
/kaggle/input/datasets/duc24kdl/sub-x-ray/sub_X-Ray/sub_NIH/00001040_001.png,,sub_NIH,00001040_001.png,ok,512x512 -> 1024x1024,2,1,347.79,41.3464,4.769191,2.183848,0.9572,0.9962,0.135,6.2387,41.6559,4.441113,2.107395,0.9595,0.9965,0.1498,0.1498,0.1498,6.1921,107.5927,69.306,107.5927,69.306,0.4273,41.6559,0.9595,4.441113,2.107395,0.3095,0.0003,-0.0148,0.0466
/kaggle/input/datasets/duc24kdl/sub-x-ray/sub_X-Ray/sub_NIH/00001042_000.png,,sub_NIH,00001042_000.png,ok,512x512 -> 1024x1024,2,1,346.23,46.5194,1.44924,1.203844,0.9859,0.9983,0.0599,7.0317,47.1548,1.251989,1.118923,0.988,0.9986,0.0763,0.0763,0.0763,6.8093,165.719,46.9482,165.719,46.9482,0.4695,47.1548,0.988,1.251989,1.118923,0.6354,0.0003,-0.0164,0.2223
/kaggle/input/datasets/duc24kdl/sub-x-ray/sub_X-Ray/sub_NIH/00001043_000.png,,sub_NIH,00001043_000.png,ok,512x512 -> 1024x1024,2,1,345.24,37.4279,11.756938,3.428839,0.9846,0.9983,0.0584,6.2999,37.6617,11.140644,3.33776,0.9866,0.9985,0.0711,0.0711,0.0711,6.3484,176.9975,52.105,176.9975,52.105,0.4801,37.6617,0.9866,11.140644,3.33776,0.2338,0.0003,-0.0127,-0.0485
/kaggle/input/datasets/duc24kdl/sub-x-ray/sub_X-Ray/sub_NIH/00001045_003.png,,sub_NIH,00001045_003.png,ok,512x512 -> 1024x1024,2,1,342.42,37.0274,12.892629,3.590631,0.9821,0.9981,0.076,6.4111,37.0495,12.827096,3.581493,0.9842,0.9983,0.0906,0.0906,0.0906,6.529,166.1566,51.493,166.1566,51.493,0.4188,37.0495,0.9842,12.827096,3.581493,0.0221,0.0003,-0.0146,-0.118
/kaggle/input/datasets/duc24kdl/sub-x-ray/sub_X-Ray/sub_NIH/00001045_004.png,,sub_NIH,00001045_004.png,ok,512x512 -> 1024x1024,2,1,340.39,35.579,17.996264,4.2422,0.9679,0.9969,0.1231,6.347,35.9072,16.68636,4.084894,0.9702,0.9972,0.142,0.142,0.142,6.4848,142.0728,58.2905,142.0728,58.2905,0.5983,35.9072,0.9702,16.68636,4.084894,0.3282,0.0003,-0.019,-0.1377
/kaggle/input/datasets/duc24kdl/sub-x-ray/sub_X-Ray/sub_NIH/00001048_000.png,,sub_NIH,00001048_000.png,ok,512x512 -> 1024x1024,2,1,344.45,46.5003,1.455642,1.2065,0.9853,0.9982,0.0613,6.948,47.1478,1.254008,1.119825,0.9874,0.9985,0.0756,0.0756,0.0756,6.8116,172.8718,41.5756,172.8718,41.5756,0.4418,47.1478,0.9874,1.254008,1.119825,0.6475,0.0003,-0.0142,0.1364
/kaggle/input/datasets/duc24kdl/sub-x-ray/sub_X-Ray/sub_NIH/00001049_000.png,,sub_NIH,00001049_000.png,ok,512x512 -> 1024x1024,2,1,343.34,44.6254,2.241515,1.497169,0.9717,0.9972,0.1191,6.8513,45.0022,2.055233,1.433608,0.9738,0.9974,0.15,0.15,0.15,6.6332,108.5586,29.1097,108.5586,29.1097,0.3932,45.0022,0.9738,2.055233,1.433608,0.3768,0.0003,-0.0308,0.2181
/kaggle/input/datasets/duc24kdl/sub-x-ray/sub_X-Ray/sub_NIH/00001052_002.png,,sub_NIH,00001052_002.png,ok,512x512 -> 1024x1024,2,1,344.88,41.3311,4.785977,2.187688,0.9611,0.9965,0.1448,6.7101,41.5815,4.517837,2.12552,0.9632,0.9968,0.1642,0.1642,0.1642,6.6658,117.4882,67.9156,117.4882,67.9156,0.3719,41.5815,0.9632,4.517837,2.12552,0.2504,0.0003,-0.0194,0.0443
/kaggle/input/datasets/duc24kdl/sub-x-ray/sub_X-Ray/sub_NIH/00001054_004.png,,sub_NIH,00001054_004.png,ok,512x512 -> 1024x1024,2,1,341.46,38.3591,9.488005,3.080261,0.9884,0.9986,0.0504,6.8416,38.5921,8.992352,2.998725,0.9902,0.9988,0.0655,0.0655,0.0655,6.8636,161.9794,55.8837,161.9794,55.8837,0.4803,38.5921,0.9902,8.992352,2.998725,0.233,0.0003,-0.0151,-0.0219
/kaggle/input/datasets/duc24kdl/sub-x-ray/sub_X-Ray/sub_NIH/00001055_006.png,,sub_NIH,00001055_006.png,ok,512x512 -> 1024x1024,2,1,347.15,37.0005,12.972721,3.601766,0.987,0.9985,0.0544,6.5822,37.2643,12.208066,3.494004,0.9887,0.9987,0.0665,0.0665,0.0665,6.644,167.6297,68.5693,167.6297,68.5693,0.4897,37.2643,0.9887,12.208066,3.494004,0.2638,0.0002,-0.012,-0.0618
/kaggle/input/datasets/duc24kdl/sub-x-ray/sub_X-Ray/sub_NIH/00001055_007.png,,sub_NIH,00001055_007.png,ok,512x512 -> 1024x1024,2,1,340.01,40.1808,6.237414,2.497481,0.9526,0.9958,0.1524,6.4811,40.4668,5.839773,2.416562,0.9549,0.9961,0.1689,0.1689,0.1689,6.5015,105.028,69.669,105.028,69.669,0.3693,40.4668,0.9549,5.839773,2.416562,0.2861,0.0003,-0.0165,-0.0204
/kaggle/input/datasets/duc24kdl/sub-x-ray/sub_X-Ray/sub_NIH/00001056_000.png,,sub_NIH,00001056_000.png,ok,512x512 -> 1024x1024,2,1,339.29,41.2051,4.926915,2.219666,0.9649,0.9968,0.1331,6.5532,41.4374,4.670259,2.161078,0.9668,0.997,0.154,0.154,0.154,6.4159,129.9871,75.1248,129.9871,75.1248,0.3675,41.4374,0.9668,4.670259,2.161078,0.2323,0.0002,-0.0208,0.1374
/kaggle/input/datasets/duc24kdl/sub-x-ray/sub_X-Ray/sub_NIH/00001059_001.png,,sub_NIH,00001059_001.png,ok,512x512 -> 1024x1024,2,1,341.62,35.7561,17.277263,4.156593,0.9622,0.9966,0.1413,6.4152,36.0528,16.136058,4.016971,0.9644,0.9969,0.1591,0.1591,0.1591,6.4779,112.4825,68.4032,112.4825,68.4032,0.5439,36.0528,0.9644,16.136058,4.016971,0.2968,0.0003,-0.0178,-0.0627
/kaggle/input/datasets/duc24kdl/sub-x-ray/sub_X-Ray/sub_NIH/00001059_004.png,,sub_NIH,00001059_004.png,ok,512x512 -> 1024x1024,2,1,346.41,41.0952,5.053159,2.247923,0.9657,0.9969,0.1228,6.2472,41.4469,4.660009,2.158705,0.9677,0.9972,0.1388,0.1388,0.1388,6.2007,101.6917,72.7165,101.6917,72.7165,0.4611,41.4469,0.9677,4.660009,2.158705,0.3518,0.0003,-0.0159,0.0465
/kaggle/input/datasets/duc24kdl/sub-x-ray/sub_X-Ray/sub_NIH/00001068_003.png,,sub_NIH,00001068_003.png,ok,512x512 -> 1024x1024,2,1,339.63,40.6616,5.583658,2.362976,0.9581,0.9963,0.161,6.8388,40.8852,5.303492,2.302931,0.9602,0.9965,0.1837,0.1837,0.1837,6.8473,137.2901,71.8659,137.2901,71.8659,0.3589,40.8852,0.9602,5.303492,2.302931,0.2236,0.0003,-0.0227,-0.0086
/kaggle/input/datasets/duc24kdl/sub-x-ray/sub_X-Ray/sub_NIH/00001071_000.png,,sub_NIH,00001071_000.png,ok,512x512 -> 1024x1024,2,1,339.4,43.4917,2.910118,1.705907,0.9708,0.9974,0.1122,6.4112,43.7457,2.744782,1.656739,0.9727,0.9976,0.1282,0.1282,0.1282,6.2649,106.4664,68.0357,106.4664,68.0357,0.3563,43.7457,0.9727,2.744782,1.656739,0.254,0.0003,-0.0159,0.1464
/kaggle/input/datasets/duc24kdl/sub-x-ray/sub_X-Ray/sub_NIH/00001075_005.png,,sub_NIH,00001075_005.png,ok,512x512 -> 1024x1024,2,1,337.31,35.5828,17.980486,4.24034,0.9782,0.9977,0.0975,6.5033,35.9197,16.638444,4.079025,0.9802,0.998,0.1161,0.1161,0.1161,6.4909,110.8429,67.5338,110.8429,67.5338,0.6184,35.9197,0.9802,16.638444,4.079025,0.3369,0.0003,-0.0186,0.0124
/kaggle/input/datasets/duc24kdl/sub-x-ray/sub_X-Ray/sub_NIH/00001075_015.png,,sub_NIH,00001075_015.png,ok,512x512 -> 1024x1024,2,1,344.77,38.0918,10.090137,3.176498,0.9797,0.9977,0.0871,6.5339,38.3669,9.470844,3.077474,0.9818,0.998,0.1061,0.1061,0.1061,6.6512,99.5647,48.1612,99.5647,48.1612,0.623,38.3669,0.9818,9.470844,3.077474,0.2751,0.0003,-0.0189,-0.1172
/kaggle/input/datasets/duc24kdl/sub-x-ray/sub_X-Ray/sub_NIH/00001075_020.png,,sub_NIH,00001075_020.png,ok,512x512 -> 1024x1024,2,1,345.27,38.3377,9.534859,3.087857,0.9774,0.9975,0.0995,6.8438,38.6413,8.891078,2.981791,0.9797,0.9978,0.1197,0.1197,0.1197,6.8402,103.1406,44.1386,103.1406,44.1386,0.6021,38.6413,0.9797,8.891078,2.981791,0.3036,0.0003,-0.0202,0.0037
/kaggle/input/datasets/duc24kdl/sub-x-ray/sub_X-Ray/sub_NIH/00001075_022.png,,sub_NIH,00001075_022.png,ok,512x512 -> 1024x1024,2,1,342.92,42.7455,3.455617,1.858929,0.9692,0.9972,0.12,6.4976,42.9643,3.28586,1.812694,0.971,0.9974,0.1366,0.1366,0.1366,6.4157,100.615,81.274,100.615,81.274,0.3116,42.9643,0.971,3.28586,1.812694,0.2188,0.0002,-0.0166,0.0819
/kaggle/input/datasets/duc24kdl/sub-x-ray/sub_X-Ray/sub_NIH/00001075_024.png,,sub_NIH,00001075_024.png,ok,512x512 -> 1024x1024,2,1,345.59,42.3543,3.781412,1.944585,0.9546,0.9958,0.1729,6.9122,42.6257,3.552305,1.884756,0.9569,0.9961,0.1949,0.1949,0.1949,6.8904,125.8137,72.0712,125.8137,72.0712,0.3672,42.6257,0.9569,3.552305,1.884756,0.2714,0.0003,-0.0221,0.0217
/kaggle/input/datasets/duc24kdl/sub-x-ray/sub_X-Ray/sub_NIH/00001075_026.png,,sub_NIH,00001075_026.png,ok,512x512 -> 1024x1024,2,1,346.5,35.7211,17.417003,4.173368,0.9731,0.9973,0.1022,6.1667,36.061,16.10568,4.013188,0.9754,0.9976,0.1184,0.1184,0.1184,6.3527,123.704,53.2787,123.704,53.2787,0.6181,36.061,0.9754,16.10568,4.013188,0.3399,0.0003,-0.0161,-0.186
/kaggle/input/datasets/duc24kdl/sub-x-ray/sub_X-Ray/sub_NIH/00001075_028.png,,sub_NIH,00001075_028.png,ok,512x512 -> 1024x1024,2,1,344.5,34.9442,20.828677,4.563845,0.9718,0.9972,0.0993,6.1023,35.3535,18.955492,4.353791,0.9742,0.9975,0.1131,0.1131,0.1131,6.2726,129.0467,63.4956,129.0467,63.4956,0.6235,35.3535,0.9742,18.955492,4.353791,0.4093,0.0003,-0.0139,-0.1703
/kaggle/input/datasets/duc24kdl/sub-x-ray/sub_X-Ray/sub_NIH/00001075_030.png,,sub_NIH,00001075_030.png,ok,512x512 -> 1024x1024,2,1,342.96,35.877,16.80256,4.099093,0.972,0.9972,0.1069,6.2276,36.2435,15.442843,3.929738,0.9744,0.9975,0.1241,0.1241,0.1241,6.4212,123.2823,53.8383,123.2823,53.8383,0.6068,36.2435,0.9744,15.442843,3.929738,0.3665,0.0003,-0.0172,-0.1936
/kaggle/input/datasets/duc24kdl/sub-x-ray/sub_X-Ray/sub_NIH/00001075_038.png,,sub_NIH,00001075_038.png,ok,512x512 -> 1024x1024,2,1,342.18,47.2871,1.214425,1.10201,0.9866,0.9984,0.0549,7.109,47.883,1.058714,1.028938,0.9885,0.9986,0.0713,0.0713,0.0713,6.8704,168.9183,46.4093,168.9183,46.4093,0.4415,47.883,0.9885,1.058714,1.028938,0.5959,0.0002,-0.0164,0.2386
/kaggle/input/datasets/duc24kdl/sub-x-ray/sub_X-Ray/sub_NIH/00001077_002.png,,sub_NIH,00001077_002.png,ok,512x512 -> 1024x1024,2,1,342.67,38.3283,9.555336,3.091171,0.9835,0.9982,0.0633,6.4379,38.9225,8.333587,2.886795,0.9855,0.9985,0.0763,0.0763,0.0763,6.5329,141.8906,71.7025,141.8906,71.7025,0.5308,38.9225,0.9855,8.333587,2.886795,0.5941,0.0003,-0.013,-0.0949
/kaggle/input/datasets/duc24kdl/sub-x-ray/sub_X-Ray/sub_NIH/00001078_000.png,,sub_NIH,00001078_000.png,ok,512x512 -> 1024x1024,2,1,339.25,35.1185,20.009125,4.473156,0.9673,0.9967,0.1212,6.0792,35.4667,18.467755,4.297413,0.9698,0.997,0.1375,0.1375,0.1375,6.2374,121.6815,54.4404,121.6815,54.4404,0.6125,35.4667,0.9698,18.467755,4.297413,0.3481,0.0004,-0.0163,-0.1582
/kaggle/input/datasets/duc24kdl/sub-x-ray/sub_X-Ray/sub_NIH/00001078_002.png,,sub_NIH,00001078_002.png,ok,512x512 -> 1024x1024,2,1,339.46,40.8397,5.359289,2.315014,0.9552,0.996,0.156,6.5418,41.0573,5.097455,2.257754,0.9575,0.9964,0.1763,0.1763,0.1763,6.5109,134.6945,65.4527,134.6945,65.4527,0.3433,41.0573,0.9575,5.097455,2.257754,0.2175,0.0003,-0.0203,0.0309
/kaggle/input/datasets/duc24kdl/sub-x-ray/sub_X-Ray/sub_NIH/00001081_002.png,,sub_NIH,00001081_002.png,ok,512x512 -> 1024x1024,2,1,343.88,41.77,4.325937,2.079889,0.9665,0.9969,0.1319,6.7208,42.0393,4.06581,2.016385,0.9685,0.9971,0.1532,0.1532,0.1532,6.5911,129.9462,65.3304,129.9462,65.3304,0.383,42.0393,0.9685,4.06581,2.016385,0.2693,0.0003,-0.0213,0.1297
/kaggle/input/datasets/duc24kdl/sub-x-ray/sub_X-Ray/sub_NIH/00001082_006.png,,sub_NIH,00001082_006.png,ok,512x512 -> 1024x1024,2,1,342.01,41.4212,4.687656,2.1651,0.9578,0.9963,0.1542,6.8111,41.6363,4.461151,2.112144,0.9601,0.9966,0.1728,0.1728,0.1728,6.6213,116.0146,62.3886,116.0146,62.3886,0.3828,41.6363,0.9601,4.461151,2.112144,0.2151,0.0003,-0.0186,0.1898
/kaggle/input/datasets/duc24kdl/sub-x-ray/sub_X-Ray/sub_NIH/00001085_001.png,,sub_NIH,00001085_001.png,ok,512x512 -> 1024x1024,2,1,340.07,37.2212,12.329795,3.511381,0.981,0.998,0.0756,6.6323,37.4887,11.593454,3.404916,0.9832,0.9982,0.09,0.09,0.09,6.6103,160.0157,61.0748,160.0157,61.0748,0.5043,37.4887,0.9832,11.593454,3.404916,0.2674,0.0003,-0.0144,0.022
/kaggle/input/datasets/duc24kdl/sub-x-ray/sub_X-Ray/sub_NIH/00001086_001.png,,sub_NIH,00001086_001.png,ok,512x512 -> 1024x1024,2,1,342.09,38.4223,9.350802,3.057908,0.9544,0.9959,0.1604,6.6567,38.6535,8.866011,2.977585,0.9568,0.9962,0.1798,0.1798,0.1798,6.542,126.2263,68.8176,126.2263,68.8176,0.3949,38.6535,0.9568,8.866011,2.977585,0.2312,0.0003,-0.0194,0.1147
/kaggle/input/datasets/duc24kdl/sub-x-ray/sub_X-Ray/sub_NIH/00001088_006.png,,sub_NIH,00001088_006.png,ok,512x512 -> 1024x1024,2,1,341.38,37.0357,12.867849,3.587178,0.9843,0.9982,0.0689,6.5548,37.2647,12.206961,3.493846,0.9862,0.9985,0.0829,0.0829,0.0829,6.4523,168.8572,57.2422,168.8572,57.2422,0.4789,37.2647,0.9862,12.206961,3.493846,0.229,0.0003,-0.014,0.1025
/kaggle/input/datasets/duc24kdl/sub-x-ray/sub_X-Ray/sub_NIH/00001088_008.png,,sub_NIH,00001088_008.png,ok,512x512 -> 1024x1024,2,1,342.41,41.6728,4.423861,2.103298,0.9605,0.9965,0.1517,6.9159,41.9415,4.158403,2.039216,0.9626,0.9967,0.1731,0.1731,0.1731,6.8236,135.5636,65.7708,135.5636,65.7708,0.3718,41.9415,0.9626,4.158403,2.039216,0.2687,0.0003,-0.0214,0.0924
/kaggle/input/datasets/duc24kdl/sub-x-ray/sub_X-Ray/sub_NIH/00001088_018.png,,sub_NIH,00001088_018.png,ok,512x512 -> 1024x1024,2,1,339.85,37.0853,12.721813,3.566765,0.9795,0.9978,0.1017,7.4694,37.3974,11.839807,3.440902,0.9813,0.998,0.1298,0.1298,0.1298,7.3659,126.0209,52.9431,126.0209,52.9431,0.4976,37.3974,0.9813,11.839807,3.440902,0.312,0.0002,-0.0281,0.1035
/kaggle/input/datasets/duc24kdl/sub-x-ray/sub_X-Ray/sub_NIH/00001088_023.png,,sub_NIH,00001088_023.png,ok,512x512 -> 1024x1024,2,1,339.73,42.1336,3.978467,1.99461,0.9595,0.9964,0.154,6.6758,42.3615,3.775102,1.942962,0.9616,0.9967,0.1763,0.1763,0.1763,6.6186,138.0472,65.4464,138.0472,65.4464,0.3404,42.3615,0.9616,3.775102,1.942962,0.2279,0.0003,-0.0224,0.0572
/kaggle/input/datasets/duc24kdl/sub-x-ray/sub_X-Ray/sub_NIH/00001093_001.png,,sub_NIH,00001093_001.png,ok,512x512 -> 1024x1024,2,1,340.2,41.1639,4.973804,2.230203,0.9582,0.9963,0.1365,6.2072,41.4517,4.654852,2.157511,0.9606,0.9966,0.1531,0.1531,0.1531,6.1626,104.0459,70.1415,104.0459,70.1415,0.4137,41.4517,0.9606,4.654852,2.157511,0.2878,0.0003,-0.0166,0.0446
/kaggle/input/datasets/duc24kdl/sub-x-ray/sub_X-Ray/sub_NIH/00001093_002.png,,sub_NIH,00001093_002.png,ok,512x512 -> 1024x1024,2,1,340.1,41.1733,4.963115,2.227805,0.9586,0.9963,0.137,6.2342,41.4637,4.642031,2.154537,0.9611,0.9966,0.1534,0.1534,0.1534,6.2285,102.5654,69.5409,102.5654,69.5409,0.4237,41.4637,0.9611,4.642031,2.154537,0.2905,0.0004,-0.0164,0.0057
/kaggle/input/datasets/duc24kdl/sub-x-ray/sub_X-Ray/sub_NIH/00001093_004.png,,sub_NIH,00001093_004.png,ok,512x512 -> 1024x1024,2,1,342.35,44.4475,2.335249,1.528152,0.9772,0.9975,0.0845,6.9287,44.9563,2.077083,1.441209,0.9795,0.9978,0.1056,0.1056,0.1056,6.6873,103.4413,38.328,103.4413,38.328,0.4855,44.9563,0.9795,2.077083,1.441209,0.5088,0.0003,-0.0211,0.2414
/kaggle/input/datasets/duc24kdl/sub-x-ray/sub_X-Ray/sub_NIH/00001098_000.png,,sub_NIH,00001098_000.png,ok,512x512 -> 1024x1024,2,1,339.94,35.754,17.285323,4.157562,0.9816,0.9981,0.0677,6.7474,36.112,15.91767,3.989695,0.9836,0.9983,0.0818,0.0818,0.0818,6.5622,170.8005,67.5079,170.8005,67.5079,0.4911,36.112,0.9836,15.91767,3.989695,0.358,0.0003,-0.0141,0.1852
/kaggle/input/datasets/duc24kdl/sub-x-ray/sub_X-Ray/sub_NIH/00001100_001.png,,sub_NIH,00001100_001.png,ok,512x512 -> 1024x1024,2,1,337.57,41.2555,4.869993,2.206806,0.9549,0.9959,0.1604,6.6093,41.5232,4.578855,2.139826,0.9573,0.9962,0.1813,0.1813,0.1813,6.5873,136.1739,61.6499,136.1739,61.6499,0.3671,41.5232,0.9573,4.578855,2.139826,0.2677,0.0003,-0.0209,0.022
/kaggle/input/datasets/duc24kdl/sub-x-ray/sub_X-Ray/sub_NIH/00001100_002.png,,sub_NIH,00001100_002.png,ok,512x512 -> 1024x1024,2,1,341.25,35.4805,18.408854,4.290554,0.976,0.9976,0.0838,6.6973,35.8032,17.090695,4.134089,0.9784,0.9979,0.0998,0.0998,0.0998,6.743,149.2377,57.1207,149.2377,57.1207,0.6436,35.8032,0.9784,17.090695,4.134089,0.3227,0.0003,-0.016,-0.0457
/kaggle/input/datasets/duc24kdl/sub-x-ray/sub_X-Ray/sub_NIH/00001101_002.png,,sub_NIH,00001101_002.png,ok,512x512 -> 1024x1024,2,1,341.56,37.2563,12.230629,3.497232,0.9741,0.9974,0.11,6.3112,37.5825,11.345751,3.368345,0.9764,0.9977,0.1262,0.1262,0.1262,6.4929,115.4213,49.49,115.4213,49.49,0.5722,37.5825,0.9764,11.345751,3.368345,0.3262,0.0003,-0.0162,-0.1817
/kaggle/input/datasets/duc24kdl/sub-x-ray/sub_X-Ray/sub_NIH/00001101_009.png,,sub_NIH,00001101_009.png,ok,512x512 -> 1024x1024,2,1,342.29,38.701,8.769542,2.961341,0.9626,0.9967,0.1464,6.641,38.9722,8.238676,2.870309,0.9646,0.997,0.1659,0.1659,0.1659,6.4421,128.3987,70.7749,128.3987,70.7749,0.4802,38.9722,0.9646,8.238676,2.870309,0.2712,0.0003,-0.0195,0.1989
/kaggle/input/datasets/duc24kdl/sub-x-ray/sub_X-Ray/sub_NIH/00001101_012.png,,sub_NIH,00001101_012.png,ok,512x512 -> 1024x1024,2,1,340.19,35.2129,19.579055,4.424823,0.9819,0.998,0.0908,6.972,35.5254,18.219867,4.268474,0.9837,0.9982,0.1159,0.1159,0.1159,7.0281,111.8371,53.7555,111.8371,53.7555,0.5463,35.5254,0.9837,18.219867,4.268474,0.3125,0.0002,-0.0252,-0.0561
/kaggle/input/datasets/duc24kdl/sub-x-ray/sub_X-Ray/sub_NIH/00001101_013.png,,sub_NIH,00001101_013.png,ok,512x512 -> 1024x1024,2,1,338.86,40.2596,6.125198,2.474914,0.9638,0.9968,0.1374,6.8114,40.5321,5.752703,2.398479,0.9658,0.9971,0.1557,0.1557,0.1557,6.679,119.854,69.5729,119.854,69.5729,0.3622,40.5321,0.9658,5.752703,2.398479,0.2725,0.0003,-0.0184,0.1323
/kaggle/input/datasets/duc24kdl/sub-x-ray/sub_X-Ray/sub_NIH/00001101_015.png,,sub_NIH,00001101_015.png,ok,512x512 -> 1024x1024,2,1,340.03,33.799,27.113376,5.207051,0.9883,0.9985,0.0555,6.8359,34.0711,25.466418,5.046426,0.9899,0.9987,0.0715,0.0715,0.0715,6.9446,166.1125,47.4441,166.1125,47.4441,0.5087,34.0711,0.9899,25.466418,5.046426,0.2722,0.0002,-0.0159,-0.1087
/kaggle/input/datasets/duc24kdl/sub-x-ray/sub_X-Ray/sub_NIH/00001101_018.png,,sub_NIH,00001101_018.png,ok,512x512 -> 1024x1024,2,1,338.19,35.1517,19.856731,4.456089,0.9622,0.9964,0.1443,6.739,35.4288,18.629581,4.3162,0.9643,0.9967,0.1659,0.1659,0.1659,6.8367,130.5589,61.0732,130.5589,61.0732,0.5763,35.4288,0.9643,18.629581,4.3162,0.277,0.0003,-0.0216,-0.0977
/kaggle/input/datasets/duc24kdl/sub-x-ray/sub_X-Ray/sub_NIH/00001103_003.png,,sub_NIH,00001103_003.png,ok,512x512 -> 1024x1024,2,1,339.27,42.4209,3.723865,1.929732,0.961,0.9965,0.1332,6.5109,42.7346,3.464334,1.861272,0.9633,0.9968,0.1518,0.1518,0.1518,6.5064,115.446,65.0609,115.446,65.0609,0.4078,42.7346,0.9633,3.464334,1.861272,0.3137,0.0003,-0.0186,0.0045
/kaggle/input/datasets/duc24kdl/sub-x-ray/sub_X-Ray/sub_NIH/00001104_000.png,,sub_NIH,00001104_000.png,ok,512x512 -> 1024x1024,2,1,338.23,37.8657,10.62945,3.260284,0.9817,0.9981,0.0728,6.6535,38.0665,10.149201,3.185781,0.9837,0.9983,0.0875,0.0875,0.0875,6.5612,161.0184,60.3702,161.0184,60.3702,0.4979,38.0665,0.9837,10.149201,3.185781,0.2008,0.0003,-0.0147,0.0923
/kaggle/input/datasets/duc24kdl/sub-x-ray/sub_X-Ray/sub_NIH/00001104_016.png,,sub_NIH,00001104_016.png,ok,512x512 -> 1024x1024,2,1,339.43,42.2046,3.913989,1.97838,0.9635,0.9967,0.1317,6.266,42.5049,3.652484,1.911147,0.9656,0.997,0.1493,0.1493,0.1493,6.3088,118.5647,72.2755,118.5647,72.2755,0.3989,42.5049,0.9656,3.652484,1.911147,0.3003,0.0003,-0.0176,-0.0428
/kaggle/input/datasets/duc24kdl/sub-x-ray/sub_X-Ray/sub_NIH/00001104_020.png,,sub_NIH,00001104_020.png,ok,512x512 -> 1024x1024,2,1,338.49,42.582,3.588203,1.894255,0.9666,0.997,0.122,5.982,42.8424,3.37944,1.838325,0.9686,0.9972,0.14,0.14,0.14,6.1883,120.2062,69.3296,120.2062,69.3296,0.3765,42.8424,0.9686,3.37944,1.838325,0.2603,0.0003,-0.018,-0.2063
/kaggle/input/datasets/duc24kdl/sub-x-ray/sub_X-Ray/sub_NIH/00001104_021.png,,sub_NIH,00001104_021.png,ok,512x512 -> 1024x1024,2,1,341.83,42.5699,3.598239,1.896902,0.9682,0.9971,0.1205,6.2842,42.8603,3.365507,1.834532,0.9702,0.9973,0.1384,0.1384,0.1384,6.3962,112.3929,69.556,112.3929,69.556,0.3765,42.8603,0.9702,3.365507,1.834532,0.2904,0.0003,-0.0179,-0.1119
/kaggle/input/datasets/duc24kdl/sub-x-ray/sub_X-Ray/sub_NIH/00001107_004.png,,sub_NIH,00001107_004.png,ok,512x512 -> 1024x1024,2,1,337.84,41.4907,4.613261,2.14785,0.9613,0.9965,0.1475,6.4906,41.744,4.351903,2.086121,0.9634,0.9968,0.1691,0.1691,0.1691,6.462,138.9656,64.5554,138.9656,64.5554,0.3738,41.744,0.9634,4.351903,2.086121,0.2533,0.0003,-0.0216,0.0287
/kaggle/input/datasets/duc24kdl/sub-x-ray/sub_X-Ray/sub_NIH/00001107_007.png,,sub_NIH,00001107_007.png,ok,512x512 -> 1024x1024,2,1,337.61,41.3816,4.730648,2.175005,0.9597,0.9964,0.1471,6.5164,41.6163,4.481818,2.11703,0.9619,0.9967,0.167,0.167,0.167,6.4546,126.6272,67.4631,126.6272,67.4631,0.3537,41.6163,0.9619,4.481818,2.11703,0.2347,0.0003,-0.0199,0.0618
/kaggle/input/datasets/duc24kdl/sub-x-ray/sub_X-Ray/sub_NIH/00001107_008.png,,sub_NIH,00001107_008.png,ok,512x512 -> 1024x1024,2,1,337.93,36.913,13.236791,3.63824,0.9874,0.9984,0.0567,7.8518,37.1723,12.469678,3.531243,0.9889,0.9986,0.079,0.079,0.079,7.6602,156.616,39.8733,156.616,39.8733,0.6254,37.1723,0.9889,12.469678,3.531243,0.2593,0.0002,-0.0222,0.1916
/kaggle/input/datasets/duc24kdl/sub-x-ray/sub_X-Ray/sub_NIH/00001107_010.png,,sub_NIH,00001107_010.png,ok,512x512 -> 1024x1024,2,1,339.5,36.5352,14.439859,3.799981,0.9812,0.9979,0.0964,7.2813,36.9408,13.152247,3.626603,0.9831,0.9982,0.1243,0.1243,0.1243,7.3324,111.3249,50.3168,111.3249,50.3168,0.5388,36.9408,0.9831,13.152247,3.626603,0.4056,0.0002,-0.028,-0.0511
/kaggle/input/datasets/duc24kdl/sub-x-ray/sub_X-Ray/sub_NIH/00001108_001.png,,sub_NIH,00001108_001.png,ok,512x512 -> 1024x1024,2,1,337.01,44.1621,2.493826,1.579185,0.97,0.997,0.1259,7.059,44.5024,2.305912,1.518523,0.9721,0.9973,0.1597,0.1597,0.1597,6.8404,107.9689,27.5604,107.9689,27.5604,0.3997,44.5024,0.9721,2.305912,1.518523,0.3402,0.0003,-0.0338,0.2186
/kaggle/input/datasets/duc24kdl/sub-x-ray/sub_X-Ray/sub_NIH/00001108_002.png,,sub_NIH,00001108_002.png,ok,512x512 -> 1024x1024,2,1,339.3,44.593,2.258313,1.502769,0.9754,0.9974,0.1026,7.1843,44.9575,2.076484,1.441001,0.9775,0.9977,0.1317,0.1317,0.1317,6.9221,110.0603,31.5356,110.0603,31.5356,0.4121,44.9575,0.9775,2.076484,1.441001,0.3646,0.0003,-0.0291,0.2622
/kaggle/input/datasets/duc24kdl/sub-x-ray/sub_X-Ray/sub_NIH/00001108_003.png,,sub_NIH,00001108_003.png,ok,512x512 -> 1024x1024,2,1,340.44,36.4796,14.62589,3.824381,0.9822,0.998,0.0943,7.0569,36.809,13.557555,3.682058,0.9841,0.9982,0.1218,0.1218,0.1218,6.9918,102.0577,42.4602,102.0577,42.4602,0.6129,36.809,0.9841,13.557555,3.682058,0.3294,0.0002,-0.0276,0.0651
/kaggle/input/datasets/duc24kdl/sub-x-ray/sub_X-Ray/sub_NIH/00001111_000.png,,sub_NIH,00001111_000.png,ok,512x512 -> 1024x1024,2,1,341.69,42.1494,3.964039,1.990989,0.9624,0.9966,0.1356,6.3529,42.3977,3.743806,1.934892,0.9645,0.9969,0.1537,0.1537,0.1537,6.422,116.1165,72.6577,116.1165,72.6577,0.3608,42.3977,0.9645,3.743806,1.934892,0.2482,0.0003,-0.018,-0.069
/kaggle/input/datasets/duc24kdl/sub-x-ray/sub_X-Ray/sub_NIH/00001114_000.png,,sub_NIH,00001114_000.png,ok,512x512 -> 1024x1024,2,1,336.68,45.8842,1.677497,1.295182,0.9833,0.9981,0.0687,6.996,46.4866,1.460237,1.208403,0.9855,0.9984,0.0852,0.0852,0.0852,6.8885,171.9134,41.3203,171.9134,41.3203,0.4515,46.4866,0.9855,1.460237,1.208403,0.6024,0.0003,-0.0166,0.1076
/kaggle/input/datasets/duc24kdl/sub-x-ray/sub_X-Ray/sub_NIH/00001117_000.png,,sub_NIH,00001117_000.png,ok,512x512 -> 1024x1024,2,1,338.48,42.8931,3.340151,1.827608,0.9643,0.9967,0.1284,6.2529,43.1526,3.146419,1.773815,0.9664,0.997,0.1462,0.1462,0.1462,6.2904,119.7324,69.2288,119.7324,69.2288,0.3657,43.1526,0.9664,3.146419,1.773815,0.2595,0.0003,-0.0178,-0.0375
/kaggle/input/datasets/duc24kdl/sub-x-ray/sub_X-Ray/sub_NIH/00001120_001.png,,sub_NIH,00001120_001.png,ok,512x512 -> 1024x1024,2,1,342.39,41.3467,4.768806,2.18376,0.9598,0.9964,0.1481,6.8717,41.6233,4.474561,2.115316,0.9621,0.9968,0.1668,0.1668,0.1668,6.7413,117.0576,60.2919,117.0576,60.2919,0.3902,41.6233,0.9621,4.474561,2.115316,0.2766,0.0003,-0.0187,0.1305
/kaggle/input/datasets/duc24kdl/sub-x-ray/sub_X-Ray/sub_NIH/00001120_002.png,,sub_NIH,00001120_002.png,ok,512x512 -> 1024x1024,2,1,339.84,41.9892,4.113034,2.028062,0.9634,0.9967,0.1362,6.3621,42.26,3.864419,1.965813,0.9655,0.997,0.1538,0.1538,0.1538,6.5214,121.6544,64.7929,121.6544,64.7929,0.3789,42.26,0.9655,3.864419,1.965813,0.2708,0.0003,-0.0177,-0.1593
/kaggle/input/datasets/duc24kdl/sub-x-ray/sub_X-Ray/sub_NIH/00001122_003.png,,sub_NIH,00001122_003.png,ok,512x512 -> 1024x1024,2,1,333.39,42.0264,4.077917,2.019385,0.9617,0.9966,0.1372,6.1184,42.2838,3.843275,1.960427,0.9638,0.9969,0.1557,0.1557,0.1557,6.1925,115.0657,72.7565,115.0657,72.7565,0.3525,42.2838,0.9638,3.843275,1.960427,0.2574,0.0003,-0.0185,-0.0741
/kaggle/input/datasets/duc24kdl/sub-x-ray/sub_X-Ray/sub_NIH/00001122_005.png,,sub_NIH,00001122_005.png,ok,512x512 -> 1024x1024,2,1,339.35,37.3064,12.090377,3.477122,0.9844,0.9981,0.0713,7.6422,37.6613,11.141757,3.337927,0.9862,0.9984,0.0963,0.0963,0.0963,7.4307,111.5377,49.454,111.5377,49.454,0.5061,37.6613,0.9862,11.141757,3.337927,0.3549,0.0002,-0.0249,0.2115
/kaggle/input/datasets/duc24kdl/sub-x-ray/sub_X-Ray/sub_NIH/00001122_006.png,,sub_NIH,00001122_006.png,ok,512x512 -> 1024x1024,2,1,338.88,37.0692,12.769049,3.573381,0.9826,0.9981,0.0821,7.5151,37.4529,11.689289,3.41896,0.9843,0.9983,0.1066,0.1066,0.1066,7.1428,108.6284,63.4108,108.6284,63.4108,0.5384,37.4529,0.9843,11.689289,3.41896,0.3837,0.0002,-0.0245,0.3723
/kaggle/input/datasets/duc24kdl/sub-x-ray/sub_X-Ray/sub_NIH/00001128_000.png,,sub_NIH,00001128_000.png,ok,512x512 -> 1024x1024,2,1,337.41,39.4286,7.416878,2.723395,0.9866,0.9984,0.0623,6.9994,39.6932,6.978486,2.641682,0.9884,0.9986,0.0805,0.0805,0.0805,6.9703,144.9781,52.5496,144.9781,52.5496,0.4618,39.6932,0.9884,6.978486,2.641682,0.2646,0.0003,-0.0182,0.0291
/kaggle/input/datasets/duc24kdl/sub-x-ray/sub_X-Ray/sub_NIH/00001129_000.png,,sub_NIH,00001129_000.png,ok,512x512 -> 1024x1024,2,1,339.91,44.7551,2.175569,1.474981,0.9788,0.9977,0.0825,7.4643,45.2488,1.941776,1.393476,0.9809,0.998,0.1076,0.1076,0.1076,6.8653,100.2801,43.2602,100.2801,43.2602,0.4158,45.2488,0.9809,1.941776,1.393476,0.4937,0.0003,-0.0251,0.599
/kaggle/input/datasets/duc24kdl/sub-x-ray/sub_X-Ray/sub_NIH/00001131_000.png,,sub_NIH,00001131_000.png,ok,512x512 -> 1024x1024,2,1,341.49,42.4242,3.721018,1.928994,0.9642,0.9968,0.1441,6.7099,42.6867,3.502733,1.871559,0.9662,0.997,0.1646,0.1646,0.1646,6.8138,132.4064,69.9022,132.4064,69.9022,0.3792,42.6867,0.9662,3.502733,1.871559,0.2625,0.0002,-0.0205,-0.1039
/kaggle/input/datasets/duc24kdl/sub-x-ray/sub_X-Ray/sub_NIH/00001133_000.png,,sub_NIH,00001133_000.png,ok,512x512 -> 1024x1024,2,1,341.07,35.7808,17.178962,4.144751,0.9857,0.9984,0.0569,6.3946,36.0397,16.184827,4.023037,0.9875,0.9986,0.0686,0.0686,0.0686,6.5385,157.278,64.3412,157.278,64.3412,0.5462,36.0397,0.9875,16.184827,4.023037,0.2589,0.0003,-0.0117,-0.1438
/kaggle/input/datasets/duc24kdl/sub-x-ray/sub_X-Ray/sub_NIH/00001136_002.png,,sub_NIH,00001136_002.png,ok,512x512 -> 1024x1024,2,1,338.47,39.2932,7.651776,2.766184,0.9881,0.9985,0.0486,7.243,39.4051,7.457113,2.730771,0.9897,0.9988,0.0628,0.0628,0.0628,7.1633,141.3856,72.3312,141.3856,72.3312,0.4802,39.4051,0.9897,7.457113,2.730771,0.1119,0.0002,-0.0142,0.0797
/kaggle/input/datasets/duc24kdl/sub-x-ray/sub_X-Ray/sub_NIH/00001137_001.png,,sub_NIH,00001137_001.png,ok,512x512 -> 1024x1024,2,1,340.89,39.1845,7.845622,2.801004,0.9858,0.9984,0.0513,6.7176,39.4758,7.336637,2.708623,0.9877,0.9986,0.0637,0.0637,0.0637,6.7203,150.5067,63.8496,150.5067,63.8496,0.483,39.4758,0.9877,7.336637,2.708623,0.2913,0.0003,-0.0124,-0.0027
/kaggle/input/datasets/duc24kdl/sub-x-ray/sub_X-Ray/sub_NIH/00001139_000.png,,sub_NIH,00001139_000.png,ok,512x512 -> 1024x1024,2,1,338.69,43.031,3.235815,1.798837,0.9823,0.9981,0.0699,6.5697,43.594,2.8424,1.685942,0.9844,0.9984,0.086,0.086,0.086,6.6668,161.9935,56.3101,161.9935,56.3101,0.4755,43.594,0.9844,2.8424,1.685942,0.563,0.0003,-0.0161,-0.0971
/kaggle/input/datasets/duc24kdl/sub-x-ray/sub_X-Ray/sub_NIH/00001143_000.png,,sub_NIH,00001143_000.png,ok,512x512 -> 1024x1024,2,1,337.31,43.6216,2.824383,1.68059,0.976,0.9975,0.1036,6.9864,43.6663,2.795418,1.67195,0.9782,0.9978,0.1236,0.1236,0.1236,6.7204,140.9163,57.9822,140.9163,57.9822,0.4374,43.6663,0.9782,2.795418,1.67195,0.0448,0.0003,-0.02,0.2661
/kaggle/input/datasets/duc24kdl/sub-x-ray/sub_X-Ray/sub_NIH/00001144_000.png,,sub_NIH,00001144_000.png,ok,512x512 -> 1024x1024,2,1,338.69,33.8482,26.807678,5.177613,0.9838,0.9982,0.0707,6.3771,33.9755,26.033125,5.102267,0.9857,0.9984,0.0834,0.0834,0.0834,6.3961,179.1814,55.8273,179.1814,55.8273,0.5745,33.9755,0.9857,26.033125,5.102267,0.1273,0.0003,-0.0127,-0.019
/kaggle/input/datasets/duc24kdl/sub-x-ray/sub_X-Ray/sub_NIH/00001146_000.png,,sub_NIH,00001146_000.png,ok,512x512 -> 1024x1024,2,1,337.45,43.0608,3.213667,1.79267,0.9815,0.998,0.0782,6.9213,43.6561,2.802012,1.673921,0.9837,0.9983,0.0966,0.0966,0.0966,6.865,172.8489,41.5705,172.8489,41.5705,0.4473,43.6561,0.9837,2.802012,1.673921,0.5953,0.0003,-0.0184,0.0563
/kaggle/input/datasets/duc24kdl/sub-x-ray/sub_X-Ray/sub_NIH/00001148_002.png,,sub_NIH,00001148_002.png,ok,512x512 -> 1024x1024,2,1,340.22,38.7423,8.686653,2.947313,0.9857,0.9984,0.0658,7.0029,38.7986,8.574736,2.928265,0.9875,0.9986,0.0825,0.0825,0.0825,7.0058,153.6022,60.2683,153.6022,60.2683,0.4731,38.7986,0.9875,8.574736,2.928265,0.0563,0.0003,-0.0166,-0.0029
/kaggle/input/datasets/duc24kdl/sub-x-ray/sub_X-Ray/sub_NIH/00001148_004.png,,sub_NIH,00001148_004.png,ok,512x512 -> 1024x1024,2,1,339.76,40.991,5.175878,2.275056,0.9569,0.9962,0.1579,6.6509,41.2781,4.844775,2.201085,0.9592,0.9965,0.1763,0.1763,0.1763,6.5122,113.7662,67.347,113.7662,67.347,0.4217,41.2781,0.9592,4.844775,2.201085,0.2871,0.0003,-0.0184,0.1387
/kaggle/input/datasets/duc24kdl/sub-x-ray/sub_X-Ray/sub_NIH/00001149_001.png,,sub_NIH,00001149_001.png,ok,512x512 -> 1024x1024,2,1,340.72,44.0628,2.551542,1.597355,0.9846,0.9983,0.0658,6.8119,44.6849,2.210994,1.486941,0.9867,0.9986,0.0855,0.0855,0.0855,6.831,153.3333,51.1115,153.3333,51.1115,0.4539,44.6849,0.9867,2.210994,1.486941,0.6222,0.0003,-0.0197,-0.0192
/kaggle/input/datasets/duc24kdl/sub-x-ray/sub_X-Ray/sub_NIH/00001151_003.png,,sub_NIH,00001151_003.png,ok,512x512 -> 1024x1024,2,1,335.59,37.0582,12.801364,3.577899,0.984,0.998,0.085,6.9355,37.3455,11.982119,3.46152,0.9859,0.9983,0.1114,0.1114,0.1114,7.1959,116.5054,40.3889,116.5054,40.3889,0.4907,37.3455,0.9859,11.982119,3.46152,0.2872,0.0003,-0.0264,-0.2604
/kaggle/input/datasets/duc24kdl/sub-x-ray/sub_X-Ray/sub_NIH/00001151_006.png,,sub_NIH,00001151_006.png,ok,512x512 -> 1024x1024,2,1,340.08,37.652,11.16564,3.341503,0.9826,0.998,0.0822,7.1727,37.9947,10.318409,3.212228,0.9844,0.9982,0.1072,0.1072,0.1072,7.2573,113.2051,53.8338,113.2051,53.8338,0.5031,37.9947,0.9844,10.318409,3.212228,0.3427,0.0002,-0.025,-0.0846
/kaggle/input/datasets/duc24kdl/sub-x-ray/sub_X-Ray/sub_NIH/00001153_002.png,,sub_NIH,00001153_002.png,ok,512x512 -> 1024x1024,2,1,334.92,37.6277,11.228274,3.350862,0.9806,0.998,0.0808,7.1963,37.8922,10.56487,3.250365,0.9825,0.9982,0.0979,0.0979,0.0979,6.8335,148.9628,72.147,148.9628,72.147,0.4899,37.8922,0.9825,10.56487,3.250365,0.2645,0.0002,-0.0171,0.3629
/kaggle/input/datasets/duc24kdl/sub-x-ray/sub_X-Ray/sub_NIH/00001154_002.png,,sub_NIH,00001154_002.png,ok,512x512 -> 1024x1024,2,1,340.93,36.9342,13.172203,3.629353,0.9835,0.9982,0.0637,6.6223,37.1743,12.46394,3.530431,0.9854,0.9985,0.0778,0.0778,0.0778,6.7241,154.1511,66.8779,154.1511,66.8779,0.4689,37.1743,0.9854,12.46394,3.530431,0.24,0.0003,-0.0141,-0.1019
/kaggle/input/datasets/duc24kdl/sub-x-ray/sub_X-Ray/sub_NIH/00001154_003.png,,sub_NIH,00001154_003.png,ok,512x512 -> 1024x1024,2,1,339.45,41.4756,4.629401,2.151604,0.9686,0.997,0.1195,6.6971,41.7034,4.392816,2.095905,0.9705,0.9973,0.1403,0.1403,0.1403,6.5076,133.4536,66.2151,133.4536,66.2151,0.3927,41.7034,0.9705,4.392816,2.095905,0.2278,0.0002,-0.0208,0.1895
/kaggle/input/datasets/duc24kdl/sub-x-ray/sub_X-Ray/sub_NIH/00001154_006.png,,sub_NIH,00001154_006.png,ok,512x512 -> 1024x1024,2,1,338.96,36.5645,14.342626,3.787166,0.9777,0.9978,0.0829,6.5708,37.0728,12.758447,3.571897,0.98,0.998,0.0984,0.0984,0.0984,6.488,136.6642,72.2886,136.6642,72.2886,0.5318,37.0728,0.98,12.758447,3.571897,0.5083,0.0003,-0.0155,0.0828
/kaggle/input/datasets/duc24kdl/sub-x-ray/sub_X-Ray/sub_NIH/00001157_002.png,,sub_NIH,00001157_002.png,ok,512x512 -> 1024x1024,2,1,337.92,36.83,13.492084,3.673157,0.9899,0.9986,0.0523,7.9999,37.1131,12.640714,3.555378,0.9914,0.9988,0.0695,0.0695,0.0695,7.8084,158.6625,53.0034,158.6625,53.0034,0.5195,37.1131,0.9914,12.640714,3.555378,0.2831,0.0002,-0.0172,0.1915
/kaggle/input/datasets/duc24kdl/sub-x-ray/sub_X-Ray/sub_NIH/00001159_000.png,,sub_NIH,00001159_000.png,ok,512x512 -> 1024x1024,2,1,338.39,41.7505,4.345402,2.084563,0.9647,0.9968,0.1264,6.1041,42.0507,4.055147,2.013739,0.9668,0.9971,0.1439,0.1439,0.1439,6.1184,127.4127,65.9381,127.4127,65.9381,0.4045,42.0507,0.9668,4.055147,2.013739,0.3002,0.0003,-0.0175,-0.0144
/kaggle/input/datasets/duc24kdl/sub-x-ray/sub_X-Ray/sub_NIH/00001166_000.png,,sub_NIH,00001166_000.png,ok,512x512 -> 1024x1024,2,1,339.99,45.4918,1.836134,1.35504,0.979,0.9977,0.0858,7.286,45.9273,1.660924,1.288769,0.981,0.998,0.1137,0.1137,0.1137,7.032,105.4423,37.1054,105.4423,37.1054,0.4046,45.9273,0.981,1.660924,1.288769,0.4355,0.0003,-0.0279,0.254
/kaggle/input/datasets/duc24kdl/sub-x-ray/sub_X-Ray/sub_NIH/00001167_000.png,,sub_NIH,00001167_000.png,ok,512x512 -> 1024x1024,2,1,341.78,41.2851,4.836971,2.199312,0.9643,0.9969,0.1202,6.2882,41.6052,4.49323,2.119724,0.9665,0.9971,0.1364,0.1364,0.1364,6.2618,103.0183,62.882,103.0183,62.882,0.4415,41.6052,0.9665,4.49323,2.119724,0.3201,0.0003,-0.0162,0.0265
/kaggle/input/datasets/duc24kdl/sub-x-ray/sub_X-Ray/sub_NIH/00001170_003.png,,sub_NIH,00001170_003.png,ok,512x512 -> 1024x1024,2,1,339.84,44.6965,2.205113,1.484962,0.9849,0.9983,0.0635,6.8128,45.1532,1.985001,1.408901,0.9868,0.9986,0.0793,0.0793,0.0793,6.8332,156.5881,59.1701,156.5881,59.1701,0.5278,45.1532,0.9868,1.985001,1.408901,0.4567,0.0003,-0.0158,-0.0203
/kaggle/input/datasets/duc24kdl/sub-x-ray/sub_X-Ray/sub_NIH/00001170_024.png,,sub_NIH,00001170_024.png,ok,512x512 -> 1024x1024,2,1,339.87,39.1905,7.834881,2.799086,0.9885,0.9986,0.0519,7.7409,39.4238,7.425028,2.72489,0.9902,0.9988,0.067,0.067,0.067,7.3751,145.5733,57.9042,145.5733,57.9042,0.4662,39.4238,0.9902,7.425028,2.72489,0.2333,0.0002,-0.0151,0.3658
/kaggle/input/datasets/duc24kdl/sub-x-ray/sub_X-Ray/sub_NIH/00001170_025.png,,sub_NIH,00001170_025.png,ok,512x512 -> 1024x1024,2,1,336.57,38.5714,9.035325,3.005882,0.9864,0.9984,0.0646,7.78,38.8269,8.519061,2.918743,0.988,0.9986,0.0806,0.0806,0.0806,7.6678,145.5724,66.2107,145.5724,66.2107,0.4816,38.8269,0.988,8.519061,2.918743,0.2555,0.0002,-0.016,0.1122
/kaggle/input/datasets/duc24kdl/sub-x-ray/sub_X-Ray/sub_NIH/00001170_026.png,,sub_NIH,00001170_026.png,ok,512x512 -> 1024x1024,2,1,342.5,38.9436,8.293126,2.879779,0.9882,0.9985,0.0563,7.4586,39.1788,7.85601,2.802857,0.9899,0.9988,0.071,0.071,0.071,7.3207,148.5434,58.2714,148.5434,58.2714,0.4615,39.1788,0.9899,7.85601,2.802857,0.2352,0.0002,-0.0147,0.138
/kaggle/input/datasets/duc24kdl/sub-x-ray/sub_X-Ray/sub_NIH/00001170_032.png,,sub_NIH,00001170_032.png,ok,512x512 -> 1024x1024,2,1,338.16,37.937,10.456401,3.233636,0.9865,0.9984,0.0573,6.4089,38.0313,10.231792,3.198717,0.9883,0.9987,0.0702,0.0702,0.0702,6.595,156.3152,56.9905,156.3152,56.9905,0.4685,38.0313,0.9883,10.231792,3.198717,0.0943,0.0003,-0.0129,-0.186
/kaggle/input/datasets/duc24kdl/sub-x-ray/sub_X-Ray/sub_NIH/00001170_034.png,,sub_NIH,00001170_034.png,ok,512x512 -> 1024x1024,2,1,337.97,38.1109,10.046039,3.169549,0.9826,0.9981,0.0727,6.579,38.3701,9.463842,3.076336,0.9846,0.9984,0.0879,0.0879,0.0879,6.6359,158.887,64.0861,158.887,64.0861,0.468,38.3701,0.9846,9.463842,3.076336,0.2593,0.0003,-0.0152,-0.057
/kaggle/input/datasets/duc24kdl/sub-x-ray/sub_X-Ray/sub_NIH/00001170_038.png,,sub_NIH,00001170_038.png,ok,512x512 -> 1024x1024,2,1,340.41,37.552,11.425712,3.380194,0.9805,0.9981,0.071,6.5912,37.9316,10.469278,3.235626,0.9825,0.9983,0.0863,0.0863,0.0863,6.6379,155.3165,64.1037,155.3165,64.1037,0.4585,37.9316,0.9825,10.469278,3.235626,0.3797,0.0003,-0.0154,-0.0467
/kaggle/input/datasets/duc24kdl/sub-x-ray/sub_X-Ray/sub_NIH/00001170_041.png,,sub_NIH,00001170_041.png,ok,512x512 -> 1024x1024,2,1,331.02,38.0511,10.185146,3.191418,0.9879,0.9985,0.0637,7.0594,38.3008,9.616073,3.100979,0.9895,0.9988,0.0798,0.0798,0.0798,7.3362,139.4095,68.4149,139.4095,68.4149,0.4778,38.3008,0.9895,9.616073,3.100979,0.2497,0.0002,-0.0161,-0.2768
/kaggle/input/datasets/duc24kdl/sub-x-ray/sub_X-Ray/sub_NIH/00001170_050.png,,sub_NIH,00001170_050.png,ok,512x512 -> 1024x1024,2,1,339.79,43.2754,3.058717,1.748919,0.9721,0.9974,0.1021,6.1529,43.5867,2.847139,1.687347,0.974,0.9977,0.1167,0.1167,0.1167,6.1731,79.7291,54.5636,79.7291,54.5636,0.4139,43.5867,0.974,2.847139,1.687347,0.3113,0.0003,-0.0146,-0.0202
/kaggle/input/datasets/duc24kdl/sub-x-ray/sub_X-Ray/sub_NIH/00001174_000.png,,sub_NIH,00001174_000.png,ok,512x512 -> 1024x1024,2,1,339.44,41.2583,4.86684,2.206092,0.9589,0.9963,0.1449,6.4396,41.5602,4.54007,2.130744,0.9612,0.9966,0.1629,0.1629,0.1629,6.5769,117.1078,64.9241,117.1078,64.9241,0.4099,41.5602,0.9612,4.54007,2.130744,0.3018,0.0003,-0.018,-0.1373
/kaggle/input/datasets/duc24kdl/sub-x-ray/sub_X-Ray/sub_NIH/00001177_000.png,,sub_NIH,00001177_000.png,ok,512x512 -> 1024x1024,2,1,341.79,41.5542,4.546311,2.132208,0.9586,0.9963,0.1571,6.8759,41.7801,4.315877,2.077469,0.9607,0.9966,0.18,0.18,0.18,6.6912,141.6577,57.5788,141.6577,57.5788,0.3681,41.7801,0.9607,4.315877,2.077469,0.2259,0.0003,-0.0229,0.1847
/kaggle/input/datasets/duc24kdl/sub-x-ray/sub_X-Ray/sub_NIH/00001182_010.png,,sub_NIH,00001182_010.png,ok,512x512 -> 1024x1024,2,1,339.32,35.9448,16.542581,4.067257,0.9856,0.9984,0.068,6.6735,36.3452,15.08568,3.884029,0.9874,0.9986,0.0815,0.0815,0.0815,6.6523,172.1836,63.303,172.1836,63.303,0.4907,36.3452,0.9874,15.08568,3.884029,0.4004,0.0002,-0.0135,0.0212
/kaggle/input/datasets/duc24kdl/sub-x-ray/sub_X-Ray/sub_NIH/00001184_000.png,,sub_NIH,00001184_000.png,ok,512x512 -> 1024x1024,2,1,339.28,41.9842,4.117731,2.029219,0.9589,0.9963,0.1428,6.7382,42.2722,3.853509,1.963036,0.9612,0.9966,0.1611,0.1611,0.1611,6.5268,120.2971,65.9079,120.2971,65.9079,0.3782,42.2722,0.9612,3.853509,1.963036,0.288,0.0003,-0.0183,0.2115
/kaggle/input/datasets/duc24kdl/sub-x-ray/sub_X-Ray/sub_NIH/00001186_000.png,,sub_NIH,00001186_000.png,ok,512x512 -> 1024x1024,2,1,340.93,37.8349,10.705144,3.271872,0.9885,0.9985,0.0522,6.8545,38.0632,10.156974,3.187001,0.9902,0.9988,0.067,0.067,0.067,6.8914,156.5657,49.6781,156.5657,49.6781,0.4858,38.0632,0.9902,10.156974,3.187001,0.2283,0.0003,-0.0148,-0.0368
/kaggle/input/datasets/duc24kdl/sub-x-ray/sub_X-Ray/sub_NIH/00001187_001.png,,sub_NIH,00001187_001.png,ok,512x512 -> 1024x1024,2,1,341.75,37.7891,10.818505,3.28915,0.9848,0.9983,0.0606,6.7028,38.0298,10.235408,3.199282,0.9867,0.9985,0.0746,0.0746,0.0746,6.7029,157.3161,69.2222,157.3161,69.2222,0.4693,38.0298,0.9867,10.235408,3.199282,0.2406,0.0003,-0.014,-0.0001
/kaggle/input/datasets/duc24kdl/sub-x-ray/sub_X-Ray/sub_NIH/00001187_002.png,,sub_NIH,00001187_002.png,ok,512x512 -> 1024x1024,2,1,338.06,38.0107,10.280371,3.206302,0.9839,0.9982,0.063,6.9013,38.2452,9.740072,3.120909,0.9858,0.9985,0.078,0.078,0.078,6.8004,167.773,62.8449,167.773,62.8449,0.462,38.2452,0.9858,9.740072,3.120909,0.2345,0.0003,-0.015,0.101
/kaggle/input/datasets/duc24kdl/sub-x-ray/sub_X-Ray/sub_NIH/00001188_000.png,,sub_NIH,00001188_000.png,ok,512x512 -> 1024x1024,2,1,341.34,41.0813,5.069299,2.25151,0.956,0.996,0.1653,7.0761,41.2928,4.828412,2.197365,0.9582,0.9963,0.1874,0.1874,0.1874,6.774,131.3555,65.6189,131.3555,65.6189,0.3725,41.2928,0.9582,4.828412,2.197365,0.2114,0.0003,-0.0221,0.3021
/kaggle/input/datasets/duc24kdl/sub-x-ray/sub_X-Ray/sub_NIH/00001194_001.png,,sub_NIH,00001194_001.png,ok,512x512 -> 1024x1024,2,1,341.34,38.4942,9.197396,3.032721,0.988,0.9985,0.0569,7.1231,38.7334,8.704356,2.950315,0.9897,0.9987,0.0727,0.0727,0.0727,7.0632,149.9902,50.4137,149.9902,50.4137,0.4651,38.7334,0.9897,8.704356,2.950315,0.2393,0.0003,-0.0157,0.0598
/kaggle/input/datasets/duc24kdl/sub-x-ray/sub_X-Ray/sub_NIH/00001194_004.png,,sub_NIH,00001194_004.png,ok,512x512 -> 1024x1024,2,1,337.34,42.4808,3.672797,1.916454,0.9685,0.9971,0.1076,6.4465,42.7897,3.420649,1.8495,0.9705,0.9974,0.122,0.122,0.122,6.2244,91.2907,66.2928,91.2907,66.2928,0.4463,42.7897,0.9705,3.420649,1.8495,0.3089,0.0003,-0.0144,0.2221
/kaggle/input/datasets/duc24kdl/sub-x-ray/sub_X-Ray/sub_NIH/00001195_000.png,,sub_NIH,00001195_000.png,ok,512x512 -> 1024x1024,2,1,341.86,41.2301,4.898593,2.213277,0.961,0.9965,0.1432,6.4014,41.4508,4.655822,2.157735,0.9631,0.9968,0.1614,0.1614,0.1614,6.5064,125.1925,63.7904,125.1925,63.7904,0.3561,41.4508,0.9631,4.655822,2.157735,0.2208,0.0003,-0.0182,-0.105
/kaggle/input/datasets/duc24kdl/sub-x-ray/sub_X-Ray/sub_NIH/00001199_001.png,,sub_NIH,00001199_001.png,ok,512x512 -> 1024x1024,2,1,340.68,37.6309,11.219842,3.349603,0.9853,0.9983,0.0667,6.9876,37.8717,10.614726,3.258025,0.9872,0.9986,0.0825,0.0825,0.0825,6.9916,169.4198,53.3765,169.4198,53.3765,0.4805,37.8717,0.9872,10.614726,3.258025,0.2408,0.0003,-0.0159,-0.004
/kaggle/input/datasets/duc24kdl/sub-x-ray/sub_X-Ray/sub_NIH/00001199_006.png,,sub_NIH,00001199_006.png,ok,512x512 -> 1024x1024,2,1,342.41,37.1459,12.545487,3.541961,0.9831,0.9982,0.0727,6.7864,37.3754,11.899714,3.449596,0.9851,0.9984,0.0882,0.0882,0.0882,6.8041,163.6589,60.734,163.6589,60.734,0.4784,37.3754,0.9851,11.899714,3.449596,0.2295,0.0003,-0.0155,-0.0177
/kaggle/input/datasets/duc24kdl/sub-x-ray/sub_X-Ray/sub_NIH/00001200_006.png,,sub_NIH,00001200_006.png,ok,512x512 -> 1024x1024,2,1,341.89,39.1835,7.847563,2.80135,0.985,0.9982,0.0707,7.1225,39.3767,7.505964,2.739701,0.9867,0.9985,0.0911,0.0911,0.0911,6.9853,138.2202,46.1751,138.2202,46.1751,0.5714,39.3767,0.9867,7.505964,2.739701,0.1933,0.0002,-0.0204,0.1372
/kaggle/input/datasets/duc24kdl/sub-x-ray/sub_X-Ray/sub_NIH/00001200_012.png,,sub_NIH,00001200_012.png,ok,512x512 -> 1024x1024,2,1,341.84,37.4054,11.817772,3.437699,0.9838,0.9981,0.0784,8.2164,37.63,11.222384,3.349983,0.9855,0.9983,0.1025,0.1025,0.1025,8.1571,162.8654,32.2081,162.8654,32.2081,0.493,37.63,0.9855,11.222384,3.349983,0.2245,0.0002,-0.0241,0.0593
/kaggle/input/datasets/duc24kdl/sub-x-ray/sub_X-Ray/sub_NIH/00001200_014.png,,sub_NIH,00001200_014.png,ok,512x512 -> 1024x1024,2,1,341.67,48.0657,1.015101,1.007522,0.9872,0.9984,0.0654,8.2754,48.6744,0.882349,0.939334,0.989,0.9986,0.0891,0.0891,0.0891,7.9709,123.0607,51.6087,123.0607,51.6087,0.368,48.6744,0.989,0.882349,0.939334,0.6087,0.0002,-0.0237,0.3046
/kaggle/input/datasets/duc24kdl/sub-x-ray/sub_X-Ray/sub_NIH/00001200_020.png,,sub_NIH,00001200_020.png,ok,512x512 -> 1024x1024,2,1,342.21,38.1463,9.964271,3.156623,0.9886,0.9985,0.0566,7.9312,38.3714,9.46116,3.0759,0.9902,0.9987,0.0759,0.0759,0.0759,7.5678,157.2674,45.9759,157.2674,45.9759,0.4872,38.3714,0.9902,9.46116,3.0759,0.225,0.0002,-0.0193,0.3634
/kaggle/input/datasets/duc24kdl/sub-x-ray/sub_X-Ray/sub_NIH/00001202_002.png,,sub_NIH,00001202_002.png,ok,512x512 -> 1024x1024,2,1,340.09,38.4965,9.192368,3.031892,0.9836,0.9981,0.0645,6.6166,38.7513,8.668551,2.94424,0.9855,0.9984,0.0798,0.0798,0.0798,6.5624,143.6363,70.4223,143.6363,70.4223,0.5133,38.7513,0.9855,8.668551,2.94424,0.2548,0.0003,-0.0153,0.0542
/kaggle/input/datasets/duc24kdl/sub-x-ray/sub_X-Ray/sub_NIH/00001203_004.png,,sub_NIH,00001203_004.png,ok,512x512 -> 1024x1024,2,1,343.28,36.0403,16.18276,4.02278,0.9732,0.9974,0.1141,6.8321,36.3781,14.971741,3.869333,0.9756,0.9977,0.1364,0.1364,0.1364,6.878,137.1604,52.8818,137.1604,52.8818,0.5552,36.3781,0.9756,14.971741,3.869333,0.3378,0.0003,-0.0223,-0.0459
/kaggle/input/datasets/duc24kdl/sub-x-ray/sub_X-Ray/sub_NIH/00001203_005.png,,sub_NIH,00001203_005.png,ok,512x512 -> 1024x1024,2,1,343.09,41.407,4.703093,2.168662,0.9586,0.9964,0.1466,6.7761,41.6864,4.40999,2.099998,0.9607,0.9967,0.1643,0.1643,0.1643,6.635,117.317,69.1841,117.317,69.1841,0.4174,41.6864,0.9607,4.40999,2.099998,0.2795,0.0003,-0.0177,0.1411
/kaggle/input/datasets/duc24kdl/sub-x-ray/sub_X-Ray/sub_NIH/00001203_007.png,,sub_NIH,00001203_007.png,ok,512x512 -> 1024x1024,2,1,339.2,41.9071,4.191475,2.047309,0.9593,0.9964,0.148,6.5971,42.079,4.028874,2.007206,0.9615,0.9967,0.1663,0.1663,0.1663,6.5607,108.7635,67.247,108.7635,67.247,0.3805,42.079,0.9615,4.028874,2.007206,0.1718,0.0003,-0.0183,0.0363
/kaggle/input/datasets/duc24kdl/sub-x-ray/sub_X-Ray/sub_NIH/00001203_017.png,,sub_NIH,00001203_017.png,ok,512x512 -> 1024x1024,2,1,342.41,41.6315,4.46617,2.113332,0.9641,0.9968,0.1323,6.5867,41.9333,4.166323,2.041157,0.9661,0.997,0.1511,0.1511,0.1511,6.4279,126.3142,65.1417,126.3142,65.1417,0.4021,41.9333,0.9661,4.166323,2.041157,0.3018,0.0003,-0.0187,0.1588
/kaggle/input/datasets/duc24kdl/sub-x-ray/sub_X-Ray/sub_NIH/00001205_001.png,,sub_NIH,00001205_001.png,ok,512x512 -> 1024x1024,2,1,342.05,41.6079,4.490434,2.119064,0.9602,0.9964,0.1433,6.5105,41.8784,4.219297,2.054093,0.9623,0.9967,0.1619,0.1619,0.1619,6.3815,125.6481,69.3653,125.6481,69.3653,0.4037,41.8784,0.9623,4.219297,2.054093,0.2705,0.0003,-0.0186,0.129
/kaggle/input/datasets/duc24kdl/sub-x-ray/sub_X-Ray/sub_NIH/00001205_002.png,,sub_NIH,00001205_002.png,ok,512x512 -> 1024x1024,2,1,341.64,35.2452,19.4338,4.408378,0.9705,0.9971,0.1213,6.8645,35.6264,17.800733,4.219091,0.9729,0.9974,0.142,0.142,0.142,6.9285,144.3744,54.6658,144.3744,54.6658,0.5411,35.6264,0.9729,17.800733,4.219091,0.3812,0.0003,-0.0206,-0.0639
/kaggle/input/datasets/duc24kdl/sub-x-ray/sub_X-Ray/sub_NIH/00001205_006.png,,sub_NIH,00001205_006.png,ok,512x512 -> 1024x1024,2,1,344.1,42.003,4.099967,2.024838,0.9669,0.997,0.1258,6.1802,42.2917,3.83628,1.958642,0.9689,0.9972,0.1462,0.1462,0.1462,6.2567,123.6301,68.1653,123.6301,68.1653,0.404,42.2917,0.9689,3.83628,1.958642,0.2887,0.0003,-0.0204,-0.0765
/kaggle/input/datasets/duc24kdl/sub-x-ray/sub_X-Ray/sub_NIH/00001206_001.png,,sub_NIH,00001206_001.png,ok,512x512 -> 1024x1024,2,1,342.58,38.7949,8.582029,2.92951,0.9814,0.998,0.0883,8.0242,39.0686,8.057879,2.83864,0.9832,0.9982,0.1127,0.1127,0.1127,7.7177,137.5815,48.1576,137.5815,48.1576,0.4627,39.0686,0.9832,8.057879,2.83864,0.2737,0.0002,-0.0244,0.3064
/kaggle/input/datasets/duc24kdl/sub-x-ray/sub_X-Ray/sub_NIH/00001206_006.png,,sub_NIH,00001206_006.png,ok,512x512 -> 1024x1024,2,1,343.96,44.2149,2.463698,1.569617,0.9803,0.9979,0.0799,6.6532,44.7523,2.176979,1.475459,0.9826,0.9982,0.0988,0.0988,0.0988,6.6251,158.9977,57.5114,158.9977,57.5114,0.4857,44.7523,0.9826,2.176979,1.475459,0.5373,0.0003,-0.0189,0.0281
/kaggle/input/datasets/duc24kdl/sub-x-ray/sub_X-Ray/sub_NIH/00001210_005.png,,sub_NIH,00001210_005.png,ok,512x512 -> 1024x1024,2,1,341.08,41.933,4.166633,2.041233,0.9654,0.9969,0.1288,6.7456,42.1819,3.934512,1.983561,0.9674,0.9972,0.1469,0.1469,0.1469,6.7311,116.4574,68.8867,116.4574,68.8867,0.3659,42.1819,0.9674,3.934512,1.983561,0.2489,0.0003,-0.0181,0.0145
/kaggle/input/datasets/duc24kdl/sub-x-ray/sub_X-Ray/sub_NIH/00001213_000.png,,sub_NIH,00001213_000.png,ok,512x512 -> 1024x1024,2,1,346.56,45.5567,1.80889,1.34495,0.9858,0.9983,0.0574,6.87,45.6828,1.757116,1.325563,0.9878,0.9986,0.0743,0.0743,0.0743,6.8916,152.1539,50.0275,152.1539,50.0275,0.4634,45.6828,0.9878,1.757116,1.325563,0.1261,0.0003,-0.0169,-0.0217
/kaggle/input/datasets/duc24kdl/sub-x-ray/sub_X-Ray/sub_NIH/00001213_002.png,,sub_NIH,00001213_002.png,ok,512x512 -> 1024x1024,2,1,341.65,42.3157,3.815114,1.953232,0.9687,0.9972,0.1096,6.1886,42.5624,3.604441,1.898536,0.9707,0.9975,0.1238,0.1238,0.1238,6.2256,101.6006,67.8614,101.6006,67.8614,0.3905,42.5624,0.9707,3.604441,1.898536,0.2467,0.0003,-0.0142,-0.037
/kaggle/input/datasets/duc24kdl/sub-x-ray/sub_X-Ray/sub_NIH/00001215_000.png,,sub_NIH,00001215_000.png,ok,512x512 -> 1024x1024,2,1,339.22,42.1711,3.944297,1.986025,0.9795,0.9979,0.0814,6.6138,42.7521,3.450369,1.857517,0.9818,0.9982,0.0987,0.0987,0.0987,6.6922,168.3993,42.8197,168.3993,42.8197,0.451,42.7521,0.9818,3.450369,1.857517,0.581,0.0003,-0.0174,-0.0784
/kaggle/input/datasets/duc24kdl/sub-x-ray/sub_X-Ray/sub_NIH/00001215_001.png,,sub_NIH,00001215_001.png,ok,512x512 -> 1024x1024,2,1,344.86,40.6545,5.592824,2.364915,0.9619,0.9965,0.14,6.5251,40.913,5.269654,2.295573,0.9642,0.9969,0.1596,0.1596,0.1596,6.4564,116.0052,63.9645,116.0052,63.9645,0.3707,40.913,0.9642,5.269654,2.295573,0.2585,0.0003,-0.0196,0.0687
/kaggle/input/datasets/duc24kdl/sub-x-ray/sub_X-Ray/sub_NIH/00001220_001.png,,sub_NIH,00001220_001.png,ok,512x512 -> 1024x1024,2,1,341.07,38.4076,9.382489,3.063085,0.9859,0.9983,0.0548,6.4973,38.2033,9.834487,3.135999,0.9876,0.9985,0.0667,0.0667,0.0667,6.6444,160.1979,62.3094,160.1979,62.3094,0.479,38.2033,0.9876,9.834487,3.135999,-0.2043,0.0002,-0.0119,-0.1471
/kaggle/input/datasets/duc24kdl/sub-x-ray/sub_X-Ray/sub_NIH/00001221_001.png,,sub_NIH,00001221_001.png,ok,512x512 -> 1024x1024,2,1,342.41,38.8151,8.54217,2.922699,0.9894,0.9986,0.0508,7.6228,39.033,8.124264,2.850309,0.991,0.9988,0.0687,0.0687,0.0687,7.3961,156.9614,43.7521,156.9614,43.7521,0.4773,39.033,0.991,8.124264,2.850309,0.2178,0.0002,-0.0179,0.2267
/kaggle/input/datasets/duc24kdl/sub-x-ray/sub_X-Ray/sub_NIH/00001222_003.png,,sub_NIH,00001222_003.png,ok,512x512 -> 1024x1024,2,1,342.1,44.8776,2.115034,1.454316,0.9747,0.9973,0.095,7.3453,45.3443,1.899539,1.378238,0.9771,0.9976,0.1192,0.1192,0.1192,7.0869,109.8873,33.4806,109.8873,33.4806,0.4282,45.3443,0.9771,1.899539,1.378238,0.4667,0.0003,-0.0243,0.2585
/kaggle/input/datasets/duc24kdl/sub-x-ray/sub_X-Ray/sub_NIH/00001222_005.png,,sub_NIH,00001222_005.png,ok,512x512 -> 1024x1024,2,1,343.74,44.5499,2.280841,1.510245,0.9834,0.9981,0.0697,7.1016,44.5996,2.254849,1.501615,0.9855,0.9984,0.087,0.087,0.087,6.8558,172.6225,36.966,172.6225,36.966,0.4598,44.5996,0.9855,2.254849,1.501615,0.0498,0.0003,-0.0173,0.2458
/kaggle/input/datasets/duc24kdl/sub-x-ray/sub_X-Ray/sub_NIH/00001222_009.png,,sub_NIH,00001222_009.png,ok,512x512 -> 1024x1024,2,1,344.1,36.3056,15.223743,3.901762,0.9849,0.9982,0.0826,6.9288,36.5602,14.356804,3.789037,0.9867,0.9984,0.1101,0.1101,0.1101,7.03,121.1843,42.4398,121.1843,42.4398,0.4811,36.5602,0.9867,14.356804,3.789037,0.2546,0.0003,-0.0275,-0.1011
/kaggle/input/datasets/duc24kdl/sub-x-ray/sub_X-Ray/sub_NIH/00001223_000.png,,sub_NIH,00001223_000.png,ok,512x512 -> 1024x1024,2,1,331.1,38.5441,9.092183,3.015325,0.9823,0.9982,0.0731,6.766,38.8685,8.437738,2.904779,0.9836,0.9984,0.0841,0.0841,0.0841,6.5051,97.4096,85.959,97.4096,85.959,0.5429,38.8685,0.9836,8.437738,2.904779,0.3244,0.0002,-0.011,0.2609
/kaggle/input/datasets/duc24kdl/sub-x-ray/sub_X-Ray/sub_NIH/00001226_000.png,,sub_NIH,00001226_000.png,ok,512x512 -> 1024x1024,2,1,340.72,38.0945,10.083852,3.175508,0.9816,0.998,0.0913,7.4385,38.3253,9.56201,3.09225,0.9835,0.9982,0.1133,0.1133,0.1133,7.2372,136.9814,49.7714,136.9814,49.7714,0.4745,38.3253,0.9835,9.56201,3.09225,0.2308,0.0002,-0.022,0.2012
/kaggle/input/datasets/duc24kdl/sub-x-ray/sub_X-Ray/sub_NIH/00001232_002.png,,sub_NIH,00001232_002.png,ok,512x512 -> 1024x1024,2,1,341.61,38.6721,8.828133,2.971217,0.9873,0.9984,0.0572,8.963,38.9352,8.309301,2.882586,0.9888,0.9986,0.0782,0.0782,0.0782,8.1351,147.9425,58.3814,147.9425,58.3814,0.4803,38.9352,0.9888,8.309301,2.882586,0.263,0.0002,-0.021,0.828
/kaggle/input/datasets/duc24kdl/sub-x-ray/sub_X-Ray/sub_NIH/00001242_000.png,,sub_NIH,00001242_000.png,ok,512x512 -> 1024x1024,2,1,344.45,43.7924,2.715461,1.647866,0.9838,0.9982,0.0657,6.9151,44.3776,2.373143,1.540501,0.9859,0.9985,0.0823,0.0823,0.0823,6.8696,152.9555,50.5975,152.9555,50.5975,0.4292,44.3776,0.9859,2.373143,1.540501,0.5852,0.0003,-0.0166,0.0455
/kaggle/input/datasets/duc24kdl/sub-x-ray/sub_X-Ray/sub_NIH/00001247_003.png,,sub_NIH,00001247_003.png,ok,512x512 -> 1024x1024,2,1,340.31,37.5768,11.360487,3.370532,0.9821,0.9981,0.0805,6.8125,37.969,10.379617,3.221741,0.9839,0.9983,0.1014,0.1014,0.1014,6.8816,114.047,58.8395,114.047,58.8395,0.5171,37.969,0.9839,10.379617,3.221741,0.3922,0.0002,-0.0209,-0.0691
/kaggle/input/datasets/duc24kdl/sub-x-ray/sub_X-Ray/sub_NIH/00001247_005.png,,sub_NIH,00001247_005.png,ok,512x512 -> 1024x1024,2,1,345.92,42.5549,3.610729,1.900192,0.9641,0.9968,0.128,6.5258,42.8489,3.374369,1.836945,0.9662,0.997,0.1465,0.1465,0.1465,6.5064,114.3869,70.4387,114.3869,70.4387,0.4026,42.8489,0.9662,3.374369,1.836945,0.294,0.0003,-0.0185,0.0195
/kaggle/input/datasets/duc24kdl/sub-x-ray/sub_X-Ray/sub_NIH/00001247_009.png,,sub_NIH,00001247_009.png,ok,512x512 -> 1024x1024,2,1,342.58,42.5489,3.615724,1.901506,0.9599,0.9964,0.1463,6.5727,42.8271,3.391336,1.841558,0.9621,0.9967,0.1655,0.1655,0.1655,6.4822,125.331,68.7995,125.331,68.7995,0.3689,42.8271,0.9621,3.391336,1.841558,0.2782,0.0003,-0.0192,0.0905
/kaggle/input/datasets/duc24kdl/sub-x-ray/sub_X-Ray/sub_NIH/00001247_012.png,,sub_NIH,00001247_012.png,ok,512x512 -> 1024x1024,2,1,342.25,42.3042,3.825231,1.95582,0.9622,0.9966,0.1343,6.4201,42.5801,3.58977,1.894669,0.9644,0.9969,0.1512,0.1512,0.1512,6.3479,117.9865,72.7464,117.9865,72.7464,0.4062,42.5801,0.9644,3.58977,1.894669,0.2759,0.0003,-0.0169,0.0722
/kaggle/input/datasets/duc24kdl/sub-x-ray/sub_X-Ray/sub_NIH/00001248_000.png,,sub_NIH,00001248_000.png,ok,512x512 -> 1024x1024,2,1,345.22,46.0187,1.626344,1.275282,0.9786,0.9977,0.0922,7.5807,46.4792,1.462722,1.20943,0.9807,0.9979,0.1194,0.1194,0.1194,7.3322,112.0389,29.5373,112.0389,29.5373,0.381,46.4792,0.9807,1.462722,1.20943,0.4605,0.0003,-0.0272,0.2485
/kaggle/input/datasets/duc24kdl/sub-x-ray/sub_X-Ray/sub_NIH/00001248_002.png,,sub_NIH,00001248_002.png,ok,512x512 -> 1024x1024,2,1,343.23,43.6861,2.78274,1.668155,0.9775,0.9976,0.0856,6.8963,44.0896,2.535831,1.592429,0.9797,0.9979,0.1097,0.1097,0.1097,6.7989,106.0293,37.232,106.0293,37.232,0.4696,44.0896,0.9797,2.535831,1.592429,0.4035,0.0003,-0.0241,0.0974
/kaggle/input/datasets/duc24kdl/sub-x-ray/sub_X-Ray/sub_NIH/00001248_014.png,,sub_NIH,00001248_014.png,ok,512x512 -> 1024x1024,2,1,344.74,45.9863,1.638511,1.280043,0.9802,0.9978,0.0804,7.4011,46.4478,1.473335,1.21381,0.9822,0.9981,0.1066,0.1066,0.1066,7.0647,109.3263,33.6886,109.3263,33.6886,0.411,46.4478,0.9822,1.473335,1.21381,0.4615,0.0003,-0.0262,0.3364
/kaggle/input/datasets/duc24kdl/sub-x-ray/sub_X-Ray/sub_NIH/00001248_015.png,,sub_NIH,00001248_015.png,ok,512x512 -> 1024x1024,2,1,343.28,44.7054,2.200618,1.483448,0.979,0.9977,0.0881,7.0285,45.1247,1.998072,1.413532,0.981,0.998,0.1148,0.1148,0.1148,6.9061,105.69,37.828,105.69,37.828,0.4381,45.1247,0.981,1.998072,1.413532,0.4193,0.0003,-0.0267,0.1224
/kaggle/input/datasets/duc24kdl/sub-x-ray/sub_X-Ray/sub_NIH/00001248_017.png,,sub_NIH,00001248_017.png,ok,512x512 -> 1024x1024,2,1,345.78,46.1681,1.571336,1.253529,0.9798,0.9978,0.0805,7.4127,46.6324,1.412032,1.18829,0.9818,0.998,0.1075,0.1075,0.1075,6.9179,111.2711,29.7576,111.2711,29.7576,0.3997,46.6324,0.9818,1.412032,1.18829,0.4642,0.0003,-0.027,0.4948
/kaggle/input/datasets/duc24kdl/sub-x-ray/sub_X-Ray/sub_NIH/00001248_021.png,,sub_NIH,00001248_021.png,ok,512x512 -> 1024x1024,2,1,341.44,40.5551,5.722342,2.392142,0.9582,0.9962,0.1524,6.6138,40.7926,5.417744,2.327605,0.9606,0.9965,0.171,0.171,0.171,6.6533,123.6056,66.6522,123.6056,66.6522,0.3787,40.7926,0.9606,5.417744,2.327605,0.2376,0.0003,-0.0186,-0.0395
/kaggle/input/datasets/duc24kdl/sub-x-ray/sub_X-Ray/sub_NIH/00001248_026.png,,sub_NIH,00001248_026.png,ok,512x512 -> 1024x1024,2,1,340.84,42.0255,4.078815,2.019608,0.9641,0.9967,0.1302,6.3528,42.3293,3.8032,1.95018,0.9664,0.997,0.1485,0.1485,0.1485,6.4103,94.5507,68.4344,94.5507,68.4344,0.4015,42.3293,0.9664,3.8032,1.95018,0.3038,0.0003,-0.0183,-0.0575
/kaggle/input/datasets/duc24kdl/sub-x-ray/sub_X-Ray/sub_NIH/00001248_029.png,,sub_NIH,00001248_029.png,ok,512x512 -> 1024x1024,2,1,343.73,33.9831,25.988139,5.097856,0.988,0.9982,0.0576,7.2883,34.236,24.517458,4.951511,0.9896,0.9985,0.0732,0.0732,0.0732,6.9617,150.6397,55.9778,150.6397,55.9778,0.5401,34.236,0.9896,24.517458,4.951511,0.253,0.0003,-0.0156,0.3266
/kaggle/input/datasets/duc24kdl/sub-x-ray/sub_X-Ray/sub_NIH/00001248_034.png,,sub_NIH,00001248_034.png,ok,512x512 -> 1024x1024,2,1,341.56,40.9789,5.190246,2.278211,0.9571,0.9961,0.1536,6.2354,41.2287,4.900203,2.21364,0.9595,0.9965,0.1713,0.1713,0.1713,6.2478,119.7683,66.2697,119.7683,66.2697,0.3839,41.2287,0.9595,4.900203,2.21364,0.2497,0.0003,-0.0177,-0.0125
/kaggle/input/datasets/duc24kdl/sub-x-ray/sub_X-Ray/sub_NIH/00001248_035.png,,sub_NIH,00001248_035.png,ok,512x512 -> 1024x1024,2,1,347.39,40.9172,5.26456,2.294463,0.9575,0.9962,0.1532,6.3607,41.1851,4.949555,2.22476,0.9598,0.9965,0.1726,0.1726,0.1726,6.2692,116.2701,69.3311,116.2701,69.3311,0.406,41.1851,0.9598,4.949555,2.22476,0.268,0.0003,-0.0194,0.0914
/kaggle/input/datasets/duc24kdl/sub-x-ray/sub_X-Ray/sub_NIH/00001248_037.png,,sub_NIH,00001248_037.png,ok,512x512 -> 1024x1024,2,1,345.04,42.416,3.728062,1.930819,0.9652,0.9968,0.1333,6.4154,42.7031,3.489518,1.868025,0.9673,0.9971,0.1534,0.1534,0.1534,6.6041,119.388,67.5316,119.388,67.5316,0.3753,42.7031,0.9673,3.489518,1.868025,0.2872,0.0003,-0.0201,-0.1887
/kaggle/input/datasets/duc24kdl/sub-x-ray/sub_X-Ray/sub_NIH/00001250_004.png,,sub_NIH,00001250_004.png,ok,512x512 -> 1024x1024,2,1,343.7,42.2061,3.912679,1.978049,0.9593,0.9964,0.1399,6.2399,42.4549,3.694832,1.922194,0.9616,0.9967,0.1587,0.1587,0.1587,6.2583,116.8861,68.8689,116.8861,68.8689,0.371,42.4549,0.9616,3.694832,1.922194,0.2488,0.0003,-0.0188,-0.0184
/kaggle/input/datasets/duc24kdl/sub-x-ray/sub_X-Ray/sub_NIH/00001250_006.png,,sub_NIH,00001250_006.png,ok,512x512 -> 1024x1024,2,1,342.61,40.0343,6.451384,2.539957,0.9841,0.9982,0.0696,6.865,40.3538,5.993824,2.448229,0.9861,0.9985,0.089,0.089,0.089,6.9205,122.2084,53.631,122.2084,53.631,0.4793,40.3538,0.9861,5.993824,2.448229,0.3195,0.0003,-0.0193,-0.0555
/kaggle/input/datasets/duc24kdl/sub-x-ray/sub_X-Ray/sub_NIH/00001250_009.png,,sub_NIH,00001250_009.png,ok,512x512 -> 1024x1024,2,1,347.1,39.9395,6.593791,2.567838,0.9798,0.9979,0.0897,6.9253,40.2446,6.14641,2.479195,0.9818,0.9981,0.112,0.112,0.112,7.0622,119.7253,49.7722,119.7253,49.7722,0.4674,40.2446,0.9818,6.14641,2.479195,0.3051,0.0003,-0.0223,-0.1368
/kaggle/input/datasets/duc24kdl/sub-x-ray/sub_X-Ray/sub_NIH/00001250_014.png,,sub_NIH,00001250_014.png,ok,512x512 -> 1024x1024,2,1,344.55,39.8975,6.657805,2.580272,0.9841,0.9982,0.0745,7.6173,40.2458,6.144627,2.478836,0.9861,0.9984,0.0951,0.0951,0.0951,7.3305,109.0095,53.1295,109.0095,53.1295,0.5029,40.2458,0.9861,6.144627,2.478836,0.3484,0.0003,-0.0207,0.2869
/kaggle/input/datasets/duc24kdl/sub-x-ray/sub_X-Ray/sub_NIH/00001250_015.png,,sub_NIH,00001250_015.png,ok,512x512 -> 1024x1024,2,1,342.2,37.1298,12.592194,3.548548,0.9885,0.9985,0.0611,6.8996,37.3505,11.968351,3.45953,0.9902,0.9987,0.0775,0.0775,0.0775,6.911,161.9212,41.2469,161.9212,41.2469,0.4811,37.3505,0.9902,11.968351,3.45953,0.2207,0.0003,-0.0163,-0.0115
/kaggle/input/datasets/duc24kdl/sub-x-ray/sub_X-Ray/sub_NIH/00001250_017.png,,sub_NIH,00001250_017.png,ok,512x512 -> 1024x1024,2,1,341.8,39.9495,6.578517,2.564862,0.9855,0.9983,0.0708,6.8752,40.2412,6.151218,2.480165,0.9874,0.9985,0.0909,0.0909,0.0909,6.9169,107.5539,50.2974,107.5539,50.2974,0.4674,40.2412,0.9874,6.151218,2.480165,0.2917,0.0003,-0.0201,-0.0417
/kaggle/input/datasets/duc24kdl/sub-x-ray/sub_X-Ray/sub_NIH/00001255_012.png,,sub_NIH,00001255_012.png,ok,512x512 -> 1024x1024,2,1,332.98,37.3114,12.076355,3.475105,0.9822,0.998,0.0743,6.0406,37.6898,11.06873,3.32697,0.984,0.9983,0.0871,0.0871,0.0871,6.0118,96.1294,74.1226,96.1294,74.1226,0.5633,37.6898,0.984,11.06873,3.32697,0.3784,0.0002,-0.0128,0.0287
/kaggle/input/datasets/duc24kdl/sub-x-ray/sub_X-Ray/sub_NIH/00001255_013.png,,sub_NIH,00001255_013.png,ok,512x512 -> 1024x1024,2,1,341.12,39.3801,7.500122,2.738635,0.9838,0.9982,0.0723,6.3972,39.6323,7.076954,2.660254,0.9856,0.9985,0.0859,0.0859,0.0859,6.3478,105.8917,69.4979,105.8917,69.4979,0.494,39.6323,0.9856,7.076954,2.660254,0.2522,0.0002,-0.0136,0.0495
/kaggle/input/datasets/duc24kdl/sub-x-ray/sub_X-Ray/sub_NIH/00001255_017.png,,sub_NIH,00001255_017.png,ok,512x512 -> 1024x1024,2,1,330.66,38.4165,9.363274,3.059947,0.9821,0.9981,0.0826,5.313,38.8143,8.543723,2.922965,0.9837,0.9983,0.1005,0.1005,0.1005,5.3753,99.0807,69.3392,99.0807,69.3392,0.6385,38.8143,0.9837,8.543723,2.922965,0.3978,0.0002,-0.0179,-0.0622
/kaggle/input/datasets/duc24kdl/sub-x-ray/sub_X-Ray/sub_NIH/00001255_033.png,,sub_NIH,00001255_033.png,ok,512x512 -> 1024x1024,2,1,337.23,37.9384,10.452987,3.233108,0.982,0.998,0.0812,5.9927,38.2389,9.754197,3.123171,0.9837,0.9983,0.0957,0.0957,0.0957,6.1777,100.3391,71.9952,100.3391,71.9952,0.5302,38.2389,0.9837,9.754197,3.123171,0.3005,0.0002,-0.0144,-0.185
/kaggle/input/datasets/duc24kdl/sub-x-ray/sub_X-Ray/sub_NIH/00001255_034.png,,sub_NIH,00001255_034.png,ok,512x512 -> 1024x1024,2,1,344.45,39.7918,6.821753,2.611849,0.9824,0.9981,0.0793,6.0964,40.106,6.34567,2.519061,0.9843,0.9983,0.0955,0.0955,0.0955,6.2284,113.5325,63.9343,113.5325,63.9343,0.5124,40.106,0.9843,6.34567,2.519061,0.3142,0.0003,-0.0162,-0.132
/kaggle/input/datasets/duc24kdl/sub-x-ray/sub_X-Ray/sub_NIH/00001255_035.png,,sub_NIH,00001255_035.png,ok,512x512 -> 1024x1024,2,1,339.01,38.6296,8.914998,2.985799,0.9825,0.9981,0.0852,6.3999,38.9201,8.338104,2.887578,0.9843,0.9983,0.1012,0.1012,0.1012,6.337,108.9291,67.0961,108.9291,67.0961,0.5016,38.9201,0.9843,8.338104,2.887578,0.2905,0.0002,-0.016,0.063
/kaggle/input/datasets/duc24kdl/sub-x-ray/sub_X-Ray/sub_NIH/00001256_004.png,,sub_NIH,00001256_004.png,ok,512x512 -> 1024x1024,2,1,345.89,37.52,11.510217,3.392671,0.9845,0.9981,0.0819,7.7396,37.8766,10.602865,3.256204,0.9863,0.9984,0.1106,0.1106,0.1106,7.6202,116.3969,45.4362,116.3969,45.4362,0.5285,37.8766,0.9863,10.602865,3.256204,0.3566,0.0002,-0.0287,0.1194
/kaggle/input/datasets/duc24kdl/sub-x-ray/sub_X-Ray/sub_NIH/00001256_005.png,,sub_NIH,00001256_005.png,ok,512x512 -> 1024x1024,2,1,344.42,41.17,4.966791,2.22863,0.9541,0.9959,0.1682,6.8068,41.4555,4.650788,2.156569,0.9565,0.9962,0.1885,0.1885,0.1885,6.7792,117.4096,63.0575,117.4096,63.0575,0.4078,41.4555,0.9565,4.650788,2.156569,0.2855,0.0003,-0.0204,0.0277
/kaggle/input/datasets/duc24kdl/sub-x-ray/sub_X-Ray/sub_NIH/00001256_008.png,,sub_NIH,00001256_008.png,ok,512x512 -> 1024x1024,2,1,342.38,42.0378,4.067263,2.016746,0.9614,0.9965,0.1486,6.5775,42.3047,3.824795,1.955708,0.9635,0.9968,0.17,0.17,0.17,6.5353,118.577,66.0325,118.577,66.0325,0.3696,42.3047,0.9635,3.824795,1.955708,0.2669,0.0003,-0.0214,0.0422
/kaggle/input/datasets/duc24kdl/sub-x-ray/sub_X-Ray/sub_NIH/00001256_010.png,,sub_NIH,00001256_010.png,ok,512x512 -> 1024x1024,2,1,346.2,42.5157,3.643423,1.908775,0.9614,0.9966,0.1479,6.4762,42.7606,3.443632,1.855703,0.9635,0.9968,0.1685,0.1685,0.1685,6.4968,116.5853,67.3078,116.5853,67.3078,0.3452,42.7606,0.9635,3.443632,1.855703,0.2449,0.0003,-0.0206,-0.0206
/kaggle/input/datasets/duc24kdl/sub-x-ray/sub_X-Ray/sub_NIH/00001259_000.png,,sub_NIH,00001259_000.png,ok,512x512 -> 1024x1024,2,1,346.65,46.5233,1.447936,1.203302,0.9869,0.9984,0.0585,7.2052,46.83,1.349201,1.161551,0.9888,0.9987,0.0745,0.0745,0.0745,6.9223,160.9191,51.9198,160.9191,51.9198,0.466,46.83,0.9888,1.349201,1.161551,0.3067,0.0003,-0.016,0.2829
/kaggle/input/datasets/duc24kdl/sub-x-ray/sub_X-Ray/sub_NIH/00001263_000.png,,sub_NIH,00001263_000.png,ok,512x512 -> 1024x1024,2,1,344.2,44.7501,2.178083,1.475833,0.9849,0.9983,0.0593,6.5599,45.3396,1.901588,1.378981,0.9869,0.9985,0.0752,0.0752,0.0752,6.6385,155.0529,52.4904,155.0529,52.4904,0.4499,45.3396,0.9869,1.901588,1.378981,0.5896,0.0003,-0.016,-0.0786
/kaggle/input/datasets/duc24kdl/sub-x-ray/sub_X-Ray/sub_NIH/00001266_000.png,,sub_NIH,00001266_000.png,ok,512x512 -> 1024x1024,2,1,338.26,41.7581,4.337809,2.082741,0.9623,0.9967,0.1301,6.5256,42.0306,4.073988,2.018412,0.9644,0.9969,0.1482,0.1482,0.1482,6.5141,116.5075,71.9549,116.5075,71.9549,0.3917,42.0306,0.9644,4.073988,2.018412,0.2725,0.0003,-0.0182,0.0114
/kaggle/input/datasets/duc24kdl/sub-x-ray/sub_X-Ray/sub_NIH/00001267_000.png,,sub_NIH,00001267_000.png,ok,512x512 -> 1024x1024,2,1,343.41,45.6028,1.789791,1.337831,0.9856,0.9984,0.0519,7.3742,45.9814,1.640382,1.280774,0.9872,0.9986,0.0671,0.0671,0.0671,7.1204,166.0867,67.3185,166.0867,67.3185,0.4573,45.9814,0.9872,1.640382,1.280774,0.3786,0.0002,-0.0152,0.2538
/kaggle/input/datasets/duc24kdl/sub-x-ray/sub_X-Ray/sub_NIH/00001268_000.png,,sub_NIH,00001268_000.png,ok,512x512 -> 1024x1024,2,1,338.53,36.8205,13.52179,3.677199,0.9819,0.998,0.0737,6.6182,37.0609,12.793505,3.576801,0.9841,0.9983,0.0881,0.0881,0.0881,6.6166,178.8935,47.9417,178.8935,47.9417,0.4863,37.0609,0.9841,12.793505,3.576801,0.2404,0.0003,-0.0145,0.0016
/kaggle/input/datasets/duc24kdl/sub-x-ray/sub_X-Ray/sub_NIH/00001268_006.png,,sub_NIH,00001268_006.png,ok,512x512 -> 1024x1024,2,1,341.72,37.5708,11.37632,3.37288,0.987,0.9984,0.0606,7.4646,37.7887,10.819609,3.289317,0.9887,0.9986,0.0801,0.0801,0.0801,7.4796,155.4776,46.5426,155.4776,46.5426,0.4847,37.7887,0.9887,10.819609,3.289317,0.2179,0.0002,-0.0195,-0.015
/kaggle/input/datasets/duc24kdl/sub-x-ray/sub_X-Ray/sub_NIH/00001269_000.png,,sub_NIH,00001269_000.png,ok,512x512 -> 1024x1024,2,1,346.36,47.1468,1.25431,1.11996,0.9856,0.9983,0.0622,6.8726,47.7934,1.080793,1.039612,0.9877,0.9986,0.0805,0.0805,0.0805,6.7819,155.4557,47.7036,155.4557,47.7036,0.4592,47.7934,0.9877,1.080793,1.039612,0.6466,0.0003,-0.0182,0.0908
/kaggle/input/datasets/duc24kdl/sub-x-ray/sub_X-Ray/sub_NIH/00001270_004.png,,sub_NIH,00001270_004.png,ok,512x512 -> 1024x1024,2,1,345.16,41.2066,4.925185,2.219276,0.9505,0.9956,0.1481,6.4699,41.4616,4.644296,2.155063,0.9528,0.9959,0.1618,0.1618,0.1618,6.3657,109.7288,71.9854,109.7288,71.9854,0.3985,41.4616,0.9528,4.644296,2.155063,0.255,0.0004,-0.0138,0.1042
/kaggle/input/datasets/duc24kdl/sub-x-ray/sub_X-Ray/sub_NIH/00001273_000.png,,sub_NIH,00001273_000.png,ok,512x512 -> 1024x1024,2,1,343.78,41.1232,5.020704,2.240693,0.9598,0.9964,0.1423,6.2093,41.368,4.74543,2.178401,0.9621,0.9967,0.1598,0.1598,0.1598,6.2129,111.7175,68.919,111.7175,68.919,0.3603,41.368,0.9621,4.74543,2.178401,0.2449,0.0003,-0.0175,-0.0036
/kaggle/input/datasets/duc24kdl/sub-x-ray/sub_X-Ray/sub_NIH/00001274_000.png,,sub_NIH,00001274_000.png,ok,512x512 -> 1024x1024,2,1,342.19,43.6591,2.800072,1.673342,0.9826,0.998,0.0645,6.8446,44.2476,2.445231,1.563723,0.9848,0.9983,0.0809,0.0809,0.0809,6.7508,173.4623,48.0027,173.4623,48.0027,0.4281,44.2476,0.9848,2.445231,1.563723,0.5885,0.0003,-0.0165,0.0938
/kaggle/input/datasets/duc24kdl/sub-x-ray/sub_X-Ray/sub_NIH/00001274_001.png,,sub_NIH,00001274_001.png,ok,512x512 -> 1024x1024,2,1,342.48,43.9123,2.641528,1.625278,0.9771,0.9976,0.0942,6.5903,44.2576,2.439591,1.561919,0.9794,0.9979,0.1134,0.1134,0.1134,6.6763,155.2563,53.8556,155.2563,53.8556,0.4807,44.2576,0.9794,2.439591,1.561919,0.3454,0.0003,-0.0192,-0.086
/kaggle/input/datasets/duc24kdl/sub-x-ray/sub_X-Ray/sub_NIH/00001277_000.png,,sub_NIH,00001277_000.png,ok,512x512 -> 1024x1024,2,1,325.84,39.0526,8.087676,2.843884,0.9878,0.9987,0.0582,6.5803,39.3966,7.471742,2.733449,0.9891,0.9988,0.0708,0.0708,0.0708,6.4638,71.4969,69.2815,71.4969,69.2815,0.5618,39.3966,0.9891,7.471742,2.733449,0.344,0.0002,-0.0126,0.1165
/kaggle/input/datasets/duc24kdl/sub-x-ray/sub_X-Ray/sub_NIH/00001278_006.png,,sub_NIH,00001278_006.png,ok,512x512 -> 1024x1024,2,1,342.43,36.8001,13.585183,3.685808,0.9855,0.9983,0.0683,6.9458,37.1503,12.532994,3.540197,0.9872,0.9985,0.0862,0.0862,0.0862,6.9469,142.6217,66.0528,142.6217,66.0528,0.5245,37.1503,0.9872,12.532994,3.540197,0.3501,0.0002,-0.0179,-0.001
/kaggle/input/datasets/duc24kdl/sub-x-ray/sub_X-Ray/sub_NIH/00001278_009.png,,sub_NIH,00001278_009.png,ok,512x512 -> 1024x1024,2,1,343.9,39.2728,7.687804,2.772689,0.9872,0.9984,0.0654,7.1207,39.6242,7.090265,2.662755,0.989,0.9987,0.0875,0.0875,0.0875,7.2713,116.946,55.065,116.946,55.065,0.5379,39.6242,0.989,7.090265,2.662755,0.3514,0.0002,-0.0221,-0.1506
/kaggle/input/datasets/duc24kdl/sub-x-ray/sub_X-Ray/sub_NIH/00001278_011.png,,sub_NIH,00001278_011.png,ok,512x512 -> 1024x1024,2,1,343.66,36.6402,14.094691,3.75429,0.9842,0.9981,0.0751,7.4113,37.0843,12.724902,3.567198,0.9861,0.9984,0.0971,0.0971,0.0971,7.4258,113.6996,51.044,113.6996,51.044,0.5694,37.0843,0.9861,12.724902,3.567198,0.444,0.0003,-0.0221,-0.0145
/kaggle/input/datasets/duc24kdl/sub-x-ray/sub_X-Ray/sub_NIH/00001279_001.png,,sub_NIH,00001279_001.png,ok,512x512 -> 1024x1024,2,1,331.75,40.2395,6.153607,2.480646,0.9873,0.9985,0.053,6.6662,40.3881,5.9466,2.438565,0.9888,0.9987,0.063,0.063,0.063,6.5539,106.9566,82.9316,106.9566,82.9316,0.6623,40.3881,0.9888,5.9466,2.438565,0.1486,0.0002,-0.01,0.1124
/kaggle/input/datasets/duc24kdl/sub-x-ray/sub_X-Ray/sub_NIH/00001286_000.png,,sub_NIH,00001286_000.png,ok,512x512 -> 1024x1024,2,1,333.08,36.8889,13.310497,3.648355,0.9835,0.9981,0.0774,6.7504,37.2395,12.277949,3.50399,0.9852,0.9984,0.0962,0.0962,0.0962,6.8553,94.5903,64.2396,94.5903,64.2396,0.5783,37.2395,0.9852,12.277949,3.50399,0.3507,0.0002,-0.0188,-0.105
/kaggle/input/datasets/duc24kdl/sub-x-ray/sub_X-Ray/sub_NIH/00001286_004.png,,sub_NIH,00001286_004.png,ok,512x512 -> 1024x1024,2,1,342.3,36.7373,13.783304,3.712587,0.9837,0.9982,0.0827,6.7793,37.1326,12.583978,3.54739,0.9856,0.9985,0.1014,0.1014,0.1014,6.8398,104.1601,56.7176,104.1601,56.7176,0.5217,37.1326,0.9856,12.583978,3.54739,0.3954,0.0003,-0.0187,-0.0605
/kaggle/input/datasets/duc24kdl/sub-x-ray/sub_X-Ray/sub_NIH/00001286_005.png,,sub_NIH,00001286_005.png,ok,512x512 -> 1024x1024,2,1,337.85,39.3051,7.630774,2.762386,0.9857,0.9984,0.0745,7.576,39.609,7.115142,2.667422,0.9874,0.9986,0.095,0.095,0.095,7.146,103.9566,59.335,103.9566,59.335,0.4736,39.609,0.9874,7.115142,2.667422,0.3039,0.0002,-0.0206,0.43
/kaggle/input/datasets/duc24kdl/sub-x-ray/sub_X-Ray/sub_NIH/00001286_007.png,,sub_NIH,00001286_007.png,ok,512x512 -> 1024x1024,2,1,338.4,36.7946,13.602561,3.688165,0.9842,0.9981,0.0765,6.8684,37.13,12.591636,3.54847,0.986,0.9984,0.0963,0.0963,0.0963,6.856,101.411,59.3322,101.411,59.3322,0.537,37.13,0.986,12.591636,3.54847,0.3354,0.0002,-0.0198,0.0123
/kaggle/input/datasets/duc24kdl/sub-x-ray/sub_X-Ray/sub_NIH/00001289_000.png,,sub_NIH,00001289_000.png,ok,512x512 -> 1024x1024,2,1,345.02,36.1621,15.734966,3.966732,0.9844,0.9982,0.0706,6.8068,36.3975,14.904777,3.860671,0.9864,0.9985,0.0849,0.0849,0.0849,6.7717,168.2611,57.197,168.2611,57.197,0.4897,36.3975,0.9864,14.904777,3.860671,0.2354,0.0003,-0.0143,0.035
/kaggle/input/datasets/duc24kdl/sub-x-ray/sub_X-Ray/sub_NIH/00001295_000.png,,sub_NIH,00001295_000.png,ok,512x512 -> 1024x1024,2,1,340.63,42.5421,3.621345,1.902983,0.9649,0.9969,0.1313,6.8816,42.8458,3.376724,1.837587,0.967,0.9972,0.1477,0.1477,0.1477,6.8264,108.3111,63.3376,108.3111,63.3376,0.3973,42.8458,0.967,3.376724,1.837587,0.3037,0.0003,-0.0164,0.0552
/kaggle/input/datasets/duc24kdl/sub-x-ray/sub_X-Ray/sub_NIH/00001298_006.png,,sub_NIH,00001298_006.png,ok,512x512 -> 1024x1024,2,1,341.63,37.3485,11.973861,3.460327,0.9849,0.9982,0.0735,6.4391,37.6522,11.164959,3.341401,0.9869,0.9985,0.093,0.093,0.093,6.551,116.3343,47.8651,116.3343,47.8651,0.5146,37.6522,0.9869,11.164959,3.341401,0.3038,0.0003,-0.0195,-0.1119
/kaggle/input/datasets/duc24kdl/sub-x-ray/sub_X-Ray/sub_NIH/00001299_000.png,,sub_NIH,00001299_000.png,ok,512x512 -> 1024x1024,2,1,342.89,36.625,14.144133,3.760869,0.9856,0.9983,0.0677,7.0012,36.8824,13.330222,3.651058,0.9874,0.9986,0.0824,0.0824,0.0824,6.7183,168.9483,63.1443,168.9483,63.1443,0.5019,36.8824,0.9874,13.330222,3.651058,0.2574,0.0003,-0.0147,0.283
/kaggle/input/datasets/duc24kdl/sub-x-ray/sub_X-Ray/sub_NIH/00001301_012.png,,sub_NIH,00001301_012.png,ok,512x512 -> 1024x1024,2,1,343.46,38.2368,9.758947,3.123931,0.984,0.9981,0.081,7.7077,38.5391,9.102648,3.017059,0.9857,0.9983,0.1073,0.1073,0.1073,7.6022,117.2938,50.2966,117.2938,50.2966,0.5164,38.5391,0.9857,9.102648,3.017059,0.3024,0.0002,-0.0263,0.1055
/kaggle/input/datasets/duc24kdl/sub-x-ray/sub_X-Ray/sub_NIH/00001301_013.png,,sub_NIH,00001301_013.png,ok,512x512 -> 1024x1024,2,1,339.18,38.2325,9.768555,3.125469,0.9854,0.9982,0.0766,8.3183,38.5393,9.10232,3.017005,0.9871,0.9984,0.104,0.104,0.104,8.1168,119.2806,45.0828,119.2806,45.0828,0.5204,38.5393,0.9871,9.10232,3.017005,0.3068,0.0002,-0.0275,0.2015
/kaggle/input/datasets/duc24kdl/sub-x-ray/sub_X-Ray/sub_NIH/00001301_015.png,,sub_NIH,00001301_015.png,ok,512x512 -> 1024x1024,2,1,340.5,40.0833,6.378908,2.52565,0.9863,0.9983,0.0701,9.3306,40.3313,6.024884,2.454564,0.988,0.9985,0.0955,0.0955,0.0955,8.8415,120.644,51.8646,120.644,51.8646,0.4784,40.3313,0.988,6.024884,2.454564,0.248,0.0002,-0.0253,0.4891
/kaggle/input/datasets/duc24kdl/sub-x-ray/sub_X-Ray/sub_NIH/00001301_023.png,,sub_NIH,00001301_023.png,ok,512x512 -> 1024x1024,2,1,344.65,35.2805,19.276458,4.390496,0.9845,0.9979,0.0715,7.5067,35.5766,18.006275,4.24338,0.9863,0.9981,0.0929,0.0929,0.0929,7.411,112.8037,57.8937,112.8037,57.8937,0.5249,35.5766,0.9863,18.006275,4.24338,0.296,0.0002,-0.0214,0.0956
/kaggle/input/datasets/duc24kdl/sub-x-ray/sub_X-Ray/sub_NIH/00001301_030.png,,sub_NIH,00001301_030.png,ok,512x512 -> 1024x1024,2,1,337.93,37.9703,10.376443,3.221249,0.9856,0.9983,0.0682,7.2741,38.3692,9.465795,3.076653,0.9874,0.9985,0.0872,0.0872,0.0872,7.3733,109.7635,57.853,109.7635,57.853,0.5139,38.3692,0.9874,9.465795,3.076653,0.3989,0.0002,-0.019,-0.0992
/kaggle/input/datasets/duc24kdl/sub-x-ray/sub_X-Ray/sub_NIH/00001301_035.png,,sub_NIH,00001301_035.png,ok,512x512 -> 1024x1024,2,1,343.02,36.1927,15.62463,3.9528,0.985,0.9981,0.0712,7.3815,36.5189,14.493971,3.807095,0.9868,0.9983,0.0925,0.0925,0.0925,7.3067,114.8038,52.582,114.8038,52.582,0.5298,36.5189,0.9868,14.493971,3.807095,0.3262,0.0002,-0.0213,0.0748
/kaggle/input/datasets/duc24kdl/sub-x-ray/sub_X-Ray/sub_NIH/00001301_041.png,,sub_NIH,00001301_041.png,ok,512x512 -> 1024x1024,2,1,339.66,37.0875,12.715485,3.565878,0.9856,0.9983,0.0655,7.0428,37.5163,11.519861,3.394092,0.9874,0.9985,0.0858,0.0858,0.0858,7.0846,111.1846,55.3874,111.1846,55.3874,0.557,37.5163,0.9874,11.519861,3.394092,0.4289,0.0002,-0.0204,-0.0419
/kaggle/input/datasets/duc24kdl/sub-x-ray/sub_X-Ray/sub_NIH/00001301_042.png,,sub_NIH,00001301_042.png,ok,512x512 -> 1024x1024,2,1,338.91,38.1,10.071145,3.173507,0.9883,0.9985,0.0515,8.0205,38.3381,9.533852,3.087694,0.9897,0.9987,0.0655,0.0655,0.0655,7.3724,147.7194,62.1058,147.7194,62.1058,0.6395,38.3381,0.9897,9.533852,3.087694,0.2381,0.0002,-0.014,0.6481
/kaggle/input/datasets/duc24kdl/sub-x-ray/sub_X-Ray/sub_NIH/00001301_043.png,,sub_NIH,00001301_043.png,ok,512x512 -> 1024x1024,2,1,340.46,35.9131,16.663813,4.082133,0.9869,0.9983,0.0496,7.2204,36.1816,15.664618,3.957855,0.9886,0.9986,0.0646,0.0646,0.0646,7.0615,151.6781,55.9795,151.6781,55.9795,0.507,36.1816,0.9886,15.664618,3.957855,0.2685,0.0003,-0.015,0.1589
/kaggle/input/datasets/duc24kdl/sub-x-ray/sub_X-Ray/sub_NIH/00001301_046.png,,sub_NIH,00001301_046.png,ok,512x512 -> 1024x1024,2,1,337.83,37.298,12.113799,3.480488,0.9842,0.9982,0.0762,7.6595,37.617,11.255783,3.354964,0.9859,0.9984,0.0991,0.0991,0.0991,7.6935,112.2102,58.3538,112.2102,58.3538,0.4978,37.617,0.9859,11.255783,3.354964,0.319,0.0002,-0.0228,-0.034
/kaggle/input/datasets/duc24kdl/sub-x-ray/sub_X-Ray/sub_NIH/00001303_003.png,,sub_NIH,00001303_003.png,ok,512x512 -> 1024x1024,2,1,325.88,36.6781,13.972317,3.737956,0.9775,0.9977,0.0814,5.1976,37.0373,12.86329,3.586543,0.9795,0.998,0.0928,0.0928,0.0928,5.3928,93.661,75.8274,93.661,75.8274,0.5833,37.0373,0.9795,12.86329,3.586543,0.3592,0.0003,-0.0114,-0.1951
/kaggle/input/datasets/duc24kdl/sub-x-ray/sub_X-Ray/sub_NIH/00001305_001.png,,sub_NIH,00001305_001.png,ok,512x512 -> 1024x1024,2,1,340.7,45.4554,1.851562,1.360721,0.9879,0.9984,0.042,7.588,45.5194,1.824482,1.350734,0.9896,0.9987,0.0566,0.0566,0.0566,7.4226,171.5291,45.2203,171.5291,45.2203,0.4593,45.5194,0.9896,1.824482,1.350734,0.064,0.0003,-0.0146,0.1654
/kaggle/input/datasets/duc24kdl/sub-x-ray/sub_X-Ray/sub_NIH/00001310_000.png,,sub_NIH,00001310_000.png,ok,512x512 -> 1024x1024,2,1,340.78,38.0222,10.253184,3.202059,0.9839,0.9982,0.0654,6.5726,38.2632,9.69974,3.114441,0.986,0.9985,0.079,0.079,0.079,6.5614,162.6487,57.8902,162.6487,57.8902,0.468,38.2632,0.986,9.69974,3.114441,0.241,0.0003,-0.0135,0.0112
/kaggle/input/datasets/duc24kdl/sub-x-ray/sub_X-Ray/sub_NIH/00001311_000.png,,sub_NIH,00001311_000.png,ok,512x512 -> 1024x1024,2,1,338.51,42.7437,3.457096,1.859327,0.9731,0.9976,0.0978,6.4453,43.0567,3.21672,1.793522,0.9749,0.9978,0.1107,0.1107,0.1107,6.4501,73.7706,61.4143,73.7706,61.4143,0.4383,43.0567,0.9749,3.21672,1.793522,0.313,0.0003,-0.0128,-0.0049
/kaggle/input/datasets/duc24kdl/sub-x-ray/sub_X-Ray/sub_NIH/00001314_000.png,,sub_NIH,00001314_000.png,ok,512x512 -> 1024x1024,2,1,340.81,44.0075,2.584247,1.607559,0.9874,0.9985,0.0505,6.5845,43.9859,2.597122,1.611559,0.9892,0.9987,0.0635,0.0635,0.0635,6.4917,160.3187,60.8224,160.3187,60.8224,0.4826,43.9859,0.9892,2.597122,1.611559,-0.0216,0.0003,-0.013,0.0928
/kaggle/input/datasets/duc24kdl/sub-x-ray/sub_X-Ray/sub_NIH/00001315_003.png,,sub_NIH,00001315_003.png,ok,512x512 -> 1024x1024,2,1,337.29,35.0008,20.558933,4.534196,0.9848,0.9981,0.0766,6.8549,35.2814,19.272527,4.390049,0.9866,0.9984,0.1019,0.1019,0.1019,6.8637,124.8318,45.1036,124.8318,45.1036,0.5288,35.2814,0.9866,19.272527,4.390049,0.2806,0.0003,-0.0253,-0.0088
/kaggle/input/datasets/duc24kdl/sub-x-ray/sub_X-Ray/sub_NIH/00001317_001.png,,sub_NIH,00001317_001.png,ok,512x512 -> 1024x1024,2,1,342.8,42.1493,3.96417,1.991022,0.9606,0.9964,0.1497,6.6648,42.403,3.739229,1.933708,0.9629,0.9967,0.1711,0.1711,0.1711,6.6225,130.8016,63.0274,130.8016,63.0274,0.3606,42.403,0.9629,3.739229,1.933708,0.2537,0.0003,-0.0214,0.0424
/kaggle/input/datasets/duc24kdl/sub-x-ray/sub_X-Ray/sub_NIH/00001317_005.png,,sub_NIH,00001317_005.png,ok,512x512 -> 1024x1024,2,1,341.03,39.5137,7.273024,2.696854,0.985,0.9983,0.0827,7.3225,39.7649,6.864251,2.619972,0.9869,0.9985,0.107,0.107,0.107,7.3301,113.8371,46.9467,113.8371,46.9467,0.4708,39.7649,0.9869,6.864251,2.619972,0.2512,0.0003,-0.0243,-0.0076
/kaggle/input/datasets/duc24kdl/sub-x-ray/sub_X-Ray/sub_NIH/00001317_006.png,,sub_NIH,00001317_006.png,ok,512x512 -> 1024x1024,2,1,339.45,38.5771,9.023379,3.003894,0.9867,0.9984,0.0712,7.5779,38.8285,8.515865,2.918195,0.9885,0.9987,0.0928,0.0928,0.0928,7.3484,118.6925,48.4031,118.6925,48.4031,0.4709,38.8285,0.9885,8.515865,2.918195,0.2514,0.0002,-0.0216,0.2295
/kaggle/input/datasets/duc24kdl/sub-x-ray/sub_X-Ray/sub_NIH/00001319_000.png,,sub_NIH,00001319_000.png,ok,512x512 -> 1024x1024,2,1,339.29,45.5737,1.801828,1.342322,0.9834,0.9982,0.0827,6.7305,46.1014,1.595673,1.263199,0.9855,0.9984,0.1015,0.1015,0.1015,6.7249,152.5876,53.6337,152.5876,53.6337,0.4891,46.1014,0.9855,1.595673,1.263199,0.5277,0.0003,-0.0188,0.0057
/kaggle/input/datasets/duc24kdl/sub-x-ray/sub_X-Ray/sub_NIH/00001319_002.png,,sub_NIH,00001319_002.png,ok,512x512 -> 1024x1024,2,1,341.13,41.805,4.291183,2.071517,0.9615,0.9966,0.1439,6.8847,42.0549,4.051285,2.01278,0.9637,0.9969,0.1634,0.1634,0.1634,6.8064,114.0881,64.3218,114.0881,64.3218,0.3712,42.0549,0.9637,4.051285,2.01278,0.2498,0.0003,-0.0195,0.0782
/kaggle/input/datasets/duc24kdl/sub-x-ray/sub_X-Ray/sub_NIH/00001322_002.png,,sub_NIH,00001322_002.png,ok,512x512 -> 1024x1024,2,1,339.83,41.3665,4.747167,2.178799,0.9632,0.9966,0.1334,6.6875,41.6403,4.457045,2.111172,0.9655,0.9969,0.1514,0.1514,0.1514,6.6918,95.0275,63.3596,95.0275,63.3596,0.4327,41.6403,0.9655,4.457045,2.111172,0.2739,0.0003,-0.0179,-0.0043
/kaggle/input/datasets/duc24kdl/sub-x-ray/sub_X-Ray/sub_NIH/00001324_000.png,,sub_NIH,00001324_000.png,ok,512x512 -> 1024x1024,2,1,340.22,44.7139,2.196283,1.481986,0.9808,0.998,0.0861,6.9439,45.2551,1.938987,1.392475,0.983,0.9983,0.1045,0.1045,0.1045,6.8452,172.4733,42.763,172.4733,42.763,0.4387,45.2551,0.983,1.938987,1.392475,0.5411,0.0003,-0.0184,0.0987
/kaggle/input/datasets/duc24kdl/sub-x-ray/sub_X-Ray/sub_NIH/00001326_002.png,,sub_NIH,00001326_002.png,ok,512x512 -> 1024x1024,2,1,340.41,38.2595,9.708103,3.115783,0.9869,0.9984,0.0655,7.4807,38.5204,9.141928,3.023562,0.9886,0.9986,0.0851,0.0851,0.0851,7.3062,145.1314,58.702,145.1314,58.702,0.4838,38.5204,0.9886,9.141928,3.023562,0.261,0.0002,-0.0196,0.1745
/kaggle/input/datasets/duc24kdl/sub-x-ray/sub_X-Ray/sub_NIH/00001326_005.png,,sub_NIH,00001326_005.png,ok,512x512 -> 1024x1024,2,1,340.35,40.8172,5.38711,2.321015,0.9592,0.9963,0.1456,6.7067,41.1073,5.039021,2.244776,0.9614,0.9966,0.1658,0.1658,0.1658,6.689,131.0556,57.732,131.0556,57.732,0.4436,41.1073,0.9614,5.039021,2.244776,0.2901,0.0003,-0.0202,0.0177
/kaggle/input/datasets/duc24kdl/sub-x-ray/sub_X-Ray/sub_NIH/00001327_003.png,,sub_NIH,00001327_003.png,ok,512x512 -> 1024x1024,2,1,340.13,40.778,5.435982,2.331519,0.9534,0.9959,0.1411,6.3133,41.0665,5.086653,2.255361,0.9558,0.9962,0.1567,0.1567,0.1567,6.2468,115.207,66.3854,115.207,66.3854,0.4243,41.0665,0.9558,5.086653,2.255361,0.2885,0.0003,-0.0156,0.0665
/kaggle/input/datasets/duc24kdl/sub-x-ray/sub_X-Ray/sub_NIH/00001330_001.png,,sub_NIH,00001330_001.png,ok,512x512 -> 1024x1024,2,1,338.48,35.7837,17.16756,4.143375,0.9762,0.9976,0.0881,6.0994,36.1219,15.88162,3.985175,0.9783,0.9979,0.1034,0.1034,0.1034,6.2112,113.3856,66.3977,113.3856,66.3977,0.6137,36.1219,0.9783,15.88162,3.985175,0.3381,0.0003,-0.0153,-0.1118
/kaggle/input/datasets/duc24kdl/sub-x-ray/sub_X-Ray/sub_NIH/00001330_003.png,,sub_NIH,00001330_003.png,ok,512x512 -> 1024x1024,2,1,334.93,40.1026,6.350628,2.520045,0.9606,0.9965,0.1308,5.8938,40.3273,6.030421,2.455692,0.9628,0.9968,0.1445,0.1445,0.1445,5.9583,103.131,75.3148,103.131,75.3148,0.3972,40.3273,0.9628,6.030421,2.455692,0.2247,0.0003,-0.0137,-0.0644
/kaggle/input/datasets/duc24kdl/sub-x-ray/sub_X-Ray/sub_NIH/00001332_000.png,,sub_NIH,00001332_000.png,ok,512x512 -> 1024x1024,2,1,337.59,38.8426,8.488328,2.913474,0.9872,0.9984,0.0531,7.467,39.0422,8.106989,2.847278,0.9887,0.9986,0.0686,0.0686,0.0686,7.2995,138.6722,70.8601,138.6722,70.8601,0.5528,39.0422,0.9887,8.106989,2.847278,0.1996,0.0002,-0.0155,0.1675
/kaggle/input/datasets/duc24kdl/sub-x-ray/sub_X-Ray/sub_NIH/00001332_003.png,,sub_NIH,00001332_003.png,ok,512x512 -> 1024x1024,2,1,339.16,37.0991,12.681516,3.561112,0.9855,0.9982,0.0736,7.253,37.4804,11.615681,3.408178,0.9873,0.9985,0.0985,0.0985,0.0985,7.4027,105.475,52.253,105.475,52.253,0.5409,37.4804,0.9873,11.615681,3.408178,0.3813,0.0003,-0.025,-0.1497
/kaggle/input/datasets/duc24kdl/sub-x-ray/sub_X-Ray/sub_NIH/00001335_002.png,,sub_NIH,00001335_002.png,ok,512x512 -> 1024x1024,2,1,339.76,36.7945,13.602988,3.688223,0.9854,0.9983,0.0604,6.7147,37.0555,12.80947,3.579032,0.9872,0.9986,0.0745,0.0745,0.0745,6.8477,172.2418,54.1618,172.2418,54.1618,0.488,37.0555,0.9872,12.80947,3.579032,0.261,0.0003,-0.0142,-0.1329
/kaggle/input/datasets/duc24kdl/sub-x-ray/sub_X-Ray/sub_NIH/00001336_000.png,,sub_NIH,00001336_000.png,ok,512x512 -> 1024x1024,2,1,339.92,43.2902,3.048316,1.745943,0.9831,0.9982,0.0616,6.8424,43.869,2.667947,1.633385,0.9852,0.9984,0.077,0.077,0.077,6.9319,155.7262,58.6361,155.7262,58.6361,0.4316,43.869,0.9852,2.667947,1.633385,0.5788,0.0003,-0.0155,-0.0894
/kaggle/input/datasets/duc24kdl/sub-x-ray/sub_X-Ray/sub_NIH/00001337_000.png,,sub_NIH,00001337_000.png,ok,512x512 -> 1024x1024,2,1,340.02,41.8512,4.245782,2.06053,0.9624,0.9966,0.1406,6.7473,42.0825,4.025584,2.006386,0.9645,0.9969,0.1612,0.1612,0.1612,6.6398,131.3986,70.3,131.3986,70.3,0.3404,42.0825,0.9645,4.025584,2.006386,0.2313,0.0003,-0.0206,0.1075
/kaggle/input/datasets/duc24kdl/sub-x-ray/sub_X-Ray/sub_NIH/00001338_000.png,,sub_NIH,00001338_000.png,ok,512x512 -> 1024x1024,2,1,339.16,41.5191,4.583245,2.140851,0.9615,0.9965,0.1399,6.5252,41.7653,4.330627,2.081016,0.9637,0.9968,0.1599,0.1599,0.1599,6.5124,119.886,65.4577,119.886,65.4577,0.3804,41.7653,0.9637,4.330627,2.081016,0.2462,0.0003,-0.02,0.0128
/kaggle/input/datasets/duc24kdl/sub-x-ray/sub_X-Ray/sub_NIH/00001338_001.png,,sub_NIH,00001338_001.png,ok,512x512 -> 1024x1024,2,1,340.0,35.88,16.791104,4.097695,0.9779,0.9977,0.0881,6.1048,36.2926,15.269417,3.90761,0.9801,0.998,0.1039,0.1039,0.1039,6.2684,132.6943,63.2472,132.6943,63.2472,0.6233,36.2926,0.9801,15.269417,3.90761,0.4126,0.0003,-0.0157,-0.1636
/kaggle/input/datasets/duc24kdl/sub-x-ray/sub_X-Ray/sub_NIH/00001338_002.png,,sub_NIH,00001338_002.png,ok,512x512 -> 1024x1024,2,1,334.16,35.2872,19.247073,4.387149,0.9801,0.9978,0.0928,5.6725,35.5773,18.003101,4.243006,0.9821,0.9981,0.1106,0.1106,0.1106,5.8643,112.0513,67.2971,112.0513,67.2971,0.6074,35.5773,0.9821,18.003101,4.243006,0.2902,0.0003,-0.0178,-0.1918
/kaggle/input/datasets/duc24kdl/sub-x-ray/sub_X-Ray/sub_NIH/00001338_003.png,,sub_NIH,00001338_003.png,ok,512x512 -> 1024x1024,2,1,340.21,45.5934,1.79366,1.339276,0.9764,0.9975,0.0919,7.0513,46.0285,1.622688,1.273848,0.9786,0.9978,0.1198,0.1198,0.1198,6.8503,111.0695,30.1299,111.0695,30.1299,0.3858,46.0285,0.9786,1.622688,1.273848,0.4351,0.0003,-0.0279,0.201
/kaggle/input/datasets/duc24kdl/sub-x-ray/sub_X-Ray/sub_NIH/00001339_000.png,,sub_NIH,00001339_000.png,ok,512x512 -> 1024x1024,2,1,342.6,41.2654,4.858947,2.204302,0.9645,0.9968,0.1322,6.5156,41.501,4.602378,2.145315,0.9665,0.9971,0.1517,0.1517,0.1517,6.4894,122.6046,62.9979,122.6046,62.9979,0.3952,41.501,0.9665,4.602378,2.145315,0.2356,0.0003,-0.0195,0.0262
/kaggle/input/datasets/duc24kdl/sub-x-ray/sub_X-Ray/sub_NIH/00001340_000.png,,sub_NIH,00001340_000.png,ok,512x512 -> 1024x1024,2,1,339.3,41.36,4.754265,2.180428,0.9685,0.9971,0.1149,6.8685,41.6192,4.478763,2.116309,0.9704,0.9974,0.1347,0.1347,0.1347,6.9469,146.3498,64.2482,146.3498,64.2482,0.3794,41.6192,0.9704,4.478763,2.116309,0.2593,0.0002,-0.0198,-0.0784
/kaggle/input/datasets/duc24kdl/sub-x-ray/sub_X-Ray/sub_NIH/00001341_000.png,,sub_NIH,00001341_000.png,ok,512x512 -> 1024x1024,2,1,342.79,40.6257,5.629968,2.372755,0.9647,0.9969,0.1255,6.7326,40.8224,5.380739,2.319642,0.9668,0.9972,0.1418,0.1418,0.1418,6.5731,102.3689,63.1254,102.3689,63.1254,0.3869,40.8224,0.9668,5.380739,2.319642,0.1966,0.0003,-0.0162,0.1596
/kaggle/input/datasets/duc24kdl/sub-x-ray/sub_X-Ray/sub_NIH/00001342_000.png,,sub_NIH,00001342_000.png,ok,512x512 -> 1024x1024,2,1,340.81,44.2807,2.426682,1.557781,0.983,0.9981,0.0688,6.6101,44.6655,2.220931,1.490279,0.9852,0.9984,0.0856,0.0856,0.0856,6.5359,145.7055,44.1385,145.7055,44.1385,0.5359,44.6655,0.9852,2.220931,1.490279,0.3848,0.0003,-0.0168,0.0741
/kaggle/input/datasets/duc24kdl/sub-x-ray/sub_X-Ray/sub_NIH/00001342_001.png,,sub_NIH,00001342_001.png,ok,512x512 -> 1024x1024,2,1,339.35,45.7494,1.730393,1.315444,0.9822,0.998,0.0616,6.4802,46.2682,1.535532,1.239166,0.9844,0.9983,0.0762,0.0762,0.0762,6.4305,157.8831,60.7247,157.8831,60.7247,0.4766,46.2682,0.9844,1.535532,1.239166,0.5189,0.0003,-0.0146,0.0497
/kaggle/input/datasets/duc24kdl/sub-x-ray/sub_X-Ray/sub_NIH/00001343_000.png,,sub_NIH,00001343_000.png,ok,512x512 -> 1024x1024,2,1,340.31,42.5448,3.619139,1.902403,0.9637,0.9967,0.1434,6.7696,42.8007,3.411976,1.847154,0.9658,0.997,0.1641,0.1641,0.1641,6.6889,131.4754,66.5727,131.4754,66.5727,0.3728,42.8007,0.9658,3.411976,1.847154,0.256,0.0003,-0.0207,0.0806
/kaggle/input/datasets/duc24kdl/sub-x-ray/sub_X-Ray/sub_NIH/00001344_000.png,,sub_NIH,00001344_000.png,ok,512x512 -> 1024x1024,2,1,340.66,46.5855,1.42734,1.194713,0.9849,0.9982,0.0624,7.1509,47.0042,1.296168,1.138494,0.9869,0.9985,0.0807,0.0807,0.0807,7.0786,170.5411,45.8937,170.5411,45.8937,0.438,47.0042,0.9869,1.296168,1.138494,0.4187,0.0003,-0.0182,0.0723
/kaggle/input/datasets/duc24kdl/sub-x-ray/sub_X-Ray/sub_NIH/00001345_000.png,,sub_NIH,00001345_000.png,ok,512x512 -> 1024x1024,2,1,341.72,41.4123,4.697353,2.167338,0.9646,0.9968,0.1433,7.4299,41.6766,4.41998,2.102375,0.9665,0.997,0.1673,0.1673,0.1673,7.2569,145.1635,58.5874,145.1635,58.5874,0.3887,41.6766,0.9665,4.41998,2.102375,0.2643,0.0002,-0.024,0.173
/kaggle/input/datasets/duc24kdl/sub-x-ray/sub_X-Ray/sub_NIH/00001346_000.png,,sub_NIH,00001346_000.png,ok,512x512 -> 1024x1024,2,1,343.0,41.8686,4.228808,2.056407,0.9624,0.9966,0.1317,6.3111,42.1815,3.934884,1.983654,0.9646,0.9969,0.1492,0.1492,0.1492,6.3959,109.7661,70.109,109.7661,70.109,0.404,42.1815,0.9646,3.934884,1.983654,0.3129,0.0003,-0.0176,-0.0848
/kaggle/input/datasets/duc24kdl/sub-x-ray/sub_X-Ray/sub_NIH/00001347_000.png,,sub_NIH,00001347_000.png,ok,512x512 -> 1024x1024,2,1,343.94,41.9917,4.110633,2.02747,0.9638,0.9968,0.1269,6.2827,42.2289,3.892165,1.972857,0.966,0.9971,0.1434,0.1434,0.1434,6.3392,103.6482,69.6558,103.6482,69.6558,0.3629,42.2289,0.966,3.892165,1.972857,0.2372,0.0003,-0.0165,-0.0565
/kaggle/input/datasets/duc24kdl/sub-x-ray/sub_X-Ray/sub_NIH/00001347_001.png,,sub_NIH,00001347_001.png,ok,512x512 -> 1024x1024,2,1,341.75,38.0801,10.117431,3.180791,0.9805,0.9979,0.0699,6.2069,38.3259,9.560689,3.092036,0.9827,0.9982,0.0843,0.0843,0.0843,6.3308,156.894,56.2167,156.894,56.2167,0.4604,38.3259,0.9827,9.560689,3.092036,0.2458,0.0003,-0.0144,-0.1239
/kaggle/input/datasets/duc24kdl/sub-x-ray/sub_X-Ray/sub_NIH/00001347_002.png,,sub_NIH,00001347_002.png,ok,512x512 -> 1024x1024,2,1,336.35,40.6862,5.552079,2.356285,0.9596,0.9964,0.142,6.291,40.9525,5.221953,2.285159,0.962,0.9967,0.1597,0.1597,0.1597,6.2996,107.7728,68.8465,107.7728,68.8465,0.3915,40.9525,0.962,5.221953,2.285159,0.2662,0.0003,-0.0177,-0.0086
/kaggle/input/datasets/duc24kdl/sub-x-ray/sub_X-Ray/sub_NIH/00001348_000.png,,sub_NIH,00001348_000.png,ok,512x512 -> 1024x1024,2,1,335.21,42.0017,4.10122,2.025147,0.9607,0.9965,0.1303,6.1396,42.2815,3.845279,1.960938,0.9629,0.9968,0.1458,0.1458,0.1458,6.1858,105.2688,71.4858,105.2688,71.4858,0.3924,42.2815,0.9629,3.845279,1.960938,0.2799,0.0003,-0.0155,-0.0462
/kaggle/input/datasets/duc24kdl/sub-x-ray/sub_X-Ray/sub_NIH/00001349_000.png,,sub_NIH,00001349_000.png,ok,512x512 -> 1024x1024,2,1,341.42,46.0085,1.630175,1.276783,0.9838,0.9982,0.0748,7.0394,46.535,1.444031,1.201678,0.986,0.9985,0.0927,0.0927,0.0927,6.8218,165.2968,44.2808,165.2968,44.2808,0.4869,46.535,0.986,1.444031,1.201678,0.5266,0.0003,-0.0179,0.2176
/kaggle/input/datasets/duc24kdl/sub-x-ray/sub_X-Ray/sub_NIH/00001350_000.png,,sub_NIH,00001350_000.png,ok,512x512 -> 1024x1024,2,1,344.54,38.2901,9.639797,3.104802,0.9842,0.9982,0.061,6.787,38.5394,9.102127,3.016973,0.9861,0.9985,0.0758,0.0758,0.0758,6.7989,158.8261,63.227,158.8261,63.227,0.4684,38.5394,0.9861,9.102127,3.016973,0.2492,0.0003,-0.0148,-0.0119
/kaggle/input/datasets/duc24kdl/sub-x-ray/sub_X-Ray/sub_NIH/00001351_000.png,,sub_NIH,00001351_000.png,ok,512x512 -> 1024x1024,2,1,342.45,45.0155,2.048959,1.431419,0.977,0.9975,0.095,7.0304,45.4912,1.836388,1.355134,0.979,0.9978,0.1229,0.1229,0.1229,6.787,108.342,32.8185,108.342,32.8185,0.3871,45.4912,0.979,1.836388,1.355134,0.4757,0.0003,-0.0279,0.2433
/kaggle/input/datasets/duc24kdl/sub-x-ray/sub_X-Ray/sub_NIH/00001352_000.png,,sub_NIH,00001352_000.png,ok,512x512 -> 1024x1024,2,1,339.8,41.2222,4.907473,2.215282,0.9548,0.996,0.154,6.7744,41.4433,4.663936,2.159615,0.9571,0.9963,0.1713,0.1713,0.1713,6.658,126.8773,66.4941,126.8773,66.4941,0.3518,41.4433,0.9571,4.663936,2.159615,0.2211,0.0003,-0.0173,0.1163
/kaggle/input/datasets/duc24kdl/sub-x-ray/sub_X-Ray/sub_NIH/00001353_000.png,,sub_NIH,00001353_000.png,ok,512x512 -> 1024x1024,2,1,342.45,36.4781,14.631007,3.82505,0.9816,0.998,0.0728,6.7864,36.8392,13.463468,3.66926,0.9837,0.9983,0.0885,0.0885,0.0885,6.7907,164.5322,52.098,164.5322,52.098,0.4656,36.8392,0.9837,13.463468,3.66926,0.3612,0.0003,-0.0157,-0.0043
/kaggle/input/datasets/duc24kdl/sub-x-ray/sub_X-Ray/sub_NIH/00001354_000.png,,sub_NIH,00001354_000.png,ok,512x512 -> 1024x1024,2,1,342.81,41.5616,4.538634,2.130407,0.9592,0.9964,0.1498,6.6154,41.8205,4.275885,2.067821,0.9614,0.9967,0.1681,0.1681,0.1681,6.5398,121.6706,68.0519,121.6706,68.0519,0.3782,41.8205,0.9614,4.275885,2.067821,0.259,0.0003,-0.0183,0.0756
/kaggle/input/datasets/duc24kdl/sub-x-ray/sub_X-Ray/sub_NIH/00001355_000.png,,sub_NIH,00001355_000.png,ok,512x512 -> 1024x1024,2,1,342.07,34.8801,21.138547,4.597668,0.9814,0.9979,0.0675,6.0365,35.0103,20.513962,4.529234,0.9835,0.9982,0.0801,0.0801,0.0801,6.2157,158.2415,70.578,158.2415,70.578,0.5087,35.0103,0.9835,20.513962,4.529234,0.1303,0.0003,-0.0127,-0.1791
/kaggle/input/datasets/duc24kdl/sub-x-ray/sub_X-Ray/sub_NIH/00001355_001.png,,sub_NIH,00001355_001.png,ok,512x512 -> 1024x1024,2,1,340.24,36.9645,13.080789,3.616737,0.9813,0.9979,0.0901,8.3139,37.2362,12.287455,3.505347,0.9833,0.9982,0.1154,0.1154,0.1154,7.844,119.9738,55.4303,119.9738,55.4303,0.6526,37.2362,0.9833,12.287455,3.505347,0.2717,0.0002,-0.0253,0.4699
/kaggle/input/datasets/duc24kdl/sub-x-ray/sub_X-Ray/sub_NIH/00001355_002.png,,sub_NIH,00001355_002.png,ok,512x512 -> 1024x1024,2,1,345.54,35.4465,18.553785,4.307411,0.9791,0.9977,0.0991,6.8591,35.7944,17.125556,4.138304,0.981,0.998,0.1214,0.1214,0.1214,6.9386,123.383,63.023,123.383,63.023,0.6226,35.7944,0.981,17.125556,4.138304,0.3479,0.0002,-0.0223,-0.0795
/kaggle/input/datasets/duc24kdl/sub-x-ray/sub_X-Ray/sub_NIH/00001355_003.png,,sub_NIH,00001355_003.png,ok,512x512 -> 1024x1024,2,1,340.78,46.0329,1.621041,1.273201,0.9799,0.9978,0.086,7.8739,46.4269,1.480447,1.216736,0.9818,0.9981,0.116,0.116,0.116,7.1758,110.5963,30.9765,110.5963,30.9765,0.3821,46.4269,0.9818,1.480447,1.216736,0.394,0.0002,-0.03,0.698
/kaggle/input/datasets/duc24kdl/sub-x-ray/sub_X-Ray/sub_NIH/00001355_004.png,,sub_NIH,00001355_004.png,ok,512x512 -> 1024x1024,2,1,342.55,35.2344,19.482104,4.413854,0.9765,0.9975,0.1077,6.6584,35.516,18.259263,4.273086,0.9786,0.9978,0.1318,0.1318,0.1318,6.678,116.7277,47.8842,116.7277,47.8842,0.5973,35.516,0.9786,18.259263,4.273086,0.2815,0.0003,-0.0241,-0.0195
/kaggle/input/datasets/duc24kdl/sub-x-ray/sub_X-Ray/sub_NIH/00001355_005.png,,sub_NIH,00001355_005.png,ok,512x512 -> 1024x1024,2,1,340.41,36.5096,14.524995,3.811167,0.9733,0.9973,0.1253,7.2087,36.8058,13.567573,3.683419,0.9754,0.9975,0.1484,0.1484,0.1484,7.1766,148.4254,44.8382,148.4254,44.8382,0.6481,36.8058,0.9754,13.567573,3.683419,0.2961,0.0003,-0.0231,0.0322
/kaggle/input/datasets/duc24kdl/sub-x-ray/sub_X-Ray/sub_NIH/00001355_006.png,,sub_NIH,00001355_006.png,ok,512x512 -> 1024x1024,2,1,344.81,36.474,14.644637,3.826831,0.973,0.9972,0.1273,7.2172,36.7737,13.668052,3.697033,0.9751,0.9975,0.1496,0.1496,0.1496,7.1706,133.0158,57.1844,133.0158,57.1844,0.6475,36.7737,0.9751,13.668052,3.697033,0.2997,0.0003,-0.0223,0.0466
/kaggle/input/datasets/duc24kdl/sub-x-ray/sub_X-Ray/sub_NIH/00001355_007.png,,sub_NIH,00001355_007.png,ok,512x512 -> 1024x1024,2,1,342.0,41.6379,4.459568,2.111769,0.9632,0.9967,0.1449,6.6979,41.9061,4.192487,2.047556,0.9651,0.997,0.1662,0.1662,0.1662,6.7521,135.8298,69.3774,135.8298,69.3774,0.3774,41.9061,0.9651,4.192487,2.047556,0.2682,0.0003,-0.0213,-0.0543
/kaggle/input/datasets/duc24kdl/sub-x-ray/sub_X-Ray/sub_NIH/00001355_008.png,,sub_NIH,00001355_008.png,ok,512x512 -> 1024x1024,2,1,345.98,42.039,4.066107,2.016459,0.963,0.9967,0.1437,6.9186,42.2688,3.856576,1.963817,0.9649,0.9969,0.166,0.166,0.166,6.804,143.6793,66.9603,143.6793,66.9603,0.3414,42.2688,0.9649,3.856576,1.963817,0.2298,0.0002,-0.0223,0.1146
/kaggle/input/datasets/duc24kdl/sub-x-ray/sub_X-Ray/sub_NIH/00001355_009.png,,sub_NIH,00001355_009.png,ok,512x512 -> 1024x1024,2,1,340.14,41.8036,4.29257,2.071852,0.9635,0.9967,0.1471,6.5788,42.0311,4.073515,2.018295,0.9654,0.997,0.1676,0.1676,0.1676,6.6964,133.0957,70.7658,133.0957,70.7658,0.3476,42.0311,0.9654,4.073515,2.018295,0.2275,0.0002,-0.0205,-0.1176
/kaggle/input/datasets/duc24kdl/sub-x-ray/sub_X-Ray/sub_NIH/00001355_010.png,,sub_NIH,00001355_010.png,ok,512x512 -> 1024x1024,2,1,344.8,41.5496,4.551165,2.133346,0.9618,0.9966,0.1449,6.5293,41.7653,4.330596,2.081008,0.9638,0.9968,0.1625,0.1625,0.1625,6.553,126.6069,77.3234,126.6069,77.3234,0.3469,41.7653,0.9638,4.330596,2.081008,0.2157,0.0003,-0.0177,-0.0236
/kaggle/input/datasets/duc24kdl/sub-x-ray/sub_X-Ray/sub_NIH/00001355_011.png,,sub_NIH,00001355_011.png,ok,512x512 -> 1024x1024,2,1,340.09,42.4077,3.7352,1.932667,0.9638,0.9968,0.1395,6.8698,42.6694,3.516737,1.875296,0.9657,0.997,0.1591,0.1591,0.1591,6.7999,130.8901,69.1939,130.8901,69.1939,0.366,42.6694,0.9657,3.516737,1.875296,0.2617,0.0003,-0.0197,0.0699
/kaggle/input/datasets/duc24kdl/sub-x-ray/sub_X-Ray/sub_NIH/00001355_012.png,,sub_NIH,00001355_012.png,ok,512x512 -> 1024x1024,2,1,341.18,42.1493,3.964191,1.991028,0.9624,0.9966,0.1479,6.8302,42.3681,3.769398,1.941494,0.9644,0.9969,0.1691,0.1691,0.1691,6.7037,134.2111,71.1746,134.2111,71.1746,0.3204,42.3681,0.9644,3.769398,1.941494,0.2188,0.0003,-0.0212,0.1265
/kaggle/input/datasets/duc24kdl/sub-x-ray/sub_X-Ray/sub_NIH/00001356_000.png,,sub_NIH,00001356_000.png,ok,512x512 -> 1024x1024,2,1,344.02,41.63,4.467622,2.113675,0.9622,0.9966,0.1376,6.6051,41.8553,4.241759,2.059553,0.9644,0.9969,0.1575,0.1575,0.1575,6.5508,124.0338,62.3456,124.0338,62.3456,0.3552,41.8553,0.9644,4.241759,2.059553,0.2253,0.0003,-0.0199,0.0543
/kaggle/input/datasets/duc24kdl/sub-x-ray/sub_X-Ray/sub_NIH/00001357_000.png,,sub_NIH,00001357_000.png,ok,512x512 -> 1024x1024,2,1,345.71,44.4508,2.333479,1.527573,0.9848,0.9983,0.0677,7.2961,45.0641,2.02616,1.423433,0.9869,0.9986,0.0856,0.0856,0.0856,7.0832,153.2553,49.32,153.2553,49.32,0.4604,45.0641,0.9869,2.02616,1.423433,0.6133,0.0003,-0.0179,0.213
/kaggle/input/datasets/duc24kdl/sub-x-ray/sub_X-Ray/sub_NIH/00001358_000.png,,sub_NIH,00001358_000.png,ok,512x512 -> 1024x1024,2,1,345.68,41.9417,4.15823,2.039174,0.962,0.9966,0.1479,6.971,42.1652,3.949675,1.987379,0.964,0.9969,0.1679,0.1679,0.1679,6.8207,132.0985,71.5124,132.0985,71.5124,0.3304,42.1652,0.964,3.949675,1.987379,0.2235,0.0003,-0.02,0.1503
/kaggle/input/datasets/duc24kdl/sub-x-ray/sub_X-Ray/sub_NIH/00001358_001.png,,sub_NIH,00001358_001.png,ok,512x512 -> 1024x1024,2,1,340.9,40.6125,5.647176,2.376379,0.9562,0.9961,0.1645,7.1127,40.9317,5.247028,2.290639,0.9584,0.9964,0.1841,0.1841,0.1841,6.9065,137.4984,66.9973,137.4984,66.9973,0.3968,40.9317,0.9584,5.247028,2.290639,0.3192,0.0003,-0.0196,0.2062
/kaggle/input/datasets/duc24kdl/sub-x-ray/sub_X-Ray/sub_NIH/00001359_000.png,,sub_NIH,00001359_000.png,ok,512x512 -> 1024x1024,2,1,345.87,42.4945,3.66126,1.913442,0.9637,0.9967,0.1254,6.7036,42.7847,3.424643,1.850579,0.966,0.9971,0.1409,0.1409,0.1409,6.5499,101.3355,68.0196,101.3355,68.0196,0.3875,42.7847,0.966,3.424643,1.850579,0.2902,0.0003,-0.0155,0.1537
/kaggle/input/datasets/duc24kdl/sub-x-ray/sub_X-Ray/sub_NIH/00001360_000.png,,sub_NIH,00001360_000.png,ok,512x512 -> 1024x1024,2,1,344.73,44.7354,2.185432,1.478321,0.9731,0.9972,0.1044,7.3503,45.1378,1.992069,1.411407,0.9755,0.9975,0.131,0.131,0.131,7.1179,109.6342,34.8365,109.6342,34.8365,0.4161,45.1378,0.9755,1.992069,1.411407,0.4023,0.0003,-0.0266,0.2325
/kaggle/input/datasets/duc24kdl/sub-x-ray/sub_X-Ray/sub_NIH/00001361_000.png,,sub_NIH,00001361_000.png,ok,512x512 -> 1024x1024,2,1,342.21,35.5968,17.922499,4.233497,0.9745,0.9975,0.1038,6.7723,35.9331,16.587167,4.072735,0.9768,0.9978,0.1233,0.1233,0.1233,6.6604,144.682,53.5316,144.682,53.5316,0.55,35.9331,0.9768,16.587167,4.072735,0.3363,0.0003,-0.0195,0.112
/kaggle/input/datasets/duc24kdl/sub-x-ray/sub_X-Ray/sub_NIH/00001362_000.png,,sub_NIH,00001362_000.png,ok,512x512 -> 1024x1024,2,1,345.21,35.9989,16.337843,4.04201,0.9833,0.9982,0.069,6.6907,36.2405,15.453733,3.931124,0.9852,0.9984,0.0839,0.0839,0.0839,6.7131,166.4704,71.0066,166.4704,71.0066,0.4994,36.2405,0.9852,15.453733,3.931124,0.2416,0.0003,-0.0148,-0.0225
/kaggle/input/datasets/duc24kdl/sub-x-ray/sub_X-Ray/sub_NIH/00001362_001.png,,sub_NIH,00001362_001.png,ok,512x512 -> 1024x1024,2,1,339.24,38.4137,9.369462,3.060958,0.9898,0.9986,0.0463,9.2431,38.6388,8.896069,2.982628,0.9912,0.9988,0.0641,0.0641,0.0641,8.7374,164.0131,42.4775,164.0131,42.4775,0.4992,38.6388,0.9912,8.896069,2.982628,0.2252,0.0002,-0.0178,0.5058
/kaggle/input/datasets/duc24kdl/sub-x-ray/sub_X-Ray/sub_NIH/00001362_002.png,,sub_NIH,00001362_002.png,ok,512x512 -> 1024x1024,2,1,336.47,37.3861,11.870603,3.445374,0.983,0.9981,0.0761,7.9731,37.6333,11.213763,3.348696,0.9846,0.9983,0.0961,0.0961,0.0961,7.5417,143.5355,65.5757,143.5355,65.5757,0.4857,37.6333,0.9846,11.213763,3.348696,0.2472,0.0002,-0.0201,0.4313
/kaggle/input/datasets/duc24kdl/sub-x-ray/sub_X-Ray/sub_NIH/00001362_003.png,,sub_NIH,00001362_003.png,ok,512x512 -> 1024x1024,2,1,344.89,37.2991,12.11083,3.480062,0.9816,0.9981,0.076,6.9123,37.6153,11.260192,3.355621,0.9835,0.9983,0.0905,0.0905,0.0905,6.7526,168.4455,61.9591,168.4455,61.9591,0.4675,37.6153,0.9835,11.260192,3.355621,0.3163,0.0002,-0.0145,0.1598
/kaggle/input/datasets/duc24kdl/sub-x-ray/sub_X-Ray/sub_NIH/00001362_004.png,,sub_NIH,00001362_004.png,ok,512x512 -> 1024x1024,2,1,342.53,38.1924,9.859217,3.139939,0.9878,0.9984,0.0574,8.5109,38.4166,9.363218,3.059938,0.9893,0.9986,0.0778,0.0778,0.0778,8.2099,159.9856,38.556,159.9856,38.556,0.4957,38.4166,0.9893,9.363218,3.059938,0.2242,0.0002,-0.0204,0.301
/kaggle/input/datasets/duc24kdl/sub-x-ray/sub_X-Ray/sub_NIH/00001362_005.png,,sub_NIH,00001362_005.png,ok,512x512 -> 1024x1024,2,1,344.32,36.7666,13.690586,3.700079,0.9882,0.9984,0.0591,8.0979,37.0238,12.903314,3.592118,0.9897,0.9986,0.0777,0.0777,0.0777,7.925,161.3484,39.742,161.3484,39.742,0.5174,37.0238,0.9897,12.903314,3.592118,0.2572,0.0002,-0.0187,0.1729
/kaggle/input/datasets/duc24kdl/sub-x-ray/sub_X-Ray/sub_NIH/00001362_006.png,,sub_NIH,00001362_006.png,ok,512x512 -> 1024x1024,2,1,345.43,37.5507,11.429181,3.380707,0.9885,0.9985,0.0558,8.346,37.761,10.888753,3.299811,0.99,0.9987,0.074,0.074,0.074,8.0422,162.1186,42.2871,162.1186,42.2871,0.4998,37.761,0.99,10.888753,3.299811,0.2104,0.0002,-0.0182,0.3038
/kaggle/input/datasets/duc24kdl/sub-x-ray/sub_X-Ray/sub_NIH/00001362_007.png,,sub_NIH,00001362_007.png,ok,512x512 -> 1024x1024,2,1,344.74,38.8375,8.498176,2.915163,0.9863,0.9983,0.0642,8.4184,39.0775,8.041366,2.83573,0.988,0.9985,0.0872,0.0872,0.0872,8.1312,158.285,36.002,158.285,36.002,0.4822,39.0775,0.988,8.041366,2.83573,0.24,0.0002,-0.023,0.2872
/kaggle/input/datasets/duc24kdl/sub-x-ray/sub_X-Ray/sub_NIH/00001362_008.png,,sub_NIH,00001362_008.png,ok,512x512 -> 1024x1024,2,1,346.8,39.0215,8.145671,2.854062,0.9862,0.9983,0.0682,7.9347,39.2934,7.651462,2.766128,0.9879,0.9986,0.0902,0.0902,0.0902,7.6554,118.3669,56.9872,118.3669,56.9872,0.4906,39.2934,0.9879,7.651462,2.766128,0.2718,0.0002,-0.022,0.2793
/kaggle/input/datasets/duc24kdl/sub-x-ray/sub_X-Ray/sub_NIH/00001362_009.png,,sub_NIH,00001362_009.png,ok,512x512 -> 1024x1024,2,1,347.21,43.1191,3.170792,1.780672,0.9625,0.9966,0.1411,6.5728,43.3697,2.993058,1.730046,0.9646,0.9969,0.1592,0.1592,0.1592,6.6189,126.8474,73.5967,126.8474,73.5967,0.3381,43.3697,0.9646,2.993058,1.730046,0.2505,0.0003,-0.0181,-0.0462
/kaggle/input/datasets/duc24kdl/sub-x-ray/sub_X-Ray/sub_NIH/00001362_010.png,,sub_NIH,00001362_010.png,ok,512x512 -> 1024x1024,2,1,343.61,41.3056,4.814172,2.194122,0.9559,0.9961,0.1611,6.4208,41.5627,4.537417,2.130121,0.9582,0.9964,0.1799,0.1799,0.1799,6.447,135.7926,71.557,135.7926,71.557,0.3623,41.5627,0.9582,4.537417,2.130121,0.2571,0.0003,-0.0188,-0.0262
/kaggle/input/datasets/duc24kdl/sub-x-ray/sub_X-Ray/sub_NIH/00001362_011.png,,sub_NIH,00001362_011.png,ok,512x512 -> 1024x1024,2,1,347.66,36.4334,14.78241,3.84479,0.9824,0.9979,0.0874,7.3069,36.7531,13.733142,3.705825,0.9842,0.9981,0.1164,0.1164,0.1164,7.3114,123.7426,44.2581,123.7426,44.2581,0.5034,36.7531,0.9842,13.733142,3.705825,0.3198,0.0002,-0.0289,-0.0044
/kaggle/input/datasets/duc24kdl/sub-x-ray/sub_X-Ray/sub_NIH/00001362_012.png,,sub_NIH,00001362_012.png,ok,512x512 -> 1024x1024,2,1,346.7,37.8964,10.554485,3.248767,0.9852,0.9982,0.0728,7.9728,38.1975,9.847498,3.138072,0.9869,0.9984,0.0993,0.0993,0.0993,7.6629,123.0133,52.5129,123.0133,52.5129,0.5164,38.1975,0.9869,9.847498,3.138072,0.3011,0.0002,-0.0265,0.3099
/kaggle/input/datasets/duc24kdl/sub-x-ray/sub_X-Ray/sub_NIH/00001362_013.png,,sub_NIH,00001362_013.png,ok,512x512 -> 1024x1024,2,1,343.33,41.7999,4.296258,2.072742,0.9625,0.9966,0.1444,6.6738,42.0598,4.046704,2.011642,0.9646,0.9969,0.165,0.165,0.165,6.7308,136.5847,71.6383,136.5847,71.6383,0.3745,42.0598,0.9646,4.046704,2.011642,0.2599,0.0003,-0.0206,-0.057
/kaggle/input/datasets/duc24kdl/sub-x-ray/sub_X-Ray/sub_NIH/00001362_014.png,,sub_NIH,00001362_014.png,ok,512x512 -> 1024x1024,2,1,343.82,36.6558,14.044248,3.747566,0.9873,0.9983,0.0641,7.8705,36.9731,13.054825,3.613146,0.989,0.9986,0.0849,0.0849,0.0849,7.3386,110.5125,56.2116,110.5125,56.2116,0.5046,36.9731,0.989,13.054825,3.613146,0.3173,0.0002,-0.0208,0.5318
/kaggle/input/datasets/duc24kdl/sub-x-ray/sub_X-Ray/sub_NIH/00001362_015.png,,sub_NIH,00001362_015.png,ok,512x512 -> 1024x1024,2,1,346.08,38.1441,9.969504,3.157452,0.9864,0.9983,0.0666,7.9087,38.4543,9.282086,3.046652,0.988,0.9985,0.0906,0.0906,0.0906,7.6741,117.6526,53.8339,117.6526,53.8339,0.5187,38.4543,0.988,9.282086,3.046652,0.3103,0.0002,-0.024,0.2345
/kaggle/input/datasets/duc24kdl/sub-x-ray/sub_X-Ray/sub_NIH/00001362_016.png,,sub_NIH,00001362_016.png,ok,512x512 -> 1024x1024,2,1,343.4,42.3631,3.773691,1.942599,0.9637,0.9967,0.1365,6.4671,42.6488,3.533436,1.879744,0.9657,0.997,0.1547,0.1547,0.1547,6.5506,128.5465,75.8637,128.5465,75.8637,0.3912,42.6488,0.9657,3.533436,1.879744,0.2857,0.0003,-0.0182,-0.0835
/kaggle/input/datasets/duc24kdl/sub-x-ray/sub_X-Ray/sub_NIH/00001362_017.png,,sub_NIH,00001362_017.png,ok,512x512 -> 1024x1024,2,1,346.51,35.1753,19.749278,4.444016,0.9873,0.9982,0.055,7.1562,35.4624,18.48598,4.299533,0.9889,0.9984,0.0742,0.0742,0.0742,7.0637,157.3637,48.2617,157.3637,48.2617,0.4976,35.4624,0.9889,18.48598,4.299533,0.2871,0.0003,-0.0193,0.0925
/kaggle/input/datasets/duc24kdl/sub-x-ray/sub_X-Ray/sub_NIH/00001363_000.png,,sub_NIH,00001363_000.png,ok,512x512 -> 1024x1024,2,1,349.99,42.395,3.746083,1.93548,0.9625,0.9967,0.1373,6.4563,42.6412,3.539651,1.881396,0.9646,0.997,0.1538,0.1538,0.1538,6.46,104.454,66.6586,104.454,66.6586,0.352,42.6412,0.9646,3.539651,1.881396,0.2462,0.0003,-0.0166,-0.0037
/kaggle/input/datasets/duc24kdl/sub-x-ray/sub_X-Ray/sub_NIH/00001364_000.png,,sub_NIH,00001364_000.png,ok,512x512 -> 1024x1024,2,1,348.25,44.5541,2.278601,1.509504,0.9745,0.9973,0.0911,7.0736,44.9828,2.064426,1.436811,0.9769,0.9976,0.1122,0.1122,0.1122,6.7329,106.0965,34.6725,106.0965,34.6725,0.442,44.9828,0.9769,2.064426,1.436811,0.4287,0.0003,-0.0211,0.3408
/kaggle/input/datasets/duc24kdl/sub-x-ray/sub_X-Ray/sub_NIH/00001364_001.png,,sub_NIH,00001364_001.png,ok,512x512 -> 1024x1024,2,1,347.75,41.5172,4.585248,2.141319,0.9693,0.9972,0.1124,6.4019,41.7887,4.307315,2.075407,0.9714,0.9975,0.1285,0.1285,0.1285,6.344,101.0367,60.2309,101.0367,60.2309,0.4019,41.7887,0.9714,4.307315,2.075407,0.2716,0.0003,-0.0162,0.0579
/kaggle/input/datasets/duc24kdl/sub-x-ray/sub_X-Ray/sub_NIH/00001364_002.png,,sub_NIH,00001364_002.png,ok,512x512 -> 1024x1024,2,1,344.38,36.5988,14.229711,3.772229,0.984,0.998,0.0763,6.779,36.8862,13.318788,3.649492,0.986,0.9983,0.0937,0.0937,0.0937,6.8448,109.4788,52.9006,109.4788,52.9006,0.493,36.8862,0.986,13.318788,3.649492,0.2873,0.0003,-0.0174,-0.0658
/kaggle/input/datasets/duc24kdl/sub-x-ray/sub_X-Ray/sub_NIH/00001364_003.png,,sub_NIH,00001364_003.png,ok,512x512 -> 1024x1024,2,1,347.46,38.5649,9.048722,3.008109,0.9845,0.9982,0.0701,7.0179,38.9055,8.366279,2.892452,0.9864,0.9985,0.086,0.086,0.086,7.0885,107.2602,54.7355,107.2602,54.7355,0.5289,38.9055,0.9864,8.366279,2.892452,0.3405,0.0003,-0.0159,-0.0706
/kaggle/input/datasets/duc24kdl/sub-x-ray/sub_X-Ray/sub_NIH/00001364_004.png,,sub_NIH,00001364_004.png,ok,512x512 -> 1024x1024,2,1,345.5,41.4774,4.627437,2.151148,0.9677,0.997,0.1139,6.2642,41.7824,4.313565,2.076912,0.9698,0.9973,0.1278,0.1278,0.1278,6.1938,99.5205,68.9111,99.5205,68.9111,0.4455,41.7824,0.9698,4.313565,2.076912,0.305,0.0003,-0.0139,0.0703
/kaggle/input/datasets/duc24kdl/sub-x-ray/sub_X-Ray/sub_NIH/00001364_005.png,,sub_NIH,00001364_005.png,ok,512x512 -> 1024x1024,2,1,343.25,38.2856,9.649889,3.106427,0.9835,0.9982,0.0633,6.3543,38.5861,9.004754,3.000792,0.9854,0.9984,0.0746,0.0746,0.0746,6.3379,161.186,61.9702,161.186,61.9702,0.56,38.5861,0.9854,9.004754,3.000792,0.3005,0.0003,-0.0113,0.0164
/kaggle/input/datasets/duc24kdl/sub-x-ray/sub_X-Ray/sub_NIH/00001364_006.png,,sub_NIH,00001364_006.png,ok,512x512 -> 1024x1024,2,1,343.73,37.5689,11.381371,3.373629,0.9822,0.998,0.0638,6.3443,37.9672,10.383784,3.222388,0.9843,0.9983,0.0762,0.0762,0.0762,6.4558,162.3958,63.5658,162.3958,63.5658,0.5861,37.9672,0.9843,10.383784,3.222388,0.3984,0.0003,-0.0124,-0.1115
/kaggle/input/datasets/duc24kdl/sub-x-ray/sub_X-Ray/sub_NIH/00001365_000.png,,sub_NIH,00001365_000.png,ok,512x512 -> 1024x1024,2,1,342.44,42.5687,3.599256,1.897171,0.9867,0.9984,0.0492,6.6914,42.5994,3.573869,1.890468,0.9883,0.9987,0.0639,0.0639,0.0639,6.6152,173.6997,59.1153,173.6997,59.1153,0.5232,42.5994,0.9883,3.573869,1.890468,0.0307,0.0002,-0.0147,0.0762
/kaggle/input/datasets/duc24kdl/sub-x-ray/sub_X-Ray/sub_NIH/00001365_001.png,,sub_NIH,00001365_001.png,ok,512x512 -> 1024x1024,2,1,343.67,46.0779,1.604332,1.266622,0.9873,0.9985,0.0478,6.9159,46.6274,1.413638,1.188965,0.9891,0.9988,0.0626,0.0626,0.0626,6.8794,154.7419,66.163,154.7419,66.163,0.4353,46.6274,0.9891,1.413638,1.188965,0.5496,0.0002,-0.0148,0.0365
/kaggle/input/datasets/duc24kdl/sub-x-ray/sub_X-Ray/sub_NIH/00001365_002.png,,sub_NIH,00001365_002.png,ok,512x512 -> 1024x1024,2,1,343.63,45.1016,2.008746,1.417302,0.986,0.9984,0.0566,6.9378,45.5994,1.79118,1.33835,0.9878,0.9987,0.0728,0.0728,0.0728,6.9118,153.7076,60.648,153.7076,60.648,0.4979,45.5994,0.9878,1.79118,1.33835,0.4979,0.0003,-0.0162,0.026
/kaggle/input/datasets/duc24kdl/sub-x-ray/sub_X-Ray/sub_NIH/00001366_000.png,,sub_NIH,00001366_000.png,ok,512x512 -> 1024x1024,2,1,342.96,36.3286,15.143179,3.891424,0.9792,0.9978,0.0782,6.8194,36.541,14.42055,3.79744,0.9813,0.9981,0.0936,0.0936,0.0936,6.6415,161.2285,60.7735,161.2285,60.7735,0.4716,36.541,0.9813,14.42055,3.79744,0.2124,0.0003,-0.0154,0.1779
/kaggle/input/datasets/duc24kdl/sub-x-ray/sub_X-Ray/sub_NIH/00001367_000.png,,sub_NIH,00001367_000.png,ok,512x512 -> 1024x1024,2,1,343.69,41.4196,4.689454,2.165515,0.9645,0.9968,0.1391,6.756,41.6529,4.444169,2.10812,0.9666,0.9971,0.1584,0.1584,0.1584,6.7323,126.9182,70.5144,126.9182,70.5144,0.344,41.6529,0.9666,4.444169,2.10812,0.2333,0.0003,-0.0192,0.0237
/kaggle/input/datasets/duc24kdl/sub-x-ray/sub_X-Ray/sub_NIH/00001367_001.png,,sub_NIH,00001367_001.png,ok,512x512 -> 1024x1024,2,1,345.33,43.0366,3.231606,1.797667,0.9642,0.9968,0.1376,6.6224,43.2974,3.043302,1.744506,0.9663,0.9971,0.156,0.156,0.156,6.6603,121.7455,75.1996,121.7455,75.1996,0.358,43.2974,0.9663,3.043302,1.744506,0.2607,0.0003,-0.0184,-0.0379
/kaggle/input/datasets/duc24kdl/sub-x-ray/sub_X-Ray/sub_NIH/00001367_002.png,,sub_NIH,00001367_002.png,ok,512x512 -> 1024x1024,2,1,343.04,43.2792,3.056079,1.748164,0.9767,0.9976,0.1045,6.9265,43.5463,2.873726,1.695207,0.979,0.9979,0.1246,0.1246,0.1246,6.8982,139.9009,57.2174,139.9009,57.2174,0.5366,43.5463,0.979,2.873726,1.695207,0.2672,0.0003,-0.0201,0.0283
/kaggle/input/datasets/duc24kdl/sub-x-ray/sub_X-Ray/sub_NIH/00001367_003.png,,sub_NIH,00001367_003.png,ok,512x512 -> 1024x1024,2,1,339.79,45.8446,1.692875,1.301105,0.9816,0.9979,0.0737,7.1353,46.3361,1.511706,1.229515,0.9836,0.9982,0.0992,0.0992,0.0992,6.721,110.8853,31.3734,110.8853,31.3734,0.4193,46.3361,0.9836,1.511706,1.229515,0.4916,0.0003,-0.0255,0.4143
/kaggle/input/datasets/duc24kdl/sub-x-ray/sub_X-Ray/sub_NIH/00001367_004.png,,sub_NIH,00001367_004.png,ok,512x512 -> 1024x1024,2,1,341.64,36.5808,14.288871,3.780062,0.9863,0.9984,0.0615,6.5283,36.8068,13.564279,3.682972,0.9881,0.9987,0.0728,0.0728,0.0728,6.6305,172.3919,61.7431,172.3919,61.7431,0.4892,36.8068,0.9881,13.564279,3.682972,0.226,0.0003,-0.0113,-0.1022
/kaggle/input/datasets/duc24kdl/sub-x-ray/sub_X-Ray/sub_NIH/00001367_005.png,,sub_NIH,00001367_005.png,ok,512x512 -> 1024x1024,2,1,337.57,42.3939,3.747087,1.935739,0.964,0.9968,0.1377,6.6688,42.6652,3.520166,1.876211,0.9659,0.997,0.1588,0.1588,0.1588,6.6212,133.3758,73.3366,133.3758,73.3366,0.3818,42.6652,0.9659,3.520166,1.876211,0.2713,0.0002,-0.0211,0.0476
/kaggle/input/datasets/duc24kdl/sub-x-ray/sub_X-Ray/sub_NIH/00001367_006.png,,sub_NIH,00001367_006.png,ok,512x512 -> 1024x1024,2,1,341.97,36.3338,15.125042,3.889093,0.9866,0.9984,0.0575,6.446,36.5598,14.35837,3.789244,0.9883,0.9987,0.0673,0.0673,0.0673,6.4617,172.4078,66.4211,172.4078,66.4211,0.4884,36.5598,0.9883,14.35837,3.789244,0.2259,0.0003,-0.0098,-0.0158
/kaggle/input/datasets/duc24kdl/sub-x-ray/sub_X-Ray/sub_NIH/00001367_007.png,,sub_NIH,00001367_007.png,ok,512x512 -> 1024x1024,2,1,342.31,42.2,3.918131,1.979427,0.9646,0.9968,0.137,6.6977,42.4317,3.714578,1.927324,0.9665,0.9971,0.1565,0.1565,0.1565,6.7063,129.6217,73.7507,129.6217,73.7507,0.3424,42.4317,0.9665,3.714578,1.927324,0.2317,0.0002,-0.0195,-0.0086
/kaggle/input/datasets/duc24kdl/sub-x-ray/sub_X-Ray/sub_NIH/00001367_008.png,,sub_NIH,00001367_008.png,ok,512x512 -> 1024x1024,2,1,340.54,41.9981,4.104602,2.025982,0.9645,0.9968,0.139,6.8548,42.2744,3.851591,1.962547,0.9665,0.9971,0.1608,0.1608,0.1608,6.8732,133.4728,66.7707,133.4728,66.7707,0.3726,42.2744,0.9665,3.851591,1.962547,0.2763,0.0002,-0.0218,-0.0183
/kaggle/input/datasets/duc24kdl/sub-x-ray/sub_X-Ray/sub_NIH/00001367_009.png,,sub_NIH,00001367_009.png,ok,512x512 -> 1024x1024,2,1,341.73,42.8057,3.408052,1.846091,0.9648,0.9968,0.1379,6.804,43.0603,3.214003,1.792764,0.9667,0.9971,0.1589,0.1589,0.1589,6.7186,127.3447,71.9025,127.3447,71.9025,0.3445,43.0603,0.9667,3.214003,1.792764,0.2546,0.0002,-0.0209,0.0855
/kaggle/input/datasets/duc24kdl/sub-x-ray/sub_X-Ray/sub_NIH/00001367_010.png,,sub_NIH,00001367_010.png,ok,512x512 -> 1024x1024,2,1,342.63,38.4946,9.196435,3.032562,0.9838,0.9982,0.068,6.5108,38.7758,8.61984,2.935956,0.9859,0.9985,0.0807,0.0807,0.0807,6.471,154.8644,63.4597,154.8644,63.4597,0.5071,38.7758,0.9859,8.61984,2.935956,0.2812,0.0003,-0.0128,0.0398
/kaggle/input/datasets/duc24kdl/sub-x-ray/sub_X-Ray/sub_NIH/00001368_000.png,,sub_NIH,00001368_000.png,ok,512x512 -> 1024x1024,2,1,340.18,37.8801,10.594317,3.254891,0.9867,0.9984,0.0582,6.7406,38.1332,9.994426,3.161396,0.9886,0.9987,0.0723,0.0723,0.0723,6.5714,160.8056,61.7768,160.8056,61.7768,0.4973,38.1332,0.9886,9.994426,3.161396,0.2532,0.0003,-0.0141,0.1691
/kaggle/input/datasets/duc24kdl/sub-x-ray/sub_X-Ray/sub_NIH/00001368_001.png,,sub_NIH,00001368_001.png,ok,512x512 -> 1024x1024,2,1,344.4,41.4294,4.678915,2.16308,0.962,0.9966,0.1396,6.6742,41.7467,4.349222,2.085479,0.9642,0.9969,0.1575,0.1575,0.1575,6.5446,113.9837,64.5922,113.9837,64.5922,0.4344,41.7467,0.9642,4.349222,2.085479,0.3173,0.0003,-0.0179,0.1296
/kaggle/input/datasets/duc24kdl/sub-x-ray/sub_X-Ray/sub_NIH/00001369_000.png,,sub_NIH,00001369_000.png,ok,512x512 -> 1024x1024,2,1,343.39,44.7016,2.202527,1.484091,0.9847,0.9982,0.0524,7.1775,44.7043,2.201156,1.483629,0.9865,0.9984,0.066,0.066,0.066,7.1245,186.5879,52.3533,186.5879,52.3533,0.4557,44.7043,0.9865,2.201156,1.483629,0.0027,0.0002,-0.0136,0.0531
/kaggle/input/datasets/duc24kdl/sub-x-ray/sub_X-Ray/sub_NIH/00001370_000.png,,sub_NIH,00001370_000.png,ok,512x512 -> 1024x1024,2,1,341.22,46.8144,1.354059,1.16364,0.9833,0.9981,0.0649,7.0179,47.4071,1.181317,1.086884,0.9854,0.9984,0.0808,0.0808,0.0808,6.9436,172.7308,39.557,172.7308,39.557,0.4389,47.4071,0.9854,1.181317,1.086884,0.5927,0.0003,-0.0159,0.0742
/kaggle/input/datasets/duc24kdl/sub-x-ray/sub_X-Ray/sub_NIH/00001371_000.png,,sub_NIH,00001371_000.png,ok,512x512 -> 1024x1024,2,1,341.11,45.3569,1.894055,1.376247,0.9844,0.9982,0.0686,7.1981,45.9534,1.650992,1.284909,0.9865,0.9985,0.0871,0.0871,0.0871,7.0077,171.5355,41.178,171.5355,41.178,0.4372,45.9534,0.9865,1.650992,1.284909,0.5965,0.0003,-0.0186,0.1904
/kaggle/input/datasets/duc24kdl/sub-x-ray/sub_X-Ray/sub_NIH/00001371_001.png,,sub_NIH,00001371_001.png,ok,512x512 -> 1024x1024,2,1,339.95,38.2457,9.7388,3.120705,0.9903,0.9986,0.0458,7.8372,38.4716,9.245208,3.040593,0.9919,0.9989,0.0629,0.0629,0.0629,7.5949,160.9934,44.8912,160.9934,44.8912,0.4996,38.4716,0.9919,9.245208,3.040593,0.2259,0.0002,-0.0171,0.2423
/kaggle/input/datasets/duc24kdl/sub-x-ray/sub_X-Ray/sub_NIH/00001371_002.png,,sub_NIH,00001371_002.png,ok,512x512 -> 1024x1024,2,1,338.0,36.6136,14.181402,3.76582,0.9897,0.9986,0.049,7.9252,36.8299,13.492404,3.673201,0.9912,0.9989,0.0644,0.0644,0.0644,7.8792,172.3922,38.6904,172.3922,38.6904,0.509,36.8299,0.9912,13.492404,3.673201,0.2163,0.0002,-0.0154,0.046
/kaggle/input/datasets/duc24kdl/sub-x-ray/sub_X-Ray/sub_NIH/00001371_003.png,,sub_NIH,00001371_003.png,ok,512x512 -> 1024x1024,2,1,339.42,36.8895,13.308595,3.648095,0.9886,0.9985,0.0537,7.055,37.1076,12.656811,3.557641,0.9902,0.9988,0.0697,0.0697,0.0697,7.0763,160.8074,47.9851,160.8074,47.9851,0.488,37.1076,0.9902,12.656811,3.557641,0.2181,0.0002,-0.016,-0.0214
/kaggle/input/datasets/duc24kdl/sub-x-ray/sub_X-Ray/sub_NIH/00001371_004.png,,sub_NIH,00001371_004.png,ok,512x512 -> 1024x1024,2,1,340.72,37.0556,12.809203,3.578995,0.9869,0.9984,0.0613,7.5673,37.2811,12.160917,3.487251,0.9885,0.9986,0.0798,0.0798,0.0798,7.4684,158.1667,47.3494,158.1667,47.3494,0.4817,37.2811,0.9885,12.160917,3.487251,0.2256,0.0002,-0.0185,0.0989
/kaggle/input/datasets/duc24kdl/sub-x-ray/sub_X-Ray/sub_NIH/00001371_005.png,,sub_NIH,00001371_005.png,ok,512x512 -> 1024x1024,2,1,336.23,42.1644,3.950395,1.98756,0.9602,0.9965,0.1466,6.3679,42.4226,3.722349,1.929339,0.9623,0.9967,0.1673,0.1673,0.1673,6.3772,124.5842,67.2426,124.5842,67.2426,0.3648,42.4226,0.9623,3.722349,1.929339,0.2582,0.0003,-0.0207,-0.0093
/kaggle/input/datasets/duc24kdl/sub-x-ray/sub_X-Ray/sub_NIH/00001372_000.png,,sub_NIH,00001372_000.png,ok,512x512 -> 1024x1024,2,1,337.96,41.2767,4.846334,2.201439,0.9596,0.9964,0.1461,6.5285,41.5221,4.580099,2.140117,0.9617,0.9967,0.167,0.167,0.167,6.4813,126.1889,71.4448,126.1889,71.4448,0.3497,41.5221,0.9617,4.580099,2.140117,0.2454,0.0003,-0.0209,0.0472
/kaggle/input/datasets/duc24kdl/sub-x-ray/sub_X-Ray/sub_NIH/00001373_000.png,,sub_NIH,00001373_000.png,ok,512x512 -> 1024x1024,2,1,340.24,38.1128,10.04143,3.168821,0.9878,0.9985,0.0569,7.523,38.3545,9.497855,3.081859,0.9894,0.9987,0.0749,0.0749,0.0749,7.4668,156.9789,50.2402,156.9789,50.2402,0.4822,38.3545,0.9894,9.497855,3.081859,0.2417,0.0002,-0.018,0.0562
/kaggle/input/datasets/duc24kdl/sub-x-ray/sub_X-Ray/sub_NIH/00001373_001.png,,sub_NIH,00001373_001.png,ok,512x512 -> 1024x1024,2,1,341.87,38.3423,9.524773,3.086223,0.9853,0.9983,0.0808,7.498,38.5992,8.97766,2.996274,0.9872,0.9985,0.1066,0.1066,0.1066,7.6616,121.3885,43.0026,121.3885,43.0026,0.4713,38.5992,0.9872,8.97766,2.996274,0.2569,0.0002,-0.0258,-0.1636
/kaggle/input/datasets/duc24kdl/sub-x-ray/sub_X-Ray/sub_NIH/00001373_002.png,,sub_NIH,00001373_002.png,ok,512x512 -> 1024x1024,2,1,340.06,37.6266,11.231133,3.351288,0.9779,0.9978,0.1084,7.1491,37.8415,10.688892,3.269387,0.9798,0.998,0.1327,0.1327,0.1327,7.1365,120.3269,57.6458,120.3269,57.6458,0.4668,37.8415,0.9798,10.688892,3.269387,0.2149,0.0002,-0.0243,0.0126
/kaggle/input/datasets/duc24kdl/sub-x-ray/sub_X-Ray/sub_NIH/00001373_003.png,,sub_NIH,00001373_003.png,ok,512x512 -> 1024x1024,2,1,337.58,38.3031,9.61105,3.100169,0.9818,0.9981,0.0942,7.3003,38.5312,9.119235,3.019807,0.9837,0.9983,0.1199,0.1199,0.1199,7.3949,120.4256,53.6849,120.4256,53.6849,0.475,38.5312,0.9837,9.119235,3.019807,0.2281,0.0002,-0.0257,-0.0946
/kaggle/input/datasets/duc24kdl/sub-x-ray/sub_X-Ray/sub_NIH/00001373_004.png,,sub_NIH,00001373_004.png,ok,512x512 -> 1024x1024,2,1,336.55,42.356,3.779912,1.9442,0.9564,0.9961,0.1579,6.6955,42.6287,3.54983,1.884099,0.9587,0.9964,0.1795,0.1795,0.1795,6.5763,122.8595,63.7532,122.8595,63.7532,0.3709,42.6287,0.9587,3.54983,1.884099,0.2727,0.0003,-0.0215,0.1192
/kaggle/input/datasets/duc24kdl/sub-x-ray/sub_X-Ray/sub_NIH/00001373_005.png,,sub_NIH,00001373_005.png,ok,512x512 -> 1024x1024,2,1,341.32,42.3089,3.821115,1.954767,0.9658,0.9969,0.1309,6.672,42.567,3.600627,1.897532,0.9679,0.9972,0.1509,0.1509,0.1509,6.6391,121.81,65.0324,121.81,65.0324,0.3626,42.567,0.9679,3.600627,1.897532,0.2581,0.0003,-0.0199,0.0329
/kaggle/input/datasets/duc24kdl/sub-x-ray/sub_X-Ray/sub_NIH/00001373_006.png,,sub_NIH,00001373_006.png,ok,512x512 -> 1024x1024,2,1,342.06,42.6767,3.510856,1.873728,0.9658,0.9969,0.1307,6.6718,42.9977,3.260659,1.80573,0.9678,0.9972,0.151,0.151,0.151,6.6223,119.8382,67.4517,119.8382,67.4517,0.383,42.9977,0.9678,3.260659,1.80573,0.3211,0.0003,-0.0203,0.0494
/kaggle/input/datasets/duc24kdl/sub-x-ray/sub_X-Ray/sub_NIH/00001373_007.png,,sub_NIH,00001373_007.png,ok,512x512 -> 1024x1024,2,1,335.44,43.0522,3.220028,1.794444,0.9651,0.9969,0.1296,6.2974,43.33,3.02053,1.737967,0.9672,0.9972,0.148,0.148,0.148,6.2586,108.471,70.9088,108.471,70.9088,0.3648,43.33,0.9672,3.02053,1.737967,0.2778,0.0003,-0.0183,0.0388
/kaggle/input/datasets/duc24kdl/sub-x-ray/sub_X-Ray/sub_NIH/00001373_008.png,,sub_NIH,00001373_008.png,ok,512x512 -> 1024x1024,2,1,340.27,37.3893,11.861796,3.444096,0.9867,0.9984,0.0563,6.6589,37.4985,11.567165,3.401054,0.9884,0.9986,0.0688,0.0688,0.0688,6.6322,180.6968,54.4317,180.6968,54.4317,0.6902,37.4985,0.9884,11.567165,3.401054,0.1092,0.0003,-0.0125,0.0267
/kaggle/input/datasets/duc24kdl/sub-x-ray/sub_X-Ray/sub_NIH/00001373_009.png,,sub_NIH,00001373_009.png,ok,512x512 -> 1024x1024,2,1,340.58,37.7398,10.942041,3.307876,0.986,0.9983,0.0678,7.5502,37.9618,10.396878,3.224419,0.9877,0.9986,0.0879,0.0879,0.0879,7.4683,161.0007,47.2527,161.0007,47.2527,0.4847,37.9618,0.9877,10.396878,3.224419,0.222,0.0002,-0.0201,0.0819
/kaggle/input/datasets/duc24kdl/sub-x-ray/sub_X-Ray/sub_NIH/00001373_010.png,,sub_NIH,00001373_010.png,ok,512x512 -> 1024x1024,2,1,340.5,38.1004,10.0703,3.173374,0.9682,0.9969,0.1127,6.0986,38.5127,9.158109,3.026237,0.9705,0.9972,0.1292,0.1292,0.1292,6.11,143.5599,65.4144,143.5599,65.4144,0.5898,38.5127,0.9705,9.158109,3.026237,0.4124,0.0003,-0.0165,-0.0114
/kaggle/input/datasets/duc24kdl/sub-x-ray/sub_X-Ray/sub_NIH/00001373_011.png,,sub_NIH,00001373_011.png,ok,512x512 -> 1024x1024,2,1,342.76,34.9177,20.956108,4.577784,0.9767,0.9976,0.0942,6.6695,35.3138,19.129312,4.373707,0.9788,0.9978,0.1123,0.1123,0.1123,6.6462,122.479,62.5105,122.479,62.5105,0.6285,35.3138,0.9788,19.129312,4.373707,0.3961,0.0003,-0.0181,0.0233
/kaggle/input/datasets/duc24kdl/sub-x-ray/sub_X-Ray/sub_NIH/00001373_012.png,,sub_NIH,00001373_012.png,ok,512x512 -> 1024x1024,2,1,340.03,35.0431,20.359659,4.512168,0.9653,0.9967,0.1376,6.3525,35.3952,18.77435,4.332938,0.9676,0.9969,0.1583,0.1583,0.1583,6.2991,141.42,60.4302,141.42,60.4302,0.6089,35.3952,0.9676,18.77435,4.332938,0.3521,0.0003,-0.0207,0.0534
/kaggle/input/datasets/duc24kdl/sub-x-ray/sub_X-Ray/sub_NIH/00001373_013.png,,sub_NIH,00001373_013.png,ok,512x512 -> 1024x1024,2,1,338.08,34.1596,24.952887,4.995286,0.9498,0.9954,0.1574,6.0102,34.4668,23.248581,4.821678,0.9523,0.9957,0.1746,0.1746,0.1746,6.102,155.4363,63.01,155.4363,63.01,0.6032,34.4668,0.9523,23.248581,4.821678,0.3072,0.0003,-0.0172,-0.0918
/kaggle/input/datasets/duc24kdl/sub-x-ray/sub_X-Ray/sub_NIH/00001373_014.png,,sub_NIH,00001373_014.png,ok,512x512 -> 1024x1024,2,1,340.36,35.192,19.673632,4.435497,0.9663,0.9967,0.141,7.01,35.4622,18.486595,4.299604,0.9685,0.997,0.1663,0.1663,0.1663,6.9249,127.6599,61.441,127.6599,61.441,0.5852,35.4622,0.9685,18.486595,4.299604,0.2703,0.0003,-0.0253,0.0851
/kaggle/input/datasets/duc24kdl/sub-x-ray/sub_X-Ray/sub_NIH/00001373_015.png,,sub_NIH,00001373_015.png,ok,512x512 -> 1024x1024,2,1,337.62,35.0816,20.179875,4.492202,0.9737,0.9973,0.1042,6.6833,35.4807,18.408254,4.290484,0.9758,0.9976,0.1219,0.1219,0.1219,6.5099,141.3168,58.8815,141.3168,58.8815,0.6178,35.4807,0.9758,18.408254,4.290484,0.3991,0.0003,-0.0177,0.1735
/kaggle/input/datasets/duc24kdl/sub-x-ray/sub_X-Ray/sub_NIH/00001373_016.png,,sub_NIH,00001373_016.png,ok,512x512 -> 1024x1024,2,1,340.11,35.3941,18.77907,4.333482,0.9787,0.9977,0.0854,6.5785,35.7499,17.301602,4.159519,0.9808,0.998,0.1018,0.1018,0.1018,6.6177,128.5163,63.1108,128.5163,63.1108,0.6216,35.7499,0.9808,17.301602,4.159519,0.3559,0.0003,-0.0165,-0.0392
/kaggle/input/datasets/duc24kdl/sub-x-ray/sub_X-Ray/sub_NIH/00001373_017.png,,sub_NIH,00001373_017.png,ok,512x512 -> 1024x1024,2,1,339.21,35.6087,17.873461,4.227702,0.9812,0.9979,0.0763,6.4766,35.9575,16.493989,4.061279,0.9832,0.9982,0.0912,0.0912,0.0912,6.5359,114.917,65.0879,114.917,65.0879,0.6359,35.9575,0.9832,16.493989,4.061279,0.3488,0.0003,-0.0149,-0.0593
/kaggle/input/datasets/duc24kdl/sub-x-ray/sub_X-Ray/sub_NIH/00001373_018.png,,sub_NIH,00001373_018.png,ok,512x512 -> 1024x1024,2,1,343.1,42.5677,3.600086,1.897389,0.9691,0.9972,0.1188,6.3897,42.9194,3.320005,1.822088,0.9709,0.9975,0.1367,0.1367,0.1367,6.4326,127.1826,72.0882,127.1826,72.0882,0.4173,42.9194,0.9709,3.320005,1.822088,0.3517,0.0002,-0.0179,-0.0429
/kaggle/input/datasets/duc24kdl/sub-x-ray/sub_X-Ray/sub_NIH/00001373_019.png,,sub_NIH,00001373_019.png,ok,512x512 -> 1024x1024,2,1,340.64,35.8436,16.932349,4.114894,0.9806,0.9979,0.0777,5.9838,36.1559,15.757588,3.969583,0.9827,0.9981,0.0922,0.0922,0.0922,6.1521,123.5046,61.7447,123.5046,61.7447,0.6167,36.1559,0.9827,15.757588,3.969583,0.3123,0.0003,-0.0145,-0.1682
/kaggle/input/datasets/duc24kdl/sub-x-ray/sub_X-Ray/sub_NIH/00001373_020.png,,sub_NIH,00001373_020.png,ok,512x512 -> 1024x1024,2,1,340.41,36.6089,14.196898,3.767877,0.9806,0.9978,0.08,6.4719,36.8757,13.350947,3.653895,0.9825,0.9981,0.0947,0.0947,0.0947,6.47,118.8724,62.493,118.8724,62.493,0.6389,36.8757,0.9825,13.350947,3.653895,0.2668,0.0003,-0.0147,0.0019
/kaggle/input/datasets/duc24kdl/sub-x-ray/sub_X-Ray/sub_NIH/00001373_021.png,,sub_NIH,00001373_021.png,ok,512x512 -> 1024x1024,2,1,341.25,35.3937,18.780832,4.333686,0.9818,0.9979,0.0737,6.3918,35.7356,17.358819,4.166392,0.9839,0.9982,0.0878,0.0878,0.0878,6.4131,121.5428,61.8866,121.5428,61.8866,0.6345,35.7356,0.9839,17.358819,4.166392,0.3419,0.0003,-0.014,-0.0213
/kaggle/input/datasets/duc24kdl/sub-x-ray/sub_X-Ray/sub_NIH/00001373_022.png,,sub_NIH,00001373_022.png,ok,512x512 -> 1024x1024,2,1,339.31,37.0368,12.864657,3.586734,0.9828,0.9981,0.078,6.4137,37.3434,11.98781,3.462342,0.9848,0.9983,0.0944,0.0944,0.0944,6.6201,113.1139,61.9673,113.1139,61.9673,0.6374,37.3434,0.9848,11.98781,3.462342,0.3066,0.0003,-0.0164,-0.2064
/kaggle/input/datasets/duc24kdl/sub-x-ray/sub_X-Ray/sub_NIH/00001373_023.png,,sub_NIH,00001373_023.png,ok,512x512 -> 1024x1024,2,1,339.35,35.3219,19.093582,4.36962,0.9789,0.9977,0.0814,6.1874,35.7361,17.356771,4.166146,0.9812,0.998,0.0951,0.0951,0.0951,6.3053,122.2263,61.4097,122.2263,61.4097,0.6252,35.7361,0.9812,17.356771,4.166146,0.4142,0.0003,-0.0137,-0.118
/kaggle/input/datasets/duc24kdl/sub-x-ray/sub_X-Ray/sub_NIH/00001373_024.png,,sub_NIH,00001373_024.png,ok,512x512 -> 1024x1024,2,1,339.79,36.5159,14.504175,3.808435,0.9799,0.9978,0.0811,6.562,36.814,13.541782,3.679916,0.982,0.9981,0.0968,0.0968,0.0968,6.4818,120.5946,58.007,120.5946,58.007,0.6368,36.814,0.982,13.541782,3.679916,0.2982,0.0003,-0.0157,0.0802
/kaggle/input/datasets/duc24kdl/sub-x-ray/sub_X-Ray/sub_NIH/00001373_025.png,,sub_NIH,00001373_025.png,ok,512x512 -> 1024x1024,2,1,338.3,36.8138,13.542679,3.680038,0.9801,0.9978,0.0876,6.6809,37.0992,12.681147,3.56106,0.9821,0.9981,0.1059,0.1059,0.1059,6.7039,117.4085,56.6077,117.4085,56.6077,0.6296,37.0992,0.9821,12.681147,3.56106,0.2855,0.0003,-0.0183,-0.023
/kaggle/input/datasets/duc24kdl/sub-x-ray/sub_X-Ray/sub_NIH/00001373_026.png,,sub_NIH,00001373_026.png,ok,512x512 -> 1024x1024,2,1,339.51,38.4437,9.304882,3.05039,0.9818,0.998,0.0908,7.379,38.751,8.66932,2.944371,0.9837,0.9982,0.116,0.116,0.116,7.3165,115.5675,51.0136,115.5675,51.0136,0.5096,38.751,0.9837,8.66932,2.944371,0.3073,0.0002,-0.0252,0.0625
/kaggle/input/datasets/duc24kdl/sub-x-ray/sub_X-Ray/sub_NIH/00001373_027.png,,sub_NIH,00001373_027.png,ok,512x512 -> 1024x1024,2,1,340.82,38.377,9.448808,3.073891,0.9815,0.998,0.0953,7.1779,38.6682,8.836037,2.972547,0.9835,0.9982,0.1205,0.1205,0.1205,7.2633,114.3023,50.2549,114.3023,50.2549,0.5103,38.6682,0.9835,8.836037,2.972547,0.2912,0.0002,-0.0252,-0.0854
/kaggle/input/datasets/duc24kdl/sub-x-ray/sub_X-Ray/sub_NIH/00001373_028.png,,sub_NIH,00001373_028.png,ok,512x512 -> 1024x1024,2,1,336.79,36.6377,14.102883,3.755381,0.9802,0.9978,0.0801,6.1822,36.911,13.242947,3.639086,0.9823,0.9981,0.0944,0.0944,0.0944,6.3071,115.642,59.8075,115.642,59.8075,0.6333,36.911,0.9823,13.242947,3.639086,0.2732,0.0003,-0.0143,-0.125
/kaggle/input/datasets/duc24kdl/sub-x-ray/sub_X-Ray/sub_NIH/00001373_029.png,,sub_NIH,00001373_029.png,ok,512x512 -> 1024x1024,2,1,336.98,36.3097,15.209471,3.899932,0.982,0.998,0.0705,6.3345,36.5898,14.259285,3.776147,0.9839,0.9983,0.0848,0.0848,0.0848,6.3643,127.2376,63.6011,127.2376,63.6011,0.6351,36.5898,0.9839,14.259285,3.776147,0.2802,0.0003,-0.0143,-0.0298
/kaggle/input/datasets/duc24kdl/sub-x-ray/sub_X-Ray/sub_NIH/00001373_030.png,,sub_NIH,00001373_030.png,ok,512x512 -> 1024x1024,2,1,340.06,35.4873,18.380406,4.287238,0.9735,0.9973,0.1078,6.1426,35.8169,17.036746,4.127559,0.9757,0.9976,0.1253,0.1253,0.1253,6.3501,129.1129,61.573,129.1129,61.573,0.6154,35.8169,0.9757,17.036746,4.127559,0.3297,0.0003,-0.0175,-0.2075
/kaggle/input/datasets/duc24kdl/sub-x-ray/sub_X-Ray/sub_NIH/00001373_031.png,,sub_NIH,00001373_031.png,ok,512x512 -> 1024x1024,2,1,338.49,36.498,14.56383,3.816259,0.9799,0.9978,0.0791,6.317,36.7505,13.741515,3.706955,0.9818,0.9981,0.0938,0.0938,0.0938,6.4216,125.9163,61.881,125.9163,61.881,0.6334,36.7505,0.9818,13.741515,3.706955,0.2524,0.0003,-0.0147,-0.1045
/kaggle/input/datasets/duc24kdl/sub-x-ray/sub_X-Ray/sub_NIH/00001373_032.png,,sub_NIH,00001373_032.png,ok,512x512 -> 1024x1024,2,1,335.8,35.8859,16.768395,4.094923,0.9796,0.9978,0.076,6.2872,36.1851,15.652117,3.956276,0.9817,0.9981,0.09,0.09,0.09,6.2522,128.3399,60.9467,128.3399,60.9467,0.6434,36.1851,0.9817,15.652117,3.956276,0.2992,0.0003,-0.014,0.035
/kaggle/input/datasets/duc24kdl/sub-x-ray/sub_X-Ray/sub_NIH/00001373_033.png,,sub_NIH,00001373_033.png,ok,512x512 -> 1024x1024,2,1,340.8,36.1076,15.933956,3.991736,0.9774,0.9976,0.0846,6.1983,36.3989,14.899986,3.86005,0.9795,0.9979,0.0988,0.0988,0.0988,6.2947,132.3556,59.7307,132.3556,59.7307,0.6304,36.3989,0.9795,14.899986,3.86005,0.2914,0.0003,-0.0142,-0.0964
/kaggle/input/datasets/duc24kdl/sub-x-ray/sub_X-Ray/sub_NIH/00001373_034.png,,sub_NIH,00001373_034.png,ok,512x512 -> 1024x1024,2,1,338.88,34.5012,23.065153,4.802619,0.9713,0.9971,0.1109,6.5615,34.8766,21.155398,4.5995,0.9735,0.9974,0.1295,0.1295,0.1295,6.4586,128.4679,68.9004,128.4679,68.9004,0.6225,34.8766,0.9735,21.155398,4.5995,0.3754,0.0003,-0.0186,0.1029
/kaggle/input/datasets/duc24kdl/sub-x-ray/sub_X-Ray/sub_NIH/00001373_035.png,,sub_NIH,00001373_035.png,ok,512x512 -> 1024x1024,2,1,340.28,36.3184,15.178923,3.896014,0.9796,0.9977,0.0902,6.962,36.6113,14.189008,3.76683,0.9816,0.998,0.1104,0.1104,0.1104,6.8785,122.2927,57.8053,122.2927,57.8053,0.6417,36.6113,0.9816,14.189008,3.76683,0.2929,0.0003,-0.0202,0.0835
/kaggle/input/datasets/duc24kdl/sub-x-ray/sub_X-Ray/sub_NIH/00001373_036.png,,sub_NIH,00001373_036.png,ok,512x512 -> 1024x1024,2,1,339.79,36.299,15.246728,3.904706,0.9748,0.9973,0.1014,6.4594,36.5687,14.328782,3.785338,0.9769,0.9976,0.1199,0.1199,0.1199,6.3994,133.6987,53.3985,133.6987,53.3985,0.6297,36.5687,0.9769,14.328782,3.785338,0.2697,0.0003,-0.0185,0.06
/kaggle/input/datasets/duc24kdl/sub-x-ray/sub_X-Ray/sub_NIH/00001373_037.png,,sub_NIH,00001373_037.png,ok,512x512 -> 1024x1024,2,1,341.23,36.7071,13.879533,3.725525,0.9802,0.9978,0.0801,6.4018,37.0204,12.913468,3.593531,0.9823,0.9981,0.0973,0.0973,0.0973,6.4057,122.1624,61.2347,122.1624,61.2347,0.6413,37.0204,0.9823,12.913468,3.593531,0.3133,0.0003,-0.0172,-0.0039
/kaggle/input/datasets/duc24kdl/sub-x-ray/sub_X-Ray/sub_NIH/00001373_038.png,,sub_NIH,00001373_038.png,ok,512x512 -> 1024x1024,2,1,340.5,33.3406,30.131475,5.489214,0.9702,0.997,0.1082,6.0528,33.6381,28.136802,5.304413,0.9725,0.9973,0.126,0.126,0.126,6.148,145.0513,51.3675,145.0513,51.3675,0.6037,33.6381,0.9725,28.136802,5.304413,0.2975,0.0003,-0.0178,-0.0952
/kaggle/input/datasets/duc24kdl/sub-x-ray/sub_X-Ray/sub_NIH/00001373_039.png,,sub_NIH,00001373_039.png,ok,512x512 -> 1024x1024,2,1,340.07,36.4544,14.710841,3.835471,0.9752,0.9974,0.0956,6.6324,36.7346,13.791668,3.713714,0.9774,0.9977,0.1124,0.1124,0.1124,6.7486,127.8037,61.5395,127.8037,61.5395,0.6299,36.7346,0.9774,13.791668,3.713714,0.2802,0.0003,-0.0168,-0.1162
/kaggle/input/datasets/duc24kdl/sub-x-ray/sub_X-Ray/sub_NIH/00001373_040.png,,sub_NIH,00001373_040.png,ok,512x512 -> 1024x1024,2,1,340.21,36.2569,15.395467,3.923706,0.9697,0.997,0.1218,6.9007,36.5336,14.44508,3.800668,0.9719,0.9972,0.1419,0.1419,0.1419,6.6232,134.7509,56.2933,134.7509,56.2933,0.6259,36.5336,0.9719,14.44508,3.800668,0.2767,0.0003,-0.0201,0.2775
/kaggle/input/datasets/duc24kdl/sub-x-ray/sub_X-Ray/sub_NIH/00001373_041.png,,sub_NIH,00001373_041.png,ok,512x512 -> 1024x1024,2,1,340.36,35.5549,18.096391,4.253985,0.9726,0.9972,0.1035,6.193,35.9395,16.562834,4.069746,0.9748,0.9975,0.1201,0.1201,0.1201,6.1805,127.9834,67.7554,127.9834,67.7554,0.621,35.9395,0.9748,16.562834,4.069746,0.3846,0.0003,-0.0166,0.0125
/kaggle/input/datasets/duc24kdl/sub-x-ray/sub_X-Ray/sub_NIH/00001373_042.png,,sub_NIH,00001373_042.png,ok,512x512 -> 1024x1024,2,1,340.07,36.6897,13.935107,3.732976,0.9722,0.9972,0.1194,6.5835,36.9777,13.040933,3.611223,0.9743,0.9974,0.14,0.14,0.14,6.6176,123.9047,62.4583,123.9047,62.4583,0.6132,36.9777,0.9743,13.040933,3.611223,0.288,0.0003,-0.0205,-0.0341
/kaggle/input/datasets/duc24kdl/sub-x-ray/sub_X-Ray/sub_NIH/00001373_043.png,,sub_NIH,00001373_043.png,ok,512x512 -> 1024x1024,2,1,341.9,36.5475,14.39894,3.794594,0.9721,0.9972,0.1165,7.1227,36.8381,13.467053,3.669748,0.9742,0.9974,0.1372,0.1372,0.1372,6.9355,129.0478,61.3331,129.0478,61.3331,0.6242,36.8381,0.9742,13.467053,3.669748,0.2906,0.0003,-0.0208,0.1872
/kaggle/input/datasets/duc24kdl/sub-x-ray/sub_X-Ray/sub_NIH/00001373_044.png,,sub_NIH,00001373_044.png,ok,512x512 -> 1024x1024,2,1,341.78,36.1893,15.636919,3.954354,0.9713,0.9971,0.1243,6.8985,36.4819,14.618085,3.82336,0.9734,0.9974,0.1449,0.1449,0.1449,6.8897,141.7467,60.1009,141.7467,60.1009,0.6208,36.4819,0.9734,14.618085,3.82336,0.2926,0.0003,-0.0206,0.0088
/kaggle/input/datasets/duc24kdl/sub-x-ray/sub_X-Ray/sub_NIH/00001373_045.png,,sub_NIH,00001373_045.png,ok,512x512 -> 1024x1024,2,1,341.69,36.3561,15.047818,3.879152,0.977,0.9976,0.0964,6.5056,36.6537,14.051165,3.748488,0.9791,0.9978,0.114,0.114,0.114,6.6085,129.742,62.4194,129.742,62.4194,0.6303,36.6537,0.9791,14.051165,3.748488,0.2976,0.0003,-0.0176,-0.1029
/kaggle/input/datasets/duc24kdl/sub-x-ray/sub_X-Ray/sub_NIH/00001373_046.png,,sub_NIH,00001373_046.png,ok,512x512 -> 1024x1024,2,1,336.21,36.1998,15.599281,3.949593,0.966,0.9967,0.1336,6.4317,36.4768,14.635175,3.825595,0.9683,0.997,0.1529,0.1529,0.1529,6.4444,130.2226,60.66,130.2226,60.66,0.6118,36.4768,0.9683,14.635175,3.825595,0.2771,0.0003,-0.0193,-0.0127
/kaggle/input/datasets/duc24kdl/sub-x-ray/sub_X-Ray/sub_NIH/00001373_047.png,,sub_NIH,00001373_047.png,ok,512x512 -> 1024x1024,2,1,340.43,36.1063,15.93843,3.992296,0.9763,0.9975,0.0918,6.3105,36.4037,14.883756,3.857947,0.9784,0.9978,0.1077,0.1077,0.1077,6.3154,132.3005,62.4864,132.3005,62.4864,0.6332,36.4037,0.9784,14.883756,3.857947,0.2973,0.0003,-0.0159,-0.0049
/kaggle/input/datasets/duc24kdl/sub-x-ray/sub_X-Ray/sub_NIH/00001373_048.png,,sub_NIH,00001373_048.png,ok,512x512 -> 1024x1024,2,1,339.85,36.8236,13.512127,3.675884,0.9748,0.9974,0.1009,6.8025,37.1089,12.652765,3.557073,0.9769,0.9977,0.1181,0.1181,0.1181,6.6563,134.9936,62.3138,134.9936,62.3138,0.6252,37.1089,0.9769,12.652765,3.557073,0.2854,0.0003,-0.0172,0.1462
/kaggle/input/datasets/duc24kdl/sub-x-ray/sub_X-Ray/sub_NIH/00001373_049.png,,sub_NIH,00001373_049.png,ok,512x512 -> 1024x1024,2,1,340.01,34.469,23.237241,4.820502,0.9706,0.997,0.1121,6.2114,34.8252,21.407048,4.626775,0.9728,0.9973,0.1299,0.1299,0.1299,6.251,140.7253,64.1606,140.7253,64.1606,0.6167,34.8252,0.9728,21.407048,4.626775,0.3563,0.0003,-0.0178,-0.0396
/kaggle/input/datasets/duc24kdl/sub-x-ray/sub_X-Ray/sub_NIH/00001373_050.png,,sub_NIH,00001373_050.png,ok,512x512 -> 1024x1024,2,1,343.11,40.3338,6.021448,2.453864,0.9702,0.997,0.1267,6.881,40.565,5.709268,2.389407,0.9725,0.9973,0.1471,0.1471,0.1471,6.7545,132.832,63.2926,132.832,63.2926,0.4894,40.565,0.9725,5.709268,2.389407,0.2312,0.0003,-0.0204,0.1266
/kaggle/input/datasets/duc24kdl/sub-x-ray/sub_X-Ray/sub_NIH/00001373_051.png,,sub_NIH,00001373_051.png,ok,512x512 -> 1024x1024,2,1,340.04,36.0993,15.96444,3.995553,0.9714,0.9972,0.1047,6.5177,36.3898,14.931483,3.864128,0.9736,0.9974,0.1204,0.1204,0.1204,6.3832,139.529,62.0623,139.529,62.0623,0.6297,36.3898,0.9736,14.931483,3.864128,0.2905,0.0003,-0.0157,0.1345
/kaggle/input/datasets/duc24kdl/sub-x-ray/sub_X-Ray/sub_NIH/00001373_052.png,,sub_NIH,00001373_052.png,ok,512x512 -> 1024x1024,2,1,338.67,34.44,23.392591,4.836589,0.9726,0.9972,0.0943,6.1054,34.8085,21.489516,4.635679,0.9748,0.9975,0.1088,0.1088,0.1088,6.2143,137.9007,63.8132,137.9007,63.8132,0.6121,34.8085,0.9748,21.489516,4.635679,0.3685,0.0003,-0.0145,-0.1088
/kaggle/input/datasets/duc24kdl/sub-x-ray/sub_X-Ray/sub_NIH/00001373_053.png,,sub_NIH,00001373_053.png,ok,512x512 -> 1024x1024,2,1,338.62,35.9417,16.554149,4.068679,0.9764,0.9975,0.0847,6.1483,36.2355,15.471494,3.933382,0.9785,0.9978,0.0984,0.0984,0.0984,6.1343,141.249,61.7401,141.249,61.7401,0.6308,36.2355,0.9785,15.471494,3.933382,0.2937,0.0003,-0.0137,0.014
/kaggle/input/datasets/duc24kdl/sub-x-ray/sub_X-Ray/sub_NIH/00001373_054.png,,sub_NIH,00001373_054.png,ok,512x512 -> 1024x1024,2,1,341.82,35.2871,19.247369,4.387182,0.9737,0.9973,0.0949,5.7965,35.6432,17.732112,4.210951,0.9758,0.9976,0.109,0.109,0.109,6.0408,139.8312,68.2267,139.8312,68.2267,0.6036,35.6432,0.9758,17.732112,4.210951,0.3561,0.0003,-0.0141,-0.2443
/kaggle/input/datasets/duc24kdl/sub-x-ray/sub_X-Ray/sub_NIH/00001373_055.png,,sub_NIH,00001373_055.png,ok,512x512 -> 1024x1024,2,1,338.92,35.8935,16.739156,4.091351,0.9689,0.9969,0.1225,6.5675,36.1673,15.716336,3.964383,0.9711,0.9972,0.141,0.141,0.141,6.4381,129.6455,68.0593,129.6455,68.0593,0.6241,36.1673,0.9711,15.716336,3.964383,0.2738,0.0003,-0.0184,0.1294
/kaggle/input/datasets/duc24kdl/sub-x-ray/sub_X-Ray/sub_NIH/00001374_000.png,,sub_NIH,00001374_000.png,ok,512x512 -> 1024x1024,2,1,339.95,46.4708,1.465544,1.210596,0.9867,0.9984,0.0606,7.4009,47.1344,1.25789,1.121557,0.9887,0.9986,0.0789,0.0789,0.0789,7.1771,154.645,50.6288,154.645,50.6288,0.5054,47.1344,0.9887,1.25789,1.121557,0.6636,0.0003,-0.0182,0.2238
/kaggle/input/datasets/duc24kdl/sub-x-ray/sub_X-Ray/sub_NIH/00001375_000.png,,sub_NIH,00001375_000.png,ok,512x512 -> 1024x1024,2,1,340.1,39.6588,7.033909,2.652152,0.9709,0.997,0.1228,6.9544,39.7147,6.943977,2.635143,0.9734,0.9973,0.1446,0.1446,0.1446,7.0049,138.8357,50.4937,138.8357,50.4937,0.5348,39.7147,0.9734,6.943977,2.635143,0.0559,0.0003,-0.0218,-0.0505
/kaggle/input/datasets/duc24kdl/sub-x-ray/sub_X-Ray/sub_NIH/00001376_000.png,,sub_NIH,00001376_000.png,ok,512x512 -> 1024x1024,2,1,340.84,39.0754,8.045253,2.836416,0.9841,0.9982,0.0762,6.9936,39.3346,7.579204,2.753035,0.986,0.9984,0.0975,0.0975,0.0975,7.0178,125.912,49.7017,125.912,49.7017,0.4656,39.3346,0.986,7.579204,2.753035,0.2592,0.0002,-0.0213,-0.0242
/kaggle/input/datasets/duc24kdl/sub-x-ray/sub_X-Ray/sub_NIH/00001376_001.png,,sub_NIH,00001376_001.png,ok,512x512 -> 1024x1024,2,1,342.64,38.1612,9.93036,3.151247,0.9869,0.9985,0.0576,6.906,38.4816,9.224097,3.03712,0.9887,0.9987,0.0699,0.0699,0.0699,6.8382,159.657,55.1281,159.657,55.1281,0.4679,38.4816,0.9887,9.224097,3.03712,0.3204,0.0003,-0.0123,0.0678
/kaggle/input/datasets/duc24kdl/sub-x-ray/sub_X-Ray/sub_NIH/00001376_002.png,,sub_NIH,00001376_002.png,ok,512x512 -> 1024x1024,2,1,342.55,38.8858,8.404189,2.898998,0.9864,0.9984,0.0519,6.7139,39.2129,7.794562,2.791874,0.9883,0.9986,0.0654,0.0654,0.0654,6.5099,155.7711,60.1701,155.7711,60.1701,0.5484,39.2129,0.9883,7.794562,2.791874,0.327,0.0003,-0.0135,0.2039
/kaggle/input/datasets/duc24kdl/sub-x-ray/sub_X-Ray/sub_NIH/00001376_003.png,,sub_NIH,00001376_003.png,ok,512x512 -> 1024x1024,2,1,341.27,38.1431,9.97179,3.157814,0.9835,0.9982,0.0629,6.383,38.4107,9.375838,3.061999,0.9855,0.9985,0.0759,0.0759,0.0759,6.5503,161.647,64.4065,161.647,64.4065,0.4849,38.4107,0.9855,9.375838,3.061999,0.2676,0.0003,-0.0129,-0.1673
/kaggle/input/datasets/duc24kdl/sub-x-ray/sub_X-Ray/sub_NIH/00001376_004.png,,sub_NIH,00001376_004.png,ok,512x512 -> 1024x1024,2,1,338.71,38.2619,9.702716,3.114918,0.987,0.9985,0.0518,6.5225,38.5037,9.177145,3.02938,0.9888,0.9987,0.0635,0.0635,0.0635,6.4737,168.8197,60.1596,168.8197,60.1596,0.4746,38.5037,0.9888,9.177145,3.02938,0.2419,0.0003,-0.0117,0.0488
/kaggle/input/datasets/duc24kdl/sub-x-ray/sub_X-Ray/sub_NIH/00001376_005.png,,sub_NIH,00001376_005.png,ok,512x512 -> 1024x1024,2,1,341.95,36.948,13.13046,3.623598,0.9831,0.9982,0.0735,6.9741,37.2255,12.317753,3.509666,0.9849,0.9985,0.0894,0.0894,0.0894,6.8492,102.9788,65.8465,102.9788,65.8465,0.5435,37.2255,0.9849,12.317753,3.509666,0.2775,0.0002,-0.0159,0.1248
/kaggle/input/datasets/duc24kdl/sub-x-ray/sub_X-Ray/sub_NIH/00001376_006.png,,sub_NIH,00001376_006.png,ok,512x512 -> 1024x1024,2,1,336.55,43.2544,3.073519,1.753145,0.9701,0.9973,0.1112,6.0987,43.5494,2.871739,1.69462,0.972,0.9976,0.127,0.127,0.127,6.2332,102.0594,74.8201,102.0594,74.8201,0.3893,43.5494,0.972,2.871739,1.69462,0.2949,0.0003,-0.0158,-0.1345
/kaggle/input/datasets/duc24kdl/sub-x-ray/sub_X-Ray/sub_NIH/00001376_007.png,,sub_NIH,00001376_007.png,ok,512x512 -> 1024x1024,2,1,341.86,42.3682,3.769283,1.941464,0.9672,0.997,0.1196,6.3939,42.6852,3.503932,1.871879,0.9692,0.9973,0.1364,0.1364,0.1364,6.3667,101.2509,71.6476,101.2509,71.6476,0.4339,42.6852,0.9692,3.503932,1.871879,0.317,0.0003,-0.0168,0.0273
/kaggle/input/datasets/duc24kdl/sub-x-ray/sub_X-Ray/sub_NIH/00001376_008.png,,sub_NIH,00001376_008.png,ok,512x512 -> 1024x1024,2,1,340.13,38.6694,8.833583,2.972134,0.9858,0.9984,0.0565,6.8526,38.9157,8.34659,2.889047,0.9876,0.9986,0.0687,0.0687,0.0687,6.7466,144.8731,62.1569,144.8731,62.1569,0.4573,38.9157,0.9876,8.34659,2.889047,0.2463,0.0002,-0.0122,0.1059
/kaggle/input/datasets/duc24kdl/sub-x-ray/sub_X-Ray/sub_NIH/00001376_009.png,,sub_NIH,00001376_009.png,ok,512x512 -> 1024x1024,2,1,344.52,39.2597,7.710925,2.776855,0.9859,0.9984,0.0623,6.8278,39.5523,7.208547,2.684874,0.9878,0.9986,0.0775,0.0775,0.0775,6.7793,112.5762,58.6109,112.5762,58.6109,0.4715,39.5523,0.9878,7.208547,2.684874,0.2926,0.0003,-0.0152,0.0485
/kaggle/input/datasets/duc24kdl/sub-x-ray/sub_X-Ray/sub_NIH/00001376_010.png,,sub_NIH,00001376_010.png,ok,512x512 -> 1024x1024,2,1,340.64,39.6583,7.034708,2.652302,0.9833,0.9981,0.0766,7.1896,39.9173,6.627461,2.574385,0.9853,0.9984,0.0951,0.0951,0.0951,7.1902,110.7822,51.6217,110.7822,51.6217,0.4526,39.9173,0.9853,6.627461,2.574385,0.259,0.0003,-0.0185,-0.0006
/kaggle/input/datasets/duc24kdl/sub-x-ray/sub_X-Ray/sub_NIH/00001377_000.png,,sub_NIH,00001377_000.png,ok,512x512 -> 1024x1024,2,1,340.95,40.1483,6.284174,2.506826,0.9848,0.9982,0.0622,7.0808,40.4651,5.842081,2.41704,0.9867,0.9985,0.0806,0.0806,0.0806,7.1731,129.7675,53.8879,129.7675,53.8879,0.4385,40.4651,0.9867,5.842081,2.41704,0.3168,0.0003,-0.0184,-0.0923
/kaggle/input/datasets/duc24kdl/sub-x-ray/sub_X-Ray/sub_NIH/00001377_001.png,,sub_NIH,00001377_001.png,ok,512x512 -> 1024x1024,2,1,342.71,39.0144,8.158979,2.856393,0.9833,0.9981,0.0662,6.5182,39.3777,7.504307,2.739399,0.9853,0.9984,0.082,0.082,0.082,6.7698,130.5912,57.8471,130.5912,57.8471,0.4608,39.3777,0.9853,7.504307,2.739399,0.3633,0.0003,-0.0159,-0.2516
/kaggle/input/datasets/duc24kdl/sub-x-ray/sub_X-Ray/sub_NIH/00001377_002.png,,sub_NIH,00001377_002.png,ok,512x512 -> 1024x1024,2,1,341.76,39.4509,7.378875,2.716408,0.9861,0.9983,0.062,6.9971,39.749,6.889357,2.624758,0.9879,0.9986,0.0779,0.0779,0.0779,7.027,119.9385,58.0841,119.9385,58.0841,0.4663,39.749,0.9879,6.889357,2.624758,0.2981,0.0003,-0.016,-0.0299
/kaggle/input/datasets/duc24kdl/sub-x-ray/sub_X-Ray/sub_NIH/00001377_003.png,,sub_NIH,00001377_003.png,ok,512x512 -> 1024x1024,2,1,344.2,44.5852,2.262346,1.50411,0.9852,0.9983,0.0551,6.8755,45.1741,1.975479,1.405517,0.9873,0.9986,0.0705,0.0705,0.0705,6.8275,145.8526,55.3681,145.8526,55.3681,0.4594,45.1741,0.9873,1.975479,1.405517,0.5889,0.0003,-0.0154,0.048
/kaggle/input/datasets/duc24kdl/sub-x-ray/sub_X-Ray/sub_NIH/00001377_004.png,,sub_NIH,00001377_004.png,ok,512x512 -> 1024x1024,2,1,341.13,47.1808,1.244513,1.115577,0.9846,0.9982,0.0552,7.219,47.7681,1.087105,1.042643,0.9866,0.9985,0.0715,0.0715,0.0715,6.9482,159.8269,45.3975,159.8269,45.3975,0.4327,47.7681,0.9866,1.087105,1.042643,0.5873,0.0003,-0.0163,0.2708
/kaggle/input/datasets/duc24kdl/sub-x-ray/sub_X-Ray/sub_NIH/00001377_005.png,,sub_NIH,00001377_005.png,ok,512x512 -> 1024x1024,2,1,342.75,45.191,1.967806,1.402785,0.984,0.9982,0.0616,6.9901,45.3887,1.880217,1.37121,0.9861,0.9984,0.0788,0.0788,0.0788,6.8673,155.8325,46.5969,155.8325,46.5969,0.4747,45.3887,0.9861,1.880217,1.37121,0.1977,0.0003,-0.0172,0.1228
/kaggle/input/datasets/duc24kdl/sub-x-ray/sub_X-Ray/sub_NIH/00001378_000.png,,sub_NIH,00001378_000.png,ok,512x512 -> 1024x1024,2,1,342.78,38.9491,8.282607,2.877952,0.9847,0.9982,0.061,6.702,39.2018,7.814497,2.795442,0.9867,0.9985,0.0763,0.0763,0.0763,6.7253,164.6493,57.2348,164.6493,57.2348,0.4687,39.2018,0.9867,7.814497,2.795442,0.2527,0.0003,-0.0152,-0.0233
/kaggle/input/datasets/duc24kdl/sub-x-ray/sub_X-Ray/sub_NIH/00001378_001.png,,sub_NIH,00001378_001.png,ok,512x512 -> 1024x1024,2,1,339.59,38.6549,8.863121,2.977099,0.984,0.9982,0.06,6.3023,38.8947,8.387134,2.896055,0.9859,0.9985,0.074,0.074,0.074,6.3117,156.3577,66.7448,156.3577,66.7448,0.4656,38.8947,0.9859,8.387134,2.896055,0.2397,0.0003,-0.0141,-0.0094
/kaggle/input/datasets/duc24kdl/sub-x-ray/sub_X-Ray/sub_NIH/00001378_002.png,,sub_NIH,00001378_002.png,ok,512x512 -> 1024x1024,2,1,341.28,41.5999,4.498763,2.121029,0.9671,0.997,0.1201,6.3429,41.8851,4.212813,2.052514,0.9691,0.9973,0.1352,0.1352,0.1352,6.2119,99.8219,76.4123,99.8219,76.4123,0.4414,41.8851,0.9691,4.212813,2.052514,0.2852,0.0003,-0.0151,0.131
/kaggle/input/datasets/duc24kdl/sub-x-ray/sub_X-Ray/sub_NIH/00001378_003.png,,sub_NIH,00001378_003.png,ok,512x512 -> 1024x1024,2,1,340.1,41.8636,4.23369,2.057593,0.9668,0.9969,0.1278,6.266,42.1745,3.941221,1.985251,0.9688,0.9972,0.1454,0.1454,0.1454,6.2128,108.0372,68.5197,108.0372,68.5197,0.4384,42.1745,0.9688,3.941221,1.985251,0.3109,0.0003,-0.0175,0.0532
/kaggle/input/datasets/duc24kdl/sub-x-ray/sub_X-Ray/sub_NIH/00001378_004.png,,sub_NIH,00001378_004.png,ok,512x512 -> 1024x1024,2,1,343.78,41.6085,4.489791,2.118913,0.9699,0.9971,0.1208,5.9847,41.9055,4.193023,2.047687,0.9719,0.9974,0.1406,0.1406,0.1406,5.9922,118.0886,70.2702,118.0886,70.2702,0.4295,41.9055,0.9719,4.193023,2.047687,0.297,0.0003,-0.0197,-0.0075
/kaggle/input/datasets/duc24kdl/sub-x-ray/sub_X-Ray/sub_NIH/00001379_000.png,,sub_NIH,00001379_000.png,ok,512x512 -> 1024x1024,2,1,337.24,41.6975,4.398751,2.09732,0.961,0.9965,0.1392,6.2879,41.9533,4.147129,2.03645,0.9633,0.9968,0.1572,0.1572,0.1572,6.3732,111.9599,65.9192,111.9599,65.9192,0.3753,41.9533,0.9633,4.147129,2.03645,0.2558,0.0003,-0.0179,-0.0853
/kaggle/input/datasets/duc24kdl/sub-x-ray/sub_X-Ray/sub_NIH/00001380_000.png,,sub_NIH,00001380_000.png,ok,512x512 -> 1024x1024,2,1,337.75,44.2961,2.418082,1.555018,0.9761,0.9975,0.0961,7.0484,44.7213,2.192571,1.480733,0.9783,0.9978,0.1213,0.1213,0.1213,6.8264,105.4428,39.3506,105.4428,39.3506,0.4314,44.7213,0.9783,2.192571,1.480733,0.4252,0.0003,-0.0252,0.2221
/kaggle/input/datasets/duc24kdl/sub-x-ray/sub_X-Ray/sub_NIH/00001381_000.png,,sub_NIH,00001381_000.png,ok,512x512 -> 1024x1024,2,1,344.45,42.3598,3.776566,1.943339,0.9644,0.9968,0.1286,6.1131,42.6439,3.537473,1.880817,0.9665,0.9971,0.1463,0.1463,0.1463,6.1449,102.7706,67.3937,102.7706,67.3937,0.3903,42.6439,0.9665,3.537473,1.880817,0.284,0.0003,-0.0177,-0.0318
/kaggle/input/datasets/duc24kdl/sub-x-ray/sub_X-Ray/sub_NIH/00001381_001.png,,sub_NIH,00001381_001.png,ok,512x512 -> 1024x1024,2,1,343.89,41.3194,4.798937,2.190648,0.9635,0.9967,0.1369,6.3815,41.5808,4.518614,2.125703,0.9657,0.997,0.1566,0.1566,0.1566,6.4701,109.7999,64.5583,109.7999,64.5583,0.3909,41.5808,0.9657,4.518614,2.125703,0.2614,0.0003,-0.0197,-0.0886
/kaggle/input/datasets/duc24kdl/sub-x-ray/sub_X-Ray/sub_NIH/00001381_002.png,,sub_NIH,00001381_002.png,ok,512x512 -> 1024x1024,2,1,343.69,35.349,18.974897,4.356019,0.981,0.9979,0.0925,7.078,35.692,17.533907,4.187351,0.983,0.9981,0.1201,0.1201,0.1201,7.2069,108.2375,46.1985,108.2375,46.1985,0.553,35.692,0.983,17.533907,4.187351,0.343,0.0003,-0.0276,-0.1289
/kaggle/input/datasets/duc24kdl/sub-x-ray/sub_X-Ray/sub_NIH/00001381_003.png,,sub_NIH,00001381_003.png,ok,512x512 -> 1024x1024,2,1,340.54,36.6187,14.164767,3.763611,0.9851,0.9982,0.0786,7.3743,36.9369,13.164131,3.628241,0.9869,0.9985,0.1044,0.1044,0.1044,7.2534,108.4816,49.3237,108.4816,49.3237,0.563,36.9369,0.9869,13.164131,3.628241,0.3182,0.0002,-0.0259,0.1209
/kaggle/input/datasets/duc24kdl/sub-x-ray/sub_X-Ray/sub_NIH/00001381_004.png,,sub_NIH,00001381_004.png,ok,512x512 -> 1024x1024,2,1,340.24,42.2518,3.871706,1.967665,0.9656,0.9969,0.1258,6.2435,42.5221,3.638093,1.907379,0.9677,0.9972,0.1439,0.1439,0.1439,6.2591,101.6132,65.9699,101.6132,65.9699,0.3723,42.5221,0.9677,3.638093,1.907379,0.2703,0.0003,-0.0181,-0.0156
/kaggle/input/datasets/duc24kdl/sub-x-ray/sub_X-Ray/sub_NIH/00001381_005.png,,sub_NIH,00001381_005.png,ok,512x512 -> 1024x1024,2,1,341.92,38.349,9.509929,3.083817,0.9842,0.9981,0.0855,7.8637,38.6729,8.826602,2.97096,0.9861,0.9984,0.1122,0.1122,0.1122,7.6169,108.159,44.8794,108.159,44.8794,0.5391,38.6729,0.9861,8.826602,2.97096,0.3238,0.0002,-0.0267,0.2468
/kaggle/input/datasets/duc24kdl/sub-x-ray/sub_X-Ray/sub_NIH/00001381_006.png,,sub_NIH,00001381_006.png,ok,512x512 -> 1024x1024,2,1,341.8,37.702,11.037751,3.322311,0.9835,0.9982,0.0799,6.9028,38.122,10.020192,3.165469,0.9853,0.9984,0.1,0.1,0.1,6.9282,106.7795,60.6116,106.7795,60.6116,0.5312,38.122,0.9853,10.020192,3.165469,0.42,0.0002,-0.0201,-0.0254
/kaggle/input/datasets/duc24kdl/sub-x-ray/sub_X-Ray/sub_NIH/00001381_007.png,,sub_NIH,00001381_007.png,ok,512x512 -> 1024x1024,2,1,338.04,37.0207,12.912504,3.593397,0.9813,0.9979,0.0855,6.7523,37.3728,11.907077,3.450663,0.9831,0.9982,0.1086,0.1086,0.1086,6.7916,103.1531,58.8537,103.1531,58.8537,0.5366,37.3728,0.9831,11.907077,3.450663,0.3521,0.0002,-0.0231,-0.0393
/kaggle/input/datasets/duc24kdl/sub-x-ray/sub_X-Ray/sub_NIH/00001381_008.png,,sub_NIH,00001381_008.png,ok,512x512 -> 1024x1024,2,1,343.44,37.3828,11.879507,3.446666,0.983,0.998,0.0858,6.6211,37.6964,11.051987,3.324453,0.9849,0.9983,0.1101,0.1101,0.1101,6.738,107.9566,53.7134,107.9566,53.7134,0.4931,37.6964,0.9849,11.051987,3.324453,0.3136,0.0003,-0.0243,-0.1169
/kaggle/input/datasets/duc24kdl/sub-x-ray/sub_X-Ray/sub_NIH/00001381_009.png,,sub_NIH,00001381_009.png,ok,512x512 -> 1024x1024,2,1,342.12,37.1774,12.45481,3.529137,0.9846,0.9982,0.0853,6.653,37.5572,11.411912,3.378152,0.9865,0.9985,0.1075,0.1075,0.1075,6.8496,117.3012,51.2659,117.3012,51.2659,0.5097,37.5572,0.9865,11.411912,3.378152,0.3798,0.0003,-0.0222,-0.1966
/kaggle/input/datasets/duc24kdl/sub-x-ray/sub_X-Ray/sub_NIH/00001381_010.png,,sub_NIH,00001381_010.png,ok,512x512 -> 1024x1024,2,1,342.6,42.6483,3.533859,1.879856,0.9655,0.9969,0.1317,6.239,42.9244,3.316213,1.821047,0.9677,0.9972,0.1511,0.1511,0.1511,6.3468,105.3141,68.1944,105.3141,68.1944,0.3935,42.9244,0.9677,3.316213,1.821047,0.2761,0.0003,-0.0194,-0.1078
/kaggle/input/datasets/duc24kdl/sub-x-ray/sub_X-Ray/sub_NIH/00001381_011.png,,sub_NIH,00001381_011.png,ok,512x512 -> 1024x1024,2,1,347.45,35.6997,17.502935,4.183651,0.9809,0.9979,0.0954,6.5627,35.9668,16.459043,4.056975,0.9829,0.9982,0.1205,0.1205,0.1205,6.7573,124.1767,57.8273,124.1767,57.8273,0.4848,35.9668,0.9829,16.459043,4.056975,0.2671,0.0002,-0.0252,-0.1946
/kaggle/input/datasets/duc24kdl/sub-x-ray/sub_X-Ray/sub_NIH/00001381_012.png,,sub_NIH,00001381_012.png,ok,512x512 -> 1024x1024,2,1,343.76,42.3753,3.763123,1.939877,0.9651,0.9968,0.1351,6.0981,42.6748,3.512345,1.874125,0.9672,0.9971,0.1552,0.1552,0.1552,6.0898,119.2783,67.7123,119.2783,67.7123,0.3906,42.6748,0.9672,3.512345,1.874125,0.2995,0.0003,-0.0201,0.0083
/kaggle/input/datasets/duc24kdl/sub-x-ray/sub_X-Ray/sub_NIH/00001381_013.png,,sub_NIH,00001381_013.png,ok,512x512 -> 1024x1024,2,1,344.79,42.2392,3.88291,1.97051,0.9615,0.9965,0.149,6.0436,42.5026,3.654466,1.911666,0.9637,0.9968,0.1696,0.1696,0.1696,6.1834,124.7099,67.0925,124.7099,67.0925,0.375,42.5026,0.9637,3.654466,1.911666,0.2633,0.0003,-0.0207,-0.1398
/kaggle/input/datasets/duc24kdl/sub-x-ray/sub_X-Ray/sub_NIH/00001382_000.png,,sub_NIH,00001382_000.png,ok,512x512 -> 1024x1024,2,1,341.61,38.7166,8.738152,2.956037,0.9855,0.9983,0.0588,7.0554,38.9792,8.225545,2.868021,0.9873,0.9986,0.0719,0.0719,0.0719,6.837,142.182,75.4123,142.182,75.4123,0.4979,38.9792,0.9873,8.225545,2.868021,0.2625,0.0003,-0.0131,0.2183
/kaggle/input/datasets/duc24kdl/sub-x-ray/sub_X-Ray/sub_NIH/00001382_001.png,,sub_NIH,00001382_001.png,ok,512x512 -> 1024x1024,2,1,346.18,39.6954,6.974915,2.641006,0.9885,0.9985,0.057,7.5266,39.9386,6.595095,2.568092,0.9901,0.9988,0.0736,0.0736,0.0736,7.4026,142.2672,61.5485,142.2672,61.5485,0.4675,39.9386,0.9901,6.595095,2.568092,0.2432,0.0002,-0.0165,0.124
/kaggle/input/datasets/duc24kdl/sub-x-ray/sub_X-Ray/sub_NIH/00001382_002.png,,sub_NIH,00001382_002.png,ok,512x512 -> 1024x1024,2,1,339.39,39.5309,7.244244,2.691513,0.9857,0.9984,0.0605,6.5141,39.841,6.745013,2.597116,0.9876,0.9986,0.0728,0.0728,0.0728,6.5058,136.1324,74.1501,136.1324,74.1501,0.56,39.841,0.9876,6.745013,2.597116,0.3101,0.0003,-0.0124,0.0083
/kaggle/input/datasets/duc24kdl/sub-x-ray/sub_X-Ray/sub_NIH/00001382_003.png,,sub_NIH,00001382_003.png,ok,512x512 -> 1024x1024,2,1,346.26,37.984,10.343715,3.216165,0.9873,0.9984,0.0606,6.9014,38.2521,9.724668,3.11844,0.989,0.9987,0.0765,0.0765,0.0765,7.0315,142.8224,61.4641,142.8224,61.4641,0.4817,38.2521,0.989,9.724668,3.11844,0.268,0.0003,-0.0159,-0.1301
/kaggle/input/datasets/duc24kdl/sub-x-ray/sub_X-Ray/sub_NIH/00001382_004.png,,sub_NIH,00001382_004.png,ok,512x512 -> 1024x1024,2,1,341.37,38.8435,8.486489,2.913158,0.9865,0.9983,0.0601,6.869,38.9781,8.227541,2.868369,0.988,0.9985,0.0771,0.0771,0.0771,6.959,137.2317,67.4565,137.2317,67.4565,0.5038,38.9781,0.988,8.227541,2.868369,0.1346,0.0002,-0.017,-0.09
/kaggle/input/datasets/duc24kdl/sub-x-ray/sub_X-Ray/sub_NIH/00001383_000.png,,sub_NIH,00001383_000.png,ok,512x512 -> 1024x1024,2,1,345.38,41.9495,4.150822,2.037357,0.9622,0.9965,0.1375,6.4881,42.2279,3.893089,1.973091,0.9644,0.9969,0.1556,0.1556,0.1556,6.4441,114.1642,66.9549,114.1642,66.9549,0.3864,42.2279,0.9644,3.893089,1.973091,0.2784,0.0003,-0.0181,0.044
/kaggle/input/datasets/duc24kdl/sub-x-ray/sub_X-Ray/sub_NIH/00001383_001.png,,sub_NIH,00001383_001.png,ok,512x512 -> 1024x1024,2,1,345.65,41.5939,4.504905,2.122476,0.9568,0.9961,0.1487,6.6395,41.9119,4.186858,2.046181,0.9593,0.9964,0.1671,0.1671,0.1671,6.53,108.4613,62.2668,108.4613,62.2668,0.3945,41.9119,0.9593,4.186858,2.046181,0.318,0.0004,-0.0184,0.1095
/kaggle/input/datasets/duc24kdl/sub-x-ray/sub_X-Ray/sub_NIH/00001384_000.png,,sub_NIH,00001384_000.png,ok,512x512 -> 1024x1024,2,1,342.32,44.9724,2.069357,1.438526,0.9744,0.9973,0.103,6.9823,45.4059,1.872815,1.368508,0.9767,0.9976,0.1325,0.1325,0.1325,6.8746,108.8658,33.4257,108.8658,33.4257,0.4103,45.4059,0.9767,1.872815,1.368508,0.4334,0.0003,-0.0295,0.1076
/kaggle/input/datasets/duc24kdl/sub-x-ray/sub_X-Ray/sub_NIH/00001384_001.png,,sub_NIH,00001384_001.png,ok,512x512 -> 1024x1024,2,1,348.46,42.5842,3.586443,1.893791,0.9623,0.9966,0.1298,6.17,42.8452,3.377217,1.837721,0.9644,0.9969,0.1464,0.1464,0.1464,6.2964,107.8363,72.3638,107.8363,72.3638,0.3723,42.8452,0.9644,3.377217,1.837721,0.261,0.0003,-0.0166,-0.1265
/kaggle/input/datasets/duc24kdl/sub-x-ray/sub_X-Ray/sub_NIH/00001385_000.png,,sub_NIH,00001385_000.png,ok,512x512 -> 1024x1024,2,1,345.46,47.2642,1.220848,1.10492,0.9884,0.9984,0.0407,8.561,47.551,1.142822,1.069028,0.99,0.9986,0.057,0.057,0.057,8.0789,171.8606,32.805,171.8606,32.805,0.4327,47.551,0.99,1.142822,1.069028,0.2868,0.0002,-0.0163,0.4821
/kaggle/input/datasets/duc24kdl/sub-x-ray/sub_X-Ray/sub_NIH/00001385_001.png,,sub_NIH,00001385_001.png,ok,512x512 -> 1024x1024,2,1,345.8,38.4623,9.265208,3.04388,0.9862,0.9983,0.0702,7.5937,38.7102,8.751145,2.958233,0.988,0.9986,0.0926,0.0926,0.0926,7.3823,137.798,43.1086,137.798,43.1086,0.5033,38.7102,0.988,8.751145,2.958233,0.2479,0.0002,-0.0225,0.2114
/kaggle/input/datasets/duc24kdl/sub-x-ray/sub_X-Ray/sub_NIH/00001385_002.png,,sub_NIH,00001385_002.png,ok,512x512 -> 1024x1024,2,1,344.82,38.0145,10.271413,3.204904,0.9852,0.9982,0.0744,7.8804,38.3218,9.569739,3.0935,0.9869,0.9985,0.0995,0.0995,0.0995,7.5898,140.0516,39.6609,140.0516,39.6609,0.4569,38.3218,0.9869,9.569739,3.0935,0.3073,0.0002,-0.0251,0.2907
/kaggle/input/datasets/duc24kdl/sub-x-ray/sub_X-Ray/sub_NIH/00001385_003.png,,sub_NIH,00001385_003.png,ok,512x512 -> 1024x1024,2,1,339.65,37.531,11.481048,3.38837,0.9851,0.9982,0.0764,7.3242,37.8488,10.670795,3.266618,0.9868,0.9985,0.1001,0.1001,0.1001,7.1768,130.0987,52.3541,130.0987,52.3541,0.4937,37.8488,0.9868,10.670795,3.266618,0.3178,0.0002,-0.0237,0.1474
/kaggle/input/datasets/duc24kdl/sub-x-ray/sub_X-Ray/sub_NIH/00001385_004.png,,sub_NIH,00001385_004.png,ok,512x512 -> 1024x1024,2,1,347.17,37.9816,10.349561,3.217073,0.9859,0.9983,0.0732,7.8942,38.1686,9.913345,3.148546,0.9877,0.9985,0.0955,0.0955,0.0955,7.4669,138.2961,42.3057,138.2961,42.3057,0.4339,38.1686,0.9877,9.913345,3.148546,0.187,0.0002,-0.0223,0.4273
/kaggle/input/datasets/duc24kdl/sub-x-ray/sub_X-Ray/sub_NIH/00001385_005.png,,sub_NIH,00001385_005.png,ok,512x512 -> 1024x1024,2,1,341.41,39.5207,7.261231,2.694667,0.9855,0.9983,0.0718,8.116,39.7924,6.820943,2.611694,0.9873,0.9985,0.0964,0.0964,0.0964,7.7346,136.1156,41.1637,136.1156,41.1637,0.4772,39.7924,0.9873,6.820943,2.611694,0.2717,0.0002,-0.0247,0.3813
/kaggle/input/datasets/duc24kdl/sub-x-ray/sub_X-Ray/sub_NIH/00001385_006.png,,sub_NIH,00001385_006.png,ok,512x512 -> 1024x1024,2,1,344.56,37.7971,10.798626,3.286126,0.9854,0.9983,0.0798,7.5829,38.0482,10.192011,3.192493,0.9871,0.9985,0.1059,0.1059,0.1059,7.3804,139.042,47.37,139.042,47.37,0.4843,38.0482,0.9871,10.192011,3.192493,0.2511,0.0002,-0.0261,0.2025
/kaggle/input/datasets/duc24kdl/sub-x-ray/sub_X-Ray/sub_NIH/00001385_007.png,,sub_NIH,00001385_007.png,ok,512x512 -> 1024x1024,2,1,343.46,36.9624,13.087109,3.617611,0.9836,0.9982,0.0602,6.8877,37.2999,12.108572,3.479737,0.9856,0.9985,0.0739,0.0739,0.0739,6.7162,167.1215,57.5733,167.1215,57.5733,0.4624,37.2999,0.9856,12.108572,3.479737,0.3375,0.0003,-0.0137,0.1715
/kaggle/input/datasets/duc24kdl/sub-x-ray/sub_X-Ray/sub_NIH/00001385_008.png,,sub_NIH,00001385_008.png,ok,512x512 -> 1024x1024,2,1,341.11,37.8433,10.68443,3.268705,0.9857,0.9983,0.073,8.0077,38.0756,10.127821,3.182424,0.9874,0.9985,0.0949,0.0949,0.0949,7.5802,143.2337,41.1515,143.2337,41.1515,0.471,38.0756,0.9874,10.127821,3.182424,0.2324,0.0002,-0.0219,0.4275
/kaggle/input/datasets/duc24kdl/sub-x-ray/sub_X-Ray/sub_NIH/00001385_009.png,,sub_NIH,00001385_009.png,ok,512x512 -> 1024x1024,2,1,346.35,37.913,10.51419,3.242559,0.984,0.9982,0.0809,7.5248,38.1892,9.866364,3.141077,0.9857,0.9984,0.1042,0.1042,0.1042,7.2978,137.5777,45.047,137.5777,45.047,0.4578,38.1892,0.9857,9.866364,3.141077,0.2762,0.0002,-0.0234,0.227
/kaggle/input/datasets/duc24kdl/sub-x-ray/sub_X-Ray/sub_NIH/00001385_010.png,,sub_NIH,00001385_010.png,ok,512x512 -> 1024x1024,2,1,343.67,38.9327,8.314064,2.883412,0.9852,0.9983,0.0743,7.7145,39.2292,7.765367,2.786641,0.987,0.9985,0.0973,0.0973,0.0973,7.3228,133.062,43.2091,133.062,43.2091,0.4531,39.2292,0.987,7.765367,2.786641,0.2965,0.0002,-0.023,0.3916
/kaggle/input/datasets/duc24kdl/sub-x-ray/sub_X-Ray/sub_NIH/00001385_011.png,,sub_NIH,00001385_011.png,ok,512x512 -> 1024x1024,2,1,343.03,38.6758,8.820551,2.969941,0.986,0.9983,0.0745,8.1462,38.8481,8.477642,2.911639,0.9877,0.9985,0.0989,0.0989,0.0989,7.6652,136.7054,36.1651,136.7054,36.1651,0.4325,38.8481,0.9877,8.477642,2.911639,0.1722,0.0002,-0.0244,0.481
/kaggle/input/datasets/duc24kdl/sub-x-ray/sub_X-Ray/sub_NIH/00001385_012.png,,sub_NIH,00001385_012.png,ok,512x512 -> 1024x1024,2,1,346.45,38.4372,9.318785,3.052668,0.988,0.9985,0.0572,7.3723,38.6586,8.855655,2.975845,0.9896,0.9987,0.0757,0.0757,0.0757,7.1044,152.8048,48.5113,152.8048,48.5113,0.4671,38.6586,0.9896,8.855655,2.975845,0.2214,0.0002,-0.0185,0.2679
/kaggle/input/datasets/duc24kdl/sub-x-ray/sub_X-Ray/sub_NIH/00001385_013.png,,sub_NIH,00001385_013.png,ok,512x512 -> 1024x1024,2,1,341.23,41.6875,4.408909,2.09974,0.956,0.9961,0.1514,6.6772,41.9546,4.145903,2.036149,0.9583,0.9964,0.1708,0.1708,0.1708,6.588,129.2696,65.8132,129.2696,65.8132,0.3812,41.9546,0.9583,4.145903,2.036149,0.2671,0.0003,-0.0194,0.0892
/kaggle/input/datasets/duc24kdl/sub-x-ray/sub_X-Ray/sub_NIH/00001385_014.png,,sub_NIH,00001385_014.png,ok,512x512 -> 1024x1024,2,1,344.55,41.0277,5.132268,2.265451,0.9537,0.9958,0.1575,6.6172,41.3177,4.800789,2.19107,0.9561,0.9962,0.1773,0.1773,0.1773,6.5515,130.4396,68.5402,130.4396,68.5402,0.3873,41.3177,0.9561,4.800789,2.19107,0.29,0.0003,-0.0198,0.0657
/kaggle/input/datasets/duc24kdl/sub-x-ray/sub_X-Ray/sub_NIH/00001385_015.png,,sub_NIH,00001385_015.png,ok,512x512 -> 1024x1024,2,1,343.59,41.6301,4.467598,2.113669,0.9547,0.996,0.1563,6.5087,41.8869,4.211097,2.052096,0.957,0.9963,0.1765,0.1765,0.1765,6.4944,129.1876,68.2181,129.1876,68.2181,0.3843,41.8869,0.957,4.211097,2.052096,0.2568,0.0003,-0.0201,0.0143
/kaggle/input/datasets/duc24kdl/sub-x-ray/sub_X-Ray/sub_NIH/00001385_016.png,,sub_NIH,00001385_016.png,ok,512x512 -> 1024x1024,2,1,343.3,34.1635,24.930553,4.993051,0.9824,0.9981,0.0714,6.7345,34.3965,23.627937,4.860858,0.9844,0.9983,0.0865,0.0865,0.0865,6.5366,165.2355,62.8737,165.2355,62.8737,0.5297,34.3965,0.9844,23.627937,4.860858,0.2331,0.0003,-0.0151,0.1979
/kaggle/input/datasets/duc24kdl/sub-x-ray/sub_X-Ray/sub_NIH/00001385_017.png,,sub_NIH,00001385_017.png,ok,512x512 -> 1024x1024,2,1,338.34,42.0276,4.076766,2.0191,0.9619,0.9966,0.1366,6.2478,42.3083,3.821602,1.954892,0.964,0.9969,0.155,0.155,0.155,6.1857,116.0292,70.7205,116.0292,70.7205,0.3949,42.3083,0.964,3.821602,1.954892,0.2807,0.0003,-0.0184,0.0621
/kaggle/input/datasets/duc24kdl/sub-x-ray/sub_X-Ray/sub_NIH/00001385_018.png,,sub_NIH,00001385_018.png,ok,512x512 -> 1024x1024,2,1,344.66,34.904,21.022483,4.585028,0.983,0.998,0.0756,6.8111,35.1822,19.718069,4.440503,0.9849,0.9983,0.0993,0.0993,0.0993,7.1889,122.6108,49.715,122.6108,49.715,0.4922,35.1822,0.9849,19.718069,4.440503,0.2782,0.0003,-0.0237,-0.3778
/kaggle/input/datasets/duc24kdl/sub-x-ray/sub_X-Ray/sub_NIH/00001385_019.png,,sub_NIH,00001385_019.png,ok,512x512 -> 1024x1024,2,1,341.29,42.9582,3.290468,1.813965,0.9642,0.9968,0.1312,6.3816,43.2297,3.091048,1.758138,0.9663,0.9971,0.1502,0.1502,0.1502,6.3759,108.2245,68.4173,108.2245,68.4173,0.3626,43.2297,0.9663,3.091048,1.758138,0.2715,0.0003,-0.019,0.0057
/kaggle/input/datasets/duc24kdl/sub-x-ray/sub_X-Ray/sub_NIH/00001385_020.png,,sub_NIH,00001385_020.png,ok,512x512 -> 1024x1024,2,1,342.37,36.193,15.623401,3.952645,0.9855,0.9982,0.0729,7.6416,36.4451,14.742512,3.839598,0.9871,0.9984,0.1005,0.1005,0.1005,7.4533,119.8967,51.3721,119.8967,51.3721,0.5033,36.4451,0.9871,14.742512,3.839598,0.252,0.0002,-0.0276,0.1883
/kaggle/input/datasets/duc24kdl/sub-x-ray/sub_X-Ray/sub_NIH/00001386_000.png,,sub_NIH,00001386_000.png,ok,512x512 -> 1024x1024,2,1,346.74,42.6566,3.527152,1.878071,0.9652,0.9968,0.1289,6.7056,42.9489,3.297545,1.815914,0.9673,0.9971,0.1478,0.1478,0.1478,6.867,115.9395,70.9468,115.9395,70.9468,0.378,42.9489,0.9673,3.297545,1.815914,0.2923,0.0003,-0.0188,-0.1614
/kaggle/input/datasets/duc24kdl/sub-x-ray/sub_X-Ray/sub_NIH/00001387_000.png,,sub_NIH,00001387_000.png,ok,512x512 -> 1024x1024,2,1,337.34,44.7905,2.157917,1.468985,0.9747,0.9974,0.0989,6.9949,45.2216,1.953959,1.397841,0.9769,0.9977,0.1242,0.1242,0.1242,6.9086,103.0133,40.1372,103.0133,40.1372,0.4211,45.2216,0.9769,1.953959,1.397841,0.4312,0.0003,-0.0252,0.0863
/kaggle/input/datasets/duc24kdl/sub-x-ray/sub_X-Ray/sub_NIH/00001388_000.png,,sub_NIH,00001388_000.png,ok,512x512 -> 1024x1024,2,1,345.29,45.4141,1.869268,1.367212,0.9859,0.9984,0.0522,6.5699,45.9918,1.636443,1.279235,0.9879,0.9986,0.0676,0.0676,0.0676,6.6664,154.1227,56.9451,154.1227,56.9451,0.4557,45.9918,0.9879,1.636443,1.279235,0.5777,0.0003,-0.0154,-0.0965
/kaggle/input/datasets/duc24kdl/sub-x-ray/sub_X-Ray/sub_NIH/00001389_000.png,,sub_NIH,00001389_000.png,ok,512x512 -> 1024x1024,2,1,341.5,45.6968,1.751448,1.323423,0.9829,0.9981,0.0643,6.6425,46.1651,1.572427,1.253965,0.985,0.9984,0.079,0.079,0.079,6.6329,168.1663,54.899,168.1663,54.899,0.4701,46.1651,0.985,1.572427,1.253965,0.4683,0.0003,-0.0147,0.0096
/kaggle/input/datasets/duc24kdl/sub-x-ray/sub_X-Ray/sub_NIH/00001389_001.png,,sub_NIH,00001389_001.png,ok,512x512 -> 1024x1024,2,1,346.61,37.6302,11.22167,3.349876,0.9886,0.9985,0.0582,7.0142,37.8571,10.650546,3.263517,0.9903,0.9988,0.0747,0.0747,0.0747,7.1551,157.2796,44.8901,157.2796,44.8901,0.4859,37.8571,0.9903,10.650546,3.263517,0.2269,0.0003,-0.0165,-0.141
/kaggle/input/datasets/duc24kdl/sub-x-ray/sub_X-Ray/sub_NIH/00001389_002.png,,sub_NIH,00001389_002.png,ok,512x512 -> 1024x1024,2,1,342.32,38.2414,9.748487,3.122257,0.9889,0.9986,0.0552,7.0946,38.4749,9.238192,3.039439,0.9905,0.9988,0.0712,0.0712,0.0712,7.1028,158.5057,46.0664,158.5057,46.0664,0.4869,38.4749,0.9905,9.238192,3.039439,0.2335,0.0003,-0.016,-0.0082
/kaggle/input/datasets/duc24kdl/sub-x-ray/sub_X-Ray/sub_NIH/00001389_003.png,,sub_NIH,00001389_003.png,ok,512x512 -> 1024x1024,2,1,343.34,38.2637,9.698727,3.114278,0.9888,0.9985,0.0566,7.0432,38.4955,9.19456,3.032253,0.9905,0.9988,0.0734,0.0734,0.0734,7.1174,157.096,43.6085,157.096,43.6085,0.4836,38.4955,0.9905,9.19456,3.032253,0.2318,0.0003,-0.0168,-0.0742
/kaggle/input/datasets/duc24kdl/sub-x-ray/sub_X-Ray/sub_NIH/00001389_004.png,,sub_NIH,00001389_004.png,ok,512x512 -> 1024x1024,2,1,344.11,42.1672,3.947885,1.986929,0.963,0.9967,0.1348,6.6665,42.4425,3.705341,1.924926,0.9651,0.997,0.1543,0.1543,0.1543,6.6605,118.9903,70.9959,118.9903,70.9959,0.4099,42.4425,0.9651,3.705341,1.924926,0.2754,0.0003,-0.0195,0.006
/kaggle/input/datasets/duc24kdl/sub-x-ray/sub_X-Ray/sub_NIH/00001389_005.png,,sub_NIH,00001389_005.png,ok,512x512 -> 1024x1024,2,1,346.56,42.8538,3.37052,1.835898,0.9671,0.997,0.1219,6.5165,43.1705,3.133489,1.770166,0.9692,0.9973,0.1416,0.1416,0.1416,6.5013,111.601,69.2307,111.601,69.2307,0.4002,43.1705,0.9692,3.133489,1.770166,0.3167,0.0003,-0.0197,0.0152
/kaggle/input/datasets/duc24kdl/sub-x-ray/sub_X-Ray/sub_NIH/00001390_000.png,,sub_NIH,00001390_000.png,ok,512x512 -> 1024x1024,2,1,344.85,37.0077,12.951348,3.598798,0.9845,0.9983,0.06,6.8976,37.3354,12.009914,3.465532,0.9865,0.9986,0.0752,0.0752,0.0752,6.7602,164.3101,57.871,164.3101,57.871,0.4859,37.3354,0.9865,12.009914,3.465532,0.3278,0.0003,-0.0152,0.1373
/kaggle/input/datasets/duc24kdl/sub-x-ray/sub_X-Ray/sub_NIH/00001391_000.png,,sub_NIH,00001391_000.png,ok,512x512 -> 1024x1024,2,1,341.52,47.3346,1.201223,1.096003,0.9874,0.9985,0.0457,7.0166,47.8462,1.067715,1.033303,0.9891,0.9988,0.0586,0.0586,0.0586,6.9825,174.6691,57.2091,174.6691,57.2091,0.4196,47.8462,0.9891,1.067715,1.033303,0.5117,0.0003,-0.0129,0.0341
/kaggle/input/datasets/duc24kdl/sub-x-ray/sub_X-Ray/sub_NIH/00001392_000.png,,sub_NIH,00001392_000.png,ok,512x512 -> 1024x1024,2,1,345.09,45.6671,1.763496,1.327967,0.9837,0.9982,0.0716,6.9738,45.8719,1.682237,1.297011,0.9858,0.9984,0.0903,0.0903,0.0903,6.8205,159.0079,50.7895,159.0079,50.7895,0.4535,45.8719,0.9858,1.682237,1.297011,0.2049,0.0003,-0.0187,0.1533
/kaggle/input/datasets/duc24kdl/sub-x-ray/sub_X-Ray/sub_NIH/00001393_000.png,,sub_NIH,00001393_000.png,ok,512x512 -> 1024x1024,2,1,340.54,37.172,12.470368,3.531341,0.9833,0.9981,0.0729,6.9941,37.4031,11.82404,3.43861,0.9853,0.9984,0.0884,0.0884,0.0884,6.9707,174.1485,50.8213,174.1485,50.8213,0.4837,37.4031,0.9853,11.82404,3.43861,0.2311,0.0003,-0.0155,0.0234
/kaggle/input/datasets/duc24kdl/sub-x-ray/sub_X-Ray/sub_NIH/00001394_000.png,,sub_NIH,00001394_000.png,ok,512x512 -> 1024x1024,2,1,346.29,42.5649,3.60236,1.897988,0.9708,0.9972,0.119,6.9126,42.9049,3.331083,1.825126,0.9727,0.9975,0.1394,0.1394,0.1394,6.662,112.4547,63.9364,112.4547,63.9364,0.4266,42.9049,0.9727,3.331083,1.825126,0.34,0.0003,-0.0205,0.2506
/kaggle/input/datasets/duc24kdl/sub-x-ray/sub_X-Ray/sub_NIH/00001394_001.png,,sub_NIH,00001394_001.png,ok,512x512 -> 1024x1024,2,1,339.58,39.2034,7.811614,2.794927,0.9843,0.9982,0.0625,6.7212,39.3608,7.53359,2.744739,0.9861,0.9985,0.0758,0.0758,0.0758,6.6784,145.5188,71.9791,145.5188,71.9791,0.5233,39.3608,0.9861,7.53359,2.744739,0.1574,0.0003,-0.0133,0.0428
/kaggle/input/datasets/duc24kdl/sub-x-ray/sub_X-Ray/sub_NIH/00001395_000.png,,sub_NIH,00001395_000.png,ok,512x512 -> 1024x1024,2,1,343.01,45.4106,1.870766,1.367759,0.9754,0.9974,0.0976,7.158,45.8454,1.692538,1.300976,0.9777,0.9977,0.1246,0.1246,0.1246,6.8031,110.0503,33.6061,110.0503,33.6061,0.3908,45.8454,0.9777,1.692538,1.300976,0.4348,0.0003,-0.027,0.3549
/kaggle/input/datasets/duc24kdl/sub-x-ray/sub_X-Ray/sub_NIH/00001395_001.png,,sub_NIH,00001395_001.png,ok,512x512 -> 1024x1024,2,1,344.58,45.5328,1.818861,1.348652,0.9753,0.9974,0.101,7.3468,45.963,1.647319,1.283479,0.9776,0.9977,0.1288,0.1288,0.1288,6.8328,111.353,29.8155,111.353,29.8155,0.3832,45.963,0.9776,1.647319,1.283479,0.4302,0.0003,-0.0278,0.514
/kaggle/input/datasets/duc24kdl/sub-x-ray/sub_X-Ray/sub_NIH/00001395_002.png,,sub_NIH,00001395_002.png,ok,512x512 -> 1024x1024,2,1,343.99,35.3753,18.860444,4.342861,0.9747,0.9974,0.1046,6.4914,35.7377,17.350252,4.165363,0.9769,0.9977,0.1235,0.1235,0.1235,6.5681,131.3635,60.5745,131.3635,60.5745,0.6146,35.7377,0.9769,17.350252,4.165363,0.3625,0.0003,-0.0189,-0.0767
/kaggle/input/datasets/duc24kdl/sub-x-ray/sub_X-Ray/sub_NIH/00001395_003.png,,sub_NIH,00001395_003.png,ok,512x512 -> 1024x1024,2,1,343.34,45.0373,2.038708,1.427833,0.9755,0.9974,0.0961,7.2541,45.4689,1.845816,1.358608,0.9778,0.9977,0.1215,0.1215,0.1215,6.9554,110.0027,33.6972,110.0027,33.6972,0.4367,45.4689,0.9778,1.845816,1.358608,0.4317,0.0003,-0.0254,0.2987
/kaggle/input/datasets/duc24kdl/sub-x-ray/sub_X-Ray/sub_NIH/00001395_004.png,,sub_NIH,00001395_004.png,ok,512x512 -> 1024x1024,2,1,345.52,45.4397,1.858285,1.363189,0.9756,0.9974,0.0998,7.0923,45.8719,1.682235,1.29701,0.9778,0.9977,0.1279,0.1279,0.1279,6.7531,108.9379,33.374,108.9379,33.374,0.3941,45.8719,0.9778,1.682235,1.29701,0.4323,0.0003,-0.0281,0.3391
/kaggle/input/datasets/duc24kdl/sub-x-ray/sub_X-Ray/sub_NIH/00001395_005.png,,sub_NIH,00001395_005.png,ok,512x512 -> 1024x1024,2,1,341.72,45.4953,1.834647,1.354491,0.9773,0.9976,0.0941,7.2837,45.9345,1.658184,1.287705,0.9794,0.9979,0.121,0.121,0.121,6.8864,108.9338,33.9471,108.9338,33.9471,0.4052,45.9345,0.9794,1.658184,1.287705,0.4392,0.0003,-0.0269,0.3973
/kaggle/input/datasets/duc24kdl/sub-x-ray/sub_X-Ray/sub_NIH/00001395_006.png,,sub_NIH,00001395_006.png,ok,512x512 -> 1024x1024,2,1,345.51,41.8805,4.217285,2.053603,0.9748,0.9974,0.1036,6.7487,41.9018,4.196605,2.048562,0.9772,0.9977,0.1243,0.1243,0.1243,6.5237,141.9502,47.0518,141.9502,47.0518,0.5569,41.9018,0.9772,4.196605,2.048562,0.0213,0.0003,-0.0208,0.225
/kaggle/input/datasets/duc24kdl/sub-x-ray/sub_X-Ray/sub_NIH/00001395_007.png,,sub_NIH,00001395_007.png,ok,512x512 -> 1024x1024,2,1,346.18,38.3714,9.461117,3.075893,0.9854,0.9983,0.0713,7.3353,38.6648,8.843023,2.973722,0.9873,0.9985,0.0904,0.0904,0.0904,6.9619,139.4412,48.5594,139.4412,48.5594,0.4726,38.6648,0.9873,8.843023,2.973722,0.2934,0.0003,-0.0191,0.3734
/kaggle/input/datasets/duc24kdl/sub-x-ray/sub_X-Ray/sub_NIH/00001395_008.png,,sub_NIH,00001395_008.png,ok,512x512 -> 1024x1024,2,1,343.93,38.2481,9.733502,3.119856,0.9887,0.9985,0.0598,7.7119,38.4925,9.20096,3.033308,0.9904,0.9988,0.0795,0.0795,0.0795,7.4955,154.051,48.3614,154.051,48.3614,0.4716,38.4925,0.9904,9.20096,3.033308,0.2444,0.0003,-0.0197,0.2164
/kaggle/input/datasets/duc24kdl/sub-x-ray/sub_X-Ray/sub_NIH/00001395_009.png,,sub_NIH,00001395_009.png,ok,512x512 -> 1024x1024,2,1,342.04,35.8774,16.801032,4.098906,0.9868,0.9985,0.0605,6.9606,36.2619,15.377733,3.921445,0.9886,0.9987,0.079,0.079,0.079,7.0052,159.902,48.2415,159.902,48.2415,0.466,36.2619,0.9886,15.377733,3.921445,0.3844,0.0003,-0.0185,-0.0446
/kaggle/input/datasets/duc24kdl/sub-x-ray/sub_X-Ray/sub_NIH/00001395_010.png,,sub_NIH,00001395_010.png,ok,512x512 -> 1024x1024,2,1,342.56,42.1744,3.941313,1.985274,0.961,0.9965,0.1428,6.6403,42.4222,3.722701,1.92943,0.963,0.9968,0.1634,0.1634,0.1634,6.5854,125.13,68.621,125.13,68.621,0.399,42.4222,0.963,3.722701,1.92943,0.2478,0.0003,-0.0206,0.0549
/kaggle/input/datasets/duc24kdl/sub-x-ray/sub_X-Ray/sub_NIH/00001395_011.png,,sub_NIH,00001395_011.png,ok,512x512 -> 1024x1024,2,1,345.1,36.7508,13.740427,3.706808,0.9854,0.9982,0.0787,6.5514,37.0474,12.83328,3.582357,0.9874,0.9984,0.1035,0.1035,0.1035,6.7111,121.3951,43.4767,121.3951,43.4767,0.4908,37.0474,0.9874,12.83328,3.582357,0.2966,0.0003,-0.0248,-0.1597
/kaggle/input/datasets/duc24kdl/sub-x-ray/sub_X-Ray/sub_NIH/00001395_012.png,,sub_NIH,00001395_012.png,ok,512x512 -> 1024x1024,2,1,339.51,42.0785,4.029338,2.007321,0.9628,0.9967,0.1306,6.367,42.3995,3.742226,1.934483,0.9649,0.997,0.1491,0.1491,0.1491,6.4819,111.6643,69.3411,111.6643,69.3411,0.4141,42.3995,0.9649,3.742226,1.934483,0.321,0.0003,-0.0185,-0.1148
/kaggle/input/datasets/duc24kdl/sub-x-ray/sub_X-Ray/sub_NIH/00001395_013.png,,sub_NIH,00001395_013.png,ok,512x512 -> 1024x1024,2,1,347.03,42.2764,3.849807,1.962093,0.9613,0.9965,0.1393,6.6961,42.5491,3.615529,1.901454,0.9635,0.9968,0.1602,0.1602,0.1602,6.6229,124.5309,68.2529,124.5309,68.2529,0.3778,42.5491,0.9635,3.615529,1.901454,0.2727,0.0003,-0.0209,0.0732
/kaggle/input/datasets/duc24kdl/sub-x-ray/sub_X-Ray/sub_NIH/00001395_014.png,,sub_NIH,00001395_014.png,ok,512x512 -> 1024x1024,2,1,343.22,41.3605,4.753705,2.180299,0.9621,0.9966,0.1305,6.6773,41.6469,4.450329,2.10958,0.9643,0.9969,0.148,0.148,0.148,6.5705,105.4254,67.2181,105.4254,67.2181,0.4311,41.6469,0.9643,4.450329,2.10958,0.2864,0.0003,-0.0175,0.1068
/kaggle/input/datasets/duc24kdl/sub-x-ray/sub_X-Ray/sub_NIH/00001396_000.png,,sub_NIH,00001396_000.png,ok,512x512 -> 1024x1024,2,1,339.53,46.1661,1.572053,1.253815,0.9813,0.998,0.0772,6.9013,46.6837,1.395424,1.18128,0.9835,0.9982,0.0956,0.0956,0.0956,6.8213,164.4238,45.4031,164.4238,45.4031,0.4377,46.6837,0.9835,1.395424,1.18128,0.5176,0.0003,-0.0184,0.08
/kaggle/input/datasets/duc24kdl/sub-x-ray/sub_X-Ray/sub_NIH/00001397_000.png,,sub_NIH,00001397_000.png,ok,512x512 -> 1024x1024,2,1,344.37,38.8692,8.436434,2.904554,0.9792,0.9978,0.1057,7.228,38.9836,8.217118,2.866552,0.9811,0.998,0.1311,0.1311,0.1311,7.0837,147.5575,38.1742,147.5575,38.1742,0.4515,38.9836,0.9811,8.217118,2.866552,0.1144,0.0002,-0.0254,0.1443
/kaggle/input/datasets/duc24kdl/sub-x-ray/sub_X-Ray/sub_NIH/00001397_001.png,,sub_NIH,00001397_001.png,ok,512x512 -> 1024x1024,2,1,343.54,46.8254,1.350652,1.162175,0.9823,0.9981,0.0748,7.2968,47.3495,1.197105,1.094123,0.9843,0.9983,0.0921,0.0921,0.0921,7.0231,192.0025,41.221,192.0025,41.221,0.3825,47.3495,0.9843,1.197105,1.094123,0.5241,0.0003,-0.0173,0.2738
/kaggle/input/datasets/duc24kdl/sub-x-ray/sub_X-Ray/sub_NIH/00001397_002.png,,sub_NIH,00001397_002.png,ok,512x512 -> 1024x1024,2,1,345.28,36.4911,14.587054,3.8193,0.9859,0.9983,0.0649,6.5959,36.5359,14.437416,3.79966,0.9878,0.9986,0.079,0.079,0.079,6.7075,172.7885,53.0922,172.7885,53.0922,0.4964,36.5359,0.9878,14.437416,3.79966,0.0448,0.0003,-0.0142,-0.1116
/kaggle/input/datasets/duc24kdl/sub-x-ray/sub_X-Ray/sub_NIH/00001397_003.png,,sub_NIH,00001397_003.png,ok,512x512 -> 1024x1024,2,1,341.18,37.1095,12.65121,3.556854,0.9803,0.9979,0.0922,8.0075,37.3271,12.032843,3.468839,0.982,0.9981,0.1156,0.1156,0.1156,7.7534,168.3772,38.3439,168.3772,38.3439,0.494,37.3271,0.982,12.032843,3.468839,0.2176,0.0002,-0.0234,0.2541
/kaggle/input/datasets/duc24kdl/sub-x-ray/sub_X-Ray/sub_NIH/00001397_004.png,,sub_NIH,00001397_004.png,ok,512x512 -> 1024x1024,2,1,343.33,48.3715,0.946093,0.972673,0.9876,0.9984,0.0571,7.3487,49.0693,0.805652,0.897581,0.9895,0.9987,0.0762,0.0762,0.0762,7.1124,173.9136,35.2258,173.9136,35.2258,0.3969,49.0693,0.9895,0.805652,0.897581,0.6979,0.0003,-0.019,0.2364
/kaggle/input/datasets/duc24kdl/sub-x-ray/sub_X-Ray/sub_NIH/00001397_005.png,,sub_NIH,00001397_005.png,ok,512x512 -> 1024x1024,2,1,340.3,41.7755,4.320487,2.078578,0.961,0.9965,0.141,6.5756,42.0358,4.069135,2.01721,0.9631,0.9968,0.1606,0.1606,0.1606,6.5628,125.541,65.2467,125.541,65.2467,0.385,42.0358,0.9631,4.069135,2.01721,0.2603,0.0003,-0.0196,0.0127
/kaggle/input/datasets/duc24kdl/sub-x-ray/sub_X-Ray/sub_NIH/00001397_006.png,,sub_NIH,00001397_006.png,ok,512x512 -> 1024x1024,2,1,346.53,40.905,5.279315,2.297676,0.9564,0.9961,0.1564,6.8814,41.1415,4.999546,2.235966,0.9587,0.9964,0.1787,0.1787,0.1787,6.7772,130.1689,58.5899,130.1689,58.5899,0.3566,41.1415,0.9587,4.999546,2.235966,0.2365,0.0003,-0.0224,0.1042
/kaggle/input/datasets/duc24kdl/sub-x-ray/sub_X-Ray/sub_NIH/00001397_007.png,,sub_NIH,00001397_007.png,ok,512x512 -> 1024x1024,2,1,341.2,36.8728,13.359779,3.655103,0.984,0.998,0.0858,7.6177,37.1605,12.503462,3.536023,0.9858,0.9983,0.1147,0.1147,0.1147,7.4692,119.8406,37.3564,119.8406,37.3564,0.4833,37.1605,0.9858,12.503462,3.536023,0.2877,0.0002,-0.0288,0.1485
/kaggle/input/datasets/duc24kdl/sub-x-ray/sub_X-Ray/sub_NIH/00001397_008.png,,sub_NIH,00001397_008.png,ok,512x512 -> 1024x1024,2,1,342.78,40.8303,5.370999,2.317542,0.9565,0.9961,0.1489,6.1418,41.0984,5.049444,2.247097,0.9589,0.9965,0.169,0.169,0.169,6.1039,123.6075,61.6938,123.6075,61.6938,0.3733,41.0984,0.9589,5.049444,2.247097,0.2681,0.0003,-0.0201,0.0379
/kaggle/input/datasets/duc24kdl/sub-x-ray/sub_X-Ray/sub_NIH/00001397_009.png,,sub_NIH,00001397_009.png,ok,512x512 -> 1024x1024,2,1,341.18,35.341,19.009982,4.360044,0.9859,0.9981,0.0617,6.9765,35.6112,17.863291,4.226499,0.9876,0.9984,0.0826,0.0826,0.0826,6.8905,164.2797,33.0804,164.2797,33.0804,0.4933,35.6112,0.9876,17.863291,4.226499,0.2702,0.0002,-0.0209,0.086
/kaggle/input/datasets/duc24kdl/sub-x-ray/sub_X-Ray/sub_NIH/00001397_010.png,,sub_NIH,00001397_010.png,ok,512x512 -> 1024x1024,2,1,344.59,35.0938,20.123283,4.485898,0.9848,0.9981,0.0658,6.7528,35.3656,18.902717,4.347725,0.9865,0.9984,0.0832,0.0832,0.0832,6.7663,173.1934,36.9808,173.1934,36.9808,0.4893,35.3656,0.9865,18.902717,4.347725,0.2717,0.0002,-0.0174,-0.0134
/kaggle/input/datasets/duc24kdl/sub-x-ray/sub_X-Ray/sub_NIH/00001397_011.png,,sub_NIH,00001397_011.png,ok,512x512 -> 1024x1024,2,1,339.78,36.6717,13.992947,3.740715,0.9821,0.998,0.0876,7.2618,37.0252,12.899085,3.59153,0.984,0.9983,0.1145,0.1145,0.1145,7.1319,128.1014,40.3998,128.1014,40.3998,0.5007,37.0252,0.984,12.899085,3.59153,0.3535,0.0002,-0.0269,0.1299
/kaggle/input/datasets/duc24kdl/sub-x-ray/sub_X-Ray/sub_NIH/00001397_012.png,,sub_NIH,00001397_012.png,ok,512x512 -> 1024x1024,2,1,344.86,35.5669,18.04657,4.248125,0.9802,0.9979,0.0969,7.5099,35.8889,16.756922,4.093522,0.9822,0.9981,0.1241,0.1241,0.1241,7.3048,126.9197,46.9689,126.9197,46.9689,0.5186,35.8889,0.9822,16.756922,4.093522,0.322,0.0002,-0.0272,0.2051
/kaggle/input/datasets/duc24kdl/sub-x-ray/sub_X-Ray/sub_NIH/00001397_013.png,,sub_NIH,00001397_013.png,ok,512x512 -> 1024x1024,2,1,340.52,41.4966,4.607048,2.146404,0.9609,0.9965,0.1434,6.7397,41.736,4.359906,2.088039,0.963,0.9968,0.1649,0.1649,0.1649,6.595,124.6621,62.124,124.6621,62.124,0.3542,41.736,0.963,4.359906,2.088039,0.2395,0.0003,-0.0216,0.1448
/kaggle/input/datasets/duc24kdl/sub-x-ray/sub_X-Ray/sub_NIH/00001398_000.png,,sub_NIH,00001398_000.png,ok,512x512 -> 1024x1024,2,1,339.41,45.5126,1.827345,1.351793,0.9847,0.9982,0.0614,6.8715,46.0222,1.625032,1.274768,0.9868,0.9985,0.0762,0.0762,0.0762,6.7459,165.5777,56.7733,165.5777,56.7733,0.5131,46.0222,0.9868,1.625032,1.274768,0.5096,0.0003,-0.0148,0.1255
/kaggle/input/datasets/duc24kdl/sub-x-ray/sub_X-Ray/sub_NIH/00001398_001.png,,sub_NIH,00001398_001.png,ok,512x512 -> 1024x1024,2,1,344.7,45.2906,1.923161,1.386781,0.982,0.998,0.0701,6.5025,45.8567,1.688165,1.299294,0.9842,0.9983,0.0866,0.0866,0.0866,6.5568,157.4113,57.6931,157.4113,57.6931,0.4599,45.8567,0.9842,1.688165,1.299294,0.566,0.0003,-0.0165,-0.0543
/kaggle/input/datasets/duc24kdl/sub-x-ray/sub_X-Ray/sub_NIH/00001398_002.png,,sub_NIH,00001398_002.png,ok,512x512 -> 1024x1024,2,1,337.62,35.8246,17.006519,4.123896,0.984,0.9982,0.0606,6.7944,36.1146,15.908124,3.988499,0.986,0.9985,0.0721,0.0721,0.0721,6.8102,159.2,70.1811,159.2,70.1811,0.5396,36.1146,0.986,15.908124,3.988499,0.29,0.0003,-0.0115,-0.0158
/kaggle/input/datasets/duc24kdl/sub-x-ray/sub_X-Ray/sub_NIH/00001398_003.png,,sub_NIH,00001398_003.png,ok,512x512 -> 1024x1024,2,1,337.53,42.181,3.93532,1.983764,0.9605,0.9964,0.1281,6.0408,42.4238,3.721337,1.929077,0.9627,0.9968,0.1435,0.1435,0.1435,6.1433,104.9259,69.9319,104.9259,69.9319,0.3603,42.4238,0.9627,3.721337,1.929077,0.2428,0.0003,-0.0154,-0.1025
/kaggle/input/datasets/duc24kdl/sub-x-ray/sub_X-Ray/sub_NIH/00001398_004.png,,sub_NIH,00001398_004.png,ok,512x512 -> 1024x1024,2,1,343.94,41.9613,4.139494,2.034575,0.9612,0.9965,0.1329,6.5634,42.2463,3.876591,1.968906,0.9634,0.9968,0.1502,0.1502,0.1502,6.5003,116.891,70.6109,116.891,70.6109,0.3785,42.2463,0.9634,3.876591,1.968906,0.285,0.0003,-0.0174,0.0631
/kaggle/input/datasets/duc24kdl/sub-x-ray/sub_X-Ray/sub_NIH/00001399_000.png,,sub_NIH,00001399_000.png,ok,512x512 -> 1024x1024,2,1,337.78,43.5577,2.866199,1.692985,0.9886,0.9986,0.0381,7.3486,44.166,2.491618,1.578486,0.9903,0.9988,0.0503,0.0503,0.0503,7.1121,145.3584,64.4973,145.3584,64.4973,0.4985,44.166,0.9903,2.491618,1.578486,0.6082,0.0002,-0.0122,0.2365
/kaggle/input/datasets/duc24kdl/sub-x-ray/sub_X-Ray/sub_NIH/00001403_000.png,,sub_NIH,00001403_000.png,ok,512x512 -> 1024x1024,2,1,341.11,36.7415,13.769932,3.710786,0.9763,0.9976,0.0942,6.502,37.0384,12.860115,3.5861,0.9787,0.9979,0.1121,0.1121,0.1121,6.4931,133.9462,61.2156,133.9462,61.2156,0.5564,37.0384,0.9787,12.860115,3.5861,0.2969,0.0003,-0.0178,0.0089
/kaggle/input/datasets/duc24kdl/sub-x-ray/sub_X-Ray/sub_NIH/00001403_002.png,,sub_NIH,00001403_002.png,ok,512x512 -> 1024x1024,2,1,339.12,37.6097,11.274768,3.357792,0.9854,0.9983,0.0599,6.5184,37.8565,10.651897,3.263724,0.9872,0.9986,0.0724,0.0724,0.0724,6.4583,153.9065,69.9836,153.9065,69.9836,0.4893,37.8565,0.9872,10.651897,3.263724,0.2468,0.0003,-0.0125,0.0601
/kaggle/input/datasets/duc24kdl/sub-x-ray/sub_X-Ray/sub_NIH/00001403_003.png,,sub_NIH,00001403_003.png,ok,512x512 -> 1024x1024,2,1,342.43,41.8183,4.278062,2.068348,0.966,0.9969,0.1197,6.0184,42.023,4.081106,2.020175,0.9681,0.9972,0.1355,0.1355,0.1355,5.9928,101.591,72.078,101.591,72.078,0.3344,42.023,0.9681,4.081106,2.020175,0.2047,0.0003,-0.0158,0.0256
/kaggle/input/datasets/duc24kdl/sub-x-ray/sub_X-Ray/sub_NIH/00001404_000.png,,sub_NIH,00001404_000.png,ok,512x512 -> 1024x1024,2,1,345.72,43.9881,2.595783,1.611143,0.9818,0.998,0.0702,6.6492,43.9919,2.59352,1.610441,0.9839,0.9983,0.0859,0.0859,0.0859,6.6356,165.7607,47.9916,165.7607,47.9916,0.477,43.9919,0.9839,2.59352,1.610441,0.0038,0.0003,-0.0156,0.0136
/kaggle/input/datasets/duc24kdl/sub-x-ray/sub_X-Ray/sub_NIH/00001404_001.png,,sub_NIH,00001404_001.png,ok,512x512 -> 1024x1024,2,1,339.08,46.4696,1.465964,1.21077,0.9866,0.9984,0.0574,7.6313,47.0713,1.276306,1.129737,0.9885,0.9986,0.074,0.074,0.074,7.2675,164.5967,48.2108,164.5967,48.2108,0.4592,47.0713,0.9885,1.276306,1.129737,0.6017,0.0003,-0.0166,0.3638
/kaggle/input/datasets/duc24kdl/sub-x-ray/sub_X-Ray/sub_NIH/00001404_002.png,,sub_NIH,00001404_002.png,ok,512x512 -> 1024x1024,2,1,345.76,47.0343,1.287209,1.134552,0.9874,0.9984,0.0527,7.159,47.705,1.103018,1.050247,0.9894,0.9987,0.0676,0.0676,0.0676,6.9811,158.3541,53.3042,158.3541,53.3042,0.4978,47.705,0.9894,1.103018,1.050247,0.6707,0.0003,-0.0149,0.1779
/kaggle/input/datasets/duc24kdl/sub-x-ray/sub_X-Ray/sub_NIH/00001404_003.png,,sub_NIH,00001404_003.png,ok,512x512 -> 1024x1024,2,1,338.95,46.8323,1.348485,1.161243,0.9851,0.9983,0.0656,7.1046,47.4752,1.162959,1.078406,0.9872,0.9986,0.0842,0.0842,0.0842,6.8165,156.7486,47.0239,156.7486,47.0239,0.4514,47.4752,0.9872,1.162959,1.078406,0.6428,0.0003,-0.0186,0.2882
/kaggle/input/datasets/duc24kdl/sub-x-ray/sub_X-Ray/sub_NIH/00001404_004.png,,sub_NIH,00001404_004.png,ok,512x512 -> 1024x1024,2,1,344.27,47.1295,1.259289,1.12218,0.9856,0.9983,0.0583,7.0214,47.7946,1.080494,1.039468,0.9877,0.9986,0.0762,0.0762,0.0762,6.8255,162.116,43.8269,162.116,43.8269,0.4643,47.7946,0.9877,1.080494,1.039468,0.665,0.0003,-0.0179,0.1959
/kaggle/input/datasets/duc24kdl/sub-x-ray/sub_X-Ray/sub_NIH/00001404_005.png,,sub_NIH,00001404_005.png,ok,512x512 -> 1024x1024,2,1,345.21,42.7751,3.432208,1.852622,0.9818,0.9981,0.0769,6.8703,43.3556,3.002743,1.732843,0.9841,0.9983,0.0942,0.0942,0.0942,6.7608,158.3355,51.1359,158.3355,51.1359,0.4388,43.3556,0.9841,3.002743,1.732843,0.5806,0.0003,-0.0173,0.1096
/kaggle/input/datasets/duc24kdl/sub-x-ray/sub_X-Ray/sub_NIH/00001404_006.png,,sub_NIH,00001404_006.png,ok,512x512 -> 1024x1024,2,1,340.12,46.5213,1.448594,1.203576,0.9856,0.9983,0.0629,7.0184,46.8269,1.35018,1.161972,0.9876,0.9986,0.0809,0.0809,0.0809,6.7875,160.1603,48.7236,160.1603,48.7236,0.4518,46.8269,0.9876,1.35018,1.161972,0.3056,0.0003,-0.0179,0.2309
/kaggle/input/datasets/duc24kdl/sub-x-ray/sub_X-Ray/sub_NIH/00001404_007.png,,sub_NIH,00001404_007.png,ok,512x512 -> 1024x1024,2,1,346.36,37.4333,11.742111,3.426676,0.9824,0.998,0.0751,6.8288,37.5513,11.427503,3.380459,0.9842,0.9983,0.0917,0.0917,0.0917,6.7591,162.1697,60.1204,162.1697,60.1204,0.4808,37.5513,0.9842,11.427503,3.380459,0.1179,0.0003,-0.0166,0.0698
/kaggle/input/datasets/duc24kdl/sub-x-ray/sub_X-Ray/sub_NIH/00001404_008.png,,sub_NIH,00001404_008.png,ok,512x512 -> 1024x1024,2,1,346.19,36.9261,13.196883,3.632751,0.982,0.998,0.0773,6.5091,37.0194,12.91631,3.593927,0.9839,0.9983,0.0921,0.0921,0.0921,6.6411,164.456,55.6833,164.456,55.6833,0.4627,37.0194,0.9839,12.91631,3.593927,0.0933,0.0003,-0.0149,-0.132
/kaggle/input/datasets/duc24kdl/sub-x-ray/sub_X-Ray/sub_NIH/00001405_000.png,,sub_NIH,00001405_000.png,ok,512x512 -> 1024x1024,2,1,346.06,44.8262,2.140244,1.462957,0.974,0.9973,0.1001,7.188,45.2596,1.936953,1.391745,0.9763,0.9977,0.1231,0.1231,0.1231,6.982,107.5046,36.6344,107.5046,36.6344,0.4213,45.2596,0.9763,1.936953,1.391745,0.4334,0.0003,-0.0231,0.2059
/kaggle/input/datasets/duc24kdl/sub-x-ray/sub_X-Ray/sub_NIH/00001406_000.png,,sub_NIH,00001406_000.png,ok,512x512 -> 1024x1024,2,1,344.34,44.7634,2.171419,1.473574,0.9719,0.9972,0.1065,7.1099,45.1414,1.990395,1.410814,0.9742,0.9975,0.135,0.135,0.135,6.8035,109.3846,31.4282,109.3846,31.4282,0.3857,45.1414,0.9742,1.990395,1.410814,0.378,0.0003,-0.0285,0.3064
/kaggle/input/datasets/duc24kdl/sub-x-ray/sub_X-Ray/sub_NIH/00001406_001.png,,sub_NIH,00001406_001.png,ok,512x512 -> 1024x1024,2,1,339.21,37.0283,12.889933,3.590255,0.9847,0.9983,0.0628,6.8644,37.4156,11.790226,3.43369,0.9867,0.9986,0.0754,0.0754,0.0754,6.8678,168.0739,56.0391,168.0739,56.0391,0.4683,37.4156,0.9867,11.790226,3.43369,0.3873,0.0003,-0.0126,-0.0034
/kaggle/input/datasets/duc24kdl/sub-x-ray/sub_X-Ray/sub_NIH/00001407_000.png,,sub_NIH,00001407_000.png,ok,512x512 -> 1024x1024,2,1,345.27,42.1266,3.98495,1.996234,0.9666,0.997,0.1262,6.4638,42.3755,3.762932,1.939828,0.9685,0.9972,0.1455,0.1455,0.1455,6.4531,127.1641,67.6859,127.1641,67.6859,0.3639,42.3755,0.9685,3.762932,1.939828,0.249,0.0003,-0.0194,0.0107
/kaggle/input/datasets/duc24kdl/sub-x-ray/sub_X-Ray/sub_NIH/00001408_000.png,,sub_NIH,00001408_000.png,ok,512x512 -> 1024x1024,2,1,345.2,46.4711,1.465446,1.210556,0.9856,0.9983,0.0564,7.4535,47.0376,1.286248,1.134129,0.9875,0.9985,0.0741,0.0741,0.0741,7.1922,171.1683,48.1427,171.1683,48.1427,0.4608,47.0376,0.9875,1.286248,1.134129,0.5664,0.0003,-0.0177,0.2613
/kaggle/input/datasets/duc24kdl/sub-x-ray/sub_X-Ray/sub_NIH/00001409_000.png,,sub_NIH,00001409_000.png,ok,512x512 -> 1024x1024,2,1,345.69,42.5689,3.599055,1.897117,0.9769,0.9976,0.0984,6.9775,42.6095,3.565571,1.888272,0.9794,0.9979,0.1196,0.1196,0.1196,6.8211,152.3486,45.288,152.3486,45.288,0.5285,42.6095,0.9794,3.565571,1.888272,0.0406,0.0003,-0.0212,0.1565
/kaggle/input/datasets/duc24kdl/sub-x-ray/sub_X-Ray/sub_NIH/00001409_001.png,,sub_NIH,00001409_001.png,ok,512x512 -> 1024x1024,2,1,338.34,42.0087,4.094617,2.023516,0.9596,0.9964,0.1444,6.7194,42.2318,3.889521,1.972187,0.9617,0.9967,0.1651,0.1651,0.1651,6.6379,131.3991,62.8305,131.3991,62.8305,0.345,42.2318,0.9617,3.889521,1.972187,0.2232,0.0003,-0.0207,0.0815
/kaggle/input/datasets/duc24kdl/sub-x-ray/sub_X-Ray/sub_NIH/00001409_002.png,,sub_NIH,00001409_002.png,ok,512x512 -> 1024x1024,2,1,344.43,41.9824,4.11942,2.029635,0.9767,0.9976,0.0973,6.7716,41.7869,4.309096,2.075836,0.979,0.9979,0.118,0.118,0.118,6.6623,149.0657,45.9577,149.0657,45.9577,0.4701,41.7869,0.979,4.309096,2.075836,-0.1955,0.0003,-0.0207,0.1094
/kaggle/input/datasets/duc24kdl/sub-x-ray/sub_X-Ray/sub_NIH/00001409_003.png,,sub_NIH,00001409_003.png,ok,512x512 -> 1024x1024,2,1,339.47,46.272,1.534207,1.238631,0.9784,0.9977,0.0916,7.5479,46.7221,1.383151,1.176074,0.9805,0.9979,0.1207,0.1207,0.1207,7.1033,111.4999,27.1167,111.4999,27.1167,0.3501,46.7221,0.9805,1.383151,1.176074,0.4501,0.0003,-0.0291,0.4445
/kaggle/input/datasets/duc24kdl/sub-x-ray/sub_X-Ray/sub_NIH/00001409_004.png,,sub_NIH,00001409_004.png,ok,512x512 -> 1024x1024,2,1,343.63,45.2245,1.952679,1.397383,0.9832,0.9981,0.0776,6.9379,45.3758,1.885825,1.373253,0.9853,0.9984,0.0961,0.0961,0.0961,6.9297,167.6695,43.6756,167.6695,43.6756,0.4593,45.3758,0.9853,1.885825,1.373253,0.1513,0.0003,-0.0185,0.0082
/kaggle/input/datasets/duc24kdl/sub-x-ray/sub_X-Ray/sub_NIH/00001409_005.png,,sub_NIH,00001409_005.png,ok,512x512 -> 1024x1024,2,1,344.36,37.2177,12.339744,3.512797,0.9849,0.9983,0.0649,7.2512,37.3317,12.020166,3.467011,0.9866,0.9985,0.0799,0.0799,0.0799,7.2095,177.2742,49.5998,177.2742,49.5998,0.5156,37.3317,0.9866,12.020166,3.467011,0.114,0.0002,-0.015,0.0416
/kaggle/input/datasets/duc24kdl/sub-x-ray/sub_X-Ray/sub_NIH/00001409_006.png,,sub_NIH,00001409_006.png,ok,512x512 -> 1024x1024,2,1,339.32,42.207,3.911802,1.977827,0.9648,0.9968,0.1336,7.006,42.5063,3.651285,1.910834,0.9669,0.9971,0.1552,0.1552,0.1552,6.8626,140.4872,61.813,140.4872,61.813,0.3996,42.5063,0.9669,3.651285,1.910834,0.2993,0.0003,-0.0216,0.1434
/kaggle/input/datasets/duc24kdl/sub-x-ray/sub_X-Ray/sub_NIH/00001409_007.png,,sub_NIH,00001409_007.png,ok,512x512 -> 1024x1024,2,1,344.34,41.3483,4.767012,2.183349,0.9581,0.9963,0.1515,6.8397,41.6015,4.497084,2.120633,0.9602,0.9966,0.172,0.172,0.172,6.7263,139.7812,61.7674,139.7812,61.7674,0.3787,41.6015,0.9602,4.497084,2.120633,0.2532,0.0003,-0.0205,0.1134
/kaggle/input/datasets/duc24kdl/sub-x-ray/sub_X-Ray/sub_NIH/00001409_008.png,,sub_NIH,00001409_008.png,ok,512x512 -> 1024x1024,2,1,342.85,41.7513,4.344628,2.084377,0.9613,0.9965,0.14,7.0329,41.9847,4.117267,2.029105,0.9634,0.9968,0.1595,0.1595,0.1595,6.8386,130.5973,63.3683,130.5973,63.3683,0.3455,41.9847,0.9634,4.117267,2.029105,0.2334,0.0003,-0.0194,0.1943
/kaggle/input/datasets/duc24kdl/sub-x-ray/sub_X-Ray/sub_NIH/00001409_009.png,,sub_NIH,00001409_009.png,ok,512x512 -> 1024x1024,2,1,341.88,42.0111,4.092304,2.022944,0.9594,0.9964,0.1442,6.8522,42.253,3.87058,1.967379,0.9615,0.9967,0.1643,0.1643,0.1643,6.8196,127.7539,63.6025,127.7539,63.6025,0.3529,42.253,0.9615,3.87058,1.967379,0.2419,0.0003,-0.0201,0.0326
/kaggle/input/datasets/duc24kdl/sub-x-ray/sub_X-Ray/sub_NIH/00001409_010.png,,sub_NIH,00001409_010.png,ok,512x512 -> 1024x1024,2,1,341.36,41.5251,4.576918,2.139373,0.9586,0.9963,0.1489,6.8506,41.7709,4.325039,2.079673,0.9608,0.9966,0.1695,0.1695,0.1695,6.74,134.8138,63.1954,134.8138,63.1954,0.3758,41.7709,0.9608,4.325039,2.079673,0.2458,0.0003,-0.0207,0.1106
/kaggle/input/datasets/duc24kdl/sub-x-ray/sub_X-Ray/sub_NIH/00001409_011.png,,sub_NIH,00001409_011.png,ok,512x512 -> 1024x1024,2,1,346.39,41.1096,5.0364,2.244193,0.9627,0.9967,0.1383,6.6988,41.3973,4.713557,2.171073,0.9648,0.9969,0.1599,0.1599,0.1599,6.6364,140.9821,57.0518,140.9821,57.0518,0.3777,41.3973,0.9648,4.713557,2.171073,0.2877,0.0003,-0.0216,0.0624
/kaggle/input/datasets/duc24kdl/sub-x-ray/sub_X-Ray/sub_NIH/00001409_012.png,,sub_NIH,00001409_012.png,ok,512x512 -> 1024x1024,2,1,336.78,36.5797,14.292592,3.780555,0.9824,0.998,0.0764,6.6584,36.8769,13.347259,3.65339,0.9844,0.9983,0.0994,0.0994,0.0994,6.611,120.447,39.1327,120.447,39.1327,0.6054,36.8769,0.9844,13.347259,3.65339,0.2972,0.0003,-0.023,0.0475
/kaggle/input/datasets/duc24kdl/sub-x-ray/sub_X-Ray/sub_NIH/00001409_013.png,,sub_NIH,00001409_013.png,ok,512x512 -> 1024x1024,2,1,341.77,36.9439,13.142942,3.62532,0.981,0.998,0.0791,6.7417,37.2588,12.223766,3.49625,0.9831,0.9982,0.0949,0.0949,0.0949,6.7867,151.0419,59.605,151.0419,59.605,0.6016,37.2588,0.9831,12.223766,3.49625,0.3149,0.0003,-0.0158,-0.045
/kaggle/input/datasets/duc24kdl/sub-x-ray/sub_X-Ray/sub_NIH/00001410_000.png,,sub_NIH,00001410_000.png,ok,512x512 -> 1024x1024,2,1,340.43,38.2716,9.680979,3.111427,0.9827,0.9982,0.0652,6.7778,38.5405,9.09979,3.016586,0.9846,0.9984,0.0795,0.0795,0.0795,6.4947,146.1371,71.5098,146.1371,71.5098,0.483,38.5405,0.9846,9.09979,3.016586,0.2689,0.0003,-0.0143,0.2831
/kaggle/input/datasets/duc24kdl/sub-x-ray/sub_X-Ray/sub_NIH/00001410_001.png,,sub_NIH,00001410_001.png,ok,512x512 -> 1024x1024,2,1,346.36,39.4427,7.392867,2.718983,0.9857,0.9984,0.0613,6.9432,39.6993,6.968617,2.639814,0.9876,0.9986,0.078,0.078,0.078,6.9452,156.8656,58.7952,156.8656,58.7952,0.465,39.6993,0.9876,6.968617,2.639814,0.2567,0.0003,-0.0167,-0.002
/kaggle/input/datasets/duc24kdl/sub-x-ray/sub_X-Ray/sub_NIH/00001410_002.png,,sub_NIH,00001410_002.png,ok,512x512 -> 1024x1024,2,1,345.61,46.6218,1.415473,1.189737,0.9867,0.9984,0.0548,7.5655,47.1935,1.240875,1.113946,0.9886,0.9986,0.0725,0.0725,0.0725,7.262,157.3762,52.2314,157.3762,52.2314,0.4759,47.1935,0.9886,1.240875,1.113946,0.5717,0.0002,-0.0177,0.3035
/kaggle/input/datasets/duc24kdl/sub-x-ray/sub_X-Ray/sub_NIH/00001410_003.png,,sub_NIH,00001410_003.png,ok,512x512 -> 1024x1024,2,1,343.68,38.3725,9.458732,3.075505,0.9869,0.9984,0.0547,6.9312,38.3542,9.49872,3.081999,0.9887,0.9987,0.0693,0.0693,0.0693,6.9454,175.1089,56.6123,175.1089,56.6123,0.4774,38.3542,0.9887,9.49872,3.081999,-0.0183,0.0003,-0.0146,-0.0142
/kaggle/input/datasets/duc24kdl/sub-x-ray/sub_X-Ray/sub_NIH/00001410_004.png,,sub_NIH,00001410_004.png,ok,512x512 -> 1024x1024,2,1,339.24,37.5355,11.469012,3.386593,0.9858,0.9983,0.0584,6.9696,37.8493,10.669599,3.266435,0.9876,0.9986,0.0724,0.0724,0.0724,6.7468,158.6989,70.9313,158.6989,70.9313,0.531,37.8493,0.9876,10.669599,3.266435,0.3138,0.0002,-0.0141,0.2229
/kaggle/input/datasets/duc24kdl/sub-x-ray/sub_X-Ray/sub_NIH/00001411_000.png,,sub_NIH,00001411_000.png,ok,512x512 -> 1024x1024,2,1,344.63,39.4944,7.305325,2.702836,0.959,0.9963,0.1588,6.8022,39.7484,6.890327,2.624943,0.961,0.9965,0.1819,0.1819,0.1819,6.738,150.9082,72.439,150.9082,72.439,0.4234,39.7484,0.961,6.890327,2.624943,0.254,0.0002,-0.0231,0.0642
/kaggle/input/datasets/duc24kdl/sub-x-ray/sub_X-Ray/sub_NIH/00001412_000.png,,sub_NIH,00001412_000.png,ok,512x512 -> 1024x1024,2,1,343.45,46.3033,1.523165,1.234166,0.983,0.9981,0.0612,6.8925,46.8092,1.355688,1.16434,0.985,0.9984,0.0769,0.0769,0.0769,6.6687,164.3832,65.0259,164.3832,65.0259,0.4353,46.8092,0.985,1.355688,1.16434,0.5059,0.0003,-0.0157,0.2237
/kaggle/input/datasets/duc24kdl/sub-x-ray/sub_X-Ray/sub_NIH/00001413_000.png,,sub_NIH,00001413_000.png,ok,512x512 -> 1024x1024,2,1,345.49,42.1447,3.968349,1.992071,0.9647,0.9968,0.1256,6.3868,42.4592,3.691159,1.921239,0.9668,0.9971,0.1438,0.1438,0.1438,6.334,111.5494,68.3136,111.5494,68.3136,0.4046,42.4592,0.9668,3.691159,1.921239,0.3145,0.0003,-0.0182,0.0528
/kaggle/input/datasets/duc24kdl/sub-x-ray/sub_X-Ray/sub_NIH/00001413_001.png,,sub_NIH,00001413_001.png,ok,512x512 -> 1024x1024,2,1,340.53,42.1792,3.93693,1.98417,0.9634,0.9967,0.1293,6.5935,42.4609,3.689669,1.920851,0.9655,0.997,0.147,0.147,0.147,6.5183,108.4679,68.6854,108.4679,68.6854,0.424,42.4609,0.9655,3.689669,1.920851,0.2817,0.0003,-0.0177,0.0753
/kaggle/input/datasets/duc24kdl/sub-x-ray/sub_X-Ray/sub_NIH/00001414_000.png,,sub_NIH,00001414_000.png,ok,512x512 -> 1024x1024,2,1,343.12,41.1929,4.940702,2.222769,0.9618,0.9966,0.1401,6.803,41.4215,4.687348,2.165029,0.9639,0.9969,0.1589,0.1589,0.1589,6.7537,116.364,66.0283,116.364,66.0283,0.3582,41.4215,0.9639,4.687348,2.165029,0.2286,0.0003,-0.0188,0.0493
/kaggle/input/datasets/duc24kdl/sub-x-ray/sub_X-Ray/sub_NIH/00001415_000.png,,sub_NIH,00001415_000.png,ok,512x512 -> 1024x1024,2,1,340.78,39.2944,7.649686,2.765806,0.983,0.9982,0.0557,6.5605,39.6441,7.057738,2.65664,0.9851,0.9985,0.0691,0.0691,0.0691,6.5813,152.3733,64.8086,152.3733,64.8086,0.5062,39.6441,0.9851,7.057738,2.65664,0.3498,0.0003,-0.0134,-0.0208
/kaggle/input/datasets/duc24kdl/sub-x-ray/sub_X-Ray/sub_NIH/00001415_001.png,,sub_NIH,00001415_001.png,ok,512x512 -> 1024x1024,2,1,341.14,36.075,16.053761,4.006715,0.9834,0.9982,0.0614,6.3699,36.6237,14.148471,3.761445,0.9855,0.9985,0.0754,0.0754,0.0754,6.4535,150.1884,66.1097,150.1884,66.1097,0.4777,36.6237,0.9855,14.148471,3.761445,0.5487,0.0003,-0.014,-0.0836
/kaggle/input/datasets/duc24kdl/sub-x-ray/sub_X-Ray/sub_NIH/00001415_002.png,,sub_NIH,00001415_002.png,ok,512x512 -> 1024x1024,2,1,347.98,40.2472,6.142774,2.478462,0.9504,0.9955,0.1676,6.3859,40.5174,5.77216,2.402532,0.9531,0.9959,0.1869,0.1869,0.1869,6.4338,115.1729,63.8456,115.1729,63.8456,0.4006,40.5174,0.9531,5.77216,2.402532,0.2703,0.0004,-0.0193,-0.0479
/kaggle/input/datasets/duc24kdl/sub-x-ray/sub_X-Ray/sub_NIH/00001415_003.png,,sub_NIH,00001415_003.png,ok,512x512 -> 1024x1024,2,1,340.7,43.3368,3.015754,1.736593,0.9697,0.9973,0.1127,6.1222,43.5928,2.843139,1.686161,0.9714,0.9975,0.1284,0.1284,0.1284,6.1546,98.4575,76.5406,98.4575,76.5406,0.3889,43.5928,0.9714,2.843139,1.686161,0.256,0.0002,-0.0157,-0.0324
/kaggle/input/datasets/duc24kdl/sub-x-ray/sub_X-Ray/sub_NIH/00001416_000.png,,sub_NIH,00001416_000.png,ok,512x512 -> 1024x1024,2,1,344.99,46.2537,1.540681,1.241242,0.9851,0.9983,0.0638,7.158,46.874,1.33561,1.155686,0.9873,0.9985,0.0809,0.0809,0.0809,7.0613,162.0674,44.5832,162.0674,44.5832,0.4733,46.874,0.9873,1.33561,1.155686,0.6203,0.0003,-0.0171,0.0967
/kaggle/input/datasets/duc24kdl/sub-x-ray/sub_X-Ray/sub_NIH/00001416_001.png,,sub_NIH,00001416_001.png,ok,512x512 -> 1024x1024,2,1,344.36,41.6155,4.48265,2.117227,0.9812,0.998,0.0821,7.0575,42.1545,3.959446,1.989836,0.9833,0.9982,0.1044,0.1044,0.1044,6.8955,142.0198,48.6336,142.0198,48.6336,0.4384,42.1545,0.9833,3.959446,1.989836,0.539,0.0003,-0.0224,0.162
/kaggle/input/datasets/duc24kdl/sub-x-ray/sub_X-Ray/sub_NIH/00001416_002.png,,sub_NIH,00001416_002.png,ok,512x512 -> 1024x1024,2,1,342.09,45.4107,1.870726,1.367745,0.9835,0.9981,0.0694,6.8277,46.031,1.621734,1.273473,0.9857,0.9984,0.0866,0.0866,0.0866,6.8129,156.9209,45.2349,156.9209,45.2349,0.4716,46.031,0.9857,1.621734,1.273473,0.6203,0.0003,-0.0172,0.0148
/kaggle/input/datasets/duc24kdl/sub-x-ray/sub_X-Ray/sub_NIH/00001416_003.png,,sub_NIH,00001416_003.png,ok,512x512 -> 1024x1024,2,1,345.78,45.5649,1.80546,1.343674,0.9843,0.9982,0.066,6.9438,46.0766,1.604803,1.266808,0.9864,0.9985,0.0833,0.0833,0.0833,6.845,156.6508,44.5426,156.6508,44.5426,0.4801,46.0766,0.9864,1.604803,1.266808,0.5117,0.0003,-0.0173,0.0988
/kaggle/input/datasets/duc24kdl/sub-x-ray/sub_X-Ray/sub_NIH/00001417_000.png,,sub_NIH,00001417_000.png,ok,512x512 -> 1024x1024,2,1,340.47,43.1478,3.149945,1.774809,0.9676,0.9971,0.1245,6.8243,43.4678,2.926174,1.710606,0.9695,0.9974,0.1416,0.1416,0.1416,6.7262,98.4954,73.2315,98.4954,73.2315,0.3894,43.4678,0.9695,2.926174,1.710606,0.32,0.0003,-0.0171,0.0981
/kaggle/input/datasets/duc24kdl/sub-x-ray/sub_X-Ray/sub_NIH/00001418_000.png,,sub_NIH,00001418_000.png,ok,512x512 -> 1024x1024,2,1,346.62,40.4702,5.835284,2.415633,0.9558,0.996,0.1487,6.7808,40.7928,5.417461,2.327544,0.9583,0.9964,0.1681,0.1681,0.1681,6.6933,120.4965,55.7699,120.4965,55.7699,0.4269,40.7928,0.9583,5.417461,2.327544,0.3227,0.0004,-0.0194,0.0874
/kaggle/input/datasets/duc24kdl/sub-x-ray/sub_X-Ray/sub_NIH/00001419_000.png,,sub_NIH,00001419_000.png,ok,512x512 -> 1024x1024,2,1,344.06,37.1691,12.478728,3.532524,0.9828,0.9981,0.0744,6.6235,37.2129,12.353496,3.514754,0.9848,0.9984,0.0875,0.0875,0.0875,6.6293,164.6453,52.918,164.6453,52.918,0.5032,37.2129,0.9848,12.353496,3.514754,0.0438,0.0003,-0.0131,-0.0058
/kaggle/input/datasets/duc24kdl/sub-x-ray/sub_X-Ray/sub_NIH/00001420_000.png,,sub_NIH,00001420_000.png,ok,512x512 -> 1024x1024,2,1,343.0,46.381,1.496151,1.223173,0.986,0.9983,0.0564,6.6433,47.0153,1.292863,1.137041,0.9881,0.9986,0.0732,0.0732,0.0732,6.5564,157.9561,43.8749,157.9561,43.8749,0.5084,47.0153,0.9881,1.292863,1.137041,0.6342,0.0003,-0.0168,0.0869
/kaggle/input/datasets/duc24kdl/sub-x-ray/sub_X-Ray/sub_NIH/00001421_000.png,,sub_NIH,00001421_000.png,ok,512x512 -> 1024x1024,2,1,345.38,36.0259,16.236529,4.029458,0.9806,0.998,0.0933,7.1369,36.2474,15.42904,3.927982,0.9825,0.9982,0.1092,0.1092,0.1092,6.8907,171.9439,57.7506,171.9439,57.7506,0.4914,36.2474,0.9825,15.42904,3.927982,0.2215,0.0002,-0.0159,0.2462
/kaggle/input/datasets/duc24kdl/sub-x-ray/sub_X-Ray/sub_NIH/00001421_001.png,,sub_NIH,00001421_001.png,ok,512x512 -> 1024x1024,2,1,344.53,41.6804,4.416143,2.101462,0.9606,0.9965,0.1534,6.7038,41.9231,4.176135,2.043559,0.9626,0.9967,0.1766,0.1766,0.1766,6.6444,149.1131,66.7,149.1131,66.7,0.3581,41.9231,0.9626,4.176135,2.043559,0.2427,0.0002,-0.0232,0.0594
/kaggle/input/datasets/duc24kdl/sub-x-ray/sub_X-Ray/sub_NIH/00001422_000.png,,sub_NIH,00001422_000.png,ok,512x512 -> 1024x1024,2,1,345.57,46.3928,1.492105,1.221517,0.9846,0.9982,0.064,7.1673,46.7291,1.380941,1.175134,0.9866,0.9985,0.0829,0.0829,0.0829,7.0128,158.882,48.215,158.882,48.215,0.4367,46.7291,0.9866,1.380941,1.175134,0.3362,0.0003,-0.0189,0.1546
/kaggle/input/datasets/duc24kdl/sub-x-ray/sub_X-Ray/sub_NIH/00001423_000.png,,sub_NIH,00001423_000.png,ok,512x512 -> 1024x1024,2,1,341.21,44.0219,2.575655,1.604885,0.9855,0.9984,0.0636,7.017,44.6001,2.254601,1.501533,0.9874,0.9986,0.0814,0.0814,0.0814,7.063,152.5763,54.3754,152.5763,54.3754,0.4616,44.6001,0.9874,2.254601,1.501533,0.5782,0.0003,-0.0178,-0.046
/kaggle/input/datasets/duc24kdl/sub-x-ray/sub_X-Ray/sub_NIH/00001423_001.png,,sub_NIH,00001423_001.png,ok,512x512 -> 1024x1024,2,1,336.87,38.062,10.159637,3.187419,0.9849,0.9984,0.0669,7.0987,38.3019,9.613681,3.100594,0.9866,0.9986,0.0832,0.0832,0.0832,6.753,152.4616,67.8608,152.4616,67.8608,0.4862,38.3019,0.9866,9.613681,3.100594,0.2399,0.0002,-0.0163,0.3457
/kaggle/input/datasets/duc24kdl/sub-x-ray/sub_X-Ray/sub_NIH/00001424_000.png,,sub_NIH,00001424_000.png,ok,512x512 -> 1024x1024,2,1,344.57,38.5036,9.177474,3.029435,0.9851,0.9983,0.0544,6.1795,38.7817,8.608244,2.933981,0.9871,0.9986,0.0678,0.0678,0.0678,6.4912,153.7659,64.8092,153.7659,64.8092,0.5783,38.7817,0.9871,8.608244,2.933981,0.2781,0.0003,-0.0134,-0.3117
/kaggle/input/datasets/duc24kdl/sub-x-ray/sub_X-Ray/sub_NIH/00001425_000.png,,sub_NIH,00001425_000.png,ok,512x512 -> 1024x1024,2,1,343.92,42.1976,3.920343,1.979986,0.9626,0.9966,0.1362,6.4895,42.4696,3.68229,1.918929,0.9647,0.9969,0.1569,0.1569,0.1569,6.4805,127.0603,68.4952,127.0603,68.4952,0.3909,42.4696,0.9647,3.68229,1.918929,0.2721,0.0003,-0.0206,0.009
/kaggle/input/datasets/duc24kdl/sub-x-ray/sub_X-Ray/sub_NIH/00001426_000.png,,sub_NIH,00001426_000.png,ok,512x512 -> 1024x1024,2,1,344.02,37.4417,11.719428,3.423365,0.9867,0.9984,0.0543,6.7961,37.706,11.027643,3.320789,0.9885,0.9987,0.0657,0.0657,0.0657,6.5212,174.2835,62.1128,174.2835,62.1128,0.4855,37.706,0.9885,11.027643,3.320789,0.2642,0.0003,-0.0114,0.2749
/kaggle/input/datasets/duc24kdl/sub-x-ray/sub_X-Ray/sub_NIH/00001426_001.png,,sub_NIH,00001426_001.png,ok,512x512 -> 1024x1024,2,1,335.65,42.7554,3.447751,1.856812,0.9643,0.9968,0.1308,5.9491,43.0963,3.187513,1.785361,0.9663,0.9971,0.1481,0.1481,0.1481,6.0018,108.6457,72.8747,108.6457,72.8747,0.3954,43.0963,0.9663,3.187513,1.785361,0.3408,0.0003,-0.0172,-0.0527
/kaggle/input/datasets/duc24kdl/sub-x-ray/sub_X-Ray/sub_NIH/00001427_000.png,,sub_NIH,00001427_000.png,ok,512x512 -> 1024x1024,2,1,337.99,38.5044,9.175688,3.02914,0.9852,0.9983,0.0574,6.3014,38.7471,8.677064,2.945686,0.987,0.9986,0.0716,0.0716,0.0716,6.412,153.9358,60.718,153.9358,60.718,0.4575,38.7471,0.987,8.677064,2.945686,0.2427,0.0003,-0.0142,-0.1106
/kaggle/input/datasets/duc24kdl/sub-x-ray/sub_X-Ray/sub_NIH/00001428_000.png,,sub_NIH,00001428_000.png,ok,512x512 -> 1024x1024,2,1,342.97,46.5219,1.44841,1.203499,0.9843,0.9982,0.0648,6.6581,47.1028,1.267061,1.125638,0.9865,0.9985,0.0803,0.0803,0.0803,6.6141,154.0982,51.0203,154.0982,51.0203,0.4765,47.1028,0.9865,1.267061,1.125638,0.5809,0.0003,-0.0155,0.044
/kaggle/input/datasets/duc24kdl/sub-x-ray/sub_X-Ray/sub_NIH/00001429_000.png,,sub_NIH,00001429_000.png,ok,512x512 -> 1024x1024,2,1,339.12,41.7657,4.330201,2.080914,0.9645,0.9968,0.1017,5.8591,42.0684,4.038715,2.009656,0.9667,0.9971,0.1142,0.1142,0.1142,5.9488,88.2192,66.5181,88.2192,66.5181,0.4382,42.0684,0.9667,4.038715,2.009656,0.3026,0.0003,-0.0125,-0.0897
/kaggle/input/datasets/duc24kdl/sub-x-ray/sub_X-Ray/sub_NIH/00001429_001.png,,sub_NIH,00001429_001.png,ok,512x512 -> 1024x1024,2,1,345.5,41.1098,5.036223,2.244153,0.9594,0.9964,0.1239,6.1151,41.4803,4.624387,2.150439,0.9619,0.9967,0.1389,0.1389,0.1389,5.9631,89.7652,65.8755,89.7652,65.8755,0.4639,41.4803,0.9619,4.624387,2.150439,0.3705,0.0004,-0.015,0.152
/kaggle/input/datasets/duc24kdl/sub-x-ray/sub_X-Ray/sub_NIH/00001429_002.png,,sub_NIH,00001429_002.png,ok,512x512 -> 1024x1024,2,1,340.96,36.2798,15.314585,3.913385,0.981,0.9979,0.0779,6.5802,36.5984,14.231207,3.772427,0.9831,0.9982,0.0936,0.0936,0.0936,6.6562,112.3763,51.9097,112.3763,51.9097,0.5185,36.5984,0.9831,14.231207,3.772427,0.3186,0.0003,-0.0157,-0.076
/kaggle/input/datasets/duc24kdl/sub-x-ray/sub_X-Ray/sub_NIH/00001430_001.png,,sub_NIH,00001430_001.png,ok,512x512 -> 1024x1024,2,1,343.13,44.5859,2.261982,1.503989,0.9779,0.9977,0.0868,6.4514,44.8764,2.115638,1.454523,0.9801,0.998,0.105,0.105,0.105,6.5728,161.965,55.9573,161.965,55.9573,0.4493,44.8764,0.9801,2.115638,1.454523,0.2905,0.0003,-0.0183,-0.1214
/kaggle/input/datasets/duc24kdl/sub-x-ray/sub_X-Ray/sub_NIH/00001433_001.png,,sub_NIH,00001433_001.png,ok,512x512 -> 1024x1024,2,1,342.56,43.9795,2.600944,1.612744,0.9866,0.9983,0.0474,7.0842,44.5653,2.272749,1.507564,0.9885,0.9986,0.0617,0.0617,0.0617,6.935,181.8681,46.5023,181.8681,46.5023,0.4524,44.5653,0.9885,2.272749,1.507564,0.5858,0.0003,-0.0143,0.1492
/kaggle/input/datasets/duc24kdl/sub-x-ray/sub_X-Ray/sub_NIH/00001437_002.png,,sub_NIH,00001437_002.png,ok,512x512 -> 1024x1024,2,1,338.55,38.5925,8.99154,2.99859,0.9757,0.9975,0.0966,6.6232,38.8909,8.394491,2.897325,0.9779,0.9977,0.1141,0.1141,0.1141,6.7003,116.7424,63.6711,116.7424,63.6711,0.5323,38.8909,0.9779,8.394491,2.897325,0.2984,0.0003,-0.0176,-0.0771
/kaggle/input/datasets/duc24kdl/sub-x-ray/sub_X-Ray/sub_NIH/00001437_004.png,,sub_NIH,00001437_004.png,ok,512x512 -> 1024x1024,2,1,342.19,36.1214,15.883166,3.985369,0.9783,0.9976,0.0867,6.2267,36.539,14.427074,3.798299,0.9805,0.9979,0.1024,0.1024,0.1024,6.4225,112.0938,62.5436,112.0938,62.5436,0.6125,36.539,0.9805,14.427074,3.798299,0.4176,0.0003,-0.0158,-0.1958
/kaggle/input/datasets/duc24kdl/sub-x-ray/sub_X-Ray/sub_NIH/00001437_005.png,,sub_NIH,00001437_005.png,ok,512x512 -> 1024x1024,2,1,343.14,38.1633,9.925396,3.15046,0.9822,0.9979,0.072,6.4011,38.4743,9.239436,3.039644,0.9842,0.9982,0.0844,0.0844,0.0844,6.5708,100.5267,62.4136,100.5267,62.4136,0.631,38.4743,0.9842,9.239436,3.039644,0.311,0.0003,-0.0123,-0.1697
/kaggle/input/datasets/duc24kdl/sub-x-ray/sub_X-Ray/sub_NIH/00001437_008.png,,sub_NIH,00001437_008.png,ok,512x512 -> 1024x1024,2,1,339.72,35.5273,18.2118,4.267529,0.9718,0.9971,0.1091,6.1739,35.8337,16.971232,4.119616,0.9742,0.9974,0.1271,0.1271,0.1271,6.6786,116.407,59.6434,116.407,59.6434,0.5526,35.8337,0.9742,16.971232,4.119616,0.3064,0.0003,-0.018,-0.5047
/kaggle/input/datasets/duc24kdl/sub-x-ray/sub_X-Ray/sub_NIH/00001437_016.png,,sub_NIH,00001437_016.png,ok,512x512 -> 1024x1024,2,1,345.5,35.7914,17.137365,4.13973,0.9581,0.9963,0.1473,6.5466,36.0735,16.059592,4.007442,0.9604,0.9966,0.1635,0.1635,0.1635,6.6825,115.8437,68.2734,115.8437,68.2734,0.5279,36.0735,0.9604,16.059592,4.007442,0.2821,0.0003,-0.0162,-0.1359
/kaggle/input/datasets/duc24kdl/sub-x-ray/sub_X-Ray/sub_NIH/00001437_019.png,,sub_NIH,00001437_019.png,ok,512x512 -> 1024x1024,2,1,338.31,35.05,20.327151,4.508564,0.9711,0.9972,0.103,6.4314,35.443,18.568778,4.30915,0.9732,0.9974,0.1197,0.1197,0.1197,6.4889,121.9411,72.6928,121.9411,72.6928,0.6122,35.443,0.9732,18.568778,4.30915,0.3929,0.0003,-0.0167,-0.0574
/kaggle/input/datasets/duc24kdl/sub-x-ray/sub_X-Ray/sub_NIH/00001437_022.png,,sub_NIH,00001437_022.png,ok,512x512 -> 1024x1024,2,1,342.05,35.4488,18.544056,4.306281,0.969,0.997,0.1105,6.2441,35.7873,17.153377,4.141664,0.9712,0.9972,0.1286,0.1286,0.1286,6.4547,130.4495,65.7632,130.4495,65.7632,0.6206,35.7873,0.9712,17.153377,4.141664,0.3386,0.0003,-0.018,-0.2105
/kaggle/input/datasets/duc24kdl/sub-x-ray/sub_X-Ray/sub_NIH/00001437_025.png,,sub_NIH,00001437_025.png,ok,512x512 -> 1024x1024,2,1,342.72,40.2506,6.137888,2.477476,0.9524,0.9957,0.1619,6.6407,40.4557,5.854715,2.419652,0.9548,0.9961,0.1775,0.1775,0.1775,6.575,124.449,72.9356,124.449,72.9356,0.3587,40.4557,0.9548,5.854715,2.419652,0.2051,0.0003,-0.0156,0.0657
/kaggle/input/datasets/duc24kdl/sub-x-ray/sub_X-Ray/sub_NIH/00001437_041.png,,sub_NIH,00001437_041.png,ok,512x512 -> 1024x1024,2,1,342.17,36.1103,15.92379,3.990462,0.9745,0.9973,0.0974,6.3876,36.5268,14.467828,3.80366,0.9768,0.9976,0.1134,0.1134,0.1134,6.6613,101.5735,63.0454,101.5735,63.0454,0.6116,36.5268,0.9768,14.467828,3.80366,0.4164,0.0003,-0.016,-0.2737
/kaggle/input/datasets/duc24kdl/sub-x-ray/sub_X-Ray/sub_NIH/00001437_042.png,,sub_NIH,00001437_042.png,ok,512x512 -> 1024x1024,2,1,337.55,36.4635,14.68028,3.831485,0.981,0.9979,0.0801,6.7023,36.8403,13.460262,3.668823,0.9829,0.9982,0.0978,0.0978,0.0978,6.9036,111.9236,62.1179,111.9236,62.1179,0.5268,36.8403,0.9829,13.460262,3.668823,0.3768,0.0002,-0.0177,-0.2013
/kaggle/input/datasets/duc24kdl/sub-x-ray/sub_X-Ray/sub_NIH/00001437_045.png,,sub_NIH,00001437_045.png,ok,512x512 -> 1024x1024,2,1,334.44,38.3531,9.500916,3.082356,0.982,0.9981,0.0837,6.9467,38.6587,8.855443,2.97581,0.9837,0.9983,0.0999,0.0999,0.0999,6.8929,106.1422,71.1549,106.1422,71.1549,0.511,38.6587,0.9837,8.855443,2.97581,0.3056,0.0002,-0.0161,0.0538
/kaggle/input/datasets/duc24kdl/sub-x-ray/sub_X-Ray/sub_NIH/00001437_051.png,,sub_NIH,00001437_051.png,ok,512x512 -> 1024x1024,2,1,342.27,36.7942,13.60396,3.688355,0.9795,0.9978,0.08,6.7195,37.2277,12.311457,3.508769,0.9817,0.998,0.0963,0.0963,0.0963,6.8525,103.0784,61.7119,103.0784,61.7119,0.617,37.2277,0.9817,12.311457,3.508769,0.4336,0.0003,-0.0163,-0.133
/kaggle/input/datasets/duc24kdl/sub-x-ray/sub_X-Ray/sub_NIH/00001444_000.png,,sub_NIH,00001444_000.png,ok,512x512 -> 1024x1024,2,1,345.87,43.4842,2.915161,1.707384,0.9818,0.998,0.067,6.4445,44.0581,2.554307,1.59822,0.984,0.9983,0.084,0.084,0.084,6.4705,156.328,51.9962,156.328,51.9962,0.4599,44.0581,0.984,2.554307,1.59822,0.5739,0.0003,-0.017,-0.026
/kaggle/input/datasets/duc24kdl/sub-x-ray/sub_X-Ray/sub_NIH/00001445_001.png,,sub_NIH,00001445_001.png,ok,512x512 -> 1024x1024,2,1,338.42,39.1178,7.96715,2.822614,0.9834,0.9982,0.0622,6.859,39.2821,7.671242,2.769701,0.9852,0.9984,0.0769,0.0769,0.0769,6.7072,145.5913,69.4519,145.5913,69.4519,0.4639,39.2821,0.9852,7.671242,2.769701,0.1644,0.0002,-0.0148,0.1518
/kaggle/input/datasets/duc24kdl/sub-x-ray/sub_X-Ray/sub_NIH/00001445_002.png,,sub_NIH,00001445_002.png,ok,512x512 -> 1024x1024,2,1,335.08,37.606,11.284477,3.359238,0.9846,0.9983,0.0566,6.8422,38.2092,9.821072,3.133859,0.9864,0.9985,0.0694,0.0694,0.0694,6.6137,137.1246,83.4179,137.1246,83.4179,0.5766,38.2092,0.9864,9.821072,3.133859,0.6032,0.0002,-0.0128,0.2285
/kaggle/input/datasets/duc24kdl/sub-x-ray/sub_X-Ray/sub_NIH/00001447_000.png,,sub_NIH,00001447_000.png,ok,512x512 -> 1024x1024,2,1,344.9,37.0279,12.89119,3.59043,0.9835,0.9982,0.0644,6.2231,37.2539,12.237382,3.498197,0.9853,0.9985,0.0763,0.0763,0.0763,6.1244,145.167,76.6719,145.167,76.6719,0.4639,37.2539,0.9853,12.237382,3.498197,0.226,0.0002,-0.0119,0.0987
/kaggle/input/datasets/duc24kdl/sub-x-ray/sub_X-Ray/sub_NIH/00001449_000.png,,sub_NIH,00001449_000.png,ok,512x512 -> 1024x1024,2,1,342.67,46.282,1.530655,1.237196,0.9861,0.9983,0.0562,6.9833,46.7732,1.366963,1.169172,0.9881,0.9986,0.0726,0.0726,0.0726,6.8628,160.8946,49.5152,160.8946,49.5152,0.4864,46.7732,0.9881,1.366963,1.169172,0.4912,0.0003,-0.0163,0.1205
/kaggle/input/datasets/duc24kdl/sub-x-ray/sub_X-Ray/sub_NIH/00001456_000.png,,sub_NIH,00001456_000.png,ok,512x512 -> 1024x1024,2,1,343.47,41.2692,4.854702,2.203339,0.957,0.9962,0.1538,6.7769,41.528,4.573885,2.138664,0.9593,0.9965,0.1732,0.1732,0.1732,6.7041,126.1744,61.3148,126.1744,61.3148,0.3808,41.528,0.9593,4.573885,2.138664,0.2588,0.0003,-0.0193,0.0727
/kaggle/input/datasets/duc24kdl/sub-x-ray/sub_X-Ray/sub_NIH/00001457_001.png,,sub_NIH,00001457_001.png,ok,512x512 -> 1024x1024,2,1,341.33,36.132,15.844565,3.980523,0.9727,0.9973,0.0857,5.9802,36.4776,14.632496,3.825245,0.9751,0.9976,0.0998,0.0998,0.0998,6.3158,129.4755,56.3576,129.4755,56.3576,0.612,36.4776,0.9751,14.632496,3.825245,0.3456,0.0003,-0.0141,-0.3355
/kaggle/input/datasets/duc24kdl/sub-x-ray/sub_X-Ray/sub_NIH/00001459_001.png,,sub_NIH,00001459_001.png,ok,512x512 -> 1024x1024,2,1,345.71,42.9687,3.282534,1.811776,0.9657,0.9969,0.1371,7.0022,43.291,3.047759,1.745783,0.9677,0.9971,0.1587,0.1587,0.1587,6.9394,130.7562,68.5474,130.7562,68.5474,0.385,43.291,0.9677,3.047759,1.745783,0.3223,0.0003,-0.0216,0.0628
/kaggle/input/datasets/duc24kdl/sub-x-ray/sub_X-Ray/sub_NIH/00001460_001.png,,sub_NIH,00001460_001.png,ok,512x512 -> 1024x1024,2,1,343.24,40.858,5.33685,2.310162,0.9865,0.9984,0.0529,6.5806,41.3724,4.740631,2.177299,0.9883,0.9986,0.068,0.068,0.068,6.5591,154.4523,54.0811,154.4523,54.0811,0.552,41.3724,0.9883,4.740631,2.177299,0.5145,0.0003,-0.0151,0.0216
/kaggle/input/datasets/duc24kdl/sub-x-ray/sub_X-Ray/sub_NIH/00001460_003.png,,sub_NIH,00001460_003.png,ok,512x512 -> 1024x1024,2,1,342.52,41.9217,4.177476,2.043888,0.9693,0.9972,0.115,6.5785,42.1644,3.950405,1.987562,0.9714,0.9975,0.1294,0.1294,0.1294,6.3572,86.6722,64.3918,86.6722,64.3918,0.3878,42.1644,0.9714,3.950405,1.987562,0.2427,0.0003,-0.0144,0.2213
/kaggle/input/datasets/duc24kdl/sub-x-ray/sub_X-Ray/sub_NIH/00001461_003.png,,sub_NIH,00001461_003.png,ok,512x512 -> 1024x1024,2,1,344.57,38.3115,9.592471,3.097171,0.9848,0.9982,0.0757,6.9849,38.5696,9.038936,3.006482,0.9868,0.9985,0.096,0.096,0.096,7.0403,132.5394,40.5537,132.5394,40.5537,0.4967,38.5696,0.9868,9.038936,3.006482,0.2581,0.0003,-0.0203,-0.0554
/kaggle/input/datasets/duc24kdl/sub-x-ray/sub_X-Ray/sub_NIH/00001462_000.png,,sub_NIH,00001462_000.png,ok,512x512 -> 1024x1024,2,1,335.85,41.5733,4.526381,2.127529,0.9609,0.9965,0.1319,6.3573,41.8609,4.236361,2.058242,0.963,0.9968,0.1473,0.1473,0.1473,6.1914,101.3779,69.6461,101.3779,69.6461,0.4046,41.8609,0.963,4.236361,2.058242,0.2876,0.0003,-0.0154,0.1658
/kaggle/input/datasets/duc24kdl/sub-x-ray/sub_X-Ray/sub_NIH/00001462_001.png,,sub_NIH,00001462_001.png,ok,512x512 -> 1024x1024,2,1,340.64,41.9451,4.15504,2.038391,0.9622,0.9966,0.1374,6.5665,42.2513,3.872112,1.967768,0.9644,0.9969,0.1557,0.1557,0.1557,6.568,112.3634,66.4773,112.3634,66.4773,0.3982,42.2513,0.9644,3.872112,1.967768,0.3063,0.0003,-0.0182,-0.0015
/kaggle/input/datasets/duc24kdl/sub-x-ray/sub_X-Ray/sub_NIH/00001464_000.png,,sub_NIH,00001464_000.png,ok,512x512 -> 1024x1024,2,1,341.08,38.771,8.629388,2.937582,0.9878,0.9985,0.0614,7.0555,39.0192,8.150109,2.85484,0.9894,0.9987,0.0811,0.0811,0.0811,7.32,151.8805,53.9669,151.8805,53.9669,0.468,39.0192,0.9894,8.150109,2.85484,0.2482,0.0002,-0.0197,-0.2645
/kaggle/input/datasets/duc24kdl/sub-x-ray/sub_X-Ray/sub_NIH/00001464_002.png,,sub_NIH,00001464_002.png,ok,512x512 -> 1024x1024,2,1,347.22,41.7041,4.39212,2.095738,0.9632,0.9968,0.1366,6.4582,41.9855,4.116549,2.028928,0.9652,0.9971,0.1531,0.1531,0.1531,6.528,112.5304,67.5829,112.5304,67.5829,0.3853,41.9855,0.9652,4.116549,2.028928,0.2814,0.0003,-0.0165,-0.0698
/kaggle/input/datasets/duc24kdl/sub-x-ray/sub_X-Ray/sub_NIH/00001464_004.png,,sub_NIH,00001464_004.png,ok,512x512 -> 1024x1024,2,1,342.78,40.8615,5.332549,2.309231,0.957,0.9963,0.1554,6.6155,41.1261,5.017323,2.239938,0.9592,0.9966,0.1716,0.1716,0.1716,6.5305,117.1923,70.0087,117.1923,70.0087,0.3968,41.1261,0.9592,5.017323,2.239938,0.2646,0.0003,-0.0163,0.085
/kaggle/input/datasets/duc24kdl/sub-x-ray/sub_X-Ray/sub_NIH/00001470_003.png,,sub_NIH,00001470_003.png,ok,512x512 -> 1024x1024,2,1,343.33,37.7811,10.838519,3.292191,0.9885,0.9985,0.0577,7.3795,38.0213,10.255353,3.202398,0.9901,0.9988,0.0764,0.0764,0.0764,7.2214,158.6393,43.712,158.6393,43.712,0.48,38.0213,0.9901,10.255353,3.202398,0.2402,0.0003,-0.0188,0.1581
/kaggle/input/datasets/duc24kdl/sub-x-ray/sub_X-Ray/sub_NIH/00001471_002.png,,sub_NIH,00001471_002.png,ok,512x512 -> 1024x1024,2,1,341.78,42.423,3.72203,1.929256,0.9655,0.9969,0.127,6.5121,42.6848,3.504261,1.871967,0.9677,0.9972,0.1448,0.1448,0.1448,6.5695,107.0449,65.964,107.0449,65.964,0.3906,42.6848,0.9677,3.504261,1.871967,0.2618,0.0003,-0.0178,-0.0574
/kaggle/input/datasets/duc24kdl/sub-x-ray/sub_X-Ray/sub_NIH/00001472_000.png,,sub_NIH,00001472_000.png,ok,512x512 -> 1024x1024,2,1,344.84,41.9962,4.106358,2.026415,0.9616,0.9966,0.1407,6.2854,42.2261,3.894647,1.973486,0.9639,0.9969,0.1599,0.1599,0.1599,6.391,133.3056,62.22,133.3056,62.22,0.3444,42.2261,0.9639,3.894647,1.973486,0.2299,0.0003,-0.0192,-0.1056
/kaggle/input/datasets/duc24kdl/sub-x-ray/sub_X-Ray/sub_NIH/00001473_001.png,,sub_NIH,00001473_001.png,ok,512x512 -> 1024x1024,2,1,340.54,42.8703,3.357752,1.832417,0.9636,0.9967,0.1389,6.8083,43.1495,3.148699,1.774458,0.9656,0.9969,0.1595,0.1595,0.1595,6.8011,118.0275,70.1413,118.0275,70.1413,0.3808,43.1495,0.9656,3.148699,1.774458,0.2792,0.0003,-0.0206,0.0072
/kaggle/input/datasets/duc24kdl/sub-x-ray/sub_X-Ray/sub_NIH/00001478_000.png,,sub_NIH,00001478_000.png,ok,512x512 -> 1024x1024,2,1,343.6,40.7215,5.50721,2.346745,0.9811,0.9978,0.0722,6.6424,40.358,5.987964,2.447032,0.9832,0.9981,0.0889,0.0889,0.0889,6.6246,136.5673,57.5631,136.5673,57.5631,0.5725,40.358,0.9832,5.987964,2.447032,-0.3635,0.0003,-0.0167,0.0178
/kaggle/input/datasets/duc24kdl/sub-x-ray/sub_X-Ray/sub_NIH/00001480_000.png,,sub_NIH,00001480_000.png,ok,512x512 -> 1024x1024,2,1,341.37,45.3885,1.880303,1.371242,0.987,0.9985,0.0457,6.5843,45.7658,1.723856,1.312957,0.9888,0.9987,0.0603,0.0603,0.0603,6.7394,145.3819,66.9927,145.3819,66.9927,0.5284,45.7658,0.9888,1.723856,1.312957,0.3773,0.0002,-0.0146,-0.155
/kaggle/input/datasets/duc24kdl/sub-x-ray/sub_X-Ray/sub_NIH/00001483_000.png,,sub_NIH,00001483_000.png,ok,512x512 -> 1024x1024,2,1,337.39,42.2789,3.84758,1.961525,0.9626,0.9966,0.1405,6.4267,42.5502,3.614564,1.901201,0.9647,0.9969,0.1589,0.1589,0.1589,6.4498,111.6945,73.5412,111.6945,73.5412,0.3526,42.5502,0.9647,3.614564,1.901201,0.2713,0.0003,-0.0184,-0.0231
/kaggle/input/datasets/duc24kdl/sub-x-ray/sub_X-Ray/sub_NIH/00001483_002.png,,sub_NIH,00001483_002.png,ok,512x512 -> 1024x1024,2,1,336.96,41.0588,5.095699,2.257365,0.9625,0.9966,0.1307,6.0383,41.3819,4.73029,2.174923,0.9646,0.9969,0.1477,0.1477,0.1477,6.0802,106.5372,71.5489,106.5372,71.5489,0.3933,41.3819,0.9646,4.73029,2.174923,0.3232,0.0003,-0.017,-0.0419
/kaggle/input/datasets/duc24kdl/sub-x-ray/sub_X-Ray/sub_NIH/00001483_004.png,,sub_NIH,00001483_004.png,ok,512x512 -> 1024x1024,2,1,342.41,40.9428,5.233576,2.287701,0.9815,0.998,0.0928,7.9845,41.2168,4.913576,2.216659,0.9833,0.9982,0.1184,0.1184,0.1184,7.7029,110.6622,54.3549,110.6622,54.3549,0.4445,41.2168,0.9833,4.913576,2.216659,0.274,0.0002,-0.0256,0.2815
/kaggle/input/datasets/duc24kdl/sub-x-ray/sub_X-Ray/sub_NIH/00001483_007.png,,sub_NIH,00001483_007.png,ok,512x512 -> 1024x1024,2,1,343.81,42.5868,3.584295,1.893223,0.9647,0.9968,0.1335,6.1105,42.8546,3.369927,1.835736,0.9667,0.9971,0.1511,0.1511,0.1511,6.1498,111.8795,76.1456,111.8795,76.1456,0.3474,42.8546,0.9667,3.369927,1.835736,0.2678,0.0003,-0.0176,-0.0393
/kaggle/input/datasets/duc24kdl/sub-x-ray/sub_X-Ray/sub_NIH/00001483_009.png,,sub_NIH,00001483_009.png,ok,512x512 -> 1024x1024,2,1,338.28,42.4092,3.733918,1.932335,0.9625,0.9966,0.1374,6.2495,42.6995,3.492482,1.868818,0.9647,0.9969,0.1553,0.1553,0.1553,6.1686,110.3222,74.6973,110.3222,74.6973,0.3693,42.6995,0.9647,3.492482,1.868818,0.2903,0.0003,-0.0179,0.081
/kaggle/input/datasets/duc24kdl/sub-x-ray/sub_X-Ray/sub_NIH/00001483_015.png,,sub_NIH,00001483_015.png,ok,512x512 -> 1024x1024,2,1,343.28,41.0228,5.138079,2.266733,0.9544,0.9959,0.1617,6.5454,41.248,4.878466,2.208725,0.9567,0.9962,0.1806,0.1806,0.1806,6.5038,123.1202,67.1964,123.1202,67.1964,0.3448,41.248,0.9567,4.878466,2.208725,0.2252,0.0003,-0.0189,0.0416
/kaggle/input/datasets/duc24kdl/sub-x-ray/sub_X-Ray/sub_NIH/00001483_021.png,,sub_NIH,00001483_021.png,ok,512x512 -> 1024x1024,2,1,337.36,39.6059,7.12009,2.66835,0.9871,0.9984,0.0625,7.6404,39.9711,6.545843,2.558484,0.9889,0.9986,0.0862,0.0862,0.0862,7.5487,119.5208,49.5892,119.5208,49.5892,0.536,39.9711,0.9889,6.545843,2.558484,0.3652,0.0002,-0.0237,0.0917
/kaggle/input/datasets/duc24kdl/sub-x-ray/sub_X-Ray/sub_NIH/00001483_023.png,,sub_NIH,00001483_023.png,ok,512x512 -> 1024x1024,2,1,339.96,37.8677,10.624479,3.259521,0.9836,0.9982,0.0767,7.7567,38.2543,9.71971,3.117645,0.9853,0.9984,0.0978,0.0978,0.0978,7.4642,109.7395,65.438,109.7395,65.438,0.5249,38.2543,0.9853,9.71971,3.117645,0.3865,0.0002,-0.0212,0.2925
/kaggle/input/datasets/duc24kdl/sub-x-ray/sub_X-Ray/sub_NIH/00001484_001.png,,sub_NIH,00001484_001.png,ok,512x512 -> 1024x1024,2,1,344.1,41.9423,4.157677,2.039038,0.9555,0.9961,0.1495,6.5315,42.1934,3.924109,1.980936,0.9578,0.9964,0.1654,0.1654,0.1654,6.4994,122.3729,74.4255,122.3729,74.4255,0.3609,42.1934,0.9578,3.924109,1.980936,0.2511,0.0003,-0.0159,0.0321
/kaggle/input/datasets/duc24kdl/sub-x-ray/sub_X-Ray/sub_NIH/00001485_001.png,,sub_NIH,00001485_001.png,ok,512x512 -> 1024x1024,2,1,342.9,43.3511,3.005875,1.733746,0.9868,0.9985,0.0493,6.909,43.3777,2.987503,1.728439,0.9885,0.9987,0.0641,0.0641,0.0641,6.9061,147.0915,56.6034,147.0915,56.6034,0.5152,43.3777,0.9885,2.987503,1.728439,0.0266,0.0002,-0.0149,0.0029
/kaggle/input/datasets/duc24kdl/sub-x-ray/sub_X-Ray/sub_NIH/00001486_000.png,,sub_NIH,00001486_000.png,ok,512x512 -> 1024x1024,2,1,345.9,46.8475,1.343784,1.159217,0.9836,0.9981,0.0691,7.0048,47.444,1.171343,1.082286,0.9857,0.9984,0.0876,0.0876,0.0876,6.9168,170.8594,40.2727,170.8594,40.2727,0.4409,47.444,0.9857,1.171343,1.082286,0.5965,0.0003,-0.0185,0.0879
/kaggle/input/datasets/duc24kdl/sub-x-ray/sub_X-Ray/sub_NIH/00001491_000.png,,sub_NIH,00001491_000.png,ok,512x512 -> 1024x1024,2,1,343.52,45.335,1.903638,1.379724,0.9827,0.9981,0.0712,6.869,45.8748,1.681145,1.29659,0.9849,0.9984,0.0886,0.0886,0.0886,6.8374,165.1496,46.9018,165.1496,46.9018,0.493,45.8748,0.9849,1.681145,1.29659,0.5398,0.0003,-0.0175,0.0316
/kaggle/input/datasets/duc24kdl/sub-x-ray/sub_X-Ray/sub_NIH/00001495_002.png,,sub_NIH,00001495_002.png,ok,512x512 -> 1024x1024,2,1,343.79,41.9675,4.133635,2.033134,0.9663,0.9969,0.1298,6.4683,42.2273,3.893567,1.973212,0.9683,0.9972,0.148,0.148,0.148,6.5409,107.7741,72.6508,107.7741,72.6508,0.3769,42.2273,0.9683,3.893567,1.973212,0.2598,0.0003,-0.0182,-0.0727
/kaggle/input/datasets/duc24kdl/sub-x-ray/sub_X-Ray/sub_NIH/00001496_002.png,,sub_NIH,00001496_002.png,ok,512x512 -> 1024x1024,2,1,343.06,38.0826,10.111717,3.179893,0.9859,0.9984,0.0592,6.6276,38.3237,9.56564,3.092837,0.9877,0.9986,0.0717,0.0717,0.0717,6.6189,168.7801,56.5352,168.7801,56.5352,0.4773,38.3237,0.9877,9.56564,3.092837,0.2411,0.0003,-0.0125,0.0087
/kaggle/input/datasets/duc24kdl/sub-x-ray/sub_X-Ray/sub_NIH/00001498_000.png,,sub_NIH,00001498_000.png,ok,512x512 -> 1024x1024,2,1,335.84,42.6954,3.495773,1.869699,0.9586,0.9963,0.1464,6.5106,42.9402,3.304184,1.817741,0.9607,0.9966,0.1657,0.1657,0.1657,6.5638,124.8283,72.2781,124.8283,72.2781,0.3407,42.9402,0.9607,3.304184,1.817741,0.2448,0.0003,-0.0193,-0.0532
/kaggle/input/datasets/duc24kdl/sub-x-ray/sub_X-Ray/sub_NIH/00001499_000.png,,sub_NIH,00001499_000.png,ok,512x512 -> 1024x1024,2,1,343.63,43.5398,2.878096,1.696495,0.9843,0.9982,0.0568,6.5127,43.7658,2.732121,1.652913,0.9862,0.9985,0.0716,0.0716,0.0716,6.5625,147.6852,62.9396,147.6852,62.9396,0.5234,43.7658,0.9862,2.732121,1.652913,0.2261,0.0003,-0.0149,-0.0499
/kaggle/input/datasets/duc24kdl/sub-x-ray/sub_X-Ray/sub_NIH/00001500_002.png,,sub_NIH,00001500_002.png,ok,512x512 -> 1024x1024,2,1,342.97,42.698,3.493629,1.869125,0.9586,0.9963,0.1669,6.9368,42.9514,3.295664,1.815396,0.9608,0.9966,0.1888,0.1888,0.1888,6.8703,136.7925,60.9377,136.7925,60.9377,0.3415,42.9514,0.9608,3.295664,1.815396,0.2533,0.0003,-0.0219,0.0665
/kaggle/input/datasets/duc24kdl/sub-x-ray/sub_X-Ray/sub_NIH/00001501_007.png,,sub_NIH,00001501_007.png,ok,512x512 -> 1024x1024,2,1,342.82,46.8917,1.330189,1.153338,0.9862,0.9983,0.0602,7.3233,47.4702,1.164294,1.079025,0.9881,0.9985,0.0779,0.0779,0.0779,7.0521,161.9368,50.9772,161.9368,50.9772,0.4741,47.4702,0.9881,1.164294,1.079025,0.5785,0.0003,-0.0177,0.2713
/kaggle/input/datasets/duc24kdl/sub-x-ray/sub_X-Ray/sub_NIH/00001504_007.png,,sub_NIH,00001504_007.png,ok,512x512 -> 1024x1024,2,1,341.7,42.0629,4.043763,2.010911,0.9611,0.9965,0.1388,6.3765,42.3505,3.784717,1.945435,0.9633,0.9968,0.1587,0.1587,0.1587,6.4232,117.0861,67.1116,117.0861,67.1116,0.3828,42.3505,0.9633,3.784717,1.945435,0.2875,0.0003,-0.0199,-0.0467
/kaggle/input/datasets/duc24kdl/sub-x-ray/sub_X-Ray/sub_NIH/00001504_010.png,,sub_NIH,00001504_010.png,ok,512x512 -> 1024x1024,2,1,340.53,42.7285,3.469224,1.862585,0.9624,0.9966,0.139,6.5288,42.9865,3.269109,1.808068,0.9646,0.9969,0.1604,0.1604,0.1604,6.4424,133.1787,62.9597,133.1787,62.9597,0.3626,42.9865,0.9646,3.269109,1.808068,0.258,0.0003,-0.0214,0.0864
/kaggle/input/datasets/duc24kdl/sub-x-ray/sub_X-Ray/sub_NIH/00001504_012.png,,sub_NIH,00001504_012.png,ok,512x512 -> 1024x1024,2,1,341.08,42.7512,3.451105,1.857715,0.9635,0.9967,0.1355,6.6317,43.0167,3.246443,1.801789,0.9656,0.997,0.157,0.157,0.157,6.5335,130.5672,63.2541,130.5672,63.2541,0.3625,43.0167,0.9656,3.246443,1.801789,0.2655,0.0003,-0.0214,0.0983
/kaggle/input/datasets/duc24kdl/sub-x-ray/sub_X-Ray/sub_NIH/00001504_015.png,,sub_NIH,00001504_015.png,ok,512x512 -> 1024x1024,2,1,342.7,42.4873,3.667372,1.915038,0.9613,0.9965,0.1404,6.5099,42.7487,3.453104,1.858253,0.9635,0.9968,0.1605,0.1605,0.1605,6.4208,112.8794,65.4083,112.8794,65.4083,0.3578,42.7487,0.9635,3.453104,1.858253,0.2615,0.0003,-0.0201,0.0891
/kaggle/input/datasets/duc24kdl/sub-x-ray/sub_X-Ray/sub_NIH/00001515_000.png,,sub_NIH,00001515_000.png,ok,512x512 -> 1024x1024,2,1,347.33,36.0851,16.016504,4.002063,0.9793,0.9979,0.0816,6.7242,36.3044,15.228051,3.902314,0.9814,0.9981,0.098,0.098,0.098,6.8362,171.5269,60.0163,171.5269,60.0163,0.4821,36.3044,0.9814,15.228051,3.902314,0.2192,0.0003,-0.0164,-0.112
/kaggle/input/datasets/duc24kdl/sub-x-ray/sub_X-Ray/sub_NIH/00001517_004.png,,sub_NIH,00001517_004.png,ok,512x512 -> 1024x1024,2,1,339.75,37.5627,11.397594,3.376032,0.9866,0.9985,0.0571,7.7222,37.9474,10.431307,3.229753,0.9883,0.9987,0.0744,0.0744,0.0744,7.517,144.2501,67.1436,144.2501,67.1436,0.459,37.9474,0.9883,10.431307,3.229753,0.3847,0.0002,-0.0172,0.2052
/kaggle/input/datasets/duc24kdl/sub-x-ray/sub_X-Ray/sub_NIH/00001517_011.png,,sub_NIH,00001517_011.png,ok,512x512 -> 1024x1024,2,1,342.27,36.7983,13.591004,3.686598,0.9831,0.9981,0.0628,6.0438,37.0676,12.773739,3.574037,0.9852,0.9984,0.0767,0.0767,0.0767,6.3865,133.7827,60.7487,133.7827,60.7487,0.5524,37.0676,0.9852,12.773739,3.574037,0.2693,0.0003,-0.014,-0.3428
/kaggle/input/datasets/duc24kdl/sub-x-ray/sub_X-Ray/sub_NIH/00001517_013.png,,sub_NIH,00001517_013.png,ok,512x512 -> 1024x1024,2,1,342.54,35.7241,17.404721,4.171897,0.9848,0.9982,0.0726,6.8974,36.0199,16.258929,4.032236,0.9864,0.9984,0.0906,0.0906,0.0906,6.9742,145.4818,59.6457,145.4818,59.6457,0.508,36.0199,0.9864,16.258929,4.032236,0.2958,0.0002,-0.018,-0.0768
/kaggle/input/datasets/duc24kdl/sub-x-ray/sub_X-Ray/sub_NIH/00001525_001.png,,sub_NIH,00001525_001.png,ok,512x512 -> 1024x1024,2,1,342.35,37.5378,11.46298,3.385702,0.9835,0.9982,0.072,7.2559,37.8183,10.746021,3.278112,0.9853,0.9985,0.089,0.089,0.089,7.059,166.4255,51.0772,166.4255,51.0772,0.4698,37.8183,0.9853,10.746021,3.278112,0.2805,0.0002,-0.0169,0.197
/kaggle/input/datasets/duc24kdl/sub-x-ray/sub_X-Ray/sub_NIH/00001526_000.png,,sub_NIH,00001526_000.png,ok,512x512 -> 1024x1024,2,1,340.87,46.8986,1.328055,1.152413,0.9889,0.9985,0.0466,8.1936,47.4771,1.162432,1.078161,0.9906,0.9988,0.0661,0.0661,0.0661,7.6896,153.6939,53.0794,153.6939,53.0794,0.4847,47.4771,0.9906,1.162432,1.078161,0.5785,0.0002,-0.0195,0.504
/kaggle/input/datasets/duc24kdl/sub-x-ray/sub_X-Ray/sub_NIH/00001526_008.png,,sub_NIH,00001526_008.png,ok,512x512 -> 1024x1024,2,1,342.09,39.3912,7.481089,2.735158,0.9872,0.9984,0.0429,6.7802,39.9645,6.55587,2.560443,0.9889,0.9986,0.0563,0.0563,0.0563,6.8202,149.8934,62.7675,149.8934,62.7675,0.6319,39.9645,0.9889,6.55587,2.560443,0.5733,0.0002,-0.0134,-0.0401
/kaggle/input/datasets/duc24kdl/sub-x-ray/sub_X-Ray/sub_NIH/00001528_000.png,,sub_NIH,00001528_000.png,ok,512x512 -> 1024x1024,2,1,344.13,39.0712,8.053025,2.837785,0.9795,0.9978,0.0961,8.138,39.2864,7.663815,2.76836,0.9813,0.998,0.1217,0.1217,0.1217,7.9934,132.9772,38.7971,132.9772,38.7971,0.5169,39.2864,0.9813,7.663815,2.76836,0.2151,0.0002,-0.0256,0.1446
/kaggle/input/datasets/duc24kdl/sub-x-ray/sub_X-Ray/sub_NIH/00001528_002.png,,sub_NIH,00001528_002.png,ok,512x512 -> 1024x1024,2,1,342.96,39.2868,7.662955,2.768204,0.9835,0.9981,0.081,7.8766,39.4344,7.407009,2.721582,0.9852,0.9983,0.105,0.105,0.105,7.4492,137.5214,43.8744,137.5214,43.8744,0.4238,39.4344,0.9852,7.407009,2.721582,0.1475,0.0002,-0.024,0.4275
/kaggle/input/datasets/duc24kdl/sub-x-ray/sub_X-Ray/sub_NIH/00001528_004.png,,sub_NIH,00001528_004.png,ok,512x512 -> 1024x1024,2,1,340.74,38.0005,10.304531,3.210067,0.9879,0.9984,0.0632,7.7348,38.2225,9.791067,3.129068,0.9895,0.9987,0.0847,0.0847,0.0847,7.8418,156.027,39.0075,156.027,39.0075,0.4897,38.2225,0.9895,9.791067,3.129068,0.222,0.0002,-0.0215,-0.107
/kaggle/input/datasets/duc24kdl/sub-x-ray/sub_X-Ray/sub_NIH/00001532_000.png,,sub_NIH,00001532_000.png,ok,512x512 -> 1024x1024,2,1,346.41,45.5705,1.803129,1.342807,0.9846,0.9983,0.0673,7.1761,46.1363,1.582878,1.258125,0.9866,0.9985,0.0834,0.0834,0.0834,7.0677,159.2495,53.54,159.2495,53.54,0.5121,46.1363,0.9866,1.582878,1.258125,0.5658,0.0003,-0.016,0.1085
/kaggle/input/datasets/duc24kdl/sub-x-ray/sub_X-Ray/sub_NIH/00001534_006.png,,sub_NIH,00001534_006.png,ok,512x512 -> 1024x1024,2,1,339.53,42.0368,4.068157,2.016967,0.9554,0.9959,0.1628,6.866,42.3104,3.819794,1.954429,0.9576,0.9962,0.1827,0.1827,0.1827,6.6848,128.3006,67.8754,128.3006,67.8754,0.3733,42.3104,0.9576,3.819794,1.954429,0.2736,0.0003,-0.0199,0.1812
/kaggle/input/datasets/duc24kdl/sub-x-ray/sub_X-Ray/sub_NIH/00001540_000.png,,sub_NIH,00001540_000.png,ok,512x512 -> 1024x1024,2,1,341.01,46.257,1.539516,1.240772,0.9844,0.9982,0.0633,6.8087,46.7968,1.359553,1.165999,0.9865,0.9985,0.0775,0.0775,0.0775,6.8398,159.5527,53.1884,159.5527,53.1884,0.4753,46.7968,0.9865,1.359553,1.165999,0.5399,0.0003,-0.0143,-0.0311
/kaggle/input/datasets/duc24kdl/sub-x-ray/sub_X-Ray/sub_NIH/00001540_001.png,,sub_NIH,00001540_001.png,ok,512x512 -> 1024x1024,2,1,343.0,47.2379,1.22826,1.108269,0.9852,0.9983,0.0643,7.0466,47.8759,1.060454,1.029784,0.9873,0.9986,0.0812,0.0812,0.0812,6.8952,155.0834,46.6369,155.0834,46.6369,0.4551,47.8759,0.9873,1.060454,1.029784,0.638,0.0003,-0.0169,0.1513
/kaggle/input/datasets/duc24kdl/sub-x-ray/sub_X-Ray/sub_NIH/00001543_007.png,,sub_NIH,00001543_007.png,ok,512x512 -> 1024x1024,2,1,340.76,35.6329,17.774337,4.215962,0.9888,0.9985,0.0485,6.7678,35.9653,16.464542,4.057652,0.9904,0.9988,0.0626,0.0626,0.0626,6.9335,152.6136,59.444,152.6136,59.444,0.5102,35.9653,0.9904,16.464542,4.057652,0.3324,0.0003,-0.014,-0.1657
/kaggle/input/datasets/duc24kdl/sub-x-ray/sub_X-Ray/sub_NIH/00001543_008.png,,sub_NIH,00001543_008.png,ok,512x512 -> 1024x1024,2,1,344.45,41.1817,4.953451,2.225635,0.9546,0.9959,0.1578,6.7226,41.4773,4.627584,2.151182,0.9571,0.9963,0.1776,0.1776,0.1776,6.7079,128.8701,65.5766,128.8701,65.5766,0.4143,41.4773,0.9571,4.627584,2.151182,0.2955,0.0003,-0.0198,0.0147
/kaggle/input/datasets/duc24kdl/sub-x-ray/sub_X-Ray/sub_NIH/00001545_000.png,,sub_NIH,00001545_000.png,ok,512x512 -> 1024x1024,2,1,341.15,46.5202,1.448981,1.203736,0.9853,0.9982,0.0592,6.9056,47.097,1.268777,1.1264,0.9873,0.9985,0.0761,0.0761,0.0761,6.7547,148.207,55.1095,148.207,55.1095,0.4815,47.097,0.9873,1.268777,1.1264,0.5768,0.0003,-0.0169,0.1509
/kaggle/input/datasets/duc24kdl/sub-x-ray/sub_X-Ray/sub_NIH/00001547_001.png,,sub_NIH,00001547_001.png,ok,512x512 -> 1024x1024,2,1,343.37,42.695,3.496112,1.869789,0.9695,0.9972,0.1113,6.0929,42.9538,3.293827,1.81489,0.9714,0.9975,0.1287,0.1287,0.1287,6.2805,117.1279,71.2437,117.1279,71.2437,0.3828,42.9538,0.9714,3.293827,1.81489,0.2588,0.0002,-0.0174,-0.1877
/kaggle/input/datasets/duc24kdl/sub-x-ray/sub_X-Ray/sub_NIH/00001547_003.png,,sub_NIH,00001547_003.png,ok,512x512 -> 1024x1024,2,1,345.16,38.0917,10.090469,3.17655,0.986,0.9984,0.0547,6.5056,38.3297,9.552249,3.090671,0.9878,0.9986,0.0659,0.0659,0.0659,6.5053,170.3009,61.9469,170.3009,61.9469,0.4642,38.3297,0.9878,9.552249,3.090671,0.2381,0.0003,-0.0112,0.0003
/kaggle/input/datasets/duc24kdl/sub-x-ray/sub_X-Ray/sub_NIH/00001549_002.png,,sub_NIH,00001549_002.png,ok,512x512 -> 1024x1024,2,1,340.25,36.4714,14.653486,3.827987,0.9857,0.9982,0.0704,6.9371,36.7372,13.783678,3.712638,0.9875,0.9984,0.0928,0.0928,0.0928,7.0314,107.1914,57.1069,107.1914,57.1069,0.6572,36.7372,0.9875,13.783678,3.712638,0.2658,0.0002,-0.0224,-0.0944
/kaggle/input/datasets/duc24kdl/sub-x-ray/sub_X-Ray/sub_NIH/00001549_006.png,,sub_NIH,00001549_006.png,ok,512x512 -> 1024x1024,2,1,347.68,35.4224,18.657118,4.319389,0.9759,0.9974,0.1137,6.8356,35.7541,17.285101,4.157535,0.9781,0.9977,0.139,0.139,0.139,6.7845,126.7332,46.6039,126.7332,46.6039,0.6166,35.7541,0.9781,17.285101,4.157535,0.3317,0.0003,-0.0252,0.0511
/kaggle/input/datasets/duc24kdl/sub-x-ray/sub_X-Ray/sub_NIH/00001549_018.png,,sub_NIH,00001549_018.png,ok,512x512 -> 1024x1024,2,1,339.77,36.6316,14.122623,3.758008,0.9827,0.998,0.0921,7.9443,36.8595,13.40067,3.660693,0.9845,0.9982,0.1198,0.1198,0.1198,7.6324,106.6122,54.0745,106.6122,54.0745,0.6451,36.8595,0.9845,13.40067,3.660693,0.2279,0.0002,-0.0277,0.3119
/kaggle/input/datasets/duc24kdl/sub-x-ray/sub_X-Ray/sub_NIH/00001549_023.png,,sub_NIH,00001549_023.png,ok,512x512 -> 1024x1024,2,1,346.16,34.7314,21.874804,4.677051,0.9732,0.9971,0.116,6.214,34.9535,20.784203,4.55897,0.9753,0.9974,0.1385,0.1385,0.1385,6.3494,118.292,46.524,118.292,46.524,0.593,34.9535,0.9753,20.784203,4.55897,0.2221,0.0003,-0.0225,-0.1354
/kaggle/input/datasets/duc24kdl/sub-x-ray/sub_X-Ray/sub_NIH/00001549_024.png,,sub_NIH,00001549_024.png,ok,512x512 -> 1024x1024,2,1,345.39,35.4663,18.469129,4.297572,0.9713,0.9971,0.1142,6.2742,35.7854,17.160781,4.142557,0.9737,0.9975,0.1325,0.1325,0.1325,6.4989,121.5741,50.8587,121.5741,50.8587,0.6111,35.7854,0.9737,17.160781,4.142557,0.3191,0.0003,-0.0183,-0.2247
/kaggle/input/datasets/duc24kdl/sub-x-ray/sub_X-Ray/sub_NIH/00001551_000.png,,sub_NIH,00001551_000.png,ok,512x512 -> 1024x1024,2,1,335.52,38.8211,8.530342,2.920675,0.9864,0.9985,0.0528,6.1154,39.2631,7.70504,2.775795,0.9881,0.9987,0.0646,0.0646,0.0646,6.1396,114.4646,81.2799,114.4646,81.2799,0.6019,39.2631,0.9881,7.70504,2.775795,0.4419,0.0002,-0.0118,-0.0242
/kaggle/input/datasets/duc24kdl/sub-x-ray/sub_X-Ray/sub_NIH/00001551_001.png,,sub_NIH,00001551_001.png,ok,512x512 -> 1024x1024,2,1,345.52,43.0426,3.227146,1.796426,0.9735,0.9975,0.1019,6.4373,43.3768,2.988136,1.728623,0.9754,0.9978,0.1211,0.1211,0.1211,6.3345,93.1033,58.5038,93.1033,58.5038,0.4403,43.3768,0.9754,2.988136,1.728623,0.3342,0.0003,-0.0192,0.1028
/kaggle/input/datasets/duc24kdl/sub-x-ray/sub_X-Ray/sub_NIH/00001555_000.png,,sub_NIH,00001555_000.png,ok,512x512 -> 1024x1024,2,1,343.31,39.9423,6.589461,2.566995,0.9619,0.9965,0.1282,6.4181,40.181,6.237034,2.497405,0.9643,0.9969,0.1449,0.1449,0.1449,6.3092,88.2356,64.377,88.2356,64.377,0.3758,40.181,0.9643,6.237034,2.497405,0.2387,0.0003,-0.0167,0.1089
/kaggle/input/datasets/duc24kdl/sub-x-ray/sub_X-Ray/sub_NIH/00001555_002.png,,sub_NIH,00001555_002.png,ok,512x512 -> 1024x1024,2,1,346.01,43.7059,2.770078,1.664355,0.9735,0.9972,0.0941,6.9235,44.1818,2.48257,1.575617,0.9761,0.9975,0.1172,0.1172,0.1172,6.8388,104.1782,36.8381,104.1782,36.8381,0.4639,44.1818,0.9761,2.48257,1.575617,0.4759,0.0004,-0.0231,0.0847
/kaggle/input/datasets/duc24kdl/sub-x-ray/sub_X-Ray/sub_NIH/00001555_004.png,,sub_NIH,00001555_004.png,ok,512x512 -> 1024x1024,2,1,347.27,36.8543,13.41672,3.662884,0.9669,0.997,0.1164,6.2059,37.0955,12.692083,3.562595,0.969,0.9973,0.133,0.133,0.133,6.1021,93.2909,65.3052,93.2909,65.3052,0.516,37.0955,0.969,12.692083,3.562595,0.2411,0.0003,-0.0166,0.1038
/kaggle/input/datasets/duc24kdl/sub-x-ray/sub_X-Ray/sub_NIH/00001558_008.png,,sub_NIH,00001558_008.png,ok,512x512 -> 1024x1024,2,1,344.47,37.2599,12.220557,3.495791,0.9833,0.998,0.0781,6.7499,37.5613,11.401269,3.376576,0.9852,0.9983,0.1008,0.1008,0.1008,6.8925,121.8978,52.4354,121.8978,52.4354,0.4904,37.5613,0.9852,11.401269,3.376576,0.3014,0.0002,-0.0228,-0.1427
/kaggle/input/datasets/duc24kdl/sub-x-ray/sub_X-Ray/sub_NIH/00001558_011.png,,sub_NIH,00001558_011.png,ok,512x512 -> 1024x1024,2,1,342.8,34.8807,21.135411,4.597327,0.9809,0.9977,0.0937,7.3644,35.1806,19.725331,4.441321,0.9827,0.9979,0.1212,0.1212,0.1212,7.3714,118.1934,39.7003,118.1934,39.7003,0.5433,35.1806,0.9827,19.725331,4.441321,0.2999,0.0002,-0.0276,-0.0071
/kaggle/input/datasets/duc24kdl/sub-x-ray/sub_X-Ray/sub_NIH/00001558_019.png,,sub_NIH,00001558_019.png,ok,512x512 -> 1024x1024,2,1,342.09,36.316,15.187332,3.897093,0.9863,0.9982,0.0625,6.8893,36.6498,14.063776,3.75017,0.9881,0.9985,0.0819,0.0819,0.0819,6.8761,121.3905,52.9532,121.3905,52.9532,0.5209,36.6498,0.9881,14.063776,3.75017,0.3338,0.0003,-0.0194,0.0132
/kaggle/input/datasets/duc24kdl/sub-x-ray/sub_X-Ray/sub_NIH/00001558_023.png,,sub_NIH,00001558_023.png,ok,512x512 -> 1024x1024,2,1,346.51,36.8638,13.387637,3.658912,0.9849,0.9981,0.0713,7.7519,37.2286,12.309003,3.508419,0.9867,0.9984,0.097,0.097,0.097,7.6558,115.0576,50.3571,115.0576,50.3571,0.5378,37.2286,0.9867,12.309003,3.508419,0.3648,0.0002,-0.0257,0.0961
/kaggle/input/datasets/duc24kdl/sub-x-ray/sub_X-Ray/sub_NIH/00001558_028.png,,sub_NIH,00001558_028.png,ok,512x512 -> 1024x1024,2,1,345.67,34.4525,23.325236,4.829621,0.9848,0.9981,0.0715,7.2966,34.7754,21.654145,4.653401,0.9865,0.9984,0.0924,0.0924,0.0924,7.1526,121.6319,58.0199,121.6319,58.0199,0.5578,34.7754,0.9865,21.654145,4.653401,0.3229,0.0002,-0.0209,0.1441
/kaggle/input/datasets/duc24kdl/sub-x-ray/sub_X-Ray/sub_NIH/00001558_030.png,,sub_NIH,00001558_030.png,ok,512x512 -> 1024x1024,2,1,337.83,35.326,19.075842,4.36759,0.985,0.9982,0.0746,6.6508,35.6298,17.786956,4.217458,0.9867,0.9984,0.0952,0.0952,0.0952,6.753,112.7228,62.1611,112.7228,62.1611,0.5183,35.6298,0.9867,17.786956,4.217458,0.3038,0.0002,-0.0206,-0.1021
/kaggle/input/datasets/duc24kdl/sub-x-ray/sub_X-Ray/sub_NIH/00001558_038.png,,sub_NIH,00001558_038.png,ok,512x512 -> 1024x1024,2,1,343.59,35.1494,19.867596,4.457308,0.9834,0.9981,0.0781,7.2724,35.4542,18.520947,4.303597,0.9852,0.9983,0.1007,0.1007,0.1007,7.3028,121.0561,53.2208,121.0561,53.2208,0.5636,35.4542,0.9852,18.520947,4.303597,0.3048,0.0002,-0.0226,-0.0304
/kaggle/input/datasets/duc24kdl/sub-x-ray/sub_X-Ray/sub_NIH/00001559_001.png,,sub_NIH,00001559_001.png,ok,512x512 -> 1024x1024,2,1,342.6,41.4649,4.640769,2.154244,0.961,0.9965,0.1485,6.6319,41.7175,4.378596,2.092509,0.9629,0.9968,0.1706,0.1706,0.1706,6.6444,133.8133,69.6244,133.8133,69.6244,0.37,41.7175,0.9629,4.378596,2.092509,0.2526,0.0003,-0.0221,-0.0125
/kaggle/input/datasets/duc24kdl/sub-x-ray/sub_X-Ray/sub_NIH/00001561_003.png,,sub_NIH,00001561_003.png,ok,512x512 -> 1024x1024,2,1,341.58,43.4676,2.92631,1.710646,0.9851,0.9983,0.0543,6.0569,44.0138,2.580495,1.606392,0.9871,0.9986,0.0688,0.0688,0.0688,6.1292,147.3676,61.7498,147.3676,61.7498,0.5647,44.0138,0.9871,2.580495,1.606392,0.5462,0.0003,-0.0146,-0.0723
/kaggle/input/datasets/duc24kdl/sub-x-ray/sub_X-Ray/sub_NIH/00001567_001.png,,sub_NIH,00001567_001.png,ok,512x512 -> 1024x1024,2,1,343.69,46.064,1.609467,1.268648,0.9834,0.9981,0.0675,6.9784,46.4251,1.481038,1.216979,0.9855,0.9984,0.086,0.086,0.086,6.8242,153.1176,50.5491,153.1176,50.5491,0.4503,46.4251,0.9855,1.481038,1.216979,0.3612,0.0003,-0.0184,0.1542
/kaggle/input/datasets/duc24kdl/sub-x-ray/sub_X-Ray/sub_NIH/00001568_001.png,,sub_NIH,00001568_001.png,ok,512x512 -> 1024x1024,2,1,341.32,37.9555,10.411927,3.226752,0.9913,0.9987,0.0425,8.3772,38.1828,9.881057,3.143415,0.9927,0.9989,0.0591,0.0591,0.0591,8.1436,155.0131,51.7677,155.0131,51.7677,0.5033,38.1828,0.9927,9.881057,3.143415,0.2273,0.0002,-0.0166,0.2336
/kaggle/input/datasets/duc24kdl/sub-x-ray/sub_X-Ray/sub_NIH/00001568_003.png,,sub_NIH,00001568_003.png,ok,512x512 -> 1024x1024,2,1,345.09,37.1399,12.56278,3.544401,0.9905,0.9986,0.0458,9.059,37.3495,11.970929,3.459903,0.9918,0.9989,0.0645,0.0645,0.0645,8.5544,165.6458,44.8215,165.6458,44.8215,0.5171,37.3495,0.9918,11.970929,3.459903,0.2096,0.0002,-0.0187,0.5045
/kaggle/input/datasets/duc24kdl/sub-x-ray/sub_X-Ray/sub_NIH/00001568_006.png,,sub_NIH,00001568_006.png,ok,512x512 -> 1024x1024,2,1,339.74,38.9426,8.295096,2.880121,0.9848,0.9983,0.074,7.7586,39.203,7.81233,2.795055,0.9866,0.9985,0.0966,0.0966,0.0966,7.5164,112.021,60.1437,112.021,60.1437,0.4774,39.203,0.9866,7.81233,2.795055,0.2604,0.0002,-0.0226,0.2422
/kaggle/input/datasets/duc24kdl/sub-x-ray/sub_X-Ray/sub_NIH/00001569_000.png,,sub_NIH,00001569_000.png,ok,512x512 -> 1024x1024,2,1,340.92,36.3748,14.982944,3.870781,0.9754,0.9975,0.1024,6.7943,36.705,13.886176,3.726416,0.9778,0.9978,0.1225,0.1225,0.1225,6.7955,132.8465,55.0933,132.8465,55.0933,0.5703,36.705,0.9778,13.886176,3.726416,0.3301,0.0003,-0.0201,-0.0011
/kaggle/input/datasets/duc24kdl/sub-x-ray/sub_X-Ray/sub_NIH/00001569_001.png,,sub_NIH,00001569_001.png,ok,512x512 -> 1024x1024,2,1,343.6,44.759,2.173613,1.474318,0.9768,0.9975,0.0867,7.0576,45.2219,1.953852,1.397803,0.979,0.9978,0.1089,0.1089,0.1089,6.7869,105.8054,36.8632,105.8054,36.8632,0.4475,45.2219,0.979,1.953852,1.397803,0.4629,0.0003,-0.0223,0.2707
/kaggle/input/datasets/duc24kdl/sub-x-ray/sub_X-Ray/sub_NIH/00001569_002.png,,sub_NIH,00001569_002.png,ok,512x512 -> 1024x1024,2,1,345.41,42.2034,3.915053,1.978649,0.9632,0.9967,0.1409,6.8357,42.4683,3.68344,1.919229,0.9652,0.997,0.1593,0.1593,0.1593,6.7331,109.5822,68.5532,109.5822,68.5532,0.3797,42.4683,0.9652,3.68344,1.919229,0.2648,0.0003,-0.0184,0.1025
/kaggle/input/datasets/duc24kdl/sub-x-ray/sub_X-Ray/sub_NIH/00001574_000.png,,sub_NIH,00001574_000.png,ok,512x512 -> 1024x1024,2,1,343.07,46.537,1.443384,1.201409,0.9886,0.9986,0.0394,6.9445,47.0556,1.280919,1.131777,0.9902,0.9988,0.0517,0.0517,0.0517,6.8925,162.4603,58.2963,162.4603,58.2963,0.5142,47.0556,0.9902,1.280919,1.131777,0.5186,0.0002,-0.0123,0.0519
/kaggle/input/datasets/duc24kdl/sub-x-ray/sub_X-Ray/sub_NIH/00001577_000.png,,sub_NIH,00001577_000.png,ok,512x512 -> 1024x1024,2,1,339.29,44.9446,2.082673,1.443147,0.9794,0.9978,0.091,7.1761,45.3813,1.883423,1.372379,0.9813,0.9981,0.1204,0.1204,0.1204,6.9827,102.0999,41.4705,102.0999,41.4705,0.4603,45.3813,0.9813,1.883423,1.372379,0.4367,0.0002,-0.0294,0.1934
/kaggle/input/datasets/duc24kdl/sub-x-ray/sub_X-Ray/sub_NIH/00001578_000.png,,sub_NIH,00001578_000.png,ok,512x512 -> 1024x1024,2,1,342.47,41.4751,4.629864,2.151712,0.9621,0.9966,0.1341,6.3803,41.6619,4.434953,2.105933,0.9642,0.9968,0.1541,0.1541,0.1541,6.3382,133.9027,68.6794,133.9027,68.6794,0.392,41.6619,0.9642,4.434953,2.105933,0.1868,0.0003,-0.02,0.0422
/kaggle/input/datasets/duc24kdl/sub-x-ray/sub_X-Ray/sub_NIH/00001581_000.png,,sub_NIH,00001581_000.png,ok,512x512 -> 1024x1024,2,1,344.42,41.925,4.174297,2.04311,0.9839,0.9982,0.064,6.882,42.5435,3.620152,1.90267,0.986,0.9985,0.0796,0.0796,0.0796,6.8427,176.2711,41.7797,176.2711,41.7797,0.4073,42.5435,0.986,3.620152,1.90267,0.6186,0.0003,-0.0156,0.0393
/kaggle/input/datasets/duc24kdl/sub-x-ray/sub_X-Ray/sub_NIH/00001581_001.png,,sub_NIH,00001581_001.png,ok,512x512 -> 1024x1024,2,1,340.0,36.5884,14.264056,3.776778,0.9848,0.9982,0.069,6.2458,36.8184,13.528197,3.67807,0.9867,0.9985,0.0824,0.0824,0.0824,6.3821,179.1585,49.378,179.1585,49.378,0.4933,36.8184,0.9867,13.528197,3.67807,0.23,0.0003,-0.0135,-0.1364
/kaggle/input/datasets/duc24kdl/sub-x-ray/sub_X-Ray/sub_NIH/00001582_000.png,,sub_NIH,00001582_000.png,ok,512x512 -> 1024x1024,2,1,342.36,39.1098,7.981848,2.825217,0.9845,0.9982,0.0723,7.5706,39.4198,7.431848,2.726142,0.9863,0.9985,0.0925,0.0925,0.0925,7.3,134.4207,51.7076,134.4207,51.7076,0.5085,39.4198,0.9863,7.431848,2.726142,0.3101,0.0002,-0.0202,0.2706
/kaggle/input/datasets/duc24kdl/sub-x-ray/sub_X-Ray/sub_NIH/00001582_010.png,,sub_NIH,00001582_010.png,ok,512x512 -> 1024x1024,2,1,341.02,38.7445,8.682293,2.946573,0.9841,0.9982,0.0754,7.0088,38.9959,8.193935,2.862505,0.9859,0.9985,0.0947,0.0947,0.0947,6.7825,143.4508,39.695,143.4508,39.695,0.4699,38.9959,0.9859,8.193935,2.862505,0.2514,0.0003,-0.0193,0.2264
/kaggle/input/datasets/duc24kdl/sub-x-ray/sub_X-Ray/sub_NIH/00001582_019.png,,sub_NIH,00001582_019.png,ok,512x512 -> 1024x1024,2,1,342.63,41.7582,4.337673,2.082708,0.9656,0.9969,0.1209,6.4874,42.0726,4.034799,2.008681,0.9677,0.9972,0.1375,0.1375,0.1375,6.25,96.9081,65.8206,96.9081,65.8206,0.4355,42.0726,0.9677,4.034799,2.008681,0.3143,0.0003,-0.0166,0.2374
/kaggle/input/datasets/duc24kdl/sub-x-ray/sub_X-Ray/sub_NIH/00001582_020.png,,sub_NIH,00001582_020.png,ok,512x512 -> 1024x1024,2,1,343.16,42.6784,3.509425,1.873346,0.9705,0.9972,0.1159,6.8603,43.0787,3.200424,1.788973,0.9726,0.9975,0.1356,0.1356,0.1356,6.6478,97.8333,55.463,97.8333,55.463,0.4506,43.0787,0.9726,3.200424,1.788973,0.4003,0.0003,-0.0197,0.2125
/kaggle/input/datasets/duc24kdl/sub-x-ray/sub_X-Ray/sub_NIH/00001583_002.png,,sub_NIH,00001583_002.png,ok,512x512 -> 1024x1024,2,1,343.51,37.3846,11.874745,3.445975,0.9841,0.9982,0.0735,7.2975,37.7107,11.015703,3.318991,0.9861,0.9984,0.0942,0.0942,0.0942,7.409,113.1191,52.5064,113.1191,52.5064,0.4841,37.7107,0.9861,11.015703,3.318991,0.3261,0.0003,-0.0207,-0.1115
/kaggle/input/datasets/duc24kdl/sub-x-ray/sub_X-Ray/sub_NIH/00001583_011.png,,sub_NIH,00001583_011.png,ok,512x512 -> 1024x1024,2,1,342.59,38.3016,9.614464,3.10072,0.9671,0.9969,0.1278,6.4468,38.5423,9.096039,3.015964,0.9691,0.9972,0.1484,0.1484,0.1484,6.6021,98.4329,57.83,98.4329,57.83,0.4924,38.5423,0.9691,9.096039,3.015964,0.2407,0.0003,-0.0206,-0.1554
/kaggle/input/datasets/duc24kdl/sub-x-ray/sub_X-Ray/sub_NIH/00001584_002.png,,sub_NIH,00001584_002.png,ok,512x512 -> 1024x1024,2,1,339.36,43.4507,2.937697,1.713971,0.9776,0.9977,0.0886,6.6872,43.4982,2.905793,1.704639,0.9799,0.998,0.1052,0.1052,0.1052,6.7826,152.8225,49.2992,152.8225,49.2992,0.4766,43.4982,0.9799,2.905793,1.704639,0.0474,0.0003,-0.0166,-0.0955
/kaggle/input/datasets/duc24kdl/sub-x-ray/sub_X-Ray/sub_NIH/00001587_000.png,,sub_NIH,00001587_000.png,ok,512x512 -> 1024x1024,2,1,343.28,41.9525,4.147936,2.036648,0.9646,0.9968,0.1301,6.6011,42.2525,3.871029,1.967493,0.9668,0.9971,0.149,0.149,0.149,6.6335,121.0693,61.7974,121.0693,61.7974,0.4124,42.2525,0.9668,3.871029,1.967493,0.3001,0.0003,-0.019,-0.0324
/kaggle/input/datasets/duc24kdl/sub-x-ray/sub_X-Ray/sub_NIH/00001589_001.png,,sub_NIH,00001589_001.png,ok,512x512 -> 1024x1024,2,1,339.98,41.6289,4.468843,2.113964,0.9799,0.9978,0.0776,6.5197,42.1235,3.987815,1.996951,0.9823,0.9981,0.0942,0.0942,0.0942,6.5374,170.4698,46.9507,170.4698,46.9507,0.5975,42.1235,0.9823,3.987815,1.996951,0.4946,0.0003,-0.0167,-0.0178
/kaggle/input/datasets/duc24kdl/sub-x-ray/sub_X-Ray/sub_NIH/00001599_000.png,,sub_NIH,00001599_000.png,ok,512x512 -> 1024x1024,2,1,342.0,37.1447,12.549023,3.54246,0.981,0.998,0.0754,6.6768,37.5183,11.514678,3.393328,0.9831,0.9983,0.0893,0.0893,0.0893,6.6539,166.4628,59.5125,166.4628,59.5125,0.4813,37.5183,0.9831,11.514678,3.393328,0.3736,0.0003,-0.0139,0.0229
/kaggle/input/datasets/duc24kdl/sub-x-ray/sub_X-Ray/sub_NIH/00001600_001.png,,sub_NIH,00001600_001.png,ok,512x512 -> 1024x1024,2,1,337.38,38.4049,9.388428,3.064054,0.9836,0.9981,0.0801,7.3031,38.5152,9.152906,3.025377,0.9854,0.9984,0.1041,0.1041,0.1041,7.0951,144.6288,43.5477,144.6288,43.5477,0.4312,38.5152,0.9854,9.152906,3.025377,0.1103,0.0002,-0.0241,0.2081
/kaggle/input/datasets/duc24kdl/sub-x-ray/sub_X-Ray/sub_NIH/00001601_002.png,,sub_NIH,00001601_002.png,ok,512x512 -> 1024x1024,2,1,337.59,45.352,1.89618,1.377019,0.9808,0.9978,0.0784,7.6475,45.8148,1.704516,1.305571,0.9829,0.9981,0.1042,0.1042,0.1042,6.9947,105.8281,38.9839,105.8281,38.9839,0.4405,45.8148,0.9829,1.704516,1.305571,0.4628,0.0003,-0.0258,0.6528
/kaggle/input/datasets/duc24kdl/sub-x-ray/sub_X-Ray/sub_NIH/00001601_006.png,,sub_NIH,00001601_006.png,ok,512x512 -> 1024x1024,2,1,340.25,37.3736,11.904705,3.45032,0.9833,0.998,0.0866,7.317,37.7264,10.976023,3.313008,0.9852,0.9983,0.1143,0.1143,0.1143,7.1779,115.8638,43.4021,115.8638,43.4021,0.5358,37.7264,0.9852,10.976023,3.313008,0.3527,0.0002,-0.0276,0.1391
/kaggle/input/datasets/duc24kdl/sub-x-ray/sub_X-Ray/sub_NIH/00001601_011.png,,sub_NIH,00001601_011.png,ok,512x512 -> 1024x1024,2,1,342.04,36.1418,15.808824,3.976031,0.9777,0.9975,0.0897,6.6087,36.4354,14.775456,3.843886,0.98,0.9978,0.1098,0.1098,0.1098,6.7569,113.9897,46.1524,113.9897,46.1524,0.5932,36.4354,0.98,14.775456,3.843886,0.2936,0.0003,-0.0201,-0.1482
/kaggle/input/datasets/duc24kdl/sub-x-ray/sub_X-Ray/sub_NIH/00001603_001.png,,sub_NIH,00001603_001.png,ok,512x512 -> 1024x1024,2,1,342.27,42.5349,3.627361,1.904563,0.9633,0.9967,0.1363,6.5645,42.7878,3.422136,1.849902,0.9655,0.997,0.1557,0.1557,0.1557,6.5242,123.4521,64.8473,123.4521,64.8473,0.3585,42.7878,0.9655,3.422136,1.849902,0.2529,0.0003,-0.0194,0.0403
/kaggle/input/datasets/duc24kdl/sub-x-ray/sub_X-Ray/sub_NIH/00001606_002.png,,sub_NIH,00001606_002.png,ok,512x512 -> 1024x1024,2,1,337.73,44.8511,2.127973,1.458757,0.9781,0.9976,0.0885,7.4278,45.2673,1.933526,1.390513,0.9801,0.9979,0.1167,0.1167,0.1167,6.9619,111.1151,30.5762,111.1151,30.5762,0.4239,45.2673,0.9801,1.933526,1.390513,0.4162,0.0003,-0.0282,0.4659
/kaggle/input/datasets/duc24kdl/sub-x-ray/sub_X-Ray/sub_NIH/00001613_003.png,,sub_NIH,00001613_003.png,ok,512x512 -> 1024x1024,2,1,337.65,38.6648,8.84299,2.973717,0.987,0.9984,0.0596,7.9924,39.0667,8.061449,2.839269,0.9888,0.9986,0.0791,0.0791,0.0791,7.5459,112.3011,63.9648,112.3011,63.9648,0.5463,39.0667,0.9888,8.061449,2.839269,0.4019,0.0002,-0.0195,0.4465
/kaggle/input/datasets/duc24kdl/sub-x-ray/sub_X-Ray/sub_NIH/00001615_001.png,,sub_NIH,00001615_001.png,ok,512x512 -> 1024x1024,2,1,341.91,35.1935,19.666732,4.434719,0.9863,0.9981,0.0623,6.9765,35.5076,18.294526,4.27721,0.9881,0.9984,0.0802,0.0802,0.0802,7.0284,156.3647,48.0964,156.3647,48.0964,0.5209,35.5076,0.9881,18.294526,4.27721,0.3141,0.0003,-0.018,-0.052
/kaggle/input/datasets/duc24kdl/sub-x-ray/sub_X-Ray/sub_NIH/00001615_003.png,,sub_NIH,00001615_003.png,ok,512x512 -> 1024x1024,2,1,341.11,42.0321,4.072543,2.018054,0.962,0.9966,0.134,6.3777,42.2825,3.844446,1.960726,0.9642,0.9969,0.1507,0.1507,0.1507,6.3877,116.2565,69.1142,116.2565,69.1142,0.3496,42.2825,0.9642,3.844446,1.960726,0.2503,0.0003,-0.0167,-0.01
/kaggle/input/datasets/duc24kdl/sub-x-ray/sub_X-Ray/sub_NIH/00001616_002.png,,sub_NIH,00001616_002.png,ok,512x512 -> 1024x1024,2,1,341.24,35.2263,19.518801,4.418009,0.9691,0.9968,0.1288,6.4655,35.5894,17.953062,4.237105,0.9715,0.9972,0.1494,0.1494,0.1494,6.5126,127.7956,48.1499,127.7956,48.1499,0.615,35.5894,0.9715,17.953062,4.237105,0.3631,0.0003,-0.0206,-0.0471
/kaggle/input/datasets/duc24kdl/sub-x-ray/sub_X-Ray/sub_NIH/00001616_010.png,,sub_NIH,00001616_010.png,ok,512x512 -> 1024x1024,2,1,335.77,40.808,5.398561,2.32348,0.9577,0.9963,0.1568,6.8868,41.0493,5.106819,2.259827,0.9597,0.9965,0.1774,0.1774,0.1774,6.7653,136.5636,73.361,136.5636,73.361,0.3557,41.0493,0.9597,5.106819,2.259827,0.2413,0.0003,-0.0206,0.1216
/kaggle/input/datasets/duc24kdl/sub-x-ray/sub_X-Ray/sub_NIH/00001616_012.png,,sub_NIH,00001616_012.png,ok,512x512 -> 1024x1024,2,1,343.25,39.18,7.853758,2.802456,0.9841,0.9982,0.0675,7.0926,39.4089,7.450536,2.729567,0.9858,0.9985,0.0804,0.0804,0.0804,6.892,168.0791,67.8958,168.0791,67.8958,0.4674,39.4089,0.9858,7.450536,2.729567,0.2289,0.0002,-0.0128,0.2006
/kaggle/input/datasets/duc24kdl/sub-x-ray/sub_X-Ray/sub_NIH/00001618_001.png,,sub_NIH,00001618_001.png,ok,512x512 -> 1024x1024,2,1,338.38,45.7924,1.713347,1.308949,0.9856,0.9983,0.065,7.1112,46.3486,1.507361,1.227746,0.9876,0.9986,0.0812,0.0812,0.0812,6.8609,166.5695,44.5347,166.5695,44.5347,0.4884,46.3486,0.9876,1.507361,1.227746,0.5563,0.0003,-0.0161,0.2502
/kaggle/input/datasets/duc24kdl/sub-x-ray/sub_X-Ray/sub_NIH/00001619_000.png,,sub_NIH,00001619_000.png,ok,512x512 -> 1024x1024,2,1,341.34,40.0794,6.384657,2.526788,0.9539,0.9959,0.1698,6.8548,40.3299,6.026914,2.454977,0.9562,0.9962,0.1902,0.1902,0.1902,6.8564,140.1352,63.4676,140.1352,63.4676,0.3843,40.3299,0.9562,6.026914,2.454977,0.2504,0.0003,-0.0205,-0.0016
/kaggle/input/datasets/duc24kdl/sub-x-ray/sub_X-Ray/sub_NIH/00001622_000.png,,sub_NIH,00001622_000.png,ok,512x512 -> 1024x1024,2,1,341.09,46.5237,1.447805,1.203248,0.9841,0.9981,0.0688,7.0996,46.9939,1.29924,1.139842,0.9862,0.9984,0.0862,0.0862,0.0862,6.9219,169.4538,37.9402,169.4538,37.9402,0.4523,46.9939,0.9862,1.29924,1.139842,0.4702,0.0003,-0.0173,0.1777
/kaggle/input/datasets/duc24kdl/sub-x-ray/sub_X-Ray/sub_NIH/00001622_001.png,,sub_NIH,00001622_001.png,ok,512x512 -> 1024x1024,2,1,342.1,45.6281,1.779375,1.333932,0.9812,0.9979,0.0828,6.7735,46.1718,1.570007,1.252999,0.9835,0.9982,0.1011,0.1011,0.1011,6.7082,162.161,43.0382,162.161,43.0382,0.4802,46.1718,0.9835,1.570007,1.252999,0.5437,0.0003,-0.0183,0.0654
/kaggle/input/datasets/duc24kdl/sub-x-ray/sub_X-Ray/sub_NIH/00001626_000.png,,sub_NIH,00001626_000.png,ok,512x512 -> 1024x1024,2,1,338.01,49.6162,0.710336,0.842814,0.9896,0.9985,0.0358,9.1653,50.2776,0.609986,0.781016,0.9912,0.9987,0.0509,0.0509,0.0509,8.3516,171.7431,26.9552,171.7431,26.9552,0.299,50.2776,0.9912,0.609986,0.781016,0.6614,0.0002,-0.0151,0.8137
/kaggle/input/datasets/duc24kdl/sub-x-ray/sub_X-Ray/sub_NIH/00001629_001.png,,sub_NIH,00001629_001.png,ok,512x512 -> 1024x1024,2,1,336.89,36.5205,14.488596,3.806389,0.9856,0.9983,0.0754,9.1608,36.9035,13.265556,3.642191,0.9873,0.9985,0.1032,0.1032,0.1032,8.7358,117.8774,62.2771,117.8774,62.2771,0.5374,36.9035,0.9873,13.265556,3.642191,0.383,0.0002,-0.0278,0.425
/kaggle/input/datasets/duc24kdl/sub-x-ray/sub_X-Ray/sub_NIH/00001629_003.png,,sub_NIH,00001629_003.png,ok,512x512 -> 1024x1024,2,1,339.99,34.2715,24.317995,4.931328,0.9814,0.9978,0.0852,7.6694,34.5448,22.834902,4.778588,0.9832,0.998,0.1097,0.1097,0.1097,7.5044,165.7189,40.1098,165.7189,40.1098,0.5155,34.5448,0.9832,22.834902,4.778588,0.2733,0.0002,-0.0246,0.1651
/kaggle/input/datasets/duc24kdl/sub-x-ray/sub_X-Ray/sub_NIH/00001629_006.png,,sub_NIH,00001629_006.png,ok,512x512 -> 1024x1024,2,1,338.96,41.4596,4.646451,2.155563,0.9545,0.996,0.1731,7.0022,41.6871,4.409346,2.099844,0.9565,0.9962,0.1949,0.1949,0.1949,6.883,138.5497,74.5038,138.5497,74.5038,0.344,41.6871,0.9565,4.409346,2.099844,0.2275,0.0003,-0.0218,0.1192
/kaggle/input/datasets/duc24kdl/sub-x-ray/sub_X-Ray/sub_NIH/00001629_009.png,,sub_NIH,00001629_009.png,ok,512x512 -> 1024x1024,2,1,339.32,37.6842,11.083171,3.32914,0.9809,0.998,0.0981,8.1725,38.0423,10.205819,3.194655,0.9826,0.9982,0.127,0.127,0.127,7.9196,114.6884,57.8771,114.6884,57.8771,0.5058,38.0423,0.9826,10.205819,3.194655,0.3582,0.0002,-0.0289,0.253
/kaggle/input/datasets/duc24kdl/sub-x-ray/sub_X-Ray/sub_NIH/00001634_010.png,,sub_NIH,00001634_010.png,ok,512x512 -> 1024x1024,2,1,339.56,39.48,7.329595,2.707322,0.9546,0.9959,0.1739,6.789,39.7082,6.954477,2.637134,0.9569,0.9963,0.1942,0.1942,0.1942,6.6854,132.4171,65.0212,132.4171,65.0212,0.3661,39.7082,0.9569,6.954477,2.637134,0.2282,0.0003,-0.0203,0.1036
/kaggle/input/datasets/duc24kdl/sub-x-ray/sub_X-Ray/sub_NIH/00001637_002.png,,sub_NIH,00001637_002.png,ok,512x512 -> 1024x1024,2,1,340.53,37.7482,10.920845,3.30467,0.9746,0.9975,0.1005,6.8325,38.1032,10.063675,3.17233,0.977,0.9978,0.119,0.119,0.119,6.8805,126.9179,53.715,126.9179,53.715,0.5411,38.1032,0.977,10.063675,3.17233,0.355,0.0003,-0.0185,-0.048
/kaggle/input/datasets/duc24kdl/sub-x-ray/sub_X-Ray/sub_NIH/00001637_006.png,,sub_NIH,00001637_006.png,ok,512x512 -> 1024x1024,2,1,314.92,37.4826,11.609725,3.407305,0.9855,0.9985,0.0648,5.1875,37.8439,10.68282,3.268458,0.9868,0.9986,0.076,0.076,0.076,5.4746,57.112,64.3644,57.112,64.3644,0.5419,37.8439,0.9868,10.68282,3.268458,0.3614,0.0002,-0.0111,-0.2871
/kaggle/input/datasets/duc24kdl/sub-x-ray/sub_X-Ray/sub_NIH/00001637_008.png,,sub_NIH,00001637_008.png,ok,512x512 -> 1024x1024,2,1,339.75,42.1367,3.975676,1.99391,0.9633,0.9966,0.1286,6.7606,42.4783,3.674903,1.917004,0.9656,0.9969,0.1457,0.1457,0.1457,6.5745,88.8237,59.9314,88.8237,59.9314,0.4491,42.4783,0.9656,3.674903,1.917004,0.3417,0.0003,-0.017,0.1861
/kaggle/input/datasets/duc24kdl/sub-x-ray/sub_X-Ray/sub_NIH/00001637_010.png,,sub_NIH,00001637_010.png,ok,512x512 -> 1024x1024,2,1,340.91,40.9035,5.281232,2.298093,0.9606,0.9963,0.1366,6.3983,41.2058,4.926075,2.219476,0.963,0.9967,0.154,0.154,0.154,6.2624,102.7873,59.9604,102.7873,59.9604,0.4433,41.2058,0.963,4.926075,2.219476,0.3023,0.0003,-0.0174,0.1358
/kaggle/input/datasets/duc24kdl/sub-x-ray/sub_X-Ray/sub_NIH/00001637_011.png,,sub_NIH,00001637_011.png,ok,512x512 -> 1024x1024,2,1,334.23,35.2035,19.621547,4.429622,0.9843,0.9983,0.0725,6.8871,35.5771,18.004237,4.24314,0.9859,0.9985,0.0885,0.0885,0.0885,6.9403,90.7351,68.3816,90.7351,68.3816,0.5758,35.5771,0.9859,18.004237,4.24314,0.3736,0.0002,-0.0159,-0.0532
/kaggle/input/datasets/duc24kdl/sub-x-ray/sub_X-Ray/sub_NIH/00001641_000.png,,sub_NIH,00001641_000.png,ok,512x512 -> 1024x1024,2,1,341.0,36.0113,16.290917,4.036201,0.9723,0.9973,0.0988,6.096,36.393,14.920372,3.86269,0.9747,0.9976,0.1133,0.1133,0.1133,6.2022,124.6994,54.1321,124.6994,54.1321,0.5998,36.393,0.9747,14.920372,3.86269,0.3817,0.0003,-0.0145,-0.1062
/kaggle/input/datasets/duc24kdl/sub-x-ray/sub_X-Ray/sub_NIH/00001641_001.png,,sub_NIH,00001641_001.png,ok,512x512 -> 1024x1024,2,1,340.71,35.7898,17.143559,4.140478,0.9798,0.9979,0.077,6.264,36.1674,15.715797,3.964315,0.9817,0.9982,0.0892,0.0892,0.0892,6.5341,124.0952,71.0869,124.0952,71.0869,0.5914,36.1674,0.9817,15.715797,3.964315,0.3776,0.0003,-0.0122,-0.2702
/kaggle/input/datasets/duc24kdl/sub-x-ray/sub_X-Ray/sub_NIH/00001641_005.png,,sub_NIH,00001641_005.png,ok,512x512 -> 1024x1024,2,1,336.73,44.0781,2.542551,1.594538,0.9857,0.9983,0.0566,6.4177,44.66,2.223739,1.49122,0.9877,0.9986,0.0741,0.0741,0.0741,6.62,146.8863,53.9978,146.8863,53.9978,0.5768,44.66,0.9877,2.223739,1.49122,0.5819,0.0003,-0.0176,-0.2023
/kaggle/input/datasets/duc24kdl/sub-x-ray/sub_X-Ray/sub_NIH/00001641_006.png,,sub_NIH,00001641_006.png,ok,512x512 -> 1024x1024,2,1,338.95,38.0823,10.112197,3.179968,0.9832,0.9982,0.0656,6.855,38.3564,9.493769,3.081196,0.985,0.9984,0.0803,0.0803,0.0803,6.835,145.471,72.7474,145.471,72.7474,0.4926,38.3564,0.985,9.493769,3.081196,0.2741,0.0002,-0.0147,0.0199
/kaggle/input/datasets/duc24kdl/sub-x-ray/sub_X-Ray/sub_NIH/00001642_000.png,,sub_NIH,00001642_000.png,ok,512x512 -> 1024x1024,2,1,337.54,37.3498,11.970095,3.459783,0.984,0.9981,0.067,6.3665,37.4027,11.825235,3.438784,0.9857,0.9984,0.0804,0.0804,0.0804,6.429,179.3455,51.048,179.3455,51.048,0.5171,37.4027,0.9857,11.825235,3.438784,0.0529,0.0003,-0.0134,-0.0624
/kaggle/input/datasets/duc24kdl/sub-x-ray/sub_X-Ray/sub_NIH/00001649_001.png,,sub_NIH,00001649_001.png,ok,512x512 -> 1024x1024,2,1,337.52,35.4136,18.694807,4.323749,0.9748,0.9974,0.1093,6.8542,35.481,18.407054,4.290344,0.977,0.9977,0.1295,0.1295,0.1295,6.8188,143.2219,56.8285,143.2219,56.8285,0.4848,35.481,0.977,18.407054,4.290344,0.0674,0.0003,-0.0202,0.0353
/kaggle/input/datasets/duc24kdl/sub-x-ray/sub_X-Ray/sub_NIH/00001649_002.png,,sub_NIH,00001649_002.png,ok,512x512 -> 1024x1024,2,1,340.83,44.5957,2.256915,1.502303,0.9757,0.9975,0.094,7.1347,45.0308,2.041733,1.428892,0.9778,0.9978,0.1196,0.1196,0.1196,6.973,107.3841,35.7508,107.3841,35.7508,0.422,45.0308,0.9778,2.041733,1.428892,0.4352,0.0003,-0.0256,0.1617
/kaggle/input/datasets/duc24kdl/sub-x-ray/sub_X-Ray/sub_NIH/00001650_000.png,,sub_NIH,00001650_000.png,ok,512x512 -> 1024x1024,2,1,339.08,36.86,13.399207,3.660493,0.9888,0.9985,0.0556,7.4898,37.0753,12.751136,3.570873,0.9905,0.9987,0.0704,0.0704,0.0704,7.1153,177.4722,32.6155,177.4722,32.6155,0.5076,37.0753,0.9905,12.751136,3.570873,0.2153,0.0003,-0.0148,0.3746
/kaggle/input/datasets/duc24kdl/sub-x-ray/sub_X-Ray/sub_NIH/00001650_002.png,,sub_NIH,00001650_002.png,ok,512x512 -> 1024x1024,2,1,336.48,39.5315,7.243212,2.691322,0.9867,0.9983,0.0771,8.1727,39.7854,6.831944,2.613799,0.9885,0.9986,0.1066,0.1066,0.1066,7.9228,118.7469,38.9175,118.7469,38.9175,0.481,39.7854,0.9885,6.831944,2.613799,0.2539,0.0002,-0.0295,0.2499
/kaggle/input/datasets/duc24kdl/sub-x-ray/sub_X-Ray/sub_NIH/00001650_009.png,,sub_NIH,00001650_009.png,ok,512x512 -> 1024x1024,2,1,342.31,42.0985,4.010748,2.002685,0.9615,0.9965,0.1414,6.6679,42.3649,3.772191,1.942213,0.9637,0.9968,0.1626,0.1626,0.1626,6.5908,113.7676,65.0296,113.7676,65.0296,0.3679,42.3649,0.9637,3.772191,1.942213,0.2663,0.0003,-0.0212,0.0771
/kaggle/input/datasets/duc24kdl/sub-x-ray/sub_X-Ray/sub_NIH/00001660_000.png,,sub_NIH,00001660_000.png,ok,512x512 -> 1024x1024,2,1,337.99,42.0427,4.062705,2.015615,0.9826,0.9981,0.0605,6.4957,42.6208,3.55635,1.885829,0.9848,0.9984,0.0759,0.0759,0.0759,6.6266,169.37,49.8934,169.37,49.8934,0.4336,42.6208,0.9848,3.55635,1.885829,0.5781,0.0003,-0.0153,-0.1309
/kaggle/input/datasets/duc24kdl/sub-x-ray/sub_X-Ray/sub_NIH/00001664_000.png,,sub_NIH,00001664_000.png,ok,512x512 -> 1024x1024,2,1,339.7,37.3059,12.091834,3.477331,0.985,0.9983,0.0603,6.5484,37.5286,11.487404,3.389307,0.987,0.9986,0.073,0.073,0.073,6.596,172.6475,51.6533,172.6475,51.6533,0.472,37.5286,0.987,11.487404,3.389307,0.2227,0.0003,-0.0127,-0.0476
/kaggle/input/datasets/duc24kdl/sub-x-ray/sub_X-Ray/sub_NIH/00001665_000.png,,sub_NIH,00001665_000.png,ok,512x512 -> 1024x1024,2,1,341.98,38.4865,9.213687,3.035406,0.985,0.9983,0.0635,6.9351,38.7357,8.699825,2.949547,0.987,0.9986,0.0793,0.0793,0.0793,7.0,161.9799,50.7302,161.9799,50.7302,0.4762,38.7357,0.987,8.699825,2.949547,0.2492,0.0003,-0.0159,-0.065
/kaggle/input/datasets/duc24kdl/sub-x-ray/sub_X-Ray/sub_NIH/00001668_000.png,,sub_NIH,00001668_000.png,ok,512x512 -> 1024x1024,2,1,341.53,42.3231,3.808662,1.951579,0.9624,0.9966,0.1366,6.4848,42.6003,3.573121,1.89027,0.9645,0.9969,0.1568,0.1568,0.1568,6.5251,118.0649,66.2566,118.0649,66.2566,0.3778,42.6003,0.9645,3.573121,1.89027,0.2772,0.0003,-0.0202,-0.0403
/kaggle/input/datasets/duc24kdl/sub-x-ray/sub_X-Ray/sub_NIH/00001671_000.png,,sub_NIH,00001671_000.png,ok,512x512 -> 1024x1024,2,1,336.79,44.5874,2.261208,1.503731,0.9764,0.9975,0.0924,6.9744,45.0583,2.028843,1.424375,0.9785,0.9978,0.1189,0.1189,0.1189,6.8588,108.2492,34.8682,108.2492,34.8682,0.4465,45.0583,0.9785,2.028843,1.424375,0.4709,0.0003,-0.0265,0.1156
/kaggle/input/datasets/duc24kdl/sub-x-ray/sub_X-Ray/sub_NIH/00001672_000.png,,sub_NIH,00001672_000.png,ok,512x512 -> 1024x1024,2,1,338.08,42.0359,4.069022,2.017182,0.9682,0.9972,0.1152,6.2783,42.2575,3.866618,1.966372,0.9701,0.9974,0.1301,0.1301,0.1301,6.2854,96.4,70.9873,96.4,70.9873,0.3418,42.2575,0.9701,3.866618,1.966372,0.2216,0.0003,-0.0149,-0.0071
/kaggle/input/datasets/duc24kdl/sub-x-ray/sub_X-Ray/sub_NIH/00001673_013.png,,sub_NIH,00001673_013.png,ok,512x512 -> 1024x1024,2,1,341.26,39.0338,8.122634,2.850024,0.9834,0.9981,0.0844,7.837,39.3455,7.560076,2.749559,0.9851,0.9983,0.1087,0.1087,0.1087,7.8644,116.0637,58.285,116.0637,58.285,0.5123,39.3455,0.9851,7.560076,2.749559,0.3117,0.0002,-0.0243,-0.0274
/kaggle/input/datasets/duc24kdl/sub-x-ray/sub_X-Ray/sub_NIH/00001673_014.png,,sub_NIH,00001673_014.png,ok,512x512 -> 1024x1024,2,1,329.72,42.9902,3.266328,1.807299,0.9691,0.9973,0.1121,5.8562,43.2231,3.095771,1.75948,0.9709,0.9975,0.1275,0.1275,0.1275,5.9005,88.9718,74.1132,88.9718,74.1132,0.3355,43.2231,0.9709,3.095771,1.75948,0.2329,0.0002,-0.0154,-0.0443
/kaggle/input/datasets/duc24kdl/sub-x-ray/sub_X-Ray/sub_NIH/00001673_015.png,,sub_NIH,00001673_015.png,ok,512x512 -> 1024x1024,2,1,338.98,36.7464,13.754504,3.708706,0.9748,0.9974,0.0928,5.9243,37.0824,12.730254,3.567948,0.9769,0.9977,0.1091,0.1091,0.1091,6.0786,109.3003,59.3973,109.3003,59.3973,0.59,37.0824,0.9769,12.730254,3.567948,0.3361,0.0003,-0.0163,-0.1543
/kaggle/input/datasets/duc24kdl/sub-x-ray/sub_X-Ray/sub_NIH/00001673_017.png,,sub_NIH,00001673_017.png,ok,512x512 -> 1024x1024,2,1,345.14,36.3257,15.153306,3.892725,0.9747,0.9974,0.0978,6.1132,36.7221,13.831591,3.719085,0.9768,0.9977,0.1153,0.1153,0.1153,6.3369,119.9977,56.093,119.9977,56.093,0.6097,36.7221,0.9768,13.831591,3.719085,0.3964,0.0003,-0.0175,-0.2237
/kaggle/input/datasets/duc24kdl/sub-x-ray/sub_X-Ray/sub_NIH/00001674_001.png,,sub_NIH,00001674_001.png,ok,512x512 -> 1024x1024,2,1,339.61,38.3691,9.466035,3.076692,0.9836,0.9982,0.0624,6.5432,38.3899,9.420786,3.06933,0.9855,0.9984,0.0761,0.0761,0.0761,6.6486,157.3621,61.4745,157.3621,61.4745,0.4639,38.3899,0.9855,9.420786,3.06933,0.0208,0.0003,-0.0137,-0.1054
/kaggle/input/datasets/duc24kdl/sub-x-ray/sub_X-Ray/sub_NIH/00001675_000.png,,sub_NIH,00001675_000.png,ok,512x512 -> 1024x1024,2,1,342.95,47.4556,1.168217,1.080841,0.9869,0.9984,0.0551,7.1917,48.0004,1.030491,1.015131,0.9888,0.9987,0.0703,0.0703,0.0703,7.0059,169.7953,47.351,169.7953,47.351,0.4536,48.0004,0.9888,1.030491,1.015131,0.5448,0.0003,-0.0152,0.1858
/kaggle/input/datasets/duc24kdl/sub-x-ray/sub_X-Ray/sub_NIH/00001679_000.png,,sub_NIH,00001679_000.png,ok,512x512 -> 1024x1024,2,1,343.4,40.7686,5.447758,2.334043,0.9629,0.9967,0.1323,6.413,41.0285,5.131378,2.265254,0.965,0.997,0.1485,0.1485,0.1485,6.3144,116.2364,71.9892,116.2364,71.9892,0.3772,41.0285,0.965,5.131378,2.265254,0.2598,0.0003,-0.0162,0.0986
/kaggle/input/datasets/duc24kdl/sub-x-ray/sub_X-Ray/sub_NIH/00001680_000.png,,sub_NIH,00001680_000.png,ok,512x512 -> 1024x1024,2,1,332.87,36.898,13.282452,3.64451,0.9774,0.9978,0.0913,5.938,37.3561,11.95277,3.457278,0.9794,0.998,0.1085,0.1085,0.1085,5.8467,102.292,68.1286,102.292,68.1286,0.5882,37.3561,0.9794,11.95277,3.457278,0.4581,0.0002,-0.0172,0.0913
/kaggle/input/datasets/duc24kdl/sub-x-ray/sub_X-Ray/sub_NIH/00001684_002.png,,sub_NIH,00001684_002.png,ok,512x512 -> 1024x1024,2,1,341.73,37.6741,11.108906,3.333002,0.9862,0.9983,0.0679,7.4761,37.8991,10.547911,3.247755,0.9878,0.9986,0.0855,0.0855,0.0855,7.4904,152.6969,50.1405,152.6969,50.1405,0.4934,37.8991,0.9878,10.547911,3.247755,0.225,0.0002,-0.0176,-0.0143
/kaggle/input/datasets/duc24kdl/sub-x-ray/sub_X-Ray/sub_NIH/00001684_017.png,,sub_NIH,00001684_017.png,ok,512x512 -> 1024x1024,2,1,340.78,36.1797,15.67147,3.958721,0.9859,0.9983,0.0732,6.8222,36.386,14.9446,3.865825,0.9876,0.9986,0.0919,0.0919,0.0919,7.0248,161.1495,49.8555,161.1495,49.8555,0.4865,36.386,0.9876,14.9446,3.865825,0.2063,0.0003,-0.0187,-0.2026
/kaggle/input/datasets/duc24kdl/sub-x-ray/sub_X-Ray/sub_NIH/00001684_027.png,,sub_NIH,00001684_027.png,ok,512x512 -> 1024x1024,2,1,343.35,38.7031,8.765358,2.960635,0.9826,0.9981,0.0825,7.0925,38.9501,8.280837,2.877644,0.9845,0.9983,0.1003,0.1003,0.1003,7.0095,128.2663,59.6125,128.2663,59.6125,0.4747,38.9501,0.9845,8.280837,2.877644,0.247,0.0003,-0.0178,0.083
/kaggle/input/datasets/duc24kdl/sub-x-ray/sub_X-Ray/sub_NIH/00001685_000.png,,sub_NIH,00001685_000.png,ok,512x512 -> 1024x1024,2,1,340.87,36.5778,14.298747,3.781368,0.9774,0.9976,0.0953,6.4987,37.0185,12.919122,3.594318,0.9797,0.9979,0.1153,0.1153,0.1153,6.6586,117.4138,51.5102,117.4138,51.5102,0.6112,37.0185,0.9797,12.919122,3.594318,0.4406,0.0003,-0.02,-0.1599
/kaggle/input/datasets/duc24kdl/sub-x-ray/sub_X-Ray/sub_NIH/00001688_000.png,,sub_NIH,00001688_000.png,ok,512x512 -> 1024x1024,2,1,343.54,37.8767,10.602467,3.256143,0.9852,0.9982,0.0615,6.521,38.0041,10.296049,3.208746,0.987,0.9985,0.0775,0.0775,0.0775,6.4356,165.5558,56.9241,165.5558,56.9241,0.4937,38.0041,0.987,10.296049,3.208746,0.1274,0.0003,-0.016,0.0853
/kaggle/input/datasets/duc24kdl/sub-x-ray/sub_X-Ray/sub_NIH/00001690_002.png,,sub_NIH,00001690_002.png,ok,512x512 -> 1024x1024,2,1,342.55,36.2351,15.472839,3.933553,0.9802,0.9977,0.0938,7.1518,36.5983,14.231634,3.772484,0.9822,0.998,0.1205,0.1205,0.1205,7.3077,116.6261,46.7542,116.6261,46.7542,0.5541,36.5983,0.9822,14.231634,3.772484,0.3632,0.0002,-0.0266,-0.1559
/kaggle/input/datasets/duc24kdl/sub-x-ray/sub_X-Ray/sub_NIH/00001692_000.png,,sub_NIH,00001692_000.png,ok,512x512 -> 1024x1024,2,1,339.12,44.2582,2.439294,1.561824,0.9732,0.9972,0.0997,7.4347,44.6946,2.206072,1.485285,0.9756,0.9975,0.1229,0.1229,0.1229,7.0258,102.3829,41.6469,102.3829,41.6469,0.4489,44.6946,0.9756,2.206072,1.485285,0.4364,0.0003,-0.0232,0.4089
/kaggle/input/datasets/duc24kdl/sub-x-ray/sub_X-Ray/sub_NIH/00001697_004.png,,sub_NIH,00001697_004.png,ok,512x512 -> 1024x1024,2,1,342.01,38.1445,9.968567,3.157304,0.9866,0.9983,0.0632,8.8599,38.3689,9.466554,3.076777,0.9881,0.9985,0.0855,0.0855,0.0855,8.4815,156.9848,38.5522,156.9848,38.5522,0.5004,38.3689,0.9881,9.466554,3.076777,0.2244,0.0002,-0.0223,0.3785
/kaggle/input/datasets/duc24kdl/sub-x-ray/sub_X-Ray/sub_NIH/00001697_006.png,,sub_NIH,00001697_006.png,ok,512x512 -> 1024x1024,2,1,344.12,37.4438,11.713938,3.422563,0.9901,0.9986,0.0514,8.6965,37.6454,11.182491,3.344023,0.9915,0.9988,0.0721,0.0721,0.0721,8.186,162.2824,35.1436,162.2824,35.1436,0.5092,37.6454,0.9915,11.182491,3.344023,0.2016,0.0002,-0.0207,0.5105
/kaggle/input/datasets/duc24kdl/sub-x-ray/sub_X-Ray/sub_NIH/00001697_013.png,,sub_NIH,00001697_013.png,ok,512x512 -> 1024x1024,2,1,339.25,38.0264,10.243202,3.2005,0.9862,0.9983,0.0661,8.1019,38.2478,9.734262,3.119978,0.9878,0.9985,0.0883,0.0883,0.0883,7.988,163.0121,38.4332,163.0121,38.4332,0.4925,38.2478,0.9878,9.734262,3.119978,0.2213,0.0002,-0.0222,0.1139
/kaggle/input/datasets/duc24kdl/sub-x-ray/sub_X-Ray/sub_NIH/00001697_015.png,,sub_NIH,00001697_015.png,ok,512x512 -> 1024x1024,2,1,343.55,39.3496,7.552947,2.748263,0.9877,0.9985,0.0722,8.3866,39.611,7.111838,2.666803,0.9894,0.9987,0.0988,0.0988,0.0988,8.0755,112.1803,51.6549,112.1803,51.6549,0.485,39.611,0.9894,7.111838,2.666803,0.2613,0.0002,-0.0266,0.3111
/kaggle/input/datasets/duc24kdl/sub-x-ray/sub_X-Ray/sub_NIH/00001697_016.png,,sub_NIH,00001697_016.png,ok,512x512 -> 1024x1024,2,1,343.65,39.4881,7.315901,2.704792,0.9859,0.9983,0.0843,8.5138,39.7435,6.898101,2.626424,0.9876,0.9985,0.1137,0.1137,0.1137,8.133,112.1708,48.5552,112.1708,48.5552,0.4887,39.7435,0.9876,6.898101,2.626424,0.2554,0.0002,-0.0293,0.3809
/kaggle/input/datasets/duc24kdl/sub-x-ray/sub_X-Ray/sub_NIH/00001698_001.png,,sub_NIH,00001698_001.png,ok,512x512 -> 1024x1024,2,1,339.03,49.0441,0.81034,0.900189,0.9879,0.9984,0.0498,7.9918,49.626,0.708729,0.841861,0.9894,0.9986,0.0694,0.0694,0.0694,7.2828,113.3043,28.4021,113.3043,28.4021,0.3114,49.626,0.9894,0.708729,0.841861,0.5819,0.0003,-0.0196,0.7089
/kaggle/input/datasets/duc24kdl/sub-x-ray/sub_X-Ray/sub_NIH/00001698_011.png,,sub_NIH,00001698_011.png,ok,512x512 -> 1024x1024,2,1,344.2,35.5323,18.190663,4.265051,0.9844,0.9981,0.0706,6.8735,35.8541,16.891684,4.109949,0.9862,0.9983,0.0926,0.0926,0.0926,6.8436,119.0211,53.7692,119.0211,53.7692,0.632,35.8541,0.9862,16.891684,4.109949,0.3218,0.0002,-0.022,0.0299
/kaggle/input/datasets/duc24kdl/sub-x-ray/sub_X-Ray/sub_NIH/00001698_012.png,,sub_NIH,00001698_012.png,ok,512x512 -> 1024x1024,2,1,342.83,34.6275,22.404243,4.733312,0.9767,0.9976,0.1064,6.6639,34.875,21.163121,4.600339,0.9787,0.9978,0.1259,0.1259,0.1259,6.8413,143.6846,67.5251,143.6846,67.5251,0.6082,34.875,0.9787,21.163121,4.600339,0.2475,0.0003,-0.0195,-0.1773
/kaggle/input/datasets/duc24kdl/sub-x-ray/sub_X-Ray/sub_NIH/00001698_017.png,,sub_NIH,00001698_017.png,ok,512x512 -> 1024x1024,2,1,344.92,41.8615,4.235798,2.058105,0.9617,0.9965,0.1477,7.0444,42.0284,4.076059,2.018925,0.9638,0.9967,0.1714,0.1714,0.1714,7.0599,133.6838,70.7644,133.6838,70.7644,0.3796,42.0284,0.9638,4.076059,2.018925,0.1669,0.0002,-0.0237,-0.0155
/kaggle/input/datasets/duc24kdl/sub-x-ray/sub_X-Ray/sub_NIH/00001698_019.png,,sub_NIH,00001698_019.png,ok,512x512 -> 1024x1024,2,1,339.82,42.3142,3.81646,1.953576,0.9616,0.9965,0.1466,6.706,42.5429,3.620661,1.902803,0.9636,0.9968,0.1697,0.1697,0.1697,6.6084,133.7163,73.0711,133.7163,73.0711,0.3435,42.5429,0.9636,3.620661,1.902803,0.2287,0.0002,-0.0231,0.0976
/kaggle/input/datasets/duc24kdl/sub-x-ray/sub_X-Ray/sub_NIH/00001700_002.png,,sub_NIH,00001700_002.png,ok,512x512 -> 1024x1024,2,1,343.72,36.9196,13.216678,3.635475,0.9847,0.9982,0.071,9.767,37.1902,12.418312,3.523963,0.9863,0.9984,0.0967,0.0967,0.0967,9.0011,140.7496,52.3219,140.7496,52.3219,0.5131,37.1902,0.9863,12.418312,3.523963,0.2706,0.0002,-0.0257,0.7659
/kaggle/input/datasets/duc24kdl/sub-x-ray/sub_X-Ray/sub_NIH/00001700_005.png,,sub_NIH,00001700_005.png,ok,512x512 -> 1024x1024,2,1,342.29,41.7043,4.391922,2.095691,0.9616,0.9965,0.147,6.805,41.9362,4.163563,2.040481,0.9637,0.9968,0.1701,0.1701,0.1701,6.6607,154.9718,62.5682,154.9718,62.5682,0.35,41.9362,0.9637,4.163563,2.040481,0.2319,0.0003,-0.0231,0.1443
/kaggle/input/datasets/duc24kdl/sub-x-ray/sub_X-Ray/sub_NIH/00001700_006.png,,sub_NIH,00001700_006.png,ok,512x512 -> 1024x1024,2,1,342.73,36.264,15.370292,3.920496,0.9633,0.9965,0.1478,6.6789,36.5533,14.379668,3.792053,0.9656,0.9968,0.1682,0.1682,0.1682,6.7021,138.6174,76.584,138.6174,76.584,0.4926,36.5533,0.9656,14.379668,3.792053,0.2893,0.0003,-0.0204,-0.0232
/kaggle/input/datasets/duc24kdl/sub-x-ray/sub_X-Ray/sub_NIH/00001702_000.png,,sub_NIH,00001702_000.png,ok,512x512 -> 1024x1024,2,1,344.76,44.9765,2.067434,1.437857,0.9809,0.9979,0.0684,6.2037,45.5224,1.823222,1.350268,0.9832,0.9982,0.0847,0.0847,0.0847,6.3123,150.2417,54.6169,150.2417,54.6169,0.5074,45.5224,0.9832,1.823222,1.350268,0.5459,0.0003,-0.0163,-0.1085
/kaggle/input/datasets/duc24kdl/sub-x-ray/sub_X-Ray/sub_NIH/00001706_000.png,,sub_NIH,00001706_000.png,ok,512x512 -> 1024x1024,2,1,343.52,36.9845,13.020483,3.608391,0.9793,0.9979,0.0773,6.8513,37.2381,12.282112,3.504584,0.9814,0.9982,0.0929,0.0929,0.0929,6.7096,155.3994,61.698,155.3994,61.698,0.4983,37.2381,0.9814,12.282112,3.504584,0.2535,0.0003,-0.0156,0.1418
/kaggle/input/datasets/duc24kdl/sub-x-ray/sub_X-Ray/sub_NIH/00001710_000.png,,sub_NIH,00001710_000.png,ok,512x512 -> 1024x1024,2,1,344.21,46.7695,1.368133,1.169672,0.9895,0.9986,0.0501,7.739,47.4883,1.159438,1.076772,0.9914,0.9989,0.0682,0.0682,0.0682,7.2917,165.1929,47.2612,165.1929,47.2612,0.5331,47.4883,0.9914,1.159438,1.076772,0.7188,0.0003,-0.0181,0.4473
/kaggle/input/datasets/duc24kdl/sub-x-ray/sub_X-Ray/sub_NIH/00001713_000.png,,sub_NIH,00001713_000.png,ok,512x512 -> 1024x1024,2,1,341.55,42.452,3.697305,1.922838,0.9617,0.9966,0.1457,7.104,42.7031,3.489523,1.868027,0.9637,0.9968,0.1675,0.1675,0.1675,6.7667,130.3943,62.8204,130.3943,62.8204,0.3538,42.7031,0.9637,3.489523,1.868027,0.2512,0.0003,-0.0219,0.3373
/kaggle/input/datasets/duc24kdl/sub-x-ray/sub_X-Ray/sub_NIH/00001718_005.png,,sub_NIH,00001718_005.png,ok,512x512 -> 1024x1024,2,1,346.26,37.9267,10.48111,3.237454,0.9846,0.9982,0.0638,6.6493,38.1737,9.90171,3.146698,0.9866,0.9985,0.0788,0.0788,0.0788,6.6705,171.3007,47.0575,171.3007,47.0575,0.4842,38.1737,0.9866,9.90171,3.146698,0.247,0.0003,-0.015,-0.0212
/kaggle/input/datasets/duc24kdl/sub-x-ray/sub_X-Ray/sub_NIH/00001718_010.png,,sub_NIH,00001718_010.png,ok,512x512 -> 1024x1024,2,1,346.4,41.5095,4.593307,2.1432,0.9632,0.9967,0.1249,6.1441,41.803,4.293233,2.072012,0.9654,0.9971,0.1414,0.1414,0.1414,6.1475,96.4259,67.1346,96.4259,67.1346,0.3982,41.803,0.9654,4.293233,2.072012,0.2934,0.0003,-0.0165,-0.0034
/kaggle/input/datasets/duc24kdl/sub-x-ray/sub_X-Ray/sub_NIH/00001719_010.png,,sub_NIH,00001719_010.png,ok,512x512 -> 1024x1024,2,1,345.37,36.8912,13.303477,3.647393,0.9808,0.9978,0.0839,6.4055,37.1659,12.487827,3.533812,0.9829,0.998,0.107,0.107,0.107,6.5584,139.0252,45.6745,139.0252,45.6745,0.5271,37.1659,0.9829,12.487827,3.533812,0.2748,0.0003,-0.0231,-0.1529
/kaggle/input/datasets/duc24kdl/sub-x-ray/sub_X-Ray/sub_NIH/00001721_000.png,,sub_NIH,00001721_000.png,ok,512x512 -> 1024x1024,2,1,341.75,43.0967,3.187184,1.785269,0.9668,0.997,0.117,6.6351,43.3827,2.984084,1.72745,0.9687,0.9973,0.1325,0.1325,0.1325,6.6316,112.7018,77.1714,112.7018,77.1714,0.3843,43.3827,0.9687,2.984084,1.72745,0.286,0.0003,-0.0155,0.0035
/kaggle/input/datasets/duc24kdl/sub-x-ray/sub_X-Ray/sub_NIH/00001722_000.png,,sub_NIH,00001722_000.png,ok,512x512 -> 1024x1024,2,1,341.06,44.8251,2.140789,1.463144,0.981,0.9978,0.0706,6.6985,45.2724,1.931257,1.389697,0.9832,0.9981,0.0882,0.0882,0.0882,6.7417,152.0819,56.4039,152.0819,56.4039,0.4923,45.2724,0.9832,1.931257,1.389697,0.4473,0.0003,-0.0175,-0.0432
/kaggle/input/datasets/duc24kdl/sub-x-ray/sub_X-Ray/sub_NIH/00001723_002.png,,sub_NIH,00001723_002.png,ok,512x512 -> 1024x1024,2,1,343.26,37.3167,12.061734,3.473001,0.9815,0.9981,0.0732,6.5668,37.6128,11.266824,3.356609,0.9836,0.9984,0.0872,0.0872,0.0872,6.5689,155.9952,67.7155,155.9952,67.7155,0.4647,37.6128,0.9836,11.266824,3.356609,0.2961,0.0003,-0.014,-0.0021
/kaggle/input/datasets/duc24kdl/sub-x-ray/sub_X-Ray/sub_NIH/00001723_004.png,,sub_NIH,00001723_004.png,ok,512x512 -> 1024x1024,2,1,342.31,40.9252,5.254819,2.292339,0.9671,0.997,0.1227,5.9266,41.2461,4.880534,2.209193,0.9692,0.9973,0.1415,0.1415,0.1415,6.064,124.7812,70.153,124.7812,70.153,0.4577,41.2461,0.9692,4.880534,2.209193,0.3209,0.0003,-0.0188,-0.1374
/kaggle/input/datasets/duc24kdl/sub-x-ray/sub_X-Ray/sub_NIH/00001724_005.png,,sub_NIH,00001724_005.png,ok,512x512 -> 1024x1024,2,1,340.65,36.9063,13.257162,3.641039,0.9819,0.9982,0.0714,6.3182,37.2999,12.10856,3.479736,0.9839,0.9984,0.0847,0.0847,0.0847,6.3778,144.0673,74.0212,144.0673,74.0212,0.5007,37.2999,0.9839,12.10856,3.479736,0.3936,0.0003,-0.0133,-0.0596
/kaggle/input/datasets/duc24kdl/sub-x-ray/sub_X-Ray/sub_NIH/00001724_009.png,,sub_NIH,00001724_009.png,ok,512x512 -> 1024x1024,2,1,340.66,42.9624,3.287327,1.813099,0.9683,0.9971,0.1193,6.37,43.2116,3.103993,1.761815,0.9702,0.9974,0.1375,0.1375,0.1375,6.538,119.5666,65.7492,119.5666,65.7492,0.3454,43.2116,0.9702,3.103993,1.761815,0.2492,0.0003,-0.0182,-0.1679
/kaggle/input/datasets/duc24kdl/sub-x-ray/sub_X-Ray/sub_NIH/00001726_000.png,,sub_NIH,00001726_000.png,ok,512x512 -> 1024x1024,2,1,347.0,37.4971,11.570945,3.401609,0.9848,0.9982,0.0661,6.3631,37.5595,11.406049,3.377284,0.9866,0.9985,0.0782,0.0782,0.0782,6.4364,165.8143,58.0499,165.8143,58.0499,0.4756,37.5595,0.9866,11.406049,3.377284,0.0623,0.0003,-0.0121,-0.0733
/kaggle/input/datasets/duc24kdl/sub-x-ray/sub_X-Ray/sub_NIH/00001727_000.png,,sub_NIH,00001727_000.png,ok,512x512 -> 1024x1024,2,1,343.23,45.5826,1.798108,1.340936,0.9865,0.9984,0.0535,7.1041,46.2003,1.559743,1.248897,0.9885,0.9986,0.0708,0.0708,0.0708,6.9691,150.0474,54.4744,150.0474,54.4744,0.5449,46.2003,0.9885,1.559743,1.248897,0.6176,0.0003,-0.0173,0.1351
/kaggle/input/datasets/duc24kdl/sub-x-ray/sub_X-Ray/sub_NIH/00001728_000.png,,sub_NIH,00001728_000.png,ok,512x512 -> 1024x1024,2,1,343.87,38.5352,9.110985,3.018441,0.9839,0.9982,0.0637,6.3429,38.8027,8.566698,2.926892,0.9859,0.9985,0.0787,0.0787,0.0787,6.428,154.8479,60.4231,154.8479,60.4231,0.4637,38.8027,0.9859,8.566698,2.926892,0.2675,0.0003,-0.015,-0.0851
/kaggle/input/datasets/duc24kdl/sub-x-ray/sub_X-Ray/sub_NIH/00001730_000.png,,sub_NIH,00001730_000.png,ok,512x512 -> 1024x1024,2,1,339.77,45.6637,1.764871,1.328484,0.9773,0.9976,0.0919,7.1344,46.1006,1.595937,1.263304,0.9794,0.9979,0.1184,0.1184,0.1184,6.884,109.4389,33.3544,109.4389,33.3544,0.3967,46.1006,0.9794,1.595937,1.263304,0.437,0.0003,-0.0265,0.2504
/kaggle/input/datasets/duc24kdl/sub-x-ray/sub_X-Ray/sub_NIH/00001730_004.png,,sub_NIH,00001730_004.png,ok,512x512 -> 1024x1024,2,1,345.88,41.503,4.600235,2.144816,0.9604,0.9964,0.1499,6.3915,41.761,4.334874,2.082036,0.9626,0.9967,0.1715,0.1715,0.1715,6.5174,135.1902,67.1596,135.1902,67.1596,0.3733,41.761,0.9626,4.334874,2.082036,0.258,0.0003,-0.0216,-0.1259
/kaggle/input/datasets/duc24kdl/sub-x-ray/sub_X-Ray/sub_NIH/00001731_000.png,,sub_NIH,00001731_000.png,ok,512x512 -> 1024x1024,2,1,343.52,42.2757,3.850479,1.962264,0.9624,0.9967,0.14,6.8324,42.5231,3.637266,1.907162,0.9645,0.9969,0.162,0.162,0.162,6.6774,140.4321,63.2905,140.4321,63.2905,0.3593,42.5231,0.9645,3.637266,1.907162,0.2474,0.0002,-0.022,0.155
/kaggle/input/datasets/duc24kdl/sub-x-ray/sub_X-Ray/sub_NIH/00001736_007.png,,sub_NIH,00001736_007.png,ok,512x512 -> 1024x1024,2,1,345.52,36.2886,15.283359,3.909394,0.9857,0.9981,0.0649,7.5341,36.6333,14.117401,3.757313,0.9873,0.9983,0.0878,0.0878,0.0878,7.6038,124.2361,52.1005,124.2361,52.1005,0.5121,36.6333,0.9873,14.117401,3.757313,0.3446,0.0002,-0.0229,-0.0697
/kaggle/input/datasets/duc24kdl/sub-x-ray/sub_X-Ray/sub_NIH/00001736_011.png,,sub_NIH,00001736_011.png,ok,512x512 -> 1024x1024,2,1,345.78,35.6116,17.861508,4.226288,0.98,0.9978,0.093,7.0781,35.8803,16.790088,4.097571,0.9817,0.998,0.1202,0.1202,0.1202,7.1053,129.9659,46.1265,129.9659,46.1265,0.488,35.8803,0.9817,16.790088,4.097571,0.2687,0.0002,-0.0272,-0.0273
/kaggle/input/datasets/duc24kdl/sub-x-ray/sub_X-Ray/sub_NIH/00001736_016.png,,sub_NIH,00001736_016.png,ok,512x512 -> 1024x1024,2,1,347.08,37.9775,10.359409,3.218604,0.984,0.9981,0.0778,10.4598,38.251,9.727111,3.118832,0.9854,0.9982,0.109,0.109,0.109,10.0983,123.3364,44.6679,123.3364,44.6679,0.516,38.251,0.9854,9.727111,3.118832,0.2735,0.0001,-0.0313,0.3616
/kaggle/input/datasets/duc24kdl/sub-x-ray/sub_X-Ray/sub_NIH/00001736_022.png,,sub_NIH,00001736_022.png,ok,512x512 -> 1024x1024,2,1,345.54,36.0391,16.187079,4.023317,0.9866,0.9982,0.0661,8.6219,36.3145,15.192484,3.897754,0.9882,0.9984,0.0908,0.0908,0.0908,8.0922,114.4886,59.1506,114.4886,59.1506,0.5032,36.3145,0.9882,15.192484,3.897754,0.2754,0.0002,-0.0247,0.5297
/kaggle/input/datasets/duc24kdl/sub-x-ray/sub_X-Ray/sub_NIH/00001736_024.png,,sub_NIH,00001736_024.png,ok,512x512 -> 1024x1024,2,1,343.09,37.2788,12.167572,3.488205,0.9859,0.9983,0.0708,8.3748,37.6317,11.217824,3.349302,0.9876,0.9985,0.0953,0.0953,0.0953,7.978,118.0324,59.8527,118.0324,59.8527,0.5065,37.6317,0.9876,11.217824,3.349302,0.353,0.0002,-0.0245,0.3968
/kaggle/input/datasets/duc24kdl/sub-x-ray/sub_X-Ray/sub_NIH/00001737_001.png,,sub_NIH,00001737_001.png,ok,512x512 -> 1024x1024,2,1,343.77,35.9789,16.41313,4.051312,0.9759,0.9974,0.0851,5.8162,36.2838,15.300422,3.911575,0.9781,0.9977,0.0981,0.0981,0.0981,6.0239,118.8811,63.6956,118.8811,63.6956,0.6064,36.2838,0.9781,15.300422,3.911575,0.3049,0.0003,-0.013,-0.2076
/kaggle/input/datasets/duc24kdl/sub-x-ray/sub_X-Ray/sub_NIH/00001738_000.png,,sub_NIH,00001738_000.png,ok,512x512 -> 1024x1024,2,1,341.82,35.481,18.406988,4.290337,0.972,0.9973,0.1191,6.6289,35.8429,16.93502,4.115218,0.9741,0.9976,0.1365,0.1365,0.1365,6.6479,140.0423,69.9697,140.0423,69.9697,0.6218,35.8429,0.9741,16.93502,4.115218,0.362,0.0003,-0.0173,-0.019
/kaggle/input/datasets/duc24kdl/sub-x-ray/sub_X-Ray/sub_NIH/00001738_004.png,,sub_NIH,00001738_004.png,ok,512x512 -> 1024x1024,2,1,347.69,45.7018,1.74944,1.322664,0.9859,0.9984,0.0584,6.6575,46.2324,1.548232,1.24428,0.9878,0.9986,0.0751,0.0751,0.0751,6.672,151.5439,53.6618,151.5439,53.6618,0.5161,46.2324,0.9878,1.548232,1.24428,0.5306,0.0003,-0.0167,-0.0145
/kaggle/input/datasets/duc24kdl/sub-x-ray/sub_X-Ray/sub_NIH/00001741_001.png,,sub_NIH,00001741_001.png,ok,512x512 -> 1024x1024,2,1,345.11,38.2971,9.624235,3.102295,0.9839,0.9982,0.0627,6.5675,38.5457,9.088808,3.014765,0.9858,0.9985,0.0774,0.0774,0.0774,6.7756,164.8924,58.6552,164.8924,58.6552,0.4696,38.5457,0.9858,9.088808,3.014765,0.2486,0.0003,-0.0147,-0.2081
/kaggle/input/datasets/duc24kdl/sub-x-ray/sub_X-Ray/sub_NIH/00001742_001.png,,sub_NIH,00001742_001.png,ok,512x512 -> 1024x1024,2,1,342.53,35.2153,19.568249,4.423601,0.9716,0.997,0.1264,6.8159,35.4672,18.465581,4.29716,0.9737,0.9973,0.1508,0.1508,0.1508,6.8202,141.6784,49.8677,141.6784,49.8677,0.6084,35.4672,0.9737,18.465581,4.29716,0.2519,0.0003,-0.0244,-0.0042
/kaggle/input/datasets/duc24kdl/sub-x-ray/sub_X-Ray/sub_NIH/00001744_000.png,,sub_NIH,00001744_000.png,ok,512x512 -> 1024x1024,2,1,342.08,43.7381,2.749595,1.65819,0.9828,0.9981,0.0575,6.416,44.2604,2.438013,1.561414,0.985,0.9984,0.0716,0.0716,0.0716,6.2724,158.3156,59.9969,158.3156,59.9969,0.533,44.2604,0.985,2.438013,1.561414,0.5223,0.0003,-0.014,0.1436
/kaggle/input/datasets/duc24kdl/sub-x-ray/sub_X-Ray/sub_NIH/00001747_001.png,,sub_NIH,00001747_001.png,ok,512x512 -> 1024x1024,2,1,346.67,41.4229,4.685904,2.164695,0.9648,0.9968,0.1375,6.3864,41.6854,4.411011,2.100241,0.9669,0.9971,0.1571,0.1571,0.1571,6.4798,127.5702,62.2031,127.5702,62.2031,0.4015,41.6854,0.9669,4.411011,2.100241,0.2626,0.0003,-0.0196,-0.0934
/kaggle/input/datasets/duc24kdl/sub-x-ray/sub_X-Ray/sub_NIH/00001748_002.png,,sub_NIH,00001748_002.png,ok,512x512 -> 1024x1024,2,1,339.2,46.1683,1.571254,1.253497,0.9845,0.9982,0.0656,7.1182,46.8043,1.357232,1.165003,0.9867,0.9985,0.0828,0.0828,0.0828,6.9239,168.8203,41.6596,168.8203,41.6596,0.4415,46.8043,0.9867,1.357232,1.165003,0.6359,0.0003,-0.0172,0.1942
/kaggle/input/datasets/duc24kdl/sub-x-ray/sub_X-Ray/sub_NIH/00001748_004.png,,sub_NIH,00001748_004.png,ok,512x512 -> 1024x1024,2,1,345.12,36.6947,13.919129,3.730835,0.9813,0.998,0.0748,6.4214,37.0454,12.839268,3.583192,0.9834,0.9983,0.0898,0.0898,0.0898,6.6411,165.3953,54.355,165.3953,54.355,0.4469,37.0454,0.9834,12.839268,3.583192,0.3507,0.0003,-0.015,-0.2197
/kaggle/input/datasets/duc24kdl/sub-x-ray/sub_X-Ray/sub_NIH/00001748_007.png,,sub_NIH,00001748_007.png,ok,512x512 -> 1024x1024,2,1,346.62,35.2506,19.409573,4.40563,0.9831,0.9981,0.0643,6.3278,35.6269,17.798663,4.218846,0.9852,0.9984,0.077,0.077,0.077,6.3409,180.4688,50.9185,180.4688,50.9185,0.4956,35.6269,0.9852,17.798663,4.218846,0.3763,0.0003,-0.0128,-0.0131
/kaggle/input/datasets/duc24kdl/sub-x-ray/sub_X-Ray/sub_NIH/00001756_003.png,,sub_NIH,00001756_003.png,ok,512x512 -> 1024x1024,2,1,345.37,45.2291,1.950616,1.396645,0.986,0.9983,0.0539,6.7119,45.8715,1.682393,1.297071,0.988,0.9986,0.0696,0.0696,0.0696,6.6897,159.1104,51.977,159.1104,51.977,0.4611,45.8715,0.988,1.682393,1.297071,0.6424,0.0003,-0.0158,0.0221
/kaggle/input/datasets/duc24kdl/sub-x-ray/sub_X-Ray/sub_NIH/00001756_007.png,,sub_NIH,00001756_007.png,ok,512x512 -> 1024x1024,2,1,341.86,37.5823,11.346199,3.368412,0.9836,0.9982,0.0602,6.4357,37.9922,10.324244,3.213136,0.9857,0.9985,0.0725,0.0725,0.0725,6.4974,161.802,64.4377,161.802,64.4377,0.4577,37.9922,0.9857,10.324244,3.213136,0.4099,0.0003,-0.0123,-0.0617
/kaggle/input/datasets/duc24kdl/sub-x-ray/sub_X-Ray/sub_NIH/00001756_012.png,,sub_NIH,00001756_012.png,ok,512x512 -> 1024x1024,2,1,342.91,43.3501,3.006564,1.733945,0.9727,0.9975,0.1019,6.2252,43.6092,2.832451,1.682989,0.9745,0.9977,0.1184,0.1184,0.1184,6.0355,102.4296,68.4523,102.4296,68.4523,0.3315,43.6092,0.9745,2.832451,1.682989,0.2591,0.0003,-0.0165,0.1897
/kaggle/input/datasets/duc24kdl/sub-x-ray/sub_X-Ray/sub_NIH/00001756_015.png,,sub_NIH,00001756_015.png,ok,512x512 -> 1024x1024,2,1,340.61,41.3913,4.720062,2.17257,0.9629,0.9966,0.1343,6.5485,41.6768,4.419748,2.10232,0.9651,0.9969,0.1533,0.1533,0.1533,6.4746,119.0808,66.2497,119.0808,66.2497,0.4269,41.6768,0.9651,4.419748,2.10232,0.2855,0.0003,-0.0191,0.0739
/kaggle/input/datasets/duc24kdl/sub-x-ray/sub_X-Ray/sub_NIH/00001758_000.png,,sub_NIH,00001758_000.png,ok,512x512 -> 1024x1024,2,1,345.76,45.8464,1.692175,1.300836,0.9859,0.9983,0.0626,6.9654,46.4099,1.486254,1.21912,0.9879,0.9986,0.079,0.079,0.079,6.7736,162.7599,45.3332,162.7599,45.3332,0.5058,46.4099,0.9879,1.486254,1.21912,0.5635,0.0003,-0.0164,0.1918
/kaggle/input/datasets/duc24kdl/sub-x-ray/sub_X-Ray/sub_NIH/00001759_000.png,,sub_NIH,00001759_000.png,ok,512x512 -> 1024x1024,2,1,326.53,38.1187,10.027876,3.166682,0.9852,0.9985,0.0651,5.9121,38.3981,9.403023,3.066435,0.9866,0.9986,0.0768,0.0768,0.0768,5.8545,104.9099,85.7296,104.9099,85.7296,0.6238,38.3981,0.9866,9.403023,3.066435,0.2794,0.0002,-0.0117,0.0576
/kaggle/input/datasets/duc24kdl/sub-x-ray/sub_X-Ray/sub_NIH/00001761_000.png,,sub_NIH,00001761_000.png,ok,512x512 -> 1024x1024,2,1,344.52,40.8326,5.368132,2.316923,0.9638,0.9968,0.131,6.3957,41.1173,5.027536,2.242217,0.9659,0.9971,0.1472,0.1472,0.1472,6.3159,118.6242,66.3404,118.6242,66.3404,0.4541,41.1173,0.9659,5.027536,2.242217,0.2847,0.0003,-0.0163,0.0798
/kaggle/input/datasets/duc24kdl/sub-x-ray/sub_X-Ray/sub_NIH/00001762_003.png,,sub_NIH,00001762_003.png,ok,512x512 -> 1024x1024,2,1,343.12,42.6854,3.503815,1.871848,0.9653,0.9969,0.1256,6.3052,42.9686,3.282639,1.811805,0.9672,0.9972,0.1433,0.1433,0.1433,6.3795,115.3347,74.6138,115.3347,74.6138,0.391,42.9686,0.9672,3.282639,1.811805,0.2832,0.0003,-0.0177,-0.0744
/kaggle/input/datasets/duc24kdl/sub-x-ray/sub_X-Ray/sub_NIH/00001768_000.png,,sub_NIH,00001768_000.png,ok,512x512 -> 1024x1024,2,1,339.83,37.1479,12.539921,3.541175,0.984,0.9983,0.0676,6.7866,37.3352,12.010442,3.465608,0.9858,0.9985,0.0817,0.0817,0.0817,6.602,153.0206,70.8453,153.0206,70.8453,0.4731,37.3352,0.9858,12.010442,3.465608,0.1874,0.0003,-0.0141,0.1846
/kaggle/input/datasets/duc24kdl/sub-x-ray/sub_X-Ray/sub_NIH/00001770_000.png,,sub_NIH,00001770_000.png,ok,512x512 -> 1024x1024,2,1,342.91,45.7107,1.745876,1.321316,0.9815,0.998,0.0747,6.6554,46.214,1.554827,1.246927,0.9837,0.9983,0.0905,0.0905,0.0905,6.5922,168.8597,47.1517,168.8597,47.1517,0.4723,46.214,0.9837,1.554827,1.246927,0.5033,0.0003,-0.0158,0.0632
/kaggle/input/datasets/duc24kdl/sub-x-ray/sub_X-Ray/sub_NIH/00001770_002.png,,sub_NIH,00001770_002.png,ok,512x512 -> 1024x1024,2,1,340.83,37.6844,11.082559,3.329048,0.9843,0.9983,0.0608,6.4898,37.9877,10.334881,3.214791,0.9863,0.9985,0.0727,0.0727,0.0727,6.4713,165.3674,60.7486,165.3674,60.7486,0.5141,37.9877,0.9863,10.334881,3.214791,0.3033,0.0003,-0.012,0.0185
/kaggle/input/datasets/duc24kdl/sub-x-ray/sub_X-Ray/sub_NIH/00001771_003.png,,sub_NIH,00001771_003.png,ok,512x512 -> 1024x1024,2,1,344.58,42.7935,3.417685,1.848698,0.9791,0.9977,0.0809,6.8277,43.1092,3.178052,1.782709,0.9813,0.998,0.103,0.103,0.103,6.6626,101.9123,38.8061,101.9123,38.8061,0.4918,43.1092,0.9813,3.178052,1.782709,0.3157,0.0003,-0.0221,0.1652
/kaggle/input/datasets/duc24kdl/sub-x-ray/sub_X-Ray/sub_NIH/00001772_002.png,,sub_NIH,00001772_002.png,ok,512x512 -> 1024x1024,2,1,341.88,42.1391,3.973446,1.99335,0.9646,0.9968,0.1377,6.751,42.3798,3.75921,1.938868,0.9667,0.9971,0.1571,0.1571,0.1571,6.6298,120.4574,65.7149,120.4574,65.7149,0.3871,42.3798,0.9667,3.75921,1.938868,0.2407,0.0003,-0.0193,0.1212
/kaggle/input/datasets/duc24kdl/sub-x-ray/sub_X-Ray/sub_NIH/00001772_006.png,,sub_NIH,00001772_006.png,ok,512x512 -> 1024x1024,2,1,338.38,41.6776,4.419012,2.102145,0.9577,0.9963,0.153,6.7022,41.9016,4.196809,2.048611,0.9599,0.9966,0.1724,0.1724,0.1724,6.5766,120.3885,68.3509,120.3885,68.3509,0.3513,41.9016,0.9599,4.196809,2.048611,0.2241,0.0003,-0.0194,0.1256
/kaggle/input/datasets/duc24kdl/sub-x-ray/sub_X-Ray/sub_NIH/00001772_009.png,,sub_NIH,00001772_009.png,ok,512x512 -> 1024x1024,2,1,344.32,42.2926,3.835514,1.958447,0.9731,0.9975,0.1059,6.7308,42.5846,3.586048,1.893686,0.975,0.9977,0.1243,0.1243,0.1243,6.4191,127.7876,68.8858,127.7876,68.8858,0.3727,42.5846,0.975,3.586048,1.893686,0.2921,0.0003,-0.0184,0.3117
/kaggle/input/datasets/duc24kdl/sub-x-ray/sub_X-Ray/sub_NIH/00001774_000.png,,sub_NIH,00001774_000.png,ok,512x512 -> 1024x1024,2,1,340.8,45.2757,1.929806,1.389175,0.9762,0.9975,0.0953,6.7759,45.7505,1.72993,1.315268,0.9785,0.9978,0.1187,0.1187,0.1187,6.7788,106.0398,37.3546,106.0398,37.3546,0.4222,45.7505,0.9785,1.72993,1.315268,0.4749,0.0003,-0.0234,-0.0028
/kaggle/input/datasets/duc24kdl/sub-x-ray/sub_X-Ray/sub_NIH/00001775_000.png,,sub_NIH,00001775_000.png,ok,512x512 -> 1024x1024,2,1,340.89,39.1894,7.836853,2.799438,0.9838,0.9982,0.0567,6.6083,39.3548,7.543986,2.746632,0.9857,0.9984,0.0703,0.0703,0.0703,6.6668,153.9034,67.8045,153.9034,67.8045,0.4924,39.3548,0.9857,7.543986,2.746632,0.1654,0.0003,-0.0136,-0.0585
/kaggle/input/datasets/duc24kdl/sub-x-ray/sub_X-Ray/sub_NIH/00001775_004.png,,sub_NIH,00001775_004.png,ok,512x512 -> 1024x1024,2,1,343.97,42.1091,4.001022,2.000255,0.9568,0.9961,0.1578,6.3157,42.4075,3.735327,1.9327,0.9592,0.9964,0.1768,0.1768,0.1768,6.2769,116.763,72.1191,116.763,72.1191,0.3808,42.4075,0.9592,3.735327,1.9327,0.2984,0.0003,-0.019,0.0388
/kaggle/input/datasets/duc24kdl/sub-x-ray/sub_X-Ray/sub_NIH/00001777_001.png,,sub_NIH,00001777_001.png,ok,512x512 -> 1024x1024,2,1,344.85,47.1483,1.253856,1.119757,0.9846,0.9982,0.0587,6.9953,47.7822,1.083573,1.040948,0.9867,0.9985,0.0762,0.0762,0.0762,6.9534,158.6979,48.4729,158.6979,48.4729,0.4425,47.7822,0.9867,1.083573,1.040948,0.6339,0.0003,-0.0175,0.0419
/kaggle/input/datasets/duc24kdl/sub-x-ray/sub_X-Ray/sub_NIH/00001777_003.png,,sub_NIH,00001777_003.png,ok,512x512 -> 1024x1024,2,1,340.16,37.7203,10.991276,3.315309,0.9824,0.9981,0.068,6.8002,37.985,10.341338,3.215795,0.9844,0.9984,0.0832,0.0832,0.0832,6.6207,156.5596,65.5895,156.5596,65.5895,0.4816,37.985,0.9844,10.341338,3.215795,0.2647,0.0003,-0.0152,0.1795
/kaggle/input/datasets/duc24kdl/sub-x-ray/sub_X-Ray/sub_NIH/00001779_000.png,,sub_NIH,00001779_000.png,ok,512x512 -> 1024x1024,2,1,340.09,37.4256,11.763006,3.429724,0.9855,0.9984,0.0653,6.5855,37.6579,11.150273,3.339202,0.9874,0.9986,0.0798,0.0798,0.0798,6.7134,172.8984,50.4129,172.8984,50.4129,0.4822,37.6579,0.9874,11.150273,3.339202,0.2323,0.0003,-0.0145,-0.1279
/kaggle/input/datasets/duc24kdl/sub-x-ray/sub_X-Ray/sub_NIH/00001780_000.png,,sub_NIH,00001780_000.png,ok,512x512 -> 1024x1024,2,1,340.81,46.3036,1.52308,1.234131,0.9846,0.9982,0.0679,7.1869,46.658,1.403733,1.184793,0.9866,0.9985,0.0864,0.0864,0.0864,6.9982,175.2937,32.5279,175.2937,32.5279,0.4573,46.658,0.9866,1.403733,1.184793,0.3544,0.0003,-0.0184,0.1887
/kaggle/input/datasets/duc24kdl/sub-x-ray/sub_X-Ray/sub_NIH/00001782_000.png,,sub_NIH,00001782_000.png,ok,512x512 -> 1024x1024,2,1,338.6,44.7421,2.182071,1.477183,0.9862,0.9984,0.0493,6.8335,45.3572,1.893906,1.376192,0.9882,0.9986,0.0657,0.0657,0.0657,6.6985,156.6904,58.4314,156.6904,58.4314,0.5083,45.3572,0.9882,1.893906,1.376192,0.6151,0.0003,-0.0164,0.135
/kaggle/input/datasets/duc24kdl/sub-x-ray/sub_X-Ray/sub_NIH/00001783_001.png,,sub_NIH,00001783_001.png,ok,512x512 -> 1024x1024,2,1,341.98,41.6116,4.486615,2.118163,0.964,0.9967,0.1297,6.6655,41.9507,4.149597,2.037056,0.9664,0.997,0.148,0.148,0.148,6.5941,105.429,58.9704,105.429,58.9704,0.4545,41.9507,0.9664,4.149597,2.037056,0.3391,0.0003,-0.0184,0.0714
/kaggle/input/datasets/duc24kdl/sub-x-ray/sub_X-Ray/sub_NIH/00001787_000.png,,sub_NIH,00001787_000.png,ok,512x512 -> 1024x1024,2,1,342.89,38.1546,9.945352,3.153625,0.9778,0.9978,0.0858,6.6097,38.8698,8.43534,2.904366,0.9801,0.9981,0.1005,0.1005,0.1005,6.4657,136.2138,68.3427,136.2138,68.3427,0.4975,38.8698,0.9801,8.43534,2.904366,0.7152,0.0003,-0.0146,0.1439
/kaggle/input/datasets/duc24kdl/sub-x-ray/sub_X-Ray/sub_NIH/00001787_005.png,,sub_NIH,00001787_005.png,ok,512x512 -> 1024x1024,2,1,341.49,37.4823,11.6104,3.407404,0.9777,0.9975,0.105,7.3437,37.7588,10.894294,3.300651,0.9798,0.9978,0.1287,0.1287,0.1287,7.3039,114.571,51.3084,114.571,51.3084,0.6253,37.7588,0.9798,10.894294,3.300651,0.2765,0.0003,-0.0237,0.0398
/kaggle/input/datasets/duc24kdl/sub-x-ray/sub_X-Ray/sub_NIH/00001787_007.png,,sub_NIH,00001787_007.png,ok,512x512 -> 1024x1024,2,1,338.67,36.3309,15.135248,3.890405,0.9692,0.9969,0.1301,6.9087,36.7132,13.860058,3.72291,0.9715,0.9972,0.1517,0.1517,0.1517,6.9093,128.2424,57.2917,128.2424,57.2917,0.6063,36.7132,0.9715,13.860058,3.72291,0.3822,0.0003,-0.0216,-0.0007
/kaggle/input/datasets/duc24kdl/sub-x-ray/sub_X-Ray/sub_NIH/00001787_013.png,,sub_NIH,00001787_013.png,ok,512x512 -> 1024x1024,2,1,340.78,33.8627,26.71859,5.169003,0.9864,0.9982,0.0626,7.575,34.1861,24.800875,4.980048,0.988,0.9985,0.0832,0.0832,0.0832,7.3415,152.6003,55.015,152.6003,55.015,0.5599,34.1861,0.988,24.800875,4.980048,0.3235,0.0002,-0.0206,0.2334
/kaggle/input/datasets/duc24kdl/sub-x-ray/sub_X-Ray/sub_NIH/00001787_014.png,,sub_NIH,00001787_014.png,ok,512x512 -> 1024x1024,2,1,341.44,35.9914,16.366064,4.045499,0.9881,0.9983,0.055,7.334,36.2465,15.432418,3.928412,0.9897,0.9985,0.0766,0.0766,0.0766,7.1319,147.9394,49.0727,147.9394,49.0727,0.4858,36.2465,0.9897,15.432418,3.928412,0.2551,0.0002,-0.0216,0.2021
/kaggle/input/datasets/duc24kdl/sub-x-ray/sub_X-Ray/sub_NIH/00001788_003.png,,sub_NIH,00001788_003.png,ok,512x512 -> 1024x1024,2,1,341.86,39.2492,7.729599,2.780216,0.9754,0.9975,0.1172,8.3934,39.4745,7.338947,2.709049,0.9773,0.9977,0.1451,0.1451,0.1451,8.2131,119.2958,62.3758,119.2958,62.3758,0.4641,39.4745,0.9773,7.338947,2.709049,0.2252,0.0002,-0.028,0.1803
/kaggle/input/datasets/duc24kdl/sub-x-ray/sub_X-Ray/sub_NIH/00001788_006.png,,sub_NIH,00001788_006.png,ok,512x512 -> 1024x1024,2,1,343.14,42.2645,3.860368,1.964782,0.9633,0.9967,0.1365,6.4909,42.5223,3.637857,1.907317,0.9654,0.9969,0.1587,0.1587,0.1587,6.5806,141.8357,64.4176,141.8357,64.4176,0.3757,42.5223,0.9654,3.637857,1.907317,0.2578,0.0003,-0.0222,-0.0898
/kaggle/input/datasets/duc24kdl/sub-x-ray/sub_X-Ray/sub_NIH/00001792_002.png,,sub_NIH,00001792_002.png,ok,512x512 -> 1024x1024,2,1,343.75,41.7762,4.319766,2.078405,0.9604,0.9964,0.1619,7.1547,42.0028,4.100141,2.024881,0.9624,0.9967,0.1856,0.1856,0.1856,6.9759,135.2938,65.6803,135.2938,65.6803,0.3343,42.0028,0.9624,4.100141,2.024881,0.2266,0.0003,-0.0236,0.1789
/kaggle/input/datasets/duc24kdl/sub-x-ray/sub_X-Ray/sub_NIH/00001796_005.png,,sub_NIH,00001796_005.png,ok,512x512 -> 1024x1024,2,1,339.62,34.116,25.204775,5.020436,0.988,0.9985,0.0487,6.636,34.3602,23.826778,4.881268,0.9896,0.9988,0.0571,0.0571,0.0571,6.4994,195.574,52.0322,195.574,52.0322,0.5908,34.3602,0.9896,23.826778,4.881268,0.2442,0.0002,-0.0085,0.1366
/kaggle/input/datasets/duc24kdl/sub-x-ray/sub_X-Ray/sub_NIH/00001796_008.png,,sub_NIH,00001796_008.png,ok,512x512 -> 1024x1024,2,1,343.72,36.748,13.749334,3.708009,0.9844,0.9982,0.0584,6.7095,36.941,13.151736,3.626532,0.9862,0.9985,0.0704,0.0704,0.0704,6.4477,162.9538,71.7123,162.9538,71.7123,0.4881,36.941,0.9862,13.151736,3.626532,0.193,0.0003,-0.012,0.2617
/kaggle/input/datasets/duc24kdl/sub-x-ray/sub_X-Ray/sub_NIH/00001799_000.png,,sub_NIH,00001799_000.png,ok,512x512 -> 1024x1024,2,1,342.24,37.7276,10.972789,3.31252,0.9846,0.9982,0.0637,6.7326,37.833,10.709794,3.272582,0.9865,0.9985,0.0782,0.0782,0.0782,6.6167,160.8285,60.5855,160.8285,60.5855,0.4652,37.833,0.9865,10.709794,3.272582,0.1054,0.0003,-0.0145,0.1159
/kaggle/input/datasets/duc24kdl/sub-x-ray/sub_X-Ray/sub_NIH/00001800_000.png,,sub_NIH,00001800_000.png,ok,512x512 -> 1024x1024,2,1,343.98,36.9707,13.061879,3.614122,0.985,0.9982,0.0653,6.6869,37.207,12.370281,3.517141,0.987,0.9985,0.0788,0.0788,0.0788,6.7356,167.6331,55.7485,167.6331,55.7485,0.482,37.207,0.987,12.370281,3.517141,0.2363,0.0003,-0.0135,-0.0486
/kaggle/input/datasets/duc24kdl/sub-x-ray/sub_X-Ray/sub_NIH/00001803_005.png,,sub_NIH,00001803_005.png,ok,512x512 -> 1024x1024,2,1,339.76,36.4527,14.716559,3.836217,0.9844,0.9981,0.0801,8.4208,36.757,13.720731,3.70415,0.9861,0.9983,0.109,0.109,0.109,8.2295,111.7827,49.7481,111.7827,49.7481,0.4949,36.757,0.9861,13.720731,3.70415,0.3043,0.0002,-0.0289,0.1914
/kaggle/input/datasets/duc24kdl/sub-x-ray/sub_X-Ray/sub_NIH/00001803_006.png,,sub_NIH,00001803_006.png,ok,512x512 -> 1024x1024,2,1,341.58,40.5234,5.764168,2.400868,0.9535,0.9959,0.1622,6.7338,40.7775,5.436612,2.331654,0.9559,0.9962,0.1824,0.1824,0.1824,6.6173,126.5672,65.3422,126.5672,65.3422,0.3675,40.7775,0.9559,5.436612,2.331654,0.2541,0.0003,-0.0202,0.1164
/kaggle/input/datasets/duc24kdl/sub-x-ray/sub_X-Ray/sub_NIH/00001804_000.png,,sub_NIH,00001804_000.png,ok,512x512 -> 1024x1024,2,1,339.28,43.7689,2.730196,1.65233,0.9885,0.9986,0.0393,6.995,43.6582,2.800651,1.673515,0.9901,0.9988,0.0515,0.0515,0.0515,6.8536,170.9717,58.7873,170.9717,58.7873,0.4725,43.6582,0.9901,2.800651,1.673515,-0.1107,0.0002,-0.0122,0.1414
/kaggle/input/datasets/duc24kdl/sub-x-ray/sub_X-Ray/sub_NIH/00001806_004.png,,sub_NIH,00001806_004.png,ok,512x512 -> 1024x1024,2,1,344.72,42.6021,3.571658,1.889883,0.9637,0.9967,0.1425,6.8483,42.8653,3.361651,1.833481,0.9659,0.997,0.1636,0.1636,0.1636,6.7289,141.2954,64.9471,141.2954,64.9471,0.3656,42.8653,0.9659,3.361651,1.833481,0.2632,0.0003,-0.0211,0.1194
/kaggle/input/datasets/duc24kdl/sub-x-ray/sub_X-Ray/sub_NIH/00001809_002.png,,sub_NIH,00001809_002.png,ok,512x512 -> 1024x1024,2,1,343.23,41.7668,4.329128,2.080656,0.9559,0.9961,0.1596,6.8264,42.012,4.091518,2.02275,0.9581,0.9964,0.179,0.179,0.179,6.7207,135.3616,63.4016,135.3616,63.4016,0.3539,42.012,0.9581,4.091518,2.02275,0.2452,0.0003,-0.0194,0.1057
/kaggle/input/datasets/duc24kdl/sub-x-ray/sub_X-Ray/sub_NIH/00001809_003.png,,sub_NIH,00001809_003.png,ok,512x512 -> 1024x1024,2,1,337.95,40.7546,5.465345,2.337808,0.9506,0.9956,0.1665,6.5563,40.9998,5.165416,2.272755,0.9529,0.996,0.1835,0.1835,0.1835,6.5151,130.416,67.7701,130.416,67.7701,0.3771,40.9998,0.9529,5.165416,2.272755,0.2451,0.0003,-0.017,0.0413
/kaggle/input/datasets/duc24kdl/sub-x-ray/sub_X-Ray/sub_NIH/00001809_005.png,,sub_NIH,00001809_005.png,ok,512x512 -> 1024x1024,2,1,337.64,40.324,6.035061,2.456636,0.9549,0.996,0.1523,6.2534,40.5492,5.730066,2.393756,0.9572,0.9964,0.1685,0.1685,0.1685,6.2181,116.6044,69.366,116.6044,69.366,0.3508,40.5492,0.9572,5.730066,2.393756,0.2252,0.0003,-0.0161,0.0353
/kaggle/input/datasets/duc24kdl/sub-x-ray/sub_X-Ray/sub_NIH/00001814_004.png,,sub_NIH,00001814_004.png,ok,512x512 -> 1024x1024,2,1,328.15,39.4101,7.448584,2.729209,0.9872,0.9985,0.0636,7.0186,39.7403,6.903217,2.627397,0.9886,0.9987,0.0798,0.0798,0.0798,6.8806,112.397,76.5019,112.397,76.5019,0.5178,39.7403,0.9886,6.903217,2.627397,0.3302,0.0002,-0.0162,0.138
/kaggle/input/datasets/duc24kdl/sub-x-ray/sub_X-Ray/sub_NIH/00001818_003.png,,sub_NIH,00001818_003.png,ok,512x512 -> 1024x1024,2,1,341.42,42.5723,3.596256,1.89638,0.9674,0.9971,0.1172,6.2679,42.858,3.367261,1.83501,0.9694,0.9973,0.1339,0.1339,0.1339,6.3277,100.6512,71.7966,100.6512,71.7966,0.4142,42.858,0.9694,3.367261,1.83501,0.2857,0.0003,-0.0166,-0.0599
/kaggle/input/datasets/duc24kdl/sub-x-ray/sub_X-Ray/sub_NIH/00001819_002.png,,sub_NIH,00001819_002.png,ok,512x512 -> 1024x1024,2,1,342.33,37.8146,10.755276,3.279524,0.9781,0.9977,0.0738,6.493,38.0746,10.130321,3.182817,0.9802,0.998,0.0872,0.0872,0.0872,6.3058,156.4575,71.75,156.4575,71.75,0.6941,38.0746,0.9802,10.130321,3.182817,0.26,0.0003,-0.0134,0.1872
/kaggle/input/datasets/duc24kdl/sub-x-ray/sub_X-Ray/sub_NIH/00001819_004.png,,sub_NIH,00001819_004.png,ok,512x512 -> 1024x1024,2,1,343.83,43.1869,3.121662,1.766823,0.9764,0.9975,0.0964,6.8527,43.2885,3.049487,1.746278,0.9787,0.9978,0.1179,0.1179,0.1179,6.7602,134.4174,50.6756,134.4174,50.6756,0.495,43.2885,0.9787,3.049487,1.746278,0.1016,0.0003,-0.0215,0.0924
/kaggle/input/datasets/duc24kdl/sub-x-ray/sub_X-Ray/sub_NIH/00001819_006.png,,sub_NIH,00001819_006.png,ok,512x512 -> 1024x1024,2,1,342.87,39.4001,7.465644,2.732333,0.9853,0.9982,0.0735,7.1502,39.6143,7.106382,2.66578,0.9871,0.9985,0.0966,0.0966,0.0966,7.17,135.897,38.9177,135.897,38.9177,0.4923,39.6143,0.9871,7.106382,2.66578,0.2142,0.0003,-0.0231,-0.0198
/kaggle/input/datasets/duc24kdl/sub-x-ray/sub_X-Ray/sub_NIH/00001820_003.png,,sub_NIH,00001820_003.png,ok,512x512 -> 1024x1024,2,1,343.96,39.2202,7.781534,2.78954,0.9873,0.9984,0.0636,7.3365,39.3388,7.571903,2.751709,0.989,0.9987,0.0836,0.0836,0.0836,7.0919,138.9473,48.6568,138.9473,48.6568,0.4596,39.3388,0.989,7.571903,2.751709,0.1186,0.0003,-0.02,0.2446
/kaggle/input/datasets/duc24kdl/sub-x-ray/sub_X-Ray/sub_NIH/00001820_005.png,,sub_NIH,00001820_005.png,ok,512x512 -> 1024x1024,2,1,342.08,37.6495,11.171893,3.342438,0.9843,0.9983,0.0635,6.5719,37.9597,10.40191,3.225199,0.9862,0.9985,0.0771,0.0771,0.0771,6.768,158.2898,59.3311,158.2898,59.3311,0.453,37.9597,0.9862,10.40191,3.225199,0.3101,0.0003,-0.0135,-0.1961
/kaggle/input/datasets/duc24kdl/sub-x-ray/sub_X-Ray/sub_NIH/00001821_000.png,,sub_NIH,00001821_000.png,ok,512x512 -> 1024x1024,2,1,340.52,40.7179,5.511812,2.347725,0.9552,0.996,0.1596,6.7217,41.0596,5.094748,2.257155,0.9577,0.9963,0.1785,0.1785,0.1785,6.6662,111.6004,62.1934,111.6004,62.1934,0.3738,41.0596,0.9577,5.094748,2.257155,0.3417,0.0004,-0.0189,0.0555
/kaggle/input/datasets/duc24kdl/sub-x-ray/sub_X-Ray/sub_NIH/00001823_000.png,,sub_NIH,00001823_000.png,ok,512x512 -> 1024x1024,2,1,341.4,37.2169,12.342227,3.513151,0.9854,0.9982,0.0582,6.9695,37.3666,11.923858,3.453094,0.9872,0.9985,0.0737,0.0737,0.0737,6.822,160.3791,66.4086,160.3791,66.4086,0.4826,37.3666,0.9872,11.923858,3.453094,0.1498,0.0003,-0.0155,0.1475
/kaggle/input/datasets/duc24kdl/sub-x-ray/sub_X-Ray/sub_NIH/00001829_000.png,,sub_NIH,00001829_000.png,ok,512x512 -> 1024x1024,2,1,340.79,37.9996,10.306688,3.210403,0.9859,0.9984,0.0542,6.8604,38.3172,9.579895,3.095141,0.9878,0.9986,0.0669,0.0669,0.0669,6.7692,158.3421,64.3289,158.3421,64.3289,0.4625,38.3172,0.9878,9.579895,3.095141,0.3176,0.0003,-0.0127,0.0912
/kaggle/input/datasets/duc24kdl/sub-x-ray/sub_X-Ray/sub_NIH/00001832_000.png,,sub_NIH,00001832_000.png,ok,512x512 -> 1024x1024,2,1,340.36,38.1454,9.96645,3.156968,0.9851,0.9983,0.0695,6.9254,38.3912,9.418111,3.068894,0.9871,0.9986,0.0854,0.0854,0.0854,6.8877,161.2759,50.7524,161.2759,50.7524,0.4742,38.3912,0.9871,9.418111,3.068894,0.2458,0.0003,-0.0158,0.0377
/kaggle/input/datasets/duc24kdl/sub-x-ray/sub_X-Ray/sub_NIH/00001833_003.png,,sub_NIH,00001833_003.png,ok,512x512 -> 1024x1024,2,1,341.8,38.0901,10.094224,3.177141,0.9865,0.9984,0.0618,7.4815,38.3183,9.57757,3.094765,0.9882,0.9986,0.0812,0.0812,0.0812,7.4141,160.7523,45.0986,160.7523,45.0986,0.4784,38.3183,0.9882,9.57757,3.094765,0.2282,0.0002,-0.0194,0.0674
/kaggle/input/datasets/duc24kdl/sub-x-ray/sub_X-Ray/sub_NIH/00001833_004.png,,sub_NIH,00001833_004.png,ok,512x512 -> 1024x1024,2,1,340.39,39.105,7.990674,2.826778,0.9875,0.9984,0.0588,7.6053,39.3472,7.557122,2.749022,0.9891,0.9986,0.0778,0.0778,0.0778,7.4582,150.6959,50.3206,150.6959,50.3206,0.4719,39.3472,0.9891,7.557122,2.749022,0.2423,0.0002,-0.019,0.1471
/kaggle/input/datasets/duc24kdl/sub-x-ray/sub_X-Ray/sub_NIH/00001833_013.png,,sub_NIH,00001833_013.png,ok,512x512 -> 1024x1024,2,1,343.74,42.7751,3.432156,1.852608,0.9637,0.9967,0.142,6.6339,43.0605,3.213867,1.792726,0.9658,0.997,0.1612,0.1612,0.1612,6.5102,121.8003,65.5705,121.8003,65.5705,0.3811,43.0605,0.9658,3.213867,1.792726,0.2854,0.0003,-0.0192,0.1237
/kaggle/input/datasets/duc24kdl/sub-x-ray/sub_X-Ray/sub_NIH/00001836_003.png,,sub_NIH,00001836_003.png,ok,512x512 -> 1024x1024,2,1,344.16,36.5698,14.325083,3.784849,0.9826,0.998,0.0827,6.5579,36.8409,13.458388,3.668568,0.9846,0.9983,0.1046,0.1046,0.1046,6.8049,113.278,59.3532,113.278,59.3532,0.5427,36.8409,0.9846,13.458388,3.668568,0.271,0.0003,-0.0219,-0.2471
/kaggle/input/datasets/duc24kdl/sub-x-ray/sub_X-Ray/sub_NIH/00001836_008.png,,sub_NIH,00001836_008.png,ok,512x512 -> 1024x1024,2,1,343.66,37.2422,12.270324,3.502902,0.9802,0.9977,0.0675,5.8349,37.5109,11.534158,3.396198,0.9824,0.998,0.0833,0.0833,0.0833,5.9925,150.6453,60.3546,150.6453,60.3546,0.5248,37.5109,0.9824,11.534158,3.396198,0.2687,0.0003,-0.0157,-0.1576
/kaggle/input/datasets/duc24kdl/sub-x-ray/sub_X-Ray/sub_NIH/00001836_013.png,,sub_NIH,00001836_013.png,ok,512x512 -> 1024x1024,2,1,342.63,39.2138,7.792882,2.791573,0.9832,0.998,0.0798,6.9251,39.5638,7.189489,2.681322,0.9852,0.9983,0.1018,0.1018,0.1018,7.0119,111.1016,50.4199,111.1016,50.4199,0.532,39.5638,0.9852,7.189489,2.681322,0.35,0.0003,-0.022,-0.0868
/kaggle/input/datasets/duc24kdl/sub-x-ray/sub_X-Ray/sub_NIH/00001836_015.png,,sub_NIH,00001836_015.png,ok,512x512 -> 1024x1024,2,1,342.8,36.1943,15.619063,3.952096,0.9821,0.9979,0.0819,5.8744,36.5555,14.372427,3.791098,0.9843,0.9982,0.1011,0.1011,0.1011,6.1014,108.5322,55.0718,108.5322,55.0718,0.5482,36.5555,0.9843,14.372427,3.791098,0.3612,0.0003,-0.0191,-0.227
/kaggle/input/datasets/duc24kdl/sub-x-ray/sub_X-Ray/sub_NIH/00001836_027.png,,sub_NIH,00001836_027.png,ok,512x512 -> 1024x1024,2,1,345.47,38.6687,8.835067,2.972384,0.9813,0.9979,0.0818,6.5835,39.0071,8.172768,2.858805,0.9835,0.9982,0.1002,0.1002,0.1002,6.6335,115.3576,49.4468,115.3576,49.4468,0.5329,39.0071,0.9835,8.172768,2.858805,0.3384,0.0003,-0.0184,-0.05
/kaggle/input/datasets/duc24kdl/sub-x-ray/sub_X-Ray/sub_NIH/00001836_035.png,,sub_NIH,00001836_035.png,ok,512x512 -> 1024x1024,2,1,345.53,39.0288,8.132016,2.851669,0.9822,0.998,0.0794,6.3665,39.3895,7.483891,2.73567,0.9845,0.9983,0.0986,0.0986,0.0986,6.4302,109.6824,47.8181,109.6824,47.8181,0.5374,39.3895,0.9845,7.483891,2.73567,0.3607,0.0003,-0.0192,-0.0637
/kaggle/input/datasets/duc24kdl/sub-x-ray/sub_X-Ray/sub_NIH/00001836_042.png,,sub_NIH,00001836_042.png,ok,512x512 -> 1024x1024,2,1,338.18,34.987,20.624386,4.541408,0.9838,0.9981,0.0758,6.1666,35.3182,19.109956,4.371494,0.9859,0.9984,0.0926,0.0926,0.0926,6.5149,105.8931,58.9381,105.8931,58.9381,0.5612,35.3182,0.9859,19.109956,4.371494,0.3312,0.0003,-0.0168,-0.3482
/kaggle/input/datasets/duc24kdl/sub-x-ray/sub_X-Ray/sub_NIH/00001836_043.png,,sub_NIH,00001836_043.png,ok,512x512 -> 1024x1024,2,1,347.05,37.1197,12.621503,3.552676,0.9813,0.9979,0.0827,6.0609,37.5313,11.480291,3.388258,0.9836,0.9982,0.1024,0.1024,0.1024,6.367,108.8032,49.336,108.8032,49.336,0.5504,37.5313,0.9836,11.480291,3.388258,0.4116,0.0003,-0.0197,-0.3061
/kaggle/input/datasets/duc24kdl/sub-x-ray/sub_X-Ray/sub_NIH/00001836_046.png,,sub_NIH,00001836_046.png,ok,512x512 -> 1024x1024,2,1,341.97,39.4653,7.35438,2.711896,0.9837,0.9981,0.076,6.8753,39.8266,6.767412,2.601425,0.9859,0.9984,0.0964,0.0964,0.0964,6.8755,113.4245,51.4862,113.4245,51.4862,0.5324,39.8266,0.9859,6.767412,2.601425,0.3612,0.0003,-0.0204,-0.0002
/kaggle/input/datasets/duc24kdl/sub-x-ray/sub_X-Ray/sub_NIH/00001836_049.png,,sub_NIH,00001836_049.png,ok,512x512 -> 1024x1024,2,1,343.19,40.4575,5.85234,2.419161,0.9831,0.9981,0.0792,6.4024,40.7571,5.462294,2.337155,0.9852,0.9984,0.0988,0.0988,0.0988,6.485,109.8119,49.1517,109.8119,49.1517,0.4692,40.7571,0.9852,5.462294,2.337155,0.2995,0.0003,-0.0196,-0.0826
/kaggle/input/datasets/duc24kdl/sub-x-ray/sub_X-Ray/sub_NIH/00001836_053.png,,sub_NIH,00001836_053.png,ok,512x512 -> 1024x1024,2,1,339.19,38.3032,9.610771,3.100124,0.9822,0.998,0.0809,6.3872,38.6451,8.883236,2.980476,0.9843,0.9983,0.0978,0.0978,0.0978,6.3938,99.3144,57.3876,99.3144,57.3876,0.5524,38.6451,0.9843,8.883236,2.980476,0.3419,0.0003,-0.0169,-0.0065
/kaggle/input/datasets/duc24kdl/sub-x-ray/sub_X-Ray/sub_NIH/00001836_055.png,,sub_NIH,00001836_055.png,ok,512x512 -> 1024x1024,2,1,342.36,39.1143,7.973515,2.823741,0.9786,0.9977,0.085,6.1767,39.421,7.429789,2.725764,0.9809,0.998,0.101,0.101,0.101,6.3371,104.6095,57.4345,104.6095,57.4345,0.4923,39.421,0.9809,7.429789,2.725764,0.3067,0.0003,-0.016,-0.1604
/kaggle/input/datasets/duc24kdl/sub-x-ray/sub_X-Ray/sub_NIH/00001836_060.png,,sub_NIH,00001836_060.png,ok,512x512 -> 1024x1024,2,1,347.47,37.6227,11.241094,3.352774,0.9822,0.998,0.0803,6.4572,37.9564,10.409845,3.226429,0.9843,0.9983,0.099,0.099,0.099,6.6163,100.4031,52.4569,100.4031,52.4569,0.5721,37.9564,0.9843,10.409845,3.226429,0.3336,0.0003,-0.0187,-0.1591
/kaggle/input/datasets/duc24kdl/sub-x-ray/sub_X-Ray/sub_NIH/00001836_067.png,,sub_NIH,00001836_067.png,ok,512x512 -> 1024x1024,2,1,343.08,40.5807,5.688644,2.385088,0.9834,0.9981,0.0747,6.5139,40.8925,5.294624,2.301005,0.9856,0.9984,0.0924,0.0924,0.0924,6.5351,110.3973,53.6548,110.3973,53.6548,0.4631,40.8925,0.9856,5.294624,2.301005,0.3117,0.0003,-0.0177,-0.0212
/kaggle/input/datasets/duc24kdl/sub-x-ray/sub_X-Ray/sub_NIH/00001836_073.png,,sub_NIH,00001836_073.png,ok,512x512 -> 1024x1024,2,1,342.82,37.4895,11.591279,3.404597,0.9836,0.9981,0.0772,6.25,37.8671,10.625937,3.259745,0.9858,0.9984,0.095,0.095,0.095,6.4826,115.537,54.9312,115.537,54.9312,0.5126,37.8671,0.9858,10.625937,3.259745,0.3776,0.0003,-0.0178,-0.2326
/kaggle/input/datasets/duc24kdl/sub-x-ray/sub_X-Ray/sub_NIH/00001836_074.png,,sub_NIH,00001836_074.png,ok,512x512 -> 1024x1024,2,1,345.53,36.7186,13.842565,3.72056,0.9826,0.998,0.0728,6.6136,37.0338,12.873465,3.587961,0.9847,0.9983,0.0886,0.0886,0.0886,6.7027,114.0319,53.1856,114.0319,53.1856,0.569,37.0338,0.9847,12.873465,3.587961,0.3152,0.0003,-0.0158,-0.089
/kaggle/input/datasets/duc24kdl/sub-x-ray/sub_X-Ray/sub_NIH/00001836_092.png,,sub_NIH,00001836_092.png,ok,512x512 -> 1024x1024,2,1,344.77,39.1257,7.952586,2.820033,0.9831,0.9981,0.0751,6.4369,39.4869,7.317915,2.705164,0.9852,0.9983,0.092,0.092,0.092,6.5876,106.2071,57.683,106.2071,57.683,0.5291,39.4869,0.9852,7.317915,2.705164,0.3612,0.0003,-0.0169,-0.1507
/kaggle/input/datasets/duc24kdl/sub-x-ray/sub_X-Ray/sub_NIH/00001836_105.png,,sub_NIH,00001836_105.png,ok,512x512 -> 1024x1024,2,1,339.2,36.9656,13.077386,3.616267,0.9796,0.9979,0.0863,6.0718,37.3421,11.991283,3.462843,0.9818,0.9981,0.1036,0.1036,0.1036,6.2471,105.755,59.1453,105.755,59.1453,0.5253,37.3421,0.9818,11.991283,3.462843,0.3766,0.0003,-0.0173,-0.1753
/kaggle/input/datasets/duc24kdl/sub-x-ray/sub_X-Ray/sub_NIH/00001836_106.png,,sub_NIH,00001836_106.png,ok,512x512 -> 1024x1024,2,1,347.07,38.6585,8.855903,2.975887,0.9814,0.9979,0.0805,6.169,39.0022,8.182002,2.86042,0.9836,0.9982,0.0979,0.0979,0.0979,6.3232,115.5046,48.119,115.5046,48.119,0.5337,39.0022,0.9836,8.182002,2.86042,0.3437,0.0003,-0.0174,-0.1542
/kaggle/input/datasets/duc24kdl/sub-x-ray/sub_X-Ray/sub_NIH/00001836_107.png,,sub_NIH,00001836_107.png,ok,512x512 -> 1024x1024,2,1,342.86,39.9689,6.549231,2.559147,0.9826,0.998,0.0781,6.3892,40.2332,6.162577,2.482454,0.9848,0.9984,0.0963,0.0963,0.0963,6.4273,110.4989,47.526,110.4989,47.526,0.6129,40.2332,0.9848,6.162577,2.482454,0.2643,0.0003,-0.0182,-0.038
/kaggle/input/datasets/duc24kdl/sub-x-ray/sub_X-Ray/sub_NIH/00001836_118.png,,sub_NIH,00001836_118.png,ok,512x512 -> 1024x1024,2,1,343.12,38.2912,9.637417,3.104419,0.9828,0.998,0.0738,6.1006,38.6383,8.897215,2.98282,0.985,0.9983,0.0902,0.0902,0.0902,6.3412,111.9623,54.9057,111.9623,54.9057,0.5329,38.6383,0.985,8.897215,2.98282,0.3471,0.0003,-0.0164,-0.2405
/kaggle/input/datasets/duc24kdl/sub-x-ray/sub_X-Ray/sub_NIH/00001836_122.png,,sub_NIH,00001836_122.png,ok,512x512 -> 1024x1024,2,1,347.93,37.9866,10.337685,3.215227,0.9819,0.998,0.0802,6.2469,38.3024,9.612515,3.100406,0.9841,0.9983,0.0982,0.0982,0.0982,6.3593,106.7058,48.9706,106.7058,48.9706,0.5086,38.3024,0.9841,9.612515,3.100406,0.3159,0.0003,-0.018,-0.1124
/kaggle/input/datasets/duc24kdl/sub-x-ray/sub_X-Ray/sub_NIH/00001836_123.png,,sub_NIH,00001836_123.png,ok,512x512 -> 1024x1024,2,1,346.18,36.3463,15.081714,3.883518,0.9804,0.9978,0.0824,6.1134,36.6573,14.039319,3.746908,0.9826,0.9982,0.1006,0.1006,0.1006,6.2835,110.8432,51.3218,110.8432,51.3218,0.5535,36.6573,0.9826,14.039319,3.746908,0.311,0.0003,-0.0182,-0.1702
/kaggle/input/datasets/duc24kdl/sub-x-ray/sub_X-Ray/sub_NIH/00001836_126.png,,sub_NIH,00001836_126.png,ok,512x512 -> 1024x1024,2,1,348.49,36.5307,14.454604,3.801921,0.9804,0.9978,0.0853,6.117,36.9403,13.153745,3.626809,0.9828,0.9982,0.1032,0.1032,0.1032,6.3997,111.0303,52.2342,111.0303,52.2342,0.5441,36.9403,0.9828,13.153745,3.626809,0.4096,0.0003,-0.0179,-0.2828
/kaggle/input/datasets/duc24kdl/sub-x-ray/sub_X-Ray/sub_NIH/00001837_000.png,,sub_NIH,00001837_000.png,ok,512x512 -> 1024x1024,2,1,338.52,44.3875,2.367695,1.538732,0.9832,0.9981,0.065,6.5238,44.4864,2.314412,1.521319,0.9853,0.9984,0.0798,0.0798,0.0798,6.6238,173.6327,48.6848,173.6327,48.6848,0.4737,44.4864,0.9853,2.314412,1.521319,0.0989,0.0003,-0.0148,-0.0999
/kaggle/input/datasets/duc24kdl/sub-x-ray/sub_X-Ray/sub_NIH/00001839_002.png,,sub_NIH,00001839_002.png,ok,512x512 -> 1024x1024,2,1,347.19,42.3679,3.769586,1.941542,0.9628,0.9966,0.1366,6.7082,42.6265,3.551692,1.884593,0.965,0.9969,0.1552,0.1552,0.1552,6.6833,115.3364,68.4312,115.3364,68.4312,0.3718,42.6265,0.965,3.551692,1.884593,0.2586,0.0003,-0.0186,0.0249
/kaggle/input/datasets/duc24kdl/sub-x-ray/sub_X-Ray/sub_NIH/00001841_000.png,,sub_NIH,00001841_000.png,ok,512x512 -> 1024x1024,2,1,342.99,36.3787,14.969654,3.869064,0.9851,0.9982,0.0704,6.7925,36.7334,13.795564,3.714238,0.987,0.9984,0.0914,0.0914,0.0914,7.0259,112.9629,53.9144,112.9629,53.9144,0.556,36.7334,0.987,13.795564,3.714238,0.3547,0.0002,-0.021,-0.2334
/kaggle/input/datasets/duc24kdl/sub-x-ray/sub_X-Ray/sub_NIH/00001845_001.png,,sub_NIH,00001845_001.png,ok,512x512 -> 1024x1024,2,1,342.77,39.1007,7.998499,2.828162,0.9829,0.9981,0.0883,7.5815,39.3425,7.565431,2.750533,0.9848,0.9983,0.1155,0.1155,0.1155,7.5269,140.6126,36.6449,140.6126,36.6449,0.4673,39.3425,0.9848,7.565431,2.750533,0.2417,0.0002,-0.0272,0.0546
/kaggle/input/datasets/duc24kdl/sub-x-ray/sub_X-Ray/sub_NIH/00001847_003.png,,sub_NIH,00001847_003.png,ok,512x512 -> 1024x1024,2,1,339.71,39.3426,7.565226,2.750496,0.9856,0.9984,0.0599,6.5248,39.6997,6.967956,2.639689,0.9874,0.9986,0.0717,0.0717,0.0717,6.4046,130.6673,74.4355,130.6673,74.4355,0.5483,39.6997,0.9874,6.967956,2.639689,0.3572,0.0002,-0.0118,0.1202
/kaggle/input/datasets/duc24kdl/sub-x-ray/sub_X-Ray/sub_NIH/00001847_004.png,,sub_NIH,00001847_004.png,ok,512x512 -> 1024x1024,2,1,343.04,38.1324,9.996277,3.161689,0.9853,0.9984,0.0662,6.6547,38.4958,9.193818,3.032131,0.9871,0.9986,0.0834,0.0834,0.0834,6.7327,146.0158,58.3301,146.0158,58.3301,0.4576,38.4958,0.9871,9.193818,3.032131,0.3634,0.0002,-0.0172,-0.078
/kaggle/input/datasets/duc24kdl/sub-x-ray/sub_X-Ray/sub_NIH/00001847_006.png,,sub_NIH,00001847_006.png,ok,512x512 -> 1024x1024,2,1,340.2,39.1634,7.883925,2.807833,0.9887,0.9985,0.0535,7.2845,39.4119,7.445358,2.728618,0.9904,0.9988,0.0683,0.0683,0.0683,7.0464,150.5989,55.0062,150.5989,55.0062,0.4699,39.4119,0.9904,7.445358,2.728618,0.2486,0.0003,-0.0148,0.2381
/kaggle/input/datasets/duc24kdl/sub-x-ray/sub_X-Ray/sub_NIH/00001847_007.png,,sub_NIH,00001847_007.png,ok,512x512 -> 1024x1024,2,1,346.65,38.6757,8.820803,2.969984,0.9866,0.9984,0.056,7.3495,38.9042,8.368791,2.892886,0.9883,0.9987,0.0699,0.0699,0.0699,7.0911,150.863,52.1291,150.863,52.1291,0.4429,38.9042,0.9883,8.368791,2.892886,0.2285,0.0002,-0.0139,0.2584
/kaggle/input/datasets/duc24kdl/sub-x-ray/sub_X-Ray/sub_NIH/00001851_003.png,,sub_NIH,00001851_003.png,ok,512x512 -> 1024x1024,2,1,339.91,36.7911,13.613417,3.689636,0.9773,0.9976,0.1093,7.1154,37.1479,12.539784,3.541156,0.9793,0.9979,0.1381,0.1381,0.1381,7.2011,122.6092,44.7281,122.6092,44.7281,0.5284,37.1479,0.9793,12.539784,3.541156,0.3568,0.0002,-0.0288,-0.0858
/kaggle/input/datasets/duc24kdl/sub-x-ray/sub_X-Ray/sub_NIH/00001854_000.png,,sub_NIH,00001854_000.png,ok,512x512 -> 1024x1024,2,1,319.77,37.1018,12.67352,3.559989,0.9857,0.9985,0.0669,6.0178,37.5671,11.385972,3.374311,0.9871,0.9986,0.0785,0.0785,0.0785,6.0168,64.1289,72.9159,64.1289,72.9159,0.6005,37.5671,0.9871,11.385972,3.374311,0.4653,0.0002,-0.0116,0.001
/kaggle/input/datasets/duc24kdl/sub-x-ray/sub_X-Ray/sub_NIH/00001855_001.png,,sub_NIH,00001855_001.png,ok,512x512 -> 1024x1024,2,1,319.48,39.7324,6.91583,2.629797,0.9892,0.9988,0.051,6.3447,40.0743,6.392254,2.528291,0.9903,0.9989,0.0617,0.0617,0.0617,6.0502,78.7344,83.5047,78.7344,83.5047,0.562,40.0743,0.9903,6.392254,2.528291,0.3419,0.0001,-0.0106,0.2945
/kaggle/input/datasets/duc24kdl/sub-x-ray/sub_X-Ray/sub_NIH/00001855_004.png,,sub_NIH,00001855_004.png,ok,512x512 -> 1024x1024,2,1,343.11,46.8845,1.3324,1.154296,0.9888,0.9986,0.0393,6.8469,47.3788,1.189039,1.09043,0.9903,0.9988,0.0518,0.0518,0.0518,6.7462,165.2725,74.9572,165.2725,74.9572,0.4568,47.3788,0.9903,1.189039,1.09043,0.4944,0.0002,-0.0125,0.1007
/kaggle/input/datasets/duc24kdl/sub-x-ray/sub_X-Ray/sub_NIH/00001855_012.png,,sub_NIH,00001855_012.png,ok,512x512 -> 1024x1024,2,1,325.0,38.6553,8.862288,2.97696,0.989,0.9987,0.0465,6.1592,38.9968,8.19217,2.862197,0.9903,0.9989,0.0565,0.0565,0.0565,5.9622,90.3929,82.3752,90.3929,82.3752,0.5665,38.9968,0.9903,8.19217,2.862197,0.3415,0.0002,-0.01,0.1971
/kaggle/input/datasets/duc24kdl/sub-x-ray/sub_X-Ray/sub_NIH/00001855_013.png,,sub_NIH,00001855_013.png,ok,512x512 -> 1024x1024,2,1,326.16,39.929,6.609753,2.570944,0.9878,0.9985,0.0508,6.841,40.0739,6.392849,2.528408,0.9891,0.9987,0.0622,0.0622,0.0622,6.561,98.9612,86.5543,98.9612,86.5543,0.5495,40.0739,0.9891,6.392849,2.528408,0.1449,0.0002,-0.0114,0.28
/kaggle/input/datasets/duc24kdl/sub-x-ray/sub_X-Ray/sub_NIH/00001855_015.png,,sub_NIH,00001855_015.png,ok,512x512 -> 1024x1024,2,1,333.51,39.6358,7.071346,2.6592,0.9903,0.9987,0.0425,7.4907,39.6145,7.1061,2.665727,0.9915,0.9989,0.0526,0.0526,0.0526,7.1942,107.0005,82.2115,107.0005,82.2115,0.5771,39.6145,0.9915,7.1061,2.665727,-0.0213,0.0002,-0.0101,0.2966
/kaggle/input/datasets/duc24kdl/sub-x-ray/sub_X-Ray/sub_NIH/00001855_024.png,,sub_NIH,00001855_024.png,ok,512x512 -> 1024x1024,2,1,343.07,38.2031,9.834893,3.136063,0.9887,0.9986,0.047,7.6913,38.4567,9.276956,3.04581,0.9902,0.9988,0.0572,0.0572,0.0572,7.3442,131.2522,69.809,131.2522,69.809,0.4738,38.4567,0.9902,9.276956,3.04581,0.2536,0.0002,-0.0102,0.3471
/kaggle/input/datasets/duc24kdl/sub-x-ray/sub_X-Ray/sub_NIH/00001855_026.png,,sub_NIH,00001855_026.png,ok,512x512 -> 1024x1024,2,1,333.48,40.0461,6.433792,2.536492,0.9909,0.9988,0.0397,7.3998,40.3445,6.006641,2.450845,0.9921,0.999,0.0482,0.0482,0.0482,7.106,103.4391,85.4389,103.4391,85.4389,0.4938,40.3445,0.9921,6.006641,2.450845,0.2984,0.0002,-0.0085,0.2937
/kaggle/input/datasets/duc24kdl/sub-x-ray/sub_X-Ray/sub_NIH/00001855_029.png,,sub_NIH,00001855_029.png,ok,512x512 -> 1024x1024,2,1,340.19,37.3311,12.021794,3.467246,0.9863,0.9984,0.0536,6.391,37.6583,11.149498,3.339086,0.9882,0.9986,0.0683,0.0683,0.0683,6.9058,127.4978,70.5261,127.4978,70.5261,0.5046,37.6583,0.9882,11.149498,3.339086,0.3271,0.0003,-0.0147,-0.5148
/kaggle/input/datasets/duc24kdl/sub-x-ray/sub_X-Ray/sub_NIH/00001857_000.png,,sub_NIH,00001857_000.png,ok,512x512 -> 1024x1024,2,1,346.24,43.8019,2.709527,1.646064,0.985,0.9982,0.0508,6.633,44.3967,2.36271,1.537111,0.9871,0.9985,0.0652,0.0652,0.0652,6.458,168.3264,43.4539,168.3264,43.4539,0.4425,44.3967,0.9871,2.36271,1.537111,0.5948,0.0003,-0.0145,0.175
/kaggle/input/datasets/duc24kdl/sub-x-ray/sub_X-Ray/sub_NIH/00001857_001.png,,sub_NIH,00001857_001.png,ok,512x512 -> 1024x1024,2,1,339.61,48.4803,0.922672,0.960558,0.988,0.9984,0.0525,8.2036,49.1415,0.792376,0.890155,0.9898,0.9986,0.0717,0.0717,0.0717,7.5508,168.8987,33.9746,168.8987,33.9746,0.3736,49.1415,0.9898,0.792376,0.890155,0.6612,0.0002,-0.0192,0.6529
/kaggle/input/datasets/duc24kdl/sub-x-ray/sub_X-Ray/sub_NIH/00001860_001.png,,sub_NIH,00001860_001.png,ok,512x512 -> 1024x1024,2,1,346.37,34.9922,20.599566,4.538674,0.9817,0.998,0.0692,6.1609,35.2443,19.438081,4.408864,0.9837,0.9983,0.0839,0.0839,0.0839,6.3319,156.6194,63.9084,156.6194,63.9084,0.5419,35.2443,0.9837,19.438081,4.408864,0.252,0.0003,-0.0147,-0.1711
/kaggle/input/datasets/duc24kdl/sub-x-ray/sub_X-Ray/sub_NIH/00001860_002.png,,sub_NIH,00001860_002.png,ok,512x512 -> 1024x1024,2,1,346.71,41.0659,5.087283,2.255501,0.9571,0.9961,0.1491,6.5163,41.3251,4.792587,2.189198,0.9594,0.9965,0.168,0.168,0.168,6.6549,128.1198,66.8042,128.1198,66.8042,0.4069,41.3251,0.9594,4.792587,2.189198,0.2592,0.0003,-0.0188,-0.1386
/kaggle/input/datasets/duc24kdl/sub-x-ray/sub_X-Ray/sub_NIH/00001862_005.png,,sub_NIH,00001862_005.png,ok,512x512 -> 1024x1024,2,1,344.28,38.2278,9.779087,3.127153,0.9778,0.9977,0.1122,7.6315,38.4788,9.229974,3.038087,0.9797,0.9979,0.1388,0.1388,0.1388,7.5393,138.5864,39.7331,138.5864,39.7331,0.4722,38.4788,0.9797,9.229974,3.038087,0.251,0.0002,-0.0266,0.0922
/kaggle/input/datasets/duc24kdl/sub-x-ray/sub_X-Ray/sub_NIH/00001867_000.png,,sub_NIH,00001867_000.png,ok,512x512 -> 1024x1024,2,1,338.76,43.4753,2.921158,1.70914,0.9654,0.9969,0.1334,6.4924,43.7265,2.756948,1.660406,0.9673,0.9971,0.1528,0.1528,0.1528,6.5427,115.0533,72.7139,115.0533,72.7139,0.3197,43.7265,0.9673,2.756948,1.660406,0.2513,0.0002,-0.0194,-0.0503
/kaggle/input/datasets/duc24kdl/sub-x-ray/sub_X-Ray/sub_NIH/00001869_000.png,,sub_NIH,00001869_000.png,ok,512x512 -> 1024x1024,2,1,342.94,47.1895,1.242024,1.114461,0.9877,0.9984,0.0546,7.268,47.6731,1.111145,1.054109,0.9896,0.9987,0.0718,0.0718,0.0718,7.0072,166.3154,42.8583,166.3154,42.8583,0.4607,47.6731,0.9896,1.111145,1.054109,0.4836,0.0003,-0.0173,0.2608
/kaggle/input/datasets/duc24kdl/sub-x-ray/sub_X-Ray/sub_NIH/00001872_001.png,,sub_NIH,00001872_001.png,ok,512x512 -> 1024x1024,2,1,344.25,45.7663,1.723658,1.312882,0.9779,0.9976,0.0871,7.1018,46.2075,1.557154,1.24786,0.98,0.9979,0.1143,0.1143,0.1143,6.8355,105.7528,37.2221,105.7528,37.2221,0.3985,46.2075,0.98,1.557154,1.24786,0.4412,0.0003,-0.0271,0.2663
/kaggle/input/datasets/duc24kdl/sub-x-ray/sub_X-Ray/sub_NIH/00001872_002.png,,sub_NIH,00001872_002.png,ok,512x512 -> 1024x1024,2,1,341.46,45.749,1.73053,1.315496,0.977,0.9975,0.0911,7.3786,46.1811,1.566634,1.251652,0.9791,0.9978,0.1199,0.1199,0.1199,7.1372,108.8989,31.1062,108.8989,31.1062,0.3825,46.1811,0.9791,1.566634,1.251652,0.4321,0.0003,-0.0288,0.2413
/kaggle/input/datasets/duc24kdl/sub-x-ray/sub_X-Ray/sub_NIH/00001872_005.png,,sub_NIH,00001872_005.png,ok,512x512 -> 1024x1024,2,1,344.66,37.8964,10.554639,3.24879,0.9814,0.998,0.072,6.5006,38.1633,9.92547,3.150471,0.9835,0.9983,0.0872,0.0872,0.0872,6.4901,163.3908,60.821,163.3908,60.821,0.4839,38.1633,0.9835,9.92547,3.150471,0.2669,0.0003,-0.0152,0.0105
/kaggle/input/datasets/duc24kdl/sub-x-ray/sub_X-Ray/sub_NIH/00001872_011.png,,sub_NIH,00001872_011.png,ok,512x512 -> 1024x1024,2,1,341.38,37.4205,11.776933,3.431754,0.9813,0.998,0.0696,6.6811,37.6248,11.235697,3.351969,0.9833,0.9983,0.0821,0.0821,0.0821,6.5483,166.3269,62.6994,166.3269,62.6994,0.4804,37.6248,0.9833,11.235697,3.351969,0.2043,0.0003,-0.0124,0.1328
/kaggle/input/datasets/duc24kdl/sub-x-ray/sub_X-Ray/sub_NIH/00001874_000.png,,sub_NIH,00001874_000.png,ok,512x512 -> 1024x1024,2,1,342.01,37.4177,11.784553,3.432864,0.985,0.9983,0.0685,6.4908,37.6438,11.186622,3.344641,0.987,0.9986,0.0833,0.0833,0.0833,6.7617,162.8838,54.6132,162.8838,54.6132,0.4743,37.6438,0.987,11.186622,3.344641,0.2261,0.0003,-0.0148,-0.271
/kaggle/input/datasets/duc24kdl/sub-x-ray/sub_X-Ray/sub_NIH/00001880_001.png,,sub_NIH,00001880_001.png,ok,512x512 -> 1024x1024,2,1,336.31,39.4218,7.428496,2.725527,0.9853,0.9984,0.0609,6.5973,39.6824,6.995907,2.644978,0.987,0.9986,0.0771,0.0771,0.0771,6.7675,114.9041,66.3995,114.9041,66.3995,0.4628,39.6824,0.987,6.995907,2.644978,0.2606,0.0002,-0.0162,-0.1703
/kaggle/input/datasets/duc24kdl/sub-x-ray/sub_X-Ray/sub_NIH/00001880_003.png,,sub_NIH,00001880_003.png,ok,512x512 -> 1024x1024,2,1,336.76,39.1533,7.902235,2.811091,0.9842,0.9983,0.0684,6.3321,39.317,7.609845,2.758595,0.9858,0.9985,0.0869,0.0869,0.0869,6.5591,113.9246,66.7912,113.9246,66.7912,0.4992,39.317,0.9858,7.609845,2.758595,0.1637,0.0002,-0.0185,-0.227
/kaggle/input/datasets/duc24kdl/sub-x-ray/sub_X-Ray/sub_NIH/00001880_006.png,,sub_NIH,00001880_006.png,ok,512x512 -> 1024x1024,2,1,343.04,38.5038,9.177042,3.029363,0.9585,0.9964,0.1468,6.6161,38.6773,8.817535,2.969433,0.9606,0.9967,0.1652,0.1652,0.1652,6.4652,117.3177,62.9633,117.3177,62.9633,0.4769,38.6773,0.9606,8.817535,2.969433,0.1736,0.0003,-0.0184,0.1509
/kaggle/input/datasets/duc24kdl/sub-x-ray/sub_X-Ray/sub_NIH/00001881_000.png,,sub_NIH,00001881_000.png,ok,512x512 -> 1024x1024,2,1,341.03,36.9294,13.186902,3.631377,0.9858,0.9983,0.0578,6.2355,37.1535,12.523681,3.538881,0.9878,0.9986,0.0691,0.0691,0.0691,6.3414,174.7749,53.7945,174.7749,53.7945,0.4822,37.1535,0.9878,12.523681,3.538881,0.2241,0.0003,-0.0114,-0.1059
/kaggle/input/datasets/duc24kdl/sub-x-ray/sub_X-Ray/sub_NIH/00001882_001.png,,sub_NIH,00001882_001.png,ok,512x512 -> 1024x1024,2,1,342.7,43.5714,2.857182,1.69032,0.9841,0.9981,0.0622,7.0873,44.1707,2.488934,1.577636,0.9862,0.9984,0.0785,0.0785,0.0785,6.9642,169.7218,41.1175,169.7218,41.1175,0.4419,44.1707,0.9862,2.488934,1.577636,0.5992,0.0003,-0.0163,0.1231
/kaggle/input/datasets/duc24kdl/sub-x-ray/sub_X-Ray/sub_NIH/00001882_002.png,,sub_NIH,00001882_002.png,ok,512x512 -> 1024x1024,2,1,342.1,34.8983,21.050032,4.588031,0.9842,0.998,0.0676,6.5272,35.2239,19.529416,4.41921,0.9861,0.9983,0.0882,0.0882,0.0882,6.6097,160.4029,45.2996,160.4029,45.2996,0.5119,35.2239,0.9861,19.529416,4.41921,0.3256,0.0003,-0.0206,-0.0825
/kaggle/input/datasets/duc24kdl/sub-x-ray/sub_X-Ray/sub_NIH/00001887_001.png,,sub_NIH,00001887_001.png,ok,512x512 -> 1024x1024,2,1,342.13,43.6339,2.816377,1.678206,0.9696,0.9969,0.1079,7.1006,44.1119,2.522869,1.588354,0.9723,0.9973,0.129,0.129,0.129,6.8147,103.6895,37.3808,103.6895,37.3808,0.4626,44.1119,0.9723,2.522869,1.588354,0.478,0.0004,-0.0211,0.2859
/kaggle/input/datasets/duc24kdl/sub-x-ray/sub_X-Ray/sub_NIH/00001889_000.png,,sub_NIH,00001889_000.png,ok,512x512 -> 1024x1024,2,1,343.27,46.5998,1.422666,1.192756,0.9857,0.9983,0.0587,6.8526,47.2334,1.229533,1.108843,0.9878,0.9986,0.0733,0.0733,0.0733,6.6983,174.5953,45.8627,174.5953,45.8627,0.4781,47.2334,0.9878,1.229533,1.108843,0.6336,0.0003,-0.0146,0.1543
/kaggle/input/datasets/duc24kdl/sub-x-ray/sub_X-Ray/sub_NIH/00001890_001.png,,sub_NIH,00001890_001.png,ok,512x512 -> 1024x1024,2,1,341.88,45.822,1.701709,1.304496,0.9852,0.9983,0.0634,6.9065,46.4257,1.480832,1.216894,0.9873,0.9986,0.0802,0.0802,0.0802,6.8842,169.0144,46.0366,169.0144,46.0366,0.5106,46.4257,0.9873,1.480832,1.216894,0.6038,0.0003,-0.0168,0.0223
/kaggle/input/datasets/duc24kdl/sub-x-ray/sub_X-Ray/sub_NIH/00001892_009.png,,sub_NIH,00001892_009.png,ok,512x512 -> 1024x1024,2,1,338.24,41.6628,4.434074,2.105724,0.9595,0.9964,0.1399,6.4926,41.8999,4.198471,2.049017,0.9617,0.9967,0.1603,0.1603,0.1603,6.5345,124.6263,68.8659,124.6263,68.8659,0.3529,41.8999,0.9617,4.198471,2.049017,0.2371,0.0003,-0.0203,-0.0419
/kaggle/input/datasets/duc24kdl/sub-x-ray/sub_X-Ray/sub_NIH/00001893_000.png,,sub_NIH,00001893_000.png,ok,512x512 -> 1024x1024,2,1,345.01,42.2771,3.849203,1.961939,0.9615,0.9965,0.1424,6.751,42.5215,3.638585,1.907508,0.9636,0.9968,0.1643,0.1643,0.1643,6.7371,134.577,66.9479,134.577,66.9479,0.3644,42.5215,0.9636,3.638585,1.907508,0.2444,0.0003,-0.0219,0.0139
/kaggle/input/datasets/duc24kdl/sub-x-ray/sub_X-Ray/sub_NIH/00001894_003.png,,sub_NIH,00001894_003.png,ok,512x512 -> 1024x1024,2,1,346.11,42.1467,3.966509,1.99161,0.9656,0.997,0.1145,6.298,42.4344,3.712235,1.926716,0.9677,0.9973,0.1293,0.1293,0.1293,6.3026,98.9327,70.6368,98.9327,70.6368,0.4008,42.4344,0.9677,3.712235,1.926716,0.2877,0.0003,-0.0148,-0.0045
/kaggle/input/datasets/duc24kdl/sub-x-ray/sub_X-Ray/sub_NIH/00001895_000.png,,sub_NIH,00001895_000.png,ok,512x512 -> 1024x1024,2,1,341.75,36.6448,14.080051,3.752339,0.9852,0.9983,0.0646,6.8443,36.8968,13.286215,3.645026,0.987,0.9985,0.0771,0.0771,0.0771,6.6449,173.0739,63.2906,173.0739,63.2906,0.5035,36.8968,0.987,13.286215,3.645026,0.252,0.0003,-0.0125,0.1994
/kaggle/input/datasets/duc24kdl/sub-x-ray/sub_X-Ray/sub_NIH/00001895_003.png,,sub_NIH,00001895_003.png,ok,512x512 -> 1024x1024,2,1,346.0,41.9129,4.185943,2.045958,0.9596,0.9963,0.1454,6.5927,42.1578,3.956427,1.989077,0.9619,0.9967,0.1659,0.1659,0.1659,6.6379,132.6125,64.4227,132.6125,64.4227,0.3534,42.1578,0.9619,3.956427,1.989077,0.2449,0.0003,-0.0205,-0.0452
/kaggle/input/datasets/duc24kdl/sub-x-ray/sub_X-Ray/sub_NIH/00001896_001.png,,sub_NIH,00001896_001.png,ok,512x512 -> 1024x1024,2,1,342.58,38.2165,9.804539,3.13122,0.983,0.9981,0.068,6.5783,38.2456,9.739241,3.120776,0.985,0.9984,0.0834,0.0834,0.0834,6.5349,158.819,63.444,158.819,63.444,0.4667,38.2456,0.985,9.739241,3.120776,0.029,0.0003,-0.0154,0.0435
/kaggle/input/datasets/duc24kdl/sub-x-ray/sub_X-Ray/sub_NIH/00001900_000.png,,sub_NIH,00001900_000.png,ok,512x512 -> 1024x1024,2,1,345.25,39.9442,6.586645,2.566446,0.9816,0.998,0.0941,7.7994,40.1981,6.212627,2.492514,0.9836,0.9982,0.1187,0.1187,0.1187,7.6387,136.7761,37.9454,136.7761,37.9454,0.4552,40.1981,0.9836,6.212627,2.492514,0.2539,0.0002,-0.0247,0.1608
/kaggle/input/datasets/duc24kdl/sub-x-ray/sub_X-Ray/sub_NIH/00001900_013.png,,sub_NIH,00001900_013.png,ok,512x512 -> 1024x1024,2,1,345.33,37.8781,10.599237,3.255647,0.9751,0.9975,0.1206,7.1224,38.2182,9.800873,3.130635,0.977,0.9977,0.148,0.148,0.148,7.1372,116.4825,52.27,116.4825,52.27,0.5003,38.2182,0.977,9.800873,3.130635,0.3401,0.0002,-0.0274,-0.0148
/kaggle/input/datasets/duc24kdl/sub-x-ray/sub_X-Ray/sub_NIH/00001900_015.png,,sub_NIH,00001900_015.png,ok,512x512 -> 1024x1024,2,1,340.61,36.7916,13.611907,3.689432,0.9766,0.9975,0.11,6.5427,37.0964,12.68925,3.562197,0.9787,0.9978,0.1348,0.1348,0.1348,6.6028,116.7291,52.2709,116.7291,52.2709,0.5022,37.0964,0.9787,12.68925,3.562197,0.3048,0.0003,-0.0248,-0.0601
/kaggle/input/datasets/duc24kdl/sub-x-ray/sub_X-Ray/sub_NIH/00001900_021.png,,sub_NIH,00001900_021.png,ok,512x512 -> 1024x1024,2,1,346.03,41.4216,4.687284,2.165014,0.9572,0.9962,0.1594,6.688,41.6033,4.495262,2.120203,0.9595,0.9965,0.1807,0.1807,0.1807,6.5954,142.2665,56.0393,142.2665,56.0393,0.3914,41.6033,0.9595,4.495262,2.120203,0.1817,0.0003,-0.0213,0.0926
/kaggle/input/datasets/duc24kdl/sub-x-ray/sub_X-Ray/sub_NIH/00001900_026.png,,sub_NIH,00001900_026.png,ok,512x512 -> 1024x1024,2,1,338.8,41.1191,5.025352,2.24173,0.954,0.9959,0.1508,6.1306,41.393,4.718287,2.172162,0.9564,0.9962,0.1692,0.1692,0.1692,6.1563,124.1241,68.1343,124.1241,68.1343,0.3937,41.393,0.9564,4.718287,2.172162,0.2738,0.0003,-0.0184,-0.0257
/kaggle/input/datasets/duc24kdl/sub-x-ray/sub_X-Ray/sub_NIH/00001900_029.png,,sub_NIH,00001900_029.png,ok,512x512 -> 1024x1024,2,1,344.78,41.2491,4.877181,2.208434,0.9561,0.9961,0.1527,6.629,41.5116,4.59114,2.142694,0.9584,0.9964,0.173,0.173,0.173,6.5649,131.7969,67.5867,131.7969,67.5867,0.3856,41.5116,0.9584,4.59114,2.142694,0.2625,0.0003,-0.0203,0.0641
/kaggle/input/datasets/duc24kdl/sub-x-ray/sub_X-Ray/sub_NIH/00001900_033.png,,sub_NIH,00001900_033.png,ok,512x512 -> 1024x1024,2,1,344.81,35.2428,19.444463,4.409588,0.9767,0.9975,0.1062,7.703,35.5721,18.024764,4.245558,0.9786,0.9977,0.1346,0.1346,0.1346,7.5513,120.1102,48.9401,120.1102,48.9401,0.5348,35.5721,0.9786,18.024764,4.245558,0.3293,0.0002,-0.0283,0.1517
/kaggle/input/datasets/duc24kdl/sub-x-ray/sub_X-Ray/sub_NIH/00001900_035.png,,sub_NIH,00001900_035.png,ok,512x512 -> 1024x1024,2,1,342.35,37.5763,11.361763,3.370721,0.9891,0.9985,0.0535,8.1492,37.7927,10.809617,3.287798,0.9906,0.9988,0.0724,0.0724,0.0724,7.7466,154.7462,50.5578,154.7462,50.5578,0.4924,37.7927,0.9906,10.809617,3.287798,0.2164,0.0002,-0.0188,0.4026
/kaggle/input/datasets/duc24kdl/sub-x-ray/sub_X-Ray/sub_NIH/00001900_036.png,,sub_NIH,00001900_036.png,ok,512x512 -> 1024x1024,2,1,343.85,41.1944,4.939011,2.222389,0.9531,0.9958,0.1596,6.3655,41.4356,4.672162,2.161519,0.9555,0.9962,0.1781,0.1781,0.1781,6.3844,130.1962,67.5267,130.1962,67.5267,0.3839,41.4356,0.9555,4.672162,2.161519,0.2412,0.0003,-0.0184,-0.0189
/kaggle/input/datasets/duc24kdl/sub-x-ray/sub_X-Ray/sub_NIH/00001901_000.png,,sub_NIH,00001901_000.png,ok,512x512 -> 1024x1024,2,1,338.94,40.9091,5.274365,2.296599,0.9625,0.9966,0.128,6.2499,41.2148,4.915926,2.217189,0.9647,0.9969,0.1443,0.1443,0.1443,6.1703,107.6794,70.0088,107.6794,70.0088,0.4306,41.2148,0.9647,4.915926,2.217189,0.3056,0.0003,-0.0163,0.0795
/kaggle/input/datasets/duc24kdl/sub-x-ray/sub_X-Ray/sub_NIH/00001901_002.png,,sub_NIH,00001901_002.png,ok,512x512 -> 1024x1024,2,1,341.98,45.9162,1.665179,1.290418,0.9818,0.9979,0.0651,6.7455,46.471,1.465475,1.210568,0.9841,0.9982,0.0811,0.0811,0.0811,6.7743,163.8669,42.9729,163.8669,42.9729,0.477,46.471,0.9841,1.465475,1.210568,0.5548,0.0003,-0.016,-0.0288
/kaggle/input/datasets/duc24kdl/sub-x-ray/sub_X-Ray/sub_NIH/00001901_005.png,,sub_NIH,00001901_005.png,ok,512x512 -> 1024x1024,2,1,345.16,41.0624,5.091447,2.256424,0.9617,0.9965,0.1323,6.2792,41.3438,4.77195,2.184479,0.9639,0.9968,0.1515,0.1515,0.1515,6.4982,127.8526,66.1463,127.8526,66.1463,0.4031,41.3438,0.9639,4.77195,2.184479,0.2815,0.0003,-0.0192,-0.219
/kaggle/input/datasets/duc24kdl/sub-x-ray/sub_X-Ray/sub_NIH/00001901_006.png,,sub_NIH,00001901_006.png,ok,512x512 -> 1024x1024,2,1,340.38,41.504,4.599211,2.144577,0.9635,0.9967,0.1226,5.9482,41.7723,4.323613,2.07933,0.9657,0.997,0.1387,0.1387,0.1387,5.952,108.5298,71.0423,108.5298,71.0423,0.389,41.7723,0.9657,4.323613,2.07933,0.2684,0.0003,-0.0161,-0.0038
/kaggle/input/datasets/duc24kdl/sub-x-ray/sub_X-Ray/sub_NIH/00001903_000.png,,sub_NIH,00001903_000.png,ok,512x512 -> 1024x1024,2,1,343.16,38.5303,9.121069,3.020111,0.9819,0.998,0.0839,7.1756,38.6569,8.859178,2.976437,0.9837,0.9982,0.1046,0.1046,0.1046,7.0091,128.0749,50.0394,128.0749,50.0394,0.4686,38.6569,0.9837,8.859178,2.976437,0.1265,0.0002,-0.0207,0.1665
/kaggle/input/datasets/duc24kdl/sub-x-ray/sub_X-Ray/sub_NIH/00001906_001.png,,sub_NIH,00001906_001.png,ok,512x512 -> 1024x1024,2,1,346.71,41.8519,4.245104,2.060365,0.9642,0.9968,0.1309,6.4158,42.0809,4.027108,2.006766,0.9664,0.9971,0.1496,0.1496,0.1496,6.5233,130.3659,64.4241,130.3659,64.4241,0.3349,42.0809,0.9664,4.027108,2.006766,0.229,0.0003,-0.0188,-0.1076
/kaggle/input/datasets/duc24kdl/sub-x-ray/sub_X-Ray/sub_NIH/00001906_003.png,,sub_NIH,00001906_003.png,ok,512x512 -> 1024x1024,2,1,347.65,41.0985,5.049318,2.247069,0.9745,0.9974,0.1034,6.7914,41.104,5.042845,2.245628,0.977,0.9977,0.1232,0.1232,0.1232,6.7204,141.4769,45.2708,141.4769,45.2708,0.586,41.104,0.977,5.042845,2.245628,0.0056,0.0003,-0.0198,0.071
/kaggle/input/datasets/duc24kdl/sub-x-ray/sub_X-Ray/sub_NIH/00001906_007.png,,sub_NIH,00001906_007.png,ok,512x512 -> 1024x1024,2,1,342.49,45.2726,1.931175,1.389667,0.9816,0.998,0.0797,6.8595,45.8231,1.701259,1.304323,0.9839,0.9983,0.0972,0.0972,0.0972,6.7978,159.3798,45.8943,159.3798,45.8943,0.5039,45.8231,0.9839,1.701259,1.304323,0.5505,0.0003,-0.0175,0.0617
/kaggle/input/datasets/duc24kdl/sub-x-ray/sub_X-Ray/sub_NIH/00001906_008.png,,sub_NIH,00001906_008.png,ok,512x512 -> 1024x1024,2,1,343.55,36.1722,15.698426,3.962124,0.9789,0.9979,0.0886,6.9255,36.4301,14.793364,3.846214,0.9809,0.9981,0.106,0.106,0.106,6.6671,160.7688,59.6387,160.7688,59.6387,0.4948,36.4301,0.9809,14.793364,3.846214,0.2579,0.0003,-0.0174,0.2585
/kaggle/input/datasets/duc24kdl/sub-x-ray/sub_X-Ray/sub_NIH/00001909_000.png,,sub_NIH,00001909_000.png,ok,512x512 -> 1024x1024,2,1,343.02,36.067,16.083375,4.010408,0.9851,0.9984,0.0749,7.0876,36.3196,15.174625,3.895462,0.9869,0.9986,0.0948,0.0948,0.0948,7.1295,121.8081,53.8942,121.8081,53.8942,0.5361,36.3196,0.9869,15.174625,3.895462,0.2526,0.0002,-0.0198,-0.042
/kaggle/input/datasets/duc24kdl/sub-x-ray/sub_X-Ray/sub_NIH/00001910_000.png,,sub_NIH,00001910_000.png,ok,512x512 -> 1024x1024,2,1,343.13,42.0065,4.096627,2.024012,0.9571,0.9961,0.1498,6.9873,42.2362,3.885663,1.971208,0.9594,0.9965,0.1699,0.1699,0.1699,6.8349,131.2853,55.8514,131.2853,55.8514,0.3709,42.2362,0.9594,3.885663,1.971208,0.2296,0.0003,-0.02,0.1524
/kaggle/input/datasets/duc24kdl/sub-x-ray/sub_X-Ray/sub_NIH/00001911_004.png,,sub_NIH,00001911_004.png,ok,512x512 -> 1024x1024,2,1,341.31,36.7574,13.719421,3.703974,0.9651,0.9966,0.1205,5.968,37.189,12.421753,3.524451,0.9676,0.9969,0.1375,0.1375,0.1375,6.2028,115.3611,72.3108,115.3611,72.3108,0.5872,37.189,0.9676,12.421753,3.524451,0.4315,0.0003,-0.017,-0.2348
/kaggle/input/datasets/duc24kdl/sub-x-ray/sub_X-Ray/sub_NIH/00001911_006.png,,sub_NIH,00001911_006.png,ok,512x512 -> 1024x1024,2,1,340.46,41.1668,4.970559,2.229475,0.9579,0.9961,0.1477,6.3469,41.4548,4.651604,2.156758,0.9602,0.9965,0.1651,0.1651,0.1651,6.4377,112.2103,74.961,112.2103,74.961,0.4023,41.4548,0.9602,4.651604,2.156758,0.288,0.0003,-0.0174,-0.0908
/kaggle/input/datasets/duc24kdl/sub-x-ray/sub_X-Ray/sub_NIH/00001911_007.png,,sub_NIH,00001911_007.png,ok,512x512 -> 1024x1024,2,1,344.05,38.171,9.907895,3.147681,0.9783,0.9977,0.0752,6.1678,38.4139,9.368948,3.060874,0.9805,0.998,0.0894,0.0894,0.0894,6.4243,132.7621,75.8155,132.7621,75.8155,0.5838,38.4139,0.9805,9.368948,3.060874,0.2429,0.0003,-0.0142,-0.2565
/kaggle/input/datasets/duc24kdl/sub-x-ray/sub_X-Ray/sub_NIH/00001911_008.png,,sub_NIH,00001911_008.png,ok,512x512 -> 1024x1024,2,1,340.4,41.4356,4.672144,2.161514,0.9579,0.9961,0.144,6.2659,41.7347,4.361264,2.088364,0.9603,0.9965,0.1611,0.1611,0.1611,6.3056,117.9344,73.1179,117.9344,73.1179,0.406,41.7347,0.9603,4.361264,2.088364,0.299,0.0003,-0.0171,-0.0398
/kaggle/input/datasets/duc24kdl/sub-x-ray/sub_X-Ray/sub_NIH/00001911_011.png,,sub_NIH,00001911_011.png,ok,512x512 -> 1024x1024,2,1,346.51,41.7618,4.334109,2.081852,0.9675,0.9969,0.13,6.6513,42.0294,4.075103,2.018688,0.9695,0.9972,0.1515,0.1515,0.1515,6.4956,125.4156,67.266,125.4156,67.266,0.3754,42.0294,0.9695,4.075103,2.018688,0.2676,0.0003,-0.0215,0.1557
/kaggle/input/datasets/duc24kdl/sub-x-ray/sub_X-Ray/sub_NIH/00001911_012.png,,sub_NIH,00001911_012.png,ok,512x512 -> 1024x1024,2,1,344.06,37.7068,11.025561,3.320476,0.9774,0.9977,0.086,6.3228,38.2266,9.781933,3.127608,0.9797,0.998,0.1007,0.1007,0.1007,6.4782,134.1534,70.4107,134.1534,70.4107,0.4931,38.2266,0.9797,9.781933,3.127608,0.5198,0.0003,-0.0147,-0.1555
/kaggle/input/datasets/duc24kdl/sub-x-ray/sub_X-Ray/sub_NIH/00001912_000.png,,sub_NIH,00001912_000.png,ok,512x512 -> 1024x1024,2,1,341.98,43.8107,2.704054,1.644401,0.9822,0.998,0.0671,7.0037,44.4138,2.35344,1.534093,0.9843,0.9983,0.0847,0.0847,0.0847,6.9195,170.5538,44.2336,170.5538,44.2336,0.4243,44.4138,0.9843,2.35344,1.534093,0.6031,0.0003,-0.0176,0.0843
/kaggle/input/datasets/duc24kdl/sub-x-ray/sub_X-Ray/sub_NIH/00001912_004.png,,sub_NIH,00001912_004.png,ok,512x512 -> 1024x1024,2,1,344.34,42.9313,3.310908,1.81959,0.9586,0.9963,0.152,6.74,43.1828,3.124618,1.767659,0.9608,0.9966,0.1757,0.1757,0.1757,6.5935,133.8148,63.8993,133.8148,63.8993,0.3388,43.1828,0.9608,3.124618,1.767659,0.2515,0.0003,-0.0237,0.1465
/kaggle/input/datasets/duc24kdl/sub-x-ray/sub_X-Ray/sub_NIH/00001912_005.png,,sub_NIH,00001912_005.png,ok,512x512 -> 1024x1024,2,1,345.22,42.5049,3.652498,1.911151,0.9622,0.9966,0.1399,6.6156,42.7595,3.444498,1.855936,0.9644,0.9969,0.1617,0.1617,0.1617,6.6355,121.6256,66.9808,121.6256,66.9808,0.3516,42.7595,0.9644,3.444498,1.855936,0.2546,0.0003,-0.0218,-0.02
/kaggle/input/datasets/duc24kdl/sub-x-ray/sub_X-Ray/sub_NIH/00001912_006.png,,sub_NIH,00001912_006.png,ok,512x512 -> 1024x1024,2,1,339.36,40.7373,5.48724,2.342486,0.9574,0.9962,0.1556,6.4058,40.9597,5.213218,2.283247,0.9596,0.9965,0.1781,0.1781,0.1781,6.3676,135.8847,68.7753,135.8847,68.7753,0.3515,40.9597,0.9596,5.213218,2.283247,0.2225,0.0003,-0.0225,0.0382
/kaggle/input/datasets/duc24kdl/sub-x-ray/sub_X-Ray/sub_NIH/00001914_001.png,,sub_NIH,00001914_001.png,ok,512x512 -> 1024x1024,2,1,340.58,42.244,3.878668,1.969433,0.9623,0.9967,0.1434,6.4628,42.4914,3.663872,1.914124,0.9644,0.997,0.1619,0.1619,0.1619,6.4248,113.6898,67.0885,113.6898,67.0885,0.353,42.4914,0.9644,3.663872,1.914124,0.2474,0.0003,-0.0186,0.038
/kaggle/input/datasets/duc24kdl/sub-x-ray/sub_X-Ray/sub_NIH/00001917_004.png,,sub_NIH,00001917_004.png,ok,512x512 -> 1024x1024,2,1,340.85,41.2051,4.926915,2.219666,0.965,0.9969,0.1295,6.384,41.4516,4.65505,2.157557,0.967,0.9971,0.148,0.148,0.148,6.3819,119.276,73.0934,119.276,73.0934,0.4106,41.4516,0.967,4.65505,2.157557,0.2465,0.0003,-0.0185,0.0022
/kaggle/input/datasets/duc24kdl/sub-x-ray/sub_X-Ray/sub_NIH/00001918_000.png,,sub_NIH,00001918_000.png,ok,512x512 -> 1024x1024,2,1,329.8,40.9088,5.274759,2.296684,0.9814,0.998,0.0773,5.8448,40.7713,5.444374,2.333318,0.9832,0.9983,0.0921,0.0921,0.0921,5.8637,101.7366,70.1939,101.7366,70.1939,0.5135,40.7713,0.9832,5.444374,2.333318,-0.1375,0.0003,-0.0147,-0.0188
/kaggle/input/datasets/duc24kdl/sub-x-ray/sub_X-Ray/sub_NIH/00001920_000.png,,sub_NIH,00001920_000.png,ok,512x512 -> 1024x1024,2,1,342.59,43.3168,3.029699,1.740603,0.9821,0.9981,0.0684,6.8801,43.3077,3.036086,1.742437,0.9841,0.9983,0.0848,0.0848,0.0848,6.826,163.4794,55.8471,163.4794,55.8471,0.4698,43.3077,0.9841,3.036086,1.742437,-0.0091,0.0003,-0.0164,0.054
/kaggle/input/datasets/duc24kdl/sub-x-ray/sub_X-Ray/sub_NIH/00001920_001.png,,sub_NIH,00001920_001.png,ok,512x512 -> 1024x1024,2,1,340.41,47.4383,1.172865,1.082989,0.9855,0.9983,0.0625,7.6035,48.0671,1.014776,1.007361,0.9875,0.9986,0.0804,0.0804,0.0804,7.2473,171.1625,44.831,171.1625,44.831,0.4176,48.0671,0.9875,1.014776,1.007361,0.6288,0.0003,-0.0179,0.3562
/kaggle/input/datasets/duc24kdl/sub-x-ray/sub_X-Ray/sub_NIH/00001921_002.png,,sub_NIH,00001921_002.png,ok,512x512 -> 1024x1024,2,1,343.3,38.4356,9.322224,3.053232,0.9883,0.9985,0.0589,7.7319,38.6757,8.820924,2.970004,0.9899,0.9987,0.08,0.08,0.08,7.7261,162.0657,36.6252,162.0657,36.6252,0.4994,38.6757,0.9899,8.820924,2.970004,0.2401,0.0002,-0.0211,0.0058
/kaggle/input/datasets/duc24kdl/sub-x-ray/sub_X-Ray/sub_NIH/00001921_005.png,,sub_NIH,00001921_005.png,ok,512x512 -> 1024x1024,2,1,342.1,38.3644,9.476436,3.078382,0.9865,0.9983,0.075,7.771,38.5961,8.984046,2.99734,0.9883,0.9986,0.0973,0.0973,0.0973,7.667,141.9105,36.7874,141.9105,36.7874,0.4789,38.5961,0.9883,8.984046,2.99734,0.2317,0.0002,-0.0223,0.104
/kaggle/input/datasets/duc24kdl/sub-x-ray/sub_X-Ray/sub_NIH/00001922_002.png,,sub_NIH,00001922_002.png,ok,512x512 -> 1024x1024,2,1,341.62,42.5307,3.630862,1.905482,0.9626,0.9967,0.1351,6.5671,42.7902,3.420305,1.849407,0.9646,0.997,0.1533,0.1533,0.1533,6.4706,111.4601,69.1638,111.4601,69.1638,0.3613,42.7902,0.9646,3.420305,1.849407,0.2594,0.0003,-0.0182,0.0964
/kaggle/input/datasets/duc24kdl/sub-x-ray/sub_X-Ray/sub_NIH/00001923_000.png,,sub_NIH,00001923_000.png,ok,512x512 -> 1024x1024,2,1,344.69,46.6061,1.42061,1.191893,0.9864,0.9984,0.0606,7.3353,47.2586,1.222407,1.105625,0.9884,0.9986,0.0789,0.0789,0.0789,7.0818,171.7882,37.3195,171.7882,37.3195,0.4206,47.2586,0.9884,1.222407,1.105625,0.6526,0.0003,-0.0183,0.2534
/kaggle/input/datasets/duc24kdl/sub-x-ray/sub_X-Ray/sub_NIH/00001924_000.png,,sub_NIH,00001924_000.png,ok,512x512 -> 1024x1024,2,1,342.71,45.8814,1.678568,1.295596,0.9824,0.9981,0.0682,6.673,46.4238,1.481491,1.217165,0.9846,0.9983,0.0857,0.0857,0.0857,6.7237,152.7482,52.6818,152.7482,52.6818,0.4781,46.4238,0.9846,1.481491,1.217165,0.5424,0.0003,-0.0174,-0.0508
/kaggle/input/datasets/duc24kdl/sub-x-ray/sub_X-Ray/sub_NIH/00001926_000.png,,sub_NIH,00001926_000.png,ok,512x512 -> 1024x1024,2,1,342.43,35.5982,17.916666,4.232808,0.9846,0.9982,0.0745,7.4836,35.9992,16.336412,4.041833,0.9865,0.9985,0.0992,0.0992,0.0992,7.3173,117.3961,49.7536,117.3961,49.7536,0.5712,35.9992,0.9865,16.336412,4.041833,0.401,0.0002,-0.0247,0.1664
/kaggle/input/datasets/duc24kdl/sub-x-ray/sub_X-Ray/sub_NIH/00001928_000.png,,sub_NIH,00001928_000.png,ok,512x512 -> 1024x1024,2,1,343.74,36.6097,14.194261,3.767527,0.9831,0.9982,0.0743,6.3516,36.8316,13.48724,3.672498,0.985,0.9984,0.0875,0.0875,0.0875,6.522,176.1611,54.3956,176.1611,54.3956,0.4748,36.8316,0.985,13.48724,3.672498,0.2219,0.0003,-0.0132,-0.1703
/kaggle/input/datasets/duc24kdl/sub-x-ray/sub_X-Ray/sub_NIH/00001930_000.png,,sub_NIH,00001930_000.png,ok,512x512 -> 1024x1024,2,1,345.89,40.0182,6.475357,2.544672,0.9473,0.9952,0.1801,6.8008,40.2337,6.161909,2.482319,0.95,0.9956,0.2019,0.2019,0.2019,6.6862,139.8931,63.1425,139.8931,63.1425,0.3747,40.2337,0.95,6.161909,2.482319,0.2155,0.0004,-0.0217,0.1146
/kaggle/input/datasets/duc24kdl/sub-x-ray/sub_X-Ray/sub_NIH/00001930_001.png,,sub_NIH,00001930_001.png,ok,512x512 -> 1024x1024,2,1,342.61,38.3539,9.499305,3.082094,0.985,0.9983,0.0621,6.542,38.603,8.969826,2.994967,0.987,0.9986,0.0756,0.0756,0.0756,6.5935,154.9157,63.6133,154.9157,63.6133,0.4638,38.603,0.987,8.969826,2.994967,0.2491,0.0003,-0.0135,-0.0515
/kaggle/input/datasets/duc24kdl/sub-x-ray/sub_X-Ray/sub_NIH/00001931_012.png,,sub_NIH,00001931_012.png,ok,512x512 -> 1024x1024,2,1,341.63,38.287,9.646839,3.105936,0.9811,0.9979,0.085,7.0114,38.6012,8.973496,2.995579,0.9831,0.9982,0.1053,0.1053,0.1053,6.9472,129.2815,48.7515,129.2815,48.7515,0.45,38.6012,0.9831,8.973496,2.995579,0.3142,0.0003,-0.0203,0.0642
/kaggle/input/datasets/duc24kdl/sub-x-ray/sub_X-Ray/sub_NIH/00001932_000.png,,sub_NIH,00001932_000.png,ok,512x512 -> 1024x1024,2,1,345.37,36.9083,13.251144,3.640212,0.9857,0.9983,0.0632,6.5116,37.1202,12.620013,3.552466,0.9875,0.9986,0.0771,0.0771,0.0771,6.7134,171.5207,56.1097,171.5207,56.1097,0.5264,37.1202,0.9875,12.620013,3.552466,0.2119,0.0003,-0.0139,-0.2018
/kaggle/input/datasets/duc24kdl/sub-x-ray/sub_X-Ray/sub_NIH/00001934_000.png,,sub_NIH,00001934_000.png,ok,512x512 -> 1024x1024,2,1,340.41,42.6953,3.495839,1.869716,0.9666,0.997,0.1227,6.6549,43.0308,3.235908,1.798863,0.9687,0.9973,0.1405,0.1405,0.1405,6.4536,107.7518,68.9819,107.7518,68.9819,0.39,43.0308,0.9687,3.235908,1.798863,0.3356,0.0003,-0.0178,0.2013
/kaggle/input/datasets/duc24kdl/sub-x-ray/sub_X-Ray/sub_NIH/00001935_001.png,,sub_NIH,00001935_001.png,ok,512x512 -> 1024x1024,2,1,344.05,41.9116,4.187138,2.04625,0.9571,0.9962,0.168,7.1533,42.1402,3.972507,1.993115,0.9592,0.9965,0.1915,0.1915,0.1915,6.9877,140.5491,62.9331,140.5491,62.9331,0.3431,42.1402,0.9592,3.972507,1.993115,0.2285,0.0003,-0.0235,0.1656
/kaggle/input/datasets/duc24kdl/sub-x-ray/sub_X-Ray/sub_NIH/00001938_002.png,,sub_NIH,00001938_002.png,ok,512x512 -> 1024x1024,2,1,343.77,40.2855,6.088787,2.467547,0.9575,0.9962,0.1584,6.4832,40.54,5.742276,2.396305,0.9598,0.9965,0.1761,0.1761,0.1761,6.4659,129.8695,65.85,129.8695,65.85,0.3973,40.54,0.9598,5.742276,2.396305,0.2545,0.0003,-0.0176,0.0173
/kaggle/input/datasets/duc24kdl/sub-x-ray/sub_X-Ray/sub_NIH/00001941_007.png,,sub_NIH,00001941_007.png,ok,512x512 -> 1024x1024,2,1,344.18,37.3481,11.974784,3.46046,0.9819,0.9981,0.0614,6.9335,37.6724,11.1132,3.333647,0.9838,0.9983,0.0757,0.0757,0.0757,6.9608,164.23,66.4004,164.23,66.4004,0.6114,37.6724,0.9838,11.1132,3.333647,0.3243,0.0003,-0.0143,-0.0273
/kaggle/input/datasets/duc24kdl/sub-x-ray/sub_X-Ray/sub_NIH/00001943_000.png,,sub_NIH,00001943_000.png,ok,512x512 -> 1024x1024,2,1,340.1,41.6169,4.481141,2.116871,0.9609,0.9965,0.1344,6.2474,41.8909,4.207133,2.05113,0.9631,0.9968,0.1506,0.1506,0.1506,6.2828,108.0311,68.4866,108.0311,68.4866,0.4169,41.8909,0.9631,4.207133,2.05113,0.274,0.0003,-0.0162,-0.0354
/kaggle/input/datasets/duc24kdl/sub-x-ray/sub_X-Ray/sub_NIH/00001944_000.png,,sub_NIH,00001944_000.png,ok,512x512 -> 1024x1024,2,1,342.98,37.7778,10.84687,3.293459,0.9797,0.9979,0.0767,6.6703,38.0107,10.280493,3.206321,0.9818,0.9982,0.0916,0.0916,0.0916,6.5286,159.0433,62.5034,159.0433,62.5034,0.5034,38.0107,0.9818,10.280493,3.206321,0.2329,0.0003,-0.0149,0.1417
/kaggle/input/datasets/duc24kdl/sub-x-ray/sub_X-Ray/sub_NIH/00001946_002.png,,sub_NIH,00001946_002.png,ok,512x512 -> 1024x1024,2,1,324.18,38.6051,8.965356,2.99422,0.9882,0.9987,0.056,6.4804,38.9025,8.372046,2.893449,0.9895,0.9988,0.0676,0.0676,0.0676,6.3405,102.5418,82.8996,102.5418,82.8996,0.5385,38.9025,0.9895,8.372046,2.893449,0.2974,0.0002,-0.0116,0.1399
/kaggle/input/datasets/duc24kdl/sub-x-ray/sub_X-Ray/sub_NIH/00001946_004.png,,sub_NIH,00001946_004.png,ok,512x512 -> 1024x1024,2,1,328.17,38.1199,10.025133,3.166249,0.9852,0.9985,0.076,6.3851,38.4467,9.298472,3.04934,0.9866,0.9986,0.0883,0.0883,0.0883,6.2802,96.5749,80.279,96.5749,80.279,0.5509,38.4467,0.9866,9.298472,3.04934,0.3268,0.0002,-0.0123,0.1049
/kaggle/input/datasets/duc24kdl/sub-x-ray/sub_X-Ray/sub_NIH/00001946_005.png,,sub_NIH,00001946_005.png,ok,512x512 -> 1024x1024,2,1,335.33,38.9894,8.206136,2.864635,0.9884,0.9986,0.0569,7.0648,39.3072,7.627122,2.761725,0.9897,0.9988,0.0703,0.0703,0.0703,6.855,116.3565,77.6947,116.3565,77.6947,0.5111,39.3072,0.9897,7.627122,2.761725,0.3178,0.0002,-0.0133,0.2098
/kaggle/input/datasets/duc24kdl/sub-x-ray/sub_X-Ray/sub_NIH/00001946_008.png,,sub_NIH,00001946_008.png,ok,512x512 -> 1024x1024,2,1,339.33,42.4139,3.729878,1.931289,0.9683,0.9972,0.1093,5.8146,42.7012,3.491106,1.86845,0.9701,0.9975,0.122,0.122,0.122,5.8259,84.9629,70.8945,84.9629,70.8945,0.4195,42.7012,0.9701,3.491106,1.86845,0.2873,0.0003,-0.0127,-0.0113
/kaggle/input/datasets/duc24kdl/sub-x-ray/sub_X-Ray/sub_NIH/00001946_009.png,,sub_NIH,00001946_009.png,ok,512x512 -> 1024x1024,2,1,336.69,38.1383,9.982741,3.159548,0.9857,0.9984,0.0586,6.6749,38.3959,9.407789,3.067212,0.9874,0.9987,0.0711,0.0711,0.0711,6.7683,131.2368,75.4659,131.2368,75.4659,0.5174,38.3959,0.9874,9.407789,3.067212,0.2576,0.0002,-0.0125,-0.0934
/kaggle/input/datasets/duc24kdl/sub-x-ray/sub_X-Ray/sub_NIH/00001946_010.png,,sub_NIH,00001946_010.png,ok,512x512 -> 1024x1024,2,1,344.64,37.2682,12.197332,3.492468,0.986,0.9984,0.0518,6.7721,37.7439,10.931795,3.306327,0.9878,0.9987,0.0658,0.0658,0.0658,6.7517,144.8372,67.7115,144.8372,67.7115,0.5602,37.7439,0.9878,10.931795,3.306327,0.4757,0.0003,-0.0139,0.0205
/kaggle/input/datasets/duc24kdl/sub-x-ray/sub_X-Ray/sub_chest/IM-0001-0001.jpeg,,sub_chest,IM-0001-0001.jpeg,ok,928x658 -> 1856x1316,2,1,826.93,38.7326,8.706034,2.950599,0.937,0.9933,0.1842,5.6925,38.989,8.206982,2.864783,0.9408,0.9939,0.2009,0.2009,0.2009,5.9318,131.0584,56.9046,131.0584,56.9046,0.4627,38.989,0.9408,8.206982,2.864783,0.2564,0.0006,-0.0167,-0.2393
/kaggle/input/datasets/duc24kdl/sub-x-ray/sub_X-Ray/sub_chest/IM-0003-0001.jpeg,,sub_chest,IM-0003-0001.jpeg,ok,1055x754 -> 2110x1508,2,1,1166.32,39.4525,7.376088,2.715895,0.9341,0.9929,0.193,5.6824,39.6304,7.080036,2.660834,0.9379,0.9935,0.2101,0.2101,0.2101,5.9157,142.5049,60.5008,142.5049,60.5008,0.4642,39.6304,0.9379,7.080036,2.660834,0.1779,0.0006,-0.0172,-0.2333
/kaggle/input/datasets/duc24kdl/sub-x-ray/sub_X-Ray/sub_chest/IM-0005-0001.jpeg,,sub_chest,IM-0005-0001.jpeg,ok,1015x918 -> 2030x1836,2,1,1359.63,38.0641,10.154796,3.186659,0.9229,0.992,0.2104,5.6575,38.3032,9.610821,3.100132,0.9272,0.9927,0.2295,0.2295,0.2295,5.9516,136.3118,55.1979,136.3118,55.1979,0.4616,38.3032,0.9272,9.610821,3.100132,0.2391,0.0006,-0.0191,-0.2941
/kaggle/input/datasets/duc24kdl/sub-x-ray/sub_X-Ray/sub_chest/IM-0006-0001.jpeg,,sub_chest,IM-0006-0001.jpeg,ok,831x663 -> 1662x1326,2,1,803.34,38.3247,9.563426,3.092479,0.92,0.9918,0.224,6.2603,38.5472,9.085816,3.014269,0.9244,0.9925,0.2431,0.2431,0.2431,6.2086,148.7704,42.0249,148.7704,42.0249,0.4831,38.5472,0.9244,9.085816,3.014269,0.2225,0.0007,-0.0191,0.0517
/kaggle/input/datasets/duc24kdl/sub-x-ray/sub_X-Ray/sub_chest/IM-0007-0001.jpeg,,sub_chest,IM-0007-0001.jpeg,ok,1026x909 -> 2052x1818,2,1,1321.96,38.5606,9.057815,3.00962,0.9263,0.9924,0.2056,5.7188,38.7924,8.587009,2.93036,0.9304,0.993,0.2241,0.2241,0.2241,5.9196,137.7753,53.7788,137.7753,53.7788,0.4666,38.7924,0.9304,8.587009,2.93036,0.2318,0.0006,-0.0185,-0.2008
/kaggle/input/datasets/duc24kdl/sub-x-ray/sub_X-Ray/sub_chest/IM-0009-0001.jpeg,,sub_chest,IM-0009-0001.jpeg,ok,926x721 -> 1852x1442,2,1,955.83,34.9896,20.611905,4.540034,0.8444,0.9881,0.2465,6.2212,34.9486,20.807665,4.561542,0.8481,0.9888,0.264,0.264,0.264,6.2914,143.6612,48.857,143.6612,48.857,0.2679,34.9486,0.8481,20.807665,4.561542,-0.0411,0.0006,-0.0175,-0.0702
/kaggle/input/datasets/duc24kdl/sub-x-ray/sub_X-Ray/sub_chest/IM-0010-0001.jpeg,,sub_chest,IM-0010-0001.jpeg,ok,936x739 -> 1872x1478,2,1,939.41,38.126,10.011081,3.164029,0.9209,0.9917,0.2033,5.8417,38.3581,9.490062,3.080594,0.9252,0.9924,0.2209,0.2209,0.2209,6.0542,132.6874,58.5978,132.6874,58.5978,0.4674,38.3581,0.9252,9.490062,3.080594,0.2321,0.0007,-0.0176,-0.2125
/kaggle/input/datasets/duc24kdl/sub-x-ray/sub_X-Ray/sub_chest/IM-0011-0001-0001.jpeg,,sub_chest,IM-0011-0001-0001.jpeg,ok,1072x958 -> 2144x1916,2,1,1400.6,37.9624,10.39536,3.224184,0.9219,0.9916,0.2125,6.0562,38.1703,9.909372,3.147915,0.9262,0.9923,0.2311,0.2311,0.2311,6.2139,137.0793,52.8075,137.0793,52.8075,0.4825,38.1703,0.9262,9.909372,3.147915,0.2079,0.0007,-0.0186,-0.1577
/kaggle/input/datasets/duc24kdl/sub-x-ray/sub_X-Ray/sub_chest/IM-0011-0001-0002.jpeg,,sub_chest,IM-0011-0001-0002.jpeg,ok,1107x972 -> 2214x1944,2,1,1581.77,39.1128,7.97631,2.824236,0.9428,0.9938,0.177,6.0275,39.348,7.555789,2.74878,0.9464,0.9944,0.193,0.193,0.193,6.2207,133.4319,57.8528,133.4319,57.8528,0.4858,39.348,0.9464,7.555789,2.74878,0.2352,0.0006,-0.0159,-0.1932
/kaggle/input/datasets/duc24kdl/sub-x-ray/sub_X-Ray/sub_chest/IM-0011-0001.jpeg,,sub_chest,IM-0011-0001.jpeg,ok,931x892 -> 1862x1784,2,1,1225.12,36.5207,14.488039,3.806316,0.8809,0.9887,0.2565,5.689,36.6695,14.000137,3.741676,0.8857,0.9894,0.2788,0.2788,0.2788,5.9697,126.2735,52.5503,126.2735,52.5503,0.4078,36.6695,0.8857,14.000137,3.741676,0.1488,0.0007,-0.0223,-0.2807
/kaggle/input/datasets/duc24kdl/sub-x-ray/sub_X-Ray/sub_chest/IM-0013-0001.jpeg,,sub_chest,IM-0013-0001.jpeg,ok,1222x1077 -> 2444x2154,2,1,1880.0,37.6126,11.267317,3.356682,0.9183,0.9914,0.2118,5.8504,37.823,10.73452,3.276358,0.9229,0.9921,0.2311,0.2311,0.2311,6.0484,136.0574,56.0402,136.0574,56.0402,0.4789,37.823,0.9229,10.73452,3.276358,0.2104,0.0007,-0.0193,-0.1981
/kaggle/input/datasets/duc24kdl/sub-x-ray/sub_X-Ray/sub_chest/IM-0015-0001.jpeg,,sub_chest,IM-0015-0001.jpeg,ok,901x619 -> 1802x1238,2,1,819.96,38.0534,10.17979,3.190578,0.9172,0.9918,0.2276,5.9205,38.2485,9.732682,3.119725,0.9214,0.9924,0.2473,0.2473,0.2473,5.9643,136.7059,47.3092,136.7059,47.3092,0.4529,38.2485,0.9214,9.732682,3.119725,0.1951,0.0006,-0.0197,-0.0438
/kaggle/input/datasets/duc24kdl/sub-x-ray/sub_X-Ray/sub_chest/IM-0016-0001.jpeg,,sub_chest,IM-0016-0001.jpeg,ok,1249x1028 -> 2498x2056,2,1,1893.29,38.3429,9.523434,3.086006,0.9248,0.9921,0.2028,5.5363,38.5542,9.071169,3.011838,0.929,0.9927,0.2206,0.2206,0.2206,5.8615,134.1364,62.0986,134.1364,62.0986,0.4722,38.5542,0.929,9.071169,3.011838,0.2113,0.0006,-0.0178,-0.3251
/kaggle/input/datasets/duc24kdl/sub-x-ray/sub_X-Ray/sub_chest/IM-0017-0001.jpeg,,sub_chest,IM-0017-0001.jpeg,ok,992x779 -> 1984x1558,2,1,1045.49,37.2523,12.241817,3.498831,0.9109,0.9906,0.2245,6.1256,37.4671,11.651152,3.413378,0.9156,0.9914,0.2428,0.2428,0.2428,6.2898,139.303,47.9562,139.303,47.9562,0.487,37.4671,0.9156,11.651152,3.413378,0.2148,0.0007,-0.0183,-0.1642
/kaggle/input/datasets/duc24kdl/sub-x-ray/sub_X-Ray/sub_chest/IM-0019-0001.jpeg,,sub_chest,IM-0019-0001.jpeg,ok,958x716 -> 1916x1432,2,1,985.89,39.2656,7.700498,2.774977,0.9327,0.9927,0.1993,5.8285,39.5053,7.287043,2.699452,0.9366,0.9933,0.2173,0.2173,0.2173,6.047,135.0235,51.51,135.0235,51.51,0.4851,39.5053,0.9366,7.287043,2.699452,0.2397,0.0006,-0.0181,-0.2185
/kaggle/input/datasets/duc24kdl/sub-x-ray/sub_X-Ray/sub_chest/IM-0021-0001.jpeg,,sub_chest,IM-0021-0001.jpeg,ok,1312x946 -> 2624x1892,2,1,1692.55,37.7887,10.819536,3.289306,0.9356,0.9927,0.2118,6.6105,38.0373,10.217615,3.1965,0.9395,0.9933,0.2288,0.2288,0.2288,6.6223,151.4644,44.1127,151.4644,44.1127,0.499,38.0373,0.9395,10.217615,3.1965,0.2486,0.0006,-0.017,-0.0119
/kaggle/input/datasets/duc24kdl/sub-x-ray/sub_X-Ray/sub_chest/IM-0022-0001.jpeg,,sub_chest,IM-0022-0001.jpeg,ok,650x308 -> 1300x616,2,1,280.63,37.5109,11.534303,3.396219,0.919,0.9915,0.2621,6.3067,37.7459,10.926839,3.305577,0.9228,0.9921,0.2805,0.2805,0.2805,6.3496,86.4676,32.7651,86.4676,32.7651,0.4117,37.7459,0.9228,10.926839,3.305577,0.235,0.0006,-0.0184,-0.0429
/kaggle/input/datasets/duc24kdl/sub-x-ray/sub_X-Ray/sub_chest/IM-0023-0001.jpeg,,sub_chest,IM-0023-0001.jpeg,ok,1011x692 -> 2022x1384,2,1,1029.96,37.2926,12.128736,3.482633,0.9159,0.9915,0.225,5.9245,37.4766,11.625724,3.409652,0.92,0.9921,0.2439,0.2439,0.2439,6.0205,132.7036,54.2915,132.7036,54.2915,0.4593,37.4766,0.92,11.625724,3.409652,0.184,0.0006,-0.0189,-0.0959
/kaggle/input/datasets/duc24kdl/sub-x-ray/sub_X-Ray/sub_chest/IM-0025-0001.jpeg,,sub_chest,IM-0025-0001.jpeg,ok,1360x1229 -> 2720x2458,2,1,2399.24,38.4819,9.223303,3.036989,0.9255,0.992,0.1915,6.0464,38.6943,8.783093,2.963628,0.9298,0.9927,0.2082,0.2082,0.2082,6.1104,133.1751,66.2848,133.1751,66.2848,0.4815,38.6943,0.9298,8.783093,2.963628,0.2124,0.0007,-0.0167,-0.064
/kaggle/input/datasets/duc24kdl/sub-x-ray/sub_X-Ray/sub_chest/IM-0027-0001.jpeg,,sub_chest,IM-0027-0001.jpeg,ok,1135x913 -> 2270x1826,2,1,1535.42,38.1528,9.949488,3.154281,0.919,0.9915,0.2152,6.1861,38.3495,9.50889,3.083649,0.9234,0.9922,0.2334,0.2334,0.2334,6.1801,143.0354,53.4971,143.0354,53.4971,0.4748,38.3495,0.9234,9.50889,3.083649,0.1967,0.0007,-0.0182,0.0061
/kaggle/input/datasets/duc24kdl/sub-x-ray/sub_X-Ray/sub_chest/IM-0028-0001.jpeg,,sub_chest,IM-0028-0001.jpeg,ok,1261x1062 -> 2522x2124,2,1,1984.34,38.3676,9.469289,3.077221,0.9239,0.9919,0.2145,5.6739,38.5721,9.033846,3.005636,0.9282,0.9925,0.2318,0.2318,0.2318,6.0744,127.7486,58.963,127.7486,58.963,0.4725,38.5721,0.9282,9.033846,3.005636,0.2044,0.0007,-0.0173,-0.4005
/kaggle/input/datasets/duc24kdl/sub-x-ray/sub_X-Ray/sub_chest/IM-0029-0001.jpeg,,sub_chest,IM-0029-0001.jpeg,ok,1171x1069 -> 2342x2138,2,1,1863.54,37.3165,12.062332,3.473087,0.9078,0.9905,0.2335,6.1831,37.5411,11.454244,3.384412,0.9126,0.9912,0.2536,0.2536,0.2536,6.2099,149.7098,45.6067,149.7098,45.6067,0.4759,37.5411,0.9126,11.454244,3.384412,0.2246,0.0008,-0.0201,-0.0268
/kaggle/input/datasets/duc24kdl/sub-x-ray/sub_X-Ray/sub_chest/IM-0030-0001.jpeg,,sub_chest,IM-0030-0001.jpeg,ok,823x657 -> 1646x1314,2,1,792.45,37.5986,11.303735,3.362103,0.9105,0.991,0.2262,5.6501,37.8255,10.728328,3.275413,0.915,0.9917,0.2464,0.2464,0.2464,5.7145,109.7263,50.9185,109.7263,50.9185,0.4539,37.8255,0.915,10.728328,3.275413,0.2269,0.0007,-0.0202,-0.0644
/kaggle/input/datasets/duc24kdl/sub-x-ray/sub_X-Ray/sub_chest/IM-0031-0001.jpeg,,sub_chest,IM-0031-0001.jpeg,ok,974x816 -> 1948x1632,2,1,1127.84,39.1445,7.918241,2.813937,0.9277,0.9925,0.1985,5.6517,39.3536,7.546149,2.747025,0.9316,0.9931,0.2149,0.2149,0.2149,5.8643,138.6334,58.0378,138.6334,58.0378,0.4631,39.3536,0.9316,7.546149,2.747025,0.209,0.0006,-0.0164,-0.2126
/kaggle/input/datasets/duc24kdl/sub-x-ray/sub_X-Ray/sub_chest/IM-0033-0001-0001.jpeg,,sub_chest,IM-0033-0001-0001.jpeg,ok,1085x976 -> 2170x1952,2,1,1565.82,37.334,12.013731,3.466083,0.9099,0.991,0.2172,5.5695,37.5044,11.55148,3.398747,0.9143,0.9917,0.2345,0.2345,0.2345,5.6246,151.9025,65.5524,151.9025,65.5524,0.4314,37.5044,0.9143,11.55148,3.398747,0.1704,0.0007,-0.0173,-0.055
/kaggle/input/datasets/duc24kdl/sub-x-ray/sub_X-Ray/sub_chest/IM-0033-0001-0002.jpeg,,sub_chest,IM-0033-0001-0002.jpeg,ok,1012x918 -> 2024x1836,2,1,1260.85,37.8747,10.607418,3.256903,0.9234,0.9919,0.2037,5.9998,38.0994,10.072673,3.173747,0.9278,0.9926,0.223,0.223,0.223,6.0248,147.5932,54.8623,147.5932,54.8623,0.4869,38.0994,0.9278,10.072673,3.173747,0.2246,0.0007,-0.0192,-0.0249
/kaggle/input/datasets/duc24kdl/sub-x-ray/sub_X-Ray/sub_chest/IM-0033-0001.jpeg,,sub_chest,IM-0033-0001.jpeg,ok,829x767 -> 1658x1534,2,1,939.89,37.266,12.203428,3.493341,0.9265,0.9927,0.2052,5.9572,37.4722,11.637438,3.411369,0.9305,0.9933,0.2232,0.2232,0.2232,6.0134,143.4544,51.6829,143.4544,51.6829,0.4735,37.4722,0.9305,11.637438,3.411369,0.2062,0.0006,-0.018,-0.0562
/kaggle/input/datasets/duc24kdl/sub-x-ray/sub_X-Ray/sub_chest/IM-0035-0001.jpeg,,sub_chest,IM-0035-0001.jpeg,ok,1240x1164 -> 2480x2328,2,1,1979.47,37.7868,10.824293,3.290029,0.9106,0.9908,0.2381,5.6653,37.9767,10.361277,3.218894,0.915,0.9914,0.2562,0.2562,0.2562,6.028,130.8118,58.536,130.8118,58.536,0.4487,37.9767,0.915,10.361277,3.218894,0.1899,0.0007,-0.0182,-0.3627
/kaggle/input/datasets/duc24kdl/sub-x-ray/sub_X-Ray/sub_chest/IM-0036-0001.jpeg,,sub_chest,IM-0036-0001.jpeg,ok,1048x854 -> 2096x1708,2,1,1219.08,37.9948,10.318096,3.212179,0.9343,0.9932,0.1827,5.571,38.2095,9.820403,3.133752,0.9379,0.9938,0.1978,0.1978,0.1978,5.5427,154.1428,70.0314,154.1428,70.0314,0.4488,38.2095,0.9379,9.820403,3.133752,0.2147,0.0006,-0.0152,0.0283
/kaggle/input/datasets/duc24kdl/sub-x-ray/sub_X-Ray/sub_chest/IM-0037-0001.jpeg,,sub_chest,IM-0037-0001.jpeg,ok,870x752 -> 1740x1504,2,1,940.91,37.7678,10.871757,3.297235,0.9207,0.9917,0.2106,5.8851,37.9511,10.422428,3.228378,0.925,0.9923,0.229,0.229,0.229,6.0391,140.3843,49.1487,140.3843,49.1487,0.4674,37.9511,0.925,10.422428,3.228378,0.1833,0.0007,-0.0184,-0.154
/kaggle/input/datasets/duc24kdl/sub-x-ray/sub_X-Ray/sub_chest/IM-0039-0001.jpeg,,sub_chest,IM-0039-0001.jpeg,ok,1076x896 -> 2152x1792,2,1,1310.6,39.0372,8.116307,2.848913,0.9349,0.993,0.1918,5.6268,39.2999,7.639927,2.764042,0.9388,0.9936,0.2084,0.2084,0.2084,5.8673,134.2583,57.2654,134.2583,57.2654,0.4694,39.2999,0.9388,7.639927,2.764042,0.2627,0.0006,-0.0166,-0.2404
/kaggle/input/datasets/duc24kdl/sub-x-ray/sub_X-Ray/sub_chest/IM-0041-0001.jpeg,,sub_chest,IM-0041-0001.jpeg,ok,1011x1035 -> 2022x2070,2,1,1536.62,37.3849,11.873952,3.44586,0.9068,0.9905,0.2317,5.7723,37.5824,11.346052,3.36839,0.9116,0.9912,0.252,0.252,0.252,5.9382,107.9033,53.628,107.9033,53.628,0.4674,37.5824,0.9116,11.346052,3.36839,0.1975,0.0007,-0.0203,-0.166
/kaggle/input/datasets/duc24kdl/sub-x-ray/sub_X-Ray/sub_chest/IM-0043-0001.jpeg,,sub_chest,IM-0043-0001.jpeg,ok,1148x1016 -> 2296x2032,2,1,1578.43,37.9944,10.31914,3.212342,0.9103,0.9904,0.226,6.1661,38.2126,9.813319,3.132622,0.9151,0.9911,0.2456,0.2456,0.2456,6.2843,143.5549,49.6442,143.5549,49.6442,0.4808,38.2126,0.9151,9.813319,3.132622,0.2183,0.0007,-0.0196,-0.1182
/kaggle/input/datasets/duc24kdl/sub-x-ray/sub_X-Ray/sub_chest/IM-0045-0001.jpeg,,sub_chest,IM-0045-0001.jpeg,ok,1373x1191 -> 2746x2382,2,1,2411.37,37.9148,10.509824,3.241886,0.9181,0.9915,0.2059,5.8745,38.1513,9.952883,3.154819,0.9227,0.9922,0.224,0.224,0.224,6.1846,145.0573,58.3313,145.0573,58.3313,0.4818,38.1513,0.9227,9.952883,3.154819,0.2365,0.0007,-0.0182,-0.31
/kaggle/input/datasets/duc24kdl/sub-x-ray/sub_X-Ray/sub_chest/IM-0046-0001.jpeg,,sub_chest,IM-0046-0001.jpeg,ok,1000x862 -> 2000x1724,2,1,1164.55,37.82,10.741896,3.277483,0.9208,0.9916,0.211,5.9854,38.0533,10.180017,3.190614,0.9252,0.9922,0.2297,0.2297,0.2297,6.1132,142.5927,49.6202,142.5927,49.6202,0.4763,38.0533,0.9252,10.180017,3.190614,0.2333,0.0007,-0.0186,-0.1278
/kaggle/input/datasets/duc24kdl/sub-x-ray/sub_X-Ray/sub_chest/IM-0049-0001.jpeg,,sub_chest,IM-0049-0001.jpeg,ok,881x530 -> 1762x1060,2,1,687.65,42.075,4.032564,2.008124,0.9621,0.9957,0.1164,5.8651,42.4439,3.704143,1.924615,0.9654,0.9962,0.1346,0.1346,0.1346,6.0694,120.6395,59.0937,120.6395,59.0937,0.5182,42.4439,0.9654,3.704143,1.924615,0.3689,0.0005,-0.0181,-0.2043
/kaggle/input/datasets/duc24kdl/sub-x-ray/sub_X-Ray/sub_chest/IM-0050-0001.jpeg,,sub_chest,IM-0050-0001.jpeg,ok,1376x941 -> 2752x1882,2,1,1757.15,40.0572,6.417355,2.53325,0.9412,0.9933,0.1473,5.7818,40.3353,6.019382,2.453443,0.9456,0.994,0.1656,0.1656,0.1656,5.8965,131.4661,53.9883,131.4661,53.9883,0.504,40.3353,0.9456,6.019382,2.453443,0.278,0.0007,-0.0182,-0.1148
/kaggle/input/datasets/duc24kdl/sub-x-ray/sub_X-Ray/sub_chest/IM-0059-0001.jpeg,,sub_chest,IM-0059-0001.jpeg,ok,808x520 -> 1616x1040,2,1,557.22,42.1393,3.973335,1.993323,0.975,0.9968,0.0976,6.5771,42.4702,3.681793,1.9188,0.9775,0.9972,0.1111,0.1111,0.1111,6.5123,139.0947,62.1582,139.0947,62.1582,0.4532,42.4702,0.9775,3.681793,1.9188,0.331,0.0004,-0.0135,0.0648
/kaggle/input/datasets/duc24kdl/sub-x-ray/sub_X-Ray/sub_chest/IM-0061-0001.jpeg,,sub_chest,IM-0061-0001.jpeg,ok,877x659 -> 1754x1318,2,1,844.37,42.4648,3.686355,1.919988,0.9778,0.9973,0.0936,6.3869,42.8644,3.362342,1.833669,0.9801,0.9976,0.1062,0.1062,0.1062,6.3105,138.3134,72.8297,138.3134,72.8297,0.4459,42.8644,0.9801,3.362342,1.833669,0.3996,0.0004,-0.0126,0.0764
/kaggle/input/datasets/duc24kdl/sub-x-ray/sub_X-Ray/sub_chest/IM-0063-0001.jpeg,,sub_chest,IM-0063-0001.jpeg,ok,1017x880 -> 2034x1760,2,1,1299.57,43.5109,2.897248,1.702131,0.9805,0.9974,0.0901,6.5704,43.8712,2.666597,1.632972,0.9826,0.9978,0.1052,0.1052,0.1052,6.5711,113.4998,59.2135,113.4998,59.2135,0.4608,43.8712,0.9826,2.666597,1.632972,0.3603,0.0004,-0.0151,-0.0007
/kaggle/input/datasets/duc24kdl/sub-x-ray/sub_X-Ray/sub_chest/IM-0065-0001.jpeg,,sub_chest,IM-0065-0001.jpeg,ok,781x510 -> 1562x1020,2,1,582.24,45.2494,1.941513,1.393382,0.9777,0.9972,0.0884,6.3712,45.6466,1.771819,1.331097,0.98,0.9976,0.1026,0.1026,0.1026,6.4736,106.4021,63.5205,106.4021,63.5205,0.5239,45.6466,0.98,1.771819,1.331097,0.3972,0.0004,-0.0141,-0.1025
/kaggle/input/datasets/duc24kdl/sub-x-ray/sub_X-Ray/sub_chest/IM-0067-0001.jpeg,,sub_chest,IM-0067-0001.jpeg,ok,786x562 -> 1572x1124,2,1,630.23,42.4952,3.660644,1.913281,0.9785,0.9972,0.0858,6.3407,42.8608,3.365136,1.834431,0.9808,0.9976,0.0988,0.0988,0.0988,6.4135,109.0506,61.5183,109.0506,61.5183,0.4483,42.8608,0.9808,3.365136,1.834431,0.3655,0.0004,-0.013,-0.0728
/kaggle/input/datasets/duc24kdl/sub-x-ray/sub_X-Ray/sub_chest/IM-0069-0001.jpeg,,sub_chest,IM-0069-0001.jpeg,ok,987x613 -> 1974x1226,2,1,883.33,42.3201,3.811277,1.952249,0.978,0.9972,0.0949,6.5545,42.7052,3.487885,1.867588,0.9803,0.9976,0.1086,0.1086,0.1086,6.5873,124.7507,64.109,124.7507,64.109,0.4515,42.7052,0.9803,3.487885,1.867588,0.3851,0.0004,-0.0137,-0.0328
/kaggle/input/datasets/duc24kdl/sub-x-ray/sub_X-Ray/sub_chest/IM-0070-0001.jpeg,,sub_chest,IM-0070-0001.jpeg,ok,1017x696 -> 2034x1392,2,1,1021.05,45.9671,1.645775,1.282878,0.9807,0.9975,0.0833,6.1888,46.3711,1.499578,1.224572,0.9828,0.9978,0.0966,0.0966,0.0966,6.2087,105.587,64.2163,105.587,64.2163,0.509,46.3711,0.9828,1.499578,1.224572,0.404,0.0004,-0.0132,-0.0199
/kaggle/input/datasets/duc24kdl/sub-x-ray/sub_X-Ray/sub_chest/IM-0071-0001.jpeg,,sub_chest,IM-0071-0001.jpeg,ok,1030x779 -> 2060x1558,2,1,1127.78,42.2538,3.869864,1.967197,0.9745,0.9968,0.1024,6.106,42.6547,3.528638,1.878467,0.9769,0.9973,0.1174,0.1174,0.1174,6.0527,130.2849,60.0962,130.2849,60.0962,0.4655,42.6547,0.9769,3.528638,1.878467,0.4009,0.0004,-0.0151,0.0533
/kaggle/input/datasets/duc24kdl/sub-x-ray/sub_X-Ray/sub_chest/IM-0073-0001.jpeg,,sub_chest,IM-0073-0001.jpeg,ok,661x325 -> 1322x650,2,1,301.47,41.3136,4.805309,2.192101,0.9657,0.9962,0.1184,6.167,41.6642,4.432648,2.105385,0.9686,0.9967,0.1327,0.1327,0.1327,6.0547,131.6744,53.7062,131.6744,53.7062,0.4669,41.6642,0.9686,4.432648,2.105385,0.3506,0.0004,-0.0144,0.1123
/kaggle/input/datasets/duc24kdl/sub-x-ray/sub_X-Ray/sub_chest/IM-0075-0001.jpeg,,sub_chest,IM-0075-0001.jpeg,ok,893x534 -> 1786x1068,2,1,689.72,42.749,3.452882,1.858193,0.9725,0.9967,0.1042,5.7753,43.0798,3.199665,1.788761,0.975,0.9971,0.1191,0.1191,0.1191,5.783,131.7616,59.1341,131.7616,59.1341,0.5119,43.0798,0.975,3.199665,1.788761,0.3308,0.0004,-0.0149,-0.0077
/kaggle/input/datasets/duc24kdl/sub-x-ray/sub_X-Ray/sub_chest/IM-0077-0001.jpeg,,sub_chest,IM-0077-0001.jpeg,ok,870x623 -> 1740x1246,2,1,759.56,42.4537,3.69581,1.922449,0.9844,0.9978,0.0752,6.9234,42.8517,3.372162,1.836345,0.9865,0.9981,0.0888,0.0888,0.0888,6.8081,130.0873,57.2065,130.0873,57.2065,0.4334,42.8517,0.9865,3.372162,1.836345,0.398,0.0003,-0.0136,0.1153
/kaggle/input/datasets/duc24kdl/sub-x-ray/sub_X-Ray/sub_chest/IM-0079-0001.jpeg,,sub_chest,IM-0079-0001.jpeg,ok,887x615 -> 1774x1230,2,1,792.09,43.1844,3.1235,1.767343,0.9752,0.9969,0.0966,6.5348,43.4772,2.919844,1.708755,0.9777,0.9973,0.111,0.111,0.111,6.4596,137.6115,60.7181,137.6115,60.7181,0.4844,43.4772,0.9777,2.919844,1.708755,0.2928,0.0004,-0.0145,0.0751
/kaggle/input/datasets/duc24kdl/sub-x-ray/sub_X-Ray/sub_chest/IM-0081-0001.jpeg,,sub_chest,IM-0081-0001.jpeg,ok,630x383 -> 1260x766,2,1,335.87,42.3287,3.803726,1.950314,0.977,0.9971,0.0911,6.5395,42.6402,3.540484,1.881617,0.9794,0.9975,0.105,0.105,0.105,6.5101,123.9453,57.7792,123.9453,57.7792,0.4618,42.6402,0.9794,3.540484,1.881617,0.3115,0.0004,-0.0139,0.0294
/kaggle/input/datasets/duc24kdl/sub-x-ray/sub_X-Ray/sub_chest/IM-0083-0001.jpeg,,sub_chest,IM-0083-0001.jpeg,ok,620x462 -> 1240x924,2,1,367.14,42.1445,3.968509,1.992112,0.9738,0.9968,0.1044,6.5175,42.4284,3.717385,1.928052,0.9763,0.9972,0.1193,0.1193,0.1193,6.3648,127.9871,55.4758,127.9871,55.4758,0.4655,42.4284,0.9763,3.717385,1.928052,0.2839,0.0004,-0.0148,0.1527
/kaggle/input/datasets/duc24kdl/sub-x-ray/sub_X-Ray/sub_chest/IM-0084-0001.jpeg,,sub_chest,IM-0084-0001.jpeg,ok,877x593 -> 1754x1186,2,1,754.02,42.4507,3.698368,1.923114,0.9769,0.9971,0.0991,6.5088,42.8414,3.380165,1.838522,0.9793,0.9975,0.1128,0.1128,0.1128,6.3661,129.7722,64.3189,129.7722,64.3189,0.4453,42.8414,0.9793,3.380165,1.838522,0.3907,0.0004,-0.0137,0.1428
/kaggle/input/datasets/duc24kdl/sub-x-ray/sub_X-Ray/sub_chest/IM-0085-0001.jpeg,,sub_chest,IM-0085-0001.jpeg,ok,779x507 -> 1558x1014,2,1,571.74,41.9518,4.14856,2.036802,0.9754,0.9971,0.1005,6.0541,42.3386,3.795069,1.948094,0.9778,0.9975,0.1156,0.1156,0.1156,5.9759,127.9155,57.2704,127.9155,57.2704,0.4513,42.3386,0.9778,3.795069,1.948094,0.3868,0.0004,-0.0151,0.0782
/kaggle/input/datasets/duc24kdl/sub-x-ray/sub_X-Ray/sub_chest/IM-0086-0001.jpeg,,sub_chest,IM-0086-0001.jpeg,ok,1003x730 -> 2006x1460,2,1,1054.57,42.3709,3.766931,1.940858,0.9756,0.997,0.0992,6.0534,42.7176,3.477893,1.864911,0.9779,0.9974,0.1134,0.1134,0.1134,5.9943,108.8967,64.6633,108.8967,64.6633,0.4687,42.7176,0.9779,3.477893,1.864911,0.3467,0.0004,-0.0142,0.0591
/kaggle/input/datasets/duc24kdl/sub-x-ray/sub_X-Ray/sub_chest/IM-0087-0001.jpeg,,sub_chest,IM-0087-0001.jpeg,ok,945x678 -> 1890x1356,2,1,922.89,45.2,1.96373,1.401331,0.9766,0.9971,0.0961,6.0164,45.5868,1.796376,1.340289,0.9788,0.9975,0.1096,0.1096,0.1096,5.9302,117.6282,63.7769,117.6282,63.7769,0.5252,45.5868,0.9788,1.796376,1.340289,0.3868,0.0004,-0.0135,0.0863
/kaggle/input/datasets/duc24kdl/sub-x-ray/sub_X-Ray/sub_chest/IM-0089-0001.jpeg,,sub_chest,IM-0089-0001.jpeg,ok,1213x1038 -> 2426x2076,2,1,1838.74,43.9918,2.59357,1.610456,0.9802,0.9973,0.0915,6.7855,44.3418,2.392792,1.546865,0.9825,0.9977,0.1058,0.1058,0.1058,6.706,136.2455,61.7699,136.2455,61.7699,0.4662,44.3418,0.9825,2.392792,1.546865,0.3499,0.0004,-0.0143,0.0794
/kaggle/input/datasets/duc24kdl/sub-x-ray/sub_X-Ray/sub_chest/IM-0091-0001.jpeg,,sub_chest,IM-0091-0001.jpeg,ok,877x518 -> 1754x1036,2,1,658.95,42.5609,3.605744,1.89888,0.9771,0.9972,0.0938,6.2956,42.7682,3.437668,1.854095,0.9794,0.9976,0.1086,0.1086,0.1086,6.2171,119.5318,60.3429,119.5318,60.3429,0.4639,42.7682,0.9794,3.437668,1.854095,0.2073,0.0004,-0.0148,0.0785
/kaggle/input/datasets/duc24kdl/sub-x-ray/sub_X-Ray/sub_chest/IM-0093-0001.jpeg,,sub_chest,IM-0093-0001.jpeg,ok,894x641 -> 1788x1282,2,1,814.07,45.9947,1.635343,1.278805,0.9857,0.9979,0.0712,7.2005,46.3287,1.514311,1.230573,0.9877,0.9982,0.0845,0.0845,0.0845,7.0639,148.2313,54.8379,148.2313,54.8379,0.4599,46.3287,0.9877,1.514311,1.230573,0.3339,0.0003,-0.0133,0.1366
/kaggle/input/datasets/duc24kdl/sub-x-ray/sub_X-Ray/sub_chest/IM-0095-0001.jpeg,,sub_chest,IM-0095-0001.jpeg,ok,933x655 -> 1866x1310,2,1,889.91,45.2681,1.933154,1.390379,0.978,0.9972,0.0824,6.5241,45.735,1.736119,1.317619,0.9804,0.9976,0.095,0.095,0.095,6.5887,119.6368,68.9601,119.6368,68.9601,0.5182,45.735,0.9804,1.736119,1.317619,0.4669,0.0004,-0.0126,-0.0646
/kaggle/input/datasets/duc24kdl/sub-x-ray/sub_X-Ray/sub_chest/IM-0097-0001.jpeg,,sub_chest,IM-0097-0001.jpeg,ok,779x462 -> 1558x924,2,1,520.64,41.8543,4.242754,2.059795,0.9774,0.9972,0.093,6.3392,42.2471,3.875893,1.968729,0.9797,0.9975,0.1054,0.1054,0.1054,6.3388,122.1751,67.9653,122.1751,67.9653,0.4337,42.2471,0.9797,3.875893,1.968729,0.3928,0.0004,-0.0124,0.0005
/kaggle/input/datasets/duc24kdl/sub-x-ray/sub_X-Ray/sub_chest/IM-0099-0001.jpeg,,sub_chest,IM-0099-0001.jpeg,ok,931x663 -> 1862x1326,2,1,895.72,44.3128,2.408822,1.552038,0.9773,0.9972,0.0896,6.1365,44.7092,2.198651,1.482785,0.9796,0.9976,0.1031,0.1031,0.1031,6.1417,109.731,63.9161,109.731,63.9161,0.4888,44.7092,0.9796,2.198651,1.482785,0.3965,0.0004,-0.0135,-0.0052
/kaggle/input/datasets/duc24kdl/sub-x-ray/sub_X-Ray/sub_chest/IM-0101-0001.jpeg,,sub_chest,IM-0101-0001.jpeg,ok,730x453 -> 1460x906,2,1,458.19,41.1102,5.035708,2.244038,0.9691,0.9966,0.1125,5.4576,41.303,4.817087,2.194786,0.9717,0.997,0.1269,0.1269,0.1269,5.422,100.9725,61.9832,100.9725,61.9832,0.4671,41.303,0.9717,4.817087,2.194786,0.1928,0.0004,-0.0145,0.0356
/kaggle/input/datasets/duc24kdl/sub-x-ray/sub_X-Ray/sub_chest/IM-0102-0001.jpeg,,sub_chest,IM-0102-0001.jpeg,ok,736x431 -> 1472x862,2,1,412.92,40.4963,5.800245,2.40837,0.9682,0.9964,0.1166,5.7285,40.8116,5.394135,2.322528,0.9708,0.9969,0.1309,0.1309,0.1309,5.6581,93.4561,55.1202,93.4561,55.1202,0.4589,40.8116,0.9708,5.394135,2.322528,0.3152,0.0004,-0.0143,0.0705
/kaggle/input/datasets/duc24kdl/sub-x-ray/sub_X-Ray/sub_chest/IM-0103-0001.jpeg,,sub_chest,IM-0103-0001.jpeg,ok,985x1042 -> 1970x2084,2,1,1492.63,43.0954,3.188151,1.785539,0.9793,0.9972,0.0902,6.7035,43.5114,2.896936,1.702039,0.9817,0.9976,0.1038,0.1038,0.1038,6.6974,134.1961,62.0433,134.1961,62.0433,0.4578,43.5114,0.9817,2.896936,1.702039,0.416,0.0004,-0.0136,0.0062
/kaggle/input/datasets/duc24kdl/sub-x-ray/sub_X-Ray/sub_chest/IM-0105-0001.jpeg,,sub_chest,IM-0105-0001.jpeg,ok,1011x649 -> 2022x1298,2,1,951.39,43.0619,3.212815,1.792433,0.9786,0.9972,0.0906,6.5453,43.3684,2.993907,1.730291,0.9809,0.9976,0.104,0.104,0.104,6.4705,131.438,63.8568,131.438,63.8568,0.4622,43.3684,0.9809,2.993907,1.730291,0.3065,0.0004,-0.0134,0.0748
/kaggle/input/datasets/duc24kdl/sub-x-ray/sub_X-Ray/sub_chest/IM-0107-0001.jpeg,,sub_chest,IM-0107-0001.jpeg,ok,912x562 -> 1824x1124,2,1,691.73,42.3356,3.797709,1.948771,0.9781,0.9972,0.0933,6.0408,42.7136,3.481099,1.86577,0.9803,0.9976,0.1063,0.1063,0.1063,6.0566,119.9866,65.6343,119.9866,65.6343,0.4432,42.7136,0.9803,3.481099,1.86577,0.3781,0.0004,-0.013,-0.0158
/kaggle/input/datasets/duc24kdl/sub-x-ray/sub_X-Ray/sub_chest/IM-0109-0001.jpeg,,sub_chest,IM-0109-0001.jpeg,ok,901x555 -> 1802x1110,2,1,734.75,43.6883,2.781299,1.667723,0.9753,0.9969,0.0974,6.2762,44.0808,2.540963,1.59404,0.9777,0.9973,0.1113,0.1113,0.1113,6.2662,126.98,67.4712,126.98,67.4712,0.4944,44.0808,0.9777,2.540963,1.59404,0.3925,0.0004,-0.0139,0.01
/kaggle/input/datasets/duc24kdl/sub-x-ray/sub_X-Ray/sub_chest/IM-0110-0001.jpeg,,sub_chest,IM-0110-0001.jpeg,ok,771x435 -> 1542x870,2,1,486.68,41.9428,4.15716,2.038911,0.9755,0.9971,0.0968,6.1995,42.1652,3.94963,1.987368,0.9779,0.9975,0.1112,0.1112,0.1112,6.1658,122.9565,64.0983,122.9565,64.0983,0.4583,42.1652,0.9779,3.94963,1.987368,0.2224,0.0004,-0.0145,0.0337
/kaggle/input/datasets/duc24kdl/sub-x-ray/sub_X-Ray/sub_chest/IM-0111-0001.jpeg,,sub_chest,IM-0111-0001.jpeg,ok,955x651 -> 1910x1302,2,1,908.33,44.0553,2.555954,1.598735,0.9785,0.9972,0.093,6.448,44.399,2.36148,1.536711,0.9808,0.9976,0.107,0.107,0.107,6.3109,127.7876,56.9637,127.7876,56.9637,0.4872,44.399,0.9808,2.36148,1.536711,0.3437,0.0004,-0.014,0.1371
/kaggle/input/datasets/duc24kdl/sub-x-ray/sub_X-Ray/sub_chest/IM-0115-0001.jpeg,,sub_chest,IM-0115-0001.jpeg,ok,1045x929 -> 2090x1858,2,1,1420.22,41.6167,4.481382,2.116927,0.9572,0.996,0.1625,6.7804,41.8439,4.252974,2.062274,0.9599,0.9964,0.183,0.183,0.183,6.582,128.9129,62.2494,128.9129,62.2494,0.3561,41.8439,0.9599,4.252974,2.062274,0.2272,0.0004,-0.0206,0.1984
/kaggle/input/datasets/duc24kdl/sub-x-ray/sub_X-Ray/sub_chest/IM-0117-0001.jpeg,,sub_chest,IM-0117-0001.jpeg,ok,711x576 -> 1422x1152,2,1,587.1,40.0884,6.371522,2.524187,0.9499,0.9955,0.1809,5.9481,40.3658,5.977221,2.444836,0.9527,0.9959,0.2,0.2,0.2,5.8656,100.6529,59.7384,100.6529,59.7384,0.3643,40.3658,0.9527,5.977221,2.444836,0.2774,0.0004,-0.0192,0.0825
/kaggle/input/datasets/duc24kdl/sub-x-ray/sub_X-Ray/sub_chest/IM-0119-0001.jpeg,,sub_chest,IM-0119-0001.jpeg,ok,905x717 -> 1810x1434,2,1,949.85,40.8468,5.350606,2.313138,0.9522,0.9957,0.1625,6.2129,41.0019,5.162838,2.272188,0.9547,0.9961,0.1817,0.1817,0.1817,6.1134,121.978,68.7965,121.978,68.7965,0.3658,41.0019,0.9547,5.162838,2.272188,0.1551,0.0004,-0.0191,0.0995
/kaggle/input/datasets/duc24kdl/sub-x-ray/sub_X-Ray/sub_chest/IM-0122-0001.jpeg,,sub_chest,IM-0122-0001.jpeg,ok,809x639 -> 1618x1278,2,1,754.92,41.0608,5.093271,2.256828,0.9545,0.9957,0.164,6.8181,41.323,4.794936,2.189734,0.9572,0.9961,0.1833,0.1833,0.1833,6.5498,132.9752,64.901,132.9752,64.901,0.3533,41.323,0.9572,4.794936,2.189734,0.2621,0.0004,-0.0193,0.2683
/kaggle/input/datasets/duc24kdl/sub-x-ray/sub_X-Ray/sub_chest/IM-0125-0001.jpeg,,sub_chest,IM-0125-0001.jpeg,ok,800x562 -> 1600x1124,2,1,597.52,39.701,6.965871,2.639294,0.9447,0.9951,0.1805,5.4816,39.9074,6.642671,2.577338,0.9475,0.9955,0.1993,0.1993,0.1993,5.4381,106.189,65.0019,106.189,65.0019,0.3622,39.9074,0.9475,6.642671,2.577338,0.2063,0.0004,-0.0188,0.0434
/kaggle/input/datasets/duc24kdl/sub-x-ray/sub_X-Ray/sub_chest/IM-0127-0001.jpeg,,sub_chest,IM-0127-0001.jpeg,ok,987x653 -> 1974x1306,2,1,934.38,39.5823,7.158958,2.675623,0.9333,0.994,0.2052,6.072,39.8114,6.791082,2.60597,0.9364,0.9945,0.2277,0.2277,0.2277,6.0167,130.3842,57.0044,130.3842,57.0044,0.3424,39.8114,0.9364,6.791082,2.60597,0.2291,0.0005,-0.0225,0.0552
/kaggle/input/datasets/duc24kdl/sub-x-ray/sub_X-Ray/sub_chest/IM-0128-0001.jpeg,,sub_chest,IM-0128-0001.jpeg,ok,764x506 -> 1528x1012,2,1,507.06,38.7967,8.578491,2.928906,0.9351,0.9943,0.1941,5.6481,39.0463,8.099343,2.845934,0.9382,0.9947,0.2138,0.2138,0.2138,5.5345,97.1792,58.6978,97.1792,58.6978,0.3584,39.0463,0.9382,8.099343,2.845934,0.2496,0.0005,-0.0197,0.1136
/kaggle/input/datasets/duc24kdl/sub-x-ray/sub_X-Ray/sub_chest/IM-0129-0001.jpeg,,sub_chest,IM-0129-0001.jpeg,ok,692x583 -> 1384x1166,2,1,535.39,39.6628,7.027561,2.650955,0.9394,0.9947,0.1935,5.7425,39.8124,6.789478,2.605663,0.9423,0.9951,0.211,0.211,0.211,5.6719,115.6083,62.4144,115.6083,62.4144,0.3519,39.8124,0.9423,6.789478,2.605663,0.1497,0.0004,-0.0175,0.0707
/kaggle/input/datasets/duc24kdl/sub-x-ray/sub_X-Ray/sub_chest/IM-0131-0001.jpeg,,sub_chest,IM-0131-0001.jpeg,ok,725x572 -> 1450x1144,2,1,597.95,38.5234,9.135589,3.022514,0.9246,0.9935,0.2173,5.6557,38.6745,8.823308,2.970405,0.9278,0.994,0.2374,0.2374,0.2374,5.6145,109.5538,54.9207,109.5538,54.9207,0.3398,38.6745,0.9278,8.823308,2.970405,0.1511,0.0005,-0.0201,0.0412
/kaggle/input/datasets/duc24kdl/sub-x-ray/sub_X-Ray/sub_chest/IM-0133-0001.jpeg,,sub_chest,IM-0133-0001.jpeg,ok,734x496 -> 1468x992,2,1,503.46,39.8737,6.694365,2.587347,0.9279,0.9936,0.1979,5.2365,40.0528,6.423857,2.534533,0.9311,0.9941,0.2171,0.2171,0.2171,5.2465,109.6132,64.7008,109.6132,64.7008,0.3349,40.0528,0.9311,6.423857,2.534533,0.1791,0.0005,-0.0192,-0.01
/kaggle/input/datasets/duc24kdl/sub-x-ray/sub_X-Ray/sub_chest/IM-0135-0001.jpeg,,sub_chest,IM-0135-0001.jpeg,ok,862x790 -> 1724x1580,2,1,964.28,39.1866,7.841836,2.800328,0.9332,0.9941,0.1917,5.7324,39.3561,7.541719,2.746219,0.9363,0.9946,0.2111,0.2111,0.2111,5.7333,120.2647,66.3094,120.2647,66.3094,0.3566,39.3561,0.9363,7.541719,2.746219,0.1695,0.0005,-0.0194,-0.0008
/kaggle/input/datasets/duc24kdl/sub-x-ray/sub_X-Ray/sub_chest/IM-0137-0001.jpeg,,sub_chest,IM-0137-0001.jpeg,ok,673x522 -> 1346x1044,2,1,508.15,38.328,9.555983,3.091275,0.9197,0.9931,0.2208,6.1194,38.5357,9.109896,3.01826,0.923,0.9936,0.2418,0.2418,0.2418,6.1016,127.7275,52.6144,127.7275,52.6144,0.3409,38.5357,0.923,9.109896,3.01826,0.2076,0.0005,-0.0211,0.0178
/kaggle/input/datasets/duc24kdl/sub-x-ray/sub_X-Ray/sub_chest/IM-0140-0001.jpeg,,sub_chest,IM-0140-0001.jpeg,ok,578x618 -> 1156x1236,2,1,509.66,36.9502,13.123863,3.622687,0.8894,0.9907,0.2459,5.6993,37.1139,12.638365,3.555048,0.8937,0.9913,0.2677,0.2677,0.2677,5.6983,148.8492,52.3457,148.8492,52.3457,0.3228,37.1139,0.8937,12.638365,3.555048,0.1637,0.0006,-0.0218,0.0011
/kaggle/input/datasets/duc24kdl/sub-x-ray/sub_X-Ray/sub_chest/IM-0141-0001.jpeg,,sub_chest,IM-0141-0001.jpeg,ok,870x726 -> 1740x1452,2,1,895.24,39.3338,7.580629,2.753294,0.9354,0.9943,0.1981,5.6833,39.5735,7.173423,2.678325,0.9384,0.9948,0.2184,0.2184,0.2184,5.6482,118.1237,62.9492,118.1237,62.9492,0.3399,39.5735,0.9384,7.173423,2.678325,0.2398,0.0004,-0.0203,0.0352
/kaggle/input/datasets/duc24kdl/sub-x-ray/sub_X-Ray/sub_chest/IM-0143-0001.jpeg,,sub_chest,IM-0143-0001.jpeg,ok,1069x964 -> 2138x1928,2,1,1497.37,38.9361,8.307472,2.882268,0.9278,0.9937,0.2006,5.4914,39.1251,7.953681,2.820227,0.9308,0.9941,0.2202,0.2202,0.2202,5.4783,126.4166,69.4046,126.4166,69.4046,0.3371,39.1251,0.9308,7.953681,2.820227,0.189,0.0005,-0.0196,0.0131
/kaggle/input/datasets/duc24kdl/sub-x-ray/sub_X-Ray/sub_chest/IM-0145-0001.jpeg,,sub_chest,IM-0145-0001.jpeg,ok,798x578 -> 1596x1156,2,1,651.59,38.7041,8.763372,2.960299,0.9293,0.9939,0.2092,5.72,38.9029,8.371258,2.893313,0.9324,0.9943,0.2282,0.2282,0.2282,5.7185,119.4527,60.3477,119.4527,60.3477,0.3486,38.9029,0.9324,8.371258,2.893313,0.1988,0.0005,-0.019,0.0015
/kaggle/input/datasets/duc24kdl/sub-x-ray/sub_X-Ray/sub_chest/IM-0147-0001.jpeg,,sub_chest,IM-0147-0001.jpeg,ok,1051x987 -> 2102x1974,2,1,1517.47,39.858,6.718682,2.592042,0.9369,0.9944,0.2023,5.898,40.0393,6.443853,2.538475,0.9399,0.9949,0.2222,0.2222,0.2222,5.8375,117.0287,64.9756,117.0287,64.9756,0.3435,40.0393,0.9399,6.443853,2.538475,0.1814,0.0004,-0.0199,0.0605
/kaggle/input/datasets/duc24kdl/sub-x-ray/sub_X-Ray/sub_chest/IM-0149-0001.jpeg,,sub_chest,IM-0149-0001.jpeg,ok,771x576 -> 1542x1152,2,1,646.84,39.4909,7.311289,2.70394,0.9403,0.9948,0.1823,5.5845,39.7259,6.926152,2.631758,0.9431,0.9952,0.2,0.2,0.2,5.4563,119.6222,66.7291,119.6222,66.7291,0.3459,39.7259,0.9431,6.926152,2.631758,0.235,0.0004,-0.0177,0.1282
/kaggle/input/datasets/duc24kdl/sub-x-ray/sub_X-Ray/sub_chest/IM-0151-0001.jpeg,,sub_chest,IM-0151-0001.jpeg,ok,759x578 -> 1518x1156,2,1,622.54,39.4772,7.334305,2.708192,0.9394,0.9947,0.1791,5.375,39.6176,7.101031,2.664776,0.9422,0.9951,0.1966,0.1966,0.1966,5.3606,101.81,66.9409,101.81,66.9409,0.359,39.6176,0.9422,7.101031,2.664776,0.1404,0.0004,-0.0176,0.0143
/kaggle/input/datasets/duc24kdl/sub-x-ray/sub_X-Ray/sub_chest/IM-0152-0001.jpeg,,sub_chest,IM-0152-0001.jpeg,ok,806x566 -> 1612x1132,2,1,657.05,39.7116,6.948895,2.636076,0.9382,0.9945,0.1922,6.3037,39.8983,6.656548,2.580029,0.9413,0.995,0.2135,0.2135,0.2135,6.1793,129.0059,59.2902,129.0059,59.2902,0.3461,39.8983,0.9413,6.656548,2.580029,0.1867,0.0004,-0.0213,0.1244
/kaggle/input/datasets/duc24kdl/sub-x-ray/sub_X-Ray/sub_chest/IM-0154-0001.jpeg,,sub_chest,IM-0154-0001.jpeg,ok,922x719 -> 1844x1438,2,1,933.22,40.5513,5.727308,2.39318,0.9543,0.9959,0.1696,5.8111,40.8119,5.393788,2.322453,0.9568,0.9963,0.1882,0.1882,0.1882,5.7539,110.0645,65.5908,110.0645,65.5908,0.3654,40.8119,0.9568,5.393788,2.322453,0.2606,0.0004,-0.0186,0.0572
/kaggle/input/datasets/duc24kdl/sub-x-ray/sub_X-Ray/sub_chest/IM-0156-0001.jpeg,,sub_chest,IM-0156-0001.jpeg,ok,744x604 -> 1488x1208,2,1,602.42,39.1631,7.884441,2.807925,0.9316,0.994,0.2105,5.9101,39.3496,7.55304,2.748279,0.9348,0.9944,0.2301,0.2301,0.2301,5.8944,112.3466,52.1148,112.3466,52.1148,0.354,39.3496,0.9348,7.55304,2.748279,0.1865,0.0005,-0.0197,0.0156
/kaggle/input/datasets/duc24kdl/sub-x-ray/sub_X-Ray/sub_chest/IM-0158-0001.jpeg,,sub_chest,IM-0158-0001.jpeg,ok,497x379 -> 994x758,2,1,266.88,38.3585,9.489288,3.080469,0.9279,0.994,0.2032,6.1999,38.6317,8.910664,2.985073,0.9309,0.9945,0.2201,0.2201,0.2201,6.0634,105.5667,56.3469,105.5667,56.3469,0.3277,38.6317,0.9309,8.910664,2.985073,0.2732,0.0004,-0.0169,0.1365
/kaggle/input/datasets/duc24kdl/sub-x-ray/sub_X-Ray/sub_chest/IM-0160-0001.jpeg,,sub_chest,IM-0160-0001.jpeg,ok,875x657 -> 1750x1314,2,1,848.33,39.7025,6.963568,2.638857,0.9375,0.9945,0.1932,6.2581,39.9436,6.587551,2.566622,0.9405,0.995,0.2154,0.2154,0.2154,6.1709,128.5835,54.6127,128.5835,54.6127,0.3334,39.9436,0.9405,6.587551,2.566622,0.2411,0.0005,-0.0222,0.0872
/kaggle/input/datasets/duc24kdl/sub-x-ray/sub_X-Ray/sub_chest/IM-0162-0001.jpeg,,sub_chest,IM-0162-0001.jpeg,ok,881x715 -> 1762x1430,2,1,931.53,39.1287,7.947192,2.819077,0.9333,0.9942,0.2108,6.0186,39.3752,7.508653,2.740192,0.9364,0.9946,0.2311,0.2311,0.2311,5.9133,116.6066,55.6816,116.6066,55.6816,0.3408,39.3752,0.9364,7.508653,2.740192,0.2465,0.0005,-0.0203,0.1052
/kaggle/input/datasets/duc24kdl/sub-x-ray/sub_X-Ray/sub_chest/IM-0164-0001.jpeg,,sub_chest,IM-0164-0001.jpeg,ok,601x404 -> 1202x808,2,1,352.33,39.6559,7.038586,2.653033,0.9387,0.9946,0.1946,6.569,39.875,6.692381,2.586964,0.9417,0.995,0.2151,0.2151,0.2151,6.4568,132.5642,50.993,132.5642,50.993,0.3457,39.875,0.9417,6.692381,2.586964,0.219,0.0004,-0.0206,0.1123
/kaggle/input/datasets/duc24kdl/sub-x-ray/sub_X-Ray/sub_chest/IM-0166-0001.jpeg,,sub_chest,IM-0166-0001.jpeg,ok,986x859 -> 1972x1718,2,1,1194.14,39.8034,6.803696,2.60839,0.938,0.9945,0.1878,5.8928,39.981,6.530947,2.555572,0.9409,0.995,0.2068,0.2068,0.2068,5.8485,118.4565,66.3234,118.4565,66.3234,0.3427,39.981,0.9409,6.530947,2.555572,0.1777,0.0004,-0.019,0.0444
/kaggle/input/datasets/duc24kdl/sub-x-ray/sub_X-Ray/sub_chest/IM-0168-0001.jpeg,,sub_chest,IM-0168-0001.jpeg,ok,767x593 -> 1534x1186,2,1,656.88,38.8786,8.418141,2.901403,0.9286,0.9938,0.1896,5.6397,39.0891,8.019863,2.831936,0.9316,0.9943,0.2076,0.2076,0.2076,5.5352,119.2054,68.0569,119.2054,68.0569,0.3365,39.0891,0.9316,8.019863,2.831936,0.2105,0.0004,-0.018,0.1045
/kaggle/input/datasets/duc24kdl/sub-x-ray/sub_X-Ray/sub_chest/IM-0170-0001.jpeg,,sub_chest,IM-0170-0001.jpeg,ok,1074x748 -> 2148x1496,2,1,1140.95,39.7285,6.921908,2.630952,0.9298,0.9936,0.1997,6.188,39.9064,6.644093,2.577614,0.9331,0.9941,0.2209,0.2209,0.2209,6.1174,148.9693,59.8139,148.9693,59.8139,0.3436,39.9064,0.9331,6.644093,2.577614,0.1779,0.0005,-0.0212,0.0706
/kaggle/input/datasets/duc24kdl/sub-x-ray/sub_X-Ray/sub_chest/IM-0172-0001.jpeg,,sub_chest,IM-0172-0001.jpeg,ok,938x946 -> 1876x1892,2,1,1275.58,40.3451,6.005732,2.45066,0.9636,0.9964,0.1615,6.6728,40.6523,5.59567,2.365517,0.9663,0.9968,0.1817,0.1817,0.1817,6.5666,141.0158,57.4384,141.0158,57.4384,0.4019,40.6523,0.9663,5.59567,2.365517,0.3071,0.0004,-0.0202,0.1062
/kaggle/input/datasets/duc24kdl/sub-x-ray/sub_X-Ray/sub_chest/IM-0176-0001.jpeg,,sub_chest,IM-0176-0001.jpeg,ok,840x778 -> 1680x1556,2,1,887.2,39.5082,7.282243,2.698563,0.927,0.9935,0.2069,6.1761,39.6952,6.975235,2.641067,0.9304,0.994,0.2283,0.2283,0.2283,6.0902,154.8747,51.9959,154.8747,51.9959,0.3412,39.6952,0.9304,6.975235,2.641067,0.1871,0.0005,-0.0214,0.086
/kaggle/input/datasets/duc24kdl/sub-x-ray/sub_X-Ray/sub_chest/IM-0177-0001.jpeg,,sub_chest,IM-0177-0001.jpeg,ok,1086x807 -> 2172x1614,2,1,1209.63,42.0004,4.10238,2.025433,0.955,0.9961,0.145,5.0493,42.2182,3.901787,1.975294,0.9574,0.9964,0.1621,0.1621,0.1621,5.0941,90.1234,71.2987,90.1234,71.2987,0.3402,42.2182,0.9574,3.901787,1.975294,0.2177,0.0003,-0.0171,-0.0448
/kaggle/input/datasets/duc24kdl/sub-x-ray/sub_X-Ray/sub_chest/IM-0178-0001.jpeg,,sub_chest,IM-0178-0001.jpeg,ok,823x562 -> 1646x1124,2,1,674.01,41.0896,5.059591,2.249354,0.9398,0.9946,0.1838,6.0672,41.3109,4.808325,2.192789,0.9429,0.995,0.2065,0.2065,0.2065,6.0623,142.1717,58.8326,142.1717,58.8326,0.3427,41.3109,0.9429,4.808325,2.192789,0.2212,0.0005,-0.0227,0.0049
/kaggle/input/datasets/duc24kdl/sub-x-ray/sub_X-Ray/sub_chest/IM-0180-0001.jpeg,,sub_chest,IM-0180-0001.jpeg,ok,1068x825 -> 2136x1650,2,1,1194.52,39.6683,7.018542,2.649253,0.9315,0.9939,0.2088,6.1176,39.8552,6.722971,2.592869,0.9348,0.9944,0.2303,0.2303,0.2303,6.1046,138.4025,58.7125,138.4025,58.7125,0.3536,39.8552,0.9348,6.722971,2.592869,0.1869,0.0005,-0.0216,0.013
/kaggle/input/datasets/duc24kdl/sub-x-ray/sub_X-Ray/sub_chest/IM-0182-0001.jpeg,,sub_chest,IM-0182-0001.jpeg,ok,686x502 -> 1372x1004,2,1,476.65,39.6062,7.119599,2.668258,0.9382,0.9946,0.1832,5.8178,39.7632,6.866947,2.620486,0.9411,0.995,0.2015,0.2015,0.2015,5.7046,135.8313,67.2723,135.8313,67.2723,0.3567,39.7632,0.9411,6.866947,2.620486,0.1569,0.0004,-0.0182,0.1132
/kaggle/input/datasets/duc24kdl/sub-x-ray/sub_X-Ray/sub_chest/IM-0183-0001.jpeg,,sub_chest,IM-0183-0001.jpeg,ok,1169x1012 -> 2338x2024,2,1,1733.37,41.0835,5.066725,2.250939,0.9522,0.9955,0.173,6.0953,41.2944,4.826603,2.196953,0.9549,0.996,0.1934,0.1934,0.1934,6.1354,119.2784,66.5825,119.2784,66.5825,0.362,41.2944,0.9549,4.826603,2.196953,0.2109,0.0004,-0.0204,-0.0401
/kaggle/input/datasets/duc24kdl/sub-x-ray/sub_X-Ray/sub_chest/IM-0185-0001.jpeg,,sub_chest,IM-0185-0001.jpeg,ok,729x595 -> 1458x1190,2,1,632.24,39.9347,6.600972,2.569236,0.9442,0.995,0.1756,6.1369,40.0837,6.37836,2.525542,0.9471,0.9954,0.195,0.195,0.195,6.0741,129.651,65.4485,129.651,65.4485,0.375,40.0837,0.9471,6.37836,2.525542,0.149,0.0004,-0.0194,0.0628
/kaggle/input/datasets/duc24kdl/sub-x-ray/sub_X-Ray/sub_chest/IM-0187-0001.jpeg,,sub_chest,IM-0187-0001.jpeg,ok,927x786 -> 1854x1572,2,1,1062.47,40.1106,6.338987,2.517734,0.9434,0.9949,0.1903,6.102,40.3583,5.987619,2.446961,0.9463,0.9953,0.2116,0.2116,0.2116,6.1278,125.6747,59.9229,125.6747,59.9229,0.3514,40.3583,0.9463,5.987619,2.446961,0.2477,0.0004,-0.0213,-0.0258
/kaggle/input/datasets/duc24kdl/sub-x-ray/sub_X-Ray/sub_chest/IM-0189-0001.jpeg,,sub_chest,IM-0189-0001.jpeg,ok,733x554 -> 1466x1108,2,1,590.45,39.6541,7.041566,2.653595,0.944,0.995,0.1875,6.068,39.8803,6.684146,2.585372,0.947,0.9954,0.2076,0.2076,0.2076,6.0324,122.9989,60.8702,122.9989,60.8702,0.3679,39.8803,0.947,6.684146,2.585372,0.2262,0.0004,-0.0201,0.0356
/kaggle/input/datasets/duc24kdl/sub-x-ray/sub_X-Ray/sub_chest/IM-0191-0001.jpeg,,sub_chest,IM-0191-0001.jpeg,ok,1082x873 -> 2164x1746,2,1,1348.01,39.8417,6.743854,2.596893,0.9384,0.9944,0.1895,5.871,40.0641,6.407206,2.531246,0.9414,0.9949,0.2104,0.2104,0.2104,5.923,135.7841,62.8131,135.7841,62.8131,0.358,40.0641,0.9414,6.407206,2.531246,0.2224,0.0005,-0.0209,-0.052
/kaggle/input/datasets/duc24kdl/sub-x-ray/sub_X-Ray/sub_chest/IM-0193-0001.jpeg,,sub_chest,IM-0193-0001.jpeg,ok,1005x873 -> 2010x1746,2,1,1263.44,40.2076,6.199048,2.489789,0.9407,0.9946,0.1862,5.7392,40.4062,5.921894,2.433494,0.9437,0.9951,0.2069,0.2069,0.2069,5.7191,111.9697,61.5355,111.9697,61.5355,0.3561,40.4062,0.9437,5.921894,2.433494,0.1986,0.0005,-0.0207,0.0201
/kaggle/input/datasets/duc24kdl/sub-x-ray/sub_X-Ray/sub_chest/IM-0195-0001.jpeg,,sub_chest,IM-0195-0001.jpeg,ok,887x773 -> 1774x1546,2,1,1009.02,40.2287,6.168929,2.483733,0.9432,0.9949,0.1916,6.3491,40.3952,5.936914,2.436578,0.9462,0.9953,0.2116,0.2116,0.2116,6.2703,131.7351,60.7752,131.7351,60.7752,0.3666,40.3952,0.9462,5.936914,2.436578,0.1665,0.0004,-0.02,0.0788
/kaggle/input/datasets/duc24kdl/sub-x-ray/sub_X-Ray/sub_chest/IM-0199-0001.jpeg,,sub_chest,IM-0199-0001.jpeg,ok,753x416 -> 1506x832,2,1,448.78,38.8154,8.541633,2.922607,0.9339,0.9943,0.1833,5.7758,38.9383,8.303277,2.881541,0.9367,0.9947,0.2016,0.2016,0.2016,5.7922,121.3034,64.3479,121.3034,64.3479,0.3534,38.9383,0.9367,8.303277,2.881541,0.1229,0.0004,-0.0184,-0.0164
/kaggle/input/datasets/duc24kdl/sub-x-ray/sub_X-Ray/sub_chest/IM-0201-0001.jpeg,,sub_chest,IM-0201-0001.jpeg,ok,723x655 -> 1446x1310,2,1,685.14,39.4493,7.381672,2.716923,0.9372,0.9946,0.1896,5.4128,39.61,7.113469,2.667109,0.9402,0.995,0.2085,0.2085,0.2085,5.3687,102.9166,62.1319,102.9166,62.1319,0.3561,39.61,0.9402,7.113469,2.667109,0.1607,0.0004,-0.0188,0.0441
/kaggle/input/datasets/duc24kdl/sub-x-ray/sub_X-Ray/sub_chest/IM-0203-0001.jpeg,,sub_chest,IM-0203-0001.jpeg,ok,717x630 -> 1434x1260,2,1,656.53,39.3038,7.633073,2.762802,0.9333,0.9941,0.1966,5.7193,39.4687,7.348619,2.710834,0.9364,0.9946,0.2163,0.2163,0.2163,5.7314,121.5291,61.3916,121.5291,61.3916,0.3466,39.4687,0.9364,7.348619,2.710834,0.1649,0.0005,-0.0197,-0.0121
/kaggle/input/datasets/duc24kdl/sub-x-ray/sub_X-Ray/sub_chest/IM-0205-0001.jpeg,,sub_chest,IM-0205-0001.jpeg,ok,777x537 -> 1554x1074,2,1,596.82,37.7556,10.902467,3.301888,0.9134,0.9925,0.2084,5.0559,37.9579,10.406049,3.225841,0.9168,0.993,0.2287,0.2287,0.2287,5.0277,104.6927,63.0159,104.6927,63.0159,0.3332,37.9579,0.9168,10.406049,3.225841,0.2024,0.0005,-0.0203,0.0282
/kaggle/input/datasets/duc24kdl/sub-x-ray/sub_X-Ray/sub_chest/IM-0206-0001.jpeg,,sub_chest,IM-0206-0001.jpeg,ok,520x373 -> 1040x746,2,1,248.9,37.2347,12.291559,3.505932,0.8986,0.9916,0.2271,5.8881,37.3424,11.990635,3.46275,0.9024,0.9921,0.2481,0.2481,0.2481,5.7752,117.2993,54.2081,117.2993,54.2081,0.3245,37.3424,0.9024,11.990635,3.46275,0.1076,0.0005,-0.021,0.1129
/kaggle/input/datasets/duc24kdl/sub-x-ray/sub_X-Ray/sub_chest/IM-0207-0001.jpeg,,sub_chest,IM-0207-0001.jpeg,ok,713x524 -> 1426x1048,2,1,537.53,38.0882,10.098489,3.177812,0.9311,0.9942,0.2004,5.6488,38.2594,9.708241,3.115805,0.9341,0.9946,0.2187,0.2187,0.2187,5.5338,112.7959,59.834,112.7959,59.834,0.3708,38.2594,0.9341,9.708241,3.115805,0.1712,0.0004,-0.0183,0.115
/kaggle/input/datasets/duc24kdl/sub-x-ray/sub_X-Ray/sub_chest/IM-0209-0001.jpeg,,sub_chest,IM-0209-0001.jpeg,ok,582x510 -> 1164x1020,2,1,419.4,39.5028,7.291255,2.700232,0.9367,0.9945,0.1885,6.2823,39.7115,6.949078,2.63611,0.9397,0.9949,0.209,0.209,0.209,6.2632,126.3151,57.847,126.3151,57.847,0.3429,39.7115,0.9397,6.949078,2.63611,0.2088,0.0004,-0.0205,0.0192
/kaggle/input/datasets/duc24kdl/sub-x-ray/sub_X-Ray/sub_chest/IM-0210-0001.jpeg,,sub_chest,IM-0210-0001.jpeg,ok,844x552 -> 1688x1104,2,1,611.09,39.1593,7.891255,2.809138,0.9372,0.9945,0.1877,5.3024,39.3459,7.559414,2.749439,0.9401,0.9949,0.2062,0.2062,0.2062,5.2597,110.7698,66.51,110.7698,66.51,0.354,39.3459,0.9401,7.559414,2.749439,0.1866,0.0004,-0.0185,0.0427
/kaggle/input/datasets/duc24kdl/sub-x-ray/sub_X-Ray/sub_chest/IM-0211-0001.jpeg,,sub_chest,IM-0211-0001.jpeg,ok,821x622 -> 1642x1244,2,1,749.2,40.0659,6.404587,2.530729,0.9437,0.995,0.1811,6.2984,40.2652,6.117346,2.473327,0.9466,0.9954,0.2019,0.2019,0.2019,6.2084,122.2109,59.213,122.2109,59.213,0.3425,40.2652,0.9466,6.117346,2.473327,0.1993,0.0004,-0.0208,0.09
/kaggle/input/datasets/duc24kdl/sub-x-ray/sub_X-Ray/sub_chest/IM-0213-0001.jpeg,,sub_chest,IM-0213-0001.jpeg,ok,964x651 -> 1928x1302,2,1,829.99,40.8809,5.308676,2.304057,0.9542,0.9959,0.1672,5.7295,41.1388,5.002616,2.236653,0.9568,0.9962,0.1876,0.1876,0.1876,5.7078,120.4074,63.0636,120.4074,63.0636,0.3547,41.1388,0.9568,5.002616,2.236653,0.2579,0.0004,-0.0204,0.0217
/kaggle/input/datasets/duc24kdl/sub-x-ray/sub_X-Ray/sub_chest/IM-0214-0001.jpeg,,sub_chest,IM-0214-0001.jpeg,ok,761x610 -> 1522x1220,2,1,682.82,40.9781,5.191226,2.278426,0.954,0.9958,0.1738,6.461,41.1578,4.98076,2.231762,0.9567,0.9962,0.1954,0.1954,0.1954,6.2706,129.1983,58.07,129.1983,58.07,0.378,41.1578,0.9567,4.98076,2.231762,0.1797,0.0004,-0.0217,0.1904
/kaggle/input/datasets/duc24kdl/sub-x-ray/sub_X-Ray/sub_chest/IM-0215-0001.jpeg,,sub_chest,IM-0215-0001.jpeg,ok,833x604 -> 1666x1208,2,1,738.72,39.125,7.953844,2.820256,0.9354,0.9944,0.1925,5.4837,39.3305,7.586262,2.754317,0.9386,0.9948,0.212,0.212,0.212,5.4437,109.6398,65.9228,109.6398,65.9228,0.3586,39.3305,0.9386,7.586262,2.754317,0.2055,0.0005,-0.0195,0.04
/kaggle/input/datasets/duc24kdl/sub-x-ray/sub_X-Ray/sub_chest/IM-0216-0001.jpeg,,sub_chest,IM-0216-0001.jpeg,ok,972x683 -> 1944x1366,2,1,875.09,40.2963,6.073689,2.464485,0.9491,0.9954,0.1687,5.4956,40.4599,5.849147,2.418501,0.9518,0.9958,0.1868,0.1868,0.1868,5.4847,108.1851,69.3056,108.1851,69.3056,0.375,40.4599,0.9518,5.849147,2.418501,0.1636,0.0004,-0.0181,0.0109
/kaggle/input/datasets/duc24kdl/sub-x-ray/sub_X-Ray/sub_chest/IM-0217-0001.jpeg,,sub_chest,IM-0217-0001.jpeg,ok,827x637 -> 1654x1274,2,1,773.28,40.9741,5.196066,2.279488,0.9606,0.9963,0.1448,6.6282,41.2341,4.894076,2.212256,0.9632,0.9967,0.1632,0.1632,0.1632,6.3882,98.5427,66.6326,98.5427,66.6326,0.3712,41.2341,0.9632,4.894076,2.212256,0.26,0.0004,-0.0183,0.24
/kaggle/input/datasets/duc24kdl/sub-x-ray/sub_X-Ray/sub_chest/IM-0218-0001.jpeg,,sub_chest,IM-0218-0001.jpeg,ok,839x827 -> 1678x1654,2,1,1014.43,41.1063,5.04023,2.245046,0.9529,0.9957,0.1675,6.4795,41.3501,4.765092,2.182909,0.9558,0.9961,0.1899,0.1899,0.1899,6.3858,124.91,57.7423,124.91,57.7423,0.3636,41.3501,0.9558,4.765092,2.182909,0.2438,0.0004,-0.0223,0.0937
/kaggle/input/datasets/duc24kdl/sub-x-ray/sub_X-Ray/sub_chest/IM-0219-0001.jpeg,,sub_chest,IM-0219-0001.jpeg,ok,796x636 -> 1592x1272,2,1,675.75,40.4483,5.864703,2.421715,0.951,0.9956,0.1812,6.2474,40.7142,5.516519,2.348727,0.9538,0.996,0.202,0.202,0.202,6.1841,134.6427,55.6173,134.6427,55.6173,0.3628,40.7142,0.9538,5.516519,2.348727,0.2658,0.0004,-0.0208,0.0633
/kaggle/input/datasets/duc24kdl/sub-x-ray/sub_X-Ray/sub_chest/IM-0220-0001.jpeg,,sub_chest,IM-0220-0001.jpeg,ok,742x699 -> 1484x1398,2,1,726.46,39.2285,7.766605,2.786863,0.9335,0.9942,0.1925,5.6318,39.4231,7.426329,2.725129,0.9366,0.9946,0.2115,0.2115,0.2115,5.6004,122.8504,66.2093,122.8504,66.2093,0.3532,39.4231,0.9366,7.426329,2.725129,0.1946,0.0005,-0.019,0.0314
/kaggle/input/datasets/duc24kdl/sub-x-ray/sub_X-Ray/sub_chest/IM-0221-0001.jpeg,,sub_chest,IM-0221-0001.jpeg,ok,902x740 -> 1804x1480,2,1,952.67,41.1647,4.972868,2.229993,0.9535,0.9957,0.1726,6.9507,41.4586,4.647538,2.155815,0.9562,0.9961,0.1924,0.1924,0.1924,6.6771,137.9454,63.2032,137.9454,63.2032,0.3377,41.4586,0.9562,4.647538,2.155815,0.2938,0.0004,-0.0197,0.2737
/kaggle/input/datasets/duc24kdl/sub-x-ray/sub_X-Ray/sub_chest/IM-0222-0001.jpeg,,sub_chest,IM-0222-0001.jpeg,ok,802x589 -> 1604x1178,2,1,655.74,39.3139,7.615386,2.759599,0.9415,0.9949,0.1718,5.0733,39.5167,7.267889,2.695902,0.9442,0.9953,0.1874,0.1874,0.1874,5.1428,109.4061,75.3297,109.4061,75.3297,0.3564,39.5167,0.9442,7.267889,2.695902,0.2028,0.0004,-0.0156,-0.0694
/kaggle/input/datasets/duc24kdl/sub-x-ray/sub_X-Ray/sub_chest/IM-0223-0001.jpeg,,sub_chest,IM-0223-0001.jpeg,ok,926x716 -> 1852x1432,2,1,939.79,40.7063,5.526549,2.350861,0.9582,0.9961,0.1588,6.1574,40.9147,5.267548,2.295114,0.9608,0.9965,0.1795,0.1795,0.1795,6.119,111.0148,63.1823,111.0148,63.1823,0.3857,40.9147,0.9608,5.267548,2.295114,0.2085,0.0004,-0.0208,0.0383
/kaggle/input/datasets/duc24kdl/sub-x-ray/sub_X-Ray/sub_chest/IM-0224-0001.jpeg,,sub_chest,IM-0224-0001.jpeg,ok,883x643 -> 1766x1286,2,1,828.95,38.4942,9.197254,3.032697,0.9233,0.9932,0.2143,6.5838,38.664,8.844731,2.974009,0.9267,0.9937,0.2375,0.2375,0.2375,6.5446,157.4556,43.8139,157.4556,43.8139,0.3604,38.664,0.9267,8.844731,2.974009,0.1697,0.0005,-0.0232,0.0392
/kaggle/input/datasets/duc24kdl/sub-x-ray/sub_X-Ray/sub_chest/IM-0225-0001.jpeg,,sub_chest,IM-0225-0001.jpeg,ok,1107x987 -> 2214x1974,2,1,1603.45,42.0745,4.033058,2.008248,0.9618,0.9964,0.1524,6.9619,42.3005,3.828546,1.956667,0.9643,0.9967,0.1731,0.1731,0.1731,6.6213,114.4724,63.4436,114.4724,63.4436,0.3562,42.3005,0.9643,3.828546,1.956667,0.226,0.0004,-0.0207,0.3406
/kaggle/input/datasets/duc24kdl/sub-x-ray/sub_X-Ray/sub_chest/IM-0226-0001.jpeg,,sub_chest,IM-0226-0001.jpeg,ok,885x693 -> 1770x1386,2,1,872.12,40.7614,5.45677,2.335973,0.9608,0.9965,0.1447,5.2455,41.0515,5.104191,2.259246,0.9631,0.9968,0.1602,0.1602,0.1602,5.2379,83.7519,66.2367,83.7519,66.2367,0.3693,41.0515,0.9631,5.104191,2.259246,0.2901,0.0003,-0.0155,0.0077
/kaggle/input/datasets/duc24kdl/sub-x-ray/sub_X-Ray/sub_chest/IM-0227-0001.jpeg,,sub_chest,IM-0227-0001.jpeg,ok,935x806 -> 1870x1612,2,1,1085.97,40.5345,5.749472,2.397806,0.9449,0.9951,0.1829,5.8502,40.7006,5.533751,2.352393,0.9477,0.9955,0.2037,0.2037,0.2037,5.8781,114.3556,61.3401,114.3556,61.3401,0.3486,40.7006,0.9477,5.533751,2.352393,0.1661,0.0004,-0.0208,-0.0279
/kaggle/input/datasets/duc24kdl/sub-x-ray/sub_X-Ray/sub_chest/IM-0228-0001.jpeg,,sub_chest,IM-0228-0001.jpeg,ok,804x587 -> 1608x1174,2,1,621.14,39.0597,8.07431,2.841533,0.9422,0.9951,0.1674,5.2403,39.2544,7.720474,2.778574,0.9451,0.9954,0.183,0.183,0.183,5.2775,121.2001,83.0016,121.2001,83.0016,0.3669,39.2544,0.9451,7.720474,2.778574,0.1946,0.0004,-0.0156,-0.0372
/kaggle/input/datasets/duc24kdl/sub-x-ray/sub_X-Ray/sub_chest/IM-0229-0001.jpeg,,sub_chest,IM-0229-0001.jpeg,ok,721x550 -> 1442x1100,2,1,576.47,40.8475,5.349715,2.312945,0.9556,0.9959,0.1573,6.3039,41.0496,5.106465,2.259749,0.9581,0.9963,0.1763,0.1763,0.1763,6.0695,115.6587,63.4892,115.6587,63.4892,0.3642,41.0496,0.9581,5.106465,2.259749,0.2021,0.0004,-0.019,0.2344
/kaggle/input/datasets/duc24kdl/sub-x-ray/sub_X-Ray/sub_chest/IM-0230-0001.jpeg,,sub_chest,IM-0230-0001.jpeg,ok,812x628 -> 1624x1256,2,1,675.19,38.7799,8.611687,2.934568,0.9309,0.9939,0.1992,5.6126,39.0174,8.153424,2.85542,0.9342,0.9944,0.2191,0.2191,0.2191,5.5866,124.5589,62.9353,124.5589,62.9353,0.3544,39.0174,0.9342,8.153424,2.85542,0.2375,0.0005,-0.02,0.0259
/kaggle/input/datasets/duc24kdl/sub-x-ray/sub_X-Ray/sub_chest/IM-0231-0001.jpeg,,sub_chest,IM-0231-0001.jpeg,ok,825x718 -> 1650x1436,2,1,865.19,41.0007,5.164303,2.27251,0.9514,0.9955,0.1831,6.8722,41.2247,4.904673,2.21465,0.9541,0.996,0.2038,0.2038,0.2038,6.7065,132.4099,54.1028,132.4099,54.1028,0.3549,41.2247,0.9541,4.904673,2.21465,0.224,0.0004,-0.0207,0.1656
/kaggle/input/datasets/duc24kdl/sub-x-ray/sub_X-Ray/sub_chest/IM-0234-0001.jpeg,,sub_chest,IM-0234-0001.jpeg,ok,775x537 -> 1550x1074,2,1,585.53,39.2511,7.726284,2.779619,0.9409,0.9949,0.1804,4.9319,39.4124,7.44465,2.728489,0.9438,0.9953,0.1974,0.1974,0.1974,4.9905,104.0824,69.9429,104.0824,69.9429,0.3725,39.4124,0.9438,7.44465,2.728489,0.1613,0.0004,-0.0171,-0.0586
/kaggle/input/datasets/duc24kdl/sub-x-ray/sub_X-Ray/sub_chest/IM-0235-0001.jpeg,,sub_chest,IM-0235-0001.jpeg,ok,908x750 -> 1816x1500,2,1,916.11,41.2747,4.848555,2.201943,0.9575,0.996,0.1576,6.6046,41.4892,4.614852,2.148221,0.9602,0.9964,0.1768,0.1768,0.1768,6.4005,115.387,63.9241,115.387,63.9241,0.3676,41.4892,0.9602,4.614852,2.148221,0.2145,0.0004,-0.0192,0.2041
/kaggle/input/datasets/duc24kdl/sub-x-ray/sub_X-Ray/sub_chest/IM-0236-0001.jpeg,,sub_chest,IM-0236-0001.jpeg,ok,721x487 -> 1442x974,2,1,501.18,39.4018,7.46274,2.731802,0.9478,0.9955,0.1726,5.2215,39.5593,7.196948,2.682713,0.9506,0.9959,0.1902,0.1902,0.1902,5.207,100.1126,65.5113,100.1126,65.5113,0.3794,39.5593,0.9506,7.196948,2.682713,0.1575,0.0004,-0.0176,0.0145
/kaggle/input/datasets/duc24kdl/sub-x-ray/sub_X-Ray/sub_chest/IM-0237-0001.jpeg,,sub_chest,IM-0237-0001.jpeg,ok,895x570 -> 1790x1140,2,1,733.02,39.6188,7.099074,2.664409,0.9426,0.995,0.1815,5.2909,39.8575,6.719427,2.592186,0.9455,0.9954,0.1999,0.1999,0.1999,5.2992,109.9176,68.4125,109.9176,68.4125,0.3576,39.8575,0.9455,6.719427,2.592186,0.2387,0.0004,-0.0184,-0.0083
/kaggle/input/datasets/duc24kdl/sub-x-ray/sub_X-Ray/sub_chest/IM-0238-0001.jpeg,,sub_chest,IM-0238-0001.jpeg,ok,732x525 -> 1464x1050,2,1,505.21,38.7122,8.747077,2.957546,0.9335,0.9943,0.2036,5.6213,38.9203,8.33782,2.887528,0.9367,0.9948,0.2225,0.2225,0.2225,5.5381,110.4065,57.7302,110.4065,57.7302,0.3646,38.9203,0.9367,8.33782,2.887528,0.2081,0.0004,-0.0188,0.0832
/kaggle/input/datasets/duc24kdl/sub-x-ray/sub_X-Ray/sub_chest/IM-0239-0001.jpeg,,sub_chest,IM-0239-0001.jpeg,ok,845x657 -> 1690x1314,2,1,794.33,40.3641,5.979543,2.44531,0.9536,0.9958,0.1613,5.5116,40.5907,5.675538,2.382339,0.9562,0.9962,0.1797,0.1797,0.1797,5.5586,92.8988,64.7135,92.8988,64.7135,0.376,40.5907,0.9562,5.675538,2.382339,0.2266,0.0004,-0.0184,-0.047
/kaggle/input/datasets/duc24kdl/sub-x-ray/sub_X-Ray/sub_chest/IM-0240-0001.jpeg,,sub_chest,IM-0240-0001.jpeg,ok,972x854 -> 1944x1708,2,1,1104.49,40.9964,5.169363,2.273623,0.9519,0.9956,0.1679,6.1082,41.2699,4.853936,2.203165,0.9546,0.996,0.1876,0.1876,0.1876,6.0494,120.3278,62.4133,120.3278,62.4133,0.3495,41.2699,0.9546,4.853936,2.203165,0.2734,0.0004,-0.0197,0.0589
/kaggle/input/datasets/duc24kdl/sub-x-ray/sub_X-Ray/sub_chest/IM-0241-0001.jpeg,,sub_chest,IM-0241-0001.jpeg,ok,903x696 -> 1806x1392,2,1,903.28,40.1584,6.26965,2.503927,0.9455,0.9951,0.1765,6.0986,40.4308,5.888422,2.426607,0.9484,0.9956,0.1968,0.1968,0.1968,6.0678,119.6683,62.3317,119.6683,62.3317,0.3468,40.4308,0.9484,5.888422,2.426607,0.2724,0.0004,-0.0203,0.0308
/kaggle/input/datasets/duc24kdl/sub-x-ray/sub_X-Ray/sub_chest/IM-0242-0001.jpeg,,sub_chest,IM-0242-0001.jpeg,ok,922x734 -> 1844x1468,2,1,962.9,41.2176,4.912706,2.216463,0.958,0.9961,0.1715,6.7697,41.5167,4.5857,2.141425,0.9607,0.9965,0.1929,0.1929,0.1929,6.5151,133.3194,55.5695,133.3194,55.5695,0.3608,41.5167,0.9607,4.5857,2.141425,0.2992,0.0004,-0.0214,0.2546
/kaggle/input/datasets/duc24kdl/sub-x-ray/sub_X-Ray/sub_chest/IM-0243-0001.jpeg,,sub_chest,IM-0243-0001.jpeg,ok,968x838 -> 1936x1676,2,1,1097.2,41.1752,4.960878,2.227303,0.9577,0.9961,0.1607,6.7792,41.3715,4.741704,2.177545,0.9603,0.9964,0.1804,0.1804,0.1804,6.3577,117.1505,65.8756,117.1505,65.8756,0.3617,41.3715,0.9603,4.741704,2.177545,0.1962,0.0004,-0.0198,0.4215
/kaggle/input/datasets/duc24kdl/sub-x-ray/sub_X-Ray/sub_chest/IM-0244-0001.jpeg,,sub_chest,IM-0244-0001.jpeg,ok,677x512 -> 1354x1024,2,1,487.46,39.6052,7.12137,2.66859,0.9492,0.9954,0.1641,5.7532,39.8835,6.679318,2.584438,0.9518,0.9958,0.1818,0.1818,0.1818,5.6409,110.8547,63.8966,110.8547,63.8966,0.363,39.8835,0.9518,6.679318,2.584438,0.2783,0.0004,-0.0177,0.1123
/kaggle/input/datasets/duc24kdl/sub-x-ray/sub_X-Ray/sub_chest/IM-0245-0001.jpeg,,sub_chest,IM-0245-0001.jpeg,ok,862x740 -> 1724x1480,2,1,898.21,40.1063,6.345306,2.518989,0.9511,0.9956,0.1828,6.4781,40.3811,5.956233,2.44054,0.9539,0.996,0.2029,0.2029,0.2029,6.3472,125.9359,57.5171,125.9359,57.5171,0.3668,40.3811,0.9539,5.956233,2.44054,0.2748,0.0004,-0.02,0.1308
/kaggle/input/datasets/duc24kdl/sub-x-ray/sub_X-Ray/sub_chest/IM-0248-0001.jpeg,,sub_chest,IM-0248-0001.jpeg,ok,804x614 -> 1608x1228,2,1,644.58,36.5336,14.445211,3.800686,0.9361,0.9945,0.1919,5.336,36.7314,13.802063,3.715113,0.939,0.9949,0.2098,0.2098,0.2098,5.3051,87.2929,60.0066,87.2929,60.0066,0.3945,36.7314,0.939,13.802063,3.715113,0.1978,0.0004,-0.0178,0.0309
/kaggle/input/datasets/duc24kdl/sub-x-ray/sub_X-Ray/sub_chest/IM-0249-0001.jpeg,,sub_chest,IM-0249-0001.jpeg,ok,1198x995 -> 2396x1990,2,1,1693.51,41.2083,4.923188,2.218826,0.9533,0.9957,0.1568,6.5271,41.4439,4.663266,2.15946,0.956,0.9961,0.1757,0.1757,0.1757,6.3143,118.5904,71.6235,118.5904,71.6235,0.3473,41.4439,0.956,4.663266,2.15946,0.2356,0.0004,-0.0189,0.2128
/kaggle/input/datasets/duc24kdl/sub-x-ray/sub_X-Ray/sub_chest/IM-0250-0001.jpeg,,sub_chest,IM-0250-0001.jpeg,ok,775x684 -> 1550x1368,2,1,769.74,38.8868,8.402376,2.898685,0.924,0.9933,0.223,6.3251,39.1093,7.982719,2.825371,0.9274,0.9938,0.2457,0.2457,0.2457,6.2348,125.9147,53.3794,125.9147,53.3794,0.3328,39.1093,0.9274,7.982719,2.825371,0.2225,0.0005,-0.0227,0.0903
/kaggle/input/datasets/duc24kdl/sub-x-ray/sub_X-Ray/sub_chest/IM-0251-0001.jpeg,,sub_chest,IM-0251-0001.jpeg,ok,906x603 -> 1812x1206,2,1,767.15,40.9509,5.223821,2.285568,0.9576,0.9961,0.1656,6.6248,41.2492,4.877121,2.208421,0.9602,0.9965,0.1862,0.1862,0.1862,6.3202,126.4598,62.1641,126.4598,62.1641,0.3538,41.2492,0.9602,4.877121,2.208421,0.2982,0.0004,-0.0205,0.3046
/kaggle/input/datasets/duc24kdl/sub-x-ray/sub_X-Ray/sub_chest/IM-0253-0001.jpeg,,sub_chest,IM-0253-0001.jpeg,ok,860x653 -> 1720x1306,2,1,735.64,40.4,5.930368,2.435235,0.9489,0.9954,0.1669,5.8669,40.6506,5.5979,2.365988,0.9516,0.9958,0.1858,0.1858,0.1858,5.8088,121.7436,68.6841,121.7436,68.6841,0.353,40.6506,0.9516,5.5979,2.365988,0.2506,0.0004,-0.0189,0.0581
/kaggle/input/datasets/duc24kdl/sub-x-ray/sub_X-Ray/sub_chest/IM-0255-0001.jpeg,,sub_chest,IM-0255-0001.jpeg,ok,756x585 -> 1512x1170,2,1,579.27,39.5722,7.17559,2.678729,0.9479,0.9954,0.1757,5.6076,39.8516,6.728519,2.593939,0.9507,0.9958,0.1928,0.1928,0.1928,5.6477,106.044,66.168,106.044,66.168,0.3682,39.8516,0.9507,6.728519,2.593939,0.2794,0.0004,-0.0171,-0.0401
/kaggle/input/datasets/duc24kdl/sub-x-ray/sub_X-Ray/sub_chest/IM-0256-0001.jpeg,,sub_chest,IM-0256-0001.jpeg,ok,781x543 -> 1562x1086,2,1,602.55,39.1279,7.948614,2.819329,0.9415,0.9949,0.1755,5.1397,39.3542,7.545015,2.746819,0.9443,0.9953,0.1933,0.1933,0.1933,5.1719,102.7203,67.8468,102.7203,67.8468,0.3605,39.3542,0.9443,7.545015,2.746819,0.2263,0.0004,-0.0179,-0.0323
/kaggle/input/datasets/duc24kdl/sub-x-ray/sub_X-Ray/sub_chest/IM-0257-0001.jpeg,,sub_chest,IM-0257-0001.jpeg,ok,841x709 -> 1682x1418,2,1,873.22,41.3374,4.779041,2.186102,0.9597,0.9963,0.1577,6.7433,41.5917,4.50719,2.123014,0.9623,0.9966,0.178,0.178,0.178,6.3866,115.5863,62.8514,115.5863,62.8514,0.3615,41.5917,0.9623,4.50719,2.123014,0.2543,0.0004,-0.0204,0.3567
/kaggle/input/datasets/duc24kdl/sub-x-ray/sub_X-Ray/sub_chest/IM-0261-0001.jpeg,,sub_chest,IM-0261-0001.jpeg,ok,798x665 -> 1596x1330,2,1,753.16,40.6412,5.610003,2.368545,0.9527,0.9957,0.1756,6.6488,40.8936,5.293199,2.300695,0.9555,0.9961,0.1956,0.1956,0.1956,6.5359,133.4944,57.4844,133.4944,57.4844,0.3588,40.8936,0.9555,5.293199,2.300695,0.2524,0.0004,-0.0201,0.1129
/kaggle/input/datasets/duc24kdl/sub-x-ray/sub_X-Ray/sub_chest/IM-0262-0001.jpeg,,sub_chest,IM-0262-0001.jpeg,ok,845x769 -> 1690x1538,2,1,943.08,40.0226,6.468776,2.543379,0.9414,0.9948,0.1922,6.5165,40.2387,6.1547,2.480867,0.9444,0.9953,0.2146,0.2146,0.2146,6.4029,135.063,56.6614,135.063,56.6614,0.3452,40.2387,0.9444,6.1547,2.480867,0.2162,0.0004,-0.0224,0.1136
/kaggle/input/datasets/duc24kdl/sub-x-ray/sub_X-Ray/sub_chest/IM-0264-0001.jpeg,,sub_chest,IM-0264-0001.jpeg,ok,905x772 -> 1810x1544,2,1,983.66,40.8005,5.407951,2.3255,0.957,0.9961,0.1442,5.0557,41.0689,5.083811,2.254731,0.9593,0.9965,0.1595,0.1595,0.1595,5.1646,98.514,74.0295,98.514,74.0295,0.3645,41.0689,0.9593,5.083811,2.254731,0.2684,0.0003,-0.0153,-0.1089
/kaggle/input/datasets/duc24kdl/sub-x-ray/sub_X-Ray/sub_chest/IM-0265-0001.jpeg,,sub_chest,IM-0265-0001.jpeg,ok,808x554 -> 1616x1108,2,1,586.59,39.9653,6.5547,2.560215,0.955,0.996,0.1687,5.376,40.1972,6.213802,2.49275,0.9576,0.9964,0.1863,0.1863,0.1863,5.3584,90.2822,64.166,90.2822,64.166,0.3857,40.1972,0.9576,6.213802,2.49275,0.232,0.0004,-0.0176,0.0176
/kaggle/input/datasets/duc24kdl/sub-x-ray/sub_X-Ray/sub_chest/IM-0266-0001.jpeg,,sub_chest,IM-0266-0001.jpeg,ok,924x747 -> 1848x1494,2,1,917.74,40.2471,6.142875,2.478482,0.9505,0.9955,0.1743,5.719,40.5295,5.756129,2.399193,0.9532,0.9959,0.1919,0.1919,0.1919,5.7026,113.8161,68.0013,113.8161,68.0013,0.3624,40.5295,0.9532,5.756129,2.399193,0.2824,0.0004,-0.0176,0.0164
/kaggle/input/datasets/duc24kdl/sub-x-ray/sub_X-Ray/sub_chest/IM-0268-0001.jpeg,,sub_chest,IM-0268-0001.jpeg,ok,810x678 -> 1620x1356,2,1,779.32,40.3903,5.943671,2.437965,0.9491,0.9953,0.1754,6.5001,40.675,5.56653,2.35935,0.9521,0.9958,0.1963,0.1963,0.1963,6.396,142.7481,59.9094,142.7481,59.9094,0.3508,40.675,0.9521,5.56653,2.35935,0.2847,0.0004,-0.0209,0.1041
/kaggle/input/datasets/duc24kdl/sub-x-ray/sub_X-Ray/sub_chest/IM-0269-0001.jpeg,,sub_chest,IM-0269-0001.jpeg,ok,1001x893 -> 2002x1786,2,1,1297.84,42.5703,3.597931,1.896821,0.9748,0.9974,0.1473,7.295,42.9478,3.298408,1.816152,0.9772,0.9977,0.1696,0.1696,0.1696,7.1323,147.6161,56.2011,147.6161,56.2011,0.4013,42.9478,0.9772,3.298408,1.816152,0.3775,0.0003,-0.0223,0.1627
/kaggle/input/datasets/duc24kdl/sub-x-ray/sub_X-Ray/sub_chest/IM-0270-0001.jpeg,,sub_chest,IM-0270-0001.jpeg,ok,673x554 -> 1346x1108,2,1,532.63,38.8273,8.518155,2.918588,0.9285,0.9938,0.2106,6.0032,39.0613,8.071414,2.841023,0.9318,0.9943,0.2326,0.2326,0.2326,5.8986,122.768,55.5122,122.768,55.5122,0.3474,39.0613,0.9318,8.071414,2.841023,0.234,0.0005,-0.022,0.1046
/kaggle/input/datasets/duc24kdl/sub-x-ray/sub_X-Ray/sub_chest/IM-0272-0001.jpeg,,sub_chest,IM-0272-0001.jpeg,ok,791x577 -> 1582x1154,2,1,661.8,39.6041,7.123154,2.668924,0.9522,0.9956,0.1724,6.4269,39.8489,6.73274,2.594752,0.9551,0.996,0.1941,0.1941,0.1941,6.2731,130.2653,55.9247,130.2653,55.9247,0.3947,39.8489,0.9551,6.73274,2.594752,0.2448,0.0004,-0.0218,0.1538
/kaggle/input/datasets/duc24kdl/sub-x-ray/sub_X-Ray/sub_chest/IM-0273-0001.jpeg,,sub_chest,IM-0273-0001.jpeg,ok,761x546 -> 1522x1092,2,1,603.9,38.6662,8.840101,2.973231,0.927,0.9937,0.2103,5.6337,38.8868,8.402435,2.898695,0.9305,0.9941,0.2319,0.2319,0.2319,5.6293,113.9098,57.5458,113.9098,57.5458,0.3567,38.8868,0.9305,8.402435,2.898695,0.2205,0.0005,-0.0217,0.0044
/kaggle/input/datasets/duc24kdl/sub-x-ray/sub_X-Ray/sub_chest/IM-0274-0001.jpeg,,sub_chest,IM-0274-0001.jpeg,ok,852x724 -> 1704x1448,2,1,829.63,41.4504,4.656328,2.157853,0.957,0.996,0.1687,6.9026,41.6856,4.410821,2.100195,0.9596,0.9964,0.1894,0.1894,0.1894,6.6514,133.9826,55.3605,133.9826,55.3605,0.3587,41.6856,0.9596,4.410821,2.100195,0.2352,0.0004,-0.0207,0.2512
/kaggle/input/datasets/duc24kdl/sub-x-ray/sub_X-Ray/sub_chest/IM-0275-0001.jpeg,,sub_chest,IM-0275-0001.jpeg,ok,933x797 -> 1866x1594,2,1,1094.56,41.6359,4.461616,2.112254,0.964,0.9966,0.1447,6.4503,41.9411,4.158788,2.039311,0.9665,0.9969,0.1638,0.1638,0.1638,6.2947,105.8772,64.8082,105.8772,64.8082,0.366,41.9411,0.9665,4.158788,2.039311,0.3053,0.0004,-0.0191,0.1556
/kaggle/input/datasets/duc24kdl/sub-x-ray/sub_X-Ray/sub_chest/IM-0276-0001.jpeg,,sub_chest,IM-0276-0001.jpeg,ok,914x827 -> 1828x1654,2,1,1079.49,40.7335,5.491977,2.343497,0.9481,0.9953,0.1808,6.4335,40.9325,5.246085,2.290433,0.951,0.9957,0.2015,0.2015,0.2015,6.3711,139.4205,61.0255,139.4205,61.0255,0.3518,40.9325,0.951,5.246085,2.290433,0.1989,0.0004,-0.0207,0.0624
/kaggle/input/datasets/duc24kdl/sub-x-ray/sub_X-Ray/sub_chest/IM-0277-0001.jpeg,,sub_chest,IM-0277-0001.jpeg,ok,804x672 -> 1608x1344,2,1,726.58,40.9372,5.240335,2.289178,0.9554,0.9958,0.1634,6.6839,41.1912,4.942611,2.223198,0.9581,0.9963,0.1832,0.1832,0.1832,6.4424,128.8925,60.7177,128.8925,60.7177,0.3547,41.1912,0.9581,4.942611,2.223198,0.254,0.0004,-0.0198,0.2416
/kaggle/input/datasets/duc24kdl/sub-x-ray/sub_X-Ray/sub_chest/IM-0278-0001.jpeg,,sub_chest,IM-0278-0001.jpeg,ok,883x751 -> 1766x1502,2,1,974.66,40.194,6.218421,2.493676,0.953,0.9957,0.1725,6.3158,40.4975,5.798722,2.408054,0.9557,0.9961,0.193,0.193,0.193,6.1714,130.0153,60.2908,130.0153,60.2908,0.3682,40.4975,0.9557,5.798722,2.408054,0.3035,0.0004,-0.0205,0.1443
/kaggle/input/datasets/duc24kdl/sub-x-ray/sub_X-Ray/sub_chest/IM-0279-0001.jpeg,,sub_chest,IM-0279-0001.jpeg,ok,808x560 -> 1616x1120,2,1,594.07,39.8876,6.672921,2.5832,0.9461,0.9952,0.171,5.3796,40.1,6.354429,2.520799,0.9488,0.9956,0.1885,0.1885,0.1885,5.3412,115.9413,70.972,115.9413,70.972,0.3789,40.1,0.9488,6.354429,2.520799,0.2124,0.0004,-0.0174,0.0384
/kaggle/input/datasets/duc24kdl/sub-x-ray/sub_X-Ray/sub_chest/IM-0280-0001.jpeg,,sub_chest,IM-0280-0001.jpeg,ok,864x611 -> 1728x1222,2,1,697.51,40.8916,5.295698,2.301238,0.9574,0.9961,0.1496,5.7591,41.0631,5.090569,2.256229,0.9598,0.9964,0.1679,0.1679,0.1679,5.7137,102.6774,64.8991,102.6774,64.8991,0.3822,41.0631,0.9598,5.090569,2.256229,0.1716,0.0004,-0.0184,0.0454
/kaggle/input/datasets/duc24kdl/sub-x-ray/sub_X-Ray/sub_chest/IM-0282-0001.jpeg,,sub_chest,IM-0282-0001.jpeg,ok,794x686 -> 1588x1372,2,1,770.21,40.5819,5.687116,2.384767,0.949,0.9954,0.176,6.1168,40.8314,5.369594,2.317238,0.9517,0.9958,0.1955,0.1955,0.1955,6.0664,115.7331,59.1525,115.7331,59.1525,0.3514,40.8314,0.9517,5.369594,2.317238,0.2495,0.0004,-0.0194,0.0503
/kaggle/input/datasets/duc24kdl/sub-x-ray/sub_X-Ray/sub_chest/IM-0283-0001.jpeg,,sub_chest,IM-0283-0001.jpeg,ok,968x806 -> 1936x1612,2,1,1058.17,41.7889,4.307109,2.075358,0.9614,0.9964,0.1561,6.4711,42.0094,4.093952,2.023352,0.964,0.9968,0.1792,0.1792,0.1792,6.2987,110.1223,57.4953,110.1223,57.4953,0.3694,42.0094,0.964,4.093952,2.023352,0.2204,0.0004,-0.0231,0.1724
/kaggle/input/datasets/duc24kdl/sub-x-ray/sub_X-Ray/sub_chest/IM-0285-0001.jpeg,,sub_chest,IM-0285-0001.jpeg,ok,713x550 -> 1426x1100,2,1,573.44,38.843,8.487514,2.913334,0.9268,0.9936,0.205,5.7453,39.0197,8.149042,2.854653,0.9303,0.9941,0.2266,0.2266,0.2266,5.7335,126.7595,60.7532,126.7595,60.7532,0.3587,39.0197,0.9303,8.149042,2.854653,0.1767,0.0005,-0.0216,0.0118
/kaggle/input/datasets/duc24kdl/sub-x-ray/sub_X-Ray/sub_chest/IM-0286-0001.jpeg,,sub_chest,IM-0286-0001.jpeg,ok,991x902 -> 1982x1804,2,1,1310.59,41.5852,4.514011,2.12462,0.9568,0.996,0.1625,6.7976,41.8525,4.244561,2.060233,0.9594,0.9964,0.1831,0.1831,0.1831,6.4313,126.1043,63.266,126.1043,63.266,0.3468,41.8525,0.9594,4.244561,2.060233,0.2673,0.0004,-0.0206,0.3663
/kaggle/input/datasets/duc24kdl/sub-x-ray/sub_X-Ray/sub_chest/IM-0288-0001.jpeg,,sub_chest,IM-0288-0001.jpeg,ok,719x570 -> 1438x1140,2,1,596.79,39.3159,7.611867,2.758961,0.9365,0.9943,0.2022,6.1181,39.4924,7.308677,2.703457,0.9397,0.9948,0.2226,0.2226,0.2226,6.0223,127.7133,56.3746,127.7133,56.3746,0.3716,39.4924,0.9397,7.308677,2.703457,0.1765,0.0005,-0.0204,0.0958
/kaggle/input/datasets/duc24kdl/sub-x-ray/sub_X-Ray/sub_chest/IM-0289-0001.jpeg,,sub_chest,IM-0289-0001.jpeg,ok,1140x1033 -> 2280x2066,2,1,1584.34,41.1226,5.021297,2.240825,0.9489,0.9954,0.1789,6.0139,41.3144,4.804457,2.191907,0.9518,0.9958,0.2015,0.2015,0.2015,5.9928,115.8752,62.8839,115.8752,62.8839,0.3487,41.3144,0.9518,4.804457,2.191907,0.1917,0.0004,-0.0226,0.0211
/kaggle/input/datasets/duc24kdl/sub-x-ray/sub_X-Ray/sub_chest/IM-0290-0001.jpeg,,sub_chest,IM-0290-0001.jpeg,ok,854x717 -> 1708x1434,2,1,860.71,40.3501,5.998861,2.449257,0.953,0.9958,0.1619,5.3494,40.5668,5.706907,2.388913,0.9556,0.9962,0.1797,0.1797,0.1797,5.4164,91.9135,67.4909,91.9135,67.4909,0.3726,40.5668,0.9556,5.706907,2.388913,0.2167,0.0004,-0.0178,-0.067
/kaggle/input/datasets/duc24kdl/sub-x-ray/sub_X-Ray/sub_chest/IM-0291-0001.jpeg,,sub_chest,IM-0291-0001.jpeg,ok,759x502 -> 1518x1004,2,1,545.58,39.0565,8.080399,2.842604,0.9388,0.9947,0.1845,5.2874,39.299,7.641592,2.764343,0.9417,0.9951,0.2017,0.2017,0.2017,5.2474,106.7622,69.0663,106.7622,69.0663,0.3522,39.299,0.9417,7.641592,2.764343,0.2425,0.0004,-0.0172,0.0401
/kaggle/input/datasets/duc24kdl/sub-x-ray/sub_X-Ray/sub_chest/IM-0292-0001.jpeg,,sub_chest,IM-0292-0001.jpeg,ok,929x750 -> 1858x1500,2,1,1034.64,41.2991,4.821395,2.195768,0.9595,0.9962,0.1562,6.7804,41.6011,4.497484,2.120727,0.9622,0.9966,0.1773,0.1773,0.1773,6.6065,120.6741,61.5909,120.6741,61.5909,0.3565,41.6011,0.9622,4.497484,2.120727,0.302,0.0004,-0.0211,0.1739
/kaggle/input/datasets/duc24kdl/sub-x-ray/sub_X-Ray/sub_chest/IM-0293-0001.jpeg,,sub_chest,IM-0293-0001.jpeg,ok,719x529 -> 1438x1058,2,1,557.15,40.1401,6.296104,2.509204,0.9476,0.9953,0.1848,6.4758,40.2985,6.070584,2.463855,0.9504,0.9957,0.2054,0.2054,0.2054,6.2737,114.9491,55.5478,114.9491,55.5478,0.3721,40.2985,0.9504,6.070584,2.463855,0.1584,0.0004,-0.0206,0.202
/kaggle/input/datasets/duc24kdl/sub-x-ray/sub_X-Ray/sub_chest/IM-0294-0001.jpeg,,sub_chest,IM-0294-0001.jpeg,ok,850x691 -> 1700x1382,2,1,847.5,40.7152,5.51515,2.348436,0.9527,0.9957,0.1666,6.6165,40.9491,5.226053,2.286056,0.9555,0.9961,0.186,0.186,0.186,6.3429,134.7117,63.7635,134.7117,63.7635,0.3579,40.9491,0.9555,5.226053,2.286056,0.2338,0.0004,-0.0194,0.2736
/kaggle/input/datasets/duc24kdl/sub-x-ray/sub_X-Ray/sub_chest/IM-0295-0001.jpeg,,sub_chest,IM-0295-0001.jpeg,ok,914x755 -> 1828x1510,2,1,979.68,40.5205,5.76802,2.40167,0.9471,0.9952,0.181,5.6993,40.7819,5.431139,2.33048,0.9499,0.9956,0.2015,0.2015,0.2015,5.6393,108.1337,59.5505,108.1337,59.5505,0.3593,40.7819,0.9499,5.431139,2.33048,0.2614,0.0004,-0.0205,0.06
/kaggle/input/datasets/duc24kdl/sub-x-ray/sub_X-Ray/sub_chest/IM-0297-0001.jpeg,,sub_chest,IM-0297-0001.jpeg,ok,854x707 -> 1708x1414,2,1,871.37,40.7375,5.486982,2.342431,0.9506,0.9955,0.1755,6.5662,40.9722,5.1983,2.279978,0.9534,0.9959,0.1957,0.1957,0.1957,6.5332,143.1365,60.9951,143.1365,60.9951,0.3622,40.9722,0.9534,5.1983,2.279978,0.2347,0.0004,-0.0202,0.033
/kaggle/input/datasets/duc24kdl/sub-x-ray/sub_X-Ray/sub_chest/IM-0298-0001.jpeg,,sub_chest,IM-0298-0001.jpeg,ok,852x743 -> 1704x1486,2,1,855.76,40.1957,6.216051,2.493201,0.9405,0.9946,0.1911,6.6327,40.4266,5.894204,2.427798,0.9435,0.995,0.2119,0.2119,0.2119,6.6053,138.4849,56.0536,138.4849,56.0536,0.3429,40.4266,0.9435,5.894204,2.427798,0.2309,0.0005,-0.0208,0.0273
/kaggle/input/datasets/duc24kdl/sub-x-ray/sub_X-Ray/sub_chest/IM-0299-0001.jpeg,,sub_chest,IM-0299-0001.jpeg,ok,900x751 -> 1800x1502,2,1,918.09,39.9181,6.626323,2.574164,0.9353,0.9943,0.2037,6.3193,40.0874,6.372933,2.524467,0.9384,0.9948,0.2252,0.2252,0.2252,6.279,132.4816,57.8432,132.4816,57.8432,0.3413,40.0874,0.9384,6.372933,2.524467,0.1693,0.0005,-0.0215,0.0403
/kaggle/input/datasets/duc24kdl/sub-x-ray/sub_X-Ray/sub_chest/IM-0300-0001.jpeg,,sub_chest,IM-0300-0001.jpeg,ok,1010x782 -> 2020x1564,2,1,1119.23,40.9667,5.204867,2.281418,0.958,0.9961,0.1576,5.6136,41.2401,4.887277,2.210719,0.9605,0.9965,0.1763,0.1763,0.1763,5.6398,100.7581,69.2959,100.7581,69.2959,0.3693,41.2401,0.9605,4.887277,2.210719,0.2734,0.0004,-0.0187,-0.0262
/kaggle/input/datasets/duc24kdl/sub-x-ray/sub_X-Ray/sub_chest/IM-0301-0001.jpeg,,sub_chest,IM-0301-0001.jpeg,ok,854x633 -> 1708x1266,2,1,757.26,40.3569,5.989443,2.447334,0.951,0.9956,0.171,5.6482,40.5802,5.6893,2.385225,0.9538,0.996,0.1899,0.1899,0.1899,5.5494,102.4737,60.8843,102.4737,60.8843,0.378,40.5802,0.9538,5.6893,2.385225,0.2233,0.0004,-0.0189,0.0988
/kaggle/input/datasets/duc24kdl/sub-x-ray/sub_X-Ray/sub_chest/IM-0302-0001.jpeg,,sub_chest,IM-0302-0001.jpeg,ok,715x564 -> 1430x1128,2,1,587.36,39.8095,6.794009,2.606532,0.9463,0.9951,0.1827,6.7255,40.1039,6.34873,2.519669,0.9493,0.9956,0.2028,0.2028,0.2028,6.5853,142.3693,55.7475,142.3693,55.7475,0.3562,40.1039,0.9493,6.34873,2.519669,0.2944,0.0004,-0.0201,0.1402
/kaggle/input/datasets/duc24kdl/sub-x-ray/sub_X-Ray/sub_chest/IM-0303-0001.jpeg,,sub_chest,IM-0303-0001.jpeg,ok,881x632 -> 1762x1264,2,1,799.45,38.6143,8.946388,2.991051,0.9316,0.9942,0.1837,4.7507,38.8318,8.509455,2.917097,0.9345,0.9946,0.2007,0.2007,0.2007,4.8537,99.2106,71.2157,99.2106,71.2157,0.34,38.8318,0.9345,8.509455,2.917097,0.2175,0.0004,-0.017,-0.103
/kaggle/input/datasets/duc24kdl/sub-x-ray/sub_X-Ray/sub_chest/IM-0304-0001.jpeg,,sub_chest,IM-0304-0001.jpeg,ok,736x489 -> 1472x978,2,1,469.81,37.9817,10.349263,3.217027,0.9175,0.993,0.2126,5.033,38.1297,10.002537,3.162679,0.9208,0.9934,0.2319,0.2319,0.2319,4.9668,99.392,61.5877,99.392,61.5877,0.3385,38.1297,0.9208,10.002537,3.162679,0.148,0.0005,-0.0194,0.0662
/kaggle/input/datasets/duc24kdl/sub-x-ray/sub_X-Ray/sub_chest/IM-0305-0001.jpeg,,sub_chest,IM-0305-0001.jpeg,ok,652x548 -> 1304x1096,2,1,476.64,39.3024,7.635618,2.763262,0.9336,0.9942,0.2054,6.1844,39.4227,7.427013,2.725255,0.9366,0.9947,0.2252,0.2252,0.2252,6.0382,120.8089,57.5567,120.8089,57.5567,0.3583,39.4227,0.9366,7.427013,2.725255,0.1203,0.0004,-0.0198,0.1462
/kaggle/input/datasets/duc24kdl/sub-x-ray/sub_X-Ray/sub_chest/IM-0306-0001.jpeg,,sub_chest,IM-0306-0001.jpeg,ok,690x520 -> 1380x1040,2,1,505.65,38.7708,8.629736,2.937641,0.9242,0.9935,0.2074,6.1578,38.9868,8.211062,2.865495,0.9274,0.994,0.2285,0.2285,0.2285,6.122,129.2911,52.1731,129.2911,52.1731,0.3274,38.9868,0.9274,8.211062,2.865495,0.216,0.0005,-0.0211,0.0358
/kaggle/input/datasets/duc24kdl/sub-x-ray/sub_X-Ray/sub_chest/IM-0307-0001.jpeg,,sub_chest,IM-0307-0001.jpeg,ok,883x778 -> 1766x1556,2,1,1017.44,39.9548,6.570572,2.563313,0.9374,0.9945,0.1923,6.3283,40.1902,6.223825,2.49476,0.9404,0.9949,0.2128,0.2128,0.2128,6.2395,126.601,62.0446,126.601,62.0446,0.318,40.1902,0.9404,6.223825,2.49476,0.2355,0.0004,-0.0205,0.0889
/kaggle/input/datasets/duc24kdl/sub-x-ray/sub_X-Ray/sub_chest/IM-0308-0001.jpeg,,sub_chest,IM-0308-0001.jpeg,ok,827x684 -> 1654x1368,2,1,829.39,39.2749,7.683996,2.772002,0.9361,0.9945,0.1936,6.0014,39.4777,7.33351,2.708045,0.9392,0.9949,0.2146,0.2146,0.2146,5.9634,126.6868,61.0342,126.6868,61.0342,0.3472,39.4777,0.9392,7.33351,2.708045,0.2028,0.0004,-0.0211,0.038
/kaggle/input/datasets/duc24kdl/sub-x-ray/sub_X-Ray/sub_chest/IM-0309-0001.jpeg,,sub_chest,IM-0309-0001.jpeg,ok,1072x902 -> 2144x1804,2,1,1295.18,39.0085,8.170105,2.85834,0.9233,0.9933,0.2136,5.509,39.1819,7.850454,2.801866,0.9265,0.9937,0.2344,0.2344,0.2344,5.5187,119.7704,60.4622,119.7704,60.4622,0.3311,39.1819,0.9265,7.850454,2.801866,0.1733,0.0005,-0.0208,-0.0097
/kaggle/input/datasets/duc24kdl/sub-x-ray/sub_X-Ray/sub_chest/IM-0311-0001.jpeg,,sub_chest,IM-0311-0001.jpeg,ok,634x442 -> 1268x884,2,1,380.83,38.3805,9.441263,3.072664,0.9227,0.9934,0.1958,5.1993,38.5693,9.039714,3.006612,0.9259,0.9939,0.2156,0.2156,0.2156,5.1708,118.4532,64.8131,118.4532,64.8131,0.3454,38.5693,0.9259,9.039714,3.006612,0.1888,0.0005,-0.0198,0.0286
/kaggle/input/datasets/duc24kdl/sub-x-ray/sub_X-Ray/sub_chest/IM-0312-0001.jpeg,,sub_chest,IM-0312-0001.jpeg,ok,754x546 -> 1508x1092,2,1,575.42,38.6369,8.900026,2.983291,0.93,0.9939,0.1956,5.8776,38.8815,8.412641,2.900455,0.9331,0.9943,0.2144,0.2144,0.2144,5.8038,112.7742,62.713,112.7742,62.713,0.3475,38.8815,0.9331,8.412641,2.900455,0.2446,0.0005,-0.0188,0.0738
/kaggle/input/datasets/duc24kdl/sub-x-ray/sub_X-Ray/sub_chest/IM-0313-0001.jpeg,,sub_chest,IM-0313-0001.jpeg,ok,848x649 -> 1696x1298,2,1,740.21,39.5398,7.229378,2.68875,0.937,0.9945,0.2017,5.819,39.7398,6.90392,2.627531,0.94,0.9949,0.2215,0.2215,0.2215,5.742,108.0874,55.3606,108.0874,55.3606,0.3483,39.7398,0.94,6.90392,2.627531,0.2001,0.0004,-0.0198,0.077
/kaggle/input/datasets/duc24kdl/sub-x-ray/sub_X-Ray/sub_chest/IM-0314-0001.jpeg,,sub_chest,IM-0314-0001.jpeg,ok,507x423 -> 1014x846,2,1,302.54,36.2105,15.560704,3.944706,0.8771,0.9898,0.2411,5.4853,36.3177,15.181458,3.896339,0.8814,0.9904,0.2637,0.2637,0.2637,5.4929,131.6728,58.1715,131.6728,58.1715,0.3138,36.3177,0.8814,15.181458,3.896339,0.1072,0.0006,-0.0225,-0.0076
/kaggle/input/datasets/duc24kdl/sub-x-ray/sub_X-Ray/sub_chest/IM-0315-0001.jpeg,,sub_chest,IM-0315-0001.jpeg,ok,634x479 -> 1268x958,2,1,427.07,37.3547,11.956784,3.457858,0.8911,0.991,0.2417,6.2141,37.5016,11.559021,3.399856,0.8948,0.9915,0.2649,0.2649,0.2649,6.1471,138.0525,48.87,138.0525,48.87,0.2998,37.5016,0.8948,11.559021,3.399856,0.1469,0.0005,-0.0232,0.067
/kaggle/input/datasets/duc24kdl/sub-x-ray/sub_X-Ray/sub_chest/IM-0316-0001.jpeg,,sub_chest,IM-0316-0001.jpeg,ok,684x504 -> 1368x1008,2,1,451.04,38.5077,9.168791,3.028001,0.9279,0.9938,0.2062,6.0636,38.7511,8.668976,2.944313,0.9311,0.9942,0.2279,0.2279,0.2279,6.0012,120.2237,51.5646,120.2237,51.5646,0.339,38.7511,0.9311,8.668976,2.944313,0.2434,0.0005,-0.0217,0.0624
/kaggle/input/datasets/duc24kdl/sub-x-ray/sub_X-Ray/sub_chest/IM-0317-0001.jpeg,,sub_chest,IM-0317-0001.jpeg,ok,1053x859 -> 2106x1718,2,1,1298.8,39.4733,7.340904,2.70941,0.9347,0.9942,0.1908,5.4648,39.7008,6.966272,2.63937,0.9377,0.9947,0.2107,0.2107,0.2107,5.4692,116.177,67.034,116.177,67.034,0.3412,39.7008,0.9377,6.966272,2.63937,0.2275,0.0004,-0.0199,-0.0044
/kaggle/input/datasets/duc24kdl/sub-x-ray/sub_X-Ray/sub_chest/IM-0318-0001.jpeg,,sub_chest,IM-0318-0001.jpeg,ok,817x605 -> 1634x1210,2,1,716.29,38.5479,9.084293,3.014016,0.9261,0.9936,0.2093,5.6459,38.7838,8.603955,2.93325,0.9294,0.994,0.2282,0.2282,0.2282,5.6235,129.6061,60.4168,129.6061,60.4168,0.339,38.7838,0.9294,8.603955,2.93325,0.2359,0.0005,-0.0189,0.0225
/kaggle/input/datasets/duc24kdl/sub-x-ray/sub_X-Ray/sub_chest/IM-0319-0001.jpeg,,sub_chest,IM-0319-0001.jpeg,ok,646x612 -> 1292x1224,2,1,549.47,39.3153,7.612915,2.759151,0.9343,0.9943,0.2067,6.1766,39.4833,7.323956,2.706281,0.9374,0.9947,0.2274,0.2274,0.2274,6.1591,124.57,50.945,124.57,50.945,0.3494,39.4833,0.9374,7.323956,2.706281,0.1681,0.0005,-0.0207,0.0174
/kaggle/input/datasets/duc24kdl/sub-x-ray/sub_X-Ray/sub_chest/IM-0320-0001.jpeg,,sub_chest,IM-0320-0001.jpeg,ok,850x635 -> 1700x1270,2,1,756.67,39.0272,8.135078,2.852206,0.9317,0.994,0.2008,5.6761,39.2141,7.792337,2.791476,0.9349,0.9945,0.2201,0.2201,0.2201,5.6084,112.5486,62.7847,112.5486,62.7847,0.347,39.2141,0.9349,7.792337,2.791476,0.1869,0.0005,-0.0193,0.0677
/kaggle/input/datasets/duc24kdl/sub-x-ray/sub_X-Ray/sub_chest/IM-0323-0001.jpeg,,sub_chest,IM-0323-0001.jpeg,ok,912x715 -> 1824x1430,2,1,874.36,39.0559,8.081498,2.842797,0.9286,0.9937,0.2077,6.0874,39.2795,7.676004,2.77056,0.9317,0.9942,0.2285,0.2285,0.2285,6.0183,131.7991,55.4966,131.7991,55.4966,0.3388,39.2795,0.9317,7.676004,2.77056,0.2236,0.0005,-0.0208,0.0691
/kaggle/input/datasets/duc24kdl/sub-x-ray/sub_X-Ray/sub_chest/IM-0324-0001.jpeg,,sub_chest,IM-0324-0001.jpeg,ok,599x465 -> 1198x930,2,1,398.17,39.9612,6.560893,2.561424,0.9433,0.9949,0.1755,6.3079,40.174,6.24713,2.499426,0.9463,0.9954,0.1962,0.1962,0.1962,6.2633,117.4689,57.0093,117.4689,57.0093,0.3561,40.174,0.9463,6.24713,2.499426,0.2128,0.0004,-0.0207,0.0446
/kaggle/input/datasets/duc24kdl/sub-x-ray/sub_X-Ray/sub_chest/IM-0325-0001.jpeg,,sub_chest,IM-0325-0001.jpeg,ok,752x587 -> 1504x1174,2,1,588.25,39.1858,7.843388,2.800605,0.9342,0.9943,0.1911,6.0934,39.3402,7.569467,2.751266,0.9372,0.9947,0.211,0.211,0.211,6.1166,118.8952,65.2705,118.8952,65.2705,0.3484,39.3402,0.9372,7.569467,2.751266,0.1544,0.0004,-0.0199,-0.0232
/kaggle/input/datasets/duc24kdl/sub-x-ray/sub_X-Ray/sub_chest/IM-0326-0001.jpeg,,sub_chest,IM-0326-0001.jpeg,ok,760x653 -> 1520x1306,2,1,663.8,37.6546,11.158952,3.340502,0.9091,0.9922,0.2398,5.708,37.7937,10.807006,3.287401,0.9127,0.9928,0.2598,0.2598,0.2598,5.6787,119.5184,53.289,119.5184,53.289,0.3485,37.7937,0.9127,10.807006,3.287401,0.1392,0.0005,-0.02,0.0293
/kaggle/input/datasets/duc24kdl/sub-x-ray/sub_X-Ray/sub_chest/IM-0327-0001.jpeg,,sub_chest,IM-0327-0001.jpeg,ok,904x753 -> 1808x1506,2,1,914.15,39.1429,7.921265,2.814474,0.9274,0.9936,0.2123,6.0934,39.3072,7.627147,2.761729,0.9307,0.9941,0.2343,0.2343,0.2343,6.0385,127.3825,55.8581,127.3825,55.8581,0.3479,39.3072,0.9307,7.627147,2.761729,0.1643,0.0005,-0.022,0.0548
/kaggle/input/datasets/duc24kdl/sub-x-ray/sub_X-Ray/sub_chest/IM-0329-0001.jpeg,,sub_chest,IM-0329-0001.jpeg,ok,598x487 -> 1196x974,2,1,407.5,37.4525,11.690308,3.419109,0.907,0.9922,0.2253,5.989,37.6229,11.240541,3.352692,0.9107,0.9927,0.2483,0.2483,0.2483,5.9642,127.1682,47.7321,127.1682,47.7321,0.3411,37.6229,0.9107,11.240541,3.352692,0.1704,0.0005,-0.023,0.0248
/kaggle/input/datasets/duc24kdl/sub-x-ray/sub_X-Ray/sub_chest/IM-0330-0001.jpeg,,sub_chest,IM-0330-0001.jpeg,ok,711x595 -> 1422x1190,2,1,611.98,39.3097,7.622643,2.760913,0.9364,0.9945,0.1908,6.0481,39.5548,7.204482,2.684117,0.9395,0.9949,0.2098,0.2098,0.2098,6.0757,129.0347,60.7231,129.0347,60.7231,0.3416,39.5548,0.9395,7.204482,2.684117,0.245,0.0004,-0.0191,-0.0276
/kaggle/input/datasets/duc24kdl/sub-x-ray/sub_X-Ray/sub_chest/IM-0331-0001.jpeg,,sub_chest,IM-0331-0001.jpeg,ok,680x670 -> 1360x1340,2,1,603.15,39.3727,7.512897,2.740966,0.9364,0.9946,0.1885,5.7312,39.524,7.255796,2.693659,0.9393,0.995,0.2063,0.2063,0.2063,5.6618,130.7741,72.4553,130.7741,72.4553,0.3375,39.524,0.9393,7.255796,2.693659,0.1512,0.0004,-0.0178,0.0694
/kaggle/input/datasets/duc24kdl/sub-x-ray/sub_X-Ray/sub_chest/IM-0332-0001.jpeg,,sub_chest,IM-0332-0001.jpeg,ok,756x601 -> 1512x1202,2,1,611.66,38.7956,8.5807,2.929283,0.9273,0.9937,0.2146,5.8894,38.9413,8.29759,2.880554,0.9306,0.9942,0.2338,0.2338,0.2338,5.8347,128.5061,55.4802,128.5061,55.4802,0.3528,38.9413,0.9306,8.29759,2.880554,0.1457,0.0005,-0.0192,0.0547
/kaggle/input/datasets/duc24kdl/sub-x-ray/sub_X-Ray/sub_chest/IM-0333-0001.jpeg,,sub_chest,IM-0333-0001.jpeg,ok,557x421 -> 1114x842,2,1,337.04,40.7229,5.505375,2.346353,0.9615,0.9964,0.1686,6.7891,41.0542,5.101019,2.258544,0.9641,0.9968,0.1888,0.1888,0.1888,6.6311,117.1993,52.5706,117.1993,52.5706,0.3729,41.0542,0.9641,5.101019,2.258544,0.3313,0.0004,-0.0203,0.158
/kaggle/input/datasets/duc24kdl/sub-x-ray/sub_X-Ray/sub_chest/IM-0335-0001.jpeg,,sub_chest,IM-0335-0001.jpeg,ok,1269x948 -> 2538x1896,2,1,1721.87,40.0452,6.435179,2.536765,0.9419,0.9949,0.1654,5.0725,40.2619,6.122019,2.474271,0.9445,0.9952,0.1823,0.1823,0.1823,5.0541,99.275,74.3756,99.275,74.3756,0.3335,40.2619,0.9445,6.122019,2.474271,0.2167,0.0004,-0.0169,0.0184
/kaggle/input/datasets/duc24kdl/sub-x-ray/sub_X-Ray/sub_chest/IM-0337-0001.jpeg,,sub_chest,IM-0337-0001.jpeg,ok,792x618 -> 1584x1236,2,1,657.18,39.7394,6.904582,2.627657,0.9381,0.9945,0.1815,6.2128,39.9635,6.557352,2.560733,0.9411,0.9949,0.2023,0.2023,0.2023,6.0786,127.9391,60.2221,127.9391,60.2221,0.3349,39.9635,0.9411,6.557352,2.560733,0.2241,0.0004,-0.0208,0.1342
/kaggle/input/datasets/duc24kdl/sub-x-ray/sub_X-Ray/sub_chest/IM-0338-0001.jpeg,,sub_chest,IM-0338-0001.jpeg,ok,873x696 -> 1746x1392,2,1,876.37,39.5773,7.167273,2.677176,0.9419,0.9949,0.1871,5.5557,39.8357,6.753139,2.59868,0.9446,0.9953,0.206,0.206,0.206,5.5408,102.4364,61.5076,102.4364,61.5076,0.3416,39.8357,0.9446,6.753139,2.59868,0.2585,0.0004,-0.0188,0.0149
/kaggle/input/datasets/duc24kdl/sub-x-ray/sub_X-Ray/sub_chest/IM-0339-0001.jpeg,,sub_chest,IM-0339-0001.jpeg,ok,896x811 -> 1792x1622,2,1,982.47,39.7837,6.834611,2.614309,0.939,0.9947,0.1975,6.4243,40.0263,6.463277,2.542298,0.9418,0.9951,0.2179,0.2179,0.2179,6.3502,128.1566,58.6566,128.1566,58.6566,0.3255,40.0263,0.9418,6.463277,2.542298,0.2426,0.0004,-0.0204,0.0741
/kaggle/input/datasets/duc24kdl/sub-x-ray/sub_X-Ray/sub_chest/IM-0340-0001.jpeg,,sub_chest,IM-0340-0001.jpeg,ok,920x740 -> 1840x1480,2,1,907.79,38.6568,8.859305,2.976459,0.9332,0.9942,0.1945,5.311,38.8309,8.511185,2.917394,0.9362,0.9946,0.2125,0.2125,0.2125,5.34,118.9718,68.0916,118.9718,68.0916,0.3613,38.8309,0.9362,8.511185,2.917394,0.1741,0.0004,-0.0181,-0.029
/kaggle/input/datasets/duc24kdl/sub-x-ray/sub_X-Ray/sub_chest/IM-0341-0001.jpeg,,sub_chest,IM-0341-0001.jpeg,ok,827x682 -> 1654x1364,2,1,819.69,38.9629,8.256383,2.873392,0.9266,0.9935,0.2052,6.0059,39.1542,7.900692,2.810817,0.9299,0.994,0.2261,0.2261,0.2261,5.963,123.1001,58.2009,123.1001,58.2009,0.3404,39.1542,0.9299,7.900692,2.810817,0.1912,0.0005,-0.0209,0.0429
/kaggle/input/datasets/duc24kdl/sub-x-ray/sub_X-Ray/sub_chest/IM-0343-0001.jpeg,,sub_chest,IM-0343-0001.jpeg,ok,794x608 -> 1588x1216,2,1,692.32,40.02,6.472617,2.544134,0.9417,0.9947,0.1834,6.2083,40.2379,6.155904,2.481109,0.9448,0.9952,0.2042,0.2042,0.2042,6.064,118.1731,56.4895,118.1731,56.4895,0.3483,40.2379,0.9448,6.155904,2.481109,0.2179,0.0004,-0.0208,0.1443
/kaggle/input/datasets/duc24kdl/sub-x-ray/sub_X-Ray/sub_chest/IM-0345-0001.jpeg,,sub_chest,IM-0345-0001.jpeg,ok,655x535 -> 1310x1070,2,1,504.39,39.2703,7.692219,2.773485,0.9366,0.9944,0.1932,6.1569,39.5168,7.267754,2.695877,0.9397,0.9949,0.2143,0.2143,0.2143,6.1334,134.5768,52.8464,134.5768,52.8464,0.3501,39.5168,0.9397,7.267754,2.695877,0.2465,0.0005,-0.0211,0.0235
/kaggle/input/datasets/duc24kdl/sub-x-ray/sub_X-Ray/sub_chest/IM-0346-0001.jpeg,,sub_chest,IM-0346-0001.jpeg,ok,796x705 -> 1592x1410,2,1,743.77,38.9617,8.258692,2.873794,0.9362,0.9944,0.1997,5.5848,39.1674,7.876577,2.806524,0.9392,0.9949,0.2177,0.2177,0.2177,5.5296,114.9168,62.8775,114.9168,62.8775,0.3595,39.1674,0.9392,7.876577,2.806524,0.2057,0.0004,-0.018,0.0552
/kaggle/input/datasets/duc24kdl/sub-x-ray/sub_X-Ray/sub_chest/IM-0347-0001.jpeg,,sub_chest,IM-0347-0001.jpeg,ok,819x584 -> 1638x1168,2,1,684.95,39.3067,7.628075,2.761897,0.9399,0.9947,0.1831,5.417,39.5715,7.176725,2.678941,0.9427,0.9951,0.2023,0.2023,0.2023,5.4176,103.3603,59.2194,103.3603,59.2194,0.346,39.5715,0.9427,7.176725,2.678941,0.2649,0.0004,-0.0192,-0.0007
/kaggle/input/datasets/duc24kdl/sub-x-ray/sub_X-Ray/sub_chest/IM-0348-0001.jpeg,,sub_chest,IM-0348-0001.jpeg,ok,694x531 -> 1388x1062,2,1,514.71,37.5236,11.500486,3.391237,0.9032,0.9917,0.2239,5.7362,37.6499,11.170946,3.342296,0.907,0.9923,0.2437,0.2437,0.2437,5.6859,133.1836,58.6436,133.1836,58.6436,0.3327,37.6499,0.907,11.170946,3.342296,0.1263,0.0005,-0.0199,0.0503
/kaggle/input/datasets/duc24kdl/sub-x-ray/sub_X-Ray/sub_chest/IM-0349-0001.jpeg,,sub_chest,IM-0349-0001.jpeg,ok,796x664 -> 1592x1328,2,1,707.7,38.9251,8.328474,2.88591,0.9274,0.9937,0.1967,5.6406,39.1128,7.976328,2.824239,0.9306,0.9942,0.2151,0.2151,0.2151,5.5716,125.0769,66.7247,125.0769,66.7247,0.3411,39.1128,0.9306,7.976328,2.824239,0.1876,0.0005,-0.0184,0.069
/kaggle/input/datasets/duc24kdl/sub-x-ray/sub_X-Ray/sub_chest/IM-0350-0001.jpeg,,sub_chest,IM-0350-0001.jpeg,ok,696x499 -> 1392x998,2,1,452.89,38.4959,9.193689,3.03211,0.9384,0.9948,0.1728,5.6239,38.7451,8.680926,2.946341,0.9413,0.9952,0.1875,0.1875,0.1875,5.5501,119.9809,76.9998,119.9809,76.9998,0.3616,38.7451,0.9413,8.680926,2.946341,0.2492,0.0004,-0.0148,0.0738
/kaggle/input/datasets/duc24kdl/sub-x-ray/sub_X-Ray/sub_chest/IM-0351-0001.jpeg,,sub_chest,IM-0351-0001.jpeg,ok,887x794 -> 1774x1588,2,1,1027.56,38.9289,8.321294,2.884665,0.9279,0.9937,0.2096,5.7951,39.1615,7.887278,2.80843,0.9312,0.9942,0.2302,0.2302,0.2302,5.7405,121.4071,62.0077,121.4071,62.0077,0.3367,39.1615,0.9312,7.887278,2.80843,0.2326,0.0005,-0.0206,0.0546
/kaggle/input/datasets/duc24kdl/sub-x-ray/sub_X-Ray/sub_chest/IM-0353-0001.jpeg,,sub_chest,IM-0353-0001.jpeg,ok,810x575 -> 1620x1150,2,1,666.68,39.2346,7.755719,2.784909,0.9395,0.9946,0.1843,6.2036,39.4904,7.312092,2.704088,0.9426,0.995,0.2049,0.2049,0.2049,6.2122,111.2657,60.7861,111.2657,60.7861,0.3482,39.4904,0.9426,7.312092,2.704088,0.2558,0.0005,-0.0206,-0.0087
/kaggle/input/datasets/duc24kdl/sub-x-ray/sub_X-Ray/sub_chest/IM-0354-0001.jpeg,,sub_chest,IM-0354-0001.jpeg,ok,769x493 -> 1538x986,2,1,539.07,38.55,9.079814,3.013273,0.9279,0.9938,0.1829,4.8223,38.6917,8.788454,2.964533,0.931,0.9942,0.2004,0.2004,0.2004,4.8606,112.9541,72.7459,112.9541,72.7459,0.3555,38.6917,0.931,8.788454,2.964533,0.1416,0.0004,-0.0176,-0.0384
/kaggle/input/datasets/duc24kdl/sub-x-ray/sub_X-Ray/sub_chest/IM-0355-0001.jpeg,,sub_chest,IM-0355-0001.jpeg,ok,686x554 -> 1372x1108,2,1,536.65,40.1815,6.236316,2.497262,0.9433,0.995,0.1863,6.4644,40.3448,6.006249,2.450765,0.9461,0.9954,0.2072,0.2072,0.2072,6.3257,122.8835,54.3041,122.8835,54.3041,0.3536,40.3448,0.9461,6.006249,2.450765,0.1632,0.0004,-0.0209,0.1387
/kaggle/input/datasets/duc24kdl/sub-x-ray/sub_X-Ray/sub_chest/IM-0356-0001.jpeg,,sub_chest,IM-0356-0001.jpeg,ok,650x487 -> 1300x974,2,1,440.71,39.2331,7.75844,2.785398,0.9377,0.9946,0.1963,5.8423,39.3951,7.474346,2.733925,0.9407,0.995,0.2174,0.2174,0.2174,5.7868,103.8318,50.9812,103.8318,50.9812,0.36,39.3951,0.9407,7.474346,2.733925,0.162,0.0004,-0.0212,0.0554
/kaggle/input/datasets/duc24kdl/sub-x-ray/sub_X-Ray/sub_chest/IM-0357-0001.jpeg,,sub_chest,IM-0357-0001.jpeg,ok,1032x975 -> 2064x1950,2,1,1355.89,39.3462,7.558955,2.749355,0.9352,0.9943,0.2008,5.8059,39.5701,7.179152,2.679394,0.9383,0.9948,0.2213,0.2213,0.2213,5.7935,121.9416,62.1885,121.9416,62.1885,0.3472,39.5701,0.9383,7.179152,2.679394,0.2239,0.0005,-0.0205,0.0124
/kaggle/input/datasets/duc24kdl/sub-x-ray/sub_X-Ray/sub_chest/IM-0358-0001.jpeg,,sub_chest,IM-0358-0001.jpeg,ok,823x649 -> 1646x1298,2,1,774.26,39.4886,7.315037,2.704633,0.9427,0.995,0.1885,5.7179,39.6932,6.9784,2.641666,0.9455,0.9954,0.2078,0.2078,0.2078,5.6437,109.8363,58.8094,109.8363,58.8094,0.3649,39.6932,0.9455,6.9784,2.641666,0.2046,0.0004,-0.0193,0.0742
/kaggle/input/datasets/duc24kdl/sub-x-ray/sub_X-Ray/sub_chest/IM-0359-0001.jpeg,,sub_chest,IM-0359-0001.jpeg,ok,817x636 -> 1634x1272,2,1,765.94,39.4107,7.447574,2.729024,0.9378,0.9945,0.1826,6.0887,39.6801,6.999522,2.645661,0.9409,0.9949,0.204,0.204,0.204,6.0718,118.155,64.2427,118.155,64.2427,0.3373,39.6801,0.9409,6.999522,2.645661,0.2695,0.0005,-0.0213,0.0168
/kaggle/input/datasets/duc24kdl/sub-x-ray/sub_X-Ray/sub_chest/IM-0361-0001.jpeg,,sub_chest,IM-0361-0001.jpeg,ok,785x578 -> 1570x1156,2,1,666.03,39.3013,7.63743,2.76359,0.9369,0.9944,0.1833,5.8716,39.5209,7.260925,2.69461,0.94,0.9949,0.2038,0.2038,0.2038,5.8702,121.3549,65.6443,121.3549,65.6443,0.3428,39.5209,0.94,7.260925,2.69461,0.2196,0.0004,-0.0205,0.0014
/kaggle/input/datasets/duc24kdl/sub-x-ray/sub_X-Ray/sub_chest/IM-0362-0001.jpeg,,sub_chest,IM-0362-0001.jpeg,ok,791x591 -> 1582x1182,2,1,680.52,38.6587,8.85539,2.975801,0.9287,0.9938,0.2042,5.8001,38.8568,8.460582,2.908708,0.9319,0.9943,0.2227,0.2227,0.2227,5.7215,125.4299,61.821,125.4299,61.821,0.3458,38.8568,0.9319,8.460582,2.908708,0.1981,0.0005,-0.0186,0.0786
/kaggle/input/datasets/duc24kdl/sub-x-ray/sub_X-Ray/sub_chest/IM-0363-0001.jpeg,,sub_chest,IM-0363-0001.jpeg,ok,790x701 -> 1580x1402,2,1,775.42,39.6594,7.032961,2.651973,0.9393,0.9946,0.1825,5.4685,39.828,6.765136,2.600988,0.9422,0.9951,0.201,0.201,0.201,5.4412,108.3404,65.5365,108.3404,65.5365,0.3572,39.828,0.9422,6.765136,2.600988,0.1686,0.0004,-0.0185,0.0274
/kaggle/input/datasets/duc24kdl/sub-x-ray/sub_X-Ray/sub_chest/IM-0364-0001.jpeg,,sub_chest,IM-0364-0001.jpeg,ok,698x500 -> 1396x1000,2,1,486.78,38.1123,10.042635,3.169012,0.9252,0.9936,0.2026,5.5545,38.3404,9.52881,3.086877,0.9283,0.9941,0.2209,0.2209,0.2209,5.5368,118.447,64.875,118.447,64.875,0.3447,38.3404,0.9283,9.52881,3.086877,0.2281,0.0004,-0.0183,0.0177
/kaggle/input/datasets/duc24kdl/sub-x-ray/sub_X-Ray/sub_chest/IM-0365-0001.jpeg,,sub_chest,IM-0365-0001.jpeg,ok,800x614 -> 1600x1228,2,1,658.48,39.2186,7.784396,2.790053,0.9313,0.994,0.1998,5.9471,39.4011,7.463903,2.732014,0.9344,0.9944,0.2199,0.2199,0.2199,5.8919,116.2996,59.2559,116.2996,59.2559,0.3428,39.4011,0.9344,7.463903,2.732014,0.1826,0.0005,-0.0201,0.0552
/kaggle/input/datasets/duc24kdl/sub-x-ray/sub_X-Ray/sub_chest/IM-0367-0001.jpeg,,sub_chest,IM-0367-0001.jpeg,ok,736x585 -> 1472x1170,2,1,565.64,39.0552,8.082722,2.843013,0.934,0.9943,0.1865,5.6465,39.243,7.740662,2.782205,0.9369,0.9947,0.2045,0.2045,0.2045,5.5605,121.1422,67.8957,121.1422,67.8957,0.3429,39.243,0.9369,7.740662,2.782205,0.1878,0.0004,-0.018,0.086
/kaggle/input/datasets/duc24kdl/sub-x-ray/sub_X-Ray/sub_chest/IM-0368-0001.jpeg,,sub_chest,IM-0368-0001.jpeg,ok,713x582 -> 1426x1164,2,1,602.24,38.5632,9.052411,3.008722,0.9234,0.9934,0.2172,5.7433,38.7618,8.647606,2.940681,0.9266,0.9939,0.2361,0.2361,0.2361,5.6431,122.7323,57.7509,122.7323,57.7509,0.3308,38.7618,0.9266,8.647606,2.940681,0.1987,0.0005,-0.0189,0.1002
/kaggle/input/datasets/duc24kdl/sub-x-ray/sub_X-Ray/sub_chest/IM-0369-0001.jpeg,,sub_chest,IM-0369-0001.jpeg,ok,698x512 -> 1396x1024,2,1,506.25,39.1856,7.843742,2.800668,0.9318,0.994,0.1958,6.1479,39.3266,7.593107,2.755559,0.935,0.9945,0.2165,0.2165,0.2165,6.052,135.0992,57.6975,135.0992,57.6975,0.3484,39.3266,0.935,7.593107,2.755559,0.141,0.0005,-0.0207,0.096
/kaggle/input/datasets/duc24kdl/sub-x-ray/sub_X-Ray/sub_chest/IM-0370-0001.jpeg,,sub_chest,IM-0370-0001.jpeg,ok,557x416 -> 1114x832,2,1,336.61,36.141,15.811844,3.976411,0.8857,0.9905,0.2334,5.5811,36.3093,15.210754,3.900097,0.8897,0.9911,0.2552,0.2552,0.2552,5.5486,124.9769,55.0894,124.9769,55.0894,0.3261,36.3093,0.8897,15.210754,3.900097,0.1683,0.0006,-0.0218,0.0324
/kaggle/input/datasets/duc24kdl/sub-x-ray/sub_X-Ray/sub_chest/IM-0371-0001.jpeg,,sub_chest,IM-0371-0001.jpeg,ok,1012x1018 -> 2024x2036,2,1,1396.26,39.8704,6.699502,2.58834,0.9345,0.9943,0.202,6.2765,40.0772,6.387995,2.527448,0.9375,0.9947,0.2235,0.2235,0.2235,6.1894,138.9616,60.6251,138.9616,60.6251,0.3214,40.0772,0.9375,6.387995,2.527448,0.2068,0.0005,-0.0215,0.0871
/kaggle/input/datasets/duc24kdl/sub-x-ray/sub_X-Ray/sub_chest/IM-0372-0001.jpeg,,sub_chest,IM-0372-0001.jpeg,ok,895x827 -> 1790x1654,2,1,1087.53,39.4646,7.355597,2.71212,0.9349,0.9942,0.2076,6.1678,39.6211,7.095283,2.663697,0.9378,0.9947,0.2276,0.2276,0.2276,6.1279,129.627,56.625,129.627,56.625,0.3481,39.6211,0.9378,7.095283,2.663697,0.1565,0.0005,-0.02,0.0399
/kaggle/input/datasets/duc24kdl/sub-x-ray/sub_X-Ray/sub_chest/IM-0374-0001.jpeg,,sub_chest,IM-0374-0001.jpeg,ok,872x701 -> 1744x1402,2,1,825.56,39.6084,7.116103,2.667603,0.9379,0.9945,0.1906,6.1775,39.8534,6.725784,2.593412,0.9409,0.995,0.209,0.209,0.209,6.0435,153.8332,66.3923,153.8332,66.3923,0.3479,39.8534,0.9409,6.725784,2.593412,0.245,0.0005,-0.0184,0.1341
/kaggle/input/datasets/duc24kdl/sub-x-ray/sub_X-Ray/sub_chest/IM-0375-0001.jpeg,,sub_chest,IM-0375-0001.jpeg,ok,908x813 -> 1816x1626,2,1,991.81,39.6954,6.975,2.641023,0.9364,0.9944,0.1989,5.7408,39.8415,6.744165,2.596953,0.9393,0.9949,0.2194,0.2194,0.2194,5.7279,113.1759,59.9339,113.1759,59.9339,0.3527,39.8415,0.9393,6.744165,2.596953,0.1462,0.0004,-0.0205,0.0129
/kaggle/input/datasets/duc24kdl/sub-x-ray/sub_X-Ray/sub_chest/IM-0377-0001.jpeg,,sub_chest,IM-0377-0001.jpeg,ok,719x553 -> 1438x1106,2,1,577.03,37.7645,10.880031,3.298489,0.9114,0.9925,0.2252,5.3608,37.9045,10.535009,3.245768,0.915,0.993,0.2439,0.2439,0.2439,5.3048,135.283,59.3708,135.283,59.3708,0.3432,37.9045,0.915,10.535009,3.245768,0.14,0.0005,-0.0187,0.056
/kaggle/input/datasets/duc24kdl/sub-x-ray/sub_X-Ray/sub_chest/IM-0379-0001.jpeg,,sub_chest,IM-0379-0001.jpeg,ok,862x697 -> 1724x1394,2,1,861.34,39.9516,6.575443,2.564263,0.9411,0.9949,0.1882,6.1409,40.181,6.237105,2.49742,0.9439,0.9953,0.2086,0.2086,0.2086,6.0624,115.0854,60.1253,115.0854,60.1253,0.3316,40.181,0.9439,6.237105,2.49742,0.2294,0.0004,-0.0204,0.0785
/kaggle/input/datasets/duc24kdl/sub-x-ray/sub_X-Ray/sub_chest/IM-0381-0001.jpeg,,sub_chest,IM-0381-0001.jpeg,ok,872x694 -> 1744x1388,2,1,822.21,40.0258,6.464025,2.542445,0.9389,0.9947,0.1906,6.214,40.1732,6.248289,2.499658,0.9418,0.9951,0.2115,0.2115,0.2115,6.1162,119.083,60.2386,119.083,60.2386,0.339,40.1732,0.9418,6.248289,2.499658,0.1474,0.0004,-0.0209,0.0977
/kaggle/input/datasets/duc24kdl/sub-x-ray/sub_X-Ray/sub_chest/IM-0382-0001.jpeg,,sub_chest,IM-0382-0001.jpeg,ok,736x612 -> 1472x1224,2,1,599.86,37.7237,10.982676,3.314012,0.9063,0.9921,0.2245,5.4845,37.8887,10.573393,3.251675,0.9099,0.9926,0.2456,0.2456,0.2456,5.446,106.0818,59.3744,106.0818,59.3744,0.3175,37.8887,0.9099,10.573393,3.251675,0.1649,0.0005,-0.0211,0.0385
/kaggle/input/datasets/duc24kdl/sub-x-ray/sub_X-Ray/sub_chest/IM-0383-0001.jpeg,,sub_chest,IM-0383-0001.jpeg,ok,736x659 -> 1472x1318,2,1,659.12,39.6227,7.092711,2.663214,0.9363,0.9944,0.1879,6.018,39.8192,6.778977,2.603647,0.9395,0.9949,0.2076,0.2076,0.2076,5.9221,128.7531,64.6033,128.7531,64.6033,0.3359,39.8192,0.9395,6.778977,2.603647,0.1965,0.0004,-0.0198,0.096
/kaggle/input/datasets/duc24kdl/sub-x-ray/sub_X-Ray/sub_chest/IM-0384-0001.jpeg,,sub_chest,IM-0384-0001.jpeg,ok,804x613 -> 1608x1226,2,1,659.61,37.6911,11.065501,3.326485,0.916,0.993,0.199,5.4371,37.8573,10.650004,3.263434,0.9195,0.9934,0.2165,0.2165,0.2165,5.4093,131.3945,73.3674,131.3945,73.3674,0.3436,37.8573,0.9195,10.650004,3.263434,0.1662,0.0005,-0.0174,0.0279
/kaggle/input/datasets/duc24kdl/sub-x-ray/sub_X-Ray/sub_chest/IM-0385-0001.jpeg,,sub_chest,IM-0385-0001.jpeg,ok,856x665 -> 1712x1330,2,1,775.17,39.8356,6.753359,2.598723,0.9401,0.9948,0.1862,6.1907,40.0592,6.414445,2.532676,0.943,0.9952,0.2055,0.2055,0.2055,6.0303,121.3943,63.8252,121.3943,63.8252,0.3315,40.0592,0.943,6.414445,2.532676,0.2236,0.0004,-0.0194,0.1605
/kaggle/input/datasets/duc24kdl/sub-x-ray/sub_X-Ray/sub_chest/IM-0386-0001.jpeg,,sub_chest,IM-0386-0001.jpeg,ok,775x651 -> 1550x1302,2,1,747.56,39.7648,6.864314,2.619984,0.9423,0.9949,0.179,5.9961,40.0126,6.483664,2.546304,0.9453,0.9953,0.1985,0.1985,0.1985,5.98,117.9769,61.0443,117.9769,61.0443,0.3451,40.0126,0.9453,6.483664,2.546304,0.2478,0.0004,-0.0195,0.0161
/kaggle/input/datasets/duc24kdl/sub-x-ray/sub_X-Ray/sub_chest/IM-0387-0001.jpeg,,sub_chest,IM-0387-0001.jpeg,ok,960x900 -> 1920x1800,2,1,1156.62,39.4601,7.363324,2.713544,0.9332,0.9942,0.2029,5.5731,39.6792,7.001057,2.645951,0.9363,0.9946,0.2222,0.2222,0.2222,5.5318,120.1435,63.0338,120.1435,63.0338,0.3378,39.6792,0.9363,7.001057,2.645951,0.2191,0.0005,-0.0194,0.0413
/kaggle/input/datasets/duc24kdl/sub-x-ray/sub_X-Ray/sub_chest/IM-0388-0001.jpeg,,sub_chest,IM-0388-0001.jpeg,ok,840x676 -> 1680x1352,2,1,765.14,39.9107,6.637559,2.576346,0.9423,0.9949,0.1863,6.2202,40.1166,6.330211,2.515991,0.945,0.9954,0.2066,0.2066,0.2066,6.1145,119.3626,57.5032,119.3626,57.5032,0.3437,40.1166,0.945,6.330211,2.515991,0.2059,0.0004,-0.0203,0.1057
/kaggle/input/datasets/duc24kdl/sub-x-ray/sub_X-Ray/sub_chest/IM-0389-0001.jpeg,,sub_chest,IM-0389-0001.jpeg,ok,765x514 -> 1530x1028,2,1,572.28,39.1219,7.959644,2.821284,0.9337,0.9942,0.187,5.9233,39.2614,7.708023,2.776333,0.9368,0.9946,0.2058,0.2058,0.2058,5.8003,130.7878,67.115,130.7878,67.115,0.3434,39.2614,0.9368,7.708023,2.776333,0.1395,0.0004,-0.0188,0.123
/kaggle/input/datasets/duc24kdl/sub-x-ray/sub_X-Ray/sub_chest/IM-0391-0001.jpeg,,sub_chest,IM-0391-0001.jpeg,ok,1111x834 -> 2222x1668,2,1,1330.57,39.4703,7.346031,2.710356,0.933,0.9941,0.1901,5.1512,39.6182,7.100064,2.664594,0.9359,0.9946,0.2085,0.2085,0.2085,5.199,120.2798,70.7136,120.2798,70.7136,0.3385,39.6182,0.9359,7.100064,2.664594,0.1479,0.0004,-0.0183,-0.0479
/kaggle/input/datasets/duc24kdl/sub-x-ray/sub_X-Ray/sub_chest/IM-0392-0001.jpeg,,sub_chest,IM-0392-0001.jpeg,ok,721x529 -> 1442x1058,2,1,544.95,38.2457,9.738868,3.120716,0.9224,0.9934,0.1974,4.8947,38.3812,9.439785,3.072423,0.9256,0.9938,0.2165,0.2165,0.2165,4.9109,101.9662,62.0207,101.9662,62.0207,0.3521,38.3812,0.9256,9.439785,3.072423,0.1355,0.0005,-0.0192,-0.0162
/kaggle/input/datasets/duc24kdl/sub-x-ray/sub_X-Ray/sub_chest/IM-0393-0001.jpeg,,sub_chest,IM-0393-0001.jpeg,ok,877x610 -> 1754x1220,2,1,738.58,39.2726,7.688126,2.772747,0.9397,0.9948,0.1646,4.5941,39.3997,7.466417,2.732475,0.9423,0.9952,0.1799,0.1799,0.1799,4.7011,91.6124,74.2675,91.6124,74.2675,0.3605,39.3997,0.9423,7.466417,2.732475,0.1271,0.0004,-0.0154,-0.1071
/kaggle/input/datasets/duc24kdl/sub-x-ray/sub_X-Ray/sub_chest/IM-0394-0001.jpeg,,sub_chest,IM-0394-0001.jpeg,ok,833x666 -> 1666x1332,2,1,810.49,39.5904,7.145668,2.673138,0.9412,0.9948,0.1897,5.9226,39.794,6.818362,2.611199,0.944,0.9953,0.2082,0.2082,0.2082,5.8578,113.4751,61.4547,113.4751,61.4547,0.3527,39.794,0.944,6.818362,2.611199,0.2036,0.0004,-0.0185,0.0648
/kaggle/input/datasets/duc24kdl/sub-x-ray/sub_X-Ray/sub_chest/IM-0395-0001.jpeg,,sub_chest,IM-0395-0001.jpeg,ok,744x637 -> 1488x1274,2,1,637.55,39.8977,6.657517,2.580217,0.9405,0.9947,0.1877,6.2996,40.1229,6.321019,2.514164,0.9435,0.9951,0.2085,0.2085,0.2085,6.2134,125.4143,57.2234,125.4143,57.2234,0.3409,40.1229,0.9435,6.321019,2.514164,0.2253,0.0004,-0.0208,0.0862
/kaggle/input/datasets/duc24kdl/sub-x-ray/sub_X-Ray/sub_chest/IM-0399-0001.jpeg,,sub_chest,IM-0399-0001.jpeg,ok,582x543 -> 1164x1086,2,1,444.11,38.5156,9.152067,3.025238,0.9193,0.9931,0.2315,6.1173,38.7007,8.770128,2.96144,0.9228,0.9936,0.2514,0.2514,0.2514,6.0128,124.3729,52.4607,124.3729,52.4607,0.3455,38.7007,0.9228,8.770128,2.96144,0.1851,0.0005,-0.0199,0.1046
/kaggle/input/datasets/duc24kdl/sub-x-ray/sub_X-Ray/sub_chest/IM-0400-0001.jpeg,,sub_chest,IM-0400-0001.jpeg,ok,723x541 -> 1446x1082,2,1,562.4,37.4155,11.790345,3.433707,0.9072,0.9921,0.2181,4.8281,37.5315,11.479766,3.38818,0.9108,0.9927,0.2388,0.2388,0.2388,4.8961,114.5709,64.3119,114.5709,64.3119,0.3419,37.5315,0.9108,11.479766,3.38818,0.1159,0.0005,-0.0207,-0.068
/kaggle/input/datasets/duc24kdl/sub-x-ray/sub_X-Ray/sub_chest/IM-0401-0001.jpeg,,sub_chest,IM-0401-0001.jpeg,ok,910x835 -> 1820x1670,2,1,1082.52,41.3777,4.734854,2.175972,0.9558,0.9959,0.1882,6.5594,41.5781,4.521377,2.126353,0.9585,0.9963,0.2081,0.2081,0.2081,6.3771,135.8396,56.999,135.8396,56.999,0.3752,41.5781,0.9585,4.521377,2.126353,0.2004,0.0004,-0.0199,0.1824
/kaggle/input/datasets/duc24kdl/sub-x-ray/sub_X-Ray/sub_chest/IM-0403-0001.jpeg,,sub_chest,IM-0403-0001.jpeg,ok,887x806 -> 1774x1612,2,1,1046.48,41.7079,4.388268,2.094819,0.9636,0.9965,0.16,6.8497,42.0269,4.07746,2.019272,0.9662,0.9969,0.1791,0.1791,0.1791,6.4652,135.9964,61.5192,135.9964,61.5192,0.3638,42.0269,0.9662,4.07746,2.019272,0.319,0.0004,-0.0192,0.3844
/kaggle/input/datasets/duc24kdl/sub-x-ray/sub_X-Ray/sub_chest/IM-0404-0001.jpeg,,sub_chest,IM-0404-0001.jpeg,ok,847x591 -> 1694x1182,2,1,723.26,39.0822,8.032642,2.834192,0.9322,0.994,0.205,6.0054,39.2788,7.677071,2.770753,0.9353,0.9945,0.2257,0.2257,0.2257,5.935,121.5324,53.8618,121.5324,53.8618,0.3535,39.2788,0.9353,7.677071,2.770753,0.1966,0.0005,-0.0207,0.0704
/kaggle/input/datasets/duc24kdl/sub-x-ray/sub_X-Ray/sub_chest/IM-0405-0001.jpeg,,sub_chest,IM-0405-0001.jpeg,ok,976x809 -> 1952x1618,2,1,1064.97,39.738,6.906864,2.628091,0.9425,0.9949,0.1885,6.2215,40.0082,6.490166,2.54758,0.9454,0.9953,0.209,0.209,0.209,6.0675,123.3567,64.155,123.3567,64.155,0.3366,40.0082,0.9454,6.490166,2.54758,0.2703,0.0004,-0.0205,0.154
/kaggle/input/datasets/duc24kdl/sub-x-ray/sub_X-Ray/sub_chest/IM-0408-0001.jpeg,,sub_chest,IM-0408-0001.jpeg,ok,721x574 -> 1442x1148,2,1,607.73,37.4959,11.574168,3.402083,0.9034,0.9918,0.2378,5.7009,37.6423,11.190421,3.345209,0.9073,0.9924,0.2583,0.2583,0.2583,5.6779,131.6065,58.5311,131.6065,58.5311,0.332,37.6423,0.9073,11.190421,3.345209,0.1464,0.0005,-0.0205,0.023
/kaggle/input/datasets/duc24kdl/sub-x-ray/sub_X-Ray/sub_chest/IM-0409-0001.jpeg,,sub_chest,IM-0409-0001.jpeg,ok,545x396 -> 1090x792,2,1,308.18,37.353,11.961361,3.45852,0.8974,0.9914,0.2329,6.0742,37.497,11.571353,3.401669,0.9012,0.992,0.255,0.255,0.255,6.0117,144.553,47.5642,144.553,47.5642,0.3124,37.497,0.9012,11.571353,3.401669,0.144,0.0006,-0.0221,0.0625
/kaggle/input/datasets/duc24kdl/sub-x-ray/sub_X-Ray/sub_chest/IM-0410-0001.jpeg,,sub_chest,IM-0410-0001.jpeg,ok,816x687 -> 1632x1374,2,1,746.18,39.2875,7.661874,2.768009,0.9322,0.9941,0.2046,5.814,39.439,7.399055,2.72012,0.9352,0.9945,0.223,0.223,0.223,5.7694,126.0665,60.8288,126.0665,60.8288,0.345,39.439,0.9352,7.399055,2.72012,0.1516,0.0004,-0.0185,0.0446
/kaggle/input/datasets/duc24kdl/sub-x-ray/sub_X-Ray/sub_chest/IM-0411-0001.jpeg,,sub_chest,IM-0411-0001.jpeg,ok,864x759 -> 1728x1518,2,1,865.66,39.2805,7.674169,2.770229,0.9346,0.9943,0.1918,5.5898,39.5104,7.278509,2.697871,0.9375,0.9947,0.2098,0.2098,0.2098,5.5904,113.0726,66.9371,113.0726,66.9371,0.3402,39.5104,0.9375,7.278509,2.697871,0.2299,0.0004,-0.018,-0.0007
/kaggle/input/datasets/duc24kdl/sub-x-ray/sub_X-Ray/sub_chest/IM-0413-0001.jpeg,,sub_chest,IM-0413-0001.jpeg,ok,1159x1205 -> 2318x2410,2,1,2042.5,40.6899,5.547391,2.35529,0.9463,0.9952,0.1818,6.3276,40.9109,5.272189,2.296125,0.9491,0.9956,0.2041,0.2041,0.2041,6.1465,115.1196,62.2682,115.1196,62.2682,0.3264,40.9109,0.9491,5.272189,2.296125,0.221,0.0004,-0.0222,0.1811
/kaggle/input/datasets/duc24kdl/sub-x-ray/sub_X-Ray/sub_chest/IM-0414-0001.jpeg,,sub_chest,IM-0414-0001.jpeg,ok,725x643 -> 1450x1286,2,1,672.19,38.0826,10.111695,3.179889,0.9287,0.9939,0.2079,5.8339,38.3047,9.607517,3.099599,0.9319,0.9943,0.2264,0.2264,0.2264,5.7635,118.6708,58.2539,118.6708,58.2539,0.3629,38.3047,0.9319,9.607517,3.099599,0.2221,0.0005,-0.0185,0.0704
/kaggle/input/datasets/duc24kdl/sub-x-ray/sub_X-Ray/sub_chest/IM-0416-0001.jpeg,,sub_chest,IM-0416-0001.jpeg,ok,904x709 -> 1808x1418,2,1,857.68,38.9355,8.308692,2.88248,0.9235,0.9933,0.2208,6.0422,39.0938,8.011273,2.830419,0.9268,0.9938,0.242,0.242,0.242,5.9739,128.3465,51.7608,128.3465,51.7608,0.3383,39.0938,0.9268,8.011273,2.830419,0.1583,0.0005,-0.0211,0.0683
/kaggle/input/datasets/duc24kdl/sub-x-ray/sub_X-Ray/sub_chest/IM-0417-0001.jpeg,,sub_chest,IM-0417-0001.jpeg,ok,893x750 -> 1786x1500,2,1,965.97,39.5032,7.290488,2.70009,0.9389,0.9946,0.1921,5.8855,39.742,6.900426,2.626866,0.9417,0.9951,0.21,0.21,0.21,5.812,114.0695,65.5828,114.0695,65.5828,0.3382,39.742,0.9417,6.900426,2.626866,0.2388,0.0004,-0.0179,0.0735
/kaggle/input/datasets/duc24kdl/sub-x-ray/sub_X-Ray/sub_chest/IM-0419-0001.jpeg,,sub_chest,IM-0419-0001.jpeg,ok,1059x761 -> 2118x1522,2,1,1165.48,35.6517,17.697239,4.206809,0.8597,0.9878,0.2565,5.1149,35.7933,17.129568,4.138788,0.8645,0.9885,0.2809,0.2809,0.2809,5.1353,137.815,62.1289,137.815,62.1289,0.3139,35.7933,0.8645,17.129568,4.138788,0.1416,0.0007,-0.0244,-0.0204
/kaggle/input/datasets/duc24kdl/sub-x-ray/sub_X-Ray/sub_chest/IM-0420-0001.jpeg,,sub_chest,IM-0420-0001.jpeg,ok,779x676 -> 1558x1352,2,1,752.2,38.5031,9.178482,3.029601,0.9245,0.9934,0.227,6.1935,38.7355,8.70015,2.949602,0.9279,0.9939,0.2491,0.2491,0.2491,6.1541,119.2845,49.3885,119.2845,49.3885,0.3465,38.7355,0.9279,8.70015,2.949602,0.2324,0.0005,-0.0221,0.0394
/kaggle/input/datasets/duc24kdl/sub-x-ray/sub_X-Ray/sub_chest/IM-0421-0001.jpeg,,sub_chest,IM-0421-0001.jpeg,ok,787x564 -> 1574x1128,2,1,629.17,38.5457,9.088915,3.014783,0.9246,0.9935,0.2038,5.9001,38.7575,8.656347,2.942167,0.9276,0.9939,0.2241,0.2241,0.2241,5.8735,107.1699,59.0089,107.1699,59.0089,0.331,38.7575,0.9276,8.656347,2.942167,0.2118,0.0005,-0.0203,0.0266
/kaggle/input/datasets/duc24kdl/sub-x-ray/sub_X-Ray/sub_chest/IM-0423-0001.jpeg,,sub_chest,IM-0423-0001.jpeg,ok,740x668 -> 1480x1336,2,1,657.65,39.7277,6.923322,2.631221,0.9405,0.9947,0.1888,6.1096,39.9472,6.582033,2.565547,0.9436,0.9952,0.2103,0.2103,0.2103,6.0661,126.1132,59.0866,126.1132,59.0866,0.3456,39.9472,0.9436,6.582033,2.565547,0.2195,0.0004,-0.0214,0.0435
/kaggle/input/datasets/duc24kdl/sub-x-ray/sub_X-Ray/sub_chest/IM-0424-0001.jpeg,,sub_chest,IM-0424-0001.jpeg,ok,684x539 -> 1368x1078,2,1,478.95,38.4242,9.346786,3.057251,0.9238,0.9935,0.2048,5.521,38.565,9.048527,3.008077,0.927,0.9939,0.2228,0.2228,0.2228,5.5231,126.6047,64.4764,126.6047,64.4764,0.3497,38.565,0.927,9.048527,3.008077,0.1408,0.0005,-0.018,-0.002
/kaggle/input/datasets/duc24kdl/sub-x-ray/sub_X-Ray/sub_chest/IM-0425-0001.jpeg,,sub_chest,IM-0425-0001.jpeg,ok,925x657 -> 1850x1314,2,1,869.9,40.6023,5.660392,2.379158,0.9533,0.9958,0.1698,5.6587,40.7938,5.416298,2.327294,0.9558,0.9962,0.1896,0.1896,0.1896,5.7529,106.3618,61.8594,106.3618,61.8594,0.3643,40.7938,0.9558,5.416298,2.327294,0.1914,0.0004,-0.0198,-0.0942
/kaggle/input/datasets/duc24kdl/sub-x-ray/sub_X-Ray/sub_chest/IM-0427-0001.jpeg,,sub_chest,IM-0427-0001.jpeg,ok,914x678 -> 1828x1356,2,1,874.04,40.0888,6.370921,2.524068,0.9475,0.9952,0.1842,6.0753,40.3485,6.001154,2.449725,0.9502,0.9957,0.2031,0.2031,0.2031,6.0632,133.9654,65.4092,133.9654,65.4092,0.3541,40.3485,0.9502,6.001154,2.449725,0.2597,0.0004,-0.0189,0.0121
/kaggle/input/datasets/duc24kdl/sub-x-ray/sub_X-Ray/sub_chest/IM-0428-0001.jpeg,,sub_chest,IM-0428-0001.jpeg,ok,781x674 -> 1562x1348,2,1,756.91,38.1881,9.868929,3.141485,0.9212,0.9931,0.2088,5.7361,38.3606,9.484595,3.079707,0.9245,0.9936,0.2286,0.2286,0.2286,5.6526,147.6733,61.7514,147.6733,61.7514,0.3562,38.3606,0.9245,9.484595,3.079707,0.1725,0.0005,-0.0198,0.0834
/kaggle/input/datasets/duc24kdl/sub-x-ray/sub_X-Ray/sub_chest/IM-0429-0001-0001.jpeg,,sub_chest,IM-0429-0001-0001.jpeg,ok,959x784 -> 1918x1568,2,1,1079.53,41.6402,4.457188,2.111205,0.9609,0.9963,0.16,6.5135,41.8405,4.256251,2.063068,0.9634,0.9967,0.1792,0.1792,0.1792,6.3945,122.9675,64.4337,122.9675,64.4337,0.3857,41.8405,0.9634,4.256251,2.063068,0.2003,0.0004,-0.0193,0.119
/kaggle/input/datasets/duc24kdl/sub-x-ray/sub_X-Ray/sub_chest/IM-0429-0001-0002.jpeg,,sub_chest,IM-0429-0001-0002.jpeg,ok,929x690 -> 1858x1380,2,1,921.06,39.7517,6.885134,2.623954,0.9433,0.995,0.1812,5.7601,40.0176,6.476149,2.544828,0.9462,0.9954,0.1998,0.1998,0.1998,5.7666,120.3733,63.1842,120.3733,63.1842,0.3492,40.0176,0.9462,6.476149,2.544828,0.266,0.0004,-0.0186,-0.0065
/kaggle/input/datasets/duc24kdl/sub-x-ray/sub_X-Ray/sub_chest/IM-0429-0001.jpeg,,sub_chest,IM-0429-0001.jpeg,ok,982x846 -> 1964x1692,2,1,1156.75,40.363,5.981125,2.445634,0.9486,0.9953,0.1897,6.2385,40.6842,5.554694,2.35684,0.9515,0.9957,0.2118,0.2118,0.2118,6.1807,113.4686,54.5458,113.4686,54.5458,0.3502,40.6842,0.9515,5.554694,2.35684,0.3212,0.0004,-0.0221,0.0578
/kaggle/input/datasets/duc24kdl/sub-x-ray/sub_X-Ray/sub_chest/IM-0430-0001.jpeg,,sub_chest,IM-0430-0001.jpeg,ok,719x541 -> 1438x1082,2,1,552.57,37.7257,10.977714,3.313263,0.9068,0.992,0.224,5.6877,37.9103,10.520942,3.2436,0.9106,0.9926,0.247,0.247,0.247,5.639,126.7643,62.2225,126.7643,62.2225,0.3318,37.9103,0.9106,10.520942,3.2436,0.1846,0.0005,-0.0231,0.0487
/kaggle/input/datasets/duc24kdl/sub-x-ray/sub_X-Ray/sub_chest/IM-0431-0001.jpeg,,sub_chest,IM-0431-0001.jpeg,ok,839x707 -> 1678x1414,2,1,853.82,39.2048,7.809095,2.794476,0.9312,0.994,0.2023,6.0394,39.3979,7.469435,2.733027,0.9344,0.9944,0.2241,0.2241,0.2241,5.9517,125.8587,61.1054,125.8587,61.1054,0.3431,39.3979,0.9344,7.469435,2.733027,0.1931,0.0005,-0.0218,0.0878
/kaggle/input/datasets/duc24kdl/sub-x-ray/sub_X-Ray/sub_chest/IM-0432-0001.jpeg,,sub_chest,IM-0432-0001.jpeg,ok,740x614 -> 1480x1228,2,1,599.29,39.5695,7.180163,2.679583,0.9376,0.9944,0.1814,5.9336,39.778,6.843538,2.616016,0.9406,0.9948,0.1999,0.1999,0.1999,5.9396,135.9695,67.6434,135.9695,67.6434,0.3604,39.778,0.9406,6.843538,2.616016,0.2085,0.0005,-0.0185,-0.006
/kaggle/input/datasets/duc24kdl/sub-x-ray/sub_X-Ray/sub_chest/IM-0433-0001.jpeg,,sub_chest,IM-0433-0001.jpeg,ok,958x838 -> 1916x1676,2,1,1126.93,40.9401,5.2369,2.288427,0.957,0.9961,0.161,6.2137,41.2244,4.904977,2.214718,0.9595,0.9964,0.1783,0.1783,0.1783,6.1702,108.2603,69.3607,108.2603,69.3607,0.3578,41.2244,0.9595,4.904977,2.214718,0.2844,0.0004,-0.0173,0.0435
/kaggle/input/datasets/duc24kdl/sub-x-ray/sub_X-Ray/sub_chest/IM-0434-0001.jpeg,,sub_chest,IM-0434-0001.jpeg,ok,1107x857 -> 2214x1714,2,1,1387.19,41.5083,4.594654,2.143514,0.9574,0.996,0.1692,7.027,41.8125,4.283782,2.06973,0.96,0.9964,0.1901,0.1901,0.1901,6.6722,134.3083,58.419,134.3083,58.419,0.3378,41.8125,0.96,4.283782,2.06973,0.3043,0.0004,-0.0208,0.3547
/kaggle/input/datasets/duc24kdl/sub-x-ray/sub_X-Ray/sub_chest/IM-0435-0001-0001.jpeg,,sub_chest,IM-0435-0001-0001.jpeg,ok,756x604 -> 1512x1208,2,1,598.63,41.7461,4.349831,2.085625,0.967,0.9968,0.1511,6.4207,41.9357,4.16395,2.040576,0.9692,0.9972,0.1706,0.1706,0.1706,6.3392,90.7776,57.1869,90.7776,57.1869,0.4001,41.9357,0.9692,4.16395,2.040576,0.1897,0.0003,-0.0195,0.0815
/kaggle/input/datasets/duc24kdl/sub-x-ray/sub_X-Ray/sub_chest/IM-0435-0001.jpeg,,sub_chest,IM-0435-0001.jpeg,ok,565x415 -> 1130x830,2,1,329.77,39.4985,7.298522,2.701578,0.9447,0.995,0.1874,6.5109,39.6644,7.024847,2.650443,0.9476,0.9955,0.2078,0.2078,0.2078,6.4466,125.3177,54.794,125.3177,54.794,0.378,39.6644,0.9476,7.024847,2.650443,0.166,0.0004,-0.0204,0.0643
/kaggle/input/datasets/duc24kdl/sub-x-ray/sub_X-Ray/sub_chest/IM-0437-0001-0001.jpeg,,sub_chest,IM-0437-0001-0001.jpeg,ok,1011x722 -> 2022x1444,2,1,1059.13,39.1364,7.933073,2.816571,0.9215,0.993,0.2143,6.0458,39.3001,7.639603,2.763983,0.9249,0.9935,0.2357,0.2357,0.2357,5.9787,134.4413,57.7022,134.4413,57.7022,0.3334,39.3001,0.9249,7.639603,2.763983,0.1637,0.0005,-0.0214,0.0671
/kaggle/input/datasets/duc24kdl/sub-x-ray/sub_X-Ray/sub_chest/IM-0437-0001-0002.jpeg,,sub_chest,IM-0437-0001-0002.jpeg,ok,754x576 -> 1508x1152,2,1,601.74,39.627,7.085676,2.661893,0.9426,0.9949,0.1773,6.0647,39.8539,6.724908,2.593243,0.9454,0.9953,0.1967,0.1967,0.1967,5.997,127.629,62.4881,127.629,62.4881,0.359,39.8539,0.9454,6.724908,2.593243,0.2269,0.0004,-0.0193,0.0677
/kaggle/input/datasets/duc24kdl/sub-x-ray/sub_X-Ray/sub_chest/IM-0437-0001.jpeg,,sub_chest,IM-0437-0001.jpeg,ok,705x589 -> 1410x1178,2,1,595.05,38.7944,8.583068,2.929687,0.9257,0.9934,0.212,5.9258,39.0326,8.124973,2.850434,0.929,0.9939,0.234,0.234,0.234,5.8628,107.1364,53.3409,107.1364,53.3409,0.3422,39.0326,0.929,8.124973,2.850434,0.2382,0.0005,-0.0221,0.0631
/kaggle/input/datasets/duc24kdl/sub-x-ray/sub_X-Ray/sub_chest/IM-0438-0001.jpeg,,sub_chest,IM-0438-0001.jpeg,ok,952x711 -> 1904x1422,2,1,902.81,40.8091,5.397178,2.323183,0.95,0.9954,0.1685,6.3275,40.9826,5.185864,2.277249,0.9527,0.9958,0.1876,0.1876,0.1876,6.2531,126.5061,64.7706,126.5061,64.7706,0.362,40.9826,0.9527,5.185864,2.277249,0.1735,0.0004,-0.0191,0.0744
/kaggle/input/datasets/duc24kdl/sub-x-ray/sub_X-Ray/sub_chest/IM-0439-0001-0001.jpeg,,sub_chest,IM-0439-0001-0001.jpeg,ok,883x690 -> 1766x1380,2,1,880.71,40.7284,5.498437,2.344875,0.9491,0.9954,0.1761,5.9315,40.8907,5.296761,2.301469,0.9519,0.9958,0.1962,0.1962,0.1962,5.9813,128.9165,61.39,128.9165,61.39,0.3614,40.8907,0.9519,5.296761,2.301469,0.1623,0.0004,-0.0201,-0.0498
/kaggle/input/datasets/duc24kdl/sub-x-ray/sub_X-Ray/sub_chest/IM-0439-0001-0002.jpeg,,sub_chest,IM-0439-0001-0002.jpeg,ok,684x516 -> 1368x1032,2,1,459.85,38.318,9.57809,3.094849,0.923,0.9933,0.2074,5.785,38.5484,9.083139,3.013825,0.9263,0.9938,0.2279,0.2279,0.2279,5.7461,117.7114,62.1226,117.7114,62.1226,0.3441,38.5484,0.9263,9.083139,3.013825,0.2304,0.0005,-0.0205,0.0389
/kaggle/input/datasets/duc24kdl/sub-x-ray/sub_X-Ray/sub_chest/IM-0439-0001.jpeg,,sub_chest,IM-0439-0001.jpeg,ok,908x779 -> 1816x1558,2,1,938.97,40.0388,6.444653,2.538632,0.9407,0.9947,0.1893,6.2412,40.2802,6.09628,2.469065,0.9436,0.9951,0.2098,0.2098,0.2098,6.1407,136.3473,61.0096,136.3473,61.0096,0.3422,40.2802,0.9436,6.09628,2.469065,0.2413,0.0004,-0.0205,0.1006
/kaggle/input/datasets/duc24kdl/sub-x-ray/sub_X-Ray/sub_chest/IM-0440-0001.jpeg,,sub_chest,IM-0440-0001.jpeg,ok,845x732 -> 1690x1464,2,1,897.03,40.51,5.781981,2.404575,0.952,0.9957,0.1692,6.147,40.755,5.464915,2.337716,0.9547,0.9961,0.1884,0.1884,0.1884,6.0408,120.3912,63.128,120.3912,63.128,0.3658,40.755,0.9547,5.464915,2.337716,0.2449,0.0004,-0.0191,0.1062
/kaggle/input/datasets/duc24kdl/sub-x-ray/sub_X-Ray/sub_chest/IM-0441-0001.jpeg,,sub_chest,IM-0441-0001.jpeg,ok,736x585 -> 1472x1170,2,1,566.13,39.8994,6.654842,2.579698,0.9477,0.9953,0.1782,5.7157,40.1485,6.283853,2.506761,0.9504,0.9957,0.1969,0.1969,0.1969,5.7479,110.3726,63.3982,110.3726,63.3982,0.3595,40.1485,0.9504,6.283853,2.506761,0.2491,0.0004,-0.0188,-0.0322
/kaggle/input/datasets/duc24kdl/sub-x-ray/sub_X-Ray/sub_chest/IM-0442-0001.jpeg,,sub_chest,IM-0442-0001.jpeg,ok,755x676 -> 1510x1352,2,1,733.84,38.5815,9.014171,3.002361,0.9179,0.9928,0.2128,6.0616,38.7752,8.621019,2.936157,0.9214,0.9933,0.2334,0.2334,0.2334,6.0184,135.7523,60.7859,135.7523,60.7859,0.3382,38.7752,0.9214,8.621019,2.936157,0.1937,0.0005,-0.0205,0.0432
/kaggle/input/datasets/duc24kdl/sub-x-ray/sub_X-Ray/sub_chest/IM-0444-0001.jpeg,,sub_chest,IM-0444-0001.jpeg,ok,964x877 -> 1928x1754,2,1,1131.4,41.0161,5.146022,2.268484,0.956,0.996,0.1726,6.2557,41.3071,4.812444,2.193728,0.9586,0.9963,0.1937,0.1937,0.1937,6.1817,110.7509,62.515,110.7509,62.515,0.3624,41.3071,0.9586,4.812444,2.193728,0.2911,0.0004,-0.0211,0.074
/kaggle/input/datasets/duc24kdl/sub-x-ray/sub_X-Ray/sub_chest/IM-0445-0001.jpeg,,sub_chest,IM-0445-0001.jpeg,ok,881x753 -> 1762x1506,2,1,970.71,40.3104,6.054036,2.460495,0.9487,0.9954,0.1796,6.1607,40.6009,5.662281,2.379555,0.9515,0.9958,0.1999,0.1999,0.1999,6.2064,125.852,61.1462,125.852,61.1462,0.3488,40.6009,0.9515,5.662281,2.379555,0.2905,0.0004,-0.0202,-0.0457
/kaggle/input/datasets/duc24kdl/sub-x-ray/sub_X-Ray/sub_chest/IM-0446-0001.jpeg,,sub_chest,IM-0446-0001.jpeg,ok,908x830 -> 1816x1660,2,1,1008.78,40.4812,5.820516,2.412574,0.9495,0.9954,0.1787,6.3217,40.7701,5.445926,2.333651,0.9522,0.9958,0.199,0.199,0.199,6.2448,126.0684,61.3209,126.0684,61.3209,0.3503,40.7701,0.9522,5.445926,2.333651,0.2889,0.0004,-0.0203,0.0769
/kaggle/input/datasets/duc24kdl/sub-x-ray/sub_X-Ray/sub_chest/IM-0447-0001.jpeg,,sub_chest,IM-0447-0001.jpeg,ok,920x749 -> 1840x1498,2,1,923.13,40.8791,5.310986,2.304558,0.9547,0.9959,0.1743,6.0051,41.055,5.10007,2.258333,0.9573,0.9962,0.1944,0.1944,0.1944,5.9942,116.7198,61.7956,116.7198,61.7956,0.3747,41.055,0.9573,5.10007,2.258333,0.176,0.0004,-0.0201,0.0109
/kaggle/input/datasets/duc24kdl/sub-x-ray/sub_X-Ray/sub_chest/IM-0448-0001.jpeg,,sub_chest,IM-0448-0001.jpeg,ok,977x639 -> 1954x1278,2,1,895.72,40.5262,5.760549,2.400114,0.9536,0.9958,0.1733,5.7616,40.7624,5.455582,2.335719,0.9561,0.9961,0.1917,0.1917,0.1917,5.7112,98.5008,60.0019,98.5008,60.0019,0.3645,40.7624,0.9561,5.455582,2.335719,0.2362,0.0004,-0.0184,0.0504
/kaggle/input/datasets/duc24kdl/sub-x-ray/sub_X-Ray/sub_chest/IM-0449-0001.jpeg,,sub_chest,IM-0449-0001.jpeg,ok,819x618 -> 1638x1236,2,1,732.49,40.6116,5.648375,2.376631,0.949,0.9953,0.1759,6.3829,40.7809,5.432368,2.330744,0.9518,0.9957,0.1961,0.1961,0.1961,6.2909,129.1155,60.7161,129.1155,60.7161,0.3662,40.7809,0.9518,5.432368,2.330744,0.1693,0.0004,-0.0202,0.0919
/kaggle/input/datasets/duc24kdl/sub-x-ray/sub_X-Ray/sub_chest/IM-0450-0001.jpeg,,sub_chest,IM-0450-0001.jpeg,ok,839x740 -> 1678x1480,2,1,902.92,38.4508,9.289666,3.047895,0.9238,0.9934,0.2149,5.7194,38.6326,8.908904,2.984779,0.9271,0.9939,0.2356,0.2356,0.2356,5.6266,118.1901,59.8893,118.1901,59.8893,0.3515,38.6326,0.9271,8.908904,2.984779,0.1818,0.0005,-0.0206,0.0928
/kaggle/input/datasets/duc24kdl/sub-x-ray/sub_X-Ray/sub_chest/IM-0451-0001.jpeg,,sub_chest,IM-0451-0001.jpeg,ok,925x873 -> 1850x1746,2,1,1186.98,40.5252,5.761811,2.400377,0.9491,0.9954,0.1855,6.31,40.8004,5.408066,2.325525,0.9519,0.9958,0.2059,0.2059,0.2059,6.187,113.3984,60.8281,113.3984,60.8281,0.3559,40.8004,0.9519,5.408066,2.325525,0.2752,0.0004,-0.0204,0.1231
/kaggle/input/datasets/duc24kdl/sub-x-ray/sub_X-Ray/sub_chest/IM-0452-0001.jpeg,,sub_chest,IM-0452-0001.jpeg,ok,924x794 -> 1848x1588,2,1,979.33,40.4627,5.8454,2.417726,0.9469,0.9952,0.1763,5.6777,40.6291,5.625576,2.37183,0.9496,0.9956,0.1946,0.1946,0.1946,5.6869,115.1393,65.8784,115.1393,65.8784,0.3664,40.6291,0.9496,5.625576,2.37183,0.1665,0.0004,-0.0183,-0.0092
/kaggle/input/datasets/duc24kdl/sub-x-ray/sub_X-Ray/sub_chest/IM-0453-0001-0002.jpeg,,sub_chest,IM-0453-0001-0002.jpeg,ok,1044x1037 -> 2088x2074,2,1,1449.44,40.9904,5.176564,2.275206,0.9494,0.9953,0.1795,6.0856,41.191,4.942908,2.223265,0.9521,0.9958,0.2006,0.2006,0.2006,6.0771,121.9712,64.0108,121.9712,64.0108,0.3623,41.191,0.9521,4.942908,2.223265,0.2006,0.0004,-0.0211,0.0085
/kaggle/input/datasets/duc24kdl/sub-x-ray/sub_X-Ray/sub_chest/IM-0453-0001.jpeg,,sub_chest,IM-0453-0001.jpeg,ok,881x857 -> 1762x1714,2,1,1099.21,40.9438,5.232341,2.287431,0.9557,0.996,0.1568,5.3422,41.1288,5.014135,2.239226,0.9581,0.9964,0.1747,0.1747,0.1747,5.3418,90.2799,68.1991,90.2799,68.1991,0.3781,41.1288,0.9581,5.014135,2.239226,0.185,0.0004,-0.0179,0.0004
/kaggle/input/datasets/duc24kdl/sub-x-ray/sub_X-Ray/sub_chest/IM-0455-0001.jpeg,,sub_chest,IM-0455-0001.jpeg,ok,682x574 -> 1364x1148,2,1,557.54,38.4322,9.329479,3.05442,0.9237,0.9934,0.2076,6.0035,38.6643,8.84401,2.973888,0.9272,0.9939,0.2296,0.2296,0.2296,5.9294,134.736,56.8452,134.736,56.8452,0.3414,38.6643,0.9272,8.84401,2.973888,0.2321,0.0005,-0.0219,0.0741
/kaggle/input/datasets/duc24kdl/sub-x-ray/sub_X-Ray/sub_chest/IM-0456-0001.jpeg,,sub_chest,IM-0456-0001.jpeg,ok,906x846 -> 1812x1692,2,1,1104.91,39.6546,7.040847,2.653459,0.9291,0.9937,0.2197,6.1941,39.8195,6.778378,2.603532,0.9323,0.9942,0.2417,0.2417,0.2417,6.1589,113.7643,52.8706,113.7643,52.8706,0.3388,39.8195,0.9323,6.778378,2.603532,0.165,0.0005,-0.022,0.0352
/kaggle/input/datasets/duc24kdl/sub-x-ray/sub_X-Ray/sub_chest/IM-0457-0001.jpeg,,sub_chest,IM-0457-0001.jpeg,ok,1045x892 -> 2090x1784,2,1,1353.37,40.4106,5.915847,2.432251,0.946,0.9951,0.1822,6.0991,40.6698,5.573192,2.360761,0.9489,0.9955,0.202,0.202,0.202,6.1131,126.1429,65.8801,126.1429,65.8801,0.3491,40.6698,0.9489,5.573192,2.360761,0.2591,0.0004,-0.0198,-0.014
/kaggle/input/datasets/duc24kdl/sub-x-ray/sub_X-Ray/sub_chest/IM-0458-0001.jpeg,,sub_chest,IM-0458-0001.jpeg,ok,613x477 -> 1226x954,2,1,420.55,39.333,7.581924,2.753529,0.9424,0.9949,0.1898,6.2649,39.5706,7.178359,2.679246,0.9453,0.9953,0.2092,0.2092,0.2092,6.196,123.5457,59.5792,123.5457,59.5792,0.3704,39.5706,0.9453,7.178359,2.679246,0.2375,0.0004,-0.0193,0.0689
/kaggle/input/datasets/duc24kdl/sub-x-ray/sub_X-Ray/sub_chest/IM-0459-0001.jpeg,,sub_chest,IM-0459-0001.jpeg,ok,1169x985 -> 2338x1970,2,1,1693.71,40.7181,5.511469,2.347652,0.9448,0.9949,0.1777,6.1301,40.9078,5.275964,2.296947,0.9478,0.9954,0.1982,0.1982,0.1982,6.122,136.1318,64.2445,136.1318,64.2445,0.3574,40.9078,0.9478,5.275964,2.296947,0.1897,0.0005,-0.0205,0.0081
/kaggle/input/datasets/duc24kdl/sub-x-ray/sub_X-Ray/sub_chest/IM-0460-0001.jpeg,,sub_chest,IM-0460-0001.jpeg,ok,827x629 -> 1654x1258,2,1,762.86,39.9485,6.58005,2.565161,0.9446,0.995,0.1874,6.2205,40.1779,6.24156,2.498311,0.9475,0.9954,0.2075,0.2075,0.2075,6.1965,123.7192,58.7843,123.7192,58.7843,0.3591,40.1779,0.9475,6.24156,2.498311,0.2294,0.0004,-0.0201,0.024
/kaggle/input/datasets/duc24kdl/sub-x-ray/sub_X-Ray/sub_chest/IM-0461-0001.jpeg,,sub_chest,IM-0461-0001.jpeg,ok,852x670 -> 1704x1340,2,1,754.6,40.0086,6.489656,2.54748,0.9461,0.9951,0.1714,5.5333,40.2346,6.160526,2.482041,0.9489,0.9956,0.1898,0.1898,0.1898,5.532,118.5334,65.2511,118.5334,65.2511,0.3736,40.2346,0.9489,6.160526,2.482041,0.226,0.0004,-0.0184,0.0013
/kaggle/input/datasets/duc24kdl/sub-x-ray/sub_X-Ray/sub_chest/IM-0463-0001.jpeg,,sub_chest,IM-0463-0001.jpeg,ok,902x879 -> 1804x1758,2,1,1138.53,40.3488,6.000665,2.449626,0.9387,0.9945,0.1999,6.5459,40.5282,5.757813,2.399544,0.9417,0.9949,0.2214,0.2214,0.2214,6.4691,126.6633,59.1479,126.6633,59.1479,0.3421,40.5282,0.9417,5.757813,2.399544,0.1794,0.0005,-0.0215,0.0768
/kaggle/input/datasets/duc24kdl/sub-x-ray/sub_X-Ray/sub_chest/IM-0464-0001.jpeg,,sub_chest,IM-0464-0001.jpeg,ok,885x676 -> 1770x1352,2,1,857.76,39.9205,6.622612,2.573444,0.9474,0.9954,0.1693,5.2777,40.176,6.244217,2.498843,0.95,0.9957,0.186,0.186,0.186,5.3325,111.2901,70.7625,111.2901,70.7625,0.3512,40.176,0.95,6.244217,2.498843,0.2555,0.0004,-0.0167,-0.0549
/kaggle/input/datasets/duc24kdl/sub-x-ray/sub_X-Ray/sub_chest/IM-0465-0001.jpeg,,sub_chest,IM-0465-0001.jpeg,ok,875x667 -> 1750x1334,2,1,851.79,40.2543,6.132711,2.476431,0.9436,0.9949,0.1863,5.9039,40.4035,5.925525,2.43424,0.9464,0.9954,0.2055,0.2055,0.2055,5.8762,124.8286,64.678,124.8286,64.678,0.3547,40.4035,0.9464,5.925525,2.43424,0.1493,0.0004,-0.0192,0.0277
/kaggle/input/datasets/duc24kdl/sub-x-ray/sub_X-Ray/sub_chest/IM-0466-0001.jpeg,,sub_chest,IM-0466-0001.jpeg,ok,800x632 -> 1600x1264,2,1,685.31,38.8813,8.413019,2.90052,0.9257,0.9935,0.2152,6.058,39.0704,8.054525,2.83805,0.9291,0.994,0.2376,0.2376,0.2376,5.9981,128.513,52.3411,128.513,52.3411,0.348,39.0704,0.9291,8.054525,2.83805,0.1891,0.0005,-0.0224,0.0599
/kaggle/input/datasets/duc24kdl/sub-x-ray/sub_X-Ray/sub_chest/IM-0467-0001-0001.jpeg,,sub_chest,IM-0467-0001-0001.jpeg,ok,956x869 -> 1912x1738,2,1,1121.29,41.1342,5.007935,2.237842,0.9589,0.9962,0.1589,6.109,41.4259,4.682598,2.163931,0.9613,0.9966,0.178,0.178,0.178,6.099,105.1445,69.1341,105.1445,69.1341,0.3605,41.4259,0.9613,4.682598,2.163931,0.2917,0.0004,-0.0191,0.0101
/kaggle/input/datasets/duc24kdl/sub-x-ray/sub_X-Ray/sub_chest/IM-0467-0001-0002.jpeg,,sub_chest,IM-0467-0001-0002.jpeg,ok,817x686 -> 1634x1372,2,1,821.24,38.5332,9.115141,3.019129,0.9182,0.993,0.2069,5.6194,38.6845,8.803001,2.966985,0.9215,0.9935,0.227,0.227,0.227,5.5884,124.7552,68.227,124.7552,68.227,0.3295,38.6845,0.9215,8.803001,2.966985,0.1513,0.0005,-0.0201,0.031
/kaggle/input/datasets/duc24kdl/sub-x-ray/sub_X-Ray/sub_chest/IM-0467-0001.jpeg,,sub_chest,IM-0467-0001.jpeg,ok,1057x933 -> 2114x1866,2,1,1423.89,41.3132,4.805701,2.192191,0.9557,0.9959,0.1622,5.5473,41.5274,4.574429,2.138791,0.9582,0.9963,0.181,0.181,0.181,5.5867,106.9028,68.2362,106.9028,68.2362,0.3648,41.5274,0.9582,4.574429,2.138791,0.2142,0.0004,-0.0188,-0.0393
/kaggle/input/datasets/duc24kdl/sub-x-ray/sub_X-Ray/sub_chest/IM-0469-0001.jpeg,,sub_chest,IM-0469-0001.jpeg,ok,974x788 -> 1948x1576,2,1,1085.43,39.9945,6.510739,2.551615,0.9423,0.9948,0.1887,5.9937,40.2583,6.12704,2.475286,0.9452,0.9952,0.2095,0.2095,0.2095,6.0237,130.2293,62.1936,130.2293,62.1936,0.3461,40.2583,0.9452,6.12704,2.475286,0.2638,0.0004,-0.0208,-0.03
/kaggle/input/datasets/duc24kdl/sub-x-ray/sub_X-Ray/sub_chest/IM-0471-0001.jpeg,,sub_chest,IM-0471-0001.jpeg,ok,1040x890 -> 2080x1780,2,1,1258.52,41.2641,4.860382,2.204627,0.9544,0.9958,0.1749,6.7757,41.4585,4.647653,2.155842,0.9571,0.9962,0.1954,0.1954,0.1954,6.4978,139.2985,59.4258,139.2985,59.4258,0.3596,41.4585,0.9571,4.647653,2.155842,0.1944,0.0004,-0.0205,0.2779
/kaggle/input/datasets/duc24kdl/sub-x-ray/sub_X-Ray/sub_chest/IM-0472-0001.jpeg,,sub_chest,IM-0472-0001.jpeg,ok,808x659 -> 1616x1318,2,1,724.71,39.0863,8.025186,2.832876,0.9351,0.9942,0.2083,6.3173,39.2803,7.67453,2.770294,0.9383,0.9947,0.2297,0.2297,0.2297,6.1674,145.0557,51.4782,145.0557,51.4782,0.3732,39.2803,0.9383,7.67453,2.770294,0.194,0.0005,-0.0214,0.1499
/kaggle/input/datasets/duc24kdl/sub-x-ray/sub_X-Ray/sub_chest/IM-0473-0001.jpeg,,sub_chest,IM-0473-0001.jpeg,ok,779x589 -> 1558x1178,2,1,667.4,39.7431,6.898782,2.626553,0.943,0.9949,0.1889,6.1722,39.9029,6.649482,2.578659,0.9459,0.9953,0.2085,0.2085,0.2085,6.0241,132.0125,61.4028,132.0125,61.4028,0.37,39.9029,0.9459,6.649482,2.578659,0.1598,0.0004,-0.0195,0.1481
/kaggle/input/datasets/duc24kdl/sub-x-ray/sub_X-Ray/sub_chest/IM-0474-0001.jpeg,,sub_chest,IM-0474-0001.jpeg,ok,736x506 -> 1472x1012,2,1,492.3,38.0596,10.165294,3.188306,0.9189,0.993,0.203,5.4887,38.2418,9.74762,3.122118,0.9224,0.9935,0.2233,0.2233,0.2233,5.4789,132.8882,67.0082,132.8882,67.0082,0.3502,38.2418,0.9224,9.74762,3.122118,0.1822,0.0005,-0.0203,0.0098
/kaggle/input/datasets/duc24kdl/sub-x-ray/sub_X-Ray/sub_chest/IM-0475-0001.jpeg,,sub_chest,IM-0475-0001.jpeg,ok,868x672 -> 1736x1344,2,1,776.65,40.0953,6.361323,2.522166,0.9485,0.9953,0.1778,6.0489,40.3788,5.959379,2.441184,0.9513,0.9957,0.1972,0.1972,0.1972,6.0185,126.0024,61.5101,126.0024,61.5101,0.3616,40.3788,0.9513,5.959379,2.441184,0.2835,0.0004,-0.0194,0.0303
/kaggle/input/datasets/duc24kdl/sub-x-ray/sub_X-Ray/sub_chest/IM-0476-0001.jpeg,,sub_chest,IM-0476-0001.jpeg,ok,779x524 -> 1558x1048,2,1,584.2,39.7497,6.888227,2.624543,0.9451,0.9951,0.1776,5.7752,39.9181,6.626265,2.574153,0.9479,0.9955,0.1966,0.1966,0.1966,5.7919,126.0382,65.3278,126.0382,65.3278,0.3738,39.9181,0.9479,6.626265,2.574153,0.1684,0.0004,-0.019,-0.0168
/kaggle/input/datasets/duc24kdl/sub-x-ray/sub_X-Ray/sub_chest/IM-0477-0001.jpeg,,sub_chest,IM-0477-0001.jpeg,ok,833x768 -> 1666x1536,2,1,929.18,40.8883,5.299628,2.302092,0.9513,0.9956,0.1713,6.2372,41.1239,5.019798,2.240491,0.9539,0.996,0.1905,0.1905,0.1905,6.1794,125.8083,62.8574,125.8083,62.8574,0.3553,41.1239,0.9539,5.019798,2.240491,0.2356,0.0004,-0.0192,0.0579
/kaggle/input/datasets/duc24kdl/sub-x-ray/sub_X-Ray/sub_chest/IM-0478-0001.jpeg,,sub_chest,IM-0478-0001.jpeg,ok,838x780 -> 1676x1560,2,1,927.7,39.943,6.588338,2.566776,0.9394,0.9946,0.1953,5.9379,40.1557,6.273467,2.504689,0.9423,0.995,0.215,0.215,0.215,5.8758,128.4661,59.4002,128.4661,59.4002,0.3494,40.1557,0.9423,6.273467,2.504689,0.2127,0.0004,-0.0197,0.0621
/kaggle/input/datasets/duc24kdl/sub-x-ray/sub_X-Ray/sub_chest/IM-0479-0001.jpeg,,sub_chest,IM-0479-0001.jpeg,ok,719x463 -> 1438x926,2,1,472.48,38.6511,8.870964,2.978416,0.933,0.9941,0.1856,5.7767,38.9102,8.357283,2.890897,0.936,0.9945,0.2054,0.2054,0.2054,5.6758,126.7359,69.4394,126.7359,69.4394,0.3468,38.9102,0.936,8.357283,2.890897,0.2591,0.0005,-0.0198,0.101
/kaggle/input/datasets/duc24kdl/sub-x-ray/sub_X-Ray/sub_chest/IM-0480-0001.jpeg,,sub_chest,IM-0480-0001.jpeg,ok,1109x1091 -> 2218x2182,2,1,1743.27,41.3328,4.784054,2.187248,0.956,0.9958,0.1642,5.8412,41.5418,4.559283,2.135248,0.9586,0.9962,0.1844,0.1844,0.1844,5.8018,99.0841,60.4737,99.0841,60.4737,0.381,41.5418,0.9586,4.559283,2.135248,0.209,0.0004,-0.0202,0.0394
/kaggle/input/datasets/duc24kdl/sub-x-ray/sub_X-Ray/sub_chest/IM-0481-0001.jpeg,,sub_chest,IM-0481-0001.jpeg,ok,611x485 -> 1222x970,2,1,421.49,39.7499,6.888006,2.624501,0.9436,0.9951,0.1877,6.1,39.9804,6.531938,2.555766,0.9465,0.9955,0.2072,0.2072,0.2072,6.0225,111.1485,54.4306,111.1485,54.4306,0.3597,39.9804,0.9465,6.531938,2.555766,0.2305,0.0004,-0.0195,0.0774
/kaggle/input/datasets/duc24kdl/sub-x-ray/sub_X-Ray/sub_chest/IM-0482-0001.jpeg,,sub_chest,IM-0482-0001.jpeg,ok,626x514 -> 1252x1028,2,1,454.14,39.7663,6.861922,2.619527,0.9435,0.9951,0.1902,6.2706,39.9828,6.528368,2.555067,0.9465,0.9955,0.2099,0.2099,0.2099,6.1914,117.8908,56.5379,117.8908,56.5379,0.3663,39.9828,0.9465,6.528368,2.555067,0.2164,0.0004,-0.0198,0.0791
/kaggle/input/datasets/duc24kdl/sub-x-ray/sub_X-Ray/sub_chest/IM-0483-0001.jpeg,,sub_chest,IM-0483-0001.jpeg,ok,845x583 -> 1690x1166,2,1,719.18,39.4742,7.339348,2.709123,0.9383,0.9944,0.1907,6.2441,39.7007,6.966494,2.639412,0.9414,0.9949,0.2119,0.2119,0.2119,6.2519,135.5117,58.3689,135.5117,58.3689,0.3605,39.7007,0.9414,6.966494,2.639412,0.2264,0.0005,-0.0211,-0.0077
/kaggle/input/datasets/duc24kdl/sub-x-ray/sub_X-Ray/sub_chest/IM-0484-0001.jpeg,,sub_chest,IM-0484-0001.jpeg,ok,753x560 -> 1506x1120,2,1,611.1,39.4349,7.406032,2.721402,0.9402,0.9946,0.1913,6.312,39.702,6.964287,2.638994,0.9431,0.9951,0.2113,0.2113,0.2113,6.2419,125.5806,62.1496,125.5806,62.1496,0.3564,39.702,0.9431,6.964287,2.638994,0.2671,0.0004,-0.0201,0.0701
/kaggle/input/datasets/duc24kdl/sub-x-ray/sub_X-Ray/sub_chest/IM-0485-0001.jpeg,,sub_chest,IM-0485-0001.jpeg,ok,702x529 -> 1404x1058,2,1,522.79,38.269,9.686702,3.112347,0.9188,0.993,0.2251,6.1496,38.4927,9.200477,3.033229,0.9224,0.9935,0.2471,0.2471,0.2471,6.0693,130.2726,54.624,130.2726,54.624,0.3384,38.4927,0.9224,9.200477,3.033229,0.2237,0.0005,-0.022,0.0803
/kaggle/input/datasets/duc24kdl/sub-x-ray/sub_X-Ray/sub_chest/IM-0486-0001.jpeg,,sub_chest,IM-0486-0001.jpeg,ok,904x744 -> 1808x1488,2,1,893.83,40.0971,6.358666,2.52164,0.9433,0.995,0.1787,5.8545,40.2741,6.104718,2.470773,0.9461,0.9954,0.1978,0.1978,0.1978,5.8203,121.0153,66.8306,121.0153,66.8306,0.3583,40.2741,0.9461,6.104718,2.470773,0.177,0.0004,-0.0191,0.0342
/kaggle/input/datasets/duc24kdl/sub-x-ray/sub_X-Ray/sub_chest/IM-0487-0001.jpeg,,sub_chest,IM-0487-0001.jpeg,ok,889x730 -> 1778x1460,2,1,945.33,37.3214,12.048741,3.47113,0.893,0.9911,0.2328,5.4614,37.4403,11.723249,3.423923,0.8967,0.9917,0.2546,0.2546,0.2546,5.4413,135.0832,68.4971,135.0832,68.4971,0.3046,37.4403,0.8967,11.723249,3.423923,0.1189,0.0005,-0.0218,0.0201
/kaggle/input/datasets/duc24kdl/sub-x-ray/sub_X-Ray/sub_chest/IM-0488-0001.jpeg,,sub_chest,IM-0488-0001.jpeg,ok,640x454 -> 1280x908,2,1,381.3,39.1431,7.920819,2.814395,0.9381,0.9946,0.1928,6.0659,39.3631,7.529561,2.744005,0.941,0.995,0.2122,0.2122,0.2122,5.9652,121.0842,59.907,121.0842,59.907,0.3633,39.3631,0.941,7.529561,2.744005,0.22,0.0004,-0.0193,0.1007
/kaggle/input/datasets/duc24kdl/sub-x-ray/sub_X-Ray/sub_chest/IM-0489-0001.jpeg,,sub_chest,IM-0489-0001.jpeg,ok,655x574 -> 1310x1148,2,1,543.0,39.0985,8.002615,2.828889,0.9253,0.9934,0.2068,6.2545,39.2563,7.716955,2.777941,0.9286,0.9939,0.2281,0.2281,0.2281,6.1201,144.6786,57.4892,144.6786,57.4892,0.3451,39.2563,0.9286,7.716955,2.777941,0.1579,0.0005,-0.0214,0.1344
/kaggle/input/datasets/duc24kdl/sub-x-ray/sub_X-Ray/sub_chest/IM-0490-0001.jpeg,,sub_chest,IM-0490-0001.jpeg,ok,1113x1006 -> 2226x2012,2,1,1630.81,39.7271,6.924157,2.631379,0.9357,0.9941,0.1981,6.0095,39.9637,6.557015,2.560667,0.9387,0.9946,0.219,0.219,0.219,6.0083,126.6626,57.0996,126.6626,57.0996,0.3456,39.9637,0.9387,6.557015,2.560667,0.2366,0.0005,-0.0208,0.0012
/kaggle/input/datasets/duc24kdl/sub-x-ray/sub_X-Ray/sub_chest/IM-0491-0001-0001.jpeg,,sub_chest,IM-0491-0001-0001.jpeg,ok,792x647 -> 1584x1294,2,1,687.71,39.9625,6.558862,2.561027,0.9439,0.995,0.1813,6.0194,40.1562,6.272849,2.504566,0.9467,0.9954,0.2022,0.2022,0.2022,5.9391,129.955,63.8121,129.955,63.8121,0.3621,40.1562,0.9467,6.272849,2.504566,0.1936,0.0004,-0.0209,0.0803
/kaggle/input/datasets/duc24kdl/sub-x-ray/sub_X-Ray/sub_chest/IM-0491-0001-0002.jpeg,,sub_chest,IM-0491-0001-0002.jpeg,ok,802x707 -> 1604x1414,2,1,787.25,36.3015,15.238198,3.903613,0.9427,0.9949,0.1818,5.9505,36.4823,14.616598,3.823166,0.9453,0.9953,0.2004,0.2004,0.2004,5.8418,130.0771,74.5063,130.0771,74.5063,0.3967,36.4823,0.9453,14.616598,3.823166,0.1809,0.0004,-0.0186,0.1087
/kaggle/input/datasets/duc24kdl/sub-x-ray/sub_X-Ray/sub_chest/IM-0491-0001.jpeg,,sub_chest,IM-0491-0001.jpeg,ok,1152x1043 -> 2304x2086,2,1,1615.53,40.4937,5.803755,2.409098,0.9655,0.9967,0.1564,6.5339,40.7904,5.420534,2.328204,0.9679,0.9971,0.1788,0.1788,0.1788,6.4545,105.3786,60.1197,105.3786,60.1197,0.3901,40.7904,0.9679,5.420534,2.328204,0.2967,0.0004,-0.0225,0.0794
/kaggle/input/datasets/duc24kdl/sub-x-ray/sub_X-Ray/sub_chest/IM-0492-0001.jpeg,,sub_chest,IM-0492-0001.jpeg,ok,818x734 -> 1636x1468,2,1,855.42,40.3274,6.03028,2.455663,0.9452,0.995,0.179,6.1885,40.5827,5.686062,2.384546,0.9482,0.9954,0.1983,0.1983,0.1983,6.1489,137.3906,61.2236,137.3906,61.2236,0.354,40.5827,0.9482,5.686062,2.384546,0.2553,0.0004,-0.0193,0.0396
/kaggle/input/datasets/duc24kdl/sub-x-ray/sub_X-Ray/sub_chest/IM-0493-0001.jpeg,,sub_chest,IM-0493-0001.jpeg,ok,1130x1118 -> 2260x2236,2,1,1783.73,42.0458,4.059775,2.014888,0.9592,0.9961,0.1678,6.3107,42.2595,3.864872,1.965928,0.9617,0.9965,0.189,0.189,0.189,6.2329,93.4577,55.4845,93.4577,55.4845,0.369,42.2595,0.9617,3.864872,1.965928,0.2137,0.0004,-0.0211,0.0778
/kaggle/input/datasets/duc24kdl/sub-x-ray/sub_X-Ray/sub_chest/IM-0494-0001.jpeg,,sub_chest,IM-0494-0001.jpeg,ok,846x651 -> 1692x1302,2,1,776.74,39.4304,7.413763,2.722823,0.9327,0.994,0.1995,6.1543,39.6391,7.065962,2.658188,0.9358,0.9944,0.221,0.221,0.221,6.0491,143.5815,58.398,143.5815,58.398,0.3463,39.6391,0.9358,7.065962,2.658188,0.2087,0.0005,-0.0216,0.1052
/kaggle/input/datasets/duc24kdl/sub-x-ray/sub_X-Ray/sub_chest/IM-0495-0001.jpeg,,sub_chest,IM-0495-0001.jpeg,ok,1032x875 -> 2064x1750,2,1,1193.32,40.5632,5.711691,2.389914,0.9473,0.9952,0.1768,5.611,40.7472,5.474661,2.339799,0.9501,0.9957,0.1953,0.1953,0.1953,5.6627,122.1374,68.0993,122.1374,68.0993,0.3625,40.7472,0.9501,5.474661,2.339799,0.1841,0.0004,-0.0185,-0.0517
/kaggle/input/datasets/duc24kdl/sub-x-ray/sub_X-Ray/sub_chest/IM-0496-0001.jpeg,,sub_chest,IM-0496-0001.jpeg,ok,912x713 -> 1824x1426,2,1,877.81,39.6621,7.028697,2.651169,0.9332,0.9939,0.2001,6.4563,39.8185,6.780047,2.603852,0.9364,0.9944,0.2215,0.2215,0.2215,6.4158,150.1905,53.6536,150.1905,53.6536,0.3552,39.8185,0.9364,6.780047,2.603852,0.1564,0.0005,-0.0213,0.0405
/kaggle/input/datasets/duc24kdl/sub-x-ray/sub_X-Ray/sub_chest/IM-0497-0001-0001.jpeg,,sub_chest,IM-0497-0001-0001.jpeg,ok,642x506 -> 1284x1012,2,1,453.14,39.2072,7.804855,2.793717,0.9416,0.9948,0.1859,6.083,39.4112,7.446582,2.728843,0.9445,0.9953,0.2055,0.2055,0.2055,5.966,131.0445,56.9191,131.0445,56.9191,0.3672,39.4112,0.9445,7.446582,2.728843,0.2041,0.0004,-0.0196,0.117
/kaggle/input/datasets/duc24kdl/sub-x-ray/sub_X-Ray/sub_chest/IM-0497-0001-0002.jpeg,,sub_chest,IM-0497-0001-0002.jpeg,ok,966x780 -> 1932x1560,2,1,1069.48,40.4202,5.902813,2.429571,0.9458,0.9951,0.186,5.9541,40.5918,5.674143,2.382046,0.9487,0.9955,0.2066,0.2066,0.2066,5.965,118.5648,60.1217,118.5648,60.1217,0.3626,40.5918,0.9487,5.674143,2.382046,0.1716,0.0004,-0.0206,-0.0109
/kaggle/input/datasets/duc24kdl/sub-x-ray/sub_X-Ray/sub_chest/IM-0497-0001.jpeg,,sub_chest,IM-0497-0001.jpeg,ok,669x597 -> 1338x1194,2,1,577.96,39.5695,7.180067,2.679565,0.9402,0.9947,0.1978,6.5046,39.7535,6.882279,2.62341,0.9432,0.9951,0.219,0.219,0.219,6.3479,131.2243,54.9986,131.2243,54.9986,0.3741,39.7535,0.9432,6.882279,2.62341,0.184,0.0004,-0.0211,0.1566
/kaggle/input/datasets/duc24kdl/sub-x-ray/sub_X-Ray/sub_chest/IM-0499-0001-0001.jpeg,,sub_chest,IM-0499-0001-0001.jpeg,ok,791x528 -> 1582x1056,2,1,594.63,39.289,7.65921,2.767528,0.9395,0.9946,0.1881,5.7136,39.5098,7.27954,2.698062,0.9425,0.9951,0.2077,0.2077,0.2077,5.6769,117.2839,62.7957,117.2839,62.7957,0.3572,39.5098,0.9425,7.27954,2.698062,0.2208,0.0004,-0.0196,0.0367
/kaggle/input/datasets/duc24kdl/sub-x-ray/sub_X-Ray/sub_chest/IM-0499-0001-0002.jpeg,,sub_chest,IM-0499-0001-0002.jpeg,ok,723x695 -> 1446x1390,2,1,738.57,39.8102,6.792966,2.606332,0.9462,0.9952,0.1852,6.2073,40.0866,6.374133,2.524704,0.9492,0.9956,0.2051,0.2051,0.2051,6.0627,126.4233,59.7877,126.4233,59.7877,0.3678,40.0866,0.9492,6.374133,2.524704,0.2764,0.0004,-0.0198,0.1447
/kaggle/input/datasets/duc24kdl/sub-x-ray/sub_X-Ray/sub_chest/IM-0499-0001.jpeg,,sub_chest,IM-0499-0001.jpeg,ok,837x746 -> 1674x1492,2,1,917.32,40.4317,5.887228,2.426361,0.9431,0.9948,0.1905,6.706,40.6704,5.572373,2.360587,0.946,0.9953,0.2125,0.2125,0.2125,6.6847,132.5018,58.3812,132.5018,58.3812,0.3408,40.6704,0.946,5.572373,2.360587,0.2387,0.0004,-0.022,0.0213
/kaggle/input/datasets/duc24kdl/sub-x-ray/sub_X-Ray/sub_chest/IM-0500-0001.jpeg,,sub_chest,IM-0500-0001.jpeg,ok,700x619 -> 1400x1238,2,1,577.55,40.9721,5.19839,2.279998,0.9587,0.9962,0.1575,6.338,41.1628,4.975065,2.230485,0.9613,0.9966,0.1752,0.1752,0.1752,6.2816,127.3241,69.6073,127.3241,69.6073,0.3873,41.1628,0.9613,4.975065,2.230485,0.1907,0.0004,-0.0177,0.0564
/kaggle/input/datasets/duc24kdl/sub-x-ray/sub_X-Ray/sub_chest/IM-0501-0001-0001.jpeg,,sub_chest,IM-0501-0001-0001.jpeg,ok,682x525 -> 1364x1050,2,1,497.63,39.167,7.877339,2.80666,0.9409,0.9948,0.1824,5.7064,39.4321,7.41096,2.722308,0.9438,0.9953,0.2013,0.2013,0.2013,5.6675,123.4739,64.5487,123.4739,64.5487,0.3563,39.4321,0.9438,7.41096,2.722308,0.2651,0.0004,-0.0189,0.0389
/kaggle/input/datasets/duc24kdl/sub-x-ray/sub_X-Ray/sub_chest/IM-0501-0001-0002.jpeg,,sub_chest,IM-0501-0001-0002.jpeg,ok,781x529 -> 1562x1058,2,1,598.55,40.0053,6.494542,2.548439,0.9522,0.9956,0.187,6.4384,40.2707,6.109497,2.47174,0.9549,0.996,0.2067,0.2067,0.2067,6.3478,100.326,48.0443,100.326,48.0443,0.3705,40.2707,0.9549,6.109497,2.47174,0.2654,0.0004,-0.0197,0.0905
/kaggle/input/datasets/duc24kdl/sub-x-ray/sub_X-Ray/sub_chest/IM-0501-0001.jpeg,,sub_chest,IM-0501-0001.jpeg,ok,935x952 -> 1870x1904,2,1,1288.9,40.9902,5.17674,2.275245,0.9491,0.9953,0.1863,6.0792,41.2661,4.858183,2.204129,0.9518,0.9958,0.2057,0.2057,0.2057,6.0358,122.4906,58.3091,122.4906,58.3091,0.3408,41.2661,0.9518,4.858183,2.204129,0.2758,0.0004,-0.0194,0.0434
/kaggle/input/datasets/duc24kdl/sub-x-ray/sub_X-Ray/sub_chest/IM-0502-0001.jpeg,,sub_chest,IM-0502-0001.jpeg,ok,1078x968 -> 2156x1936,2,1,1475.76,39.7784,6.842936,2.615901,0.9275,0.9935,0.2015,6.2758,39.9797,6.53292,2.555958,0.9306,0.994,0.2201,0.2201,0.2201,6.2149,159.5971,64.8331,159.5971,64.8331,0.3202,39.9797,0.9306,6.53292,2.555958,0.2014,0.0005,-0.0186,0.0609
/kaggle/input/datasets/duc24kdl/sub-x-ray/sub_X-Ray/sub_chest/IM-0503-0001.jpeg,,sub_chest,IM-0503-0001.jpeg,ok,752x585 -> 1504x1170,2,1,583.41,38.6444,8.884651,2.980713,0.9272,0.9936,0.202,5.829,38.8878,8.400499,2.898361,0.9305,0.9941,0.223,0.223,0.223,5.7352,122.8024,60.4311,122.8024,60.4311,0.3441,38.8878,0.9305,8.400499,2.898361,0.2434,0.0005,-0.0209,0.0938
/kaggle/input/datasets/duc24kdl/sub-x-ray/sub_X-Ray/sub_chest/IM-0504-0001.jpeg,,sub_chest,IM-0504-0001.jpeg,ok,777x724 -> 1554x1448,2,1,808.42,40.807,5.399803,2.323748,0.9515,0.9957,0.1695,5.7404,41.0131,5.149605,2.269274,0.954,0.9961,0.1875,0.1875,0.1875,5.7245,110.9708,68.1127,110.9708,68.1127,0.3604,41.0131,0.954,5.149605,2.269274,0.206,0.0004,-0.0179,0.0159
/kaggle/input/datasets/duc24kdl/sub-x-ray/sub_X-Ray/sub_chest/IM-0505-0001-0001.jpeg,,sub_chest,IM-0505-0001-0001.jpeg,ok,700x610 -> 1400x1220,2,1,567.93,39.1087,7.983803,2.825562,0.9379,0.9945,0.1928,6.1858,39.3626,7.530422,2.744161,0.9409,0.995,0.2119,0.2119,0.2119,6.0641,132.3508,62.1503,132.3508,62.1503,0.3573,39.3626,0.9409,7.530422,2.744161,0.2539,0.0004,-0.0191,0.1216
/kaggle/input/datasets/duc24kdl/sub-x-ray/sub_X-Ray/sub_chest/IM-0505-0001-0002.jpeg,,sub_chest,IM-0505-0001-0002.jpeg,ok,657x585 -> 1314x1170,2,1,559.15,40.6789,5.561481,2.358279,0.9592,0.9962,0.1683,6.8082,40.9852,5.182713,2.276557,0.9618,0.9966,0.188,0.188,0.188,6.6679,103.9701,51.8524,103.9701,51.8524,0.3765,40.9852,0.9618,5.182713,2.276557,0.3063,0.0004,-0.0197,0.1403
/kaggle/input/datasets/duc24kdl/sub-x-ray/sub_X-Ray/sub_chest/IM-0505-0001.jpeg,,sub_chest,IM-0505-0001.jpeg,ok,848x665 -> 1696x1330,2,1,752.62,39.8388,6.748324,2.597754,0.9409,0.9947,0.1914,6.1098,40.0561,6.419026,2.53358,0.9439,0.9951,0.2113,0.2113,0.2113,6.1046,132.4168,61.2885,132.4168,61.2885,0.3537,40.0561,0.9439,6.419026,2.53358,0.2173,0.0004,-0.0199,0.0052
/kaggle/input/datasets/duc24kdl/sub-x-ray/sub_X-Ray/sub_chest/IM-0506-0001.jpeg,,sub_chest,IM-0506-0001.jpeg,ok,850x684 -> 1700x1368,2,1,827.53,39.7257,6.92651,2.631826,0.9372,0.9945,0.1965,6.1196,39.93,6.608089,2.57062,0.9404,0.9949,0.2183,0.2183,0.2183,6.067,122.1399,59.1457,122.1399,59.1457,0.3542,39.93,0.9404,6.608089,2.57062,0.2044,0.0005,-0.0218,0.0526
/kaggle/input/datasets/duc24kdl/sub-x-ray/sub_X-Ray/sub_chest/IM-0507-0001.jpeg,,sub_chest,IM-0507-0001.jpeg,ok,876x692 -> 1752x1384,2,1,800.36,40.2213,6.179416,2.485843,0.9529,0.9958,0.17,5.7596,40.5035,5.790624,2.406372,0.9556,0.9962,0.1886,0.1886,0.1886,5.7536,112.6623,63.8064,112.6623,63.8064,0.3656,40.5035,0.9556,5.790624,2.406372,0.2822,0.0004,-0.0187,0.0061
/kaggle/input/datasets/duc24kdl/sub-x-ray/sub_X-Ray/sub_chest/IM-0508-0001.jpeg,,sub_chest,IM-0508-0001.jpeg,ok,968x834 -> 1936x1668,2,1,1080.14,40.513,5.778081,2.403764,0.9515,0.9956,0.1665,5.7663,40.7981,5.410883,2.32613,0.9542,0.996,0.1861,0.1861,0.1861,5.8342,115.4603,66.7635,115.4603,66.7635,0.3621,40.7981,0.9542,5.410883,2.32613,0.2852,0.0004,-0.0196,-0.0679
/kaggle/input/datasets/duc24kdl/sub-x-ray/sub_X-Ray/sub_chest/IM-0509-0001-0001.jpeg,,sub_chest,IM-0509-0001-0001.jpeg,ok,717x562 -> 1434x1124,2,1,577.99,39.7594,6.872831,2.621608,0.9427,0.9949,0.1722,6.0046,39.9222,6.619961,2.572928,0.9456,0.9953,0.1914,0.1914,0.1914,5.9516,129.0501,66.2466,129.0501,66.2466,0.3705,39.9222,0.9456,6.619961,2.572928,0.1628,0.0004,-0.0192,0.053
/kaggle/input/datasets/duc24kdl/sub-x-ray/sub_X-Ray/sub_chest/IM-0509-0001-0002.jpeg,,sub_chest,IM-0509-0001-0002.jpeg,ok,653x460 -> 1306x920,2,1,428.11,38.9594,8.263099,2.874561,0.9264,0.9936,0.1994,5.9954,39.1005,7.998817,2.828218,0.9297,0.9941,0.22,0.22,0.22,5.9253,140.1029,60.3773,140.1029,60.3773,0.3546,39.1005,0.9297,7.998817,2.828218,0.1412,0.0005,-0.0206,0.0702
/kaggle/input/datasets/duc24kdl/sub-x-ray/sub_X-Ray/sub_chest/IM-0509-0001.jpeg,,sub_chest,IM-0509-0001.jpeg,ok,624x522 -> 1248x1044,2,1,428.52,37.2532,12.239452,3.498493,0.9059,0.9921,0.2145,5.2893,37.425,11.764617,3.429959,0.9097,0.9926,0.2344,0.2344,0.2344,5.3032,126.1552,69.4055,126.1552,69.4055,0.3351,37.425,0.9097,11.764617,3.429959,0.1718,0.0005,-0.0198,-0.0138
/kaggle/input/datasets/duc24kdl/sub-x-ray/sub_X-Ray/sub_chest/IM-0510-0001.jpeg,,sub_chest,IM-0510-0001.jpeg,ok,808x573 -> 1616x1146,2,1,603.85,39.663,7.02713,2.650873,0.9431,0.9949,0.1736,5.7406,39.868,6.703196,2.589053,0.9459,0.9953,0.1916,0.1916,0.1916,5.7042,120.5391,71.0483,120.5391,71.0483,0.3614,39.868,0.9459,6.703196,2.589053,0.205,0.0004,-0.018,0.0365
/kaggle/input/datasets/duc24kdl/sub-x-ray/sub_X-Ray/sub_chest/IM-0511-0001-0001.jpeg,,sub_chest,IM-0511-0001-0001.jpeg,ok,651x593 -> 1302x1186,2,1,559.92,39.655,7.040123,2.653323,0.9343,0.9941,0.214,6.5919,39.8268,6.767126,2.60137,0.9374,0.9946,0.2353,0.2353,0.2353,6.4929,120.2276,51.535,120.2276,51.535,0.3497,39.8268,0.9374,6.767126,2.60137,0.1718,0.0005,-0.0213,0.0991
/kaggle/input/datasets/duc24kdl/sub-x-ray/sub_X-Ray/sub_chest/IM-0511-0001-0002.jpeg,,sub_chest,IM-0511-0001-0002.jpeg,ok,935x747 -> 1870x1494,2,1,1017.18,40.8442,5.353739,2.313815,0.9533,0.9957,0.1732,6.0947,41.1069,5.039549,2.244894,0.956,0.9961,0.1937,0.1937,0.1937,6.0352,112.6267,60.0715,112.6267,60.0715,0.3634,41.1069,0.956,5.039549,2.244894,0.2627,0.0004,-0.0205,0.0595
/kaggle/input/datasets/duc24kdl/sub-x-ray/sub_X-Ray/sub_chest/IM-0511-0001.jpeg,,sub_chest,IM-0511-0001.jpeg,ok,1030x919 -> 2060x1838,2,1,1316.25,40.8925,5.294625,2.301005,0.9497,0.9954,0.1727,5.7611,41.0813,5.069279,2.251506,0.9523,0.9958,0.1919,0.1919,0.1919,5.7717,119.9376,67.7912,119.9376,67.7912,0.3614,41.0813,0.9523,5.069279,2.251506,0.1889,0.0004,-0.0192,-0.0106
/kaggle/input/datasets/duc24kdl/sub-x-ray/sub_X-Ray/sub_chest/IM-0512-0001.jpeg,,sub_chest,IM-0512-0001.jpeg,ok,779x639 -> 1558x1278,2,1,725.53,37.2674,12.199502,3.492779,0.8984,0.9913,0.2181,5.4994,37.4032,11.823924,3.438593,0.9023,0.9918,0.2395,0.2395,0.2395,5.5192,130.9621,68.2905,130.9621,68.2905,0.3307,37.4032,0.9023,11.823924,3.438593,0.1358,0.0006,-0.0214,-0.0198
/kaggle/input/datasets/duc24kdl/sub-x-ray/sub_X-Ray/sub_chest/IM-0513-0001.jpeg,,sub_chest,IM-0513-0001.jpeg,ok,746x512 -> 1492x1024,2,1,529.38,39.7095,6.952399,2.63674,0.9473,0.9953,0.1783,5.872,39.9305,6.607385,2.570483,0.95,0.9957,0.1978,0.1978,0.1978,5.7575,112.4149,62.0577,112.4149,62.0577,0.3684,39.9305,0.95,6.607385,2.570483,0.2211,0.0004,-0.0194,0.1145
/kaggle/input/datasets/duc24kdl/sub-x-ray/sub_X-Ray/sub_chest/IM-0514-0001.jpeg,,sub_chest,IM-0514-0001.jpeg,ok,933x651 -> 1866x1302,2,1,867.88,39.6203,7.09655,2.663935,0.9418,0.9948,0.1737,5.3995,39.8815,6.682368,2.585028,0.9446,0.9952,0.1914,0.1914,0.1914,5.4677,119.7942,72.0765,119.7942,72.0765,0.3481,39.8815,0.9446,6.682368,2.585028,0.2612,0.0004,-0.0178,-0.0681
/kaggle/input/datasets/duc24kdl/sub-x-ray/sub_X-Ray/sub_chest/IM-0515-0001.jpeg,,sub_chest,IM-0515-0001.jpeg,ok,822x583 -> 1644x1166,2,1,671.73,39.7522,6.884235,2.623782,0.9459,0.9951,0.1841,5.693,39.9765,6.537811,2.556914,0.9487,0.9956,0.2039,0.2039,0.2039,5.6829,102.8716,60.1723,102.8716,60.1723,0.3685,39.9765,0.9487,6.537811,2.556914,0.2242,0.0004,-0.0198,0.0101
/kaggle/input/datasets/duc24kdl/sub-x-ray/sub_X-Ray/sub_chest/IM-0516-0001.jpeg,,sub_chest,IM-0516-0001.jpeg,ok,748x490 -> 1496x980,2,1,474.39,38.0951,10.082564,3.175305,0.9247,0.9936,0.1873,5.0136,38.275,9.673427,3.110213,0.9278,0.9941,0.2058,0.2058,0.2058,5.0174,106.592,71.3483,106.592,71.3483,0.3466,38.275,0.9278,9.673427,3.110213,0.1799,0.0004,-0.0185,-0.0038
/kaggle/input/datasets/duc24kdl/sub-x-ray/sub_X-Ray/sub_chest/IM-0517-0001-0001.jpeg,,sub_chest,IM-0517-0001-0001.jpeg,ok,1051x827 -> 2102x1654,2,1,1256.57,40.1114,6.337883,2.517515,0.9439,0.9949,0.1861,6.1248,40.3651,5.978201,2.445036,0.9467,0.9953,0.2062,0.2062,0.2062,6.0851,138.8637,61.2476,138.8637,61.2476,0.3509,40.3651,0.9467,5.978201,2.445036,0.2537,0.0004,-0.0201,0.0397
/kaggle/input/datasets/duc24kdl/sub-x-ray/sub_X-Ray/sub_chest/IM-0517-0001.jpeg,,sub_chest,IM-0517-0001.jpeg,ok,1422x1033 -> 2844x2066,2,1,2079.74,38.344,9.520983,3.085609,0.9041,0.9918,0.2284,5.5217,38.4838,9.219341,3.036337,0.9075,0.9923,0.2508,0.2508,0.2508,5.4777,120.5935,64.1635,120.5935,64.1635,0.2989,38.4838,0.9075,9.219341,3.036337,0.1398,0.0005,-0.0224,0.044
/kaggle/input/datasets/duc24kdl/sub-x-ray/sub_X-Ray/sub_chest/IM-0519-0001-0001.jpeg,,sub_chest,IM-0519-0001-0001.jpeg,ok,871x661 -> 1742x1322,2,1,840.16,40.0079,6.490647,2.547675,0.946,0.9951,0.1927,6.2642,40.2902,6.082148,2.466201,0.9489,0.9956,0.214,0.214,0.214,6.1714,127.8929,54.5902,127.8929,54.5902,0.349,40.2902,0.9489,6.082148,2.466201,0.2823,0.0004,-0.0212,0.0928
/kaggle/input/datasets/duc24kdl/sub-x-ray/sub_X-Ray/sub_chest/IM-0519-0001-0002.jpeg,,sub_chest,IM-0519-0001-0002.jpeg,ok,1007x788 -> 2014x1576,2,1,1130.77,40.8533,5.342512,2.311387,0.9535,0.9958,0.1686,5.9417,41.0981,5.049784,2.247172,0.956,0.9962,0.1866,0.1866,0.1866,5.8516,113.7862,67.9003,113.7862,67.9003,0.3546,41.0981,0.956,5.049784,2.247172,0.2447,0.0004,-0.018,0.0901
/kaggle/input/datasets/duc24kdl/sub-x-ray/sub_X-Ray/sub_chest/IM-0519-0001.jpeg,,sub_chest,IM-0519-0001.jpeg,ok,911x852 -> 1822x1704,2,1,1126.16,40.6645,5.579972,2.362196,0.949,0.9953,0.1771,6.2051,40.947,5.22848,2.286587,0.9518,0.9958,0.197,0.197,0.197,6.1199,131.3673,64.0582,131.3673,64.0582,0.3434,40.947,0.9518,5.22848,2.286587,0.2826,0.0004,-0.0199,0.0852
/kaggle/input/datasets/duc24kdl/sub-x-ray/sub_X-Ray/sub_chest/IM-0520-0001.jpeg,,sub_chest,IM-0520-0001.jpeg,ok,821x772 -> 1642x1544,2,1,912.46,40.6306,5.623741,2.371443,0.9539,0.9958,0.1667,5.852,40.8788,5.311304,2.304627,0.9565,0.9962,0.186,0.186,0.186,5.7931,107.394,64.7294,107.394,64.7294,0.3712,40.8788,0.9565,5.311304,2.304627,0.2482,0.0004,-0.0193,0.0589
/kaggle/input/datasets/duc24kdl/sub-x-ray/sub_X-Ray/sub_chest/IM-0521-0001.jpeg,,sub_chest,IM-0521-0001.jpeg,ok,1445x1267 -> 2890x2534,2,1,2744.24,41.0429,5.114338,2.26149,0.9445,0.9947,0.1908,6.2913,41.2754,4.847779,2.201767,0.9475,0.9952,0.2123,0.2123,0.2123,6.3134,135.4168,58.6857,135.4168,58.6857,0.3468,41.2754,0.9475,4.847779,2.201767,0.2325,0.0005,-0.0215,-0.0221
/kaggle/input/datasets/duc24kdl/sub-x-ray/sub_X-Ray/sub_chest/IM-0522-0001.jpeg,,sub_chest,IM-0522-0001.jpeg,ok,818x537 -> 1636x1074,2,1,610.36,39.5047,7.28798,2.699626,0.9457,0.9952,0.1666,5.2266,39.7914,6.822491,2.61199,0.9484,0.9956,0.185,0.185,0.185,5.2001,108.388,70.1247,108.388,70.1247,0.3584,39.7914,0.9484,6.822491,2.61199,0.2866,0.0004,-0.0183,0.0265
/kaggle/input/datasets/duc24kdl/sub-x-ray/sub_X-Ray/sub_chest/IM-0523-0001-0001.jpeg,,sub_chest,IM-0523-0001-0001.jpeg,ok,671x529 -> 1342x1058,2,1,510.8,38.8614,8.451721,2.907184,0.9304,0.9939,0.2036,6.2115,39.1134,7.975098,2.824022,0.9338,0.9944,0.2259,0.2259,0.2259,6.1547,125.4652,58.0987,125.4652,58.0987,0.3463,39.1134,0.9338,7.975098,2.824022,0.2521,0.0005,-0.0223,0.0568
/kaggle/input/datasets/duc24kdl/sub-x-ray/sub_X-Ray/sub_chest/IM-0523-0001-0002.jpeg,,sub_chest,IM-0523-0001-0002.jpeg,ok,881x740 -> 1762x1480,2,1,950.46,40.2916,6.08023,2.465812,0.948,0.9953,0.1836,6.2787,40.5801,5.689387,2.385244,0.9508,0.9957,0.205,0.205,0.205,6.2074,121.4162,60.2174,121.4162,60.2174,0.352,40.5801,0.9508,5.689387,2.385244,0.2885,0.0004,-0.0214,0.0712
/kaggle/input/datasets/duc24kdl/sub-x-ray/sub_X-Ray/sub_chest/IM-0523-0001-0003.jpeg,,sub_chest,IM-0523-0001-0003.jpeg,ok,814x583 -> 1628x1166,2,1,673.14,37.3319,12.019554,3.466923,0.8964,0.9911,0.2386,5.6508,37.4636,11.660475,3.414744,0.9004,0.9917,0.2623,0.2623,0.2623,5.56,130.0316,61.066,130.0316,61.066,0.3289,37.4636,0.9004,11.660475,3.414744,0.1317,0.0006,-0.0238,0.0908
/kaggle/input/datasets/duc24kdl/sub-x-ray/sub_X-Ray/sub_chest/IM-0523-0001.jpeg,,sub_chest,IM-0523-0001.jpeg,ok,746x553 -> 1492x1106,2,1,577.7,39.0354,8.119624,2.849495,0.9349,0.9943,0.1963,5.9513,39.2413,7.74366,2.782743,0.938,0.9947,0.2173,0.2173,0.2173,5.8909,141.031,61.7063,141.031,61.7063,0.3601,39.2413,0.938,7.74366,2.782743,0.2059,0.0005,-0.021,0.0604
/kaggle/input/datasets/duc24kdl/sub-x-ray/sub_X-Ray/sub_chest/IM-0524-0001.jpeg,,sub_chest,IM-0524-0001.jpeg,ok,982x805 -> 1964x1610,2,1,1109.0,39.9896,6.518087,2.553054,0.9429,0.9948,0.1885,6.1761,40.2954,6.074932,2.464738,0.9459,0.9952,0.2088,0.2088,0.2088,6.1377,140.0408,61.1222,140.0408,61.1222,0.3422,40.2954,0.9459,6.074932,2.464738,0.3058,0.0005,-0.0202,0.0384
/kaggle/input/datasets/duc24kdl/sub-x-ray/sub_X-Ray/sub_chest/IM-0525-0001-0001.jpeg,,sub_chest,IM-0525-0001-0001.jpeg,ok,634x508 -> 1268x1016,2,1,455.74,39.5396,7.229686,2.688808,0.9402,0.9947,0.2028,6.5705,39.7762,6.846401,2.616563,0.9432,0.9952,0.2232,0.2232,0.2232,6.4989,132.8329,49.4267,132.8329,49.4267,0.3541,39.7762,0.9432,6.846401,2.616563,0.2366,0.0005,-0.0204,0.0716
/kaggle/input/datasets/duc24kdl/sub-x-ray/sub_X-Ray/sub_chest/IM-0525-0001-0002.jpeg,,sub_chest,IM-0525-0001-0002.jpeg,ok,705x485 -> 1410x970,2,1,488.42,39.3229,7.599617,2.75674,0.9471,0.9953,0.1804,6.1295,39.6159,7.10386,2.665307,0.9499,0.9957,0.198,0.198,0.198,6.0966,115.5788,64.8343,115.5788,64.8343,0.3577,39.6159,0.9499,7.10386,2.665307,0.293,0.0004,-0.0175,0.0329
/kaggle/input/datasets/duc24kdl/sub-x-ray/sub_X-Ray/sub_chest/IM-0525-0001.jpeg,,sub_chest,IM-0525-0001.jpeg,ok,709x512 -> 1418x1024,2,1,520.69,40.2589,6.126128,2.475102,0.9499,0.9954,0.1821,6.5154,40.4236,5.898201,2.428621,0.9528,0.9958,0.2045,0.2045,0.2045,6.4075,116.4734,48.6378,116.4734,48.6378,0.3863,40.4236,0.9528,5.898201,2.428621,0.1647,0.0004,-0.0225,0.1079
/kaggle/input/datasets/duc24kdl/sub-x-ray/sub_X-Ray/sub_chest/IM-0526-0001.jpeg,,sub_chest,IM-0526-0001.jpeg,ok,788x697 -> 1576x1394,2,1,725.24,40.2843,6.090447,2.467883,0.9487,0.9954,0.1644,5.663,40.4795,5.822781,2.413044,0.9514,0.9958,0.1827,0.1827,0.1827,5.6689,118.4138,69.3981,118.4138,69.3981,0.3658,40.4795,0.9514,5.822781,2.413044,0.1952,0.0004,-0.0183,-0.0059
/kaggle/input/datasets/duc24kdl/sub-x-ray/sub_X-Ray/sub_chest/IM-0527-0001.jpeg,,sub_chest,IM-0527-0001.jpeg,ok,864x587 -> 1728x1174,2,1,668.32,40.0987,6.356392,2.521189,0.9505,0.9956,0.1638,5.3633,40.2729,6.106448,2.471123,0.9531,0.996,0.1825,0.1825,0.1825,5.3582,108.3147,67.6991,108.3147,67.6991,0.374,40.2729,0.9531,6.106448,2.471123,0.1742,0.0004,-0.0187,0.005
/kaggle/input/datasets/duc24kdl/sub-x-ray/sub_X-Ray/sub_chest/IM-0528-0001.jpeg,,sub_chest,IM-0528-0001.jpeg,ok,713x564 -> 1426x1128,2,1,579.15,39.7739,6.849961,2.617243,0.9439,0.995,0.1835,5.8963,39.9617,6.560131,2.561275,0.9467,0.9954,0.2026,0.2026,0.2026,5.9093,114.5266,61.6977,114.5266,61.6977,0.3704,39.9617,0.9467,6.560131,2.561275,0.1878,0.0004,-0.0191,-0.013
/kaggle/input/datasets/duc24kdl/sub-x-ray/sub_X-Ray/sub_chest/IM-0529-0001.jpeg,,sub_chest,IM-0529-0001.jpeg,ok,742x633 -> 1484x1266,2,1,665.91,39.5393,7.230231,2.688909,0.9396,0.9946,0.2029,6.2159,39.7527,6.883565,2.623655,0.9427,0.9951,0.2225,0.2225,0.2225,6.0933,121.4677,57.5792,121.4677,57.5792,0.3625,39.7527,0.9427,6.883565,2.623655,0.2134,0.0005,-0.0196,0.1226
/kaggle/input/datasets/duc24kdl/sub-x-ray/sub_X-Ray/sub_chest/IM-0530-0001.jpeg,,sub_chest,IM-0530-0001.jpeg,ok,729x564 -> 1458x1128,2,1,600.61,38.6159,8.943152,2.99051,0.9282,0.9937,0.2083,6.1167,38.8719,8.431254,2.903662,0.9315,0.9942,0.2293,0.2293,0.2293,5.9583,128.729,57.3993,128.729,57.3993,0.3438,38.8719,0.9315,8.431254,2.903662,0.256,0.0005,-0.0209,0.1585
/kaggle/input/datasets/duc24kdl/sub-x-ray/sub_X-Ray/sub_chest/IM-0531-0001-0001.jpeg,,sub_chest,IM-0531-0001-0001.jpeg,ok,941x676 -> 1882x1352,2,1,911.52,40.1356,6.302617,2.510501,0.9484,0.9954,0.171,5.7233,40.4023,5.927247,2.434594,0.951,0.9958,0.1899,0.1899,0.1899,5.7269,114.8856,67.0863,114.8856,67.0863,0.3503,40.4023,0.951,5.927247,2.434594,0.2667,0.0004,-0.0189,-0.0036
/kaggle/input/datasets/duc24kdl/sub-x-ray/sub_X-Ray/sub_chest/IM-0531-0001.jpeg,,sub_chest,IM-0531-0001.jpeg,ok,813x800 -> 1626x1600,2,1,946.74,40.4594,5.849727,2.418621,0.9448,0.995,0.1888,6.2791,40.6276,5.627626,2.372262,0.9476,0.9955,0.2091,0.2091,0.2091,6.1956,130.3781,59.6146,130.3781,59.6146,0.3571,40.6276,0.9476,5.627626,2.372262,0.1681,0.0004,-0.0203,0.0835
/kaggle/input/datasets/duc24kdl/sub-x-ray/sub_X-Ray/sub_chest/IM-0532-0001.jpeg,,sub_chest,IM-0532-0001.jpeg,ok,733x570 -> 1466x1140,2,1,598.11,39.7304,6.91898,2.630395,0.9472,0.9952,0.1729,6.066,39.9832,6.527655,2.554928,0.95,0.9957,0.1912,0.1912,0.1912,5.9732,122.5668,65.0121,122.5668,65.0121,0.3661,39.9832,0.95,6.527655,2.554928,0.2528,0.0004,-0.0183,0.0928
/kaggle/input/datasets/duc24kdl/sub-x-ray/sub_X-Ray/sub_chest/IM-0533-0001-0001.jpeg,,sub_chest,IM-0533-0001-0001.jpeg,ok,954x738 -> 1908x1476,2,1,993.74,40.3281,6.029404,2.455484,0.9482,0.9953,0.1778,6.0696,40.5938,5.67147,2.381485,0.9509,0.9957,0.1981,0.1981,0.1981,6.0154,112.866,60.2418,112.866,60.2418,0.3492,40.5938,0.9509,5.67147,2.381485,0.2658,0.0004,-0.0203,0.0541
/kaggle/input/datasets/duc24kdl/sub-x-ray/sub_X-Ray/sub_chest/IM-0533-0001-0002.jpeg,,sub_chest,IM-0533-0001-0002.jpeg,ok,878x742 -> 1756x1484,2,1,927.27,38.5772,9.023129,3.003852,0.9197,0.993,0.214,5.7727,38.7869,8.597783,2.932198,0.9232,0.9935,0.2365,0.2365,0.2365,5.7283,135.7463,62.6323,135.7463,62.6323,0.3338,38.7869,0.9232,8.597783,2.932198,0.2097,0.0005,-0.0225,0.0443
/kaggle/input/datasets/duc24kdl/sub-x-ray/sub_X-Ray/sub_chest/IM-0533-0001.jpeg,,sub_chest,IM-0533-0001.jpeg,ok,1259x1182 -> 2518x2364,2,1,2176.92,38.6552,8.862518,2.976998,0.909,0.9919,0.2303,5.8831,38.8449,8.483798,2.912696,0.9127,0.9925,0.2537,0.2537,0.2537,5.8471,130.9082,59.6551,130.9082,59.6551,0.318,38.8449,0.9127,8.483798,2.912696,0.1897,0.0006,-0.0233,0.036
/kaggle/input/datasets/duc24kdl/sub-x-ray/sub_X-Ray/sub_chest/IM-0534-0001.jpeg,,sub_chest,IM-0534-0001.jpeg,ok,812x687 -> 1624x1374,2,1,750.22,39.6529,7.043519,2.653963,0.9391,0.9945,0.1988,5.9248,39.8582,6.718314,2.591971,0.9424,0.995,0.2208,0.2208,0.2208,5.9152,105.4628,59.6985,105.4628,59.6985,0.373,39.8582,0.9424,6.718314,2.591971,0.2053,0.0005,-0.0219,0.0096
/kaggle/input/datasets/duc24kdl/sub-x-ray/sub_X-Ray/sub_chest/IM-0535-0001.jpeg,,sub_chest,IM-0535-0001.jpeg,ok,761x554 -> 1522x1108,2,1,610.23,38.0612,10.161486,3.187709,0.9183,0.993,0.2157,5.6888,38.2753,9.672843,3.11012,0.9217,0.9935,0.2351,0.2351,0.2351,5.5983,135.0161,63.7291,135.0161,63.7291,0.3365,38.2753,0.9217,9.672843,3.11012,0.214,0.0005,-0.0194,0.0905
/kaggle/input/datasets/duc24kdl/sub-x-ray/sub_X-Ray/sub_chest/IM-0536-0001.jpeg,,sub_chest,IM-0536-0001.jpeg,ok,835x672 -> 1670x1344,2,1,799.19,40.1375,6.299859,2.509952,0.947,0.9953,0.168,5.6059,40.3596,5.985745,2.446578,0.9495,0.9956,0.186,0.186,0.186,5.6006,118.5918,72.9551,118.5918,72.9551,0.3527,40.3596,0.9495,5.985745,2.446578,0.2221,0.0004,-0.018,0.0053
/kaggle/input/datasets/duc24kdl/sub-x-ray/sub_X-Ray/sub_chest/IM-0537-0001.jpeg,,sub_chest,IM-0537-0001.jpeg,ok,775x529 -> 1550x1058,2,1,590.66,39.6014,7.127621,2.669761,0.9456,0.9951,0.1822,6.1436,39.8905,6.668533,2.58235,0.9484,0.9955,0.2015,0.2015,0.2015,6.0847,134.382,62.487,134.382,62.487,0.361,39.8905,0.9484,6.668533,2.58235,0.2891,0.0004,-0.0193,0.0589
/kaggle/input/datasets/duc24kdl/sub-x-ray/sub_X-Ray/sub_chest/IM-0538-0001.jpeg,,sub_chest,IM-0538-0001.jpeg,ok,951x797 -> 1902x1594,2,1,1095.88,39.9944,6.510897,2.551646,0.95,0.9955,0.1781,6.063,40.2494,6.139661,2.477834,0.9527,0.9959,0.1981,0.1981,0.1981,5.9412,121.8861,63.8212,121.8861,63.8212,0.3726,40.2494,0.9527,6.139661,2.477834,0.255,0.0004,-0.02,0.1219
/kaggle/input/datasets/duc24kdl/sub-x-ray/sub_X-Ray/sub_chest/IM-0539-0001-0001.jpeg,,sub_chest,IM-0539-0001-0001.jpeg,ok,1055x850 -> 2110x1700,2,1,1290.91,40.4096,5.917299,2.43255,0.9441,0.9949,0.1921,6.2765,40.6104,5.649906,2.376953,0.947,0.9953,0.2132,0.2132,0.2132,6.1935,114.8974,57.5057,114.8974,57.5057,0.3583,40.6104,0.947,5.649906,2.376953,0.2008,0.0004,-0.0211,0.083
/kaggle/input/datasets/duc24kdl/sub-x-ray/sub_X-Ray/sub_chest/IM-0539-0001-0002.jpeg,,sub_chest,IM-0539-0001-0002.jpeg,ok,763x597 -> 1526x1194,2,1,661.96,39.9362,6.598697,2.568793,0.9497,0.9955,0.1785,6.57,40.2305,6.166342,2.483212,0.9525,0.9959,0.1997,0.1997,0.1997,6.446,127.2579,54.9541,127.2579,54.9541,0.367,40.2305,0.9525,6.166342,2.483212,0.2943,0.0004,-0.0212,0.124
/kaggle/input/datasets/duc24kdl/sub-x-ray/sub_X-Ray/sub_chest/IM-0539-0001.jpeg,,sub_chest,IM-0539-0001.jpeg,ok,862x738 -> 1724x1476,2,1,900.42,40.1025,6.350866,2.520092,0.9437,0.9949,0.1884,6.3426,40.2791,6.097754,2.469363,0.9466,0.9954,0.2074,0.2074,0.2074,6.2309,130.8429,61.8308,130.8429,61.8308,0.3678,40.2791,0.9466,6.097754,2.469363,0.1766,0.0004,-0.019,0.1118
/kaggle/input/datasets/duc24kdl/sub-x-ray/sub_X-Ray/sub_chest/IM-0540-0001.jpeg,,sub_chest,IM-0540-0001.jpeg,ok,748x666 -> 1496x1332,2,1,661.58,39.8691,6.701505,2.588726,0.9445,0.995,0.176,5.8396,40.0748,6.391411,2.528124,0.9472,0.9954,0.1943,0.1943,0.1943,5.7659,125.2898,66.0403,125.2898,66.0403,0.361,40.0748,0.9472,6.391411,2.528124,0.2058,0.0004,-0.0183,0.0738
/kaggle/input/datasets/duc24kdl/sub-x-ray/sub_X-Ray/sub_chest/IM-0541-0001.jpeg,,sub_chest,IM-0541-0001.jpeg,ok,970x761 -> 1940x1522,2,1,1023.32,40.3155,6.046865,2.459037,0.9505,0.9956,0.161,5.0707,40.5867,5.680831,2.383449,0.9531,0.9959,0.1782,0.1782,0.1782,5.1302,109.0084,72.3337,109.0084,72.3337,0.3521,40.5867,0.9531,5.680831,2.383449,0.2712,0.0004,-0.0172,-0.0595
/kaggle/input/datasets/duc24kdl/sub-x-ray/sub_X-Ray/sub_chest/IM-0542-0001.jpeg,,sub_chest,IM-0542-0001.jpeg,ok,943x703 -> 1886x1406,2,1,961.25,39.2802,7.67461,2.770309,0.9321,0.994,0.2018,6.2411,39.5222,7.258777,2.694212,0.9352,0.9944,0.2223,0.2223,0.2223,6.1138,130.7025,61.2194,130.7025,61.2194,0.3406,39.5222,0.9352,7.258777,2.694212,0.2419,0.0005,-0.0205,0.1272
/kaggle/input/datasets/duc24kdl/sub-x-ray/sub_X-Ray/sub_chest/IM-0543-0001-0002.jpeg,,sub_chest,IM-0543-0001-0002.jpeg,ok,820x705 -> 1640x1410,2,1,773.69,39.4082,7.451717,2.729783,0.9435,0.995,0.1942,6.3819,39.6133,7.107998,2.666083,0.9464,0.9954,0.2158,0.2158,0.2158,6.2363,123.3389,55.7895,123.3389,55.7895,0.3758,39.6133,0.9464,7.107998,2.666083,0.2051,0.0004,-0.0216,0.1456
/kaggle/input/datasets/duc24kdl/sub-x-ray/sub_X-Ray/sub_chest/IM-0543-0001.jpeg,,sub_chest,IM-0543-0001.jpeg,ok,889x659 -> 1778x1318,2,1,846.44,40.3691,5.972633,2.443897,0.9487,0.9954,0.172,5.6765,40.542,5.739647,2.395756,0.9515,0.9958,0.1914,0.1914,0.1914,5.6627,112.4369,62.6181,112.4369,62.6181,0.3652,40.542,0.9515,5.739647,2.395756,0.1728,0.0004,-0.0194,0.0138
/kaggle/input/datasets/duc24kdl/sub-x-ray/sub_X-Ray/sub_chest/IM-0544-0001.jpeg,,sub_chest,IM-0544-0001.jpeg,ok,771x643 -> 1542x1286,2,1,729.52,39.6957,6.974468,2.640922,0.9417,0.9948,0.19,6.1929,39.8789,6.686422,2.585812,0.9448,0.9952,0.2114,0.2114,0.2114,6.1082,120.006,58.1139,120.006,58.1139,0.3779,39.8789,0.9448,6.686422,2.585812,0.1832,0.0005,-0.0214,0.0847
/kaggle/input/datasets/duc24kdl/sub-x-ray/sub_X-Ray/sub_chest/IM-0545-0001-0001.jpeg,,sub_chest,IM-0545-0001-0001.jpeg,ok,962x790 -> 1924x1580,2,1,1077.11,41.0095,5.153848,2.270209,0.9529,0.9958,0.1681,5.9104,41.1943,4.93918,2.222427,0.9556,0.9961,0.1881,0.1881,0.1881,5.8918,116.7055,64.9042,116.7055,64.9042,0.3652,41.1943,0.9556,4.93918,2.222427,0.1848,0.0004,-0.02,0.0187
/kaggle/input/datasets/duc24kdl/sub-x-ray/sub_X-Ray/sub_chest/IM-0545-0001-0002.jpeg,,sub_chest,IM-0545-0001-0002.jpeg,ok,970x751 -> 1940x1502,2,1,1028.83,40.0027,6.498493,2.549214,0.9444,0.995,0.1807,5.7104,40.2691,6.111853,2.472216,0.9472,0.9954,0.2006,0.2006,0.2006,5.6651,121.0716,63.6938,121.0716,63.6938,0.3497,40.2691,0.9472,6.111853,2.472216,0.2664,0.0004,-0.0199,0.0453
/kaggle/input/datasets/duc24kdl/sub-x-ray/sub_X-Ray/sub_chest/IM-0545-0001.jpeg,,sub_chest,IM-0545-0001.jpeg,ok,829x591 -> 1658x1182,2,1,699.8,37.8753,10.605926,3.256674,0.9126,0.9924,0.2032,4.8266,38.0468,10.195421,3.193027,0.916,0.9929,0.2237,0.2237,0.2237,4.8545,106.6605,69.6597,106.6605,69.6597,0.3337,38.0468,0.916,10.195421,3.193027,0.1714,0.0005,-0.0205,-0.028
/kaggle/input/datasets/duc24kdl/sub-x-ray/sub_X-Ray/sub_chest/IM-0546-0001.jpeg,,sub_chest,IM-0546-0001.jpeg,ok,927x728 -> 1854x1456,2,1,968.54,40.2536,6.133681,2.476627,0.9519,0.9957,0.1672,5.6133,40.5309,5.754296,2.398811,0.9545,0.9961,0.1842,0.1842,0.1842,5.5402,108.544,69.8125,108.544,69.8125,0.3604,40.5309,0.9545,5.754296,2.398811,0.2773,0.0004,-0.017,0.0731
/kaggle/input/datasets/duc24kdl/sub-x-ray/sub_X-Ray/sub_chest/IM-0547-0001.jpeg,,sub_chest,IM-0547-0001.jpeg,ok,648x537 -> 1296x1074,2,1,463.71,38.1506,9.954562,3.155085,0.9119,0.9925,0.2093,5.9637,38.2965,9.625746,3.102539,0.9155,0.993,0.2299,0.2299,0.2299,5.9375,159.2416,60.3981,159.2416,60.3981,0.3348,38.2965,0.9155,9.625746,3.102539,0.1459,0.0005,-0.0206,0.0263
/kaggle/input/datasets/duc24kdl/sub-x-ray/sub_X-Ray/sub_chest/IM-0548-0001.jpeg,,sub_chest,IM-0548-0001.jpeg,ok,895x566 -> 1790x1132,2,1,722.55,39.6954,6.974861,2.640996,0.9453,0.9951,0.1661,5.299,39.9509,6.576366,2.564443,0.948,0.9955,0.1839,0.1839,0.1839,5.3547,117.8982,75.2123,117.8982,75.2123,0.3566,39.9509,0.948,6.576366,2.564443,0.2555,0.0004,-0.0178,-0.0557
/kaggle/input/datasets/duc24kdl/sub-x-ray/sub_X-Ray/sub_chest/IM-0549-0001-0001.jpeg,,sub_chest,IM-0549-0001-0001.jpeg,ok,848x674 -> 1696x1348,2,1,763.57,39.7756,6.847275,2.61673,0.943,0.9949,0.185,5.9394,40.0023,6.499009,2.549315,0.9459,0.9954,0.2052,0.2052,0.2052,5.9789,125.7642,62.6096,125.7642,62.6096,0.3627,40.0023,0.9459,6.499009,2.549315,0.2267,0.0004,-0.0201,-0.0395
/kaggle/input/datasets/duc24kdl/sub-x-ray/sub_X-Ray/sub_chest/IM-0549-0001-0002.jpeg,,sub_chest,IM-0549-0001-0002.jpeg,ok,956x854 -> 1912x1708,2,1,1090.94,40.3227,6.036797,2.456989,0.9463,0.9952,0.1839,5.9211,40.5833,5.685244,2.384375,0.949,0.9956,0.2036,0.2036,0.2036,5.8448,126.3954,64.2084,126.3954,64.2084,0.3477,40.5833,0.949,5.685244,2.384375,0.2606,0.0004,-0.0197,0.0763
/kaggle/input/datasets/duc24kdl/sub-x-ray/sub_X-Ray/sub_chest/IM-0549-0001.jpeg,,sub_chest,IM-0549-0001.jpeg,ok,636x508 -> 1272x1016,2,1,426.05,39.4471,7.385288,2.717589,0.9377,0.9946,0.1986,5.8397,39.6745,7.008628,2.647381,0.9408,0.995,0.2187,0.2187,0.2187,5.8,115.4189,56.9639,115.4189,56.9639,0.3591,39.6745,0.9408,7.008628,2.647381,0.2273,0.0004,-0.0202,0.0397
/kaggle/input/datasets/duc24kdl/sub-x-ray/sub_X-Ray/sub_chest/IM-0551-0001-0001.jpeg,,sub_chest,IM-0551-0001-0001.jpeg,ok,839x578 -> 1678x1156,2,1,702.66,40.1495,6.282407,2.506473,0.9504,0.9955,0.1722,6.0679,40.3754,5.964024,2.442135,0.9531,0.9959,0.1923,0.1923,0.1923,5.9899,116.6192,64.8196,116.6192,64.8196,0.3725,40.3754,0.9531,5.964024,2.442135,0.2259,0.0004,-0.0201,0.078
/kaggle/input/datasets/duc24kdl/sub-x-ray/sub_X-Ray/sub_chest/IM-0551-0001.jpeg,,sub_chest,IM-0551-0001.jpeg,ok,972x873 -> 1944x1746,2,1,1135.33,39.3025,7.6353,2.763205,0.9349,0.9941,0.2121,6.7645,39.5357,7.236191,2.690017,0.9381,0.9946,0.2349,0.2349,0.2349,6.6788,146.3126,45.2663,146.3126,45.2663,0.3631,39.5357,0.9381,7.236191,2.690017,0.2332,0.0005,-0.0227,0.0856
